stop_id,p50_historico_min,p80_historico_min,observaciones,consultas_dentro_umbral,primera_observacion_utc,ultima_observacion_utc,proporcion_dentro_umbral,observaciones_laboral,p50_laboral_min,p80_laboral_min,observaciones_fin_de_semana,p50_fin_de_semana_min,p80_fin_de_semana_min,ultima_eta_min,ultima_eta_utc,ultimo_tipo_dia,ultima_franja_horaria,calidad_muestra,clasificacion_acceso
1293,48.93333333333333,48.93333333333333,7,0,2026-09-14 16:47:12.918101+00:00,2026-09-24 23:30:01.442571+00:00,0.0,7.0,48.93333333333333,48.93333333333333,,,,48.93333333333333,2026-09-24 23:30:01.442571+00:00,laboral,16-19,Suficiente,Fuera de 30 minutos
1294,48.0,48.0,7,0,2026-09-14 16:47:12.379539+00:00,2026-09-24 23:30:00.935687+00:00,0.0,7.0,48.0,48.0,,,,48.0,2026-09-24 23:30:00.935687+00:00,laboral,16-19,Suficiente,Fuera de 30 minutos
1295,47.13333333333333,47.13333333333333,7,0,2026-09-14 16:47:12.379539+00:00,2026-09-24 23:30:00.935687+00:00,0.0,7.0,47.13333333333333,47.13333333333333,,,,47.13333333333333,2026-09-24 23:30:00.935687+00:00,laboral,16-19,Suficiente,Fuera de 30 minutos
1296,46.666666666666664,46.666666666666664,7,0,2026-09-14 16:47:11.840367+00:00,2026-09-24 23:30:00.413439+00:00,0.0,7.0,46.666666666666664,46.666666666666664,,,,46.666666666666664,2026-09-24 23:30:00.413439+00:00,laboral,16-19,Suficiente,Fuera de 30 minutos
1297,45.5,45.5,7,0,2026-09-14 16:47:11.840367+00:00,2026-09-24 23:30:00.413439+00:00,0.0,7.0,45.5,45.5,,,,45.5,2026-09-24 23:30:00.413439+00:00,laboral,16-19,Suficiente,Fuera de 30 minutos
1298,44.53333333333333,44.53333333333333,7,0,2026-09-14 16:47:11.360449+00:00,2026-09-24 23:29:59.928061+00:00,0.0,7.0,44.53333333333333,44.53333333333333,,,,44.53333333333333,2026-09-24 23:29:59.928061+00:00,laboral,16-19,Suficiente,Fuera de 30 minutos
1299,43.93333333333333,43.93333333333333,7,0,2026-09-14 16:47:11.360449+00:00,2026-09-24 23:29:59.928061+00:00,0.0,7.0,43.93333333333333,43.93333333333333,,,,43.93333333333333,2026-09-24 23:29:59.928061+00:00,laboral,16-19,Suficiente,Fuera de 30 minutos
1300,36.2,43.46666666666667,9,0,2026-09-14 16:47:11.360449+00:00,2026-09-28 04:40:14.595531+00:00,0.0,8.0,35.075,43.46666666666667,1.0,39.21666666666667,39.21666666666667,39.21666666666667,2026-09-28 04:40:14.595531+00:00,fin_de_semana,19-23,Suficiente,Fuera de 30 minutos
1301,38.13333333333333,40.78333333333333,9,0,2026-09-14 16:47:10.781852+00:00,2026-09-28 04:40:14.595531+00:00,0.0,8.0,39.31666666666666,40.78333333333333,1.0,38.13333333333333,38.13333333333333,38.13333333333333,2026-09-28 04:40:14.595531+00:00,fin_de_semana,19-23,Suficiente,Fuera de 30 minutos
1302,37.56666666666667,39.516666666666666,9,0,2026-09-14 16:47:10.781852+00:00,2026-09-28 04:40:14.595531+00:00,0.0,8.0,38.108333333333334,39.516666666666666,1.0,37.56666666666667,37.56666666666667,37.56666666666667,2026-09-28 04:40:14.595531+00:00,fin_de_semana,19-23,Suficiente,Fuera de 30 minutos
1303,37.0,37.0,9,0,2026-09-14 16:47:10.283593+00:00,2026-09-28 04:40:14.595531+00:00,0.0,8.0,37.0,37.0,1.0,36.43333333333333,36.43333333333333,36.43333333333333,2026-09-28 04:40:14.595531+00:00,fin_de_semana,19-23,Suficiente,Fuera de 30 minutos
1304,33.483333333333334,33.483333333333334,9,0,2026-09-14 16:47:09.792714+00:00,2026-09-28 04:40:14.046314+00:00,0.0,8.0,33.483333333333334,33.483333333333334,1.0,35.05,35.05,35.05,2026-09-28 04:40:14.046314+00:00,fin_de_semana,19-23,Suficiente,Fuera de 30 minutos
1305,30.833333333333332,30.833333333333332,8,2,2026-09-14 16:47:09.792714+00:00,2026-09-25 04:00:35.216294+00:00,0.25,8.0,30.833333333333332,30.833333333333332,,,,31.45,2026-09-25 04:00:35.216294+00:00,laboral,19-23,Suficiente,Fuera de 30 minutos
1306,27.933333333333337,28.92,9,7,2026-09-14 16:47:09.286590+00:00,2026-09-28 04:40:14.046314+00:00,0.7777777777777778,8.0,27.933333333333337,27.933333333333337,1.0,33.3,33.3,33.3,2026-09-28 04:40:14.046314+00:00,fin_de_semana,19-23,Suficiente,Acceso confiable
1307,29.783333333333335,29.783333333333335,7,7,2026-09-14 16:47:10.781852+00:00,2026-09-24 23:29:59.435170+00:00,1.0,7.0,29.783333333333335,29.783333333333335,,,,29.783333333333335,2026-09-24 23:29:59.435170+00:00,laboral,16-19,Suficiente,Acceso confiable
1308,32.7,32.7,7,0,2026-09-14 16:47:10.283593+00:00,2026-09-24 23:29:58.908213+00:00,0.0,7.0,32.7,32.7,,,,32.7,2026-09-24 23:29:58.908213+00:00,laboral,16-19,Suficiente,Fuera de 30 minutos
1309,41.36666666666667,46.96000000000001,9,0,2026-09-14 16:47:09.792714+00:00,2026-09-28 04:40:14.595531+00:00,0.0,8.0,41.36666666666667,43.300000000000004,1.0,51.85,51.85,51.85,2026-09-28 04:40:14.595531+00:00,fin_de_semana,19-23,Suficiente,Fuera de 30 minutos
1330,54.43333333333333,59.56,7,0,2026-09-14 16:47:12.918101+00:00,2026-09-24 23:30:01.442571+00:00,0.0,7.0,54.43333333333333,59.56,,,,59.46666666666667,2026-09-24 23:30:01.442571+00:00,laboral,16-19,Suficiente,Fuera de 30 minutos
1331,56.65,58.13333333333334,7,0,2026-09-14 16:47:12.379539+00:00,2026-09-24 23:30:00.935687+00:00,0.0,7.0,56.65,58.13333333333334,,,,57.333333333333336,2026-09-24 23:30:00.935687+00:00,laboral,16-19,Suficiente,Fuera de 30 minutos
1338,43.28333333333333,44.556666666666665,7,0,2026-09-14 16:47:12.918101+00:00,2026-09-24 23:30:01.442571+00:00,0.0,7.0,43.28333333333333,44.556666666666665,,,,43.71666666666667,2026-09-24 23:30:01.442571+00:00,laboral,16-19,Suficiente,Fuera de 30 minutos
1339,41.666666666666664,42.94,7,0,2026-09-14 16:47:12.379539+00:00,2026-09-24 23:30:00.935687+00:00,0.0,7.0,41.666666666666664,42.94,,,,42.1,2026-09-24 23:30:00.935687+00:00,laboral,16-19,Suficiente,Fuera de 30 minutos
1340,38.9,43.233333333333334,9,0,2026-09-14 16:47:10.781852+00:00,2026-09-28 04:40:14.595531+00:00,0.0,8.0,38.81666666666666,40.64,1.0,51.766666666666666,51.766666666666666,51.766666666666666,2026-09-28 04:40:14.595531+00:00,fin_de_semana,19-23,Suficiente,Fuera de 30 minutos
1341,35.733333333333334,36.093333333333334,9,0,2026-09-14 16:47:10.283593+00:00,2026-09-28 04:40:14.595531+00:00,0.0,8.0,35.733333333333334,35.89333333333333,1.0,43.78333333333333,43.78333333333333,43.78333333333333,2026-09-28 04:40:14.595531+00:00,fin_de_semana,19-23,Suficiente,Fuera de 30 minutos
1352,47.15,47.15,7,0,2026-09-14 16:47:12.918101+00:00,2026-09-24 23:30:01.442571+00:00,0.0,7.0,47.15,47.15,,,,47.15,2026-09-24 23:30:01.442571+00:00,laboral,16-19,Suficiente,Fuera de 30 minutos
1362,43.766666666666666,46.3,9,0,2026-09-14 16:47:12.379539+00:00,2026-09-28 04:40:14.595531+00:00,0.0,8.0,43.93333333333334,46.3,1.0,43.68333333333333,43.68333333333333,43.68333333333333,2026-09-28 04:40:14.595531+00:00,fin_de_semana,19-23,Suficiente,Fuera de 30 minutos
1363,43.38333333333333,45.916666666666664,9,0,2026-09-14 16:47:11.840367+00:00,2026-09-28 04:40:14.595531+00:00,0.0,8.0,43.55,45.916666666666664,1.0,43.28333333333333,43.28333333333333,43.28333333333333,2026-09-28 04:40:14.595531+00:00,fin_de_semana,19-23,Suficiente,Fuera de 30 minutos
1364,42.95,45.483333333333334,9,0,2026-09-14 16:47:11.840367+00:00,2026-09-28 04:40:14.595531+00:00,0.0,8.0,43.11666666666667,45.483333333333334,1.0,42.85,42.85,42.85,2026-09-28 04:40:14.595531+00:00,fin_de_semana,19-23,Suficiente,Fuera de 30 minutos
1365,42.31666666666667,44.85,9,0,2026-09-14 16:47:11.840367+00:00,2026-09-28 04:40:14.595531+00:00,0.0,8.0,42.483333333333334,44.85,1.0,42.21666666666667,42.21666666666667,42.21666666666667,2026-09-28 04:40:14.595531+00:00,fin_de_semana,19-23,Suficiente,Fuera de 30 minutos
1366,41.5,44.13333333333333,9,0,2026-09-14 16:47:11.840367+00:00,2026-09-28 04:40:14.595531+00:00,0.0,8.0,39.94166666666666,44.13333333333333,1.0,41.5,41.5,41.5,2026-09-28 04:40:14.595531+00:00,fin_de_semana,19-23,Suficiente,Fuera de 30 minutos
1367,40.45,43.1,9,0,2026-09-14 16:47:11.360449+00:00,2026-09-28 04:40:14.595531+00:00,0.0,8.0,38.90833333333333,43.1,1.0,40.45,40.45,40.45,2026-09-28 04:40:14.595531+00:00,fin_de_semana,19-23,Suficiente,Fuera de 30 minutos
1369,60.3,61.64666666666667,7,0,2026-09-14 16:47:12.918101+00:00,2026-09-24 23:30:01.442571+00:00,0.0,7.0,60.3,61.64666666666667,,,,60.3,2026-09-24 23:30:01.442571+00:00,laboral,16-19,Suficiente,Fuera de 30 minutos
1370,55.95,58.650000000000006,7,0,2026-09-14 16:47:12.379539+00:00,2026-09-24 23:30:00.935687+00:00,0.0,7.0,55.95,58.650000000000006,,,,132.66666666666666,2026-09-24 23:30:00.935687+00:00,laboral,16-19,Suficiente,Fuera de 30 minutos
1372,45.06666666666667,47.81,7,0,2026-09-14 16:47:12.918101+00:00,2026-09-24 23:30:01.442571+00:00,0.0,7.0,45.06666666666667,47.81,,,,40.11666666666667,2026-09-24 23:30:01.442571+00:00,laboral,16-19,Suficiente,Fuera de 30 minutos
1373,45.95,48.28333333333333,7,0,2026-09-14 16:47:12.918101+00:00,2026-09-24 23:30:01.442571+00:00,0.0,7.0,45.95,48.28333333333333,,,,39.483333333333334,2026-09-24 23:30:01.442571+00:00,laboral,16-19,Suficiente,Fuera de 30 minutos
1374,44.983333333333334,46.27666666666667,7,0,2026-09-14 16:47:12.379539+00:00,2026-09-24 23:30:00.935687+00:00,0.0,7.0,44.983333333333334,46.27666666666667,,,,38.516666666666666,2026-09-24 23:30:00.935687+00:00,laboral,16-19,Suficiente,Fuera de 30 minutos
1375,44.56666666666667,46.660000000000004,7,0,2026-09-14 16:47:12.379539+00:00,2026-09-24 23:30:00.935687+00:00,0.0,7.0,44.56666666666667,46.660000000000004,,,,38.1,2026-09-24 23:30:00.935687+00:00,laboral,16-19,Suficiente,Fuera de 30 minutos
1398,54.43333333333333,59.56,7,0,2026-09-14 16:47:12.918101+00:00,2026-09-24 23:30:01.442571+00:00,0.0,7.0,54.43333333333333,59.56,,,,59.46666666666667,2026-09-24 23:30:01.442571+00:00,laboral,16-19,Suficiente,Fuera de 30 minutos
1399,53.1,58.37333333333333,7,0,2026-09-14 16:47:12.379539+00:00,2026-09-24 23:30:00.935687+00:00,0.0,7.0,53.1,58.37333333333333,,,,58.13333333333333,2026-09-24 23:30:00.935687+00:00,laboral,16-19,Suficiente,Fuera de 30 minutos
1400,57.6,60.163333333333334,7,0,2026-09-14 16:47:12.918101+00:00,2026-09-24 23:30:01.442571+00:00,0.0,7.0,57.6,60.163333333333334,,,,60.333333333333336,2026-09-24 23:30:01.442571+00:00,laboral,16-19,Suficiente,Fuera de 30 minutos
1401,56.916666666666664,58.95,7,0,2026-09-14 16:47:12.379539+00:00,2026-09-24 23:30:00.935687+00:00,0.0,7.0,56.916666666666664,58.95,,,,56.916666666666664,2026-09-24 23:30:00.935687+00:00,laboral,16-19,Suficiente,Fuera de 30 minutos
1419,58.733333333333334,63.69666666666667,7,0,2026-09-14 16:47:13.422871+00:00,2026-09-24 23:30:01.951752+00:00,0.0,7.0,58.733333333333334,63.69666666666667,,,,58.46666666666667,2026-09-24 23:30:01.951752+00:00,laboral,16-19,Suficiente,Fuera de 30 minutos
1424,43.93333333333333,43.93333333333333,7,0,2026-09-14 16:47:13.422871+00:00,2026-09-24 23:30:01.951752+00:00,0.0,7.0,43.93333333333333,43.93333333333333,,,,43.93333333333333,2026-09-24 23:30:01.951752+00:00,laboral,16-19,Suficiente,Fuera de 30 minutos
1429,45.43333333333333,47.766666666666666,7,0,2026-09-14 16:47:11.840367+00:00,2026-09-24 23:30:00.413439+00:00,0.0,7.0,45.43333333333333,47.766666666666666,,,,38.96666666666667,2026-09-24 23:30:00.413439+00:00,laboral,16-19,Suficiente,Fuera de 30 minutos
1430,43.15,45.24333333333333,7,0,2026-09-14 16:47:11.840367+00:00,2026-09-24 23:30:00.413439+00:00,0.0,7.0,43.15,45.24333333333333,,,,36.68333333333333,2026-09-24 23:30:00.413439+00:00,laboral,16-19,Suficiente,Fuera de 30 minutos
1431,40.45,43.1,9,0,2026-09-14 16:47:11.360449+00:00,2026-09-28 04:40:14.595531+00:00,0.0,8.0,38.90833333333333,43.1,1.0,40.45,40.45,40.45,2026-09-28 04:40:14.595531+00:00,fin_de_semana,19-23,Suficiente,Fuera de 30 minutos
1432,23.966666666666665,25.986666666666668,9,8,2026-09-14 16:47:08.611611+00:00,2026-09-28 04:40:13.525194+00:00,0.8888888888888888,8.0,23.966666666666665,23.966666666666665,1.0,175.5,175.5,175.5,2026-09-28 04:40:13.525194+00:00,fin_de_semana,19-23,Suficiente,Acceso confiable
1433,22.2,23.220000000000002,9,8,2026-09-14 16:47:08.611611+00:00,2026-09-28 04:40:13.525194+00:00,0.8888888888888888,8.0,22.2,22.26,1.0,50.11666666666667,50.11666666666667,50.11666666666667,2026-09-28 04:40:13.525194+00:00,fin_de_semana,19-23,Suficiente,Acceso confiable
1434,19.283333333333335,19.283333333333335,9,8,2026-09-14 16:47:08.611611+00:00,2026-09-28 04:40:13.525194+00:00,0.8888888888888888,8.0,19.283333333333335,19.283333333333335,1.0,40.71666666666667,40.71666666666667,40.71666666666667,2026-09-28 04:40:13.525194+00:00,fin_de_semana,19-23,Suficiente,Acceso confiable
1436,25.733333333333334,27.753333333333337,9,7,2026-09-14 16:47:09.286590+00:00,2026-09-28 04:40:14.046314+00:00,0.7777777777777778,8.0,25.733333333333334,25.733333333333334,1.0,174.86666666666667,174.86666666666667,174.86666666666667,2026-09-28 04:40:14.046314+00:00,fin_de_semana,19-23,Suficiente,Acceso confiable
1437,26.2,26.4,9,9,2026-09-14 16:47:08.611611+00:00,2026-09-28 04:40:13.525194+00:00,1.0,8.0,25.19166666666667,26.2,1.0,29.75,29.75,29.75,2026-09-28 04:40:13.525194+00:00,fin_de_semana,19-23,Suficiente,Acceso confiable
1438,25.616666666666667,27.040000000000003,9,8,2026-09-14 16:47:08.611611+00:00,2026-09-28 04:40:13.525194+00:00,0.8888888888888888,8.0,23.575000000000003,25.933333333333337,1.0,37.733333333333334,37.733333333333334,37.733333333333334,2026-09-28 04:40:13.525194+00:00,fin_de_semana,19-23,Suficiente,Acceso confiable
1439,23.633333333333333,25.05,9,8,2026-09-14 16:47:08.611611+00:00,2026-09-28 04:40:13.525194+00:00,0.8888888888888888,8.0,23.633333333333333,23.94333333333333,1.0,39.516666666666666,39.516666666666666,39.516666666666666,2026-09-28 04:40:13.525194+00:00,fin_de_semana,19-23,Suficiente,Acceso confiable
1440,25.433333333333337,27.193333333333335,9,8,2026-09-14 16:47:08.611611+00:00,2026-09-28 04:40:14.046314+00:00,0.8888888888888888,8.0,25.433333333333337,27.033333333333335,1.0,35.35,35.35,35.35,2026-09-28 04:40:14.046314+00:00,fin_de_semana,19-23,Suficiente,Acceso confiable
1441,45.36666666666667,47.52666666666667,7,0,2026-09-14 16:47:12.918101+00:00,2026-09-24 23:30:01.442571+00:00,0.0,7.0,45.36666666666667,47.52666666666667,,,,39.833333333333336,2026-09-24 23:30:01.442571+00:00,laboral,16-19,Suficiente,Fuera de 30 minutos
1442,45.583333333333336,47.91666666666667,7,0,2026-09-14 16:47:12.918101+00:00,2026-09-24 23:30:01.442571+00:00,0.0,7.0,45.583333333333336,47.91666666666667,,,,39.11666666666667,2026-09-24 23:30:01.442571+00:00,laboral,16-19,Suficiente,Fuera de 30 minutos
1443,45.266666666666666,46.56,7,0,2026-09-14 16:47:12.379539+00:00,2026-09-24 23:30:00.935687+00:00,0.0,7.0,45.266666666666666,46.56,,,,38.8,2026-09-24 23:30:00.935687+00:00,laboral,16-19,Suficiente,Fuera de 30 minutos
1444,44.13333333333333,46.666666666666664,9,0,2026-09-14 16:47:12.379539+00:00,2026-09-28 04:40:14.595531+00:00,0.0,8.0,44.3,46.666666666666664,1.0,44.05,44.05,44.05,2026-09-28 04:40:14.595531+00:00,fin_de_semana,19-23,Suficiente,Fuera de 30 minutos
1445,42.63333333333333,45.166666666666664,9,0,2026-09-14 16:47:11.840367+00:00,2026-09-28 04:40:14.595531+00:00,0.0,8.0,42.8,45.166666666666664,1.0,42.53333333333333,42.53333333333333,42.53333333333333,2026-09-28 04:40:14.595531+00:00,fin_de_semana,19-23,Suficiente,Fuera de 30 minutos
1446,41.8,44.43333333333333,9,0,2026-09-14 16:47:11.840367+00:00,2026-09-28 04:40:14.595531+00:00,0.0,8.0,40.24166666666667,44.43333333333333,1.0,41.8,41.8,41.8,2026-09-28 04:40:14.595531+00:00,fin_de_semana,19-23,Suficiente,Fuera de 30 minutos
1447,41.06666666666667,43.7,9,0,2026-09-14 16:47:11.840367+00:00,2026-09-28 04:40:14.595531+00:00,0.0,8.0,39.50833333333333,43.7,1.0,41.06666666666667,41.06666666666667,41.06666666666667,2026-09-28 04:40:14.595531+00:00,fin_de_semana,19-23,Suficiente,Fuera de 30 minutos
1450,41.46666666666667,43.63,7,0,2026-09-14 16:47:12.379539+00:00,2026-09-24 23:30:00.935687+00:00,0.0,7.0,41.46666666666667,43.63,,,,41.46666666666667,2026-09-24 23:30:00.935687+00:00,laboral,16-19,Suficiente,Fuera de 30 minutos
1459,44.56666666666667,46.660000000000004,7,0,2026-09-14 16:47:12.379539+00:00,2026-09-24 23:30:00.935687+00:00,0.0,7.0,44.56666666666667,46.660000000000004,,,,38.1,2026-09-24 23:30:00.935687+00:00,laboral,16-19,Suficiente,Fuera de 30 minutos
1460,46.233333333333334,48.56666666666666,7,0,2026-09-14 16:47:12.379539+00:00,2026-09-24 23:30:00.935687+00:00,0.0,7.0,46.233333333333334,48.56666666666666,,,,39.766666666666666,2026-09-24 23:30:00.935687+00:00,laboral,16-19,Suficiente,Fuera de 30 minutos
1469,22.866666666666667,25.06666666666667,9,8,2026-09-14 16:47:08.611611+00:00,2026-09-28 04:40:13.525194+00:00,0.8888888888888888,8.0,22.866666666666667,24.433333333333337,1.0,40.483333333333334,40.483333333333334,40.483333333333334,2026-09-28 04:40:13.525194+00:00,fin_de_semana,19-23,Suficiente,Acceso confiable
1470,24.333333333333332,26.183333333333337,9,8,2026-09-14 16:47:09.286590+00:00,2026-09-28 04:40:13.525194+00:00,0.8888888888888888,8.0,24.333333333333332,26.183333333333337,1.0,42.13333333333333,42.13333333333333,42.13333333333333,2026-09-28 04:40:13.525194+00:00,fin_de_semana,19-23,Suficiente,Acceso confiable
1471,25.433333333333337,27.483333333333334,9,8,2026-09-14 16:47:09.286590+00:00,2026-09-28 04:40:13.525194+00:00,0.8888888888888888,8.0,25.433333333333337,26.663333333333338,1.0,54.416666666666664,54.416666666666664,54.416666666666664,2026-09-28 04:40:13.525194+00:00,fin_de_semana,19-23,Suficiente,Acceso confiable
1472,26.4,28.616666666666667,9,8,2026-09-14 16:47:09.792714+00:00,2026-09-28 04:40:13.525194+00:00,0.8888888888888888,8.0,26.4,28.616666666666667,1.0,57.666666666666664,57.666666666666664,57.666666666666664,2026-09-28 04:40:13.525194+00:00,fin_de_semana,19-23,Suficiente,Acceso confiable
1473,29.816666666666663,29.816666666666663,9,8,2026-09-14 16:47:10.781852+00:00,2026-09-28 04:40:14.046314+00:00,0.8888888888888888,8.0,29.816666666666663,29.816666666666663,1.0,27.833333333333332,27.833333333333332,27.833333333333332,2026-09-28 04:40:14.046314+00:00,fin_de_semana,19-23,Suficiente,Acceso confiable
1474,29.116666666666667,29.116666666666667,9,8,2026-09-14 16:47:10.283593+00:00,2026-09-28 04:40:14.046314+00:00,0.8888888888888888,8.0,29.116666666666667,29.116666666666667,1.0,27.216666666666665,27.216666666666665,27.216666666666665,2026-09-28 04:40:14.046314+00:00,fin_de_semana,19-23,Suficiente,Acceso confiable
1475,38.38333333333333,42.04,9,0,2026-09-14 16:47:10.781852+00:00,2026-09-28 04:40:14.595531+00:00,0.0,8.0,39.79166666666667,42.11,1.0,37.583333333333336,37.583333333333336,37.583333333333336,2026-09-28 04:40:14.595531+00:00,fin_de_semana,19-23,Suficiente,Fuera de 30 minutos
1476,28.383333333333333,28.383333333333333,9,8,2026-09-14 16:47:10.283593+00:00,2026-09-28 04:40:14.046314+00:00,0.8888888888888888,8.0,28.383333333333333,28.383333333333333,1.0,26.566666666666663,26.566666666666663,26.566666666666663,2026-09-28 04:40:14.046314+00:00,fin_de_semana,19-23,Suficiente,Acceso confiable
1477,27.75,30.2,9,7,2026-09-14 16:47:08.611611+00:00,2026-09-28 04:40:14.046314+00:00,0.7777777777777778,8.0,27.75,29.32,1.0,34.45,34.45,34.45,2026-09-28 04:40:14.046314+00:00,fin_de_semana,19-23,Suficiente,Acceso habitual pero variable
1761,38.416666666666664,38.416666666666664,9,0,2026-09-14 16:47:10.283593+00:00,2026-09-28 04:40:14.595531+00:00,0.0,8.0,38.416666666666664,38.416666666666664,1.0,37.05,37.05,37.05,2026-09-28 04:40:14.595531+00:00,fin_de_semana,19-23,Suficiente,Fuera de 30 minutos
1762,32.13333333333333,33.35,9,0,2026-09-14 16:47:09.792714+00:00,2026-09-28 04:40:13.525194+00:00,0.0,8.0,32.13333333333333,32.71666666666667,1.0,37.3,37.3,37.3,2026-09-28 04:40:13.525194+00:00,fin_de_semana,19-23,Suficiente,Fuera de 30 minutos
1763,31.466666666666665,32.083333333333336,9,1,2026-09-14 16:47:09.792714+00:00,2026-09-28 04:40:13.525194+00:00,0.1111111111111111,8.0,31.466666666666665,31.836666666666666,1.0,35.266666666666666,35.266666666666666,35.266666666666666,2026-09-28 04:40:13.525194+00:00,fin_de_semana,19-23,Suficiente,Fuera de 30 minutos
1764,22.266666666666666,26.783333333333335,9,8,2026-09-14 16:47:08.611611+00:00,2026-09-28 04:40:13.525194+00:00,0.8888888888888888,8.0,22.266666666666666,24.756666666666668,1.0,50.166666666666664,50.166666666666664,50.166666666666664,2026-09-28 04:40:13.525194+00:00,fin_de_semana,19-23,Suficiente,Acceso confiable
1765,21.666666666666668,26.076666666666668,9,8,2026-09-14 16:47:08.611611+00:00,2026-09-28 04:40:13.525194+00:00,0.8888888888888888,8.0,21.666666666666668,24.07666666666667,1.0,40.28333333333333,40.28333333333333,40.28333333333333,2026-09-28 04:40:13.525194+00:00,fin_de_semana,19-23,Suficiente,Acceso confiable
1766,20.283333333333335,23.22,9,8,2026-09-14 16:47:08.611611+00:00,2026-09-28 04:40:13.525194+00:00,0.8888888888888888,8.0,20.283333333333335,20.953333333333333,1.0,33.96666666666667,33.96666666666667,33.96666666666667,2026-09-28 04:40:13.525194+00:00,fin_de_semana,19-23,Suficiente,Acceso confiable
1767,24.35,27.94,9,8,2026-09-14 16:47:08.611611+00:00,2026-09-28 04:40:14.046314+00:00,0.8888888888888888,8.0,24.35,26.020000000000003,1.0,37.25,37.25,37.25,2026-09-28 04:40:14.046314+00:00,fin_de_semana,19-23,Suficiente,Acceso confiable
1772,35.083333333333336,35.656666666666666,7,0,2026-09-14 16:47:12.379539+00:00,2026-09-24 23:30:00.935687+00:00,0.0,7.0,35.083333333333336,35.656666666666666,,,,35.083333333333336,2026-09-24 23:30:00.935687+00:00,laboral,16-19,Suficiente,Fuera de 30 minutos
1773,36.7,37.1,7,0,2026-09-14 16:47:12.379539+00:00,2026-09-24 23:30:00.935687+00:00,0.0,7.0,36.7,37.1,,,,36.7,2026-09-24 23:30:00.935687+00:00,laboral,16-19,Suficiente,Fuera de 30 minutos
1806,26.033333333333335,27.23333333333333,7,7,2026-09-14 16:47:09.792714+00:00,2026-09-24 23:29:58.414214+00:00,1.0,7.0,26.033333333333335,27.23333333333333,,,,23.866666666666667,2026-09-24 23:29:58.414214+00:00,laboral,16-19,Suficiente,Acceso confiable
1811,28.583333333333332,29.45,7,7,2026-09-14 16:47:07.157796+00:00,2026-09-24 23:29:56.876759+00:00,1.0,7.0,28.583333333333332,29.45,,,,29.45,2026-09-24 23:29:56.876759+00:00,laboral,16-19,Suficiente,Acceso confiable
1825,42.85,42.85,7,0,2026-09-14 16:47:10.283593+00:00,2026-09-24 23:29:58.908213+00:00,0.0,7.0,42.85,42.85,,,,42.85,2026-09-24 23:29:58.908213+00:00,laboral,16-19,Suficiente,Fuera de 30 minutos
1830,40.53333333333333,43.333333333333336,7,0,2026-09-14 16:47:09.286590+00:00,2026-09-24 23:29:57.874683+00:00,0.0,7.0,40.53333333333333,43.333333333333336,,,,40.53333333333333,2026-09-24 23:29:57.874683+00:00,laboral,16-19,Suficiente,Fuera de 30 minutos
1879,26.916666666666668,27.0,9,8,2026-09-14 16:47:09.286590+00:00,2026-09-28 04:40:13.525194+00:00,0.8888888888888888,8.0,26.916666666666668,26.96666666666667,1.0,34.1,34.1,34.1,2026-09-28 04:40:13.525194+00:00,fin_de_semana,19-23,Suficiente,Acceso confiable
1881,27.766666666666666,28.65,9,8,2026-09-14 16:47:09.286590+00:00,2026-09-28 04:40:13.525194+00:00,0.8888888888888888,8.0,27.424999999999997,28.296666666666667,1.0,38.25,38.25,38.25,2026-09-28 04:40:13.525194+00:00,fin_de_semana,19-23,Suficiente,Acceso confiable
1882,26.15,26.9,9,8,2026-09-14 16:47:09.792714+00:00,2026-09-28 04:40:14.046314+00:00,0.8888888888888888,8.0,25.65,26.9,1.0,43.43333333333333,43.43333333333333,43.43333333333333,2026-09-28 04:40:14.046314+00:00,fin_de_semana,19-23,Suficiente,Acceso confiable
1883,31.466666666666665,32.973333333333336,9,2,2026-09-14 16:47:09.792714+00:00,2026-09-28 04:40:14.046314+00:00,0.2222222222222222,8.0,31.458333333333332,32.839999999999996,1.0,47.983333333333334,47.983333333333334,47.983333333333334,2026-09-28 04:40:14.046314+00:00,fin_de_semana,19-23,Suficiente,Fuera de 30 minutos
1884,25.4,26.613333333333333,9,8,2026-09-14 16:47:09.286590+00:00,2026-09-28 04:40:13.525194+00:00,0.8888888888888888,8.0,25.4,25.88,1.0,48.53333333333333,48.53333333333333,48.53333333333333,2026-09-28 04:40:13.525194+00:00,fin_de_semana,19-23,Suficiente,Acceso confiable
1885,27.616666666666667,31.030000000000005,9,7,2026-09-14 16:47:10.781852+00:00,2026-09-28 04:40:14.595531+00:00,0.7777777777777778,8.0,27.616666666666667,28.316666666666666,1.0,49.416666666666664,49.416666666666664,49.416666666666664,2026-09-28 04:40:14.595531+00:00,fin_de_semana,19-23,Suficiente,Acceso habitual pero variable
1890,43.93333333333333,44.28333333333333,7,0,2026-09-14 16:47:11.360449+00:00,2026-09-24 23:29:59.928061+00:00,0.0,7.0,43.93333333333333,44.28333333333333,,,,44.28333333333333,2026-09-24 23:29:59.928061+00:00,laboral,16-19,Suficiente,Fuera de 30 minutos
1891,41.2,42.48,7,0,2026-09-14 16:47:10.283593+00:00,2026-09-24 23:29:58.908213+00:00,0.0,7.0,41.2,42.48,,,,43.55,2026-09-24 23:29:58.908213+00:00,laboral,16-19,Suficiente,Fuera de 30 minutos
1894,39.88333333333333,41.233333333333334,9,0,2026-09-14 16:47:09.792714+00:00,2026-09-28 04:40:14.046314+00:00,0.0,8.0,39.733333333333334,40.833333333333336,1.0,56.25,56.25,56.25,2026-09-28 04:40:14.046314+00:00,fin_de_semana,19-23,Suficiente,Fuera de 30 minutos
1895,27.216666666666665,27.95,9,8,2026-09-14 16:47:10.781852+00:00,2026-09-28 04:40:14.046314+00:00,0.8888888888888888,8.0,27.216666666666665,27.216666666666665,1.0,34.4,34.4,34.4,2026-09-28 04:40:14.046314+00:00,fin_de_semana,19-23,Suficiente,Acceso confiable
1896,26.216666666666665,29.116666666666667,9,8,2026-09-14 16:47:10.283593+00:00,2026-09-28 04:40:14.046314+00:00,0.8888888888888888,8.0,26.216666666666665,28.363333333333333,1.0,36.516666666666666,36.516666666666666,36.516666666666666,2026-09-28 04:40:14.046314+00:00,fin_de_semana,19-23,Suficiente,Acceso confiable
1897,27.566666666666663,28.34333333333333,9,8,2026-09-14 16:47:10.283593+00:00,2026-09-28 04:40:14.046314+00:00,0.8888888888888888,8.0,27.275,28.28333333333333,1.0,38.86666666666667,38.86666666666667,38.86666666666667,2026-09-28 04:40:14.046314+00:00,fin_de_semana,19-23,Suficiente,Acceso confiable
1898,26.5,27.14,7,7,2026-09-14 16:47:09.792714+00:00,2026-09-24 23:29:58.414214+00:00,1.0,7.0,26.5,27.14,,,,24.566666666666663,2026-09-24 23:29:58.414214+00:00,laboral,16-19,Suficiente,Acceso confiable
1899,28.15,29.183333333333334,7,7,2026-09-14 16:47:09.792714+00:00,2026-09-24 23:29:58.414214+00:00,1.0,7.0,28.15,29.183333333333334,,,,28.15,2026-09-24 23:29:58.414214+00:00,laboral,16-19,Suficiente,Acceso confiable
1900,28.483333333333334,31.000000000000004,9,7,2026-09-14 16:47:09.286590+00:00,2026-09-28 04:40:14.046314+00:00,0.7777777777777778,8.0,28.208333333333336,28.633333333333333,1.0,49.75,49.75,49.75,2026-09-28 04:40:14.046314+00:00,fin_de_semana,19-23,Suficiente,Acceso habitual pero variable
1901,27.116666666666667,27.76666666666667,9,8,2026-09-14 16:47:09.286590+00:00,2026-09-28 04:40:14.046314+00:00,0.8888888888888888,8.0,27.116666666666667,27.44666666666667,1.0,50.5,50.5,50.5,2026-09-28 04:40:14.046314+00:00,fin_de_semana,19-23,Suficiente,Acceso confiable
1903,50.06666666666667,51.693333333333335,7,0,2026-09-14 16:47:12.918101+00:00,2026-09-24 23:30:01.442571+00:00,0.0,7.0,50.06666666666667,51.693333333333335,,,,50.06666666666667,2026-09-24 23:30:01.442571+00:00,laboral,16-19,Suficiente,Fuera de 30 minutos
1904,46.083333333333336,47.17666666666667,7,0,2026-09-14 16:47:11.360449+00:00,2026-09-24 23:29:59.928061+00:00,0.0,7.0,46.083333333333336,47.17666666666667,,,,46.083333333333336,2026-09-24 23:29:59.928061+00:00,laboral,16-19,Suficiente,Fuera de 30 minutos
1905,29.283333333333335,32.29333333333334,9,7,2026-09-14 16:47:09.792714+00:00,2026-09-28 04:40:14.046314+00:00,0.7777777777777778,8.0,29.283333333333335,29.613333333333333,1.0,52.4,52.4,52.4,2026-09-28 04:40:14.046314+00:00,fin_de_semana,19-23,Suficiente,Acceso habitual pero variable
1914,20.016666666666666,20.016666666666666,7,7,2026-09-14 16:47:08.611611+00:00,2026-09-24 23:29:57.393094+00:00,1.0,7.0,20.016666666666666,20.016666666666666,,,,20.016666666666666,2026-09-24 23:29:57.393094+00:00,laboral,16-19,Suficiente,Acceso confiable
1915,19.816666666666663,20.066666666666663,9,8,2026-09-14 16:47:07.157796+00:00,2026-09-28 04:40:12.986595+00:00,0.8888888888888888,8.0,19.816666666666663,19.96666666666666,1.0,46.25,46.25,46.25,2026-09-28 04:40:12.986595+00:00,fin_de_semana,19-23,Suficiente,Acceso confiable
1918,23.4,24.316666666666663,9,8,2026-09-14 16:47:08.611611+00:00,2026-09-28 04:40:12.986595+00:00,0.8888888888888888,8.0,23.4,23.95,1.0,33.35,33.35,33.35,2026-09-28 04:40:12.986595+00:00,fin_de_semana,19-23,Suficiente,Acceso confiable
1919,20.766666666666666,20.983333333333334,9,9,2026-09-14 16:47:08.611611+00:00,2026-09-28 04:40:12.986595+00:00,1.0,8.0,20.766666666666666,20.89666666666667,1.0,27.766666666666666,27.766666666666666,27.766666666666666,2026-09-28 04:40:12.986595+00:00,fin_de_semana,19-23,Suficiente,Acceso confiable
1920,19.5,19.7,9,9,2026-09-14 16:47:07.157796+00:00,2026-09-28 04:40:12.986595+00:00,1.0,8.0,19.5,19.62,1.0,24.283333333333335,24.283333333333335,24.283333333333335,2026-09-28 04:40:12.986595+00:00,fin_de_semana,19-23,Suficiente,Acceso confiable
1921,17.35,17.516666666666666,9,8,2026-09-14 16:47:07.157796+00:00,2026-09-28 04:40:12.986595+00:00,0.8888888888888888,8.0,17.35,17.516666666666666,1.0,30.366666666666667,30.366666666666667,30.366666666666667,2026-09-28 04:40:12.986595+00:00,fin_de_semana,19-23,Suficiente,Acceso confiable
1922,19.433333333333337,19.583333333333332,9,8,2026-09-14 16:47:09.286590+00:00,2026-09-28 04:40:14.046314+00:00,0.8888888888888888,8.0,19.325000000000003,19.523333333333333,1.0,33.416666666666664,33.416666666666664,33.416666666666664,2026-09-28 04:40:14.046314+00:00,fin_de_semana,19-23,Suficiente,Acceso confiable
1923,20.383333333333333,20.55,9,9,2026-09-14 16:47:09.286590+00:00,2026-09-28 04:40:14.046314+00:00,1.0,8.0,20.383333333333333,20.483333333333334,1.0,28.983333333333334,28.983333333333334,28.983333333333334,2026-09-28 04:40:14.046314+00:00,fin_de_semana,19-23,Suficiente,Acceso confiable
1924,21.333333333333332,21.533333333333335,9,9,2026-09-14 16:47:08.611611+00:00,2026-09-28 04:40:14.046314+00:00,1.0,8.0,21.333333333333332,21.533333333333335,1.0,24.316666666666663,24.316666666666663,24.316666666666663,2026-09-28 04:40:14.046314+00:00,fin_de_semana,19-23,Suficiente,Acceso confiable
1925,23.166666666666668,23.253333333333334,9,9,2026-09-14 16:47:11.840367+00:00,2026-09-28 04:40:14.595531+00:00,1.0,8.0,23.0,23.166666666666668,1.0,27.166666666666668,27.166666666666668,27.166666666666668,2026-09-28 04:40:14.595531+00:00,fin_de_semana,19-23,Suficiente,Acceso confiable
1926,22.983333333333334,23.403333333333332,9,9,2026-09-14 16:47:11.360449+00:00,2026-09-28 04:40:14.595531+00:00,1.0,8.0,22.983333333333334,23.316666666666663,1.0,28.75,28.75,28.75,2026-09-28 04:40:14.595531+00:00,fin_de_semana,19-23,Suficiente,Acceso confiable
1948,39.833333333333336,39.833333333333336,7,0,2026-09-14 16:47:12.918101+00:00,2026-09-24 23:30:01.442571+00:00,0.0,7.0,39.833333333333336,39.833333333333336,,,,39.833333333333336,2026-09-24 23:30:01.442571+00:00,laboral,16-19,Suficiente,Fuera de 30 minutos
1949,36.75,36.75,7,0,2026-09-14 16:47:11.840367+00:00,2026-09-24 23:30:00.413439+00:00,0.0,7.0,36.75,36.75,,,,36.75,2026-09-24 23:30:00.413439+00:00,laboral,16-19,Suficiente,Fuera de 30 minutos
1950,30.35,30.35,7,2,2026-09-14 16:47:09.792714+00:00,2026-09-24 23:29:58.414214+00:00,0.2857142857142857,7.0,30.35,30.35,,,,30.35,2026-09-24 23:29:58.414214+00:00,laboral,16-19,Suficiente,Fuera de 30 minutos
1951,26.316666666666663,26.996666666666666,9,8,2026-09-14 16:47:08.611611+00:00,2026-09-28 04:40:13.525194+00:00,0.8888888888888888,8.0,26.316666666666663,26.316666666666663,1.0,56.11666666666667,56.11666666666667,56.11666666666667,2026-09-28 04:40:13.525194+00:00,fin_de_semana,19-23,Suficiente,Acceso confiable
1952,24.25,25.03,9,8,2026-09-14 16:47:07.157796+00:00,2026-09-28 04:40:12.986595+00:00,0.8888888888888888,8.0,24.25,24.25,1.0,57.8,57.8,57.8,2026-09-28 04:40:12.986595+00:00,fin_de_semana,19-23,Suficiente,Acceso confiable
1959,27.133333333333333,29.056666666666665,7,7,2026-09-14 16:47:09.286590+00:00,2026-09-24 23:29:57.874683+00:00,1.0,7.0,27.133333333333333,29.056666666666665,,,,29.083333333333332,2026-09-24 23:29:57.874683+00:00,laboral,16-19,Suficiente,Acceso confiable
1964,27.8,28.6,7,7,2026-09-14 16:47:08.611611+00:00,2026-09-24 23:29:57.393094+00:00,1.0,7.0,27.8,28.6,,,,29.5,2026-09-24 23:29:57.393094+00:00,laboral,16-19,Suficiente,Acceso confiable
1966,28.35,29.803333333333335,7,5,2026-09-14 16:47:09.286590+00:00,2026-09-24 23:29:57.874683+00:00,0.7142857142857143,7.0,28.35,29.803333333333335,,,,30.3,2026-09-24 23:29:57.874683+00:00,laboral,16-19,Suficiente,Acceso confiable
1967,30.35,30.35,7,1,2026-09-14 16:47:09.286590+00:00,2026-09-24 23:29:57.874683+00:00,0.14285714285714285,7.0,30.35,30.35,,,,30.35,2026-09-24 23:29:57.874683+00:00,laboral,16-19,Suficiente,Fuera de 30 minutos
1968,47.516666666666666,47.516666666666666,7,0,2026-09-14 16:47:11.360449+00:00,2026-09-24 23:29:59.928061+00:00,0.0,7.0,47.516666666666666,47.516666666666666,,,,47.516666666666666,2026-09-24 23:29:59.928061+00:00,laboral,16-19,Suficiente,Fuera de 30 minutos
1969,42.56666666666667,42.56666666666667,7,0,2026-09-14 16:47:10.781852+00:00,2026-09-24 23:29:59.435170+00:00,0.0,7.0,42.56666666666667,42.56666666666667,,,,42.56666666666667,2026-09-24 23:29:59.435170+00:00,laboral,16-19,Suficiente,Fuera de 30 minutos
1970,40.03333333333333,40.03333333333333,7,0,2026-09-14 16:47:10.781852+00:00,2026-09-24 23:29:59.435170+00:00,0.0,7.0,40.03333333333333,40.03333333333333,,,,40.03333333333333,2026-09-24 23:29:59.435170+00:00,laboral,16-19,Suficiente,Fuera de 30 minutos
1971,38.78333333333333,38.78333333333333,7,0,2026-09-14 16:47:10.283593+00:00,2026-09-24 23:29:58.908213+00:00,0.0,7.0,38.78333333333333,38.78333333333333,,,,38.78333333333333,2026-09-24 23:29:58.908213+00:00,laboral,16-19,Suficiente,Fuera de 30 minutos
1972,36.833333333333336,36.833333333333336,7,0,2026-09-14 16:47:09.792714+00:00,2026-09-24 23:29:58.414214+00:00,0.0,7.0,36.833333333333336,36.833333333333336,,,,36.833333333333336,2026-09-24 23:29:58.414214+00:00,laboral,16-19,Suficiente,Fuera de 30 minutos
1973,35.0,35.0,7,0,2026-09-14 16:47:09.286590+00:00,2026-09-24 23:29:57.874683+00:00,0.0,7.0,35.0,35.0,,,,35.0,2026-09-24 23:29:57.874683+00:00,laboral,16-19,Suficiente,Fuera de 30 minutos
1974,33.36666666666667,33.36666666666667,9,0,2026-09-14 16:47:09.286590+00:00,2026-09-28 04:40:13.525194+00:00,0.0,8.0,33.36666666666667,33.36666666666667,1.0,42.233333333333334,42.233333333333334,42.233333333333334,2026-09-28 04:40:13.525194+00:00,fin_de_semana,19-23,Suficiente,Fuera de 30 minutos
1975,28.95,29.403333333333332,9,7,2026-09-14 16:47:08.611611+00:00,2026-09-28 04:40:13.525194+00:00,0.7777777777777778,8.0,28.95,28.95,1.0,30.083333333333332,30.083333333333332,30.083333333333332,2026-09-28 04:40:13.525194+00:00,fin_de_semana,19-23,Suficiente,Acceso confiable
1976,29.316666666666663,32.1,9,6,2026-09-14 16:47:08.611611+00:00,2026-09-28 04:40:12.986595+00:00,0.6666666666666666,8.0,28.849999999999998,32.24666666666667,1.0,30.9,30.9,30.9,2026-09-28 04:40:12.986595+00:00,fin_de_semana,19-23,Suficiente,Acceso habitual pero variable
1977,29.35,29.35,9,8,2026-09-14 16:47:08.611611+00:00,2026-09-28 04:40:13.525194+00:00,0.8888888888888888,8.0,29.35,29.35,1.0,39.233333333333334,39.233333333333334,39.233333333333334,2026-09-28 04:40:13.525194+00:00,fin_de_semana,19-23,Suficiente,Acceso confiable
1978,27.6,28.133333333333336,9,8,2026-09-14 16:47:08.611611+00:00,2026-09-28 04:40:13.525194+00:00,0.8888888888888888,8.0,27.6,27.6,1.0,28.933333333333337,28.933333333333337,28.933333333333337,2026-09-28 04:40:13.525194+00:00,fin_de_semana,19-23,Suficiente,Acceso confiable
1979,31.033333333333335,31.033333333333335,9,0,2026-09-14 16:47:08.611611+00:00,2026-09-28 04:40:13.525194+00:00,0.0,8.0,31.033333333333335,31.033333333333335,1.0,39.9,39.9,39.9,2026-09-28 04:40:13.525194+00:00,fin_de_semana,19-23,Suficiente,Fuera de 30 minutos
1980,30.266666666666666,30.266666666666666,9,0,2026-09-14 16:47:08.611611+00:00,2026-09-28 04:40:13.525194+00:00,0.0,8.0,30.266666666666666,30.266666666666666,1.0,39.13333333333333,39.13333333333333,39.13333333333333,2026-09-28 04:40:13.525194+00:00,fin_de_semana,19-23,Suficiente,Fuera de 30 minutos
1981,24.866666666666667,25.566666666666666,9,9,2026-09-14 16:47:07.157796+00:00,2026-09-28 04:40:12.986595+00:00,1.0,8.0,24.866666666666667,24.866666666666667,1.0,26.616666666666667,26.616666666666667,26.616666666666667,2026-09-28 04:40:12.986595+00:00,fin_de_semana,19-23,Suficiente,Acceso confiable
1982,22.3,22.3,9,8,2026-09-14 16:47:07.157796+00:00,2026-09-28 04:40:12.986595+00:00,0.8888888888888888,8.0,22.3,22.3,1.0,53.4,53.4,53.4,2026-09-28 04:40:12.986595+00:00,fin_de_semana,19-23,Suficiente,Acceso confiable
1983,20.816666666666663,21.083333333333332,9,8,2026-09-14 16:47:07.157796+00:00,2026-09-28 04:40:12.986595+00:00,0.8888888888888888,8.0,20.816666666666663,21.083333333333332,1.0,49.31666666666667,49.31666666666667,49.31666666666667,2026-09-28 04:40:12.986595+00:00,fin_de_semana,19-23,Suficiente,Acceso confiable
1984,47.61666666666667,47.61666666666667,7,0,2026-09-14 16:47:13.422871+00:00,2026-09-24 23:30:01.951752+00:00,0.0,7.0,47.61666666666667,47.61666666666667,,,,47.61666666666667,2026-09-24 23:30:01.951752+00:00,laboral,16-19,Suficiente,Fuera de 30 minutos
1995,32.03333333333333,32.38333333333333,7,0,2026-09-14 16:47:08.611611+00:00,2026-09-24 23:29:57.393094+00:00,0.0,7.0,32.03333333333333,32.38333333333333,,,,32.03333333333333,2026-09-24 23:29:57.393094+00:00,laboral,16-19,Suficiente,Fuera de 30 minutos
1998,25.966666666666665,25.966666666666665,7,6,2026-09-14 16:47:08.611611+00:00,2026-09-24 23:29:57.393094+00:00,0.8571428571428571,7.0,25.966666666666665,25.966666666666665,,,,25.966666666666665,2026-09-24 23:29:57.393094+00:00,laboral,16-19,Suficiente,Acceso confiable
1999,23.533333333333335,23.533333333333335,7,7,2026-09-14 16:47:08.611611+00:00,2026-09-24 23:29:57.393094+00:00,1.0,7.0,23.533333333333335,23.533333333333335,,,,23.216666666666665,2026-09-24 23:29:57.393094+00:00,laboral,16-19,Suficiente,Acceso confiable
2000,24.783333333333335,24.783333333333335,7,7,2026-09-14 16:47:08.611611+00:00,2026-09-24 23:29:57.393094+00:00,1.0,7.0,24.783333333333335,24.783333333333335,,,,24.783333333333335,2026-09-24 23:29:57.393094+00:00,laboral,16-19,Suficiente,Acceso confiable
2001,23.5,24.366666666666667,7,7,2026-09-14 16:47:08.611611+00:00,2026-09-24 23:29:57.393094+00:00,1.0,7.0,23.5,24.366666666666667,,,,23.233333333333334,2026-09-24 23:29:57.393094+00:00,laboral,16-19,Suficiente,Acceso confiable
2002,20.816666666666663,21.029999999999998,7,7,2026-09-14 16:47:08.611611+00:00,2026-09-24 23:29:57.393094+00:00,1.0,7.0,20.816666666666663,21.029999999999998,,,,20.816666666666663,2026-09-24 23:29:57.393094+00:00,laboral,16-19,Suficiente,Acceso confiable
2004,19.683333333333337,19.883333333333333,7,7,2026-09-14 16:47:09.286590+00:00,2026-09-24 23:29:57.874683+00:00,1.0,7.0,19.683333333333337,19.883333333333333,,,,19.883333333333333,2026-09-24 23:29:57.874683+00:00,laboral,16-19,Suficiente,Acceso confiable
2005,14.716666666666669,14.716666666666669,7,7,2026-09-14 16:47:12.379539+00:00,2026-09-24 23:30:00.935687+00:00,1.0,7.0,14.716666666666669,14.716666666666669,,,,14.716666666666669,2026-09-24 23:30:00.935687+00:00,laboral,16-19,Suficiente,Acceso confiable
2006,14.966666666666669,14.966666666666669,7,7,2026-09-14 16:47:10.781852+00:00,2026-09-24 23:29:59.435170+00:00,1.0,7.0,14.966666666666669,14.966666666666669,,,,14.966666666666669,2026-09-24 23:29:59.435170+00:00,laboral,16-19,Suficiente,Acceso confiable
2007,18.95,18.95,7,7,2026-09-14 16:47:09.286590+00:00,2026-09-24 23:29:57.874683+00:00,1.0,7.0,18.95,18.95,,,,18.95,2026-09-24 23:29:57.874683+00:00,laboral,16-19,Suficiente,Acceso confiable
2008,19.816666666666663,19.816666666666663,7,7,2026-09-14 16:47:09.286590+00:00,2026-09-24 23:29:57.874683+00:00,1.0,7.0,19.816666666666663,19.816666666666663,,,,19.816666666666663,2026-09-24 23:29:57.874683+00:00,laboral,16-19,Suficiente,Acceso confiable
2009,30.166666666666668,34.81333333333333,9,3,2026-09-14 16:47:08.611611+00:00,2026-09-28 04:40:13.525194+00:00,0.3333333333333333,8.0,30.166666666666668,34.36666666666667,1.0,53.63333333333333,53.63333333333333,53.63333333333333,2026-09-28 04:40:13.525194+00:00,fin_de_semana,19-23,Suficiente,Fuera de 30 minutos
2010,34.85,35.13333333333333,9,0,2026-09-14 16:47:08.611611+00:00,2026-09-28 04:40:13.525194+00:00,0.0,8.0,34.85,35.02,1.0,54.4,54.4,54.4,2026-09-28 04:40:13.525194+00:00,fin_de_semana,19-23,Suficiente,Fuera de 30 minutos
2011,33.416666666666664,34.68333333333334,9,0,2026-09-14 16:47:07.157796+00:00,2026-09-28 04:40:13.525194+00:00,0.0,8.0,33.416666666666664,33.416666666666664,1.0,53.4,53.4,53.4,2026-09-28 04:40:13.525194+00:00,fin_de_semana,19-23,Suficiente,Fuera de 30 minutos
2012,32.416666666666664,33.17,9,0,2026-09-14 16:47:07.157796+00:00,2026-09-28 04:40:12.986595+00:00,0.0,8.0,32.416666666666664,32.416666666666664,1.0,51.733333333333334,51.733333333333334,51.733333333333334,2026-09-28 04:40:12.986595+00:00,fin_de_semana,19-23,Suficiente,Fuera de 30 minutos
2013,30.883333333333333,31.416666666666668,9,4,2026-09-14 16:47:07.157796+00:00,2026-09-28 04:40:12.986595+00:00,0.4444444444444444,8.0,29.958333333333336,31.416666666666668,1.0,55.55,55.55,55.55,2026-09-28 04:40:12.986595+00:00,fin_de_semana,19-23,Suficiente,Fuera de 30 minutos
2014,26.75,27.116666666666667,9,8,2026-09-14 16:47:07.157796+00:00,2026-09-28 04:40:12.986595+00:00,0.8888888888888888,8.0,25.608333333333334,26.75,1.0,56.78333333333333,56.78333333333333,56.78333333333333,2026-09-28 04:40:12.986595+00:00,fin_de_semana,19-23,Suficiente,Acceso confiable
2015,25.916666666666668,26.276666666666667,9,8,2026-09-14 16:47:07.157796+00:00,2026-09-28 04:40:12.986595+00:00,0.8888888888888888,8.0,24.675000000000004,25.916666666666668,1.0,53.71666666666667,53.71666666666667,53.71666666666667,2026-09-28 04:40:12.986595+00:00,fin_de_semana,19-23,Suficiente,Acceso confiable
2017,35.68333333333333,37.68,9,0,2026-09-14 16:47:11.360449+00:00,2026-09-28 04:40:14.046314+00:00,0.0,8.0,35.68333333333333,37.98666666666667,1.0,35.6,35.6,35.6,2026-09-28 04:40:14.046314+00:00,fin_de_semana,19-23,Suficiente,Fuera de 30 minutos
2018,38.03333333333333,40.85333333333333,9,0,2026-09-14 16:47:10.781852+00:00,2026-09-28 04:40:14.046314+00:00,0.0,8.0,38.40833333333333,40.946666666666665,1.0,34.43333333333333,34.43333333333333,34.43333333333333,2026-09-28 04:40:14.046314+00:00,fin_de_semana,19-23,Suficiente,Fuera de 30 minutos
2019,37.61666666666667,40.27333333333333,9,0,2026-09-14 16:47:10.283593+00:00,2026-09-28 04:40:14.046314+00:00,0.0,8.0,37.9,40.86,1.0,33.583333333333336,33.583333333333336,33.583333333333336,2026-09-28 04:40:14.046314+00:00,fin_de_semana,19-23,Suficiente,Fuera de 30 minutos
2020,35.5,38.18666666666667,9,0,2026-09-14 16:47:10.283593+00:00,2026-09-28 04:40:14.046314+00:00,0.0,8.0,35.625,39.24666666666667,1.0,33.2,33.2,33.2,2026-09-28 04:40:14.046314+00:00,fin_de_semana,19-23,Suficiente,Fuera de 30 minutos
2021,35.11666666666667,40.45,9,0,2026-09-14 16:47:10.283593+00:00,2026-09-28 04:40:14.046314+00:00,0.0,8.0,35.233333333333334,40.45,1.0,32.71666666666667,32.71666666666667,32.71666666666667,2026-09-28 04:40:14.046314+00:00,fin_de_semana,19-23,Suficiente,Fuera de 30 minutos
2023,27.3,27.3,9,8,2026-09-14 16:47:09.286590+00:00,2026-09-28 04:40:14.046314+00:00,0.8888888888888888,8.0,27.3,27.3,1.0,44.93333333333333,44.93333333333333,44.93333333333333,2026-09-28 04:40:14.046314+00:00,fin_de_semana,19-23,Suficiente,Acceso confiable
2024,25.733333333333334,25.733333333333334,9,8,2026-09-14 16:47:09.286590+00:00,2026-09-28 04:40:13.525194+00:00,0.8888888888888888,8.0,25.733333333333334,25.733333333333334,1.0,39.78333333333333,39.78333333333333,39.78333333333333,2026-09-28 04:40:13.525194+00:00,fin_de_semana,19-23,Suficiente,Acceso confiable
2025,24.733333333333334,25.15,7,7,2026-09-14 16:47:12.918101+00:00,2026-09-24 23:30:01.442571+00:00,1.0,7.0,24.733333333333334,25.15,,,,25.15,2026-09-24 23:30:01.442571+00:00,laboral,16-19,Suficiente,Acceso confiable
2026,25.533333333333335,28.3,7,7,2026-09-14 16:47:12.379539+00:00,2026-09-24 23:30:00.935687+00:00,1.0,7.0,25.533333333333335,28.3,,,,28.3,2026-09-24 23:30:00.935687+00:00,laboral,16-19,Suficiente,Acceso confiable
2027,23.366666666666667,25.926666666666666,7,7,2026-09-14 16:47:12.379539+00:00,2026-09-24 23:30:00.935687+00:00,1.0,7.0,23.366666666666667,25.926666666666666,,,,26.566666666666663,2026-09-24 23:30:00.935687+00:00,laboral,16-19,Suficiente,Acceso confiable
2028,23.166666666666668,26.55,9,8,2026-09-14 16:47:09.286590+00:00,2026-09-28 04:40:13.525194+00:00,0.8888888888888888,8.0,23.166666666666668,25.19666666666667,1.0,46.78333333333333,46.78333333333333,46.78333333333333,2026-09-28 04:40:13.525194+00:00,fin_de_semana,19-23,Suficiente,Acceso confiable
2029,25.516666666666666,26.0,9,8,2026-09-14 16:47:09.286590+00:00,2026-09-28 04:40:13.525194+00:00,0.8888888888888888,8.0,23.916666666666664,25.806666666666665,1.0,43.7,43.7,43.7,2026-09-28 04:40:13.525194+00:00,fin_de_semana,19-23,Suficiente,Acceso confiable
2030,24.333333333333332,24.783333333333335,9,8,2026-09-14 16:47:09.286590+00:00,2026-09-28 04:40:13.525194+00:00,0.8888888888888888,8.0,24.333333333333332,24.783333333333335,1.0,39.88333333333333,39.88333333333333,39.88333333333333,2026-09-28 04:40:13.525194+00:00,fin_de_semana,19-23,Suficiente,Acceso confiable
2031,23.166666666666668,23.583333333333332,9,8,2026-09-14 16:47:08.611611+00:00,2026-09-28 04:40:13.525194+00:00,0.8888888888888888,8.0,23.166666666666668,23.583333333333332,1.0,42.21666666666667,42.21666666666667,42.21666666666667,2026-09-28 04:40:13.525194+00:00,fin_de_semana,19-23,Suficiente,Acceso confiable
2032,28.033333333333335,28.033333333333335,9,8,2026-09-14 16:47:09.286590+00:00,2026-09-28 04:40:14.046314+00:00,0.8888888888888888,8.0,28.033333333333335,28.033333333333335,1.0,46.96666666666667,46.96666666666667,46.96666666666667,2026-09-28 04:40:14.046314+00:00,fin_de_semana,19-23,Suficiente,Acceso confiable
2033,28.35,29.043333333333333,7,7,2026-09-14 16:47:11.360449+00:00,2026-09-24 23:29:59.928061+00:00,1.0,7.0,28.35,29.043333333333333,,,,24.666666666666668,2026-09-24 23:29:59.928061+00:00,laboral,16-19,Suficiente,Acceso confiable
2034,29.716666666666665,30.55,9,6,2026-09-14 16:47:10.781852+00:00,2026-09-28 04:40:14.595531+00:00,0.6666666666666666,8.0,28.53333333333333,30.21666666666667,1.0,47.5,47.5,47.5,2026-09-28 04:40:14.595531+00:00,fin_de_semana,19-23,Suficiente,Acceso habitual pero variable
2035,31.533333333333335,32.03333333333333,9,4,2026-09-14 16:47:10.283593+00:00,2026-09-28 04:40:14.595531+00:00,0.4444444444444444,8.0,29.84166666666667,32.03333333333333,1.0,50.06666666666667,50.06666666666667,50.06666666666667,2026-09-28 04:40:14.595531+00:00,fin_de_semana,19-23,Suficiente,Fuera de 30 minutos
2037,38.7,39.86,7,0,2026-09-14 16:47:13.422871+00:00,2026-09-24 23:30:01.951752+00:00,0.0,7.0,38.7,39.86,,,,39.36666666666667,2026-09-24 23:30:01.951752+00:00,laboral,16-19,Suficiente,Fuera de 30 minutos
2038,40.36666666666667,42.18666666666667,9,0,2026-09-14 16:47:12.379539+00:00,2026-09-28 04:40:14.595531+00:00,0.0,8.0,40.36666666666667,42.71333333333333,1.0,37.53333333333333,37.53333333333333,37.53333333333333,2026-09-28 04:40:14.595531+00:00,fin_de_semana,19-23,Suficiente,Fuera de 30 minutos
2039,36.65,38.64666666666667,9,0,2026-09-14 16:47:11.840367+00:00,2026-09-28 04:40:14.595531+00:00,0.0,8.0,36.65,38.95333333333333,1.0,36.56666666666667,36.56666666666667,36.56666666666667,2026-09-28 04:40:14.595531+00:00,fin_de_semana,19-23,Suficiente,Fuera de 30 minutos
2042,46.416666666666664,48.403333333333336,7,0,2026-09-14 16:47:09.792714+00:00,2026-09-24 23:29:58.414214+00:00,0.0,7.0,46.416666666666664,48.403333333333336,,,,48.766666666666666,2026-09-24 23:29:58.414214+00:00,laboral,16-19,Suficiente,Fuera de 30 minutos
2043,41.38333333333333,47.446666666666665,7,0,2026-09-14 16:47:09.792714+00:00,2026-09-24 23:29:58.414214+00:00,0.0,7.0,41.38333333333333,47.446666666666665,,,,47.916666666666664,2026-09-24 23:29:58.414214+00:00,laboral,16-19,Suficiente,Fuera de 30 minutos
2044,39.833333333333336,42.473333333333336,7,0,2026-09-14 16:47:09.792714+00:00,2026-09-24 23:29:58.414214+00:00,0.0,7.0,39.833333333333336,42.473333333333336,,,,46.88333333333333,2026-09-24 23:29:58.414214+00:00,laboral,16-19,Suficiente,Fuera de 30 minutos
2050,40.7,41.99666666666667,7,0,2026-09-14 16:47:10.781852+00:00,2026-09-24 23:29:59.435170+00:00,0.0,7.0,40.7,41.99666666666667,,,,37.733333333333334,2026-09-24 23:29:59.435170+00:00,laboral,16-19,Suficiente,Fuera de 30 minutos
2051,38.4,43.083333333333336,7,0,2026-09-14 16:47:10.283593+00:00,2026-09-24 23:29:58.908213+00:00,0.0,7.0,38.4,43.083333333333336,,,,38.4,2026-09-24 23:29:58.908213+00:00,laboral,16-19,Suficiente,Fuera de 30 minutos
2052,34.18333333333333,34.53333333333333,7,0,2026-09-14 16:47:09.286590+00:00,2026-09-24 23:29:57.874683+00:00,0.0,7.0,34.18333333333333,34.53333333333333,,,,34.18333333333333,2026-09-24 23:29:57.874683+00:00,laboral,16-19,Suficiente,Fuera de 30 minutos
2053,30.466666666666665,30.816666666666663,7,2,2026-09-14 16:47:08.611611+00:00,2026-09-24 23:29:57.393094+00:00,0.2857142857142857,7.0,30.466666666666665,30.816666666666663,,,,30.466666666666665,2026-09-24 23:29:57.393094+00:00,laboral,16-19,Suficiente,Fuera de 30 minutos
2055,11.8,12.5,7,7,2026-09-14 16:47:09.286590+00:00,2026-09-24 23:29:57.874683+00:00,1.0,7.0,11.8,12.5,,,,11.8,2026-09-24 23:29:57.874683+00:00,laboral,16-19,Suficiente,Acceso confiable
2056,14.283333333333331,14.55,7,7,2026-09-14 16:47:09.286590+00:00,2026-09-24 23:29:57.874683+00:00,1.0,7.0,14.283333333333331,14.55,,,,14.283333333333331,2026-09-24 23:29:57.874683+00:00,laboral,16-19,Suficiente,Acceso confiable
2057,17.9,18.016666666666666,7,7,2026-09-14 16:47:08.611611+00:00,2026-09-24 23:29:57.393094+00:00,1.0,7.0,17.9,18.016666666666666,,,,18.016666666666666,2026-09-24 23:29:57.393094+00:00,laboral,16-19,Suficiente,Acceso confiable
2058,16.85,17.52,7,7,2026-09-14 16:47:08.611611+00:00,2026-09-24 23:29:57.393094+00:00,1.0,7.0,16.85,17.52,,,,16.85,2026-09-24 23:29:57.393094+00:00,laboral,16-19,Suficiente,Acceso confiable
2059,19.433333333333337,20.10333333333333,7,7,2026-09-14 16:47:09.792714+00:00,2026-09-24 23:29:58.414214+00:00,1.0,7.0,19.433333333333337,20.10333333333333,,,,20.133333333333333,2026-09-24 23:29:58.414214+00:00,laboral,16-19,Suficiente,Acceso confiable
2060,16.35,16.87,7,7,2026-09-14 16:47:08.611611+00:00,2026-09-24 23:29:57.393094+00:00,1.0,7.0,16.35,16.87,,,,16.35,2026-09-24 23:29:57.393094+00:00,laboral,16-19,Suficiente,Acceso confiable
2061,15.05,15.610000000000001,7,7,2026-09-14 16:47:08.611611+00:00,2026-09-24 23:29:57.393094+00:00,1.0,7.0,15.05,15.610000000000001,,,,15.05,2026-09-24 23:29:57.393094+00:00,laboral,16-19,Suficiente,Acceso confiable
2062,13.783333333333331,14.143333333333333,7,7,2026-09-14 16:47:10.283593+00:00,2026-09-24 23:29:58.908213+00:00,1.0,7.0,13.783333333333331,14.143333333333333,,,,13.783333333333331,2026-09-24 23:29:58.908213+00:00,laboral,16-19,Suficiente,Acceso confiable
2063,12.5,12.833333333333334,7,7,2026-09-14 16:47:09.792714+00:00,2026-09-24 23:29:58.414214+00:00,1.0,7.0,12.5,12.833333333333334,,,,12.833333333333334,2026-09-24 23:29:58.414214+00:00,laboral,16-19,Suficiente,Acceso confiable
2064,12.3,13.316666666666666,9,9,2026-09-14 16:47:09.286590+00:00,2026-09-28 04:40:14.046314+00:00,1.0,8.0,12.3,12.93,1.0,13.316666666666666,13.316666666666666,13.316666666666666,2026-09-28 04:40:14.046314+00:00,fin_de_semana,19-23,Suficiente,Acceso confiable
2069,50.38333333333333,50.38333333333333,7,0,2026-09-14 16:47:12.379539+00:00,2026-09-24 23:30:00.935687+00:00,0.0,7.0,50.38333333333333,50.38333333333333,,,,50.38333333333333,2026-09-24 23:30:00.935687+00:00,laboral,16-19,Suficiente,Fuera de 30 minutos
2070,46.68333333333333,47.55,7,0,2026-09-14 16:47:10.781852+00:00,2026-09-24 23:29:59.435170+00:00,0.0,7.0,46.68333333333333,47.55,,,,47.55,2026-09-24 23:29:59.435170+00:00,laboral,16-19,Suficiente,Fuera de 30 minutos
2071,39.21666666666667,43.97,9,1,2026-09-14 16:47:09.286590+00:00,2026-09-28 04:40:13.525194+00:00,0.1111111111111111,8.0,41.21666666666667,44.34666666666667,1.0,30.55,30.55,30.55,2026-09-28 04:40:13.525194+00:00,fin_de_semana,19-23,Suficiente,Fuera de 30 minutos
2072,46.13333333333333,46.13333333333333,7,0,2026-09-14 16:47:10.781852+00:00,2026-09-24 23:29:59.435170+00:00,0.0,7.0,46.13333333333333,46.13333333333333,,,,46.6,2026-09-24 23:29:59.435170+00:00,laboral,16-19,Suficiente,Fuera de 30 minutos
2074,38.0,39.900000000000006,7,0,2026-09-14 16:47:08.611611+00:00,2026-09-24 23:29:57.393094+00:00,0.0,7.0,38.0,39.900000000000006,,,,37.1,2026-09-24 23:29:57.393094+00:00,laboral,16-19,Suficiente,Fuera de 30 minutos
2076,39.71666666666667,43.42666666666667,7,0,2026-09-14 16:47:11.360449+00:00,2026-09-24 23:29:59.928061+00:00,0.0,7.0,39.71666666666667,43.42666666666667,,,,43.71666666666667,2026-09-24 23:29:59.928061+00:00,laboral,16-19,Suficiente,Fuera de 30 minutos
2077,46.083333333333336,46.083333333333336,7,0,2026-09-14 16:47:10.781852+00:00,2026-09-24 23:29:59.435170+00:00,0.0,7.0,46.083333333333336,46.083333333333336,,,,46.083333333333336,2026-09-24 23:29:59.435170+00:00,laboral,16-19,Suficiente,Fuera de 30 minutos
2078,44.35,44.35,7,0,2026-09-14 16:47:10.781852+00:00,2026-09-24 23:29:59.435170+00:00,0.0,7.0,44.35,44.35,,,,42.95,2026-09-24 23:29:59.435170+00:00,laboral,16-19,Suficiente,Fuera de 30 minutos
2079,50.38333333333333,50.38333333333333,7,0,2026-09-14 16:47:11.360449+00:00,2026-09-24 23:29:59.928061+00:00,0.0,7.0,50.38333333333333,50.38333333333333,,,,50.38333333333333,2026-09-24 23:29:59.928061+00:00,laboral,16-19,Suficiente,Fuera de 30 minutos
2080,26.683333333333337,26.683333333333337,9,8,2026-09-14 16:47:07.157796+00:00,2026-09-28 04:40:12.986595+00:00,0.8888888888888888,8.0,26.683333333333337,26.683333333333337,1.0,26.5,26.5,26.5,2026-09-28 04:40:12.986595+00:00,fin_de_semana,19-23,Suficiente,Acceso confiable
2081,31.483333333333334,33.876666666666665,9,3,2026-09-14 16:47:09.792714+00:00,2026-09-28 04:40:14.046314+00:00,0.3333333333333333,8.0,30.916666666666668,32.596666666666664,1.0,57.43333333333333,57.43333333333333,57.43333333333333,2026-09-28 04:40:14.046314+00:00,fin_de_semana,19-23,Suficiente,Fuera de 30 minutos
2082,27.5,30.593333333333334,9,7,2026-09-14 16:47:09.286590+00:00,2026-09-28 04:40:14.046314+00:00,0.7777777777777778,8.0,27.5,28.2,1.0,50.85,50.85,50.85,2026-09-28 04:40:14.046314+00:00,fin_de_semana,19-23,Suficiente,Acceso habitual pero variable
2161,26.933333333333337,27.583333333333336,9,8,2026-09-14 16:47:10.283593+00:00,2026-09-28 04:40:14.046314+00:00,0.8888888888888888,8.0,26.933333333333337,27.263333333333335,1.0,47.21666666666667,47.21666666666667,47.21666666666667,2026-09-28 04:40:14.046314+00:00,fin_de_semana,19-23,Suficiente,Acceso confiable
2162,43.28333333333333,43.28333333333333,7,0,2026-09-14 16:47:10.283593+00:00,2026-09-24 23:29:58.908213+00:00,0.0,7.0,43.28333333333333,43.28333333333333,,,,43.28333333333333,2026-09-24 23:29:58.908213+00:00,laboral,16-19,Suficiente,Fuera de 30 minutos
2163,43.4,43.4,7,0,2026-09-14 16:47:10.283593+00:00,2026-09-24 23:29:58.908213+00:00,0.0,7.0,43.4,43.4,,,,43.4,2026-09-24 23:29:58.908213+00:00,laboral,16-19,Suficiente,Fuera de 30 minutos
2164,41.93333333333333,41.93333333333333,7,0,2026-09-14 16:47:10.283593+00:00,2026-09-24 23:29:58.908213+00:00,0.0,7.0,41.93333333333333,41.93333333333333,,,,41.93333333333333,2026-09-24 23:29:58.908213+00:00,laboral,16-19,Suficiente,Fuera de 30 minutos
2166,46.833333333333336,46.833333333333336,7,0,2026-09-14 16:47:13.422871+00:00,2026-09-24 23:30:01.951752+00:00,0.0,7.0,46.833333333333336,46.833333333333336,,,,46.833333333333336,2026-09-24 23:30:01.951752+00:00,laboral,16-19,Suficiente,Fuera de 30 minutos
2167,49.18333333333333,49.18333333333333,7,0,2026-09-14 16:47:12.918101+00:00,2026-09-24 23:30:01.442571+00:00,0.0,7.0,49.18333333333333,49.18333333333333,,,,49.18333333333333,2026-09-24 23:30:01.442571+00:00,laboral,16-19,Suficiente,Fuera de 30 minutos
2168,49.166666666666664,49.166666666666664,7,0,2026-09-14 16:47:11.840367+00:00,2026-09-24 23:30:00.413439+00:00,0.0,7.0,49.166666666666664,49.166666666666664,,,,52.833333333333336,2026-09-24 23:30:00.413439+00:00,laboral,16-19,Suficiente,Fuera de 30 minutos
2169,48.46666666666667,52.06666666666667,7,0,2026-09-14 16:47:11.360449+00:00,2026-09-24 23:29:59.928061+00:00,0.0,7.0,48.46666666666667,52.06666666666667,,,,52.06666666666667,2026-09-24 23:29:59.928061+00:00,laboral,16-19,Suficiente,Fuera de 30 minutos
2170,44.6,44.6,7,0,2026-09-14 16:47:11.360449+00:00,2026-09-24 23:29:59.928061+00:00,0.0,7.0,44.6,44.6,,,,44.6,2026-09-24 23:29:59.928061+00:00,laboral,16-19,Suficiente,Fuera de 30 minutos
2171,43.766666666666666,43.766666666666666,7,0,2026-09-14 16:47:11.360449+00:00,2026-09-24 23:29:59.928061+00:00,0.0,7.0,43.766666666666666,43.766666666666666,,,,43.766666666666666,2026-09-24 23:29:59.928061+00:00,laboral,16-19,Suficiente,Fuera de 30 minutos
2172,39.13333333333333,42.53,7,0,2026-09-14 16:47:11.360449+00:00,2026-09-24 23:29:59.928061+00:00,0.0,7.0,39.13333333333333,42.53,,,,39.13333333333333,2026-09-24 23:29:59.928061+00:00,laboral,16-19,Suficiente,Fuera de 30 minutos
2173,45.666666666666664,45.666666666666664,7,0,2026-09-14 16:47:11.360449+00:00,2026-09-24 23:29:59.928061+00:00,0.0,7.0,45.666666666666664,45.666666666666664,,,,45.666666666666664,2026-09-24 23:29:59.928061+00:00,laboral,16-19,Suficiente,Fuera de 30 minutos
2174,45.28333333333333,48.88333333333333,7,0,2026-09-14 16:47:10.781852+00:00,2026-09-24 23:29:59.435170+00:00,0.0,7.0,45.28333333333333,48.88333333333333,,,,48.88333333333333,2026-09-24 23:29:59.435170+00:00,laboral,16-19,Suficiente,Fuera de 30 minutos
2175,47.96666666666667,51.56666666666667,7,0,2026-09-14 16:47:10.781852+00:00,2026-09-24 23:29:59.435170+00:00,0.0,7.0,47.96666666666667,51.56666666666667,,,,51.56666666666667,2026-09-24 23:29:59.435170+00:00,laboral,16-19,Suficiente,Fuera de 30 minutos
2176,46.88333333333333,46.88333333333333,7,0,2026-09-14 16:47:10.283593+00:00,2026-09-24 23:29:58.908213+00:00,0.0,7.0,46.88333333333333,46.88333333333333,,,,46.88333333333333,2026-09-24 23:29:58.908213+00:00,laboral,16-19,Suficiente,Fuera de 30 minutos
2177,47.55,50.510000000000005,7,0,2026-09-14 16:47:10.283593+00:00,2026-09-24 23:29:58.908213+00:00,0.0,7.0,47.55,50.510000000000005,,,,47.55,2026-09-24 23:29:58.908213+00:00,laboral,16-19,Suficiente,Fuera de 30 minutos
2178,47.8,48.42333333333333,7,0,2026-09-14 16:47:09.792714+00:00,2026-09-24 23:29:58.414214+00:00,0.0,7.0,47.8,48.42333333333333,,,,50.35,2026-09-24 23:29:58.414214+00:00,laboral,16-19,Suficiente,Fuera de 30 minutos
2182,46.833333333333336,46.833333333333336,7,0,2026-09-14 16:47:10.781852+00:00,2026-09-24 23:29:59.435170+00:00,0.0,7.0,46.833333333333336,46.833333333333336,,,,46.833333333333336,2026-09-24 23:29:59.435170+00:00,laboral,16-19,Suficiente,Fuera de 30 minutos
2183,46.71666666666667,46.71666666666667,7,0,2026-09-14 16:47:10.283593+00:00,2026-09-24 23:29:58.908213+00:00,0.0,7.0,46.71666666666667,46.71666666666667,,,,45.166666666666664,2026-09-24 23:29:58.908213+00:00,laboral,16-19,Suficiente,Fuera de 30 minutos
2184,42.85,42.85,7,0,2026-09-14 16:47:09.792714+00:00,2026-09-24 23:29:58.414214+00:00,0.0,7.0,42.85,42.85,,,,42.85,2026-09-24 23:29:58.414214+00:00,laboral,16-19,Suficiente,Fuera de 30 minutos
2185,41.7,44.00666666666667,7,0,2026-09-14 16:47:10.283593+00:00,2026-09-24 23:29:58.908213+00:00,0.0,7.0,41.7,44.00666666666667,,,,44.583333333333336,2026-09-24 23:29:58.908213+00:00,laboral,16-19,Suficiente,Fuera de 30 minutos
2186,44.21666666666667,44.21666666666667,7,0,2026-09-14 16:47:09.792714+00:00,2026-09-24 23:29:58.414214+00:00,0.0,7.0,44.21666666666667,44.21666666666667,,,,44.21666666666667,2026-09-24 23:29:58.414214+00:00,laboral,16-19,Suficiente,Fuera de 30 minutos
2187,40.7,46.78333333333333,9,1,2026-09-14 16:47:09.286590+00:00,2026-09-28 04:40:13.525194+00:00,0.1111111111111111,8.0,43.30833333333334,46.78333333333333,1.0,31.533333333333335,31.533333333333335,31.533333333333335,2026-09-28 04:40:13.525194+00:00,fin_de_semana,19-23,Suficiente,Fuera de 30 minutos
2188,39.833333333333336,43.54333333333334,7,0,2026-09-14 16:47:10.781852+00:00,2026-09-24 23:29:59.435170+00:00,0.0,7.0,39.833333333333336,43.54333333333334,,,,43.833333333333336,2026-09-24 23:29:59.435170+00:00,laboral,16-19,Suficiente,Fuera de 30 minutos
2189,55.71666666666667,57.04,7,0,2026-09-14 16:47:09.286590+00:00,2026-09-24 23:29:57.874683+00:00,0.0,7.0,55.71666666666667,57.04,,,,56.93333333333333,2026-09-24 23:29:57.874683+00:00,laboral,16-19,Suficiente,Fuera de 30 minutos
2190,45.916666666666664,49.873333333333335,7,0,2026-09-14 16:47:11.840367+00:00,2026-09-24 23:30:00.413439+00:00,0.0,7.0,45.916666666666664,49.873333333333335,,,,39.916666666666664,2026-09-24 23:30:00.413439+00:00,laboral,16-19,Suficiente,Fuera de 30 minutos
2191,28.416666666666668,28.716666666666665,9,8,2026-09-14 16:47:09.286590+00:00,2026-09-28 04:40:14.595531+00:00,0.8888888888888888,8.0,28.416666666666668,28.716666666666665,1.0,39.86666666666667,39.86666666666667,39.86666666666667,2026-09-28 04:40:14.595531+00:00,fin_de_semana,19-23,Suficiente,Acceso confiable
2195,21.8,23.89666666666667,9,8,2026-09-14 16:47:08.611611+00:00,2026-09-28 04:40:14.046314+00:00,0.8888888888888888,8.0,21.8,23.75,1.0,41.13333333333333,41.13333333333333,41.13333333333333,2026-09-28 04:40:14.046314+00:00,fin_de_semana,19-23,Suficiente,Acceso confiable
2197,33.95,37.86666666666667,7,0,2026-09-14 16:47:11.840367+00:00,2026-09-24 23:30:00.413439+00:00,0.0,7.0,33.95,37.86666666666667,,,,37.86666666666667,2026-09-24 23:30:00.413439+00:00,laboral,16-19,Suficiente,Fuera de 30 minutos
2198,31.416666666666668,31.416666666666668,7,2,2026-09-14 16:47:11.360449+00:00,2026-09-24 23:29:59.928061+00:00,0.2857142857142857,7.0,31.416666666666668,31.416666666666668,,,,39.65,2026-09-24 23:29:59.928061+00:00,laboral,16-19,Suficiente,Fuera de 30 minutos
2199,33.63333333333333,34.49333333333333,9,0,2026-09-14 16:47:09.792714+00:00,2026-09-28 04:40:14.046314+00:00,0.0,8.0,33.63333333333333,33.93333333333333,1.0,43.18333333333333,43.18333333333333,43.18333333333333,2026-09-28 04:40:14.046314+00:00,fin_de_semana,19-23,Suficiente,Fuera de 30 minutos
2200,30.783333333333335,30.95,9,1,2026-09-14 16:47:09.286590+00:00,2026-09-28 04:40:13.525194+00:00,0.1111111111111111,8.0,30.525,30.95,1.0,30.95,30.95,30.95,2026-09-28 04:40:13.525194+00:00,fin_de_semana,19-23,Suficiente,Fuera de 30 minutos
2201,19.383333333333333,19.383333333333333,9,8,2026-09-14 16:47:07.157796+00:00,2026-09-28 04:40:12.986595+00:00,0.8888888888888888,8.0,19.383333333333333,19.383333333333333,1.0,37.03333333333333,37.03333333333333,37.03333333333333,2026-09-28 04:40:12.986595+00:00,fin_de_semana,19-23,Suficiente,Acceso confiable
2203,26.65,26.816666666666663,9,8,2026-09-14 16:47:10.781852+00:00,2026-09-28 04:40:14.046314+00:00,0.8888888888888888,8.0,26.65,26.816666666666663,1.0,34.31666666666667,34.31666666666667,34.31666666666667,2026-09-28 04:40:14.046314+00:00,fin_de_semana,19-23,Suficiente,Acceso confiable
2204,19.566666666666663,20.9,9,8,2026-09-14 16:47:08.611611+00:00,2026-09-28 04:40:13.525194+00:00,0.8888888888888888,8.0,19.566666666666663,20.566666666666663,1.0,42.68333333333333,42.68333333333333,42.68333333333333,2026-09-28 04:40:13.525194+00:00,fin_de_semana,19-23,Suficiente,Acceso confiable
2210,40.2,40.2,7,0,2026-09-14 16:47:13.422871+00:00,2026-09-24 23:30:01.951752+00:00,0.0,7.0,40.2,40.2,,,,40.2,2026-09-24 23:30:01.951752+00:00,laboral,16-19,Suficiente,Fuera de 30 minutos
2211,36.28333333333333,36.28333333333333,7,0,2026-09-14 16:47:12.918101+00:00,2026-09-24 23:30:01.442571+00:00,0.0,7.0,36.28333333333333,36.28333333333333,,,,36.28333333333333,2026-09-24 23:30:01.442571+00:00,laboral,16-19,Suficiente,Fuera de 30 minutos
2212,35.21666666666667,35.21666666666667,9,0,2026-09-14 16:47:12.379539+00:00,2026-09-28 04:40:14.595531+00:00,0.0,8.0,35.21666666666667,35.21666666666667,1.0,35.21666666666667,35.21666666666667,35.21666666666667,2026-09-28 04:40:14.595531+00:00,fin_de_semana,19-23,Suficiente,Fuera de 30 minutos
2213,33.45,33.45,9,0,2026-09-14 16:47:11.360449+00:00,2026-09-28 04:40:14.595531+00:00,0.0,8.0,33.45,33.45,1.0,33.45,33.45,33.45,2026-09-28 04:40:14.595531+00:00,fin_de_semana,19-23,Suficiente,Fuera de 30 minutos
2214,32.56666666666667,32.56666666666667,9,0,2026-09-14 16:47:11.360449+00:00,2026-09-28 04:40:14.595531+00:00,0.0,8.0,32.56666666666667,32.56666666666667,1.0,32.56666666666667,32.56666666666667,32.56666666666667,2026-09-28 04:40:14.595531+00:00,fin_de_semana,19-23,Suficiente,Fuera de 30 minutos
2215,31.733333333333334,31.733333333333334,9,0,2026-09-14 16:47:10.781852+00:00,2026-09-28 04:40:14.595531+00:00,0.0,8.0,31.733333333333334,31.733333333333334,1.0,31.733333333333334,31.733333333333334,31.733333333333334,2026-09-28 04:40:14.595531+00:00,fin_de_semana,19-23,Suficiente,Fuera de 30 minutos
2216,33.166666666666664,33.166666666666664,9,1,2026-09-14 16:47:10.781852+00:00,2026-09-28 04:40:14.046314+00:00,0.1111111111111111,8.0,33.166666666666664,33.166666666666664,1.0,44.0,44.0,44.0,2026-09-28 04:40:14.046314+00:00,fin_de_semana,19-23,Suficiente,Fuera de 30 minutos
2217,29.35,32.43333333333333,9,6,2026-09-14 16:47:10.283593+00:00,2026-09-28 04:40:14.046314+00:00,0.6666666666666666,8.0,29.35,31.2,1.0,57.78333333333333,57.78333333333333,57.78333333333333,2026-09-28 04:40:14.046314+00:00,fin_de_semana,19-23,Suficiente,Acceso habitual pero variable
2218,30.783333333333335,31.316666666666663,9,3,2026-09-14 16:47:09.792714+00:00,2026-09-28 04:40:14.046314+00:00,0.3333333333333333,8.0,30.766666666666666,31.10333333333333,1.0,55.93333333333333,55.93333333333333,55.93333333333333,2026-09-28 04:40:14.046314+00:00,fin_de_semana,19-23,Suficiente,Fuera de 30 minutos
2219,28.883333333333333,28.97,9,8,2026-09-14 16:47:09.792714+00:00,2026-09-28 04:40:14.046314+00:00,0.8888888888888888,8.0,28.883333333333333,28.883333333333333,1.0,49.516666666666666,49.516666666666666,49.516666666666666,2026-09-28 04:40:14.046314+00:00,fin_de_semana,19-23,Suficiente,Acceso confiable
2220,26.616666666666667,27.196666666666665,9,8,2026-09-14 16:47:07.157796+00:00,2026-09-28 04:40:12.986595+00:00,0.8888888888888888,8.0,26.616666666666667,26.616666666666667,1.0,36.71666666666667,36.71666666666667,36.71666666666667,2026-09-28 04:40:12.986595+00:00,fin_de_semana,19-23,Suficiente,Acceso confiable
2221,24.316666666666663,30.35,9,6,2026-09-14 16:47:08.611611+00:00,2026-09-28 04:40:13.525194+00:00,0.6666666666666666,8.0,24.316666666666663,27.936666666666667,1.0,39.11666666666667,39.11666666666667,39.11666666666667,2026-09-28 04:40:13.525194+00:00,fin_de_semana,19-23,Suficiente,Acceso habitual pero variable
2222,23.583333333333332,28.833333333333332,9,8,2026-09-14 16:47:08.611611+00:00,2026-09-28 04:40:13.525194+00:00,0.8888888888888888,8.0,23.583333333333332,28.833333333333332,1.0,43.38333333333333,43.38333333333333,43.38333333333333,2026-09-28 04:40:13.525194+00:00,fin_de_semana,19-23,Suficiente,Acceso confiable
2223,25.85,27.950000000000003,9,7,2026-09-14 16:47:07.157796+00:00,2026-09-28 04:40:12.986595+00:00,0.7777777777777778,8.0,25.85,25.85,1.0,47.63333333333333,47.63333333333333,47.63333333333333,2026-09-28 04:40:12.986595+00:00,fin_de_semana,19-23,Suficiente,Acceso confiable
2224,29.166666666666668,32.733333333333334,9,5,2026-09-14 16:47:07.157796+00:00,2026-09-28 04:40:12.986595+00:00,0.5555555555555556,8.0,28.85,32.733333333333334,1.0,50.833333333333336,50.833333333333336,50.833333333333336,2026-09-28 04:40:12.986595+00:00,fin_de_semana,19-23,Suficiente,Acceso habitual pero variable
2225,40.45,40.45,7,0,2026-09-14 16:47:11.360449+00:00,2026-09-24 23:29:59.928061+00:00,0.0,7.0,40.45,40.45,,,,40.45,2026-09-24 23:29:59.928061+00:00,laboral,16-19,Suficiente,Fuera de 30 minutos
2226,42.0,42.0,7,0,2026-09-14 16:47:10.283593+00:00,2026-09-24 23:29:58.908213+00:00,0.0,7.0,42.0,42.0,,,,42.0,2026-09-24 23:29:58.908213+00:00,laboral,16-19,Suficiente,Fuera de 30 minutos
2227,46.833333333333336,46.833333333333336,7,0,2026-09-14 16:47:13.422871+00:00,2026-09-24 23:30:01.951752+00:00,0.0,7.0,46.833333333333336,46.833333333333336,,,,46.833333333333336,2026-09-24 23:30:01.951752+00:00,laboral,16-19,Suficiente,Fuera de 30 minutos
2228,40.53333333333333,40.53333333333333,9,0,2026-09-14 16:47:09.286590+00:00,2026-09-28 04:40:13.525194+00:00,0.0,8.0,40.53333333333333,40.53333333333333,1.0,36.93333333333333,36.93333333333333,36.93333333333333,2026-09-28 04:40:13.525194+00:00,fin_de_semana,19-23,Suficiente,Fuera de 30 minutos
2229,38.71666666666667,38.71666666666667,9,0,2026-09-14 16:47:09.286590+00:00,2026-09-28 04:40:13.525194+00:00,0.0,8.0,38.71666666666667,38.71666666666667,1.0,35.45,35.45,35.45,2026-09-28 04:40:13.525194+00:00,fin_de_semana,19-23,Suficiente,Fuera de 30 minutos
2230,39.7,39.7,7,0,2026-09-14 16:47:10.781852+00:00,2026-09-24 23:29:59.435170+00:00,0.0,7.0,39.7,39.7,,,,39.7,2026-09-24 23:29:59.435170+00:00,laboral,16-19,Suficiente,Fuera de 30 minutos
2231,27.733333333333334,31.48,7,5,2026-09-14 16:47:11.360449+00:00,2026-09-24 23:29:59.928061+00:00,0.7142857142857143,7.0,27.733333333333334,31.48,,,,27.733333333333334,2026-09-24 23:29:59.928061+00:00,laboral,16-19,Suficiente,Acceso habitual pero variable
2232,32.0,33.080000000000005,9,0,2026-09-14 16:47:10.781852+00:00,2026-09-28 04:40:14.046314+00:00,0.0,8.0,32.0,32.0,1.0,57.81666666666667,57.81666666666667,57.81666666666667,2026-09-28 04:40:14.046314+00:00,fin_de_semana,19-23,Suficiente,Fuera de 30 minutos
2233,35.05,35.05,7,0,2026-09-14 16:47:11.840367+00:00,2026-09-24 23:30:00.413439+00:00,0.0,7.0,35.05,35.05,,,,35.05,2026-09-24 23:30:00.413439+00:00,laboral,16-19,Suficiente,Fuera de 30 minutos
2234,35.4,36.38666666666667,7,0,2026-09-14 16:47:11.360449+00:00,2026-09-24 23:29:59.928061+00:00,0.0,7.0,35.4,36.38666666666667,,,,35.4,2026-09-24 23:29:59.928061+00:00,laboral,16-19,Suficiente,Fuera de 30 minutos
2238,37.016666666666666,37.016666666666666,7,0,2026-09-14 16:47:13.422871+00:00,2026-09-24 23:30:01.951752+00:00,0.0,7.0,37.016666666666666,37.016666666666666,,,,37.016666666666666,2026-09-24 23:30:01.951752+00:00,laboral,16-19,Suficiente,Fuera de 30 minutos
2239,36.93333333333333,36.93333333333333,7,0,2026-09-14 16:47:12.918101+00:00,2026-09-24 23:30:01.442571+00:00,0.0,7.0,36.93333333333333,36.93333333333333,,,,36.93333333333333,2026-09-24 23:30:01.442571+00:00,laboral,16-19,Suficiente,Fuera de 30 minutos
2240,38.36666666666667,38.36666666666667,7,0,2026-09-14 16:47:12.918101+00:00,2026-09-24 23:30:01.442571+00:00,0.0,7.0,38.36666666666667,38.36666666666667,,,,38.36666666666667,2026-09-24 23:30:01.442571+00:00,laboral,16-19,Suficiente,Fuera de 30 minutos
2243,26.2,28.20666666666667,7,7,2026-09-14 16:47:09.286590+00:00,2026-09-24 23:29:57.874683+00:00,1.0,7.0,26.2,28.20666666666667,,,,25.833333333333332,2026-09-24 23:29:57.874683+00:00,laboral,16-19,Suficiente,Acceso confiable
2244,27.066666666666663,28.34,9,8,2026-09-14 16:47:10.781852+00:00,2026-09-28 04:40:14.595531+00:00,0.8888888888888888,8.0,27.066666666666663,28.1,1.0,34.233333333333334,34.233333333333334,34.233333333333334,2026-09-28 04:40:14.595531+00:00,fin_de_semana,19-23,Suficiente,Acceso confiable
2245,39.45,39.830000000000005,9,0,2026-09-14 16:47:12.918101+00:00,2026-09-28 04:40:14.595531+00:00,0.0,8.0,39.516666666666666,39.95333333333333,1.0,36.9,36.9,36.9,2026-09-28 04:40:14.595531+00:00,fin_de_semana,19-23,Suficiente,Fuera de 30 minutos
2246,43.88333333333333,45.18666666666667,9,0,2026-09-14 16:47:11.360449+00:00,2026-09-28 04:40:14.046314+00:00,0.0,8.0,43.88333333333333,45.21333333333333,1.0,43.8,43.8,43.8,2026-09-28 04:40:14.046314+00:00,fin_de_semana,19-23,Suficiente,Fuera de 30 minutos
2247,35.95,35.95,7,0,2026-09-14 16:47:12.918101+00:00,2026-09-24 23:30:01.442571+00:00,0.0,7.0,35.95,35.95,,,,35.95,2026-09-24 23:30:01.442571+00:00,laboral,16-19,Suficiente,Fuera de 30 minutos
2259,43.166666666666664,43.846666666666664,9,0,2026-09-14 16:47:12.918101+00:00,2026-09-28 04:40:14.595531+00:00,0.0,8.0,43.166666666666664,44.18666666666667,1.0,36.11666666666667,36.11666666666667,36.11666666666667,2026-09-28 04:40:14.595531+00:00,fin_de_semana,19-23,Suficiente,Fuera de 30 minutos
2260,41.71666666666667,41.71666666666667,9,0,2026-09-14 16:47:12.379539+00:00,2026-09-28 04:40:14.595531+00:00,0.0,8.0,41.71666666666667,41.71666666666667,1.0,35.016666666666666,35.016666666666666,35.016666666666666,2026-09-28 04:40:14.595531+00:00,fin_de_semana,19-23,Suficiente,Fuera de 30 minutos
2261,40.78333333333333,40.78333333333333,9,0,2026-09-14 16:47:11.840367+00:00,2026-09-28 04:40:14.595531+00:00,0.0,8.0,40.78333333333333,40.78333333333333,1.0,34.3,34.3,34.3,2026-09-28 04:40:14.595531+00:00,fin_de_semana,19-23,Suficiente,Fuera de 30 minutos
2262,40.28333333333333,40.28333333333333,9,0,2026-09-14 16:47:11.840367+00:00,2026-09-28 04:40:14.046314+00:00,0.0,8.0,40.28333333333333,40.28333333333333,1.0,33.88333333333333,33.88333333333333,33.88333333333333,2026-09-28 04:40:14.046314+00:00,fin_de_semana,19-23,Suficiente,Fuera de 30 minutos
2263,38.333333333333336,38.653333333333336,9,0,2026-09-14 16:47:11.360449+00:00,2026-09-28 04:40:14.046314+00:00,0.0,8.0,38.333333333333336,38.81333333333333,1.0,32.43333333333333,32.43333333333333,32.43333333333333,2026-09-28 04:40:14.046314+00:00,fin_de_semana,19-23,Suficiente,Fuera de 30 minutos
2264,30.866666666666667,34.22,9,2,2026-09-14 16:47:10.283593+00:00,2026-09-28 04:40:14.046314+00:00,0.2222222222222222,8.0,30.866666666666667,34.663333333333334,1.0,30.35,30.35,30.35,2026-09-28 04:40:14.046314+00:00,fin_de_semana,19-23,Suficiente,Fuera de 30 minutos
2265,31.783333333333335,36.38666666666667,9,1,2026-09-14 16:47:09.286590+00:00,2026-09-28 04:40:14.595531+00:00,0.1111111111111111,8.0,31.424999999999997,34.166666666666664,1.0,42.1,42.1,42.1,2026-09-28 04:40:14.595531+00:00,fin_de_semana,19-23,Suficiente,Fuera de 30 minutos
2266,27.916666666666668,27.916666666666668,7,7,2026-09-14 16:47:10.283593+00:00,2026-09-24 23:29:58.908213+00:00,1.0,7.0,27.916666666666668,27.916666666666668,,,,27.916666666666668,2026-09-24 23:29:58.908213+00:00,laboral,16-19,Suficiente,Acceso confiable
2267,33.28333333333333,33.28333333333333,7,0,2026-09-14 16:47:09.286590+00:00,2026-09-24 23:29:57.874683+00:00,0.0,7.0,33.28333333333333,33.28333333333333,,,,33.28333333333333,2026-09-24 23:29:57.874683+00:00,laboral,16-19,Suficiente,Fuera de 30 minutos
2269,57.416666666666664,60.510000000000005,7,0,2026-09-14 16:47:12.918101+00:00,2026-09-24 23:30:01.442571+00:00,0.0,7.0,57.416666666666664,60.510000000000005,,,,57.61666666666667,2026-09-24 23:30:01.442571+00:00,laboral,16-19,Suficiente,Fuera de 30 minutos
2280,58.78333333333333,64.89333333333333,7,0,2026-09-14 16:47:12.918101+00:00,2026-09-24 23:30:01.442571+00:00,0.0,7.0,58.78333333333333,64.89333333333333,,,,57.0,2026-09-24 23:30:01.442571+00:00,laboral,16-19,Suficiente,Fuera de 30 minutos
2281,57.38333333333333,63.29333333333334,7,0,2026-09-14 16:47:12.379539+00:00,2026-09-24 23:30:00.935687+00:00,0.0,7.0,57.38333333333333,63.29333333333334,,,,55.35,2026-09-24 23:30:00.935687+00:00,laboral,16-19,Suficiente,Fuera de 30 minutos
2282,56.15,61.88666666666666,7,0,2026-09-14 16:47:12.379539+00:00,2026-09-24 23:30:00.935687+00:00,0.0,7.0,56.15,61.88666666666666,,,,53.9,2026-09-24 23:30:00.935687+00:00,laboral,16-19,Suficiente,Fuera de 30 minutos
2283,55.016666666666666,60.583333333333336,7,0,2026-09-14 16:47:11.840367+00:00,2026-09-24 23:30:00.413439+00:00,0.0,7.0,55.016666666666666,60.583333333333336,,,,52.583333333333336,2026-09-24 23:30:00.413439+00:00,laboral,16-19,Suficiente,Fuera de 30 minutos
2284,54.4,59.88333333333333,7,0,2026-09-14 16:47:11.840367+00:00,2026-09-24 23:30:00.413439+00:00,0.0,7.0,54.4,59.88333333333333,,,,51.88333333333333,2026-09-24 23:30:00.413439+00:00,laboral,16-19,Suficiente,Fuera de 30 minutos
2285,54.083333333333336,58.083333333333336,7,0,2026-09-14 16:47:11.360449+00:00,2026-09-24 23:29:59.928061+00:00,0.0,7.0,54.083333333333336,58.083333333333336,,,,58.81666666666667,2026-09-24 23:29:59.928061+00:00,laboral,16-19,Suficiente,Fuera de 30 minutos
2286,53.35,53.35,7,0,2026-09-14 16:47:10.781852+00:00,2026-09-24 23:29:59.435170+00:00,0.0,7.0,53.35,53.35,,,,53.35,2026-09-24 23:29:59.435170+00:00,laboral,16-19,Suficiente,Fuera de 30 minutos
2287,51.583333333333336,51.583333333333336,7,0,2026-09-14 16:47:09.792714+00:00,2026-09-24 23:29:58.414214+00:00,0.0,7.0,51.583333333333336,51.583333333333336,,,,51.583333333333336,2026-09-24 23:29:58.414214+00:00,laboral,16-19,Suficiente,Fuera de 30 minutos
2288,29.916666666666668,29.916666666666668,9,9,2026-09-14 16:47:08.611611+00:00,2026-09-28 04:40:13.525194+00:00,1.0,8.0,29.916666666666668,29.916666666666668,1.0,29.7,29.7,29.7,2026-09-28 04:40:13.525194+00:00,fin_de_semana,19-23,Suficiente,Acceso confiable
2289,30.5,30.5,7,0,2026-09-14 16:47:11.360449+00:00,2026-09-24 23:29:59.928061+00:00,0.0,7.0,30.5,30.5,,,,30.5,2026-09-24 23:29:59.928061+00:00,laboral,16-19,Suficiente,Fuera de 30 minutos
2290,39.78333333333333,39.78333333333333,9,2,2026-09-14 16:47:12.379539+00:00,2026-09-28 04:40:14.046314+00:00,0.2222222222222222,8.0,39.78333333333333,39.78333333333333,1.0,29.3,29.3,29.3,2026-09-28 04:40:14.046314+00:00,fin_de_semana,19-23,Suficiente,Fuera de 30 minutos
2291,32.31666666666667,38.4,9,1,2026-09-14 16:47:11.840367+00:00,2026-09-28 04:40:14.046314+00:00,0.1111111111111111,8.0,32.31666666666667,38.4,1.0,51.3,51.3,51.3,2026-09-28 04:40:14.046314+00:00,fin_de_semana,19-23,Suficiente,Fuera de 30 minutos
2292,31.216666666666665,33.656666666666666,9,2,2026-09-14 16:47:11.360449+00:00,2026-09-28 04:40:14.046314+00:00,0.2222222222222222,8.0,31.216666666666665,34.87666666666667,1.0,27.3,27.3,27.3,2026-09-28 04:40:14.046314+00:00,fin_de_semana,19-23,Suficiente,Fuera de 30 minutos
2293,30.183333333333337,32.63,9,3,2026-09-14 16:47:11.360449+00:00,2026-09-28 04:40:14.046314+00:00,0.3333333333333333,8.0,30.183333333333337,33.85333333333334,1.0,26.483333333333334,26.483333333333334,26.483333333333334,2026-09-28 04:40:14.046314+00:00,fin_de_semana,19-23,Suficiente,Fuera de 30 minutos
2294,29.233333333333334,31.680000000000003,9,7,2026-09-14 16:47:10.781852+00:00,2026-09-28 04:40:14.046314+00:00,0.7777777777777778,8.0,29.233333333333334,32.903333333333336,1.0,25.733333333333334,25.733333333333334,25.733333333333334,2026-09-28 04:40:14.046314+00:00,fin_de_semana,19-23,Suficiente,Acceso habitual pero variable
2295,28.616666666666667,28.616666666666667,9,8,2026-09-14 16:47:10.781852+00:00,2026-09-28 04:40:14.046314+00:00,0.8888888888888888,8.0,28.616666666666667,28.616666666666667,1.0,25.233333333333334,25.233333333333334,25.233333333333334,2026-09-28 04:40:14.046314+00:00,fin_de_semana,19-23,Suficiente,Acceso confiable
2296,28.0,28.0,9,8,2026-09-14 16:47:10.283593+00:00,2026-09-28 04:40:14.046314+00:00,0.8888888888888888,8.0,28.0,28.0,1.0,24.733333333333334,24.733333333333334,24.733333333333334,2026-09-28 04:40:14.046314+00:00,fin_de_semana,19-23,Suficiente,Acceso confiable
2298,39.916666666666664,46.53333333333333,7,0,2026-09-14 16:47:12.918101+00:00,2026-09-24 23:30:01.442571+00:00,0.0,7.0,39.916666666666664,46.53333333333333,,,,33.75,2026-09-24 23:30:01.442571+00:00,laboral,16-19,Suficiente,Fuera de 30 minutos
2299,44.81666666666667,44.81666666666667,7,0,2026-09-14 16:47:12.918101+00:00,2026-09-24 23:30:01.442571+00:00,0.0,7.0,44.81666666666667,44.81666666666667,,,,44.81666666666667,2026-09-24 23:30:01.442571+00:00,laboral,16-19,Suficiente,Fuera de 30 minutos
2300,43.7,43.7,7,0,2026-09-14 16:47:12.379539+00:00,2026-09-24 23:30:00.935687+00:00,0.0,7.0,43.7,43.7,,,,43.7,2026-09-24 23:30:00.935687+00:00,laboral,16-19,Suficiente,Fuera de 30 minutos
2301,33.06666666666667,42.35,9,0,2026-09-14 16:47:11.840367+00:00,2026-09-28 04:40:14.595531+00:00,0.0,8.0,33.06666666666667,42.35,1.0,56.71666666666667,56.71666666666667,56.71666666666667,2026-09-28 04:40:14.595531+00:00,fin_de_semana,19-23,Suficiente,Fuera de 30 minutos
2302,36.666666666666664,38.18,9,0,2026-09-14 16:47:11.360449+00:00,2026-09-28 04:40:14.595531+00:00,0.0,8.0,36.666666666666664,36.666666666666664,1.0,52.3,52.3,52.3,2026-09-28 04:40:14.595531+00:00,fin_de_semana,19-23,Suficiente,Fuera de 30 minutos
2303,35.016666666666666,36.75666666666667,9,0,2026-09-14 16:47:10.781852+00:00,2026-09-28 04:40:14.595531+00:00,0.0,8.0,35.016666666666666,35.016666666666666,1.0,53.6,53.6,53.6,2026-09-28 04:40:14.595531+00:00,fin_de_semana,19-23,Suficiente,Fuera de 30 minutos
2304,34.233333333333334,35.9,9,0,2026-09-14 16:47:10.781852+00:00,2026-09-28 04:40:14.595531+00:00,0.0,8.0,34.233333333333334,34.233333333333334,1.0,55.88333333333333,55.88333333333333,55.88333333333333,2026-09-28 04:40:14.595531+00:00,fin_de_semana,19-23,Suficiente,Fuera de 30 minutos
2305,33.583333333333336,35.190000000000005,9,0,2026-09-14 16:47:10.283593+00:00,2026-09-28 04:40:14.595531+00:00,0.0,8.0,33.583333333333336,33.583333333333336,1.0,57.9,57.9,57.9,2026-09-28 04:40:14.595531+00:00,fin_de_semana,19-23,Suficiente,Fuera de 30 minutos
2306,32.916666666666664,36.50666666666667,9,0,2026-09-14 16:47:10.283593+00:00,2026-09-28 04:40:14.595531+00:00,0.0,8.0,32.916666666666664,34.96666666666667,1.0,59.55,59.55,59.55,2026-09-28 04:40:14.595531+00:00,fin_de_semana,19-23,Suficiente,Fuera de 30 minutos
2307,35.916666666666664,35.916666666666664,9,0,2026-09-14 16:47:10.283593+00:00,2026-09-28 04:40:14.046314+00:00,0.0,8.0,35.80833333333334,35.916666666666664,1.0,57.0,57.0,57.0,2026-09-28 04:40:14.046314+00:00,fin_de_semana,19-23,Suficiente,Fuera de 30 minutos
2308,24.3,27.933333333333337,9,8,2026-09-14 16:47:09.792714+00:00,2026-09-28 04:40:14.046314+00:00,0.8888888888888888,8.0,24.3,27.933333333333337,1.0,51.666666666666664,51.666666666666664,51.666666666666664,2026-09-28 04:40:14.046314+00:00,fin_de_semana,19-23,Suficiente,Acceso confiable
2309,22.383333333333333,22.383333333333333,9,8,2026-09-14 16:47:08.611611+00:00,2026-09-28 04:40:13.525194+00:00,0.8888888888888888,8.0,22.191666666666666,22.383333333333333,1.0,32.21666666666667,32.21666666666667,32.21666666666667,2026-09-28 04:40:13.525194+00:00,fin_de_semana,19-23,Suficiente,Acceso confiable
2310,15.466666666666669,15.8,9,9,2026-09-14 16:47:07.157796+00:00,2026-09-28 04:40:12.986595+00:00,1.0,8.0,15.366666666666667,15.666666666666668,1.0,27.316666666666663,27.316666666666663,27.316666666666663,2026-09-28 04:40:12.986595+00:00,fin_de_semana,19-23,Suficiente,Acceso confiable
2311,12.9,13.96,9,9,2026-09-14 16:47:07.157796+00:00,2026-09-28 04:40:12.986595+00:00,1.0,8.0,12.891666666666666,13.84,1.0,19.516666666666666,19.516666666666666,19.516666666666666,2026-09-28 04:40:12.986595+00:00,fin_de_semana,19-23,Suficiente,Acceso confiable
2312,12.833333333333334,13.123333333333333,9,9,2026-09-14 16:47:07.157796+00:00,2026-09-28 04:40:12.986595+00:00,1.0,8.0,12.475000000000001,13.036666666666667,1.0,18.9,18.9,18.9,2026-09-28 04:40:12.986595+00:00,fin_de_semana,19-23,Suficiente,Acceso confiable
2313,11.7,11.866666666666667,9,9,2026-09-14 16:47:07.157796+00:00,2026-09-28 04:40:12.986595+00:00,1.0,8.0,11.391666666666666,11.8,1.0,14.716666666666669,14.716666666666669,14.716666666666669,2026-09-28 04:40:12.986595+00:00,fin_de_semana,19-23,Suficiente,Acceso confiable
2314,10.683333333333334,10.8,9,9,2026-09-14 16:47:09.286590+00:00,2026-09-28 04:40:14.046314+00:00,1.0,8.0,10.608333333333333,10.8,1.0,15.133333333333333,15.133333333333333,15.133333333333333,2026-09-28 04:40:14.046314+00:00,fin_de_semana,19-23,Suficiente,Acceso confiable
2315,8.983333333333333,8.983333333333333,9,9,2026-09-14 16:47:09.286590+00:00,2026-09-28 04:40:14.046314+00:00,1.0,8.0,8.983333333333333,8.983333333333333,1.0,8.983333333333333,8.983333333333333,8.983333333333333,2026-09-28 04:40:14.046314+00:00,fin_de_semana,19-23,Suficiente,Acceso confiable
2316,7.916666666666667,7.916666666666667,9,9,2026-09-14 16:47:12.379539+00:00,2026-09-28 04:40:14.595531+00:00,1.0,8.0,7.916666666666667,7.916666666666667,1.0,7.916666666666667,7.916666666666667,7.916666666666667,2026-09-28 04:40:14.595531+00:00,fin_de_semana,19-23,Suficiente,Acceso confiable
2317,10.116666666666667,10.116666666666667,7,7,2026-09-14 16:47:11.360449+00:00,2026-09-24 23:29:59.928061+00:00,1.0,7.0,10.116666666666667,10.116666666666667,,,,10.116666666666667,2026-09-24 23:29:59.928061+00:00,laboral,16-19,Suficiente,Acceso confiable
2318,6.2,10.680000000000005,7,7,2026-09-14 16:47:10.781852+00:00,2026-09-24 23:29:59.435170+00:00,1.0,7.0,6.2,10.680000000000005,,,,6.2,2026-09-24 23:29:59.435170+00:00,laboral,16-19,Suficiente,Acceso confiable
2319,8.15,13.150000000000006,7,7,2026-09-14 16:47:10.283593+00:00,2026-09-24 23:29:58.908213+00:00,1.0,7.0,8.15,13.150000000000006,,,,8.15,2026-09-24 23:29:58.908213+00:00,laboral,16-19,Suficiente,Acceso confiable
2320,8.866666666666667,14.040000000000004,7,7,2026-09-14 16:47:10.283593+00:00,2026-09-24 23:29:58.908213+00:00,1.0,7.0,8.866666666666667,14.040000000000004,,,,8.866666666666667,2026-09-24 23:29:58.908213+00:00,laboral,16-19,Suficiente,Acceso confiable
2321,23.133333333333333,26.033333333333335,7,7,2026-09-14 16:47:09.286590+00:00,2026-09-24 23:29:57.874683+00:00,1.0,7.0,23.133333333333333,26.033333333333335,,,,18.45,2026-09-24 23:29:57.874683+00:00,laboral,16-19,Suficiente,Acceso confiable
2323,35.7,35.7,7,0,2026-09-14 16:47:12.918101+00:00,2026-09-24 23:30:01.442571+00:00,0.0,7.0,35.7,35.7,,,,35.7,2026-09-24 23:30:01.442571+00:00,laboral,16-19,Suficiente,Fuera de 30 minutos
2324,37.083333333333336,37.083333333333336,7,0,2026-09-14 16:47:12.379539+00:00,2026-09-24 23:30:00.935687+00:00,0.0,7.0,37.083333333333336,37.083333333333336,,,,37.083333333333336,2026-09-24 23:30:00.935687+00:00,laboral,16-19,Suficiente,Fuera de 30 minutos
2325,38.36666666666667,38.36666666666667,7,0,2026-09-14 16:47:11.840367+00:00,2026-09-24 23:30:00.413439+00:00,0.0,7.0,38.36666666666667,38.36666666666667,,,,38.36666666666667,2026-09-24 23:30:00.413439+00:00,laboral,16-19,Suficiente,Fuera de 30 minutos
2326,40.65,40.65,7,0,2026-09-14 16:47:11.360449+00:00,2026-09-24 23:29:59.928061+00:00,0.0,7.0,40.65,40.65,,,,40.65,2026-09-24 23:29:59.928061+00:00,laboral,16-19,Suficiente,Fuera de 30 minutos
2328,45.4,45.4,7,0,2026-09-14 16:47:10.781852+00:00,2026-09-24 23:29:59.435170+00:00,0.0,7.0,45.4,45.4,,,,45.4,2026-09-24 23:29:59.435170+00:00,laboral,16-19,Suficiente,Fuera de 30 minutos
2329,37.016666666666666,37.016666666666666,9,0,2026-09-14 16:47:08.611611+00:00,2026-09-28 04:40:12.986595+00:00,0.0,8.0,36.45,37.016666666666666,1.0,37.016666666666666,37.016666666666666,37.016666666666666,2026-09-28 04:40:12.986595+00:00,fin_de_semana,19-23,Suficiente,Fuera de 30 minutos
2330,35.53333333333333,35.53333333333333,9,0,2026-09-14 16:47:08.611611+00:00,2026-09-28 04:40:12.986595+00:00,0.0,8.0,35.53333333333333,35.53333333333333,1.0,40.4,40.4,40.4,2026-09-28 04:40:12.986595+00:00,fin_de_semana,19-23,Suficiente,Fuera de 30 minutos
2331,34.13333333333333,34.13333333333333,9,0,2026-09-14 16:47:07.157796+00:00,2026-09-28 04:40:12.986595+00:00,0.0,8.0,34.13333333333333,34.13333333333333,1.0,34.13333333333333,34.13333333333333,34.13333333333333,2026-09-28 04:40:12.986595+00:00,fin_de_semana,19-23,Suficiente,Fuera de 30 minutos
2332,32.25,32.25,9,4,2026-09-14 16:47:07.157796+00:00,2026-09-28 04:40:12.986595+00:00,0.4444444444444444,8.0,30.575,32.25,1.0,32.25,32.25,32.25,2026-09-28 04:40:12.986595+00:00,fin_de_semana,19-23,Suficiente,Fuera de 30 minutos
2333,27.266666666666666,31.083333333333332,9,5,2026-09-14 16:47:07.157796+00:00,2026-09-28 04:40:12.986595+00:00,0.5555555555555556,8.0,27.266666666666666,31.083333333333332,1.0,56.4,56.4,56.4,2026-09-28 04:40:12.986595+00:00,fin_de_semana,19-23,Suficiente,Acceso habitual pero variable
2334,30.066666666666663,30.066666666666663,9,4,2026-09-14 16:47:07.157796+00:00,2026-09-28 04:40:12.986595+00:00,0.4444444444444444,8.0,27.966666666666665,30.066666666666663,1.0,53.21666666666667,53.21666666666667,53.21666666666667,2026-09-28 04:40:12.986595+00:00,fin_de_semana,19-23,Suficiente,Fuera de 30 minutos
2335,27.666666666666668,27.666666666666668,9,8,2026-09-14 16:47:07.157796+00:00,2026-09-28 04:40:12.986595+00:00,0.8888888888888888,8.0,25.041666666666668,27.666666666666668,1.0,44.166666666666664,44.166666666666664,44.166666666666664,2026-09-28 04:40:12.986595+00:00,fin_de_semana,19-23,Suficiente,Acceso confiable
2336,20.5,26.316666666666663,9,8,2026-09-14 16:47:07.157796+00:00,2026-09-28 04:40:12.986595+00:00,0.8888888888888888,8.0,20.5,23.990000000000002,1.0,39.93333333333333,39.93333333333333,39.93333333333333,2026-09-28 04:40:12.986595+00:00,fin_de_semana,19-23,Suficiente,Acceso confiable
2337,18.0,18.22,9,8,2026-09-14 16:47:07.157796+00:00,2026-09-28 04:40:12.986595+00:00,0.8888888888888888,8.0,18.0,18.0,1.0,33.88333333333333,33.88333333333333,33.88333333333333,2026-09-28 04:40:12.986595+00:00,fin_de_semana,19-23,Suficiente,Acceso confiable
2338,8.866666666666667,15.333333333333334,9,9,2026-09-14 16:47:07.157796+00:00,2026-09-28 04:40:12.986595+00:00,1.0,8.0,8.866666666666667,12.74666666666667,1.0,24.2,24.2,24.2,2026-09-28 04:40:12.986595+00:00,fin_de_semana,19-23,Suficiente,Acceso confiable
2339,8.15,14.4,9,9,2026-09-14 16:47:07.157796+00:00,2026-09-28 04:40:12.986595+00:00,1.0,8.0,8.15,11.900000000000004,1.0,22.033333333333335,22.033333333333335,22.033333333333335,2026-09-28 04:40:12.986595+00:00,fin_de_semana,19-23,Suficiente,Acceso confiable
2340,6.2,11.8,9,9,2026-09-14 16:47:07.157796+00:00,2026-09-28 04:40:12.986595+00:00,1.0,8.0,6.2,11.8,1.0,14.55,14.55,14.55,2026-09-28 04:40:12.986595+00:00,fin_de_semana,19-23,Suficiente,Acceso confiable
2341,4.55,9.766666666666667,9,9,2026-09-14 16:47:07.157796+00:00,2026-09-28 04:40:12.986595+00:00,1.0,8.0,4.55,9.766666666666667,1.0,9.766666666666667,9.766666666666667,9.766666666666667,2026-09-28 04:40:12.986595+00:00,fin_de_semana,19-23,Suficiente,Acceso confiable
2342,9.416666666666666,9.416666666666666,9,9,2026-09-14 16:47:09.286590+00:00,2026-09-28 04:40:13.525194+00:00,1.0,8.0,9.416666666666666,9.416666666666666,1.0,9.416666666666666,9.416666666666666,9.416666666666666,2026-09-28 04:40:13.525194+00:00,fin_de_semana,19-23,Suficiente,Acceso confiable
2343,14.466666666666669,14.466666666666669,9,9,2026-09-14 16:47:08.611611+00:00,2026-09-28 04:40:13.525194+00:00,1.0,8.0,14.466666666666669,14.466666666666669,1.0,14.466666666666669,14.466666666666669,14.466666666666669,2026-09-28 04:40:13.525194+00:00,fin_de_semana,19-23,Suficiente,Acceso confiable
2344,18.333333333333332,18.333333333333332,9,9,2026-09-14 16:47:08.611611+00:00,2026-09-28 04:40:13.525194+00:00,1.0,8.0,18.333333333333332,18.333333333333332,1.0,18.333333333333332,18.333333333333332,18.333333333333332,2026-09-28 04:40:13.525194+00:00,fin_de_semana,19-23,Suficiente,Acceso confiable
2345,21.716666666666665,21.916666666666668,9,9,2026-09-14 16:47:08.611611+00:00,2026-09-28 04:40:13.525194+00:00,1.0,8.0,21.716666666666665,21.916666666666668,1.0,22.15,22.15,22.15,2026-09-28 04:40:13.525194+00:00,fin_de_semana,19-23,Suficiente,Acceso confiable
2355,42.016666666666666,42.016666666666666,7,0,2026-09-14 16:47:12.918101+00:00,2026-09-24 23:30:01.442571+00:00,0.0,7.0,42.016666666666666,42.016666666666666,,,,36.583333333333336,2026-09-24 23:30:01.442571+00:00,laboral,16-19,Suficiente,Fuera de 30 minutos
2364,40.833333333333336,40.833333333333336,7,0,2026-09-14 16:47:12.918101+00:00,2026-09-24 23:30:01.442571+00:00,0.0,7.0,40.833333333333336,40.833333333333336,,,,34.75,2026-09-24 23:30:01.442571+00:00,laboral,16-19,Suficiente,Fuera de 30 minutos
2365,40.86666666666667,40.86666666666667,7,0,2026-09-14 16:47:12.918101+00:00,2026-09-24 23:30:01.442571+00:00,0.0,7.0,40.86666666666667,40.86666666666667,,,,34.8,2026-09-24 23:30:01.442571+00:00,laboral,16-19,Suficiente,Fuera de 30 minutos
2366,42.81666666666667,46.56666666666667,7,0,2026-09-14 16:47:11.360449+00:00,2026-09-24 23:29:59.928061+00:00,0.0,7.0,42.81666666666667,46.56666666666667,,,,46.56666666666667,2026-09-24 23:29:59.928061+00:00,laboral,16-19,Suficiente,Fuera de 30 minutos
2367,48.13333333333333,50.11666666666667,7,0,2026-09-14 16:47:12.918101+00:00,2026-09-24 23:30:01.442571+00:00,0.0,7.0,48.13333333333333,50.11666666666667,,,,50.11666666666667,2026-09-24 23:30:01.442571+00:00,laboral,16-19,Suficiente,Fuera de 30 minutos
2368,47.71666666666667,51.06666666666667,7,0,2026-09-14 16:47:12.379539+00:00,2026-09-24 23:30:00.935687+00:00,0.0,7.0,47.71666666666667,51.06666666666667,,,,51.06666666666667,2026-09-24 23:30:00.935687+00:00,laboral,16-19,Suficiente,Fuera de 30 minutos
2370,51.06666666666667,51.06666666666667,7,0,2026-09-14 16:47:13.422871+00:00,2026-09-24 23:30:01.951752+00:00,0.0,7.0,51.06666666666667,51.06666666666667,,,,51.06666666666667,2026-09-24 23:30:01.951752+00:00,laboral,16-19,Suficiente,Fuera de 30 minutos
2371,49.766666666666666,49.766666666666666,7,0,2026-09-14 16:47:12.918101+00:00,2026-09-24 23:30:01.442571+00:00,0.0,7.0,49.766666666666666,49.766666666666666,,,,49.766666666666666,2026-09-24 23:30:01.442571+00:00,laboral,16-19,Suficiente,Fuera de 30 minutos
2372,48.28333333333333,48.583333333333336,7,0,2026-09-14 16:47:11.840367+00:00,2026-09-24 23:30:00.413439+00:00,0.0,7.0,48.28333333333333,48.583333333333336,,,,48.583333333333336,2026-09-24 23:30:00.413439+00:00,laboral,16-19,Suficiente,Fuera de 30 minutos
2373,46.416666666666664,46.68333333333333,7,0,2026-09-14 16:47:11.360449+00:00,2026-09-24 23:29:59.928061+00:00,0.0,7.0,46.416666666666664,46.68333333333333,,,,46.68333333333333,2026-09-24 23:29:59.928061+00:00,laboral,16-19,Suficiente,Fuera de 30 minutos
2374,37.983333333333334,41.476666666666674,7,0,2026-09-14 16:47:11.360449+00:00,2026-09-24 23:29:59.928061+00:00,0.0,7.0,37.983333333333334,41.476666666666674,,,,37.983333333333334,2026-09-24 23:29:59.928061+00:00,laboral,16-19,Suficiente,Fuera de 30 minutos
2375,35.03333333333333,35.03333333333333,7,0,2026-09-14 16:47:10.283593+00:00,2026-09-24 23:29:58.908213+00:00,0.0,7.0,35.03333333333333,35.03333333333333,,,,35.03333333333333,2026-09-24 23:29:58.908213+00:00,laboral,16-19,Suficiente,Fuera de 30 minutos
2378,13.1,13.1,9,9,2026-09-14 16:47:09.792714+00:00,2026-09-28 04:40:14.595531+00:00,1.0,8.0,13.1,13.1,1.0,13.1,13.1,13.1,2026-09-28 04:40:14.595531+00:00,fin_de_semana,19-23,Suficiente,Acceso confiable
2379,20.216666666666665,20.416666666666668,7,7,2026-09-14 16:47:09.286590+00:00,2026-09-24 23:29:57.874683+00:00,1.0,7.0,20.216666666666665,20.416666666666668,,,,20.416666666666668,2026-09-24 23:29:57.874683+00:00,laboral,16-19,Suficiente,Acceso confiable
2380,34.56666666666667,34.56666666666667,7,0,2026-09-14 16:47:10.781852+00:00,2026-09-24 23:29:59.435170+00:00,0.0,7.0,34.56666666666667,34.56666666666667,,,,34.11666666666667,2026-09-24 23:29:59.435170+00:00,laboral,16-19,Suficiente,Fuera de 30 minutos
2381,34.61666666666667,35.13333333333333,7,0,2026-09-14 16:47:10.781852+00:00,2026-09-24 23:29:59.435170+00:00,0.0,7.0,34.61666666666667,35.13333333333333,,,,34.61666666666667,2026-09-24 23:29:59.435170+00:00,laboral,16-19,Suficiente,Fuera de 30 minutos
2382,34.68333333333333,34.68333333333333,7,0,2026-09-14 16:47:10.283593+00:00,2026-09-24 23:29:58.908213+00:00,0.0,7.0,34.68333333333333,34.68333333333333,,,,34.11666666666667,2026-09-24 23:29:58.908213+00:00,laboral,16-19,Suficiente,Fuera de 30 minutos
2383,41.45,48.6,7,0,2026-09-14 16:47:10.283593+00:00,2026-09-24 23:29:58.908213+00:00,0.0,7.0,41.45,48.6,,,,39.0,2026-09-24 23:29:58.908213+00:00,laboral,16-19,Suficiente,Fuera de 30 minutos
2384,54.21666666666667,54.21666666666667,7,0,2026-09-14 16:47:12.918101+00:00,2026-09-24 23:30:01.442571+00:00,0.0,7.0,54.21666666666667,54.21666666666667,,,,54.21666666666667,2026-09-24 23:30:01.442571+00:00,laboral,16-19,Suficiente,Fuera de 30 minutos
2387,46.86666666666667,50.016666666666666,7,0,2026-09-14 16:47:12.918101+00:00,2026-09-24 23:30:01.442571+00:00,0.0,7.0,46.86666666666667,50.016666666666666,,,,50.016666666666666,2026-09-24 23:30:01.442571+00:00,laboral,16-19,Suficiente,Fuera de 30 minutos
2388,34.46666666666667,34.46666666666667,7,0,2026-09-14 16:47:09.792714+00:00,2026-09-24 23:29:58.414214+00:00,0.0,7.0,34.46666666666667,34.46666666666667,,,,33.9,2026-09-24 23:29:58.414214+00:00,laboral,16-19,Suficiente,Fuera de 30 minutos
2389,32.0,32.516666666666666,7,0,2026-09-14 16:47:09.286590+00:00,2026-09-24 23:29:57.874683+00:00,0.0,7.0,32.0,32.516666666666666,,,,32.0,2026-09-24 23:29:57.874683+00:00,laboral,16-19,Suficiente,Fuera de 30 minutos
2390,30.75,32.86666666666667,9,3,2026-09-14 16:47:08.611611+00:00,2026-09-28 04:40:13.525194+00:00,0.3333333333333333,8.0,30.508333333333333,33.13,1.0,31.633333333333333,31.633333333333333,31.633333333333333,2026-09-28 04:40:13.525194+00:00,fin_de_semana,19-23,Suficiente,Fuera de 30 minutos
2391,30.016666666666666,32.22,9,4,2026-09-14 16:47:08.611611+00:00,2026-09-28 04:40:13.525194+00:00,0.4444444444444444,8.0,29.78333333333333,32.43666666666667,1.0,31.0,31.0,31.0,2026-09-28 04:40:13.525194+00:00,fin_de_semana,19-23,Suficiente,Fuera de 30 minutos
2392,18.766666666666666,20.306666666666665,9,8,2026-09-14 16:47:07.157796+00:00,2026-09-28 04:40:12.986595+00:00,0.8888888888888888,8.0,18.766666666666666,19.54,1.0,40.15,40.15,40.15,2026-09-28 04:40:12.986595+00:00,fin_de_semana,19-23,Suficiente,Acceso confiable
2393,9.733333333333333,10.163333333333332,9,9,2026-09-14 16:47:09.286590+00:00,2026-09-28 04:40:13.525194+00:00,1.0,8.0,9.733333333333333,9.903333333333332,1.0,12.033333333333331,12.033333333333331,12.033333333333331,2026-09-28 04:40:13.525194+00:00,fin_de_semana,19-23,Suficiente,Acceso confiable
2394,8.9,8.9,9,9,2026-09-14 16:47:09.286590+00:00,2026-09-28 04:40:13.525194+00:00,1.0,8.0,8.9,8.9,1.0,8.9,8.9,8.9,2026-09-28 04:40:13.525194+00:00,fin_de_semana,19-23,Suficiente,Acceso confiable
2400,29.916666666666668,30.483333333333334,9,6,2026-09-14 16:47:10.283593+00:00,2026-09-28 04:40:14.595531+00:00,0.6666666666666666,8.0,28.991666666666667,30.256666666666668,1.0,55.266666666666666,55.266666666666666,55.266666666666666,2026-09-28 04:40:14.595531+00:00,fin_de_semana,19-23,Suficiente,Acceso habitual pero variable
2401,42.333333333333336,43.553333333333335,7,0,2026-09-14 16:47:11.840367+00:00,2026-09-24 23:30:00.413439+00:00,0.0,7.0,42.333333333333336,43.553333333333335,,,,43.833333333333336,2026-09-24 23:30:00.413439+00:00,laboral,16-19,Suficiente,Fuera de 30 minutos
2402,42.56666666666667,46.39666666666667,7,0,2026-09-14 16:47:11.360449+00:00,2026-09-24 23:29:59.928061+00:00,0.0,7.0,42.56666666666667,46.39666666666667,,,,41.983333333333334,2026-09-24 23:29:59.928061+00:00,laboral,16-19,Suficiente,Fuera de 30 minutos
2403,39.43333333333333,40.18333333333333,7,0,2026-09-14 16:47:10.781852+00:00,2026-09-24 23:29:59.435170+00:00,0.0,7.0,39.43333333333333,40.18333333333333,,,,38.85,2026-09-24 23:29:59.435170+00:00,laboral,16-19,Suficiente,Fuera de 30 minutos
2404,38.31666666666667,40.79333333333334,9,0,2026-09-14 16:47:10.781852+00:00,2026-09-28 04:40:14.595531+00:00,0.0,8.0,38.28333333333333,39.44,1.0,42.13333333333333,42.13333333333333,42.13333333333333,2026-09-28 04:40:14.595531+00:00,fin_de_semana,19-23,Suficiente,Fuera de 30 minutos
2405,37.5,39.223333333333336,9,0,2026-09-14 16:47:10.781852+00:00,2026-09-28 04:40:14.046314+00:00,0.0,8.0,37.483333333333334,38.64333333333333,1.0,39.38333333333333,39.38333333333333,39.38333333333333,2026-09-28 04:40:14.046314+00:00,fin_de_semana,19-23,Suficiente,Fuera de 30 minutos
2409,36.166666666666664,36.166666666666664,7,0,2026-09-14 16:47:11.360449+00:00,2026-09-24 23:29:59.928061+00:00,0.0,7.0,36.166666666666664,36.166666666666664,,,,36.166666666666664,2026-09-24 23:29:59.928061+00:00,laboral,16-19,Suficiente,Fuera de 30 minutos
2410,38.333333333333336,39.583333333333336,9,0,2026-09-14 16:47:10.781852+00:00,2026-09-28 04:40:14.595531+00:00,0.0,8.0,38.333333333333336,39.123333333333335,1.0,42.03333333333333,42.03333333333333,42.03333333333333,2026-09-28 04:40:14.595531+00:00,fin_de_semana,19-23,Suficiente,Fuera de 30 minutos
2411,33.733333333333334,34.57333333333333,9,0,2026-09-14 16:47:10.283593+00:00,2026-09-28 04:40:14.595531+00:00,0.0,8.0,33.733333333333334,34.3,1.0,59.733333333333334,59.733333333333334,59.733333333333334,2026-09-28 04:40:14.595531+00:00,fin_de_semana,19-23,Suficiente,Fuera de 30 minutos
2412,30.316666666666663,31.156666666666666,9,3,2026-09-14 16:47:09.792714+00:00,2026-09-28 04:40:14.046314+00:00,0.3333333333333333,8.0,30.316666666666663,30.883333333333333,1.0,56.31666666666667,56.31666666666667,56.31666666666667,2026-09-28 04:40:14.046314+00:00,fin_de_semana,19-23,Suficiente,Fuera de 30 minutos
2413,31.916666666666668,32.46333333333334,7,0,2026-09-14 16:47:13.422871+00:00,2026-09-24 23:30:01.951752+00:00,0.0,7.0,31.916666666666668,32.46333333333334,,,,32.6,2026-09-24 23:30:01.951752+00:00,laboral,16-19,Suficiente,Fuera de 30 minutos
2414,32.516666666666666,33.13333333333333,7,0,2026-09-14 16:47:12.918101+00:00,2026-09-24 23:30:01.442571+00:00,0.0,7.0,32.516666666666666,33.13333333333333,,,,33.13333333333333,2026-09-24 23:30:01.442571+00:00,laboral,16-19,Suficiente,Fuera de 30 minutos
2418,26.866666666666667,26.866666666666667,9,8,2026-09-14 16:47:10.283593+00:00,2026-09-28 04:40:14.046314+00:00,0.8888888888888888,8.0,26.866666666666667,26.866666666666667,1.0,23.85,23.85,23.85,2026-09-28 04:40:14.046314+00:00,fin_de_semana,19-23,Suficiente,Acceso confiable
2419,25.816666666666663,25.816666666666663,9,8,2026-09-14 16:47:09.792714+00:00,2026-09-28 04:40:13.525194+00:00,0.8888888888888888,8.0,25.816666666666663,25.816666666666663,1.0,23.016666666666666,23.016666666666666,23.016666666666666,2026-09-28 04:40:13.525194+00:00,fin_de_semana,19-23,Suficiente,Acceso confiable
2429,36.78333333333333,36.78333333333333,7,0,2026-09-14 16:47:09.792714+00:00,2026-09-24 23:29:58.414214+00:00,0.0,7.0,36.78333333333333,36.78333333333333,,,,39.516666666666666,2026-09-24 23:29:58.414214+00:00,laboral,16-19,Suficiente,Fuera de 30 minutos
2442,43.233333333333334,43.910000000000004,7,0,2026-09-14 16:47:12.379539+00:00,2026-09-24 23:30:00.935687+00:00,0.0,7.0,43.233333333333334,43.910000000000004,,,,43.15,2026-09-24 23:30:00.935687+00:00,laboral,16-19,Suficiente,Fuera de 30 minutos
2445,44.8,46.693333333333335,7,0,2026-09-14 16:47:12.918101+00:00,2026-09-24 23:30:01.442571+00:00,0.0,7.0,44.8,46.693333333333335,,,,43.88333333333333,2026-09-24 23:30:01.442571+00:00,laboral,16-19,Suficiente,Fuera de 30 minutos
2446,37.96666666666667,38.556666666666665,7,0,2026-09-14 16:47:12.379539+00:00,2026-09-24 23:30:00.935687+00:00,0.0,7.0,37.96666666666667,38.556666666666665,,,,37.75,2026-09-24 23:30:00.935687+00:00,laboral,16-19,Suficiente,Fuera de 30 minutos
2447,37.25,37.839999999999996,7,0,2026-09-14 16:47:12.379539+00:00,2026-09-24 23:30:00.935687+00:00,0.0,7.0,37.25,37.839999999999996,,,,37.03333333333333,2026-09-24 23:30:00.935687+00:00,laboral,16-19,Suficiente,Fuera de 30 minutos
2448,41.45833333333333,42.14666666666667,8,0,2026-09-14 16:47:11.840367+00:00,2026-09-25 04:00:35.720688+00:00,0.0,8.0,41.45833333333333,42.14666666666667,,,,68.0,2026-09-25 04:00:35.720688+00:00,laboral,19-23,Suficiente,Fuera de 30 minutos
2449,39.833333333333336,50.49333333333333,9,0,2026-09-14 16:47:11.360449+00:00,2026-09-28 04:40:14.595531+00:00,0.0,8.0,39.65833333333333,47.56000000000001,1.0,49.266666666666666,49.266666666666666,49.266666666666666,2026-09-28 04:40:14.595531+00:00,fin_de_semana,19-23,Suficiente,Fuera de 30 minutos
2450,35.8,38.86666666666667,9,0,2026-09-14 16:47:09.792714+00:00,2026-09-28 04:40:13.525194+00:00,0.0,8.0,35.15833333333333,38.86666666666667,1.0,58.03333333333333,58.03333333333333,58.03333333333333,2026-09-28 04:40:13.525194+00:00,fin_de_semana,19-23,Suficiente,Fuera de 30 minutos
2451,28.433333333333337,30.843333333333337,9,6,2026-09-14 16:47:09.792714+00:00,2026-09-28 04:40:13.525194+00:00,0.6666666666666666,8.0,28.433333333333337,29.543333333333337,1.0,52.516666666666666,52.516666666666666,52.516666666666666,2026-09-28 04:40:13.525194+00:00,fin_de_semana,19-23,Suficiente,Acceso habitual pero variable
2452,27.75,29.6,9,8,2026-09-14 16:47:10.283593+00:00,2026-09-28 04:40:14.046314+00:00,0.8888888888888888,8.0,27.75,29.6,1.0,49.55,49.55,49.55,2026-09-28 04:40:14.046314+00:00,fin_de_semana,19-23,Suficiente,Acceso confiable
2453,25.75,26.566666666666663,9,8,2026-09-14 16:47:09.792714+00:00,2026-09-28 04:40:13.525194+00:00,0.8888888888888888,8.0,25.25,26.566666666666663,1.0,44.95,44.95,44.95,2026-09-28 04:40:13.525194+00:00,fin_de_semana,19-23,Suficiente,Acceso confiable
2454,25.566666666666663,27.64,9,8,2026-09-14 16:47:09.792714+00:00,2026-09-28 04:40:14.046314+00:00,0.8888888888888888,8.0,24.93333333333333,26.726666666666663,1.0,43.71666666666667,43.71666666666667,43.71666666666667,2026-09-28 04:40:14.046314+00:00,fin_de_semana,19-23,Suficiente,Acceso confiable
2455,28.083333333333332,30.186666666666667,7,5,2026-09-14 16:47:13.422871+00:00,2026-09-24 23:30:01.951752+00:00,0.7142857142857143,7.0,28.083333333333332,30.186666666666667,,,,27.716666666666665,2026-09-24 23:30:01.951752+00:00,laboral,16-19,Suficiente,Acceso habitual pero variable
2456,26.216666666666665,27.696666666666665,7,7,2026-09-14 16:47:12.918101+00:00,2026-09-24 23:30:01.442571+00:00,1.0,7.0,26.216666666666665,27.696666666666665,,,,28.066666666666663,2026-09-24 23:30:01.442571+00:00,laboral,16-19,Suficiente,Acceso confiable
2457,27.916666666666668,27.916666666666668,7,7,2026-09-14 16:47:12.379539+00:00,2026-09-24 23:30:00.935687+00:00,1.0,7.0,27.916666666666668,27.916666666666668,,,,29.766666666666666,2026-09-24 23:30:00.935687+00:00,laboral,16-19,Suficiente,Acceso confiable
2458,34.583333333333336,39.29333333333334,7,0,2026-09-14 16:47:12.379539+00:00,2026-09-24 23:30:00.935687+00:00,0.0,7.0,34.583333333333336,39.29333333333334,,,,34.4,2026-09-24 23:30:00.935687+00:00,laboral,16-19,Suficiente,Fuera de 30 minutos
2459,36.416666666666664,38.99666666666667,9,0,2026-09-14 16:47:11.840367+00:00,2026-09-28 04:40:14.595531+00:00,0.0,8.0,36.675,39.903333333333336,1.0,35.13333333333333,35.13333333333333,35.13333333333333,2026-09-28 04:40:14.595531+00:00,fin_de_semana,19-23,Suficiente,Fuera de 30 minutos
2462,41.4,41.85666666666667,7,0,2026-09-14 16:47:13.422871+00:00,2026-09-24 23:30:01.951752+00:00,0.0,7.0,41.4,41.85666666666667,,,,40.88333333333333,2026-09-24 23:30:01.951752+00:00,laboral,16-19,Suficiente,Fuera de 30 minutos
2463,41.15,42.18,7,0,2026-09-14 16:47:12.918101+00:00,2026-09-24 23:30:01.442571+00:00,0.0,7.0,41.15,42.18,,,,42.28333333333333,2026-09-24 23:30:01.442571+00:00,laboral,16-19,Suficiente,Fuera de 30 minutos
2464,39.28333333333333,39.583333333333336,7,0,2026-09-14 16:47:13.422871+00:00,2026-09-24 23:30:01.951752+00:00,0.0,7.0,39.28333333333333,39.583333333333336,,,,39.583333333333336,2026-09-24 23:30:01.951752+00:00,laboral,16-19,Suficiente,Fuera de 30 minutos
2465,47.483333333333334,49.21,7,0,2026-09-14 16:47:12.918101+00:00,2026-09-24 23:30:01.442571+00:00,0.0,7.0,47.483333333333334,49.21,,,,44.25,2026-09-24 23:30:01.442571+00:00,laboral,16-19,Suficiente,Fuera de 30 minutos
2468,45.06666666666667,46.17333333333334,7,0,2026-09-14 16:47:13.422871+00:00,2026-09-24 23:30:01.951752+00:00,0.0,7.0,45.06666666666667,46.17333333333334,,,,45.06666666666667,2026-09-24 23:30:01.951752+00:00,laboral,16-19,Suficiente,Fuera de 30 minutos
2470,42.13333333333333,42.96,7,0,2026-09-14 16:47:12.379539+00:00,2026-09-24 23:30:00.935687+00:00,0.0,7.0,42.13333333333333,42.96,,,,42.13333333333333,2026-09-24 23:30:00.935687+00:00,laboral,16-19,Suficiente,Fuera de 30 minutos
2471,41.88333333333333,43.54333333333334,7,0,2026-09-14 16:47:11.840367+00:00,2026-09-24 23:30:00.413439+00:00,0.0,7.0,41.88333333333333,43.54333333333334,,,,44.766666666666666,2026-09-24 23:30:00.413439+00:00,laboral,16-19,Suficiente,Fuera de 30 minutos
2476,37.65,37.65,7,0,2026-09-14 16:47:13.422871+00:00,2026-09-24 23:30:01.951752+00:00,0.0,7.0,37.65,37.65,,,,37.65,2026-09-24 23:30:01.951752+00:00,laboral,16-19,Suficiente,Fuera de 30 minutos
2477,36.28333333333333,36.28333333333333,9,0,2026-09-14 16:47:12.379539+00:00,2026-09-28 04:40:14.595531+00:00,0.0,8.0,36.28333333333333,36.28333333333333,1.0,36.28333333333333,36.28333333333333,36.28333333333333,2026-09-28 04:40:14.595531+00:00,fin_de_semana,19-23,Suficiente,Fuera de 30 minutos
2478,28.683333333333337,29.25,9,8,2026-09-14 16:47:09.792714+00:00,2026-09-28 04:40:14.046314+00:00,0.8888888888888888,8.0,28.683333333333337,29.25,1.0,54.68333333333333,54.68333333333333,54.68333333333333,2026-09-28 04:40:14.046314+00:00,fin_de_semana,19-23,Suficiente,Acceso confiable
2479,43.733333333333334,43.733333333333334,7,0,2026-09-14 16:47:11.840367+00:00,2026-09-24 23:30:00.413439+00:00,0.0,7.0,43.733333333333334,43.733333333333334,,,,41.95,2026-09-24 23:30:00.413439+00:00,laboral,16-19,Suficiente,Fuera de 30 minutos
2480,44.166666666666664,44.166666666666664,7,0,2026-09-14 16:47:11.360449+00:00,2026-09-24 23:29:59.928061+00:00,0.0,7.0,44.166666666666664,44.166666666666664,,,,42.016666666666666,2026-09-24 23:29:59.928061+00:00,laboral,16-19,Suficiente,Fuera de 30 minutos
2481,45.516666666666666,45.516666666666666,7,0,2026-09-14 16:47:10.781852+00:00,2026-09-24 23:29:59.435170+00:00,0.0,7.0,45.516666666666666,45.516666666666666,,,,45.516666666666666,2026-09-24 23:29:59.435170+00:00,laboral,16-19,Suficiente,Fuera de 30 minutos
2482,45.516666666666666,45.516666666666666,7,0,2026-09-14 16:47:10.781852+00:00,2026-09-24 23:29:59.435170+00:00,0.0,7.0,45.516666666666666,45.516666666666666,,,,45.516666666666666,2026-09-24 23:29:59.435170+00:00,laboral,16-19,Suficiente,Fuera de 30 minutos
2483,42.36666666666667,42.36666666666667,9,0,2026-09-14 16:47:09.792714+00:00,2026-09-28 04:40:13.525194+00:00,0.0,8.0,42.36666666666667,42.36666666666667,1.0,42.36666666666667,42.36666666666667,42.36666666666667,2026-09-28 04:40:13.525194+00:00,fin_de_semana,19-23,Suficiente,Fuera de 30 minutos
2484,37.083333333333336,38.07000000000001,7,0,2026-09-14 16:47:10.283593+00:00,2026-09-24 23:29:58.908213+00:00,0.0,7.0,37.083333333333336,38.07000000000001,,,,37.083333333333336,2026-09-24 23:29:58.908213+00:00,laboral,16-19,Suficiente,Fuera de 30 minutos
2485,40.11666666666667,40.11666666666667,7,0,2026-09-14 16:47:13.422871+00:00,2026-09-24 23:30:01.951752+00:00,0.0,7.0,40.11666666666667,40.11666666666667,,,,40.11666666666667,2026-09-24 23:30:01.951752+00:00,laboral,16-19,Suficiente,Fuera de 30 minutos
2486,37.65,37.65,7,0,2026-09-14 16:47:12.918101+00:00,2026-09-24 23:30:01.442571+00:00,0.0,7.0,37.65,37.65,,,,37.65,2026-09-24 23:30:01.442571+00:00,laboral,16-19,Suficiente,Fuera de 30 minutos
2490,39.11666666666667,39.416666666666664,7,0,2026-09-14 16:47:12.379539+00:00,2026-09-24 23:30:00.935687+00:00,0.0,7.0,39.11666666666667,39.416666666666664,,,,39.416666666666664,2026-09-24 23:30:00.935687+00:00,laboral,16-19,Suficiente,Fuera de 30 minutos
2497,40.61666666666667,40.61666666666667,7,0,2026-09-14 16:47:12.918101+00:00,2026-09-24 23:30:01.442571+00:00,0.0,7.0,40.61666666666667,40.61666666666667,,,,40.61666666666667,2026-09-24 23:30:01.442571+00:00,laboral,16-19,Suficiente,Fuera de 30 minutos
2506,43.766666666666666,55.73666666666667,7,0,2026-09-14 16:47:13.422871+00:00,2026-09-24 23:30:01.951752+00:00,0.0,7.0,43.766666666666666,55.73666666666667,,,,42.85,2026-09-24 23:30:01.951752+00:00,laboral,16-19,Suficiente,Fuera de 30 minutos
2507,55.03333333333333,55.03333333333333,7,0,2026-09-14 16:47:12.918101+00:00,2026-09-24 23:30:01.442571+00:00,0.0,7.0,55.03333333333333,55.03333333333333,,,,55.03333333333333,2026-09-24 23:30:01.442571+00:00,laboral,16-19,Suficiente,Fuera de 30 minutos
2508,52.083333333333336,52.083333333333336,7,0,2026-09-14 16:47:12.918101+00:00,2026-09-24 23:30:01.442571+00:00,0.0,7.0,52.083333333333336,52.083333333333336,,,,52.083333333333336,2026-09-24 23:30:01.442571+00:00,laboral,16-19,Suficiente,Fuera de 30 minutos
2509,44.38333333333333,44.38333333333333,7,0,2026-09-14 16:47:12.379539+00:00,2026-09-24 23:30:00.935687+00:00,0.0,7.0,44.38333333333333,44.38333333333333,,,,44.38333333333333,2026-09-24 23:30:00.935687+00:00,laboral,16-19,Suficiente,Fuera de 30 minutos
2510,43.61666666666667,43.61666666666667,7,0,2026-09-14 16:47:12.918101+00:00,2026-09-24 23:30:01.442571+00:00,0.0,7.0,43.61666666666667,43.61666666666667,,,,43.61666666666667,2026-09-24 23:30:01.442571+00:00,laboral,16-19,Suficiente,Fuera de 30 minutos
2511,43.016666666666666,43.016666666666666,7,0,2026-09-14 16:47:12.379539+00:00,2026-09-24 23:30:00.935687+00:00,0.0,7.0,43.016666666666666,43.016666666666666,,,,43.016666666666666,2026-09-24 23:30:00.935687+00:00,laboral,16-19,Suficiente,Fuera de 30 minutos
2512,42.43333333333333,42.43333333333333,7,0,2026-09-14 16:47:12.379539+00:00,2026-09-24 23:30:00.935687+00:00,0.0,7.0,42.43333333333333,42.43333333333333,,,,42.43333333333333,2026-09-24 23:30:00.935687+00:00,laboral,16-19,Suficiente,Fuera de 30 minutos
2513,41.833333333333336,41.833333333333336,7,0,2026-09-14 16:47:12.379539+00:00,2026-09-24 23:30:00.935687+00:00,0.0,7.0,41.833333333333336,41.833333333333336,,,,41.833333333333336,2026-09-24 23:30:00.935687+00:00,laboral,16-19,Suficiente,Fuera de 30 minutos
2514,41.233333333333334,41.233333333333334,7,0,2026-09-14 16:47:11.840367+00:00,2026-09-24 23:30:00.413439+00:00,0.0,7.0,41.233333333333334,41.233333333333334,,,,41.233333333333334,2026-09-24 23:30:00.413439+00:00,laboral,16-19,Suficiente,Fuera de 30 minutos
2515,40.46666666666667,40.46666666666667,9,0,2026-09-14 16:47:11.840367+00:00,2026-09-28 04:40:14.595531+00:00,0.0,8.0,40.46666666666667,40.46666666666667,1.0,39.96666666666667,39.96666666666667,39.96666666666667,2026-09-28 04:40:14.595531+00:00,fin_de_semana,19-23,Suficiente,Fuera de 30 minutos
2516,39.9,39.9,9,0,2026-09-14 16:47:11.840367+00:00,2026-09-28 04:40:14.595531+00:00,0.0,8.0,39.9,39.9,1.0,38.583333333333336,38.583333333333336,38.583333333333336,2026-09-28 04:40:14.595531+00:00,fin_de_semana,19-23,Suficiente,Fuera de 30 minutos
2517,33.56666666666667,33.56666666666667,9,0,2026-09-14 16:47:11.360449+00:00,2026-09-28 04:40:14.595531+00:00,0.0,8.0,33.56666666666667,33.56666666666667,1.0,33.56666666666667,33.56666666666667,33.56666666666667,2026-09-28 04:40:14.595531+00:00,fin_de_semana,19-23,Suficiente,Fuera de 30 minutos
2518,35.875,36.24666666666667,8,0,2026-09-14 16:47:11.840367+00:00,2026-09-25 04:00:35.720688+00:00,0.0,8.0,35.875,36.24666666666667,,,,36.03333333333333,2026-09-25 04:00:35.720688+00:00,laboral,19-23,Suficiente,Fuera de 30 minutos
2519,34.65833333333333,35.64333333333333,8,0,2026-09-14 16:47:11.360449+00:00,2026-09-25 04:00:35.720688+00:00,0.0,8.0,34.65833333333333,35.64333333333333,,,,34.7,2026-09-25 04:00:35.720688+00:00,laboral,19-23,Suficiente,Fuera de 30 minutos
2520,40.6,40.68,7,0,2026-09-14 16:47:11.840367+00:00,2026-09-24 23:30:00.413439+00:00,0.0,7.0,40.6,40.68,,,,40.6,2026-09-24 23:30:00.413439+00:00,laboral,16-19,Suficiente,Fuera de 30 minutos
2522,18.566666666666663,18.919999999999998,9,9,2026-09-14 16:47:09.286590+00:00,2026-09-28 04:40:14.046314+00:00,1.0,8.0,18.566666666666663,18.786666666666665,1.0,19.05,19.05,19.05,2026-09-28 04:40:14.046314+00:00,fin_de_semana,19-23,Suficiente,Acceso confiable
2523,21.8,21.919999999999998,7,7,2026-09-14 16:47:09.792714+00:00,2026-09-24 23:29:58.414214+00:00,1.0,7.0,21.8,21.919999999999998,,,,21.95,2026-09-24 23:29:58.414214+00:00,laboral,16-19,Suficiente,Acceso confiable
2524,20.0,20.166666666666668,9,9,2026-09-14 16:47:09.286590+00:00,2026-09-28 04:40:14.595531+00:00,1.0,8.0,20.0,20.1,1.0,27.633333333333333,27.633333333333333,27.633333333333333,2026-09-28 04:40:14.595531+00:00,fin_de_semana,19-23,Suficiente,Acceso confiable
2527,49.733333333333334,51.3,7,0,2026-09-14 16:47:11.840367+00:00,2026-09-24 23:30:00.413439+00:00,0.0,7.0,49.733333333333334,51.3,,,,51.55,2026-09-24 23:30:00.413439+00:00,laboral,16-19,Suficiente,Fuera de 30 minutos
2528,52.31666666666667,55.473333333333336,7,0,2026-09-14 16:47:11.360449+00:00,2026-09-24 23:29:59.928061+00:00,0.0,7.0,52.31666666666667,55.473333333333336,,,,50.78333333333333,2026-09-24 23:29:59.928061+00:00,laboral,16-19,Suficiente,Fuera de 30 minutos
2529,46.28333333333333,53.89666666666667,7,0,2026-09-14 16:47:10.781852+00:00,2026-09-24 23:29:59.435170+00:00,0.0,7.0,46.28333333333333,53.89666666666667,,,,54.36666666666667,2026-09-24 23:29:59.435170+00:00,laboral,16-19,Suficiente,Fuera de 30 minutos
2530,49.8,51.78666666666667,7,0,2026-09-14 16:47:10.283593+00:00,2026-09-24 23:29:58.908213+00:00,0.0,7.0,49.8,51.78666666666667,,,,52.15,2026-09-24 23:29:58.908213+00:00,laboral,16-19,Suficiente,Fuera de 30 minutos
2532,38.6,42.483333333333334,7,0,2026-09-14 16:47:12.918101+00:00,2026-09-24 23:30:01.442571+00:00,0.0,7.0,38.6,42.483333333333334,,,,38.15,2026-09-24 23:30:01.442571+00:00,laboral,16-19,Suficiente,Fuera de 30 minutos
2533,39.7,43.583333333333336,7,0,2026-09-14 16:47:12.379539+00:00,2026-09-24 23:30:00.935687+00:00,0.0,7.0,39.7,43.583333333333336,,,,39.25,2026-09-24 23:30:00.935687+00:00,laboral,16-19,Suficiente,Fuera de 30 minutos
2534,39.983333333333334,45.0,7,0,2026-09-14 16:47:10.283593+00:00,2026-09-24 23:29:58.908213+00:00,0.0,7.0,39.983333333333334,45.0,,,,39.53333333333333,2026-09-24 23:29:58.908213+00:00,laboral,16-19,Suficiente,Fuera de 30 minutos
2535,38.833333333333336,42.71666666666667,7,0,2026-09-14 16:47:10.283593+00:00,2026-09-24 23:29:58.908213+00:00,0.0,7.0,38.833333333333336,42.71666666666667,,,,38.38333333333333,2026-09-24 23:29:58.908213+00:00,laboral,16-19,Suficiente,Fuera de 30 minutos
2536,40.7,44.006666666666675,7,0,2026-09-14 16:47:09.792714+00:00,2026-09-24 23:29:58.414214+00:00,0.0,7.0,40.7,44.006666666666675,,,,40.7,2026-09-24 23:29:58.414214+00:00,laboral,16-19,Suficiente,Fuera de 30 minutos
2537,21.55,22.05,9,9,2026-09-14 16:47:08.611611+00:00,2026-09-28 04:40:12.986595+00:00,1.0,8.0,20.925,21.970000000000002,1.0,26.4,26.4,26.4,2026-09-28 04:40:12.986595+00:00,fin_de_semana,19-23,Suficiente,Acceso confiable
2541,41.2,43.10666666666667,7,0,2026-09-14 16:47:12.918101+00:00,2026-09-24 23:30:01.442571+00:00,0.0,7.0,41.2,43.10666666666667,,,,43.06666666666667,2026-09-24 23:30:01.442571+00:00,laboral,16-19,Suficiente,Fuera de 30 minutos
2542,41.85,42.583333333333336,9,0,2026-09-14 16:47:12.379539+00:00,2026-09-28 04:40:14.595531+00:00,0.0,8.0,41.358333333333334,42.71666666666667,1.0,41.85,41.85,41.85,2026-09-28 04:40:14.595531+00:00,fin_de_semana,19-23,Suficiente,Fuera de 30 minutos
2543,40.71666666666667,42.56666666666667,9,0,2026-09-14 16:47:11.840367+00:00,2026-09-28 04:40:14.595531+00:00,0.0,8.0,40.583333333333336,42.56666666666667,1.0,40.71666666666667,40.71666666666667,40.71666666666667,2026-09-28 04:40:14.595531+00:00,fin_de_semana,19-23,Suficiente,Fuera de 30 minutos
2544,41.7,44.85,9,0,2026-09-14 16:47:11.840367+00:00,2026-09-28 04:40:14.595531+00:00,0.0,8.0,40.525000000000006,43.59,1.0,59.6,59.6,59.6,2026-09-28 04:40:14.595531+00:00,fin_de_semana,19-23,Suficiente,Fuera de 30 minutos
2545,36.733333333333334,39.7,9,0,2026-09-14 16:47:11.360449+00:00,2026-09-28 04:40:14.595531+00:00,0.0,8.0,36.733333333333334,36.733333333333334,1.0,54.63333333333333,54.63333333333333,54.63333333333333,2026-09-28 04:40:14.595531+00:00,fin_de_semana,19-23,Suficiente,Fuera de 30 minutos
2546,35.71666666666667,36.983333333333334,9,0,2026-09-14 16:47:10.781852+00:00,2026-09-28 04:40:14.595531+00:00,0.0,8.0,35.71666666666667,35.71666666666667,1.0,51.8,51.8,51.8,2026-09-28 04:40:14.595531+00:00,fin_de_semana,19-23,Suficiente,Fuera de 30 minutos
2547,25.566666666666663,25.566666666666663,9,8,2026-09-14 16:47:10.283593+00:00,2026-09-28 04:40:14.595531+00:00,0.8888888888888888,8.0,25.191666666666663,25.566666666666663,1.0,42.1,42.1,42.1,2026-09-28 04:40:14.595531+00:00,fin_de_semana,19-23,Suficiente,Acceso confiable
2548,23.333333333333332,23.333333333333332,9,8,2026-09-14 16:47:09.792714+00:00,2026-09-28 04:40:14.595531+00:00,0.8888888888888888,8.0,23.333333333333332,23.333333333333332,1.0,36.95,36.95,36.95,2026-09-28 04:40:14.595531+00:00,fin_de_semana,19-23,Suficiente,Acceso confiable
2549,22.05,22.063333333333333,9,8,2026-09-14 16:47:09.792714+00:00,2026-09-28 04:40:14.046314+00:00,0.8888888888888888,8.0,22.05,22.05,1.0,34.56666666666667,34.56666666666667,34.56666666666667,2026-09-28 04:40:14.046314+00:00,fin_de_semana,19-23,Suficiente,Acceso confiable
2550,13.566666666666666,13.836666666666668,9,9,2026-09-14 16:47:10.283593+00:00,2026-09-28 04:40:14.046314+00:00,1.0,8.0,13.566666666666666,13.926666666666666,1.0,13.616666666666667,13.616666666666667,13.616666666666667,2026-09-28 04:40:14.046314+00:00,fin_de_semana,19-23,Suficiente,Acceso confiable
2551,12.533333333333331,13.166666666666666,9,9,2026-09-14 16:47:10.283593+00:00,2026-09-28 04:40:14.046314+00:00,1.0,8.0,12.533333333333331,13.166666666666666,1.0,12.716666666666669,12.716666666666669,12.716666666666669,2026-09-28 04:40:14.046314+00:00,fin_de_semana,19-23,Suficiente,Acceso confiable
2552,10.383333333333333,10.690000000000001,9,9,2026-09-14 16:47:09.286590+00:00,2026-09-28 04:40:14.046314+00:00,1.0,8.0,10.216666666666667,10.726666666666667,1.0,10.383333333333333,10.383333333333333,10.383333333333333,2026-09-28 04:40:14.046314+00:00,fin_de_semana,19-23,Suficiente,Acceso confiable
2555,41.36666666666667,41.36666666666667,7,0,2026-09-14 16:47:11.360449+00:00,2026-09-24 23:29:59.928061+00:00,0.0,7.0,41.36666666666667,41.36666666666667,,,,41.36666666666667,2026-09-24 23:29:59.928061+00:00,laboral,16-19,Suficiente,Fuera de 30 minutos
2556,14.033333333333331,14.370000000000001,9,9,2026-09-14 16:47:10.781852+00:00,2026-09-28 04:40:14.046314+00:00,1.0,8.0,13.866666666666667,14.446666666666667,1.0,14.033333333333331,14.033333333333331,14.033333333333331,2026-09-28 04:40:14.046314+00:00,fin_de_semana,19-23,Suficiente,Acceso confiable
2557,14.383333333333333,16.566666666666666,9,9,2026-09-14 16:47:09.792714+00:00,2026-09-28 04:40:14.046314+00:00,1.0,8.0,14.383333333333333,16.566666666666666,1.0,14.566666666666666,14.566666666666666,14.566666666666666,2026-09-28 04:40:14.046314+00:00,fin_de_semana,19-23,Suficiente,Acceso confiable
2558,17.483333333333334,17.683333333333334,9,9,2026-09-14 16:47:09.792714+00:00,2026-09-28 04:40:14.046314+00:00,1.0,8.0,17.483333333333334,17.783333333333335,1.0,17.433333333333334,17.433333333333334,17.433333333333334,2026-09-28 04:40:14.046314+00:00,fin_de_semana,19-23,Suficiente,Acceso confiable
2562,44.2,44.74666666666667,7,0,2026-09-14 16:47:12.918101+00:00,2026-09-24 23:30:01.442571+00:00,0.0,7.0,44.2,44.74666666666667,,,,44.2,2026-09-24 23:30:01.442571+00:00,laboral,16-19,Suficiente,Fuera de 30 minutos
2563,48.13333333333333,48.45,7,0,2026-09-14 16:47:11.840367+00:00,2026-09-24 23:30:00.413439+00:00,0.0,7.0,48.13333333333333,48.45,,,,37.56666666666667,2026-09-24 23:30:00.413439+00:00,laboral,16-19,Suficiente,Fuera de 30 minutos
2568,41.916666666666664,41.916666666666664,7,0,2026-09-14 16:47:12.379539+00:00,2026-09-24 23:30:00.935687+00:00,0.0,7.0,41.916666666666664,41.916666666666664,,,,41.916666666666664,2026-09-24 23:30:00.935687+00:00,laboral,16-19,Suficiente,Fuera de 30 minutos
2569,44.233333333333334,46.12666666666667,7,0,2026-09-14 16:47:11.840367+00:00,2026-09-24 23:30:00.413439+00:00,0.0,7.0,44.233333333333334,46.12666666666667,,,,44.233333333333334,2026-09-24 23:30:00.413439+00:00,laboral,16-19,Suficiente,Fuera de 30 minutos
2571,53.38333333333333,54.333333333333336,7,0,2026-09-14 16:47:13.422871+00:00,2026-09-24 23:30:01.951752+00:00,0.0,7.0,53.38333333333333,54.333333333333336,,,,55.8,2026-09-24 23:30:01.951752+00:00,laboral,16-19,Suficiente,Fuera de 30 minutos
2572,50.63333333333333,55.84333333333334,7,0,2026-09-14 16:47:11.840367+00:00,2026-09-24 23:30:00.413439+00:00,0.0,7.0,50.63333333333333,55.84333333333334,,,,47.416666666666664,2026-09-24 23:30:00.413439+00:00,laboral,16-19,Suficiente,Fuera de 30 minutos
2573,51.1,51.35,7,0,2026-09-14 16:47:11.360449+00:00,2026-09-24 23:29:59.928061+00:00,0.0,7.0,51.1,51.35,,,,46.2,2026-09-24 23:29:59.928061+00:00,laboral,16-19,Suficiente,Fuera de 30 minutos
2574,47.31666666666667,47.31666666666667,7,0,2026-09-14 16:47:10.781852+00:00,2026-09-24 23:29:59.435170+00:00,0.0,7.0,47.31666666666667,47.31666666666667,,,,44.766666666666666,2026-09-24 23:29:59.435170+00:00,laboral,16-19,Suficiente,Fuera de 30 minutos
2575,45.36666666666667,47.093333333333334,7,0,2026-09-14 16:47:10.283593+00:00,2026-09-24 23:29:58.908213+00:00,0.0,7.0,45.36666666666667,47.093333333333334,,,,47.36666666666667,2026-09-24 23:29:58.908213+00:00,laboral,16-19,Suficiente,Fuera de 30 minutos
2576,37.56666666666667,37.56666666666667,7,0,2026-09-14 16:47:09.792714+00:00,2026-09-24 23:29:58.414214+00:00,0.0,7.0,37.56666666666667,37.56666666666667,,,,37.56666666666667,2026-09-24 23:29:58.414214+00:00,laboral,16-19,Suficiente,Fuera de 30 minutos
2577,36.65,36.65,7,0,2026-09-14 16:47:09.792714+00:00,2026-09-24 23:29:58.414214+00:00,0.0,7.0,36.65,36.65,,,,36.65,2026-09-24 23:29:58.414214+00:00,laboral,16-19,Suficiente,Fuera de 30 minutos
2578,34.1,34.1,7,0,2026-09-14 16:47:09.286590+00:00,2026-09-24 23:29:57.874683+00:00,0.0,7.0,34.1,34.1,,,,34.1,2026-09-24 23:29:57.874683+00:00,laboral,16-19,Suficiente,Fuera de 30 minutos
2579,32.28333333333333,34.083333333333336,7,0,2026-09-14 16:47:08.611611+00:00,2026-09-24 23:29:57.393094+00:00,0.0,7.0,32.28333333333333,34.083333333333336,,,,32.28333333333333,2026-09-24 23:29:57.393094+00:00,laboral,16-19,Suficiente,Fuera de 30 minutos
2581,36.18333333333333,37.45,7,0,2026-09-14 16:47:11.360449+00:00,2026-09-24 23:29:59.928061+00:00,0.0,7.0,36.18333333333333,37.45,,,,39.733333333333334,2026-09-24 23:29:59.928061+00:00,laboral,16-19,Suficiente,Fuera de 30 minutos
2582,34.78333333333333,36.300000000000004,7,0,2026-09-14 16:47:09.792714+00:00,2026-09-24 23:29:58.414214+00:00,0.0,7.0,34.78333333333333,36.300000000000004,,,,36.333333333333336,2026-09-24 23:29:58.414214+00:00,laboral,16-19,Suficiente,Fuera de 30 minutos
2586,29.766666666666666,30.49,7,4,2026-09-14 16:47:11.360449+00:00,2026-09-24 23:29:59.928061+00:00,0.5714285714285714,7.0,29.766666666666666,30.49,,,,30.733333333333334,2026-09-24 23:29:59.928061+00:00,laboral,16-19,Suficiente,Acceso habitual pero variable
2587,28.733333333333334,29.25,7,7,2026-09-14 16:47:10.283593+00:00,2026-09-24 23:29:58.908213+00:00,1.0,7.0,28.733333333333334,29.25,,,,29.283333333333335,2026-09-24 23:29:58.908213+00:00,laboral,16-19,Suficiente,Acceso confiable
2588,16.033333333333335,16.766666666666666,7,7,2026-09-14 16:47:09.792714+00:00,2026-09-24 23:29:58.414214+00:00,1.0,7.0,16.033333333333335,16.766666666666666,,,,16.033333333333335,2026-09-24 23:29:58.414214+00:00,laboral,16-19,Suficiente,Acceso confiable
2589,20.45,21.45,7,7,2026-09-14 16:47:09.286590+00:00,2026-09-24 23:29:57.874683+00:00,1.0,7.0,20.45,21.45,,,,21.45,2026-09-24 23:29:57.874683+00:00,laboral,16-19,Suficiente,Acceso confiable
2598,45.1,45.1,7,0,2026-09-14 16:47:12.918101+00:00,2026-09-24 23:30:01.442571+00:00,0.0,7.0,45.1,45.1,,,,43.8,2026-09-24 23:30:01.442571+00:00,laboral,16-19,Suficiente,Fuera de 30 minutos
2599,43.96666666666667,43.96666666666667,7,0,2026-09-14 16:47:12.379539+00:00,2026-09-24 23:30:00.935687+00:00,0.0,7.0,43.96666666666667,43.96666666666667,,,,43.96666666666667,2026-09-24 23:30:00.935687+00:00,laboral,16-19,Suficiente,Fuera de 30 minutos
2600,38.016666666666666,38.016666666666666,9,0,2026-09-14 16:47:11.840367+00:00,2026-09-28 04:40:14.595531+00:00,0.0,8.0,38.016666666666666,38.016666666666666,1.0,59.9,59.9,59.9,2026-09-28 04:40:14.595531+00:00,fin_de_semana,19-23,Suficiente,Fuera de 30 minutos
2602,25.5,26.946666666666665,9,9,2026-09-14 16:47:09.286590+00:00,2026-09-28 04:40:14.046314+00:00,1.0,8.0,25.183333333333334,26.4,1.0,29.416666666666668,29.416666666666668,29.416666666666668,2026-09-28 04:40:14.046314+00:00,fin_de_semana,19-23,Suficiente,Acceso confiable
2603,27.05,27.05,7,7,2026-09-14 16:47:11.360449+00:00,2026-09-24 23:29:59.928061+00:00,1.0,7.0,27.05,27.05,,,,27.05,2026-09-24 23:29:59.928061+00:00,laboral,16-19,Suficiente,Acceso confiable
2604,36.28333333333333,36.28333333333333,7,0,2026-09-14 16:47:08.611611+00:00,2026-09-24 23:29:57.393094+00:00,0.0,7.0,36.28333333333333,36.28333333333333,,,,36.28333333333333,2026-09-24 23:29:57.393094+00:00,laboral,16-19,Suficiente,Fuera de 30 minutos
2605,38.03333333333333,38.03333333333333,7,0,2026-09-14 16:47:11.360449+00:00,2026-09-24 23:29:59.928061+00:00,0.0,7.0,38.03333333333333,38.03333333333333,,,,38.03333333333333,2026-09-24 23:29:59.928061+00:00,laboral,16-19,Suficiente,Fuera de 30 minutos
2606,32.81666666666667,32.81666666666667,7,0,2026-09-14 16:47:08.611611+00:00,2026-09-24 23:29:57.393094+00:00,0.0,7.0,32.81666666666667,32.81666666666667,,,,32.81666666666667,2026-09-24 23:29:57.393094+00:00,laboral,16-19,Suficiente,Fuera de 30 minutos
2609,50.36666666666667,53.81333333333333,7,0,2026-09-14 16:47:12.918101+00:00,2026-09-24 23:30:01.442571+00:00,0.0,7.0,50.36666666666667,53.81333333333333,,,,47.45,2026-09-24 23:30:01.442571+00:00,laboral,16-19,Suficiente,Fuera de 30 minutos
2610,43.68333333333333,48.17333333333333,7,0,2026-09-14 16:47:09.792714+00:00,2026-09-24 23:29:58.414214+00:00,0.0,7.0,43.68333333333333,48.17333333333333,,,,46.93333333333333,2026-09-24 23:29:58.414214+00:00,laboral,16-19,Suficiente,Fuera de 30 minutos
2611,42.266666666666666,45.413333333333334,7,0,2026-09-14 16:47:09.286590+00:00,2026-09-24 23:29:57.874683+00:00,0.0,7.0,42.266666666666666,45.413333333333334,,,,45.516666666666666,2026-09-24 23:29:57.874683+00:00,laboral,16-19,Suficiente,Fuera de 30 minutos
2612,43.96666666666667,43.96666666666667,7,0,2026-09-14 16:47:12.918101+00:00,2026-09-24 23:30:01.442571+00:00,0.0,7.0,43.96666666666667,43.96666666666667,,,,43.96666666666667,2026-09-24 23:30:01.442571+00:00,laboral,16-19,Suficiente,Fuera de 30 minutos
2613,45.1,45.1,7,0,2026-09-14 16:47:12.379539+00:00,2026-09-24 23:30:00.935687+00:00,0.0,7.0,45.1,45.1,,,,43.8,2026-09-24 23:30:00.935687+00:00,laboral,16-19,Suficiente,Fuera de 30 minutos
2614,38.81666666666667,38.81666666666667,7,0,2026-09-14 16:47:11.360449+00:00,2026-09-24 23:29:59.928061+00:00,0.0,7.0,38.81666666666667,38.81666666666667,,,,32.666666666666664,2026-09-24 23:29:59.928061+00:00,laboral,16-19,Suficiente,Fuera de 30 minutos
2615,29.0,31.46,9,7,2026-09-14 16:47:11.360449+00:00,2026-09-28 04:40:14.595531+00:00,0.7777777777777778,8.0,29.0,32.690000000000005,1.0,25.733333333333334,25.733333333333334,25.733333333333334,2026-09-28 04:40:14.595531+00:00,fin_de_semana,19-23,Suficiente,Acceso habitual pero variable
2616,24.0,27.583333333333332,9,8,2026-09-14 16:47:09.792714+00:00,2026-09-28 04:40:14.046314+00:00,0.8888888888888888,8.0,24.0,27.23,1.0,35.71666666666667,35.71666666666667,35.71666666666667,2026-09-28 04:40:14.046314+00:00,fin_de_semana,19-23,Suficiente,Acceso confiable
2628,34.88333333333333,34.88333333333333,7,0,2026-09-14 16:47:12.918101+00:00,2026-09-24 23:30:01.442571+00:00,0.0,7.0,34.88333333333333,34.88333333333333,,,,31.733333333333334,2026-09-24 23:30:01.442571+00:00,laboral,16-19,Suficiente,Fuera de 30 minutos
2629,30.816666666666663,32.35666666666666,9,0,2026-09-14 16:47:10.283593+00:00,2026-09-28 04:40:14.046314+00:00,0.0,8.0,30.816666666666663,30.816666666666663,1.0,43.083333333333336,43.083333333333336,43.083333333333336,2026-09-28 04:40:14.046314+00:00,fin_de_semana,19-23,Suficiente,Fuera de 30 minutos
2630,37.9,38.88666666666667,7,0,2026-09-14 16:47:11.360449+00:00,2026-09-24 23:29:59.928061+00:00,0.0,7.0,37.9,38.88666666666667,,,,37.9,2026-09-24 23:29:59.928061+00:00,laboral,16-19,Suficiente,Fuera de 30 minutos
2636,40.86666666666667,42.86666666666667,7,0,2026-09-14 16:47:12.379539+00:00,2026-09-24 23:30:00.935687+00:00,0.0,7.0,40.86666666666667,42.86666666666667,,,,42.86666666666667,2026-09-24 23:30:00.935687+00:00,laboral,16-19,Suficiente,Fuera de 30 minutos
2642,18.766666666666666,18.953333333333333,7,7,2026-09-14 16:47:09.286590+00:00,2026-09-24 23:29:57.874683+00:00,1.0,7.0,18.766666666666666,18.953333333333333,,,,18.766666666666666,2026-09-24 23:29:57.874683+00:00,laboral,16-19,Suficiente,Acceso confiable
2643,30.6,30.873333333333335,9,1,2026-09-14 16:47:08.611611+00:00,2026-09-28 04:40:13.525194+00:00,0.1111111111111111,8.0,30.6,30.6,1.0,42.88333333333333,42.88333333333333,42.88333333333333,2026-09-28 04:40:13.525194+00:00,fin_de_semana,19-23,Suficiente,Fuera de 30 minutos
2648,24.3,27.933333333333337,7,7,2026-09-14 16:47:11.360449+00:00,2026-09-24 23:29:59.928061+00:00,1.0,7.0,24.3,27.933333333333337,,,,27.933333333333337,2026-09-24 23:29:59.928061+00:00,laboral,16-19,Suficiente,Acceso confiable
2668,42.21666666666667,42.21666666666667,9,0,2026-09-14 16:47:11.360449+00:00,2026-09-28 04:40:14.595531+00:00,0.0,8.0,39.15833333333333,42.21666666666667,1.0,42.733333333333334,42.733333333333334,42.733333333333334,2026-09-28 04:40:14.595531+00:00,fin_de_semana,19-23,Suficiente,Fuera de 30 minutos
2669,32.3,38.416666666666664,9,1,2026-09-14 16:47:10.781852+00:00,2026-09-28 04:40:14.595531+00:00,0.1111111111111111,8.0,32.3,38.416666666666664,1.0,41.983333333333334,41.983333333333334,41.983333333333334,2026-09-28 04:40:14.595531+00:00,fin_de_semana,19-23,Suficiente,Fuera de 30 minutos
2670,47.65,47.96666666666667,7,0,2026-09-14 16:47:12.918101+00:00,2026-09-24 23:30:01.442571+00:00,0.0,7.0,47.65,47.96666666666667,,,,37.083333333333336,2026-09-24 23:30:01.442571+00:00,laboral,16-19,Suficiente,Fuera de 30 minutos
2672,22.7,22.7,9,8,2026-09-14 16:47:08.611611+00:00,2026-09-28 04:40:13.525194+00:00,0.8888888888888888,8.0,22.7,22.7,1.0,58.68333333333333,58.68333333333333,58.68333333333333,2026-09-28 04:40:13.525194+00:00,fin_de_semana,19-23,Suficiente,Acceso confiable
2673,11.783333333333331,11.783333333333331,7,7,2026-09-14 16:47:10.781852+00:00,2026-09-24 23:29:59.435170+00:00,1.0,7.0,11.783333333333331,11.783333333333331,,,,11.783333333333331,2026-09-24 23:29:59.435170+00:00,laboral,16-19,Suficiente,Acceso confiable
2674,39.733333333333334,44.61333333333334,7,0,2026-09-14 16:47:12.918101+00:00,2026-09-24 23:30:01.442571+00:00,0.0,7.0,39.733333333333334,44.61333333333334,,,,45.833333333333336,2026-09-24 23:30:01.442571+00:00,laboral,16-19,Suficiente,Fuera de 30 minutos
2675,40.583333333333336,51.46333333333334,7,0,2026-09-14 16:47:11.840367+00:00,2026-09-24 23:30:00.413439+00:00,0.0,7.0,40.583333333333336,51.46333333333334,,,,36.583333333333336,2026-09-24 23:30:00.413439+00:00,laboral,16-19,Suficiente,Fuera de 30 minutos
2676,23.133333333333333,23.133333333333333,7,7,2026-09-14 16:47:09.792714+00:00,2026-09-24 23:29:58.414214+00:00,1.0,7.0,23.133333333333333,23.133333333333333,,,,23.133333333333333,2026-09-24 23:29:58.414214+00:00,laboral,16-19,Suficiente,Acceso confiable
2679,44.166666666666664,44.166666666666664,7,0,2026-09-14 16:47:10.283593+00:00,2026-09-24 23:29:58.908213+00:00,0.0,7.0,44.166666666666664,44.166666666666664,,,,42.016666666666666,2026-09-24 23:29:58.908213+00:00,laboral,16-19,Suficiente,Fuera de 30 minutos
2680,7.333333333333333,7.333333333333333,9,9,2026-09-14 16:47:09.286590+00:00,2026-09-28 04:40:14.046314+00:00,1.0,8.0,7.333333333333333,7.333333333333333,1.0,7.333333333333333,7.333333333333333,7.333333333333333,2026-09-28 04:40:14.046314+00:00,fin_de_semana,19-23,Suficiente,Acceso confiable
2681,12.6,13.666666666666666,9,9,2026-09-14 16:47:08.611611+00:00,2026-09-28 04:40:13.525194+00:00,1.0,8.0,12.6,13.666666666666666,1.0,13.666666666666666,13.666666666666666,13.666666666666666,2026-09-28 04:40:13.525194+00:00,fin_de_semana,19-23,Suficiente,Acceso confiable
2698,42.5,42.5,7,0,2026-09-14 16:47:13.422871+00:00,2026-09-24 23:30:01.951752+00:00,0.0,7.0,42.5,42.5,,,,42.5,2026-09-24 23:30:01.951752+00:00,laboral,16-19,Suficiente,Fuera de 30 minutos
2699,51.1,51.1,7,0,2026-09-14 16:47:12.379539+00:00,2026-09-24 23:30:00.935687+00:00,0.0,7.0,51.1,51.1,,,,51.1,2026-09-24 23:30:00.935687+00:00,laboral,16-19,Suficiente,Fuera de 30 minutos
2728,52.2,54.17666666666667,7,0,2026-09-14 16:47:13.422871+00:00,2026-09-24 23:30:01.951752+00:00,0.0,7.0,52.2,54.17666666666667,,,,54.083333333333336,2026-09-24 23:30:01.951752+00:00,laboral,16-19,Suficiente,Fuera de 30 minutos
2729,51.15,53.10666666666667,7,0,2026-09-14 16:47:12.918101+00:00,2026-09-24 23:30:01.442571+00:00,0.0,7.0,51.15,53.10666666666667,,,,53.11666666666667,2026-09-24 23:30:01.442571+00:00,laboral,16-19,Suficiente,Fuera de 30 minutos
2730,42.95,42.95,7,0,2026-09-14 16:47:11.360449+00:00,2026-09-24 23:29:59.928061+00:00,0.0,7.0,42.95,42.95,,,,42.95,2026-09-24 23:29:59.928061+00:00,laboral,16-19,Suficiente,Fuera de 30 minutos
2731,41.8,41.8,7,0,2026-09-14 16:47:10.781852+00:00,2026-09-24 23:29:59.435170+00:00,0.0,7.0,41.8,41.8,,,,41.8,2026-09-24 23:29:59.435170+00:00,laboral,16-19,Suficiente,Fuera de 30 minutos
2732,39.833333333333336,39.833333333333336,7,0,2026-09-14 16:47:10.283593+00:00,2026-09-24 23:29:58.908213+00:00,0.0,7.0,39.833333333333336,39.833333333333336,,,,39.833333333333336,2026-09-24 23:29:58.908213+00:00,laboral,16-19,Suficiente,Fuera de 30 minutos
2733,37.7,37.7,7,0,2026-09-14 16:47:09.792714+00:00,2026-09-24 23:29:58.414214+00:00,0.0,7.0,37.7,37.7,,,,37.7,2026-09-24 23:29:58.414214+00:00,laboral,16-19,Suficiente,Fuera de 30 minutos
2734,34.916666666666664,34.916666666666664,7,0,2026-09-14 16:47:09.286590+00:00,2026-09-24 23:29:57.874683+00:00,0.0,7.0,34.916666666666664,34.916666666666664,,,,34.916666666666664,2026-09-24 23:29:57.874683+00:00,laboral,16-19,Suficiente,Fuera de 30 minutos
2735,34.0,34.0,7,0,2026-09-14 16:47:09.286590+00:00,2026-09-24 23:29:57.874683+00:00,0.0,7.0,34.0,34.0,,,,34.0,2026-09-24 23:29:57.874683+00:00,laboral,16-19,Suficiente,Fuera de 30 minutos
2740,58.13333333333333,61.723333333333336,7,0,2026-09-14 16:47:13.422871+00:00,2026-09-24 23:30:01.951752+00:00,0.0,7.0,58.13333333333333,61.723333333333336,,,,56.166666666666664,2026-09-24 23:30:01.951752+00:00,laboral,16-19,Suficiente,Fuera de 30 minutos
2741,53.2,55.166666666666664,7,0,2026-09-14 16:47:12.918101+00:00,2026-09-24 23:30:01.442571+00:00,0.0,7.0,53.2,55.166666666666664,,,,54.233333333333334,2026-09-24 23:30:01.442571+00:00,laboral,16-19,Suficiente,Fuera de 30 minutos
2742,52.56666666666667,55.21666666666667,7,0,2026-09-14 16:47:12.379539+00:00,2026-09-24 23:30:00.935687+00:00,0.0,7.0,52.56666666666667,55.21666666666667,,,,52.56666666666667,2026-09-24 23:30:00.935687+00:00,laboral,16-19,Suficiente,Fuera de 30 minutos
2743,52.35,54.17333333333333,7,0,2026-09-14 16:47:12.379539+00:00,2026-09-24 23:30:00.935687+00:00,0.0,7.0,52.35,54.17333333333333,,,,52.733333333333334,2026-09-24 23:30:00.935687+00:00,laboral,16-19,Suficiente,Fuera de 30 minutos
2751,37.416666666666664,37.92,7,0,2026-09-14 16:47:11.840367+00:00,2026-09-24 23:30:00.413439+00:00,0.0,7.0,37.416666666666664,37.92,,,,37.416666666666664,2026-09-24 23:30:00.413439+00:00,laboral,16-19,Suficiente,Fuera de 30 minutos
2752,51.233333333333334,56.82000000000001,7,0,2026-09-14 16:47:09.286590+00:00,2026-09-24 23:29:57.874683+00:00,0.0,7.0,51.233333333333334,56.82000000000001,,,,58.21666666666667,2026-09-24 23:29:57.874683+00:00,laboral,16-19,Suficiente,Fuera de 30 minutos
2753,53.9,55.776666666666664,7,0,2026-09-14 16:47:12.379539+00:00,2026-09-24 23:30:00.935687+00:00,0.0,7.0,53.9,55.776666666666664,,,,53.46666666666667,2026-09-24 23:30:00.935687+00:00,laboral,16-19,Suficiente,Fuera de 30 minutos
2804,54.9,59.7,7,0,2026-09-14 16:47:12.918101+00:00,2026-09-24 23:30:01.442571+00:00,0.0,7.0,54.9,59.7,,,,54.9,2026-09-24 23:30:01.442571+00:00,laboral,16-19,Suficiente,Fuera de 30 minutos
2805,49.483333333333334,58.28333333333334,7,0,2026-09-14 16:47:12.379539+00:00,2026-09-24 23:30:00.935687+00:00,0.0,7.0,49.483333333333334,58.28333333333334,,,,47.483333333333334,2026-09-24 23:30:00.935687+00:00,laboral,16-19,Suficiente,Fuera de 30 minutos
2806,51.18333333333333,57.18333333333333,7,0,2026-09-14 16:47:11.360449+00:00,2026-09-24 23:29:59.928061+00:00,0.0,7.0,51.18333333333333,57.18333333333333,,,,45.18333333333333,2026-09-24 23:29:59.928061+00:00,laboral,16-19,Suficiente,Fuera de 30 minutos
2807,49.333333333333336,54.53333333333334,7,0,2026-09-14 16:47:10.781852+00:00,2026-09-24 23:29:59.435170+00:00,0.0,7.0,49.333333333333336,54.53333333333334,,,,43.333333333333336,2026-09-24 23:29:59.435170+00:00,laboral,16-19,Suficiente,Fuera de 30 minutos
2808,49.483333333333334,53.483333333333334,7,0,2026-09-14 16:47:10.283593+00:00,2026-09-24 23:29:58.908213+00:00,0.0,7.0,49.483333333333334,53.483333333333334,,,,41.483333333333334,2026-09-24 23:29:58.908213+00:00,laboral,16-19,Suficiente,Fuera de 30 minutos
2809,45.71666666666667,45.71666666666667,7,0,2026-09-14 16:47:09.792714+00:00,2026-09-24 23:29:58.414214+00:00,0.0,7.0,45.71666666666667,45.71666666666667,,,,39.4,2026-09-24 23:29:58.414214+00:00,laboral,16-19,Suficiente,Fuera de 30 minutos
2810,41.81666666666667,41.81666666666667,7,0,2026-09-14 16:47:09.286590+00:00,2026-09-24 23:29:57.874683+00:00,0.0,7.0,41.81666666666667,41.81666666666667,,,,38.016666666666666,2026-09-24 23:29:57.874683+00:00,laboral,16-19,Suficiente,Fuera de 30 minutos
2856,24.566666666666663,24.566666666666663,9,8,2026-09-14 16:47:08.611611+00:00,2026-09-28 04:40:13.525194+00:00,0.8888888888888888,8.0,24.566666666666663,24.566666666666663,1.0,35.733333333333334,35.733333333333334,35.733333333333334,2026-09-28 04:40:13.525194+00:00,fin_de_semana,19-23,Suficiente,Acceso confiable
2858,32.4,32.4,9,2,2026-09-14 16:47:07.157796+00:00,2026-09-28 04:40:12.986595+00:00,0.2222222222222222,8.0,32.4,32.4,1.0,39.11666666666667,39.11666666666667,39.11666666666667,2026-09-28 04:40:12.986595+00:00,fin_de_semana,19-23,Suficiente,Fuera de 30 minutos
2859,20.266666666666666,24.080000000000002,9,8,2026-09-14 16:47:07.157796+00:00,2026-09-28 04:40:12.986595+00:00,0.8888888888888888,8.0,20.266666666666666,20.266666666666666,1.0,42.15,42.15,42.15,2026-09-28 04:40:12.986595+00:00,fin_de_semana,19-23,Suficiente,Acceso confiable
2860,28.266666666666666,28.266666666666666,9,8,2026-09-14 16:47:07.157796+00:00,2026-09-28 04:40:12.986595+00:00,0.8888888888888888,8.0,28.266666666666666,28.266666666666666,1.0,41.25,41.25,41.25,2026-09-28 04:40:12.986595+00:00,fin_de_semana,19-23,Suficiente,Acceso confiable
2861,28.35,32.55,9,6,2026-09-14 16:47:07.157796+00:00,2026-09-28 04:40:12.986595+00:00,0.6666666666666666,8.0,28.35,30.87,1.0,52.95,52.95,52.95,2026-09-28 04:40:12.986595+00:00,fin_de_semana,19-23,Suficiente,Acceso habitual pero variable
2862,31.2,32.88,9,4,2026-09-14 16:47:07.157796+00:00,2026-09-28 04:40:12.986595+00:00,0.4444444444444444,8.0,28.608333333333334,31.2,1.0,55.81666666666667,55.81666666666667,55.81666666666667,2026-09-28 04:40:12.986595+00:00,fin_de_semana,19-23,Suficiente,Fuera de 30 minutos
2863,21.733333333333334,21.733333333333334,7,7,2026-09-14 16:47:12.918101+00:00,2026-09-24 23:30:01.442571+00:00,1.0,7.0,21.733333333333334,21.733333333333334,,,,21.733333333333334,2026-09-24 23:30:01.442571+00:00,laboral,16-19,Suficiente,Acceso confiable
2864,24.45,24.45,7,7,2026-09-14 16:47:12.918101+00:00,2026-09-24 23:30:01.442571+00:00,1.0,7.0,24.45,24.45,,,,24.45,2026-09-24 23:30:01.442571+00:00,laboral,16-19,Suficiente,Acceso confiable
2865,25.766666666666666,38.713333333333345,7,5,2026-09-14 16:47:12.918101+00:00,2026-09-24 23:30:01.442571+00:00,0.7142857142857143,7.0,25.766666666666666,38.713333333333345,,,,25.766666666666666,2026-09-24 23:30:01.442571+00:00,laboral,16-19,Suficiente,Acceso habitual pero variable
2866,30.233333333333334,30.233333333333334,7,0,2026-09-14 16:47:12.379539+00:00,2026-09-24 23:30:00.935687+00:00,0.0,7.0,30.233333333333334,30.233333333333334,,,,30.233333333333334,2026-09-24 23:30:00.935687+00:00,laboral,16-19,Suficiente,Fuera de 30 minutos
2867,33.96666666666667,33.96666666666667,7,0,2026-09-14 16:47:11.840367+00:00,2026-09-24 23:30:00.413439+00:00,0.0,7.0,33.96666666666667,33.96666666666667,,,,33.96666666666667,2026-09-24 23:30:00.413439+00:00,laboral,16-19,Suficiente,Fuera de 30 minutos
2868,37.06666666666667,45.440000000000005,7,0,2026-09-14 16:47:11.840367+00:00,2026-09-24 23:30:00.413439+00:00,0.0,7.0,37.06666666666667,45.440000000000005,,,,37.06666666666667,2026-09-24 23:30:00.413439+00:00,laboral,16-19,Suficiente,Fuera de 30 minutos
2869,44.15,45.910000000000004,7,0,2026-09-14 16:47:11.360449+00:00,2026-09-24 23:29:59.928061+00:00,0.0,7.0,44.15,45.910000000000004,,,,44.15,2026-09-24 23:29:59.928061+00:00,laboral,16-19,Suficiente,Fuera de 30 minutos
2874,49.18333333333333,49.18333333333333,7,0,2026-09-14 16:47:11.360449+00:00,2026-09-24 23:29:59.928061+00:00,0.0,7.0,49.18333333333333,49.18333333333333,,,,49.18333333333333,2026-09-24 23:29:59.928061+00:00,laboral,16-19,Suficiente,Fuera de 30 minutos
2875,48.28333333333333,48.28333333333333,7,0,2026-09-14 16:47:10.781852+00:00,2026-09-24 23:29:59.435170+00:00,0.0,7.0,48.28333333333333,48.28333333333333,,,,48.28333333333333,2026-09-24 23:29:59.435170+00:00,laboral,16-19,Suficiente,Fuera de 30 minutos
2876,45.4,45.4,7,0,2026-09-14 16:47:10.283593+00:00,2026-09-24 23:29:58.908213+00:00,0.0,7.0,45.4,45.4,,,,45.4,2026-09-24 23:29:58.908213+00:00,laboral,16-19,Suficiente,Fuera de 30 minutos
2877,47.35,48.129999999999995,7,0,2026-09-14 16:47:10.283593+00:00,2026-09-24 23:29:58.908213+00:00,0.0,7.0,47.35,48.129999999999995,,,,42.13333333333333,2026-09-24 23:29:58.908213+00:00,laboral,16-19,Suficiente,Fuera de 30 minutos
2878,46.71666666666667,47.57666666666667,7,0,2026-09-14 16:47:09.792714+00:00,2026-09-24 23:29:58.414214+00:00,0.0,7.0,46.71666666666667,47.57666666666667,,,,41.31666666666667,2026-09-24 23:29:58.414214+00:00,laboral,16-19,Suficiente,Fuera de 30 minutos
2879,46.95,46.95,7,0,2026-09-14 16:47:09.792714+00:00,2026-09-24 23:29:58.414214+00:00,0.0,7.0,46.95,46.95,,,,40.3,2026-09-24 23:29:58.414214+00:00,laboral,16-19,Suficiente,Fuera de 30 minutos
2880,36.88333333333333,43.666666666666664,9,2,2026-09-14 16:47:08.611611+00:00,2026-09-28 04:40:12.986595+00:00,0.2222222222222222,8.0,38.88333333333333,43.666666666666664,1.0,29.033333333333335,29.033333333333335,29.033333333333335,2026-09-28 04:40:12.986595+00:00,fin_de_semana,19-23,Suficiente,Fuera de 30 minutos
2881,35.93333333333333,42.6,9,1,2026-09-14 16:47:08.611611+00:00,2026-09-28 04:40:12.986595+00:00,0.1111111111111111,8.0,39.09166666666667,42.6,1.0,35.93333333333333,35.93333333333333,35.93333333333333,2026-09-28 04:40:12.986595+00:00,fin_de_semana,19-23,Suficiente,Fuera de 30 minutos
2882,29.783333333333335,42.32666666666667,9,5,2026-09-14 16:47:08.611611+00:00,2026-09-28 04:40:12.986595+00:00,0.5555555555555556,8.0,31.78333333333333,42.92333333333333,1.0,27.883333333333333,27.883333333333333,27.883333333333333,2026-09-28 04:40:12.986595+00:00,fin_de_semana,19-23,Suficiente,Acceso habitual pero variable
2883,28.516666666666666,42.05,9,5,2026-09-14 16:47:07.157796+00:00,2026-09-28 04:40:12.986595+00:00,0.5555555555555556,8.0,35.28333333333333,42.05,1.0,24.716666666666665,24.716666666666665,24.716666666666665,2026-09-28 04:40:12.986595+00:00,fin_de_semana,19-23,Suficiente,Acceso habitual pero variable
2884,26.666666666666668,40.85,9,6,2026-09-14 16:47:07.157796+00:00,2026-09-28 04:40:12.986595+00:00,0.6666666666666666,8.0,26.666666666666668,40.85,1.0,23.1,23.1,23.1,2026-09-28 04:40:12.986595+00:00,fin_de_semana,19-23,Suficiente,Acceso habitual pero variable
2885,23.15,23.15,9,9,2026-09-14 16:47:07.157796+00:00,2026-09-28 04:40:12.986595+00:00,1.0,8.0,23.15,23.15,1.0,19.583333333333332,19.583333333333332,19.583333333333332,2026-09-28 04:40:12.986595+00:00,fin_de_semana,19-23,Suficiente,Acceso confiable
2886,19.4,19.4,9,9,2026-09-14 16:47:07.157796+00:00,2026-09-28 04:40:12.986595+00:00,1.0,8.0,19.4,19.4,1.0,15.833333333333334,15.833333333333334,15.833333333333334,2026-09-28 04:40:12.986595+00:00,fin_de_semana,19-23,Suficiente,Acceso confiable
2887,18.933333333333337,18.933333333333337,9,8,2026-09-14 16:47:07.157796+00:00,2026-09-28 04:40:12.986595+00:00,0.8888888888888888,8.0,18.933333333333337,18.933333333333337,1.0,59.45,59.45,59.45,2026-09-28 04:40:12.986595+00:00,fin_de_semana,19-23,Suficiente,Acceso confiable
2888,17.683333333333334,17.683333333333334,9,8,2026-09-14 16:47:07.157796+00:00,2026-09-28 04:40:12.986595+00:00,0.8888888888888888,8.0,17.683333333333334,17.683333333333334,1.0,55.5,55.5,55.5,2026-09-28 04:40:12.986595+00:00,fin_de_semana,19-23,Suficiente,Acceso confiable
2889,16.766666666666666,16.766666666666666,9,8,2026-09-14 16:47:07.157796+00:00,2026-09-28 04:40:12.986595+00:00,0.8888888888888888,8.0,16.766666666666666,16.766666666666666,1.0,58.233333333333334,58.233333333333334,58.233333333333334,2026-09-28 04:40:12.986595+00:00,fin_de_semana,19-23,Suficiente,Acceso confiable
2890,27.05,29.78666666666667,9,7,2026-09-14 16:47:07.157796+00:00,2026-09-28 04:40:12.986595+00:00,0.7777777777777778,8.0,27.05,27.86,1.0,40.766666666666666,40.766666666666666,40.766666666666666,2026-09-28 04:40:12.986595+00:00,fin_de_semana,19-23,Suficiente,Acceso confiable
2891,25.733333333333334,28.933333333333337,7,7,2026-09-14 16:47:11.840367+00:00,2026-09-24 23:30:00.413439+00:00,1.0,7.0,25.733333333333334,28.933333333333337,,,,28.933333333333337,2026-09-24 23:30:00.413439+00:00,laboral,16-19,Suficiente,Acceso confiable
2897,48.3,48.3,7,0,2026-09-14 16:47:10.283593+00:00,2026-09-24 23:29:58.908213+00:00,0.0,7.0,48.3,48.3,,,,48.3,2026-09-24 23:29:58.908213+00:00,laboral,16-19,Suficiente,Fuera de 30 minutos
2907,59.233333333333334,60.53333333333333,7,0,2026-09-14 16:47:13.422871+00:00,2026-09-24 23:30:01.951752+00:00,0.0,7.0,59.233333333333334,60.53333333333333,,,,60.75,2026-09-24 23:30:01.951752+00:00,laboral,16-19,Suficiente,Fuera de 30 minutos
2908,55.1,55.92666666666667,7,0,2026-09-14 16:47:12.918101+00:00,2026-09-24 23:30:01.442571+00:00,0.0,7.0,55.1,55.92666666666667,,,,55.63333333333333,2026-09-24 23:30:01.442571+00:00,laboral,16-19,Suficiente,Fuera de 30 minutos
2911,53.45,54.96666666666666,7,0,2026-09-14 16:47:12.918101+00:00,2026-09-24 23:30:01.442571+00:00,0.0,7.0,53.45,54.96666666666666,,,,53.45,2026-09-24 23:30:01.442571+00:00,laboral,16-19,Suficiente,Fuera de 30 minutos
2912,51.05,56.17,7,0,2026-09-14 16:47:11.840367+00:00,2026-09-24 23:30:00.413439+00:00,0.0,7.0,51.05,56.17,,,,51.05,2026-09-24 23:30:00.413439+00:00,laboral,16-19,Suficiente,Fuera de 30 minutos
2913,54.21666666666667,54.21666666666667,7,0,2026-09-14 16:47:10.781852+00:00,2026-09-24 23:29:59.435170+00:00,0.0,7.0,54.21666666666667,54.21666666666667,,,,54.21666666666667,2026-09-24 23:29:59.435170+00:00,laboral,16-19,Suficiente,Fuera de 30 minutos
2914,53.03333333333333,53.03333333333333,7,0,2026-09-14 16:47:10.283593+00:00,2026-09-24 23:29:58.908213+00:00,0.0,7.0,53.03333333333333,53.03333333333333,,,,53.03333333333333,2026-09-24 23:29:58.908213+00:00,laboral,16-19,Suficiente,Fuera de 30 minutos
2915,52.06666666666667,52.06666666666667,7,0,2026-09-14 16:47:10.283593+00:00,2026-09-24 23:29:58.908213+00:00,0.0,7.0,52.06666666666667,52.06666666666667,,,,52.06666666666667,2026-09-24 23:29:58.908213+00:00,laboral,16-19,Suficiente,Fuera de 30 minutos
2916,50.46666666666667,50.46666666666667,7,0,2026-09-14 16:47:09.792714+00:00,2026-09-24 23:29:58.414214+00:00,0.0,7.0,50.46666666666667,50.46666666666667,,,,50.46666666666667,2026-09-24 23:29:58.414214+00:00,laboral,16-19,Suficiente,Fuera de 30 minutos
2917,46.11666666666667,46.11666666666667,7,0,2026-09-14 16:47:09.286590+00:00,2026-09-24 23:29:57.874683+00:00,0.0,7.0,46.11666666666667,46.11666666666667,,,,46.11666666666667,2026-09-24 23:29:57.874683+00:00,laboral,16-19,Suficiente,Fuera de 30 minutos
2918,36.266666666666666,43.24000000000001,7,0,2026-09-14 16:47:09.286590+00:00,2026-09-24 23:29:57.874683+00:00,0.0,7.0,36.266666666666666,43.24000000000001,,,,36.266666666666666,2026-09-24 23:29:57.874683+00:00,laboral,16-19,Suficiente,Fuera de 30 minutos
2919,33.43333333333333,33.43333333333333,7,0,2026-09-14 16:47:08.611611+00:00,2026-09-24 23:29:57.393094+00:00,0.0,7.0,33.43333333333333,33.43333333333333,,,,33.43333333333333,2026-09-24 23:29:57.393094+00:00,laboral,16-19,Suficiente,Fuera de 30 minutos
2920,35.5,41.010000000000005,7,0,2026-09-14 16:47:08.611611+00:00,2026-09-24 23:29:57.393094+00:00,0.0,7.0,35.5,41.010000000000005,,,,41.45,2026-09-24 23:29:57.393094+00:00,laboral,16-19,Suficiente,Fuera de 30 minutos
2921,37.36666666666667,40.55,9,0,2026-09-14 16:47:08.611611+00:00,2026-09-28 04:40:13.525194+00:00,0.0,8.0,37.40833333333333,40.55,1.0,37.36666666666667,37.36666666666667,37.36666666666667,2026-09-28 04:40:13.525194+00:00,fin_de_semana,19-23,Suficiente,Fuera de 30 minutos
2922,39.03333333333333,39.03333333333333,9,0,2026-09-14 16:47:07.157796+00:00,2026-09-28 04:40:13.525194+00:00,0.0,8.0,39.03333333333333,39.03333333333333,1.0,36.333333333333336,36.333333333333336,36.333333333333336,2026-09-28 04:40:13.525194+00:00,fin_de_semana,19-23,Suficiente,Fuera de 30 minutos
2923,30.083333333333332,30.083333333333332,9,1,2026-09-14 16:47:07.157796+00:00,2026-09-28 04:40:13.525194+00:00,0.1111111111111111,8.0,30.083333333333332,30.083333333333332,1.0,29.95,29.95,29.95,2026-09-28 04:40:13.525194+00:00,fin_de_semana,19-23,Suficiente,Fuera de 30 minutos
2924,25.866666666666667,25.866666666666667,9,8,2026-09-14 16:47:07.157796+00:00,2026-09-28 04:40:12.986595+00:00,0.8888888888888888,8.0,25.866666666666667,25.866666666666667,1.0,25.733333333333334,25.733333333333334,25.733333333333334,2026-09-28 04:40:12.986595+00:00,fin_de_semana,19-23,Suficiente,Acceso confiable
2931,38.71666666666667,41.30333333333334,7,0,2026-09-14 16:47:12.379539+00:00,2026-09-24 23:30:00.935687+00:00,0.0,7.0,38.71666666666667,41.30333333333334,,,,38.71666666666667,2026-09-24 23:30:00.935687+00:00,laboral,16-19,Suficiente,Fuera de 30 minutos
2932,37.85,37.85,7,0,2026-09-14 16:47:12.379539+00:00,2026-09-24 23:30:00.935687+00:00,0.0,7.0,37.85,37.85,,,,37.85,2026-09-24 23:30:00.935687+00:00,laboral,16-19,Suficiente,Fuera de 30 minutos
2933,49.93333333333333,51.93333333333333,7,0,2026-09-14 16:47:11.840367+00:00,2026-09-24 23:30:00.413439+00:00,0.0,7.0,49.93333333333333,51.93333333333333,,,,51.93333333333333,2026-09-24 23:30:00.413439+00:00,laboral,16-19,Suficiente,Fuera de 30 minutos
2934,54.833333333333336,54.833333333333336,7,0,2026-09-14 16:47:11.840367+00:00,2026-09-24 23:30:00.413439+00:00,0.0,7.0,54.833333333333336,54.833333333333336,,,,53.333333333333336,2026-09-24 23:30:00.413439+00:00,laboral,16-19,Suficiente,Fuera de 30 minutos
2935,57.233333333333334,57.233333333333334,7,0,2026-09-14 16:47:11.360449+00:00,2026-09-24 23:29:59.928061+00:00,0.0,7.0,57.233333333333334,57.233333333333334,,,,57.233333333333334,2026-09-24 23:29:59.928061+00:00,laboral,16-19,Suficiente,Fuera de 30 minutos
2952,53.25,53.870000000000005,7,0,2026-09-14 16:47:12.918101+00:00,2026-09-24 23:30:01.442571+00:00,0.0,7.0,53.25,53.870000000000005,,,,53.55,2026-09-24 23:30:01.442571+00:00,laboral,16-19,Suficiente,Fuera de 30 minutos
2953,21.783333333333335,21.983333333333334,9,8,2026-09-14 16:47:09.286590+00:00,2026-09-28 04:40:14.046314+00:00,0.8888888888888888,8.0,21.741666666666667,21.783333333333335,1.0,30.3,30.3,30.3,2026-09-28 04:40:14.046314+00:00,fin_de_semana,19-23,Suficiente,Acceso confiable
2954,26.583333333333332,29.753333333333334,9,7,2026-09-14 16:47:09.286590+00:00,2026-09-28 04:40:14.046314+00:00,0.7777777777777778,8.0,26.583333333333332,28.939999999999998,1.0,33.68333333333333,33.68333333333333,33.68333333333333,2026-09-28 04:40:14.046314+00:00,fin_de_semana,19-23,Suficiente,Acceso confiable
2955,16.483333333333334,16.966666666666665,9,9,2026-09-14 16:47:10.283593+00:00,2026-09-28 04:40:14.046314+00:00,1.0,8.0,16.458333333333336,16.773333333333333,1.0,28.916666666666668,28.916666666666668,28.916666666666668,2026-09-28 04:40:14.046314+00:00,fin_de_semana,19-23,Suficiente,Acceso confiable
2956,11.183333333333334,11.85,9,9,2026-09-14 16:47:09.792714+00:00,2026-09-28 04:40:14.046314+00:00,1.0,8.0,11.183333333333334,11.85,1.0,11.533333333333331,11.533333333333331,11.533333333333331,2026-09-28 04:40:14.046314+00:00,fin_de_semana,19-23,Suficiente,Acceso confiable
2957,10.933333333333334,10.933333333333334,9,9,2026-09-14 16:47:08.611611+00:00,2026-09-28 04:40:14.046314+00:00,1.0,8.0,10.933333333333334,10.933333333333334,1.0,10.933333333333334,10.933333333333334,10.933333333333334,2026-09-28 04:40:14.046314+00:00,fin_de_semana,19-23,Suficiente,Acceso confiable
2960,52.78333333333333,52.78333333333333,7,0,2026-09-14 16:47:10.781852+00:00,2026-09-24 23:29:59.435170+00:00,0.0,7.0,52.78333333333333,52.78333333333333,,,,43.93333333333333,2026-09-24 23:29:59.435170+00:00,laboral,16-19,Suficiente,Fuera de 30 minutos
2961,50.36666666666667,50.36666666666667,7,0,2026-09-14 16:47:10.781852+00:00,2026-09-24 23:29:59.435170+00:00,0.0,7.0,50.36666666666667,50.36666666666667,,,,43.4,2026-09-24 23:29:59.435170+00:00,laboral,16-19,Suficiente,Fuera de 30 minutos
2962,48.766666666666666,48.766666666666666,7,0,2026-09-14 16:47:10.781852+00:00,2026-09-24 23:29:59.435170+00:00,0.0,7.0,48.766666666666666,48.766666666666666,,,,42.95,2026-09-24 23:29:59.435170+00:00,laboral,16-19,Suficiente,Fuera de 30 minutos
2963,19.683333333333337,20.59,7,7,2026-09-14 16:47:09.286590+00:00,2026-09-24 23:29:57.874683+00:00,1.0,7.0,19.683333333333337,20.59,,,,20.816666666666663,2026-09-24 23:29:57.874683+00:00,laboral,16-19,Suficiente,Acceso confiable
2964,16.016666666666666,16.016666666666666,9,9,2026-09-14 16:47:10.781852+00:00,2026-09-28 04:40:14.046314+00:00,1.0,8.0,16.016666666666666,16.016666666666666,1.0,15.733333333333333,15.733333333333333,15.733333333333333,2026-09-28 04:40:14.046314+00:00,fin_de_semana,19-23,Suficiente,Acceso confiable
2965,23.066666666666663,25.726666666666667,9,8,2026-09-14 16:47:08.611611+00:00,2026-09-28 04:40:13.525194+00:00,0.8888888888888888,8.0,22.941666666666663,23.066666666666663,1.0,38.4,38.4,38.4,2026-09-28 04:40:13.525194+00:00,fin_de_semana,19-23,Suficiente,Acceso confiable
2966,47.05,47.05,9,0,2026-09-14 16:47:07.157796+00:00,2026-09-28 04:40:13.525194+00:00,0.0,8.0,47.05,47.05,1.0,46.333333333333336,46.333333333333336,46.333333333333336,2026-09-28 04:40:13.525194+00:00,fin_de_semana,19-23,Suficiente,Fuera de 30 minutos
2967,37.3,38.870000000000005,9,0,2026-09-14 16:47:10.781852+00:00,2026-09-28 04:40:14.595531+00:00,0.0,8.0,37.016666666666666,39.19666666666667,1.0,37.36666666666667,37.36666666666667,37.36666666666667,2026-09-28 04:40:14.595531+00:00,fin_de_semana,19-23,Suficiente,Fuera de 30 minutos
2968,37.05,39.96333333333333,9,0,2026-09-14 16:47:10.781852+00:00,2026-09-28 04:40:14.595531+00:00,0.0,8.0,37.766666666666666,39.986666666666665,1.0,37.05,37.05,37.05,2026-09-28 04:40:14.595531+00:00,fin_de_semana,19-23,Suficiente,Fuera de 30 minutos
2969,35.05,35.1,9,1,2026-09-14 16:47:10.283593+00:00,2026-09-28 04:40:14.046314+00:00,0.1111111111111111,8.0,34.875,35.06666666666667,1.0,58.916666666666664,58.916666666666664,58.916666666666664,2026-09-28 04:40:14.046314+00:00,fin_de_semana,19-23,Suficiente,Fuera de 30 minutos
2970,31.6,32.236666666666665,9,4,2026-09-14 16:47:09.792714+00:00,2026-09-28 04:40:14.046314+00:00,0.4444444444444444,8.0,29.78333333333333,32.15,1.0,55.45,55.45,55.45,2026-09-28 04:40:14.046314+00:00,fin_de_semana,19-23,Suficiente,Fuera de 30 minutos
2974,41.18333333333333,44.010000000000005,7,0,2026-09-14 16:47:11.840367+00:00,2026-09-24 23:30:00.413439+00:00,0.0,7.0,41.18333333333333,44.010000000000005,,,,41.18333333333333,2026-09-24 23:30:00.413439+00:00,laboral,16-19,Suficiente,Fuera de 30 minutos
2975,42.85,43.06666666666667,7,0,2026-09-14 16:47:11.360449+00:00,2026-09-24 23:29:59.928061+00:00,0.0,7.0,42.85,43.06666666666667,,,,41.9,2026-09-24 23:29:59.928061+00:00,laboral,16-19,Suficiente,Fuera de 30 minutos
2976,41.0,41.21666666666667,7,0,2026-09-14 16:47:10.781852+00:00,2026-09-24 23:29:59.435170+00:00,0.0,7.0,41.0,41.21666666666667,,,,40.05,2026-09-24 23:29:59.435170+00:00,laboral,16-19,Suficiente,Fuera de 30 minutos
2977,34.06666666666667,36.129999999999995,9,0,2026-09-14 16:47:10.283593+00:00,2026-09-28 04:40:14.595531+00:00,0.0,8.0,34.06666666666667,34.43666666666667,1.0,46.05,46.05,46.05,2026-09-28 04:40:14.595531+00:00,fin_de_semana,19-23,Suficiente,Fuera de 30 minutos
2978,21.883333333333333,27.436666666666667,9,8,2026-09-14 16:47:08.611611+00:00,2026-09-28 04:40:13.525194+00:00,0.8888888888888888,8.0,21.883333333333333,24.896666666666672,1.0,32.36666666666667,32.36666666666667,32.36666666666667,2026-09-28 04:40:13.525194+00:00,fin_de_semana,19-23,Suficiente,Acceso confiable
2979,23.6,25.14666666666667,9,9,2026-09-14 16:47:08.611611+00:00,2026-09-28 04:40:13.525194+00:00,1.0,8.0,23.858333333333334,25.486666666666668,1.0,23.333333333333332,23.333333333333332,23.333333333333332,2026-09-28 04:40:13.525194+00:00,fin_de_semana,19-23,Suficiente,Acceso confiable
2980,22.55,24.13,9,9,2026-09-14 16:47:08.611611+00:00,2026-09-28 04:40:13.525194+00:00,1.0,8.0,22.983333333333334,24.286666666666665,1.0,22.25,22.25,22.25,2026-09-28 04:40:13.525194+00:00,fin_de_semana,19-23,Suficiente,Acceso confiable
2981,14.5,16.45,9,9,2026-09-14 16:47:07.157796+00:00,2026-09-28 04:40:13.525194+00:00,1.0,8.0,15.475,16.45,1.0,14.45,14.45,14.45,2026-09-28 04:40:13.525194+00:00,fin_de_semana,19-23,Suficiente,Acceso confiable
2982,17.733333333333334,18.936666666666667,9,9,2026-09-14 16:47:07.157796+00:00,2026-09-28 04:40:12.986595+00:00,1.0,8.0,17.733333333333334,19.330000000000002,1.0,17.65,17.65,17.65,2026-09-28 04:40:12.986595+00:00,fin_de_semana,19-23,Suficiente,Acceso confiable
2983,20.483333333333334,20.483333333333334,9,9,2026-09-14 16:47:07.157796+00:00,2026-09-28 04:40:12.986595+00:00,1.0,8.0,20.483333333333334,20.483333333333334,1.0,20.366666666666667,20.366666666666667,20.366666666666667,2026-09-28 04:40:12.986595+00:00,fin_de_semana,19-23,Suficiente,Acceso confiable
2984,22.733333333333334,22.733333333333334,9,9,2026-09-14 16:47:07.157796+00:00,2026-09-28 04:40:12.986595+00:00,1.0,8.0,22.733333333333334,22.733333333333334,1.0,22.6,22.6,22.6,2026-09-28 04:40:12.986595+00:00,fin_de_semana,19-23,Suficiente,Acceso confiable
2990,55.25,59.25,7,0,2026-09-14 16:47:13.422871+00:00,2026-09-24 23:30:01.951752+00:00,0.0,7.0,55.25,59.25,,,,59.25,2026-09-24 23:30:01.951752+00:00,laboral,16-19,Suficiente,Fuera de 30 minutos
2991,30.483333333333334,31.803333333333335,7,0,2026-09-14 16:47:10.283593+00:00,2026-09-24 23:29:58.908213+00:00,0.0,7.0,30.483333333333334,31.803333333333335,,,,30.483333333333334,2026-09-24 23:29:58.908213+00:00,laboral,16-19,Suficiente,Fuera de 30 minutos
2993,29.25,31.186666666666667,7,4,2026-09-14 16:47:09.792714+00:00,2026-09-24 23:29:58.414214+00:00,0.5714285714285714,7.0,29.25,31.186666666666667,,,,29.25,2026-09-24 23:29:58.414214+00:00,laboral,16-19,Suficiente,Acceso habitual pero variable
2994,29.716666666666665,30.076666666666668,7,5,2026-09-14 16:47:09.792714+00:00,2026-09-24 23:29:58.414214+00:00,0.7142857142857143,7.0,29.716666666666665,30.076666666666668,,,,28.25,2026-09-24 23:29:58.414214+00:00,laboral,16-19,Suficiente,Acceso habitual pero variable
2995,28.083333333333332,28.389999999999997,7,7,2026-09-14 16:47:09.286590+00:00,2026-09-24 23:29:57.874683+00:00,1.0,7.0,28.083333333333332,28.389999999999997,,,,26.75,2026-09-24 23:29:57.874683+00:00,laboral,16-19,Suficiente,Acceso confiable
2996,23.5,25.65,7,7,2026-09-14 16:47:08.611611+00:00,2026-09-24 23:29:57.393094+00:00,1.0,7.0,23.5,25.65,,,,25.816666666666663,2026-09-24 23:29:57.393094+00:00,laboral,16-19,Suficiente,Acceso confiable
2997,22.583333333333332,25.67666666666667,7,7,2026-09-14 16:47:08.611611+00:00,2026-09-24 23:29:57.393094+00:00,1.0,7.0,22.583333333333332,25.67666666666667,,,,26.1,2026-09-24 23:29:57.393094+00:00,laboral,16-19,Suficiente,Acceso confiable
2998,20.066666666666663,22.823333333333334,9,8,2026-09-14 16:47:08.611611+00:00,2026-09-28 04:40:13.525194+00:00,0.8888888888888888,8.0,20.066666666666663,21.636666666666667,1.0,30.116666666666667,30.116666666666667,30.116666666666667,2026-09-28 04:40:13.525194+00:00,fin_de_semana,19-23,Suficiente,Acceso confiable
2999,21.566666666666663,22.876666666666665,9,9,2026-09-14 16:47:07.157796+00:00,2026-09-28 04:40:12.986595+00:00,1.0,8.0,21.566666666666663,22.15,1.0,23.966666666666665,23.966666666666665,23.966666666666665,2026-09-28 04:40:12.986595+00:00,fin_de_semana,19-23,Suficiente,Acceso confiable
3000,22.2,22.783333333333335,7,7,2026-09-14 16:47:11.360449+00:00,2026-09-24 23:29:59.928061+00:00,1.0,7.0,22.2,22.783333333333335,,,,22.783333333333335,2026-09-24 23:29:59.928061+00:00,laboral,16-19,Suficiente,Acceso confiable
3001,22.516666666666666,25.130000000000003,7,7,2026-09-14 16:47:10.283593+00:00,2026-09-24 23:29:58.908213+00:00,1.0,7.0,22.516666666666666,25.130000000000003,,,,25.483333333333334,2026-09-24 23:29:58.908213+00:00,laboral,16-19,Suficiente,Acceso confiable
3002,22.583333333333332,25.67666666666667,7,7,2026-09-14 16:47:09.792714+00:00,2026-09-24 23:29:58.414214+00:00,1.0,7.0,22.583333333333332,25.67666666666667,,,,26.1,2026-09-24 23:29:58.414214+00:00,laboral,16-19,Suficiente,Acceso confiable
3003,23.5,25.65,7,7,2026-09-14 16:47:09.792714+00:00,2026-09-24 23:29:58.414214+00:00,1.0,7.0,23.5,25.65,,,,25.816666666666663,2026-09-24 23:29:58.414214+00:00,laboral,16-19,Suficiente,Acceso confiable
3004,27.483333333333334,27.483333333333334,7,7,2026-09-14 16:47:09.286590+00:00,2026-09-24 23:29:57.874683+00:00,1.0,7.0,27.483333333333334,27.483333333333334,,,,27.483333333333334,2026-09-24 23:29:57.874683+00:00,laboral,16-19,Suficiente,Acceso confiable
3005,29.65,29.956666666666667,7,5,2026-09-14 16:47:09.286590+00:00,2026-09-24 23:29:57.874683+00:00,0.7142857142857143,7.0,29.65,29.956666666666667,,,,28.316666666666663,2026-09-24 23:29:57.874683+00:00,laboral,16-19,Suficiente,Acceso confiable
3006,29.866666666666667,31.693333333333335,7,4,2026-09-14 16:47:09.286590+00:00,2026-09-24 23:29:57.874683+00:00,0.5714285714285714,7.0,29.866666666666667,31.693333333333335,,,,29.866666666666667,2026-09-24 23:29:57.874683+00:00,laboral,16-19,Suficiente,Acceso habitual pero variable
3007,30.683333333333337,31.923333333333336,7,0,2026-09-14 16:47:08.611611+00:00,2026-09-24 23:29:57.393094+00:00,0.0,7.0,30.683333333333337,31.923333333333336,,,,30.683333333333337,2026-09-24 23:29:57.393094+00:00,laboral,16-19,Suficiente,Fuera de 30 minutos
3008,32.03333333333333,33.583333333333336,7,0,2026-09-14 16:47:08.611611+00:00,2026-09-24 23:29:57.393094+00:00,0.0,7.0,32.03333333333333,33.583333333333336,,,,32.03333333333333,2026-09-24 23:29:57.393094+00:00,laboral,16-19,Suficiente,Fuera de 30 minutos
3023,34.56666666666667,36.63333333333333,9,0,2026-09-14 16:47:10.781852+00:00,2026-09-28 04:40:14.046314+00:00,0.0,8.0,35.6,36.63333333333333,1.0,31.166666666666668,31.166666666666668,31.166666666666668,2026-09-28 04:40:14.046314+00:00,fin_de_semana,19-23,Suficiente,Fuera de 30 minutos
3024,32.8,32.8,7,1,2026-09-14 16:47:11.360449+00:00,2026-09-24 23:29:59.928061+00:00,0.14285714285714285,7.0,32.8,32.8,,,,32.8,2026-09-24 23:29:59.928061+00:00,laboral,16-19,Suficiente,Fuera de 30 minutos
3025,2.85,2.85,1,1,2026-09-28 04:40:12.986595+00:00,2026-09-28 04:40:12.986595+00:00,1.0,,,,1.0,2.85,2.85,2.85,2026-09-28 04:40:12.986595+00:00,fin_de_semana,19-23,Insuficiente,Datos insuficientes
3026,44.583333333333336,44.583333333333336,7,0,2026-09-14 16:47:10.781852+00:00,2026-09-24 23:29:59.435170+00:00,0.0,7.0,44.583333333333336,44.583333333333336,,,,43.916666666666664,2026-09-24 23:29:59.435170+00:00,laboral,16-19,Suficiente,Fuera de 30 minutos
3027,44.9,45.88666666666667,7,0,2026-09-14 16:47:10.781852+00:00,2026-09-24 23:29:59.435170+00:00,0.0,7.0,44.9,45.88666666666667,,,,46.13333333333333,2026-09-24 23:29:59.435170+00:00,laboral,16-19,Suficiente,Fuera de 30 minutos
3028,42.733333333333334,43.720000000000006,7,0,2026-09-14 16:47:10.283593+00:00,2026-09-24 23:29:58.908213+00:00,0.0,7.0,42.733333333333334,43.720000000000006,,,,43.96666666666667,2026-09-24 23:29:58.908213+00:00,laboral,16-19,Suficiente,Fuera de 30 minutos
3029,41.3,42.53333333333333,7,0,2026-09-14 16:47:10.283593+00:00,2026-09-24 23:29:58.908213+00:00,0.0,7.0,41.3,42.53333333333333,,,,41.3,2026-09-24 23:29:58.908213+00:00,laboral,16-19,Suficiente,Fuera de 30 minutos
3030,38.666666666666664,39.8,7,0,2026-09-14 16:47:09.792714+00:00,2026-09-24 23:29:58.414214+00:00,0.0,7.0,38.666666666666664,39.8,,,,38.666666666666664,2026-09-24 23:29:58.414214+00:00,laboral,16-19,Suficiente,Fuera de 30 minutos
3031,36.0,36.906666666666666,7,0,2026-09-14 16:47:09.792714+00:00,2026-09-24 23:29:58.414214+00:00,0.0,7.0,36.0,36.906666666666666,,,,36.0,2026-09-24 23:29:58.414214+00:00,laboral,16-19,Suficiente,Fuera de 30 minutos
3032,38.6,39.733333333333334,7,0,2026-09-14 16:47:11.840367+00:00,2026-09-24 23:30:00.413439+00:00,0.0,7.0,38.6,39.733333333333334,,,,38.6,2026-09-24 23:30:00.413439+00:00,laboral,16-19,Suficiente,Fuera de 30 minutos
3033,42.916666666666664,42.916666666666664,7,0,2026-09-14 16:47:11.840367+00:00,2026-09-24 23:30:00.413439+00:00,0.0,7.0,42.916666666666664,42.916666666666664,,,,42.916666666666664,2026-09-24 23:30:00.413439+00:00,laboral,16-19,Suficiente,Fuera de 30 minutos
3034,42.733333333333334,43.720000000000006,7,0,2026-09-14 16:47:11.840367+00:00,2026-09-24 23:30:00.413439+00:00,0.0,7.0,42.733333333333334,43.720000000000006,,,,43.96666666666667,2026-09-24 23:30:00.413439+00:00,laboral,16-19,Suficiente,Fuera de 30 minutos
3035,44.516666666666666,45.50333333333334,7,0,2026-09-14 16:47:11.360449+00:00,2026-09-24 23:29:59.928061+00:00,0.0,7.0,44.516666666666666,45.50333333333334,,,,45.75,2026-09-24 23:29:59.928061+00:00,laboral,16-19,Suficiente,Fuera de 30 minutos
3036,45.78333333333333,45.78333333333333,7,0,2026-09-14 16:47:10.781852+00:00,2026-09-24 23:29:59.435170+00:00,0.0,7.0,45.78333333333333,45.78333333333333,,,,45.78333333333333,2026-09-24 23:29:59.435170+00:00,laboral,16-19,Suficiente,Fuera de 30 minutos
3037,46.46666666666667,48.129999999999995,7,0,2026-09-14 16:47:10.283593+00:00,2026-09-24 23:29:58.908213+00:00,0.0,7.0,46.46666666666667,48.129999999999995,,,,42.13333333333333,2026-09-24 23:29:58.908213+00:00,laboral,16-19,Suficiente,Fuera de 30 minutos
3038,25.35,27.483333333333334,7,7,2026-09-14 16:47:11.840367+00:00,2026-09-24 23:30:00.413439+00:00,1.0,7.0,25.35,27.483333333333334,,,,27.483333333333334,2026-09-24 23:30:00.413439+00:00,laboral,16-19,Suficiente,Acceso confiable
3039,28.016666666666666,28.016666666666666,7,6,2026-09-14 16:47:11.840367+00:00,2026-09-24 23:30:00.413439+00:00,0.8571428571428571,7.0,28.016666666666666,28.016666666666666,,,,30.066666666666663,2026-09-24 23:30:00.413439+00:00,laboral,16-19,Suficiente,Acceso confiable
3040,27.383333333333333,29.15,7,7,2026-09-14 16:47:11.360449+00:00,2026-09-24 23:29:59.928061+00:00,1.0,7.0,27.383333333333333,29.15,,,,29.15,2026-09-24 23:29:59.928061+00:00,laboral,16-19,Suficiente,Acceso confiable
3041,28.0,28.0,7,7,2026-09-14 16:47:11.360449+00:00,2026-09-24 23:29:59.928061+00:00,1.0,7.0,28.0,28.0,,,,29.666666666666668,2026-09-24 23:29:59.928061+00:00,laboral,16-19,Suficiente,Acceso confiable
3042,29.283333333333335,29.283333333333335,7,6,2026-09-14 16:47:10.781852+00:00,2026-09-24 23:29:59.435170+00:00,0.8571428571428571,7.0,29.283333333333335,29.283333333333335,,,,30.7,2026-09-24 23:29:59.435170+00:00,laboral,16-19,Suficiente,Acceso confiable
3043,30.3,30.3,7,0,2026-09-14 16:47:10.781852+00:00,2026-09-24 23:29:59.435170+00:00,0.0,7.0,30.3,30.3,,,,30.3,2026-09-24 23:29:59.435170+00:00,laboral,16-19,Suficiente,Fuera de 30 minutos
3044,31.4,31.4,7,0,2026-09-14 16:47:10.283593+00:00,2026-09-24 23:29:58.908213+00:00,0.0,7.0,31.4,31.4,,,,31.4,2026-09-24 23:29:58.908213+00:00,laboral,16-19,Suficiente,Fuera de 30 minutos
3045,32.766666666666666,32.766666666666666,7,0,2026-09-14 16:47:13.422871+00:00,2026-09-24 23:30:01.951752+00:00,0.0,7.0,32.766666666666666,32.766666666666666,,,,32.766666666666666,2026-09-24 23:30:01.951752+00:00,laboral,16-19,Suficiente,Fuera de 30 minutos
3046,33.78333333333333,33.78333333333333,7,0,2026-09-14 16:47:12.918101+00:00,2026-09-24 23:30:01.442571+00:00,0.0,7.0,33.78333333333333,33.78333333333333,,,,33.78333333333333,2026-09-24 23:30:01.442571+00:00,laboral,16-19,Suficiente,Fuera de 30 minutos
3047,34.56666666666667,34.56666666666667,7,0,2026-09-14 16:47:12.379539+00:00,2026-09-24 23:30:00.935687+00:00,0.0,7.0,34.56666666666667,34.56666666666667,,,,34.56666666666667,2026-09-24 23:30:00.935687+00:00,laboral,16-19,Suficiente,Fuera de 30 minutos
3048,35.7,35.7,7,0,2026-09-14 16:47:12.379539+00:00,2026-09-24 23:30:00.935687+00:00,0.0,7.0,35.7,35.7,,,,35.7,2026-09-24 23:30:00.935687+00:00,laboral,16-19,Suficiente,Fuera de 30 minutos
3049,36.36666666666667,36.36666666666667,7,0,2026-09-14 16:47:11.840367+00:00,2026-09-24 23:30:00.413439+00:00,0.0,7.0,36.36666666666667,36.36666666666667,,,,39.266666666666666,2026-09-24 23:30:00.413439+00:00,laboral,16-19,Suficiente,Fuera de 30 minutos
3050,36.36666666666667,36.36666666666667,7,0,2026-09-14 16:47:09.792714+00:00,2026-09-24 23:29:58.414214+00:00,0.0,7.0,36.36666666666667,36.36666666666667,,,,38.75,2026-09-24 23:29:58.414214+00:00,laboral,16-19,Suficiente,Fuera de 30 minutos
3051,35.7,35.7,7,0,2026-09-14 16:47:09.792714+00:00,2026-09-24 23:29:58.414214+00:00,0.0,7.0,35.7,35.7,,,,35.7,2026-09-24 23:29:58.414214+00:00,laboral,16-19,Suficiente,Fuera de 30 minutos
3052,34.56666666666667,34.56666666666667,7,0,2026-09-14 16:47:09.286590+00:00,2026-09-24 23:29:57.874683+00:00,0.0,7.0,34.56666666666667,34.56666666666667,,,,34.56666666666667,2026-09-24 23:29:57.874683+00:00,laboral,16-19,Suficiente,Fuera de 30 minutos
3053,33.78333333333333,33.78333333333333,7,0,2026-09-14 16:47:09.286590+00:00,2026-09-24 23:29:57.874683+00:00,0.0,7.0,33.78333333333333,33.78333333333333,,,,33.78333333333333,2026-09-24 23:29:57.874683+00:00,laboral,16-19,Suficiente,Fuera de 30 minutos
3054,32.766666666666666,32.766666666666666,7,0,2026-09-14 16:47:08.611611+00:00,2026-09-24 23:29:57.393094+00:00,0.0,7.0,32.766666666666666,32.766666666666666,,,,32.766666666666666,2026-09-24 23:29:57.393094+00:00,laboral,16-19,Suficiente,Fuera de 30 minutos
3055,31.4,32.53333333333333,9,0,2026-09-14 16:47:08.611611+00:00,2026-09-28 04:40:13.525194+00:00,0.0,8.0,31.4,31.4,1.0,36.43333333333333,36.43333333333333,36.43333333333333,2026-09-28 04:40:13.525194+00:00,fin_de_semana,19-23,Suficiente,Fuera de 30 minutos
3056,30.3,30.3,9,0,2026-09-14 16:47:08.611611+00:00,2026-09-28 04:40:13.525194+00:00,0.0,8.0,30.3,30.3,1.0,31.533333333333335,31.533333333333335,31.533333333333335,2026-09-28 04:40:13.525194+00:00,fin_de_semana,19-23,Suficiente,Fuera de 30 minutos
3057,29.283333333333335,29.85,9,7,2026-09-14 16:47:07.157796+00:00,2026-09-28 04:40:13.525194+00:00,0.7777777777777778,8.0,29.283333333333335,29.283333333333335,1.0,30.7,30.7,30.7,2026-09-28 04:40:13.525194+00:00,fin_de_semana,19-23,Suficiente,Acceso confiable
3058,28.0,28.666666666666668,9,9,2026-09-14 16:47:07.157796+00:00,2026-09-28 04:40:12.986595+00:00,1.0,8.0,28.0,28.0,1.0,29.666666666666668,29.666666666666668,29.666666666666668,2026-09-28 04:40:12.986595+00:00,fin_de_semana,19-23,Suficiente,Acceso confiable
3059,27.383333333333333,29.15,9,9,2026-09-14 16:47:07.157796+00:00,2026-09-28 04:40:12.986595+00:00,1.0,8.0,27.383333333333333,29.15,1.0,29.15,29.15,29.15,2026-09-28 04:40:12.986595+00:00,fin_de_semana,19-23,Suficiente,Acceso confiable
3060,25.9,27.95,9,9,2026-09-14 16:47:07.157796+00:00,2026-09-28 04:40:12.986595+00:00,1.0,8.0,25.9,27.13,1.0,27.95,27.95,27.95,2026-09-28 04:40:12.986595+00:00,fin_de_semana,19-23,Suficiente,Acceso confiable
3061,25.35,27.483333333333334,9,9,2026-09-14 16:47:07.157796+00:00,2026-09-28 04:40:12.986595+00:00,1.0,8.0,25.35,27.483333333333334,1.0,27.483333333333334,27.483333333333334,27.483333333333334,2026-09-28 04:40:12.986595+00:00,fin_de_semana,19-23,Suficiente,Acceso confiable
3062,44.11666666666667,47.18333333333333,7,0,2026-09-14 16:47:09.792714+00:00,2026-09-24 23:29:58.414214+00:00,0.0,7.0,44.11666666666667,47.18333333333333,,,,44.11666666666667,2026-09-24 23:29:58.414214+00:00,laboral,16-19,Suficiente,Fuera de 30 minutos
3063,43.53333333333333,46.53333333333333,7,0,2026-09-14 16:47:09.792714+00:00,2026-09-24 23:29:58.414214+00:00,0.0,7.0,43.53333333333333,46.53333333333333,,,,43.53333333333333,2026-09-24 23:29:58.414214+00:00,laboral,16-19,Suficiente,Fuera de 30 minutos
3070,34.9,34.9,7,0,2026-09-14 16:47:13.422871+00:00,2026-09-24 23:30:01.951752+00:00,0.0,7.0,34.9,34.9,,,,34.9,2026-09-24 23:30:01.951752+00:00,laboral,16-19,Suficiente,Fuera de 30 minutos
3071,36.916666666666664,36.916666666666664,7,0,2026-09-14 16:47:12.918101+00:00,2026-09-24 23:30:01.442571+00:00,0.0,7.0,36.916666666666664,36.916666666666664,,,,36.916666666666664,2026-09-24 23:30:01.442571+00:00,laboral,16-19,Suficiente,Fuera de 30 minutos
3072,36.516666666666666,36.516666666666666,7,0,2026-09-14 16:47:12.918101+00:00,2026-09-24 23:30:01.442571+00:00,0.0,7.0,36.516666666666666,36.516666666666666,,,,36.516666666666666,2026-09-24 23:30:01.442571+00:00,laboral,16-19,Suficiente,Fuera de 30 minutos
3073,39.4,40.61666666666667,7,0,2026-09-14 16:47:12.379539+00:00,2026-09-24 23:30:00.935687+00:00,0.0,7.0,39.4,40.61666666666667,,,,40.61666666666667,2026-09-24 23:30:00.935687+00:00,laboral,16-19,Suficiente,Fuera de 30 minutos
3075,49.416666666666664,49.61666666666667,7,0,2026-09-14 16:47:10.781852+00:00,2026-09-24 23:29:59.435170+00:00,0.0,7.0,49.416666666666664,49.61666666666667,,,,51.083333333333336,2026-09-24 23:29:59.435170+00:00,laboral,16-19,Suficiente,Fuera de 30 minutos
3076,48.45,49.33,7,0,2026-09-14 16:47:10.781852+00:00,2026-09-24 23:29:59.435170+00:00,0.0,7.0,48.45,49.33,,,,52.45,2026-09-24 23:29:59.435170+00:00,laboral,16-19,Suficiente,Fuera de 30 minutos
3077,37.8,38.44,7,0,2026-09-14 16:47:09.792714+00:00,2026-09-24 23:29:58.414214+00:00,0.0,7.0,37.8,38.44,,,,37.8,2026-09-24 23:29:58.414214+00:00,laboral,16-19,Suficiente,Fuera de 30 minutos
3078,36.516666666666666,36.516666666666666,7,0,2026-09-14 16:47:09.286590+00:00,2026-09-24 23:29:57.874683+00:00,0.0,7.0,36.516666666666666,36.516666666666666,,,,36.516666666666666,2026-09-24 23:29:57.874683+00:00,laboral,16-19,Suficiente,Fuera de 30 minutos
3079,35.81666666666667,35.81666666666667,7,0,2026-09-14 16:47:09.286590+00:00,2026-09-24 23:29:57.874683+00:00,0.0,7.0,35.81666666666667,35.81666666666667,,,,35.81666666666667,2026-09-24 23:29:57.874683+00:00,laboral,16-19,Suficiente,Fuera de 30 minutos
3080,34.9,34.9,9,0,2026-09-14 16:47:09.286590+00:00,2026-09-28 04:40:13.525194+00:00,0.0,8.0,34.9,34.9,1.0,34.9,34.9,34.9,2026-09-28 04:40:13.525194+00:00,fin_de_semana,19-23,Suficiente,Fuera de 30 minutos
3081,34.31666666666667,34.99,9,0,2026-09-14 16:47:08.611611+00:00,2026-09-28 04:40:13.525194+00:00,0.0,8.0,34.31666666666667,34.31666666666667,1.0,36.0,36.0,36.0,2026-09-28 04:40:13.525194+00:00,fin_de_semana,19-23,Suficiente,Fuera de 30 minutos
3082,33.766666666666666,34.18666666666667,9,0,2026-09-14 16:47:08.611611+00:00,2026-09-28 04:40:13.525194+00:00,0.0,8.0,33.766666666666666,33.766666666666666,1.0,34.81666666666667,34.81666666666667,34.81666666666667,2026-09-28 04:40:13.525194+00:00,fin_de_semana,19-23,Suficiente,Fuera de 30 minutos
3083,32.9,35.2,9,0,2026-09-14 16:47:08.611611+00:00,2026-09-28 04:40:13.525194+00:00,0.0,8.0,32.9,34.28,1.0,35.55,35.55,35.55,2026-09-28 04:40:13.525194+00:00,fin_de_semana,19-23,Suficiente,Fuera de 30 minutos
3084,33.85,33.85,9,0,2026-09-14 16:47:08.611611+00:00,2026-09-28 04:40:13.525194+00:00,0.0,8.0,33.125,33.85,1.0,35.93333333333333,35.93333333333333,35.93333333333333,2026-09-28 04:40:13.525194+00:00,fin_de_semana,19-23,Suficiente,Fuera de 30 minutos
3085,50.56666666666667,53.093333333333334,7,0,2026-09-14 16:47:10.781852+00:00,2026-09-24 23:29:59.435170+00:00,0.0,7.0,50.56666666666667,53.093333333333334,,,,53.3,2026-09-24 23:29:59.435170+00:00,laboral,16-19,Suficiente,Fuera de 30 minutos
3086,41.38333333333333,41.38333333333333,7,0,2026-09-14 16:47:11.840367+00:00,2026-09-24 23:30:00.413439+00:00,0.0,7.0,41.38333333333333,41.38333333333333,,,,41.38333333333333,2026-09-24 23:30:00.413439+00:00,laboral,16-19,Suficiente,Fuera de 30 minutos
3087,45.56666666666667,45.71333333333333,7,0,2026-09-14 16:47:10.781852+00:00,2026-09-24 23:29:59.435170+00:00,0.0,7.0,45.56666666666667,45.71333333333333,,,,45.56666666666667,2026-09-24 23:29:59.435170+00:00,laboral,16-19,Suficiente,Fuera de 30 minutos
3088,43.25,43.25,7,0,2026-09-14 16:47:10.781852+00:00,2026-09-24 23:29:59.435170+00:00,0.0,7.0,43.25,43.25,,,,42.3,2026-09-24 23:29:59.435170+00:00,laboral,16-19,Suficiente,Fuera de 30 minutos
3089,48.45,49.33,7,0,2026-09-14 16:47:10.781852+00:00,2026-09-24 23:29:59.435170+00:00,0.0,7.0,48.45,49.33,,,,52.45,2026-09-24 23:29:59.435170+00:00,laboral,16-19,Suficiente,Fuera de 30 minutos
3090,49.416666666666664,50.06666666666667,7,0,2026-09-14 16:47:10.283593+00:00,2026-09-24 23:29:58.908213+00:00,0.0,7.0,49.416666666666664,50.06666666666667,,,,51.0,2026-09-24 23:29:58.908213+00:00,laboral,16-19,Suficiente,Fuera de 30 minutos
3091,48.55,48.55,7,0,2026-09-14 16:47:11.840367+00:00,2026-09-24 23:30:00.413439+00:00,0.0,7.0,48.55,48.55,,,,48.55,2026-09-24 23:30:00.413439+00:00,laboral,16-19,Suficiente,Fuera de 30 minutos
3092,47.45,47.45,7,0,2026-09-14 16:47:11.360449+00:00,2026-09-24 23:29:59.928061+00:00,0.0,7.0,47.45,47.45,,,,47.45,2026-09-24 23:29:59.928061+00:00,laboral,16-19,Suficiente,Fuera de 30 minutos
3093,46.5,46.5,7,0,2026-09-14 16:47:11.360449+00:00,2026-09-24 23:29:59.928061+00:00,0.0,7.0,46.5,46.5,,,,46.5,2026-09-24 23:29:59.928061+00:00,laboral,16-19,Suficiente,Fuera de 30 minutos
3094,24.766666666666666,24.766666666666666,7,7,2026-09-14 16:47:09.792714+00:00,2026-09-24 23:29:58.414214+00:00,1.0,7.0,24.766666666666666,24.766666666666666,,,,24.766666666666666,2026-09-24 23:29:58.414214+00:00,laboral,16-19,Suficiente,Acceso confiable
3095,21.05,21.35666666666667,7,7,2026-09-14 16:47:09.286590+00:00,2026-09-24 23:29:57.874683+00:00,1.0,7.0,21.05,21.35666666666667,,,,21.05,2026-09-24 23:29:57.874683+00:00,laboral,16-19,Suficiente,Acceso confiable
3099,21.933333333333337,21.933333333333337,9,9,2026-09-14 16:47:07.157796+00:00,2026-09-28 04:40:12.986595+00:00,1.0,8.0,21.933333333333337,21.933333333333337,1.0,17.833333333333332,17.833333333333332,17.833333333333332,2026-09-28 04:40:12.986595+00:00,fin_de_semana,19-23,Suficiente,Acceso confiable
3100,21.35,21.35,9,9,2026-09-14 16:47:07.157796+00:00,2026-09-28 04:40:12.986595+00:00,1.0,8.0,21.35,21.35,1.0,17.35,17.35,17.35,2026-09-28 04:40:12.986595+00:00,fin_de_semana,19-23,Suficiente,Acceso confiable
3103,41.3,41.3,7,0,2026-09-14 16:47:10.781852+00:00,2026-09-24 23:29:59.435170+00:00,0.0,7.0,41.3,41.3,,,,41.3,2026-09-24 23:29:59.435170+00:00,laboral,16-19,Suficiente,Fuera de 30 minutos
3104,39.65,39.65,7,0,2026-09-14 16:47:10.283593+00:00,2026-09-24 23:29:58.908213+00:00,0.0,7.0,39.65,39.65,,,,39.65,2026-09-24 23:29:58.908213+00:00,laboral,16-19,Suficiente,Fuera de 30 minutos
3105,37.3,38.28666666666667,7,0,2026-09-14 16:47:09.792714+00:00,2026-09-24 23:29:58.414214+00:00,0.0,7.0,37.3,38.28666666666667,,,,37.3,2026-09-24 23:29:58.414214+00:00,laboral,16-19,Suficiente,Fuera de 30 minutos
3106,25.9,27.54,7,7,2026-09-14 16:47:11.840367+00:00,2026-09-24 23:30:00.413439+00:00,1.0,7.0,25.9,27.54,,,,27.95,2026-09-24 23:30:00.413439+00:00,laboral,16-19,Suficiente,Acceso confiable
3107,33.85,33.85,9,0,2026-09-14 16:47:10.283593+00:00,2026-09-28 04:40:13.525194+00:00,0.0,8.0,33.125,33.85,1.0,35.93333333333333,35.93333333333333,35.93333333333333,2026-09-28 04:40:13.525194+00:00,fin_de_semana,19-23,Suficiente,Fuera de 30 minutos
3108,32.9,34.88333333333333,9,0,2026-09-14 16:47:10.283593+00:00,2026-09-28 04:40:13.525194+00:00,0.0,8.0,32.9,34.88333333333333,1.0,35.55,35.55,35.55,2026-09-28 04:40:13.525194+00:00,fin_de_semana,19-23,Suficiente,Fuera de 30 minutos
3109,33.766666666666666,34.18666666666667,9,0,2026-09-14 16:47:09.792714+00:00,2026-09-28 04:40:13.525194+00:00,0.0,8.0,33.766666666666666,33.766666666666666,1.0,34.81666666666667,34.81666666666667,34.81666666666667,2026-09-28 04:40:13.525194+00:00,fin_de_semana,19-23,Suficiente,Fuera de 30 minutos
3110,37.03333333333333,37.03333333333333,7,0,2026-09-14 16:47:12.379539+00:00,2026-09-24 23:30:00.935687+00:00,0.0,7.0,37.03333333333333,37.03333333333333,,,,37.03333333333333,2026-09-24 23:30:00.935687+00:00,laboral,16-19,Suficiente,Fuera de 30 minutos
3111,39.2,39.2,7,0,2026-09-14 16:47:11.840367+00:00,2026-09-24 23:30:00.413439+00:00,0.0,7.0,39.2,39.2,,,,39.2,2026-09-24 23:30:00.413439+00:00,laboral,16-19,Suficiente,Fuera de 30 minutos
3112,44.88333333333333,45.85666666666667,7,0,2026-09-14 16:47:11.360449+00:00,2026-09-24 23:29:59.928061+00:00,0.0,7.0,44.88333333333333,45.85666666666667,,,,44.11666666666667,2026-09-24 23:29:59.928061+00:00,laboral,16-19,Suficiente,Fuera de 30 minutos
3113,25.666666666666668,30.466666666666665,7,4,2026-09-14 16:47:10.283593+00:00,2026-09-24 23:29:58.908213+00:00,0.5714285714285714,7.0,25.666666666666668,30.466666666666665,,,,30.466666666666665,2026-09-24 23:29:58.908213+00:00,laboral,16-19,Suficiente,Acceso habitual pero variable
3114,21.816666666666663,21.816666666666663,7,7,2026-09-14 16:47:09.792714+00:00,2026-09-24 23:29:58.414214+00:00,1.0,7.0,21.816666666666663,21.816666666666663,,,,21.816666666666663,2026-09-24 23:29:58.414214+00:00,laboral,16-19,Suficiente,Acceso confiable
3115,36.71666666666667,36.71666666666667,9,0,2026-09-14 16:47:09.792714+00:00,2026-09-28 04:40:13.525194+00:00,0.0,8.0,36.71666666666667,36.71666666666667,1.0,34.06666666666667,34.06666666666667,34.06666666666667,2026-09-28 04:40:13.525194+00:00,fin_de_semana,19-23,Suficiente,Fuera de 30 minutos
3116,34.416666666666664,37.483333333333334,9,0,2026-09-14 16:47:09.286590+00:00,2026-09-28 04:40:13.525194+00:00,0.0,8.0,35.666666666666664,37.766666666666666,1.0,33.28333333333333,33.28333333333333,33.28333333333333,2026-09-28 04:40:13.525194+00:00,fin_de_semana,19-23,Suficiente,Fuera de 30 minutos
3117,33.93333333333333,34.5,9,0,2026-09-14 16:47:09.286590+00:00,2026-09-28 04:40:12.986595+00:00,0.0,8.0,33.93333333333333,34.78333333333333,1.0,32.483333333333334,32.483333333333334,32.483333333333334,2026-09-28 04:40:12.986595+00:00,fin_de_semana,19-23,Suficiente,Fuera de 30 minutos
3118,34.483333333333334,36.15,9,0,2026-09-14 16:47:08.611611+00:00,2026-09-28 04:40:12.986595+00:00,0.0,8.0,34.483333333333334,35.483333333333334,1.0,58.43333333333333,58.43333333333333,58.43333333333333,2026-09-28 04:40:12.986595+00:00,fin_de_semana,19-23,Suficiente,Fuera de 30 minutos
3119,49.43333333333333,49.43333333333333,7,0,2026-09-14 16:47:12.918101+00:00,2026-09-24 23:30:01.442571+00:00,0.0,7.0,49.43333333333333,49.43333333333333,,,,49.43333333333333,2026-09-24 23:30:01.442571+00:00,laboral,16-19,Suficiente,Fuera de 30 minutos
3120,19.266666666666666,19.266666666666666,9,8,2026-09-14 16:47:07.157796+00:00,2026-09-28 04:40:13.525194+00:00,0.8888888888888888,8.0,19.266666666666666,19.266666666666666,1.0,56.53333333333333,56.53333333333333,56.53333333333333,2026-09-28 04:40:13.525194+00:00,fin_de_semana,19-23,Suficiente,Acceso confiable
3121,22.05,22.05,9,8,2026-09-14 16:47:07.157796+00:00,2026-09-28 04:40:13.525194+00:00,0.8888888888888888,8.0,22.05,22.05,1.0,59.333333333333336,59.333333333333336,59.333333333333336,2026-09-28 04:40:13.525194+00:00,fin_de_semana,19-23,Suficiente,Acceso confiable
3122,26.116666666666667,27.823333333333334,9,7,2026-09-14 16:47:07.157796+00:00,2026-09-28 04:40:13.525194+00:00,0.7777777777777778,8.0,26.116666666666667,26.116666666666667,1.0,42.75,42.75,42.75,2026-09-28 04:40:13.525194+00:00,fin_de_semana,19-23,Suficiente,Acceso confiable
3129,59.916666666666664,59.916666666666664,7,0,2026-09-14 16:47:12.918101+00:00,2026-09-24 23:30:01.442571+00:00,0.0,7.0,59.916666666666664,59.916666666666664,,,,59.916666666666664,2026-09-24 23:30:01.442571+00:00,laboral,16-19,Suficiente,Fuera de 30 minutos
3130,58.15,58.15,7,0,2026-09-14 16:47:12.379539+00:00,2026-09-24 23:30:00.935687+00:00,0.0,7.0,58.15,58.15,,,,58.15,2026-09-24 23:30:00.935687+00:00,laboral,16-19,Suficiente,Fuera de 30 minutos
3131,49.28333333333333,49.28333333333333,7,0,2026-09-14 16:47:10.283593+00:00,2026-09-24 23:29:58.908213+00:00,0.0,7.0,49.28333333333333,49.28333333333333,,,,49.28333333333333,2026-09-24 23:29:58.908213+00:00,laboral,16-19,Suficiente,Fuera de 30 minutos
3132,46.11666666666667,46.11666666666667,7,0,2026-09-14 16:47:09.286590+00:00,2026-09-24 23:29:57.874683+00:00,0.0,7.0,46.11666666666667,46.11666666666667,,,,46.11666666666667,2026-09-24 23:29:57.874683+00:00,laboral,16-19,Suficiente,Fuera de 30 minutos
3159,57.06666666666667,57.06666666666667,7,0,2026-09-14 16:47:12.918101+00:00,2026-09-24 23:30:01.442571+00:00,0.0,7.0,57.06666666666667,57.06666666666667,,,,57.06666666666667,2026-09-24 23:30:01.442571+00:00,laboral,16-19,Suficiente,Fuera de 30 minutos
3160,51.18333333333333,51.18333333333333,7,0,2026-09-14 16:47:12.379539+00:00,2026-09-24 23:30:00.935687+00:00,0.0,7.0,51.18333333333333,51.18333333333333,,,,51.18333333333333,2026-09-24 23:30:00.935687+00:00,laboral,16-19,Suficiente,Fuera de 30 minutos
3161,50.13333333333333,50.13333333333333,7,0,2026-09-14 16:47:12.379539+00:00,2026-09-24 23:30:00.935687+00:00,0.0,7.0,50.13333333333333,50.13333333333333,,,,50.13333333333333,2026-09-24 23:30:00.935687+00:00,laboral,16-19,Suficiente,Fuera de 30 minutos
3162,48.71666666666667,48.71666666666667,7,0,2026-09-14 16:47:11.840367+00:00,2026-09-24 23:30:00.413439+00:00,0.0,7.0,48.71666666666667,48.71666666666667,,,,48.71666666666667,2026-09-24 23:30:00.413439+00:00,laboral,16-19,Suficiente,Fuera de 30 minutos
3163,47.63333333333333,47.63333333333333,7,0,2026-09-14 16:47:11.360449+00:00,2026-09-24 23:29:59.928061+00:00,0.0,7.0,47.63333333333333,47.63333333333333,,,,47.63333333333333,2026-09-24 23:29:59.928061+00:00,laboral,16-19,Suficiente,Fuera de 30 minutos
3164,45.28333333333333,45.28333333333333,7,0,2026-09-14 16:47:10.781852+00:00,2026-09-24 23:29:59.435170+00:00,0.0,7.0,45.28333333333333,45.28333333333333,,,,45.28333333333333,2026-09-24 23:29:59.435170+00:00,laboral,16-19,Suficiente,Fuera de 30 minutos
3165,44.38333333333333,44.38333333333333,7,0,2026-09-14 16:47:10.283593+00:00,2026-09-24 23:29:58.908213+00:00,0.0,7.0,44.38333333333333,44.38333333333333,,,,44.38333333333333,2026-09-24 23:29:58.908213+00:00,laboral,16-19,Suficiente,Fuera de 30 minutos
3166,42.7,43.28666666666666,7,0,2026-09-14 16:47:11.360449+00:00,2026-09-24 23:29:59.928061+00:00,0.0,7.0,42.7,43.28666666666666,,,,42.7,2026-09-24 23:29:59.928061+00:00,laboral,16-19,Suficiente,Fuera de 30 minutos
3167,41.166666666666664,41.166666666666664,7,0,2026-09-14 16:47:10.781852+00:00,2026-09-24 23:29:59.435170+00:00,0.0,7.0,41.166666666666664,41.166666666666664,,,,41.166666666666664,2026-09-24 23:29:59.435170+00:00,laboral,16-19,Suficiente,Fuera de 30 minutos
3168,39.56666666666667,39.56666666666667,7,0,2026-09-14 16:47:10.283593+00:00,2026-09-24 23:29:58.908213+00:00,0.0,7.0,39.56666666666667,39.56666666666667,,,,39.56666666666667,2026-09-24 23:29:58.908213+00:00,laboral,16-19,Suficiente,Fuera de 30 minutos
3169,38.68333333333333,38.68333333333333,7,0,2026-09-14 16:47:10.283593+00:00,2026-09-24 23:29:58.908213+00:00,0.0,7.0,38.68333333333333,38.68333333333333,,,,38.68333333333333,2026-09-24 23:29:58.908213+00:00,laboral,16-19,Suficiente,Fuera de 30 minutos
3170,35.38333333333333,35.38333333333333,7,0,2026-09-14 16:47:09.286590+00:00,2026-09-24 23:29:57.874683+00:00,0.0,7.0,35.38333333333333,35.38333333333333,,,,35.38333333333333,2026-09-24 23:29:57.874683+00:00,laboral,16-19,Suficiente,Fuera de 30 minutos
3172,34.5,35.82,7,0,2026-09-14 16:47:08.611611+00:00,2026-09-24 23:29:57.393094+00:00,0.0,7.0,34.5,35.82,,,,43.06666666666667,2026-09-24 23:29:57.393094+00:00,laboral,16-19,Suficiente,Fuera de 30 minutos
3174,40.416666666666664,40.416666666666664,7,0,2026-09-14 16:47:13.422871+00:00,2026-09-24 23:30:01.951752+00:00,0.0,7.0,40.416666666666664,40.416666666666664,,,,40.416666666666664,2026-09-24 23:30:01.951752+00:00,laboral,16-19,Suficiente,Fuera de 30 minutos
3175,41.35,41.35,7,0,2026-09-14 16:47:12.379539+00:00,2026-09-24 23:30:00.935687+00:00,0.0,7.0,41.35,41.35,,,,41.35,2026-09-24 23:30:00.935687+00:00,laboral,16-19,Suficiente,Fuera de 30 minutos
3222,14.016666666666667,14.5,9,9,2026-09-14 16:47:07.157796+00:00,2026-09-28 04:40:12.986595+00:00,1.0,8.0,14.258333333333333,14.5,1.0,13.966666666666669,13.966666666666669,13.966666666666669,2026-09-28 04:40:12.986595+00:00,fin_de_semana,19-23,Suficiente,Acceso confiable
3223,12.833333333333334,13.25,9,9,2026-09-14 16:47:10.283593+00:00,2026-09-28 04:40:14.046314+00:00,1.0,8.0,12.833333333333334,13.25,1.0,12.8,12.8,12.8,2026-09-28 04:40:14.046314+00:00,fin_de_semana,19-23,Suficiente,Acceso confiable
3224,13.0,13.306666666666667,9,9,2026-09-14 16:47:09.792714+00:00,2026-09-28 04:40:14.046314+00:00,1.0,8.0,12.741666666666667,13.233333333333334,1.0,14.55,14.55,14.55,2026-09-28 04:40:14.046314+00:00,fin_de_semana,19-23,Suficiente,Acceso confiable
3231,40.0,42.81333333333334,7,0,2026-09-14 16:47:12.918101+00:00,2026-09-24 23:30:01.442571+00:00,0.0,7.0,40.0,42.81333333333334,,,,43.7,2026-09-24 23:30:01.442571+00:00,laboral,16-19,Suficiente,Fuera de 30 minutos
3232,36.85,40.27333333333333,9,0,2026-09-14 16:47:12.379539+00:00,2026-09-28 04:40:14.595531+00:00,0.0,8.0,36.5,38.56,1.0,59.2,59.2,59.2,2026-09-28 04:40:14.595531+00:00,fin_de_semana,19-23,Suficiente,Fuera de 30 minutos
3233,34.233333333333334,36.59,9,0,2026-09-14 16:47:11.360449+00:00,2026-09-28 04:40:14.595531+00:00,0.0,8.0,33.94166666666666,34.723333333333336,1.0,59.11666666666667,59.11666666666667,59.11666666666667,2026-09-28 04:40:14.595531+00:00,fin_de_semana,19-23,Suficiente,Fuera de 30 minutos
3234,33.15,35.31666666666667,9,1,2026-09-14 16:47:11.360449+00:00,2026-09-28 04:40:14.595531+00:00,0.1111111111111111,8.0,32.825,33.54333333333333,1.0,56.8,56.8,56.8,2026-09-28 04:40:14.595531+00:00,fin_de_semana,19-23,Suficiente,Fuera de 30 minutos
3235,30.133333333333333,32.42333333333333,9,4,2026-09-14 16:47:10.283593+00:00,2026-09-28 04:40:14.046314+00:00,0.4444444444444444,8.0,29.59166666666667,31.123333333333335,1.0,36.75,36.75,36.75,2026-09-28 04:40:14.046314+00:00,fin_de_semana,19-23,Suficiente,Fuera de 30 minutos
3236,27.65,28.453333333333333,9,8,2026-09-14 16:47:09.286590+00:00,2026-09-28 04:40:14.046314+00:00,0.8888888888888888,8.0,27.275,27.866666666666667,1.0,32.2,32.2,32.2,2026-09-28 04:40:14.046314+00:00,fin_de_semana,19-23,Suficiente,Acceso confiable
3237,15.166666666666666,16.35,9,9,2026-09-14 16:47:07.157796+00:00,2026-09-28 04:40:12.986595+00:00,1.0,8.0,15.166666666666666,16.35,1.0,16.3,16.3,16.3,2026-09-28 04:40:12.986595+00:00,fin_de_semana,19-23,Suficiente,Acceso confiable
3260,15.15,15.15,7,7,2026-09-14 16:47:11.360449+00:00,2026-09-24 23:29:59.928061+00:00,1.0,7.0,15.15,15.15,,,,15.15,2026-09-24 23:29:59.928061+00:00,laboral,16-19,Suficiente,Acceso confiable
3261,12.633333333333333,12.633333333333333,7,7,2026-09-14 16:47:10.781852+00:00,2026-09-24 23:29:59.435170+00:00,1.0,7.0,12.633333333333333,12.633333333333333,,,,12.633333333333333,2026-09-24 23:29:59.435170+00:00,laboral,16-19,Suficiente,Acceso confiable
3262,8.9,10.283333333333331,9,9,2026-09-14 16:47:09.792714+00:00,2026-09-28 04:40:14.595531+00:00,1.0,8.0,8.9,10.283333333333331,1.0,10.283333333333331,10.283333333333331,10.283333333333331,2026-09-28 04:40:14.595531+00:00,fin_de_semana,19-23,Suficiente,Acceso confiable
3263,6.65,6.65,9,9,2026-09-14 16:47:09.286590+00:00,2026-09-28 04:40:14.046314+00:00,1.0,8.0,6.65,6.65,1.0,6.65,6.65,6.65,2026-09-28 04:40:14.046314+00:00,fin_de_semana,19-23,Suficiente,Acceso confiable
3278,41.56666666666667,42.39333333333334,7,0,2026-09-14 16:47:13.422871+00:00,2026-09-24 23:30:01.951752+00:00,0.0,7.0,41.56666666666667,42.39333333333334,,,,41.56666666666667,2026-09-24 23:30:01.951752+00:00,laboral,16-19,Suficiente,Fuera de 30 minutos
3279,40.666666666666664,40.666666666666664,7,0,2026-09-14 16:47:11.840367+00:00,2026-09-24 23:30:00.413439+00:00,0.0,7.0,40.666666666666664,40.666666666666664,,,,40.666666666666664,2026-09-24 23:30:00.413439+00:00,laboral,16-19,Suficiente,Fuera de 30 minutos
3280,33.8,34.763333333333335,9,1,2026-09-14 16:47:08.611611+00:00,2026-09-28 04:40:13.525194+00:00,0.1111111111111111,8.0,33.28333333333333,34.41,1.0,55.55,55.55,55.55,2026-09-28 04:40:13.525194+00:00,fin_de_semana,19-23,Suficiente,Fuera de 30 minutos
3281,21.733333333333334,24.65,9,8,2026-09-14 16:47:07.157796+00:00,2026-09-28 04:40:12.986595+00:00,0.8888888888888888,8.0,21.733333333333334,23.483333333333334,1.0,42.6,42.6,42.6,2026-09-28 04:40:12.986595+00:00,fin_de_semana,19-23,Suficiente,Acceso confiable
3282,17.716666666666665,21.92,9,9,2026-09-14 16:47:08.611611+00:00,2026-09-28 04:40:13.525194+00:00,1.0,8.0,17.716666666666665,20.206666666666667,1.0,27.066666666666663,27.066666666666663,27.066666666666663,2026-09-28 04:40:13.525194+00:00,fin_de_semana,19-23,Suficiente,Acceso confiable
3283,10.5,10.5,9,9,2026-09-14 16:47:07.157796+00:00,2026-09-28 04:40:12.986595+00:00,1.0,8.0,10.5,10.5,1.0,10.5,10.5,10.5,2026-09-28 04:40:12.986595+00:00,fin_de_semana,19-23,Suficiente,Acceso confiable
3284,15.85,21.0,9,9,2026-09-14 16:47:07.157796+00:00,2026-09-28 04:40:12.986595+00:00,1.0,8.0,15.85,19.02666666666667,1.0,25.8,25.8,25.8,2026-09-28 04:40:12.986595+00:00,fin_de_semana,19-23,Suficiente,Acceso confiable
3288,40.38333333333333,40.38333333333333,7,0,2026-09-14 16:47:09.792714+00:00,2026-09-24 23:29:58.414214+00:00,0.0,7.0,40.38333333333333,40.38333333333333,,,,40.38333333333333,2026-09-24 23:29:58.414214+00:00,laboral,16-19,Suficiente,Fuera de 30 minutos
3289,42.63333333333333,42.82,7,0,2026-09-14 16:47:09.286590+00:00,2026-09-24 23:29:57.874683+00:00,0.0,7.0,42.63333333333333,42.82,,,,42.63333333333333,2026-09-24 23:29:57.874683+00:00,laboral,16-19,Suficiente,Fuera de 30 minutos
3290,36.6,36.6,7,0,2026-09-14 16:47:09.286590+00:00,2026-09-24 23:29:57.874683+00:00,0.0,7.0,36.6,36.6,,,,36.6,2026-09-24 23:29:57.874683+00:00,laboral,16-19,Suficiente,Fuera de 30 minutos
3291,23.766666666666666,25.576666666666664,7,7,2026-09-14 16:47:09.792714+00:00,2026-09-24 23:29:58.414214+00:00,1.0,7.0,23.766666666666666,25.576666666666664,,,,23.766666666666666,2026-09-24 23:29:58.414214+00:00,laboral,16-19,Suficiente,Acceso confiable
3292,12.05,12.05,7,7,2026-09-14 16:47:11.360449+00:00,2026-09-24 23:29:59.928061+00:00,1.0,7.0,12.05,12.05,,,,12.05,2026-09-24 23:29:59.928061+00:00,laboral,16-19,Suficiente,Acceso confiable
3293,7.3,13.283333333333331,7,7,2026-09-14 16:47:10.283593+00:00,2026-09-24 23:29:58.908213+00:00,1.0,7.0,7.3,13.283333333333331,,,,7.3,2026-09-24 23:29:58.908213+00:00,laboral,16-19,Suficiente,Acceso confiable
3294,13.283333333333331,13.569999999999999,9,9,2026-09-14 16:47:07.157796+00:00,2026-09-28 04:40:12.986595+00:00,1.0,8.0,10.291666666666666,13.283333333333331,1.0,19.3,19.3,19.3,2026-09-28 04:40:12.986595+00:00,fin_de_semana,19-23,Suficiente,Acceso confiable
3295,12.366666666666667,12.366666666666667,9,9,2026-09-14 16:47:07.157796+00:00,2026-09-28 04:40:12.986595+00:00,1.0,8.0,8.916666666666668,12.366666666666667,1.0,12.366666666666667,12.366666666666667,12.366666666666667,2026-09-28 04:40:12.986595+00:00,fin_de_semana,19-23,Suficiente,Acceso confiable
3297,21.85,22.0,9,8,2026-09-14 16:47:07.157796+00:00,2026-09-28 04:40:13.525194+00:00,0.8888888888888888,8.0,19.625,21.94,1.0,40.71666666666667,40.71666666666667,40.71666666666667,2026-09-28 04:40:13.525194+00:00,fin_de_semana,19-23,Suficiente,Acceso confiable
3301,44.0,44.24333333333333,7,0,2026-09-14 16:47:11.360449+00:00,2026-09-24 23:29:59.928061+00:00,0.0,7.0,44.0,44.24333333333333,,,,37.2,2026-09-24 23:29:59.928061+00:00,laboral,16-19,Suficiente,Fuera de 30 minutos
3314,20.533333333333335,21.200000000000003,7,7,2026-09-14 16:47:09.286590+00:00,2026-09-24 23:29:57.874683+00:00,1.0,7.0,20.533333333333335,21.200000000000003,,,,21.366666666666667,2026-09-24 23:29:57.874683+00:00,laboral,16-19,Suficiente,Acceso confiable
3315,46.016666666666666,46.333333333333336,7,0,2026-09-14 16:47:13.422871+00:00,2026-09-24 23:30:01.951752+00:00,0.0,7.0,46.016666666666666,46.333333333333336,,,,35.45,2026-09-24 23:30:01.951752+00:00,laboral,16-19,Suficiente,Fuera de 30 minutos
3316,33.56666666666667,34.00666666666667,7,2,2026-09-14 16:47:10.283593+00:00,2026-09-24 23:29:58.908213+00:00,0.2857142857142857,7.0,33.56666666666667,34.00666666666667,,,,34.11666666666667,2026-09-24 23:29:58.908213+00:00,laboral,16-19,Suficiente,Fuera de 30 minutos
3324,59.016666666666666,61.60000000000001,7,0,2026-09-14 16:47:13.422871+00:00,2026-09-24 23:30:01.951752+00:00,0.0,7.0,59.016666666666666,61.60000000000001,,,,57.2,2026-09-24 23:30:01.951752+00:00,laboral,16-19,Suficiente,Fuera de 30 minutos
3325,57.68333333333333,61.473333333333336,7,0,2026-09-14 16:47:12.379539+00:00,2026-09-24 23:30:00.935687+00:00,0.0,7.0,57.68333333333333,61.473333333333336,,,,55.56666666666667,2026-09-24 23:30:00.935687+00:00,laboral,16-19,Suficiente,Fuera de 30 minutos
3326,57.93333333333333,60.480000000000004,7,0,2026-09-14 16:47:12.379539+00:00,2026-09-24 23:30:00.935687+00:00,0.0,7.0,57.93333333333333,60.480000000000004,,,,55.13333333333333,2026-09-24 23:30:00.935687+00:00,laboral,16-19,Suficiente,Fuera de 30 minutos
3327,46.016666666666666,46.333333333333336,7,0,2026-09-14 16:47:11.840367+00:00,2026-09-24 23:30:00.413439+00:00,0.0,7.0,46.016666666666666,46.333333333333336,,,,35.88333333333333,2026-09-24 23:30:00.413439+00:00,laboral,16-19,Suficiente,Fuera de 30 minutos
3339,53.21666666666667,57.803333333333335,7,0,2026-09-14 16:47:11.360449+00:00,2026-09-24 23:29:59.928061+00:00,0.0,7.0,53.21666666666667,57.803333333333335,,,,57.95,2026-09-24 23:29:59.928061+00:00,laboral,16-19,Suficiente,Fuera de 30 minutos
3340,44.95,48.736666666666665,7,0,2026-09-14 16:47:09.286590+00:00,2026-09-24 23:29:57.874683+00:00,0.0,7.0,44.95,48.736666666666665,,,,49.68333333333333,2026-09-24 23:29:57.874683+00:00,laboral,16-19,Suficiente,Fuera de 30 minutos
3341,40.983333333333334,41.61,7,0,2026-09-14 16:47:12.379539+00:00,2026-09-24 23:30:00.935687+00:00,0.0,7.0,40.983333333333334,41.61,,,,46.6,2026-09-24 23:30:00.935687+00:00,laboral,16-19,Suficiente,Fuera de 30 minutos
3342,43.93333333333333,43.93333333333333,7,0,2026-09-14 16:47:10.283593+00:00,2026-09-24 23:29:58.908213+00:00,0.0,7.0,43.93333333333333,43.93333333333333,,,,43.93333333333333,2026-09-24 23:29:58.908213+00:00,laboral,16-19,Suficiente,Fuera de 30 minutos
3343,41.31666666666667,41.42333333333334,7,0,2026-09-14 16:47:13.422871+00:00,2026-09-24 23:30:01.951752+00:00,0.0,7.0,41.31666666666667,41.42333333333334,,,,41.31666666666667,2026-09-24 23:30:01.951752+00:00,laboral,16-19,Suficiente,Fuera de 30 minutos
3344,45.11666666666667,46.20333333333333,7,0,2026-09-14 16:47:12.918101+00:00,2026-09-24 23:30:01.442571+00:00,0.0,7.0,45.11666666666667,46.20333333333333,,,,45.11666666666667,2026-09-24 23:30:01.442571+00:00,laboral,16-19,Suficiente,Fuera de 30 minutos
3345,40.95,41.05666666666667,7,0,2026-09-14 16:47:12.918101+00:00,2026-09-24 23:30:01.442571+00:00,0.0,7.0,40.95,41.05666666666667,,,,40.95,2026-09-24 23:30:01.442571+00:00,laboral,16-19,Suficiente,Fuera de 30 minutos
3346,38.86666666666667,39.166666666666664,7,0,2026-09-14 16:47:12.379539+00:00,2026-09-24 23:30:00.935687+00:00,0.0,7.0,38.86666666666667,39.166666666666664,,,,39.166666666666664,2026-09-24 23:30:00.935687+00:00,laboral,16-19,Suficiente,Fuera de 30 minutos
3349,33.8,38.28666666666667,9,1,2026-09-14 16:47:10.283593+00:00,2026-09-28 04:40:14.595531+00:00,0.1111111111111111,8.0,33.325,36.153333333333336,1.0,56.916666666666664,56.916666666666664,56.916666666666664,2026-09-28 04:40:14.595531+00:00,fin_de_semana,19-23,Suficiente,Fuera de 30 minutos
3350,47.05,48.093333333333334,7,0,2026-09-14 16:47:11.840367+00:00,2026-09-24 23:30:00.413439+00:00,0.0,7.0,47.05,48.093333333333334,,,,44.9,2026-09-24 23:30:00.413439+00:00,laboral,16-19,Suficiente,Fuera de 30 minutos
3351,49.43333333333333,49.92666666666667,7,0,2026-09-14 16:47:11.840367+00:00,2026-09-24 23:30:00.413439+00:00,0.0,7.0,49.43333333333333,49.92666666666667,,,,49.43333333333333,2026-09-24 23:30:00.413439+00:00,laboral,16-19,Suficiente,Fuera de 30 minutos
3352,41.81666666666667,41.81666666666667,7,0,2026-09-14 16:47:10.283593+00:00,2026-09-24 23:29:58.908213+00:00,0.0,7.0,41.81666666666667,41.81666666666667,,,,41.81666666666667,2026-09-24 23:29:58.908213+00:00,laboral,16-19,Suficiente,Fuera de 30 minutos
3353,40.06666666666667,41.77666666666667,7,0,2026-09-14 16:47:09.286590+00:00,2026-09-24 23:29:57.874683+00:00,0.0,7.0,40.06666666666667,41.77666666666667,,,,43.05,2026-09-24 23:29:57.874683+00:00,laboral,16-19,Suficiente,Fuera de 30 minutos
3354,38.7,40.32333333333334,7,0,2026-09-14 16:47:09.286590+00:00,2026-09-24 23:29:57.874683+00:00,0.0,7.0,38.7,40.32333333333334,,,,41.25,2026-09-24 23:29:57.874683+00:00,laboral,16-19,Suficiente,Fuera de 30 minutos
3355,31.9,31.9,7,0,2026-09-14 16:47:08.611611+00:00,2026-09-24 23:29:57.393094+00:00,0.0,7.0,31.9,31.9,,,,31.9,2026-09-24 23:29:57.393094+00:00,laboral,16-19,Suficiente,Fuera de 30 minutos
3357,41.1,42.723333333333336,7,0,2026-09-14 16:47:13.422871+00:00,2026-09-24 23:30:01.951752+00:00,0.0,7.0,41.1,42.723333333333336,,,,43.65,2026-09-24 23:30:01.951752+00:00,laboral,16-19,Suficiente,Fuera de 30 minutos
3358,43.25,43.25,7,0,2026-09-14 16:47:12.379539+00:00,2026-09-24 23:30:00.935687+00:00,0.0,7.0,43.25,43.25,,,,43.25,2026-09-24 23:30:00.935687+00:00,laboral,16-19,Suficiente,Fuera de 30 minutos
3362,14.316666666666666,14.316666666666666,9,8,2026-09-14 16:47:07.157796+00:00,2026-09-28 04:40:12.986595+00:00,0.8888888888888888,8.0,14.316666666666666,14.316666666666666,1.0,41.516666666666666,41.516666666666666,41.516666666666666,2026-09-28 04:40:12.986595+00:00,fin_de_semana,19-23,Suficiente,Acceso confiable
3363,12.866666666666667,17.113333333333337,9,8,2026-09-14 16:47:07.157796+00:00,2026-09-28 04:40:12.986595+00:00,0.8888888888888888,8.0,12.866666666666667,12.866666666666667,1.0,38.96666666666667,38.96666666666667,38.96666666666667,2026-09-28 04:40:12.986595+00:00,fin_de_semana,19-23,Suficiente,Acceso confiable
3364,12.75,12.75,7,7,2026-09-14 16:47:11.360449+00:00,2026-09-24 23:29:59.928061+00:00,1.0,7.0,12.75,12.75,,,,12.75,2026-09-24 23:29:59.928061+00:00,laboral,16-19,Suficiente,Acceso confiable
3370,57.95,59.43666666666667,7,0,2026-09-14 16:47:13.422871+00:00,2026-09-24 23:30:01.951752+00:00,0.0,7.0,57.95,59.43666666666667,,,,54.666666666666664,2026-09-24 23:30:01.951752+00:00,laboral,16-19,Suficiente,Fuera de 30 minutos
3375,13.983333333333333,13.983333333333333,7,7,2026-09-14 16:47:09.792714+00:00,2026-09-24 23:29:58.414214+00:00,1.0,7.0,13.983333333333333,13.983333333333333,,,,13.983333333333333,2026-09-24 23:29:58.414214+00:00,laboral,16-19,Suficiente,Acceso confiable
3376,22.8,22.96,7,7,2026-09-14 16:47:09.286590+00:00,2026-09-24 23:29:57.874683+00:00,1.0,7.0,22.8,22.96,,,,22.8,2026-09-24 23:29:57.874683+00:00,laboral,16-19,Suficiente,Acceso confiable
3389,52.06666666666667,52.06666666666667,7,0,2026-09-14 16:47:12.918101+00:00,2026-09-24 23:30:01.442571+00:00,0.0,7.0,52.06666666666667,52.06666666666667,,,,52.06666666666667,2026-09-24 23:30:01.442571+00:00,laboral,16-19,Suficiente,Fuera de 30 minutos
3394,26.7,30.083333333333332,9,6,2026-09-14 16:47:10.283593+00:00,2026-09-28 04:40:14.595531+00:00,0.6666666666666666,8.0,26.7,28.73,1.0,49.15,49.15,49.15,2026-09-28 04:40:14.595531+00:00,fin_de_semana,19-23,Suficiente,Acceso habitual pero variable
3395,15.55,15.55,7,7,2026-09-14 16:47:12.918101+00:00,2026-09-24 23:30:01.442571+00:00,1.0,7.0,15.55,15.55,,,,15.55,2026-09-24 23:30:01.442571+00:00,laboral,16-19,Suficiente,Acceso confiable
3396,15.083333333333334,15.083333333333334,7,7,2026-09-14 16:47:12.918101+00:00,2026-09-24 23:30:01.442571+00:00,1.0,7.0,15.083333333333334,15.083333333333334,,,,15.083333333333334,2026-09-24 23:30:01.442571+00:00,laboral,16-19,Suficiente,Acceso confiable
3408,50.68333333333333,50.68333333333333,7,0,2026-09-14 16:47:13.422871+00:00,2026-09-24 23:30:01.951752+00:00,0.0,7.0,50.68333333333333,50.68333333333333,,,,50.68333333333333,2026-09-24 23:30:01.951752+00:00,laboral,16-19,Suficiente,Fuera de 30 minutos
3411,53.733333333333334,53.733333333333334,7,0,2026-09-14 16:47:12.918101+00:00,2026-09-24 23:30:01.442571+00:00,0.0,7.0,53.733333333333334,53.733333333333334,,,,53.733333333333334,2026-09-24 23:30:01.442571+00:00,laboral,16-19,Suficiente,Fuera de 30 minutos
3412,52.3,52.3,7,0,2026-09-14 16:47:12.379539+00:00,2026-09-24 23:30:00.935687+00:00,0.0,7.0,52.3,52.3,,,,52.3,2026-09-24 23:30:00.935687+00:00,laboral,16-19,Suficiente,Fuera de 30 minutos
3413,53.46666666666667,53.46666666666667,7,0,2026-09-14 16:47:13.422871+00:00,2026-09-24 23:30:01.951752+00:00,0.0,7.0,53.46666666666667,53.46666666666667,,,,53.46666666666667,2026-09-24 23:30:01.951752+00:00,laboral,16-19,Suficiente,Fuera de 30 minutos
3414,52.03333333333333,54.65,7,0,2026-09-14 16:47:12.918101+00:00,2026-09-24 23:30:01.442571+00:00,0.0,7.0,52.03333333333333,54.65,,,,54.65,2026-09-24 23:30:01.442571+00:00,laboral,16-19,Suficiente,Fuera de 30 minutos
3415,52.96666666666667,55.5,7,0,2026-09-14 16:47:12.379539+00:00,2026-09-24 23:30:00.935687+00:00,0.0,7.0,52.96666666666667,55.5,,,,55.53333333333333,2026-09-24 23:30:00.935687+00:00,laboral,16-19,Suficiente,Fuera de 30 minutos
3416,49.95,54.300000000000004,7,0,2026-09-14 16:47:11.840367+00:00,2026-09-24 23:30:00.413439+00:00,0.0,7.0,49.95,54.300000000000004,,,,54.31666666666667,2026-09-24 23:30:00.413439+00:00,laboral,16-19,Suficiente,Fuera de 30 minutos
3417,47.63333333333333,51.77333333333333,7,0,2026-09-14 16:47:11.840367+00:00,2026-09-24 23:30:00.413439+00:00,0.0,7.0,47.63333333333333,51.77333333333333,,,,52.416666666666664,2026-09-24 23:30:00.413439+00:00,laboral,16-19,Suficiente,Fuera de 30 minutos
3418,47.46666666666667,47.93666666666667,7,0,2026-09-14 16:47:10.781852+00:00,2026-09-24 23:29:59.435170+00:00,0.0,7.0,47.46666666666667,47.93666666666667,,,,47.46666666666667,2026-09-24 23:29:59.435170+00:00,laboral,16-19,Suficiente,Fuera de 30 minutos
3419,47.65,47.74333333333333,7,0,2026-09-14 16:47:10.283593+00:00,2026-09-24 23:29:58.908213+00:00,0.0,7.0,47.65,47.74333333333333,,,,58.15,2026-09-24 23:29:58.908213+00:00,laboral,16-19,Suficiente,Fuera de 30 minutos
3420,45.483333333333334,46.75,7,0,2026-09-14 16:47:10.283593+00:00,2026-09-24 23:29:58.908213+00:00,0.0,7.0,45.483333333333334,46.75,,,,46.93333333333333,2026-09-24 23:29:58.908213+00:00,laboral,16-19,Suficiente,Fuera de 30 minutos
3421,43.88333333333333,45.99,7,0,2026-09-14 16:47:10.283593+00:00,2026-09-24 23:29:58.908213+00:00,0.0,7.0,43.88333333333333,45.99,,,,46.38333333333333,2026-09-24 23:29:58.908213+00:00,laboral,16-19,Suficiente,Fuera de 30 minutos
3422,39.266666666666666,39.266666666666666,7,0,2026-09-14 16:47:09.792714+00:00,2026-09-24 23:29:58.414214+00:00,0.0,7.0,39.266666666666666,39.266666666666666,,,,39.266666666666666,2026-09-24 23:29:58.414214+00:00,laboral,16-19,Suficiente,Fuera de 30 minutos
3434,41.833333333333336,42.78,7,0,2026-09-14 16:47:11.840367+00:00,2026-09-24 23:30:00.413439+00:00,0.0,7.0,41.833333333333336,42.78,,,,41.833333333333336,2026-09-24 23:30:00.413439+00:00,laboral,16-19,Suficiente,Fuera de 30 minutos
3435,39.2,39.2,7,0,2026-09-14 16:47:11.360449+00:00,2026-09-24 23:29:59.928061+00:00,0.0,7.0,39.2,39.2,,,,39.2,2026-09-24 23:29:59.928061+00:00,laboral,16-19,Suficiente,Fuera de 30 minutos
3436,40.36666666666667,40.36666666666667,7,0,2026-09-14 16:47:13.422871+00:00,2026-09-24 23:30:01.951752+00:00,0.0,7.0,40.36666666666667,40.36666666666667,,,,40.36666666666667,2026-09-24 23:30:01.951752+00:00,laboral,16-19,Suficiente,Fuera de 30 minutos
3437,44.11666666666667,46.03666666666667,7,0,2026-09-14 16:47:12.918101+00:00,2026-09-24 23:30:01.442571+00:00,0.0,7.0,44.11666666666667,46.03666666666667,,,,46.38333333333333,2026-09-24 23:30:01.442571+00:00,laboral,16-19,Suficiente,Fuera de 30 minutos
3438,43.96666666666667,44.42,7,0,2026-09-14 16:47:12.379539+00:00,2026-09-24 23:30:00.935687+00:00,0.0,7.0,43.96666666666667,44.42,,,,43.96666666666667,2026-09-24 23:30:00.935687+00:00,laboral,16-19,Suficiente,Fuera de 30 minutos
3439,47.68333333333333,52.46666666666667,7,0,2026-09-14 16:47:11.840367+00:00,2026-09-24 23:30:00.413439+00:00,0.0,7.0,47.68333333333333,52.46666666666667,,,,52.46666666666667,2026-09-24 23:30:00.413439+00:00,laboral,16-19,Suficiente,Fuera de 30 minutos
3445,53.733333333333334,53.733333333333334,7,0,2026-09-14 16:47:13.422871+00:00,2026-09-24 23:30:01.951752+00:00,0.0,7.0,53.733333333333334,53.733333333333334,,,,53.733333333333334,2026-09-24 23:30:01.951752+00:00,laboral,16-19,Suficiente,Fuera de 30 minutos
3446,55.666666666666664,55.666666666666664,7,0,2026-09-14 16:47:12.379539+00:00,2026-09-24 23:30:00.935687+00:00,0.0,7.0,55.666666666666664,55.666666666666664,,,,55.666666666666664,2026-09-24 23:30:00.935687+00:00,laboral,16-19,Suficiente,Fuera de 30 minutos
3447,53.8,53.96666666666667,7,0,2026-09-14 16:47:12.379539+00:00,2026-09-24 23:30:00.935687+00:00,0.0,7.0,53.8,53.96666666666667,,,,53.8,2026-09-24 23:30:00.935687+00:00,laboral,16-19,Suficiente,Fuera de 30 minutos
3465,34.233333333333334,34.233333333333334,7,0,2026-09-14 16:47:12.379539+00:00,2026-09-24 23:30:00.935687+00:00,0.0,7.0,34.233333333333334,34.233333333333334,,,,34.233333333333334,2026-09-24 23:30:00.935687+00:00,laboral,16-19,Suficiente,Fuera de 30 minutos
3466,33.28333333333333,33.28333333333333,7,0,2026-09-14 16:47:11.840367+00:00,2026-09-24 23:30:00.413439+00:00,0.0,7.0,33.28333333333333,33.28333333333333,,,,33.28333333333333,2026-09-24 23:30:00.413439+00:00,laboral,16-19,Suficiente,Fuera de 30 minutos
3467,32.55,32.55,7,0,2026-09-14 16:47:11.840367+00:00,2026-09-24 23:30:00.413439+00:00,0.0,7.0,32.55,32.55,,,,32.55,2026-09-24 23:30:00.413439+00:00,laboral,16-19,Suficiente,Fuera de 30 minutos
3468,30.666666666666668,30.666666666666668,7,0,2026-09-14 16:47:11.360449+00:00,2026-09-24 23:29:59.928061+00:00,0.0,7.0,30.666666666666668,30.666666666666668,,,,30.666666666666668,2026-09-24 23:29:59.928061+00:00,laboral,16-19,Suficiente,Fuera de 30 minutos
3469,29.733333333333334,29.733333333333334,7,7,2026-09-14 16:47:10.781852+00:00,2026-09-24 23:29:59.435170+00:00,1.0,7.0,29.733333333333334,29.733333333333334,,,,29.733333333333334,2026-09-24 23:29:59.435170+00:00,laboral,16-19,Suficiente,Acceso confiable
3470,28.866666666666667,28.866666666666667,7,7,2026-09-14 16:47:10.781852+00:00,2026-09-24 23:29:59.435170+00:00,1.0,7.0,28.866666666666667,28.866666666666667,,,,28.866666666666667,2026-09-24 23:29:59.435170+00:00,laboral,16-19,Suficiente,Acceso confiable
3471,27.916666666666668,27.916666666666668,7,7,2026-09-14 16:47:10.283593+00:00,2026-09-24 23:29:58.908213+00:00,1.0,7.0,27.916666666666668,27.916666666666668,,,,27.916666666666668,2026-09-24 23:29:58.908213+00:00,laboral,16-19,Suficiente,Acceso confiable
3472,26.916666666666668,26.916666666666668,7,7,2026-09-14 16:47:09.792714+00:00,2026-09-24 23:29:58.414214+00:00,1.0,7.0,26.916666666666668,26.916666666666668,,,,26.916666666666668,2026-09-24 23:29:58.414214+00:00,laboral,16-19,Suficiente,Acceso confiable
3473,26.083333333333332,26.083333333333332,7,7,2026-09-14 16:47:09.792714+00:00,2026-09-24 23:29:58.414214+00:00,1.0,7.0,26.083333333333332,26.083333333333332,,,,26.083333333333332,2026-09-24 23:29:58.414214+00:00,laboral,16-19,Suficiente,Acceso confiable
3474,25.55,25.55,7,7,2026-09-14 16:47:09.792714+00:00,2026-09-24 23:29:58.414214+00:00,1.0,7.0,25.55,25.55,,,,25.55,2026-09-24 23:29:58.414214+00:00,laboral,16-19,Suficiente,Acceso confiable
3475,24.466666666666665,24.466666666666665,7,7,2026-09-14 16:47:09.286590+00:00,2026-09-24 23:29:57.874683+00:00,1.0,7.0,24.466666666666665,24.466666666666665,,,,24.466666666666665,2026-09-24 23:29:57.874683+00:00,laboral,16-19,Suficiente,Acceso confiable
3480,57.3,61.81666666666667,7,0,2026-09-14 16:47:12.918101+00:00,2026-09-24 23:30:01.442571+00:00,0.0,7.0,57.3,61.81666666666667,,,,62.38333333333333,2026-09-24 23:30:01.442571+00:00,laboral,16-19,Suficiente,Fuera de 30 minutos
3483,47.28333333333333,47.28333333333333,7,0,2026-09-14 16:47:10.781852+00:00,2026-09-24 23:29:59.435170+00:00,0.0,7.0,47.28333333333333,47.28333333333333,,,,47.28333333333333,2026-09-24 23:29:59.435170+00:00,laboral,16-19,Suficiente,Fuera de 30 minutos
3485,43.21666666666667,45.38,7,0,2026-09-14 16:47:12.918101+00:00,2026-09-24 23:30:01.442571+00:00,0.0,7.0,43.21666666666667,45.38,,,,43.21666666666667,2026-09-24 23:30:01.442571+00:00,laboral,16-19,Suficiente,Fuera de 30 minutos
3488,59.03333333333333,61.10666666666667,7,0,2026-09-14 16:47:11.840367+00:00,2026-09-24 23:30:00.413439+00:00,0.0,7.0,59.03333333333333,61.10666666666667,,,,54.03333333333333,2026-09-24 23:30:00.413439+00:00,laboral,16-19,Suficiente,Fuera de 30 minutos
3489,37.36666666666667,42.580000000000005,7,0,2026-09-14 16:47:08.611611+00:00,2026-09-24 23:29:57.393094+00:00,0.0,7.0,37.36666666666667,42.580000000000005,,,,37.36666666666667,2026-09-24 23:29:57.393094+00:00,laboral,16-19,Suficiente,Fuera de 30 minutos
3490,17.583333333333332,17.643333333333334,9,9,2026-09-14 16:47:07.157796+00:00,2026-09-28 04:40:12.986595+00:00,1.0,8.0,17.583333333333332,17.583333333333332,1.0,29.3,29.3,29.3,2026-09-28 04:40:12.986595+00:00,fin_de_semana,19-23,Suficiente,Acceso confiable
3491,16.7,16.753333333333334,9,9,2026-09-14 16:47:07.157796+00:00,2026-09-28 04:40:12.986595+00:00,1.0,8.0,16.7,16.7,1.0,29.65,29.65,29.65,2026-09-28 04:40:12.986595+00:00,fin_de_semana,19-23,Suficiente,Acceso confiable
3492,16.7,18.366666666666667,9,9,2026-09-14 16:47:07.157796+00:00,2026-09-28 04:40:12.986595+00:00,1.0,8.0,15.916666666666666,17.62,1.0,23.733333333333334,23.733333333333334,23.733333333333334,2026-09-28 04:40:12.986595+00:00,fin_de_semana,19-23,Suficiente,Acceso confiable
3493,14.233333333333333,14.266666666666667,7,7,2026-09-14 16:47:12.379539+00:00,2026-09-24 23:30:00.935687+00:00,1.0,7.0,14.233333333333333,14.266666666666667,,,,14.266666666666667,2026-09-24 23:30:00.935687+00:00,laboral,16-19,Suficiente,Acceso confiable
3494,11.833333333333334,11.833333333333334,7,7,2026-09-14 16:47:11.840367+00:00,2026-09-24 23:30:00.413439+00:00,1.0,7.0,11.833333333333334,11.833333333333334,,,,11.833333333333334,2026-09-24 23:30:00.413439+00:00,laboral,16-19,Suficiente,Acceso confiable
3495,9.416666666666666,14.456666666666672,7,7,2026-09-14 16:47:10.781852+00:00,2026-09-24 23:29:59.435170+00:00,1.0,7.0,9.416666666666666,14.456666666666672,,,,9.416666666666666,2026-09-24 23:29:59.435170+00:00,laboral,16-19,Suficiente,Acceso confiable
3496,15.816666666666666,15.816666666666666,7,7,2026-09-14 16:47:10.781852+00:00,2026-09-24 23:29:59.435170+00:00,1.0,7.0,15.816666666666666,15.816666666666666,,,,15.516666666666667,2026-09-24 23:29:59.435170+00:00,laboral,16-19,Suficiente,Acceso confiable
3497,15.5,15.9,7,7,2026-09-14 16:47:10.283593+00:00,2026-09-24 23:29:58.908213+00:00,1.0,7.0,15.5,15.9,,,,14.816666666666666,2026-09-24 23:29:58.908213+00:00,laboral,16-19,Suficiente,Acceso confiable
3498,13.316666666666666,13.316666666666666,7,7,2026-09-14 16:47:12.379539+00:00,2026-09-24 23:30:00.935687+00:00,1.0,7.0,13.316666666666666,13.316666666666666,,,,13.316666666666666,2026-09-24 23:30:00.935687+00:00,laboral,16-19,Suficiente,Acceso confiable
3499,14.766666666666667,15.06,7,7,2026-09-14 16:47:12.918101+00:00,2026-09-24 23:30:01.442571+00:00,1.0,7.0,14.766666666666667,15.06,,,,14.766666666666667,2026-09-24 23:30:01.442571+00:00,laboral,16-19,Suficiente,Acceso confiable
3501,49.46666666666667,49.46666666666667,7,0,2026-09-14 16:47:12.918101+00:00,2026-09-24 23:30:01.442571+00:00,0.0,7.0,49.46666666666667,49.46666666666667,,,,49.46666666666667,2026-09-24 23:30:01.442571+00:00,laboral,16-19,Suficiente,Fuera de 30 minutos
3508,53.85,53.85,7,0,2026-09-14 16:47:12.918101+00:00,2026-09-24 23:30:01.442571+00:00,0.0,7.0,53.85,53.85,,,,53.85,2026-09-24 23:30:01.442571+00:00,laboral,16-19,Suficiente,Fuera de 30 minutos
3509,52.36666666666667,52.36666666666667,7,0,2026-09-14 16:47:12.379539+00:00,2026-09-24 23:30:00.935687+00:00,0.0,7.0,52.36666666666667,52.36666666666667,,,,52.36666666666667,2026-09-24 23:30:00.935687+00:00,laboral,16-19,Suficiente,Fuera de 30 minutos
3510,32.266666666666666,32.266666666666666,7,0,2026-09-14 16:47:09.286590+00:00,2026-09-24 23:29:57.874683+00:00,0.0,7.0,32.266666666666666,32.266666666666666,,,,32.266666666666666,2026-09-24 23:29:57.874683+00:00,laboral,16-19,Suficiente,Fuera de 30 minutos
3511,36.3,36.3,7,0,2026-09-14 16:47:09.286590+00:00,2026-09-24 23:29:57.874683+00:00,0.0,7.0,36.3,36.3,,,,36.3,2026-09-24 23:29:57.874683+00:00,laboral,16-19,Suficiente,Fuera de 30 minutos
3520,57.78333333333333,60.49333333333333,7,0,2026-09-14 16:47:12.918101+00:00,2026-09-24 23:30:01.442571+00:00,0.0,7.0,57.78333333333333,60.49333333333333,,,,55.13333333333333,2026-09-24 23:30:01.442571+00:00,laboral,16-19,Suficiente,Fuera de 30 minutos
3534,43.733333333333334,46.8,7,0,2026-09-14 16:47:12.918101+00:00,2026-09-24 23:30:01.442571+00:00,0.0,7.0,43.733333333333334,46.8,,,,46.8,2026-09-24 23:30:01.442571+00:00,laboral,16-19,Suficiente,Fuera de 30 minutos
3535,45.8,45.8,7,0,2026-09-14 16:47:11.360449+00:00,2026-09-24 23:29:59.928061+00:00,0.0,7.0,45.8,45.8,,,,45.8,2026-09-24 23:29:59.928061+00:00,laboral,16-19,Suficiente,Fuera de 30 minutos
3538,15.183333333333334,15.583333333333334,9,9,2026-09-14 16:47:07.157796+00:00,2026-09-28 04:40:12.986595+00:00,1.0,8.0,15.383333333333333,15.583333333333334,1.0,15.166666666666666,15.166666666666666,15.166666666666666,2026-09-28 04:40:12.986595+00:00,fin_de_semana,19-23,Suficiente,Acceso confiable
3545,33.63333333333333,35.78,9,0,2026-09-14 16:47:08.611611+00:00,2026-09-28 04:40:13.525194+00:00,0.0,8.0,33.63333333333333,34.873333333333335,1.0,50.4,50.4,50.4,2026-09-28 04:40:13.525194+00:00,fin_de_semana,19-23,Suficiente,Fuera de 30 minutos
3546,36.016666666666666,38.156666666666666,9,0,2026-09-14 16:47:08.611611+00:00,2026-09-28 04:40:13.525194+00:00,0.0,8.0,36.016666666666666,36.336666666666666,1.0,48.63333333333333,48.63333333333333,48.63333333333333,2026-09-28 04:40:13.525194+00:00,fin_de_semana,19-23,Suficiente,Fuera de 30 minutos
3568,25.966666666666665,28.573333333333334,9,7,2026-09-14 16:47:09.792714+00:00,2026-09-28 04:40:13.525194+00:00,0.7777777777777778,8.0,25.966666666666665,25.966666666666665,1.0,55.81666666666667,55.81666666666667,55.81666666666667,2026-09-28 04:40:13.525194+00:00,fin_de_semana,19-23,Suficiente,Acceso confiable
3569,24.666666666666668,27.133333333333336,9,7,2026-09-14 16:47:09.286590+00:00,2026-09-28 04:40:13.525194+00:00,0.7777777777777778,8.0,24.666666666666668,24.666666666666668,1.0,50.35,50.35,50.35,2026-09-28 04:40:13.525194+00:00,fin_de_semana,19-23,Suficiente,Acceso confiable
3570,15.35,18.916666666666668,9,8,2026-09-14 16:47:07.157796+00:00,2026-09-28 04:40:12.986595+00:00,0.8888888888888888,8.0,15.35,15.35,1.0,32.2,32.2,32.2,2026-09-28 04:40:12.986595+00:00,fin_de_semana,19-23,Suficiente,Acceso confiable
3571,14.466666666666669,19.336666666666666,9,9,2026-09-14 16:47:07.157796+00:00,2026-09-28 04:40:12.986595+00:00,1.0,8.0,14.466666666666669,17.01666666666667,1.0,27.733333333333334,27.733333333333334,27.733333333333334,2026-09-28 04:40:12.986595+00:00,fin_de_semana,19-23,Suficiente,Acceso confiable
3572,14.35,15.473333333333333,9,9,2026-09-14 16:47:07.157796+00:00,2026-09-28 04:40:12.986595+00:00,1.0,8.0,14.35,15.306666666666668,1.0,20.483333333333334,20.483333333333334,20.483333333333334,2026-09-28 04:40:12.986595+00:00,fin_de_semana,19-23,Suficiente,Acceso confiable
3573,30.833333333333332,31.843333333333334,9,4,2026-09-14 16:47:10.781852+00:00,2026-09-28 04:40:14.595531+00:00,0.4444444444444444,8.0,29.641666666666666,31.323333333333334,1.0,45.333333333333336,45.333333333333336,45.333333333333336,2026-09-28 04:40:14.595531+00:00,fin_de_semana,19-23,Suficiente,Fuera de 30 minutos
3574,36.166666666666664,36.166666666666664,7,0,2026-09-14 16:47:12.379539+00:00,2026-09-24 23:30:00.935687+00:00,0.0,7.0,36.166666666666664,36.166666666666664,,,,36.166666666666664,2026-09-24 23:30:00.935687+00:00,laboral,16-19,Suficiente,Fuera de 30 minutos
3575,37.25,38.31666666666667,7,0,2026-09-14 16:47:12.379539+00:00,2026-09-24 23:30:00.935687+00:00,0.0,7.0,37.25,38.31666666666667,,,,37.25,2026-09-24 23:30:00.935687+00:00,laboral,16-19,Suficiente,Fuera de 30 minutos
3577,42.65,46.016666666666666,7,0,2026-09-14 16:47:12.379539+00:00,2026-09-24 23:30:00.935687+00:00,0.0,7.0,42.65,46.016666666666666,,,,40.31666666666667,2026-09-24 23:30:00.935687+00:00,laboral,16-19,Suficiente,Fuera de 30 minutos
3578,33.166666666666664,37.120000000000005,9,0,2026-09-14 16:47:10.781852+00:00,2026-09-28 04:40:14.046314+00:00,0.0,8.0,33.099999999999994,35.93333333333334,1.0,57.983333333333334,57.983333333333334,57.983333333333334,2026-09-28 04:40:14.046314+00:00,fin_de_semana,19-23,Suficiente,Fuera de 30 minutos
3592,59.86666666666667,61.43333333333334,7,0,2026-09-14 16:47:12.918101+00:00,2026-09-24 23:30:01.442571+00:00,0.0,7.0,59.86666666666667,61.43333333333334,,,,60.3,2026-09-24 23:30:01.442571+00:00,laboral,16-19,Suficiente,Fuera de 30 minutos
3593,61.3,61.53333333333333,7,0,2026-09-14 16:47:12.918101+00:00,2026-09-24 23:30:01.442571+00:00,0.0,7.0,61.3,61.53333333333333,,,,59.3,2026-09-24 23:30:01.442571+00:00,laboral,16-19,Suficiente,Fuera de 30 minutos
3594,62.6,64.56333333333333,7,0,2026-09-14 16:47:12.379539+00:00,2026-09-24 23:30:00.935687+00:00,0.0,7.0,62.6,64.56333333333333,,,,62.6,2026-09-24 23:30:00.935687+00:00,laboral,16-19,Suficiente,Fuera de 30 minutos
3596,40.85,42.87,9,0,2026-09-14 16:47:11.840367+00:00,2026-09-28 04:40:14.595531+00:00,0.0,8.0,40.7,42.269999999999996,1.0,47.733333333333334,47.733333333333334,47.733333333333334,2026-09-28 04:40:14.595531+00:00,fin_de_semana,19-23,Suficiente,Fuera de 30 minutos
3600,38.9,38.9,9,1,2026-09-14 16:47:11.840367+00:00,2026-09-28 04:40:14.046314+00:00,0.1111111111111111,8.0,35.86666666666667,38.9,1.0,49.18333333333333,49.18333333333333,49.18333333333333,2026-09-28 04:40:14.046314+00:00,fin_de_semana,19-23,Suficiente,Fuera de 30 minutos
3601,43.983333333333334,44.6,7,0,2026-09-14 16:47:12.918101+00:00,2026-09-24 23:30:01.442571+00:00,0.0,7.0,43.983333333333334,44.6,,,,43.983333333333334,2026-09-24 23:30:01.442571+00:00,laboral,16-19,Suficiente,Fuera de 30 minutos
3605,42.31666666666667,42.31666666666667,7,0,2026-09-14 16:47:10.781852+00:00,2026-09-24 23:29:59.435170+00:00,0.0,7.0,42.31666666666667,42.31666666666667,,,,42.31666666666667,2026-09-24 23:29:59.435170+00:00,laboral,16-19,Suficiente,Fuera de 30 minutos
3606,39.05,40.46666666666667,7,0,2026-09-14 16:47:10.781852+00:00,2026-09-24 23:29:59.435170+00:00,0.0,7.0,39.05,40.46666666666667,,,,39.05,2026-09-24 23:29:59.435170+00:00,laboral,16-19,Suficiente,Fuera de 30 minutos
3616,34.9,35.81,7,0,2026-09-14 16:47:12.918101+00:00,2026-09-24 23:30:01.442571+00:00,0.0,7.0,34.9,35.81,,,,34.21666666666667,2026-09-24 23:30:01.442571+00:00,laboral,16-19,Suficiente,Fuera de 30 minutos
3617,32.55,33.166666666666664,7,0,2026-09-14 16:47:12.918101+00:00,2026-09-24 23:30:01.442571+00:00,0.0,7.0,32.55,33.166666666666664,,,,33.166666666666664,2026-09-24 23:30:01.442571+00:00,laboral,16-19,Suficiente,Fuera de 30 minutos
3618,37.45,40.85000000000001,7,0,2026-09-14 16:47:12.379539+00:00,2026-09-24 23:30:00.935687+00:00,0.0,7.0,37.45,40.85000000000001,,,,41.7,2026-09-24 23:30:00.935687+00:00,laboral,16-19,Suficiente,Fuera de 30 minutos
3619,43.78333333333333,43.78333333333333,7,0,2026-09-14 16:47:11.360449+00:00,2026-09-24 23:29:59.928061+00:00,0.0,7.0,43.78333333333333,43.78333333333333,,,,42.61666666666667,2026-09-24 23:29:59.928061+00:00,laboral,16-19,Suficiente,Fuera de 30 minutos
3620,42.11666666666667,42.11666666666667,7,0,2026-09-14 16:47:10.781852+00:00,2026-09-24 23:29:59.435170+00:00,0.0,7.0,42.11666666666667,42.11666666666667,,,,40.95,2026-09-24 23:29:59.435170+00:00,laboral,16-19,Suficiente,Fuera de 30 minutos
3621,38.65,40.35,7,0,2026-09-14 16:47:10.781852+00:00,2026-09-24 23:29:59.435170+00:00,0.0,7.0,38.65,40.35,,,,39.416666666666664,2026-09-24 23:29:59.435170+00:00,laboral,16-19,Suficiente,Fuera de 30 minutos
3622,30.833333333333332,30.833333333333332,8,2,2026-09-14 16:47:09.792714+00:00,2026-09-25 04:00:35.720688+00:00,0.25,8.0,30.833333333333332,30.833333333333332,,,,31.45,2026-09-25 04:00:35.720688+00:00,laboral,19-23,Suficiente,Fuera de 30 minutos
3623,29.633333333333333,29.633333333333333,7,7,2026-09-14 16:47:10.781852+00:00,2026-09-24 23:29:59.435170+00:00,1.0,7.0,29.633333333333333,29.633333333333333,,,,29.633333333333333,2026-09-24 23:29:59.435170+00:00,laboral,16-19,Suficiente,Acceso confiable
3624,28.716666666666665,28.716666666666665,7,7,2026-09-14 16:47:10.283593+00:00,2026-09-24 23:29:58.908213+00:00,1.0,7.0,28.716666666666665,28.716666666666665,,,,28.716666666666665,2026-09-24 23:29:58.908213+00:00,laboral,16-19,Suficiente,Acceso confiable
3625,28.15,28.15,7,6,2026-09-14 16:47:09.792714+00:00,2026-09-24 23:29:58.414214+00:00,0.8571428571428571,7.0,28.15,28.15,,,,28.15,2026-09-24 23:29:58.414214+00:00,laboral,16-19,Suficiente,Acceso confiable
3626,23.933333333333337,25.886666666666667,7,7,2026-09-14 16:47:08.611611+00:00,2026-09-24 23:29:57.393094+00:00,1.0,7.0,23.933333333333337,25.886666666666667,,,,23.933333333333337,2026-09-24 23:29:57.393094+00:00,laboral,16-19,Suficiente,Acceso confiable
3634,33.516666666666666,33.516666666666666,7,0,2026-09-14 16:47:10.781852+00:00,2026-09-24 23:29:59.435170+00:00,0.0,7.0,33.516666666666666,33.516666666666666,,,,33.516666666666666,2026-09-24 23:29:59.435170+00:00,laboral,16-19,Suficiente,Fuera de 30 minutos
3639,13.683333333333334,13.683333333333334,7,7,2026-09-14 16:47:11.360449+00:00,2026-09-24 23:29:59.928061+00:00,1.0,7.0,13.683333333333334,13.683333333333334,,,,13.683333333333334,2026-09-24 23:29:59.928061+00:00,laboral,16-19,Suficiente,Acceso confiable
3640,41.0,41.75,9,0,2026-09-14 16:47:10.283593+00:00,2026-09-28 04:40:14.595531+00:00,0.0,8.0,41.125,41.95,1.0,35.5,35.5,35.5,2026-09-28 04:40:14.595531+00:00,fin_de_semana,19-23,Suficiente,Fuera de 30 minutos
3641,32.45,41.53333333333333,9,0,2026-09-14 16:47:11.840367+00:00,2026-09-28 04:40:14.595531+00:00,0.0,8.0,32.45,41.53333333333333,1.0,55.05,55.05,55.05,2026-09-28 04:40:14.595531+00:00,fin_de_semana,19-23,Suficiente,Fuera de 30 minutos
3642,50.81666666666667,57.25666666666667,7,0,2026-09-14 16:47:12.918101+00:00,2026-09-24 23:30:01.442571+00:00,0.0,7.0,50.81666666666667,57.25666666666667,,,,45.766666666666666,2026-09-24 23:30:01.442571+00:00,laboral,16-19,Suficiente,Fuera de 30 minutos
3650,45.1,47.913333333333334,7,0,2026-09-14 16:47:13.422871+00:00,2026-09-24 23:30:01.951752+00:00,0.0,7.0,45.1,47.913333333333334,,,,44.1,2026-09-24 23:30:01.951752+00:00,laboral,16-19,Suficiente,Fuera de 30 minutos
3652,50.28333333333333,50.28333333333333,7,0,2026-09-14 16:47:12.918101+00:00,2026-09-24 23:30:01.442571+00:00,0.0,7.0,50.28333333333333,50.28333333333333,,,,50.28333333333333,2026-09-24 23:30:01.442571+00:00,laboral,16-19,Suficiente,Fuera de 30 minutos
3657,40.65,40.65,7,0,2026-09-14 16:47:11.360449+00:00,2026-09-24 23:29:59.928061+00:00,0.0,7.0,40.65,40.65,,,,40.65,2026-09-24 23:29:59.928061+00:00,laboral,16-19,Suficiente,Fuera de 30 minutos
3659,39.03333333333333,43.78000000000001,7,0,2026-09-14 16:47:11.840367+00:00,2026-09-24 23:30:00.413439+00:00,0.0,7.0,39.03333333333333,43.78000000000001,,,,39.03333333333333,2026-09-24 23:30:00.413439+00:00,laboral,16-19,Suficiente,Fuera de 30 minutos
3660,43.583333333333336,44.18333333333334,7,0,2026-09-14 16:47:11.360449+00:00,2026-09-24 23:29:59.928061+00:00,0.0,7.0,43.583333333333336,44.18333333333334,,,,43.583333333333336,2026-09-24 23:29:59.928061+00:00,laboral,16-19,Suficiente,Fuera de 30 minutos
3678,42.05,42.166666666666664,7,0,2026-09-14 16:47:09.286590+00:00,2026-09-24 23:29:57.874683+00:00,0.0,7.0,42.05,42.166666666666664,,,,42.166666666666664,2026-09-24 23:29:57.874683+00:00,laboral,16-19,Suficiente,Fuera de 30 minutos
3680,29.783333333333335,29.783333333333335,7,7,2026-09-14 16:47:10.781852+00:00,2026-09-24 23:29:59.435170+00:00,1.0,7.0,29.783333333333335,29.783333333333335,,,,29.783333333333335,2026-09-24 23:29:59.435170+00:00,laboral,16-19,Suficiente,Acceso confiable
3681,34.4,37.96666666666667,7,0,2026-09-14 16:47:10.781852+00:00,2026-09-24 23:29:59.435170+00:00,0.0,7.0,34.4,37.96666666666667,,,,37.96666666666667,2026-09-24 23:29:59.435170+00:00,laboral,16-19,Suficiente,Fuera de 30 minutos
3682,14.716666666666669,15.593333333333334,9,9,2026-09-14 16:47:08.611611+00:00,2026-09-28 04:40:13.525194+00:00,1.0,8.0,14.641666666666667,15.226666666666668,1.0,15.633333333333333,15.633333333333333,15.633333333333333,2026-09-28 04:40:13.525194+00:00,fin_de_semana,19-23,Suficiente,Acceso confiable
3686,35.75,35.75,9,0,2026-09-14 16:47:11.360449+00:00,2026-09-28 04:40:14.595531+00:00,0.0,8.0,35.75,35.75,1.0,35.75,35.75,35.75,2026-09-28 04:40:14.595531+00:00,fin_de_semana,19-23,Suficiente,Fuera de 30 minutos
3692,47.18333333333333,47.18333333333333,7,0,2026-09-14 16:47:12.379539+00:00,2026-09-24 23:30:00.935687+00:00,0.0,7.0,47.18333333333333,47.18333333333333,,,,47.18333333333333,2026-09-24 23:30:00.935687+00:00,laboral,16-19,Suficiente,Fuera de 30 minutos
3700,50.1,50.1,7,0,2026-09-14 16:47:11.840367+00:00,2026-09-24 23:30:00.413439+00:00,0.0,7.0,50.1,50.1,,,,50.1,2026-09-24 23:30:00.413439+00:00,laboral,16-19,Suficiente,Fuera de 30 minutos
3701,49.1,49.1,7,0,2026-09-14 16:47:11.360449+00:00,2026-09-24 23:29:59.928061+00:00,0.0,7.0,49.1,49.1,,,,49.1,2026-09-24 23:29:59.928061+00:00,laboral,16-19,Suficiente,Fuera de 30 minutos
3702,46.18333333333333,48.35333333333333,7,0,2026-09-14 16:47:10.283593+00:00,2026-09-24 23:29:58.908213+00:00,0.0,7.0,46.18333333333333,48.35333333333333,,,,46.233333333333334,2026-09-24 23:29:58.908213+00:00,laboral,16-19,Suficiente,Fuera de 30 minutos
3709,52.88333333333333,54.45,7,0,2026-09-14 16:47:12.918101+00:00,2026-09-24 23:30:01.442571+00:00,0.0,7.0,52.88333333333333,54.45,,,,53.31666666666667,2026-09-24 23:30:01.442571+00:00,laboral,16-19,Suficiente,Fuera de 30 minutos
3710,56.18333333333333,61.4,7,0,2026-09-14 16:47:11.840367+00:00,2026-09-24 23:30:00.413439+00:00,0.0,7.0,56.18333333333333,61.4,,,,53.4,2026-09-24 23:30:00.413439+00:00,laboral,16-19,Suficiente,Fuera de 30 minutos
3711,21.6,22.560000000000002,7,7,2026-09-14 16:47:09.792714+00:00,2026-09-24 23:29:58.414214+00:00,1.0,7.0,21.6,22.560000000000002,,,,22.8,2026-09-24 23:29:58.414214+00:00,laboral,16-19,Suficiente,Acceso confiable
3726,12.266666666666667,12.666666666666666,9,9,2026-09-14 16:47:09.792714+00:00,2026-09-28 04:40:14.046314+00:00,1.0,8.0,12.266666666666667,12.666666666666666,1.0,12.25,12.25,12.25,2026-09-28 04:40:14.046314+00:00,fin_de_semana,19-23,Suficiente,Acceso confiable
3727,39.18333333333333,41.03666666666667,7,0,2026-09-14 16:47:13.422871+00:00,2026-09-24 23:30:01.951752+00:00,0.0,7.0,39.18333333333333,41.03666666666667,,,,39.18333333333333,2026-09-24 23:30:01.951752+00:00,laboral,16-19,Suficiente,Fuera de 30 minutos
3773,15.666666666666666,15.84,9,9,2026-09-14 16:47:07.157796+00:00,2026-09-28 04:40:12.986595+00:00,1.0,8.0,15.666666666666666,15.666666666666666,1.0,26.483333333333334,26.483333333333334,26.483333333333334,2026-09-28 04:40:12.986595+00:00,fin_de_semana,19-23,Suficiente,Acceso confiable
3774,17.733333333333334,19.986666666666668,7,7,2026-09-14 16:47:12.918101+00:00,2026-09-24 23:30:01.442571+00:00,1.0,7.0,17.733333333333334,19.986666666666668,,,,17.733333333333334,2026-09-24 23:30:01.442571+00:00,laboral,16-19,Suficiente,Acceso confiable
3775,18.766666666666666,19.206666666666667,7,7,2026-09-14 16:47:12.379539+00:00,2026-09-24 23:30:00.935687+00:00,1.0,7.0,18.766666666666666,19.206666666666667,,,,18.766666666666666,2026-09-24 23:30:00.935687+00:00,laboral,16-19,Suficiente,Acceso confiable
3776,17.583333333333332,17.583333333333332,7,7,2026-09-14 16:47:11.840367+00:00,2026-09-24 23:30:00.413439+00:00,1.0,7.0,17.583333333333332,17.583333333333332,,,,17.583333333333332,2026-09-24 23:30:00.413439+00:00,laboral,16-19,Suficiente,Acceso confiable
3777,30.583333333333332,30.583333333333332,9,0,2026-09-14 16:47:10.781852+00:00,2026-09-28 04:40:14.595531+00:00,0.0,8.0,30.583333333333332,30.583333333333332,1.0,40.86666666666667,40.86666666666667,40.86666666666667,2026-09-28 04:40:14.595531+00:00,fin_de_semana,19-23,Suficiente,Fuera de 30 minutos
3778,17.716666666666665,19.356666666666666,7,7,2026-09-14 16:47:11.360449+00:00,2026-09-24 23:29:59.928061+00:00,1.0,7.0,17.716666666666665,19.356666666666666,,,,17.716666666666665,2026-09-24 23:29:59.928061+00:00,laboral,16-19,Suficiente,Acceso confiable
3860,16.183333333333334,17.533333333333335,7,7,2026-09-14 16:47:12.918101+00:00,2026-09-24 23:30:01.442571+00:00,1.0,7.0,16.183333333333334,17.533333333333335,,,,15.883333333333333,2026-09-24 23:30:01.442571+00:00,laboral,16-19,Suficiente,Acceso confiable
3893,37.6,44.07333333333333,9,0,2026-09-14 16:47:11.840367+00:00,2026-09-28 04:40:14.595531+00:00,0.0,8.0,37.1,40.92,1.0,47.68333333333333,47.68333333333333,47.68333333333333,2026-09-28 04:40:14.595531+00:00,fin_de_semana,19-23,Suficiente,Fuera de 30 minutos
3927,56.81666666666667,56.81666666666667,7,0,2026-09-14 16:47:11.840367+00:00,2026-09-24 23:30:00.413439+00:00,0.0,7.0,56.81666666666667,56.81666666666667,,,,56.81666666666667,2026-09-24 23:30:00.413439+00:00,laboral,16-19,Suficiente,Fuera de 30 minutos
3931,36.3,36.3,7,0,2026-09-14 16:47:09.792714+00:00,2026-09-24 23:29:58.414214+00:00,0.0,7.0,36.3,36.3,,,,36.3,2026-09-24 23:29:58.414214+00:00,laboral,16-19,Suficiente,Fuera de 30 minutos
3935,19.0,19.083333333333332,9,9,2026-09-14 16:47:07.157796+00:00,2026-09-28 04:40:12.986595+00:00,1.0,8.0,18.924999999999997,19.083333333333332,1.0,19.0,19.0,19.0,2026-09-28 04:40:12.986595+00:00,fin_de_semana,19-23,Suficiente,Acceso confiable
4045,46.416666666666664,46.416666666666664,7,0,2026-09-14 16:47:10.781852+00:00,2026-09-24 23:29:59.435170+00:00,0.0,7.0,46.416666666666664,46.416666666666664,,,,46.416666666666664,2026-09-24 23:29:59.435170+00:00,laboral,16-19,Suficiente,Fuera de 30 minutos
4097,42.9,42.9,7,0,2026-09-14 16:47:12.379539+00:00,2026-09-24 23:30:00.935687+00:00,0.0,7.0,42.9,42.9,,,,42.9,2026-09-24 23:30:00.935687+00:00,laboral,16-19,Suficiente,Fuera de 30 minutos
4098,34.25,36.303333333333335,9,1,2026-09-14 16:47:11.360449+00:00,2026-09-28 04:40:14.595531+00:00,0.1111111111111111,8.0,34.25,34.25,1.0,42.28333333333333,42.28333333333333,42.28333333333333,2026-09-28 04:40:14.595531+00:00,fin_de_semana,19-23,Suficiente,Fuera de 30 minutos
4099,30.433333333333337,34.30666666666667,9,4,2026-09-14 16:47:10.781852+00:00,2026-09-28 04:40:14.595531+00:00,0.4444444444444444,8.0,29.741666666666667,31.94,1.0,38.833333333333336,38.833333333333336,38.833333333333336,2026-09-28 04:40:14.595531+00:00,fin_de_semana,19-23,Suficiente,Fuera de 30 minutos
4100,22.45,27.573333333333334,9,8,2026-09-14 16:47:09.286590+00:00,2026-09-28 04:40:14.046314+00:00,0.8888888888888888,8.0,22.45,25.96666666666667,1.0,34.166666666666664,34.166666666666664,34.166666666666664,2026-09-28 04:40:14.046314+00:00,fin_de_semana,19-23,Suficiente,Acceso confiable
4111,39.53333333333333,45.8,9,0,2026-09-14 16:47:11.360449+00:00,2026-09-28 04:40:14.595531+00:00,0.0,8.0,40.90833333333333,45.8,1.0,39.53333333333333,39.53333333333333,39.53333333333333,2026-09-28 04:40:14.595531+00:00,fin_de_semana,19-23,Suficiente,Fuera de 30 minutos
4112,35.03333333333333,35.03333333333333,7,0,2026-09-14 16:47:12.379539+00:00,2026-09-24 23:30:00.935687+00:00,0.0,7.0,35.03333333333333,35.03333333333333,,,,35.03333333333333,2026-09-24 23:30:00.935687+00:00,laboral,16-19,Suficiente,Fuera de 30 minutos
4113,26.566666666666663,29.203333333333337,9,7,2026-09-14 16:47:07.157796+00:00,2026-09-28 04:40:12.986595+00:00,0.7777777777777778,8.0,26.566666666666663,29.18666666666667,1.0,28.05,28.05,28.05,2026-09-28 04:40:12.986595+00:00,fin_de_semana,19-23,Suficiente,Acceso confiable
4118,24.066666666666663,24.53333333333333,7,7,2026-09-14 16:47:10.781852+00:00,2026-09-24 23:29:59.435170+00:00,1.0,7.0,24.066666666666663,24.53333333333333,,,,24.65,2026-09-24 23:29:59.435170+00:00,laboral,16-19,Suficiente,Acceso confiable
4119,24.183333333333337,25.916666666666668,7,7,2026-09-14 16:47:10.283593+00:00,2026-09-24 23:29:58.908213+00:00,1.0,7.0,24.183333333333337,25.916666666666668,,,,26.05,2026-09-24 23:29:58.908213+00:00,laboral,16-19,Suficiente,Acceso confiable
4120,21.466666666666665,23.276666666666667,7,7,2026-09-14 16:47:10.283593+00:00,2026-09-24 23:29:58.908213+00:00,1.0,7.0,21.466666666666665,23.276666666666667,,,,21.466666666666665,2026-09-24 23:29:58.908213+00:00,laboral,16-19,Suficiente,Acceso confiable
4123,11.8,11.8,7,7,2026-09-14 16:47:10.283593+00:00,2026-09-24 23:29:58.908213+00:00,1.0,7.0,11.8,11.8,,,,11.8,2026-09-24 23:29:58.908213+00:00,laboral,16-19,Suficiente,Acceso confiable
4124,14.1,14.1,7,7,2026-09-14 16:47:09.792714+00:00,2026-09-24 23:29:58.414214+00:00,1.0,7.0,14.1,14.1,,,,14.1,2026-09-24 23:29:58.414214+00:00,laboral,16-19,Suficiente,Acceso confiable
4125,15.166666666666666,15.713333333333333,7,7,2026-09-14 16:47:11.840367+00:00,2026-09-24 23:30:00.413439+00:00,1.0,7.0,15.166666666666666,15.713333333333333,,,,15.166666666666666,2026-09-24 23:30:00.413439+00:00,laboral,16-19,Suficiente,Acceso confiable
4129,41.516666666666666,41.516666666666666,7,0,2026-09-14 16:47:12.379539+00:00,2026-09-24 23:30:00.935687+00:00,0.0,7.0,41.516666666666666,41.516666666666666,,,,35.45,2026-09-24 23:30:00.935687+00:00,laboral,16-19,Suficiente,Fuera de 30 minutos
4130,40.166666666666664,40.27333333333333,7,0,2026-09-14 16:47:13.422871+00:00,2026-09-24 23:30:01.951752+00:00,0.0,7.0,40.166666666666664,40.27333333333333,,,,40.166666666666664,2026-09-24 23:30:01.951752+00:00,laboral,16-19,Suficiente,Fuera de 30 minutos
4131,41.71666666666667,52.58333333333334,7,0,2026-09-14 16:47:12.379539+00:00,2026-09-24 23:30:00.935687+00:00,0.0,7.0,41.71666666666667,52.58333333333334,,,,37.71666666666667,2026-09-24 23:30:00.935687+00:00,laboral,16-19,Suficiente,Fuera de 30 minutos
4133,55.53333333333333,55.53333333333333,7,0,2026-09-14 16:47:11.360449+00:00,2026-09-24 23:29:59.928061+00:00,0.0,7.0,55.53333333333333,55.53333333333333,,,,55.53333333333333,2026-09-24 23:29:59.928061+00:00,laboral,16-19,Suficiente,Fuera de 30 minutos
4134,37.95,46.05666666666668,7,0,2026-09-14 16:47:09.792714+00:00,2026-09-24 23:29:58.414214+00:00,0.0,7.0,37.95,46.05666666666668,,,,37.95,2026-09-24 23:29:58.414214+00:00,laboral,16-19,Suficiente,Fuera de 30 minutos
4135,36.583333333333336,36.583333333333336,9,0,2026-09-14 16:47:07.157796+00:00,2026-09-28 04:40:13.525194+00:00,0.0,8.0,36.583333333333336,36.583333333333336,1.0,34.7,34.7,34.7,2026-09-28 04:40:13.525194+00:00,fin_de_semana,19-23,Suficiente,Fuera de 30 minutos
4137,43.333333333333336,48.28,7,0,2026-09-14 16:47:12.918101+00:00,2026-09-24 23:30:01.442571+00:00,0.0,7.0,43.333333333333336,48.28,,,,43.333333333333336,2026-09-24 23:30:01.442571+00:00,laboral,16-19,Suficiente,Fuera de 30 minutos
4138,38.9,38.9,7,0,2026-09-14 16:47:11.840367+00:00,2026-09-24 23:30:00.413439+00:00,0.0,7.0,38.9,38.9,,,,32.833333333333336,2026-09-24 23:30:00.413439+00:00,laboral,16-19,Suficiente,Fuera de 30 minutos
4143,13.95,18.56,9,9,2026-09-14 16:47:07.157796+00:00,2026-09-28 04:40:12.986595+00:00,1.0,8.0,13.841666666666665,17.966666666666665,1.0,23.1,23.1,23.1,2026-09-28 04:40:12.986595+00:00,fin_de_semana,19-23,Suficiente,Acceso confiable
4154,35.75,35.75,7,0,2026-09-14 16:47:11.360449+00:00,2026-09-24 23:29:59.928061+00:00,0.0,7.0,35.75,35.75,,,,35.75,2026-09-24 23:29:59.928061+00:00,laboral,16-19,Suficiente,Fuera de 30 minutos
4159,11.533333333333331,15.653333333333336,7,7,2026-09-14 16:47:11.360449+00:00,2026-09-24 23:29:59.928061+00:00,1.0,7.0,11.533333333333331,15.653333333333336,,,,16.683333333333334,2026-09-24 23:29:59.928061+00:00,laboral,16-19,Suficiente,Acceso confiable
4173,54.55,54.55,7,0,2026-09-14 16:47:12.918101+00:00,2026-09-24 23:30:01.442571+00:00,0.0,7.0,54.55,54.55,,,,54.55,2026-09-24 23:30:01.442571+00:00,laboral,16-19,Suficiente,Fuera de 30 minutos
4174,47.15,47.15,7,0,2026-09-14 16:47:11.360449+00:00,2026-09-24 23:29:59.928061+00:00,0.0,7.0,47.15,47.15,,,,47.15,2026-09-24 23:29:59.928061+00:00,laboral,16-19,Suficiente,Fuera de 30 minutos
4175,47.15,47.15,7,0,2026-09-14 16:47:11.360449+00:00,2026-09-24 23:29:59.928061+00:00,0.0,7.0,47.15,47.15,,,,47.15,2026-09-24 23:29:59.928061+00:00,laboral,16-19,Suficiente,Fuera de 30 minutos
4181,55.166666666666664,55.166666666666664,7,0,2026-09-14 16:47:13.422871+00:00,2026-09-24 23:30:01.951752+00:00,0.0,7.0,55.166666666666664,55.166666666666664,,,,55.166666666666664,2026-09-24 23:30:01.951752+00:00,laboral,16-19,Suficiente,Fuera de 30 minutos
4241,16.3,16.666666666666668,9,9,2026-09-14 16:47:07.157796+00:00,2026-09-28 04:40:12.986595+00:00,1.0,8.0,16.191666666666666,16.52,1.0,29.716666666666665,29.716666666666665,29.716666666666665,2026-09-28 04:40:12.986595+00:00,fin_de_semana,19-23,Suficiente,Acceso confiable
4242,25.483333333333334,25.79,7,6,2026-09-14 16:47:09.286590+00:00,2026-09-24 23:29:57.874683+00:00,0.8571428571428571,7.0,25.483333333333334,25.79,,,,25.483333333333334,2026-09-24 23:29:57.874683+00:00,laboral,16-19,Suficiente,Acceso confiable
4247,55.86666666666667,56.733333333333334,7,0,2026-09-14 16:47:12.379539+00:00,2026-09-24 23:30:00.935687+00:00,0.0,7.0,55.86666666666667,56.733333333333334,,,,56.766666666666666,2026-09-24 23:30:00.935687+00:00,laboral,16-19,Suficiente,Fuera de 30 minutos
4248,55.61666666666667,57.31666666666667,7,0,2026-09-14 16:47:11.840367+00:00,2026-09-24 23:30:00.413439+00:00,0.0,7.0,55.61666666666667,57.31666666666667,,,,55.18333333333333,2026-09-24 23:30:00.413439+00:00,laboral,16-19,Suficiente,Fuera de 30 minutos
4249,51.666666666666664,51.666666666666664,7,0,2026-09-14 16:47:11.360449+00:00,2026-09-24 23:29:59.928061+00:00,0.0,7.0,51.666666666666664,51.666666666666664,,,,51.666666666666664,2026-09-24 23:29:59.928061+00:00,laboral,16-19,Suficiente,Fuera de 30 minutos
4250,49.4,49.4,7,0,2026-09-14 16:47:11.360449+00:00,2026-09-24 23:29:59.928061+00:00,0.0,7.0,49.4,49.4,,,,49.4,2026-09-24 23:29:59.928061+00:00,laboral,16-19,Suficiente,Fuera de 30 minutos
4253,16.35,20.830000000000002,9,9,2026-09-14 16:47:08.611611+00:00,2026-09-28 04:40:13.525194+00:00,1.0,8.0,16.35,19.010000000000005,1.0,20.9,20.9,20.9,2026-09-28 04:40:13.525194+00:00,fin_de_semana,19-23,Suficiente,Acceso confiable
4254,18.6,18.6,7,7,2026-09-14 16:47:11.360449+00:00,2026-09-24 23:29:59.928061+00:00,1.0,7.0,18.6,18.6,,,,18.6,2026-09-24 23:29:59.928061+00:00,laboral,16-19,Suficiente,Acceso confiable
4255,46.88333333333333,47.67333333333334,7,0,2026-09-14 16:47:11.840367+00:00,2026-09-24 23:30:00.413439+00:00,0.0,7.0,46.88333333333333,47.67333333333334,,,,45.233333333333334,2026-09-24 23:30:00.413439+00:00,laboral,16-19,Suficiente,Fuera de 30 minutos
4256,9.766666666666667,9.766666666666667,9,9,2026-09-14 16:47:07.157796+00:00,2026-09-28 04:40:12.986595+00:00,1.0,8.0,9.766666666666667,9.766666666666667,1.0,27.55,27.55,27.55,2026-09-28 04:40:12.986595+00:00,fin_de_semana,19-23,Suficiente,Acceso confiable
4264,46.65,46.65,7,0,2026-09-14 16:47:12.379539+00:00,2026-09-24 23:30:00.935687+00:00,0.0,7.0,46.65,46.65,,,,46.65,2026-09-24 23:30:00.935687+00:00,laboral,16-19,Suficiente,Fuera de 30 minutos
4265,44.733333333333334,44.733333333333334,7,0,2026-09-14 16:47:11.840367+00:00,2026-09-24 23:30:00.413439+00:00,0.0,7.0,44.733333333333334,44.733333333333334,,,,44.733333333333334,2026-09-24 23:30:00.413439+00:00,laboral,16-19,Suficiente,Fuera de 30 minutos
4266,38.25,38.25,7,0,2026-09-14 16:47:11.840367+00:00,2026-09-24 23:30:00.413439+00:00,0.0,7.0,38.25,38.25,,,,38.25,2026-09-24 23:30:00.413439+00:00,laboral,16-19,Suficiente,Fuera de 30 minutos
4267,24.3,25.363333333333333,7,7,2026-09-14 16:47:12.918101+00:00,2026-09-24 23:30:01.442571+00:00,1.0,7.0,24.3,25.363333333333333,,,,24.3,2026-09-24 23:30:01.442571+00:00,laboral,16-19,Suficiente,Acceso confiable
4268,27.316666666666663,28.4,7,7,2026-09-14 16:47:12.379539+00:00,2026-09-24 23:30:00.935687+00:00,1.0,7.0,27.316666666666663,28.4,,,,27.316666666666663,2026-09-24 23:30:00.935687+00:00,laboral,16-19,Suficiente,Acceso confiable
4269,29.166666666666668,29.166666666666668,7,6,2026-09-14 16:47:12.379539+00:00,2026-09-24 23:30:00.935687+00:00,0.8571428571428571,7.0,29.166666666666668,29.166666666666668,,,,29.166666666666668,2026-09-24 23:30:00.935687+00:00,laboral,16-19,Suficiente,Acceso confiable
4270,45.35,45.35,7,0,2026-09-14 16:47:10.283593+00:00,2026-09-24 23:29:58.908213+00:00,0.0,7.0,45.35,45.35,,,,45.35,2026-09-24 23:29:58.908213+00:00,laboral,16-19,Suficiente,Fuera de 30 minutos
4274,73.05,76.57666666666667,7,0,2026-09-14 16:47:12.918101+00:00,2026-09-24 23:30:01.442571+00:00,0.0,7.0,73.05,76.57666666666667,,,,70.01666666666667,2026-09-24 23:30:01.442571+00:00,laboral,16-19,Suficiente,Fuera de 30 minutos
4275,71.28333333333333,71.28333333333333,7,0,2026-09-14 16:47:12.918101+00:00,2026-09-24 23:30:01.442571+00:00,0.0,7.0,71.28333333333333,71.28333333333333,,,,77.05,2026-09-24 23:30:01.442571+00:00,laboral,16-19,Suficiente,Fuera de 30 minutos
4393,32.95,34.71666666666667,9,1,2026-09-14 16:47:10.283593+00:00,2026-09-28 04:40:14.046314+00:00,0.1111111111111111,8.0,33.41666666666667,34.71666666666667,1.0,29.7,29.7,29.7,2026-09-28 04:40:14.046314+00:00,fin_de_semana,19-23,Suficiente,Fuera de 30 minutos
4430,22.95,27.606666666666666,9,8,2026-09-14 16:47:08.611611+00:00,2026-09-28 04:40:13.525194+00:00,0.8888888888888888,8.0,22.95,25.540000000000003,1.0,51.233333333333334,51.233333333333334,51.233333333333334,2026-09-28 04:40:13.525194+00:00,fin_de_semana,19-23,Suficiente,Acceso confiable
4435,31.883333333333333,31.883333333333333,9,0,2026-09-14 16:47:08.611611+00:00,2026-09-28 04:40:13.525194+00:00,0.0,8.0,31.883333333333333,31.883333333333333,1.0,40.75,40.75,40.75,2026-09-28 04:40:13.525194+00:00,fin_de_semana,19-23,Suficiente,Fuera de 30 minutos
4437,49.85,55.25,7,0,2026-09-14 16:47:11.840367+00:00,2026-09-24 23:30:00.413439+00:00,0.0,7.0,49.85,55.25,,,,55.85,2026-09-24 23:30:00.413439+00:00,laboral,16-19,Suficiente,Fuera de 30 minutos
4447,33.233333333333334,34.38333333333333,9,2,2026-09-14 16:47:07.157796+00:00,2026-09-28 04:40:13.525194+00:00,0.2222222222222222,8.0,32.49166666666667,33.903333333333336,1.0,52.78333333333333,52.78333333333333,52.78333333333333,2026-09-28 04:40:13.525194+00:00,fin_de_semana,19-23,Suficiente,Fuera de 30 minutos
5070,7.766666666666667,8.860000000000001,9,9,2026-09-14 16:47:09.792714+00:00,2026-09-28 04:40:14.046314+00:00,1.0,8.0,7.766666666666667,8.22,1.0,9.7,9.7,9.7,2026-09-28 04:40:14.046314+00:00,fin_de_semana,19-23,Suficiente,Acceso confiable
5072,34.68333333333333,35.13333333333333,7,0,2026-09-14 16:47:08.611611+00:00,2026-09-24 23:29:57.393094+00:00,0.0,7.0,34.68333333333333,35.13333333333333,,,,34.68333333333333,2026-09-24 23:29:57.393094+00:00,laboral,16-19,Suficiente,Fuera de 30 minutos
5092,48.333333333333336,51.68333333333333,7,0,2026-09-14 16:47:12.379539+00:00,2026-09-24 23:30:00.935687+00:00,0.0,7.0,48.333333333333336,51.68333333333333,,,,51.68333333333333,2026-09-24 23:30:00.935687+00:00,laboral,16-19,Suficiente,Fuera de 30 minutos
5093,47.75,47.75,7,0,2026-09-14 16:47:11.840367+00:00,2026-09-24 23:30:00.413439+00:00,0.0,7.0,47.75,47.75,,,,47.75,2026-09-24 23:30:00.413439+00:00,laboral,16-19,Suficiente,Fuera de 30 minutos
5096,38.916666666666664,41.46666666666667,9,0,2026-09-14 16:47:13.422871+00:00,2026-09-28 04:40:14.595531+00:00,0.0,8.0,38.516666666666666,40.21333333333333,1.0,53.95,53.95,53.95,2026-09-28 04:40:14.595531+00:00,fin_de_semana,19-23,Suficiente,Fuera de 30 minutos
5097,38.11666666666667,41.68333333333334,9,0,2026-09-14 16:47:12.379539+00:00,2026-09-28 04:40:14.595531+00:00,0.0,8.0,37.75,39.89666666666667,1.0,56.96666666666667,56.96666666666667,56.96666666666667,2026-09-28 04:40:14.595531+00:00,fin_de_semana,19-23,Suficiente,Fuera de 30 minutos
5104,41.53333333333333,42.32,7,0,2026-09-14 16:47:12.918101+00:00,2026-09-24 23:30:01.442571+00:00,0.0,7.0,41.53333333333333,42.32,,,,42.516666666666666,2026-09-24 23:30:01.442571+00:00,laboral,16-19,Suficiente,Fuera de 30 minutos
5107,36.65,37.239999999999995,7,0,2026-09-14 16:47:11.840367+00:00,2026-09-24 23:30:00.413439+00:00,0.0,7.0,36.65,37.239999999999995,,,,36.43333333333333,2026-09-24 23:30:00.413439+00:00,laboral,16-19,Suficiente,Fuera de 30 minutos
5119,53.21666666666667,54.21666666666667,7,0,2026-09-14 16:47:11.840367+00:00,2026-09-24 23:30:00.413439+00:00,0.0,7.0,53.21666666666667,54.21666666666667,,,,45.21666666666667,2026-09-24 23:30:00.413439+00:00,laboral,16-19,Suficiente,Fuera de 30 minutos
5120,48.35,49.150000000000006,7,0,2026-09-14 16:47:11.840367+00:00,2026-09-24 23:30:00.413439+00:00,0.0,7.0,48.35,49.150000000000006,,,,48.35,2026-09-24 23:30:00.413439+00:00,laboral,16-19,Suficiente,Fuera de 30 minutos
5148,14.6,17.243333333333336,7,7,2026-09-14 16:47:13.422871+00:00,2026-09-24 23:30:01.951752+00:00,1.0,7.0,14.6,17.243333333333336,,,,14.6,2026-09-24 23:30:01.951752+00:00,laboral,16-19,Suficiente,Acceso confiable
5149,13.683333333333334,13.683333333333334,7,7,2026-09-14 16:47:11.840367+00:00,2026-09-24 23:30:00.413439+00:00,1.0,7.0,13.683333333333334,13.683333333333334,,,,13.683333333333334,2026-09-24 23:30:00.413439+00:00,laboral,16-19,Suficiente,Acceso confiable
5150,12.5,12.833333333333334,7,7,2026-09-14 16:47:09.792714+00:00,2026-09-24 23:29:58.414214+00:00,1.0,7.0,12.5,12.833333333333334,,,,12.833333333333334,2026-09-24 23:29:58.414214+00:00,laboral,16-19,Suficiente,Acceso confiable
5152,59.13333333333333,59.13333333333333,7,0,2026-09-14 16:47:12.379539+00:00,2026-09-24 23:30:00.935687+00:00,0.0,7.0,59.13333333333333,59.13333333333333,,,,59.13333333333333,2026-09-24 23:30:00.935687+00:00,laboral,16-19,Suficiente,Fuera de 30 minutos
5157,32.63333333333333,34.26,9,1,2026-09-14 16:47:07.157796+00:00,2026-09-28 04:40:12.986595+00:00,0.1111111111111111,8.0,32.40833333333333,34.053333333333335,1.0,33.766666666666666,33.766666666666666,33.766666666666666,2026-09-28 04:40:12.986595+00:00,fin_de_semana,19-23,Suficiente,Fuera de 30 minutos
5158,32.333333333333336,33.24666666666667,9,1,2026-09-14 16:47:07.157796+00:00,2026-09-28 04:40:12.986595+00:00,0.1111111111111111,8.0,32.333333333333336,32.53333333333333,1.0,34.31666666666667,34.31666666666667,34.31666666666667,2026-09-28 04:40:12.986595+00:00,fin_de_semana,19-23,Suficiente,Fuera de 30 minutos
5159,30.983333333333334,33.03333333333333,9,0,2026-09-14 16:47:07.157796+00:00,2026-09-28 04:40:12.986595+00:00,0.0,8.0,30.983333333333334,32.21333333333333,1.0,33.03333333333333,33.03333333333333,33.03333333333333,2026-09-28 04:40:12.986595+00:00,fin_de_semana,19-23,Suficiente,Fuera de 30 minutos
5160,27.583333333333332,28.436666666666667,9,9,2026-09-14 16:47:07.157796+00:00,2026-09-28 04:40:12.986595+00:00,1.0,8.0,27.583333333333332,27.583333333333332,1.0,29.716666666666665,29.716666666666665,29.716666666666665,2026-09-28 04:40:12.986595+00:00,fin_de_semana,19-23,Suficiente,Acceso confiable
5165,34.43333333333333,34.879999999999995,9,1,2026-09-14 16:47:08.611611+00:00,2026-09-28 04:40:12.986595+00:00,0.1111111111111111,8.0,33.925,34.43333333333333,1.0,52.5,52.5,52.5,2026-09-28 04:40:12.986595+00:00,fin_de_semana,19-23,Suficiente,Fuera de 30 minutos
5166,29.983333333333334,37.970000000000006,9,5,2026-09-14 16:47:07.157796+00:00,2026-09-28 04:40:12.986595+00:00,0.5555555555555556,8.0,29.683333333333334,36.13666666666667,1.0,56.233333333333334,56.233333333333334,56.233333333333334,2026-09-28 04:40:12.986595+00:00,fin_de_semana,19-23,Suficiente,Acceso habitual pero variable
5167,27.566666666666663,31.766666666666666,9,6,2026-09-14 16:47:07.157796+00:00,2026-09-28 04:40:12.986595+00:00,0.6666666666666666,8.0,27.566666666666663,30.10666666666667,1.0,52.28333333333333,52.28333333333333,52.28333333333333,2026-09-28 04:40:12.986595+00:00,fin_de_semana,19-23,Suficiente,Acceso habitual pero variable
5173,54.88333333333333,54.88333333333333,7,0,2026-09-14 16:47:12.918101+00:00,2026-09-24 23:30:01.442571+00:00,0.0,7.0,54.88333333333333,54.88333333333333,,,,54.88333333333333,2026-09-24 23:30:01.442571+00:00,laboral,16-19,Suficiente,Fuera de 30 minutos
5174,30.85,32.53,9,4,2026-09-14 16:47:07.157796+00:00,2026-09-28 04:40:12.986595+00:00,0.4444444444444444,8.0,30.058333333333334,30.85,1.0,56.05,56.05,56.05,2026-09-28 04:40:12.986595+00:00,fin_de_semana,19-23,Suficiente,Fuera de 30 minutos
5180,30.933333333333337,30.933333333333337,9,1,2026-09-14 16:47:09.792714+00:00,2026-09-28 04:40:13.525194+00:00,0.1111111111111111,8.0,30.933333333333337,30.933333333333337,1.0,29.316666666666663,29.316666666666663,29.316666666666663,2026-09-28 04:40:13.525194+00:00,fin_de_semana,19-23,Suficiente,Fuera de 30 minutos
5181,29.466666666666665,29.466666666666665,9,8,2026-09-14 16:47:11.360449+00:00,2026-09-28 04:40:14.046314+00:00,0.8888888888888888,8.0,29.466666666666665,29.466666666666665,1.0,57.416666666666664,57.416666666666664,57.416666666666664,2026-09-28 04:40:14.046314+00:00,fin_de_semana,19-23,Suficiente,Acceso confiable
5182,28.133333333333333,28.133333333333333,9,8,2026-09-14 16:47:10.781852+00:00,2026-09-28 04:40:14.046314+00:00,0.8888888888888888,8.0,28.133333333333333,28.133333333333333,1.0,52.56666666666667,52.56666666666667,52.56666666666667,2026-09-28 04:40:14.046314+00:00,fin_de_semana,19-23,Suficiente,Acceso confiable
5183,27.05,27.05,9,8,2026-09-14 16:47:10.781852+00:00,2026-09-28 04:40:14.046314+00:00,0.8888888888888888,8.0,27.05,27.05,1.0,48.81666666666667,48.81666666666667,48.81666666666667,2026-09-28 04:40:14.046314+00:00,fin_de_semana,19-23,Suficiente,Acceso confiable
5184,45.21666666666667,45.4,7,0,2026-09-14 16:47:13.422871+00:00,2026-09-24 23:30:01.951752+00:00,0.0,7.0,45.21666666666667,45.4,,,,44.81666666666667,2026-09-24 23:30:01.951752+00:00,laboral,16-19,Suficiente,Fuera de 30 minutos
5190,17.766666666666666,18.3,9,9,2026-09-14 16:47:10.283593+00:00,2026-09-28 04:40:14.595531+00:00,1.0,8.0,17.766666666666666,18.316666666666666,1.0,17.35,17.35,17.35,2026-09-28 04:40:14.595531+00:00,fin_de_semana,19-23,Suficiente,Acceso confiable
5191,18.383333333333333,18.916666666666668,9,9,2026-09-14 16:47:09.792714+00:00,2026-09-28 04:40:14.046314+00:00,1.0,8.0,18.325,18.483333333333334,1.0,19.566666666666663,19.566666666666663,19.566666666666663,2026-09-28 04:40:14.046314+00:00,fin_de_semana,19-23,Suficiente,Acceso confiable
5192,14.266666666666667,15.373333333333333,9,9,2026-09-14 16:47:09.792714+00:00,2026-09-28 04:40:14.046314+00:00,1.0,8.0,14.266666666666667,15.206666666666667,1.0,20.033333333333335,20.033333333333335,20.033333333333335,2026-09-28 04:40:14.046314+00:00,fin_de_semana,19-23,Suficiente,Acceso confiable
5193,6.916666666666667,6.916666666666667,9,9,2026-09-14 16:47:09.286590+00:00,2026-09-28 04:40:14.046314+00:00,1.0,8.0,6.916666666666667,6.916666666666667,1.0,6.916666666666667,6.916666666666667,6.916666666666667,2026-09-28 04:40:14.046314+00:00,fin_de_semana,19-23,Suficiente,Acceso confiable
5194,8.483333333333333,8.483333333333333,9,9,2026-09-14 16:47:09.792714+00:00,2026-09-28 04:40:14.595531+00:00,1.0,8.0,8.483333333333333,8.483333333333333,1.0,8.483333333333333,8.483333333333333,8.483333333333333,2026-09-28 04:40:14.595531+00:00,fin_de_semana,19-23,Suficiente,Acceso confiable
5196,23.533333333333335,26.513333333333335,9,7,2026-09-14 16:47:07.157796+00:00,2026-09-28 04:40:12.986595+00:00,0.7777777777777778,8.0,23.375,23.533333333333335,1.0,57.1,57.1,57.1,2026-09-28 04:40:12.986595+00:00,fin_de_semana,19-23,Suficiente,Acceso confiable
5197,12.416666666666666,13.35,9,9,2026-09-14 16:47:07.157796+00:00,2026-09-28 04:40:12.986595+00:00,1.0,8.0,12.416666666666666,12.416666666666666,1.0,17.733333333333334,17.733333333333334,17.733333333333334,2026-09-28 04:40:12.986595+00:00,fin_de_semana,19-23,Suficiente,Acceso confiable
5200,5.0,5.0,9,9,2026-09-14 16:47:11.840367+00:00,2026-09-28 04:40:14.595531+00:00,1.0,8.0,5.0,5.0,1.0,5.0,5.0,5.0,2026-09-28 04:40:14.595531+00:00,fin_de_semana,19-23,Suficiente,Acceso confiable
5205,50.93333333333333,52.56666666666667,7,0,2026-09-14 16:47:11.360449+00:00,2026-09-24 23:29:59.928061+00:00,0.0,7.0,50.93333333333333,52.56666666666667,,,,39.983333333333334,2026-09-24 23:29:59.928061+00:00,laboral,16-19,Suficiente,Fuera de 30 minutos
5210,23.733333333333334,25.46666666666667,7,7,2026-09-14 16:47:08.611611+00:00,2026-09-24 23:29:57.393094+00:00,1.0,7.0,23.733333333333334,25.46666666666667,,,,25.6,2026-09-24 23:29:57.393094+00:00,laboral,16-19,Suficiente,Acceso confiable
5214,42.7,42.7,7,0,2026-09-14 16:47:10.781852+00:00,2026-09-24 23:29:59.435170+00:00,0.0,7.0,42.7,42.7,,,,42.7,2026-09-24 23:29:59.435170+00:00,laboral,16-19,Suficiente,Fuera de 30 minutos
5226,42.1,42.1,7,0,2026-09-14 16:47:12.379539+00:00,2026-09-24 23:30:00.935687+00:00,0.0,7.0,42.1,42.1,,,,37.13333333333333,2026-09-24 23:30:00.935687+00:00,laboral,16-19,Suficiente,Fuera de 30 minutos
5227,37.0,37.0,7,0,2026-09-14 16:47:12.379539+00:00,2026-09-24 23:30:00.935687+00:00,0.0,7.0,37.0,37.0,,,,32.95,2026-09-24 23:30:00.935687+00:00,laboral,16-19,Suficiente,Fuera de 30 minutos
5228,41.416666666666664,41.416666666666664,9,0,2026-09-14 16:47:11.840367+00:00,2026-09-28 04:40:14.595531+00:00,0.0,8.0,41.416666666666664,41.416666666666664,1.0,46.666666666666664,46.666666666666664,46.666666666666664,2026-09-28 04:40:14.595531+00:00,fin_de_semana,19-23,Suficiente,Fuera de 30 minutos
5229,28.133333333333333,35.43333333333334,9,6,2026-09-14 16:47:09.286590+00:00,2026-09-28 04:40:14.595531+00:00,0.6666666666666666,8.0,28.133333333333333,32.233333333333334,1.0,42.45,42.45,42.45,2026-09-28 04:40:14.595531+00:00,fin_de_semana,19-23,Suficiente,Acceso habitual pero variable
5296,43.21666666666667,46.72333333333333,7,0,2026-09-14 16:47:09.286590+00:00,2026-09-24 23:29:57.874683+00:00,0.0,7.0,43.21666666666667,46.72333333333333,,,,44.416666666666664,2026-09-24 23:29:57.874683+00:00,laboral,16-19,Suficiente,Fuera de 30 minutos
5302,58.43333333333333,58.43333333333333,7,0,2026-09-14 16:47:10.781852+00:00,2026-09-24 23:29:59.435170+00:00,0.0,7.0,58.43333333333333,58.43333333333333,,,,58.43333333333333,2026-09-24 23:29:59.435170+00:00,laboral,16-19,Suficiente,Fuera de 30 minutos
5303,44.666666666666664,44.666666666666664,7,0,2026-09-14 16:47:09.792714+00:00,2026-09-24 23:29:58.414214+00:00,0.0,7.0,44.666666666666664,44.666666666666664,,,,44.666666666666664,2026-09-24 23:29:58.414214+00:00,laboral,16-19,Suficiente,Fuera de 30 minutos
5304,57.916666666666664,57.916666666666664,7,0,2026-09-14 16:47:11.840367+00:00,2026-09-24 23:30:00.413439+00:00,0.0,7.0,57.916666666666664,57.916666666666664,,,,57.916666666666664,2026-09-24 23:30:00.413439+00:00,laboral,16-19,Suficiente,Fuera de 30 minutos
5305,44.2,44.653333333333336,7,0,2026-09-14 16:47:11.840367+00:00,2026-09-24 23:30:00.413439+00:00,0.0,7.0,44.2,44.653333333333336,,,,44.2,2026-09-24 23:30:00.413439+00:00,laboral,16-19,Suficiente,Fuera de 30 minutos
