cvegeo,cve_ent,nom_ent,cve_mun,nom_mun,cve_loc,nom_loc,cve_ageb,cve_mza,ambito,pob_total,tipomza,pob_masculina,pob_femenina,total_viviendas_habitadas,GRAPROES,OCUPVIVPAR,P30A59A,PCDISC_AUD,PCDISC_LENG,PCDISC_MEN,PCDISC_MOT,PCDISC_MOT2,PCDISC_VIS,PCLIM_CSB,PCLIM_HACO,PCLIM_MOT2,PCLIM_OAUD,PCLIM_PMEN,PCLIM_RE_CO,PCLIM_VIS,PCON_DISC,PCON_LIMI,PEA,PE_INAC,POB0_14,POB15_64,POB65_MAS,POBFEM,POBHOG,POBMAS,POBTOT,POB_AFRO,POB_AFRO_F,POB_AFRO_M,PROM_OCUP,PRO_OCUP_C,PSINDER,P_0A2,P_0A2_F,P_0A2_M,P_12A14,P_12A14_F,P_12A14_M,P_12YMAS,P_12YMAS_F,P_12YMAS_M,P_15A17,P_15A17_F,P_15A17_M,P_15A49_F,P_15YMAS,P_15YMAS_F,P_15YMAS_M,P_18A24,P_18A24_F,P_18A24_M,P_18YMAS,P_18YMAS_F,P_18YMAS_M,P_3A5,P_3A5_F,P_3A5_M,P_3YMAS,P_3YMAS_F,P_3YMAS_M,P_5YMAS,P_5YMAS_F,P_5YMAS_M,P_60YMAS,P_60YMAS_F,P_60YMAS_M,P_6A11,P_6A11_F,P_6A11_M,P_8A14,P_8A14_F,P_8A14_M,TVIVHAB,TVIVPAR,TVIVPARHAB,VIVNOHAB,VIVPARH_CV,VIVPAR_DES,VIVPAR_HAB,VIVPAR_UT,VIVTOT,VPH_1CUART,VPH_1DOR,VPH_2CUART,VPH_2YMASD,VPH_3YMASC,VPH_AEASP,VPH_AGUADV,VPH_AGUAFV,VPH_AUTOM,VPH_BICI,VPH_CEL,VPH_CISTER,VPH_CVJ,VPH_C_ELEC,VPH_C_SERV,VPH_DRENAJ,VPH_DSADMA,VPH_EXCSA,VPH_HMICRO,VPH_INTER,VPH_LAVAD,VPH_LETR,VPH_MOTO,VPH_NDACMM,VPH_NDEAED,VPH_NODREN,VPH_PC,VPH_PISODT,VPH_PISOTI,VPH_RADIO,VPH_REFRI,VPH_SINCINT,VPH_SINLTC,VPH_SINRTV,VPH_SINTIC,VPH_SNBIEN,VPH_SPMVPI,VPH_STVP,VPH_S_ELEC,VPH_TELEF,VPH_TINACO,VPH_TV,pob_total_numerica,area_manzana_m2,area_cubierta_m2,fraccion_area_cubierta,poblacion_prorrateada_area,poblacion_estimada_area,punto_representativo_cubierto,umbral_min
220060001002A018,22,Querétaro,006,Corregidora,0001,El Pueblito,002A,018,Urbana,410,Típica,195,215,119,11.41,410.0,,,,,16.0,,3.0,17.0,0.0,,6.0,3.0,6.0,14.0,19.0,31.0,199.0,167.0,67.0,270.0,73.0,215.0,410.0,195.0,410.0,5.0,4.0,,3.45,0.76,88.0,11.0,3.0,8.0,23.0,10.0,13.0,366.0,196.0,170.0,17.0,10.0,7.0,108.0,343.0,186.0,157.0,45.0,24.0,21.0,326.0,176.0,150.0,11.0,6.0,5.0,399.0,212.0,187.0,392.0,208.0,184.0,97.0,52.0,45.0,22.0,10.0,12.0,40.0,17.0,23.0,119.0,141.0,119.0,,119.0,22.0,117.0,,143.0,4.0,23.0,4.0,96.0,111.0,119.0,119.0,0.0,75.0,36.0,112.0,62.0,26.0,119.0,119.0,119.0,119.0,119.0,83.0,101.0,106.0,0.0,12.0,43.0,0.0,0.0,79.0,118.0,,93.0,118.0,16.0,,,0.0,0.0,32.0,84.0,0.0,87.0,112.0,114.0,410.0,72998.9704307105,285.0506843418125,0.003904858968009394,1.6009921768838515,410.0,False,60
220060001002A007,22,Querétaro,006,Corregidora,0001,El Pueblito,002A,007,Urbana,368,Típica,169,199,91,10.5,320.0,,9.0,4.0,10.0,43.0,7.0,11.0,17.0,3.0,,10.0,22.0,7.0,7.0,54.0,24.0,178.0,145.0,56.0,223.0,89.0,199.0,320.0,169.0,368.0,4.0,,3.0,3.56,0.81,65.0,5.0,,3.0,12.0,7.0,5.0,324.0,183.0,141.0,14.0,5.0,9.0,91.0,312.0,176.0,136.0,34.0,15.0,19.0,298.0,171.0,127.0,12.0,6.0,6.0,363.0,197.0,166.0,359.0,194.0,165.0,108.0,68.0,40.0,27.0,8.0,19.0,33.0,13.0,20.0,91.0,92.0,90.0,8.0,90.0,8.0,84.0,0.0,99.0,3.0,20.0,7.0,70.0,80.0,89.0,90.0,0.0,49.0,32.0,83.0,13.0,14.0,90.0,89.0,89.0,89.0,89.0,46.0,69.0,73.0,0.0,11.0,39.0,0.0,,55.0,88.0,,68.0,85.0,15.0,,3.0,,,19.0,62.0,0.0,58.0,84.0,87.0,368.0,31424.987349464333,676.2479680455286,0.02151943485371223,7.919152026166101,368.0,False,60
2200600010689018,22,Querétaro,006,Corregidora,0001,El Pueblito,0689,018,Urbana,109,Típica,54,55,37,13.95,109.0,,,0.0,,,0.0,0.0,5.0,0.0,0.0,5.0,0.0,6.0,7.0,,12.0,57.0,36.0,18.0,79.0,12.0,55.0,109.0,54.0,109.0,,0.0,,2.95,0.66,18.0,6.0,3.0,3.0,,,0.0,93.0,49.0,44.0,5.0,3.0,,34.0,91.0,47.0,44.0,13.0,8.0,5.0,86.0,44.0,42.0,4.0,0.0,4.0,103.0,52.0,51.0,102.0,52.0,50.0,18.0,8.0,10.0,6.0,3.0,3.0,6.0,4.0,,37.0,38.0,37.0,,37.0,,36.0,,39.0,0.0,9.0,3.0,28.0,34.0,37.0,37.0,0.0,33.0,4.0,36.0,8.0,9.0,37.0,37.0,37.0,37.0,37.0,28.0,33.0,33.0,0.0,6.0,4.0,0.0,0.0,26.0,37.0,0.0,30.0,37.0,4.0,0.0,0.0,0.0,0.0,17.0,31.0,0.0,29.0,37.0,36.0,109.0,5993.062282000882,67.28284768698917,0.01122678933090041,1.2237200370681447,109.0,False,60
2200600010034006,22,Querétaro,006,Corregidora,0001,El Pueblito,0034,006,Urbana,107,Típica,46,61,31,9.48,107.0,,3.0,,0.0,11.0,6.0,4.0,5.0,0.0,0.0,8.0,4.0,6.0,10.0,14.0,21.0,45.0,48.0,20.0,62.0,25.0,61.0,107.0,46.0,107.0,3.0,,,3.45,0.72,27.0,,,,7.0,6.0,,94.0,54.0,40.0,7.0,4.0,3.0,24.0,87.0,48.0,39.0,6.0,,4.0,80.0,44.0,36.0,,0.0,,105.0,60.0,45.0,104.0,60.0,44.0,32.0,18.0,14.0,10.0,6.0,4.0,15.0,11.0,4.0,31.0,37.0,31.0,,31.0,6.0,30.0,,38.0,,8.0,,23.0,29.0,31.0,31.0,0.0,15.0,13.0,28.0,10.0,4.0,31.0,31.0,31.0,31.0,31.0,25.0,23.0,30.0,0.0,,16.0,0.0,0.0,12.0,31.0,0.0,24.0,30.0,8.0,,,,0.0,6.0,25.0,0.0,25.0,30.0,30.0,107.0,11221.425508925126,4.0997539760416934,0.00036535054951627083,0.03909250879824098,107.0,False,60
2200600010157050,22,Querétaro,006,Corregidora,0001,El Pueblito,0157,050,Urbana,0,Típica,0,0,0,0.0,0.0,,0.0,0.0,0.0,0.0,0.0,0.0,0.0,0.0,0.0,0.0,0.0,0.0,0.0,0.0,0.0,0.0,0.0,0.0,0.0,0.0,0.0,0.0,0.0,0.0,0.0,0.0,0.0,0.0,0.0,0.0,0.0,0.0,0.0,0.0,0.0,0.0,0.0,0.0,0.0,0.0,0.0,0.0,0.0,0.0,0.0,0.0,0.0,0.0,0.0,0.0,0.0,0.0,0.0,0.0,0.0,0.0,0.0,0.0,0.0,0.0,0.0,0.0,0.0,0.0,0.0,0.0,0.0,0.0,0.0,0.0,0.0,0.0,0.0,0.0,0.0,0.0,0.0,0.0,0.0,0.0,0.0,0.0,0.0,0.0,0.0,0.0,0.0,0.0,0.0,0.0,0.0,0.0,0.0,0.0,0.0,0.0,0.0,0.0,0.0,0.0,0.0,0.0,0.0,0.0,0.0,0.0,0.0,0.0,0.0,0.0,0.0,0.0,0.0,0.0,0.0,0.0,0.0,0.0,0.0,0.0,0.0,0.0,7986.106172769405,424.3922124039624,0.053141318587903594,0.0,0.0,False,60
2200600010087010,22,Querétaro,006,Corregidora,0001,El Pueblito,0087,010,Urbana,72,Típica,36,36,31,9.5,72.0,,,,3.0,3.0,,0.0,,,3.0,3.0,,4.0,,4.0,6.0,54.0,10.0,12.0,56.0,4.0,36.0,72.0,36.0,72.0,0.0,0.0,0.0,2.32,0.64,,,,,4.0,,3.0,64.0,31.0,33.0,,,0.0,23.0,60.0,30.0,30.0,9.0,5.0,4.0,58.0,28.0,30.0,3.0,,,70.0,35.0,35.0,67.0,33.0,34.0,5.0,3.0,,3.0,,,7.0,3.0,4.0,31.0,33.0,31.0,,30.0,,30.0,,34.0,,4.0,0.0,26.0,28.0,30.0,30.0,0.0,21.0,10.0,26.0,,0.0,30.0,30.0,30.0,30.0,30.0,25.0,25.0,28.0,0.0,4.0,9.0,0.0,0.0,23.0,30.0,0.0,21.0,30.0,3.0,4.0,6.0,,0.0,21.0,20.0,0.0,26.0,28.0,24.0,72.0,10650.610855254306,143.83205041804501,0.013504582260376907,0.9723299227471373,72.0,False,60
2200600010087033,22,Querétaro,006,Corregidora,0001,El Pueblito,0087,033,Urbana,34,Típica,15,19,23,8.31,34.0,,0.0,,,,,0.0,8.0,7.0,7.0,8.0,0.0,7.0,5.0,,8.0,25.0,7.0,,29.0,3.0,19.0,34.0,15.0,34.0,0.0,0.0,0.0,1.48,0.44,3.0,,,0.0,0.0,0.0,0.0,32.0,17.0,15.0,3.0,3.0,0.0,11.0,32.0,17.0,15.0,3.0,0.0,3.0,29.0,14.0,15.0,0.0,0.0,0.0,32.0,17.0,15.0,32.0,17.0,15.0,5.0,,3.0,0.0,0.0,0.0,0.0,0.0,0.0,23.0,24.0,23.0,,23.0,,22.0,0.0,25.0,,4.0,6.0,19.0,16.0,23.0,23.0,0.0,9.0,5.0,12.0,5.0,3.0,23.0,23.0,23.0,23.0,23.0,5.0,13.0,18.0,0.0,5.0,10.0,0.0,0.0,6.0,22.0,,13.0,22.0,10.0,9.0,6.0,5.0,0.0,4.0,3.0,0.0,11.0,22.0,14.0,34.0,8446.56205702893,721.3396631674577,0.08540038636988222,2.9036131365759954,34.0,False,60
220060001002A014,22,Querétaro,006,Corregidora,0001,El Pueblito,002A,014,Urbana,0,Típica,0,0,0,0.0,0.0,,0.0,0.0,0.0,0.0,0.0,0.0,0.0,0.0,0.0,0.0,0.0,0.0,0.0,0.0,0.0,0.0,0.0,0.0,0.0,0.0,0.0,0.0,0.0,0.0,0.0,0.0,0.0,0.0,0.0,0.0,0.0,0.0,0.0,0.0,0.0,0.0,0.0,0.0,0.0,0.0,0.0,0.0,0.0,0.0,0.0,0.0,0.0,0.0,0.0,0.0,0.0,0.0,0.0,0.0,0.0,0.0,0.0,0.0,0.0,0.0,0.0,0.0,0.0,0.0,0.0,0.0,0.0,0.0,0.0,0.0,0.0,0.0,0.0,0.0,0.0,0.0,0.0,0.0,0.0,0.0,0.0,0.0,0.0,0.0,0.0,0.0,0.0,0.0,0.0,0.0,0.0,0.0,0.0,0.0,0.0,0.0,0.0,0.0,0.0,0.0,0.0,0.0,0.0,0.0,0.0,0.0,0.0,0.0,0.0,0.0,0.0,0.0,0.0,0.0,0.0,0.0,0.0,0.0,0.0,0.0,0.0,0.0,5101.871146979062,679.9152055173427,0.13326781212809274,0.0,0.0,False,60
2200600010208015,22,Querétaro,006,Corregidora,0001,El Pueblito,0208,015,Urbana,81,Típica,43,38,18,9.05,81.0,,,,3.0,,,,4.0,0.0,0.0,4.0,,3.0,12.0,3.0,15.0,43.0,23.0,21.0,54.0,6.0,38.0,81.0,43.0,81.0,,0.0,,4.5,1.07,17.0,,,,6.0,,4.0,66.0,32.0,34.0,6.0,,4.0,21.0,60.0,30.0,30.0,10.0,5.0,5.0,54.0,28.0,26.0,9.0,5.0,4.0,79.0,37.0,42.0,71.0,32.0,39.0,10.0,5.0,5.0,4.0,0.0,4.0,9.0,,7.0,18.0,19.0,18.0,,18.0,,18.0,0.0,19.0,,3.0,0.0,15.0,17.0,18.0,18.0,0.0,10.0,4.0,17.0,,,18.0,18.0,18.0,18.0,18.0,10.0,14.0,14.0,0.0,6.0,6.0,0.0,0.0,10.0,18.0,0.0,14.0,16.0,3.0,0.0,,0.0,0.0,3.0,15.0,0.0,11.0,17.0,17.0,81.0,3229.235456429189,143.70365281987276,0.044500828372167324,3.6045670981455533,81.0,False,60
2200600010157030,22,Querétaro,006,Corregidora,0001,El Pueblito,0157,030,Urbana,298,Típica,139,159,97,14.25,298.0,,3.0,,3.0,9.0,3.0,10.0,3.0,0.0,0.0,7.0,5.0,,38.0,17.0,42.0,161.0,111.0,46.0,221.0,31.0,159.0,298.0,139.0,298.0,7.0,3.0,4.0,3.07,0.58,40.0,3.0,,,20.0,11.0,9.0,272.0,149.0,123.0,15.0,10.0,5.0,81.0,252.0,138.0,114.0,45.0,25.0,20.0,237.0,128.0,109.0,6.0,,4.0,295.0,158.0,137.0,291.0,157.0,134.0,49.0,26.0,23.0,17.0,7.0,10.0,31.0,18.0,13.0,97.0,103.0,97.0,11.0,97.0,8.0,92.0,3.0,108.0,0.0,14.0,0.0,83.0,97.0,57.0,97.0,0.0,92.0,12.0,95.0,80.0,35.0,97.0,97.0,97.0,97.0,97.0,85.0,91.0,96.0,0.0,8.0,5.0,0.0,0.0,81.0,97.0,0.0,78.0,97.0,5.0,,0.0,0.0,0.0,68.0,79.0,0.0,82.0,94.0,97.0,298.0,91315.71800462806,590.8246375507982,0.00647013077771402,1.928098971758778,298.0,False,60
2200600010208022,22,Querétaro,006,Corregidora,0001,El Pueblito,0208,022,Urbana,89,Típica,44,45,22,9.19,89.0,,0.0,0.0,0.0,,0.0,,5.0,,,5.0,,3.0,20.0,,25.0,44.0,33.0,17.0,63.0,9.0,45.0,89.0,44.0,89.0,4.0,3.0,,4.05,0.98,29.0,,0.0,,5.0,4.0,,77.0,40.0,37.0,9.0,4.0,5.0,23.0,72.0,36.0,36.0,8.0,4.0,4.0,63.0,32.0,31.0,,,,87.0,45.0,42.0,85.0,44.0,41.0,16.0,7.0,9.0,8.0,4.0,4.0,12.0,8.0,4.0,22.0,23.0,22.0,,22.0,,21.0,0.0,24.0,,4.0,,18.0,19.0,21.0,22.0,0.0,16.0,4.0,20.0,4.0,3.0,22.0,22.0,22.0,22.0,22.0,11.0,20.0,17.0,0.0,3.0,6.0,0.0,0.0,11.0,21.0,,16.0,22.0,,0.0,0.0,0.0,0.0,,18.0,0.0,19.0,22.0,22.0,89.0,8149.695665699484,339.626070731951,0.04167346667451306,3.7089385340316627,89.0,False,60
2200600010208023,22,Querétaro,006,Corregidora,0001,El Pueblito,0208,023,Urbana,171,Típica,75,96,48,9.94,171.0,,,0.0,,5.0,,10.0,12.0,,,12.0,3.0,7.0,34.0,13.0,43.0,96.0,49.0,35.0,116.0,20.0,96.0,171.0,75.0,171.0,,,,3.56,0.9,29.0,6.0,4.0,,9.0,6.0,3.0,145.0,80.0,65.0,6.0,3.0,3.0,48.0,136.0,74.0,62.0,17.0,8.0,9.0,130.0,71.0,59.0,3.0,,,165.0,92.0,73.0,163.0,90.0,73.0,23.0,13.0,10.0,17.0,10.0,7.0,25.0,16.0,9.0,48.0,47.0,48.0,,48.0,,45.0,0.0,50.0,7.0,14.0,3.0,34.0,38.0,47.0,47.0,,31.0,9.0,45.0,4.0,9.0,48.0,47.0,48.0,48.0,48.0,31.0,35.0,41.0,0.0,,16.0,0.0,0.0,27.0,48.0,0.0,29.0,47.0,8.0,,,,0.0,8.0,31.0,0.0,25.0,44.0,47.0,171.0,10601.583463267634,204.19730364300563,0.019261019294948573,3.293634299436206,171.0,False,60
2200600010250012,22,Querétaro,006,Corregidora,0001,El Pueblito,0250,012,Urbana,0,Típica,0,0,0,0.0,0.0,,0.0,0.0,0.0,0.0,0.0,0.0,0.0,0.0,0.0,0.0,0.0,0.0,0.0,0.0,0.0,0.0,0.0,0.0,0.0,0.0,0.0,0.0,0.0,0.0,0.0,0.0,0.0,0.0,0.0,0.0,0.0,0.0,0.0,0.0,0.0,0.0,0.0,0.0,0.0,0.0,0.0,0.0,0.0,0.0,0.0,0.0,0.0,0.0,0.0,0.0,0.0,0.0,0.0,0.0,0.0,0.0,0.0,0.0,0.0,0.0,0.0,0.0,0.0,0.0,0.0,0.0,0.0,0.0,0.0,0.0,0.0,0.0,0.0,0.0,0.0,0.0,0.0,0.0,0.0,0.0,0.0,0.0,0.0,0.0,0.0,0.0,0.0,0.0,0.0,0.0,0.0,0.0,0.0,0.0,0.0,0.0,0.0,0.0,0.0,0.0,0.0,0.0,0.0,0.0,0.0,0.0,0.0,0.0,0.0,0.0,0.0,0.0,0.0,0.0,0.0,0.0,0.0,0.0,0.0,0.0,0.0,0.0,57621.4471184479,700.771814571604,0.012161648997309668,0.0,0.0,False,60
2200600010871024,22,Querétaro,006,Corregidora,0001,El Pueblito,0871,024,Urbana,,Económica,,,,,,,,,,,,,,,,,,,,,,,,,,,,,,,,,,,,,,,,,,,,,,,,,,,,,,,,,,,,,,,,,,,,,,,,,,,,,,,,,,,,,,,,,,,,,,,,,,,,,,,,,,,,,,,,,,,,,,,,,,,,,,,,,21331.943934830782,495.0861010691449,0.023208672523312265,,,False,60
2200600010034001,22,Querétaro,006,Corregidora,0001,El Pueblito,0034,001,Urbana,216,Típica,98,118,55,11.22,216.0,,4.0,3.0,3.0,4.0,3.0,5.0,11.0,,,9.0,7.0,9.0,19.0,14.0,35.0,113.0,69.0,38.0,151.0,27.0,118.0,216.0,98.0,216.0,,0.0,,3.93,0.84,49.0,7.0,4.0,3.0,5.0,3.0,,183.0,96.0,87.0,8.0,4.0,4.0,56.0,178.0,93.0,85.0,20.0,10.0,10.0,170.0,89.0,81.0,10.0,7.0,3.0,209.0,114.0,95.0,203.0,111.0,92.0,40.0,23.0,17.0,16.0,11.0,5.0,16.0,12.0,4.0,55.0,66.0,55.0,,55.0,10.0,55.0,,66.0,0.0,7.0,3.0,48.0,52.0,55.0,55.0,0.0,31.0,19.0,50.0,14.0,8.0,55.0,55.0,55.0,55.0,55.0,33.0,46.0,46.0,0.0,6.0,20.0,0.0,0.0,34.0,55.0,0.0,48.0,53.0,9.0,,0.0,0.0,0.0,21.0,43.0,0.0,45.0,51.0,53.0,216.0,30119.696578572693,645.8533030051854,0.021442888752891645,4.6316639706245954,216.0,False,60
2200600010693028,22,Querétaro,006,Corregidora,0001,El Pueblito,0693,028,Urbana,349,Típica,169,180,124,14.66,349.0,,3.0,3.0,0.0,7.0,4.0,5.0,16.0,6.0,,14.0,3.0,10.0,50.0,16.0,72.0,174.0,119.0,77.0,223.0,49.0,180.0,349.0,169.0,349.0,0.0,0.0,0.0,2.81,0.73,94.0,10.0,7.0,3.0,21.0,10.0,11.0,293.0,155.0,138.0,12.0,6.0,6.0,85.0,272.0,145.0,127.0,32.0,15.0,17.0,260.0,139.0,121.0,10.0,4.0,6.0,339.0,173.0,166.0,332.0,170.0,162.0,65.0,36.0,29.0,36.0,14.0,22.0,45.0,18.0,27.0,124.0,133.0,124.0,16.0,124.0,8.0,117.0,8.0,140.0,0.0,17.0,,107.0,123.0,124.0,124.0,0.0,105.0,4.0,120.0,16.0,42.0,124.0,124.0,124.0,124.0,124.0,107.0,118.0,112.0,0.0,7.0,19.0,0.0,0.0,104.0,124.0,0.0,94.0,124.0,5.0,,0.0,0.0,0.0,71.0,99.0,0.0,99.0,123.0,121.0,349.0,20125.465172887576,6.737882521107403,0.00033479387746944986,0.116843063236838,349.0,False,60
2200600010867010,22,Querétaro,006,Corregidora,0001,El Pueblito,0867,010,Urbana,31,Típica,13,18,11,14.28,31.0,,0.0,0.0,0.0,0.0,0.0,0.0,,,0.0,0.0,,,3.0,0.0,5.0,13.0,13.0,6.0,19.0,6.0,18.0,31.0,13.0,31.0,7.0,5.0,,2.82,0.49,8.0,,,0.0,,0.0,,26.0,14.0,12.0,4.0,3.0,,10.0,25.0,14.0,11.0,3.0,,,21.0,11.0,10.0,,,0.0,29.0,16.0,13.0,28.0,15.0,13.0,7.0,4.0,3.0,,,,,,,11.0,10.0,11.0,,11.0,,9.0,0.0,12.0,0.0,3.0,0.0,8.0,11.0,10.0,11.0,0.0,10.0,0.0,11.0,,6.0,11.0,11.0,11.0,11.0,11.0,10.0,11.0,11.0,0.0,0.0,,0.0,0.0,10.0,11.0,0.0,10.0,11.0,0.0,0.0,0.0,0.0,0.0,8.0,8.0,0.0,11.0,,11.0,31.0,3759.356657458121,687.8601526296818,0.18297283692544794,5.672157944688887,31.0,False,60
2200600010087003,22,Querétaro,006,Corregidora,0001,El Pueblito,0087,003,Urbana,123,Típica,62,61,35,8.89,123.0,,0.0,0.0,,,0.0,5.0,7.0,,4.0,6.0,5.0,7.0,14.0,6.0,22.0,76.0,33.0,21.0,87.0,15.0,61.0,123.0,62.0,123.0,5.0,3.0,,3.51,1.05,23.0,,0.0,,7.0,3.0,4.0,109.0,56.0,53.0,7.0,5.0,,35.0,102.0,53.0,49.0,10.0,5.0,5.0,95.0,48.0,47.0,3.0,,,122.0,61.0,61.0,120.0,59.0,61.0,20.0,13.0,7.0,10.0,3.0,7.0,14.0,6.0,8.0,35.0,35.0,35.0,,35.0,,32.0,,38.0,3.0,10.0,6.0,25.0,26.0,35.0,35.0,0.0,13.0,5.0,34.0,3.0,,35.0,35.0,35.0,35.0,35.0,22.0,29.0,29.0,0.0,4.0,20.0,0.0,0.0,15.0,34.0,,33.0,34.0,6.0,0.0,0.0,0.0,0.0,24.0,29.0,0.0,27.0,33.0,34.0,123.0,10513.808999343986,50.20267198451253,0.004774927144638536,0.58731603879054,123.0,False,60
2200600010208002,22,Querétaro,006,Corregidora,0001,El Pueblito,0208,002,Urbana,129,Típica,67,62,40,9.3,129.0,,,,,5.0,,5.0,9.0,0.0,0.0,4.0,7.0,6.0,14.0,11.0,19.0,85.0,25.0,22.0,91.0,16.0,62.0,129.0,67.0,129.0,,0.0,,3.23,0.92,46.0,9.0,4.0,5.0,3.0,,,110.0,53.0,57.0,8.0,,6.0,38.0,107.0,51.0,56.0,22.0,12.0,10.0,99.0,49.0,50.0,4.0,3.0,,120.0,58.0,62.0,117.0,55.0,62.0,19.0,11.0,8.0,6.0,,4.0,7.0,4.0,3.0,40.0,42.0,40.0,3.0,40.0,3.0,39.0,0.0,43.0,5.0,15.0,10.0,25.0,25.0,40.0,40.0,0.0,13.0,5.0,35.0,13.0,4.0,40.0,40.0,40.0,40.0,40.0,17.0,31.0,28.0,0.0,3.0,26.0,0.0,0.0,14.0,40.0,0.0,17.0,32.0,9.0,3.0,4.0,0.0,0.0,7.0,26.0,0.0,19.0,36.0,36.0,129.0,10676.014378488337,464.9199953690629,0.04354808628825516,5.617703131184916,129.0,False,60
2200600010104030,22,Querétaro,006,Corregidora,0001,El Pueblito,0104,030,Urbana,1,Típica,0,0,1,,,,,,,,,,,,,,,,,,,,,,,,,,,1.0,,,,,,,,,,,,,,,,,,,,,,,,,,,,,,,,,,,,,,,,,,,,,,,1.0,,,,,,,,1.0,,,,,,,,,,,,,,,,,,,,,,,,,,,,,,,,,,,,,,,,,,,1.0,522635.24107354746,1254.6193962194682,0.002400564098284587,0.002400564098284587,1.0,False,60
2200600010087026,22,Querétaro,006,Corregidora,0001,El Pueblito,0087,026,Urbana,162,Típica,82,80,42,9.52,162.0,,,,,3.0,,,3.0,,0.0,,3.0,0.0,5.0,5.0,7.0,83.0,41.0,45.0,105.0,12.0,80.0,162.0,82.0,162.0,0.0,0.0,0.0,3.86,1.06,15.0,9.0,4.0,5.0,9.0,3.0,6.0,126.0,61.0,65.0,7.0,,5.0,45.0,117.0,58.0,59.0,22.0,11.0,11.0,110.0,56.0,54.0,9.0,8.0,,153.0,76.0,77.0,148.0,72.0,76.0,17.0,8.0,9.0,18.0,7.0,11.0,21.0,9.0,12.0,42.0,49.0,42.0,7.0,42.0,4.0,42.0,3.0,49.0,,13.0,7.0,29.0,34.0,42.0,42.0,0.0,22.0,8.0,38.0,6.0,3.0,42.0,42.0,42.0,42.0,42.0,28.0,38.0,36.0,0.0,,19.0,0.0,0.0,19.0,41.0,,37.0,42.0,3.0,,0.0,0.0,0.0,7.0,35.0,0.0,27.0,35.0,41.0,162.0,10360.83497328124,192.0863151557794,0.01853965589174386,3.0034242544625056,162.0,False,60
2200600010087015,22,Querétaro,006,Corregidora,0001,El Pueblito,0087,015,Urbana,56,Típica,24,32,21,9.09,56.0,,,,,0.0,0.0,0.0,6.0,6.0,6.0,7.0,0.0,7.0,7.0,,10.0,32.0,14.0,12.0,41.0,3.0,32.0,56.0,24.0,56.0,0.0,0.0,0.0,2.67,0.86,,,0.0,,,,,46.0,25.0,21.0,5.0,,4.0,15.0,44.0,24.0,20.0,7.0,,5.0,39.0,23.0,16.0,,,,55.0,32.0,23.0,54.0,31.0,23.0,7.0,5.0,,7.0,6.0,,6.0,5.0,,21.0,27.0,21.0,6.0,21.0,6.0,21.0,0.0,27.0,,5.0,,16.0,17.0,21.0,21.0,0.0,13.0,3.0,17.0,4.0,3.0,21.0,21.0,21.0,21.0,21.0,14.0,15.0,20.0,0.0,4.0,7.0,0.0,0.0,8.0,20.0,,18.0,21.0,6.0,4.0,,,0.0,5.0,7.0,0.0,13.0,20.0,18.0,56.0,10271.596901420891,34.506284183119725,0.0033593884684421757,0.18812575423276184,56.0,False,60
2200600010087014,22,Querétaro,006,Corregidora,0001,El Pueblito,0087,014,Urbana,140,Típica,64,76,31,9.68,136.0,,,3.0,4.0,,0.0,,6.0,0.0,0.0,,,0.0,15.0,8.0,19.0,72.0,48.0,25.0,106.0,9.0,76.0,136.0,64.0,140.0,,,,4.53,0.99,36.0,3.0,,,5.0,5.0,0.0,120.0,65.0,55.0,6.0,,4.0,43.0,115.0,60.0,55.0,23.0,12.0,11.0,109.0,58.0,51.0,8.0,5.0,3.0,137.0,74.0,63.0,130.0,69.0,61.0,17.0,9.0,8.0,9.0,4.0,5.0,12.0,8.0,4.0,31.0,36.0,30.0,,30.0,5.0,30.0,,37.0,3.0,7.0,,23.0,26.0,30.0,30.0,0.0,12.0,,29.0,6.0,,30.0,28.0,28.0,28.0,30.0,14.0,23.0,20.0,0.0,,18.0,0.0,,12.0,30.0,0.0,27.0,28.0,7.0,0.0,0.0,0.0,0.0,,23.0,0.0,18.0,25.0,30.0,140.0,10452.406661195382,332.3978249628766,0.03180108043412675,4.452151260777745,140.0,False,60
2200600010208016,22,Querétaro,006,Corregidora,0001,El Pueblito,0208,016,Urbana,199,Típica,110,89,53,9.09,199.0,,,,,10.0,,11.0,15.0,,,8.0,6.0,5.0,31.0,20.0,39.0,120.0,48.0,44.0,140.0,15.0,89.0,199.0,110.0,199.0,,,,3.75,0.95,38.0,6.0,,4.0,13.0,8.0,5.0,168.0,76.0,92.0,9.0,4.0,5.0,43.0,155.0,68.0,87.0,26.0,6.0,20.0,146.0,64.0,82.0,8.0,4.0,4.0,193.0,87.0,106.0,187.0,84.0,103.0,22.0,10.0,12.0,17.0,7.0,10.0,24.0,13.0,11.0,53.0,56.0,53.0,4.0,53.0,4.0,52.0,0.0,57.0,4.0,20.0,10.0,33.0,39.0,49.0,52.0,,23.0,,48.0,6.0,8.0,53.0,52.0,53.0,53.0,53.0,25.0,36.0,37.0,0.0,5.0,28.0,0.0,0.0,22.0,51.0,,30.0,49.0,16.0,3.0,,0.0,0.0,8.0,31.0,0.0,27.0,45.0,52.0,199.0,10604.302325712799,184.90718882447356,0.01743699709278559,3.4699624214643325,199.0,False,60
2200600010195025,22,Querétaro,006,Corregidora,0001,El Pueblito,0195,025,Urbana,150,Típica,70,80,18,10.06,100.0,,7.0,11.0,18.0,24.0,13.0,6.0,14.0,0.0,3.0,,14.0,0.0,5.0,39.0,20.0,53.0,76.0,25.0,67.0,58.0,80.0,100.0,70.0,150.0,,,0.0,5.88,1.06,39.0,3.0,,,4.0,,3.0,129.0,65.0,64.0,3.0,,,23.0,125.0,64.0,61.0,8.0,5.0,3.0,122.0,62.0,60.0,7.0,6.0,,147.0,79.0,68.0,142.0,75.0,67.0,65.0,35.0,30.0,11.0,8.0,3.0,12.0,7.0,5.0,18.0,17.0,17.0,,17.0,,15.0,,20.0,0.0,3.0,,14.0,15.0,16.0,17.0,0.0,8.0,7.0,15.0,3.0,3.0,17.0,17.0,17.0,17.0,17.0,8.0,13.0,13.0,0.0,,9.0,0.0,0.0,4.0,17.0,0.0,13.0,17.0,4.0,,0.0,0.0,0.0,3.0,12.0,0.0,11.0,12.0,17.0,150.0,71716.72378074608,667.5774128769712,0.009308531925104432,1.3962797887656648,150.0,False,60
2200600010195008,22,Querétaro,006,Corregidora,0001,El Pueblito,0195,008,Urbana,130,Típica,64,66,33,10.11,130.0,,3.0,0.0,0.0,,0.0,7.0,,0.0,0.0,3.0,0.0,4.0,13.0,9.0,17.0,72.0,36.0,31.0,82.0,17.0,66.0,130.0,64.0,130.0,5.0,,4.0,3.94,0.86,26.0,3.0,,,9.0,,7.0,108.0,52.0,56.0,6.0,3.0,3.0,34.0,99.0,50.0,49.0,16.0,5.0,11.0,93.0,47.0,46.0,5.0,,3.0,127.0,64.0,63.0,126.0,63.0,63.0,21.0,11.0,10.0,14.0,10.0,4.0,20.0,10.0,10.0,33.0,33.0,33.0,,33.0,,30.0,,36.0,,7.0,4.0,26.0,28.0,33.0,33.0,0.0,27.0,9.0,31.0,5.0,3.0,33.0,33.0,33.0,33.0,33.0,22.0,26.0,31.0,0.0,3.0,6.0,0.0,0.0,13.0,33.0,0.0,28.0,31.0,7.0,0.0,0.0,0.0,0.0,9.0,25.0,0.0,21.0,31.0,33.0,130.0,10442.001056112222,208.440550701608,0.019961743882375628,2.5950267047088316,130.0,False,60
2200600010195007,22,Querétaro,006,Corregidora,0001,El Pueblito,0195,007,Urbana,147,Típica,77,70,37,10.21,147.0,,,,3.0,4.0,,4.0,10.0,,,7.0,0.0,6.0,8.0,7.0,21.0,68.0,55.0,29.0,104.0,14.0,70.0,147.0,77.0,147.0,0.0,0.0,0.0,3.97,0.92,47.0,5.0,3.0,,5.0,4.0,,123.0,62.0,61.0,9.0,,7.0,41.0,118.0,58.0,60.0,19.0,11.0,8.0,109.0,56.0,53.0,6.0,,4.0,142.0,67.0,75.0,137.0,65.0,72.0,23.0,11.0,12.0,13.0,3.0,10.0,13.0,5.0,8.0,37.0,36.0,37.0,,37.0,,35.0,0.0,38.0,0.0,7.0,6.0,30.0,31.0,37.0,37.0,0.0,20.0,9.0,33.0,3.0,10.0,37.0,37.0,37.0,37.0,37.0,27.0,27.0,28.0,0.0,0.0,17.0,0.0,0.0,16.0,37.0,0.0,29.0,34.0,9.0,,,0.0,0.0,6.0,25.0,0.0,21.0,30.0,35.0,147.0,10463.237604716538,351.3204893600992,0.03357665214462239,4.935767865259491,147.0,False,60
2200600010759001,22,Querétaro,006,Corregidora,0001,El Pueblito,0759,001,Urbana,137,Típica,67,70,39,13.23,137.0,,,0.0,0.0,,,0.0,,0.0,0.0,4.0,,,,,5.0,113.0,7.0,23.0,101.0,13.0,70.0,137.0,67.0,137.0,20.0,11.0,9.0,3.51,0.79,6.0,,0.0,,6.0,4.0,,120.0,60.0,60.0,11.0,7.0,4.0,40.0,114.0,56.0,58.0,12.0,4.0,8.0,103.0,49.0,54.0,5.0,3.0,,136.0,70.0,66.0,132.0,68.0,64.0,17.0,9.0,8.0,11.0,7.0,4.0,14.0,10.0,4.0,39.0,39.0,39.0,,39.0,,37.0,0.0,41.0,0.0,,0.0,37.0,39.0,39.0,39.0,0.0,34.0,5.0,38.0,,15.0,39.0,39.0,39.0,39.0,39.0,27.0,35.0,37.0,0.0,3.0,5.0,0.0,0.0,32.0,39.0,0.0,29.0,39.0,3.0,0.0,,0.0,0.0,18.0,25.0,0.0,29.0,39.0,38.0,137.0,5977.751773798461,55.31628321384227,0.009253693580302763,1.2677560205014784,137.0,False,60
2200600010034007,22,Querétaro,006,Corregidora,0001,El Pueblito,0034,007,Urbana,21,Típica,10,11,4,8.8,21.0,,,0.0,0.0,0.0,0.0,0.0,0.0,0.0,0.0,0.0,0.0,0.0,0.0,,0.0,10.0,6.0,6.0,12.0,3.0,11.0,21.0,10.0,21.0,0.0,0.0,0.0,5.25,1.24,4.0,3.0,,,,,0.0,16.0,8.0,8.0,0.0,0.0,0.0,3.0,15.0,7.0,8.0,,0.0,,15.0,7.0,8.0,0.0,0.0,0.0,18.0,9.0,9.0,18.0,9.0,9.0,7.0,4.0,3.0,,,,,,0.0,4.0,5.0,4.0,,4.0,,4.0,0.0,5.0,,,0.0,3.0,3.0,3.0,3.0,,,0.0,4.0,,0.0,4.0,3.0,4.0,4.0,4.0,,3.0,4.0,0.0,0.0,,0.0,0.0,,4.0,0.0,3.0,4.0,,0.0,0.0,0.0,0.0,,3.0,0.0,,,4.0,21.0,16153.795944072253,569.2140834218084,0.035237171832090984,0.7399806084739107,21.0,False,60
2200600010087008,22,Querétaro,006,Corregidora,0001,El Pueblito,0087,008,Urbana,116,Típica,60,56,34,8.66,116.0,,0.0,,0.0,5.0,,,7.0,,,4.0,0.0,5.0,12.0,6.0,21.0,77.0,25.0,22.0,89.0,5.0,56.0,116.0,60.0,116.0,,,0.0,3.41,0.79,12.0,5.0,0.0,5.0,9.0,5.0,4.0,103.0,52.0,51.0,,,,33.0,94.0,47.0,47.0,13.0,6.0,7.0,92.0,46.0,46.0,,,0.0,111.0,56.0,55.0,110.0,55.0,55.0,11.0,6.0,5.0,7.0,3.0,4.0,13.0,7.0,6.0,34.0,37.0,34.0,3.0,34.0,0.0,34.0,3.0,37.0,0.0,5.0,,29.0,32.0,32.0,33.0,,25.0,6.0,32.0,6.0,3.0,34.0,33.0,34.0,34.0,34.0,26.0,31.0,32.0,0.0,3.0,9.0,0.0,0.0,22.0,33.0,,27.0,33.0,3.0,,0.0,0.0,0.0,24.0,29.0,0.0,28.0,32.0,34.0,116.0,10410.970247532907,536.5677799424435,0.051538691129157176,5.978488170982232,116.0,False,60
2200600010104019,22,Querétaro,006,Corregidora,0001,El Pueblito,0104,019,Urbana,69,Típica,39,30,26,12.87,69.0,,0.0,0.0,0.0,0.0,0.0,0.0,3.0,0.0,,3.0,,,5.0,0.0,8.0,41.0,15.0,17.0,51.0,,30.0,69.0,39.0,69.0,4.0,3.0,,2.65,0.71,21.0,3.0,,,4.0,3.0,,56.0,25.0,31.0,,,0.0,18.0,52.0,22.0,30.0,4.0,,3.0,51.0,21.0,30.0,,,0.0,66.0,29.0,37.0,65.0,28.0,37.0,3.0,,,8.0,,6.0,11.0,4.0,7.0,26.0,35.0,26.0,10.0,26.0,10.0,25.0,0.0,36.0,0.0,5.0,3.0,21.0,23.0,18.0,26.0,0.0,24.0,4.0,25.0,3.0,8.0,26.0,26.0,26.0,26.0,26.0,19.0,21.0,20.0,0.0,3.0,,0.0,0.0,19.0,26.0,0.0,9.0,26.0,3.0,0.0,,0.0,0.0,13.0,6.0,0.0,4.0,7.0,25.0,69.0,39199.845623094465,503.0618902621374,0.012833262026056554,0.8854950797979022,69.0,False,60
2200600010087002,22,Querétaro,006,Corregidora,0001,El Pueblito,0087,002,Urbana,173,Típica,80,93,46,10.94,173.0,,0.0,,,3.0,0.0,4.0,7.0,,,3.0,4.0,6.0,23.0,7.0,32.0,106.0,45.0,30.0,134.0,9.0,93.0,173.0,80.0,173.0,,,0.0,3.76,0.96,19.0,10.0,9.0,,8.0,5.0,3.0,151.0,76.0,75.0,10.0,5.0,5.0,49.0,143.0,71.0,72.0,27.0,13.0,14.0,133.0,66.0,67.0,7.0,4.0,3.0,163.0,84.0,79.0,158.0,82.0,76.0,13.0,10.0,3.0,5.0,4.0,,11.0,7.0,4.0,46.0,48.0,46.0,,46.0,0.0,46.0,,48.0,3.0,9.0,7.0,37.0,36.0,45.0,46.0,0.0,22.0,7.0,41.0,11.0,5.0,45.0,45.0,46.0,46.0,46.0,26.0,40.0,34.0,0.0,3.0,22.0,0.0,0.0,23.0,45.0,,43.0,42.0,5.0,4.0,,,,19.0,37.0,,30.0,44.0,43.0,173.0,21578.108292332792,31.73738153024926,0.0014708138962082368,0.254450804044025,173.0,False,60
2200600010208005,22,Querétaro,006,Corregidora,0001,El Pueblito,0208,005,Urbana,91,Típica,40,51,23,8.77,91.0,,0.0,0.0,,3.0,,4.0,4.0,,0.0,7.0,,,20.0,5.0,24.0,48.0,28.0,20.0,64.0,7.0,51.0,91.0,40.0,91.0,,0.0,,3.96,1.01,16.0,,,0.0,5.0,3.0,,76.0,42.0,34.0,4.0,,,28.0,71.0,39.0,32.0,8.0,5.0,3.0,67.0,37.0,30.0,4.0,3.0,,90.0,50.0,40.0,88.0,49.0,39.0,13.0,6.0,7.0,10.0,5.0,5.0,9.0,3.0,6.0,23.0,23.0,23.0,,23.0,,22.0,0.0,24.0,,7.0,,16.0,19.0,23.0,23.0,0.0,11.0,,22.0,,,23.0,23.0,23.0,23.0,23.0,15.0,16.0,19.0,0.0,0.0,12.0,0.0,0.0,8.0,20.0,3.0,20.0,21.0,5.0,,0.0,0.0,0.0,,15.0,0.0,8.0,19.0,22.0,91.0,3307.4280326635744,620.1238919035134,0.18749429640774629,17.061980973104912,91.0,False,60
2200600010208017,22,Querétaro,006,Corregidora,0001,El Pueblito,0208,017,Urbana,187,Típica,99,88,51,8.9,187.0,,,0.0,,5.0,0.0,5.0,7.0,,,4.0,9.0,4.0,12.0,10.0,24.0,99.0,44.0,52.0,118.0,17.0,88.0,187.0,99.0,187.0,0.0,0.0,0.0,3.67,0.98,47.0,10.0,3.0,7.0,9.0,6.0,3.0,144.0,72.0,72.0,9.0,0.0,9.0,49.0,135.0,66.0,69.0,19.0,8.0,11.0,126.0,66.0,60.0,12.0,4.0,8.0,177.0,85.0,92.0,169.0,81.0,88.0,20.0,10.0,10.0,21.0,9.0,12.0,23.0,12.0,11.0,51.0,48.0,51.0,,51.0,,47.0,0.0,52.0,6.0,16.0,8.0,35.0,37.0,50.0,51.0,0.0,23.0,6.0,47.0,15.0,5.0,51.0,51.0,51.0,50.0,50.0,26.0,35.0,36.0,0.0,6.0,28.0,0.0,0.0,18.0,51.0,0.0,31.0,42.0,16.0,3.0,4.0,,,5.0,33.0,0.0,22.0,49.0,46.0,187.0,10560.646909178691,497.1184318346724,0.0470727253841435,8.802599646834834,187.0,False,60
2200600010195010,22,Querétaro,006,Corregidora,0001,El Pueblito,0195,010,Urbana,201,Típica,97,104,47,9.33,201.0,,,3.0,,7.0,5.0,,11.0,0.0,0.0,10.0,,8.0,15.0,10.0,24.0,88.0,73.0,54.0,130.0,17.0,104.0,201.0,97.0,201.0,0.0,0.0,0.0,4.28,1.07,65.0,8.0,5.0,3.0,14.0,7.0,7.0,161.0,86.0,75.0,8.0,5.0,3.0,50.0,147.0,79.0,68.0,26.0,12.0,14.0,139.0,74.0,65.0,17.0,6.0,11.0,193.0,99.0,94.0,181.0,95.0,86.0,28.0,15.0,13.0,15.0,7.0,8.0,26.0,11.0,15.0,47.0,42.0,47.0,0.0,47.0,0.0,42.0,0.0,47.0,,12.0,7.0,35.0,39.0,47.0,47.0,0.0,20.0,5.0,40.0,5.0,3.0,47.0,47.0,47.0,47.0,47.0,29.0,30.0,41.0,0.0,,27.0,0.0,0.0,16.0,45.0,,29.0,45.0,16.0,4.0,0.0,0.0,0.0,3.0,28.0,0.0,31.0,42.0,47.0,201.0,10560.055349279593,517.2577649158181,0.04898248615250918,9.845479716654344,201.0,False,60
2200600010087018,22,Querétaro,006,Corregidora,0001,El Pueblito,0087,018,Urbana,132,Típica,59,73,30,9.54,132.0,,,,,3.0,,,5.0,0.0,,5.0,,,4.0,5.0,7.0,58.0,43.0,35.0,79.0,18.0,73.0,132.0,59.0,132.0,,,0.0,4.4,1.11,4.0,11.0,7.0,4.0,4.0,,,101.0,55.0,46.0,5.0,,3.0,36.0,97.0,53.0,44.0,17.0,9.0,8.0,92.0,51.0,41.0,8.0,5.0,3.0,121.0,66.0,55.0,115.0,63.0,52.0,24.0,12.0,12.0,12.0,6.0,6.0,14.0,7.0,7.0,30.0,31.0,30.0,,30.0,,29.0,,32.0,0.0,7.0,5.0,23.0,25.0,30.0,30.0,0.0,18.0,,30.0,9.0,,30.0,30.0,30.0,30.0,30.0,15.0,26.0,26.0,0.0,3.0,11.0,0.0,0.0,12.0,30.0,0.0,24.0,30.0,3.0,0.0,,0.0,0.0,4.0,23.0,0.0,18.0,26.0,29.0,132.0,10591.37996139305,36.14495841943275,0.003412676964775676,0.45047335935038924,132.0,False,60
2200600010693022,22,Querétaro,006,Corregidora,0001,El Pueblito,0693,022,Urbana,33,Típica,15,18,10,13.34,33.0,,,,,,,,,,0.0,0.0,0.0,3.0,5.0,4.0,8.0,21.0,8.0,4.0,25.0,4.0,18.0,33.0,15.0,33.0,0.0,0.0,0.0,3.3,0.85,7.0,0.0,0.0,0.0,0.0,0.0,0.0,29.0,15.0,14.0,0.0,0.0,0.0,9.0,29.0,15.0,14.0,5.0,3.0,,29.0,15.0,14.0,,,,33.0,18.0,15.0,31.0,17.0,14.0,6.0,,4.0,,,0.0,,,0.0,10.0,10.0,10.0,,10.0,,9.0,0.0,11.0,0.0,0.0,0.0,10.0,10.0,10.0,10.0,0.0,10.0,,10.0,5.0,,10.0,10.0,10.0,10.0,10.0,9.0,10.0,10.0,0.0,,0.0,0.0,0.0,8.0,10.0,0.0,4.0,10.0,0.0,0.0,0.0,0.0,0.0,6.0,6.0,0.0,8.0,10.0,9.0,33.0,2174.5722472552666,509.72812728200915,0.23440385939137467,7.735327359915364,33.0,False,60
2200600010195011,22,Querétaro,006,Corregidora,0001,El Pueblito,0195,011,Urbana,195,Típica,98,97,43,9.21,195.0,,,,,4.0,,3.0,7.0,,,4.0,,12.0,5.0,7.0,22.0,99.0,57.0,45.0,127.0,23.0,97.0,195.0,98.0,195.0,,,0.0,4.53,1.04,29.0,9.0,6.0,3.0,6.0,3.0,3.0,156.0,79.0,77.0,9.0,3.0,6.0,52.0,150.0,76.0,74.0,26.0,9.0,17.0,141.0,73.0,68.0,9.0,,7.0,186.0,91.0,95.0,182.0,89.0,93.0,29.0,15.0,14.0,21.0,10.0,11.0,22.0,12.0,10.0,43.0,51.0,43.0,,43.0,6.0,43.0,,51.0,3.0,8.0,4.0,35.0,36.0,43.0,43.0,0.0,27.0,5.0,39.0,11.0,8.0,43.0,43.0,43.0,43.0,43.0,33.0,33.0,34.0,0.0,4.0,14.0,0.0,0.0,23.0,43.0,0.0,31.0,41.0,8.0,,3.0,,0.0,12.0,35.0,0.0,27.0,42.0,39.0,195.0,10434.683746524366,485.50894539081503,0.046528381423397776,9.073034377562566,195.0,False,60
2200600010195013,22,Querétaro,006,Corregidora,0001,El Pueblito,0195,013,Urbana,188,Típica,92,96,35,10.08,188.0,,,,0.0,9.0,0.0,3.0,9.0,0.0,0.0,6.0,0.0,8.0,6.0,14.0,22.0,102.0,48.0,47.0,119.0,22.0,96.0,188.0,92.0,188.0,3.0,3.0,0.0,5.37,1.03,44.0,10.0,4.0,6.0,9.0,3.0,6.0,150.0,79.0,71.0,7.0,,6.0,52.0,141.0,76.0,65.0,19.0,11.0,8.0,134.0,75.0,59.0,6.0,3.0,3.0,178.0,92.0,86.0,176.0,91.0,85.0,28.0,12.0,16.0,22.0,10.0,12.0,25.0,10.0,15.0,35.0,37.0,35.0,,35.0,,34.0,,38.0,,3.0,0.0,32.0,34.0,34.0,34.0,,22.0,13.0,34.0,5.0,5.0,35.0,33.0,34.0,34.0,35.0,20.0,30.0,31.0,0.0,3.0,13.0,0.0,,18.0,35.0,0.0,30.0,34.0,5.0,0.0,0.0,0.0,0.0,5.0,30.0,0.0,26.0,30.0,34.0,188.0,10858.546874069525,503.0793224094931,0.046330262073174706,8.710089269756844,188.0,False,60
2200600010195014,22,Querétaro,006,Corregidora,0001,El Pueblito,0195,014,Urbana,120,Típica,54,66,30,10.02,120.0,,,0.0,,4.0,,4.0,8.0,0.0,0.0,6.0,3.0,6.0,14.0,8.0,22.0,66.0,35.0,26.0,78.0,16.0,66.0,120.0,54.0,120.0,9.0,5.0,4.0,4.0,0.87,22.0,3.0,0.0,3.0,7.0,,5.0,101.0,57.0,44.0,3.0,0.0,3.0,34.0,94.0,55.0,39.0,13.0,6.0,7.0,91.0,55.0,36.0,4.0,,,117.0,66.0,51.0,113.0,64.0,49.0,19.0,13.0,6.0,12.0,7.0,5.0,16.0,7.0,9.0,30.0,30.0,30.0,,30.0,,29.0,0.0,31.0,0.0,,4.0,28.0,26.0,30.0,30.0,0.0,20.0,6.0,26.0,10.0,3.0,30.0,30.0,30.0,30.0,30.0,20.0,24.0,25.0,0.0,0.0,10.0,0.0,0.0,14.0,29.0,,23.0,30.0,5.0,,0.0,0.0,0.0,8.0,20.0,0.0,17.0,27.0,30.0,120.0,10702.25324952775,423.918141502106,0.03961017662526458,4.75322119503175,120.0,False,60
2200600010208003,22,Querétaro,006,Corregidora,0001,El Pueblito,0208,003,Urbana,114,Típica,48,66,28,10.1,114.0,,,,4.0,6.0,,5.0,6.0,0.0,,,5.0,4.0,6.0,9.0,14.0,75.0,19.0,26.0,80.0,8.0,66.0,114.0,48.0,114.0,0.0,0.0,0.0,4.07,0.93,19.0,4.0,,3.0,6.0,3.0,3.0,94.0,54.0,40.0,4.0,3.0,,35.0,88.0,51.0,37.0,16.0,6.0,10.0,84.0,48.0,36.0,3.0,,,110.0,65.0,45.0,107.0,63.0,44.0,14.0,8.0,6.0,13.0,9.0,4.0,18.0,11.0,7.0,28.0,31.0,28.0,4.0,28.0,4.0,27.0,0.0,32.0,,7.0,3.0,21.0,24.0,28.0,28.0,0.0,14.0,3.0,26.0,3.0,5.0,28.0,28.0,28.0,28.0,28.0,17.0,24.0,26.0,0.0,4.0,14.0,0.0,0.0,14.0,28.0,0.0,17.0,27.0,4.0,0.0,,0.0,0.0,4.0,19.0,0.0,19.0,26.0,25.0,114.0,10626.086059406021,604.0340177110755,0.0568444500010797,6.480267300123085,114.0,False,60
2200600010208011,22,Querétaro,006,Corregidora,0001,El Pueblito,0208,011,Urbana,151,Típica,73,78,44,8.63,151.0,,3.0,0.0,3.0,3.0,0.0,6.0,9.0,3.0,,5.0,,8.0,13.0,11.0,26.0,88.0,37.0,38.0,97.0,16.0,78.0,151.0,73.0,151.0,4.0,,,3.43,1.11,27.0,5.0,3.0,,12.0,8.0,4.0,125.0,62.0,63.0,8.0,5.0,3.0,37.0,113.0,54.0,59.0,19.0,7.0,12.0,105.0,49.0,56.0,4.0,,,146.0,75.0,71.0,142.0,73.0,69.0,20.0,10.0,10.0,17.0,11.0,6.0,25.0,17.0,8.0,44.0,46.0,44.0,3.0,44.0,3.0,43.0,0.0,47.0,6.0,19.0,15.0,25.0,23.0,41.0,43.0,,19.0,5.0,39.0,9.0,,44.0,43.0,44.0,44.0,44.0,21.0,29.0,33.0,0.0,,25.0,0.0,0.0,11.0,43.0,,33.0,38.0,15.0,4.0,,,0.0,6.0,30.0,0.0,24.0,39.0,42.0,151.0,10785.27900362706,462.2367360339062,0.04285811575931019,6.471575479655839,151.0,False,60
2200600010195001,22,Querétaro,006,Corregidora,0001,El Pueblito,0195,001,Urbana,152,Típica,83,69,36,9.67,152.0,,3.0,0.0,,5.0,,6.0,6.0,0.0,0.0,,0.0,,9.0,11.0,13.0,83.0,50.0,28.0,110.0,14.0,69.0,152.0,83.0,152.0,0.0,0.0,0.0,4.22,1.04,54.0,6.0,,4.0,9.0,6.0,3.0,133.0,61.0,72.0,4.0,0.0,4.0,39.0,124.0,55.0,69.0,32.0,12.0,20.0,120.0,55.0,65.0,6.0,3.0,3.0,146.0,67.0,79.0,143.0,65.0,78.0,19.0,8.0,11.0,7.0,3.0,4.0,13.0,9.0,4.0,36.0,37.0,36.0,4.0,36.0,4.0,33.0,0.0,40.0,,9.0,3.0,27.0,31.0,36.0,36.0,0.0,18.0,,31.0,6.0,8.0,36.0,36.0,36.0,36.0,36.0,22.0,26.0,32.0,0.0,,18.0,0.0,0.0,19.0,35.0,,22.0,35.0,7.0,,0.0,0.0,0.0,12.0,27.0,0.0,21.0,33.0,35.0,152.0,10630.171659187656,75.67375080861653,0.007118770348662406,1.0820530929966858,152.0,False,60
2200600010208004,22,Querétaro,006,Corregidora,0001,El Pueblito,0208,004,Urbana,227,Típica,104,123,62,9.55,227.0,,3.0,,3.0,5.0,,13.0,8.0,,0.0,3.0,11.0,7.0,23.0,20.0,32.0,145.0,42.0,52.0,159.0,16.0,123.0,227.0,104.0,227.0,0.0,0.0,0.0,3.66,1.0,47.0,7.0,4.0,3.0,12.0,4.0,8.0,187.0,99.0,88.0,14.0,6.0,8.0,69.0,175.0,95.0,80.0,36.0,18.0,18.0,161.0,89.0,72.0,14.0,9.0,5.0,220.0,119.0,101.0,208.0,111.0,97.0,22.0,12.0,10.0,19.0,11.0,8.0,26.0,13.0,13.0,62.0,57.0,62.0,,62.0,0.0,56.0,,63.0,8.0,21.0,11.0,41.0,43.0,62.0,62.0,0.0,27.0,12.0,55.0,20.0,8.0,61.0,61.0,62.0,58.0,58.0,28.0,42.0,45.0,0.0,,35.0,0.0,0.0,24.0,59.0,3.0,40.0,53.0,18.0,6.0,,0.0,0.0,7.0,41.0,,30.0,50.0,57.0,227.0,10569.237636923039,704.587315087171,0.06666396757186485,15.132720638813321,227.0,False,60
2200600010759013,22,Querétaro,006,Corregidora,0001,El Pueblito,0759,013,Urbana,112,Típica,60,52,30,9.9,112.0,,,0.0,0.0,0.0,0.0,0.0,3.0,0.0,,,,,3.0,,6.0,78.0,14.0,25.0,84.0,3.0,52.0,112.0,60.0,112.0,0.0,0.0,0.0,3.73,1.08,29.0,5.0,,3.0,5.0,,4.0,92.0,42.0,50.0,6.0,4.0,,33.0,87.0,41.0,46.0,13.0,8.0,5.0,81.0,37.0,44.0,3.0,,,107.0,50.0,57.0,106.0,49.0,57.0,4.0,,3.0,12.0,6.0,6.0,12.0,4.0,8.0,30.0,32.0,30.0,,30.0,,29.0,,33.0,,11.0,6.0,19.0,22.0,14.0,30.0,0.0,18.0,4.0,27.0,7.0,4.0,30.0,30.0,30.0,30.0,30.0,14.0,19.0,24.0,0.0,,12.0,0.0,0.0,12.0,29.0,,23.0,28.0,8.0,,,0.0,0.0,7.0,15.0,0.0,9.0,29.0,29.0,112.0,4887.109260495104,21.357371987864173,0.004370144158737409,0.4894561457785898,112.0,False,60
2200600010087019,22,Querétaro,006,Corregidora,0001,El Pueblito,0087,019,Urbana,50,Típica,22,28,18,8.46,50.0,,0.0,0.0,0.0,0.0,0.0,0.0,3.0,3.0,3.0,5.0,,4.0,4.0,0.0,6.0,28.0,11.0,13.0,33.0,4.0,28.0,50.0,22.0,50.0,0.0,0.0,0.0,2.78,0.82,5.0,3.0,,,,,,39.0,18.0,21.0,,,,12.0,37.0,17.0,20.0,,0.0,,35.0,16.0,19.0,,,0.0,47.0,26.0,21.0,45.0,24.0,21.0,5.0,,3.0,6.0,6.0,0.0,5.0,4.0,,18.0,18.0,18.0,,18.0,,17.0,0.0,19.0,0.0,,3.0,16.0,15.0,18.0,18.0,0.0,12.0,,13.0,8.0,,18.0,18.0,18.0,18.0,18.0,13.0,5.0,17.0,0.0,,6.0,0.0,0.0,6.0,18.0,0.0,14.0,18.0,10.0,5.0,,,0.0,4.0,6.0,0.0,5.0,17.0,16.0,50.0,5790.570886717245,411.888570634923,0.07113090897129631,3.556545448564816,50.0,False,60
2200600010195019,22,Querétaro,006,Corregidora,0001,El Pueblito,0195,019,Urbana,64,Típica,37,27,13,10.49,64.0,,0.0,0.0,,,0.0,3.0,,0.0,,,0.0,,5.0,4.0,11.0,39.0,16.0,13.0,47.0,4.0,27.0,64.0,37.0,64.0,0.0,0.0,0.0,4.92,1.05,5.0,,0.0,,4.0,,3.0,55.0,23.0,32.0,,,0.0,11.0,51.0,22.0,29.0,14.0,,12.0,50.0,21.0,29.0,3.0,,,63.0,27.0,36.0,61.0,27.0,34.0,6.0,4.0,,5.0,3.0,,7.0,4.0,3.0,13.0,14.0,13.0,,13.0,,12.0,0.0,15.0,0.0,,,11.0,11.0,13.0,13.0,0.0,10.0,4.0,13.0,,,13.0,13.0,13.0,13.0,13.0,6.0,10.0,12.0,0.0,0.0,3.0,0.0,0.0,6.0,13.0,0.0,9.0,13.0,3.0,0.0,0.0,0.0,0.0,3.0,11.0,0.0,9.0,11.0,13.0,64.0,13213.081969639627,18.37775299774215,0.0013908755761880272,0.08901603687603374,64.0,False,60
2200600010195012,22,Querétaro,006,Corregidora,0001,El Pueblito,0195,012,Urbana,181,Típica,86,95,43,9.64,181.0,,3.0,,,,0.0,,5.0,0.0,0.0,6.0,,7.0,11.0,6.0,20.0,88.0,59.0,42.0,118.0,21.0,95.0,181.0,86.0,181.0,0.0,0.0,0.0,4.21,0.89,29.0,8.0,4.0,4.0,9.0,6.0,3.0,148.0,77.0,71.0,7.0,,5.0,47.0,139.0,71.0,68.0,21.0,7.0,14.0,132.0,69.0,63.0,11.0,6.0,5.0,173.0,91.0,82.0,165.0,87.0,78.0,29.0,16.0,13.0,14.0,8.0,6.0,20.0,13.0,7.0,43.0,44.0,43.0,3.0,43.0,3.0,41.0,0.0,46.0,0.0,8.0,9.0,35.0,34.0,43.0,43.0,0.0,25.0,0.0,40.0,6.0,,43.0,43.0,43.0,43.0,43.0,28.0,35.0,38.0,0.0,5.0,18.0,0.0,0.0,21.0,43.0,0.0,37.0,41.0,7.0,0.0,,0.0,0.0,6.0,33.0,0.0,30.0,40.0,41.0,181.0,9779.307069614988,613.7820306330747,0.0627633457323515,11.360165577555621,181.0,False,60
2200600010195003,22,Querétaro,006,Corregidora,0001,El Pueblito,0195,003,Urbana,168,Típica,80,88,43,10.12,168.0,,,0.0,,11.0,3.0,7.0,3.0,0.0,0.0,6.0,0.0,5.0,11.0,20.0,15.0,78.0,61.0,35.0,107.0,26.0,88.0,168.0,80.0,168.0,,,0.0,3.91,0.9,44.0,5.0,,3.0,7.0,4.0,3.0,140.0,76.0,64.0,5.0,,3.0,47.0,133.0,72.0,61.0,18.0,8.0,10.0,128.0,70.0,58.0,10.0,4.0,6.0,163.0,86.0,77.0,155.0,83.0,72.0,34.0,19.0,15.0,13.0,6.0,7.0,15.0,8.0,7.0,43.0,42.0,43.0,,43.0,,40.0,0.0,45.0,0.0,6.0,3.0,37.0,40.0,43.0,43.0,0.0,26.0,4.0,40.0,9.0,7.0,43.0,43.0,43.0,43.0,42.0,25.0,33.0,36.0,,6.0,17.0,0.0,0.0,19.0,43.0,0.0,34.0,40.0,10.0,,,0.0,0.0,10.0,32.0,0.0,30.0,41.0,40.0,168.0,10812.488857773253,54.79057372550193,0.005067341520182211,0.8513133753906115,168.0,False,60
2200600010195004,22,Querétaro,006,Corregidora,0001,El Pueblito,0195,004,Urbana,68,Típica,37,31,20,10.77,68.0,,,0.0,0.0,0.0,,0.0,8.0,0.0,0.0,5.0,,3.0,7.0,,11.0,38.0,26.0,4.0,55.0,9.0,31.0,68.0,37.0,68.0,0.0,0.0,0.0,3.4,0.87,25.0,0.0,0.0,0.0,0.0,0.0,0.0,64.0,29.0,35.0,,,,13.0,64.0,29.0,35.0,10.0,4.0,6.0,62.0,28.0,34.0,,,0.0,68.0,31.0,37.0,68.0,31.0,37.0,15.0,8.0,7.0,,0.0,,,0.0,,20.0,17.0,20.0,0.0,20.0,0.0,17.0,0.0,20.0,,6.0,3.0,14.0,15.0,20.0,20.0,0.0,9.0,,19.0,5.0,0.0,20.0,20.0,20.0,20.0,20.0,13.0,16.0,15.0,0.0,4.0,11.0,0.0,0.0,10.0,19.0,,15.0,20.0,3.0,0.0,0.0,0.0,0.0,,12.0,0.0,12.0,20.0,20.0,68.0,10378.991353016287,0.25341624001575724,2.4416268536740883e-05,0.00166030626049838,68.0,False,60
2200600010195006,22,Querétaro,006,Corregidora,0001,El Pueblito,0195,006,Urbana,150,Típica,70,80,38,10.57,150.0,,0.0,,0.0,4.0,3.0,,6.0,0.0,0.0,5.0,3.0,8.0,11.0,5.0,17.0,76.0,50.0,29.0,108.0,13.0,80.0,150.0,70.0,150.0,0.0,0.0,0.0,3.95,0.99,43.0,3.0,,,5.0,,4.0,126.0,65.0,61.0,5.0,3.0,,41.0,121.0,64.0,57.0,23.0,13.0,10.0,116.0,61.0,55.0,11.0,6.0,5.0,147.0,79.0,68.0,140.0,75.0,65.0,15.0,8.0,7.0,10.0,8.0,,10.0,5.0,5.0,38.0,38.0,38.0,,38.0,,36.0,,40.0,4.0,9.0,5.0,29.0,29.0,38.0,38.0,0.0,18.0,8.0,30.0,,5.0,38.0,38.0,38.0,38.0,38.0,21.0,30.0,32.0,0.0,,19.0,0.0,0.0,24.0,34.0,4.0,34.0,37.0,7.0,3.0,0.0,0.0,0.0,10.0,28.0,0.0,29.0,34.0,38.0,150.0,10576.186958219632,126.82830553042615,0.011991874390217483,1.7987811585326225,150.0,False,60
2200600010208010,22,Querétaro,006,Corregidora,0001,El Pueblito,0208,010,Urbana,100,Típica,47,53,23,10.15,100.0,,0.0,0.0,0.0,3.0,0.0,3.0,6.0,0.0,0.0,,,4.0,5.0,6.0,9.0,53.0,26.0,29.0,69.0,,53.0,100.0,47.0,100.0,3.0,,,4.35,1.02,35.0,5.0,0.0,5.0,8.0,,6.0,79.0,42.0,37.0,3.0,,,27.0,71.0,40.0,31.0,11.0,3.0,8.0,68.0,38.0,30.0,5.0,3.0,,95.0,53.0,42.0,90.0,50.0,40.0,4.0,3.0,,11.0,8.0,3.0,15.0,7.0,8.0,23.0,24.0,23.0,,23.0,,22.0,,25.0,,8.0,5.0,15.0,17.0,22.0,23.0,0.0,11.0,3.0,22.0,5.0,3.0,23.0,23.0,23.0,23.0,23.0,13.0,21.0,20.0,0.0,,12.0,0.0,0.0,10.0,23.0,0.0,14.0,22.0,,0.0,0.0,0.0,0.0,6.0,19.0,0.0,17.0,19.0,21.0,100.0,10561.002280330658,433.1676167679192,0.041015767752902804,4.1015767752902805,100.0,False,60
2200600010087016,22,Querétaro,006,Corregidora,0001,El Pueblito,0087,016,Urbana,97,Típica,42,55,22,10.33,97.0,,0.0,0.0,0.0,,,,6.0,,,4.0,0.0,5.0,6.0,3.0,13.0,59.0,23.0,22.0,66.0,9.0,55.0,97.0,42.0,97.0,0.0,0.0,0.0,4.41,0.88,10.0,4.0,,3.0,7.0,5.0,,82.0,44.0,38.0,3.0,0.0,3.0,26.0,75.0,39.0,36.0,11.0,5.0,6.0,72.0,39.0,33.0,5.0,4.0,,93.0,54.0,39.0,89.0,51.0,38.0,14.0,9.0,5.0,6.0,6.0,0.0,12.0,10.0,,22.0,27.0,22.0,,22.0,4.0,21.0,,28.0,,3.0,,19.0,20.0,21.0,22.0,0.0,12.0,,21.0,6.0,,22.0,22.0,22.0,22.0,22.0,14.0,19.0,19.0,0.0,,9.0,0.0,0.0,14.0,22.0,0.0,17.0,19.0,,,,0.0,0.0,7.0,16.0,0.0,13.0,21.0,21.0,97.0,10589.403251353197,74.32462603409532,0.007018773793943256,0.6808210580124958,97.0,False,60
2200600010744014,22,Querétaro,006,Corregidora,0001,El Pueblito,0744,014,Urbana,37,Típica,19,18,17,13.19,37.0,,0.0,0.0,0.0,0.0,0.0,0.0,,0.0,0.0,,0.0,0.0,0.0,0.0,,23.0,10.0,6.0,23.0,8.0,18.0,37.0,19.0,37.0,0.0,0.0,0.0,2.18,0.53,,0.0,0.0,0.0,,,,33.0,17.0,16.0,,,,11.0,31.0,16.0,15.0,3.0,,,29.0,15.0,14.0,,,,37.0,18.0,19.0,37.0,18.0,19.0,9.0,4.0,5.0,,0.0,,,,,17.0,19.0,17.0,3.0,17.0,3.0,16.0,0.0,20.0,0.0,9.0,0.0,8.0,17.0,17.0,17.0,0.0,12.0,0.0,17.0,0.0,7.0,17.0,17.0,17.0,17.0,17.0,13.0,16.0,15.0,0.0,,4.0,0.0,0.0,13.0,17.0,0.0,15.0,17.0,,0.0,0.0,0.0,0.0,12.0,11.0,0.0,7.0,17.0,17.0,37.0,1928.3731179224574,517.9430245732837,0.26859066835120177,9.937854728994465,37.0,False,60
220060001002A008,22,Querétaro,006,Corregidora,0001,El Pueblito,002A,008,Urbana,478,Típica,240,238,136,10.96,478.0,,6.0,4.0,8.0,17.0,5.0,9.0,12.0,0.0,0.0,8.0,11.0,,12.0,29.0,25.0,255.0,172.0,73.0,339.0,66.0,238.0,478.0,240.0,478.0,5.0,,4.0,3.51,0.77,119.0,12.0,6.0,6.0,22.0,6.0,16.0,427.0,209.0,218.0,21.0,10.0,11.0,120.0,405.0,203.0,202.0,63.0,24.0,39.0,384.0,193.0,191.0,12.0,8.0,4.0,466.0,232.0,234.0,458.0,226.0,232.0,89.0,47.0,42.0,27.0,15.0,12.0,42.0,19.0,23.0,136.0,134.0,136.0,,136.0,9.0,124.0,,146.0,,25.0,11.0,111.0,123.0,135.0,136.0,0.0,71.0,40.0,125.0,26.0,18.0,136.0,136.0,136.0,136.0,136.0,94.0,101.0,113.0,0.0,19.0,59.0,0.0,0.0,72.0,132.0,4.0,106.0,130.0,32.0,5.0,,0.0,0.0,28.0,89.0,0.0,91.0,124.0,129.0,478.0,50252.33332896747,350.704298292402,0.006978865956264799,3.335897927094574,478.0,False,60
2200600010087013,22,Querétaro,006,Corregidora,0001,El Pueblito,0087,013,Urbana,98,Típica,47,51,30,7.51,98.0,,,,,0.0,,0.0,5.0,6.0,4.0,8.0,,5.0,13.0,3.0,22.0,64.0,20.0,18.0,74.0,6.0,51.0,98.0,47.0,98.0,3.0,,,3.27,0.89,9.0,6.0,5.0,,4.0,,,84.0,42.0,42.0,5.0,,3.0,31.0,80.0,40.0,40.0,14.0,7.0,7.0,75.0,38.0,37.0,3.0,,,92.0,46.0,46.0,91.0,45.0,46.0,8.0,4.0,4.0,5.0,,3.0,7.0,4.0,3.0,30.0,32.0,30.0,,30.0,,30.0,0.0,32.0,0.0,,7.0,29.0,23.0,30.0,30.0,0.0,18.0,3.0,24.0,4.0,3.0,30.0,30.0,30.0,30.0,30.0,12.0,15.0,27.0,0.0,3.0,12.0,0.0,0.0,9.0,30.0,0.0,20.0,30.0,14.0,6.0,5.0,4.0,0.0,5.0,11.0,0.0,16.0,27.0,25.0,98.0,10645.132763454958,443.478102780694,0.04166017584141053,4.082697232458232,98.0,False,60
2200600010087012,22,Querétaro,006,Corregidora,0001,El Pueblito,0087,012,Urbana,113,Típica,59,54,29,9.43,113.0,,,,3.0,5.0,3.0,,,,,3.0,,3.0,5.0,5.0,11.0,69.0,19.0,32.0,72.0,9.0,54.0,113.0,59.0,113.0,0.0,0.0,0.0,3.9,1.11,12.0,9.0,6.0,3.0,7.0,,5.0,88.0,44.0,44.0,3.0,,,29.0,81.0,42.0,39.0,12.0,8.0,4.0,78.0,40.0,38.0,4.0,,,104.0,48.0,56.0,101.0,46.0,55.0,11.0,6.0,5.0,12.0,,10.0,14.0,,12.0,29.0,30.0,29.0,,29.0,0.0,28.0,,31.0,,8.0,5.0,21.0,22.0,29.0,29.0,0.0,14.0,10.0,25.0,6.0,,29.0,29.0,29.0,29.0,29.0,18.0,20.0,20.0,0.0,9.0,13.0,0.0,0.0,12.0,29.0,0.0,26.0,28.0,8.0,4.0,,,0.0,12.0,18.0,0.0,19.0,29.0,26.0,113.0,10628.025992246705,104.02139967991789,0.009787461919626747,1.1059831969178224,113.0,False,60
2200600010087011,22,Querétaro,006,Corregidora,0001,El Pueblito,0087,011,Urbana,79,Típica,38,41,24,10.63,79.0,,0.0,0.0,,,,,3.0,4.0,3.0,5.0,0.0,4.0,8.0,3.0,11.0,47.0,18.0,17.0,56.0,6.0,41.0,79.0,38.0,79.0,0.0,0.0,0.0,3.29,0.78,10.0,3.0,,,3.0,,,65.0,32.0,33.0,3.0,,,20.0,62.0,31.0,31.0,5.0,,3.0,59.0,30.0,29.0,4.0,3.0,,76.0,39.0,37.0,73.0,37.0,36.0,8.0,4.0,4.0,7.0,4.0,3.0,10.0,5.0,5.0,24.0,26.0,24.0,,24.0,,23.0,,27.0,0.0,5.0,3.0,19.0,21.0,24.0,24.0,0.0,21.0,10.0,24.0,6.0,4.0,24.0,24.0,24.0,24.0,24.0,19.0,23.0,20.0,0.0,6.0,3.0,0.0,0.0,20.0,23.0,,20.0,24.0,,0.0,,0.0,0.0,15.0,21.0,0.0,20.0,23.0,21.0,79.0,10826.723782123245,397.37937548252336,0.03670356642317448,2.899581747430784,79.0,False,60
2200600010034002,22,Querétaro,006,Corregidora,0001,El Pueblito,0034,002,Urbana,685,Típica,317,368,204,12.11,685.0,,9.0,4.0,9.0,16.0,7.0,10.0,33.0,3.0,4.0,33.0,12.0,26.0,48.0,31.0,103.0,362.0,244.0,110.0,500.0,75.0,368.0,685.0,317.0,685.0,3.0,,,3.36,0.78,129.0,11.0,6.0,5.0,31.0,12.0,19.0,606.0,327.0,279.0,35.0,15.0,20.0,200.0,575.0,315.0,260.0,88.0,47.0,41.0,540.0,300.0,240.0,20.0,8.0,12.0,674.0,362.0,312.0,663.0,358.0,305.0,107.0,61.0,46.0,48.0,27.0,21.0,66.0,33.0,33.0,204.0,243.0,204.0,40.0,204.0,33.0,203.0,7.0,244.0,10.0,44.0,20.0,160.0,174.0,201.0,204.0,0.0,145.0,88.0,192.0,97.0,41.0,204.0,202.0,202.0,202.0,204.0,140.0,169.0,181.0,0.0,20.0,56.0,0.0,,142.0,204.0,0.0,174.0,199.0,26.0,4.0,4.0,,0.0,83.0,123.0,0.0,144.0,187.0,196.0,685.0,206234.34636244093,516.5830855244666,0.002504835371197636,1.7158122292703806,685.0,False,60
2200600010689046,22,Querétaro,006,Corregidora,0001,El Pueblito,0689,046,Urbana,0,Típica,0,0,0,0.0,0.0,,0.0,0.0,0.0,0.0,0.0,0.0,0.0,0.0,0.0,0.0,0.0,0.0,0.0,0.0,0.0,0.0,0.0,0.0,0.0,0.0,0.0,0.0,0.0,0.0,0.0,0.0,0.0,0.0,0.0,0.0,0.0,0.0,0.0,0.0,0.0,0.0,0.0,0.0,0.0,0.0,0.0,0.0,0.0,0.0,0.0,0.0,0.0,0.0,0.0,0.0,0.0,0.0,0.0,0.0,0.0,0.0,0.0,0.0,0.0,0.0,0.0,0.0,0.0,0.0,0.0,0.0,0.0,0.0,0.0,0.0,0.0,0.0,0.0,0.0,0.0,0.0,0.0,0.0,0.0,0.0,0.0,0.0,0.0,0.0,0.0,0.0,0.0,0.0,0.0,0.0,0.0,0.0,0.0,0.0,0.0,0.0,0.0,0.0,0.0,0.0,0.0,0.0,0.0,0.0,0.0,0.0,0.0,0.0,0.0,0.0,0.0,0.0,0.0,0.0,0.0,0.0,0.0,0.0,0.0,0.0,0.0,0.0,11735.105654993748,746.7376859159122,0.06363280466913786,0.0,0.0,False,60
2200600010104026,22,Querétaro,006,Corregidora,0001,El Pueblito,0104,026,Urbana,1,Típica,0,0,1,,,,,,,,,,,,,,,,,,,,,,,,,,,1.0,,,,,,,,,,,,,,,,,,,,,,,,,,,,,,,,,,,,,,,,,,,,,,,1.0,,,,,,,,1.0,,,,,,,,,,,,,,,,,,,,,,,,,,,,,,,,,,,,,,,,,,,1.0,144554.53565636126,183.00578102180157,0.0012659981936287879,0.0012659981936287879,1.0,False,60
2200600010034008,22,Querétaro,006,Corregidora,0001,El Pueblito,0034,008,Urbana,184,Típica,97,87,49,9.55,184.0,,0.0,0.0,0.0,7.0,0.0,,4.0,,,,0.0,,13.0,7.0,17.0,105.0,52.0,35.0,137.0,12.0,87.0,184.0,97.0,184.0,3.0,,,3.76,1.15,43.0,9.0,3.0,6.0,8.0,6.0,,157.0,73.0,84.0,9.0,3.0,6.0,45.0,149.0,67.0,82.0,20.0,8.0,12.0,140.0,64.0,76.0,4.0,3.0,,175.0,84.0,91.0,172.0,82.0,90.0,21.0,11.0,10.0,14.0,8.0,6.0,20.0,13.0,7.0,49.0,54.0,49.0,9.0,49.0,3.0,45.0,6.0,58.0,9.0,19.0,10.0,30.0,30.0,49.0,49.0,0.0,16.0,16.0,42.0,3.0,3.0,49.0,49.0,49.0,49.0,49.0,25.0,30.0,26.0,0.0,8.0,30.0,0.0,0.0,17.0,48.0,,39.0,41.0,15.0,3.0,3.0,0.0,0.0,5.0,25.0,0.0,25.0,33.0,43.0,184.0,32039.910861379685,631.4272756348813,0.019707522856937533,3.626184205676506,184.0,False,60
220060001002A002,22,Querétaro,006,Corregidora,0001,El Pueblito,002A,002,Urbana,90,Típica,43,47,28,9.88,90.0,,0.0,0.0,,0.0,0.0,0.0,,,0.0,,,,,,6.0,46.0,31.0,17.0,59.0,14.0,47.0,90.0,43.0,90.0,4.0,,3.0,3.21,0.84,33.0,,0.0,,4.0,,3.0,77.0,42.0,35.0,8.0,3.0,5.0,22.0,73.0,41.0,32.0,7.0,4.0,3.0,65.0,38.0,27.0,3.0,,,88.0,47.0,41.0,86.0,46.0,40.0,19.0,14.0,5.0,8.0,4.0,4.0,9.0,3.0,6.0,28.0,23.0,28.0,0.0,28.0,0.0,23.0,0.0,28.0,3.0,9.0,4.0,19.0,21.0,28.0,28.0,0.0,18.0,17.0,28.0,12.0,3.0,28.0,28.0,28.0,28.0,28.0,20.0,21.0,24.0,0.0,5.0,10.0,0.0,0.0,14.0,28.0,0.0,25.0,27.0,6.0,0.0,0.0,0.0,0.0,8.0,20.0,0.0,17.0,25.0,28.0,90.0,18218.903156051303,1220.29097313777,0.06697938743543172,6.028144869188854,90.0,False,60
2200600010087022,22,Querétaro,006,Corregidora,0001,El Pueblito,0087,022,Urbana,153,Típica,86,67,34,8.75,153.0,,3.0,0.0,0.0,0.0,,,6.0,,,5.0,5.0,,3.0,3.0,11.0,82.0,43.0,40.0,99.0,14.0,67.0,153.0,86.0,153.0,,,0.0,4.5,1.12,36.0,4.0,,,12.0,5.0,7.0,125.0,52.0,73.0,4.0,0.0,4.0,26.0,113.0,47.0,66.0,19.0,6.0,13.0,109.0,47.0,62.0,8.0,4.0,4.0,149.0,65.0,84.0,143.0,61.0,82.0,23.0,11.0,12.0,16.0,9.0,7.0,23.0,11.0,12.0,34.0,36.0,34.0,,34.0,,33.0,,37.0,0.0,7.0,7.0,27.0,27.0,34.0,34.0,0.0,16.0,,29.0,5.0,4.0,34.0,34.0,34.0,34.0,34.0,18.0,30.0,28.0,0.0,0.0,18.0,0.0,0.0,13.0,34.0,0.0,28.0,33.0,3.0,,0.0,0.0,0.0,4.0,24.0,0.0,21.0,29.0,33.0,153.0,10506.43991259229,374.97116609087624,0.03568965027263534,5.460516491713207,153.0,False,60
2200600010087021,22,Querétaro,006,Corregidora,0001,El Pueblito,0087,021,Urbana,193,Típica,99,94,43,9.86,193.0,,,,,0.0,,,7.0,3.0,0.0,,5.0,9.0,18.0,5.0,29.0,111.0,42.0,50.0,133.0,10.0,94.0,193.0,99.0,193.0,3.0,,,4.49,1.1,33.0,7.0,4.0,3.0,11.0,5.0,6.0,154.0,77.0,77.0,13.0,6.0,7.0,52.0,143.0,72.0,71.0,21.0,11.0,10.0,130.0,66.0,64.0,5.0,,3.0,186.0,90.0,96.0,184.0,89.0,95.0,15.0,7.0,8.0,27.0,11.0,16.0,31.0,13.0,18.0,43.0,64.0,43.0,,43.0,19.0,43.0,,64.0,,7.0,6.0,36.0,35.0,43.0,43.0,0.0,24.0,6.0,42.0,7.0,7.0,43.0,43.0,43.0,43.0,43.0,28.0,35.0,38.0,0.0,3.0,18.0,0.0,0.0,22.0,43.0,0.0,34.0,41.0,7.0,0.0,0.0,0.0,0.0,12.0,31.0,0.0,27.0,40.0,43.0,193.0,10611.342131871625,310.4784933370162,0.02925911628129307,5.647009442289563,193.0,False,60
2200600010087020,22,Querétaro,006,Corregidora,0001,El Pueblito,0087,020,Urbana,38,Típica,15,23,32,5.78,38.0,,0.0,0.0,0.0,0.0,,,12.0,14.0,15.0,10.0,,15.0,11.0,,22.0,33.0,3.0,,27.0,9.0,23.0,38.0,15.0,38.0,0.0,0.0,0.0,1.19,0.31,,,0.0,,0.0,0.0,0.0,36.0,23.0,13.0,0.0,0.0,0.0,5.0,36.0,23.0,13.0,,,0.0,36.0,23.0,13.0,,0.0,,37.0,23.0,14.0,36.0,23.0,13.0,9.0,5.0,4.0,0.0,0.0,0.0,0.0,0.0,0.0,32.0,33.0,32.0,,32.0,,32.0,0.0,33.0,0.0,0.0,4.0,32.0,28.0,32.0,32.0,0.0,13.0,6.0,17.0,0.0,,32.0,32.0,32.0,32.0,32.0,7.0,15.0,29.0,0.0,6.0,16.0,0.0,0.0,8.0,31.0,,10.0,32.0,15.0,15.0,17.0,12.0,0.0,8.0,6.0,0.0,10.0,32.0,14.0,38.0,10630.555560537838,223.6959838548511,0.021042736908806817,0.799624002534659,38.0,False,60
2200600010087017,22,Querétaro,006,Corregidora,0001,El Pueblito,0087,017,Urbana,76,Típica,47,29,26,9.39,67.0,,,,3.0,3.0,3.0,,10.0,6.0,6.0,8.0,0.0,9.0,11.0,5.0,21.0,56.0,14.0,10.0,49.0,17.0,29.0,67.0,47.0,76.0,0.0,0.0,0.0,2.68,0.67,9.0,,0.0,,4.0,,3.0,70.0,26.0,44.0,,,,14.0,66.0,25.0,41.0,7.0,,5.0,64.0,24.0,40.0,,,0.0,75.0,29.0,46.0,74.0,28.0,46.0,21.0,10.0,11.0,4.0,,,6.0,,4.0,26.0,27.0,25.0,3.0,25.0,3.0,24.0,0.0,29.0,,,,23.0,23.0,25.0,25.0,0.0,14.0,9.0,22.0,3.0,3.0,25.0,25.0,25.0,25.0,25.0,17.0,24.0,22.0,0.0,,11.0,0.0,0.0,21.0,24.0,,21.0,25.0,0.0,,,0.0,0.0,20.0,22.0,0.0,23.0,24.0,24.0,76.0,10588.672835920535,447.7136451420718,0.042282319236766695,3.213456261994269,76.0,False,60
2200600010034003,22,Querétaro,006,Corregidora,0001,El Pueblito,0034,003,Urbana,352,Típica,145,207,87,9.75,352.0,,,,,5.0,,5.0,13.0,,,7.0,5.0,3.0,20.0,9.0,32.0,179.0,118.0,74.0,252.0,26.0,207.0,352.0,145.0,352.0,,,,4.05,1.12,66.0,10.0,9.0,,19.0,9.0,10.0,297.0,174.0,123.0,18.0,12.0,6.0,113.0,278.0,165.0,113.0,34.0,14.0,20.0,260.0,153.0,107.0,15.0,8.0,7.0,342.0,198.0,144.0,331.0,192.0,139.0,44.0,27.0,17.0,30.0,16.0,14.0,42.0,22.0,20.0,87.0,90.0,87.0,7.0,87.0,4.0,83.0,3.0,94.0,3.0,25.0,17.0,62.0,67.0,87.0,87.0,0.0,35.0,32.0,77.0,10.0,6.0,87.0,87.0,87.0,87.0,87.0,53.0,57.0,68.0,0.0,3.0,49.0,0.0,0.0,35.0,85.0,,68.0,83.0,28.0,6.0,0.0,0.0,0.0,12.0,59.0,0.0,49.0,66.0,86.0,352.0,33661.17079136675,642.6026730507657,0.019090324487928308,6.7197942197507645,352.0,False,60
2200600010195026,22,Querétaro,006,Corregidora,0001,El Pueblito,0195,026,Urbana,191,Típica,100,91,46,9.76,191.0,,3.0,,0.0,5.0,0.0,,4.0,0.0,0.0,5.0,,4.0,6.0,7.0,15.0,112.0,50.0,39.0,130.0,22.0,91.0,191.0,100.0,191.0,4.0,,3.0,4.15,0.93,35.0,3.0,,,10.0,5.0,5.0,162.0,80.0,82.0,10.0,,8.0,49.0,152.0,75.0,77.0,22.0,10.0,12.0,142.0,73.0,69.0,8.0,5.0,3.0,188.0,90.0,98.0,183.0,87.0,96.0,28.0,13.0,15.0,18.0,5.0,13.0,26.0,10.0,16.0,46.0,46.0,46.0,8.0,46.0,5.0,38.0,3.0,54.0,3.0,9.0,4.0,37.0,39.0,45.0,46.0,0.0,21.0,13.0,43.0,5.0,5.0,46.0,46.0,46.0,46.0,46.0,34.0,39.0,38.0,0.0,,24.0,0.0,0.0,24.0,43.0,3.0,33.0,45.0,7.0,,,0.0,0.0,8.0,34.0,0.0,26.0,37.0,43.0,191.0,31947.464105422005,593.7221759071745,0.0185843287576121,3.5496067927039108,191.0,False,60
2200600010195015,22,Querétaro,006,Corregidora,0001,El Pueblito,0195,015,Urbana,102,Típica,53,49,27,9.49,102.0,,,0.0,0.0,5.0,,5.0,9.0,0.0,0.0,,0.0,7.0,13.0,8.0,21.0,59.0,29.0,18.0,65.0,19.0,49.0,102.0,53.0,102.0,,,,3.78,0.7,13.0,5.0,3.0,,4.0,3.0,,88.0,42.0,46.0,8.0,5.0,3.0,26.0,84.0,39.0,45.0,17.0,9.0,8.0,76.0,34.0,42.0,5.0,,4.0,97.0,46.0,51.0,93.0,45.0,48.0,20.0,8.0,12.0,4.0,3.0,,7.0,5.0,,27.0,30.0,27.0,4.0,27.0,4.0,26.0,0.0,31.0,,4.0,0.0,23.0,25.0,27.0,27.0,0.0,17.0,3.0,24.0,11.0,7.0,27.0,27.0,27.0,27.0,26.0,18.0,21.0,23.0,,4.0,10.0,0.0,0.0,16.0,27.0,0.0,21.0,25.0,6.0,,,0.0,0.0,8.0,22.0,0.0,18.0,25.0,26.0,102.0,10633.303876441576,1089.547313321341,0.1024655484298975,10.451485939849544,102.0,False,60
2200600010689019,22,Querétaro,006,Corregidora,0001,El Pueblito,0689,019,Urbana,39,Típica,17,22,13,13.48,39.0,,0.0,0.0,0.0,0.0,0.0,,,0.0,0.0,0.0,,,,,4.0,29.0,4.0,6.0,32.0,,22.0,39.0,17.0,39.0,,,0.0,3.0,0.68,19.0,3.0,,,0.0,0.0,0.0,33.0,18.0,15.0,,0.0,,15.0,33.0,18.0,15.0,12.0,7.0,5.0,32.0,18.0,14.0,,,,36.0,20.0,16.0,34.0,19.0,15.0,,,0.0,,,0.0,0.0,0.0,0.0,13.0,12.0,13.0,0.0,13.0,0.0,12.0,0.0,13.0,0.0,0.0,3.0,13.0,10.0,13.0,13.0,0.0,8.0,,13.0,6.0,5.0,13.0,13.0,13.0,13.0,13.0,9.0,11.0,13.0,0.0,,5.0,0.0,0.0,8.0,13.0,0.0,11.0,13.0,,0.0,0.0,0.0,0.0,4.0,10.0,0.0,7.0,13.0,12.0,39.0,1911.2246137684137,682.583025544094,0.35714432548994146,13.928628694107717,39.0,False,60
2200600010195009,22,Querétaro,006,Corregidora,0001,El Pueblito,0195,009,Urbana,168,Típica,85,83,48,9.19,168.0,,3.0,,6.0,6.0,,6.0,8.0,0.0,0.0,6.0,,6.0,15.0,15.0,21.0,81.0,61.0,28.0,115.0,25.0,83.0,168.0,85.0,168.0,,0.0,,3.5,0.86,35.0,6.0,5.0,,,,,142.0,70.0,72.0,6.0,,4.0,43.0,140.0,69.0,71.0,34.0,15.0,19.0,134.0,67.0,67.0,9.0,4.0,5.0,162.0,78.0,84.0,159.0,77.0,82.0,30.0,17.0,13.0,11.0,4.0,7.0,9.0,3.0,6.0,48.0,53.0,48.0,7.0,48.0,7.0,46.0,0.0,55.0,7.0,19.0,9.0,29.0,32.0,47.0,48.0,0.0,20.0,,41.0,5.0,7.0,48.0,48.0,48.0,48.0,48.0,24.0,28.0,31.0,0.0,,27.0,0.0,0.0,13.0,48.0,0.0,37.0,42.0,20.0,3.0,0.0,0.0,0.0,7.0,27.0,0.0,24.0,39.0,44.0,168.0,10591.517791045571,446.3324943683491,0.04214056032136336,7.079614133989044,168.0,False,60
2200600010208024,22,Querétaro,006,Corregidora,0001,El Pueblito,0208,024,Urbana,111,Típica,58,53,54,7.18,111.0,,,0.0,3.0,,,,25.0,23.0,26.0,22.0,4.0,28.0,26.0,4.0,38.0,77.0,28.0,8.0,88.0,15.0,53.0,111.0,58.0,111.0,,0.0,,2.06,0.57,22.0,,0.0,,,0.0,,105.0,49.0,56.0,4.0,,,20.0,103.0,49.0,54.0,13.0,4.0,9.0,99.0,47.0,52.0,3.0,3.0,0.0,109.0,53.0,56.0,107.0,51.0,56.0,20.0,9.0,11.0,,,0.0,,0.0,,54.0,55.0,54.0,,54.0,,52.0,,57.0,,11.0,11.0,43.0,41.0,54.0,54.0,0.0,24.0,13.0,35.0,7.0,8.0,54.0,54.0,54.0,54.0,54.0,20.0,30.0,48.0,0.0,15.0,26.0,0.0,0.0,25.0,52.0,,26.0,54.0,19.0,17.0,17.0,13.0,0.0,14.0,23.0,0.0,26.0,54.0,36.0,111.0,10606.66774383508,65.4183812801826,0.0061676657419768586,0.6846108973594313,111.0,False,60
220060001002A023,22,Querétaro,006,Corregidora,0001,El Pueblito,002A,023,Urbana,375,Típica,172,203,109,12.49,364.0,,3.0,,,4.0,3.0,4.0,12.0,7.0,8.0,14.0,4.0,11.0,23.0,11.0,34.0,191.0,129.0,63.0,266.0,43.0,203.0,364.0,172.0,375.0,4.0,0.0,4.0,3.37,0.62,79.0,9.0,3.0,6.0,15.0,10.0,5.0,324.0,177.0,147.0,10.0,5.0,5.0,94.0,309.0,167.0,142.0,51.0,27.0,24.0,299.0,162.0,137.0,17.0,10.0,7.0,363.0,198.0,165.0,352.0,191.0,161.0,62.0,39.0,23.0,22.0,11.0,11.0,27.0,18.0,9.0,109.0,139.0,108.0,34.0,108.0,26.0,105.0,8.0,143.0,0.0,20.0,5.0,87.0,102.0,102.0,107.0,0.0,73.0,26.0,97.0,41.0,11.0,107.0,107.0,107.0,107.0,107.0,83.0,90.0,98.0,0.0,4.0,32.0,0.0,0.0,73.0,107.0,0.0,82.0,105.0,15.0,7.0,3.0,,,49.0,78.0,0.0,74.0,82.0,102.0,375.0,139499.1275522453,173.1061446606165,0.0012409120235951632,0.4653420088481862,375.0,False,60
2200600010157065,22,Querétaro,006,Corregidora,0001,El Pueblito,0157,065,Urbana,,Típica,,,,,,,,,,,,,,,,,,,,,,,,,,,,,,,,,,,,,,,,,,,,,,,,,,,,,,,,,,,,,,,,,,,,,,,,,,,,,,,,,,,,,,,,,,,,,,,,,,,,,,,,,,,,,,,,,,,,,,,,,,,,,,,,,39794.41617170912,790.7698335733867,0.019871376681625134,,,False,60
2200600010157004,22,Querétaro,006,Corregidora,0001,El Pueblito,0157,004,Urbana,403,Típica,180,223,120,13.7,403.0,,11.0,7.0,13.0,15.0,7.0,14.0,8.0,,0.0,16.0,15.0,17.0,79.0,31.0,101.0,230.0,109.0,69.0,287.0,47.0,223.0,403.0,180.0,403.0,4.0,,,3.36,0.66,83.0,8.0,4.0,4.0,5.0,,3.0,339.0,187.0,152.0,13.0,5.0,8.0,111.0,334.0,185.0,149.0,54.0,30.0,24.0,321.0,180.0,141.0,17.0,12.0,5.0,395.0,219.0,176.0,382.0,210.0,172.0,75.0,45.0,30.0,39.0,20.0,19.0,30.0,13.0,17.0,120.0,133.0,120.0,16.0,119.0,12.0,117.0,4.0,136.0,,20.0,6.0,99.0,112.0,69.0,119.0,0.0,107.0,20.0,118.0,92.0,34.0,118.0,118.0,118.0,118.0,117.0,108.0,115.0,111.0,,7.0,12.0,0.0,,99.0,119.0,0.0,96.0,118.0,3.0,0.0,0.0,0.0,0.0,64.0,88.0,,93.0,115.0,117.0,403.0,53800.5764881349,815.6975640509634,0.01516150229785839,6.110085426036931,403.0,False,60
2200600010138036,22,Querétaro,006,Corregidora,0001,El Pueblito,0138,036,Urbana,359,Típica,172,187,104,14.45,359.0,,3.0,3.0,,4.0,3.0,,10.0,3.0,0.0,11.0,,,19.0,8.0,34.0,183.0,152.0,36.0,279.0,44.0,187.0,359.0,172.0,359.0,0.0,0.0,0.0,3.45,0.52,78.0,7.0,3.0,4.0,12.0,8.0,4.0,335.0,174.0,161.0,14.0,8.0,6.0,95.0,323.0,166.0,157.0,56.0,23.0,33.0,309.0,158.0,151.0,,,0.0,352.0,184.0,168.0,351.0,183.0,168.0,72.0,37.0,35.0,15.0,8.0,7.0,25.0,15.0,10.0,104.0,85.0,104.0,9.0,104.0,6.0,76.0,3.0,113.0,0.0,4.0,,100.0,103.0,104.0,104.0,0.0,98.0,15.0,101.0,95.0,43.0,104.0,104.0,104.0,104.0,104.0,92.0,102.0,104.0,0.0,5.0,6.0,0.0,0.0,96.0,104.0,0.0,89.0,104.0,,0.0,0.0,0.0,0.0,80.0,94.0,0.0,96.0,99.0,104.0,359.0,96336.3238492411,330.47049831602396,0.003430383111080559,1.2315075368779207,359.0,False,60
2200600010250013,22,Querétaro,006,Corregidora,0001,El Pueblito,0250,013,Urbana,0,Típica,0,0,0,0.0,0.0,,0.0,0.0,0.0,0.0,0.0,0.0,0.0,0.0,0.0,0.0,0.0,0.0,0.0,0.0,0.0,0.0,0.0,0.0,0.0,0.0,0.0,0.0,0.0,0.0,0.0,0.0,0.0,0.0,0.0,0.0,0.0,0.0,0.0,0.0,0.0,0.0,0.0,0.0,0.0,0.0,0.0,0.0,0.0,0.0,0.0,0.0,0.0,0.0,0.0,0.0,0.0,0.0,0.0,0.0,0.0,0.0,0.0,0.0,0.0,0.0,0.0,0.0,0.0,0.0,0.0,0.0,0.0,0.0,0.0,0.0,0.0,0.0,0.0,0.0,0.0,0.0,0.0,0.0,0.0,0.0,0.0,0.0,0.0,0.0,0.0,0.0,0.0,0.0,0.0,0.0,0.0,0.0,0.0,0.0,0.0,0.0,0.0,0.0,0.0,0.0,0.0,0.0,0.0,0.0,0.0,0.0,0.0,0.0,0.0,0.0,0.0,0.0,0.0,0.0,0.0,0.0,0.0,0.0,0.0,0.0,0.0,0.0,91639.0467660621,64.73352872110169,0.0007063967926942176,0.0,0.0,False,60
2200600010208001,22,Querétaro,006,Corregidora,0001,El Pueblito,0208,001,Urbana,159,Típica,86,73,42,9.61,159.0,,0.0,,,3.0,,,7.0,3.0,,6.0,6.0,7.0,7.0,6.0,20.0,90.0,36.0,38.0,111.0,10.0,73.0,159.0,86.0,159.0,0.0,0.0,0.0,3.79,1.03,28.0,9.0,,8.0,5.0,3.0,,126.0,62.0,64.0,7.0,3.0,4.0,40.0,121.0,59.0,62.0,13.0,6.0,7.0,114.0,56.0,58.0,5.0,0.0,5.0,150.0,72.0,78.0,147.0,72.0,75.0,18.0,8.0,10.0,19.0,10.0,9.0,16.0,10.0,6.0,42.0,45.0,42.0,3.0,42.0,3.0,42.0,0.0,45.0,5.0,16.0,8.0,26.0,29.0,42.0,42.0,0.0,22.0,11.0,39.0,10.0,8.0,42.0,42.0,42.0,42.0,42.0,24.0,29.0,31.0,0.0,,20.0,0.0,0.0,14.0,41.0,,31.0,41.0,13.0,,,0.0,0.0,8.0,32.0,0.0,21.0,34.0,41.0,159.0,10613.675267073071,194.39174259583004,0.018315214824679422,2.912119157124028,159.0,False,60
2200600010693010,22,Querétaro,006,Corregidora,0001,El Pueblito,0693,010,Urbana,138,Típica,64,74,41,14.3,138.0,,,,0.0,3.0,,,,,0.0,0.0,,,0.0,5.0,,73.0,47.0,23.0,104.0,11.0,74.0,138.0,64.0,138.0,0.0,0.0,0.0,3.37,0.65,27.0,4.0,3.0,,6.0,,5.0,121.0,66.0,55.0,12.0,6.0,6.0,51.0,115.0,65.0,50.0,15.0,10.0,5.0,103.0,59.0,44.0,,0.0,,134.0,71.0,63.0,133.0,71.0,62.0,16.0,9.0,7.0,12.0,5.0,7.0,17.0,6.0,11.0,41.0,46.0,41.0,,41.0,4.0,41.0,,46.0,0.0,5.0,0.0,36.0,41.0,41.0,41.0,0.0,38.0,4.0,41.0,8.0,13.0,41.0,41.0,41.0,41.0,41.0,36.0,41.0,37.0,0.0,,3.0,0.0,0.0,36.0,41.0,0.0,26.0,41.0,0.0,0.0,0.0,0.0,0.0,25.0,35.0,0.0,29.0,41.0,41.0,138.0,6748.436789153638,52.60545572612551,0.007795206115092482,1.0757384438827626,138.0,False,60
2200600010208009,22,Querétaro,006,Corregidora,0001,El Pueblito,0208,009,Urbana,200,Típica,100,100,52,8.95,200.0,,,,,7.0,0.0,7.0,20.0,0.0,,8.0,7.0,13.0,19.0,14.0,39.0,123.0,48.0,37.0,135.0,28.0,100.0,200.0,100.0,200.0,0.0,0.0,0.0,3.85,1.0,50.0,12.0,10.0,,8.0,4.0,4.0,171.0,82.0,89.0,13.0,6.0,7.0,54.0,163.0,78.0,85.0,31.0,12.0,19.0,150.0,72.0,78.0,7.0,4.0,3.0,188.0,90.0,98.0,182.0,87.0,95.0,34.0,18.0,16.0,10.0,4.0,6.0,14.0,6.0,8.0,52.0,56.0,52.0,,52.0,,52.0,,56.0,3.0,12.0,10.0,39.0,39.0,52.0,52.0,0.0,27.0,7.0,46.0,9.0,4.0,52.0,52.0,52.0,51.0,51.0,22.0,37.0,40.0,0.0,,24.0,0.0,0.0,15.0,51.0,,37.0,47.0,14.0,3.0,,0.0,0.0,7.0,36.0,0.0,24.0,46.0,47.0,200.0,10722.141456206542,59.280109936169055,0.005528756562137556,1.1057513124275113,200.0,False,60
2200600010208008,22,Querétaro,006,Corregidora,0001,El Pueblito,0208,008,Urbana,150,Típica,76,74,38,10.24,150.0,,,,,3.0,0.0,3.0,10.0,,,3.0,3.0,9.0,10.0,6.0,26.0,92.0,30.0,35.0,103.0,12.0,74.0,150.0,76.0,150.0,0.0,0.0,0.0,3.95,0.9,36.0,5.0,,4.0,7.0,3.0,4.0,122.0,63.0,59.0,4.0,,,40.0,115.0,60.0,55.0,15.0,10.0,5.0,111.0,58.0,53.0,10.0,4.0,6.0,145.0,73.0,72.0,139.0,70.0,69.0,18.0,9.0,9.0,13.0,6.0,7.0,12.0,6.0,6.0,38.0,41.0,38.0,,38.0,3.0,37.0,,42.0,3.0,7.0,,31.0,33.0,38.0,38.0,0.0,21.0,,38.0,16.0,3.0,38.0,38.0,38.0,37.0,37.0,21.0,34.0,35.0,0.0,4.0,16.0,0.0,0.0,27.0,38.0,0.0,34.0,35.0,3.0,0.0,0.0,0.0,0.0,9.0,29.0,0.0,26.0,33.0,37.0,150.0,10785.716419900455,235.7253695863192,0.02185532795497833,3.2782991932467493,150.0,False,60
2200600010208007,22,Querétaro,006,Corregidora,0001,El Pueblito,0208,007,Urbana,56,Típica,19,37,14,9.07,56.0,,0.0,0.0,0.0,,0.0,0.0,3.0,0.0,,4.0,0.0,,10.0,,12.0,35.0,13.0,11.0,41.0,4.0,37.0,56.0,19.0,56.0,0.0,0.0,0.0,4.0,1.04,14.0,0.0,0.0,0.0,3.0,,,48.0,32.0,16.0,3.0,,,21.0,45.0,30.0,15.0,9.0,6.0,3.0,42.0,28.0,14.0,,,0.0,56.0,37.0,19.0,55.0,36.0,19.0,6.0,5.0,,7.0,4.0,3.0,7.0,5.0,,14.0,13.0,14.0,0.0,14.0,0.0,13.0,0.0,14.0,,,0.0,12.0,12.0,14.0,14.0,0.0,6.0,3.0,12.0,,,14.0,14.0,14.0,14.0,14.0,5.0,14.0,12.0,0.0,,7.0,0.0,0.0,8.0,14.0,0.0,11.0,14.0,0.0,0.0,0.0,0.0,0.0,,12.0,0.0,9.0,14.0,14.0,56.0,3225.8119819966923,349.6193476284607,0.10838181195298789,6.069381469367322,56.0,False,60
2200600010087029,22,Querétaro,006,Corregidora,0001,El Pueblito,0087,029,Urbana,47,Típica,22,25,29,7.98,47.0,,,0.0,0.0,,0.0,,8.0,6.0,6.0,7.0,,9.0,9.0,,14.0,36.0,5.0,6.0,37.0,4.0,25.0,47.0,22.0,47.0,0.0,0.0,0.0,1.62,0.5,4.0,,,,0.0,0.0,0.0,41.0,22.0,19.0,,,0.0,13.0,41.0,22.0,19.0,5.0,,4.0,40.0,21.0,19.0,,,0.0,45.0,24.0,21.0,44.0,23.0,21.0,4.0,,,3.0,,,3.0,,,29.0,32.0,29.0,3.0,29.0,3.0,29.0,0.0,32.0,,6.0,9.0,23.0,18.0,27.0,29.0,0.0,13.0,5.0,18.0,11.0,9.0,29.0,29.0,29.0,29.0,29.0,12.0,14.0,25.0,0.0,6.0,15.0,0.0,0.0,8.0,28.0,,15.0,28.0,15.0,11.0,12.0,9.0,,8.0,10.0,0.0,11.0,25.0,14.0,47.0,9377.061286698534,387.02317079011607,0.0412733967452162,1.9398496470251614,47.0,False,60
2200600010087027,22,Querétaro,006,Corregidora,0001,El Pueblito,0087,027,Urbana,173,Típica,82,91,36,8.91,173.0,,5.0,0.0,3.0,3.0,,3.0,6.0,0.0,,,4.0,,8.0,10.0,12.0,78.0,55.0,45.0,110.0,18.0,91.0,173.0,82.0,173.0,3.0,3.0,0.0,4.81,1.07,60.0,8.0,,7.0,8.0,5.0,3.0,136.0,75.0,61.0,10.0,6.0,4.0,48.0,128.0,70.0,58.0,25.0,11.0,14.0,118.0,64.0,54.0,9.0,7.0,,165.0,90.0,75.0,162.0,87.0,75.0,24.0,14.0,10.0,20.0,8.0,12.0,24.0,11.0,13.0,36.0,40.0,36.0,,36.0,3.0,35.0,,41.0,,10.0,4.0,26.0,31.0,36.0,36.0,0.0,16.0,,31.0,8.0,,36.0,36.0,36.0,36.0,36.0,16.0,30.0,27.0,0.0,0.0,20.0,0.0,0.0,14.0,36.0,0.0,30.0,34.0,6.0,4.0,,0.0,0.0,7.0,25.0,0.0,26.0,31.0,34.0,173.0,10385.859645143355,95.29368487310546,0.009175329547002571,1.5873320116314449,173.0,False,60
2200600010087005,22,Querétaro,006,Corregidora,0001,El Pueblito,0087,005,Urbana,107,Típica,47,60,32,9.87,107.0,,,,,4.0,,0.0,10.0,3.0,3.0,6.0,,5.0,8.0,5.0,13.0,75.0,16.0,16.0,83.0,8.0,60.0,107.0,47.0,107.0,,,0.0,3.34,0.84,17.0,4.0,,3.0,,0.0,,92.0,53.0,39.0,,,0.0,34.0,91.0,53.0,38.0,14.0,10.0,4.0,90.0,52.0,38.0,8.0,4.0,4.0,103.0,59.0,44.0,96.0,56.0,40.0,15.0,7.0,8.0,3.0,,,3.0,,,32.0,32.0,32.0,,32.0,,30.0,0.0,34.0,,8.0,5.0,24.0,26.0,32.0,32.0,0.0,18.0,13.0,28.0,,,32.0,32.0,32.0,32.0,32.0,23.0,27.0,25.0,0.0,14.0,14.0,0.0,0.0,21.0,32.0,0.0,25.0,32.0,5.0,,,,0.0,17.0,21.0,0.0,26.0,29.0,30.0,107.0,10455.212939377956,31.132405138034976,0.0029776921157463514,0.3186130563848596,107.0,False,60
2200600010087004,22,Querétaro,006,Corregidora,0001,El Pueblito,0087,004,Urbana,47,Típica,20,27,16,8.37,47.0,,,,,,,,12.0,9.0,11.0,12.0,0.0,13.0,6.0,,15.0,34.0,6.0,9.0,28.0,10.0,27.0,47.0,20.0,47.0,0.0,0.0,0.0,2.94,0.84,6.0,0.0,0.0,0.0,,,0.0,40.0,22.0,18.0,,,0.0,14.0,38.0,20.0,18.0,4.0,,,37.0,19.0,18.0,3.0,3.0,0.0,47.0,27.0,20.0,47.0,27.0,20.0,11.0,5.0,6.0,4.0,,,6.0,4.0,,16.0,21.0,16.0,,16.0,3.0,16.0,,21.0,0.0,4.0,4.0,12.0,12.0,16.0,16.0,0.0,9.0,4.0,14.0,4.0,0.0,16.0,16.0,16.0,16.0,16.0,11.0,13.0,14.0,0.0,4.0,6.0,0.0,0.0,12.0,16.0,0.0,12.0,16.0,3.0,,,,0.0,9.0,13.0,0.0,13.0,16.0,14.0,47.0,10510.261292059227,191.989779339505,0.01826688928129296,0.858543796220769,47.0,False,60
2200600010759005,22,Querétaro,006,Corregidora,0001,El Pueblito,0759,005,Urbana,121,Típica,59,62,31,11.43,121.0,,0.0,,,,,,,0.0,0.0,0.0,,0.0,,,3.0,104.0,,25.0,92.0,4.0,62.0,121.0,59.0,121.0,9.0,3.0,6.0,3.9,0.87,,4.0,0.0,4.0,9.0,3.0,6.0,105.0,52.0,53.0,13.0,7.0,6.0,40.0,96.0,49.0,47.0,16.0,6.0,10.0,83.0,42.0,41.0,6.0,6.0,0.0,117.0,62.0,55.0,112.0,57.0,55.0,6.0,5.0,,6.0,4.0,,14.0,7.0,7.0,31.0,34.0,31.0,4.0,31.0,4.0,30.0,0.0,35.0,,5.0,,26.0,28.0,31.0,31.0,0.0,25.0,3.0,28.0,,4.0,31.0,31.0,31.0,31.0,31.0,21.0,25.0,25.0,0.0,,5.0,0.0,0.0,20.0,30.0,,18.0,28.0,5.0,,,0.0,0.0,7.0,22.0,0.0,21.0,31.0,28.0,121.0,6329.32434602453,435.8711926195228,0.06886535888989398,8.332708425677172,121.0,False,60
2200600010208006,22,Querétaro,006,Corregidora,0001,El Pueblito,0208,006,Urbana,87,Típica,48,39,23,10.16,87.0,,,0.0,,3.0,0.0,,,,0.0,,,,15.0,6.0,15.0,49.0,25.0,19.0,62.0,6.0,39.0,87.0,48.0,87.0,0.0,0.0,0.0,3.78,1.09,20.0,5.0,,3.0,6.0,,4.0,74.0,33.0,41.0,6.0,0.0,6.0,24.0,68.0,31.0,37.0,10.0,6.0,4.0,62.0,31.0,31.0,3.0,,,82.0,37.0,45.0,79.0,35.0,44.0,6.0,5.0,,5.0,,3.0,11.0,4.0,7.0,23.0,22.0,23.0,0.0,23.0,0.0,22.0,0.0,23.0,,8.0,4.0,15.0,17.0,22.0,23.0,0.0,13.0,4.0,21.0,,,23.0,23.0,23.0,23.0,23.0,7.0,17.0,16.0,0.0,4.0,10.0,0.0,0.0,8.0,20.0,,16.0,23.0,6.0,,,0.0,0.0,7.0,13.0,0.0,8.0,21.0,22.0,87.0,3317.2015543317084,137.5843896261839,0.041476041588887416,3.608415618233205,87.0,False,60
2200600010087009,22,Querétaro,006,Corregidora,0001,El Pueblito,0087,009,Urbana,44,Típica,20,24,17,8.83,44.0,,,0.0,0.0,3.0,,,3.0,,,4.0,0.0,,4.0,5.0,8.0,30.0,11.0,4.0,30.0,10.0,24.0,44.0,20.0,44.0,0.0,0.0,0.0,2.59,0.56,,0.0,0.0,0.0,,0.0,,41.0,23.0,18.0,,,0.0,13.0,40.0,23.0,17.0,4.0,,3.0,39.0,22.0,17.0,,,,44.0,24.0,20.0,43.0,23.0,20.0,11.0,7.0,4.0,,0.0,,,0.0,,17.0,18.0,17.0,,17.0,0.0,17.0,,18.0,0.0,,0.0,15.0,17.0,17.0,17.0,0.0,11.0,4.0,14.0,0.0,0.0,17.0,17.0,17.0,17.0,17.0,10.0,13.0,16.0,0.0,,5.0,0.0,0.0,9.0,17.0,0.0,13.0,17.0,3.0,,,,0.0,11.0,13.0,0.0,13.0,17.0,15.0,44.0,10601.199974525667,496.82221766029295,0.046864715207159596,2.062047469115022,44.0,False,60
2200600010104035,22,Querétaro,006,Corregidora,0001,El Pueblito,0104,035,Urbana,0,Típica,0,0,0,0.0,0.0,,0.0,0.0,0.0,0.0,0.0,0.0,0.0,0.0,0.0,0.0,0.0,0.0,0.0,0.0,0.0,0.0,0.0,0.0,0.0,0.0,0.0,0.0,0.0,0.0,0.0,0.0,0.0,0.0,0.0,0.0,0.0,0.0,0.0,0.0,0.0,0.0,0.0,0.0,0.0,0.0,0.0,0.0,0.0,0.0,0.0,0.0,0.0,0.0,0.0,0.0,0.0,0.0,0.0,0.0,0.0,0.0,0.0,0.0,0.0,0.0,0.0,0.0,0.0,0.0,0.0,0.0,0.0,0.0,0.0,0.0,0.0,0.0,0.0,0.0,0.0,0.0,0.0,0.0,0.0,0.0,0.0,0.0,0.0,0.0,0.0,0.0,0.0,0.0,0.0,0.0,0.0,0.0,0.0,0.0,0.0,0.0,0.0,0.0,0.0,0.0,0.0,0.0,0.0,0.0,0.0,0.0,0.0,0.0,0.0,0.0,0.0,0.0,0.0,0.0,0.0,0.0,0.0,0.0,0.0,0.0,0.0,0.0,175677.7942876244,209.66873583294927,0.0011934845646438047,0.0,0.0,False,60
2200600010759017,22,Querétaro,006,Corregidora,0001,El Pueblito,0759,017,Urbana,87,Típica,37,50,20,10.39,87.0,,0.0,0.0,0.0,,0.0,0.0,,0.0,0.0,,0.0,0.0,,,4.0,55.0,15.0,24.0,62.0,,50.0,87.0,37.0,87.0,0.0,0.0,0.0,4.35,1.23,16.0,3.0,3.0,0.0,7.0,,6.0,70.0,37.0,33.0,4.0,,,32.0,63.0,36.0,27.0,14.0,12.0,,59.0,34.0,25.0,,,0.0,84.0,47.0,37.0,83.0,46.0,37.0,4.0,,3.0,13.0,9.0,4.0,16.0,9.0,7.0,20.0,25.0,20.0,8.0,20.0,8.0,17.0,0.0,28.0,,4.0,,16.0,17.0,4.0,20.0,0.0,15.0,,19.0,0.0,4.0,20.0,20.0,20.0,20.0,20.0,15.0,16.0,13.0,0.0,0.0,5.0,0.0,0.0,12.0,20.0,0.0,6.0,19.0,3.0,0.0,0.0,0.0,0.0,5.0,16.0,0.0,10.0,19.0,20.0,87.0,5114.8750093103345,483.54403614051427,0.09453682353143426,8.224703647234781,87.0,False,60
2200600010195020,22,Querétaro,006,Corregidora,0001,El Pueblito,0195,020,Urbana,43,Típica,22,21,12,12.48,40.0,,0.0,0.0,0.0,0.0,0.0,,0.0,0.0,0.0,0.0,,,6.0,,6.0,25.0,9.0,10.0,33.0,0.0,21.0,40.0,22.0,43.0,0.0,0.0,0.0,3.64,1.33,17.0,0.0,0.0,0.0,,,0.0,34.0,17.0,17.0,3.0,,,15.0,33.0,16.0,17.0,4.0,,3.0,30.0,14.0,16.0,3.0,0.0,3.0,43.0,21.0,22.0,41.0,21.0,20.0,,,,6.0,4.0,,6.0,4.0,,12.0,11.0,11.0,,11.0,,8.0,,15.0,0.0,8.0,6.0,3.0,5.0,11.0,11.0,0.0,6.0,,11.0,4.0,0.0,11.0,11.0,11.0,11.0,11.0,8.0,10.0,11.0,0.0,0.0,5.0,0.0,0.0,7.0,11.0,0.0,9.0,11.0,0.0,0.0,0.0,0.0,0.0,5.0,9.0,0.0,7.0,11.0,11.0,43.0,11844.747896397976,2.081434318071602,0.00017572635030118055,0.007556233062950763,43.0,False,60
2200600010157001,22,Querétaro,006,Corregidora,0001,El Pueblito,0157,001,Urbana,199,Típica,108,91,59,13.42,199.0,,3.0,,,3.0,,5.0,10.0,,3.0,7.0,3.0,7.0,18.0,10.0,32.0,106.0,60.0,40.0,142.0,17.0,91.0,199.0,108.0,199.0,4.0,4.0,0.0,3.37,0.65,61.0,4.0,3.0,,7.0,4.0,3.0,166.0,76.0,90.0,10.0,4.0,6.0,42.0,159.0,72.0,87.0,21.0,7.0,14.0,149.0,68.0,81.0,12.0,8.0,4.0,195.0,88.0,107.0,190.0,85.0,105.0,29.0,12.0,17.0,17.0,4.0,13.0,19.0,8.0,11.0,59.0,56.0,59.0,,59.0,3.0,51.0,,64.0,,9.0,3.0,50.0,55.0,55.0,59.0,0.0,53.0,10.0,57.0,31.0,15.0,59.0,59.0,59.0,58.0,59.0,48.0,48.0,53.0,0.0,6.0,6.0,0.0,0.0,49.0,59.0,0.0,48.0,59.0,6.0,0.0,0.0,0.0,0.0,28.0,42.0,0.0,43.0,55.0,56.0,199.0,166089.1657385961,1519.973667675613,0.009151552185335584,1.8211588848817812,199.0,False,60
2200600170797029,22,Querétaro,006,Corregidora,0017,La Negreta,0797,029,Urbana,7,Típica,0,0,2,,,,,,,,,,,,,,,,,,,,,,,,,,,7.0,,,,,,,,,,,,,,,,,,,,,,,,,,,,,,,,,,,,,,,,,,,,,,,2.0,,,,,,,,3.0,,,,,,,,,,,,,,,,,,,,,,,,,,,,,,,,,,,,,,,,,,,7.0,4124.790798573087,472.62271334320354,0.11458101426785103,0.8020670998749572,7.0,False,60
220060017080A038,22,Querétaro,006,Corregidora,0017,La Negreta,080A,038,Urbana,25,Típica,14,11,7,10.76,25.0,,0.0,0.0,0.0,0.0,0.0,,0.0,0.0,0.0,,0.0,0.0,,,3.0,16.0,6.0,4.0,20.0,,11.0,25.0,14.0,25.0,,0.0,,3.57,0.96,9.0,,0.0,,,0.0,,22.0,9.0,13.0,,,,7.0,21.0,9.0,12.0,4.0,,,19.0,8.0,11.0,0.0,0.0,0.0,24.0,11.0,13.0,24.0,11.0,13.0,,0.0,,,,0.0,,,,7.0,8.0,7.0,,7.0,0.0,7.0,,8.0,0.0,,3.0,5.0,4.0,6.0,6.0,,4.0,3.0,6.0,0.0,,7.0,6.0,7.0,7.0,7.0,7.0,5.0,7.0,0.0,0.0,3.0,0.0,0.0,4.0,7.0,0.0,6.0,6.0,,,0.0,0.0,0.0,,4.0,0.0,4.0,5.0,7.0,25.0,5919.652652261614,484.3997126397332,0.08182907699063516,2.045726924765879,25.0,False,60
220060017080A032,22,Querétaro,006,Corregidora,0017,La Negreta,080A,032,Urbana,130,Típica,67,63,25,8.51,130.0,,,,,3.0,,,6.0,,0.0,5.0,,,12.0,6.0,17.0,65.0,36.0,36.0,81.0,13.0,63.0,130.0,67.0,130.0,0.0,0.0,0.0,5.2,1.1,7.0,8.0,3.0,5.0,7.0,3.0,4.0,101.0,52.0,49.0,4.0,,,35.0,94.0,49.0,45.0,6.0,3.0,3.0,90.0,47.0,43.0,6.0,,5.0,122.0,60.0,62.0,117.0,59.0,58.0,16.0,9.0,7.0,15.0,7.0,8.0,18.0,9.0,9.0,25.0,27.0,25.0,6.0,25.0,6.0,21.0,0.0,31.0,,3.0,,22.0,23.0,24.0,25.0,0.0,13.0,7.0,23.0,3.0,3.0,25.0,25.0,25.0,25.0,25.0,18.0,20.0,20.0,0.0,,12.0,0.0,0.0,13.0,25.0,0.0,18.0,24.0,4.0,,0.0,0.0,0.0,6.0,21.0,0.0,10.0,22.0,25.0,130.0,5575.625425177095,518.0846690187852,0.09291956139652793,12.07954298154863,130.0,False,60
2200600170797035,22,Querétaro,006,Corregidora,0017,La Negreta,0797,035,Urbana,50,Típica,25,25,15,11.97,50.0,,0.0,0.0,0.0,0.0,0.0,,,0.0,0.0,,0.0,,4.0,,5.0,25.0,8.0,18.0,31.0,,25.0,50.0,25.0,50.0,0.0,0.0,0.0,3.33,0.71,5.0,4.0,,,,,0.0,33.0,18.0,15.0,,,,13.0,32.0,17.0,15.0,8.0,4.0,4.0,30.0,16.0,14.0,9.0,3.0,6.0,46.0,23.0,23.0,39.0,20.0,19.0,,,0.0,4.0,,,3.0,,,15.0,15.0,15.0,,15.0,,14.0,0.0,16.0,0.0,,0.0,13.0,15.0,15.0,15.0,0.0,10.0,,15.0,0.0,3.0,15.0,15.0,15.0,15.0,15.0,10.0,10.0,12.0,0.0,0.0,5.0,0.0,0.0,8.0,15.0,0.0,9.0,15.0,3.0,0.0,0.0,0.0,0.0,3.0,8.0,0.0,,15.0,15.0,50.0,5239.13734041265,282.0505339509871,0.053835300665886335,2.691765033294317,50.0,False,60
2200600440123018,22,Querétaro,006,Corregidora,0044,San José de los Olvera,0123,018,Urbana,23,Típica,12,11,7,11.45,23.0,,0.0,0.0,0.0,0.0,0.0,,,0.0,0.0,,,,,,4.0,17.0,3.0,3.0,16.0,4.0,11.0,23.0,12.0,23.0,4.0,3.0,,3.29,0.82,6.0,,0.0,,0.0,0.0,0.0,20.0,11.0,9.0,,0.0,,5.0,20.0,11.0,9.0,3.0,,,18.0,11.0,7.0,,0.0,,22.0,11.0,11.0,21.0,11.0,10.0,5.0,3.0,,,0.0,,,0.0,,7.0,5.0,7.0,0.0,7.0,0.0,5.0,0.0,7.0,0.0,,0.0,6.0,7.0,7.0,7.0,0.0,4.0,0.0,7.0,0.0,,7.0,7.0,7.0,7.0,7.0,6.0,6.0,7.0,0.0,0.0,3.0,0.0,0.0,4.0,7.0,0.0,5.0,7.0,,0.0,0.0,0.0,0.0,3.0,6.0,0.0,4.0,7.0,7.0,23.0,2680.7293132123323,308.3751503232888,0.11503405017560732,2.6457831540389685,23.0,True,60
2200600440123019,22,Querétaro,006,Corregidora,0044,San José de los Olvera,0123,019,Urbana,75,Típica,42,33,17,9.71,75.0,,,0.0,,,0.0,,0.0,,0.0,0.0,0.0,,0.0,4.0,,45.0,15.0,19.0,51.0,5.0,33.0,75.0,42.0,75.0,0.0,0.0,0.0,4.41,1.1,9.0,4.0,,,4.0,,3.0,60.0,27.0,33.0,5.0,,3.0,17.0,56.0,26.0,30.0,6.0,,5.0,51.0,24.0,27.0,,0.0,,71.0,31.0,40.0,70.0,31.0,39.0,6.0,4.0,,10.0,4.0,6.0,8.0,,6.0,17.0,19.0,17.0,3.0,17.0,3.0,16.0,0.0,20.0,,5.0,,12.0,14.0,17.0,17.0,0.0,12.0,5.0,17.0,4.0,3.0,17.0,17.0,17.0,17.0,17.0,11.0,14.0,14.0,0.0,,5.0,0.0,0.0,10.0,17.0,0.0,13.0,16.0,,0.0,0.0,0.0,0.0,5.0,14.0,0.0,11.0,17.0,17.0,75.0,11417.815995014871,340.2909788340507,0.02980350874305778,2.2352631557293337,75.0,False,60
2200600440373013,22,Querétaro,006,Corregidora,0044,San José de los Olvera,0373,013,Urbana,118,Típica,45,73,41,12.47,118.0,,3.0,,3.0,3.0,3.0,3.0,6.0,,,6.0,0.0,5.0,6.0,8.0,13.0,58.0,44.0,24.0,84.0,10.0,73.0,118.0,45.0,118.0,0.0,0.0,0.0,2.88,0.69,33.0,,,,8.0,4.0,4.0,102.0,63.0,39.0,10.0,8.0,,39.0,94.0,59.0,35.0,15.0,6.0,9.0,84.0,51.0,33.0,4.0,,,116.0,72.0,44.0,113.0,70.0,43.0,17.0,13.0,4.0,10.0,7.0,3.0,16.0,11.0,5.0,41.0,43.0,41.0,,41.0,4.0,38.0,,46.0,0.0,3.0,,38.0,40.0,41.0,41.0,0.0,30.0,6.0,40.0,4.0,8.0,41.0,41.0,41.0,41.0,41.0,27.0,38.0,36.0,0.0,4.0,10.0,0.0,0.0,32.0,41.0,0.0,37.0,40.0,3.0,0.0,0.0,0.0,0.0,17.0,37.0,0.0,30.0,40.0,41.0,118.0,5050.577363101215,577.7289387006077,0.11438869205754801,13.497865662790664,118.0,False,60
2200600440373009,22,Querétaro,006,Corregidora,0044,San José de los Olvera,0373,009,Urbana,54,Típica,28,26,19,14.36,54.0,,,,,,,4.0,5.0,,0.0,,0.0,3.0,10.0,4.0,14.0,34.0,12.0,9.0,41.0,4.0,26.0,54.0,28.0,54.0,,,0.0,2.84,0.62,13.0,,,,,0.0,,46.0,22.0,24.0,,,0.0,15.0,45.0,22.0,23.0,7.0,3.0,4.0,44.0,21.0,23.0,3.0,,,52.0,25.0,27.0,49.0,24.0,25.0,8.0,3.0,5.0,3.0,,,3.0,,,19.0,22.0,19.0,,19.0,3.0,18.0,,23.0,0.0,0.0,0.0,19.0,19.0,19.0,19.0,0.0,17.0,3.0,19.0,,8.0,19.0,19.0,19.0,19.0,19.0,15.0,19.0,19.0,0.0,,,0.0,0.0,17.0,19.0,0.0,17.0,19.0,0.0,0.0,0.0,0.0,0.0,15.0,15.0,0.0,14.0,19.0,19.0,54.0,6704.45516409267,29.932998639882026,0.004464642973555172,0.24109072057197928,54.0,False,60
2200600440119032,22,Querétaro,006,Corregidora,0044,San José de los Olvera,0119,032,Urbana,34,Típica,18,16,9,9.61,34.0,,,,0.0,3.0,,0.0,,0.0,,,,,6.0,5.0,7.0,18.0,11.0,6.0,26.0,,16.0,34.0,18.0,34.0,0.0,0.0,0.0,3.78,1.0,11.0,,,0.0,,0.0,,29.0,13.0,16.0,,,0.0,10.0,28.0,13.0,15.0,4.0,,,27.0,12.0,15.0,,,,33.0,15.0,18.0,32.0,15.0,17.0,,,0.0,,,,,,,9.0,9.0,9.0,0.0,9.0,0.0,9.0,0.0,9.0,,3.0,0.0,6.0,8.0,9.0,9.0,0.0,5.0,3.0,9.0,0.0,0.0,9.0,9.0,9.0,9.0,9.0,4.0,7.0,7.0,0.0,,,0.0,0.0,3.0,8.0,,7.0,8.0,,0.0,0.0,0.0,0.0,0.0,6.0,0.0,4.0,9.0,9.0,34.0,4233.949752911881,39.26732054804489,0.009274394558187415,0.3153294149783721,34.0,False,60
2200600440123014,22,Querétaro,006,Corregidora,0044,San José de los Olvera,0123,014,Urbana,100,Típica,48,52,22,9.65,100.0,,,0.0,,,,3.0,,0.0,0.0,0.0,,,3.0,6.0,5.0,53.0,22.0,30.0,63.0,7.0,52.0,100.0,48.0,100.0,0.0,0.0,0.0,4.55,1.05,14.0,4.0,3.0,,5.0,,3.0,75.0,38.0,37.0,4.0,,,24.0,70.0,36.0,34.0,10.0,5.0,5.0,66.0,34.0,32.0,3.0,3.0,0.0,96.0,49.0,47.0,93.0,46.0,47.0,16.0,8.0,8.0,18.0,8.0,10.0,20.0,9.0,11.0,22.0,23.0,22.0,,22.0,,22.0,0.0,23.0,,3.0,,19.0,20.0,22.0,22.0,0.0,11.0,3.0,22.0,4.0,7.0,22.0,22.0,22.0,22.0,22.0,17.0,20.0,18.0,0.0,,10.0,0.0,0.0,15.0,22.0,0.0,12.0,20.0,,0.0,0.0,0.0,0.0,8.0,16.0,0.0,10.0,20.0,21.0,100.0,5455.898341612584,49.93614338541227,0.009152689485532604,0.9152689485532604,100.0,False,60
2200600440373019,22,Querétaro,006,Corregidora,0044,San José de los Olvera,0373,019,Urbana,0,Típica,0,0,0,0.0,0.0,,0.0,0.0,0.0,0.0,0.0,0.0,0.0,0.0,0.0,0.0,0.0,0.0,0.0,0.0,0.0,0.0,0.0,0.0,0.0,0.0,0.0,0.0,0.0,0.0,0.0,0.0,0.0,0.0,0.0,0.0,0.0,0.0,0.0,0.0,0.0,0.0,0.0,0.0,0.0,0.0,0.0,0.0,0.0,0.0,0.0,0.0,0.0,0.0,0.0,0.0,0.0,0.0,0.0,0.0,0.0,0.0,0.0,0.0,0.0,0.0,0.0,0.0,0.0,0.0,0.0,0.0,0.0,0.0,0.0,0.0,0.0,0.0,0.0,0.0,0.0,0.0,0.0,0.0,0.0,0.0,0.0,0.0,0.0,0.0,0.0,0.0,0.0,0.0,0.0,0.0,0.0,0.0,0.0,0.0,0.0,0.0,0.0,0.0,0.0,0.0,0.0,0.0,0.0,0.0,0.0,0.0,0.0,0.0,0.0,0.0,0.0,0.0,0.0,0.0,0.0,0.0,0.0,0.0,0.0,0.0,0.0,0.0,974.5865720037517,629.7935667065307,0.6462161338952926,0.0,0.0,True,60
2200600440180008,22,Querétaro,006,Corregidora,0044,San José de los Olvera,0180,008,Urbana,61,Típica,31,30,13,11.0,61.0,,0.0,,,3.0,,,4.0,0.0,0.0,,,4.0,4.0,4.0,6.0,28.0,22.0,13.0,38.0,10.0,30.0,61.0,31.0,61.0,0.0,0.0,0.0,4.69,0.95,14.0,3.0,,,,,,50.0,26.0,24.0,4.0,,,14.0,48.0,25.0,23.0,6.0,4.0,,44.0,23.0,21.0,,0.0,,58.0,28.0,30.0,57.0,28.0,29.0,14.0,9.0,5.0,7.0,,5.0,6.0,,4.0,13.0,15.0,13.0,,13.0,,13.0,,15.0,0.0,,,12.0,12.0,13.0,13.0,0.0,9.0,5.0,12.0,5.0,4.0,13.0,13.0,13.0,13.0,13.0,10.0,10.0,12.0,0.0,0.0,4.0,0.0,0.0,8.0,13.0,0.0,10.0,12.0,,0.0,0.0,0.0,0.0,5.0,10.0,0.0,10.0,11.0,13.0,61.0,7181.995712961912,639.2046578866969,0.08900098014999841,5.429059789149903,61.0,False,60
2200600440180021,22,Querétaro,006,Corregidora,0044,San José de los Olvera,0180,021,Urbana,76,Típica,36,40,29,14.79,76.0,,0.0,0.0,0.0,,0.0,,0.0,0.0,0.0,,0.0,3.0,,,5.0,44.0,24.0,9.0,61.0,6.0,40.0,76.0,36.0,76.0,0.0,0.0,0.0,2.62,0.57,17.0,0.0,0.0,0.0,,,0.0,68.0,34.0,34.0,3.0,,,25.0,67.0,33.0,34.0,11.0,6.0,5.0,64.0,32.0,32.0,,,0.0,76.0,40.0,36.0,75.0,39.0,36.0,9.0,4.0,5.0,7.0,5.0,,4.0,3.0,,29.0,36.0,29.0,7.0,29.0,4.0,29.0,3.0,36.0,0.0,6.0,,23.0,28.0,29.0,29.0,0.0,22.0,3.0,28.0,6.0,9.0,29.0,29.0,29.0,29.0,29.0,24.0,27.0,22.0,0.0,,7.0,0.0,0.0,24.0,29.0,0.0,19.0,29.0,,0.0,0.0,0.0,0.0,21.0,19.0,0.0,18.0,28.0,27.0,76.0,28997.91438748445,778.5123076660166,0.026847182775393802,2.040385890929929,76.0,False,60
2200600440180006,22,Querétaro,006,Corregidora,0044,San José de los Olvera,0180,006,Urbana,120,Típica,53,67,34,11.16,120.0,,,0.0,3.0,7.0,0.0,5.0,6.0,,0.0,6.0,0.0,5.0,6.0,11.0,11.0,62.0,45.0,17.0,79.0,24.0,67.0,120.0,53.0,120.0,0.0,0.0,0.0,3.53,0.8,52.0,3.0,3.0,0.0,4.0,,,107.0,59.0,48.0,7.0,4.0,3.0,28.0,103.0,57.0,46.0,6.0,3.0,3.0,96.0,53.0,43.0,3.0,,,117.0,64.0,53.0,115.0,63.0,52.0,33.0,20.0,13.0,7.0,4.0,3.0,8.0,4.0,4.0,34.0,40.0,34.0,6.0,34.0,3.0,34.0,3.0,40.0,3.0,7.0,,27.0,29.0,34.0,34.0,0.0,23.0,,32.0,6.0,,34.0,34.0,34.0,34.0,34.0,27.0,31.0,27.0,0.0,,11.0,0.0,0.0,19.0,34.0,0.0,27.0,34.0,3.0,0.0,,0.0,0.0,12.0,21.0,0.0,24.0,33.0,31.0,120.0,9100.719545210954,154.82461222997395,0.017012348469901687,2.0414818163882025,120.0,False,60
2200600440123022,22,Querétaro,006,Corregidora,0044,San José de los Olvera,0123,022,Urbana,54,Típica,24,30,15,10.44,54.0,,,0.0,0.0,,0.0,,5.0,0.0,0.0,0.0,,,,4.0,8.0,31.0,17.0,11.0,33.0,10.0,30.0,54.0,24.0,54.0,0.0,0.0,0.0,3.6,0.72,12.0,,,0.0,5.0,4.0,,48.0,26.0,22.0,,,0.0,11.0,43.0,22.0,21.0,4.0,0.0,4.0,42.0,21.0,21.0,0.0,0.0,0.0,53.0,29.0,24.0,53.0,29.0,24.0,13.0,7.0,6.0,5.0,3.0,,9.0,6.0,3.0,15.0,17.0,15.0,3.0,15.0,3.0,14.0,0.0,18.0,,,0.0,14.0,14.0,15.0,15.0,0.0,13.0,0.0,14.0,,4.0,15.0,15.0,15.0,15.0,15.0,12.0,13.0,14.0,0.0,0.0,,0.0,0.0,9.0,15.0,0.0,6.0,15.0,,0.0,0.0,0.0,0.0,6.0,8.0,0.0,11.0,14.0,15.0,54.0,5508.355369527055,38.27955208032601,0.006949361381455801,0.3752655145986133,54.0,False,60
2200600440123023,22,Querétaro,006,Corregidora,0044,San José de los Olvera,0123,023,Urbana,59,Típica,33,26,17,9.71,59.0,,0.0,0.0,,5.0,,4.0,4.0,0.0,0.0,3.0,,3.0,4.0,8.0,8.0,36.0,21.0,4.0,43.0,12.0,26.0,59.0,33.0,59.0,3.0,,,3.47,0.82,16.0,0.0,0.0,0.0,3.0,,,58.0,25.0,33.0,3.0,0.0,3.0,8.0,55.0,24.0,31.0,8.0,3.0,5.0,52.0,24.0,28.0,0.0,0.0,0.0,59.0,26.0,33.0,59.0,26.0,33.0,14.0,10.0,4.0,,,0.0,4.0,,,17.0,19.0,17.0,,17.0,,17.0,0.0,19.0,,5.0,,12.0,13.0,17.0,17.0,0.0,12.0,,16.0,0.0,3.0,17.0,17.0,17.0,17.0,17.0,11.0,13.0,11.0,0.0,,5.0,0.0,0.0,8.0,17.0,0.0,10.0,14.0,4.0,0.0,,0.0,0.0,6.0,13.0,0.0,11.0,16.0,16.0,59.0,5175.527043061153,377.0955002502333,0.07286127521173066,4.298815237492109,59.0,False,60
2200600440123026,22,Querétaro,006,Corregidora,0044,San José de los Olvera,0123,026,Urbana,90,Típica,44,46,30,9.86,90.0,,0.0,,0.0,0.0,0.0,0.0,3.0,,,3.0,0.0,0.0,8.0,,11.0,67.0,10.0,17.0,69.0,4.0,46.0,90.0,44.0,90.0,0.0,0.0,0.0,3.0,1.03,19.0,3.0,,,4.0,0.0,4.0,77.0,39.0,38.0,7.0,4.0,3.0,28.0,73.0,39.0,34.0,15.0,6.0,9.0,66.0,35.0,31.0,4.0,,,87.0,44.0,43.0,85.0,42.0,43.0,12.0,4.0,8.0,6.0,3.0,3.0,7.0,,5.0,30.0,29.0,30.0,,30.0,,28.0,0.0,31.0,10.0,19.0,8.0,11.0,12.0,30.0,30.0,0.0,11.0,,27.0,0.0,0.0,30.0,30.0,30.0,30.0,30.0,14.0,18.0,17.0,0.0,0.0,19.0,0.0,0.0,14.0,29.0,,25.0,23.0,9.0,,0.0,0.0,0.0,0.0,15.0,0.0,13.0,28.0,26.0,90.0,5920.307282626061,442.8260982387209,0.07479782333904418,6.731804100513976,90.0,False,60
2200600440123027,22,Querétaro,006,Corregidora,0044,San José de los Olvera,0123,027,Urbana,76,Típica,36,40,22,11.45,76.0,,,,,,,,3.0,0.0,,3.0,,0.0,,,4.0,59.0,4.0,14.0,54.0,8.0,40.0,76.0,36.0,76.0,0.0,0.0,0.0,3.45,0.84,23.0,4.0,3.0,,,,0.0,63.0,29.0,34.0,,,,18.0,62.0,28.0,34.0,11.0,6.0,5.0,60.0,27.0,33.0,4.0,4.0,0.0,72.0,37.0,35.0,70.0,35.0,35.0,9.0,5.0,4.0,5.0,4.0,,4.0,3.0,,22.0,27.0,22.0,,22.0,4.0,22.0,,27.0,0.0,5.0,5.0,17.0,17.0,22.0,22.0,0.0,13.0,,21.0,4.0,,22.0,22.0,22.0,22.0,22.0,12.0,17.0,16.0,0.0,,9.0,0.0,0.0,10.0,22.0,0.0,19.0,21.0,3.0,0.0,0.0,0.0,0.0,6.0,16.0,0.0,15.0,22.0,22.0,76.0,7263.510342028108,625.3530909872343,0.0860951608162265,6.543232222033214,76.0,False,60
2200600440123028,22,Querétaro,006,Corregidora,0044,San José de los Olvera,0123,028,Urbana,62,Típica,29,33,18,10.52,62.0,,0.0,0.0,0.0,,,,6.0,0.0,0.0,0.0,0.0,4.0,,3.0,8.0,41.0,15.0,8.0,49.0,5.0,33.0,62.0,29.0,62.0,0.0,0.0,0.0,3.44,0.82,9.0,,,,,,,56.0,30.0,26.0,7.0,4.0,3.0,22.0,54.0,29.0,25.0,7.0,4.0,3.0,47.0,25.0,22.0,0.0,0.0,0.0,60.0,32.0,28.0,60.0,32.0,28.0,8.0,4.0,4.0,4.0,,,3.0,,,18.0,18.0,18.0,,18.0,0.0,17.0,,19.0,,5.0,3.0,13.0,13.0,17.0,17.0,,13.0,,17.0,,4.0,18.0,17.0,18.0,18.0,18.0,10.0,16.0,12.0,0.0,,5.0,0.0,0.0,9.0,18.0,0.0,15.0,17.0,,0.0,0.0,0.0,0.0,5.0,13.0,0.0,11.0,17.0,18.0,62.0,4740.618098697481,11.162641447599583,0.0023546805954832344,0.14599019691996054,62.0,False,60
2200600440123044,22,Querétaro,006,Corregidora,0044,San José de los Olvera,0123,044,Urbana,2,Típica,0,0,2,,,,,,,,,,,,,,,,,,,,,,,,,,,2.0,,,,,,,,,,,,,,,,,,,,,,,,,,,,,,,,,,,,,,,,,,,,,,,2.0,,,,,,,,12.0,,,,,,,,,,,,,,,,,,,,,,,,,,,,,,,,,,,,,,,,,,,2.0,47136.25631450077,936.8444128662961,0.0198752401254677,0.0397504802509354,2.0,False,60
2200600440119005,22,Querétaro,006,Corregidora,0044,San José de los Olvera,0119,005,Urbana,54,Típica,32,22,25,7.98,54.0,,,,,3.0,,,0.0,0.0,0.0,,0.0,0.0,0.0,3.0,,20.0,26.0,8.0,32.0,14.0,22.0,54.0,32.0,54.0,0.0,0.0,0.0,2.16,0.44,15.0,,,0.0,0.0,0.0,0.0,46.0,19.0,27.0,,0.0,,9.0,46.0,19.0,27.0,,,0.0,45.0,19.0,26.0,3.0,,,52.0,20.0,32.0,50.0,20.0,30.0,17.0,8.0,9.0,3.0,0.0,3.0,,0.0,,25.0,26.0,25.0,,25.0,,25.0,0.0,26.0,0.0,0.0,0.0,25.0,25.0,24.0,25.0,0.0,11.0,,20.0,7.0,,25.0,25.0,25.0,25.0,25.0,9.0,13.0,20.0,0.0,0.0,14.0,0.0,0.0,9.0,25.0,0.0,14.0,22.0,12.0,4.0,4.0,3.0,,3.0,11.0,0.0,17.0,14.0,21.0,54.0,9801.005530128594,191.43818753873745,0.019532504797620056,1.054755259071483,54.0,False,60
2200600440373004,22,Querétaro,006,Corregidora,0044,San José de los Olvera,0373,004,Urbana,84,Típica,38,46,30,13.26,84.0,,,0.0,0.0,,,,5.0,,,5.0,0.0,8.0,13.0,3.0,14.0,47.0,23.0,18.0,58.0,8.0,46.0,84.0,38.0,84.0,0.0,0.0,0.0,2.8,0.63,14.0,,,,4.0,0.0,4.0,70.0,39.0,31.0,4.0,,3.0,27.0,66.0,39.0,27.0,8.0,4.0,4.0,62.0,38.0,24.0,3.0,,,82.0,45.0,37.0,81.0,45.0,36.0,11.0,7.0,4.0,9.0,4.0,5.0,10.0,,8.0,30.0,33.0,30.0,3.0,30.0,3.0,30.0,0.0,33.0,0.0,7.0,0.0,23.0,30.0,30.0,30.0,0.0,20.0,,28.0,4.0,10.0,30.0,30.0,30.0,30.0,30.0,23.0,29.0,29.0,0.0,,10.0,0.0,0.0,22.0,30.0,0.0,22.0,30.0,,0.0,0.0,0.0,0.0,17.0,22.0,0.0,19.0,28.0,29.0,84.0,3697.0989946741543,443.5313614744878,0.1199674020396575,10.07726177133123,84.0,False,60
2200600440123015,22,Querétaro,006,Corregidora,0044,San José de los Olvera,0123,015,Urbana,57,Típica,20,37,16,10.94,57.0,,0.0,0.0,,,,3.0,,0.0,,0.0,4.0,0.0,,4.0,4.0,32.0,18.0,7.0,46.0,4.0,37.0,57.0,20.0,57.0,0.0,0.0,0.0,3.56,0.8,10.0,,,,,,0.0,51.0,33.0,18.0,6.0,3.0,3.0,18.0,50.0,32.0,18.0,8.0,5.0,3.0,44.0,29.0,15.0,3.0,,,55.0,36.0,19.0,54.0,36.0,18.0,7.0,3.0,4.0,,,0.0,,,0.0,16.0,17.0,16.0,,16.0,,16.0,0.0,17.0,0.0,3.0,0.0,13.0,16.0,16.0,16.0,0.0,9.0,,16.0,,,16.0,16.0,16.0,16.0,16.0,12.0,15.0,15.0,0.0,,7.0,0.0,0.0,10.0,15.0,,8.0,16.0,,0.0,0.0,0.0,0.0,3.0,10.0,0.0,9.0,16.0,15.0,57.0,7592.235831208471,223.79368649881718,0.02947665107805213,1.6801691114489714,57.0,False,60
2200600440123017,22,Querétaro,006,Corregidora,0044,San José de los Olvera,0123,017,Urbana,38,Típica,23,15,11,11.28,38.0,,0.0,0.0,0.0,,0.0,0.0,4.0,0.0,0.0,,0.0,,3.0,,5.0,29.0,5.0,6.0,25.0,7.0,15.0,38.0,23.0,38.0,0.0,0.0,0.0,3.45,0.88,3.0,0.0,0.0,0.0,,,,34.0,13.0,21.0,,0.0,,6.0,32.0,12.0,20.0,4.0,,,31.0,12.0,19.0,,0.0,,38.0,15.0,23.0,37.0,15.0,22.0,8.0,,6.0,3.0,,,3.0,,,11.0,12.0,11.0,,11.0,,10.0,0.0,13.0,0.0,0.0,0.0,11.0,11.0,11.0,11.0,0.0,8.0,0.0,10.0,,,11.0,11.0,11.0,11.0,11.0,6.0,9.0,10.0,0.0,0.0,3.0,0.0,0.0,6.0,11.0,0.0,10.0,11.0,,0.0,0.0,0.0,0.0,,8.0,0.0,8.0,11.0,11.0,38.0,3333.336867722058,272.36146843871427,0.08170835389488887,3.104917448005777,38.0,False,60
2200600440180005,22,Querétaro,006,Corregidora,0044,San José de los Olvera,0180,005,Urbana,40,Típica,22,18,10,12.63,40.0,,,0.0,0.0,,0.0,0.0,3.0,,0.0,4.0,0.0,3.0,7.0,,8.0,25.0,12.0,5.0,30.0,5.0,18.0,40.0,22.0,40.0,0.0,0.0,0.0,4.0,0.75,14.0,0.0,0.0,0.0,,0.0,,37.0,17.0,20.0,,0.0,,9.0,35.0,17.0,18.0,3.0,,,34.0,17.0,17.0,,0.0,,40.0,18.0,22.0,38.0,18.0,20.0,5.0,4.0,,,,0.0,3.0,,,10.0,17.0,10.0,,10.0,5.0,10.0,,17.0,0.0,,,9.0,9.0,10.0,10.0,0.0,8.0,0.0,10.0,,,10.0,10.0,10.0,10.0,10.0,8.0,9.0,8.0,0.0,,,0.0,0.0,6.0,10.0,0.0,6.0,10.0,,0.0,0.0,0.0,0.0,4.0,7.0,0.0,9.0,7.0,10.0,40.0,12639.75691268879,712.9484747744413,0.056405236247757826,2.256209449910313,40.0,False,60
2200600440528028,22,Querétaro,006,Corregidora,0044,San José de los Olvera,0528,028,Urbana,1593,Típica,742,851,500,14.59,1593.0,,9.0,6.0,9.0,14.0,6.0,13.0,23.0,5.0,,19.0,19.0,14.0,37.0,36.0,78.0,835.0,547.0,293.0,1159.0,141.0,851.0,1593.0,742.0,1593.0,127.0,74.0,53.0,3.19,0.62,351.0,33.0,21.0,12.0,82.0,38.0,44.0,1382.0,748.0,634.0,73.0,36.0,37.0,480.0,1300.0,710.0,590.0,235.0,128.0,107.0,1227.0,674.0,553.0,41.0,18.0,23.0,1560.0,830.0,730.0,1535.0,816.0,719.0,188.0,119.0,69.0,137.0,64.0,73.0,183.0,84.0,99.0,500.0,544.0,500.0,50.0,500.0,39.0,494.0,11.0,550.0,0.0,32.0,,468.0,498.0,500.0,500.0,0.0,468.0,163.0,493.0,384.0,209.0,500.0,500.0,500.0,500.0,500.0,434.0,483.0,478.0,0.0,41.0,30.0,0.0,0.0,449.0,499.0,,403.0,500.0,11.0,0.0,0.0,0.0,0.0,354.0,449.0,0.0,393.0,486.0,497.0,1593.0,207718.99281468784,456.2950165140098,0.0021966937656061323,3.4993331686105686,1593.0,False,60
2200600440123031,22,Querétaro,006,Corregidora,0044,San José de los Olvera,0123,031,Urbana,132,Típica,69,63,33,9.57,132.0,,,0.0,0.0,5.0,0.0,,5.0,,0.0,0.0,,5.0,3.0,7.0,10.0,75.0,28.0,34.0,86.0,12.0,63.0,132.0,69.0,132.0,,,0.0,4.0,1.03,32.0,,,0.0,6.0,0.0,6.0,104.0,50.0,54.0,5.0,3.0,,36.0,98.0,50.0,48.0,9.0,6.0,3.0,93.0,47.0,46.0,12.0,3.0,9.0,130.0,61.0,69.0,123.0,59.0,64.0,18.0,7.0,11.0,14.0,8.0,6.0,16.0,6.0,10.0,33.0,32.0,33.0,,33.0,,31.0,0.0,34.0,8.0,15.0,3.0,18.0,22.0,33.0,33.0,0.0,18.0,5.0,31.0,6.0,4.0,33.0,33.0,33.0,33.0,33.0,16.0,26.0,29.0,0.0,0.0,15.0,0.0,0.0,10.0,33.0,0.0,23.0,32.0,6.0,,0.0,0.0,0.0,5.0,23.0,0.0,20.0,29.0,33.0,132.0,5760.643220079633,316.9358718071096,0.05501744504891043,7.262302746456177,132.0,False,60
2200600440123040,22,Querétaro,006,Corregidora,0044,San José de los Olvera,0123,040,Urbana,96,Típica,53,43,26,10.71,96.0,,0.0,0.0,,,0.0,,6.0,,0.0,,,5.0,6.0,4.0,12.0,54.0,27.0,19.0,69.0,8.0,43.0,96.0,53.0,96.0,3.0,,,3.69,1.07,24.0,3.0,0.0,3.0,5.0,3.0,,82.0,38.0,44.0,3.0,,,22.0,77.0,35.0,42.0,15.0,5.0,10.0,74.0,33.0,41.0,,,,93.0,43.0,50.0,93.0,43.0,50.0,13.0,5.0,8.0,9.0,4.0,5.0,11.0,6.0,5.0,26.0,27.0,26.0,,26.0,,25.0,,28.0,3.0,9.0,4.0,17.0,19.0,26.0,26.0,0.0,13.0,,24.0,5.0,4.0,26.0,26.0,26.0,26.0,26.0,17.0,20.0,19.0,0.0,,12.0,0.0,0.0,15.0,25.0,,17.0,24.0,6.0,0.0,,0.0,0.0,6.0,17.0,0.0,18.0,25.0,25.0,96.0,7711.90653651786,292.85742864806497,0.03797471186422057,3.6455723389651746,96.0,False,60
2200600440123038,22,Querétaro,006,Corregidora,0044,San José de los Olvera,0123,038,Urbana,87,Típica,45,42,21,10.24,87.0,,0.0,0.0,0.0,0.0,0.0,0.0,,,0.0,,0.0,,,0.0,5.0,47.0,24.0,20.0,63.0,4.0,42.0,87.0,45.0,87.0,,0.0,,4.14,0.93,16.0,,,,4.0,,,71.0,38.0,33.0,7.0,4.0,3.0,27.0,67.0,36.0,31.0,13.0,6.0,7.0,60.0,32.0,28.0,4.0,,3.0,85.0,41.0,44.0,82.0,40.0,42.0,9.0,3.0,6.0,10.0,,8.0,12.0,3.0,9.0,21.0,21.0,21.0,,21.0,,20.0,0.0,22.0,,3.0,0.0,18.0,20.0,20.0,21.0,0.0,8.0,,19.0,3.0,4.0,21.0,21.0,21.0,21.0,21.0,14.0,15.0,16.0,0.0,,13.0,0.0,0.0,5.0,21.0,0.0,15.0,21.0,6.0,0.0,0.0,0.0,0.0,,16.0,0.0,11.0,20.0,20.0,87.0,5580.658660583726,541.0499937102909,0.09695092042302013,8.43473007680275,87.0,False,60
2200600440123037,22,Querétaro,006,Corregidora,0044,San José de los Olvera,0123,037,Urbana,43,Típica,24,19,9,10.12,43.0,,0.0,0.0,0.0,0.0,0.0,0.0,,0.0,0.0,0.0,0.0,0.0,,0.0,,25.0,11.0,9.0,27.0,7.0,19.0,43.0,24.0,43.0,0.0,0.0,0.0,4.78,1.13,8.0,,0.0,,,,,36.0,17.0,19.0,,,,8.0,34.0,16.0,18.0,3.0,0.0,3.0,32.0,15.0,17.0,,,0.0,42.0,19.0,23.0,41.0,18.0,23.0,8.0,4.0,4.0,5.0,,4.0,7.0,,5.0,9.0,8.0,9.0,0.0,9.0,0.0,8.0,0.0,9.0,0.0,,,8.0,8.0,9.0,9.0,0.0,6.0,,9.0,0.0,,9.0,9.0,9.0,9.0,9.0,6.0,6.0,8.0,0.0,,3.0,0.0,0.0,5.0,9.0,0.0,6.0,9.0,3.0,0.0,0.0,0.0,0.0,3.0,7.0,0.0,6.0,7.0,9.0,43.0,4452.464670991623,29.969667010879167,0.006731028593249797,0.2894342295097413,43.0,False,60
2200600440123029,22,Querétaro,006,Corregidora,0044,San José de los Olvera,0123,029,Urbana,6,Típica,0,0,2,,,,,,,,,,,,,,,,,,,,,,,,,,,6.0,,,,,,,,,,,,,,,,,,,,,,,,,,,,,,,,,,,,,,,,,,,,,,,2.0,,,,,,,,2.0,,,,,,,,,,,,,,,,,,,,,,,,,,,,,,,,,,,,,,,,,,,6.0,709.1993943852547,412.98044427732185,0.5823192286215922,3.4939153717295532,6.0,True,60
2200600440119012,22,Querétaro,006,Corregidora,0044,San José de los Olvera,0119,012,Urbana,57,Típica,29,28,15,10.42,57.0,,0.0,0.0,0.0,0.0,0.0,,0.0,0.0,0.0,,,0.0,3.0,,3.0,29.0,18.0,14.0,40.0,3.0,28.0,57.0,29.0,57.0,0.0,0.0,0.0,3.8,1.24,6.0,,,0.0,4.0,0.0,4.0,47.0,22.0,25.0,5.0,4.0,,14.0,43.0,22.0,21.0,5.0,,3.0,38.0,18.0,20.0,6.0,4.0,,56.0,27.0,29.0,51.0,23.0,28.0,4.0,4.0,0.0,3.0,,,5.0,0.0,5.0,15.0,15.0,15.0,0.0,15.0,0.0,15.0,0.0,15.0,0.0,3.0,4.0,12.0,11.0,15.0,15.0,0.0,7.0,,12.0,0.0,3.0,15.0,15.0,15.0,15.0,15.0,6.0,12.0,11.0,0.0,0.0,8.0,0.0,0.0,7.0,15.0,0.0,7.0,15.0,3.0,,0.0,0.0,0.0,,12.0,0.0,8.0,7.0,14.0,57.0,2835.144420247056,34.91740104751274,0.012315916183370305,0.7020072224521073,57.0,False,60
2200600440119011,22,Querétaro,006,Corregidora,0044,San José de los Olvera,0119,011,Urbana,67,Típica,37,30,21,11.39,67.0,,,0.0,0.0,,0.0,0.0,3.0,0.0,0.0,,0.0,,0.0,,3.0,33.0,26.0,11.0,51.0,5.0,30.0,67.0,37.0,67.0,0.0,0.0,0.0,3.19,0.85,14.0,,,,3.0,,,59.0,27.0,32.0,3.0,,,17.0,56.0,26.0,30.0,8.0,,6.0,53.0,24.0,29.0,,0.0,,65.0,29.0,36.0,63.0,29.0,34.0,13.0,4.0,9.0,4.0,,,5.0,,3.0,21.0,24.0,21.0,,21.0,,21.0,,24.0,,5.0,4.0,16.0,15.0,21.0,21.0,0.0,12.0,,20.0,7.0,,21.0,21.0,21.0,21.0,21.0,13.0,19.0,17.0,0.0,,9.0,0.0,0.0,12.0,20.0,,17.0,21.0,,0.0,0.0,0.0,0.0,5.0,18.0,0.0,15.0,18.0,20.0,67.0,10746.002726615216,4.381632753325145,0.00040774536027921477,0.02731893913870739,67.0,False,60
2200600440119002,22,Querétaro,006,Corregidora,0044,San José de los Olvera,0119,002,Urbana,67,Típica,33,34,16,10.2,67.0,,,,,0.0,,7.0,5.0,,0.0,3.0,,3.0,16.0,10.0,20.0,42.0,14.0,12.0,49.0,6.0,34.0,67.0,33.0,67.0,0.0,0.0,0.0,4.19,0.85,17.0,5.0,3.0,,,0.0,,56.0,27.0,29.0,4.0,,3.0,17.0,55.0,27.0,28.0,4.0,,3.0,51.0,26.0,25.0,4.0,3.0,,62.0,31.0,31.0,60.0,30.0,30.0,15.0,8.0,7.0,,,,3.0,,,16.0,18.0,16.0,,16.0,,16.0,,18.0,0.0,,,14.0,14.0,16.0,16.0,0.0,12.0,,16.0,,3.0,16.0,16.0,16.0,16.0,16.0,11.0,15.0,16.0,0.0,,4.0,0.0,0.0,8.0,16.0,0.0,9.0,16.0,,0.0,0.0,0.0,0.0,4.0,10.0,0.0,15.0,14.0,15.0,67.0,6333.438742085811,25.920968131908154,0.004092716324808334,0.2742119937621583,67.0,False,60
2200600440119003,22,Querétaro,006,Corregidora,0044,San José de los Olvera,0119,003,Urbana,85,Típica,39,46,20,11.49,85.0,,0.0,0.0,,,0.0,4.0,4.0,4.0,0.0,,,3.0,14.0,6.0,22.0,48.0,21.0,18.0,59.0,8.0,46.0,85.0,39.0,85.0,0.0,0.0,0.0,4.25,0.98,9.0,,,0.0,,,,69.0,38.0,31.0,4.0,3.0,,22.0,67.0,37.0,30.0,11.0,5.0,6.0,63.0,34.0,29.0,3.0,,,84.0,45.0,39.0,81.0,43.0,38.0,16.0,8.0,8.0,12.0,5.0,7.0,9.0,4.0,5.0,20.0,25.0,20.0,,20.0,,20.0,4.0,25.0,,3.0,,17.0,18.0,20.0,20.0,0.0,16.0,,17.0,,5.0,20.0,20.0,20.0,20.0,20.0,14.0,16.0,16.0,0.0,,4.0,0.0,0.0,12.0,19.0,,14.0,20.0,4.0,,0.0,0.0,0.0,6.0,14.0,0.0,17.0,17.0,20.0,85.0,6809.986407469193,310.7317963990446,0.04562884238039505,3.8784516023335796,85.0,False,60
2200600440119004,22,Querétaro,006,Corregidora,0044,San José de los Olvera,0119,004,Urbana,100,Típica,45,55,23,10.89,100.0,,,0.0,0.0,5.0,,,3.0,0.0,0.0,0.0,0.0,0.0,4.0,7.0,6.0,53.0,27.0,20.0,72.0,8.0,55.0,100.0,45.0,100.0,0.0,0.0,0.0,4.35,0.85,16.0,4.0,,,0.0,0.0,0.0,80.0,41.0,39.0,3.0,,,28.0,80.0,41.0,39.0,12.0,4.0,8.0,77.0,40.0,37.0,6.0,5.0,,96.0,53.0,43.0,93.0,50.0,43.0,11.0,6.0,5.0,10.0,7.0,3.0,9.0,6.0,3.0,23.0,27.0,23.0,,23.0,3.0,23.0,,27.0,0.0,3.0,,20.0,22.0,23.0,23.0,0.0,17.0,7.0,23.0,3.0,6.0,23.0,23.0,23.0,23.0,23.0,16.0,17.0,22.0,0.0,,6.0,0.0,0.0,14.0,22.0,,18.0,21.0,5.0,0.0,0.0,0.0,0.0,8.0,14.0,0.0,13.0,20.0,23.0,100.0,7140.36937391391,369.9728798437329,0.05181424944140343,5.181424944140343,100.0,False,60
2200600440119027,22,Querétaro,006,Corregidora,0044,San José de los Olvera,0119,027,Urbana,38,Típica,18,20,11,11.19,38.0,,,0.0,0.0,0.0,0.0,0.0,4.0,0.0,0.0,,0.0,3.0,5.0,,8.0,26.0,7.0,6.0,30.0,,20.0,38.0,18.0,38.0,0.0,0.0,0.0,3.45,0.73,7.0,0.0,0.0,0.0,,,0.0,33.0,17.0,16.0,,0.0,,10.0,32.0,16.0,16.0,5.0,,3.0,31.0,16.0,15.0,,,0.0,38.0,20.0,18.0,38.0,20.0,18.0,5.0,3.0,,4.0,,,4.0,,,11.0,12.0,11.0,,11.0,,11.0,0.0,12.0,0.0,,,10.0,10.0,11.0,11.0,0.0,9.0,,10.0,3.0,,11.0,11.0,11.0,11.0,11.0,6.0,8.0,11.0,0.0,,,0.0,0.0,6.0,10.0,,8.0,11.0,3.0,,0.0,0.0,0.0,,8.0,0.0,7.0,10.0,11.0,38.0,4890.375686892205,84.44803695487954,0.017268210534668677,0.6561920003174098,38.0,False,60
2200600440119028,22,Querétaro,006,Corregidora,0044,San José de los Olvera,0119,028,Urbana,14,Típica,8,6,3,13.5,14.0,,0.0,0.0,0.0,0.0,0.0,0.0,0.0,0.0,0.0,0.0,0.0,0.0,,0.0,,6.0,5.0,4.0,8.0,,6.0,14.0,8.0,14.0,0.0,0.0,0.0,4.67,1.0,6.0,,,0.0,,0.0,,11.0,4.0,7.0,,0.0,,,10.0,4.0,6.0,0.0,0.0,0.0,9.0,4.0,5.0,0.0,0.0,0.0,13.0,5.0,8.0,13.0,5.0,8.0,,,,,,,,0.0,,3.0,5.0,3.0,,3.0,,3.0,0.0,5.0,0.0,0.0,0.0,3.0,3.0,3.0,3.0,0.0,3.0,,3.0,0.0,0.0,3.0,3.0,3.0,3.0,3.0,,3.0,3.0,0.0,0.0,0.0,0.0,0.0,,3.0,0.0,3.0,3.0,0.0,0.0,0.0,0.0,0.0,,,0.0,,3.0,3.0,14.0,2698.0915460437013,260.7389586638317,0.09663829199797228,1.352936087971612,14.0,False,60
2200600440119006,22,Querétaro,006,Corregidora,0044,San José de los Olvera,0119,006,Urbana,4,Típica,0,0,1,,,,,,,,,,,,,,,,,,,,,,,,,,,4.0,,,,,,,,,,,,,,,,,,,,,,,,,,,,,,,,,,,,,,,,,,,,,,,1.0,,,,,,,,1.0,,,,,,,,,,,,,,,,,,,,,,,,,,,,,,,,,,,,,,,,,,,4.0,1082.8556724453522,465.5904409018878,0.42996537096256887,1.7198614838502755,4.0,False,60
2200600440123025,22,Querétaro,006,Corregidora,0044,San José de los Olvera,0123,025,Urbana,51,Típica,27,24,17,11.34,51.0,,0.0,0.0,0.0,,,0.0,0.0,0.0,0.0,,0.0,,,,,34.0,10.0,8.0,39.0,4.0,24.0,51.0,27.0,51.0,0.0,0.0,0.0,3.0,1.06,6.0,,,,,,0.0,44.0,23.0,21.0,4.0,3.0,,18.0,43.0,22.0,21.0,8.0,3.0,5.0,39.0,19.0,20.0,0.0,0.0,0.0,49.0,23.0,26.0,49.0,23.0,26.0,4.0,3.0,,5.0,0.0,5.0,3.0,,,17.0,17.0,17.0,,17.0,0.0,16.0,,18.0,4.0,10.0,3.0,7.0,10.0,17.0,17.0,0.0,9.0,0.0,17.0,,0.0,17.0,17.0,17.0,17.0,17.0,7.0,11.0,11.0,0.0,0.0,8.0,0.0,0.0,10.0,17.0,0.0,11.0,16.0,3.0,0.0,,0.0,0.0,,8.0,0.0,9.0,15.0,15.0,51.0,2510.9609525212795,28.42394164323835,0.011319945702340612,0.5773172308193713,51.0,False,60
2200600440123041,22,Querétaro,006,Corregidora,0044,San José de los Olvera,0123,041,Urbana,10,Típica,6,4,4,10.0,10.0,,0.0,0.0,0.0,0.0,0.0,0.0,0.0,0.0,0.0,0.0,0.0,0.0,0.0,0.0,0.0,8.0,0.0,,8.0,0.0,4.0,10.0,6.0,10.0,0.0,0.0,0.0,2.5,0.83,0.0,0.0,0.0,0.0,0.0,0.0,0.0,8.0,3.0,5.0,0.0,0.0,0.0,3.0,8.0,3.0,5.0,,0.0,,8.0,3.0,5.0,,,0.0,10.0,4.0,6.0,9.0,3.0,6.0,0.0,0.0,0.0,,0.0,,0.0,0.0,0.0,4.0,4.0,4.0,,4.0,,3.0,0.0,5.0,,,0.0,3.0,3.0,4.0,4.0,0.0,,0.0,4.0,,,4.0,4.0,4.0,4.0,4.0,,3.0,3.0,0.0,0.0,,0.0,0.0,4.0,4.0,0.0,3.0,3.0,0.0,0.0,0.0,0.0,0.0,3.0,3.0,0.0,3.0,4.0,4.0,10.0,660.2807844211205,408.45563459953297,0.6186089982273724,6.186089982273724,10.0,True,60
2200601420299022,22,Querétaro,006,Corregidora,0142,Venceremos,0299,022,Urbana,59,Típica,33,26,14,10.5,59.0,,0.0,0.0,0.0,,0.0,,3.0,,0.0,0.0,,,,,4.0,31.0,15.0,15.0,43.0,,26.0,59.0,33.0,59.0,0.0,0.0,0.0,4.21,1.26,9.0,3.0,0.0,3.0,,,,46.0,23.0,23.0,3.0,0.0,3.0,19.0,44.0,22.0,22.0,12.0,6.0,6.0,41.0,22.0,19.0,4.0,,3.0,56.0,26.0,30.0,54.0,25.0,29.0,,,0.0,6.0,,4.0,7.0,3.0,4.0,14.0,13.0,14.0,0.0,14.0,0.0,13.0,0.0,14.0,,3.0,,11.0,11.0,14.0,14.0,0.0,8.0,,14.0,0.0,3.0,14.0,14.0,14.0,14.0,14.0,8.0,13.0,10.0,0.0,,6.0,0.0,0.0,8.0,14.0,0.0,11.0,14.0,,0.0,0.0,0.0,0.0,3.0,9.0,0.0,6.0,14.0,14.0,59.0,2098.8831428706203,313.44145575041244,0.14933725911092025,8.810898287544294,59.0,False,60
2200601420299020,22,Querétaro,006,Corregidora,0142,Venceremos,0299,020,Urbana,109,Típica,62,47,24,10.46,109.0,,0.0,0.0,0.0,0.0,0.0,0.0,6.0,0.0,0.0,,0.0,6.0,11.0,0.0,14.0,57.0,35.0,27.0,81.0,,47.0,109.0,62.0,109.0,,,0.0,4.54,1.22,45.0,6.0,,4.0,10.0,4.0,6.0,92.0,44.0,48.0,7.0,4.0,3.0,35.0,82.0,40.0,42.0,21.0,9.0,12.0,75.0,36.0,39.0,0.0,0.0,0.0,103.0,45.0,58.0,103.0,45.0,58.0,3.0,,,11.0,,10.0,20.0,5.0,15.0,24.0,25.0,24.0,3.0,24.0,3.0,22.0,0.0,27.0,,3.0,0.0,21.0,22.0,24.0,24.0,0.0,18.0,3.0,24.0,,4.0,24.0,24.0,24.0,24.0,24.0,10.0,18.0,19.0,0.0,,6.0,0.0,0.0,12.0,24.0,0.0,15.0,23.0,5.0,0.0,0.0,0.0,0.0,3.0,16.0,0.0,14.0,23.0,24.0,109.0,7054.6720243575965,106.64745624056906,0.015117280558521847,1.6477835808788814,109.0,False,60
2200601420706030,22,Querétaro,006,Corregidora,0142,Venceremos,0706,030,Urbana,56,Típica,27,29,13,9.35,56.0,,4.0,,3.0,5.0,,,3.0,0.0,0.0,,,,4.0,7.0,5.0,22.0,19.0,16.0,34.0,6.0,29.0,56.0,27.0,56.0,0.0,0.0,0.0,4.31,1.22,24.0,4.0,,3.0,,0.0,,41.0,22.0,19.0,3.0,,,16.0,40.0,22.0,18.0,9.0,6.0,3.0,37.0,21.0,16.0,5.0,4.0,,52.0,28.0,24.0,48.0,25.0,23.0,6.0,3.0,3.0,6.0,,4.0,6.0,,5.0,13.0,13.0,13.0,,13.0,,12.0,0.0,14.0,0.0,,,11.0,12.0,8.0,12.0,,6.0,,12.0,0.0,,13.0,12.0,13.0,13.0,13.0,7.0,10.0,8.0,0.0,0.0,7.0,0.0,0.0,,13.0,0.0,4.0,11.0,3.0,,,0.0,0.0,0.0,10.0,0.0,6.0,13.0,12.0,56.0,6104.755591553199,1214.8136325457801,0.19899463857761124,11.14369976034623,56.0,False,60
2200601420299021,22,Querétaro,006,Corregidora,0142,Venceremos,0299,021,Urbana,74,Típica,30,44,15,10.58,74.0,,0.0,,,,,0.0,,0.0,0.0,0.0,,0.0,,,3.0,35.0,22.0,21.0,51.0,,44.0,74.0,30.0,74.0,0.0,0.0,0.0,4.93,1.3,40.0,,,0.0,5.0,3.0,,58.0,32.0,26.0,3.0,,,22.0,53.0,29.0,24.0,8.0,3.0,5.0,50.0,28.0,22.0,4.0,3.0,,73.0,43.0,30.0,70.0,41.0,29.0,5.0,3.0,,11.0,8.0,3.0,14.0,10.0,4.0,15.0,13.0,15.0,0.0,15.0,0.0,13.0,0.0,15.0,0.0,,,13.0,14.0,15.0,15.0,0.0,7.0,0.0,14.0,,,15.0,15.0,15.0,15.0,15.0,10.0,14.0,11.0,0.0,,8.0,0.0,0.0,5.0,15.0,0.0,12.0,14.0,,,,,,3.0,9.0,0.0,6.0,15.0,13.0,74.0,2383.4933582165568,41.51893442098637,0.017419362331285375,1.2890328125151178,74.0,False,60
2200601420481002,22,Querétaro,006,Corregidora,0142,Venceremos,0481,002,Urbana,76,Edificio-Manzana,37,39,24,14.07,76.0,,0.0,0.0,0.0,0.0,0.0,0.0,0.0,0.0,0.0,,0.0,0.0,5.0,0.0,5.0,45.0,22.0,15.0,58.0,3.0,39.0,76.0,37.0,76.0,0.0,0.0,0.0,3.17,0.66,29.0,0.0,0.0,0.0,6.0,,4.0,67.0,33.0,34.0,4.0,,3.0,20.0,61.0,31.0,30.0,12.0,6.0,6.0,57.0,30.0,27.0,0.0,0.0,0.0,76.0,39.0,37.0,76.0,39.0,37.0,7.0,3.0,4.0,9.0,6.0,3.0,13.0,6.0,7.0,24.0,28.0,24.0,,24.0,3.0,24.0,,28.0,0.0,0.0,0.0,24.0,24.0,24.0,24.0,0.0,21.0,9.0,24.0,,12.0,24.0,24.0,24.0,24.0,24.0,23.0,24.0,23.0,0.0,,,0.0,0.0,21.0,24.0,0.0,17.0,24.0,0.0,0.0,0.0,0.0,0.0,16.0,22.0,0.0,21.0,24.0,24.0,76.0,3185.710327105713,63.33422296463838,0.019880722495625926,1.5109349096675704,76.0,False,60
2200601420299025,22,Querétaro,006,Corregidora,0142,Venceremos,0299,025,Urbana,245,Típica,107,138,71,12.58,245.0,,,,0.0,,,3.0,8.0,,4.0,11.0,4.0,10.0,16.0,5.0,30.0,130.0,73.0,56.0,172.0,17.0,138.0,245.0,107.0,245.0,15.0,11.0,4.0,3.45,0.8,30.0,5.0,4.0,,14.0,6.0,8.0,203.0,114.0,89.0,15.0,9.0,6.0,81.0,189.0,108.0,81.0,29.0,18.0,11.0,174.0,99.0,75.0,7.0,6.0,,240.0,134.0,106.0,236.0,130.0,106.0,23.0,14.0,9.0,30.0,14.0,16.0,32.0,16.0,16.0,71.0,57.0,71.0,3.0,71.0,3.0,54.0,0.0,74.0,,12.0,,59.0,68.0,71.0,71.0,0.0,50.0,4.0,69.0,,13.0,71.0,71.0,71.0,71.0,71.0,48.0,62.0,60.0,0.0,3.0,20.0,0.0,0.0,52.0,70.0,,55.0,69.0,7.0,0.0,,0.0,0.0,26.0,55.0,0.0,48.0,69.0,69.0,245.0,20057.327409573016,801.0131160416371,0.03993618390351086,9.784365056360162,245.0,False,60
2200601420462011,22,Querétaro,006,Corregidora,0142,Venceremos,0462,011,Urbana,69,Típica,36,33,17,11.74,69.0,,0.0,0.0,0.0,0.0,0.0,,5.0,,,0.0,,0.0,8.0,,13.0,41.0,19.0,16.0,52.0,,33.0,69.0,36.0,69.0,0.0,0.0,0.0,4.06,0.95,28.0,,,,7.0,4.0,3.0,60.0,30.0,30.0,3.0,,,19.0,53.0,26.0,27.0,6.0,,4.0,50.0,24.0,26.0,3.0,0.0,3.0,67.0,32.0,35.0,65.0,32.0,33.0,,,0.0,4.0,,,9.0,5.0,4.0,17.0,17.0,17.0,,17.0,,15.0,,19.0,0.0,5.0,,12.0,16.0,17.0,17.0,0.0,12.0,0.0,16.0,4.0,5.0,17.0,17.0,17.0,17.0,17.0,9.0,13.0,15.0,0.0,0.0,5.0,0.0,0.0,8.0,17.0,0.0,10.0,17.0,4.0,,0.0,0.0,0.0,3.0,12.0,0.0,9.0,16.0,15.0,69.0,5491.135686849407,490.6161792707387,0.08934694155267443,6.164938967134536,69.0,False,60
2200601420316020,22,Querétaro,006,Corregidora,0142,Venceremos,0316,020,Urbana,39,Típica,23,16,11,8.52,39.0,,,0.0,0.0,0.0,0.0,0.0,,,0.0,,0.0,,,,5.0,26.0,7.0,10.0,29.0,0.0,16.0,39.0,23.0,39.0,0.0,0.0,0.0,3.55,1.05,12.0,,0.0,,4.0,,3.0,33.0,14.0,19.0,,,0.0,9.0,29.0,13.0,16.0,5.0,,3.0,28.0,12.0,16.0,,,0.0,37.0,16.0,21.0,36.0,15.0,21.0,0.0,0.0,0.0,3.0,,,6.0,,4.0,11.0,10.0,11.0,0.0,11.0,0.0,10.0,0.0,11.0,0.0,4.0,4.0,7.0,7.0,11.0,11.0,0.0,7.0,,11.0,0.0,0.0,11.0,11.0,11.0,11.0,11.0,,9.0,6.0,0.0,,4.0,0.0,0.0,3.0,10.0,,9.0,9.0,,0.0,0.0,0.0,0.0,,4.0,0.0,4.0,10.0,11.0,39.0,5526.986902005179,427.52594412517834,0.07735244387318392,3.016745311054173,39.0,False,60
2200601420462010,22,Querétaro,006,Corregidora,0142,Venceremos,0462,010,Urbana,272,Típica,130,142,88,13.31,272.0,,0.0,0.0,0.0,0.0,0.0,,,0.0,0.0,3.0,0.0,0.0,7.0,,8.0,156.0,65.0,67.0,197.0,8.0,142.0,272.0,130.0,272.0,26.0,15.0,11.0,3.09,0.71,44.0,14.0,4.0,10.0,17.0,6.0,11.0,222.0,119.0,103.0,20.0,11.0,9.0,90.0,205.0,113.0,92.0,34.0,20.0,14.0,185.0,102.0,83.0,11.0,5.0,6.0,258.0,138.0,120.0,251.0,134.0,117.0,10.0,7.0,3.0,25.0,14.0,11.0,30.0,14.0,16.0,88.0,102.0,88.0,18.0,88.0,18.0,84.0,0.0,106.0,0.0,3.0,,85.0,87.0,88.0,88.0,0.0,71.0,9.0,86.0,4.0,23.0,88.0,88.0,88.0,88.0,88.0,65.0,84.0,80.0,0.0,7.0,16.0,0.0,0.0,71.0,88.0,0.0,63.0,85.0,3.0,,0.0,0.0,0.0,37.0,75.0,0.0,55.0,87.0,87.0,272.0,14374.890391019811,161.48619950376974,0.011233908232417017,3.0556230392174286,272.0,False,60
2200601420532036,22,Querétaro,006,Corregidora,0142,Venceremos,0532,036,Urbana,40,Típica,20,20,12,13.97,40.0,,0.0,,,0.0,,0.0,,0.0,0.0,,,0.0,3.0,,3.0,23.0,11.0,8.0,31.0,,20.0,40.0,20.0,40.0,18.0,11.0,7.0,3.33,0.69,6.0,0.0,0.0,0.0,,0.0,,34.0,18.0,16.0,3.0,,,14.0,32.0,18.0,14.0,3.0,,,29.0,17.0,12.0,,0.0,,40.0,20.0,20.0,39.0,20.0,19.0,7.0,3.0,4.0,4.0,,,6.0,,4.0,12.0,13.0,12.0,,12.0,,12.0,0.0,13.0,0.0,0.0,0.0,12.0,12.0,12.0,12.0,0.0,8.0,0.0,12.0,,,12.0,12.0,12.0,12.0,12.0,9.0,12.0,11.0,0.0,0.0,4.0,0.0,0.0,6.0,12.0,0.0,9.0,12.0,0.0,0.0,,0.0,0.0,5.0,8.0,0.0,7.0,12.0,11.0,40.0,2281.601512180894,635.03192620479,0.2783272726698834,11.133090906795335,40.0,True,60
2200601420532026,22,Querétaro,006,Corregidora,0142,Venceremos,0532,026,Urbana,101,Típica,42,59,30,12.97,101.0,,0.0,0.0,,3.0,,,3.0,,0.0,,0.0,4.0,7.0,3.0,12.0,54.0,26.0,27.0,64.0,10.0,59.0,101.0,42.0,101.0,0.0,0.0,0.0,3.37,0.68,4.0,,,0.0,6.0,5.0,,80.0,47.0,33.0,6.0,3.0,3.0,32.0,74.0,42.0,32.0,8.0,6.0,,68.0,39.0,29.0,5.0,,3.0,100.0,58.0,42.0,98.0,58.0,40.0,12.0,6.0,6.0,15.0,9.0,6.0,17.0,11.0,6.0,30.0,35.0,30.0,7.0,30.0,7.0,28.0,0.0,37.0,,6.0,0.0,24.0,29.0,30.0,30.0,0.0,26.0,,30.0,6.0,7.0,30.0,30.0,30.0,30.0,30.0,24.0,30.0,29.0,0.0,0.0,4.0,0.0,0.0,23.0,30.0,0.0,19.0,30.0,0.0,0.0,,0.0,0.0,14.0,28.0,0.0,15.0,30.0,29.0,101.0,3961.937436206079,193.9996920009007,0.04896586458636089,4.94555232322245,101.0,False,60
2200601420301016,22,Querétaro,006,Corregidora,0142,Venceremos,0301,016,Urbana,79,Típica,42,37,23,9.1,79.0,,,0.0,0.0,,,,3.0,0.0,0.0,0.0,,,4.0,3.0,7.0,46.0,22.0,18.0,58.0,3.0,37.0,79.0,42.0,79.0,0.0,0.0,0.0,3.43,0.96,20.0,3.0,0.0,3.0,7.0,,5.0,68.0,31.0,37.0,,,,21.0,61.0,29.0,32.0,17.0,7.0,10.0,59.0,28.0,31.0,,0.0,,76.0,37.0,39.0,75.0,37.0,38.0,5.0,4.0,,7.0,6.0,,11.0,5.0,6.0,23.0,24.0,23.0,,23.0,,22.0,0.0,25.0,,5.0,,18.0,19.0,20.0,22.0,,10.0,5.0,23.0,4.0,,23.0,22.0,23.0,23.0,23.0,13.0,18.0,19.0,0.0,5.0,13.0,0.0,0.0,10.0,23.0,0.0,16.0,22.0,5.0,0.0,0.0,0.0,0.0,,12.0,0.0,11.0,18.0,21.0,79.0,31269.571257438627,879.1877218167764,0.02811639835348331,2.2211954699251812,79.0,False,60
2200601420299016,22,Querétaro,006,Corregidora,0142,Venceremos,0299,016,Urbana,146,Típica,71,75,40,10.4,146.0,,,,,,,0.0,4.0,0.0,0.0,,,0.0,5.0,3.0,9.0,63.0,44.0,49.0,94.0,3.0,75.0,146.0,71.0,146.0,,0.0,,3.65,0.87,41.0,3.0,,,10.0,4.0,6.0,107.0,56.0,51.0,7.0,4.0,3.0,43.0,97.0,52.0,45.0,10.0,6.0,4.0,90.0,48.0,42.0,12.0,4.0,8.0,143.0,73.0,70.0,132.0,69.0,63.0,5.0,,4.0,24.0,13.0,11.0,27.0,14.0,13.0,40.0,39.0,40.0,,40.0,,35.0,,44.0,,8.0,3.0,32.0,35.0,40.0,40.0,0.0,30.0,4.0,40.0,8.0,5.0,40.0,40.0,40.0,39.0,39.0,23.0,34.0,33.0,0.0,6.0,7.0,0.0,0.0,25.0,40.0,0.0,34.0,39.0,3.0,0.0,0.0,0.0,0.0,13.0,26.0,0.0,20.0,38.0,38.0,146.0,14216.10463249863,118.097666108838,0.008307315482109046,1.2128680603879207,146.0,False,60
2200601420299014,22,Querétaro,006,Corregidora,0142,Venceremos,0299,014,Urbana,82,Típica,50,32,21,11.18,82.0,,,0.0,,0.0,0.0,,4.0,,,,0.0,3.0,3.0,3.0,6.0,34.0,26.0,27.0,52.0,3.0,32.0,82.0,50.0,82.0,0.0,0.0,0.0,3.9,0.95,32.0,4.0,0.0,4.0,5.0,0.0,5.0,60.0,26.0,34.0,6.0,3.0,3.0,22.0,55.0,26.0,29.0,9.0,,8.0,49.0,23.0,26.0,8.0,3.0,5.0,78.0,32.0,46.0,73.0,29.0,44.0,4.0,4.0,0.0,10.0,3.0,7.0,11.0,,9.0,21.0,22.0,21.0,,21.0,,19.0,,24.0,,6.0,,15.0,19.0,21.0,21.0,0.0,17.0,3.0,19.0,6.0,8.0,21.0,21.0,21.0,21.0,21.0,13.0,17.0,18.0,0.0,,4.0,0.0,0.0,13.0,21.0,0.0,12.0,20.0,3.0,,,,,6.0,14.0,0.0,9.0,20.0,20.0,82.0,4551.631691087652,535.9611964789692,0.11775144230769177,9.655618269230725,82.0,False,60
2200601420481008,22,Querétaro,006,Corregidora,0142,Venceremos,0481,008,Urbana,90,Típica,53,37,15,8.85,90.0,,,0.0,,,0.0,,6.0,0.0,,,,,8.0,3.0,15.0,59.0,17.0,18.0,67.0,5.0,37.0,90.0,53.0,90.0,0.0,0.0,0.0,6.0,1.14,34.0,4.0,3.0,,4.0,,3.0,76.0,32.0,44.0,3.0,0.0,3.0,22.0,72.0,31.0,41.0,16.0,6.0,10.0,69.0,31.0,38.0,5.0,,4.0,86.0,34.0,52.0,83.0,33.0,50.0,7.0,3.0,4.0,5.0,,4.0,7.0,,5.0,15.0,15.0,15.0,0.0,15.0,0.0,15.0,0.0,15.0,0.0,0.0,0.0,15.0,15.0,15.0,15.0,0.0,8.0,0.0,14.0,,3.0,15.0,15.0,15.0,15.0,15.0,11.0,14.0,12.0,0.0,0.0,7.0,0.0,0.0,4.0,15.0,0.0,9.0,15.0,,,,,0.0,4.0,12.0,0.0,8.0,14.0,13.0,90.0,3077.5910322366044,209.62349861171265,0.06811285073812134,6.130156566430921,90.0,False,60
2200601420301025,22,Querétaro,006,Corregidora,0142,Venceremos,0301,025,Urbana,75,Típica,36,39,15,10.29,75.0,,0.0,0.0,,,0.0,,3.0,,,0.0,,3.0,10.0,4.0,13.0,46.0,12.0,19.0,55.0,,39.0,75.0,36.0,75.0,0.0,0.0,0.0,5.0,1.34,19.0,6.0,3.0,3.0,,,,58.0,31.0,27.0,3.0,3.0,0.0,26.0,56.0,30.0,26.0,12.0,7.0,5.0,53.0,27.0,26.0,5.0,,3.0,69.0,36.0,33.0,64.0,34.0,30.0,,0.0,,6.0,3.0,3.0,6.0,,4.0,15.0,17.0,15.0,3.0,15.0,3.0,14.0,0.0,18.0,,4.0,,11.0,12.0,15.0,15.0,0.0,9.0,,15.0,,,15.0,15.0,15.0,15.0,15.0,10.0,12.0,15.0,0.0,0.0,6.0,0.0,0.0,5.0,15.0,0.0,8.0,15.0,,0.0,,0.0,0.0,,10.0,0.0,6.0,13.0,14.0,75.0,2093.690759077214,602.564238390197,0.28780001811527073,21.585001358645304,75.0,False,60
2200601420462007,22,Querétaro,006,Corregidora,0142,Venceremos,0462,007,Urbana,158,Típica,69,89,45,11.76,158.0,,,0.0,0.0,0.0,0.0,3.0,,,0.0,,,0.0,6.0,3.0,8.0,89.0,39.0,40.0,113.0,5.0,89.0,158.0,69.0,158.0,0.0,0.0,0.0,3.51,0.77,43.0,5.0,4.0,,10.0,5.0,5.0,128.0,71.0,57.0,11.0,6.0,5.0,54.0,118.0,66.0,52.0,18.0,9.0,9.0,107.0,60.0,47.0,5.0,4.0,,153.0,85.0,68.0,151.0,83.0,68.0,7.0,4.0,3.0,20.0,10.0,10.0,23.0,11.0,12.0,45.0,45.0,45.0,5.0,45.0,5.0,40.0,0.0,50.0,0.0,3.0,3.0,42.0,42.0,44.0,45.0,0.0,37.0,6.0,42.0,5.0,8.0,45.0,45.0,45.0,45.0,45.0,33.0,41.0,40.0,0.0,5.0,8.0,0.0,0.0,33.0,45.0,0.0,32.0,44.0,,,0.0,0.0,0.0,15.0,38.0,0.0,27.0,45.0,45.0,158.0,7902.870470899454,452.3993097215824,0.05724493541776261,9.044699796006492,158.0,False,60
2200601420532009,22,Querétaro,006,Corregidora,0142,Venceremos,0532,009,Urbana,179,Típica,81,98,57,14.73,179.0,,4.0,,4.0,,,14.0,8.0,,0.0,5.0,4.0,,20.0,17.0,28.0,106.0,47.0,40.0,129.0,10.0,98.0,179.0,81.0,179.0,0.0,0.0,0.0,3.14,0.73,28.0,5.0,,3.0,14.0,6.0,8.0,153.0,83.0,70.0,8.0,3.0,5.0,58.0,139.0,77.0,62.0,18.0,7.0,11.0,131.0,74.0,57.0,6.0,6.0,0.0,174.0,96.0,78.0,170.0,92.0,78.0,10.0,8.0,,15.0,7.0,8.0,25.0,13.0,12.0,57.0,67.0,57.0,,57.0,,57.0,8.0,67.0,0.0,10.0,0.0,47.0,57.0,57.0,57.0,0.0,51.0,7.0,57.0,7.0,28.0,57.0,57.0,57.0,57.0,57.0,53.0,55.0,53.0,0.0,,6.0,0.0,0.0,50.0,57.0,0.0,39.0,56.0,0.0,0.0,,0.0,0.0,38.0,25.0,0.0,41.0,57.0,56.0,179.0,9195.709755761625,688.724292427896,0.07489626257466117,13.40643100086435,179.0,False,60
2200601420706032,22,Querétaro,006,Corregidora,0142,Venceremos,0706,032,Urbana,41,Típica,20,21,12,11.07,41.0,,0.0,0.0,0.0,0.0,0.0,3.0,0.0,0.0,0.0,0.0,0.0,0.0,,3.0,,21.0,11.0,12.0,29.0,0.0,21.0,41.0,20.0,41.0,0.0,0.0,0.0,3.42,1.0,7.0,,,0.0,3.0,3.0,0.0,32.0,17.0,15.0,,,0.0,14.0,29.0,14.0,15.0,7.0,,5.0,27.0,12.0,15.0,,0.0,,40.0,20.0,20.0,39.0,20.0,19.0,0.0,0.0,0.0,6.0,3.0,3.0,6.0,5.0,,12.0,11.0,12.0,,12.0,,10.0,0.0,13.0,,3.0,,9.0,10.0,12.0,12.0,0.0,9.0,,12.0,5.0,4.0,12.0,12.0,12.0,12.0,12.0,9.0,10.0,10.0,0.0,4.0,3.0,0.0,0.0,8.0,11.0,,9.0,12.0,,0.0,0.0,0.0,0.0,6.0,9.0,0.0,7.0,11.0,12.0,41.0,3282.5635888507736,575.3480590599454,0.17527400261616102,7.186234107262602,41.0,False,60
2200601420462012,22,Querétaro,006,Corregidora,0142,Venceremos,0462,012,Urbana,35,Típica,17,18,12,10.29,35.0,,0.0,0.0,0.0,0.0,0.0,0.0,0.0,0.0,0.0,,0.0,0.0,,0.0,,18.0,13.0,7.0,27.0,,18.0,35.0,17.0,35.0,0.0,0.0,0.0,2.92,0.71,6.0,,0.0,,3.0,,,31.0,17.0,14.0,3.0,,,11.0,28.0,16.0,12.0,,,0.0,25.0,14.0,11.0,,,0.0,34.0,18.0,16.0,33.0,17.0,16.0,,,0.0,,0.0,,3.0,,,12.0,12.0,12.0,,12.0,,10.0,0.0,14.0,0.0,,,11.0,11.0,12.0,12.0,0.0,10.0,0.0,12.0,3.0,3.0,12.0,12.0,12.0,12.0,12.0,8.0,9.0,11.0,0.0,,,0.0,0.0,8.0,12.0,0.0,9.0,12.0,,0.0,0.0,0.0,0.0,3.0,7.0,0.0,8.0,12.0,12.0,35.0,3285.145736766577,49.65211769512095,0.015114129379231536,0.5289945282731038,35.0,False,60
2200601420299010,22,Querétaro,006,Corregidora,0142,Venceremos,0299,010,Urbana,69,Típica,32,37,16,10.07,69.0,,0.0,0.0,0.0,,0.0,,5.0,0.0,0.0,,,0.0,6.0,,8.0,38.0,21.0,13.0,54.0,,37.0,69.0,32.0,69.0,0.0,0.0,0.0,4.31,0.96,17.0,4.0,,,3.0,,,59.0,31.0,28.0,7.0,5.0,,26.0,56.0,30.0,26.0,14.0,9.0,5.0,49.0,25.0,24.0,4.0,,,65.0,35.0,30.0,63.0,33.0,30.0,3.0,,,,,0.0,4.0,,,16.0,16.0,16.0,,16.0,,15.0,0.0,17.0,,4.0,,12.0,14.0,15.0,15.0,,10.0,0.0,16.0,3.0,,16.0,15.0,16.0,16.0,16.0,10.0,12.0,14.0,0.0,,5.0,0.0,0.0,8.0,16.0,0.0,15.0,15.0,3.0,0.0,0.0,0.0,0.0,3.0,12.0,0.0,8.0,14.0,15.0,69.0,5990.065498240189,90.64601707190845,0.015132725526714054,1.0441580613432697,69.0,False,60
2201100010157016,22,Querétaro,011,El Marqués,0001,La Cañada,0157,016,Urbana,63,Típica,29,34,11,12.43,63.0,,,0.0,0.0,,0.0,3.0,,0.0,0.0,,0.0,0.0,5.0,4.0,7.0,34.0,19.0,12.0,50.0,,34.0,63.0,29.0,63.0,0.0,0.0,0.0,5.73,1.03,25.0,,,0.0,,0.0,,53.0,29.0,24.0,3.0,,,26.0,51.0,29.0,22.0,13.0,9.0,4.0,48.0,28.0,20.0,4.0,3.0,,61.0,32.0,29.0,57.0,29.0,28.0,,,0.0,4.0,0.0,4.0,5.0,0.0,5.0,11.0,12.0,11.0,,11.0,,11.0,0.0,12.0,0.0,0.0,0.0,11.0,11.0,11.0,11.0,0.0,10.0,,11.0,,4.0,11.0,11.0,11.0,11.0,11.0,10.0,9.0,10.0,0.0,4.0,,0.0,0.0,10.0,11.0,0.0,9.0,11.0,,0.0,0.0,0.0,0.0,4.0,9.0,0.0,7.0,11.0,11.0,63.0,26050.067482496113,327.2605354826762,0.012562751927708947,0.7914533714456636,63.0,False,60
2201100010157045,22,Querétaro,011,El Marqués,0001,La Cañada,0157,045,Urbana,6,Típica,0,0,1,,,,,,,,,,,,,,,,,,,,,,,,,,,6.0,,,,,,,,,,,,,,,,,,,,,,,,,,,,,,,,,,,,,,,,,,,,,,,1.0,,,,,,,,1.0,,,,,,,,,,,,,,,,,,,,,,,,,,,,,,,,,,,,,,,,,,,6.0,17622.529131179243,659.7764479076695,0.03743937337236902,0.22463624023421414,6.0,False,60
2201104380797007,22,Querétaro,011,El Marqués,0438,El Mirador,0797,007,Urbana,9,Típica,3,6,4,14.57,9.0,,0.0,0.0,0.0,0.0,0.0,0.0,0.0,0.0,0.0,0.0,0.0,,,0.0,,6.0,,,7.0,0.0,6.0,9.0,3.0,9.0,,,0.0,2.25,0.47,0.0,0.0,0.0,0.0,0.0,0.0,0.0,7.0,4.0,3.0,0.0,0.0,0.0,,7.0,4.0,3.0,3.0,,,7.0,4.0,3.0,0.0,0.0,0.0,9.0,6.0,3.0,9.0,6.0,3.0,0.0,0.0,0.0,,,0.0,,,0.0,4.0,7.0,4.0,4.0,4.0,4.0,3.0,0.0,8.0,0.0,0.0,0.0,4.0,4.0,4.0,4.0,0.0,3.0,,4.0,,3.0,4.0,4.0,4.0,4.0,4.0,4.0,4.0,3.0,0.0,,,0.0,0.0,4.0,4.0,0.0,4.0,4.0,0.0,0.0,0.0,0.0,0.0,4.0,,0.0,3.0,4.0,4.0,9.0,1121.7712190950767,102.05698719312328,0.09097843255013423,0.8188058929512081,9.0,False,60
2201400012920033,22,Querétaro,014,Querétaro,0001,Santiago de Querétaro,2920,033,Urbana,125,Típica,61,64,28,9.21,125.0,,,,,,,,9.0,,0.0,6.0,,3.0,9.0,4.0,14.0,68.0,32.0,29.0,89.0,7.0,64.0,125.0,61.0,125.0,0.0,0.0,0.0,4.46,1.13,19.0,8.0,4.0,4.0,5.0,,3.0,101.0,52.0,49.0,4.0,3.0,,30.0,96.0,50.0,46.0,15.0,7.0,8.0,92.0,47.0,45.0,6.0,4.0,,117.0,60.0,57.0,114.0,59.0,55.0,14.0,9.0,5.0,10.0,4.0,6.0,11.0,5.0,6.0,28.0,27.0,28.0,,28.0,,25.0,0.0,30.0,,8.0,6.0,20.0,21.0,27.0,27.0,,16.0,14.0,26.0,,3.0,28.0,27.0,28.0,28.0,28.0,11.0,21.0,23.0,0.0,4.0,12.0,0.0,0.0,11.0,26.0,,23.0,26.0,7.0,,0.0,0.0,0.0,3.0,18.0,0.0,17.0,25.0,24.0,125.0,7194.529558657054,356.6875705840167,0.04957760860886598,6.197201076108247,125.0,False,60
2201400012032012,22,Querétaro,014,Querétaro,0001,Santiago de Querétaro,2032,012,Urbana,26,Típica,14,12,9,10.64,26.0,,0.0,,,,,,,0.0,0.0,0.0,,0.0,0.0,3.0,,16.0,8.0,4.0,22.0,0.0,12.0,26.0,14.0,26.0,0.0,0.0,0.0,2.89,0.9,3.0,0.0,0.0,0.0,,0.0,,24.0,12.0,12.0,,0.0,,8.0,22.0,12.0,10.0,4.0,4.0,0.0,21.0,12.0,9.0,,0.0,,26.0,12.0,14.0,25.0,12.0,13.0,,,0.0,0.0,0.0,0.0,,0.0,,9.0,13.0,9.0,,9.0,3.0,9.0,,13.0,0.0,3.0,3.0,6.0,6.0,9.0,9.0,0.0,6.0,,9.0,,,9.0,9.0,9.0,9.0,9.0,4.0,8.0,8.0,0.0,0.0,3.0,0.0,0.0,6.0,9.0,0.0,9.0,8.0,,0.0,0.0,0.0,0.0,,7.0,0.0,6.0,9.0,8.0,26.0,1010.996866858809,76.4110194615687,0.07557987761028334,1.965076817867367,26.0,False,60
2201400012028005,22,Querétaro,014,Querétaro,0001,Santiago de Querétaro,2028,005,Urbana,88,Típica,46,42,24,9.86,88.0,,,,,3.0,,,4.0,0.0,0.0,4.0,4.0,3.0,9.0,5.0,13.0,43.0,26.0,24.0,57.0,7.0,42.0,88.0,46.0,88.0,0.0,0.0,0.0,3.67,0.93,10.0,,0.0,,5.0,,4.0,69.0,35.0,34.0,9.0,4.0,5.0,23.0,64.0,34.0,30.0,12.0,7.0,5.0,55.0,30.0,25.0,4.0,,3.0,87.0,42.0,45.0,85.0,41.0,44.0,11.0,4.0,7.0,14.0,6.0,8.0,14.0,5.0,9.0,24.0,22.0,24.0,0.0,24.0,0.0,22.0,0.0,24.0,,6.0,3.0,18.0,19.0,20.0,23.0,,7.0,,24.0,3.0,3.0,24.0,23.0,24.0,24.0,24.0,8.0,15.0,15.0,0.0,,16.0,0.0,0.0,8.0,23.0,,17.0,23.0,7.0,0.0,,0.0,0.0,,15.0,0.0,15.0,21.0,22.0,88.0,7968.94363048748,566.3304815443464,0.07106719633173043,6.253913277192278,88.0,False,60
2201400011975001,22,Querétaro,014,Querétaro,0001,Santiago de Querétaro,1975,001,Urbana,574,Típica,282,292,167,11.83,574.0,,0.0,,0.0,,,3.0,11.0,3.0,5.0,11.0,4.0,4.0,34.0,4.0,48.0,329.0,155.0,114.0,434.0,26.0,292.0,574.0,282.0,574.0,,,0.0,3.44,1.03,99.0,22.0,9.0,13.0,24.0,9.0,15.0,484.0,255.0,229.0,28.0,13.0,15.0,176.0,460.0,246.0,214.0,92.0,56.0,36.0,432.0,233.0,199.0,23.0,5.0,18.0,552.0,283.0,269.0,535.0,279.0,256.0,53.0,26.0,27.0,45.0,23.0,22.0,49.0,22.0,27.0,167.0,171.0,167.0,14.0,167.0,14.0,157.0,0.0,181.0,,35.0,36.0,132.0,129.0,167.0,167.0,0.0,90.0,16.0,162.0,17.0,35.0,167.0,167.0,167.0,167.0,167.0,125.0,143.0,147.0,0.0,10.0,72.0,0.0,0.0,106.0,167.0,0.0,137.0,167.0,20.0,3.0,,0.0,0.0,59.0,111.0,0.0,131.0,163.0,164.0,574.0,21262.22370863801,604.4648747792309,0.02842905253290419,16.318276153887005,574.0,False,60
2201400011975016,22,Querétaro,014,Querétaro,0001,Santiago de Querétaro,1975,016,Urbana,34,Típica,0,0,2,,,,,,,,,,,,,,,,,,,,,,,,,,,34.0,,,,,,,,,,,,,,,,,,,,,,,,,,,,,,,,,,,,,,,,,,,,,,,2.0,,,,,,,,2.0,,,,,,,,,,,,,,,,,,,,,,,,,,,,,,,,,,,,,,,,,,,34.0,30374.123418998228,913.2231867048625,0.030065828537908193,1.0222381702888785,34.0,False,60
2201400011975004,22,Querétaro,014,Querétaro,0001,Santiago de Querétaro,1975,004,Urbana,1,Típica,0,0,1,,,,,,,,,,,,,,,,,,,,,,,,,,,1.0,,,,,,,,,,,,,,,,,,,,,,,,,,,,,,,,,,,,,,,,,,,,,,,1.0,,,,,,,,4.0,,,,,,,,,,,,,,,,,,,,,,,,,,,,,,,,,,,,,,,,,,,1.0,30405.191361697034,1015.2286140400919,0.03338997613805605,0.03338997613805605,1.0,False,60
2201400011778021,22,Querétaro,014,Querétaro,0001,Santiago de Querétaro,1778,021,Urbana,111,Típica,53,58,35,12.21,111.0,,4.0,,3.0,3.0,,7.0,4.0,0.0,0.0,3.0,4.0,3.0,3.0,11.0,8.0,69.0,30.0,15.0,89.0,7.0,58.0,111.0,53.0,111.0,,0.0,,3.17,0.69,29.0,,,,3.0,,,99.0,55.0,44.0,6.0,4.0,,33.0,96.0,53.0,43.0,14.0,8.0,6.0,90.0,49.0,41.0,,0.0,,109.0,57.0,52.0,108.0,57.0,51.0,19.0,9.0,10.0,8.0,,6.0,7.0,,5.0,35.0,38.0,35.0,4.0,35.0,4.0,34.0,0.0,39.0,0.0,6.0,,29.0,34.0,35.0,35.0,0.0,23.0,11.0,33.0,6.0,3.0,35.0,35.0,35.0,35.0,35.0,20.0,32.0,31.0,0.0,4.0,11.0,0.0,0.0,25.0,35.0,0.0,26.0,33.0,,0.0,,0.0,0.0,13.0,26.0,0.0,22.0,35.0,32.0,111.0,4814.524166483805,12.538005112970493,0.0026042044196711105,0.28906669058349327,111.0,False,60
2201400011778020,22,Querétaro,014,Querétaro,0001,Santiago de Querétaro,1778,020,Urbana,118,Típica,61,57,38,13.52,118.0,,,0.0,0.0,,,,6.0,0.0,,,,,,3.0,11.0,73.0,26.0,24.0,87.0,7.0,57.0,118.0,61.0,118.0,,0.0,,3.11,0.69,20.0,3.0,,,5.0,,3.0,99.0,45.0,54.0,,0.0,,25.0,94.0,43.0,51.0,14.0,4.0,10.0,93.0,43.0,50.0,3.0,,,115.0,55.0,60.0,112.0,53.0,59.0,17.0,9.0,8.0,13.0,8.0,5.0,13.0,8.0,5.0,38.0,36.0,38.0,0.0,38.0,0.0,36.0,0.0,38.0,0.0,5.0,,33.0,36.0,38.0,38.0,0.0,27.0,9.0,38.0,15.0,12.0,38.0,38.0,38.0,38.0,38.0,25.0,31.0,33.0,0.0,5.0,9.0,0.0,0.0,28.0,38.0,0.0,27.0,38.0,5.0,0.0,0.0,0.0,0.0,18.0,27.0,0.0,26.0,38.0,38.0,118.0,4466.876966634578,30.62167574453454,0.00685527628660107,0.8089226018189262,118.0,False,60
2201400013488006,22,Querétaro,014,Querétaro,0001,Santiago de Querétaro,3488,006,Urbana,410,Típica,209,201,135,15.13,410.0,,,,,,,,,,0.0,,6.0,,9.0,,12.0,216.0,139.0,76.0,295.0,39.0,201.0,410.0,209.0,410.0,3.0,,,3.04,0.51,61.0,,,0.0,21.0,10.0,11.0,355.0,179.0,176.0,17.0,9.0,8.0,102.0,334.0,169.0,165.0,45.0,22.0,23.0,317.0,160.0,157.0,19.0,7.0,12.0,408.0,199.0,209.0,395.0,194.0,201.0,59.0,33.0,26.0,34.0,13.0,21.0,49.0,21.0,28.0,135.0,70.0,135.0,56.0,135.0,56.0,14.0,0.0,191.0,0.0,22.0,0.0,113.0,135.0,135.0,135.0,0.0,131.0,16.0,135.0,125.0,59.0,135.0,135.0,135.0,135.0,135.0,131.0,135.0,133.0,0.0,17.0,4.0,0.0,0.0,132.0,132.0,3.0,115.0,135.0,0.0,0.0,,0.0,0.0,108.0,112.0,0.0,118.0,108.0,133.0,410.0,157360.3201042593,2027.4263619164246,0.01288397456597159,5.282429572048352,410.0,False,60
2201400012297012,22,Querétaro,014,Querétaro,0001,Santiago de Querétaro,2297,012,Urbana,17,Típica,9,8,6,15.43,17.0,,0.0,0.0,0.0,0.0,0.0,0.0,0.0,0.0,0.0,,0.0,,0.0,0.0,,12.0,3.0,3.0,13.0,,8.0,17.0,9.0,17.0,0.0,0.0,0.0,2.83,0.59,6.0,,,0.0,,,0.0,15.0,7.0,8.0,0.0,0.0,0.0,6.0,14.0,6.0,8.0,,0.0,,14.0,6.0,8.0,0.0,0.0,0.0,16.0,7.0,9.0,16.0,7.0,9.0,,0.0,,,0.0,,,,,6.0,9.0,6.0,,6.0,,6.0,,9.0,0.0,,0.0,4.0,6.0,6.0,6.0,0.0,4.0,,6.0,3.0,0.0,6.0,6.0,6.0,6.0,6.0,5.0,6.0,3.0,0.0,,,0.0,0.0,6.0,6.0,0.0,3.0,5.0,0.0,0.0,,0.0,0.0,6.0,4.0,0.0,,6.0,4.0,17.0,6722.222430920855,686.5418062500183,0.10213018288298015,1.7362131090106625,17.0,False,60
2201400012244029,22,Querétaro,014,Querétaro,0001,Santiago de Querétaro,2244,029,Urbana,0,Típica,0,0,0,0.0,0.0,,0.0,0.0,0.0,0.0,0.0,0.0,0.0,0.0,0.0,0.0,0.0,0.0,0.0,0.0,0.0,0.0,0.0,0.0,0.0,0.0,0.0,0.0,0.0,0.0,0.0,0.0,0.0,0.0,0.0,0.0,0.0,0.0,0.0,0.0,0.0,0.0,0.0,0.0,0.0,0.0,0.0,0.0,0.0,0.0,0.0,0.0,0.0,0.0,0.0,0.0,0.0,0.0,0.0,0.0,0.0,0.0,0.0,0.0,0.0,0.0,0.0,0.0,0.0,0.0,0.0,0.0,0.0,0.0,0.0,0.0,0.0,0.0,0.0,0.0,0.0,0.0,0.0,0.0,0.0,0.0,0.0,0.0,0.0,0.0,0.0,0.0,0.0,0.0,0.0,0.0,0.0,0.0,0.0,0.0,0.0,0.0,0.0,0.0,0.0,0.0,0.0,0.0,0.0,0.0,0.0,0.0,0.0,0.0,0.0,0.0,0.0,0.0,0.0,0.0,0.0,0.0,0.0,0.0,0.0,0.0,0.0,0.0,6560.85271980685,314.9490436227744,0.048004284972281236,0.0,0.0,False,60
220140001223A044,22,Querétaro,014,Querétaro,0001,Santiago de Querétaro,223A,044,Urbana,8,Típica,3,5,3,18.0,8.0,,,0.0,0.0,0.0,,0.0,0.0,0.0,0.0,0.0,0.0,0.0,0.0,,0.0,7.0,,0.0,5.0,3.0,5.0,8.0,3.0,8.0,0.0,0.0,0.0,2.67,0.38,0.0,0.0,0.0,0.0,0.0,0.0,0.0,8.0,5.0,3.0,0.0,0.0,0.0,,8.0,5.0,3.0,,,0.0,8.0,5.0,3.0,0.0,0.0,0.0,8.0,5.0,3.0,8.0,5.0,3.0,4.0,,,0.0,0.0,0.0,0.0,0.0,0.0,3.0,4.0,3.0,,3.0,,3.0,0.0,4.0,0.0,0.0,0.0,3.0,3.0,3.0,3.0,0.0,3.0,0.0,3.0,3.0,0.0,3.0,3.0,3.0,3.0,3.0,3.0,3.0,3.0,0.0,0.0,0.0,0.0,0.0,3.0,3.0,0.0,3.0,3.0,0.0,0.0,0.0,0.0,0.0,,,0.0,3.0,3.0,3.0,8.0,218662.09002848822,1436.5541236521037,0.00656974477590031,0.05255795820720248,8.0,False,60
2201400012225016,22,Querétaro,014,Querétaro,0001,Santiago de Querétaro,2225,016,Urbana,131,Típica,63,68,33,9.46,131.0,,,,,6.0,3.0,4.0,4.0,0.0,0.0,,,,11.0,10.0,15.0,73.0,37.0,20.0,99.0,8.0,68.0,131.0,63.0,131.0,0.0,0.0,0.0,3.97,0.91,16.0,4.0,3.0,,3.0,,,110.0,56.0,54.0,9.0,3.0,6.0,29.0,107.0,54.0,53.0,14.0,5.0,9.0,98.0,51.0,47.0,5.0,3.0,,123.0,63.0,60.0,119.0,61.0,58.0,19.0,12.0,7.0,8.0,4.0,4.0,8.0,5.0,3.0,33.0,35.0,33.0,3.0,33.0,3.0,32.0,0.0,36.0,0.0,3.0,0.0,29.0,32.0,32.0,32.0,0.0,11.0,9.0,30.0,,5.0,32.0,32.0,32.0,32.0,32.0,15.0,26.0,27.0,0.0,5.0,17.0,0.0,0.0,15.0,32.0,0.0,22.0,29.0,5.0,,0.0,0.0,0.0,4.0,22.0,0.0,24.0,32.0,32.0,131.0,4109.002510584889,260.0044098484503,0.06327677074391477,8.289256967452836,131.0,False,60
2201400012140027,22,Querétaro,014,Querétaro,0001,Santiago de Querétaro,2140,027,Urbana,13,Típica,8,5,6,14.23,13.0,,0.0,0.0,0.0,0.0,0.0,,0.0,0.0,0.0,0.0,0.0,0.0,,,,10.0,3.0,0.0,13.0,0.0,5.0,13.0,8.0,13.0,0.0,0.0,0.0,2.17,0.52,5.0,0.0,0.0,0.0,0.0,0.0,0.0,13.0,5.0,8.0,0.0,0.0,0.0,3.0,13.0,5.0,8.0,,0.0,,13.0,5.0,8.0,0.0,0.0,0.0,13.0,5.0,8.0,13.0,5.0,8.0,,0.0,,0.0,0.0,0.0,0.0,0.0,0.0,6.0,11.0,6.0,5.0,6.0,5.0,6.0,0.0,11.0,0.0,,,4.0,5.0,6.0,6.0,0.0,4.0,,6.0,3.0,,6.0,6.0,6.0,6.0,6.0,4.0,5.0,5.0,0.0,0.0,,0.0,0.0,5.0,6.0,0.0,6.0,6.0,0.0,0.0,0.0,0.0,0.0,,4.0,0.0,3.0,6.0,5.0,13.0,2758.0791833819712,629.6021722811518,0.22827559704400155,2.9675827615720203,13.0,False,60
2201400012140022,22,Querétaro,014,Querétaro,0001,Santiago de Querétaro,2140,022,Urbana,50,Típica,26,24,9,8.66,50.0,,0.0,0.0,0.0,0.0,0.0,,,,,,0.0,,,,4.0,28.0,10.0,10.0,33.0,,24.0,50.0,26.0,50.0,0.0,0.0,0.0,5.56,1.61,12.0,,0.0,,3.0,,,38.0,19.0,19.0,5.0,3.0,,12.0,35.0,18.0,17.0,5.0,,4.0,30.0,15.0,15.0,3.0,,,44.0,22.0,22.0,42.0,20.0,22.0,5.0,4.0,,3.0,,,6.0,,4.0,9.0,9.0,9.0,0.0,9.0,0.0,9.0,0.0,9.0,0.0,,,7.0,6.0,8.0,8.0,0.0,,,8.0,0.0,,8.0,8.0,8.0,8.0,8.0,,5.0,6.0,0.0,,5.0,0.0,0.0,,6.0,,6.0,7.0,3.0,0.0,0.0,0.0,0.0,0.0,5.0,0.0,5.0,6.0,8.0,50.0,1662.8982613409455,221.06658258098403,0.13294053383802207,6.647026691901104,50.0,False,60
2201400012136028,22,Querétaro,014,Querétaro,0001,Santiago de Querétaro,2136,028,Urbana,101,Típica,45,56,23,10.03,101.0,,0.0,0.0,0.0,0.0,0.0,0.0,,,,3.0,0.0,,11.0,0.0,12.0,56.0,23.0,28.0,71.0,,56.0,101.0,45.0,101.0,0.0,0.0,0.0,4.39,1.07,10.0,7.0,3.0,4.0,6.0,5.0,,79.0,42.0,37.0,4.0,,3.0,30.0,73.0,37.0,36.0,17.0,9.0,8.0,69.0,36.0,33.0,6.0,4.0,,94.0,53.0,41.0,90.0,51.0,39.0,3.0,,,9.0,7.0,,12.0,9.0,3.0,23.0,22.0,23.0,0.0,23.0,0.0,22.0,0.0,23.0,,8.0,,15.0,20.0,23.0,23.0,0.0,12.0,5.0,22.0,,3.0,23.0,23.0,23.0,23.0,23.0,12.0,20.0,16.0,0.0,,11.0,0.0,0.0,9.0,22.0,,15.0,22.0,3.0,,0.0,0.0,0.0,7.0,20.0,0.0,14.0,20.0,23.0,101.0,8451.398025167462,506.7557362179377,0.05996117266147768,6.056078438809245,101.0,False,60
2201400011547014,22,Querétaro,014,Querétaro,0001,Santiago de Querétaro,1547,014,Urbana,87,Típica,41,46,20,10.7,87.0,,,,,0.0,0.0,,5.0,,,3.0,0.0,5.0,7.0,,13.0,50.0,20.0,21.0,61.0,5.0,46.0,87.0,41.0,87.0,0.0,0.0,0.0,4.35,1.23,21.0,3.0,,,4.0,4.0,0.0,70.0,38.0,32.0,6.0,3.0,3.0,23.0,66.0,34.0,32.0,16.0,7.0,9.0,60.0,31.0,29.0,3.0,,,84.0,44.0,40.0,81.0,42.0,39.0,9.0,5.0,4.0,11.0,4.0,7.0,10.0,7.0,3.0,20.0,19.0,20.0,,20.0,,18.0,0.0,21.0,0.0,5.0,5.0,15.0,15.0,19.0,19.0,,10.0,4.0,17.0,,,20.0,19.0,19.0,19.0,19.0,11.0,16.0,15.0,0.0,0.0,10.0,0.0,,9.0,19.0,,17.0,19.0,4.0,,,,,,15.0,0.0,13.0,18.0,19.0,87.0,3318.911478027103,465.15238055018153,0.14015209011440316,12.193231839953075,87.0,False,60
2201400011617024,22,Querétaro,014,Querétaro,0001,Santiago de Querétaro,1617,024,Urbana,205,Típica,91,114,56,14.09,205.0,,,,3.0,5.0,3.0,,6.0,0.0,0.0,7.0,5.0,5.0,19.0,7.0,27.0,122.0,67.0,20.0,147.0,38.0,114.0,205.0,91.0,205.0,,,0.0,3.66,0.53,17.0,,,,5.0,4.0,,190.0,107.0,83.0,11.0,5.0,6.0,56.0,185.0,103.0,82.0,29.0,15.0,14.0,174.0,98.0,76.0,3.0,,,203.0,113.0,90.0,200.0,112.0,88.0,62.0,33.0,29.0,10.0,5.0,5.0,15.0,9.0,6.0,56.0,56.0,56.0,,56.0,6.0,49.0,,63.0,0.0,7.0,0.0,49.0,56.0,56.0,56.0,0.0,54.0,7.0,56.0,53.0,23.0,56.0,56.0,56.0,56.0,55.0,51.0,56.0,56.0,,,,0.0,0.0,51.0,56.0,0.0,53.0,56.0,0.0,0.0,0.0,0.0,0.0,41.0,51.0,0.0,48.0,43.0,56.0,205.0,85115.36745766122,246.2977480419632,0.0028936930591820405,0.5932070771323184,205.0,False,60
2201400011617023,22,Querétaro,014,Querétaro,0001,Santiago de Querétaro,1617,023,Urbana,240,Típica,120,120,67,14.31,240.0,,,0.0,,5.0,0.0,0.0,7.0,,,10.0,3.0,3.0,7.0,7.0,23.0,127.0,96.0,30.0,175.0,35.0,120.0,240.0,120.0,240.0,,,0.0,3.58,0.53,40.0,5.0,,3.0,14.0,7.0,7.0,224.0,112.0,112.0,16.0,6.0,10.0,55.0,210.0,105.0,105.0,37.0,16.0,21.0,194.0,99.0,95.0,4.0,,,235.0,118.0,117.0,232.0,117.0,115.0,51.0,27.0,24.0,7.0,4.0,3.0,18.0,9.0,9.0,67.0,54.0,67.0,3.0,67.0,3.0,51.0,0.0,70.0,,3.0,0.0,64.0,66.0,67.0,67.0,0.0,65.0,22.0,65.0,59.0,28.0,67.0,67.0,67.0,67.0,67.0,60.0,66.0,66.0,0.0,11.0,,0.0,0.0,65.0,67.0,0.0,62.0,67.0,,0.0,0.0,0.0,0.0,51.0,58.0,0.0,61.0,62.0,67.0,240.0,97072.77364425037,1607.8960658108479,0.016563821197727605,3.9753170874546253,240.0,False,60
2201400011566005,22,Querétaro,014,Querétaro,0001,Santiago de Querétaro,1566,005,Urbana,267,Típica,143,124,62,8.74,267.0,,,0.0,,8.0,,5.0,5.0,,0.0,3.0,,4.0,6.0,11.0,13.0,132.0,83.0,73.0,178.0,16.0,124.0,267.0,143.0,267.0,0.0,0.0,0.0,4.31,1.13,55.0,15.0,5.0,10.0,21.0,9.0,12.0,215.0,104.0,111.0,14.0,8.0,6.0,67.0,194.0,95.0,99.0,48.0,18.0,30.0,180.0,87.0,93.0,15.0,6.0,9.0,252.0,119.0,133.0,242.0,114.0,128.0,24.0,15.0,9.0,22.0,9.0,13.0,38.0,14.0,24.0,62.0,57.0,62.0,6.0,62.0,3.0,51.0,3.0,68.0,9.0,20.0,6.0,42.0,47.0,60.0,61.0,,28.0,14.0,60.0,5.0,5.0,61.0,61.0,61.0,61.0,61.0,29.0,48.0,44.0,0.0,5.0,33.0,,,19.0,59.0,3.0,51.0,57.0,13.0,,,0.0,0.0,9.0,49.0,,39.0,45.0,58.0,267.0,15622.928477367343,649.23959282346,0.04155684344097215,11.095677198739564,267.0,False,60
2201400011405033,22,Querétaro,014,Querétaro,0001,Santiago de Querétaro,1405,033,Urbana,131,Típica,65,66,35,9.31,131.0,,3.0,,,,,4.0,4.0,0.0,,,,,6.0,7.0,10.0,73.0,39.0,26.0,95.0,10.0,66.0,131.0,65.0,131.0,0.0,0.0,0.0,3.74,1.2,33.0,4.0,,,7.0,4.0,3.0,112.0,55.0,57.0,8.0,6.0,,38.0,105.0,51.0,54.0,20.0,7.0,13.0,97.0,45.0,52.0,9.0,6.0,3.0,127.0,64.0,63.0,121.0,59.0,62.0,14.0,7.0,7.0,6.0,3.0,3.0,11.0,6.0,5.0,35.0,46.0,35.0,,35.0,9.0,35.0,,46.0,13.0,17.0,4.0,18.0,18.0,34.0,35.0,0.0,11.0,,33.0,3.0,5.0,35.0,35.0,35.0,35.0,35.0,9.0,19.0,20.0,0.0,,24.0,0.0,0.0,7.0,35.0,0.0,27.0,26.0,16.0,,3.0,,,7.0,17.0,0.0,15.0,25.0,25.0,131.0,9226.712108222175,5.1974454373578345,0.0005633041734038986,0.07379284671591071,131.0,False,60
2201400011405032,22,Querétaro,014,Querétaro,0001,Santiago de Querétaro,1405,032,Urbana,123,Típica,56,67,32,9.02,123.0,,,0.0,,,0.0,3.0,7.0,,,0.0,4.0,5.0,14.0,4.0,21.0,64.0,38.0,30.0,83.0,10.0,67.0,123.0,56.0,123.0,0.0,0.0,0.0,3.84,1.04,27.0,8.0,4.0,4.0,9.0,7.0,,102.0,57.0,45.0,8.0,,6.0,33.0,93.0,50.0,43.0,14.0,8.0,6.0,85.0,48.0,37.0,3.0,0.0,3.0,115.0,63.0,52.0,114.0,63.0,51.0,16.0,8.0,8.0,10.0,6.0,4.0,16.0,10.0,6.0,32.0,35.0,32.0,4.0,32.0,4.0,31.0,0.0,36.0,3.0,15.0,8.0,17.0,21.0,32.0,32.0,0.0,14.0,,29.0,,4.0,32.0,32.0,32.0,32.0,32.0,18.0,24.0,19.0,0.0,,18.0,0.0,0.0,14.0,31.0,,27.0,28.0,8.0,0.0,0.0,0.0,0.0,4.0,23.0,0.0,21.0,28.0,28.0,123.0,9066.943029531201,598.6456301550073,0.0660250790376875,8.121084721635563,123.0,False,60
2201400011354031,22,Querétaro,014,Querétaro,0001,Santiago de Querétaro,1354,031,Urbana,62,Típica,31,31,16,8.52,62.0,,0.0,0.0,0.0,0.0,0.0,,,0.0,,,0.0,0.0,4.0,,8.0,33.0,17.0,14.0,41.0,7.0,31.0,62.0,31.0,62.0,0.0,0.0,0.0,3.88,0.94,20.0,3.0,,,,0.0,,50.0,26.0,24.0,,,0.0,14.0,48.0,26.0,22.0,6.0,3.0,3.0,47.0,25.0,22.0,,0.0,,59.0,30.0,29.0,58.0,30.0,28.0,11.0,7.0,4.0,7.0,4.0,3.0,5.0,,3.0,16.0,14.0,16.0,,16.0,,13.0,0.0,17.0,,5.0,,11.0,13.0,16.0,16.0,0.0,5.0,,15.0,,,16.0,16.0,16.0,16.0,16.0,5.0,11.0,12.0,0.0,,11.0,0.0,0.0,3.0,16.0,0.0,15.0,15.0,5.0,,0.0,0.0,0.0,0.0,11.0,0.0,11.0,13.0,16.0,62.0,7762.892648117588,462.7422987518055,0.05960951925105073,3.6957901935651454,62.0,False,60
2201400011250026,22,Querétaro,014,Querétaro,0001,Santiago de Querétaro,1250,026,Urbana,55,Típica,28,27,15,11.92,55.0,,5.0,0.0,0.0,3.0,0.0,6.0,,,0.0,,,5.0,20.0,10.0,22.0,32.0,18.0,5.0,39.0,11.0,27.0,55.0,28.0,55.0,0.0,0.0,0.0,3.67,0.75,3.0,,0.0,,0.0,0.0,0.0,50.0,26.0,24.0,0.0,0.0,0.0,13.0,50.0,26.0,24.0,6.0,,4.0,50.0,26.0,24.0,0.0,0.0,0.0,54.0,27.0,27.0,54.0,27.0,27.0,15.0,10.0,5.0,4.0,,3.0,3.0,,,15.0,17.0,15.0,,15.0,,15.0,,17.0,0.0,,0.0,14.0,15.0,15.0,15.0,0.0,9.0,,14.0,0.0,4.0,15.0,15.0,15.0,15.0,15.0,13.0,13.0,12.0,0.0,,5.0,0.0,0.0,11.0,15.0,0.0,11.0,15.0,,0.0,0.0,0.0,0.0,6.0,13.0,0.0,13.0,14.0,15.0,55.0,3282.916603653179,696.7617835631837,0.21223864864183206,11.673125675300764,55.0,False,60
2201400011246024,22,Querétaro,014,Querétaro,0001,Santiago de Querétaro,1246,024,Urbana,0,Típica,0,0,0,0.0,0.0,,0.0,0.0,0.0,0.0,0.0,0.0,0.0,0.0,0.0,0.0,0.0,0.0,0.0,0.0,0.0,0.0,0.0,0.0,0.0,0.0,0.0,0.0,0.0,0.0,0.0,0.0,0.0,0.0,0.0,0.0,0.0,0.0,0.0,0.0,0.0,0.0,0.0,0.0,0.0,0.0,0.0,0.0,0.0,0.0,0.0,0.0,0.0,0.0,0.0,0.0,0.0,0.0,0.0,0.0,0.0,0.0,0.0,0.0,0.0,0.0,0.0,0.0,0.0,0.0,0.0,0.0,0.0,0.0,0.0,0.0,0.0,0.0,0.0,0.0,0.0,0.0,0.0,0.0,0.0,0.0,0.0,0.0,0.0,0.0,0.0,0.0,0.0,0.0,0.0,0.0,0.0,0.0,0.0,0.0,0.0,0.0,0.0,0.0,0.0,0.0,0.0,0.0,0.0,0.0,0.0,0.0,0.0,0.0,0.0,0.0,0.0,0.0,0.0,0.0,0.0,0.0,0.0,0.0,0.0,0.0,0.0,0.0,41597.747543337064,13.880457219164413,0.00033368290445783336,0.0,0.0,False,60
2201400011227060,22,Querétaro,014,Querétaro,0001,Santiago de Querétaro,1227,060,Urbana,0,Contenedora,0,0,0,0.0,0.0,,0.0,0.0,0.0,0.0,0.0,0.0,0.0,0.0,0.0,0.0,0.0,0.0,0.0,0.0,0.0,0.0,0.0,0.0,0.0,0.0,0.0,0.0,0.0,0.0,0.0,0.0,0.0,0.0,0.0,0.0,0.0,0.0,0.0,0.0,0.0,0.0,0.0,0.0,0.0,0.0,0.0,0.0,0.0,0.0,0.0,0.0,0.0,0.0,0.0,0.0,0.0,0.0,0.0,0.0,0.0,0.0,0.0,0.0,0.0,0.0,0.0,0.0,0.0,0.0,0.0,0.0,0.0,0.0,0.0,0.0,0.0,0.0,0.0,0.0,0.0,0.0,0.0,0.0,0.0,0.0,0.0,0.0,0.0,0.0,0.0,0.0,0.0,0.0,0.0,0.0,0.0,0.0,0.0,0.0,0.0,0.0,0.0,0.0,0.0,0.0,0.0,0.0,0.0,0.0,0.0,0.0,0.0,0.0,0.0,0.0,0.0,0.0,0.0,0.0,0.0,0.0,0.0,0.0,0.0,0.0,0.0,0.0,15635.414054156558,205.712882606926,0.013156855449711534,0.0,0.0,False,60
2201400011195009,22,Querétaro,014,Querétaro,0001,Santiago de Querétaro,1195,009,Urbana,195,Típica,89,106,38,7.96,195.0,,3.0,3.0,3.0,3.0,4.0,4.0,14.0,3.0,8.0,9.0,0.0,7.0,15.0,9.0,22.0,101.0,49.0,54.0,125.0,16.0,106.0,195.0,89.0,195.0,7.0,,5.0,5.13,1.47,41.0,12.0,5.0,7.0,9.0,5.0,4.0,150.0,84.0,66.0,13.0,6.0,7.0,62.0,141.0,79.0,62.0,22.0,15.0,7.0,128.0,73.0,55.0,14.0,6.0,8.0,183.0,101.0,82.0,172.0,97.0,75.0,19.0,12.0,7.0,19.0,11.0,8.0,23.0,15.0,8.0,38.0,39.0,38.0,,38.0,,38.0,0.0,39.0,0.0,11.0,9.0,27.0,29.0,37.0,38.0,0.0,15.0,24.0,35.0,8.0,0.0,38.0,38.0,38.0,38.0,38.0,16.0,22.0,31.0,0.0,,22.0,0.0,0.0,7.0,34.0,4.0,24.0,36.0,16.0,,,0.0,0.0,,22.0,0.0,9.0,21.0,37.0,195.0,20747.08133159449,588.2315135464728,0.02835249470250498,5.528736466988471,195.0,False,60
2201400011138002,22,Querétaro,014,Querétaro,0001,Santiago de Querétaro,1138,002,Urbana,72,Típica,36,36,12,8.79,60.0,,0.0,,,3.0,,,4.0,0.0,0.0,0.0,3.0,4.0,6.0,4.0,9.0,37.0,26.0,9.0,50.0,11.0,36.0,60.0,36.0,72.0,,0.0,,5.0,1.02,12.0,,,0.0,5.0,,4.0,66.0,32.0,34.0,3.0,,,20.0,61.0,31.0,30.0,5.0,4.0,,58.0,30.0,28.0,,,0.0,69.0,34.0,35.0,69.0,34.0,35.0,14.0,8.0,6.0,,,,6.0,,4.0,12.0,15.0,12.0,,12.0,,12.0,,15.0,0.0,,,11.0,10.0,12.0,12.0,0.0,5.0,6.0,11.0,0.0,3.0,12.0,12.0,12.0,12.0,12.0,6.0,10.0,9.0,0.0,,7.0,0.0,0.0,4.0,12.0,0.0,10.0,12.0,,0.0,0.0,0.0,0.0,3.0,7.0,0.0,9.0,12.0,12.0,72.0,38988.46660464379,1680.6810065077384,0.04310713277211979,3.103713559592625,72.0,False,60
2201400011119025,22,Querétaro,014,Querétaro,0001,Santiago de Querétaro,1119,025,Urbana,90,Típica,49,41,22,12.17,90.0,,0.0,0.0,0.0,0.0,0.0,0.0,,,,,,0.0,,0.0,3.0,58.0,22.0,11.0,71.0,8.0,41.0,90.0,49.0,90.0,0.0,0.0,0.0,4.09,0.8,10.0,0.0,0.0,0.0,,,0.0,80.0,38.0,42.0,4.0,3.0,,26.0,79.0,37.0,42.0,10.0,5.0,5.0,75.0,34.0,41.0,4.0,,3.0,90.0,41.0,49.0,88.0,40.0,48.0,10.0,7.0,3.0,6.0,,4.0,4.0,3.0,,22.0,22.0,22.0,0.0,22.0,0.0,22.0,0.0,22.0,0.0,3.0,0.0,19.0,22.0,22.0,22.0,0.0,19.0,,21.0,12.0,6.0,22.0,22.0,22.0,22.0,22.0,15.0,22.0,22.0,0.0,,3.0,0.0,0.0,16.0,22.0,0.0,17.0,22.0,0.0,0.0,0.0,0.0,0.0,11.0,21.0,0.0,14.0,21.0,22.0,90.0,8950.809620538463,689.2845172838447,0.07700806368423002,6.930725731580702,90.0,False,60
2201400011119013,22,Querétaro,014,Querétaro,0001,Santiago de Querétaro,1119,013,Urbana,87,Típica,37,50,21,9.97,87.0,,,,,5.0,,,,0.0,0.0,0.0,,,,7.0,3.0,46.0,30.0,15.0,64.0,8.0,50.0,87.0,37.0,87.0,0.0,0.0,0.0,4.14,0.87,18.0,,,0.0,4.0,3.0,,76.0,41.0,35.0,8.0,3.0,5.0,22.0,72.0,38.0,34.0,15.0,6.0,9.0,64.0,35.0,29.0,5.0,3.0,,85.0,48.0,37.0,82.0,46.0,36.0,13.0,8.0,5.0,4.0,4.0,0.0,8.0,7.0,,21.0,23.0,21.0,,21.0,,21.0,0.0,23.0,0.0,5.0,,16.0,19.0,21.0,21.0,0.0,11.0,0.0,19.0,,,21.0,21.0,21.0,21.0,21.0,11.0,16.0,13.0,0.0,,10.0,0.0,0.0,11.0,21.0,0.0,14.0,20.0,5.0,,0.0,0.0,0.0,4.0,12.0,0.0,16.0,20.0,21.0,87.0,8558.819770507444,1027.5295351356233,0.12005504995868164,10.444789346405303,87.0,False,60
2201400010515038,22,Querétaro,014,Querétaro,0001,Santiago de Querétaro,0515,038,Urbana,310,Típica,155,155,107,13.78,309.0,,3.0,,4.0,11.0,4.0,11.0,24.0,,,8.0,8.0,18.0,44.0,19.0,70.0,180.0,104.0,32.0,216.0,62.0,155.0,309.0,155.0,310.0,4.0,0.0,4.0,2.89,0.59,41.0,6.0,4.0,,6.0,,4.0,284.0,143.0,141.0,8.0,3.0,5.0,68.0,278.0,141.0,137.0,43.0,20.0,23.0,270.0,138.0,132.0,5.0,,4.0,304.0,151.0,153.0,301.0,150.0,151.0,96.0,58.0,38.0,15.0,7.0,8.0,18.0,7.0,11.0,107.0,110.0,107.0,,107.0,10.0,99.0,,118.0,6.0,27.0,6.0,80.0,95.0,107.0,107.0,0.0,81.0,20.0,101.0,42.0,28.0,107.0,107.0,107.0,107.0,107.0,84.0,101.0,93.0,0.0,11.0,26.0,0.0,0.0,90.0,106.0,,82.0,106.0,4.0,0.0,,0.0,0.0,50.0,84.0,0.0,81.0,104.0,101.0,310.0,51549.680188642174,76.17362178794428,0.001477673993498944,0.45807893798467264,310.0,False,60
2201400010464015,22,Querétaro,014,Querétaro,0001,Santiago de Querétaro,0464,015,Urbana,22,Típica,8,14,9,14.39,22.0,,0.0,0.0,0.0,0.0,0.0,0.0,3.0,0.0,0.0,,0.0,0.0,7.0,0.0,8.0,11.0,7.0,4.0,13.0,5.0,14.0,22.0,8.0,22.0,0.0,0.0,0.0,2.44,0.41,,,0.0,,0.0,0.0,0.0,18.0,12.0,6.0,0.0,0.0,0.0,4.0,18.0,12.0,6.0,,,,18.0,12.0,6.0,0.0,0.0,0.0,21.0,14.0,7.0,21.0,14.0,7.0,7.0,4.0,3.0,3.0,,,,,0.0,9.0,9.0,9.0,0.0,9.0,0.0,9.0,0.0,9.0,0.0,,0.0,7.0,9.0,9.0,9.0,0.0,8.0,,9.0,4.0,3.0,9.0,9.0,9.0,9.0,9.0,8.0,8.0,9.0,0.0,,,0.0,0.0,6.0,9.0,0.0,5.0,9.0,,0.0,0.0,0.0,0.0,5.0,6.0,0.0,9.0,9.0,9.0,22.0,8720.442683513667,636.4760353941845,0.07298666575694224,1.6057066466527292,22.0,False,60
2201400010411002,22,Querétaro,014,Querétaro,0001,Santiago de Querétaro,0411,002,Urbana,5,Típica,0,0,1,,,,,,,,,,,,,,,,,,,,,,,,,,,5.0,,,,,,,,,,,,,,,,,,,,,,,,,,,,,,,,,,,,,,,,,,,,,,,1.0,,,,,,,,1.0,,,,,,,,,,,,,,,,,,,,,,,,,,,,,,,,,,,,,,,,,,,5.0,30562.152186440206,1109.667095141178,0.03630853901818846,0.18154269509094229,5.0,False,60
2201400010375019,22,Querétaro,014,Querétaro,0001,Santiago de Querétaro,0375,019,Urbana,171,Típica,78,93,55,13.81,171.0,,3.0,3.0,3.0,10.0,3.0,4.0,11.0,0.0,0.0,6.0,,10.0,20.0,15.0,31.0,114.0,39.0,22.0,120.0,29.0,93.0,171.0,78.0,171.0,8.0,3.0,5.0,3.11,0.63,34.0,,,,4.0,,3.0,153.0,87.0,66.0,,,,58.0,149.0,86.0,63.0,18.0,9.0,9.0,147.0,85.0,62.0,5.0,,3.0,169.0,92.0,77.0,164.0,90.0,74.0,34.0,21.0,13.0,11.0,3.0,8.0,11.0,3.0,8.0,55.0,67.0,55.0,18.0,55.0,13.0,49.0,5.0,73.0,0.0,6.0,,49.0,53.0,55.0,55.0,0.0,29.0,10.0,53.0,23.0,19.0,55.0,55.0,55.0,55.0,55.0,37.0,52.0,45.0,0.0,,25.0,0.0,0.0,42.0,55.0,0.0,44.0,55.0,,0.0,,0.0,0.0,35.0,35.0,0.0,37.0,54.0,51.0,171.0,24222.721311827798,609.6780786325045,0.025169677295292278,4.30401481749498,171.0,False,60
2201400010375008,22,Querétaro,014,Querétaro,0001,Santiago de Querétaro,0375,008,Urbana,84,Típica,40,44,28,14.38,84.0,,,,,3.0,0.0,,4.0,0.0,0.0,5.0,0.0,,8.0,4.0,15.0,46.0,29.0,10.0,61.0,13.0,44.0,84.0,40.0,84.0,7.0,3.0,4.0,3.0,0.48,10.0,3.0,,,,,0.0,75.0,40.0,35.0,,0.0,,22.0,74.0,39.0,35.0,10.0,6.0,4.0,73.0,39.0,34.0,3.0,,,81.0,43.0,38.0,79.0,42.0,37.0,24.0,13.0,11.0,3.0,,,,,,28.0,36.0,28.0,10.0,28.0,5.0,26.0,5.0,38.0,0.0,6.0,0.0,22.0,28.0,28.0,28.0,0.0,18.0,6.0,26.0,13.0,5.0,28.0,28.0,28.0,28.0,28.0,20.0,25.0,22.0,0.0,4.0,9.0,0.0,0.0,23.0,28.0,0.0,25.0,27.0,,,,0.0,0.0,14.0,14.0,0.0,20.0,28.0,26.0,84.0,16167.990896603513,91.7339297676836,0.00567379894968611,0.47659911177363323,84.0,False,60
2201400010360017,22,Querétaro,014,Querétaro,0001,Santiago de Querétaro,0360,017,Urbana,106,Típica,53,53,33,14.33,106.0,,,0.0,,5.0,,5.0,,0.0,0.0,,0.0,4.0,9.0,10.0,13.0,65.0,37.0,5.0,88.0,13.0,53.0,106.0,53.0,106.0,,,0.0,3.21,0.59,7.0,0.0,0.0,0.0,,,0.0,102.0,51.0,51.0,3.0,,,32.0,101.0,50.0,51.0,30.0,16.0,14.0,98.0,48.0,50.0,3.0,,,106.0,53.0,53.0,103.0,51.0,52.0,20.0,10.0,10.0,,0.0,,,,0.0,33.0,38.0,33.0,8.0,33.0,5.0,30.0,3.0,41.0,0.0,4.0,,29.0,32.0,33.0,33.0,0.0,23.0,8.0,31.0,16.0,5.0,33.0,33.0,33.0,33.0,33.0,30.0,32.0,26.0,0.0,,10.0,0.0,0.0,23.0,33.0,0.0,26.0,32.0,,0.0,,0.0,0.0,14.0,22.0,0.0,24.0,32.0,32.0,106.0,19646.899745320014,495.4330749257225,0.025216857689912987,2.672986915130777,106.0,False,60
2201400010360003,22,Querétaro,014,Querétaro,0001,Santiago de Querétaro,0360,003,Urbana,155,Típica,79,76,52,13.29,123.0,,7.0,6.0,5.0,17.0,15.0,10.0,11.0,3.0,5.0,3.0,3.0,8.0,20.0,26.0,32.0,89.0,57.0,12.0,110.0,33.0,76.0,123.0,79.0,155.0,12.0,3.0,9.0,2.46,0.5,57.0,4.0,,,4.0,,3.0,147.0,73.0,74.0,5.0,4.0,,45.0,143.0,72.0,71.0,28.0,12.0,16.0,138.0,68.0,70.0,,,,151.0,74.0,77.0,150.0,73.0,77.0,42.0,21.0,21.0,,0.0,,6.0,,5.0,52.0,59.0,50.0,11.0,50.0,5.0,48.0,6.0,63.0,,13.0,5.0,37.0,44.0,50.0,50.0,0.0,32.0,11.0,49.0,15.0,13.0,50.0,50.0,50.0,50.0,50.0,31.0,45.0,33.0,0.0,3.0,16.0,0.0,0.0,38.0,50.0,0.0,33.0,49.0,5.0,0.0,,0.0,0.0,26.0,28.0,0.0,31.0,45.0,45.0,155.0,12306.336762685245,175.08718657886382,0.0142274008874644,2.205247137556982,155.0,False,60
2201400010303056,22,Querétaro,014,Querétaro,0001,Santiago de Querétaro,0303,056,Urbana,37,Típica,17,20,10,11.62,37.0,,,0.0,,,,,,0.0,0.0,,,,,,,18.0,9.0,4.0,21.0,5.0,20.0,37.0,17.0,37.0,0.0,0.0,0.0,3.7,0.79,19.0,0.0,0.0,0.0,,,0.0,27.0,14.0,13.0,,0.0,,9.0,26.0,13.0,13.0,3.0,,,25.0,13.0,12.0,,,0.0,30.0,16.0,14.0,29.0,15.0,14.0,6.0,,4.0,,0.0,,,,,10.0,10.0,10.0,0.0,9.0,0.0,10.0,0.0,10.0,0.0,0.0,0.0,7.0,7.0,7.0,7.0,0.0,4.0,3.0,6.0,3.0,0.0,7.0,7.0,7.0,7.0,7.0,5.0,5.0,6.0,0.0,0.0,3.0,0.0,0.0,5.0,7.0,0.0,3.0,7.0,,0.0,0.0,0.0,0.0,,6.0,0.0,6.0,7.0,7.0,37.0,16859.38532701441,1021.9210021480875,0.060614368930202105,2.2427316504174777,37.0,False,60
2201400010303020,22,Querétaro,014,Querétaro,0001,Santiago de Querétaro,0303,020,Urbana,174,Típica,84,90,64,13.75,174.0,,0.0,0.0,0.0,7.0,0.0,,4.0,0.0,0.0,4.0,,,10.0,9.0,13.0,106.0,51.0,20.0,128.0,26.0,90.0,174.0,84.0,174.0,8.0,6.0,,2.72,0.66,36.0,6.0,4.0,,4.0,0.0,4.0,158.0,81.0,77.0,5.0,,3.0,50.0,154.0,81.0,73.0,20.0,6.0,14.0,149.0,79.0,70.0,,,,168.0,86.0,82.0,166.0,85.0,81.0,37.0,22.0,15.0,8.0,4.0,4.0,10.0,4.0,6.0,64.0,82.0,64.0,21.0,64.0,9.0,61.0,12.0,85.0,,17.0,4.0,47.0,59.0,64.0,64.0,0.0,32.0,16.0,62.0,15.0,14.0,64.0,64.0,64.0,64.0,64.0,50.0,54.0,55.0,0.0,5.0,31.0,0.0,0.0,50.0,64.0,0.0,46.0,63.0,7.0,0.0,,0.0,0.0,29.0,42.0,0.0,43.0,60.0,60.0,174.0,23711.05671133887,810.6794693476485,0.034189934224229376,5.949048555015912,174.0,False,60
2201400010252025,22,Querétaro,014,Querétaro,0001,Santiago de Querétaro,0252,025,Urbana,70,Típica,32,38,24,9.74,70.0,,,0.0,,3.0,,4.0,4.0,0.0,,,,6.0,,8.0,9.0,51.0,13.0,6.0,50.0,14.0,38.0,70.0,32.0,70.0,0.0,0.0,0.0,2.92,0.6,20.0,,,0.0,,,,66.0,35.0,31.0,3.0,,,18.0,64.0,34.0,30.0,11.0,5.0,6.0,61.0,33.0,28.0,0.0,0.0,0.0,68.0,36.0,32.0,68.0,36.0,32.0,20.0,12.0,8.0,,,,4.0,,,24.0,27.0,24.0,5.0,24.0,5.0,22.0,0.0,29.0,0.0,4.0,,20.0,22.0,23.0,23.0,,8.0,7.0,21.0,,5.0,24.0,23.0,24.0,24.0,24.0,12.0,19.0,19.0,0.0,,16.0,0.0,0.0,8.0,24.0,0.0,20.0,24.0,5.0,0.0,0.0,0.0,0.0,7.0,16.0,0.0,15.0,20.0,24.0,70.0,13504.720392265863,390.2976831405383,0.028900834064218117,2.0230583844952683,70.0,False,60
2201400010252016,22,Querétaro,014,Querétaro,0001,Santiago de Querétaro,0252,016,Urbana,371,Típica,173,198,91,10.16,371.0,,5.0,3.0,3.0,12.0,5.0,11.0,26.0,,,12.0,10.0,6.0,21.0,23.0,44.0,178.0,119.0,81.0,234.0,56.0,198.0,371.0,173.0,371.0,0.0,0.0,0.0,4.08,0.93,105.0,19.0,10.0,9.0,9.0,8.0,,299.0,162.0,137.0,11.0,7.0,4.0,87.0,290.0,154.0,136.0,48.0,24.0,24.0,279.0,147.0,132.0,22.0,9.0,13.0,352.0,188.0,164.0,340.0,182.0,158.0,75.0,46.0,29.0,31.0,17.0,14.0,33.0,20.0,13.0,91.0,97.0,91.0,,91.0,11.0,84.0,,104.0,,19.0,10.0,72.0,79.0,91.0,91.0,0.0,35.0,14.0,83.0,28.0,10.0,91.0,91.0,91.0,91.0,91.0,48.0,62.0,67.0,0.0,3.0,55.0,0.0,0.0,43.0,91.0,0.0,59.0,88.0,24.0,3.0,3.0,,0.0,20.0,59.0,0.0,54.0,76.0,87.0,371.0,18424.289530836435,148.05602547703765,0.008035915047320477,2.981324482555897,371.0,False,60
2201400010252015,22,Querétaro,014,Querétaro,0001,Santiago de Querétaro,0252,015,Urbana,298,Típica,156,142,78,10.44,298.0,,5.0,4.0,5.0,14.0,3.0,10.0,20.0,0.0,,13.0,3.0,8.0,39.0,21.0,51.0,170.0,77.0,64.0,200.0,34.0,142.0,298.0,156.0,298.0,0.0,0.0,0.0,3.82,0.91,86.0,12.0,6.0,6.0,15.0,6.0,9.0,249.0,122.0,127.0,11.0,4.0,7.0,69.0,234.0,116.0,118.0,34.0,15.0,19.0,223.0,112.0,111.0,12.0,8.0,4.0,286.0,136.0,150.0,277.0,131.0,146.0,43.0,22.0,21.0,25.0,6.0,19.0,30.0,10.0,20.0,78.0,83.0,78.0,5.0,78.0,5.0,78.0,0.0,83.0,8.0,24.0,7.0,53.0,62.0,78.0,78.0,0.0,32.0,17.0,73.0,9.0,11.0,78.0,78.0,78.0,78.0,78.0,43.0,63.0,61.0,0.0,8.0,40.0,0.0,0.0,43.0,76.0,,59.0,71.0,13.0,4.0,,,,26.0,55.0,0.0,50.0,64.0,72.0,298.0,24168.03257644095,1005.9916157060543,0.04162488661516855,12.404216211320227,298.0,False,60
2201400010248015,22,Querétaro,014,Querétaro,0001,Santiago de Querétaro,0248,015,Urbana,372,Típica,181,191,101,10.71,372.0,,8.0,,6.0,16.0,3.0,8.0,7.0,,,7.0,10.0,4.0,18.0,27.0,24.0,167.0,147.0,77.0,234.0,61.0,191.0,372.0,181.0,372.0,3.0,,,3.68,0.73,89.0,12.0,5.0,7.0,19.0,7.0,12.0,314.0,163.0,151.0,12.0,8.0,4.0,99.0,295.0,156.0,139.0,41.0,22.0,19.0,283.0,148.0,135.0,12.0,6.0,6.0,360.0,186.0,174.0,352.0,182.0,170.0,70.0,42.0,28.0,34.0,17.0,17.0,45.0,20.0,25.0,101.0,109.0,101.0,,101.0,11.0,97.0,,113.0,,23.0,5.0,78.0,95.0,100.0,101.0,0.0,52.0,25.0,89.0,19.0,12.0,99.0,99.0,101.0,101.0,101.0,57.0,80.0,86.0,0.0,9.0,45.0,0.0,0.0,55.0,101.0,0.0,75.0,96.0,19.0,5.0,7.0,3.0,,27.0,66.0,,65.0,89.0,91.0,372.0,30367.743671384233,742.7701287759654,0.02445918066266753,9.09881520651232,372.0,False,60
2201400013416022,22,Querétaro,014,Querétaro,0001,Santiago de Querétaro,3416,022,Urbana,66,Típica,29,37,17,10.61,66.0,,0.0,0.0,0.0,,0.0,,,0.0,0.0,,0.0,0.0,10.0,3.0,12.0,34.0,17.0,20.0,43.0,3.0,37.0,66.0,29.0,66.0,0.0,0.0,0.0,3.88,1.18,6.0,,,0.0,5.0,3.0,,51.0,29.0,22.0,4.0,,3.0,22.0,46.0,26.0,20.0,9.0,5.0,4.0,42.0,25.0,17.0,5.0,3.0,,65.0,36.0,29.0,62.0,34.0,28.0,5.0,3.0,,9.0,4.0,5.0,11.0,5.0,6.0,17.0,17.0,17.0,0.0,17.0,0.0,17.0,0.0,17.0,0.0,0.0,,17.0,16.0,17.0,17.0,0.0,7.0,,15.0,0.0,,17.0,17.0,17.0,17.0,17.0,10.0,13.0,11.0,0.0,,10.0,0.0,0.0,7.0,17.0,0.0,14.0,16.0,4.0,,0.0,0.0,0.0,,12.0,0.0,10.0,17.0,16.0,66.0,1730.3631954070688,76.28406083104957,0.04408557754437427,2.9096481179287017,66.0,False,60
2201400013401014,22,Querétaro,014,Querétaro,0001,Santiago de Querétaro,3401,014,Urbana,34,Contenedora,15,19,11,13.38,34.0,,0.0,0.0,0.0,0.0,0.0,0.0,,0.0,0.0,3.0,,,,0.0,5.0,19.0,7.0,10.0,23.0,,19.0,34.0,15.0,34.0,0.0,0.0,0.0,3.09,0.85,5.0,3.0,,,,,,26.0,15.0,11.0,,,0.0,11.0,24.0,14.0,10.0,,,0.0,23.0,13.0,10.0,,0.0,,31.0,17.0,14.0,30.0,17.0,13.0,,,0.0,4.0,,,5.0,,3.0,11.0,11.0,11.0,,11.0,0.0,10.0,,12.0,0.0,0.0,0.0,11.0,11.0,11.0,11.0,0.0,6.0,,11.0,,4.0,11.0,11.0,11.0,11.0,11.0,7.0,8.0,11.0,0.0,,5.0,0.0,0.0,8.0,11.0,0.0,10.0,10.0,,0.0,,0.0,0.0,5.0,7.0,0.0,8.0,11.0,9.0,34.0,63560.35946282044,2475.9010684367213,0.038953541001998215,1.3244203940679393,34.0,False,60
2201400013401013,22,Querétaro,014,Querétaro,0001,Santiago de Querétaro,3401,013,Urbana,59,Edificio-Manzana,26,33,18,13.53,59.0,,0.0,0.0,,3.0,0.0,,,0.0,0.0,0.0,,0.0,3.0,4.0,4.0,33.0,21.0,6.0,49.0,4.0,33.0,59.0,26.0,59.0,,,0.0,3.28,0.73,12.0,,,0.0,,,0.0,54.0,31.0,23.0,6.0,6.0,0.0,18.0,53.0,30.0,23.0,3.0,3.0,0.0,47.0,24.0,23.0,,0.0,,57.0,31.0,26.0,56.0,31.0,25.0,6.0,5.0,,,0.0,,,,,18.0,19.0,18.0,,18.0,,18.0,0.0,19.0,0.0,6.0,0.0,12.0,18.0,18.0,18.0,0.0,12.0,,18.0,4.0,4.0,18.0,18.0,18.0,18.0,18.0,16.0,16.0,16.0,0.0,,4.0,0.0,0.0,14.0,18.0,0.0,12.0,18.0,,0.0,0.0,0.0,0.0,9.0,14.0,0.0,10.0,18.0,17.0,59.0,20806.58631743525,461.1931724656351,0.022165729900592585,1.3077780641349626,59.0,False,60
220140001091A007,22,Querétaro,014,Querétaro,0001,Santiago de Querétaro,091A,007,Urbana,328,Típica,170,158,105,14.49,328.0,,,0.0,,6.0,,,8.0,4.0,4.0,6.0,3.0,5.0,6.0,6.0,15.0,171.0,131.0,34.0,231.0,63.0,158.0,328.0,170.0,328.0,0.0,0.0,0.0,3.12,0.49,71.0,6.0,0.0,6.0,9.0,6.0,3.0,303.0,148.0,155.0,13.0,5.0,8.0,72.0,294.0,142.0,152.0,37.0,15.0,22.0,281.0,137.0,144.0,5.0,,3.0,322.0,158.0,164.0,320.0,157.0,163.0,86.0,41.0,45.0,14.0,8.0,6.0,19.0,13.0,6.0,105.0,112.0,105.0,,105.0,14.0,97.0,,120.0,0.0,25.0,,80.0,104.0,103.0,105.0,0.0,102.0,36.0,104.0,81.0,37.0,105.0,105.0,105.0,105.0,105.0,94.0,100.0,104.0,0.0,20.0,3.0,0.0,0.0,98.0,105.0,0.0,96.0,105.0,,0.0,,0.0,0.0,71.0,92.0,0.0,93.0,91.0,104.0,328.0,194795.4745856548,1132.1408884602283,0.005811946560197974,1.9063184717449355,328.0,False,60
2201400010996040,22,Querétaro,014,Querétaro,0001,Santiago de Querétaro,0996,040,Urbana,109,Típica,47,62,25,8.22,109.0,,,3.0,,,,,8.0,,,,,3.0,11.0,4.0,17.0,59.0,29.0,27.0,71.0,11.0,62.0,109.0,47.0,109.0,5.0,4.0,,4.36,1.03,15.0,3.0,,,6.0,3.0,3.0,88.0,52.0,36.0,4.0,,,30.0,82.0,49.0,33.0,13.0,9.0,4.0,78.0,47.0,31.0,5.0,3.0,,106.0,60.0,46.0,102.0,57.0,45.0,17.0,10.0,7.0,13.0,5.0,8.0,12.0,7.0,5.0,25.0,26.0,25.0,,25.0,,25.0,0.0,26.0,0.0,8.0,3.0,17.0,22.0,25.0,25.0,0.0,13.0,,23.0,,,25.0,25.0,25.0,25.0,25.0,14.0,19.0,19.0,0.0,,11.0,0.0,0.0,12.0,25.0,0.0,19.0,23.0,5.0,0.0,0.0,0.0,0.0,4.0,20.0,0.0,15.0,24.0,24.0,109.0,3609.5630776437397,497.93042673558193,0.13794756208017905,15.036284266739516,109.0,False,60
2201400010892042,22,Querétaro,014,Querétaro,0001,Santiago de Querétaro,0892,042,Urbana,157,Típica,75,82,55,12.81,157.0,,,,,5.0,,,8.0,,4.0,5.0,,4.0,11.0,6.0,14.0,79.0,61.0,22.0,98.0,37.0,82.0,157.0,75.0,157.0,,0.0,,2.85,0.6,22.0,4.0,0.0,4.0,5.0,,4.0,140.0,76.0,64.0,8.0,,6.0,43.0,135.0,75.0,60.0,21.0,15.0,6.0,127.0,73.0,54.0,,0.0,,153.0,82.0,71.0,152.0,82.0,70.0,43.0,25.0,18.0,12.0,6.0,6.0,14.0,5.0,9.0,55.0,57.0,55.0,,55.0,,55.0,,57.0,,13.0,3.0,42.0,50.0,55.0,55.0,0.0,42.0,3.0,53.0,11.0,16.0,55.0,55.0,55.0,55.0,55.0,38.0,49.0,45.0,0.0,7.0,12.0,0.0,0.0,41.0,54.0,,40.0,54.0,5.0,,,0.0,0.0,18.0,46.0,0.0,42.0,52.0,54.0,157.0,8641.693817534862,246.0605472494619,0.02847364792654195,4.470362724467086,157.0,False,60
2201400010888024,22,Querétaro,014,Querétaro,0001,Santiago de Querétaro,0888,024,Urbana,137,Típica,64,73,37,9.52,137.0,,,,3.0,3.0,3.0,,9.0,3.0,,6.0,,3.0,4.0,10.0,22.0,52.0,52.0,40.0,85.0,12.0,73.0,137.0,64.0,137.0,0.0,0.0,0.0,3.7,1.06,28.0,12.0,4.0,8.0,7.0,4.0,3.0,104.0,56.0,48.0,6.0,3.0,3.0,37.0,97.0,52.0,45.0,14.0,8.0,6.0,91.0,49.0,42.0,4.0,4.0,0.0,125.0,69.0,56.0,121.0,65.0,56.0,17.0,9.0,8.0,17.0,9.0,8.0,17.0,9.0,8.0,37.0,41.0,37.0,,37.0,,37.0,,41.0,6.0,9.0,7.0,28.0,24.0,37.0,37.0,0.0,14.0,8.0,34.0,,,37.0,37.0,37.0,37.0,37.0,17.0,26.0,25.0,0.0,0.0,22.0,0.0,0.0,14.0,36.0,,27.0,32.0,10.0,,,0.0,0.0,6.0,26.0,0.0,18.0,33.0,33.0,137.0,7062.886069420829,251.80048981495173,0.035651217836450234,4.884216843593682,137.0,False,60
2201400010816063,22,Querétaro,014,Querétaro,0001,Santiago de Querétaro,0816,063,Urbana,17,Edificio-Manzana,8,9,7,15.33,17.0,,0.0,0.0,0.0,0.0,0.0,0.0,0.0,0.0,0.0,0.0,0.0,0.0,0.0,0.0,0.0,13.0,,,14.0,,9.0,17.0,8.0,17.0,0.0,0.0,0.0,2.43,0.59,,,0.0,,0.0,0.0,0.0,15.0,8.0,7.0,0.0,0.0,0.0,7.0,15.0,8.0,7.0,3.0,,,15.0,8.0,7.0,0.0,0.0,0.0,16.0,9.0,7.0,16.0,9.0,7.0,,,0.0,,,0.0,,,0.0,7.0,12.0,7.0,,7.0,,7.0,4.0,12.0,0.0,3.0,,4.0,6.0,7.0,7.0,0.0,7.0,,7.0,4.0,,7.0,7.0,7.0,7.0,7.0,7.0,7.0,6.0,0.0,0.0,0.0,0.0,0.0,6.0,7.0,0.0,7.0,7.0,0.0,0.0,0.0,0.0,0.0,6.0,6.0,0.0,5.0,5.0,7.0,17.0,521.9795410973578,240.463509967071,0.4606761204884476,7.831494048303609,17.0,False,60
2201400010642016,22,Querétaro,014,Querétaro,0001,Santiago de Querétaro,0642,016,Urbana,150,Típica,66,84,49,10.0,150.0,,7.0,,4.0,6.0,3.0,8.0,,0.0,0.0,,5.0,0.0,,14.0,3.0,78.0,46.0,26.0,108.0,16.0,84.0,150.0,66.0,150.0,,0.0,,3.06,0.86,32.0,3.0,3.0,0.0,4.0,,3.0,128.0,71.0,57.0,6.0,3.0,3.0,45.0,124.0,70.0,54.0,15.0,8.0,7.0,118.0,67.0,51.0,5.0,4.0,,147.0,81.0,66.0,143.0,77.0,66.0,22.0,12.0,10.0,14.0,6.0,8.0,13.0,5.0,8.0,49.0,39.0,49.0,0.0,49.0,0.0,39.0,0.0,49.0,3.0,14.0,9.0,35.0,37.0,49.0,49.0,0.0,22.0,7.0,42.0,5.0,4.0,49.0,49.0,49.0,49.0,49.0,21.0,40.0,38.0,0.0,3.0,27.0,0.0,0.0,18.0,49.0,0.0,32.0,46.0,8.0,6.0,3.0,,0.0,5.0,31.0,0.0,27.0,34.0,42.0,150.0,8094.942783304896,1061.3452830656956,0.13111214142916816,19.666821214375226,150.0,False,60
2201400010642006,22,Querétaro,014,Querétaro,0001,Santiago de Querétaro,0642,006,Urbana,196,Típica,97,99,69,8.64,196.0,,8.0,5.0,7.0,18.0,5.0,10.0,7.0,0.0,,7.0,4.0,,6.0,23.0,17.0,103.0,60.0,44.0,125.0,27.0,99.0,196.0,97.0,196.0,,0.0,,2.84,0.95,60.0,7.0,,5.0,11.0,4.0,7.0,163.0,83.0,80.0,8.0,,7.0,51.0,152.0,79.0,73.0,26.0,16.0,10.0,144.0,78.0,66.0,10.0,4.0,6.0,189.0,97.0,92.0,180.0,93.0,87.0,36.0,19.0,17.0,16.0,10.0,6.0,22.0,11.0,11.0,69.0,59.0,69.0,0.0,69.0,0.0,59.0,0.0,69.0,19.0,31.0,10.0,38.0,40.0,69.0,69.0,0.0,21.0,6.0,54.0,,8.0,68.0,68.0,69.0,69.0,69.0,43.0,47.0,50.0,0.0,6.0,45.0,0.0,0.0,28.0,68.0,,49.0,59.0,20.0,6.0,3.0,,0.0,12.0,39.0,,44.0,59.0,65.0,196.0,8999.857897914564,425.70558084021127,0.04730136694034416,9.271067920307456,196.0,False,60
2201400010642005,22,Querétaro,014,Querétaro,0001,Santiago de Querétaro,0642,005,Urbana,104,Típica,48,56,36,8.71,104.0,,0.0,,0.0,7.0,3.0,4.0,,0.0,0.0,0.0,3.0,0.0,5.0,9.0,6.0,60.0,30.0,15.0,78.0,11.0,56.0,104.0,48.0,104.0,0.0,0.0,0.0,2.89,0.88,28.0,4.0,,,3.0,,,92.0,52.0,40.0,,,,31.0,89.0,51.0,38.0,17.0,8.0,9.0,87.0,50.0,37.0,,0.0,,100.0,54.0,46.0,99.0,54.0,45.0,20.0,12.0,8.0,7.0,,5.0,7.0,,5.0,36.0,34.0,36.0,,36.0,,33.0,0.0,37.0,,19.0,12.0,17.0,22.0,36.0,36.0,0.0,18.0,4.0,28.0,,,36.0,36.0,36.0,36.0,36.0,14.0,25.0,31.0,0.0,,18.0,0.0,0.0,13.0,36.0,0.0,22.0,36.0,7.0,0.0,,0.0,0.0,3.0,27.0,0.0,28.0,32.0,34.0,104.0,6317.370765398448,159.94411662626413,0.025318146198148015,2.6330872046073934,104.0,False,60
2201400010638020,22,Querétaro,014,Querétaro,0001,Santiago de Querétaro,0638,020,Urbana,144,Típica,72,72,40,9.28,144.0,,,,3.0,7.0,,3.0,,,0.0,,0.0,,4.0,9.0,7.0,58.0,62.0,30.0,93.0,21.0,72.0,144.0,72.0,144.0,0.0,0.0,0.0,3.6,0.95,33.0,8.0,4.0,4.0,6.0,4.0,,120.0,60.0,60.0,11.0,5.0,6.0,31.0,114.0,56.0,58.0,13.0,,11.0,103.0,51.0,52.0,3.0,,,136.0,68.0,68.0,134.0,67.0,67.0,30.0,15.0,15.0,13.0,6.0,7.0,14.0,8.0,6.0,40.0,40.0,40.0,0.0,40.0,0.0,40.0,0.0,40.0,3.0,13.0,6.0,27.0,31.0,40.0,40.0,0.0,14.0,6.0,36.0,,4.0,40.0,40.0,40.0,40.0,40.0,18.0,32.0,34.0,0.0,,25.0,0.0,0.0,14.0,40.0,0.0,28.0,36.0,8.0,,,0.0,0.0,6.0,24.0,0.0,27.0,31.0,37.0,144.0,6505.403615389501,311.2373232699182,0.04784289210490183,6.889376463105863,144.0,False,60
2201400010572026,22,Querétaro,014,Querétaro,0001,Santiago de Querétaro,0572,026,Urbana,30,Edificio-Manzana,16,14,9,9.31,28.0,,,0.0,0.0,,,,,0.0,0.0,,,0.0,3.0,3.0,3.0,15.0,11.0,4.0,16.0,10.0,14.0,28.0,16.0,30.0,0.0,0.0,0.0,3.5,0.67,3.0,0.0,0.0,0.0,,0.0,,28.0,12.0,16.0,0.0,0.0,0.0,5.0,26.0,12.0,14.0,3.0,,,26.0,12.0,14.0,,,0.0,30.0,14.0,16.0,29.0,13.0,16.0,12.0,6.0,6.0,,,0.0,3.0,,,9.0,10.0,8.0,,8.0,,8.0,,11.0,0.0,3.0,,5.0,6.0,8.0,8.0,0.0,5.0,,8.0,,,8.0,8.0,8.0,8.0,8.0,4.0,7.0,8.0,0.0,,3.0,0.0,0.0,4.0,8.0,0.0,7.0,7.0,,0.0,0.0,0.0,0.0,,6.0,0.0,5.0,6.0,8.0,30.0,3944.2520916109384,471.2609337056885,0.11948042943502957,3.584412883050887,30.0,False,60
2201400010572012,22,Querétaro,014,Querétaro,0001,Santiago de Querétaro,0572,012,Urbana,86,Típica,45,41,18,9.92,86.0,,,,0.0,,,3.0,0.0,3.0,0.0,,,,24.0,4.0,28.0,47.0,23.0,20.0,59.0,7.0,41.0,86.0,45.0,86.0,0.0,0.0,0.0,4.78,1.15,46.0,7.0,,6.0,5.0,3.0,,71.0,34.0,37.0,0.0,0.0,0.0,20.0,66.0,31.0,35.0,11.0,5.0,6.0,66.0,31.0,35.0,4.0,4.0,0.0,79.0,40.0,39.0,76.0,37.0,39.0,12.0,8.0,4.0,4.0,,,8.0,5.0,3.0,18.0,20.0,18.0,,18.0,,18.0,0.0,20.0,,3.0,3.0,15.0,14.0,18.0,18.0,0.0,7.0,,16.0,3.0,,18.0,18.0,18.0,18.0,18.0,6.0,16.0,12.0,0.0,0.0,11.0,0.0,0.0,8.0,18.0,0.0,16.0,17.0,,0.0,0.0,0.0,0.0,4.0,12.0,0.0,9.0,17.0,18.0,86.0,5283.218571256137,144.81440944075828,0.02741026279484917,2.3572826003570286,86.0,False,60
2201400010572011,22,Querétaro,014,Querétaro,0001,Santiago de Querétaro,0572,011,Urbana,86,Típica,43,43,18,10.09,86.0,,,,,5.0,3.0,,,0.0,0.0,,0.0,,8.0,5.0,10.0,44.0,26.0,20.0,60.0,6.0,43.0,86.0,43.0,86.0,,0.0,,4.78,1.04,19.0,7.0,,6.0,4.0,,,70.0,37.0,33.0,,,,21.0,66.0,35.0,31.0,17.0,9.0,8.0,64.0,34.0,30.0,4.0,3.0,,79.0,42.0,37.0,77.0,41.0,36.0,11.0,6.0,5.0,5.0,,3.0,5.0,,3.0,18.0,18.0,18.0,,18.0,,16.0,0.0,20.0,0.0,,,17.0,17.0,18.0,18.0,0.0,12.0,,18.0,,5.0,18.0,18.0,18.0,18.0,18.0,13.0,17.0,16.0,0.0,3.0,4.0,0.0,0.0,11.0,18.0,0.0,11.0,17.0,,0.0,0.0,0.0,0.0,5.0,15.0,0.0,13.0,16.0,18.0,86.0,6431.370088214626,163.3877236586013,0.025404808216216084,2.1848135065945833,86.0,False,60
2201400010568017,22,Querétaro,014,Querétaro,0001,Santiago de Querétaro,0568,017,Urbana,45,Típica,21,24,16,13.29,45.0,,,0.0,0.0,3.0,,,,0.0,0.0,0.0,,,,3.0,3.0,30.0,12.0,4.0,30.0,11.0,24.0,45.0,21.0,45.0,0.0,0.0,0.0,2.81,0.58,8.0,,,0.0,,0.0,,42.0,22.0,20.0,,0.0,,10.0,41.0,22.0,19.0,,,0.0,40.0,22.0,18.0,0.0,0.0,0.0,44.0,23.0,21.0,44.0,23.0,21.0,17.0,10.0,7.0,,,,,,,16.0,18.0,16.0,,16.0,,15.0,,19.0,0.0,5.0,,11.0,15.0,16.0,16.0,0.0,14.0,0.0,15.0,0.0,,16.0,16.0,16.0,16.0,16.0,12.0,14.0,13.0,0.0,,,0.0,0.0,13.0,16.0,0.0,14.0,16.0,,0.0,0.0,0.0,0.0,8.0,11.0,0.0,13.0,16.0,15.0,45.0,4358.812976806144,689.5482294423873,0.15819633306397182,7.118834987878732,45.0,False,60
2201400013365044,22,Querétaro,014,Querétaro,0001,Santiago de Querétaro,3365,044,Urbana,261,Típica,133,128,76,10.84,261.0,,,0.0,0.0,,0.0,,8.0,,,,4.0,3.0,6.0,4.0,15.0,144.0,70.0,59.0,191.0,11.0,128.0,261.0,133.0,261.0,,0.0,,3.43,0.94,50.0,9.0,3.0,6.0,13.0,6.0,7.0,215.0,104.0,111.0,15.0,7.0,8.0,76.0,202.0,98.0,104.0,41.0,21.0,20.0,187.0,91.0,96.0,11.0,4.0,7.0,252.0,125.0,127.0,245.0,122.0,123.0,17.0,6.0,11.0,26.0,17.0,9.0,32.0,17.0,15.0,76.0,69.0,76.0,0.0,76.0,0.0,69.0,0.0,76.0,0.0,3.0,,73.0,75.0,76.0,76.0,0.0,47.0,8.0,74.0,5.0,19.0,76.0,75.0,75.0,75.0,76.0,47.0,68.0,63.0,0.0,6.0,28.0,0.0,,41.0,76.0,0.0,54.0,75.0,5.0,,,0.0,0.0,19.0,54.0,0.0,50.0,75.0,74.0,261.0,10980.882263300311,453.14947963851705,0.0412671285214493,10.770720544098268,261.0,False,60
2201400013365041,22,Querétaro,014,Querétaro,0001,Santiago de Querétaro,3365,041,Urbana,120,Típica,57,63,36,11.57,120.0,,,0.0,,3.0,0.0,,5.0,0.0,0.0,,0.0,,16.0,6.0,21.0,68.0,33.0,26.0,88.0,6.0,63.0,120.0,57.0,120.0,28.0,15.0,13.0,3.33,0.94,13.0,7.0,4.0,3.0,7.0,3.0,4.0,101.0,53.0,48.0,6.0,,4.0,39.0,94.0,50.0,44.0,17.0,10.0,7.0,88.0,48.0,40.0,5.0,3.0,,113.0,59.0,54.0,110.0,57.0,53.0,7.0,3.0,4.0,7.0,3.0,4.0,13.0,6.0,7.0,36.0,34.0,36.0,,36.0,,33.0,0.0,37.0,0.0,3.0,,33.0,35.0,36.0,36.0,0.0,21.0,4.0,36.0,,5.0,36.0,35.0,35.0,35.0,36.0,24.0,33.0,33.0,0.0,,15.0,0.0,,25.0,36.0,0.0,29.0,36.0,3.0,0.0,0.0,0.0,0.0,16.0,28.0,0.0,25.0,36.0,34.0,120.0,3081.5118361448185,5.758240860646565,0.0018686414873066064,0.22423697847679278,120.0,False,60
2201400013346017,22,Querétaro,014,Querétaro,0001,Santiago de Querétaro,3346,017,Urbana,228,Típica,112,116,65,12.77,228.0,,3.0,3.0,5.0,5.0,4.0,4.0,4.0,3.0,,4.0,,,4.0,6.0,8.0,116.0,71.0,49.0,168.0,11.0,116.0,228.0,112.0,228.0,0.0,0.0,0.0,3.51,0.81,41.0,7.0,4.0,3.0,11.0,,9.0,190.0,95.0,95.0,18.0,12.0,6.0,71.0,179.0,93.0,86.0,31.0,16.0,15.0,161.0,81.0,80.0,8.0,3.0,5.0,221.0,112.0,109.0,215.0,109.0,106.0,15.0,9.0,6.0,23.0,14.0,9.0,26.0,12.0,14.0,65.0,59.0,65.0,,65.0,,57.0,0.0,67.0,0.0,5.0,3.0,60.0,62.0,65.0,65.0,0.0,51.0,10.0,64.0,,23.0,65.0,65.0,65.0,65.0,65.0,50.0,62.0,58.0,0.0,6.0,14.0,0.0,0.0,56.0,65.0,0.0,53.0,64.0,3.0,0.0,0.0,0.0,0.0,42.0,60.0,0.0,50.0,65.0,64.0,228.0,6801.041563348064,514.5838179768655,0.07566250157182433,17.25105035837595,228.0,False,60
2201400013191024,22,Querétaro,014,Querétaro,0001,Santiago de Querétaro,3191,024,Urbana,104,Típica,53,51,34,12.37,104.0,,0.0,,,3.0,4.0,,4.0,,0.0,,,3.0,16.0,7.0,19.0,53.0,24.0,29.0,72.0,3.0,51.0,104.0,53.0,104.0,0.0,0.0,0.0,3.06,0.74,29.0,8.0,,6.0,,,,77.0,39.0,38.0,,,,33.0,75.0,38.0,37.0,13.0,7.0,6.0,73.0,37.0,36.0,8.0,3.0,5.0,96.0,49.0,47.0,91.0,48.0,43.0,5.0,3.0,,11.0,7.0,4.0,11.0,6.0,5.0,34.0,37.0,34.0,,34.0,7.0,29.0,,42.0,0.0,7.0,,27.0,32.0,34.0,34.0,0.0,22.0,,34.0,,6.0,34.0,34.0,34.0,34.0,34.0,19.0,29.0,25.0,0.0,3.0,10.0,0.0,0.0,20.0,34.0,0.0,29.0,32.0,4.0,0.0,,0.0,0.0,9.0,22.0,0.0,22.0,34.0,29.0,104.0,6091.713614282809,95.8605870969637,0.01573622681017147,1.636567588257833,104.0,False,60
2201400013191007,22,Querétaro,014,Querétaro,0001,Santiago de Querétaro,3191,007,Urbana,149,Típica,73,76,48,11.75,149.0,,,0.0,,5.0,,7.0,7.0,,0.0,4.0,,4.0,36.0,14.0,43.0,92.0,34.0,31.0,111.0,7.0,76.0,149.0,73.0,149.0,5.0,3.0,,3.1,0.81,28.0,4.0,,3.0,8.0,0.0,8.0,126.0,61.0,65.0,5.0,,4.0,39.0,118.0,61.0,57.0,18.0,6.0,12.0,113.0,60.0,53.0,7.0,4.0,3.0,145.0,75.0,70.0,143.0,74.0,69.0,9.0,5.0,4.0,12.0,10.0,,18.0,9.0,9.0,48.0,44.0,48.0,,48.0,3.0,40.0,,52.0,0.0,4.0,3.0,44.0,45.0,48.0,48.0,0.0,23.0,5.0,48.0,3.0,9.0,48.0,48.0,48.0,48.0,48.0,33.0,46.0,42.0,0.0,4.0,24.0,0.0,0.0,31.0,48.0,0.0,32.0,48.0,,0.0,0.0,0.0,0.0,15.0,42.0,0.0,40.0,47.0,48.0,149.0,5628.573885203886,487.974158872493,0.08669587871188031,12.917685928070165,149.0,False,60
2201400012992025,22,Querétaro,014,Querétaro,0001,Santiago de Querétaro,2992,025,Urbana,60,Típica,24,36,17,11.0,60.0,,,0.0,0.0,,0.0,,3.0,0.0,0.0,4.0,0.0,4.0,4.0,,9.0,36.0,11.0,15.0,38.0,7.0,36.0,60.0,24.0,60.0,0.0,0.0,0.0,3.53,0.76,14.0,3.0,,,,,,47.0,29.0,18.0,,,0.0,15.0,45.0,28.0,17.0,,,,44.0,27.0,17.0,4.0,,,57.0,34.0,23.0,54.0,33.0,21.0,12.0,8.0,4.0,6.0,3.0,3.0,8.0,4.0,4.0,17.0,16.0,17.0,,17.0,,15.0,0.0,18.0,0.0,4.0,0.0,13.0,17.0,17.0,17.0,0.0,8.0,6.0,16.0,3.0,,17.0,17.0,17.0,17.0,17.0,11.0,15.0,14.0,0.0,,9.0,0.0,0.0,7.0,17.0,0.0,11.0,16.0,,0.0,0.0,0.0,0.0,4.0,13.0,0.0,13.0,17.0,17.0,60.0,2186.7833228644713,94.06098085008452,0.043013397745723554,2.5808038647434133,60.0,False,60
2201400012992014,22,Querétaro,014,Querétaro,0001,Santiago de Querétaro,2992,014,Urbana,390,Típica,204,186,117,11.17,390.0,,,3.0,,7.0,3.0,4.0,8.0,0.0,0.0,5.0,3.0,,9.0,11.0,17.0,225.0,113.0,69.0,294.0,27.0,186.0,390.0,204.0,390.0,,0.0,,3.33,0.67,61.0,10.0,3.0,7.0,17.0,4.0,13.0,338.0,164.0,174.0,17.0,8.0,9.0,103.0,321.0,160.0,161.0,58.0,27.0,31.0,304.0,152.0,152.0,13.0,5.0,8.0,380.0,183.0,197.0,370.0,178.0,192.0,53.0,30.0,23.0,29.0,14.0,15.0,37.0,15.0,22.0,117.0,126.0,117.0,13.0,117.0,13.0,113.0,0.0,130.0,14.0,27.0,11.0,90.0,92.0,117.0,117.0,0.0,66.0,19.0,110.0,16.0,23.0,117.0,117.0,117.0,117.0,117.0,68.0,102.0,97.0,0.0,10.0,46.0,0.0,0.0,72.0,113.0,4.0,93.0,114.0,13.0,3.0,3.0,0.0,0.0,29.0,83.0,0.0,80.0,114.0,109.0,390.0,81476.50844928746,725.2821550882071,0.0089017333817101,3.4716760188669387,390.0,False,60
2201400012992013,22,Querétaro,014,Querétaro,0001,Santiago de Querétaro,2992,013,Urbana,19,Típica,11,8,7,10.11,19.0,,0.0,0.0,0.0,0.0,0.0,0.0,0.0,0.0,0.0,0.0,,0.0,0.0,0.0,0.0,15.0,3.0,,14.0,4.0,8.0,19.0,11.0,19.0,0.0,0.0,0.0,2.71,0.61,0.0,0.0,0.0,0.0,0.0,0.0,0.0,18.0,7.0,11.0,,,0.0,3.0,18.0,7.0,11.0,,0.0,,17.0,6.0,11.0,0.0,0.0,0.0,19.0,8.0,11.0,19.0,8.0,11.0,5.0,,3.0,,,0.0,,,0.0,7.0,7.0,7.0,0.0,7.0,0.0,7.0,0.0,7.0,0.0,,0.0,6.0,7.0,7.0,7.0,0.0,7.0,0.0,7.0,3.0,0.0,7.0,7.0,7.0,7.0,7.0,7.0,7.0,7.0,0.0,0.0,0.0,0.0,0.0,7.0,7.0,0.0,7.0,7.0,0.0,0.0,0.0,0.0,0.0,7.0,7.0,0.0,7.0,7.0,7.0,19.0,8840.817502725768,108.94743021246349,0.012323230309739254,0.23414137588504583,19.0,False,60
2201400012988018,22,Querétaro,014,Querétaro,0001,Santiago de Querétaro,2988,018,Urbana,124,Típica,65,59,30,7.92,124.0,,,,,4.0,3.0,,6.0,,3.0,7.0,0.0,4.0,12.0,5.0,21.0,61.0,39.0,32.0,74.0,18.0,59.0,124.0,65.0,124.0,0.0,0.0,0.0,4.13,0.92,46.0,7.0,3.0,4.0,8.0,,7.0,100.0,48.0,52.0,3.0,,,27.0,92.0,47.0,45.0,13.0,8.0,5.0,89.0,46.0,43.0,11.0,5.0,6.0,117.0,56.0,61.0,108.0,52.0,56.0,23.0,13.0,10.0,6.0,3.0,3.0,12.0,3.0,9.0,30.0,28.0,30.0,0.0,29.0,0.0,28.0,0.0,30.0,,11.0,5.0,18.0,23.0,28.0,28.0,,9.0,0.0,28.0,5.0,0.0,29.0,28.0,29.0,29.0,29.0,8.0,24.0,25.0,0.0,,19.0,0.0,0.0,10.0,29.0,0.0,19.0,23.0,5.0,,,0.0,0.0,,18.0,0.0,17.0,28.0,26.0,124.0,12692.04791819072,227.80231059440484,0.01794842818611723,2.225605095078537,124.0,False,60
2201400012988015,22,Querétaro,014,Querétaro,0001,Santiago de Querétaro,2988,015,Urbana,755,Típica,365,390,214,9.31,755.0,,6.0,5.0,,11.0,3.0,3.0,28.0,8.0,7.0,10.0,9.0,11.0,18.0,22.0,59.0,401.0,217.0,161.0,527.0,67.0,390.0,755.0,365.0,755.0,3.0,,,3.53,0.95,164.0,44.0,20.0,24.0,24.0,15.0,9.0,618.0,324.0,294.0,34.0,10.0,24.0,198.0,594.0,309.0,285.0,105.0,56.0,49.0,560.0,299.0,261.0,38.0,19.0,19.0,711.0,370.0,341.0,683.0,355.0,328.0,111.0,60.0,51.0,55.0,27.0,28.0,59.0,31.0,28.0,214.0,211.0,214.0,3.0,214.0,3.0,208.0,0.0,217.0,30.0,65.0,24.0,149.0,160.0,214.0,214.0,0.0,85.0,7.0,200.0,9.0,12.0,213.0,213.0,214.0,214.0,214.0,89.0,163.0,157.0,0.0,9.0,125.0,0.0,0.0,76.0,209.0,5.0,191.0,189.0,48.0,8.0,3.0,0.0,0.0,17.0,140.0,,109.0,166.0,204.0,755.0,35692.20071066888,348.12163370506994,0.009753437075148232,7.363844991736915,755.0,False,60
220140001294A013,22,Querétaro,014,Querétaro,0001,Santiago de Querétaro,294A,013,Urbana,203,Típica,95,108,45,9.1,203.0,,,0.0,,0.0,0.0,0.0,9.0,,,5.0,5.0,,15.0,,21.0,107.0,42.0,62.0,135.0,6.0,108.0,203.0,95.0,203.0,,,,4.51,1.16,39.0,17.0,9.0,8.0,8.0,5.0,3.0,149.0,80.0,69.0,6.0,4.0,,52.0,141.0,75.0,66.0,20.0,10.0,10.0,135.0,71.0,64.0,13.0,6.0,7.0,186.0,99.0,87.0,178.0,95.0,83.0,23.0,13.0,10.0,24.0,13.0,11.0,25.0,15.0,10.0,45.0,44.0,45.0,,41.0,0.0,43.0,,46.0,9.0,17.0,,24.0,30.0,41.0,41.0,0.0,13.0,15.0,37.0,,5.0,41.0,41.0,41.0,41.0,41.0,18.0,31.0,34.0,0.0,,28.0,0.0,0.0,13.0,39.0,,32.0,37.0,8.0,,,0.0,0.0,6.0,29.0,0.0,25.0,34.0,37.0,203.0,8209.61342350524,503.4948461140919,0.06132990923452226,12.449971574608018,203.0,False,60
220140001294A012,22,Querétaro,014,Querétaro,0001,Santiago de Querétaro,294A,012,Urbana,319,Típica,161,158,64,9.66,319.0,,3.0,0.0,,6.0,,4.0,20.0,6.0,3.0,12.0,6.0,9.0,27.0,10.0,40.0,173.0,85.0,73.0,221.0,25.0,158.0,319.0,161.0,319.0,3.0,,,4.98,1.11,59.0,14.0,6.0,8.0,12.0,3.0,9.0,258.0,129.0,129.0,18.0,5.0,13.0,91.0,246.0,126.0,120.0,55.0,27.0,28.0,228.0,121.0,107.0,19.0,8.0,11.0,305.0,152.0,153.0,290.0,147.0,143.0,39.0,24.0,15.0,28.0,15.0,13.0,33.0,14.0,19.0,64.0,57.0,64.0,,63.0,,56.0,0.0,65.0,5.0,10.0,7.0,53.0,51.0,63.0,63.0,0.0,26.0,22.0,58.0,7.0,6.0,63.0,63.0,63.0,63.0,63.0,23.0,52.0,45.0,0.0,,37.0,0.0,0.0,28.0,59.0,4.0,47.0,59.0,10.0,,0.0,0.0,0.0,11.0,43.0,0.0,34.0,53.0,62.0,319.0,27359.92206106314,699.3622991335844,0.02556156035725231,8.154137753963488,319.0,False,60
2201400012920029,22,Querétaro,014,Querétaro,0001,Santiago de Querétaro,2920,029,Urbana,0,Típica,0,0,0,0.0,0.0,,0.0,0.0,0.0,0.0,0.0,0.0,0.0,0.0,0.0,0.0,0.0,0.0,0.0,0.0,0.0,0.0,0.0,0.0,0.0,0.0,0.0,0.0,0.0,0.0,0.0,0.0,0.0,0.0,0.0,0.0,0.0,0.0,0.0,0.0,0.0,0.0,0.0,0.0,0.0,0.0,0.0,0.0,0.0,0.0,0.0,0.0,0.0,0.0,0.0,0.0,0.0,0.0,0.0,0.0,0.0,0.0,0.0,0.0,0.0,0.0,0.0,0.0,0.0,0.0,0.0,0.0,0.0,0.0,0.0,0.0,0.0,0.0,0.0,0.0,0.0,0.0,0.0,0.0,0.0,0.0,0.0,0.0,0.0,0.0,0.0,0.0,0.0,0.0,0.0,0.0,0.0,0.0,0.0,0.0,0.0,0.0,0.0,0.0,0.0,0.0,0.0,0.0,0.0,0.0,0.0,0.0,0.0,0.0,0.0,0.0,0.0,0.0,0.0,0.0,0.0,0.0,0.0,0.0,0.0,0.0,0.0,0.0,11426.473975327159,599.5184687204264,0.052467495223368875,0.0,0.0,False,60
2201400010996001,22,Querétaro,014,Querétaro,0001,Santiago de Querétaro,0996,001,Urbana,71,Típica,31,40,16,8.87,71.0,,0.0,0.0,0.0,,0.0,0.0,8.0,,,6.0,,,13.0,,18.0,37.0,20.0,18.0,44.0,9.0,40.0,71.0,31.0,71.0,0.0,0.0,0.0,4.44,1.15,34.0,3.0,3.0,0.0,4.0,,3.0,57.0,31.0,26.0,5.0,3.0,,19.0,53.0,30.0,23.0,3.0,,,48.0,27.0,21.0,3.0,3.0,0.0,68.0,37.0,31.0,65.0,34.0,31.0,12.0,7.0,5.0,8.0,3.0,5.0,11.0,4.0,7.0,16.0,14.0,16.0,,16.0,,12.0,0.0,18.0,,,,14.0,13.0,16.0,16.0,0.0,9.0,0.0,14.0,0.0,,16.0,16.0,16.0,16.0,16.0,6.0,13.0,9.0,0.0,0.0,7.0,0.0,0.0,8.0,15.0,,10.0,14.0,3.0,,0.0,0.0,0.0,3.0,13.0,0.0,10.0,12.0,15.0,71.0,3410.6620406230604,244.8161342901416,0.07177965197789533,5.0963552904305685,71.0,False,60
2201400010981015,22,Querétaro,014,Querétaro,0001,Santiago de Querétaro,0981,015,Urbana,79,Típica,41,38,25,8.08,79.0,,,0.0,,5.0,,,,0.0,0.0,,,,4.0,9.0,7.0,45.0,25.0,15.0,56.0,8.0,38.0,79.0,41.0,79.0,0.0,0.0,0.0,3.16,0.98,18.0,3.0,3.0,0.0,6.0,3.0,3.0,70.0,32.0,38.0,,0.0,,17.0,64.0,29.0,35.0,15.0,5.0,10.0,63.0,29.0,34.0,3.0,,,76.0,35.0,41.0,73.0,33.0,40.0,12.0,7.0,5.0,3.0,,,7.0,3.0,4.0,25.0,30.0,25.0,5.0,25.0,5.0,25.0,0.0,30.0,,13.0,9.0,12.0,15.0,24.0,24.0,,7.0,,18.0,0.0,3.0,25.0,24.0,25.0,25.0,25.0,10.0,14.0,15.0,0.0,,18.0,0.0,0.0,10.0,25.0,0.0,15.0,23.0,9.0,4.0,,,0.0,,12.0,0.0,16.0,18.0,21.0,79.0,6211.073043008699,662.8212374222609,0.10671605901790915,8.430568662414823,79.0,False,60
2201400010981002,22,Querétaro,014,Querétaro,0001,Santiago de Querétaro,0981,002,Urbana,182,Típica,89,93,42,9.37,182.0,,,,,4.0,3.0,6.0,7.0,0.0,,14.0,3.0,6.0,22.0,11.0,35.0,96.0,56.0,39.0,127.0,16.0,93.0,182.0,89.0,182.0,0.0,0.0,0.0,4.33,1.03,38.0,5.0,,3.0,9.0,8.0,,152.0,80.0,72.0,9.0,6.0,3.0,51.0,143.0,72.0,71.0,20.0,13.0,7.0,134.0,66.0,68.0,5.0,3.0,,177.0,91.0,86.0,173.0,89.0,84.0,29.0,14.0,15.0,20.0,8.0,12.0,21.0,10.0,11.0,42.0,45.0,42.0,,42.0,3.0,41.0,,46.0,3.0,12.0,4.0,30.0,35.0,42.0,42.0,0.0,20.0,,36.0,4.0,4.0,42.0,42.0,42.0,42.0,42.0,21.0,30.0,33.0,0.0,,20.0,0.0,0.0,15.0,42.0,0.0,32.0,39.0,12.0,,,0.0,0.0,7.0,23.0,0.0,24.0,36.0,41.0,182.0,14089.896182233322,30.002852178008425,0.0021293877392681267,0.38754856854679903,182.0,False,60
2201400010182013,22,Querétaro,014,Querétaro,0001,Santiago de Querétaro,0182,013,Urbana,0,Típica,0,0,0,0.0,0.0,,0.0,0.0,0.0,0.0,0.0,0.0,0.0,0.0,0.0,0.0,0.0,0.0,0.0,0.0,0.0,0.0,0.0,0.0,0.0,0.0,0.0,0.0,0.0,0.0,0.0,0.0,0.0,0.0,0.0,0.0,0.0,0.0,0.0,0.0,0.0,0.0,0.0,0.0,0.0,0.0,0.0,0.0,0.0,0.0,0.0,0.0,0.0,0.0,0.0,0.0,0.0,0.0,0.0,0.0,0.0,0.0,0.0,0.0,0.0,0.0,0.0,0.0,0.0,0.0,0.0,0.0,0.0,0.0,0.0,0.0,0.0,0.0,0.0,0.0,0.0,0.0,0.0,0.0,0.0,0.0,0.0,0.0,0.0,0.0,0.0,0.0,0.0,0.0,0.0,0.0,0.0,0.0,0.0,0.0,0.0,0.0,0.0,0.0,0.0,0.0,0.0,0.0,0.0,0.0,0.0,0.0,0.0,0.0,0.0,0.0,0.0,0.0,0.0,0.0,0.0,0.0,0.0,0.0,0.0,0.0,0.0,0.0,71582.90686535883,185.94428852585338,0.002597607399146255,0.0,0.0,False,60
2201400010125030,22,Querétaro,014,Querétaro,0001,Santiago de Querétaro,0125,030,Urbana,0,Típica,0,0,0,0.0,0.0,,0.0,0.0,0.0,0.0,0.0,0.0,0.0,0.0,0.0,0.0,0.0,0.0,0.0,0.0,0.0,0.0,0.0,0.0,0.0,0.0,0.0,0.0,0.0,0.0,0.0,0.0,0.0,0.0,0.0,0.0,0.0,0.0,0.0,0.0,0.0,0.0,0.0,0.0,0.0,0.0,0.0,0.0,0.0,0.0,0.0,0.0,0.0,0.0,0.0,0.0,0.0,0.0,0.0,0.0,0.0,0.0,0.0,0.0,0.0,0.0,0.0,0.0,0.0,0.0,0.0,0.0,0.0,0.0,0.0,0.0,0.0,0.0,0.0,0.0,0.0,0.0,0.0,0.0,0.0,0.0,0.0,0.0,0.0,0.0,0.0,0.0,0.0,0.0,0.0,0.0,0.0,0.0,0.0,0.0,0.0,0.0,0.0,0.0,0.0,0.0,0.0,0.0,0.0,0.0,0.0,0.0,0.0,0.0,0.0,0.0,0.0,0.0,0.0,0.0,0.0,0.0,0.0,0.0,0.0,0.0,0.0,0.0,77186.48613473056,1283.921574866559,0.016634020269110945,0.0,0.0,False,60
220140001091A030,22,Querétaro,014,Querétaro,0001,Santiago de Querétaro,091A,030,Urbana,40,Típica,24,16,13,14.5,40.0,,,0.0,0.0,3.0,0.0,0.0,,,,,,0.0,3.0,3.0,4.0,22.0,12.0,8.0,26.0,6.0,16.0,40.0,24.0,40.0,0.0,0.0,0.0,3.08,0.59,12.0,0.0,0.0,0.0,,0.0,,34.0,15.0,19.0,0.0,0.0,0.0,9.0,32.0,15.0,17.0,5.0,,4.0,32.0,15.0,17.0,,,0.0,40.0,16.0,24.0,39.0,15.0,24.0,7.0,4.0,3.0,5.0,0.0,5.0,6.0,0.0,6.0,13.0,12.0,13.0,,13.0,4.0,6.0,,19.0,0.0,,0.0,11.0,13.0,13.0,13.0,0.0,10.0,,13.0,5.0,3.0,13.0,13.0,13.0,13.0,13.0,12.0,11.0,13.0,0.0,0.0,3.0,0.0,0.0,11.0,13.0,0.0,11.0,13.0,,0.0,0.0,0.0,0.0,6.0,10.0,0.0,11.0,13.0,13.0,40.0,4543.393597933208,671.4798055045956,0.1477925676107067,5.911702704428268,40.0,False,60
220140001091A029,22,Querétaro,014,Querétaro,0001,Santiago de Querétaro,091A,029,Urbana,14,Típica,6,8,3,15.25,14.0,,0.0,0.0,0.0,0.0,0.0,0.0,0.0,0.0,0.0,0.0,0.0,0.0,5.0,0.0,5.0,7.0,4.0,6.0,8.0,0.0,8.0,14.0,6.0,14.0,0.0,0.0,0.0,4.67,0.82,0.0,0.0,0.0,0.0,3.0,,,11.0,6.0,5.0,0.0,0.0,0.0,5.0,8.0,5.0,3.0,,,0.0,8.0,5.0,3.0,0.0,0.0,0.0,14.0,8.0,6.0,14.0,8.0,6.0,0.0,0.0,0.0,3.0,,,6.0,3.0,3.0,3.0,6.0,3.0,3.0,3.0,3.0,3.0,0.0,6.0,0.0,0.0,0.0,3.0,3.0,3.0,3.0,0.0,3.0,,3.0,,,3.0,3.0,3.0,3.0,3.0,3.0,3.0,3.0,0.0,,0.0,0.0,0.0,3.0,3.0,0.0,3.0,3.0,0.0,0.0,0.0,0.0,0.0,3.0,,0.0,3.0,3.0,3.0,14.0,1884.1907248430662,87.37799475470139,0.046374283453698185,0.6492399683517746,14.0,False,60
2201400012780025,22,Querétaro,014,Querétaro,0001,Santiago de Querétaro,2780,025,Urbana,183,Típica,94,89,50,11.92,183.0,,0.0,0.0,0.0,0.0,0.0,5.0,0.0,,0.0,4.0,0.0,,10.0,5.0,14.0,106.0,53.0,35.0,142.0,6.0,89.0,183.0,94.0,183.0,0.0,0.0,0.0,3.66,0.97,32.0,4.0,,,12.0,8.0,4.0,160.0,78.0,82.0,13.0,5.0,8.0,52.0,148.0,70.0,78.0,32.0,14.0,18.0,135.0,65.0,70.0,5.0,,3.0,179.0,87.0,92.0,176.0,85.0,91.0,6.0,4.0,,14.0,7.0,7.0,21.0,14.0,7.0,50.0,51.0,50.0,,50.0,,50.0,0.0,51.0,,10.0,,40.0,46.0,50.0,50.0,0.0,29.0,4.0,50.0,,11.0,50.0,50.0,50.0,50.0,50.0,29.0,48.0,45.0,0.0,4.0,20.0,0.0,0.0,38.0,50.0,0.0,41.0,49.0,0.0,0.0,,0.0,0.0,13.0,32.0,0.0,40.0,50.0,49.0,183.0,6073.335737403116,82.030346856681,0.013506637933992462,2.4717147419206205,183.0,False,60
2201400011547044,22,Querétaro,014,Querétaro,0001,Santiago de Querétaro,1547,044,Urbana,190,Típica,93,97,42,7.58,190.0,,,0.0,,5.0,0.0,6.0,13.0,4.0,0.0,5.0,0.0,6.0,54.0,9.0,66.0,116.0,44.0,44.0,139.0,7.0,97.0,190.0,93.0,190.0,0.0,0.0,0.0,4.52,1.27,87.0,7.0,3.0,4.0,14.0,7.0,7.0,160.0,82.0,78.0,14.0,5.0,9.0,63.0,146.0,75.0,71.0,26.0,9.0,17.0,132.0,70.0,62.0,6.0,5.0,,183.0,94.0,89.0,178.0,90.0,88.0,11.0,7.0,4.0,17.0,7.0,10.0,23.0,8.0,15.0,42.0,37.0,42.0,0.0,42.0,0.0,37.0,0.0,42.0,3.0,9.0,10.0,33.0,29.0,37.0,37.0,5.0,11.0,6.0,39.0,0.0,5.0,41.0,37.0,42.0,42.0,42.0,15.0,27.0,26.0,0.0,4.0,28.0,0.0,0.0,10.0,39.0,3.0,30.0,38.0,15.0,,0.0,0.0,0.0,5.0,23.0,,20.0,21.0,40.0,190.0,4981.685745180274,149.62230797561259,0.030034473394948788,5.70654994504027,190.0,False,60
2201400011354018,22,Querétaro,014,Querétaro,0001,Santiago de Querétaro,1354,018,Urbana,99,Típica,48,51,25,9.3,99.0,,0.0,0.0,,,,3.0,4.0,0.0,0.0,4.0,,4.0,9.0,4.0,14.0,54.0,26.0,22.0,70.0,7.0,51.0,99.0,48.0,99.0,0.0,0.0,0.0,3.96,0.92,22.0,4.0,3.0,,3.0,0.0,3.0,80.0,42.0,38.0,4.0,,,25.0,77.0,42.0,35.0,12.0,5.0,7.0,73.0,40.0,33.0,4.0,,3.0,95.0,48.0,47.0,93.0,47.0,46.0,12.0,6.0,6.0,11.0,5.0,6.0,12.0,4.0,8.0,25.0,16.0,25.0,0.0,25.0,0.0,16.0,0.0,25.0,,3.0,,22.0,23.0,25.0,25.0,0.0,15.0,,23.0,3.0,4.0,25.0,25.0,25.0,25.0,25.0,13.0,22.0,20.0,0.0,3.0,10.0,0.0,0.0,11.0,25.0,0.0,21.0,24.0,,0.0,0.0,0.0,0.0,4.0,18.0,0.0,16.0,21.0,23.0,99.0,5748.634483055971,112.88608979450457,0.019637026867377796,1.9440656598704018,99.0,False,60
2201400010996027,22,Querétaro,014,Querétaro,0001,Santiago de Querétaro,0996,027,Urbana,120,Típica,55,65,37,9.18,120.0,,,0.0,0.0,,0.0,,8.0,,0.0,5.0,,,5.0,3.0,10.0,57.0,35.0,23.0,74.0,14.0,65.0,120.0,55.0,120.0,0.0,0.0,0.0,3.24,0.84,31.0,4.0,3.0,,4.0,0.0,4.0,92.0,49.0,43.0,6.0,4.0,,33.0,88.0,49.0,39.0,9.0,6.0,3.0,82.0,45.0,37.0,6.0,4.0,,107.0,57.0,50.0,103.0,55.0,48.0,15.0,10.0,5.0,9.0,4.0,5.0,11.0,3.0,8.0,37.0,31.0,37.0,0.0,37.0,0.0,31.0,0.0,37.0,0.0,8.0,3.0,27.0,32.0,35.0,35.0,0.0,15.0,5.0,33.0,,4.0,35.0,35.0,35.0,35.0,35.0,19.0,28.0,31.0,0.0,3.0,18.0,0.0,0.0,12.0,35.0,0.0,28.0,34.0,7.0,,0.0,0.0,0.0,6.0,26.0,0.0,25.0,34.0,34.0,120.0,4083.266474734248,104.69956689688624,0.025641130096389415,3.07693561156673,120.0,False,60
2201400014062025,22,Querétaro,014,Querétaro,0001,Santiago de Querétaro,4062,025,Urbana,4,Típica,0,0,1,,,,,,,,,,,,,,,,,,,,,,,,,,,4.0,,,,,,,,,,,,,,,,,,,,,,,,,,,,,,,,,,,,,,,,,,,,,,,1.0,,,,,,,,2.0,,,,,,,,,,,,,,,,,,,,,,,,,,,,,,,,,,,,,,,,,,,4.0,821.4646598498035,57.45455428793257,0.06994160198983794,0.27976640795935176,4.0,False,60
2201400014062017,22,Querétaro,014,Querétaro,0001,Santiago de Querétaro,4062,017,Urbana,15,Típica,8,7,5,14.0,15.0,,0.0,0.0,0.0,0.0,0.0,0.0,0.0,0.0,0.0,0.0,0.0,0.0,4.0,0.0,4.0,13.0,,0.0,15.0,0.0,7.0,15.0,8.0,15.0,0.0,0.0,0.0,3.0,0.79,0.0,0.0,0.0,0.0,0.0,0.0,0.0,15.0,7.0,8.0,,,,7.0,15.0,7.0,8.0,,,0.0,13.0,6.0,7.0,0.0,0.0,0.0,15.0,7.0,8.0,15.0,7.0,8.0,0.0,0.0,0.0,0.0,0.0,0.0,0.0,0.0,0.0,5.0,5.0,5.0,,5.0,0.0,4.0,,6.0,0.0,,,4.0,4.0,5.0,5.0,0.0,5.0,,5.0,0.0,,5.0,5.0,5.0,5.0,5.0,3.0,5.0,5.0,0.0,0.0,0.0,0.0,0.0,4.0,5.0,0.0,4.0,5.0,0.0,0.0,0.0,0.0,0.0,5.0,4.0,0.0,4.0,0.0,5.0,15.0,644.8327009678076,405.9250873862243,0.6295045005890444,9.442567508835666,15.0,True,60
2201400014113005,22,Querétaro,014,Querétaro,0001,Santiago de Querétaro,4113,005,Urbana,81,Típica,47,34,19,9.75,81.0,,0.0,0.0,0.0,0.0,0.0,0.0,0.0,0.0,0.0,0.0,0.0,0.0,,0.0,,54.0,16.0,17.0,62.0,,34.0,81.0,47.0,81.0,,0.0,,4.26,1.14,0.0,,0.0,,6.0,,4.0,70.0,31.0,39.0,7.0,,5.0,25.0,64.0,29.0,35.0,15.0,7.0,8.0,57.0,27.0,30.0,,0.0,,79.0,34.0,45.0,78.0,34.0,44.0,4.0,,,8.0,3.0,5.0,10.0,3.0,7.0,19.0,14.0,19.0,,19.0,,13.0,0.0,20.0,,4.0,,15.0,16.0,17.0,19.0,0.0,16.0,4.0,19.0,,4.0,19.0,19.0,19.0,19.0,19.0,15.0,17.0,17.0,0.0,3.0,3.0,0.0,0.0,15.0,19.0,0.0,16.0,19.0,,0.0,,0.0,0.0,9.0,18.0,0.0,10.0,19.0,18.0,81.0,3397.5763965174433,214.27693125823686,0.06306758296233553,5.108474219949178,81.0,False,60
2201400014113004,22,Querétaro,014,Querétaro,0001,Santiago de Querétaro,4113,004,Urbana,55,Típica,34,21,14,10.49,55.0,,0.0,,,,,0.0,0.0,0.0,0.0,0.0,0.0,0.0,,,,35.0,9.0,14.0,40.0,,21.0,55.0,34.0,55.0,,0.0,,3.93,1.08,8.0,3.0,0.0,3.0,3.0,,,44.0,20.0,24.0,3.0,,,16.0,41.0,18.0,23.0,11.0,4.0,7.0,38.0,16.0,22.0,,0.0,,52.0,21.0,31.0,52.0,21.0,31.0,,,0.0,6.0,,5.0,8.0,,6.0,14.0,19.0,14.0,6.0,14.0,6.0,13.0,0.0,20.0,0.0,4.0,3.0,10.0,11.0,14.0,14.0,0.0,11.0,4.0,13.0,,3.0,14.0,14.0,14.0,14.0,14.0,9.0,13.0,12.0,0.0,4.0,3.0,0.0,0.0,8.0,12.0,,12.0,14.0,,0.0,0.0,0.0,0.0,4.0,12.0,0.0,10.0,11.0,14.0,55.0,5336.5776975252875,502.0454726939449,0.09407629779788584,5.174196378883721,55.0,False,60
2201400014058039,22,Querétaro,014,Querétaro,0001,Santiago de Querétaro,4058,039,Urbana,36,Típica,19,17,17,15.5,36.0,,0.0,0.0,0.0,,0.0,0.0,0.0,0.0,0.0,,0.0,0.0,4.0,,4.0,23.0,4.0,10.0,26.0,0.0,17.0,36.0,19.0,36.0,,,,2.12,0.65,4.0,,,,,,0.0,27.0,14.0,13.0,0.0,0.0,0.0,13.0,26.0,13.0,13.0,3.0,,,26.0,13.0,13.0,,0.0,,34.0,16.0,18.0,34.0,16.0,18.0,0.0,0.0,0.0,5.0,,3.0,3.0,,,17.0,23.0,17.0,,17.0,,17.0,4.0,23.0,0.0,,0.0,15.0,17.0,17.0,17.0,0.0,14.0,,17.0,0.0,4.0,17.0,17.0,17.0,17.0,17.0,15.0,17.0,17.0,0.0,0.0,3.0,0.0,0.0,17.0,17.0,0.0,11.0,17.0,0.0,0.0,,0.0,0.0,11.0,13.0,0.0,9.0,0.0,16.0,36.0,1988.0070343814773,126.05275755292888,0.06340659533538688,2.2826374320739276,36.0,False,60
2201400013810011,22,Querétaro,014,Querétaro,0001,Santiago de Querétaro,3810,011,Urbana,52,Típica,24,28,19,13.34,52.0,,0.0,,0.0,,,0.0,,0.0,0.0,0.0,,0.0,0.0,,,33.0,10.0,11.0,40.0,,28.0,52.0,24.0,52.0,0.0,0.0,0.0,2.74,1.02,9.0,,,0.0,,,,43.0,23.0,20.0,,,,17.0,41.0,22.0,19.0,6.0,3.0,3.0,39.0,21.0,18.0,,0.0,,50.0,26.0,24.0,49.0,26.0,23.0,6.0,3.0,3.0,6.0,3.0,3.0,6.0,,4.0,19.0,24.0,19.0,,19.0,,19.0,3.0,24.0,0.0,5.0,10.0,14.0,9.0,19.0,19.0,0.0,15.0,,19.0,,6.0,19.0,19.0,19.0,19.0,19.0,16.0,19.0,17.0,0.0,,4.0,0.0,0.0,13.0,19.0,0.0,14.0,18.0,0.0,0.0,0.0,0.0,0.0,11.0,16.0,0.0,9.0,19.0,19.0,52.0,2114.8355013850223,438.21786441343534,0.20721132406111162,10.774988851177804,52.0,False,60
2201400013825022,22,Querétaro,014,Querétaro,0001,Santiago de Querétaro,3825,022,Urbana,71,Típica,35,36,22,13.8,71.0,,0.0,,0.0,0.0,0.0,,0.0,0.0,0.0,,,0.0,7.0,3.0,7.0,46.0,14.0,12.0,59.0,0.0,36.0,71.0,35.0,71.0,0.0,0.0,0.0,3.23,0.83,8.0,5.0,,3.0,,,0.0,60.0,32.0,28.0,,,0.0,24.0,59.0,31.0,28.0,14.0,10.0,4.0,58.0,30.0,28.0,3.0,,,66.0,34.0,32.0,64.0,33.0,31.0,,,0.0,3.0,,,,,0.0,22.0,26.0,22.0,,22.0,,22.0,,26.0,0.0,,0.0,20.0,22.0,22.0,22.0,0.0,15.0,3.0,22.0,0.0,7.0,22.0,22.0,22.0,22.0,22.0,18.0,20.0,19.0,0.0,0.0,7.0,0.0,0.0,20.0,22.0,0.0,18.0,22.0,0.0,0.0,0.0,0.0,0.0,14.0,20.0,0.0,11.0,22.0,21.0,71.0,9705.855410198708,633.0752144503113,0.06522611224818878,4.631053969621403,71.0,False,60
2201400013191002,22,Querétaro,014,Querétaro,0001,Santiago de Querétaro,3191,002,Urbana,151,Típica,77,74,53,12.4,151.0,,,0.0,0.0,4.0,0.0,4.0,6.0,0.0,,5.0,,6.0,26.0,7.0,33.0,95.0,43.0,20.0,122.0,9.0,74.0,151.0,77.0,151.0,,0.0,,2.85,0.83,29.0,,,,7.0,,5.0,138.0,69.0,69.0,8.0,3.0,5.0,47.0,131.0,67.0,64.0,26.0,14.0,12.0,123.0,64.0,59.0,4.0,,3.0,149.0,73.0,76.0,146.0,72.0,74.0,16.0,10.0,6.0,7.0,3.0,4.0,11.0,3.0,8.0,53.0,62.0,53.0,10.0,53.0,10.0,52.0,0.0,63.0,0.0,,,52.0,52.0,53.0,53.0,0.0,31.0,0.0,51.0,7.0,8.0,53.0,53.0,53.0,53.0,53.0,27.0,40.0,35.0,0.0,,21.0,0.0,0.0,23.0,53.0,0.0,51.0,52.0,13.0,,0.0,0.0,0.0,9.0,33.0,0.0,38.0,53.0,52.0,151.0,6766.468572507694,707.7227141232679,0.104592625612533,15.793486467492484,151.0,False,60
2201400013435012,22,Querétaro,014,Querétaro,0001,Santiago de Querétaro,3435,012,Urbana,91,Típica,45,46,22,12.44,91.0,,,0.0,,,0.0,,,0.0,0.0,5.0,0.0,3.0,6.0,,13.0,50.0,26.0,19.0,70.0,,46.0,91.0,45.0,91.0,0.0,0.0,0.0,4.14,1.03,33.0,0.0,0.0,0.0,4.0,,3.0,76.0,36.0,40.0,5.0,,4.0,25.0,72.0,35.0,37.0,15.0,6.0,9.0,67.0,34.0,33.0,4.0,4.0,0.0,91.0,46.0,45.0,89.0,44.0,45.0,3.0,,,11.0,6.0,5.0,10.0,5.0,5.0,22.0,29.0,22.0,7.0,22.0,7.0,22.0,0.0,29.0,0.0,,0.0,20.0,22.0,22.0,22.0,0.0,16.0,,22.0,3.0,7.0,22.0,22.0,22.0,22.0,22.0,15.0,21.0,21.0,0.0,,6.0,0.0,0.0,15.0,22.0,0.0,13.0,21.0,,0.0,0.0,0.0,0.0,9.0,18.0,0.0,15.0,22.0,21.0,91.0,3637.3142758639015,598.8137814046088,0.16463075115014197,14.98139835466292,91.0,False,60
2201400013628008,22,Querétaro,014,Querétaro,0001,Santiago de Querétaro,3628,008,Urbana,0,Típica,0,0,0,0.0,0.0,,0.0,0.0,0.0,0.0,0.0,0.0,0.0,0.0,0.0,0.0,0.0,0.0,0.0,0.0,0.0,0.0,0.0,0.0,0.0,0.0,0.0,0.0,0.0,0.0,0.0,0.0,0.0,0.0,0.0,0.0,0.0,0.0,0.0,0.0,0.0,0.0,0.0,0.0,0.0,0.0,0.0,0.0,0.0,0.0,0.0,0.0,0.0,0.0,0.0,0.0,0.0,0.0,0.0,0.0,0.0,0.0,0.0,0.0,0.0,0.0,0.0,0.0,0.0,0.0,0.0,0.0,0.0,0.0,0.0,0.0,,,,,,,,,24.0,0.0,0.0,0.0,0.0,0.0,0.0,0.0,0.0,0.0,0.0,0.0,0.0,0.0,0.0,0.0,0.0,0.0,0.0,0.0,0.0,0.0,0.0,0.0,0.0,0.0,0.0,0.0,0.0,0.0,0.0,0.0,0.0,0.0,0.0,0.0,0.0,0.0,0.0,0.0,0.0,0.0,0.0,0.0,2227.4394491062208,430.6768941055778,0.19335066292302158,0.0,0.0,False,60
2201400013350035,22,Querétaro,014,Querétaro,0001,Santiago de Querétaro,3350,035,Urbana,254,Típica,125,129,81,13.34,254.0,,0.0,,0.0,,0.0,,0.0,,0.0,0.0,3.0,0.0,,4.0,,139.0,61.0,66.0,182.0,6.0,129.0,254.0,125.0,254.0,9.0,,7.0,3.14,0.81,33.0,11.0,4.0,7.0,12.0,5.0,7.0,200.0,101.0,99.0,10.0,9.0,,78.0,188.0,96.0,92.0,32.0,11.0,21.0,178.0,87.0,91.0,19.0,11.0,8.0,243.0,125.0,118.0,228.0,116.0,112.0,13.0,9.0,4.0,24.0,13.0,11.0,29.0,14.0,15.0,81.0,114.0,81.0,33.0,81.0,30.0,81.0,3.0,114.0,,10.0,3.0,71.0,77.0,81.0,81.0,0.0,60.0,5.0,79.0,0.0,24.0,81.0,81.0,81.0,81.0,81.0,63.0,71.0,72.0,0.0,6.0,21.0,0.0,0.0,60.0,81.0,0.0,62.0,80.0,6.0,,,,,43.0,58.0,0.0,51.0,81.0,78.0,254.0,19843.421385866233,96.74665185156914,0.004875502564314758,1.2383776513359486,254.0,False,60
2201400014522002,22,Querétaro,014,Querétaro,0001,Santiago de Querétaro,4522,002,Urbana,186,Típica,86,100,54,12.32,186.0,,,,,4.0,3.0,,,3.0,,0.0,7.0,,3.0,4.0,10.0,118.0,36.0,38.0,132.0,16.0,100.0,186.0,86.0,186.0,20.0,9.0,11.0,3.44,0.91,46.0,6.0,4.0,,6.0,3.0,3.0,154.0,86.0,68.0,6.0,4.0,,61.0,148.0,83.0,65.0,29.0,16.0,13.0,142.0,79.0,63.0,7.0,4.0,3.0,180.0,96.0,84.0,176.0,93.0,83.0,21.0,11.0,10.0,19.0,6.0,13.0,17.0,5.0,12.0,54.0,56.0,54.0,8.0,54.0,8.0,48.0,0.0,62.0,4.0,10.0,3.0,44.0,47.0,54.0,54.0,0.0,43.0,4.0,50.0,,13.0,54.0,53.0,53.0,52.0,52.0,37.0,42.0,46.0,0.0,8.0,11.0,0.0,,34.0,52.0,,37.0,52.0,11.0,3.0,,0.0,0.0,26.0,36.0,0.0,30.0,54.0,51.0,186.0,29873.244180986872,538.5986103601587,0.018029464998748117,3.3534804897671497,186.0,False,60
2201400014664028,22,Querétaro,014,Querétaro,0001,Santiago de Querétaro,4664,028,Urbana,15,Típica,6,9,4,11.92,15.0,,0.0,0.0,0.0,0.0,0.0,,0.0,0.0,0.0,0.0,0.0,0.0,,,,9.0,5.0,3.0,12.0,0.0,9.0,15.0,6.0,15.0,0.0,0.0,0.0,3.75,0.71,,0.0,0.0,0.0,,0.0,,14.0,8.0,6.0,,,0.0,6.0,12.0,8.0,4.0,,,0.0,11.0,7.0,4.0,0.0,0.0,0.0,15.0,9.0,6.0,15.0,9.0,6.0,,0.0,,,,0.0,,0.0,,4.0,3.0,4.0,0.0,4.0,0.0,3.0,0.0,4.0,0.0,0.0,0.0,4.0,4.0,3.0,4.0,0.0,,,4.0,,0.0,4.0,4.0,4.0,4.0,4.0,,3.0,3.0,0.0,0.0,,0.0,0.0,,4.0,0.0,4.0,4.0,,0.0,0.0,0.0,0.0,,3.0,0.0,3.0,,4.0,15.0,5671.575358457003,857.6125187170023,0.15121239946820042,2.2681859920230063,15.0,False,60
2201400014664018,22,Querétaro,014,Querétaro,0001,Santiago de Querétaro,4664,018,Urbana,38,Típica,19,19,7,9.55,38.0,,3.0,,,,,3.0,0.0,0.0,0.0,,,,0.0,4.0,,19.0,10.0,9.0,27.0,,19.0,38.0,19.0,38.0,,0.0,,5.43,1.36,,,,0.0,,0.0,,30.0,15.0,15.0,,,0.0,12.0,29.0,15.0,14.0,4.0,,3.0,28.0,14.0,14.0,,0.0,,37.0,18.0,19.0,37.0,18.0,19.0,4.0,,3.0,6.0,3.0,3.0,5.0,,4.0,7.0,6.0,7.0,0.0,7.0,0.0,6.0,0.0,7.0,,,0.0,6.0,6.0,7.0,7.0,0.0,6.0,,7.0,,0.0,7.0,7.0,7.0,7.0,7.0,0.0,6.0,6.0,0.0,,,0.0,0.0,4.0,7.0,0.0,7.0,7.0,,0.0,0.0,0.0,0.0,0.0,5.0,0.0,4.0,5.0,7.0,38.0,7529.573462080709,488.28180547513887,0.0648485346393324,2.4642443162946313,38.0,False,60
2201400010869004,22,Querétaro,014,Querétaro,0001,Santiago de Querétaro,0869,004,Urbana,0,Típica,0,0,0,0.0,0.0,,0.0,0.0,0.0,0.0,0.0,0.0,0.0,0.0,0.0,0.0,0.0,0.0,0.0,0.0,0.0,0.0,0.0,0.0,0.0,0.0,0.0,0.0,0.0,0.0,0.0,0.0,0.0,0.0,0.0,0.0,0.0,0.0,0.0,0.0,0.0,0.0,0.0,0.0,0.0,0.0,0.0,0.0,0.0,0.0,0.0,0.0,0.0,0.0,0.0,0.0,0.0,0.0,0.0,0.0,0.0,0.0,0.0,0.0,0.0,0.0,0.0,0.0,0.0,0.0,0.0,0.0,0.0,0.0,0.0,0.0,0.0,0.0,0.0,0.0,0.0,0.0,0.0,0.0,0.0,0.0,0.0,0.0,0.0,0.0,0.0,0.0,0.0,0.0,0.0,0.0,0.0,0.0,0.0,0.0,0.0,0.0,0.0,0.0,0.0,0.0,0.0,0.0,0.0,0.0,0.0,0.0,0.0,0.0,0.0,0.0,0.0,0.0,0.0,0.0,0.0,0.0,0.0,0.0,0.0,0.0,0.0,0.0,60191.108580753506,622.8910646561973,0.010348556113076321,0.0,0.0,False,60
2201400012422034,22,Querétaro,014,Querétaro,0001,Santiago de Querétaro,2422,034,Urbana,241,Típica,122,119,79,13.82,241.0,,,0.0,,0.0,0.0,,7.0,0.0,,13.0,3.0,5.0,13.0,,19.0,130.0,66.0,47.0,174.0,20.0,119.0,241.0,122.0,241.0,,0.0,,3.05,0.63,30.0,10.0,4.0,6.0,3.0,0.0,3.0,197.0,102.0,95.0,10.0,5.0,5.0,67.0,194.0,102.0,92.0,32.0,20.0,12.0,184.0,97.0,87.0,9.0,3.0,6.0,231.0,115.0,116.0,224.0,112.0,112.0,30.0,17.0,13.0,25.0,10.0,15.0,20.0,5.0,15.0,79.0,79.0,79.0,,79.0,,77.0,,81.0,0.0,18.0,3.0,61.0,76.0,79.0,79.0,0.0,66.0,32.0,78.0,66.0,34.0,79.0,79.0,79.0,78.0,78.0,68.0,72.0,75.0,0.0,24.0,13.0,0.0,0.0,68.0,79.0,0.0,65.0,79.0,3.0,,,0.0,0.0,57.0,59.0,0.0,63.0,77.0,78.0,241.0,53642.539408289216,820.6025599009174,0.015297608371130025,3.686723617442336,241.0,False,60
2201400013952021,22,Querétaro,014,Querétaro,0001,Santiago de Querétaro,3952,021,Urbana,0,Típica,0,0,0,0.0,0.0,,0.0,0.0,0.0,0.0,0.0,0.0,0.0,0.0,0.0,0.0,0.0,0.0,0.0,0.0,0.0,0.0,0.0,0.0,0.0,0.0,0.0,0.0,0.0,0.0,0.0,0.0,0.0,0.0,0.0,0.0,0.0,0.0,0.0,0.0,0.0,0.0,0.0,0.0,0.0,0.0,0.0,0.0,0.0,0.0,0.0,0.0,0.0,0.0,0.0,0.0,0.0,0.0,0.0,0.0,0.0,0.0,0.0,0.0,0.0,0.0,0.0,0.0,0.0,0.0,0.0,0.0,0.0,0.0,0.0,0.0,0.0,0.0,0.0,0.0,0.0,0.0,0.0,0.0,0.0,0.0,0.0,0.0,0.0,0.0,0.0,0.0,0.0,0.0,0.0,0.0,0.0,0.0,0.0,0.0,0.0,0.0,0.0,0.0,0.0,0.0,0.0,0.0,0.0,0.0,0.0,0.0,0.0,0.0,0.0,0.0,0.0,0.0,0.0,0.0,0.0,0.0,0.0,0.0,0.0,0.0,0.0,0.0,132818.4598955367,998.4296198662183,0.007517250393141849,0.0,0.0,False,60
2201400010816076,22,Querétaro,014,Querétaro,0001,Santiago de Querétaro,0816,076,Urbana,565,Típica,293,272,208,15.38,565.0,,0.0,,0.0,3.0,,,10.0,4.0,,6.0,8.0,6.0,27.0,6.0,44.0,375.0,121.0,86.0,453.0,26.0,272.0,565.0,293.0,565.0,32.0,17.0,15.0,2.72,0.64,105.0,15.0,10.0,5.0,18.0,13.0,5.0,497.0,234.0,263.0,13.0,5.0,8.0,176.0,479.0,221.0,258.0,97.0,44.0,53.0,466.0,216.0,250.0,17.0,11.0,6.0,550.0,262.0,288.0,537.0,253.0,284.0,41.0,25.0,16.0,36.0,17.0,19.0,35.0,22.0,13.0,208.0,232.0,208.0,34.0,208.0,18.0,198.0,16.0,242.0,0.0,36.0,5.0,172.0,203.0,208.0,208.0,0.0,181.0,23.0,208.0,18.0,81.0,208.0,208.0,208.0,208.0,208.0,165.0,201.0,186.0,0.0,16.0,26.0,0.0,0.0,192.0,208.0,0.0,175.0,207.0,3.0,0.0,6.0,0.0,0.0,144.0,121.0,0.0,142.0,199.0,192.0,565.0,29058.236768442435,637.5301579582209,0.02193973994494345,12.39595306889305,565.0,False,60
2201400011674021,22,Querétaro,014,Querétaro,0001,Santiago de Querétaro,1674,021,Urbana,284,Típica,148,136,55,8.93,284.0,,5.0,0.0,,7.0,,10.0,4.0,3.0,,5.0,7.0,3.0,11.0,15.0,17.0,142.0,81.0,70.0,198.0,16.0,136.0,284.0,148.0,284.0,3.0,0.0,3.0,5.16,1.13,56.0,11.0,5.0,6.0,10.0,4.0,6.0,224.0,107.0,117.0,12.0,10.0,,79.0,214.0,103.0,111.0,45.0,19.0,26.0,202.0,93.0,109.0,20.0,9.0,11.0,273.0,131.0,142.0,258.0,125.0,133.0,30.0,15.0,15.0,29.0,15.0,14.0,27.0,12.0,15.0,55.0,75.0,55.0,26.0,54.0,16.0,49.0,10.0,81.0,,10.0,5.0,44.0,47.0,53.0,54.0,0.0,27.0,9.0,51.0,5.0,13.0,54.0,54.0,54.0,54.0,54.0,29.0,45.0,46.0,0.0,6.0,27.0,0.0,0.0,22.0,51.0,3.0,46.0,50.0,8.0,3.0,0.0,0.0,0.0,15.0,35.0,0.0,32.0,37.0,52.0,284.0,80362.74454418982,641.8383932632668,0.007986765470787686,2.268241393703703,284.0,False,60
2201400012973019,22,Querétaro,014,Querétaro,0001,Santiago de Querétaro,2973,019,Urbana,422,Típica,215,207,123,11.66,422.0,,6.0,,9.0,7.0,3.0,12.0,14.0,6.0,,12.0,7.0,20.0,48.0,22.0,74.0,237.0,111.0,94.0,306.0,22.0,207.0,422.0,215.0,422.0,25.0,14.0,11.0,3.43,0.89,74.0,13.0,6.0,7.0,20.0,8.0,12.0,348.0,173.0,175.0,19.0,8.0,11.0,124.0,328.0,165.0,163.0,64.0,31.0,33.0,309.0,157.0,152.0,24.0,12.0,12.0,409.0,201.0,208.0,392.0,195.0,197.0,39.0,22.0,17.0,37.0,16.0,21.0,48.0,19.0,29.0,123.0,128.0,123.0,,123.0,16.0,110.0,,141.0,3.0,30.0,15.0,93.0,105.0,123.0,123.0,0.0,62.0,36.0,119.0,14.0,31.0,123.0,123.0,123.0,123.0,123.0,76.0,105.0,94.0,0.0,12.0,54.0,0.0,0.0,72.0,123.0,0.0,92.0,117.0,14.0,,3.0,0.0,0.0,45.0,82.0,0.0,72.0,116.0,116.0,422.0,310500.36269036244,1007.7975875676761,0.0032457211284248107,1.3696943161952702,422.0,False,60
2201400013435019,22,Querétaro,014,Querétaro,0001,Santiago de Querétaro,3435,019,Urbana,39,Típica,19,20,14,13.07,39.0,,0.0,0.0,0.0,0.0,0.0,0.0,0.0,0.0,0.0,0.0,0.0,0.0,7.0,0.0,7.0,22.0,8.0,12.0,26.0,,20.0,39.0,19.0,39.0,5.0,3.0,,2.79,0.83,3.0,,,0.0,3.0,,,30.0,15.0,15.0,,0.0,,12.0,27.0,13.0,14.0,3.0,,,26.0,13.0,13.0,4.0,,3.0,37.0,18.0,19.0,34.0,17.0,17.0,,0.0,,3.0,,,3.0,,,14.0,15.0,14.0,,14.0,,13.0,0.0,16.0,0.0,3.0,,11.0,13.0,14.0,14.0,0.0,12.0,4.0,14.0,,,14.0,14.0,14.0,14.0,14.0,10.0,12.0,13.0,0.0,0.0,,0.0,0.0,8.0,14.0,0.0,12.0,14.0,,0.0,0.0,0.0,0.0,7.0,7.0,0.0,9.0,14.0,14.0,39.0,2583.176404798707,0.23024461612694533,8.913236265987302e-05,0.003476162143735048,39.0,False,60
2201400011566013,22,Querétaro,014,Querétaro,0001,Santiago de Querétaro,1566,013,Urbana,149,Típica,77,72,39,8.76,149.0,,0.0,0.0,0.0,,0.0,0.0,,0.0,0.0,,0.0,0.0,3.0,,3.0,90.0,34.0,32.0,112.0,5.0,72.0,149.0,77.0,149.0,,,,3.82,0.97,56.0,8.0,4.0,4.0,7.0,4.0,3.0,124.0,62.0,62.0,8.0,4.0,4.0,48.0,117.0,58.0,59.0,25.0,14.0,11.0,109.0,54.0,55.0,5.0,,4.0,141.0,68.0,73.0,138.0,68.0,70.0,10.0,5.0,5.0,12.0,5.0,7.0,16.0,8.0,8.0,39.0,37.0,39.0,,39.0,,36.0,0.0,40.0,0.0,6.0,5.0,33.0,34.0,33.0,38.0,,18.0,12.0,39.0,4.0,6.0,39.0,38.0,39.0,39.0,39.0,16.0,26.0,29.0,0.0,4.0,20.0,0.0,0.0,15.0,35.0,4.0,38.0,36.0,12.0,0.0,0.0,0.0,0.0,4.0,23.0,0.0,19.0,33.0,37.0,149.0,12136.754649027142,136.79169936755395,0.011270863037386926,1.679358592570652,149.0,False,60
2201400012704007,22,Querétaro,014,Querétaro,0001,Santiago de Querétaro,2704,007,Urbana,51,Típica,24,27,12,9.23,51.0,,0.0,0.0,0.0,,0.0,,0.0,,0.0,0.0,0.0,,5.0,,7.0,26.0,11.0,16.0,33.0,,27.0,51.0,24.0,51.0,0.0,0.0,0.0,4.25,1.09,,6.0,3.0,3.0,,,,37.0,17.0,20.0,3.0,,,14.0,35.0,16.0,19.0,7.0,3.0,4.0,32.0,15.0,17.0,,,0.0,45.0,24.0,21.0,43.0,22.0,21.0,,,,6.0,5.0,,7.0,5.0,,12.0,11.0,12.0,,12.0,,10.0,0.0,13.0,0.0,4.0,4.0,8.0,8.0,7.0,11.0,,4.0,,11.0,,,12.0,11.0,12.0,12.0,12.0,3.0,9.0,8.0,0.0,,6.0,0.0,0.0,6.0,12.0,0.0,9.0,11.0,,,0.0,0.0,0.0,,9.0,0.0,3.0,10.0,12.0,51.0,4746.240354011801,53.85569584653553,0.011347022449255765,0.578698144912044,51.0,False,60
2201400011316005,22,Querétaro,014,Querétaro,0001,Santiago de Querétaro,1316,005,Urbana,384,Típica,170,214,140,14.3,384.0,,6.0,,4.0,13.0,5.0,9.0,21.0,0.0,,15.0,4.0,8.0,22.0,19.0,49.0,245.0,121.0,24.0,281.0,79.0,214.0,384.0,170.0,384.0,7.0,5.0,,2.74,0.57,71.0,9.0,6.0,3.0,6.0,4.0,,366.0,203.0,163.0,,,0.0,114.0,360.0,199.0,161.0,64.0,38.0,26.0,359.0,198.0,161.0,,0.0,,375.0,208.0,167.0,374.0,208.0,166.0,106.0,65.0,41.0,7.0,5.0,,10.0,7.0,3.0,140.0,137.0,140.0,16.0,140.0,12.0,121.0,4.0,156.0,3.0,21.0,8.0,119.0,129.0,140.0,140.0,0.0,105.0,15.0,138.0,73.0,33.0,140.0,140.0,140.0,140.0,140.0,129.0,133.0,119.0,0.0,11.0,32.0,0.0,0.0,117.0,140.0,0.0,98.0,139.0,5.0,0.0,4.0,0.0,0.0,92.0,110.0,0.0,108.0,137.0,132.0,384.0,162396.67484863277,635.4044653104263,0.003912669184283953,1.502464966765038,384.0,False,60
2201400010816029,22,Querétaro,014,Querétaro,0001,Santiago de Querétaro,0816,029,Urbana,183,Típica,104,79,62,13.99,183.0,,3.0,,,,,4.0,5.0,,,7.0,21.0,8.0,16.0,8.0,24.0,130.0,38.0,16.0,141.0,26.0,79.0,183.0,104.0,183.0,,,,2.95,0.53,44.0,,,0.0,3.0,0.0,3.0,170.0,73.0,97.0,4.0,,,34.0,167.0,73.0,94.0,17.0,6.0,11.0,163.0,71.0,92.0,3.0,3.0,0.0,182.0,78.0,104.0,179.0,75.0,104.0,50.0,25.0,25.0,9.0,,7.0,7.0,,6.0,62.0,70.0,62.0,13.0,60.0,6.0,57.0,7.0,75.0,,17.0,0.0,43.0,58.0,60.0,60.0,0.0,50.0,,59.0,40.0,19.0,60.0,60.0,60.0,60.0,60.0,49.0,54.0,53.0,0.0,4.0,10.0,0.0,0.0,51.0,60.0,0.0,51.0,60.0,5.0,0.0,0.0,0.0,0.0,34.0,46.0,0.0,44.0,60.0,57.0,183.0,31256.41316493546,1511.9112496405496,0.04837123318220866,8.851935672344185,183.0,False,60
2201400011180019,22,Querétaro,014,Querétaro,0001,Santiago de Querétaro,1180,019,Urbana,0,Típica,0,0,0,0.0,0.0,,0.0,0.0,0.0,0.0,0.0,0.0,0.0,0.0,0.0,0.0,0.0,0.0,0.0,0.0,0.0,0.0,0.0,0.0,0.0,0.0,0.0,0.0,0.0,0.0,0.0,0.0,0.0,0.0,0.0,0.0,0.0,0.0,0.0,0.0,0.0,0.0,0.0,0.0,0.0,0.0,0.0,0.0,0.0,0.0,0.0,0.0,0.0,0.0,0.0,0.0,0.0,0.0,0.0,0.0,0.0,0.0,0.0,0.0,0.0,0.0,0.0,0.0,0.0,0.0,0.0,0.0,0.0,0.0,0.0,0.0,0.0,0.0,0.0,0.0,0.0,0.0,0.0,0.0,0.0,0.0,0.0,0.0,0.0,0.0,0.0,0.0,0.0,0.0,0.0,0.0,0.0,0.0,0.0,0.0,0.0,0.0,0.0,0.0,0.0,0.0,0.0,0.0,0.0,0.0,0.0,0.0,0.0,0.0,0.0,0.0,0.0,0.0,0.0,0.0,0.0,0.0,0.0,0.0,0.0,0.0,0.0,0.0,29981.02725551345,938.7913710129867,0.031312848723031826,0.0,0.0,False,60
2201400014931025,22,Querétaro,014,Querétaro,0001,Santiago de Querétaro,4931,025,Urbana,14,Típica,7,7,5,6.08,14.0,,0.0,0.0,0.0,0.0,0.0,0.0,0.0,0.0,0.0,0.0,0.0,0.0,0.0,0.0,0.0,13.0,0.0,,12.0,0.0,7.0,14.0,7.0,14.0,0.0,0.0,0.0,2.8,0.93,4.0,,0.0,,,,0.0,13.0,7.0,6.0,0.0,0.0,0.0,5.0,12.0,6.0,6.0,3.0,,,12.0,6.0,6.0,0.0,0.0,0.0,13.0,7.0,6.0,13.0,7.0,6.0,0.0,0.0,0.0,0.0,0.0,0.0,,,0.0,5.0,7.0,5.0,,5.0,,5.0,,7.0,0.0,3.0,,,4.0,,,4.0,3.0,,,,0.0,5.0,,5.0,5.0,5.0,0.0,,4.0,0.0,0.0,,0.0,0.0,,5.0,0.0,3.0,5.0,3.0,,,,0.0,0.0,,0.0,,4.0,4.0,14.0,4325.649369313519,32.49110854241371,0.007511267273049932,0.10515774182269905,14.0,False,60
2201400012032013,22,Querétaro,014,Querétaro,0001,Santiago de Querétaro,2032,013,Urbana,53,Típica,32,21,17,11.69,53.0,,0.0,0.0,0.0,0.0,0.0,0.0,3.0,0.0,0.0,0.0,0.0,,5.0,0.0,8.0,40.0,8.0,5.0,44.0,4.0,21.0,53.0,32.0,53.0,0.0,0.0,0.0,3.12,0.91,15.0,,,0.0,0.0,0.0,0.0,48.0,20.0,28.0,3.0,0.0,3.0,14.0,48.0,20.0,28.0,9.0,4.0,5.0,45.0,20.0,25.0,3.0,0.0,3.0,52.0,20.0,32.0,49.0,20.0,29.0,5.0,3.0,,,0.0,,0.0,0.0,0.0,17.0,19.0,17.0,,17.0,,17.0,,19.0,0.0,,4.0,16.0,13.0,17.0,17.0,0.0,10.0,,17.0,,4.0,17.0,17.0,17.0,17.0,17.0,8.0,16.0,14.0,0.0,,6.0,0.0,0.0,10.0,17.0,0.0,16.0,17.0,,0.0,0.0,0.0,0.0,6.0,9.0,0.0,8.0,17.0,17.0,53.0,1788.3426156107846,377.1356994541114,0.2108855966200334,11.17693662086177,53.0,False,60
2201400012032014,22,Querétaro,014,Querétaro,0001,Santiago de Querétaro,2032,014,Urbana,59,Típica,29,30,23,10.74,59.0,,0.0,,0.0,3.0,,4.0,6.0,,,4.0,0.0,9.0,17.0,7.0,21.0,35.0,20.0,6.0,48.0,5.0,30.0,59.0,29.0,59.0,0.0,0.0,0.0,2.57,0.78,23.0,,,,,0.0,,55.0,29.0,26.0,5.0,4.0,,14.0,53.0,29.0,24.0,7.0,,5.0,48.0,25.0,23.0,,0.0,,57.0,29.0,28.0,56.0,29.0,27.0,11.0,6.0,5.0,,0.0,,,0.0,,23.0,23.0,23.0,0.0,23.0,0.0,23.0,0.0,23.0,0.0,4.0,4.0,19.0,19.0,23.0,23.0,0.0,8.0,4.0,21.0,,,23.0,23.0,23.0,23.0,23.0,13.0,22.0,16.0,0.0,,15.0,0.0,0.0,9.0,23.0,0.0,15.0,22.0,0.0,0.0,0.0,0.0,0.0,7.0,20.0,0.0,13.0,23.0,23.0,59.0,2043.291313321588,431.1204699108636,0.21099314967968583,12.448595831101464,59.0,False,60
220140001223A027,22,Querétaro,014,Querétaro,0001,Santiago de Querétaro,223A,027,Urbana,214,Típica,95,119,57,11.29,214.0,,,0.0,,6.0,,,8.0,0.0,,3.0,0.0,,10.0,12.0,16.0,131.0,54.0,34.0,157.0,23.0,119.0,214.0,95.0,214.0,7.0,5.0,,3.75,0.82,43.0,4.0,4.0,0.0,5.0,3.0,,185.0,104.0,81.0,12.0,6.0,6.0,68.0,180.0,101.0,79.0,32.0,21.0,11.0,168.0,95.0,73.0,8.0,4.0,4.0,210.0,115.0,95.0,205.0,112.0,93.0,32.0,19.0,13.0,17.0,7.0,10.0,18.0,7.0,11.0,57.0,59.0,57.0,,57.0,5.0,52.0,,64.0,,9.0,4.0,48.0,52.0,57.0,57.0,0.0,28.0,9.0,46.0,9.0,8.0,57.0,56.0,56.0,56.0,57.0,31.0,49.0,48.0,0.0,,29.0,0.0,,30.0,56.0,,42.0,54.0,7.0,,,0.0,0.0,11.0,39.0,0.0,39.0,53.0,54.0,214.0,15016.46191776282,433.0558822322449,0.028838742748049564,6.171490948082607,214.0,False,60
2201400013647003,22,Querétaro,014,Querétaro,0001,Santiago de Querétaro,3647,003,Urbana,307,Contenida,144,163,95,11.01,307.0,,4.0,,4.0,5.0,,5.0,10.0,,,5.0,,8.0,13.0,14.0,27.0,190.0,73.0,63.0,234.0,10.0,163.0,307.0,144.0,307.0,12.0,6.0,6.0,3.23,1.06,49.0,12.0,7.0,5.0,19.0,8.0,11.0,263.0,138.0,125.0,21.0,12.0,9.0,109.0,244.0,130.0,114.0,45.0,21.0,24.0,223.0,118.0,105.0,8.0,5.0,3.0,295.0,156.0,139.0,290.0,153.0,137.0,14.0,8.0,6.0,24.0,13.0,11.0,37.0,18.0,19.0,95.0,102.0,95.0,,95.0,7.0,94.0,,103.0,0.0,16.0,4.0,79.0,91.0,95.0,95.0,0.0,48.0,13.0,90.0,,26.0,95.0,95.0,95.0,95.0,95.0,65.0,76.0,83.0,0.0,6.0,44.0,0.0,0.0,58.0,95.0,0.0,70.0,89.0,17.0,,,0.0,0.0,37.0,60.0,0.0,48.0,95.0,91.0,307.0,7127.218531442804,28.037936270508027,0.003933924033171486,1.207714678183646,307.0,False,60
2201400011284015,22,Querétaro,014,Querétaro,0001,Santiago de Querétaro,1284,015,Urbana,137,Típica,63,74,43,13.55,137.0,,,0.0,3.0,4.0,3.0,,6.0,0.0,,3.0,,5.0,18.0,9.0,23.0,81.0,33.0,27.0,97.0,13.0,74.0,137.0,63.0,137.0,0.0,0.0,0.0,3.19,0.66,24.0,6.0,,4.0,4.0,3.0,,114.0,61.0,53.0,4.0,,,33.0,110.0,58.0,52.0,12.0,7.0,5.0,106.0,56.0,50.0,6.0,5.0,,131.0,72.0,59.0,127.0,68.0,59.0,27.0,15.0,12.0,11.0,6.0,5.0,11.0,8.0,3.0,43.0,38.0,43.0,9.0,43.0,6.0,29.0,3.0,52.0,0.0,5.0,0.0,38.0,43.0,43.0,43.0,0.0,34.0,6.0,42.0,15.0,10.0,43.0,43.0,43.0,43.0,43.0,35.0,39.0,36.0,0.0,3.0,9.0,0.0,0.0,32.0,43.0,0.0,35.0,42.0,3.0,,0.0,0.0,0.0,25.0,35.0,0.0,33.0,41.0,43.0,137.0,53022.70044862516,83.98507573699452,0.00158394565019127,0.217000554076204,137.0,False,60
220140001173A013,22,Querétaro,014,Querétaro,0001,Santiago de Querétaro,173A,013,Urbana,116,Típica,55,61,36,11.18,116.0,,,,,3.0,,,4.0,,0.0,,,9.0,12.0,5.0,21.0,57.0,37.0,25.0,78.0,13.0,61.0,116.0,55.0,116.0,6.0,3.0,3.0,3.22,0.78,30.0,5.0,,3.0,3.0,,,94.0,50.0,44.0,4.0,,3.0,28.0,91.0,48.0,43.0,13.0,6.0,7.0,87.0,47.0,40.0,6.0,4.0,,111.0,59.0,52.0,108.0,56.0,52.0,22.0,12.0,10.0,11.0,5.0,6.0,8.0,5.0,3.0,36.0,41.0,36.0,5.0,36.0,5.0,36.0,0.0,41.0,0.0,6.0,0.0,30.0,36.0,36.0,36.0,0.0,27.0,7.0,35.0,,6.0,36.0,36.0,36.0,36.0,36.0,27.0,32.0,32.0,0.0,6.0,8.0,0.0,0.0,22.0,36.0,0.0,26.0,34.0,4.0,0.0,0.0,0.0,0.0,11.0,29.0,0.0,26.0,32.0,36.0,116.0,138490.910296286,693.4513938055702,0.0050071978898976665,0.5808349552281293,116.0,False,60
2201400011180023,22,Querétaro,014,Querétaro,0001,Santiago de Querétaro,1180,023,Urbana,206,Contenedora,101,105,73,12.79,206.0,,0.0,,0.0,,,0.0,3.0,,,4.0,,4.0,10.0,3.0,13.0,116.0,55.0,31.0,143.0,22.0,105.0,206.0,101.0,206.0,4.0,,3.0,2.82,0.59,33.0,8.0,,6.0,6.0,3.0,3.0,171.0,89.0,82.0,10.0,,8.0,61.0,165.0,86.0,79.0,25.0,17.0,8.0,155.0,84.0,71.0,4.0,,3.0,188.0,97.0,91.0,185.0,96.0,89.0,33.0,14.0,19.0,13.0,7.0,6.0,17.0,10.0,7.0,73.0,170.0,73.0,146.0,73.0,146.0,24.0,0.0,219.0,3.0,24.0,5.0,46.0,62.0,56.0,68.0,,51.0,5.0,65.0,36.0,18.0,68.0,67.0,69.0,67.0,67.0,54.0,63.0,58.0,,8.0,17.0,0.0,,52.0,67.0,3.0,52.0,67.0,7.0,3.0,,,,45.0,54.0,,47.0,50.0,67.0,206.0,132131.42465869716,1249.5373752489095,0.009456776678799418,1.94809599583268,206.0,False,60
2201400012102030,22,Querétaro,014,Querétaro,0001,Santiago de Querétaro,2102,030,Urbana,302,Típica,150,152,77,10.72,302.0,,0.0,,,3.0,,0.0,6.0,3.0,,6.0,3.0,5.0,5.0,5.0,21.0,160.0,83.0,70.0,226.0,6.0,152.0,302.0,150.0,302.0,0.0,0.0,0.0,3.92,0.79,51.0,7.0,4.0,3.0,11.0,4.0,7.0,243.0,123.0,120.0,16.0,7.0,9.0,88.0,232.0,119.0,113.0,38.0,20.0,18.0,216.0,112.0,104.0,13.0,7.0,6.0,295.0,148.0,147.0,286.0,144.0,142.0,23.0,14.0,9.0,39.0,18.0,21.0,39.0,17.0,22.0,77.0,78.0,77.0,,77.0,5.0,72.0,,83.0,0.0,8.0,3.0,69.0,74.0,72.0,77.0,0.0,43.0,15.0,73.0,6.0,20.0,77.0,77.0,77.0,77.0,77.0,53.0,61.0,66.0,0.0,8.0,32.0,0.0,0.0,49.0,76.0,,56.0,76.0,11.0,3.0,0.0,0.0,0.0,28.0,61.0,0.0,57.0,77.0,77.0,302.0,12820.738216722937,399.42793010786266,0.031154830818311413,9.408758907130046,302.0,False,60
2201400012795034,22,Querétaro,014,Querétaro,0001,Santiago de Querétaro,2795,034,Urbana,912,Típica,452,460,260,11.01,912.0,,5.0,5.0,3.0,22.0,3.0,43.0,22.0,3.0,0.0,20.0,7.0,15.0,156.0,62.0,174.0,552.0,200.0,187.0,698.0,27.0,460.0,912.0,452.0,912.0,13.0,6.0,7.0,3.51,1.07,128.0,48.0,26.0,22.0,28.0,12.0,16.0,753.0,382.0,371.0,47.0,22.0,25.0,292.0,725.0,370.0,355.0,167.0,84.0,83.0,678.0,348.0,330.0,47.0,15.0,32.0,864.0,434.0,430.0,832.0,423.0,409.0,51.0,26.0,25.0,64.0,37.0,27.0,73.0,38.0,35.0,260.0,278.0,260.0,18.0,260.0,12.0,260.0,6.0,278.0,0.0,44.0,0.0,216.0,260.0,259.0,260.0,0.0,129.0,32.0,251.0,0.0,49.0,260.0,260.0,260.0,260.0,260.0,160.0,230.0,200.0,0.0,15.0,125.0,0.0,0.0,153.0,259.0,,193.0,249.0,22.0,,4.0,0.0,0.0,75.0,207.0,0.0,174.0,260.0,252.0,912.0,23531.700406167758,20.102905730165922,0.000854290399043873,0.7791128439280122,912.0,False,60
2201400010248002,22,Querétaro,014,Querétaro,0001,Santiago de Querétaro,0248,002,Urbana,179,Típica,86,93,51,9.58,179.0,,,0.0,,7.0,0.0,3.0,8.0,0.0,0.0,7.0,3.0,5.0,13.0,10.0,22.0,103.0,49.0,35.0,124.0,20.0,93.0,179.0,86.0,179.0,0.0,0.0,0.0,3.51,1.02,53.0,4.0,,,8.0,,6.0,152.0,80.0,72.0,9.0,5.0,4.0,53.0,144.0,78.0,66.0,25.0,14.0,11.0,135.0,73.0,62.0,10.0,5.0,5.0,175.0,91.0,84.0,170.0,90.0,80.0,28.0,16.0,12.0,13.0,6.0,7.0,15.0,4.0,11.0,51.0,59.0,51.0,,50.0,7.0,51.0,,59.0,,20.0,17.0,30.0,31.0,48.0,50.0,0.0,16.0,4.0,46.0,4.0,4.0,50.0,50.0,50.0,50.0,50.0,16.0,27.0,31.0,0.0,7.0,30.0,0.0,0.0,16.0,47.0,3.0,32.0,46.0,21.0,,0.0,0.0,0.0,10.0,24.0,0.0,25.0,27.0,48.0,179.0,12909.161306833625,453.1076579105845,0.03509969758226868,6.282845867226093,179.0,False,60
2201400010248037,22,Querétaro,014,Querétaro,0001,Santiago de Querétaro,0248,037,Urbana,234,Típica,120,114,72,12.77,234.0,,3.0,4.0,,9.0,3.0,5.0,5.0,,0.0,7.0,3.0,6.0,17.0,14.0,27.0,145.0,65.0,29.0,172.0,33.0,114.0,234.0,120.0,234.0,6.0,4.0,,3.25,0.72,32.0,6.0,4.0,,5.0,3.0,,210.0,104.0,106.0,9.0,5.0,4.0,60.0,205.0,101.0,104.0,16.0,8.0,8.0,196.0,96.0,100.0,3.0,,,228.0,110.0,118.0,226.0,110.0,116.0,49.0,29.0,20.0,15.0,5.0,10.0,14.0,7.0,7.0,72.0,71.0,72.0,,71.0,5.0,65.0,,78.0,3.0,11.0,4.0,60.0,64.0,71.0,71.0,0.0,47.0,18.0,68.0,25.0,19.0,71.0,71.0,71.0,71.0,71.0,53.0,64.0,62.0,0.0,5.0,23.0,0.0,0.0,56.0,70.0,,50.0,71.0,6.0,3.0,,0.0,0.0,36.0,53.0,0.0,51.0,63.0,69.0,234.0,23296.43821562332,1349.0595574774986,0.057908404065509775,13.550566551329288,234.0,False,60
2201400010731028,22,Querétaro,014,Querétaro,0001,Santiago de Querétaro,0731,028,Urbana,55,Típica,27,28,10,6.97,55.0,,0.0,0.0,0.0,,,0.0,0.0,0.0,0.0,,,0.0,,,,26.0,16.0,16.0,35.0,4.0,28.0,55.0,27.0,55.0,0.0,0.0,0.0,5.5,1.15,5.0,3.0,,,3.0,0.0,3.0,42.0,24.0,18.0,5.0,4.0,,18.0,39.0,24.0,15.0,7.0,4.0,3.0,34.0,20.0,14.0,3.0,0.0,3.0,52.0,27.0,25.0,49.0,27.0,22.0,5.0,3.0,,7.0,3.0,4.0,8.0,3.0,5.0,10.0,11.0,10.0,,10.0,0.0,10.0,,11.0,,,0.0,9.0,9.0,9.0,9.0,,6.0,0.0,7.0,,,10.0,9.0,10.0,10.0,10.0,,5.0,8.0,0.0,,3.0,0.0,0.0,,10.0,0.0,6.0,9.0,4.0,,0.0,0.0,0.0,0.0,5.0,0.0,7.0,3.0,10.0,55.0,2115.392957711607,569.2221212068881,0.26908575975532323,14.799716786542778,55.0,False,60
2201400011778005,22,Querétaro,014,Querétaro,0001,Santiago de Querétaro,1778,005,Urbana,109,Típica,44,65,36,12.77,109.0,,5.0,0.0,4.0,4.0,,11.0,4.0,,,,0.0,3.0,24.0,15.0,28.0,66.0,26.0,19.0,79.0,11.0,65.0,109.0,44.0,109.0,30.0,16.0,14.0,3.03,0.72,16.0,7.0,3.0,4.0,,,0.0,92.0,57.0,35.0,,,0.0,31.0,90.0,55.0,35.0,12.0,8.0,4.0,89.0,54.0,35.0,6.0,,4.0,102.0,62.0,40.0,99.0,61.0,38.0,21.0,13.0,8.0,4.0,3.0,,6.0,5.0,,36.0,39.0,36.0,,36.0,,35.0,,40.0,0.0,7.0,,29.0,34.0,36.0,36.0,0.0,28.0,8.0,34.0,13.0,6.0,36.0,36.0,36.0,36.0,36.0,30.0,33.0,34.0,0.0,,8.0,0.0,0.0,25.0,36.0,0.0,24.0,34.0,3.0,0.0,,0.0,0.0,15.0,30.0,0.0,26.0,35.0,35.0,109.0,4995.503305475799,659.5513012191941,0.13202899905925994,14.391160897459333,109.0,False,60
220140001180A026,22,Querétaro,014,Querétaro,0001,Santiago de Querétaro,180A,026,Urbana,33,Típica,12,21,8,12.46,33.0,,0.0,0.0,0.0,,0.0,,,0.0,0.0,3.0,0.0,3.0,7.0,3.0,9.0,18.0,8.0,9.0,23.0,,21.0,33.0,12.0,33.0,0.0,0.0,0.0,4.13,1.27,,,,0.0,,,,26.0,16.0,10.0,0.0,0.0,0.0,11.0,24.0,15.0,9.0,5.0,4.0,,24.0,15.0,9.0,,,0.0,32.0,20.0,12.0,31.0,19.0,12.0,,0.0,,4.0,,,4.0,,,8.0,11.0,8.0,,8.0,,8.0,,11.0,0.0,,,7.0,6.0,8.0,8.0,0.0,4.0,,7.0,0.0,0.0,8.0,8.0,8.0,8.0,8.0,4.0,7.0,6.0,0.0,0.0,4.0,0.0,0.0,7.0,8.0,0.0,7.0,7.0,0.0,0.0,0.0,0.0,0.0,,6.0,0.0,6.0,8.0,8.0,33.0,2353.377263939666,174.06574138066176,0.07396423176506234,2.440819648247057,33.0,False,60
2201400012136010,22,Querétaro,014,Querétaro,0001,Santiago de Querétaro,2136,010,Urbana,162,Típica,75,87,42,11.08,162.0,,,,,0.0,,0.0,,0.0,0.0,3.0,,0.0,3.0,5.0,6.0,88.0,39.0,42.0,116.0,4.0,87.0,162.0,75.0,162.0,0.0,0.0,0.0,3.86,1.03,22.0,8.0,,6.0,7.0,,5.0,127.0,73.0,54.0,4.0,3.0,,55.0,120.0,71.0,49.0,17.0,14.0,3.0,116.0,68.0,48.0,9.0,,7.0,154.0,85.0,69.0,148.0,85.0,63.0,5.0,4.0,,18.0,10.0,8.0,20.0,11.0,9.0,42.0,43.0,42.0,,42.0,,40.0,,45.0,,8.0,,34.0,39.0,42.0,42.0,0.0,17.0,7.0,41.0,3.0,8.0,42.0,42.0,42.0,42.0,42.0,27.0,37.0,35.0,0.0,,24.0,0.0,0.0,23.0,42.0,0.0,38.0,42.0,4.0,0.0,0.0,0.0,0.0,19.0,30.0,0.0,27.0,42.0,41.0,162.0,2941.5258358240217,333.43295919705747,0.11335374149574706,18.363306122311023,162.0,False,60
2201400012140030,22,Querétaro,014,Querétaro,0001,Santiago de Querétaro,2140,030,Urbana,0,Típica,0,0,0,0.0,0.0,,0.0,0.0,0.0,0.0,0.0,0.0,0.0,0.0,0.0,0.0,0.0,0.0,0.0,0.0,0.0,0.0,0.0,0.0,0.0,0.0,0.0,0.0,0.0,0.0,0.0,0.0,0.0,0.0,0.0,0.0,0.0,0.0,0.0,0.0,0.0,0.0,0.0,0.0,0.0,0.0,0.0,0.0,0.0,0.0,0.0,0.0,0.0,0.0,0.0,0.0,0.0,0.0,0.0,0.0,0.0,0.0,0.0,0.0,0.0,0.0,0.0,0.0,0.0,0.0,0.0,0.0,0.0,0.0,0.0,0.0,0.0,0.0,0.0,0.0,0.0,0.0,0.0,0.0,0.0,0.0,0.0,0.0,0.0,0.0,0.0,0.0,0.0,0.0,0.0,0.0,0.0,0.0,0.0,0.0,0.0,0.0,0.0,0.0,0.0,0.0,0.0,0.0,0.0,0.0,0.0,0.0,0.0,0.0,0.0,0.0,0.0,0.0,0.0,0.0,0.0,0.0,0.0,0.0,0.0,0.0,0.0,0.0,12257.686629354994,587.5963115338192,0.04793696635437145,0.0,0.0,False,60
2201400012390013,22,Querétaro,014,Querétaro,0001,Santiago de Querétaro,2390,013,Urbana,107,Típica,47,60,37,14.42,107.0,,0.0,0.0,0.0,,,4.0,7.0,0.0,0.0,7.0,,5.0,15.0,5.0,24.0,65.0,27.0,16.0,75.0,16.0,60.0,107.0,47.0,107.0,12.0,6.0,6.0,2.89,0.63,23.0,3.0,,,,0.0,,92.0,49.0,43.0,,0.0,,27.0,91.0,49.0,42.0,13.0,5.0,8.0,89.0,49.0,40.0,,,0.0,104.0,59.0,45.0,103.0,58.0,45.0,25.0,15.0,10.0,10.0,8.0,,5.0,3.0,,37.0,40.0,37.0,3.0,37.0,3.0,37.0,0.0,40.0,0.0,8.0,4.0,29.0,33.0,37.0,37.0,0.0,27.0,5.0,36.0,8.0,4.0,37.0,37.0,37.0,37.0,37.0,27.0,34.0,32.0,0.0,3.0,9.0,0.0,0.0,29.0,37.0,0.0,31.0,35.0,,0.0,0.0,0.0,0.0,12.0,26.0,0.0,29.0,37.0,35.0,107.0,7764.038520257018,1.399505857514173,0.0001802548833139798,0.01928727251459584,107.0,False,60
2201400014772012,22,Querétaro,014,Querétaro,0001,Santiago de Querétaro,4772,012,Urbana,70,Típica,33,37,23,11.0,70.0,,,,,3.0,,0.0,3.0,0.0,0.0,3.0,,5.0,,6.0,9.0,47.0,12.0,11.0,56.0,3.0,37.0,70.0,33.0,70.0,0.0,0.0,0.0,3.04,0.89,18.0,,0.0,,0.0,0.0,0.0,59.0,30.0,29.0,4.0,4.0,0.0,23.0,59.0,30.0,29.0,11.0,5.0,6.0,55.0,26.0,29.0,4.0,3.0,,69.0,37.0,32.0,65.0,34.0,31.0,7.0,3.0,4.0,6.0,4.0,,,,0.0,23.0,25.0,23.0,,23.0,,23.0,,25.0,,12.0,4.0,11.0,17.0,23.0,23.0,0.0,13.0,4.0,22.0,4.0,,23.0,23.0,23.0,23.0,23.0,12.0,13.0,13.0,0.0,,10.0,0.0,0.0,14.0,23.0,0.0,21.0,18.0,9.0,,,,,10.0,13.0,0.0,7.0,22.0,19.0,70.0,5263.771713381201,481.56475145531283,0.09148663309829942,6.40406431688096,70.0,False,60
2201400013435002,22,Querétaro,014,Querétaro,0001,Santiago de Querétaro,3435,002,Urbana,85,Típica,40,45,25,13.02,85.0,,0.0,0.0,0.0,0.0,0.0,3.0,0.0,,0.0,,,,5.0,3.0,8.0,50.0,21.0,19.0,61.0,5.0,45.0,85.0,40.0,85.0,,0.0,,3.4,0.89,23.0,3.0,,,5.0,4.0,,71.0,38.0,33.0,4.0,4.0,0.0,26.0,66.0,34.0,32.0,10.0,5.0,5.0,62.0,30.0,32.0,5.0,3.0,,82.0,43.0,39.0,77.0,40.0,37.0,8.0,4.0,4.0,6.0,,4.0,8.0,5.0,3.0,25.0,26.0,25.0,,25.0,,25.0,0.0,26.0,0.0,3.0,0.0,22.0,25.0,25.0,25.0,0.0,18.0,3.0,23.0,,6.0,25.0,25.0,25.0,25.0,25.0,18.0,22.0,25.0,0.0,,7.0,0.0,0.0,18.0,25.0,0.0,20.0,25.0,3.0,0.0,0.0,0.0,0.0,14.0,17.0,0.0,18.0,25.0,25.0,85.0,3228.733907559545,420.4572459355505,0.1302235668758951,11.069003184451082,85.0,False,60
220140001344A002,22,Querétaro,014,Querétaro,0001,Santiago de Querétaro,344A,002,Urbana,816,Típica,394,422,209,12.51,805.0,,8.0,4.0,,16.0,7.0,8.0,21.0,5.0,3.0,17.0,3.0,12.0,32.0,26.0,54.0,427.0,259.0,143.0,594.0,70.0,422.0,805.0,394.0,816.0,8.0,3.0,5.0,3.89,0.7,152.0,26.0,17.0,9.0,30.0,12.0,18.0,694.0,353.0,341.0,39.0,17.0,22.0,216.0,664.0,341.0,323.0,100.0,51.0,49.0,625.0,324.0,301.0,24.0,11.0,13.0,781.0,401.0,380.0,765.0,394.0,371.0,110.0,60.0,50.0,63.0,37.0,26.0,75.0,40.0,35.0,209.0,129.0,207.0,27.0,207.0,27.0,102.0,0.0,236.0,5.0,36.0,18.0,168.0,181.0,202.0,203.0,,159.0,38.0,198.0,99.0,66.0,203.0,202.0,204.0,204.0,204.0,159.0,183.0,185.0,0.0,18.0,42.0,0.0,0.0,145.0,202.0,,169.0,198.0,17.0,3.0,3.0,,0.0,112.0,133.0,,150.0,174.0,195.0,816.0,142508.51942026737,1705.7844363618697,0.01196970148382073,9.767276410797715,816.0,False,60
2201400010267005,22,Querétaro,014,Querétaro,0001,Santiago de Querétaro,0267,005,Urbana,144,Típica,74,70,50,10.97,144.0,,0.0,0.0,0.0,3.0,0.0,3.0,5.0,0.0,,6.0,,5.0,10.0,4.0,18.0,87.0,35.0,28.0,98.0,18.0,70.0,144.0,74.0,144.0,,,0.0,2.88,0.76,31.0,6.0,5.0,,6.0,,4.0,122.0,58.0,64.0,5.0,,4.0,30.0,116.0,56.0,60.0,9.0,4.0,5.0,111.0,55.0,56.0,3.0,,,138.0,65.0,73.0,136.0,64.0,72.0,27.0,12.0,15.0,13.0,6.0,7.0,14.0,6.0,8.0,50.0,54.0,50.0,4.0,50.0,4.0,50.0,0.0,54.0,4.0,19.0,13.0,31.0,33.0,50.0,50.0,0.0,18.0,4.0,45.0,7.0,8.0,50.0,50.0,50.0,50.0,50.0,26.0,38.0,29.0,0.0,5.0,31.0,0.0,0.0,23.0,50.0,0.0,30.0,43.0,10.0,,3.0,,,10.0,34.0,0.0,35.0,40.0,46.0,144.0,8647.77835461529,635.746367584162,0.07351557145828863,10.586242289993564,144.0,False,60
2201400010411006,22,Querétaro,014,Querétaro,0001,Santiago de Querétaro,0411,006,Urbana,279,Típica,124,155,100,13.52,279.0,,,,3.0,4.0,,7.0,17.0,0.0,4.0,7.0,3.0,11.0,43.0,11.0,62.0,193.0,63.0,29.0,226.0,24.0,155.0,279.0,124.0,279.0,5.0,3.0,,2.79,0.68,45.0,5.0,,4.0,6.0,4.0,,256.0,142.0,114.0,6.0,4.0,,97.0,250.0,138.0,112.0,42.0,26.0,16.0,244.0,134.0,110.0,5.0,3.0,,274.0,154.0,120.0,270.0,152.0,118.0,29.0,21.0,8.0,13.0,9.0,4.0,16.0,11.0,5.0,100.0,120.0,100.0,,100.0,19.0,100.0,,120.0,,18.0,10.0,82.0,89.0,100.0,100.0,0.0,50.0,25.0,94.0,46.0,29.0,100.0,100.0,100.0,100.0,100.0,73.0,89.0,73.0,0.0,11.0,45.0,0.0,0.0,78.0,100.0,0.0,86.0,97.0,11.0,,,,0.0,56.0,64.0,0.0,69.0,97.0,94.0,279.0,23974.2880170524,457.1008879903047,0.019066296678557405,5.319496773317516,279.0,False,60
2201400010411007,22,Querétaro,014,Querétaro,0001,Santiago de Querétaro,0411,007,Urbana,5,Típica,0,4,3,10.6,5.0,,0.0,0.0,0.0,,0.0,0.0,,0.0,0.0,0.0,0.0,,,,,3.0,,0.0,4.0,,4.0,5.0,,5.0,,,0.0,1.67,0.42,,0.0,0.0,0.0,0.0,0.0,0.0,5.0,4.0,,0.0,0.0,0.0,0.0,5.0,4.0,,0.0,0.0,0.0,5.0,4.0,,0.0,0.0,0.0,5.0,4.0,,5.0,4.0,,,,0.0,0.0,0.0,0.0,0.0,0.0,0.0,3.0,6.0,3.0,,3.0,,3.0,,6.0,0.0,,0.0,,3.0,3.0,3.0,0.0,,,3.0,,0.0,3.0,3.0,3.0,3.0,3.0,,3.0,,0.0,0.0,,0.0,0.0,,3.0,0.0,,3.0,0.0,0.0,,0.0,0.0,0.0,,0.0,3.0,3.0,,5.0,20865.999882312863,933.6425082363328,0.044744680988316216,0.22372340494158108,5.0,False,60
2201400010587002,22,Querétaro,014,Querétaro,0001,Santiago de Querétaro,0587,002,Urbana,87,Típica,35,52,25,10.37,87.0,,,,0.0,,0.0,,3.0,0.0,0.0,4.0,5.0,6.0,7.0,5.0,14.0,35.0,41.0,17.0,57.0,13.0,52.0,87.0,35.0,87.0,9.0,6.0,3.0,3.48,0.88,26.0,,,,6.0,4.0,,76.0,45.0,31.0,4.0,,,26.0,70.0,41.0,29.0,10.0,4.0,6.0,66.0,39.0,27.0,5.0,3.0,,85.0,51.0,34.0,81.0,49.0,32.0,18.0,11.0,7.0,4.0,3.0,,9.0,7.0,,25.0,33.0,25.0,8.0,25.0,3.0,25.0,5.0,33.0,5.0,10.0,,15.0,19.0,25.0,25.0,0.0,10.0,,23.0,,,25.0,25.0,25.0,25.0,25.0,11.0,21.0,11.0,0.0,0.0,15.0,0.0,0.0,13.0,25.0,0.0,21.0,21.0,4.0,0.0,,0.0,0.0,6.0,17.0,0.0,13.0,23.0,24.0,87.0,5005.8284447797605,210.45243058807188,0.04204147883005029,3.6576086582143756,87.0,False,60
2201400010549006,22,Querétaro,014,Querétaro,0001,Santiago de Querétaro,0549,006,Urbana,53,Típica,25,28,20,15.77,53.0,,0.0,0.0,0.0,0.0,0.0,,0.0,0.0,0.0,,0.0,,0.0,,,26.0,21.0,10.0,36.0,7.0,28.0,53.0,25.0,53.0,0.0,0.0,0.0,2.65,0.4,3.0,,0.0,,4.0,,3.0,47.0,24.0,23.0,,,,15.0,43.0,23.0,20.0,4.0,,,41.0,22.0,19.0,,,0.0,52.0,28.0,24.0,51.0,27.0,24.0,10.0,4.0,6.0,4.0,3.0,,8.0,4.0,4.0,20.0,27.0,20.0,14.0,20.0,9.0,13.0,5.0,34.0,0.0,,,19.0,19.0,19.0,20.0,0.0,20.0,8.0,20.0,16.0,9.0,20.0,20.0,20.0,20.0,20.0,20.0,20.0,20.0,0.0,,0.0,0.0,0.0,20.0,20.0,0.0,15.0,20.0,0.0,0.0,0.0,0.0,0.0,17.0,18.0,0.0,16.0,18.0,20.0,53.0,127944.80219386745,1730.1144417950704,0.013522350358348492,0.7166845689924701,53.0,False,60
2201400010515023,22,Querétaro,014,Querétaro,0001,Santiago de Querétaro,0515,023,Urbana,24,Típica,15,9,10,11.67,24.0,,,,,,,0.0,,0.0,0.0,0.0,,,,3.0,3.0,18.0,6.0,0.0,20.0,4.0,9.0,24.0,15.0,24.0,,0.0,,2.4,0.5,11.0,0.0,0.0,0.0,0.0,0.0,0.0,24.0,9.0,15.0,0.0,0.0,0.0,5.0,24.0,9.0,15.0,5.0,,4.0,24.0,9.0,15.0,0.0,0.0,0.0,24.0,9.0,15.0,24.0,9.0,15.0,5.0,,3.0,0.0,0.0,0.0,0.0,0.0,0.0,10.0,12.0,10.0,,10.0,,10.0,,12.0,,,,8.0,8.0,10.0,10.0,0.0,8.0,,9.0,,,10.0,10.0,10.0,10.0,10.0,4.0,8.0,8.0,0.0,,,0.0,0.0,7.0,10.0,0.0,7.0,9.0,,,0.0,0.0,0.0,,4.0,0.0,4.0,8.0,7.0,24.0,4832.072310590333,476.99254079661216,0.09871386646081423,2.3691327950595413,24.0,False,60
2201400010498038,22,Querétaro,014,Querétaro,0001,Santiago de Querétaro,0498,038,Urbana,0,Típica,0,0,0,0.0,0.0,,0.0,0.0,0.0,0.0,0.0,0.0,0.0,0.0,0.0,0.0,0.0,0.0,0.0,0.0,0.0,0.0,0.0,0.0,0.0,0.0,0.0,0.0,0.0,0.0,0.0,0.0,0.0,0.0,0.0,0.0,0.0,0.0,0.0,0.0,0.0,0.0,0.0,0.0,0.0,0.0,0.0,0.0,0.0,0.0,0.0,0.0,0.0,0.0,0.0,0.0,0.0,0.0,0.0,0.0,0.0,0.0,0.0,0.0,0.0,0.0,0.0,0.0,0.0,0.0,0.0,0.0,0.0,0.0,0.0,0.0,0.0,0.0,0.0,0.0,0.0,0.0,0.0,0.0,0.0,0.0,0.0,0.0,0.0,0.0,0.0,0.0,0.0,0.0,0.0,0.0,0.0,0.0,0.0,0.0,0.0,0.0,0.0,0.0,0.0,0.0,0.0,0.0,0.0,0.0,0.0,0.0,0.0,0.0,0.0,0.0,0.0,0.0,0.0,0.0,0.0,0.0,0.0,0.0,0.0,0.0,0.0,0.0,6992.99628950806,636.6107300521857,0.09103547373639027,0.0,0.0,False,60
2201400010498040,22,Querétaro,014,Querétaro,0001,Santiago de Querétaro,0498,040,Urbana,6,Típica,0,0,2,,,,,,,,,,,,,,,,,,,,,,,,,,,6.0,,,,,,,,,,,,,,,,,,,,,,,,,,,,,,,,,,,,,,,,,,,,,,,2.0,,,,,,,,2.0,,,,,,,,,,,,,,,,,,,,,,,,,,,,,,,,,,,,,,,,,,,6.0,5692.310107438858,532.2422963740925,0.09350198536768833,0.56101191220613,6.0,False,60
2201400010498041,22,Querétaro,014,Querétaro,0001,Santiago de Querétaro,0498,041,Urbana,24,Típica,10,14,5,13.36,24.0,,0.0,0.0,0.0,,0.0,0.0,,0.0,0.0,,,0.0,,,,12.0,11.0,,17.0,5.0,14.0,24.0,10.0,24.0,,,0.0,4.8,0.89,0.0,0.0,0.0,0.0,,0.0,,23.0,14.0,9.0,,0.0,,8.0,22.0,14.0,8.0,4.0,3.0,,20.0,14.0,6.0,,0.0,,24.0,14.0,10.0,23.0,14.0,9.0,5.0,4.0,,0.0,0.0,0.0,,0.0,,5.0,19.0,5.0,14.0,5.0,8.0,5.0,6.0,19.0,0.0,0.0,0.0,5.0,5.0,5.0,5.0,0.0,4.0,3.0,5.0,,4.0,5.0,5.0,5.0,5.0,5.0,5.0,5.0,5.0,0.0,0.0,,0.0,0.0,5.0,5.0,0.0,5.0,5.0,0.0,0.0,0.0,0.0,0.0,,5.0,0.0,5.0,5.0,5.0,24.0,5462.5851852201895,1.9067200299122313,0.0003490508550916765,0.008377220522200236,24.0,False,60
2201400010816045,22,Querétaro,014,Querétaro,0001,Santiago de Querétaro,0816,045,Urbana,16,Contenida,9,7,8,15.67,16.0,,0.0,0.0,0.0,0.0,0.0,0.0,0.0,,0.0,,0.0,,0.0,0.0,,10.0,5.0,,15.0,0.0,7.0,16.0,9.0,16.0,0.0,0.0,0.0,2.0,0.48,,0.0,0.0,0.0,0.0,0.0,0.0,15.0,6.0,9.0,,0.0,,5.0,15.0,6.0,9.0,3.0,,,14.0,6.0,8.0,0.0,0.0,0.0,16.0,7.0,9.0,16.0,7.0,9.0,0.0,0.0,0.0,,,0.0,,,0.0,8.0,11.0,8.0,,8.0,,7.0,,12.0,0.0,3.0,,5.0,7.0,8.0,8.0,0.0,4.0,3.0,8.0,5.0,4.0,8.0,8.0,8.0,8.0,8.0,4.0,8.0,8.0,0.0,,4.0,0.0,0.0,8.0,8.0,0.0,6.0,8.0,0.0,0.0,0.0,0.0,0.0,7.0,6.0,0.0,5.0,8.0,8.0,16.0,580.4208144732445,1.2173444853011097,0.002097348087707536,0.033557569403320574,16.0,False,60
2201400011316035,22,Querétaro,014,Querétaro,0001,Santiago de Querétaro,1316,035,Urbana,34,Típica,20,14,12,15.79,34.0,,0.0,0.0,0.0,0.0,0.0,0.0,,0.0,,,,,,0.0,,23.0,5.0,6.0,26.0,,14.0,34.0,20.0,34.0,0.0,0.0,0.0,2.83,0.59,7.0,,0.0,,0.0,0.0,0.0,28.0,13.0,15.0,0.0,0.0,0.0,10.0,28.0,13.0,15.0,6.0,3.0,3.0,28.0,13.0,15.0,0.0,0.0,0.0,32.0,14.0,18.0,32.0,14.0,18.0,3.0,,,4.0,,3.0,3.0,,,12.0,9.0,12.0,,12.0,0.0,8.0,,13.0,0.0,3.0,0.0,9.0,12.0,12.0,12.0,0.0,8.0,3.0,12.0,10.0,5.0,12.0,12.0,12.0,12.0,12.0,10.0,12.0,12.0,0.0,,4.0,0.0,0.0,9.0,12.0,0.0,8.0,12.0,0.0,0.0,0.0,0.0,0.0,9.0,6.0,0.0,5.0,11.0,11.0,34.0,31698.319153873952,230.46383527353117,0.007270538041931648,0.24719829342567604,34.0,False,60
2201400011354009,22,Querétaro,014,Querétaro,0001,Santiago de Querétaro,1354,009,Urbana,6,Típica,0,0,1,,,,,,,,,,,,,,,,,,,,,,,,,,,6.0,,,,,,,,,,,,,,,,,,,,,,,,,,,,,,,,,,,,,,,,,,,,,,,1.0,,,,,,,,3.0,,,,,,,,,,,,,,,,,,,,,,,,,,,,,,,,,,,,,,,,,,,6.0,14254.023446800456,9.49246525173991,0.0006659498833552603,0.003995699300131562,6.0,False,60
220140001173A005,22,Querétaro,014,Querétaro,0001,Santiago de Querétaro,173A,005,Urbana,342,Típica,150,192,103,12.69,342.0,,3.0,4.0,,,,6.0,8.0,5.0,,5.0,8.0,5.0,38.0,15.0,47.0,205.0,83.0,63.0,268.0,11.0,192.0,342.0,150.0,342.0,9.0,5.0,4.0,3.32,0.73,51.0,16.0,10.0,6.0,9.0,3.0,6.0,288.0,158.0,130.0,20.0,14.0,6.0,108.0,279.0,155.0,124.0,51.0,25.0,26.0,259.0,141.0,118.0,11.0,6.0,5.0,326.0,182.0,144.0,321.0,179.0,142.0,21.0,12.0,9.0,27.0,18.0,9.0,29.0,16.0,13.0,103.0,119.0,103.0,19.0,103.0,19.0,100.0,0.0,122.0,0.0,14.0,4.0,89.0,99.0,103.0,103.0,0.0,75.0,15.0,102.0,39.0,29.0,103.0,103.0,103.0,103.0,103.0,71.0,94.0,90.0,0.0,8.0,27.0,0.0,0.0,73.0,103.0,0.0,80.0,103.0,7.0,0.0,0.0,0.0,0.0,49.0,89.0,0.0,76.0,103.0,103.0,342.0,11744.345433655744,304.954678758399,0.02596608559251766,8.88040127264104,342.0,False,60
220140001173A006,22,Querétaro,014,Querétaro,0001,Santiago de Querétaro,173A,006,Urbana,478,Típica,211,267,146,13.36,478.0,,3.0,,3.0,5.0,4.0,3.0,18.0,,3.0,16.0,7.0,10.0,19.0,10.0,51.0,294.0,107.0,94.0,352.0,32.0,267.0,478.0,211.0,478.0,16.0,8.0,8.0,3.27,0.62,120.0,19.0,10.0,9.0,17.0,9.0,8.0,401.0,222.0,179.0,14.0,7.0,7.0,132.0,384.0,213.0,171.0,57.0,28.0,29.0,370.0,206.0,164.0,17.0,9.0,8.0,459.0,257.0,202.0,446.0,249.0,197.0,64.0,35.0,29.0,41.0,26.0,15.0,46.0,29.0,17.0,146.0,155.0,146.0,13.0,146.0,13.0,142.0,0.0,159.0,0.0,25.0,,121.0,144.0,146.0,146.0,0.0,117.0,34.0,143.0,123.0,41.0,146.0,146.0,146.0,146.0,146.0,117.0,141.0,137.0,0.0,30.0,25.0,0.0,0.0,117.0,145.0,,127.0,146.0,4.0,,,0.0,0.0,80.0,114.0,0.0,121.0,146.0,142.0,478.0,18487.76194313409,235.62596099538374,0.012744969440873267,6.092095392737422,478.0,False,60
2201400011937040,22,Querétaro,014,Querétaro,0001,Santiago de Querétaro,1937,040,Urbana,77,Típica,41,36,24,13.06,77.0,,,0.0,0.0,0.0,0.0,0.0,3.0,0.0,,3.0,0.0,,3.0,,5.0,41.0,32.0,6.0,63.0,8.0,36.0,77.0,41.0,77.0,0.0,0.0,0.0,3.21,0.79,,,,0.0,,,,73.0,33.0,40.0,,,,18.0,71.0,32.0,39.0,20.0,8.0,12.0,69.0,31.0,38.0,0.0,0.0,0.0,76.0,35.0,41.0,76.0,35.0,41.0,10.0,6.0,4.0,3.0,,,5.0,3.0,,24.0,30.0,24.0,6.0,24.0,3.0,24.0,3.0,30.0,0.0,,0.0,22.0,24.0,24.0,24.0,0.0,15.0,,23.0,4.0,8.0,24.0,24.0,24.0,24.0,24.0,13.0,22.0,20.0,0.0,0.0,9.0,0.0,0.0,18.0,24.0,0.0,13.0,24.0,,0.0,,0.0,0.0,15.0,20.0,0.0,18.0,24.0,23.0,77.0,5585.359185661195,244.3301981337824,0.04374476018678083,3.3683465343821237,77.0,False,60
2201400012028018,22,Querétaro,014,Querétaro,0001,Santiago de Querétaro,2028,018,Urbana,176,Típica,90,86,40,9.75,176.0,,,,,7.0,0.0,7.0,6.0,3.0,,4.0,,6.0,14.0,16.0,22.0,102.0,36.0,45.0,125.0,6.0,86.0,176.0,90.0,176.0,,,0.0,4.4,1.09,27.0,10.0,4.0,6.0,7.0,5.0,,138.0,71.0,67.0,9.0,3.0,6.0,53.0,131.0,66.0,65.0,24.0,15.0,9.0,122.0,63.0,59.0,10.0,4.0,6.0,166.0,82.0,84.0,161.0,81.0,80.0,7.0,3.0,4.0,18.0,7.0,11.0,21.0,10.0,11.0,40.0,48.0,40.0,8.0,40.0,8.0,40.0,0.0,48.0,,8.0,3.0,32.0,36.0,39.0,40.0,0.0,21.0,6.0,37.0,9.0,11.0,40.0,40.0,40.0,40.0,40.0,20.0,27.0,30.0,0.0,4.0,17.0,0.0,0.0,16.0,39.0,,30.0,37.0,12.0,,3.0,,0.0,8.0,25.0,0.0,18.0,32.0,36.0,176.0,22794.8140548552,670.1737976496834,0.02940027481851466,5.17444836805858,176.0,False,60
2201400012028020,22,Querétaro,014,Querétaro,0001,Santiago de Querétaro,2028,020,Urbana,120,Típica,50,70,34,9.85,120.0,,,,,,,3.0,3.0,0.0,0.0,,0.0,0.0,3.0,5.0,5.0,83.0,17.0,22.0,85.0,13.0,70.0,120.0,50.0,120.0,0.0,0.0,0.0,3.53,0.96,17.0,4.0,,,,,0.0,100.0,57.0,43.0,8.0,4.0,4.0,39.0,98.0,55.0,43.0,18.0,12.0,6.0,90.0,51.0,39.0,5.0,3.0,,116.0,68.0,48.0,112.0,65.0,47.0,19.0,11.0,8.0,11.0,8.0,3.0,9.0,6.0,3.0,34.0,39.0,34.0,7.0,34.0,7.0,32.0,0.0,41.0,,14.0,9.0,20.0,23.0,34.0,34.0,0.0,22.0,,32.0,8.0,3.0,34.0,34.0,34.0,34.0,34.0,18.0,22.0,26.0,0.0,4.0,12.0,0.0,0.0,18.0,34.0,0.0,30.0,32.0,10.0,,,,,10.0,23.0,0.0,21.0,27.0,32.0,120.0,10081.83955319475,188.46837266669382,0.018693847652730366,2.243261718327644,120.0,False,60
2201400012314025,22,Querétaro,014,Querétaro,0001,Santiago de Querétaro,2314,025,Urbana,35,Típica,21,14,13,11.03,35.0,,0.0,0.0,0.0,3.0,,0.0,,0.0,0.0,0.0,4.0,0.0,,3.0,,17.0,14.0,4.0,27.0,4.0,14.0,35.0,21.0,35.0,3.0,,,2.69,0.57,8.0,0.0,0.0,0.0,0.0,0.0,0.0,31.0,11.0,20.0,,0.0,,5.0,31.0,11.0,20.0,5.0,0.0,5.0,30.0,11.0,19.0,,,0.0,35.0,14.0,21.0,34.0,13.0,21.0,6.0,3.0,3.0,3.0,,,,,0.0,13.0,14.0,13.0,,13.0,,13.0,0.0,14.0,0.0,,0.0,11.0,13.0,12.0,13.0,0.0,7.0,7.0,12.0,4.0,3.0,13.0,13.0,13.0,13.0,13.0,7.0,10.0,10.0,0.0,,6.0,0.0,0.0,9.0,12.0,,10.0,13.0,3.0,,0.0,0.0,0.0,6.0,8.0,0.0,10.0,13.0,12.0,35.0,3287.876025152984,674.2380396740227,0.20506796318229506,7.177378711380327,35.0,True,60
2201400012422015,22,Querétaro,014,Querétaro,0001,Santiago de Querétaro,2422,015,Urbana,110,Típica,57,53,35,12.93,110.0,,,,0.0,,0.0,,6.0,,,4.0,0.0,,5.0,5.0,11.0,62.0,39.0,10.0,90.0,10.0,53.0,110.0,57.0,110.0,,,,3.14,0.63,34.0,0.0,0.0,0.0,,0.0,,101.0,48.0,53.0,3.0,,,27.0,100.0,48.0,52.0,15.0,7.0,8.0,97.0,46.0,51.0,5.0,4.0,,110.0,53.0,57.0,106.0,50.0,56.0,19.0,9.0,10.0,4.0,,3.0,3.0,,,35.0,36.0,35.0,,35.0,,31.0,3.0,40.0,0.0,3.0,0.0,32.0,35.0,35.0,35.0,0.0,31.0,,35.0,26.0,9.0,35.0,35.0,35.0,35.0,35.0,28.0,31.0,33.0,0.0,3.0,4.0,0.0,0.0,30.0,35.0,0.0,30.0,34.0,3.0,0.0,,0.0,0.0,20.0,26.0,0.0,30.0,33.0,34.0,110.0,84600.66359491355,798.764620099861,0.009441588117139604,1.0385746928853565,110.0,False,60
2201400012422017,22,Querétaro,014,Querétaro,0001,Santiago de Querétaro,2422,017,Urbana,13,Típica,6,7,5,15.83,13.0,,0.0,0.0,0.0,0.0,0.0,0.0,0.0,0.0,0.0,0.0,0.0,0.0,0.0,0.0,0.0,9.0,3.0,,10.0,,7.0,13.0,6.0,13.0,0.0,0.0,0.0,2.6,0.5,,0.0,0.0,0.0,0.0,0.0,0.0,12.0,6.0,6.0,0.0,0.0,0.0,4.0,12.0,6.0,6.0,0.0,0.0,0.0,12.0,6.0,6.0,,,0.0,13.0,7.0,6.0,12.0,6.0,6.0,3.0,,,0.0,0.0,0.0,0.0,0.0,0.0,5.0,5.0,5.0,0.0,5.0,0.0,5.0,0.0,5.0,0.0,,0.0,4.0,5.0,5.0,5.0,0.0,5.0,0.0,5.0,4.0,3.0,5.0,5.0,5.0,5.0,5.0,4.0,5.0,5.0,0.0,0.0,0.0,0.0,0.0,4.0,5.0,0.0,4.0,5.0,0.0,0.0,0.0,0.0,0.0,5.0,4.0,0.0,5.0,5.0,5.0,13.0,7790.999947437209,220.7479925978457,0.028333717634083554,0.3683383292430862,13.0,False,60
2201400012422018,22,Querétaro,014,Querétaro,0001,Santiago de Querétaro,2422,018,Urbana,57,Típica,32,25,19,9.37,57.0,,0.0,0.0,0.0,0.0,0.0,0.0,3.0,3.0,0.0,,0.0,0.0,0.0,0.0,4.0,39.0,7.0,14.0,43.0,0.0,25.0,57.0,32.0,57.0,0.0,0.0,0.0,3.0,0.95,40.0,4.0,,,3.0,,,46.0,18.0,28.0,,0.0,,16.0,43.0,16.0,27.0,18.0,8.0,10.0,41.0,16.0,25.0,5.0,4.0,,53.0,23.0,30.0,48.0,19.0,29.0,0.0,0.0,0.0,,,,5.0,3.0,,19.0,18.0,19.0,,19.0,,17.0,0.0,20.0,0.0,4.0,,15.0,18.0,19.0,19.0,0.0,,3.0,19.0,9.0,,19.0,19.0,19.0,19.0,19.0,8.0,18.0,12.0,0.0,,17.0,0.0,0.0,4.0,19.0,0.0,13.0,14.0,,0.0,3.0,0.0,0.0,,10.0,0.0,5.0,18.0,14.0,57.0,4715.253605628985,433.22858803738654,0.09187810969916996,5.2370522528526875,57.0,False,60
2201400012422019,22,Querétaro,014,Querétaro,0001,Santiago de Querétaro,2422,019,Urbana,0,Típica,0,0,0,0.0,0.0,,0.0,0.0,0.0,0.0,0.0,0.0,0.0,0.0,0.0,0.0,0.0,0.0,0.0,0.0,0.0,0.0,0.0,0.0,0.0,0.0,0.0,0.0,0.0,0.0,0.0,0.0,0.0,0.0,0.0,0.0,0.0,0.0,0.0,0.0,0.0,0.0,0.0,0.0,0.0,0.0,0.0,0.0,0.0,0.0,0.0,0.0,0.0,0.0,0.0,0.0,0.0,0.0,0.0,0.0,0.0,0.0,0.0,0.0,0.0,0.0,0.0,0.0,0.0,0.0,0.0,0.0,0.0,0.0,0.0,0.0,0.0,0.0,0.0,0.0,0.0,0.0,0.0,0.0,0.0,0.0,0.0,0.0,0.0,0.0,0.0,0.0,0.0,0.0,0.0,0.0,0.0,0.0,0.0,0.0,0.0,0.0,0.0,0.0,0.0,0.0,0.0,0.0,0.0,0.0,0.0,0.0,0.0,0.0,0.0,0.0,0.0,0.0,0.0,0.0,0.0,0.0,0.0,0.0,0.0,0.0,0.0,0.0,859.3177528382995,49.958409450826835,0.058137294715273576,0.0,0.0,False,60
2201400013581010,22,Querétaro,014,Querétaro,0001,Santiago de Querétaro,3581,010,Urbana,37,Típica,16,21,8,12.19,37.0,,0.0,,,,,0.0,0.0,4.0,0.0,,,,5.0,,10.0,23.0,5.0,10.0,27.0,0.0,21.0,37.0,16.0,37.0,0.0,0.0,0.0,4.63,1.16,6.0,,,0.0,,,0.0,28.0,15.0,13.0,,0.0,,12.0,27.0,14.0,13.0,,,0.0,26.0,14.0,12.0,,,,35.0,19.0,16.0,33.0,18.0,15.0,3.0,,,5.0,3.0,,3.0,,,8.0,11.0,8.0,,8.0,3.0,7.0,,12.0,0.0,,,7.0,7.0,8.0,8.0,0.0,8.0,3.0,8.0,,3.0,8.0,8.0,8.0,8.0,8.0,7.0,6.0,7.0,0.0,0.0,0.0,0.0,0.0,7.0,8.0,0.0,8.0,7.0,,0.0,0.0,0.0,0.0,3.0,6.0,0.0,3.0,7.0,8.0,37.0,6137.924466717988,242.4023869079427,0.0394925659679155,1.4612249408128735,37.0,False,60
2201400013524023,22,Querétaro,014,Querétaro,0001,Santiago de Querétaro,3524,023,Urbana,186,Típica,87,99,37,10.01,186.0,,,,,3.0,0.0,7.0,7.0,,,7.0,6.0,5.0,13.0,10.0,23.0,105.0,39.0,51.0,131.0,4.0,99.0,186.0,87.0,186.0,0.0,0.0,0.0,5.03,1.2,35.0,8.0,,7.0,9.0,4.0,5.0,144.0,77.0,67.0,9.0,4.0,5.0,62.0,135.0,73.0,62.0,34.0,18.0,16.0,126.0,69.0,57.0,15.0,9.0,6.0,178.0,98.0,80.0,169.0,92.0,77.0,9.0,4.0,5.0,19.0,12.0,7.0,24.0,15.0,9.0,37.0,31.0,37.0,0.0,37.0,0.0,31.0,0.0,37.0,,4.0,,33.0,33.0,37.0,37.0,0.0,24.0,6.0,36.0,,8.0,37.0,37.0,37.0,37.0,37.0,24.0,31.0,31.0,0.0,6.0,12.0,0.0,0.0,23.0,36.0,,32.0,36.0,6.0,0.0,0.0,0.0,0.0,12.0,26.0,0.0,22.0,35.0,36.0,186.0,4379.962288759395,593.499884330685,0.13550342336367266,25.203636745643113,186.0,False,60
2201400013810018,22,Querétaro,014,Querétaro,0001,Santiago de Querétaro,3810,018,Urbana,254,Típica,120,134,74,11.86,254.0,,,3.0,3.0,3.0,,6.0,13.0,3.0,,7.0,3.0,5.0,25.0,10.0,39.0,140.0,74.0,57.0,186.0,11.0,134.0,254.0,120.0,254.0,,0.0,,3.43,0.89,44.0,10.0,4.0,6.0,17.0,7.0,10.0,214.0,115.0,99.0,11.0,4.0,7.0,91.0,197.0,108.0,89.0,45.0,27.0,18.0,186.0,104.0,82.0,8.0,6.0,,244.0,130.0,114.0,239.0,126.0,113.0,21.0,12.0,9.0,22.0,9.0,13.0,33.0,15.0,18.0,74.0,73.0,74.0,6.0,74.0,6.0,67.0,0.0,80.0,0.0,3.0,,71.0,73.0,74.0,74.0,0.0,53.0,5.0,74.0,,19.0,74.0,74.0,74.0,74.0,74.0,60.0,64.0,66.0,0.0,3.0,19.0,0.0,0.0,59.0,73.0,,66.0,73.0,5.0,0.0,,0.0,0.0,31.0,61.0,0.0,32.0,74.0,72.0,254.0,4455.910791179152,23.62303384525722,0.005301505113616949,1.346582298858705,254.0,False,60
2201400011975081,22,Querétaro,014,Querétaro,0001,Santiago de Querétaro,1975,081,Urbana,0,Típica,0,0,0,0.0,0.0,,0.0,0.0,0.0,0.0,0.0,0.0,0.0,0.0,0.0,0.0,0.0,0.0,0.0,0.0,0.0,0.0,0.0,0.0,0.0,0.0,0.0,0.0,0.0,0.0,0.0,0.0,0.0,0.0,0.0,0.0,0.0,0.0,0.0,0.0,0.0,0.0,0.0,0.0,0.0,0.0,0.0,0.0,0.0,0.0,0.0,0.0,0.0,0.0,0.0,0.0,0.0,0.0,0.0,0.0,0.0,0.0,0.0,0.0,0.0,0.0,0.0,0.0,0.0,0.0,0.0,0.0,0.0,0.0,0.0,0.0,0.0,0.0,0.0,0.0,0.0,0.0,0.0,0.0,0.0,0.0,0.0,0.0,0.0,0.0,0.0,0.0,0.0,0.0,0.0,0.0,0.0,0.0,0.0,0.0,0.0,0.0,0.0,0.0,0.0,0.0,0.0,0.0,0.0,0.0,0.0,0.0,0.0,0.0,0.0,0.0,0.0,0.0,0.0,0.0,0.0,0.0,0.0,0.0,0.0,0.0,0.0,0.0,4082.4123584263734,666.7151460960097,0.1633140132744956,0.0,0.0,False,60
2201400012386002,22,Querétaro,014,Querétaro,0001,Santiago de Querétaro,2386,002,Urbana,11,Típica,9,0,3,6.3,11.0,,0.0,0.0,0.0,0.0,0.0,0.0,0.0,3.0,0.0,,0.0,3.0,,0.0,3.0,9.0,,,10.0,0.0,,11.0,9.0,11.0,0.0,0.0,0.0,3.67,0.0,10.0,0.0,0.0,0.0,0.0,0.0,0.0,10.0,,8.0,0.0,0.0,0.0,,10.0,,8.0,,0.0,,10.0,,8.0,,0.0,,11.0,,9.0,10.0,,8.0,0.0,0.0,0.0,0.0,0.0,0.0,0.0,0.0,0.0,3.0,3.0,3.0,0.0,0.0,0.0,3.0,0.0,3.0,0.0,0.0,0.0,0.0,0.0,0.0,0.0,0.0,0.0,0.0,0.0,0.0,0.0,0.0,0.0,0.0,0.0,0.0,0.0,0.0,0.0,0.0,0.0,0.0,0.0,0.0,0.0,0.0,0.0,0.0,0.0,0.0,0.0,0.0,0.0,0.0,0.0,0.0,0.0,0.0,0.0,0.0,11.0,201201.7384633612,707.4796008238513,0.003516269820664016,0.03867896802730418,11.0,False,60
2201400010553025,22,Querétaro,014,Querétaro,0001,Santiago de Querétaro,0553,025,Urbana,0,Típica,0,0,0,0.0,0.0,,0.0,0.0,0.0,0.0,0.0,0.0,0.0,0.0,0.0,0.0,0.0,0.0,0.0,0.0,0.0,0.0,0.0,0.0,0.0,0.0,0.0,0.0,0.0,0.0,0.0,0.0,0.0,0.0,0.0,0.0,0.0,0.0,0.0,0.0,0.0,0.0,0.0,0.0,0.0,0.0,0.0,0.0,0.0,0.0,0.0,0.0,0.0,0.0,0.0,0.0,0.0,0.0,0.0,0.0,0.0,0.0,0.0,0.0,0.0,0.0,0.0,0.0,0.0,0.0,0.0,0.0,0.0,0.0,0.0,0.0,0.0,0.0,0.0,0.0,0.0,0.0,0.0,0.0,0.0,0.0,0.0,0.0,0.0,0.0,0.0,0.0,0.0,0.0,0.0,0.0,0.0,0.0,0.0,0.0,0.0,0.0,0.0,0.0,0.0,0.0,0.0,0.0,0.0,0.0,0.0,0.0,0.0,0.0,0.0,0.0,0.0,0.0,0.0,0.0,0.0,0.0,0.0,0.0,0.0,0.0,0.0,0.0,27302.476116602793,688.2602170098729,0.02520871052392709,0.0,0.0,False,60
2201400010182006,22,Querétaro,014,Querétaro,0001,Santiago de Querétaro,0182,006,Urbana,10,Típica,6,4,3,11.75,10.0,,0.0,0.0,0.0,0.0,0.0,,0.0,0.0,0.0,0.0,,0.0,0.0,,0.0,6.0,3.0,,8.0,0.0,4.0,10.0,6.0,10.0,0.0,0.0,0.0,3.33,0.83,4.0,,,0.0,,0.0,,9.0,3.0,6.0,,,0.0,3.0,8.0,3.0,5.0,,,0.0,6.0,,5.0,0.0,0.0,0.0,9.0,3.0,6.0,9.0,3.0,6.0,0.0,0.0,0.0,0.0,0.0,0.0,,0.0,,3.0,3.0,3.0,0.0,3.0,0.0,3.0,0.0,3.0,0.0,0.0,0.0,3.0,3.0,3.0,3.0,0.0,,,3.0,0.0,0.0,3.0,3.0,3.0,3.0,3.0,,,,0.0,0.0,,0.0,0.0,,3.0,0.0,,,,0.0,0.0,0.0,0.0,0.0,,0.0,,,3.0,10.0,663395.427368958,1481.6691703058427,0.0022334630435759525,0.022334630435759527,10.0,False,60
2201400010182026,22,Querétaro,014,Querétaro,0001,Santiago de Querétaro,0182,026,Urbana,5,Típica,0,0,1,,,,,,,,,,,,,,,,,,,,,,,,,,,5.0,,,,,,,,,,,,,,,,,,,,,,,,,,,,,,,,,,,,,,,,,,,,,,,1.0,,,,,,,,1.0,,,,,,,,,,,,,,,,,,,,,,,,,,,,,,,,,,,,,,,,,,,5.0,79721.88321422832,609.8038055601589,0.007649139495632543,0.03824569747816271,5.0,False,60
2201400010394024,22,Querétaro,014,Querétaro,0001,Santiago de Querétaro,0394,024,Urbana,171,Típica,80,91,57,12.51,171.0,,,0.0,,4.0,0.0,,8.0,,,7.0,0.0,4.0,26.0,6.0,35.0,103.0,36.0,35.0,109.0,27.0,91.0,171.0,80.0,171.0,4.0,,,3.0,0.76,44.0,4.0,3.0,,3.0,,,139.0,73.0,66.0,3.0,,,46.0,136.0,72.0,64.0,14.0,7.0,7.0,133.0,71.0,62.0,5.0,,3.0,167.0,88.0,79.0,163.0,87.0,76.0,35.0,19.0,16.0,23.0,13.0,10.0,19.0,11.0,8.0,57.0,67.0,57.0,22.0,57.0,7.0,45.0,15.0,79.0,9.0,23.0,6.0,34.0,42.0,57.0,57.0,0.0,24.0,12.0,54.0,14.0,8.0,57.0,57.0,57.0,57.0,57.0,31.0,43.0,36.0,0.0,4.0,30.0,0.0,0.0,26.0,55.0,,44.0,51.0,14.0,,,0.0,0.0,14.0,31.0,0.0,26.0,53.0,51.0,171.0,22172.850165342945,396.532761697309,0.017883707269943386,3.058113943160319,171.0,False,60
2201400010411035,22,Querétaro,014,Querétaro,0001,Santiago de Querétaro,0411,035,Urbana,13,Típica,11,0,4,12.46,13.0,,0.0,0.0,0.0,0.0,0.0,0.0,0.0,0.0,0.0,0.0,0.0,0.0,0.0,0.0,0.0,12.0,,0.0,13.0,0.0,,13.0,11.0,13.0,0.0,0.0,0.0,3.25,0.54,3.0,0.0,0.0,0.0,0.0,0.0,0.0,13.0,,11.0,0.0,0.0,0.0,,13.0,,11.0,7.0,,5.0,13.0,,11.0,0.0,0.0,0.0,13.0,,11.0,13.0,,11.0,0.0,0.0,0.0,0.0,0.0,0.0,0.0,0.0,0.0,4.0,4.0,4.0,0.0,4.0,0.0,4.0,0.0,4.0,0.0,0.0,0.0,4.0,4.0,4.0,4.0,0.0,0.0,0.0,4.0,0.0,0.0,4.0,4.0,4.0,4.0,4.0,0.0,4.0,0.0,0.0,,,0.0,0.0,,4.0,0.0,0.0,4.0,0.0,0.0,,0.0,0.0,0.0,0.0,0.0,0.0,4.0,,13.0,8319.60483713157,14.402268381658034,0.0017311240934639923,0.0225046132150319,13.0,False,60
2201400010430005,22,Querétaro,014,Querétaro,0001,Santiago de Querétaro,0430,005,Urbana,134,Típica,64,70,51,10.88,134.0,,3.0,,,3.0,,4.0,12.0,,,4.0,,,23.0,8.0,30.0,72.0,49.0,19.0,91.0,24.0,70.0,134.0,64.0,134.0,0.0,0.0,0.0,2.63,0.65,39.0,4.0,3.0,,6.0,4.0,,121.0,62.0,59.0,5.0,,4.0,29.0,115.0,58.0,57.0,6.0,,5.0,110.0,57.0,53.0,7.0,5.0,,130.0,67.0,63.0,124.0,63.0,61.0,33.0,17.0,16.0,,0.0,,6.0,4.0,,51.0,58.0,51.0,13.0,51.0,5.0,45.0,8.0,64.0,8.0,20.0,3.0,31.0,40.0,51.0,51.0,0.0,20.0,6.0,44.0,3.0,9.0,51.0,51.0,51.0,51.0,51.0,26.0,36.0,32.0,0.0,4.0,30.0,0.0,0.0,27.0,50.0,0.0,32.0,42.0,15.0,3.0,6.0,,,11.0,27.0,0.0,31.0,34.0,44.0,134.0,7059.789815630379,683.6944918441071,0.09684346272326792,12.9770240049179,134.0,False,60
2201400011388028,22,Querétaro,014,Querétaro,0001,Santiago de Querétaro,1388,028,Urbana,4,Típica,0,0,1,,,,,,,,,,,,,,,,,,,,,,,,,,,4.0,,,,,,,,,,,,,,,,,,,,,,,,,,,,,,,,,,,,,,,,,,,,,,,1.0,,,,,,,,1.0,,,,,,,,,,,,,,,,,,,,,,,,,,,,,,,,,,,,,,,,,,,4.0,226.36360316625232,226.36360316625232,1.0,4.0,4.0,True,60
2201400011392020,22,Querétaro,014,Querétaro,0001,Santiago de Querétaro,1392,020,Urbana,81,Típica,42,39,15,6.44,81.0,,,0.0,0.0,3.0,,3.0,,0.0,0.0,0.0,0.0,,8.0,6.0,10.0,35.0,21.0,27.0,48.0,6.0,39.0,81.0,42.0,81.0,4.0,,,5.4,1.5,34.0,10.0,4.0,6.0,3.0,,,57.0,31.0,26.0,,0.0,,20.0,54.0,29.0,25.0,10.0,6.0,4.0,52.0,29.0,23.0,7.0,,5.0,71.0,35.0,36.0,65.0,33.0,32.0,11.0,6.0,5.0,7.0,,5.0,8.0,4.0,4.0,15.0,16.0,15.0,,15.0,0.0,15.0,,16.0,0.0,0.0,,15.0,14.0,15.0,15.0,0.0,7.0,3.0,12.0,,,15.0,15.0,15.0,15.0,15.0,8.0,9.0,13.0,0.0,,8.0,0.0,0.0,3.0,13.0,,13.0,15.0,6.0,,,,0.0,0.0,8.0,0.0,6.0,11.0,14.0,81.0,3549.413891962949,115.70908906229937,0.03259949179899903,2.640558835718921,81.0,False,60
2201400011392021,22,Querétaro,014,Querétaro,0001,Santiago de Querétaro,1392,021,Urbana,90,Típica,48,42,18,7.27,90.0,,0.0,0.0,,3.0,,,3.0,0.0,0.0,4.0,0.0,,13.0,3.0,14.0,50.0,18.0,22.0,62.0,6.0,42.0,90.0,48.0,90.0,0.0,0.0,0.0,5.0,1.43,25.0,6.0,5.0,,0.0,0.0,0.0,68.0,30.0,38.0,6.0,0.0,6.0,19.0,68.0,30.0,38.0,11.0,4.0,7.0,62.0,30.0,32.0,8.0,3.0,5.0,84.0,37.0,47.0,80.0,36.0,44.0,11.0,7.0,4.0,8.0,4.0,4.0,3.0,,,18.0,19.0,18.0,,18.0,,18.0,0.0,19.0,0.0,3.0,3.0,15.0,15.0,17.0,17.0,,6.0,3.0,17.0,3.0,3.0,18.0,17.0,18.0,18.0,18.0,8.0,14.0,15.0,0.0,0.0,12.0,0.0,0.0,3.0,17.0,,13.0,17.0,4.0,0.0,0.0,0.0,0.0,,12.0,0.0,10.0,13.0,18.0,90.0,4952.392919860224,0.32729920633822585,6.608910311330134e-05,0.00594801928019712,90.0,False,60
2201400011392024,22,Querétaro,014,Querétaro,0001,Santiago de Querétaro,1392,024,Urbana,100,Típica,51,49,22,8.41,100.0,,,,,4.0,,4.0,,0.0,0.0,3.0,,4.0,9.0,9.0,13.0,51.0,27.0,25.0,67.0,8.0,49.0,100.0,51.0,100.0,0.0,0.0,0.0,4.55,1.32,50.0,4.0,,,3.0,0.0,3.0,78.0,39.0,39.0,6.0,4.0,,25.0,75.0,39.0,36.0,8.0,5.0,3.0,69.0,35.0,34.0,4.0,,,96.0,47.0,49.0,92.0,45.0,47.0,12.0,7.0,5.0,14.0,6.0,8.0,12.0,5.0,7.0,22.0,24.0,22.0,,22.0,,22.0,,24.0,0.0,5.0,5.0,17.0,17.0,22.0,22.0,0.0,13.0,3.0,20.0,4.0,,22.0,22.0,22.0,22.0,22.0,11.0,14.0,15.0,0.0,0.0,9.0,0.0,0.0,6.0,21.0,,21.0,21.0,8.0,0.0,0.0,0.0,0.0,5.0,11.0,0.0,15.0,21.0,20.0,100.0,8609.72421173581,337.60455602821867,0.039212005834987615,3.9212005834987615,100.0,False,60
2201400011405018,22,Querétaro,014,Querétaro,0001,Santiago de Querétaro,1405,018,Urbana,79,Típica,33,46,18,10.98,79.0,,4.0,,3.0,7.0,,21.0,,0.0,0.0,0.0,,0.0,4.0,26.0,5.0,40.0,25.0,15.0,55.0,9.0,46.0,79.0,33.0,79.0,,0.0,,4.39,0.91,21.0,5.0,,4.0,,0.0,,65.0,39.0,26.0,4.0,,,25.0,64.0,39.0,25.0,12.0,9.0,3.0,60.0,37.0,23.0,,,,74.0,45.0,29.0,73.0,44.0,29.0,13.0,9.0,4.0,7.0,5.0,,6.0,3.0,3.0,18.0,20.0,18.0,,18.0,,18.0,0.0,20.0,,,0.0,17.0,17.0,18.0,18.0,0.0,10.0,3.0,17.0,4.0,3.0,18.0,18.0,18.0,18.0,18.0,12.0,15.0,11.0,0.0,,7.0,0.0,0.0,8.0,18.0,0.0,12.0,17.0,3.0,0.0,,0.0,0.0,3.0,12.0,0.0,12.0,16.0,17.0,79.0,5400.906103436752,1107.0164957928582,0.20496866166372188,16.192524271434028,79.0,False,60
2201400011405022,22,Querétaro,014,Querétaro,0001,Santiago de Querétaro,1405,022,Urbana,25,Típica,14,11,9,11.05,25.0,,,0.0,0.0,,,,,0.0,0.0,,0.0,0.0,,,3.0,17.0,4.0,3.0,18.0,4.0,11.0,25.0,14.0,25.0,0.0,0.0,0.0,2.78,0.66,,,0.0,,0.0,0.0,0.0,22.0,10.0,12.0,,,0.0,5.0,22.0,10.0,12.0,3.0,,,21.0,9.0,12.0,,,,24.0,11.0,13.0,22.0,10.0,12.0,5.0,3.0,,0.0,0.0,0.0,0.0,0.0,0.0,9.0,9.0,9.0,,9.0,,8.0,0.0,10.0,0.0,,,7.0,7.0,9.0,9.0,0.0,7.0,0.0,9.0,,,9.0,9.0,9.0,9.0,9.0,7.0,9.0,7.0,0.0,0.0,,0.0,0.0,6.0,9.0,0.0,8.0,9.0,0.0,0.0,0.0,0.0,0.0,4.0,7.0,0.0,9.0,8.0,9.0,25.0,8061.656058059987,239.428270285781,0.029699638456592587,0.7424909614148146,25.0,False,60
2201400011405035,22,Querétaro,014,Querétaro,0001,Santiago de Querétaro,1405,035,Urbana,200,Típica,95,105,34,9.79,200.0,,,0.0,,3.0,,5.0,,3.0,,,,,16.0,10.0,19.0,97.0,67.0,48.0,141.0,11.0,105.0,200.0,95.0,200.0,0.0,0.0,0.0,5.88,1.09,50.0,6.0,5.0,,12.0,7.0,5.0,164.0,83.0,81.0,7.0,3.0,4.0,53.0,152.0,76.0,76.0,20.0,12.0,8.0,145.0,73.0,72.0,9.0,5.0,4.0,194.0,100.0,94.0,189.0,97.0,92.0,21.0,9.0,12.0,21.0,12.0,9.0,28.0,17.0,11.0,34.0,39.0,34.0,5.0,34.0,5.0,34.0,0.0,39.0,4.0,4.0,0.0,30.0,30.0,33.0,33.0,,20.0,,33.0,6.0,3.0,34.0,33.0,34.0,34.0,34.0,19.0,30.0,29.0,0.0,,13.0,0.0,0.0,22.0,33.0,,28.0,31.0,3.0,0.0,,0.0,0.0,9.0,26.0,0.0,26.0,31.0,32.0,200.0,9307.592892963623,581.2728329212234,0.06245146727041054,12.490293454082108,200.0,False,60
2201400011405071,22,Querétaro,014,Querétaro,0001,Santiago de Querétaro,1405,071,Urbana,161,Típica,81,80,76,14.91,161.0,,,0.0,,,0.0,,6.0,0.0,0.0,7.0,3.0,13.0,24.0,5.0,37.0,118.0,29.0,20.0,130.0,11.0,80.0,161.0,81.0,161.0,7.0,4.0,3.0,2.12,0.46,17.0,,,0.0,6.0,5.0,,147.0,72.0,75.0,4.0,,3.0,55.0,141.0,67.0,74.0,29.0,15.0,14.0,137.0,66.0,71.0,4.0,,3.0,160.0,79.0,81.0,158.0,79.0,79.0,14.0,9.0,5.0,9.0,6.0,3.0,14.0,10.0,4.0,76.0,83.0,76.0,12.0,76.0,12.0,71.0,0.0,88.0,0.0,14.0,0.0,62.0,76.0,72.0,76.0,0.0,57.0,9.0,75.0,8.0,28.0,76.0,76.0,76.0,76.0,76.0,56.0,66.0,64.0,0.0,7.0,18.0,0.0,0.0,67.0,76.0,0.0,48.0,73.0,4.0,0.0,,0.0,0.0,55.0,45.0,0.0,43.0,72.0,70.0,161.0,75303.72861735859,1390.678906276801,0.018467596914666314,2.9732831032612768,161.0,False,60
2201400011655007,22,Querétaro,014,Querétaro,0001,Santiago de Querétaro,1655,007,Urbana,292,Típica,158,134,85,12.13,292.0,,,,3.0,4.0,,4.0,5.0,,,6.0,3.0,4.0,22.0,11.0,32.0,171.0,70.0,67.0,209.0,16.0,134.0,292.0,158.0,292.0,30.0,14.0,16.0,3.44,0.89,61.0,9.0,6.0,3.0,17.0,5.0,12.0,242.0,110.0,132.0,8.0,6.0,,76.0,225.0,105.0,120.0,31.0,13.0,18.0,217.0,99.0,118.0,9.0,4.0,5.0,283.0,128.0,155.0,277.0,125.0,152.0,24.0,13.0,11.0,32.0,14.0,18.0,39.0,15.0,24.0,85.0,94.0,85.0,11.0,85.0,11.0,83.0,0.0,96.0,0.0,5.0,4.0,80.0,81.0,85.0,85.0,0.0,55.0,11.0,84.0,3.0,24.0,85.0,85.0,85.0,85.0,85.0,52.0,75.0,68.0,0.0,10.0,28.0,0.0,0.0,54.0,85.0,0.0,57.0,83.0,7.0,,,0.0,0.0,31.0,65.0,0.0,58.0,84.0,82.0,292.0,32231.25613525387,22.421314401743565,0.0006956388639541604,0.20312654827461485,292.0,False,60
2201400011655009,22,Querétaro,014,Querétaro,0001,Santiago de Querétaro,1655,009,Urbana,22,Edificio-Manzana,11,11,6,9.75,22.0,,0.0,0.0,0.0,0.0,0.0,,,0.0,0.0,0.0,0.0,0.0,0.0,,,10.0,7.0,6.0,16.0,0.0,11.0,22.0,11.0,22.0,0.0,0.0,0.0,3.67,0.96,,,,0.0,,0.0,,17.0,9.0,8.0,3.0,,,7.0,16.0,9.0,7.0,,,,13.0,8.0,5.0,0.0,0.0,0.0,21.0,10.0,11.0,21.0,10.0,11.0,0.0,0.0,0.0,4.0,,3.0,3.0,,,6.0,6.0,6.0,0.0,6.0,0.0,6.0,0.0,6.0,0.0,0.0,0.0,6.0,6.0,6.0,6.0,0.0,,,6.0,3.0,0.0,6.0,6.0,6.0,6.0,6.0,,6.0,6.0,0.0,,4.0,0.0,0.0,3.0,6.0,0.0,4.0,6.0,0.0,0.0,0.0,0.0,0.0,,3.0,0.0,6.0,6.0,6.0,22.0,210.09635443822594,61.37888097097878,0.29214633987866667,6.427219477330667,22.0,False,60
2201400011655010,22,Querétaro,014,Querétaro,0001,Santiago de Querétaro,1655,010,Urbana,21,Edificio-Manzana,11,10,6,10.41,21.0,,0.0,0.0,0.0,0.0,0.0,0.0,0.0,0.0,0.0,,0.0,0.0,0.0,0.0,,9.0,10.0,4.0,15.0,,10.0,21.0,11.0,21.0,0.0,0.0,0.0,3.5,0.84,7.0,0.0,0.0,0.0,,,,19.0,9.0,10.0,4.0,,3.0,5.0,17.0,8.0,9.0,,,0.0,13.0,7.0,6.0,,0.0,,21.0,10.0,11.0,21.0,10.0,11.0,4.0,,,,,0.0,3.0,,,6.0,6.0,6.0,0.0,6.0,0.0,6.0,0.0,6.0,0.0,,0.0,5.0,6.0,6.0,6.0,0.0,3.0,,5.0,0.0,,6.0,6.0,6.0,6.0,6.0,3.0,5.0,5.0,0.0,,,0.0,0.0,,6.0,0.0,,6.0,,0.0,0.0,0.0,0.0,,5.0,0.0,5.0,6.0,6.0,21.0,199.18200633732116,59.72934072077526,0.2998731753892553,6.297336683174361,21.0,False,60
2201400011778010,22,Querétaro,014,Querétaro,0001,Santiago de Querétaro,1778,010,Urbana,92,Típica,42,50,26,11.94,92.0,,3.0,3.0,3.0,6.0,4.0,6.0,6.0,,0.0,6.0,,5.0,14.0,11.0,22.0,53.0,26.0,14.0,66.0,12.0,50.0,92.0,42.0,92.0,,0.0,,3.54,0.74,23.0,3.0,,,,,0.0,79.0,45.0,34.0,3.0,,,24.0,78.0,44.0,34.0,6.0,3.0,3.0,75.0,42.0,33.0,6.0,,5.0,89.0,49.0,40.0,85.0,48.0,37.0,28.0,13.0,15.0,4.0,3.0,,,,0.0,26.0,28.0,26.0,,26.0,,25.0,,29.0,0.0,5.0,,21.0,24.0,26.0,26.0,0.0,17.0,4.0,24.0,7.0,,26.0,26.0,26.0,26.0,26.0,20.0,22.0,21.0,0.0,6.0,6.0,0.0,0.0,17.0,26.0,0.0,22.0,25.0,,,,,,8.0,18.0,0.0,21.0,26.0,24.0,92.0,4050.8300495632293,423.29682597435385,0.10449631823482566,9.613661277603962,92.0,False,60
2201400010479032,22,Querétaro,014,Querétaro,0001,Santiago de Querétaro,0479,032,Urbana,50,Típica,20,30,14,14.19,50.0,,0.0,0.0,0.0,3.0,0.0,0.0,,0.0,0.0,,0.0,,0.0,3.0,,23.0,21.0,7.0,30.0,13.0,30.0,50.0,20.0,50.0,0.0,0.0,0.0,3.57,0.6,12.0,,,0.0,,,0.0,44.0,26.0,18.0,,0.0,,9.0,43.0,25.0,18.0,6.0,,4.0,42.0,25.0,17.0,,,,49.0,29.0,20.0,47.0,28.0,19.0,16.0,12.0,4.0,3.0,,,3.0,,,14.0,16.0,14.0,,14.0,,13.0,,17.0,0.0,,0.0,13.0,14.0,14.0,14.0,0.0,13.0,4.0,13.0,12.0,,14.0,14.0,14.0,14.0,14.0,13.0,13.0,13.0,0.0,0.0,,0.0,0.0,11.0,14.0,0.0,8.0,14.0,,,0.0,0.0,0.0,10.0,13.0,0.0,12.0,14.0,14.0,50.0,13003.02106746859,529.2816004974231,0.04070450995589004,2.035225497794502,50.0,False,60
2201400010572038,22,Querétaro,014,Querétaro,0001,Santiago de Querétaro,0572,038,Urbana,108,Típica,42,66,26,9.33,108.0,,3.0,,,5.0,,,3.0,,0.0,,3.0,0.0,5.0,6.0,10.0,53.0,31.0,28.0,62.0,18.0,66.0,108.0,42.0,108.0,0.0,0.0,0.0,4.15,1.27,37.0,7.0,5.0,,4.0,4.0,0.0,84.0,48.0,36.0,5.0,,3.0,24.0,80.0,44.0,36.0,13.0,5.0,8.0,75.0,42.0,33.0,3.0,,,101.0,61.0,40.0,98.0,59.0,39.0,22.0,16.0,6.0,14.0,11.0,3.0,15.0,13.0,,26.0,28.0,26.0,,26.0,3.0,24.0,,30.0,9.0,13.0,,13.0,16.0,26.0,26.0,0.0,9.0,,25.0,,,26.0,26.0,26.0,26.0,26.0,10.0,24.0,13.0,0.0,0.0,17.0,0.0,0.0,8.0,24.0,,15.0,22.0,,0.0,3.0,0.0,0.0,5.0,16.0,0.0,12.0,22.0,23.0,108.0,5092.533854813853,192.21976966673054,0.037745408306913794,4.07650409714669,108.0,False,60
2201400010587023,22,Querétaro,014,Querétaro,0001,Santiago de Querétaro,0587,023,Urbana,97,Típica,53,44,23,10.34,97.0,,0.0,0.0,,,,,3.0,0.0,0.0,4.0,0.0,3.0,3.0,5.0,8.0,41.0,40.0,20.0,68.0,9.0,44.0,97.0,53.0,97.0,0.0,0.0,0.0,4.22,0.97,26.0,,,,8.0,,6.0,85.0,37.0,48.0,4.0,,3.0,26.0,77.0,35.0,42.0,14.0,8.0,6.0,73.0,34.0,39.0,,,0.0,95.0,43.0,52.0,94.0,42.0,52.0,12.0,5.0,7.0,8.0,4.0,4.0,14.0,6.0,8.0,23.0,28.0,23.0,,22.0,,23.0,4.0,28.0,3.0,5.0,,17.0,18.0,21.0,22.0,0.0,14.0,5.0,21.0,4.0,6.0,22.0,22.0,22.0,22.0,22.0,14.0,19.0,16.0,0.0,3.0,7.0,0.0,0.0,12.0,22.0,0.0,16.0,17.0,3.0,0.0,0.0,0.0,0.0,7.0,15.0,0.0,14.0,19.0,22.0,97.0,5397.9617532285465,0.19603165823330043,3.6315866468681994e-05,0.0035226390474621533,97.0,False,60
2201400010587024,22,Querétaro,014,Querétaro,0001,Santiago de Querétaro,0587,024,Urbana,71,Típica,34,37,19,9.54,71.0,,0.0,0.0,,,0.0,,,,,,3.0,,5.0,4.0,7.0,41.0,22.0,10.0,56.0,5.0,37.0,71.0,34.0,71.0,,,0.0,3.74,1.27,20.0,,,0.0,,,,63.0,32.0,31.0,5.0,,3.0,23.0,61.0,31.0,30.0,14.0,6.0,8.0,56.0,29.0,27.0,,0.0,,69.0,35.0,34.0,68.0,35.0,33.0,9.0,7.0,,4.0,3.0,,6.0,4.0,,19.0,22.0,19.0,3.0,19.0,3.0,19.0,0.0,22.0,6.0,8.0,0.0,11.0,13.0,19.0,19.0,0.0,10.0,,18.0,0.0,,19.0,19.0,19.0,19.0,19.0,4.0,10.0,14.0,0.0,,8.0,0.0,0.0,9.0,19.0,0.0,14.0,15.0,7.0,,0.0,0.0,0.0,3.0,11.0,0.0,10.0,14.0,18.0,71.0,2706.635584203691,21.228822841325005,0.007843251217570412,0.5568708364474992,71.0,False,60
2201400010587026,22,Querétaro,014,Querétaro,0001,Santiago de Querétaro,0587,026,Urbana,81,Típica,40,41,21,8.94,81.0,,,,3.0,3.0,0.0,,7.0,,4.0,6.0,0.0,4.0,7.0,5.0,12.0,47.0,25.0,12.0,53.0,15.0,41.0,81.0,40.0,81.0,0.0,0.0,0.0,3.86,0.88,38.0,4.0,,,4.0,,3.0,72.0,36.0,36.0,3.0,3.0,0.0,25.0,68.0,35.0,33.0,7.0,5.0,,65.0,32.0,33.0,,,0.0,76.0,38.0,38.0,75.0,37.0,38.0,18.0,8.0,10.0,3.0,,,5.0,,3.0,21.0,22.0,21.0,,21.0,,20.0,0.0,23.0,0.0,,0.0,19.0,21.0,21.0,21.0,0.0,10.0,6.0,20.0,,0.0,21.0,21.0,21.0,21.0,21.0,12.0,15.0,17.0,0.0,0.0,11.0,0.0,0.0,14.0,21.0,0.0,14.0,21.0,,0.0,0.0,0.0,0.0,3.0,13.0,0.0,14.0,15.0,21.0,81.0,5093.741836655742,0.6291580396182535,0.0001235158867084089,0.010004786823381122,81.0,False,60
2201400010619032,22,Querétaro,014,Querétaro,0001,Santiago de Querétaro,0619,032,Urbana,85,Típica,38,47,35,15.04,85.0,,0.0,,0.0,0.0,0.0,0.0,3.0,0.0,0.0,3.0,0.0,5.0,,,10.0,53.0,22.0,13.0,63.0,9.0,47.0,85.0,38.0,85.0,11.0,7.0,4.0,2.43,0.47,18.0,,0.0,,3.0,,,75.0,42.0,33.0,,,,24.0,72.0,40.0,32.0,6.0,3.0,3.0,70.0,39.0,31.0,3.0,,,84.0,47.0,37.0,81.0,45.0,36.0,19.0,10.0,9.0,6.0,3.0,3.0,5.0,3.0,,35.0,60.0,35.0,25.0,35.0,18.0,35.0,7.0,60.0,,9.0,,26.0,33.0,35.0,35.0,0.0,29.0,,35.0,23.0,11.0,35.0,35.0,35.0,35.0,35.0,28.0,33.0,29.0,0.0,6.0,6.0,0.0,0.0,33.0,35.0,0.0,32.0,35.0,,0.0,0.0,0.0,0.0,24.0,25.0,0.0,24.0,27.0,35.0,85.0,21977.323618002018,703.3521108133149,0.03200353796661513,2.720300727162286,85.0,False,60
2201400010623025,22,Querétaro,014,Querétaro,0001,Santiago de Querétaro,0623,025,Urbana,11,Típica,5,6,4,16.25,11.0,,0.0,0.0,0.0,0.0,0.0,0.0,,0.0,0.0,0.0,0.0,0.0,,0.0,,6.0,,3.0,7.0,,6.0,11.0,5.0,11.0,0.0,0.0,0.0,2.75,0.46,5.0,0.0,0.0,0.0,0.0,0.0,0.0,8.0,4.0,4.0,0.0,0.0,0.0,,8.0,4.0,4.0,,0.0,,8.0,4.0,4.0,,,0.0,11.0,6.0,5.0,10.0,5.0,5.0,,,,,,,,0.0,,4.0,4.0,4.0,0.0,4.0,0.0,4.0,0.0,4.0,0.0,,0.0,3.0,4.0,4.0,4.0,0.0,3.0,,4.0,3.0,,4.0,4.0,4.0,4.0,4.0,4.0,4.0,4.0,0.0,0.0,,0.0,0.0,3.0,4.0,0.0,4.0,4.0,0.0,0.0,0.0,0.0,0.0,4.0,3.0,0.0,3.0,3.0,3.0,11.0,1400.5185213973002,452.50947132239656,0.323101383101258,3.554115214113838,11.0,False,60
220140001084A011,22,Querétaro,014,Querétaro,0001,Santiago de Querétaro,084A,011,Urbana,677,Típica,326,351,206,12.61,677.0,,9.0,,8.0,15.0,5.0,15.0,25.0,,4.0,21.0,6.0,9.0,68.0,27.0,89.0,430.0,167.0,99.0,480.0,98.0,351.0,677.0,326.0,677.0,60.0,33.0,27.0,3.29,0.76,178.0,15.0,6.0,9.0,19.0,12.0,7.0,597.0,310.0,287.0,25.0,13.0,12.0,175.0,578.0,298.0,280.0,82.0,42.0,40.0,553.0,285.0,268.0,20.0,11.0,9.0,662.0,345.0,317.0,651.0,340.0,311.0,148.0,80.0,68.0,45.0,24.0,21.0,50.0,29.0,21.0,206.0,258.0,206.0,53.0,206.0,36.0,205.0,17.0,259.0,3.0,56.0,15.0,150.0,188.0,206.0,206.0,0.0,131.0,9.0,196.0,24.0,48.0,205.0,204.0,205.0,205.0,206.0,133.0,177.0,170.0,0.0,8.0,70.0,0.0,,146.0,205.0,,153.0,201.0,20.0,,3.0,0.0,0.0,104.0,153.0,,144.0,166.0,198.0,677.0,62520.51555953256,51.989610619833016,0.0008315608109521757,0.562966669014623,677.0,False,60
2201400010816052,22,Querétaro,014,Querétaro,0001,Santiago de Querétaro,0816,052,Urbana,34,Contenida,16,18,17,15.74,34.0,,0.0,0.0,0.0,0.0,0.0,0.0,0.0,0.0,0.0,,0.0,0.0,,0.0,,26.0,5.0,3.0,30.0,,18.0,34.0,16.0,34.0,,,,2.0,0.48,3.0,,,0.0,0.0,0.0,0.0,31.0,15.0,16.0,0.0,0.0,0.0,14.0,31.0,15.0,16.0,3.0,,,31.0,15.0,16.0,,,0.0,32.0,16.0,16.0,31.0,15.0,16.0,,,0.0,0.0,0.0,0.0,0.0,0.0,0.0,17.0,17.0,17.0,,17.0,,16.0,0.0,18.0,0.0,4.0,,13.0,16.0,17.0,17.0,0.0,6.0,0.0,17.0,14.0,4.0,17.0,17.0,17.0,17.0,17.0,12.0,16.0,16.0,0.0,,11.0,0.0,0.0,15.0,17.0,0.0,10.0,17.0,,0.0,,0.0,0.0,14.0,8.0,0.0,6.0,17.0,16.0,34.0,582.1820266886002,276.02736295905476,0.47412553171569716,16.1202680783337,34.0,True,60
2201400010981026,22,Querétaro,014,Querétaro,0001,Santiago de Querétaro,0981,026,Urbana,79,Típica,32,47,22,9.7,79.0,,0.0,0.0,0.0,0.0,0.0,0.0,,0.0,0.0,,,0.0,6.0,0.0,9.0,43.0,21.0,19.0,57.0,3.0,47.0,79.0,32.0,79.0,0.0,0.0,0.0,3.59,0.94,10.0,3.0,,,4.0,3.0,,64.0,36.0,28.0,3.0,,,25.0,60.0,33.0,27.0,11.0,7.0,4.0,57.0,32.0,25.0,4.0,3.0,,76.0,45.0,31.0,73.0,42.0,31.0,4.0,,,8.0,6.0,,10.0,7.0,3.0,22.0,25.0,22.0,3.0,22.0,3.0,22.0,0.0,25.0,0.0,6.0,4.0,16.0,18.0,22.0,22.0,0.0,10.0,4.0,21.0,3.0,5.0,22.0,22.0,22.0,22.0,22.0,10.0,18.0,13.0,0.0,,11.0,0.0,0.0,10.0,21.0,,14.0,21.0,4.0,,0.0,0.0,0.0,6.0,13.0,0.0,9.0,21.0,22.0,79.0,6762.961582658528,643.5388971276187,0.09515637332286056,7.517353492505984,79.0,False,60
2201400010981030,22,Querétaro,014,Querétaro,0001,Santiago de Querétaro,0981,030,Urbana,190,Típica,97,93,42,9.28,190.0,,3.0,0.0,3.0,10.0,0.0,9.0,14.0,,0.0,9.0,4.0,3.0,26.0,18.0,38.0,103.0,51.0,45.0,129.0,16.0,93.0,190.0,97.0,190.0,,,,4.52,0.9,52.0,,0.0,,9.0,5.0,4.0,154.0,74.0,80.0,7.0,4.0,3.0,52.0,145.0,69.0,76.0,22.0,7.0,15.0,138.0,65.0,73.0,10.0,,9.0,188.0,93.0,95.0,184.0,93.0,91.0,27.0,12.0,15.0,24.0,18.0,6.0,24.0,17.0,7.0,42.0,51.0,42.0,10.0,42.0,10.0,41.0,0.0,52.0,,11.0,5.0,31.0,36.0,42.0,42.0,0.0,26.0,,42.0,3.0,5.0,42.0,41.0,41.0,41.0,42.0,21.0,38.0,32.0,0.0,,16.0,0.0,,20.0,41.0,,36.0,40.0,4.0,0.0,0.0,0.0,0.0,6.0,31.0,0.0,28.0,39.0,41.0,190.0,13626.998582899494,706.3846661995667,0.051837142412710605,9.849057058415015,190.0,False,60
2201400010996031,22,Querétaro,014,Querétaro,0001,Santiago de Querétaro,0996,031,Urbana,190,Típica,94,96,40,8.8,190.0,,,3.0,3.0,7.0,5.0,,7.0,,0.0,5.0,0.0,3.0,13.0,9.0,20.0,90.0,56.0,52.0,114.0,24.0,96.0,190.0,94.0,190.0,3.0,,,4.75,1.09,36.0,8.0,5.0,3.0,8.0,,6.0,146.0,73.0,73.0,9.0,5.0,4.0,42.0,138.0,71.0,67.0,9.0,3.0,6.0,129.0,66.0,63.0,11.0,6.0,5.0,182.0,91.0,91.0,176.0,88.0,88.0,36.0,21.0,15.0,25.0,12.0,13.0,25.0,11.0,14.0,40.0,46.0,40.0,6.0,40.0,6.0,40.0,0.0,46.0,,9.0,7.0,31.0,32.0,40.0,40.0,0.0,20.0,3.0,36.0,6.0,4.0,40.0,40.0,40.0,40.0,40.0,17.0,29.0,33.0,0.0,,19.0,0.0,0.0,13.0,39.0,,27.0,39.0,10.0,,0.0,0.0,0.0,5.0,27.0,0.0,25.0,33.0,38.0,190.0,5749.020658072089,173.46451990688306,0.03017288164782029,5.732847513085855,190.0,False,60
2201400010996034,22,Querétaro,014,Querétaro,0001,Santiago de Querétaro,0996,034,Urbana,175,Típica,88,87,47,9.82,175.0,,0.0,0.0,0.0,3.0,0.0,0.0,7.0,,4.0,5.0,,4.0,9.0,3.0,20.0,100.0,41.0,47.0,118.0,10.0,87.0,175.0,88.0,175.0,7.0,4.0,3.0,3.72,0.98,41.0,8.0,,6.0,13.0,4.0,9.0,141.0,70.0,71.0,9.0,5.0,4.0,48.0,128.0,66.0,62.0,20.0,11.0,9.0,119.0,61.0,58.0,13.0,8.0,5.0,167.0,85.0,82.0,160.0,79.0,81.0,19.0,12.0,7.0,13.0,7.0,6.0,22.0,8.0,14.0,47.0,45.0,47.0,,46.0,4.0,40.0,,52.0,3.0,11.0,5.0,35.0,38.0,46.0,46.0,0.0,21.0,7.0,41.0,8.0,6.0,46.0,46.0,46.0,45.0,45.0,28.0,40.0,40.0,0.0,3.0,24.0,0.0,0.0,27.0,46.0,0.0,38.0,45.0,4.0,3.0,0.0,0.0,0.0,13.0,32.0,0.0,35.0,45.0,46.0,175.0,6028.217923147144,229.01294894297098,0.03799015759924792,6.6482775798683855,175.0,False,60
2201400011284014,22,Querétaro,014,Querétaro,0001,Santiago de Querétaro,1284,014,Urbana,0,Típica,0,0,0,0.0,0.0,,0.0,0.0,0.0,0.0,0.0,0.0,0.0,0.0,0.0,0.0,0.0,0.0,0.0,0.0,0.0,0.0,0.0,0.0,0.0,0.0,0.0,0.0,0.0,0.0,0.0,0.0,0.0,0.0,0.0,0.0,0.0,0.0,0.0,0.0,0.0,0.0,0.0,0.0,0.0,0.0,0.0,0.0,0.0,0.0,0.0,0.0,0.0,0.0,0.0,0.0,0.0,0.0,0.0,0.0,0.0,0.0,0.0,0.0,0.0,0.0,0.0,0.0,0.0,0.0,0.0,0.0,0.0,0.0,0.0,0.0,0.0,0.0,0.0,0.0,0.0,0.0,0.0,0.0,0.0,0.0,0.0,0.0,0.0,0.0,0.0,0.0,0.0,0.0,0.0,0.0,0.0,0.0,0.0,0.0,0.0,0.0,0.0,0.0,0.0,0.0,0.0,0.0,0.0,0.0,0.0,0.0,0.0,0.0,0.0,0.0,0.0,0.0,0.0,0.0,0.0,0.0,0.0,0.0,0.0,0.0,0.0,0.0,50551.818516071035,652.8704090005912,0.012914874838637819,0.0,0.0,False,60
2201400011373025,22,Querétaro,014,Querétaro,0001,Santiago de Querétaro,1373,025,Urbana,0,Típica,0,0,0,0.0,0.0,,0.0,0.0,0.0,0.0,0.0,0.0,0.0,0.0,0.0,0.0,0.0,0.0,0.0,0.0,0.0,0.0,0.0,0.0,0.0,0.0,0.0,0.0,0.0,0.0,0.0,0.0,0.0,0.0,0.0,0.0,0.0,0.0,0.0,0.0,0.0,0.0,0.0,0.0,0.0,0.0,0.0,0.0,0.0,0.0,0.0,0.0,0.0,0.0,0.0,0.0,0.0,0.0,0.0,0.0,0.0,0.0,0.0,0.0,0.0,0.0,0.0,0.0,0.0,0.0,0.0,0.0,0.0,0.0,0.0,0.0,,,,,,,,,4.0,0.0,0.0,0.0,0.0,0.0,0.0,0.0,0.0,0.0,0.0,0.0,0.0,0.0,0.0,0.0,0.0,0.0,0.0,0.0,0.0,0.0,0.0,0.0,0.0,0.0,0.0,0.0,0.0,0.0,0.0,0.0,0.0,0.0,0.0,0.0,0.0,0.0,0.0,0.0,0.0,0.0,0.0,0.0,5513.3816794731165,349.02773189307936,0.06330556311610808,0.0,0.0,False,60
2201400011871008,22,Querétaro,014,Querétaro,0001,Santiago de Querétaro,1871,008,Urbana,32,Típica,16,16,7,10.64,32.0,,0.0,0.0,0.0,0.0,0.0,,0.0,0.0,0.0,0.0,0.0,0.0,0.0,,0.0,21.0,5.0,7.0,21.0,4.0,16.0,32.0,16.0,32.0,0.0,0.0,0.0,4.57,0.89,9.0,4.0,,,,0.0,,26.0,12.0,14.0,,0.0,,9.0,25.0,12.0,13.0,7.0,4.0,3.0,24.0,12.0,12.0,0.0,0.0,0.0,28.0,14.0,14.0,28.0,14.0,14.0,5.0,3.0,,,,0.0,,,,7.0,9.0,7.0,,7.0,,6.0,,10.0,0.0,0.0,0.0,7.0,7.0,7.0,7.0,0.0,4.0,,7.0,,,7.0,7.0,7.0,7.0,7.0,6.0,7.0,6.0,0.0,0.0,3.0,0.0,0.0,5.0,7.0,0.0,6.0,7.0,0.0,0.0,0.0,0.0,0.0,,4.0,0.0,5.0,7.0,6.0,32.0,5710.931265625077,27.217306547691194,0.004765826321797307,0.1525064422975138,32.0,False,60
2201400011975006,22,Querétaro,014,Querétaro,0001,Santiago de Querétaro,1975,006,Urbana,584,Típica,283,301,162,12.34,584.0,,,,0.0,5.0,,0.0,3.0,,,5.0,0.0,,,6.0,8.0,309.0,177.0,112.0,441.0,31.0,301.0,584.0,283.0,584.0,0.0,0.0,0.0,3.6,0.8,125.0,26.0,15.0,11.0,14.0,7.0,7.0,486.0,244.0,242.0,21.0,10.0,11.0,166.0,472.0,237.0,235.0,104.0,44.0,60.0,451.0,227.0,224.0,30.0,17.0,13.0,558.0,286.0,272.0,539.0,277.0,262.0,41.0,26.0,15.0,42.0,25.0,17.0,44.0,23.0,21.0,162.0,166.0,162.0,,162.0,12.0,153.0,,175.0,0.0,24.0,8.0,138.0,154.0,162.0,162.0,0.0,93.0,6.0,160.0,14.0,34.0,162.0,162.0,162.0,162.0,162.0,113.0,147.0,130.0,0.0,12.0,67.0,0.0,0.0,105.0,161.0,,151.0,161.0,14.0,,0.0,0.0,0.0,67.0,122.0,0.0,113.0,162.0,158.0,584.0,22313.34069745126,711.6284929580926,0.031892512313917126,18.625227191327603,584.0,False,60
2201400011937004,22,Querétaro,014,Querétaro,0001,Santiago de Querétaro,1937,004,Urbana,186,Típica,91,95,52,10.44,186.0,,0.0,,,7.0,,0.0,3.0,,3.0,,0.0,3.0,,7.0,7.0,117.0,39.0,32.0,148.0,,95.0,186.0,91.0,186.0,0.0,0.0,0.0,3.58,1.06,42.0,8.0,4.0,4.0,6.0,3.0,3.0,156.0,79.0,77.0,7.0,,5.0,48.0,150.0,76.0,74.0,24.0,15.0,9.0,143.0,74.0,69.0,8.0,3.0,5.0,174.0,89.0,85.0,172.0,88.0,84.0,9.0,6.0,3.0,10.0,7.0,3.0,14.0,9.0,5.0,52.0,53.0,52.0,,52.0,,52.0,0.0,53.0,0.0,,,50.0,50.0,51.0,51.0,0.0,24.0,4.0,50.0,0.0,,51.0,51.0,51.0,51.0,51.0,33.0,39.0,46.0,0.0,4.0,24.0,0.0,0.0,14.0,51.0,0.0,26.0,51.0,11.0,,,,0.0,6.0,34.0,0.0,33.0,51.0,49.0,186.0,3629.2462940441355,6.938573534750616,0.001911849726522373,0.3556040491331614,186.0,False,60
2201400011975022,22,Querétaro,014,Querétaro,0001,Santiago de Querétaro,1975,022,Urbana,161,Típica,82,79,51,11.94,161.0,,,,,,,,,,,,11.0,,7.0,4.0,7.0,96.0,31.0,37.0,120.0,4.0,79.0,161.0,82.0,161.0,8.0,6.0,,3.16,0.81,21.0,5.0,4.0,,3.0,,,127.0,61.0,66.0,4.0,,,42.0,124.0,60.0,64.0,23.0,12.0,11.0,120.0,58.0,62.0,10.0,3.0,7.0,156.0,75.0,81.0,149.0,74.0,75.0,8.0,4.0,4.0,19.0,11.0,8.0,17.0,8.0,9.0,51.0,49.0,51.0,,51.0,,47.0,0.0,53.0,0.0,12.0,3.0,39.0,48.0,51.0,51.0,0.0,27.0,16.0,47.0,,7.0,51.0,51.0,51.0,51.0,51.0,32.0,48.0,42.0,0.0,9.0,21.0,0.0,0.0,30.0,45.0,6.0,44.0,51.0,3.0,,0.0,0.0,0.0,29.0,43.0,0.0,38.0,50.0,49.0,161.0,5610.229109709106,402.73780549856195,0.07178633842271803,11.557600486057604,161.0,False,60
2201400011975030,22,Querétaro,014,Querétaro,0001,Santiago de Querétaro,1975,030,Urbana,268,Típica,123,145,88,12.86,268.0,,,3.0,,3.0,,0.0,9.0,,8.0,,3.0,3.0,4.0,5.0,14.0,154.0,79.0,45.0,210.0,13.0,145.0,268.0,123.0,268.0,4.0,,3.0,3.05,0.72,47.0,7.0,,6.0,10.0,7.0,3.0,233.0,132.0,101.0,9.0,6.0,3.0,84.0,223.0,125.0,98.0,48.0,26.0,22.0,214.0,119.0,95.0,7.0,5.0,,261.0,144.0,117.0,256.0,141.0,115.0,21.0,13.0,8.0,21.0,7.0,14.0,25.0,11.0,14.0,88.0,96.0,88.0,22.0,88.0,13.0,74.0,9.0,110.0,0.0,14.0,7.0,74.0,81.0,88.0,88.0,0.0,57.0,13.0,86.0,15.0,17.0,88.0,88.0,88.0,88.0,88.0,59.0,80.0,70.0,0.0,10.0,29.0,0.0,0.0,59.0,85.0,3.0,67.0,86.0,5.0,,,,,35.0,66.0,0.0,64.0,83.0,83.0,268.0,17894.783702872024,706.3206474103431,0.03947075634655378,10.578162700876414,268.0,False,60
2201400012070010,22,Querétaro,014,Querétaro,0001,Santiago de Querétaro,2070,010,Urbana,143,Típica,74,69,36,10.09,143.0,,,,3.0,6.0,,4.0,5.0,,,,3.0,,4.0,7.0,8.0,89.0,39.0,22.0,112.0,9.0,69.0,143.0,74.0,143.0,10.0,5.0,5.0,3.97,0.86,42.0,,,0.0,8.0,,6.0,129.0,62.0,67.0,3.0,,,39.0,121.0,60.0,61.0,27.0,14.0,13.0,118.0,59.0,59.0,4.0,,,141.0,67.0,74.0,140.0,66.0,74.0,19.0,9.0,10.0,8.0,3.0,5.0,14.0,5.0,9.0,36.0,42.0,36.0,6.0,36.0,6.0,36.0,0.0,42.0,,5.0,3.0,31.0,32.0,36.0,36.0,0.0,19.0,3.0,33.0,5.0,3.0,36.0,36.0,36.0,36.0,36.0,23.0,29.0,28.0,0.0,3.0,17.0,0.0,0.0,16.0,36.0,0.0,24.0,35.0,6.0,,0.0,0.0,0.0,3.0,21.0,0.0,20.0,33.0,35.0,143.0,5821.714069250357,14.683583112246247,0.0025222095997127873,0.3606759727589286,143.0,False,60
2201400012371008,22,Querétaro,014,Querétaro,0001,Santiago de Querétaro,2371,008,Urbana,16,Típica,7,9,4,10.5,16.0,,0.0,0.0,,0.0,0.0,0.0,,0.0,0.0,0.0,0.0,0.0,,,,6.0,3.0,4.0,7.0,,9.0,16.0,7.0,16.0,0.0,0.0,0.0,4.0,0.92,4.0,0.0,0.0,0.0,,0.0,,9.0,6.0,3.0,0.0,0.0,0.0,4.0,8.0,6.0,,0.0,0.0,0.0,8.0,6.0,,0.0,0.0,0.0,12.0,7.0,5.0,12.0,7.0,5.0,,,0.0,3.0,,,3.0,,,4.0,4.0,4.0,0.0,4.0,0.0,4.0,0.0,4.0,0.0,0.0,0.0,3.0,3.0,3.0,3.0,0.0,,,3.0,0.0,,3.0,3.0,3.0,3.0,3.0,3.0,,3.0,0.0,0.0,,0.0,0.0,0.0,3.0,0.0,3.0,3.0,,0.0,0.0,0.0,0.0,0.0,3.0,0.0,,3.0,3.0,16.0,2393.2128092910198,387.9312690551872,0.16209643686894287,2.593542989903086,16.0,False,60
220140001294A004,22,Querétaro,014,Querétaro,0001,Santiago de Querétaro,294A,004,Urbana,279,Típica,141,138,64,9.87,279.0,,,3.0,,5.0,,7.0,13.0,,,13.0,3.0,7.0,43.0,11.0,60.0,147.0,86.0,53.0,197.0,29.0,138.0,279.0,141.0,279.0,0.0,0.0,0.0,4.36,1.07,70.0,6.0,4.0,,7.0,4.0,3.0,233.0,116.0,117.0,13.0,3.0,10.0,69.0,226.0,112.0,114.0,39.0,21.0,18.0,213.0,109.0,104.0,17.0,5.0,12.0,273.0,134.0,139.0,262.0,130.0,132.0,42.0,23.0,19.0,23.0,13.0,10.0,22.0,12.0,10.0,64.0,65.0,64.0,,63.0,,63.0,0.0,66.0,3.0,12.0,10.0,51.0,50.0,61.0,61.0,,20.0,18.0,56.0,8.0,4.0,62.0,60.0,61.0,61.0,61.0,29.0,44.0,45.0,0.0,3.0,42.0,0.0,,26.0,61.0,,46.0,59.0,18.0,3.0,,,,10.0,39.0,,34.0,51.0,61.0,279.0,20782.4677905522,0.44976019908311304,2.1641327854605215e-05,0.006037930471434855,279.0,False,60
220140001294A027,22,Querétaro,014,Querétaro,0001,Santiago de Querétaro,294A,027,Urbana,0,Típica,0,0,0,0.0,0.0,,0.0,0.0,0.0,0.0,0.0,0.0,0.0,0.0,0.0,0.0,0.0,0.0,0.0,0.0,0.0,0.0,0.0,0.0,0.0,0.0,0.0,0.0,0.0,0.0,0.0,0.0,0.0,0.0,0.0,0.0,0.0,0.0,0.0,0.0,0.0,0.0,0.0,0.0,0.0,0.0,0.0,0.0,0.0,0.0,0.0,0.0,0.0,0.0,0.0,0.0,0.0,0.0,0.0,0.0,0.0,0.0,0.0,0.0,0.0,0.0,0.0,0.0,0.0,0.0,0.0,0.0,0.0,0.0,0.0,0.0,0.0,0.0,0.0,0.0,0.0,0.0,0.0,0.0,0.0,0.0,0.0,0.0,0.0,0.0,0.0,0.0,0.0,0.0,0.0,0.0,0.0,0.0,0.0,0.0,0.0,0.0,0.0,0.0,0.0,0.0,0.0,0.0,0.0,0.0,0.0,0.0,0.0,0.0,0.0,0.0,0.0,0.0,0.0,0.0,0.0,0.0,0.0,0.0,0.0,0.0,0.0,0.0,3126.1332023714276,377.54137679288925,0.1207694465822804,0.0,0.0,False,60
2201400012954011,22,Querétaro,014,Querétaro,0001,Santiago de Querétaro,2954,011,Urbana,16,Típica,8,8,4,7.9,16.0,,0.0,0.0,0.0,0.0,0.0,0.0,,,,,0.0,,,0.0,,3.0,10.0,6.0,9.0,,8.0,16.0,8.0,16.0,0.0,0.0,0.0,4.0,1.33,4.0,0.0,0.0,0.0,3.0,,,13.0,7.0,6.0,0.0,0.0,0.0,4.0,10.0,5.0,5.0,,,,10.0,5.0,5.0,,0.0,,16.0,8.0,8.0,14.0,8.0,6.0,,,,,,0.0,4.0,3.0,,4.0,5.0,4.0,,4.0,0.0,4.0,,5.0,0.0,0.0,,4.0,3.0,4.0,4.0,0.0,3.0,4.0,4.0,0.0,0.0,4.0,4.0,4.0,4.0,4.0,,3.0,4.0,0.0,,,0.0,0.0,0.0,3.0,,,4.0,,0.0,0.0,0.0,0.0,0.0,,0.0,,3.0,4.0,16.0,1422.9416952764304,48.12692103307589,0.03382213142874165,0.5411541028598664,16.0,False,60
2201400013191012,22,Querétaro,014,Querétaro,0001,Santiago de Querétaro,3191,012,Urbana,157,Típica,81,76,50,11.09,157.0,,,,,4.0,4.0,6.0,4.0,5.0,,6.0,,5.0,35.0,11.0,40.0,101.0,34.0,30.0,121.0,6.0,76.0,157.0,81.0,157.0,5.0,,3.0,3.14,0.86,36.0,9.0,7.0,,8.0,,6.0,135.0,62.0,73.0,6.0,,5.0,44.0,127.0,60.0,67.0,27.0,11.0,16.0,121.0,59.0,62.0,5.0,3.0,,148.0,69.0,79.0,144.0,67.0,77.0,16.0,9.0,7.0,8.0,4.0,4.0,14.0,5.0,9.0,50.0,47.0,50.0,0.0,50.0,0.0,47.0,0.0,50.0,,14.0,11.0,36.0,38.0,50.0,50.0,0.0,27.0,3.0,47.0,,12.0,50.0,50.0,50.0,50.0,50.0,25.0,40.0,31.0,0.0,5.0,22.0,0.0,0.0,29.0,50.0,0.0,37.0,44.0,8.0,,,,0.0,13.0,36.0,0.0,23.0,43.0,47.0,157.0,5513.631887925953,92.48146141121933,0.016773238273984192,2.633398409015518,157.0,False,60
2201400013191014,22,Querétaro,014,Querétaro,0001,Santiago de Querétaro,3191,014,Urbana,0,Típica,0,0,0,0.0,0.0,,0.0,0.0,0.0,0.0,0.0,0.0,0.0,0.0,0.0,0.0,0.0,0.0,0.0,0.0,0.0,0.0,0.0,0.0,0.0,0.0,0.0,0.0,0.0,0.0,0.0,0.0,0.0,0.0,0.0,0.0,0.0,0.0,0.0,0.0,0.0,0.0,0.0,0.0,0.0,0.0,0.0,0.0,0.0,0.0,0.0,0.0,0.0,0.0,0.0,0.0,0.0,0.0,0.0,0.0,0.0,0.0,0.0,0.0,0.0,0.0,0.0,0.0,0.0,0.0,0.0,0.0,0.0,0.0,0.0,0.0,0.0,0.0,0.0,0.0,0.0,0.0,0.0,0.0,0.0,0.0,0.0,0.0,0.0,0.0,0.0,0.0,0.0,0.0,0.0,0.0,0.0,0.0,0.0,0.0,0.0,0.0,0.0,0.0,0.0,0.0,0.0,0.0,0.0,0.0,0.0,0.0,0.0,0.0,0.0,0.0,0.0,0.0,0.0,0.0,0.0,0.0,0.0,0.0,0.0,0.0,0.0,0.0,10714.109292446,679.008118424964,0.06337513459039472,0.0,0.0,False,60
2201400013647010,22,Querétaro,014,Querétaro,0001,Santiago de Querétaro,3647,010,Urbana,752,Contenida,361,391,235,12.77,752.0,,6.0,,3.0,8.0,,15.0,14.0,4.0,5.0,19.0,5.0,15.0,50.0,23.0,85.0,414.0,190.0,198.0,533.0,21.0,391.0,752.0,361.0,752.0,3.0,,,3.2,0.82,137.0,32.0,16.0,16.0,50.0,26.0,24.0,604.0,323.0,281.0,32.0,15.0,17.0,250.0,554.0,297.0,257.0,102.0,55.0,47.0,522.0,282.0,240.0,37.0,15.0,22.0,720.0,375.0,345.0,698.0,365.0,333.0,39.0,18.0,21.0,79.0,37.0,42.0,104.0,49.0,55.0,235.0,267.0,235.0,33.0,235.0,24.0,234.0,9.0,268.0,0.0,18.0,0.0,217.0,235.0,234.0,235.0,0.0,172.0,37.0,233.0,11.0,58.0,235.0,235.0,235.0,235.0,235.0,168.0,198.0,208.0,0.0,16.0,59.0,0.0,0.0,168.0,235.0,0.0,160.0,231.0,22.0,,9.0,,0.0,93.0,146.0,0.0,117.0,235.0,218.0,752.0,28095.39349580757,5.4664119564976135,0.00019456612904579244,0.14631372904243592,752.0,False,60
2201400013346049,22,Querétaro,014,Querétaro,0001,Santiago de Querétaro,3346,049,Urbana,0,Típica,0,0,0,0.0,0.0,,0.0,0.0,0.0,0.0,0.0,0.0,0.0,0.0,0.0,0.0,0.0,0.0,0.0,0.0,0.0,0.0,0.0,0.0,0.0,0.0,0.0,0.0,0.0,0.0,0.0,0.0,0.0,0.0,0.0,0.0,0.0,0.0,0.0,0.0,0.0,0.0,0.0,0.0,0.0,0.0,0.0,0.0,0.0,0.0,0.0,0.0,0.0,0.0,0.0,0.0,0.0,0.0,0.0,0.0,0.0,0.0,0.0,0.0,0.0,0.0,0.0,0.0,0.0,0.0,0.0,0.0,0.0,0.0,0.0,0.0,0.0,0.0,0.0,0.0,0.0,0.0,0.0,0.0,0.0,0.0,0.0,0.0,0.0,0.0,0.0,0.0,0.0,0.0,0.0,0.0,0.0,0.0,0.0,0.0,0.0,0.0,0.0,0.0,0.0,0.0,0.0,0.0,0.0,0.0,0.0,0.0,0.0,0.0,0.0,0.0,0.0,0.0,0.0,0.0,0.0,0.0,0.0,0.0,0.0,0.0,0.0,0.0,705.3030455499218,221.56919821224605,0.3141475137676309,0.0,0.0,False,60
2201400013350028,22,Querétaro,014,Querétaro,0001,Santiago de Querétaro,3350,028,Urbana,179,Típica,82,97,51,11.55,179.0,,,,0.0,,,,3.0,,0.0,3.0,3.0,4.0,6.0,5.0,7.0,103.0,49.0,38.0,134.0,7.0,97.0,179.0,82.0,179.0,11.0,8.0,3.0,3.51,1.01,25.0,7.0,,6.0,11.0,5.0,6.0,152.0,83.0,69.0,8.0,3.0,5.0,63.0,141.0,78.0,63.0,30.0,15.0,15.0,133.0,75.0,58.0,8.0,6.0,,172.0,96.0,76.0,167.0,93.0,74.0,13.0,7.0,6.0,12.0,7.0,5.0,20.0,12.0,8.0,51.0,75.0,51.0,,51.0,22.0,51.0,,75.0,3.0,12.0,6.0,38.0,41.0,50.0,50.0,0.0,27.0,3.0,46.0,0.0,10.0,50.0,50.0,50.0,50.0,50.0,35.0,43.0,45.0,0.0,3.0,21.0,0.0,0.0,26.0,49.0,,35.0,50.0,7.0,,,,0.0,15.0,36.0,0.0,31.0,50.0,48.0,179.0,7890.292604794392,537.5849274103266,0.06813244506086795,12.195707665895362,179.0,False,60
2201400013488008,22,Querétaro,014,Querétaro,0001,Santiago de Querétaro,3488,008,Urbana,107,Típica,50,57,34,13.91,107.0,,0.0,0.0,0.0,0.0,0.0,0.0,,0.0,0.0,,,0.0,,0.0,,55.0,32.0,25.0,74.0,8.0,57.0,107.0,50.0,107.0,4.0,,,3.15,0.55,16.0,7.0,3.0,4.0,5.0,0.0,5.0,87.0,46.0,41.0,3.0,,,33.0,82.0,46.0,36.0,9.0,4.0,5.0,79.0,44.0,35.0,8.0,6.0,,100.0,54.0,46.0,94.0,49.0,45.0,9.0,6.0,3.0,5.0,,3.0,9.0,,7.0,34.0,35.0,34.0,,34.0,,33.0,0.0,36.0,0.0,7.0,0.0,27.0,34.0,34.0,34.0,0.0,34.0,,33.0,13.0,14.0,34.0,34.0,34.0,34.0,34.0,32.0,32.0,34.0,0.0,,0.0,0.0,0.0,32.0,34.0,0.0,29.0,34.0,,0.0,,0.0,0.0,23.0,24.0,0.0,28.0,33.0,33.0,107.0,77044.30920689825,1416.1904581180593,0.018381506339617607,1.9668211783390839,107.0,False,60
2201400010411022,22,Querétaro,014,Querétaro,0001,Santiago de Querétaro,0411,022,Urbana,3,Típica,0,0,1,,,,,,,,,,,,,,,,,,,,,,,,,,,3.0,,,,,,,,,,,,,,,,,,,,,,,,,,,,,,,,,,,,,,,,,,,,,,,1.0,,,,,,,,2.0,,,,,,,,,,,,,,,,,,,,,,,,,,,,,,,,,,,,,,,,,,,3.0,5114.506889346729,550.2470423899423,0.10758555111854094,0.3227566533556228,3.0,False,60
2201400010430017,22,Querétaro,014,Querétaro,0001,Santiago de Querétaro,0430,017,Urbana,59,Típica,31,28,17,13.33,59.0,,0.0,0.0,,,,0.0,6.0,0.0,0.0,,,0.0,4.0,3.0,9.0,30.0,24.0,6.0,41.0,12.0,28.0,59.0,31.0,59.0,0.0,0.0,0.0,3.47,0.63,16.0,,,0.0,,,0.0,54.0,26.0,28.0,3.0,0.0,3.0,14.0,53.0,25.0,28.0,6.0,,4.0,50.0,25.0,25.0,,0.0,,58.0,27.0,31.0,57.0,27.0,30.0,17.0,8.0,9.0,3.0,,,4.0,,,17.0,17.0,17.0,,17.0,3.0,13.0,,21.0,0.0,,0.0,15.0,17.0,17.0,17.0,0.0,12.0,3.0,15.0,7.0,6.0,17.0,17.0,17.0,17.0,17.0,14.0,15.0,16.0,0.0,,5.0,0.0,0.0,12.0,16.0,,13.0,17.0,,0.0,,0.0,0.0,9.0,11.0,0.0,15.0,16.0,16.0,59.0,19856.393871815384,428.35101435083783,0.021572447500593197,1.2727744025349985,59.0,False,60
2201400011922037,22,Querétaro,014,Querétaro,0001,Santiago de Querétaro,1922,037,Urbana,0,Típica,0,0,0,0.0,0.0,,0.0,0.0,0.0,0.0,0.0,0.0,0.0,0.0,0.0,0.0,0.0,0.0,0.0,0.0,0.0,0.0,0.0,0.0,0.0,0.0,0.0,0.0,0.0,0.0,0.0,0.0,0.0,0.0,0.0,0.0,0.0,0.0,0.0,0.0,0.0,0.0,0.0,0.0,0.0,0.0,0.0,0.0,0.0,0.0,0.0,0.0,0.0,0.0,0.0,0.0,0.0,0.0,0.0,0.0,0.0,0.0,0.0,0.0,0.0,0.0,0.0,0.0,0.0,0.0,0.0,0.0,0.0,0.0,0.0,0.0,0.0,0.0,0.0,0.0,0.0,0.0,0.0,0.0,0.0,0.0,0.0,0.0,0.0,0.0,0.0,0.0,0.0,0.0,0.0,0.0,0.0,0.0,0.0,0.0,0.0,0.0,0.0,0.0,0.0,0.0,0.0,0.0,0.0,0.0,0.0,0.0,0.0,0.0,0.0,0.0,0.0,0.0,0.0,0.0,0.0,0.0,0.0,0.0,0.0,0.0,0.0,0.0,468.5104483302154,465.58215803866386,0.993749786580026,0.0,0.0,True,60
2201400012920026,22,Querétaro,014,Querétaro,0001,Santiago de Querétaro,2920,026,Urbana,355,Típica,185,170,87,10.65,355.0,,,3.0,0.0,5.0,3.0,,13.0,3.0,0.0,13.0,4.0,11.0,44.0,8.0,60.0,192.0,98.0,87.0,253.0,15.0,170.0,355.0,185.0,355.0,5.0,,3.0,4.08,0.91,87.0,18.0,6.0,12.0,23.0,12.0,11.0,291.0,147.0,144.0,20.0,10.0,10.0,102.0,268.0,135.0,133.0,40.0,21.0,19.0,248.0,125.0,123.0,15.0,6.0,9.0,337.0,164.0,173.0,330.0,162.0,168.0,22.0,10.0,12.0,31.0,11.0,20.0,45.0,19.0,26.0,87.0,98.0,87.0,,87.0,11.0,86.0,,99.0,4.0,8.0,4.0,79.0,79.0,87.0,87.0,0.0,39.0,29.0,84.0,7.0,11.0,87.0,87.0,87.0,87.0,87.0,51.0,71.0,70.0,0.0,5.0,47.0,0.0,0.0,45.0,86.0,,68.0,84.0,15.0,3.0,,0.0,0.0,18.0,67.0,0.0,55.0,75.0,84.0,355.0,13941.572669177303,442.8777405594354,0.03176669885590244,11.277178093845366,355.0,False,60
2201400011829040,22,Querétaro,014,Querétaro,0001,Santiago de Querétaro,1829,040,Urbana,193,Típica,86,107,53,12.27,193.0,,,,0.0,4.0,,6.0,17.0,0.0,,10.0,,5.0,15.0,11.0,28.0,114.0,60.0,23.0,131.0,39.0,107.0,193.0,86.0,193.0,4.0,,3.0,3.64,0.69,49.0,3.0,0.0,3.0,4.0,,3.0,174.0,98.0,76.0,6.0,5.0,,54.0,170.0,97.0,73.0,22.0,12.0,10.0,164.0,92.0,72.0,4.0,,,190.0,107.0,83.0,188.0,106.0,82.0,50.0,32.0,18.0,12.0,7.0,5.0,13.0,7.0,6.0,53.0,67.0,53.0,15.0,53.0,11.0,52.0,4.0,68.0,0.0,11.0,4.0,42.0,49.0,53.0,53.0,0.0,37.0,10.0,50.0,10.0,10.0,53.0,53.0,53.0,53.0,53.0,43.0,43.0,48.0,0.0,10.0,16.0,0.0,0.0,37.0,53.0,0.0,40.0,53.0,8.0,,,,0.0,18.0,41.0,0.0,42.0,45.0,52.0,193.0,17285.624022123335,403.33939436669095,0.02333380581750878,4.503424522779194,193.0,False,60
2201400011975008,22,Querétaro,014,Querétaro,0001,Santiago de Querétaro,1975,008,Urbana,440,Típica,209,231,120,10.75,440.0,,11.0,5.0,4.0,13.0,7.0,6.0,15.0,,7.0,11.0,5.0,7.0,23.0,20.0,37.0,226.0,142.0,89.0,321.0,30.0,231.0,440.0,209.0,440.0,,,,3.67,0.89,94.0,12.0,6.0,6.0,19.0,8.0,11.0,370.0,194.0,176.0,18.0,9.0,9.0,133.0,351.0,186.0,165.0,76.0,35.0,41.0,333.0,177.0,156.0,20.0,10.0,10.0,428.0,225.0,203.0,417.0,217.0,200.0,39.0,21.0,18.0,38.0,21.0,17.0,43.0,23.0,20.0,120.0,122.0,120.0,13.0,120.0,9.0,109.0,4.0,133.0,,13.0,8.0,107.0,111.0,120.0,120.0,0.0,75.0,12.0,112.0,9.0,19.0,120.0,120.0,120.0,120.0,120.0,81.0,101.0,99.0,0.0,4.0,45.0,0.0,0.0,74.0,120.0,0.0,84.0,116.0,17.0,3.0,,0.0,0.0,24.0,91.0,0.0,76.0,114.0,117.0,440.0,14381.424547270759,693.0319105227687,0.0481893784753256,21.203326529143265,440.0,False,60
2201400012988014,22,Querétaro,014,Querétaro,0001,Santiago de Querétaro,2988,014,Urbana,157,Típica,82,75,31,8.8,157.0,,0.0,,,,,,8.0,0.0,0.0,5.0,,4.0,23.0,3.0,30.0,82.0,49.0,37.0,101.0,19.0,75.0,157.0,82.0,157.0,0.0,0.0,0.0,5.06,0.99,47.0,6.0,4.0,,11.0,4.0,7.0,131.0,63.0,68.0,8.0,4.0,4.0,41.0,120.0,59.0,61.0,19.0,6.0,13.0,112.0,55.0,57.0,7.0,,5.0,151.0,71.0,80.0,147.0,69.0,78.0,24.0,15.0,9.0,13.0,6.0,7.0,21.0,9.0,12.0,31.0,29.0,31.0,,31.0,,28.0,0.0,32.0,0.0,3.0,,28.0,29.0,31.0,31.0,0.0,22.0,5.0,31.0,4.0,3.0,31.0,31.0,31.0,31.0,31.0,15.0,24.0,29.0,0.0,3.0,8.0,0.0,0.0,15.0,30.0,,23.0,31.0,7.0,0.0,0.0,0.0,0.0,4.0,25.0,0.0,18.0,27.0,31.0,157.0,6433.870219179518,55.983427429051176,0.008701361003857875,1.3661136776056864,157.0,False,60
2201400010750024,22,Querétaro,014,Querétaro,0001,Santiago de Querétaro,0750,024,Urbana,0,Típica,0,0,0,0.0,0.0,,0.0,0.0,0.0,0.0,0.0,0.0,0.0,0.0,0.0,0.0,0.0,0.0,0.0,0.0,0.0,0.0,0.0,0.0,0.0,0.0,0.0,0.0,0.0,0.0,0.0,0.0,0.0,0.0,0.0,0.0,0.0,0.0,0.0,0.0,0.0,0.0,0.0,0.0,0.0,0.0,0.0,0.0,0.0,0.0,0.0,0.0,0.0,0.0,0.0,0.0,0.0,0.0,0.0,0.0,0.0,0.0,0.0,0.0,0.0,0.0,0.0,0.0,0.0,0.0,0.0,0.0,0.0,0.0,0.0,0.0,0.0,0.0,0.0,0.0,0.0,0.0,0.0,0.0,0.0,0.0,0.0,0.0,0.0,0.0,0.0,0.0,0.0,0.0,0.0,0.0,0.0,0.0,0.0,0.0,0.0,0.0,0.0,0.0,0.0,0.0,0.0,0.0,0.0,0.0,0.0,0.0,0.0,0.0,0.0,0.0,0.0,0.0,0.0,0.0,0.0,0.0,0.0,0.0,0.0,0.0,0.0,0.0,114043.6771176677,155.08982349715976,0.0013599160200450356,0.0,0.0,False,60
2201400010981017,22,Querétaro,014,Querétaro,0001,Santiago de Querétaro,0981,017,Urbana,314,Típica,165,149,77,9.75,314.0,,5.0,,5.0,11.0,,15.0,8.0,,0.0,5.0,3.0,6.0,30.0,26.0,44.0,191.0,60.0,73.0,219.0,22.0,149.0,314.0,165.0,314.0,117.0,63.0,54.0,4.08,0.95,74.0,15.0,9.0,6.0,12.0,,10.0,253.0,120.0,133.0,20.0,5.0,15.0,84.0,241.0,118.0,123.0,36.0,23.0,13.0,221.0,113.0,108.0,18.0,8.0,10.0,299.0,140.0,159.0,287.0,134.0,153.0,28.0,17.0,11.0,28.0,12.0,16.0,26.0,7.0,19.0,77.0,82.0,77.0,,77.0,,75.0,5.0,84.0,0.0,14.0,4.0,63.0,73.0,77.0,77.0,0.0,43.0,15.0,71.0,3.0,12.0,77.0,77.0,77.0,77.0,77.0,46.0,59.0,66.0,0.0,8.0,29.0,0.0,0.0,31.0,77.0,0.0,48.0,74.0,16.0,0.0,0.0,0.0,0.0,6.0,55.0,0.0,40.0,65.0,76.0,314.0,11627.528523349087,7.504871793111223,0.0006454399813374604,0.2026681541399626,314.0,False,60
2201400011405030,22,Querétaro,014,Querétaro,0001,Santiago de Querétaro,1405,030,Urbana,162,Típica,89,73,43,9.1,162.0,,4.0,3.0,,5.0,,7.0,4.0,0.0,,8.0,4.0,7.0,24.0,17.0,28.0,75.0,49.0,43.0,101.0,18.0,73.0,162.0,89.0,162.0,,0.0,,3.77,1.05,36.0,9.0,5.0,4.0,5.0,0.0,5.0,124.0,58.0,66.0,9.0,5.0,4.0,40.0,119.0,58.0,61.0,18.0,11.0,7.0,110.0,53.0,57.0,9.0,4.0,5.0,153.0,68.0,85.0,148.0,65.0,83.0,26.0,13.0,13.0,20.0,6.0,14.0,12.0,3.0,9.0,43.0,50.0,43.0,,43.0,5.0,43.0,,50.0,11.0,19.0,3.0,24.0,29.0,43.0,43.0,0.0,16.0,3.0,39.0,0.0,,43.0,43.0,43.0,43.0,43.0,17.0,33.0,30.0,0.0,3.0,26.0,0.0,0.0,18.0,41.0,,27.0,34.0,10.0,3.0,,,0.0,4.0,22.0,0.0,25.0,39.0,38.0,162.0,16653.291350418425,499.6088848839337,0.030000609151138204,4.860098682484389,162.0,False,60
2201400011443020,22,Querétaro,014,Querétaro,0001,Santiago de Querétaro,1443,020,Urbana,0,Típica,0,0,0,0.0,0.0,,0.0,0.0,0.0,0.0,0.0,0.0,0.0,0.0,0.0,0.0,0.0,0.0,0.0,0.0,0.0,0.0,0.0,0.0,0.0,0.0,0.0,0.0,0.0,0.0,0.0,0.0,0.0,0.0,0.0,0.0,0.0,0.0,0.0,0.0,0.0,0.0,0.0,0.0,0.0,0.0,0.0,0.0,0.0,0.0,0.0,0.0,0.0,0.0,0.0,0.0,0.0,0.0,0.0,0.0,0.0,0.0,0.0,0.0,0.0,0.0,0.0,0.0,0.0,0.0,0.0,0.0,0.0,0.0,0.0,0.0,0.0,0.0,0.0,0.0,0.0,0.0,0.0,0.0,0.0,0.0,0.0,0.0,0.0,0.0,0.0,0.0,0.0,0.0,0.0,0.0,0.0,0.0,0.0,0.0,0.0,0.0,0.0,0.0,0.0,0.0,0.0,0.0,0.0,0.0,0.0,0.0,0.0,0.0,0.0,0.0,0.0,0.0,0.0,0.0,0.0,0.0,0.0,0.0,0.0,0.0,0.0,0.0,35772.015766694225,214.26516537168376,0.005989742562150405,0.0,0.0,False,60
2201400010303017,22,Querétaro,014,Querétaro,0001,Santiago de Querétaro,0303,017,Urbana,133,Típica,59,74,49,13.81,133.0,,0.0,0.0,0.0,3.0,,0.0,7.0,,0.0,5.0,,0.0,,3.0,9.0,78.0,41.0,15.0,102.0,16.0,74.0,133.0,59.0,133.0,7.0,,5.0,2.71,0.58,34.0,3.0,,,,,0.0,119.0,68.0,51.0,,,,37.0,118.0,67.0,51.0,24.0,14.0,10.0,116.0,66.0,50.0,5.0,3.0,,130.0,73.0,57.0,126.0,70.0,56.0,23.0,14.0,9.0,6.0,,4.0,5.0,,3.0,49.0,59.0,49.0,10.0,49.0,3.0,49.0,7.0,59.0,5.0,17.0,5.0,32.0,39.0,49.0,49.0,0.0,28.0,13.0,47.0,27.0,11.0,49.0,49.0,49.0,49.0,49.0,33.0,44.0,36.0,0.0,3.0,21.0,0.0,0.0,38.0,49.0,0.0,42.0,48.0,3.0,,,0.0,0.0,26.0,24.0,0.0,31.0,45.0,43.0,133.0,24330.603844215097,630.8059579641499,0.025926440708298814,3.448216614203742,133.0,False,60
2201400010958065,22,Querétaro,014,Querétaro,0001,Santiago de Querétaro,0958,065,Urbana,0,Típica,0,0,0,0.0,0.0,,0.0,0.0,0.0,0.0,0.0,0.0,0.0,0.0,0.0,0.0,0.0,0.0,0.0,0.0,0.0,0.0,0.0,0.0,0.0,0.0,0.0,0.0,0.0,0.0,0.0,0.0,0.0,0.0,0.0,0.0,0.0,0.0,0.0,0.0,0.0,0.0,0.0,0.0,0.0,0.0,0.0,0.0,0.0,0.0,0.0,0.0,0.0,0.0,0.0,0.0,0.0,0.0,0.0,0.0,0.0,0.0,0.0,0.0,0.0,0.0,0.0,0.0,0.0,0.0,0.0,0.0,0.0,0.0,0.0,0.0,0.0,0.0,0.0,0.0,0.0,0.0,0.0,0.0,0.0,0.0,0.0,0.0,0.0,0.0,0.0,0.0,0.0,0.0,0.0,0.0,0.0,0.0,0.0,0.0,0.0,0.0,0.0,0.0,0.0,0.0,0.0,0.0,0.0,0.0,0.0,0.0,0.0,0.0,0.0,0.0,0.0,0.0,0.0,0.0,0.0,0.0,0.0,0.0,0.0,0.0,0.0,0.0,1401.6472878606605,150.71624784664832,0.10752794169543686,0.0,0.0,False,60
2201400010303016,22,Querétaro,014,Querétaro,0001,Santiago de Querétaro,0303,016,Urbana,200,Típica,102,98,57,12.63,200.0,,,0.0,,7.0,,,9.0,0.0,0.0,8.0,7.0,3.0,4.0,10.0,19.0,106.0,66.0,31.0,137.0,32.0,98.0,200.0,102.0,200.0,,,0.0,3.51,0.74,65.0,4.0,,,3.0,,,172.0,81.0,91.0,7.0,,5.0,42.0,169.0,79.0,90.0,18.0,8.0,10.0,162.0,77.0,85.0,7.0,6.0,,196.0,96.0,100.0,192.0,93.0,99.0,42.0,21.0,21.0,17.0,9.0,8.0,16.0,8.0,8.0,57.0,70.0,57.0,13.0,57.0,13.0,57.0,0.0,70.0,8.0,14.0,0.0,43.0,49.0,57.0,57.0,0.0,28.0,18.0,56.0,11.0,12.0,57.0,57.0,57.0,57.0,57.0,44.0,50.0,44.0,0.0,5.0,27.0,0.0,0.0,37.0,57.0,0.0,53.0,57.0,6.0,0.0,,0.0,0.0,26.0,40.0,0.0,34.0,54.0,52.0,200.0,26504.487301324585,688.9206642740845,0.025992604816002424,5.198520963200485,200.0,False,60
2201400010962001,22,Querétaro,014,Querétaro,0001,Santiago de Querétaro,0962,001,Urbana,389,Típica,175,214,103,14.49,389.0,,5.0,3.0,3.0,5.0,3.0,,8.0,,0.0,8.0,7.0,8.0,6.0,8.0,23.0,249.0,90.0,66.0,262.0,61.0,214.0,389.0,175.0,389.0,8.0,3.0,5.0,3.78,0.53,52.0,8.0,4.0,4.0,16.0,7.0,9.0,339.0,191.0,148.0,15.0,7.0,8.0,111.0,323.0,184.0,139.0,54.0,35.0,19.0,308.0,177.0,131.0,15.0,8.0,7.0,381.0,210.0,171.0,371.0,206.0,165.0,85.0,45.0,40.0,27.0,11.0,16.0,33.0,15.0,18.0,103.0,121.0,103.0,18.0,103.0,4.0,103.0,14.0,121.0,0.0,12.0,,91.0,102.0,19.0,103.0,0.0,102.0,26.0,99.0,92.0,43.0,103.0,103.0,103.0,103.0,103.0,102.0,101.0,103.0,0.0,7.0,0.0,0.0,0.0,96.0,103.0,0.0,84.0,103.0,,0.0,0.0,0.0,0.0,90.0,94.0,0.0,100.0,94.0,103.0,389.0,263365.62193374604,1.3332123757596506,5.0622111039801625e-06,0.0019692001194482832,389.0,False,60
2201400011975025,22,Querétaro,014,Querétaro,0001,Santiago de Querétaro,1975,025,Urbana,75,Típica,37,38,27,10.98,75.0,,,0.0,0.0,,,,4.0,0.0,0.0,5.0,,,8.0,3.0,14.0,50.0,14.0,16.0,54.0,5.0,38.0,75.0,37.0,75.0,3.0,,,2.78,1.03,25.0,3.0,,,5.0,5.0,0.0,64.0,33.0,31.0,,,,19.0,59.0,28.0,31.0,7.0,,5.0,57.0,27.0,30.0,3.0,3.0,0.0,72.0,36.0,36.0,69.0,33.0,36.0,7.0,,5.0,5.0,0.0,5.0,9.0,5.0,4.0,27.0,28.0,27.0,,27.0,3.0,24.0,,31.0,,16.0,11.0,11.0,15.0,27.0,27.0,0.0,14.0,,25.0,,3.0,27.0,27.0,27.0,27.0,27.0,21.0,20.0,22.0,0.0,,13.0,0.0,0.0,12.0,27.0,0.0,19.0,24.0,6.0,0.0,0.0,0.0,0.0,9.0,19.0,0.0,15.0,26.0,25.0,75.0,2745.314383140988,101.40324468948378,0.036936842393061595,2.7702631794796195,75.0,False,60
2201400012371014,22,Querétaro,014,Querétaro,0001,Santiago de Querétaro,2371,014,Urbana,17,Típica,6,11,5,11.33,17.0,,0.0,0.0,0.0,0.0,0.0,0.0,,0.0,,,0.0,,,0.0,,13.0,3.0,,13.0,,11.0,17.0,6.0,17.0,0.0,0.0,0.0,3.4,0.77,3.0,0.0,0.0,0.0,,0.0,,16.0,10.0,6.0,0.0,0.0,0.0,6.0,15.0,10.0,5.0,,,0.0,15.0,10.0,5.0,0.0,0.0,0.0,17.0,11.0,6.0,17.0,11.0,6.0,3.0,3.0,0.0,,,0.0,,,,5.0,5.0,5.0,,5.0,,4.0,0.0,6.0,0.0,0.0,0.0,5.0,5.0,5.0,5.0,0.0,3.0,,5.0,,,5.0,5.0,5.0,5.0,5.0,,5.0,4.0,0.0,0.0,,0.0,0.0,3.0,5.0,0.0,5.0,5.0,0.0,0.0,0.0,0.0,0.0,,5.0,0.0,4.0,5.0,5.0,17.0,2638.2776168693767,71.04421411632177,0.026928255639989847,0.4577803458798274,17.0,False,60
2201400012850013,22,Querétaro,014,Querétaro,0001,Santiago de Querétaro,2850,013,Urbana,2,Típica,0,0,2,,,,,,,,,,,,,,,,,,,,,,,,,,,2.0,,,,,,,,,,,,,,,,,,,,,,,,,,,,,,,,,,,,,,,,,,,,,,,2.0,,,,,,,,2.0,,,,,,,,,,,,,,,,,,,,,,,,,,,,,,,,,,,,,,,,,,,2.0,13303.55084015626,581.1458189095626,0.04368351170992606,0.08736702341985211,2.0,False,60
2201400012865008,22,Querétaro,014,Querétaro,0001,Santiago de Querétaro,2865,008,Urbana,0,Típica,0,0,0,0.0,0.0,,0.0,0.0,0.0,0.0,0.0,0.0,0.0,0.0,0.0,0.0,0.0,0.0,0.0,0.0,0.0,0.0,0.0,0.0,0.0,0.0,0.0,0.0,0.0,0.0,0.0,0.0,0.0,0.0,0.0,0.0,0.0,0.0,0.0,0.0,0.0,0.0,0.0,0.0,0.0,0.0,0.0,0.0,0.0,0.0,0.0,0.0,0.0,0.0,0.0,0.0,0.0,0.0,0.0,0.0,0.0,0.0,0.0,0.0,0.0,0.0,0.0,0.0,0.0,0.0,0.0,0.0,0.0,0.0,0.0,0.0,0.0,0.0,0.0,0.0,0.0,0.0,0.0,0.0,0.0,0.0,0.0,0.0,0.0,0.0,0.0,0.0,0.0,0.0,0.0,0.0,0.0,0.0,0.0,0.0,0.0,0.0,0.0,0.0,0.0,0.0,0.0,0.0,0.0,0.0,0.0,0.0,0.0,0.0,0.0,0.0,0.0,0.0,0.0,0.0,0.0,0.0,0.0,0.0,0.0,0.0,0.0,0.0,10281.111712186563,132.57975066536582,0.012895468347864987,0.0,0.0,False,60
2201400012244017,22,Querétaro,014,Querétaro,0001,Santiago de Querétaro,2244,017,Urbana,18,Típica,7,11,5,15.88,18.0,,0.0,0.0,0.0,,0.0,0.0,,0.0,,,0.0,0.0,,,,6.0,11.0,,16.0,,11.0,18.0,7.0,18.0,0.0,0.0,0.0,3.6,0.67,0.0,0.0,0.0,0.0,0.0,0.0,0.0,17.0,11.0,6.0,,0.0,,5.0,17.0,11.0,6.0,5.0,4.0,,16.0,11.0,5.0,,0.0,,18.0,11.0,7.0,17.0,11.0,6.0,,,0.0,0.0,0.0,0.0,0.0,0.0,0.0,5.0,5.0,5.0,0.0,5.0,0.0,5.0,0.0,5.0,0.0,0.0,0.0,5.0,5.0,5.0,5.0,0.0,4.0,0.0,5.0,,,5.0,5.0,5.0,5.0,5.0,4.0,5.0,4.0,0.0,0.0,,0.0,0.0,5.0,5.0,0.0,5.0,5.0,0.0,0.0,0.0,0.0,0.0,,4.0,0.0,4.0,5.0,5.0,18.0,4004.587773977534,61.966971644631066,0.015473995113130638,0.27853191203635147,18.0,False,60
2201400012297001,22,Querétaro,014,Querétaro,0001,Santiago de Querétaro,2297,001,Urbana,39,Típica,25,14,14,14.56,39.0,,0.0,,0.0,,0.0,,3.0,0.0,0.0,3.0,0.0,,,3.0,8.0,25.0,11.0,3.0,28.0,8.0,14.0,39.0,25.0,39.0,0.0,0.0,0.0,2.79,0.61,6.0,0.0,0.0,0.0,0.0,0.0,0.0,36.0,13.0,23.0,,,0.0,5.0,36.0,13.0,23.0,8.0,,7.0,35.0,12.0,23.0,,,0.0,39.0,14.0,25.0,38.0,13.0,25.0,10.0,5.0,5.0,,0.0,,,0.0,,14.0,29.0,14.0,17.0,14.0,4.0,12.0,13.0,31.0,0.0,,0.0,13.0,14.0,14.0,14.0,0.0,7.0,3.0,14.0,,6.0,14.0,14.0,14.0,14.0,14.0,11.0,12.0,8.0,0.0,0.0,7.0,0.0,0.0,9.0,14.0,0.0,11.0,13.0,,0.0,,0.0,0.0,7.0,6.0,0.0,9.0,14.0,13.0,39.0,6990.13555333514,30.23917761585612,0.004325978714594223,0.16871316986917467,39.0,False,60
2201400012314011,22,Querétaro,014,Querétaro,0001,Santiago de Querétaro,2314,011,Urbana,49,Típica,27,22,17,13.84,48.0,,0.0,0.0,0.0,0.0,0.0,0.0,0.0,0.0,,,0.0,0.0,8.0,0.0,9.0,35.0,9.0,5.0,40.0,4.0,22.0,48.0,27.0,49.0,0.0,0.0,0.0,3.0,0.74,9.0,,,0.0,,0.0,,45.0,20.0,25.0,0.0,0.0,0.0,13.0,44.0,20.0,24.0,10.0,6.0,4.0,44.0,20.0,24.0,0.0,0.0,0.0,48.0,21.0,27.0,48.0,21.0,27.0,7.0,,5.0,3.0,,,,,,17.0,18.0,16.0,5.0,16.0,5.0,13.0,0.0,22.0,,7.0,,9.0,12.0,16.0,16.0,0.0,,4.0,16.0,4.0,3.0,16.0,16.0,16.0,16.0,16.0,11.0,14.0,11.0,0.0,3.0,11.0,0.0,0.0,13.0,16.0,0.0,12.0,15.0,,0.0,,0.0,0.0,6.0,5.0,0.0,10.0,15.0,11.0,49.0,13180.300208587545,429.64331307665185,0.03259738445082763,1.597271838090554,49.0,False,60
2201400010106024,22,Querétaro,014,Querétaro,0001,Santiago de Querétaro,0106,024,Urbana,77,Típica,43,34,25,12.28,77.0,,,0.0,0.0,,0.0,0.0,7.0,0.0,0.0,8.0,,4.0,8.0,,19.0,42.0,28.0,9.0,48.0,20.0,34.0,77.0,43.0,77.0,,,0.0,3.08,0.69,6.0,3.0,,,,0.0,,70.0,33.0,37.0,4.0,,3.0,19.0,68.0,33.0,35.0,7.0,3.0,4.0,64.0,32.0,32.0,3.0,0.0,3.0,74.0,33.0,41.0,71.0,33.0,38.0,27.0,14.0,13.0,,0.0,,,0.0,,25.0,27.0,25.0,,25.0,,25.0,,27.0,0.0,3.0,,22.0,24.0,25.0,25.0,0.0,21.0,,22.0,6.0,,25.0,25.0,25.0,25.0,25.0,17.0,22.0,25.0,0.0,0.0,4.0,0.0,0.0,13.0,25.0,0.0,22.0,25.0,,0.0,0.0,0.0,0.0,8.0,17.0,0.0,16.0,25.0,24.0,77.0,5655.345020701745,8.570740327787492,0.0015155114845184087,0.11669438430791747,77.0,False,60
2201400010750018,22,Querétaro,014,Querétaro,0001,Santiago de Querétaro,0750,018,Urbana,0,Típica,0,0,0,0.0,0.0,,0.0,0.0,0.0,0.0,0.0,0.0,0.0,0.0,0.0,0.0,0.0,0.0,0.0,0.0,0.0,0.0,0.0,0.0,0.0,0.0,0.0,0.0,0.0,0.0,0.0,0.0,0.0,0.0,0.0,0.0,0.0,0.0,0.0,0.0,0.0,0.0,0.0,0.0,0.0,0.0,0.0,0.0,0.0,0.0,0.0,0.0,0.0,0.0,0.0,0.0,0.0,0.0,0.0,0.0,0.0,0.0,0.0,0.0,0.0,0.0,0.0,0.0,0.0,0.0,0.0,0.0,0.0,0.0,0.0,0.0,0.0,0.0,0.0,0.0,0.0,0.0,0.0,0.0,0.0,0.0,0.0,0.0,0.0,0.0,0.0,0.0,0.0,0.0,0.0,0.0,0.0,0.0,0.0,0.0,0.0,0.0,0.0,0.0,0.0,0.0,0.0,0.0,0.0,0.0,0.0,0.0,0.0,0.0,0.0,0.0,0.0,0.0,0.0,0.0,0.0,0.0,0.0,0.0,0.0,0.0,0.0,0.0,58406.091009164134,651.226773392194,0.011149980458202794,0.0,0.0,False,60
2201400010816026,22,Querétaro,014,Querétaro,0001,Santiago de Querétaro,0816,026,Urbana,2,Típica,0,0,1,,,,,,,,,,,,,,,,,,,,,,,,,,,2.0,,,,,,,,,,,,,,,,,,,,,,,,,,,,,,,,,,,,,,,,,,,,,,,1.0,,,,,,,,1.0,,,,,,,,,,,,,,,,,,,,,,,,,,,,,,,,,,,,,,,,,,,2.0,14167.70997051306,218.92288015880226,0.01545224179591773,0.03090448359183546,2.0,False,60
2201400011231034,22,Querétaro,014,Querétaro,0001,Santiago de Querétaro,1231,034,Urbana,5,Edificio-Manzana,0,0,2,,,,,,,,,,,,,,,,,,,,,,,,,,,5.0,,,,,,,,,,,,,,,,,,,,,,,,,,,,,,,,,,,,,,,,,,,,,,,2.0,,,,,,,,4.0,,,,,,,,,,,,,,,,,,,,,,,,,,,,,,,,,,,,,,,,,,,5.0,184.02430963686817,27.80161897777858,0.15107579554374642,0.7553789777187321,5.0,False,60
2201400013651013,22,Querétaro,014,Querétaro,0001,Santiago de Querétaro,3651,013,Urbana,84,Típica,43,41,25,13.45,84.0,,0.0,0.0,0.0,0.0,0.0,0.0,,,,,,,,0.0,3.0,41.0,29.0,17.0,63.0,4.0,41.0,84.0,43.0,84.0,0.0,0.0,0.0,3.36,0.79,5.0,4.0,,3.0,3.0,,,70.0,34.0,36.0,,0.0,,21.0,67.0,33.0,34.0,12.0,5.0,7.0,65.0,33.0,32.0,3.0,,,80.0,40.0,40.0,78.0,39.0,39.0,5.0,3.0,,7.0,4.0,3.0,9.0,4.0,5.0,25.0,27.0,25.0,,25.0,,24.0,,28.0,0.0,5.0,0.0,20.0,25.0,25.0,25.0,0.0,24.0,3.0,25.0,10.0,11.0,25.0,25.0,25.0,25.0,25.0,20.0,23.0,23.0,0.0,,,0.0,0.0,20.0,25.0,0.0,22.0,25.0,,0.0,0.0,0.0,0.0,13.0,20.0,0.0,20.0,24.0,25.0,84.0,3429.2464695481194,52.23026213838056,0.015230827705791318,1.2793895272864708,84.0,False,60
2201400012028028,22,Querétaro,014,Querétaro,0001,Santiago de Querétaro,2028,028,Urbana,46,Típica,17,29,10,10.44,46.0,,0.0,0.0,0.0,0.0,0.0,,4.0,,0.0,,,,10.0,,12.0,25.0,12.0,10.0,33.0,3.0,29.0,46.0,17.0,46.0,0.0,0.0,0.0,4.6,1.18,6.0,3.0,3.0,0.0,,0.0,,37.0,20.0,17.0,3.0,3.0,0.0,16.0,36.0,20.0,16.0,6.0,3.0,3.0,33.0,17.0,16.0,,,0.0,43.0,26.0,17.0,43.0,26.0,17.0,4.0,3.0,,4.0,4.0,0.0,4.0,3.0,,10.0,12.0,10.0,,10.0,,10.0,0.0,12.0,0.0,,0.0,9.0,10.0,9.0,10.0,0.0,4.0,0.0,8.0,,,10.0,10.0,10.0,10.0,10.0,6.0,5.0,9.0,0.0,,6.0,0.0,0.0,6.0,10.0,0.0,7.0,10.0,3.0,,,,0.0,,4.0,0.0,4.0,9.0,9.0,46.0,4514.021195292037,55.315138583851265,0.012254071523089652,0.5636872900621239,46.0,False,60
2201400012047022,22,Querétaro,014,Querétaro,0001,Santiago de Querétaro,2047,022,Urbana,44,Típica,20,24,11,11.0,44.0,,,0.0,0.0,,0.0,0.0,,0.0,0.0,,0.0,3.0,3.0,3.0,8.0,27.0,3.0,14.0,29.0,,24.0,44.0,20.0,44.0,0.0,0.0,0.0,4.0,1.42,10.0,,0.0,,0.0,0.0,0.0,30.0,18.0,12.0,0.0,0.0,0.0,12.0,30.0,18.0,12.0,6.0,3.0,3.0,30.0,18.0,12.0,,,,42.0,24.0,18.0,41.0,24.0,17.0,,,0.0,10.0,5.0,5.0,7.0,3.0,4.0,11.0,12.0,11.0,,11.0,0.0,11.0,,12.0,0.0,,,10.0,9.0,11.0,11.0,0.0,5.0,0.0,11.0,0.0,,11.0,11.0,11.0,11.0,11.0,7.0,10.0,9.0,0.0,,6.0,0.0,0.0,5.0,11.0,0.0,5.0,10.0,,0.0,0.0,0.0,0.0,4.0,9.0,0.0,7.0,10.0,10.0,44.0,851.0886579479829,450.9786757036927,0.5298844855846448,23.314917365724373,44.0,True,60
2201400010515005,22,Querétaro,014,Querétaro,0001,Santiago de Querétaro,0515,005,Urbana,39,Típica,19,20,12,12.68,39.0,,0.0,,,3.0,,4.0,6.0,3.0,,0.0,3.0,0.0,7.0,5.0,12.0,22.0,15.0,,26.0,11.0,20.0,39.0,19.0,39.0,0.0,0.0,0.0,3.25,0.65,3.0,0.0,0.0,0.0,0.0,0.0,0.0,37.0,19.0,18.0,3.0,,,9.0,37.0,19.0,18.0,3.0,,,34.0,18.0,16.0,0.0,0.0,0.0,39.0,20.0,19.0,39.0,20.0,19.0,15.0,6.0,9.0,,,,,,0.0,12.0,13.0,12.0,,12.0,,12.0,0.0,13.0,0.0,,,10.0,11.0,12.0,12.0,0.0,4.0,,11.0,3.0,3.0,12.0,12.0,12.0,12.0,12.0,7.0,10.0,9.0,0.0,,7.0,0.0,0.0,8.0,12.0,0.0,8.0,12.0,,0.0,0.0,0.0,0.0,4.0,11.0,0.0,10.0,11.0,12.0,39.0,3313.6299179465673,439.1188861690902,0.13251898885594593,5.1682405653818915,39.0,False,60
2201400010515013,22,Querétaro,014,Querétaro,0001,Santiago de Querétaro,0515,013,Urbana,43,Típica,18,25,16,13.65,43.0,,,0.0,,3.0,0.0,3.0,3.0,0.0,0.0,,0.0,3.0,14.0,5.0,14.0,20.0,17.0,4.0,24.0,13.0,25.0,43.0,18.0,43.0,0.0,0.0,0.0,2.69,0.49,7.0,,0.0,,0.0,0.0,0.0,37.0,21.0,16.0,,0.0,,10.0,37.0,21.0,16.0,,0.0,,36.0,21.0,15.0,,,0.0,40.0,24.0,16.0,39.0,23.0,16.0,15.0,8.0,7.0,,,0.0,,,0.0,16.0,19.0,16.0,3.0,16.0,3.0,16.0,0.0,19.0,0.0,4.0,0.0,11.0,15.0,15.0,15.0,0.0,10.0,0.0,14.0,9.0,,15.0,15.0,15.0,15.0,15.0,11.0,11.0,12.0,0.0,0.0,5.0,0.0,0.0,11.0,15.0,0.0,14.0,15.0,3.0,0.0,0.0,0.0,0.0,,13.0,0.0,12.0,14.0,13.0,43.0,4874.446610856199,502.4412763659389,0.10307657801542416,4.432292854663239,43.0,False,60
2201400010515014,22,Querétaro,014,Querétaro,0001,Santiago de Querétaro,0515,014,Urbana,37,Típica,19,18,14,14.16,37.0,,0.0,0.0,0.0,,0.0,,,0.0,0.0,,0.0,0.0,3.0,,5.0,18.0,15.0,5.0,24.0,8.0,18.0,37.0,19.0,37.0,0.0,0.0,0.0,2.64,0.62,8.0,,0.0,,,,0.0,33.0,17.0,16.0,,0.0,,9.0,32.0,16.0,16.0,5.0,4.0,,31.0,16.0,15.0,,,0.0,36.0,18.0,18.0,35.0,17.0,18.0,9.0,6.0,3.0,,0.0,,3.0,,,14.0,14.0,14.0,3.0,14.0,3.0,11.0,0.0,17.0,,3.0,0.0,11.0,13.0,14.0,14.0,0.0,12.0,4.0,12.0,3.0,5.0,14.0,14.0,14.0,14.0,14.0,12.0,12.0,13.0,0.0,,,0.0,0.0,12.0,14.0,0.0,12.0,14.0,,0.0,0.0,0.0,0.0,9.0,9.0,0.0,11.0,14.0,12.0,37.0,4402.893062436456,81.96987406495766,0.01861727570998454,0.688839201269428,37.0,False,60
2201400010572024,22,Querétaro,014,Querétaro,0001,Santiago de Querétaro,0572,024,Urbana,72,Típica,38,34,18,9.85,72.0,,,0.0,0.0,,0.0,,4.0,0.0,,3.0,0.0,3.0,3.0,,5.0,41.0,25.0,7.0,56.0,9.0,34.0,72.0,38.0,72.0,,0.0,,4.0,0.9,16.0,,0.0,,,0.0,,66.0,33.0,33.0,5.0,3.0,,26.0,65.0,33.0,32.0,15.0,6.0,9.0,60.0,30.0,30.0,,0.0,,70.0,34.0,36.0,70.0,34.0,36.0,9.0,5.0,4.0,3.0,,,4.0,,3.0,18.0,25.0,18.0,,18.0,5.0,18.0,,25.0,0.0,4.0,,14.0,16.0,18.0,18.0,0.0,9.0,,16.0,,4.0,18.0,18.0,18.0,18.0,18.0,13.0,15.0,13.0,0.0,0.0,9.0,0.0,0.0,10.0,18.0,0.0,11.0,17.0,3.0,,0.0,0.0,0.0,7.0,17.0,0.0,15.0,13.0,18.0,72.0,5201.631056507413,508.0536694419885,0.09767199248135766,7.032383458657751,72.0,False,60
2201400010981022,22,Querétaro,014,Querétaro,0001,Santiago de Querétaro,0981,022,Urbana,9,Típica,0,7,3,7.88,9.0,,0.0,0.0,0.0,0.0,0.0,0.0,0.0,0.0,0.0,0.0,0.0,0.0,0.0,0.0,0.0,6.0,,,8.0,0.0,7.0,9.0,,9.0,0.0,0.0,0.0,3.0,0.9,,0.0,0.0,0.0,0.0,0.0,0.0,8.0,6.0,,,,0.0,3.0,8.0,6.0,,0.0,0.0,0.0,7.0,5.0,,0.0,0.0,0.0,9.0,7.0,,9.0,7.0,,3.0,,,,,0.0,,,0.0,3.0,3.0,3.0,0.0,3.0,0.0,3.0,0.0,3.0,0.0,,,,,3.0,3.0,0.0,,,3.0,0.0,0.0,3.0,3.0,3.0,3.0,3.0,,3.0,,0.0,0.0,,0.0,0.0,,3.0,0.0,3.0,3.0,0.0,0.0,0.0,0.0,0.0,0.0,3.0,0.0,3.0,3.0,3.0,9.0,132094.3523264114,2697.7042568415272,0.020422555615211863,0.18380300053690676,9.0,False,60
2201400010981023,22,Querétaro,014,Querétaro,0001,Santiago de Querétaro,0981,023,Urbana,143,Típica,74,69,36,9.28,143.0,,,,,3.0,,,,0.0,,,0.0,,,5.0,5.0,85.0,36.0,28.0,101.0,14.0,69.0,143.0,74.0,143.0,,0.0,,3.97,1.02,31.0,5.0,,4.0,6.0,4.0,,121.0,60.0,61.0,6.0,,5.0,39.0,115.0,56.0,59.0,14.0,7.0,7.0,109.0,55.0,54.0,4.0,,3.0,138.0,68.0,70.0,135.0,67.0,68.0,22.0,11.0,11.0,13.0,7.0,6.0,17.0,11.0,6.0,36.0,37.0,36.0,,36.0,0.0,35.0,,38.0,,8.0,7.0,28.0,28.0,35.0,36.0,0.0,21.0,4.0,33.0,,4.0,36.0,36.0,36.0,36.0,36.0,20.0,28.0,29.0,0.0,4.0,13.0,0.0,0.0,16.0,36.0,0.0,27.0,35.0,8.0,,0.0,0.0,0.0,5.0,24.0,0.0,23.0,25.0,35.0,143.0,7019.928769594368,462.42195878481215,0.06587274229728862,9.419802148512273,143.0,False,60
2201400010996020,22,Querétaro,014,Querétaro,0001,Santiago de Querétaro,0996,020,Urbana,232,Típica,114,118,45,9.34,232.0,,0.0,0.0,,3.0,,6.0,5.0,0.0,0.0,3.0,4.0,4.0,10.0,8.0,16.0,111.0,66.0,64.0,145.0,23.0,118.0,232.0,114.0,232.0,0.0,0.0,0.0,5.16,1.08,54.0,12.0,3.0,9.0,9.0,4.0,5.0,177.0,96.0,81.0,9.0,6.0,3.0,71.0,168.0,92.0,76.0,33.0,19.0,14.0,159.0,86.0,73.0,11.0,6.0,5.0,220.0,115.0,105.0,210.0,110.0,100.0,30.0,17.0,13.0,32.0,13.0,19.0,27.0,11.0,16.0,45.0,48.0,45.0,4.0,45.0,4.0,44.0,0.0,49.0,0.0,11.0,6.0,34.0,39.0,45.0,45.0,0.0,17.0,4.0,43.0,6.0,4.0,45.0,45.0,45.0,45.0,45.0,24.0,39.0,38.0,0.0,3.0,26.0,0.0,0.0,24.0,45.0,0.0,37.0,42.0,5.0,,0.0,0.0,0.0,7.0,37.0,0.0,29.0,38.0,45.0,232.0,5440.063368899895,34.965622137694936,0.0064274291982679204,1.4911635739981575,232.0,False,60
2201400010322017,22,Querétaro,014,Querétaro,0001,Santiago de Querétaro,0322,017,Urbana,2,Típica,2,0,0,0.0,0.0,,0.0,0.0,0.0,0.0,0.0,0.0,0.0,0.0,0.0,0.0,0.0,0.0,0.0,0.0,0.0,0.0,0.0,0.0,2.0,0.0,0.0,0.0,2.0,2.0,0.0,0.0,0.0,0.0,0.0,0.0,0.0,0.0,0.0,0.0,0.0,0.0,2.0,0.0,2.0,0.0,0.0,0.0,0.0,2.0,0.0,2.0,0.0,0.0,0.0,2.0,0.0,2.0,0.0,0.0,0.0,2.0,0.0,2.0,2.0,0.0,2.0,0.0,0.0,0.0,0.0,0.0,0.0,0.0,0.0,0.0,0.0,0.0,0.0,0.0,0.0,0.0,0.0,0.0,0.0,0.0,0.0,0.0,0.0,0.0,0.0,0.0,0.0,0.0,0.0,0.0,0.0,0.0,0.0,0.0,0.0,0.0,0.0,0.0,0.0,0.0,0.0,0.0,0.0,0.0,0.0,0.0,0.0,0.0,0.0,0.0,0.0,0.0,0.0,0.0,0.0,0.0,0.0,0.0,0.0,0.0,0.0,2.0,8937.67668138319,129.4185703700959,0.014480113231178905,0.02896022646235781,2.0,False,60
2201400011053017,22,Querétaro,014,Querétaro,0001,Santiago de Querétaro,1053,017,Urbana,95,Típica,44,51,30,9.47,95.0,,,0.0,0.0,,0.0,,4.0,,,4.0,,7.0,7.0,3.0,12.0,45.0,34.0,17.0,64.0,14.0,51.0,95.0,44.0,95.0,0.0,0.0,0.0,3.17,0.74,16.0,3.0,,,,0.0,,79.0,41.0,38.0,3.0,3.0,0.0,24.0,78.0,41.0,37.0,11.0,6.0,5.0,75.0,38.0,37.0,7.0,4.0,3.0,92.0,49.0,43.0,88.0,46.0,42.0,22.0,13.0,9.0,6.0,4.0,,4.0,3.0,,30.0,32.0,30.0,,30.0,,30.0,0.0,32.0,0.0,7.0,0.0,23.0,30.0,30.0,30.0,0.0,17.0,4.0,25.0,0.0,4.0,30.0,30.0,30.0,30.0,30.0,20.0,26.0,28.0,0.0,,12.0,0.0,0.0,12.0,30.0,0.0,23.0,29.0,4.0,3.0,,,,6.0,25.0,0.0,19.0,30.0,29.0,95.0,3401.104284589839,120.14080995630819,0.035324059453471515,3.355785648079794,95.0,False,60
2201400011053019,22,Querétaro,014,Querétaro,0001,Santiago de Querétaro,1053,019,Urbana,157,Típica,72,85,51,10.26,157.0,,4.0,,3.0,11.0,3.0,16.0,8.0,0.0,0.0,8.0,0.0,11.0,36.0,26.0,45.0,92.0,43.0,29.0,118.0,10.0,85.0,157.0,72.0,157.0,,,,3.08,0.77,38.0,,,,7.0,5.0,,135.0,74.0,61.0,4.0,,,35.0,128.0,69.0,59.0,16.0,7.0,9.0,124.0,67.0,57.0,8.0,5.0,3.0,155.0,84.0,71.0,150.0,81.0,69.0,27.0,19.0,8.0,12.0,5.0,7.0,16.0,9.0,7.0,51.0,52.0,51.0,,50.0,0.0,51.0,,52.0,0.0,4.0,,46.0,48.0,50.0,50.0,0.0,26.0,5.0,40.0,,8.0,50.0,50.0,50.0,50.0,50.0,29.0,42.0,46.0,0.0,,23.0,0.0,0.0,27.0,50.0,0.0,36.0,49.0,8.0,3.0,0.0,0.0,0.0,11.0,42.0,0.0,37.0,50.0,49.0,157.0,8914.678588400933,78.74084370167654,0.008832718187297053,1.3867367554056373,157.0,False,60
2201400011053020,22,Querétaro,014,Querétaro,0001,Santiago de Querétaro,1053,020,Urbana,127,Típica,69,58,34,10.34,127.0,,0.0,0.0,0.0,,0.0,0.0,,,0.0,,,,4.0,,7.0,66.0,33.0,31.0,90.0,6.0,58.0,127.0,69.0,127.0,3.0,,,3.74,0.75,20.0,7.0,5.0,,3.0,,,99.0,49.0,50.0,7.0,3.0,4.0,30.0,96.0,47.0,49.0,11.0,6.0,5.0,89.0,44.0,45.0,8.0,,7.0,120.0,53.0,67.0,115.0,53.0,62.0,12.0,6.0,6.0,13.0,3.0,10.0,13.0,3.0,10.0,34.0,34.0,34.0,0.0,34.0,0.0,34.0,0.0,34.0,0.0,,0.0,33.0,34.0,34.0,34.0,0.0,15.0,,34.0,,3.0,34.0,34.0,34.0,34.0,34.0,20.0,28.0,27.0,0.0,0.0,19.0,0.0,0.0,15.0,34.0,0.0,32.0,33.0,6.0,0.0,0.0,0.0,0.0,7.0,28.0,0.0,24.0,34.0,34.0,127.0,3394.617146909755,98.27667208276908,0.028950738133233657,3.6767437429206744,127.0,False,60
2201400012193027,22,Querétaro,014,Querétaro,0001,Santiago de Querétaro,2193,027,Urbana,170,Típica,84,86,45,10.87,170.0,,0.0,0.0,0.0,,0.0,,3.0,0.0,0.0,,0.0,0.0,,3.0,4.0,90.0,49.0,38.0,121.0,11.0,86.0,170.0,84.0,170.0,0.0,0.0,0.0,3.78,0.74,36.0,5.0,4.0,,7.0,,5.0,139.0,74.0,65.0,8.0,4.0,4.0,45.0,132.0,72.0,60.0,13.0,7.0,6.0,124.0,68.0,56.0,5.0,,4.0,165.0,82.0,83.0,162.0,81.0,81.0,21.0,14.0,7.0,21.0,7.0,14.0,21.0,7.0,14.0,45.0,45.0,45.0,0.0,45.0,0.0,45.0,0.0,45.0,0.0,5.0,0.0,40.0,45.0,45.0,45.0,0.0,24.0,5.0,41.0,,9.0,45.0,45.0,45.0,45.0,45.0,36.0,41.0,37.0,0.0,0.0,21.0,0.0,0.0,20.0,45.0,0.0,25.0,44.0,4.0,,,0.0,0.0,5.0,40.0,0.0,35.0,45.0,43.0,170.0,5027.427661479792,132.319405822226,0.026319504671555756,4.474315794164479,170.0,False,60
2201400010587025,22,Querétaro,014,Querétaro,0001,Santiago de Querétaro,0587,025,Urbana,0,Típica,0,0,0,0.0,0.0,,0.0,0.0,0.0,0.0,0.0,0.0,0.0,0.0,0.0,0.0,0.0,0.0,0.0,0.0,0.0,0.0,0.0,0.0,0.0,0.0,0.0,0.0,0.0,0.0,0.0,0.0,0.0,0.0,0.0,0.0,0.0,0.0,0.0,0.0,0.0,0.0,0.0,0.0,0.0,0.0,0.0,0.0,0.0,0.0,0.0,0.0,0.0,0.0,0.0,0.0,0.0,0.0,0.0,0.0,0.0,0.0,0.0,0.0,0.0,0.0,0.0,0.0,0.0,0.0,0.0,0.0,0.0,0.0,0.0,0.0,0.0,0.0,0.0,0.0,0.0,0.0,0.0,0.0,0.0,0.0,0.0,0.0,0.0,0.0,0.0,0.0,0.0,0.0,0.0,0.0,0.0,0.0,0.0,0.0,0.0,0.0,0.0,0.0,0.0,0.0,0.0,0.0,0.0,0.0,0.0,0.0,0.0,0.0,0.0,0.0,0.0,0.0,0.0,0.0,0.0,0.0,0.0,0.0,0.0,0.0,0.0,0.0,11489.048268294975,594.798085263376,0.05177087530433421,0.0,0.0,False,60
2201400011157033,22,Querétaro,014,Querétaro,0001,Santiago de Querétaro,1157,033,Urbana,86,Típica,39,47,29,12.07,86.0,,,,,3.0,,,,0.0,,3.0,,,3.0,3.0,9.0,52.0,24.0,12.0,70.0,4.0,47.0,86.0,39.0,86.0,0.0,0.0,0.0,2.97,0.65,7.0,,0.0,,3.0,,,77.0,44.0,33.0,,,0.0,22.0,74.0,42.0,32.0,13.0,6.0,7.0,72.0,40.0,32.0,,0.0,,84.0,47.0,37.0,83.0,47.0,36.0,15.0,11.0,4.0,5.0,3.0,,7.0,4.0,3.0,29.0,32.0,29.0,,26.0,,29.0,,32.0,,4.0,,22.0,24.0,26.0,26.0,0.0,19.0,,26.0,12.0,8.0,26.0,26.0,26.0,26.0,26.0,23.0,23.0,25.0,0.0,,7.0,0.0,0.0,18.0,26.0,0.0,16.0,26.0,3.0,0.0,0.0,0.0,0.0,13.0,20.0,0.0,15.0,25.0,26.0,86.0,4199.665043548992,101.20387120632329,0.024098081670056094,2.072435023624824,86.0,False,60
2201400010229048,22,Querétaro,014,Querétaro,0001,Santiago de Querétaro,0229,048,Urbana,11,Típica,6,5,3,15.11,11.0,,0.0,0.0,0.0,0.0,0.0,0.0,,0.0,0.0,,0.0,0.0,0.0,0.0,,5.0,4.0,,5.0,4.0,5.0,11.0,6.0,11.0,0.0,0.0,0.0,3.67,0.61,,,0.0,,0.0,0.0,0.0,9.0,5.0,4.0,0.0,0.0,0.0,,9.0,5.0,4.0,0.0,0.0,0.0,9.0,5.0,4.0,,0.0,,10.0,5.0,5.0,9.0,5.0,4.0,6.0,3.0,3.0,0.0,0.0,0.0,0.0,0.0,0.0,3.0,4.0,3.0,,3.0,0.0,3.0,,4.0,0.0,,0.0,,3.0,3.0,3.0,0.0,3.0,0.0,3.0,3.0,0.0,3.0,3.0,3.0,3.0,3.0,3.0,3.0,3.0,0.0,0.0,0.0,0.0,0.0,,3.0,0.0,,3.0,0.0,0.0,0.0,0.0,0.0,3.0,3.0,0.0,3.0,3.0,3.0,11.0,5574.496827389589,683.5587126787897,0.12262249559820536,1.3488474515802589,11.0,False,60
2201400010248073,22,Querétaro,014,Querétaro,0001,Santiago de Querétaro,0248,073,Urbana,0,Típica,0,0,0,0.0,0.0,,0.0,0.0,0.0,0.0,0.0,0.0,0.0,0.0,0.0,0.0,0.0,0.0,0.0,0.0,0.0,0.0,0.0,0.0,0.0,0.0,0.0,0.0,0.0,0.0,0.0,0.0,0.0,0.0,0.0,0.0,0.0,0.0,0.0,0.0,0.0,0.0,0.0,0.0,0.0,0.0,0.0,0.0,0.0,0.0,0.0,0.0,0.0,0.0,0.0,0.0,0.0,0.0,0.0,0.0,0.0,0.0,0.0,0.0,0.0,0.0,0.0,0.0,0.0,0.0,0.0,0.0,0.0,0.0,0.0,0.0,0.0,0.0,0.0,0.0,0.0,0.0,0.0,0.0,0.0,0.0,0.0,0.0,0.0,0.0,0.0,0.0,0.0,0.0,0.0,0.0,0.0,0.0,0.0,0.0,0.0,0.0,0.0,0.0,0.0,0.0,0.0,0.0,0.0,0.0,0.0,0.0,0.0,0.0,0.0,0.0,0.0,0.0,0.0,0.0,0.0,0.0,0.0,0.0,0.0,0.0,0.0,0.0,1562.5802246508847,427.04778378303575,0.27329654954416677,0.0,0.0,True,60
2201400010252010,22,Querétaro,014,Querétaro,0001,Santiago de Querétaro,0252,010,Urbana,363,Típica,175,188,91,10.29,363.0,,4.0,3.0,6.0,10.0,5.0,11.0,25.0,,,16.0,7.0,21.0,29.0,22.0,62.0,189.0,117.0,72.0,249.0,42.0,188.0,363.0,175.0,363.0,9.0,3.0,6.0,3.99,0.87,96.0,15.0,6.0,9.0,15.0,10.0,5.0,306.0,156.0,150.0,18.0,8.0,10.0,90.0,291.0,146.0,145.0,50.0,28.0,22.0,273.0,138.0,135.0,15.0,9.0,6.0,348.0,182.0,166.0,338.0,175.0,163.0,64.0,32.0,32.0,27.0,17.0,10.0,37.0,23.0,14.0,91.0,97.0,91.0,9.0,91.0,9.0,88.0,0.0,100.0,3.0,17.0,7.0,74.0,81.0,91.0,91.0,0.0,33.0,8.0,87.0,21.0,14.0,91.0,91.0,91.0,91.0,91.0,47.0,72.0,65.0,0.0,6.0,55.0,0.0,0.0,38.0,91.0,0.0,69.0,86.0,17.0,0.0,4.0,0.0,0.0,25.0,61.0,0.0,59.0,71.0,87.0,363.0,16115.657867364342,528.1045269619044,0.032769653669017365,11.895384281853303,363.0,False,60
2201400010341018,22,Querétaro,014,Querétaro,0001,Santiago de Querétaro,0341,018,Urbana,180,Típica,89,91,58,11.86,180.0,,,,,,,0.0,15.0,3.0,,11.0,,7.0,13.0,5.0,30.0,99.0,62.0,23.0,119.0,38.0,91.0,180.0,89.0,180.0,,0.0,,3.1,0.68,25.0,4.0,4.0,0.0,4.0,,3.0,161.0,79.0,82.0,3.0,0.0,3.0,29.0,157.0,78.0,79.0,12.0,4.0,8.0,154.0,78.0,76.0,4.0,3.0,,176.0,87.0,89.0,174.0,86.0,88.0,60.0,31.0,29.0,11.0,5.0,6.0,10.0,3.0,7.0,58.0,62.0,58.0,,58.0,,58.0,3.0,62.0,,16.0,6.0,42.0,51.0,58.0,58.0,0.0,37.0,9.0,55.0,,9.0,58.0,58.0,58.0,58.0,58.0,44.0,46.0,56.0,0.0,,20.0,0.0,0.0,39.0,58.0,0.0,52.0,57.0,8.0,,0.0,0.0,0.0,23.0,50.0,0.0,40.0,52.0,58.0,180.0,18453.52422852341,245.73364924395884,0.01331635335347657,2.3969436036257825,180.0,False,60
2201400010341020,22,Querétaro,014,Querétaro,0001,Santiago de Querétaro,0341,020,Urbana,65,Típica,35,30,23,13.92,63.0,,0.0,,,4.0,,,5.0,0.0,,6.0,,,3.0,7.0,10.0,30.0,30.0,4.0,42.0,19.0,30.0,63.0,35.0,65.0,4.0,,,2.74,0.48,18.0,,0.0,,0.0,0.0,0.0,61.0,29.0,32.0,5.0,,4.0,11.0,61.0,29.0,32.0,5.0,3.0,,56.0,28.0,28.0,,,,64.0,30.0,34.0,62.0,29.0,33.0,24.0,15.0,9.0,,0.0,,0.0,0.0,0.0,23.0,25.0,23.0,,23.0,,23.0,,25.0,0.0,,0.0,22.0,23.0,23.0,23.0,0.0,21.0,4.0,23.0,9.0,4.0,23.0,23.0,23.0,23.0,23.0,23.0,21.0,23.0,0.0,0.0,,0.0,0.0,21.0,23.0,0.0,21.0,23.0,,0.0,0.0,0.0,0.0,14.0,20.0,0.0,19.0,23.0,23.0,65.0,21210.692258763553,643.1217189516502,0.03032063787007865,1.9708414615551122,65.0,False,60
2201400010360007,22,Querétaro,014,Querétaro,0001,Santiago de Querétaro,0360,007,Urbana,173,Típica,68,105,54,14.13,173.0,,6.0,,,5.0,4.0,6.0,12.0,,3.0,11.0,,6.0,13.0,15.0,27.0,115.0,45.0,16.0,133.0,24.0,105.0,173.0,68.0,173.0,7.0,6.0,,3.2,0.6,5.0,3.0,,,3.0,,,160.0,95.0,65.0,5.0,,3.0,63.0,157.0,93.0,64.0,36.0,26.0,10.0,152.0,91.0,61.0,3.0,,,170.0,103.0,67.0,167.0,101.0,66.0,33.0,17.0,16.0,7.0,6.0,,9.0,8.0,,54.0,53.0,54.0,4.0,54.0,4.0,49.0,0.0,58.0,0.0,4.0,,50.0,52.0,54.0,54.0,0.0,36.0,11.0,52.0,12.0,9.0,54.0,53.0,53.0,52.0,54.0,39.0,52.0,42.0,0.0,,18.0,0.0,,46.0,54.0,0.0,44.0,52.0,,0.0,,0.0,0.0,23.0,34.0,0.0,41.0,49.0,48.0,173.0,14262.261976995933,321.70083628336084,0.022556088003588954,3.902203224620889,173.0,False,60
2201400011087007,22,Querétaro,014,Querétaro,0001,Santiago de Querétaro,1087,007,Urbana,81,Típica,43,38,19,11.79,81.0,,,,,,,,3.0,,,4.0,,,,4.0,6.0,36.0,33.0,15.0,51.0,15.0,38.0,81.0,43.0,81.0,0.0,0.0,0.0,4.26,0.89,5.0,4.0,,3.0,3.0,,,69.0,34.0,35.0,3.0,,,16.0,66.0,33.0,33.0,,,0.0,63.0,32.0,31.0,,0.0,,77.0,37.0,40.0,77.0,37.0,40.0,20.0,11.0,9.0,7.0,3.0,4.0,6.0,,4.0,19.0,18.0,19.0,0.0,19.0,0.0,18.0,0.0,19.0,0.0,,0.0,18.0,19.0,19.0,19.0,0.0,10.0,,19.0,,,19.0,19.0,19.0,19.0,19.0,14.0,16.0,16.0,0.0,0.0,9.0,0.0,0.0,7.0,19.0,0.0,11.0,19.0,3.0,0.0,0.0,0.0,0.0,5.0,13.0,0.0,15.0,19.0,19.0,81.0,2423.277925600916,223.67076385097573,0.09230091253173554,7.476373915070579,81.0,False,60
2201400011212022,22,Querétaro,014,Querétaro,0001,Santiago de Querétaro,1212,022,Urbana,26,Típica,17,9,7,13.68,26.0,,,,,,,,,0.0,0.0,,,,,,,11.0,9.0,7.0,17.0,,9.0,26.0,17.0,26.0,0.0,0.0,0.0,3.71,0.74,4.0,3.0,0.0,3.0,,0.0,,20.0,9.0,11.0,,,,6.0,19.0,9.0,10.0,,0.0,,17.0,8.0,9.0,,0.0,,23.0,9.0,14.0,22.0,9.0,13.0,3.0,,,,0.0,,,0.0,,7.0,9.0,7.0,,7.0,,7.0,,9.0,0.0,,0.0,5.0,7.0,7.0,7.0,0.0,7.0,,7.0,,0.0,7.0,7.0,7.0,7.0,7.0,6.0,7.0,7.0,0.0,0.0,0.0,0.0,0.0,7.0,7.0,0.0,6.0,7.0,0.0,0.0,0.0,0.0,0.0,7.0,4.0,0.0,5.0,7.0,7.0,26.0,2419.9601653005247,509.14367239004946,0.2103934104745154,5.4702286723374005,26.0,False,60
2201400011180004,22,Querétaro,014,Querétaro,0001,Santiago de Querétaro,1180,004,Urbana,13,Típica,7,6,7,15.77,13.0,,0.0,0.0,0.0,0.0,0.0,0.0,,0.0,0.0,,0.0,,,0.0,4.0,7.0,6.0,0.0,4.0,9.0,6.0,13.0,7.0,13.0,0.0,0.0,0.0,1.86,0.41,0.0,0.0,0.0,0.0,0.0,0.0,0.0,13.0,6.0,7.0,,0.0,,,13.0,6.0,7.0,0.0,0.0,0.0,12.0,6.0,6.0,0.0,0.0,0.0,13.0,6.0,7.0,13.0,6.0,7.0,9.0,4.0,5.0,0.0,0.0,0.0,0.0,0.0,0.0,7.0,9.0,7.0,,7.0,,7.0,,9.0,0.0,3.0,,4.0,6.0,7.0,7.0,0.0,5.0,,7.0,4.0,0.0,7.0,7.0,7.0,7.0,7.0,6.0,7.0,7.0,0.0,,,0.0,0.0,5.0,7.0,0.0,5.0,7.0,0.0,0.0,0.0,0.0,0.0,4.0,4.0,0.0,7.0,7.0,6.0,13.0,8363.94288263792,532.1970968483454,0.06362992960569988,0.8271890848740985,13.0,False,60
2201400011246002,22,Querétaro,014,Querétaro,0001,Santiago de Querétaro,1246,002,Urbana,162,Típica,73,89,42,10.05,162.0,,0.0,0.0,0.0,,,,12.0,,3.0,,0.0,,3.0,,14.0,80.0,63.0,29.0,115.0,18.0,89.0,162.0,73.0,162.0,0.0,0.0,0.0,3.86,0.93,,3.0,,,10.0,4.0,6.0,143.0,80.0,63.0,7.0,,5.0,49.0,133.0,76.0,57.0,16.0,11.0,5.0,126.0,74.0,52.0,4.0,,3.0,159.0,87.0,72.0,157.0,87.0,70.0,36.0,20.0,16.0,12.0,6.0,6.0,19.0,8.0,11.0,42.0,48.0,42.0,7.0,42.0,4.0,41.0,3.0,49.0,0.0,5.0,0.0,37.0,42.0,42.0,42.0,0.0,16.0,5.0,39.0,0.0,8.0,42.0,42.0,42.0,42.0,42.0,22.0,37.0,34.0,0.0,6.0,23.0,0.0,0.0,21.0,42.0,0.0,30.0,42.0,3.0,0.0,0.0,0.0,0.0,10.0,35.0,0.0,36.0,42.0,42.0,162.0,6814.746101386111,67.00952787480237,0.009833018997020698,1.592949077517353,162.0,False,60
2201400011797005,22,Querétaro,014,Querétaro,0001,Santiago de Querétaro,1797,005,Urbana,305,Típica,137,168,109,13.8,305.0,,,,,8.0,,,16.0,0.0,3.0,12.0,5.0,6.0,21.0,8.0,33.0,174.0,106.0,33.0,205.0,67.0,168.0,305.0,137.0,305.0,3.0,,,2.8,0.58,43.0,3.0,,,8.0,4.0,4.0,280.0,151.0,129.0,8.0,4.0,4.0,72.0,272.0,147.0,125.0,27.0,9.0,18.0,264.0,143.0,121.0,10.0,9.0,,302.0,166.0,136.0,297.0,162.0,135.0,94.0,62.0,32.0,12.0,6.0,6.0,18.0,9.0,9.0,109.0,120.0,109.0,,109.0,15.0,104.0,,125.0,0.0,28.0,,81.0,108.0,109.0,109.0,0.0,85.0,23.0,100.0,19.0,14.0,109.0,109.0,109.0,109.0,109.0,86.0,103.0,101.0,0.0,17.0,22.0,0.0,0.0,76.0,108.0,,88.0,108.0,4.0,,,0.0,0.0,45.0,90.0,0.0,88.0,109.0,107.0,305.0,178965.9149925959,506.56063548928097,0.0028304866628387766,0.8632984321658269,305.0,False,60
2201400011797006,22,Querétaro,014,Querétaro,0001,Santiago de Querétaro,1797,006,Urbana,0,Típica,0,0,0,0.0,0.0,,0.0,0.0,0.0,0.0,0.0,0.0,0.0,0.0,0.0,0.0,0.0,0.0,0.0,0.0,0.0,0.0,0.0,0.0,0.0,0.0,0.0,0.0,0.0,0.0,0.0,0.0,0.0,0.0,0.0,0.0,0.0,0.0,0.0,0.0,0.0,0.0,0.0,0.0,0.0,0.0,0.0,0.0,0.0,0.0,0.0,0.0,0.0,0.0,0.0,0.0,0.0,0.0,0.0,0.0,0.0,0.0,0.0,0.0,0.0,0.0,0.0,0.0,0.0,0.0,0.0,0.0,0.0,0.0,0.0,0.0,0.0,0.0,0.0,0.0,0.0,0.0,0.0,0.0,0.0,0.0,0.0,0.0,0.0,0.0,0.0,0.0,0.0,0.0,0.0,0.0,0.0,0.0,0.0,0.0,0.0,0.0,0.0,0.0,0.0,0.0,0.0,0.0,0.0,0.0,0.0,0.0,0.0,0.0,0.0,0.0,0.0,0.0,0.0,0.0,0.0,0.0,0.0,0.0,0.0,0.0,0.0,0.0,12526.397921348618,406.83014482923716,0.03247782382323018,0.0,0.0,False,60
2201400011886028,22,Querétaro,014,Querétaro,0001,Santiago de Querétaro,1886,028,Urbana,4,Típica,0,0,3,11.75,4.0,,0.0,0.0,0.0,0.0,0.0,0.0,,,,,0.0,,,0.0,,,,0.0,3.0,,,4.0,,4.0,0.0,0.0,0.0,1.33,0.29,0.0,0.0,0.0,0.0,0.0,0.0,0.0,4.0,,,0.0,0.0,0.0,0.0,4.0,,,0.0,0.0,0.0,4.0,,,0.0,0.0,0.0,4.0,,,4.0,,,,,,0.0,0.0,0.0,0.0,0.0,0.0,3.0,3.0,3.0,0.0,3.0,0.0,3.0,0.0,3.0,0.0,,0.0,,3.0,3.0,3.0,0.0,,0.0,3.0,,0.0,3.0,3.0,3.0,3.0,3.0,,3.0,,0.0,0.0,,0.0,0.0,3.0,3.0,0.0,3.0,,0.0,0.0,0.0,0.0,0.0,3.0,,0.0,3.0,3.0,,4.0,2616.5492675918745,393.46192733159745,0.15037436222009984,0.6014974488803994,4.0,False,60
2201400011918020,22,Querétaro,014,Querétaro,0001,Santiago de Querétaro,1918,020,Urbana,0,Típica,0,0,0,0.0,0.0,,0.0,0.0,0.0,0.0,0.0,0.0,0.0,0.0,0.0,0.0,0.0,0.0,0.0,0.0,0.0,0.0,0.0,0.0,0.0,0.0,0.0,0.0,0.0,0.0,0.0,0.0,0.0,0.0,0.0,0.0,0.0,0.0,0.0,0.0,0.0,0.0,0.0,0.0,0.0,0.0,0.0,0.0,0.0,0.0,0.0,0.0,0.0,0.0,0.0,0.0,0.0,0.0,0.0,0.0,0.0,0.0,0.0,0.0,0.0,0.0,0.0,0.0,0.0,0.0,0.0,0.0,0.0,0.0,0.0,0.0,,,,,,,,,1.0,0.0,0.0,0.0,0.0,0.0,0.0,0.0,0.0,0.0,0.0,0.0,0.0,0.0,0.0,0.0,0.0,0.0,0.0,0.0,0.0,0.0,0.0,0.0,0.0,0.0,0.0,0.0,0.0,0.0,0.0,0.0,0.0,0.0,0.0,0.0,0.0,0.0,0.0,0.0,0.0,0.0,0.0,0.0,1466.6477375024724,208.44591973826525,0.14212405229167296,0.0,0.0,False,60
2201400012136029,22,Querétaro,014,Querétaro,0001,Santiago de Querétaro,2136,029,Urbana,107,Típica,48,59,33,11.2,107.0,,,0.0,0.0,0.0,0.0,3.0,6.0,6.0,4.0,6.0,0.0,4.0,18.0,4.0,20.0,59.0,31.0,23.0,77.0,7.0,59.0,107.0,48.0,107.0,0.0,0.0,0.0,3.24,1.03,26.0,4.0,,,7.0,,5.0,91.0,49.0,42.0,4.0,,,37.0,84.0,47.0,37.0,22.0,17.0,5.0,80.0,45.0,35.0,5.0,3.0,,103.0,57.0,46.0,98.0,54.0,44.0,11.0,5.0,6.0,7.0,5.0,,11.0,5.0,6.0,33.0,31.0,33.0,,33.0,0.0,30.0,,34.0,8.0,18.0,10.0,15.0,15.0,33.0,33.0,0.0,11.0,3.0,32.0,,,33.0,33.0,33.0,33.0,33.0,16.0,24.0,18.0,0.0,,21.0,0.0,0.0,14.0,33.0,0.0,19.0,26.0,7.0,0.0,3.0,0.0,0.0,8.0,20.0,0.0,17.0,31.0,27.0,107.0,8336.869553994493,25.830970209535693,0.003098401629321302,0.3315289743373793,107.0,False,60
2201400012136035,22,Querétaro,014,Querétaro,0001,Santiago de Querétaro,2136,035,Urbana,66,Típica,31,35,16,8.16,66.0,,,,,4.0,,,7.0,,,4.0,3.0,3.0,11.0,6.0,19.0,39.0,19.0,11.0,44.0,11.0,35.0,66.0,31.0,66.0,0.0,0.0,0.0,4.13,0.94,9.0,,,,3.0,,,58.0,31.0,27.0,,0.0,,16.0,55.0,30.0,25.0,7.0,5.0,,54.0,30.0,24.0,,,,64.0,34.0,30.0,62.0,33.0,29.0,15.0,9.0,6.0,4.0,,,6.0,,4.0,16.0,17.0,16.0,,16.0,,15.0,,18.0,0.0,3.0,,13.0,14.0,16.0,16.0,0.0,8.0,,13.0,,,16.0,16.0,16.0,16.0,16.0,8.0,11.0,15.0,0.0,,7.0,0.0,0.0,7.0,16.0,0.0,10.0,15.0,4.0,,,,,3.0,10.0,0.0,11.0,14.0,15.0,66.0,8452.963466011148,196.86842761672014,0.02328987087289755,1.5371314776112384,66.0,False,60
2201400012140012,22,Querétaro,014,Querétaro,0001,Santiago de Querétaro,2140,012,Urbana,51,Típica,23,28,14,10.78,51.0,,,0.0,0.0,,0.0,,0.0,0.0,0.0,0.0,0.0,0.0,0.0,4.0,0.0,30.0,15.0,10.0,32.0,9.0,28.0,51.0,23.0,51.0,0.0,0.0,0.0,3.64,0.84,11.0,4.0,3.0,,4.0,,3.0,45.0,23.0,22.0,3.0,0.0,3.0,12.0,41.0,22.0,19.0,4.0,3.0,,38.0,22.0,16.0,0.0,0.0,0.0,47.0,25.0,22.0,47.0,25.0,22.0,10.0,7.0,3.0,,,0.0,5.0,,3.0,14.0,16.0,14.0,,14.0,,14.0,,16.0,0.0,,,13.0,12.0,14.0,14.0,0.0,10.0,,12.0,5.0,4.0,14.0,14.0,14.0,14.0,14.0,11.0,12.0,13.0,0.0,3.0,3.0,0.0,0.0,9.0,14.0,0.0,12.0,13.0,,0.0,0.0,0.0,0.0,4.0,13.0,0.0,10.0,13.0,14.0,51.0,4798.895250271749,460.43571355074306,0.09594618959950621,4.893255669574817,51.0,False,60
2201400012314010,22,Querétaro,014,Querétaro,0001,Santiago de Querétaro,2314,010,Urbana,200,Típica,88,112,63,12.25,187.0,,4.0,,,5.0,,8.0,,,0.0,7.0,,,14.0,16.0,19.0,124.0,52.0,28.0,153.0,19.0,112.0,187.0,88.0,200.0,,0.0,,3.02,0.76,52.0,8.0,3.0,5.0,5.0,3.0,,177.0,101.0,76.0,8.0,5.0,3.0,70.0,172.0,98.0,74.0,31.0,18.0,13.0,164.0,93.0,71.0,4.0,,,192.0,109.0,83.0,188.0,107.0,81.0,30.0,15.0,15.0,11.0,6.0,5.0,9.0,5.0,4.0,63.0,59.0,62.0,10.0,62.0,4.0,49.0,6.0,73.0,6.0,24.0,13.0,38.0,43.0,62.0,62.0,0.0,19.0,12.0,59.0,7.0,9.0,62.0,62.0,62.0,62.0,62.0,35.0,52.0,42.0,0.0,4.0,42.0,0.0,0.0,33.0,61.0,,40.0,58.0,10.0,0.0,6.0,0.0,0.0,19.0,32.0,0.0,42.0,52.0,51.0,200.0,8773.758767119547,312.76628356544256,0.035647923753906074,7.1295847507812145,200.0,False,60
2201400012441024,22,Querétaro,014,Querétaro,0001,Santiago de Querétaro,2441,024,Urbana,229,Típica,107,122,48,8.44,229.0,,0.0,,,3.0,3.0,6.0,15.0,,,7.0,,7.0,14.0,10.0,25.0,116.0,77.0,43.0,172.0,14.0,122.0,229.0,107.0,229.0,0.0,0.0,0.0,4.77,1.06,98.0,11.0,7.0,4.0,8.0,6.0,,194.0,102.0,92.0,11.0,3.0,8.0,64.0,186.0,96.0,90.0,46.0,26.0,20.0,175.0,93.0,82.0,9.0,6.0,3.0,218.0,115.0,103.0,210.0,110.0,100.0,26.0,11.0,15.0,15.0,7.0,8.0,18.0,10.0,8.0,48.0,50.0,48.0,,48.0,,48.0,0.0,50.0,4.0,13.0,3.0,35.0,41.0,48.0,48.0,0.0,26.0,10.0,44.0,9.0,,48.0,48.0,48.0,48.0,48.0,26.0,34.0,37.0,0.0,5.0,22.0,0.0,0.0,16.0,48.0,0.0,45.0,48.0,13.0,0.0,0.0,0.0,0.0,7.0,33.0,0.0,30.0,46.0,47.0,229.0,13272.690100637217,40.90062420539578,0.0030815625088264627,0.70567781452126,229.0,False,60
2201400012441025,22,Querétaro,014,Querétaro,0001,Santiago de Querétaro,2441,025,Urbana,248,Típica,132,116,60,9.25,248.0,,3.0,,3.0,5.0,0.0,3.0,15.0,5.0,5.0,7.0,,9.0,30.0,12.0,46.0,136.0,55.0,71.0,164.0,13.0,116.0,248.0,132.0,248.0,8.0,4.0,4.0,4.13,1.21,54.0,8.0,4.0,4.0,14.0,8.0,6.0,191.0,97.0,94.0,8.0,4.0,4.0,63.0,177.0,89.0,88.0,31.0,17.0,14.0,169.0,85.0,84.0,20.0,7.0,13.0,240.0,112.0,128.0,227.0,107.0,120.0,24.0,15.0,9.0,29.0,8.0,21.0,35.0,13.0,22.0,60.0,70.0,60.0,,59.0,8.0,60.0,,70.0,3.0,21.0,17.0,38.0,39.0,59.0,59.0,0.0,28.0,8.0,56.0,4.0,8.0,59.0,59.0,59.0,59.0,59.0,25.0,47.0,45.0,0.0,4.0,28.0,0.0,0.0,22.0,55.0,4.0,40.0,51.0,10.0,,,0.0,0.0,8.0,41.0,0.0,31.0,43.0,54.0,248.0,16763.988691318904,1.3576697964945894,8.098727704329983e-05,0.020084844706738356,248.0,False,60
2201400013647015,22,Querétaro,014,Querétaro,0001,Santiago de Querétaro,3647,015,Urbana,1141,Típica,568,573,364,11.58,1141.0,,7.0,5.0,7.0,22.0,7.0,13.0,41.0,,3.0,21.0,7.0,24.0,65.0,37.0,119.0,700.0,229.0,272.0,831.0,38.0,573.0,1141.0,568.0,1141.0,105.0,47.0,58.0,3.13,0.94,141.0,51.0,24.0,27.0,63.0,30.0,33.0,932.0,472.0,460.0,60.0,27.0,33.0,365.0,869.0,442.0,427.0,159.0,74.0,85.0,809.0,415.0,394.0,54.0,26.0,28.0,1090.0,549.0,541.0,1053.0,531.0,522.0,57.0,34.0,23.0,104.0,51.0,53.0,135.0,64.0,71.0,364.0,420.0,364.0,63.0,364.0,58.0,357.0,5.0,427.0,0.0,69.0,26.0,295.0,338.0,363.0,363.0,,166.0,44.0,357.0,17.0,89.0,364.0,363.0,364.0,364.0,364.0,225.0,285.0,286.0,0.0,30.0,183.0,0.0,0.0,224.0,364.0,0.0,286.0,354.0,51.0,4.0,5.0,,0.0,140.0,263.0,0.0,175.0,363.0,349.0,1141.0,49891.81287942628,768.6804391852523,0.015406945444995657,17.579324752740042,1141.0,False,60
2201400010341011,22,Querétaro,014,Querétaro,0001,Santiago de Querétaro,0341,011,Urbana,796,Típica,385,411,251,13.23,796.0,,11.0,5.0,9.0,21.0,7.0,16.0,29.0,,,14.0,6.0,36.0,47.0,45.0,97.0,456.0,232.0,128.0,571.0,97.0,411.0,796.0,385.0,796.0,,,0.0,3.17,0.57,115.0,24.0,13.0,11.0,21.0,11.0,10.0,689.0,353.0,336.0,27.0,10.0,17.0,197.0,668.0,342.0,326.0,76.0,36.0,40.0,641.0,332.0,309.0,31.0,18.0,13.0,772.0,398.0,374.0,748.0,385.0,363.0,146.0,85.0,61.0,52.0,27.0,25.0,54.0,29.0,25.0,251.0,273.0,251.0,22.0,251.0,16.0,251.0,6.0,273.0,7.0,39.0,7.0,212.0,237.0,251.0,251.0,0.0,196.0,44.0,244.0,67.0,61.0,250.0,250.0,251.0,251.0,251.0,193.0,233.0,227.0,0.0,27.0,53.0,0.0,0.0,193.0,251.0,0.0,235.0,245.0,14.0,,6.0,,,127.0,195.0,,194.0,236.0,232.0,796.0,75143.77408701956,288.81539826188674,0.003843504026393813,3.0594292050094753,796.0,False,60
2201400011138009,22,Querétaro,014,Querétaro,0001,Santiago de Querétaro,1138,009,Urbana,102,Típica,50,52,31,10.4,102.0,,,0.0,,5.0,0.0,,,0.0,0.0,,0.0,,4.0,6.0,6.0,69.0,25.0,11.0,88.0,3.0,52.0,102.0,50.0,102.0,12.0,7.0,5.0,3.29,0.83,20.0,,,0.0,3.0,,,94.0,48.0,46.0,,,,33.0,91.0,46.0,45.0,17.0,9.0,8.0,89.0,45.0,44.0,,0.0,,101.0,51.0,50.0,100.0,51.0,49.0,10.0,5.0,5.0,6.0,3.0,3.0,5.0,4.0,,31.0,30.0,31.0,,30.0,,29.0,0.0,32.0,5.0,13.0,6.0,17.0,19.0,30.0,30.0,0.0,17.0,8.0,29.0,,,30.0,30.0,30.0,30.0,30.0,13.0,22.0,17.0,0.0,,13.0,0.0,0.0,12.0,30.0,0.0,19.0,25.0,7.0,,3.0,0.0,0.0,4.0,19.0,0.0,14.0,25.0,25.0,102.0,201524.26829678862,1350.6225184152413,0.006702034101551253,0.6836074783582278,102.0,False,60
2201400010252021,22,Querétaro,014,Querétaro,0001,Santiago de Querétaro,0252,021,Urbana,338,Típica,171,167,105,9.39,338.0,,,,,18.0,3.0,6.0,13.0,,,5.0,3.0,8.0,17.0,25.0,28.0,190.0,83.0,80.0,221.0,37.0,167.0,338.0,171.0,338.0,7.0,4.0,3.0,3.22,0.92,85.0,22.0,12.0,10.0,15.0,4.0,11.0,273.0,134.0,139.0,13.0,7.0,6.0,78.0,258.0,130.0,128.0,36.0,16.0,20.0,245.0,123.0,122.0,10.0,4.0,6.0,316.0,155.0,161.0,314.0,154.0,160.0,51.0,28.0,23.0,33.0,17.0,16.0,33.0,14.0,19.0,105.0,137.0,105.0,34.0,105.0,20.0,103.0,14.0,139.0,28.0,49.0,18.0,56.0,59.0,105.0,105.0,0.0,30.0,12.0,91.0,22.0,10.0,105.0,105.0,105.0,105.0,105.0,36.0,70.0,52.0,0.0,6.0,73.0,0.0,0.0,34.0,105.0,0.0,74.0,78.0,34.0,7.0,3.0,,,17.0,65.0,0.0,51.0,78.0,94.0,338.0,26336.810371023796,821.7755834454492,0.03120254775990568,10.54646114284812,338.0,False,60
2201400010267016,22,Querétaro,014,Querétaro,0001,Santiago de Querétaro,0267,016,Urbana,81,Típica,34,47,38,9.32,81.0,,0.0,0.0,,7.0,,,3.0,0.0,0.0,3.0,4.0,0.0,5.0,8.0,7.0,51.0,24.0,6.0,61.0,14.0,47.0,81.0,34.0,81.0,0.0,0.0,0.0,2.13,0.72,21.0,,0.0,,,,0.0,76.0,45.0,31.0,,,,21.0,75.0,44.0,31.0,9.0,6.0,3.0,73.0,43.0,30.0,,,0.0,80.0,47.0,33.0,79.0,46.0,33.0,26.0,15.0,11.0,,0.0,,3.0,,,38.0,37.0,38.0,0.0,38.0,0.0,37.0,0.0,38.0,11.0,21.0,7.0,17.0,20.0,38.0,38.0,0.0,8.0,4.0,28.0,4.0,4.0,38.0,38.0,38.0,38.0,38.0,13.0,20.0,17.0,0.0,,30.0,0.0,0.0,14.0,38.0,0.0,14.0,24.0,17.0,7.0,13.0,7.0,6.0,3.0,21.0,0.0,19.0,19.0,25.0,81.0,6987.223198689428,407.79211089893937,0.05836254250120816,4.727365942597861,81.0,False,60
2201400010271006,22,Querétaro,014,Querétaro,0001,Santiago de Querétaro,0271,006,Urbana,234,Típica,112,122,61,11.11,234.0,,,,4.0,6.0,5.0,3.0,15.0,,,6.0,16.0,,,10.0,17.0,121.0,77.0,48.0,157.0,29.0,122.0,234.0,112.0,234.0,8.0,5.0,3.0,3.84,0.83,33.0,10.0,7.0,3.0,12.0,6.0,6.0,198.0,100.0,98.0,13.0,5.0,8.0,52.0,186.0,94.0,92.0,17.0,3.0,14.0,173.0,89.0,84.0,7.0,5.0,,224.0,115.0,109.0,219.0,112.0,107.0,44.0,25.0,19.0,19.0,10.0,9.0,27.0,13.0,14.0,61.0,83.0,61.0,25.0,61.0,21.0,58.0,4.0,86.0,,9.0,7.0,52.0,53.0,61.0,61.0,0.0,35.0,10.0,54.0,23.0,13.0,61.0,61.0,61.0,61.0,61.0,35.0,49.0,45.0,0.0,5.0,25.0,0.0,0.0,33.0,61.0,0.0,45.0,56.0,11.0,,,,,18.0,43.0,0.0,40.0,54.0,57.0,234.0,27963.75739960104,53.85617472717283,0.001925927691245855,0.4506670797515301,234.0,False,60
2201400010271007,22,Querétaro,014,Querétaro,0001,Santiago de Querétaro,0271,007,Urbana,122,Típica,50,72,44,14.61,122.0,,0.0,0.0,,4.0,,0.0,5.0,0.0,0.0,5.0,,,5.0,4.0,15.0,45.0,59.0,22.0,78.0,22.0,72.0,122.0,50.0,122.0,0.0,0.0,0.0,2.77,0.5,18.0,3.0,3.0,0.0,4.0,,,104.0,61.0,43.0,7.0,,6.0,30.0,100.0,59.0,41.0,15.0,13.0,,93.0,58.0,35.0,,0.0,,119.0,69.0,50.0,117.0,69.0,48.0,30.0,19.0,11.0,13.0,8.0,5.0,11.0,6.0,5.0,44.0,49.0,44.0,,43.0,3.0,44.0,,49.0,0.0,9.0,,34.0,41.0,43.0,43.0,0.0,40.0,3.0,42.0,34.0,11.0,43.0,43.0,43.0,43.0,43.0,40.0,41.0,42.0,0.0,,3.0,0.0,0.0,39.0,43.0,0.0,41.0,43.0,,0.0,0.0,0.0,0.0,27.0,39.0,0.0,39.0,42.0,43.0,122.0,38217.016559143114,653.2700205015157,0.01709369488564188,2.0854307760483093,122.0,False,60
2201400010483015,22,Querétaro,014,Querétaro,0001,Santiago de Querétaro,0483,015,Urbana,0,Típica,0,0,0,0.0,0.0,,0.0,0.0,0.0,0.0,0.0,0.0,0.0,0.0,0.0,0.0,0.0,0.0,0.0,0.0,0.0,0.0,0.0,0.0,0.0,0.0,0.0,0.0,0.0,0.0,0.0,0.0,0.0,0.0,0.0,0.0,0.0,0.0,0.0,0.0,0.0,0.0,0.0,0.0,0.0,0.0,0.0,0.0,0.0,0.0,0.0,0.0,0.0,0.0,0.0,0.0,0.0,0.0,0.0,0.0,0.0,0.0,0.0,0.0,0.0,0.0,0.0,0.0,0.0,0.0,0.0,0.0,0.0,0.0,0.0,0.0,0.0,0.0,0.0,0.0,0.0,0.0,0.0,0.0,0.0,0.0,0.0,0.0,0.0,0.0,0.0,0.0,0.0,0.0,0.0,0.0,0.0,0.0,0.0,0.0,0.0,0.0,0.0,0.0,0.0,0.0,0.0,0.0,0.0,0.0,0.0,0.0,0.0,0.0,0.0,0.0,0.0,0.0,0.0,0.0,0.0,0.0,0.0,0.0,0.0,0.0,0.0,0.0,7124.882160085907,583.1937550082928,0.08185310885215553,0.0,0.0,False,60
2201400010394038,22,Querétaro,014,Querétaro,0001,Santiago de Querétaro,0394,038,Urbana,116,Típica,50,66,44,13.46,116.0,,,0.0,,,,,6.0,,3.0,4.0,,4.0,6.0,,17.0,68.0,36.0,18.0,77.0,21.0,66.0,116.0,50.0,116.0,,,,2.64,0.57,22.0,5.0,,3.0,8.0,3.0,5.0,106.0,60.0,46.0,4.0,,3.0,29.0,98.0,57.0,41.0,10.0,7.0,3.0,94.0,56.0,38.0,,,0.0,111.0,64.0,47.0,109.0,62.0,47.0,25.0,19.0,6.0,3.0,,,11.0,5.0,6.0,44.0,46.0,44.0,9.0,44.0,5.0,37.0,4.0,53.0,0.0,6.0,,38.0,42.0,44.0,44.0,0.0,32.0,11.0,41.0,10.0,11.0,44.0,44.0,44.0,44.0,44.0,29.0,38.0,35.0,0.0,7.0,10.0,0.0,0.0,35.0,44.0,0.0,29.0,43.0,6.0,,3.0,0.0,0.0,29.0,31.0,0.0,35.0,44.0,40.0,116.0,34247.44834895168,1166.585519951715,0.0340634288448361,3.951357746000987,116.0,False,60
2201400010464009,22,Querétaro,014,Querétaro,0001,Santiago de Querétaro,0464,009,Urbana,149,Típica,65,84,47,14.23,149.0,,0.0,,,3.0,0.0,3.0,10.0,5.0,6.0,11.0,4.0,8.0,12.0,8.0,28.0,77.0,65.0,12.0,98.0,39.0,84.0,149.0,65.0,149.0,0.0,0.0,0.0,3.17,0.56,37.0,,,0.0,5.0,,3.0,142.0,79.0,63.0,,,0.0,44.0,137.0,77.0,60.0,16.0,13.0,3.0,135.0,75.0,60.0,,,,148.0,83.0,65.0,146.0,82.0,64.0,53.0,25.0,28.0,4.0,3.0,,9.0,5.0,4.0,47.0,39.0,47.0,,46.0,4.0,34.0,,52.0,0.0,6.0,0.0,40.0,46.0,46.0,46.0,0.0,42.0,6.0,45.0,23.0,9.0,46.0,46.0,46.0,46.0,46.0,40.0,40.0,45.0,0.0,4.0,4.0,0.0,0.0,39.0,46.0,0.0,38.0,46.0,4.0,0.0,,0.0,0.0,22.0,39.0,0.0,42.0,44.0,45.0,149.0,59977.560553897514,917.6243648561717,0.015299461271546194,2.279619729460383,149.0,False,60
2201400010430004,22,Querétaro,014,Querétaro,0001,Santiago de Querétaro,0430,004,Urbana,131,Típica,54,77,27,8.74,131.0,,0.0,0.0,0.0,,,,5.0,,3.0,4.0,0.0,,7.0,3.0,13.0,68.0,42.0,29.0,85.0,17.0,77.0,131.0,54.0,131.0,0.0,0.0,0.0,4.85,1.08,24.0,4.0,,3.0,8.0,7.0,,110.0,68.0,42.0,9.0,7.0,,40.0,102.0,61.0,41.0,14.0,6.0,8.0,93.0,54.0,39.0,7.0,4.0,3.0,127.0,76.0,51.0,121.0,72.0,49.0,21.0,13.0,8.0,10.0,4.0,6.0,16.0,9.0,7.0,27.0,31.0,27.0,8.0,27.0,8.0,23.0,0.0,35.0,,7.0,4.0,20.0,22.0,27.0,27.0,0.0,9.0,4.0,23.0,,4.0,27.0,27.0,27.0,27.0,27.0,18.0,20.0,21.0,0.0,3.0,17.0,0.0,0.0,12.0,27.0,0.0,20.0,27.0,6.0,,0.0,0.0,0.0,8.0,19.0,0.0,14.0,20.0,26.0,131.0,13275.279378243966,365.02072414337863,0.02749627437156528,3.6020119426750514,131.0,False,60
2201400010587037,22,Querétaro,014,Querétaro,0001,Santiago de Querétaro,0587,037,Urbana,119,Típica,46,73,42,11.48,119.0,,,,0.0,3.0,,,4.0,0.0,,,,,,4.0,4.0,69.0,28.0,24.0,83.0,12.0,73.0,119.0,46.0,119.0,6.0,4.0,,2.83,0.6,32.0,5.0,,4.0,3.0,,,98.0,61.0,37.0,3.0,0.0,3.0,38.0,95.0,59.0,36.0,15.0,10.0,5.0,92.0,59.0,33.0,7.0,4.0,3.0,114.0,72.0,42.0,108.0,69.0,39.0,18.0,12.0,6.0,9.0,7.0,,9.0,7.0,,42.0,56.0,42.0,17.0,42.0,9.0,39.0,8.0,59.0,0.0,8.0,,34.0,41.0,42.0,42.0,0.0,24.0,4.0,40.0,32.0,10.0,42.0,42.0,42.0,42.0,42.0,28.0,35.0,36.0,0.0,,18.0,0.0,0.0,28.0,42.0,0.0,29.0,40.0,5.0,,,,,21.0,34.0,0.0,30.0,40.0,40.0,119.0,5031.683472444746,425.3789623307244,0.08454008775795377,10.060270443196499,119.0,False,60
2201400010619001,22,Querétaro,014,Querétaro,0001,Santiago de Querétaro,0619,001,Urbana,31,Típica,16,15,9,14.44,31.0,,0.0,0.0,0.0,0.0,0.0,0.0,0.0,0.0,0.0,,,0.0,,0.0,,23.0,5.0,4.0,23.0,4.0,15.0,31.0,16.0,31.0,,,0.0,3.44,0.54,9.0,,,0.0,,0.0,,28.0,14.0,14.0,,0.0,,9.0,27.0,14.0,13.0,,,0.0,26.0,14.0,12.0,,0.0,,30.0,14.0,16.0,29.0,14.0,15.0,5.0,,3.0,,0.0,,,0.0,,9.0,14.0,9.0,,9.0,,9.0,3.0,14.0,0.0,,,8.0,8.0,9.0,9.0,0.0,7.0,3.0,9.0,3.0,5.0,9.0,9.0,9.0,9.0,9.0,6.0,8.0,8.0,0.0,,,0.0,0.0,8.0,9.0,0.0,8.0,8.0,0.0,0.0,0.0,0.0,0.0,,7.0,0.0,7.0,9.0,7.0,31.0,4671.180912758934,53.81828949470622,0.011521345565466355,0.357161712529457,31.0,False,60
2201400010619013,22,Querétaro,014,Querétaro,0001,Santiago de Querétaro,0619,013,Urbana,199,Típica,95,104,78,14.94,199.0,,,0.0,0.0,3.0,0.0,0.0,,0.0,0.0,,0.0,0.0,7.0,4.0,7.0,128.0,59.0,21.0,155.0,23.0,104.0,199.0,95.0,199.0,19.0,10.0,9.0,2.55,0.51,33.0,4.0,,3.0,9.0,6.0,3.0,187.0,101.0,86.0,5.0,,3.0,58.0,178.0,95.0,83.0,27.0,13.0,14.0,173.0,93.0,80.0,3.0,,,195.0,103.0,92.0,193.0,102.0,91.0,42.0,24.0,18.0,5.0,,4.0,12.0,6.0,6.0,78.0,83.0,78.0,,78.0,6.0,75.0,,86.0,,13.0,0.0,65.0,77.0,78.0,78.0,0.0,64.0,9.0,76.0,46.0,31.0,78.0,78.0,78.0,78.0,78.0,71.0,72.0,70.0,0.0,9.0,12.0,0.0,0.0,71.0,77.0,,54.0,77.0,3.0,0.0,,0.0,0.0,45.0,64.0,0.0,57.0,76.0,76.0,199.0,24819.718781158135,703.5702683505028,0.02834722965856557,5.641098702054549,199.0,False,60
2201400010835003,22,Querétaro,014,Querétaro,0001,Santiago de Querétaro,0835,003,Urbana,0,Típica,0,0,0,0.0,0.0,,0.0,0.0,0.0,0.0,0.0,0.0,0.0,0.0,0.0,0.0,0.0,0.0,0.0,0.0,0.0,0.0,0.0,0.0,0.0,0.0,0.0,0.0,0.0,0.0,0.0,0.0,0.0,0.0,0.0,0.0,0.0,0.0,0.0,0.0,0.0,0.0,0.0,0.0,0.0,0.0,0.0,0.0,0.0,0.0,0.0,0.0,0.0,0.0,0.0,0.0,0.0,0.0,0.0,0.0,0.0,0.0,0.0,0.0,0.0,0.0,0.0,0.0,0.0,0.0,0.0,0.0,0.0,0.0,0.0,0.0,0.0,0.0,0.0,0.0,0.0,0.0,0.0,0.0,0.0,0.0,0.0,0.0,0.0,0.0,0.0,0.0,0.0,0.0,0.0,0.0,0.0,0.0,0.0,0.0,0.0,0.0,0.0,0.0,0.0,0.0,0.0,0.0,0.0,0.0,0.0,0.0,0.0,0.0,0.0,0.0,0.0,0.0,0.0,0.0,0.0,0.0,0.0,0.0,0.0,0.0,0.0,0.0,21299.732540732388,1540.7118286545615,0.07233479696086288,0.0,0.0,False,60
2201400010835010,22,Querétaro,014,Querétaro,0001,Santiago de Querétaro,0835,010,Urbana,58,Típica,33,25,15,11.46,58.0,,0.0,0.0,0.0,,,0.0,3.0,0.0,0.0,,0.0,3.0,,,7.0,36.0,14.0,10.0,44.0,4.0,25.0,58.0,33.0,58.0,,0.0,,3.87,0.87,16.0,,,,3.0,0.0,3.0,51.0,24.0,27.0,4.0,3.0,,16.0,48.0,24.0,24.0,6.0,4.0,,44.0,21.0,23.0,3.0,0.0,3.0,56.0,24.0,32.0,54.0,24.0,30.0,7.0,3.0,4.0,,0.0,,4.0,0.0,4.0,15.0,16.0,15.0,,15.0,,15.0,0.0,16.0,0.0,4.0,,11.0,13.0,15.0,15.0,0.0,10.0,4.0,14.0,,4.0,15.0,15.0,15.0,15.0,15.0,9.0,13.0,13.0,0.0,,4.0,0.0,0.0,12.0,13.0,,14.0,15.0,,0.0,0.0,0.0,0.0,3.0,9.0,0.0,12.0,13.0,15.0,58.0,38605.52854903303,227.5573067137615,0.005894422774829779,0.3418765209401272,58.0,False,60
2201400010924020,22,Querétaro,014,Querétaro,0001,Santiago de Querétaro,0924,020,Urbana,133,Típica,66,67,30,9.56,133.0,,,,,,,,,0.0,3.0,,4.0,0.0,0.0,3.0,4.0,66.0,48.0,30.0,93.0,10.0,67.0,133.0,66.0,133.0,0.0,0.0,0.0,4.43,0.91,45.0,3.0,,,11.0,5.0,6.0,114.0,58.0,56.0,4.0,,3.0,36.0,103.0,53.0,50.0,13.0,5.0,8.0,99.0,52.0,47.0,8.0,3.0,5.0,130.0,66.0,64.0,128.0,65.0,63.0,18.0,10.0,8.0,8.0,5.0,3.0,18.0,10.0,8.0,30.0,34.0,30.0,4.0,30.0,4.0,30.0,0.0,34.0,0.0,7.0,5.0,23.0,25.0,30.0,30.0,0.0,14.0,0.0,28.0,0.0,3.0,30.0,30.0,30.0,30.0,30.0,16.0,24.0,25.0,0.0,,15.0,0.0,0.0,7.0,30.0,0.0,19.0,28.0,6.0,,3.0,0.0,0.0,5.0,17.0,0.0,20.0,29.0,25.0,133.0,8154.099572176059,334.3489268658606,0.04100378268702377,5.453503097374161,133.0,False,60
2201400010924021,22,Querétaro,014,Querétaro,0001,Santiago de Querétaro,0924,021,Urbana,180,Típica,94,86,41,8.9,180.0,,,0.0,,,3.0,,,0.0,4.0,,4.0,0.0,,4.0,8.0,82.0,55.0,54.0,113.0,11.0,86.0,180.0,94.0,180.0,,,0.0,4.39,1.03,61.0,9.0,5.0,4.0,13.0,4.0,9.0,137.0,62.0,75.0,4.0,,,42.0,124.0,58.0,66.0,9.0,5.0,4.0,120.0,56.0,64.0,10.0,6.0,4.0,169.0,80.0,89.0,161.0,76.0,85.0,18.0,7.0,11.0,22.0,12.0,10.0,28.0,12.0,16.0,41.0,44.0,41.0,3.0,41.0,3.0,41.0,0.0,44.0,0.0,6.0,4.0,35.0,37.0,41.0,41.0,0.0,24.0,,40.0,0.0,3.0,41.0,41.0,41.0,41.0,41.0,16.0,30.0,37.0,0.0,,17.0,0.0,0.0,12.0,40.0,,25.0,41.0,11.0,0.0,,0.0,0.0,7.0,30.0,0.0,27.0,37.0,40.0,180.0,8453.225637365824,78.48272496901784,0.009284352309501875,1.6711834157103373,180.0,False,60
2201400010981007,22,Querétaro,014,Querétaro,0001,Santiago de Querétaro,0981,007,Urbana,96,Típica,45,51,26,10.01,96.0,,,0.0,,,,4.0,7.0,,,5.0,0.0,7.0,10.0,5.0,16.0,53.0,32.0,15.0,65.0,16.0,51.0,96.0,45.0,96.0,,0.0,,3.69,0.95,16.0,,0.0,,4.0,3.0,,85.0,46.0,39.0,,0.0,,24.0,81.0,43.0,38.0,11.0,3.0,8.0,79.0,43.0,36.0,,0.0,,94.0,51.0,43.0,93.0,51.0,42.0,26.0,12.0,14.0,8.0,5.0,3.0,8.0,7.0,,26.0,25.0,26.0,,26.0,,24.0,0.0,27.0,,4.0,,22.0,24.0,26.0,26.0,0.0,11.0,,20.0,3.0,,26.0,26.0,26.0,26.0,26.0,13.0,19.0,22.0,0.0,,15.0,0.0,0.0,11.0,26.0,0.0,10.0,25.0,7.0,0.0,,0.0,0.0,,18.0,0.0,16.0,26.0,25.0,96.0,6260.16610200777,802.3991916411406,0.12817538361862219,12.30483682738773,96.0,False,60
2201400010981009,22,Querétaro,014,Querétaro,0001,Santiago de Querétaro,0981,009,Urbana,37,Típica,15,22,9,9.44,35.0,,,,,,,,0.0,0.0,0.0,0.0,5.0,0.0,0.0,,0.0,17.0,13.0,10.0,23.0,4.0,22.0,35.0,15.0,37.0,0.0,0.0,0.0,4.38,0.97,15.0,,0.0,,3.0,3.0,0.0,30.0,18.0,12.0,,,0.0,12.0,27.0,15.0,12.0,3.0,,,26.0,14.0,12.0,,,0.0,36.0,22.0,14.0,35.0,21.0,14.0,7.0,,5.0,4.0,,,7.0,5.0,,9.0,9.0,8.0,,8.0,,8.0,0.0,10.0,,,0.0,7.0,7.0,7.0,7.0,,4.0,0.0,8.0,,,8.0,7.0,8.0,8.0,7.0,6.0,6.0,6.0,,,4.0,0.0,0.0,3.0,8.0,0.0,7.0,7.0,,0.0,0.0,0.0,0.0,,5.0,0.0,5.0,7.0,8.0,37.0,4321.342801094761,632.2722660288605,0.14631384158384328,5.413612138602201,37.0,False,60
2201400011829018,22,Querétaro,014,Querétaro,0001,Santiago de Querétaro,1829,018,Urbana,342,Típica,173,169,97,12.46,342.0,,0.0,,4.0,7.0,3.0,,21.0,,0.0,6.0,10.0,14.0,16.0,11.0,39.0,184.0,120.0,51.0,235.0,56.0,169.0,342.0,173.0,342.0,8.0,4.0,4.0,3.53,0.72,55.0,12.0,4.0,8.0,13.0,6.0,7.0,304.0,151.0,153.0,11.0,6.0,5.0,80.0,291.0,145.0,146.0,44.0,23.0,21.0,280.0,139.0,141.0,8.0,4.0,4.0,330.0,165.0,165.0,324.0,163.0,161.0,77.0,42.0,35.0,18.0,10.0,8.0,24.0,12.0,12.0,97.0,110.0,97.0,15.0,97.0,12.0,95.0,3.0,112.0,,16.0,3.0,81.0,92.0,97.0,97.0,0.0,77.0,26.0,95.0,36.0,26.0,97.0,92.0,92.0,90.0,90.0,77.0,86.0,86.0,6.0,11.0,19.0,0.0,5.0,69.0,93.0,4.0,80.0,97.0,9.0,,,,0.0,46.0,78.0,0.0,75.0,87.0,92.0,342.0,104799.59284715893,693.8518141957763,0.006620749139814873,2.2642962058166867,342.0,False,60
2201400011886008,22,Querétaro,014,Querétaro,0001,Santiago de Querétaro,1886,008,Urbana,72,Típica,39,33,17,11.02,72.0,,0.0,0.0,0.0,,0.0,0.0,,0.0,0.0,0.0,0.0,,3.0,,4.0,38.0,21.0,16.0,54.0,,33.0,72.0,39.0,72.0,,0.0,,4.24,0.91,20.0,4.0,,3.0,3.0,,,59.0,28.0,31.0,8.0,5.0,3.0,25.0,56.0,27.0,29.0,10.0,4.0,6.0,48.0,22.0,26.0,,,0.0,68.0,32.0,36.0,67.0,31.0,36.0,3.0,,,7.0,,5.0,9.0,3.0,6.0,17.0,19.0,17.0,4.0,17.0,4.0,15.0,0.0,21.0,0.0,,0.0,15.0,17.0,16.0,17.0,0.0,10.0,,17.0,3.0,4.0,17.0,17.0,17.0,17.0,17.0,11.0,14.0,11.0,0.0,,6.0,0.0,0.0,10.0,17.0,0.0,10.0,16.0,,0.0,,0.0,0.0,4.0,13.0,0.0,12.0,15.0,15.0,72.0,4207.227808176394,673.6190764607078,0.16010996009096196,11.52791712654926,72.0,False,60
2201400011890004,22,Querétaro,014,Querétaro,0001,Santiago de Querétaro,1890,004,Urbana,10,Típica,5,5,3,13.3,10.0,,0.0,0.0,0.0,0.0,0.0,0.0,0.0,0.0,0.0,0.0,,0.0,0.0,0.0,0.0,5.0,5.0,0.0,9.0,,5.0,10.0,5.0,10.0,0.0,0.0,0.0,3.33,0.59,4.0,0.0,0.0,0.0,0.0,0.0,0.0,10.0,5.0,5.0,,0.0,,3.0,10.0,5.0,5.0,,,0.0,9.0,5.0,4.0,0.0,0.0,0.0,10.0,5.0,5.0,10.0,5.0,5.0,,,,0.0,0.0,0.0,0.0,0.0,0.0,3.0,,3.0,0.0,3.0,0.0,,0.0,3.0,0.0,,0.0,,3.0,3.0,3.0,0.0,3.0,,3.0,,,3.0,3.0,3.0,3.0,3.0,,3.0,,0.0,0.0,0.0,0.0,0.0,,3.0,0.0,,3.0,0.0,0.0,0.0,0.0,0.0,3.0,3.0,0.0,,,3.0,10.0,7808.522137329456,664.9946207676999,0.08516267343197038,0.8516267343197038,10.0,False,60
2201400011316009,22,Querétaro,014,Querétaro,0001,Santiago de Querétaro,1316,009,Urbana,77,Típica,31,46,28,12.95,75.0,,0.0,0.0,,3.0,,,6.0,0.0,0.0,8.0,0.0,4.0,,6.0,12.0,40.0,28.0,10.0,50.0,17.0,46.0,75.0,31.0,77.0,0.0,0.0,0.0,2.68,0.56,18.0,,,0.0,3.0,3.0,0.0,70.0,43.0,27.0,0.0,0.0,0.0,25.0,67.0,40.0,27.0,4.0,3.0,,67.0,40.0,27.0,3.0,,,76.0,45.0,31.0,73.0,44.0,29.0,22.0,12.0,10.0,3.0,,,5.0,3.0,,28.0,32.0,28.0,4.0,28.0,4.0,28.0,0.0,32.0,0.0,0.0,,28.0,27.0,28.0,28.0,0.0,18.0,9.0,27.0,9.0,4.0,28.0,28.0,28.0,28.0,28.0,25.0,27.0,24.0,0.0,3.0,10.0,0.0,0.0,22.0,28.0,0.0,27.0,28.0,,0.0,0.0,0.0,0.0,14.0,20.0,0.0,21.0,27.0,25.0,77.0,79218.65584478447,709.6826562938747,0.008958529385860543,0.6898067627112618,77.0,False,60
2201400011316034,22,Querétaro,014,Querétaro,0001,Santiago de Querétaro,1316,034,Urbana,26,Típica,0,0,2,,,,,,,,,,,,,,,,,,,,,,,,,,,26.0,,,,,,,,,,,,,,,,,,,,,,,,,,,,,,,,,,,,,,,,,,,,,,,2.0,,,,,,,,2.0,,,,,,,,,,,,,,,,,,,,,,,,,,,,,,,,,,,,,,,,,,,26.0,148781.37712988816,633.469817173641,0.004257722501255068,0.11070078503263177,26.0,False,60
2201400011316045,22,Querétaro,014,Querétaro,0001,Santiago de Querétaro,1316,045,Urbana,40,Típica,18,22,9,11.43,40.0,,4.0,0.0,0.0,4.0,,3.0,4.0,,,,,3.0,3.0,6.0,5.0,26.0,12.0,3.0,27.0,10.0,22.0,40.0,18.0,40.0,,,,4.44,1.0,3.0,,0.0,,,,0.0,38.0,22.0,16.0,0.0,0.0,0.0,10.0,37.0,21.0,16.0,3.0,,,37.0,21.0,16.0,0.0,0.0,0.0,38.0,22.0,16.0,38.0,22.0,16.0,12.0,6.0,6.0,0.0,0.0,0.0,,,0.0,9.0,9.0,9.0,0.0,9.0,0.0,9.0,0.0,9.0,,,0.0,8.0,8.0,9.0,9.0,0.0,7.0,3.0,8.0,4.0,3.0,9.0,9.0,9.0,9.0,9.0,7.0,8.0,8.0,0.0,3.0,,0.0,0.0,7.0,9.0,0.0,9.0,9.0,0.0,0.0,0.0,0.0,0.0,4.0,9.0,0.0,7.0,8.0,9.0,40.0,10062.111936997057,655.0654964811994,0.06510218735220089,2.604087494088035,40.0,False,60
2201400011354020,22,Querétaro,014,Querétaro,0001,Santiago de Querétaro,1354,020,Urbana,97,Típica,45,52,19,9.08,97.0,,,3.0,,4.0,4.0,7.0,,0.0,0.0,,,3.0,14.0,11.0,16.0,44.0,36.0,23.0,60.0,14.0,52.0,97.0,45.0,97.0,0.0,0.0,0.0,5.11,1.1,8.0,3.0,3.0,0.0,6.0,4.0,,80.0,41.0,39.0,4.0,,,23.0,74.0,37.0,37.0,10.0,3.0,7.0,70.0,35.0,35.0,,,0.0,94.0,49.0,45.0,93.0,48.0,45.0,16.0,8.0,8.0,13.0,7.0,6.0,14.0,8.0,6.0,19.0,20.0,19.0,,19.0,,18.0,,21.0,0.0,,3.0,17.0,16.0,19.0,19.0,0.0,13.0,0.0,17.0,,,19.0,19.0,19.0,19.0,19.0,12.0,17.0,17.0,0.0,3.0,6.0,0.0,0.0,7.0,19.0,0.0,15.0,19.0,,0.0,0.0,0.0,0.0,4.0,17.0,0.0,17.0,14.0,19.0,97.0,17240.444473860865,517.6876577141492,0.03002751225463139,2.912668688699245,97.0,False,60
2201400011392040,22,Querétaro,014,Querétaro,0001,Santiago de Querétaro,1392,040,Urbana,73,Típica,37,36,14,8.29,73.0,,,0.0,0.0,0.0,0.0,,,0.0,0.0,,0.0,0.0,,,3.0,35.0,19.0,24.0,45.0,4.0,36.0,73.0,37.0,73.0,0.0,0.0,0.0,5.21,1.12,15.0,3.0,,,5.0,,4.0,54.0,27.0,27.0,0.0,0.0,0.0,19.0,49.0,26.0,23.0,7.0,6.0,,49.0,26.0,23.0,7.0,,5.0,70.0,34.0,36.0,64.0,33.0,31.0,4.0,,3.0,9.0,5.0,4.0,13.0,5.0,8.0,14.0,16.0,14.0,,14.0,,14.0,0.0,16.0,0.0,,,12.0,13.0,14.0,14.0,0.0,7.0,0.0,13.0,,,14.0,14.0,14.0,14.0,14.0,5.0,8.0,10.0,0.0,,7.0,0.0,0.0,5.0,12.0,,12.0,13.0,4.0,,0.0,0.0,0.0,3.0,7.0,0.0,6.0,11.0,13.0,73.0,2950.829583178753,43.550963624953205,0.014758888101575267,1.0773988314149945,73.0,False,60
2201400011405003,22,Querétaro,014,Querétaro,0001,Santiago de Querétaro,1405,003,Urbana,103,Típica,52,51,33,11.42,103.0,,0.0,0.0,,,0.0,,5.0,,,6.0,0.0,5.0,17.0,3.0,19.0,60.0,30.0,17.0,84.0,,51.0,103.0,52.0,103.0,3.0,0.0,3.0,3.12,0.91,23.0,3.0,0.0,3.0,4.0,,,90.0,49.0,41.0,8.0,4.0,4.0,39.0,86.0,47.0,39.0,17.0,10.0,7.0,78.0,43.0,35.0,3.0,,,100.0,51.0,49.0,98.0,50.0,48.0,7.0,3.0,4.0,7.0,,6.0,8.0,3.0,5.0,33.0,33.0,33.0,,33.0,,32.0,0.0,34.0,0.0,5.0,5.0,28.0,28.0,33.0,33.0,0.0,21.0,4.0,33.0,3.0,7.0,33.0,33.0,33.0,33.0,33.0,24.0,29.0,31.0,0.0,3.0,11.0,0.0,0.0,23.0,33.0,0.0,24.0,33.0,3.0,0.0,,0.0,0.0,13.0,26.0,0.0,22.0,33.0,31.0,103.0,6280.63902575938,444.71298313692364,0.07080696427751701,7.293117320584252,103.0,False,60
2201400011405017,22,Querétaro,014,Querétaro,0001,Santiago de Querétaro,1405,017,Urbana,46,Típica,24,22,13,9.38,46.0,,0.0,0.0,,3.0,,8.0,3.0,0.0,0.0,,0.0,,7.0,11.0,8.0,23.0,13.0,12.0,29.0,5.0,22.0,46.0,24.0,46.0,0.0,0.0,0.0,3.54,1.05,14.0,,0.0,,,,,36.0,19.0,17.0,,0.0,,12.0,34.0,18.0,16.0,8.0,4.0,4.0,33.0,18.0,15.0,,0.0,,45.0,22.0,23.0,44.0,22.0,22.0,5.0,4.0,,8.0,3.0,5.0,7.0,3.0,4.0,13.0,14.0,13.0,,13.0,,13.0,0.0,14.0,3.0,4.0,,9.0,8.0,13.0,13.0,0.0,5.0,0.0,12.0,0.0,3.0,13.0,13.0,13.0,13.0,13.0,5.0,9.0,7.0,0.0,0.0,8.0,0.0,0.0,4.0,12.0,,12.0,12.0,3.0,,0.0,0.0,0.0,,6.0,0.0,8.0,8.0,12.0,46.0,2309.170392040592,97.15633033976603,0.04207412786628963,1.935409881849323,46.0,False,60
2201400011405037,22,Querétaro,014,Querétaro,0001,Santiago de Querétaro,1405,037,Urbana,86,Típica,41,45,22,8.63,86.0,,0.0,0.0,0.0,0.0,0.0,0.0,,0.0,,0.0,,0.0,3.0,0.0,4.0,34.0,31.0,22.0,55.0,9.0,45.0,86.0,41.0,86.0,0.0,0.0,0.0,3.91,0.89,5.0,8.0,4.0,4.0,,,0.0,65.0,32.0,33.0,4.0,,3.0,20.0,64.0,31.0,33.0,17.0,7.0,10.0,60.0,30.0,30.0,4.0,3.0,,78.0,41.0,37.0,77.0,41.0,36.0,11.0,6.0,5.0,9.0,6.0,3.0,7.0,5.0,,22.0,26.0,22.0,,22.0,,22.0,,26.0,3.0,10.0,4.0,12.0,15.0,22.0,22.0,0.0,7.0,,20.0,,,22.0,22.0,22.0,22.0,22.0,13.0,17.0,14.0,0.0,,14.0,0.0,0.0,8.0,21.0,,17.0,17.0,5.0,0.0,0.0,0.0,0.0,4.0,13.0,0.0,14.0,18.0,21.0,86.0,9067.522404582583,29.140228313427475,0.003213692452383736,0.2763775509050013,86.0,False,60
2201400011443028,22,Querétaro,014,Querétaro,0001,Santiago de Querétaro,1443,028,Urbana,103,Típica,58,45,38,13.59,103.0,,0.0,,,3.0,,,5.0,,,4.0,0.0,0.0,4.0,5.0,10.0,55.0,39.0,12.0,71.0,20.0,45.0,103.0,58.0,103.0,,0.0,,2.71,0.53,16.0,,0.0,,3.0,,,94.0,42.0,52.0,3.0,0.0,3.0,18.0,91.0,41.0,50.0,14.0,3.0,11.0,88.0,41.0,47.0,,0.0,,102.0,45.0,57.0,102.0,45.0,57.0,27.0,16.0,11.0,7.0,3.0,4.0,10.0,4.0,6.0,38.0,43.0,38.0,,38.0,6.0,36.0,,45.0,0.0,5.0,,33.0,37.0,38.0,38.0,0.0,23.0,6.0,34.0,10.0,8.0,38.0,38.0,38.0,38.0,38.0,26.0,30.0,31.0,0.0,,14.0,0.0,0.0,30.0,37.0,,21.0,38.0,6.0,,,0.0,0.0,16.0,29.0,0.0,31.0,36.0,36.0,103.0,9640.37666342012,175.28542617069678,0.018182425053557057,1.872789780516377,103.0,False,60
2201400011551057,22,Querétaro,014,Querétaro,0001,Santiago de Querétaro,1551,057,Urbana,182,Típica,79,103,59,14.29,182.0,,0.0,0.0,0.0,0.0,0.0,,3.0,0.0,0.0,0.0,0.0,,0.0,,4.0,106.0,64.0,26.0,146.0,10.0,103.0,182.0,79.0,182.0,40.0,22.0,18.0,3.08,0.56,33.0,4.0,3.0,,14.0,9.0,5.0,170.0,95.0,75.0,11.0,7.0,4.0,60.0,156.0,86.0,70.0,24.0,10.0,14.0,145.0,79.0,66.0,,,0.0,178.0,100.0,78.0,176.0,98.0,78.0,14.0,9.0,5.0,6.0,3.0,3.0,18.0,11.0,7.0,59.0,63.0,59.0,5.0,59.0,5.0,58.0,0.0,64.0,0.0,5.0,0.0,54.0,59.0,59.0,59.0,0.0,53.0,10.0,59.0,38.0,22.0,59.0,59.0,59.0,59.0,59.0,53.0,54.0,56.0,0.0,8.0,6.0,0.0,0.0,54.0,59.0,0.0,57.0,59.0,,0.0,0.0,0.0,0.0,37.0,47.0,0.0,46.0,59.0,58.0,182.0,8766.695848960026,492.1065304692603,0.056133637911897884,10.216322099965415,182.0,False,60
2201400011570020,22,Querétaro,014,Querétaro,0001,Santiago de Querétaro,1570,020,Urbana,435,Típica,198,237,145,14.07,435.0,,,,,6.0,3.0,7.0,14.0,0.0,0.0,8.0,3.0,6.0,15.0,15.0,29.0,259.0,133.0,54.0,338.0,43.0,237.0,435.0,198.0,435.0,5.0,,4.0,3.0,0.58,69.0,6.0,4.0,,12.0,5.0,7.0,393.0,215.0,178.0,18.0,11.0,7.0,141.0,381.0,210.0,171.0,67.0,34.0,33.0,363.0,199.0,164.0,8.0,5.0,3.0,429.0,233.0,196.0,424.0,229.0,195.0,64.0,42.0,22.0,28.0,13.0,15.0,30.0,13.0,17.0,145.0,142.0,145.0,21.0,145.0,18.0,121.0,3.0,166.0,0.0,14.0,0.0,131.0,145.0,144.0,145.0,0.0,114.0,30.0,143.0,51.0,56.0,145.0,145.0,145.0,145.0,145.0,126.0,135.0,136.0,0.0,17.0,29.0,0.0,0.0,127.0,144.0,,110.0,144.0,6.0,,,0.0,0.0,94.0,111.0,0.0,109.0,144.0,140.0,435.0,28367.784136713588,637.0796165426402,0.022457856188990516,9.769167442210874,435.0,False,60
2201400011617002,22,Querétaro,014,Querétaro,0001,Santiago de Querétaro,1617,002,Urbana,244,Típica,112,132,77,14.73,244.0,,,0.0,,4.0,,0.0,18.0,4.0,5.0,9.0,6.0,5.0,13.0,6.0,35.0,130.0,77.0,45.0,146.0,53.0,132.0,244.0,112.0,244.0,,0.0,,3.17,0.46,45.0,8.0,6.0,,8.0,,7.0,207.0,110.0,97.0,5.0,0.0,5.0,56.0,199.0,109.0,90.0,26.0,17.0,9.0,194.0,109.0,85.0,11.0,6.0,5.0,236.0,126.0,110.0,230.0,123.0,107.0,76.0,41.0,35.0,18.0,10.0,8.0,21.0,8.0,13.0,77.0,64.0,77.0,,77.0,4.0,59.0,,82.0,0.0,14.0,0.0,63.0,77.0,77.0,77.0,0.0,74.0,12.0,72.0,70.0,18.0,77.0,77.0,77.0,77.0,77.0,73.0,76.0,77.0,0.0,7.0,,0.0,0.0,69.0,76.0,,74.0,77.0,,,0.0,0.0,0.0,47.0,67.0,0.0,70.0,71.0,76.0,244.0,131847.946071945,1666.4484441897462,0.012639168783717123,3.0839571832269783,244.0,False,60
2201400011674002,22,Querétaro,014,Querétaro,0001,Santiago de Querétaro,1674,002,Urbana,286,Típica,133,153,80,11.43,286.0,,8.0,4.0,4.0,16.0,4.0,13.0,8.0,0.0,0.0,9.0,,,10.0,27.0,20.0,168.0,74.0,55.0,204.0,27.0,153.0,286.0,133.0,286.0,24.0,17.0,7.0,3.58,0.83,65.0,7.0,4.0,3.0,11.0,4.0,7.0,242.0,132.0,110.0,8.0,5.0,3.0,89.0,231.0,128.0,103.0,29.0,14.0,15.0,223.0,123.0,100.0,6.0,,4.0,279.0,149.0,130.0,275.0,148.0,127.0,46.0,24.0,22.0,31.0,15.0,16.0,31.0,16.0,15.0,80.0,95.0,80.0,16.0,80.0,8.0,79.0,8.0,96.0,5.0,17.0,14.0,63.0,61.0,80.0,80.0,0.0,50.0,18.0,74.0,26.0,15.0,80.0,80.0,80.0,80.0,80.0,49.0,63.0,58.0,0.0,5.0,28.0,0.0,0.0,53.0,80.0,0.0,71.0,73.0,16.0,5.0,,,0.0,26.0,50.0,0.0,54.0,67.0,74.0,286.0,128066.4380842854,680.6672582115515,0.005314954240888455,1.5200769128940983,286.0,False,60
2201400012723030,22,Querétaro,014,Querétaro,0001,Santiago de Querétaro,2723,030,Urbana,18,Típica,10,8,4,8.6,18.0,,0.0,0.0,,0.0,0.0,,,0.0,0.0,0.0,0.0,,,,3.0,12.0,0.0,8.0,10.0,0.0,8.0,18.0,10.0,18.0,0.0,0.0,0.0,4.5,1.13,12.0,3.0,,,,,0.0,12.0,7.0,5.0,,,,4.0,10.0,5.0,5.0,3.0,,,8.0,4.0,4.0,,0.0,,15.0,7.0,8.0,14.0,7.0,7.0,0.0,0.0,0.0,,0.0,,4.0,,,4.0,4.0,4.0,0.0,4.0,0.0,4.0,0.0,4.0,,,,,,3.0,3.0,,,3.0,3.0,,0.0,4.0,3.0,4.0,4.0,4.0,,,,0.0,,3.0,0.0,0.0,,4.0,0.0,3.0,3.0,3.0,,0.0,0.0,0.0,0.0,,0.0,,,3.0,18.0,12680.878211016414,47.95332914742784,0.003781546384206163,0.06806783491571093,18.0,False,60
2201400012738005,22,Querétaro,014,Querétaro,0001,Santiago de Querétaro,2738,005,Urbana,57,Típica,27,30,14,9.45,57.0,,0.0,0.0,0.0,0.0,0.0,0.0,4.0,0.0,0.0,0.0,,3.0,5.0,0.0,9.0,30.0,14.0,17.0,39.0,,30.0,57.0,27.0,57.0,13.0,5.0,8.0,4.07,1.02,9.0,,,0.0,4.0,,3.0,44.0,23.0,21.0,4.0,,3.0,16.0,40.0,22.0,18.0,5.0,,3.0,36.0,21.0,15.0,5.0,3.0,,55.0,28.0,27.0,53.0,27.0,26.0,,,0.0,6.0,,4.0,9.0,3.0,6.0,14.0,14.0,14.0,0.0,14.0,0.0,14.0,0.0,14.0,0.0,5.0,,9.0,13.0,14.0,14.0,0.0,8.0,4.0,13.0,,0.0,14.0,14.0,14.0,14.0,14.0,6.0,10.0,9.0,0.0,0.0,6.0,0.0,0.0,4.0,13.0,,11.0,13.0,4.0,,0.0,0.0,0.0,0.0,8.0,0.0,7.0,11.0,10.0,57.0,3016.3846320491007,70.33042287584516,0.02331613220959426,1.3290195359468728,57.0,False,60
2201400011744045,22,Querétaro,014,Querétaro,0001,Santiago de Querétaro,1744,045,Urbana,0,Edificio-Manzana,0,0,0,0.0,0.0,,0.0,0.0,0.0,0.0,0.0,0.0,0.0,0.0,0.0,0.0,0.0,0.0,0.0,0.0,0.0,0.0,0.0,0.0,0.0,0.0,0.0,0.0,0.0,0.0,0.0,0.0,0.0,0.0,0.0,0.0,0.0,0.0,0.0,0.0,0.0,0.0,0.0,0.0,0.0,0.0,0.0,0.0,0.0,0.0,0.0,0.0,0.0,0.0,0.0,0.0,0.0,0.0,0.0,0.0,0.0,0.0,0.0,0.0,0.0,0.0,0.0,0.0,0.0,0.0,0.0,0.0,0.0,0.0,0.0,0.0,0.0,0.0,0.0,0.0,0.0,0.0,0.0,0.0,0.0,0.0,0.0,0.0,0.0,0.0,0.0,0.0,0.0,0.0,0.0,0.0,0.0,0.0,0.0,0.0,0.0,0.0,0.0,0.0,0.0,0.0,0.0,0.0,0.0,0.0,0.0,0.0,0.0,0.0,0.0,0.0,0.0,0.0,0.0,0.0,0.0,0.0,0.0,0.0,0.0,0.0,0.0,0.0,5184.6781437151285,656.0868079402314,0.12654340149070592,0.0,0.0,False,60
2201400011782035,22,Querétaro,014,Querétaro,0001,Santiago de Querétaro,1782,035,Urbana,28,Típica,15,13,9,9.83,28.0,,0.0,0.0,0.0,0.0,0.0,0.0,,0.0,0.0,0.0,0.0,,,0.0,,17.0,6.0,4.0,22.0,,13.0,28.0,15.0,28.0,0.0,0.0,0.0,3.11,0.87,8.0,,,,0.0,0.0,0.0,24.0,10.0,14.0,,0.0,,4.0,24.0,10.0,14.0,3.0,,,23.0,10.0,13.0,,,0.0,26.0,12.0,14.0,25.0,11.0,14.0,3.0,3.0,0.0,,,0.0,0.0,0.0,0.0,9.0,11.0,9.0,,8.0,,9.0,,11.0,0.0,,,7.0,7.0,8.0,8.0,0.0,,0.0,6.0,0.0,,8.0,8.0,8.0,8.0,8.0,4.0,6.0,6.0,0.0,0.0,6.0,0.0,0.0,4.0,7.0,,5.0,8.0,,,0.0,0.0,0.0,3.0,4.0,0.0,4.0,7.0,8.0,28.0,9428.557236487519,740.9634566218404,0.07858715156910648,2.2004402439349815,28.0,False,60
2201400011975019,22,Querétaro,014,Querétaro,0001,Santiago de Querétaro,1975,019,Urbana,144,Típica,63,81,48,12.88,144.0,,,0.0,0.0,3.0,,0.0,,0.0,0.0,0.0,,0.0,,4.0,,80.0,42.0,32.0,104.0,8.0,81.0,144.0,63.0,144.0,,0.0,,3.0,0.71,33.0,,,,10.0,6.0,4.0,122.0,68.0,54.0,5.0,3.0,,46.0,112.0,62.0,50.0,17.0,11.0,6.0,107.0,59.0,48.0,6.0,4.0,,142.0,80.0,62.0,137.0,77.0,60.0,16.0,7.0,9.0,14.0,8.0,6.0,20.0,12.0,8.0,48.0,49.0,48.0,7.0,48.0,4.0,42.0,3.0,55.0,0.0,8.0,0.0,40.0,48.0,48.0,48.0,0.0,31.0,3.0,47.0,12.0,12.0,48.0,48.0,48.0,48.0,48.0,33.0,45.0,39.0,0.0,7.0,13.0,0.0,0.0,34.0,48.0,0.0,28.0,48.0,3.0,0.0,,0.0,0.0,19.0,36.0,0.0,35.0,47.0,44.0,144.0,5882.463363586165,488.77446931941546,0.08309010003275918,11.964974404717323,144.0,False,60
2201400011975034,22,Querétaro,014,Querétaro,0001,Santiago de Querétaro,1975,034,Urbana,134,Típica,63,71,38,12.75,134.0,,,0.0,,,,6.0,3.0,0.0,,3.0,4.0,,11.0,7.0,15.0,71.0,43.0,26.0,104.0,,71.0,134.0,63.0,134.0,8.0,3.0,5.0,3.53,0.91,19.0,3.0,0.0,3.0,8.0,5.0,3.0,114.0,61.0,53.0,6.0,3.0,3.0,44.0,106.0,56.0,50.0,22.0,13.0,9.0,100.0,53.0,47.0,5.0,4.0,,129.0,70.0,59.0,127.0,68.0,59.0,3.0,3.0,0.0,10.0,5.0,5.0,15.0,7.0,8.0,38.0,41.0,38.0,,38.0,6.0,34.0,,45.0,0.0,7.0,6.0,31.0,32.0,38.0,38.0,0.0,23.0,,36.0,3.0,8.0,38.0,38.0,38.0,38.0,38.0,25.0,35.0,34.0,0.0,3.0,13.0,0.0,0.0,27.0,37.0,,18.0,38.0,,,,0.0,0.0,15.0,23.0,0.0,21.0,38.0,35.0,134.0,4901.058473946457,556.490630786863,0.11354498905595849,15.215028533498437,134.0,False,60
2201400011975056,22,Querétaro,014,Querétaro,0001,Santiago de Querétaro,1975,056,Urbana,48,Típica,26,22,14,13.8,48.0,,0.0,0.0,0.0,0.0,0.0,,,,,,4.0,,,,,27.0,17.0,8.0,38.0,,22.0,48.0,26.0,48.0,,0.0,,3.43,0.91,12.0,,0.0,,5.0,,3.0,45.0,21.0,24.0,,0.0,,13.0,40.0,19.0,21.0,9.0,4.0,5.0,38.0,19.0,19.0,,,0.0,47.0,22.0,25.0,46.0,21.0,25.0,4.0,,,,0.0,,6.0,,4.0,14.0,14.0,14.0,0.0,14.0,0.0,14.0,0.0,14.0,0.0,,,12.0,12.0,14.0,14.0,0.0,8.0,4.0,14.0,,3.0,14.0,14.0,14.0,14.0,14.0,8.0,14.0,12.0,0.0,3.0,6.0,0.0,0.0,10.0,14.0,0.0,9.0,14.0,0.0,0.0,0.0,0.0,0.0,5.0,13.0,0.0,13.0,13.0,14.0,48.0,1654.409425231356,152.22639877749302,0.0920125311521393,4.416601495302686,48.0,False,60
2201400011975069,22,Querétaro,014,Querétaro,0001,Santiago de Querétaro,1975,069,Urbana,30,Típica,14,16,7,11.17,30.0,,,0.0,,,,,0.0,0.0,0.0,0.0,,0.0,0.0,,0.0,16.0,11.0,7.0,22.0,,16.0,30.0,14.0,30.0,4.0,,3.0,4.29,1.15,7.0,0.0,0.0,0.0,4.0,,,27.0,14.0,13.0,,0.0,,8.0,23.0,12.0,11.0,4.0,,3.0,22.0,12.0,10.0,,,0.0,30.0,16.0,14.0,29.0,15.0,14.0,,,0.0,,0.0,,5.0,,3.0,7.0,9.0,7.0,,7.0,,7.0,0.0,9.0,0.0,3.0,,4.0,5.0,7.0,7.0,0.0,5.0,0.0,7.0,,,7.0,7.0,7.0,7.0,7.0,6.0,7.0,6.0,0.0,,,0.0,0.0,6.0,7.0,0.0,3.0,6.0,0.0,0.0,0.0,0.0,0.0,,7.0,0.0,6.0,7.0,7.0,30.0,843.3173759575893,27.805213952164102,0.03297123330417709,0.9891369991253127,30.0,False,60
220140001216A016,22,Querétaro,014,Querétaro,0001,Santiago de Querétaro,216A,016,Urbana,19,Típica,13,6,5,8.81,19.0,,0.0,0.0,0.0,0.0,0.0,0.0,0.0,0.0,0.0,0.0,0.0,0.0,,0.0,,12.0,4.0,3.0,15.0,,6.0,19.0,13.0,19.0,0.0,0.0,0.0,3.8,1.19,0.0,0.0,0.0,0.0,0.0,0.0,0.0,16.0,6.0,10.0,0.0,0.0,0.0,4.0,16.0,6.0,10.0,,,,16.0,6.0,10.0,0.0,0.0,0.0,19.0,6.0,13.0,19.0,6.0,13.0,3.0,,,3.0,0.0,3.0,,0.0,,5.0,6.0,5.0,,5.0,,5.0,0.0,6.0,0.0,0.0,,5.0,4.0,5.0,5.0,0.0,3.0,0.0,4.0,0.0,0.0,5.0,5.0,5.0,5.0,5.0,,4.0,3.0,0.0,,,0.0,0.0,,5.0,0.0,,5.0,,,0.0,0.0,0.0,0.0,3.0,0.0,,3.0,4.0,19.0,846.7450230477239,11.580732712715289,0.013676765020752393,0.2598585353942955,19.0,False,60
2201400012136002,22,Querétaro,014,Querétaro,0001,Santiago de Querétaro,2136,002,Urbana,114,Típica,45,69,33,11.12,114.0,,0.0,,,0.0,,0.0,,0.0,0.0,,3.0,0.0,0.0,,,67.0,21.0,31.0,83.0,0.0,69.0,114.0,45.0,114.0,0.0,0.0,0.0,3.45,0.86,19.0,8.0,6.0,,5.0,3.0,,88.0,52.0,36.0,,,0.0,39.0,83.0,49.0,34.0,18.0,13.0,5.0,81.0,47.0,34.0,6.0,3.0,3.0,106.0,63.0,43.0,101.0,60.0,41.0,,0.0,,12.0,8.0,4.0,12.0,8.0,4.0,33.0,34.0,33.0,,33.0,,32.0,0.0,35.0,0.0,8.0,,25.0,32.0,33.0,33.0,0.0,15.0,6.0,33.0,,7.0,33.0,33.0,33.0,33.0,33.0,21.0,27.0,29.0,0.0,,18.0,0.0,0.0,17.0,33.0,0.0,29.0,33.0,5.0,0.0,0.0,0.0,0.0,13.0,24.0,0.0,18.0,33.0,32.0,114.0,2511.4433943758468,4.222102336018182,0.0016811457289752987,0.19165061310318404,114.0,False,60
2201400012206050,22,Querétaro,014,Querétaro,0001,Santiago de Querétaro,2206,050,Urbana,152,Típica,75,77,42,11.41,152.0,,0.0,0.0,0.0,,,0.0,6.0,,0.0,0.0,3.0,,5.0,,12.0,97.0,29.0,31.0,117.0,4.0,77.0,152.0,75.0,152.0,3.0,,,3.62,0.9,25.0,5.0,0.0,5.0,5.0,,3.0,126.0,67.0,59.0,6.0,3.0,3.0,49.0,121.0,65.0,56.0,18.0,8.0,10.0,115.0,62.0,53.0,6.0,3.0,3.0,147.0,77.0,70.0,145.0,77.0,68.0,7.0,4.0,3.0,15.0,7.0,8.0,20.0,9.0,11.0,42.0,44.0,42.0,,42.0,,42.0,0.0,44.0,,3.0,0.0,39.0,41.0,42.0,42.0,0.0,23.0,9.0,42.0,3.0,7.0,42.0,42.0,42.0,42.0,42.0,31.0,37.0,33.0,0.0,,19.0,0.0,0.0,30.0,42.0,0.0,41.0,40.0,,0.0,0.0,0.0,0.0,23.0,32.0,0.0,25.0,42.0,41.0,152.0,17585.97631377013,757.8735313218431,0.043095334475596596,6.550490840290682,152.0,False,60
220140001223A038,22,Querétaro,014,Querétaro,0001,Santiago de Querétaro,223A,038,Urbana,30,Típica,15,15,7,10.43,11.0,,,0.0,0.0,0.0,0.0,,,0.0,0.0,0.0,0.0,0.0,,,,6.0,24.0,0.0,27.0,3.0,15.0,11.0,15.0,30.0,0.0,0.0,0.0,1.83,0.61,3.0,0.0,0.0,0.0,0.0,0.0,0.0,30.0,15.0,15.0,,,,10.0,30.0,15.0,15.0,16.0,8.0,8.0,28.0,14.0,14.0,0.0,0.0,0.0,30.0,15.0,15.0,30.0,15.0,15.0,6.0,3.0,3.0,0.0,0.0,0.0,0.0,0.0,0.0,7.0,6.0,6.0,0.0,6.0,0.0,6.0,0.0,7.0,,3.0,,3.0,4.0,6.0,6.0,0.0,3.0,0.0,5.0,0.0,0.0,6.0,6.0,6.0,6.0,6.0,4.0,4.0,3.0,0.0,0.0,3.0,0.0,0.0,,6.0,0.0,5.0,5.0,,0.0,0.0,0.0,0.0,,5.0,0.0,4.0,6.0,6.0,30.0,37269.112185274775,136.3666629710413,0.003658972671340438,0.10976918014021314,30.0,False,60
2201400012920021,22,Querétaro,014,Querétaro,0001,Santiago de Querétaro,2920,021,Urbana,119,Típica,58,61,22,8.76,119.0,,,0.0,0.0,3.0,0.0,5.0,6.0,0.0,0.0,5.0,0.0,9.0,10.0,5.0,17.0,68.0,33.0,24.0,83.0,12.0,61.0,119.0,58.0,119.0,0.0,0.0,0.0,5.41,1.23,38.0,4.0,3.0,,6.0,4.0,,101.0,49.0,52.0,6.0,3.0,3.0,32.0,95.0,45.0,50.0,15.0,6.0,9.0,89.0,42.0,47.0,4.0,,3.0,115.0,58.0,57.0,113.0,58.0,55.0,14.0,4.0,10.0,10.0,8.0,,11.0,8.0,3.0,22.0,20.0,22.0,0.0,22.0,0.0,20.0,0.0,22.0,0.0,3.0,4.0,19.0,18.0,22.0,22.0,0.0,7.0,10.0,20.0,4.0,3.0,22.0,22.0,22.0,22.0,22.0,10.0,18.0,18.0,0.0,,14.0,0.0,0.0,9.0,21.0,,18.0,20.0,4.0,,0.0,0.0,0.0,3.0,17.0,0.0,10.0,16.0,21.0,119.0,6267.717899288681,375.83705717947066,0.059963939542033974,7.135708805502043,119.0,False,60
2201400012920022,22,Querétaro,014,Querétaro,0001,Santiago de Querétaro,2920,022,Urbana,375,Típica,173,202,86,10.11,375.0,,4.0,,4.0,7.0,5.0,3.0,9.0,3.0,0.0,12.0,3.0,6.0,25.0,12.0,45.0,191.0,124.0,78.0,268.0,29.0,202.0,375.0,173.0,375.0,5.0,,3.0,4.36,0.88,64.0,16.0,8.0,8.0,18.0,8.0,10.0,315.0,166.0,149.0,12.0,5.0,7.0,109.0,297.0,158.0,139.0,55.0,26.0,29.0,285.0,153.0,132.0,16.0,10.0,6.0,359.0,194.0,165.0,347.0,186.0,161.0,44.0,25.0,19.0,28.0,18.0,10.0,35.0,20.0,15.0,86.0,92.0,86.0,,85.0,7.0,84.0,,94.0,0.0,,3.0,83.0,82.0,84.0,85.0,0.0,46.0,25.0,78.0,30.0,13.0,85.0,85.0,85.0,84.0,84.0,51.0,77.0,66.0,,,38.0,0.0,0.0,49.0,79.0,6.0,76.0,83.0,8.0,4.0,,,0.0,22.0,66.0,0.0,57.0,72.0,82.0,375.0,25689.97486207087,151.18994999124263,0.005885173138665158,2.2069399269994343,375.0,False,60
2201400012920025,22,Querétaro,014,Querétaro,0001,Santiago de Querétaro,2920,025,Urbana,291,Típica,137,154,70,9.98,290.0,,0.0,,,6.0,,6.0,12.0,,,8.0,4.0,5.0,19.0,9.0,31.0,154.0,76.0,73.0,198.0,20.0,154.0,290.0,137.0,291.0,5.0,4.0,,4.2,1.02,53.0,12.0,4.0,8.0,12.0,4.0,8.0,230.0,120.0,110.0,13.0,4.0,9.0,78.0,218.0,116.0,102.0,32.0,16.0,16.0,205.0,112.0,93.0,13.0,7.0,6.0,279.0,150.0,129.0,271.0,144.0,127.0,31.0,18.0,13.0,36.0,23.0,13.0,33.0,18.0,15.0,70.0,68.0,69.0,,69.0,,67.0,0.0,71.0,5.0,14.0,5.0,55.0,59.0,66.0,69.0,0.0,28.0,28.0,66.0,,12.0,69.0,69.0,69.0,69.0,69.0,32.0,49.0,48.0,0.0,7.0,40.0,0.0,0.0,31.0,67.0,,53.0,65.0,19.0,,,0.0,0.0,14.0,42.0,0.0,30.0,52.0,63.0,291.0,199785.56631819703,1285.6091664968317,0.006434945177417127,1.872569046628384,291.0,False,60
220140001294A022,22,Querétaro,014,Querétaro,0001,Santiago de Querétaro,294A,022,Urbana,341,Típica,165,176,74,9.11,341.0,,5.0,0.0,5.0,14.0,4.0,8.0,28.0,,,13.0,5.0,12.0,34.0,23.0,56.0,181.0,96.0,69.0,224.0,48.0,176.0,341.0,165.0,341.0,10.0,5.0,5.0,4.61,1.0,67.0,15.0,6.0,9.0,11.0,4.0,7.0,283.0,143.0,140.0,14.0,7.0,7.0,83.0,272.0,139.0,133.0,29.0,18.0,11.0,258.0,132.0,126.0,13.0,9.0,4.0,326.0,170.0,156.0,316.0,163.0,153.0,68.0,35.0,33.0,30.0,18.0,12.0,35.0,17.0,18.0,74.0,77.0,74.0,3.0,74.0,3.0,74.0,0.0,77.0,0.0,13.0,7.0,61.0,67.0,74.0,74.0,0.0,31.0,31.0,65.0,5.0,,74.0,74.0,74.0,74.0,74.0,34.0,51.0,54.0,0.0,,43.0,0.0,0.0,28.0,71.0,3.0,54.0,70.0,21.0,4.0,4.0,0.0,0.0,12.0,52.0,0.0,51.0,59.0,67.0,341.0,33593.960651081106,795.4534002240623,0.023678464367030905,8.074356349157538,341.0,False,60
220140001294A026,22,Querétaro,014,Querétaro,0001,Santiago de Querétaro,294A,026,Urbana,26,Típica,15,11,7,11.77,26.0,,0.0,0.0,,0.0,0.0,,,0.0,,,,,,,3.0,8.0,15.0,4.0,16.0,6.0,11.0,26.0,15.0,26.0,0.0,0.0,0.0,3.71,0.76,,0.0,0.0,0.0,,0.0,,23.0,10.0,13.0,0.0,0.0,0.0,4.0,22.0,10.0,12.0,3.0,,,22.0,10.0,12.0,0.0,0.0,0.0,26.0,11.0,15.0,26.0,11.0,15.0,7.0,3.0,4.0,3.0,,,3.0,,,7.0,5.0,7.0,0.0,7.0,0.0,5.0,0.0,7.0,0.0,0.0,0.0,7.0,7.0,7.0,7.0,0.0,4.0,,7.0,0.0,,7.0,7.0,7.0,7.0,7.0,3.0,6.0,6.0,0.0,0.0,3.0,0.0,0.0,4.0,6.0,,5.0,6.0,,0.0,0.0,0.0,0.0,4.0,5.0,0.0,4.0,7.0,7.0,26.0,10612.733552440795,575.7245497498628,0.05424846924734612,1.4104602004309992,26.0,False,60
2201400013219002,22,Querétaro,014,Querétaro,0001,Santiago de Querétaro,3219,002,Urbana,93,Típica,50,43,31,12.83,93.0,,0.0,0.0,,0.0,0.0,,4.0,0.0,0.0,4.0,,,18.0,3.0,21.0,43.0,34.0,24.0,67.0,,43.0,93.0,50.0,93.0,0.0,0.0,0.0,3.0,0.8,21.0,4.0,0.0,4.0,8.0,3.0,5.0,77.0,36.0,41.0,4.0,,,28.0,69.0,33.0,36.0,14.0,5.0,9.0,65.0,31.0,34.0,,,0.0,89.0,43.0,46.0,88.0,42.0,46.0,4.0,3.0,,11.0,6.0,5.0,17.0,8.0,9.0,31.0,32.0,31.0,,31.0,0.0,31.0,,32.0,0.0,6.0,,25.0,29.0,31.0,31.0,0.0,21.0,4.0,31.0,4.0,10.0,31.0,31.0,31.0,31.0,31.0,22.0,28.0,27.0,0.0,3.0,8.0,0.0,0.0,21.0,31.0,0.0,22.0,31.0,,0.0,0.0,0.0,0.0,15.0,28.0,0.0,18.0,31.0,31.0,93.0,3872.1876975247096,10.185201435239922,0.00263034806958113,0.2446223704710451,93.0,False,60
2201400013346044,22,Querétaro,014,Querétaro,0001,Santiago de Querétaro,3346,044,Urbana,145,Típica,62,83,45,12.75,145.0,,,0.0,0.0,,0.0,0.0,0.0,,0.0,,0.0,0.0,,,4.0,84.0,42.0,30.0,108.0,7.0,83.0,145.0,62.0,145.0,,0.0,,3.22,0.8,24.0,3.0,,,11.0,8.0,3.0,126.0,74.0,52.0,11.0,6.0,5.0,49.0,115.0,66.0,49.0,15.0,7.0,8.0,104.0,60.0,44.0,,0.0,,142.0,82.0,60.0,141.0,82.0,59.0,10.0,7.0,3.0,15.0,8.0,7.0,23.0,14.0,9.0,45.0,47.0,45.0,,45.0,3.0,43.0,,49.0,0.0,5.0,,40.0,43.0,45.0,45.0,0.0,24.0,11.0,45.0,8.0,11.0,45.0,45.0,45.0,45.0,45.0,33.0,42.0,39.0,0.0,3.0,20.0,0.0,0.0,37.0,45.0,0.0,32.0,44.0,,0.0,,0.0,0.0,20.0,37.0,0.0,31.0,45.0,44.0,145.0,5079.595534622198,467.1962503244854,0.0919750887920319,13.336387874844625,145.0,False,60
2201400013416001,22,Querétaro,014,Querétaro,0001,Santiago de Querétaro,3416,001,Urbana,457,Típica,219,238,130,10.91,457.0,,5.0,3.0,4.0,10.0,4.0,11.0,11.0,3.0,0.0,10.0,,10.0,65.0,19.0,85.0,251.0,124.0,106.0,341.0,10.0,238.0,457.0,219.0,457.0,0.0,0.0,0.0,3.52,1.03,63.0,17.0,11.0,6.0,24.0,17.0,7.0,375.0,194.0,181.0,35.0,16.0,19.0,152.0,351.0,177.0,174.0,68.0,32.0,36.0,316.0,161.0,155.0,24.0,14.0,10.0,440.0,227.0,213.0,429.0,220.0,209.0,19.0,10.0,9.0,41.0,19.0,22.0,54.0,33.0,21.0,130.0,144.0,130.0,15.0,130.0,8.0,129.0,7.0,145.0,0.0,24.0,10.0,106.0,120.0,130.0,130.0,0.0,59.0,13.0,129.0,3.0,21.0,130.0,130.0,130.0,130.0,130.0,87.0,113.0,109.0,0.0,6.0,67.0,0.0,0.0,70.0,130.0,0.0,101.0,125.0,14.0,,3.0,,0.0,33.0,101.0,0.0,69.0,130.0,126.0,457.0,12970.359426938146,151.22009447792448,0.011658897760678504,5.328116276630077,457.0,False,60
2201400013647019,22,Querétaro,014,Querétaro,0001,Santiago de Querétaro,3647,019,Urbana,45,Típica,22,23,14,11.75,45.0,,,0.0,,0.0,0.0,3.0,,0.0,0.0,0.0,,,,4.0,4.0,27.0,13.0,8.0,34.0,3.0,23.0,45.0,22.0,45.0,7.0,4.0,3.0,3.21,0.98,,,,0.0,3.0,,,40.0,20.0,20.0,4.0,,3.0,14.0,37.0,18.0,19.0,7.0,4.0,3.0,33.0,17.0,16.0,,,0.0,44.0,22.0,22.0,43.0,21.0,22.0,3.0,,,3.0,,,5.0,3.0,,14.0,16.0,14.0,,14.0,,14.0,0.0,16.0,0.0,5.0,0.0,9.0,14.0,14.0,14.0,0.0,8.0,,14.0,0.0,4.0,14.0,14.0,14.0,14.0,14.0,4.0,10.0,8.0,0.0,,6.0,0.0,0.0,10.0,14.0,0.0,14.0,14.0,,0.0,0.0,0.0,0.0,4.0,8.0,0.0,6.0,14.0,14.0,45.0,3257.8730917825756,681.0937736897095,0.20906086716749384,9.407739022537223,45.0,False,60
2201400013524015,22,Querétaro,014,Querétaro,0001,Santiago de Querétaro,3524,015,Urbana,18,Típica,15,3,6,11.67,18.0,,0.0,0.0,0.0,,0.0,,0.0,0.0,0.0,0.0,0.0,,3.0,,3.0,14.0,4.0,0.0,15.0,3.0,3.0,18.0,15.0,18.0,0.0,0.0,0.0,3.0,0.72,,0.0,0.0,0.0,0.0,0.0,0.0,18.0,3.0,15.0,0.0,0.0,0.0,0.0,18.0,3.0,15.0,9.0,0.0,9.0,18.0,3.0,15.0,0.0,0.0,0.0,18.0,3.0,15.0,18.0,3.0,15.0,4.0,,,0.0,0.0,0.0,0.0,0.0,0.0,6.0,6.0,6.0,0.0,6.0,0.0,6.0,0.0,6.0,0.0,,,4.0,5.0,6.0,6.0,0.0,3.0,0.0,3.0,,,6.0,6.0,6.0,6.0,6.0,3.0,5.0,4.0,0.0,0.0,3.0,0.0,0.0,,6.0,0.0,4.0,6.0,,,0.0,0.0,0.0,,,0.0,,6.0,5.0,18.0,1726.3405239598087,201.10056903921281,0.1164895142343856,2.096811256218941,18.0,False,60
2201400013810005,22,Querétaro,014,Querétaro,0001,Santiago de Querétaro,3810,005,Urbana,187,Típica,93,94,67,12.16,187.0,,,,4.0,4.0,,5.0,4.0,0.0,0.0,3.0,3.0,6.0,8.0,12.0,15.0,111.0,43.0,39.0,135.0,13.0,94.0,187.0,93.0,187.0,8.0,4.0,4.0,2.79,0.69,28.0,3.0,,,6.0,,5.0,154.0,74.0,80.0,7.0,5.0,,50.0,148.0,73.0,75.0,23.0,9.0,14.0,141.0,68.0,73.0,11.0,8.0,3.0,184.0,92.0,92.0,178.0,87.0,91.0,21.0,12.0,9.0,19.0,10.0,9.0,19.0,7.0,12.0,67.0,63.0,67.0,6.0,67.0,6.0,57.0,0.0,73.0,0.0,10.0,,57.0,65.0,67.0,67.0,0.0,47.0,12.0,67.0,,16.0,67.0,67.0,67.0,67.0,67.0,53.0,57.0,58.0,0.0,3.0,20.0,0.0,0.0,44.0,67.0,0.0,57.0,66.0,7.0,0.0,,0.0,0.0,23.0,47.0,0.0,36.0,67.0,66.0,187.0,12839.502165843718,741.0332044640589,0.057715104128833926,10.792724472091944,187.0,False,60
2201400010303013,22,Querétaro,014,Querétaro,0001,Santiago de Querétaro,0303,013,Urbana,78,Típica,33,45,25,13.49,78.0,,0.0,0.0,0.0,,,,3.0,0.0,0.0,,0.0,0.0,5.0,3.0,9.0,45.0,29.0,4.0,50.0,24.0,45.0,78.0,33.0,78.0,0.0,0.0,0.0,3.12,0.66,14.0,,,,0.0,0.0,0.0,74.0,42.0,32.0,,0.0,,18.0,74.0,42.0,32.0,5.0,4.0,,72.0,42.0,30.0,0.0,0.0,0.0,76.0,44.0,32.0,76.0,44.0,32.0,29.0,18.0,11.0,,,0.0,,,0.0,25.0,27.0,25.0,,25.0,,25.0,,27.0,0.0,7.0,0.0,18.0,25.0,25.0,25.0,0.0,18.0,,22.0,11.0,,25.0,25.0,25.0,25.0,25.0,19.0,22.0,23.0,0.0,0.0,7.0,0.0,0.0,16.0,25.0,0.0,19.0,25.0,,0.0,,0.0,0.0,10.0,21.0,0.0,21.0,25.0,24.0,78.0,5947.896183083702,231.21444668465165,0.03887331580235785,3.0321186325839125,78.0,False,60
220140001223A003,22,Querétaro,014,Querétaro,0001,Santiago de Querétaro,223A,003,Urbana,659,Típica,307,352,217,14.39,659.0,,7.0,3.0,,6.0,4.0,7.0,14.0,3.0,4.0,9.0,6.0,9.0,12.0,16.0,30.0,332.0,283.0,64.0,465.0,130.0,352.0,659.0,307.0,659.0,3.0,0.0,3.0,3.04,0.51,100.0,16.0,8.0,8.0,22.0,11.0,11.0,617.0,331.0,286.0,36.0,19.0,17.0,167.0,595.0,320.0,275.0,73.0,39.0,34.0,559.0,301.0,258.0,10.0,7.0,3.0,643.0,344.0,299.0,635.0,339.0,296.0,168.0,91.0,77.0,16.0,6.0,10.0,35.0,16.0,19.0,217.0,174.0,217.0,12.0,217.0,9.0,162.0,3.0,229.0,,17.0,,200.0,215.0,217.0,217.0,0.0,196.0,11.0,214.0,137.0,71.0,217.0,217.0,217.0,217.0,217.0,195.0,211.0,210.0,0.0,8.0,20.0,0.0,0.0,191.0,216.0,,185.0,216.0,5.0,0.0,4.0,0.0,0.0,154.0,179.0,0.0,189.0,203.0,211.0,659.0,161884.14706302527,1994.8435637881717,0.012322661606954834,8.120633998983235,659.0,False,60
2201400012259009,22,Querétaro,014,Querétaro,0001,Santiago de Querétaro,2259,009,Urbana,45,Típica,17,28,12,11.69,45.0,,,,0.0,0.0,0.0,,,0.0,0.0,,,,,3.0,3.0,30.0,10.0,3.0,40.0,,28.0,45.0,17.0,45.0,,0.0,,3.75,0.9,18.0,,0.0,,0.0,0.0,0.0,42.0,26.0,16.0,,,0.0,19.0,42.0,26.0,16.0,5.0,3.0,,41.0,25.0,16.0,0.0,0.0,0.0,44.0,28.0,16.0,44.0,28.0,16.0,7.0,4.0,3.0,,,0.0,,,0.0,12.0,14.0,12.0,,12.0,,11.0,,15.0,,,,10.0,10.0,12.0,12.0,0.0,6.0,,12.0,0.0,,12.0,12.0,12.0,12.0,12.0,8.0,11.0,10.0,0.0,,6.0,0.0,0.0,5.0,12.0,0.0,5.0,12.0,,0.0,0.0,0.0,0.0,5.0,9.0,0.0,11.0,6.0,12.0,45.0,1782.980271254518,189.2513506274645,0.10614326679807055,4.776447005913175,45.0,False,60
2201400012259010,22,Querétaro,014,Querétaro,0001,Santiago de Querétaro,2259,010,Urbana,43,Típica,21,22,12,10.92,43.0,,,,0.0,,,,,0.0,,,,3.0,0.0,3.0,3.0,26.0,10.0,6.0,34.0,3.0,22.0,43.0,21.0,43.0,0.0,0.0,0.0,3.58,0.9,11.0,0.0,0.0,0.0,0.0,0.0,0.0,37.0,20.0,17.0,,,0.0,11.0,37.0,20.0,17.0,5.0,3.0,,35.0,18.0,17.0,,0.0,,43.0,22.0,21.0,41.0,22.0,19.0,8.0,6.0,,4.0,,,,0.0,,12.0,13.0,12.0,,12.0,,12.0,0.0,13.0,0.0,0.0,,12.0,11.0,12.0,12.0,0.0,9.0,,11.0,,0.0,12.0,12.0,12.0,12.0,12.0,8.0,11.0,10.0,0.0,,,0.0,0.0,5.0,11.0,,6.0,12.0,,0.0,0.0,0.0,0.0,5.0,8.0,0.0,9.0,10.0,12.0,43.0,1758.0244259117214,338.21591601347365,0.19238408239866914,8.272515543142774,43.0,False,60
2201400012259012,22,Querétaro,014,Querétaro,0001,Santiago de Querétaro,2259,012,Urbana,86,Típica,38,48,20,10.81,86.0,,,,,,,3.0,,,0.0,,,0.0,,4.0,5.0,47.0,23.0,22.0,54.0,10.0,48.0,86.0,38.0,86.0,0.0,0.0,0.0,4.3,0.93,20.0,,0.0,,6.0,3.0,3.0,70.0,39.0,31.0,6.0,3.0,3.0,27.0,64.0,36.0,28.0,8.0,4.0,4.0,58.0,33.0,25.0,6.0,3.0,3.0,85.0,48.0,37.0,83.0,48.0,35.0,14.0,8.0,6.0,9.0,6.0,3.0,9.0,6.0,3.0,20.0,20.0,20.0,,20.0,,19.0,0.0,21.0,0.0,3.0,0.0,17.0,20.0,20.0,20.0,0.0,14.0,4.0,19.0,,4.0,20.0,20.0,20.0,20.0,20.0,13.0,18.0,18.0,0.0,,6.0,0.0,0.0,12.0,20.0,0.0,15.0,20.0,,0.0,0.0,0.0,0.0,7.0,17.0,0.0,14.0,16.0,20.0,86.0,3658.1090967240157,86.95948731967391,0.023771704183877303,2.044366559813448,86.0,False,60
2201400010996035,22,Querétaro,014,Querétaro,0001,Santiago de Querétaro,0996,035,Urbana,117,Típica,51,66,29,7.67,117.0,,3.0,,,3.0,,4.0,7.0,,0.0,,3.0,,14.0,6.0,22.0,68.0,26.0,29.0,75.0,13.0,66.0,117.0,51.0,117.0,0.0,0.0,0.0,4.03,0.98,26.0,7.0,7.0,0.0,6.0,3.0,3.0,94.0,50.0,44.0,,0.0,,29.0,88.0,47.0,41.0,11.0,6.0,5.0,87.0,47.0,40.0,5.0,3.0,,110.0,59.0,51.0,106.0,57.0,49.0,20.0,12.0,8.0,11.0,6.0,5.0,16.0,8.0,8.0,29.0,32.0,29.0,3.0,29.0,3.0,29.0,0.0,32.0,,6.0,,23.0,27.0,29.0,29.0,0.0,8.0,4.0,28.0,,3.0,29.0,29.0,29.0,29.0,29.0,9.0,20.0,20.0,0.0,3.0,19.0,0.0,0.0,7.0,29.0,0.0,19.0,26.0,8.0,0.0,,0.0,0.0,3.0,21.0,0.0,14.0,26.0,28.0,117.0,3916.5075255757465,739.3321716793795,0.18877333104848149,22.086479732672334,117.0,False,60
2201400011119014,22,Querétaro,014,Querétaro,0001,Santiago de Querétaro,1119,014,Urbana,105,Típica,46,59,17,10.28,105.0,,,,,,,0.0,0.0,,0.0,0.0,,0.0,0.0,,,69.0,22.0,16.0,78.0,11.0,59.0,105.0,46.0,105.0,0.0,0.0,0.0,6.18,1.12,22.0,,0.0,,,0.0,,91.0,52.0,39.0,7.0,,5.0,38.0,89.0,52.0,37.0,14.0,9.0,5.0,82.0,50.0,32.0,7.0,5.0,,103.0,59.0,44.0,98.0,55.0,43.0,15.0,7.0,8.0,5.0,,3.0,6.0,,4.0,17.0,16.0,17.0,,17.0,0.0,15.0,,18.0,,3.0,0.0,14.0,16.0,17.0,17.0,0.0,8.0,,17.0,0.0,,17.0,17.0,17.0,17.0,17.0,12.0,17.0,16.0,0.0,,9.0,0.0,0.0,8.0,17.0,0.0,12.0,17.0,0.0,0.0,0.0,0.0,0.0,5.0,16.0,0.0,13.0,15.0,17.0,105.0,8686.2546632936,277.3627433755121,0.03193122400009666,3.3527785200101494,105.0,False,60
2201400012916029,22,Querétaro,014,Querétaro,0001,Santiago de Querétaro,2916,029,Urbana,29,Típica,14,15,7,9.36,29.0,,0.0,0.0,0.0,0.0,0.0,0.0,,0.0,,0.0,0.0,0.0,0.0,0.0,,9.0,7.0,15.0,14.0,0.0,15.0,29.0,14.0,29.0,0.0,0.0,0.0,4.14,1.71,9.0,4.0,3.0,,,,,16.0,8.0,8.0,,,0.0,6.0,14.0,7.0,7.0,0.0,0.0,0.0,13.0,6.0,7.0,,0.0,,25.0,12.0,13.0,24.0,12.0,12.0,0.0,0.0,0.0,7.0,4.0,3.0,5.0,,3.0,7.0,8.0,7.0,,7.0,0.0,7.0,,8.0,,4.0,,3.0,3.0,,,5.0,4.0,,7.0,3.0,0.0,4.0,,7.0,7.0,7.0,,0.0,4.0,0.0,0.0,3.0,0.0,0.0,,6.0,,5.0,4.0,6.0,0.0,0.0,0.0,0.0,0.0,,3.0,0.0,5.0,7.0,29.0,24294.03691645233,575.9399222407892,0.023707048944622004,0.6875044193940381,29.0,False,60
2201400010303053,22,Querétaro,014,Querétaro,0001,Santiago de Querétaro,0303,053,Urbana,51,Típica,21,30,21,13.57,51.0,,0.0,,,4.0,3.0,,,0.0,,,,4.0,,5.0,5.0,33.0,14.0,5.0,35.0,11.0,30.0,51.0,21.0,51.0,8.0,,7.0,2.43,0.57,17.0,,0.0,,,0.0,,47.0,29.0,18.0,3.0,3.0,0.0,16.0,46.0,29.0,17.0,6.0,4.0,,43.0,26.0,17.0,0.0,0.0,0.0,50.0,30.0,20.0,50.0,30.0,20.0,12.0,9.0,3.0,3.0,,,3.0,0.0,3.0,21.0,22.0,21.0,,21.0,,21.0,0.0,22.0,0.0,6.0,,15.0,20.0,21.0,21.0,0.0,11.0,4.0,20.0,3.0,,21.0,21.0,21.0,21.0,21.0,13.0,20.0,16.0,0.0,,9.0,0.0,0.0,16.0,21.0,0.0,16.0,20.0,,0.0,,0.0,0.0,11.0,14.0,0.0,16.0,20.0,18.0,51.0,4534.929899230962,241.59071854350404,0.053273308278585126,2.7169387222078414,51.0,False,60
2201400010642004,22,Querétaro,014,Querétaro,0001,Santiago de Querétaro,0642,004,Urbana,82,Típica,42,40,31,9.18,82.0,,4.0,,,5.0,,0.0,3.0,0.0,,,,0.0,6.0,6.0,8.0,44.0,29.0,11.0,54.0,17.0,40.0,82.0,42.0,82.0,,0.0,,2.65,0.79,21.0,5.0,3.0,,,0.0,,73.0,36.0,37.0,,,0.0,22.0,71.0,36.0,35.0,10.0,3.0,7.0,70.0,35.0,35.0,,0.0,,77.0,37.0,40.0,77.0,37.0,40.0,20.0,10.0,10.0,3.0,,,4.0,,3.0,31.0,27.0,31.0,,31.0,,25.0,0.0,33.0,,11.0,5.0,20.0,24.0,31.0,31.0,0.0,8.0,4.0,24.0,,4.0,31.0,31.0,31.0,31.0,31.0,15.0,21.0,25.0,0.0,,22.0,0.0,0.0,6.0,31.0,0.0,24.0,30.0,9.0,5.0,,,0.0,3.0,16.0,0.0,22.0,29.0,29.0,82.0,8135.374546543595,446.3074672792898,0.05486010075208013,4.498528261670571,82.0,False,60
2201400010642017,22,Querétaro,014,Querétaro,0001,Santiago de Querétaro,0642,017,Urbana,102,Típica,51,51,36,9.38,102.0,,3.0,0.0,,3.0,0.0,4.0,5.0,0.0,0.0,3.0,,0.0,6.0,6.0,12.0,61.0,30.0,15.0,70.0,17.0,51.0,102.0,51.0,102.0,0.0,0.0,0.0,2.83,0.54,38.0,,,0.0,4.0,0.0,4.0,91.0,45.0,46.0,,,,23.0,87.0,45.0,42.0,10.0,5.0,5.0,85.0,44.0,41.0,6.0,3.0,3.0,100.0,49.0,51.0,95.0,47.0,48.0,23.0,16.0,7.0,3.0,,,6.0,,5.0,36.0,27.0,36.0,,36.0,,26.0,0.0,37.0,,7.0,0.0,29.0,34.0,36.0,36.0,0.0,18.0,5.0,36.0,4.0,9.0,36.0,36.0,36.0,36.0,36.0,15.0,29.0,26.0,0.0,0.0,18.0,0.0,0.0,14.0,36.0,0.0,27.0,33.0,6.0,0.0,,0.0,0.0,5.0,23.0,0.0,22.0,31.0,31.0,102.0,7090.8528504242395,537.0563533225857,0.07573931720927675,7.725410355346228,102.0,False,60
2201400010642018,22,Querétaro,014,Querétaro,0001,Santiago de Querétaro,0642,018,Urbana,80,Típica,37,43,32,8.41,80.0,,,,,,3.0,,3.0,,,3.0,,,5.0,5.0,8.0,54.0,20.0,11.0,60.0,9.0,43.0,80.0,37.0,80.0,0.0,0.0,0.0,2.5,0.66,11.0,0.0,0.0,0.0,5.0,3.0,,74.0,41.0,33.0,3.0,,,19.0,69.0,38.0,31.0,9.0,5.0,4.0,66.0,36.0,30.0,3.0,,,80.0,43.0,37.0,79.0,42.0,37.0,11.0,8.0,3.0,3.0,,,8.0,4.0,4.0,32.0,31.0,32.0,,32.0,,30.0,0.0,33.0,,13.0,8.0,19.0,23.0,32.0,32.0,0.0,10.0,7.0,24.0,0.0,3.0,32.0,32.0,32.0,32.0,32.0,18.0,16.0,21.0,0.0,,21.0,0.0,0.0,12.0,32.0,0.0,18.0,28.0,15.0,6.0,4.0,3.0,0.0,5.0,11.0,0.0,19.0,31.0,27.0,80.0,5806.145144437058,685.1003957783006,0.11799574050171724,9.43965924013738,80.0,False,60
2201400010888042,22,Querétaro,014,Querétaro,0001,Santiago de Querétaro,0888,042,Urbana,43,Típica,13,30,11,9.74,43.0,,0.0,0.0,,,0.0,,0.0,0.0,0.0,,,0.0,,3.0,4.0,21.0,13.0,9.0,30.0,4.0,30.0,43.0,13.0,43.0,0.0,0.0,0.0,3.91,0.84,,0.0,0.0,0.0,0.0,0.0,0.0,34.0,23.0,11.0,,,0.0,14.0,34.0,23.0,11.0,3.0,,,32.0,21.0,11.0,3.0,3.0,0.0,43.0,30.0,13.0,41.0,28.0,13.0,4.0,3.0,,6.0,4.0,,6.0,4.0,,11.0,11.0,11.0,0.0,11.0,0.0,11.0,0.0,11.0,,,0.0,9.0,10.0,11.0,11.0,0.0,5.0,3.0,10.0,,,11.0,11.0,11.0,11.0,11.0,5.0,8.0,8.0,0.0,,5.0,0.0,0.0,4.0,11.0,0.0,8.0,11.0,3.0,,0.0,0.0,0.0,,8.0,0.0,5.0,8.0,11.0,43.0,4936.027045463991,28.97997334881026,0.005871113160824693,0.25245786591546177,43.0,False,60
2201400011119015,22,Querétaro,014,Querétaro,0001,Santiago de Querétaro,1119,015,Urbana,185,Típica,92,93,32,10.3,185.0,,0.0,,0.0,,,0.0,,,,,3.0,,,,,99.0,53.0,46.0,124.0,15.0,93.0,185.0,92.0,185.0,0.0,0.0,0.0,5.78,1.32,35.0,0.0,0.0,0.0,13.0,6.0,7.0,152.0,77.0,75.0,13.0,7.0,6.0,49.0,139.0,71.0,68.0,22.0,8.0,14.0,126.0,64.0,62.0,13.0,8.0,5.0,185.0,93.0,92.0,175.0,87.0,88.0,19.0,11.0,8.0,20.0,8.0,12.0,28.0,13.0,15.0,32.0,34.0,32.0,,32.0,,32.0,0.0,34.0,0.0,4.0,3.0,28.0,29.0,31.0,32.0,0.0,15.0,3.0,29.0,,0.0,32.0,32.0,32.0,32.0,32.0,19.0,30.0,30.0,0.0,3.0,14.0,0.0,0.0,16.0,31.0,,22.0,32.0,,,0.0,0.0,0.0,,25.0,0.0,24.0,25.0,32.0,185.0,8661.654701359692,1.428144912130929,0.00016488130286546073,0.030503041030110235,185.0,False,60
2201400011373022,22,Querétaro,014,Querétaro,0001,Santiago de Querétaro,1373,022,Urbana,93,Típica,44,49,22,8.44,93.0,,0.0,,0.0,,,3.0,,0.0,,3.0,0.0,,3.0,4.0,9.0,62.0,16.0,18.0,70.0,5.0,49.0,93.0,44.0,93.0,0.0,0.0,0.0,4.23,1.09,22.0,,,0.0,3.0,,,78.0,38.0,40.0,5.0,3.0,,25.0,75.0,37.0,38.0,13.0,7.0,6.0,70.0,34.0,36.0,3.0,,,91.0,47.0,44.0,90.0,47.0,43.0,11.0,5.0,6.0,10.0,8.0,,7.0,4.0,3.0,22.0,22.0,22.0,0.0,22.0,0.0,22.0,0.0,22.0,,4.0,3.0,18.0,18.0,22.0,22.0,0.0,9.0,0.0,20.0,0.0,0.0,22.0,22.0,22.0,22.0,22.0,12.0,19.0,18.0,0.0,0.0,13.0,0.0,0.0,10.0,20.0,,16.0,22.0,,,0.0,0.0,0.0,,13.0,0.0,13.0,19.0,22.0,93.0,4242.085667676403,404.39107075402256,0.09532836025339564,8.865537503565795,93.0,False,60
2201400011392036,22,Querétaro,014,Querétaro,0001,Santiago de Querétaro,1392,036,Urbana,79,Típica,41,38,18,8.24,79.0,,0.0,0.0,0.0,0.0,0.0,0.0,3.0,,,,0.0,,5.0,0.0,9.0,45.0,14.0,24.0,52.0,3.0,38.0,79.0,41.0,79.0,0.0,0.0,0.0,4.39,1.11,20.0,7.0,4.0,3.0,4.0,,3.0,59.0,26.0,33.0,,0.0,,20.0,55.0,25.0,30.0,16.0,7.0,9.0,53.0,25.0,28.0,7.0,3.0,4.0,72.0,34.0,38.0,69.0,32.0,37.0,4.0,,,6.0,5.0,,7.0,4.0,3.0,18.0,19.0,18.0,,18.0,0.0,18.0,,19.0,,6.0,,12.0,15.0,17.0,18.0,0.0,11.0,,18.0,,,18.0,18.0,18.0,18.0,18.0,7.0,17.0,13.0,0.0,,7.0,0.0,0.0,5.0,17.0,,18.0,17.0,,0.0,0.0,0.0,0.0,,14.0,0.0,12.0,12.0,18.0,79.0,4216.651023236095,296.3548627109362,0.07028204636282583,5.5522816626632405,79.0,False,60
2201400011655013,22,Querétaro,014,Querétaro,0001,Santiago de Querétaro,1655,013,Urbana,57,Típica,34,23,13,10.87,57.0,,,0.0,0.0,0.0,0.0,0.0,3.0,0.0,0.0,4.0,6.0,,4.0,,7.0,39.0,10.0,10.0,45.0,,23.0,57.0,34.0,57.0,0.0,0.0,0.0,4.38,1.1,9.0,3.0,,,,,,49.0,20.0,29.0,0.0,0.0,0.0,12.0,47.0,19.0,28.0,11.0,4.0,7.0,47.0,19.0,28.0,,0.0,,54.0,21.0,33.0,53.0,21.0,32.0,4.0,,3.0,4.0,,3.0,5.0,,4.0,13.0,13.0,13.0,0.0,13.0,0.0,13.0,0.0,13.0,0.0,0.0,0.0,13.0,13.0,13.0,13.0,0.0,9.0,3.0,13.0,,4.0,13.0,13.0,13.0,13.0,13.0,8.0,12.0,12.0,0.0,,3.0,0.0,0.0,10.0,13.0,0.0,7.0,13.0,,0.0,0.0,0.0,0.0,6.0,10.0,0.0,10.0,13.0,13.0,57.0,1637.4768727578924,6.1005098375034255,0.0037255548087398306,0.21235662409817035,57.0,False,60
2201400012367023,22,Querétaro,014,Querétaro,0001,Santiago de Querétaro,2367,023,Urbana,76,Típica,36,40,26,11.57,76.0,,,0.0,,,,,3.0,,,,,3.0,,5.0,4.0,39.0,24.0,16.0,52.0,8.0,40.0,76.0,36.0,76.0,,,0.0,2.92,0.66,29.0,3.0,,,3.0,,,63.0,32.0,31.0,,,,20.0,60.0,30.0,30.0,8.0,6.0,,58.0,29.0,29.0,5.0,,3.0,73.0,38.0,35.0,69.0,37.0,32.0,12.0,5.0,7.0,5.0,4.0,,7.0,5.0,,26.0,36.0,26.0,10.0,26.0,3.0,26.0,7.0,36.0,,10.0,6.0,16.0,19.0,26.0,26.0,0.0,12.0,9.0,26.0,,5.0,26.0,26.0,26.0,26.0,26.0,13.0,22.0,20.0,0.0,,13.0,0.0,0.0,19.0,26.0,0.0,18.0,25.0,,0.0,,0.0,0.0,15.0,17.0,0.0,13.0,23.0,25.0,76.0,7413.977709421963,476.53189652945804,0.06427479488154696,4.884884410997569,76.0,False,60
2201400012418019,22,Querétaro,014,Querétaro,0001,Santiago de Querétaro,2418,019,Urbana,55,Típica,31,24,22,12.05,55.0,,,0.0,0.0,,0.0,0.0,0.0,,0.0,,0.0,0.0,,,3.0,39.0,6.0,13.0,39.0,3.0,24.0,55.0,31.0,55.0,0.0,0.0,0.0,2.5,0.54,11.0,,,,3.0,0.0,3.0,45.0,19.0,26.0,,,0.0,11.0,42.0,19.0,23.0,4.0,,3.0,41.0,18.0,23.0,,0.0,,53.0,23.0,30.0,53.0,23.0,30.0,9.0,4.0,5.0,7.0,4.0,3.0,8.0,3.0,5.0,22.0,27.0,22.0,5.0,22.0,5.0,22.0,0.0,27.0,0.0,5.0,0.0,17.0,22.0,22.0,22.0,0.0,17.0,3.0,21.0,4.0,5.0,22.0,22.0,22.0,22.0,22.0,18.0,20.0,18.0,0.0,4.0,5.0,0.0,0.0,16.0,22.0,0.0,15.0,21.0,,,0.0,0.0,0.0,10.0,13.0,0.0,17.0,22.0,22.0,55.0,7433.15014696619,85.64856416977267,0.011522512323355903,0.6337381777845746,55.0,False,60
2201400012865024,22,Querétaro,014,Querétaro,0001,Santiago de Querétaro,2865,024,Urbana,109,Típica,58,51,29,10.0,109.0,,0.0,,,,0.0,4.0,,0.0,0.0,3.0,,,5.0,7.0,7.0,63.0,29.0,20.0,79.0,10.0,51.0,109.0,58.0,109.0,0.0,0.0,0.0,3.76,1.18,32.0,9.0,3.0,6.0,3.0,,,92.0,44.0,48.0,3.0,,,28.0,89.0,42.0,47.0,16.0,9.0,7.0,86.0,41.0,45.0,,0.0,,100.0,48.0,52.0,98.0,48.0,50.0,17.0,5.0,12.0,6.0,4.0,,7.0,4.0,3.0,29.0,33.0,29.0,4.0,29.0,4.0,29.0,0.0,33.0,3.0,9.0,6.0,20.0,20.0,29.0,29.0,0.0,18.0,4.0,26.0,6.0,5.0,29.0,28.0,28.0,28.0,29.0,16.0,23.0,22.0,0.0,,11.0,0.0,,12.0,29.0,0.0,17.0,23.0,6.0,,,,,9.0,18.0,0.0,19.0,24.0,27.0,109.0,7894.93260535895,217.8838977167676,0.027597942706803043,3.0081757550415316,109.0,False,60
2201400013191003,22,Querétaro,014,Querétaro,0001,Santiago de Querétaro,3191,003,Urbana,146,Típica,67,79,39,12.57,146.0,,,,0.0,3.0,,3.0,4.0,,0.0,4.0,0.0,0.0,21.0,10.0,26.0,82.0,31.0,37.0,102.0,7.0,79.0,146.0,67.0,146.0,,0.0,,3.74,0.83,33.0,8.0,4.0,4.0,4.0,3.0,,113.0,59.0,54.0,9.0,4.0,5.0,41.0,109.0,56.0,53.0,14.0,7.0,7.0,100.0,52.0,48.0,6.0,3.0,3.0,138.0,75.0,63.0,134.0,73.0,61.0,14.0,7.0,7.0,19.0,13.0,6.0,18.0,11.0,7.0,39.0,38.0,39.0,,39.0,3.0,33.0,,44.0,0.0,4.0,,35.0,38.0,39.0,39.0,0.0,28.0,6.0,39.0,16.0,11.0,39.0,39.0,39.0,39.0,39.0,29.0,35.0,33.0,0.0,6.0,10.0,0.0,0.0,25.0,39.0,0.0,28.0,39.0,4.0,0.0,0.0,0.0,0.0,13.0,35.0,0.0,29.0,39.0,39.0,146.0,5047.9292172582645,193.4071138177934,0.0383141493261351,5.593865801615724,146.0,False,60
2201400013350005,22,Querétaro,014,Querétaro,0001,Santiago de Querétaro,3350,005,Urbana,187,Típica,86,101,59,12.59,187.0,,,0.0,,5.0,,3.0,5.0,0.0,3.0,7.0,,3.0,8.0,7.0,20.0,116.0,39.0,38.0,132.0,17.0,101.0,187.0,86.0,187.0,,0.0,,3.17,0.81,20.0,7.0,,5.0,7.0,5.0,,156.0,86.0,70.0,6.0,4.0,,61.0,149.0,81.0,68.0,24.0,13.0,11.0,143.0,77.0,66.0,9.0,4.0,5.0,180.0,99.0,81.0,175.0,96.0,79.0,24.0,10.0,14.0,15.0,9.0,6.0,16.0,10.0,6.0,59.0,52.0,59.0,6.0,59.0,6.0,46.0,0.0,65.0,,6.0,,53.0,56.0,58.0,58.0,,41.0,7.0,58.0,3.0,21.0,59.0,58.0,59.0,59.0,59.0,47.0,55.0,53.0,0.0,6.0,17.0,0.0,0.0,40.0,59.0,0.0,41.0,57.0,4.0,0.0,0.0,0.0,0.0,31.0,49.0,0.0,43.0,58.0,58.0,187.0,6997.095538053997,659.4441691607291,0.0942454144829543,17.623892508312455,187.0,False,60
2201400011547015,22,Querétaro,014,Querétaro,0001,Santiago de Querétaro,1547,015,Urbana,72,Típica,31,41,18,9.76,72.0,,0.0,0.0,0.0,,0.0,,4.0,0.0,,3.0,0.0,0.0,8.0,4.0,11.0,32.0,26.0,17.0,49.0,6.0,41.0,72.0,31.0,72.0,0.0,0.0,0.0,4.0,0.95,30.0,4.0,3.0,,3.0,,,58.0,34.0,24.0,,,0.0,19.0,55.0,32.0,23.0,8.0,6.0,,53.0,30.0,23.0,8.0,3.0,5.0,68.0,38.0,30.0,63.0,36.0,27.0,11.0,6.0,5.0,,,,4.0,3.0,,18.0,18.0,18.0,,18.0,,16.0,0.0,20.0,0.0,,,16.0,17.0,18.0,18.0,0.0,8.0,,17.0,,,18.0,18.0,18.0,18.0,18.0,13.0,11.0,13.0,0.0,,10.0,0.0,0.0,6.0,17.0,,15.0,18.0,7.0,,0.0,0.0,0.0,,9.0,0.0,7.0,17.0,17.0,72.0,4170.654431665688,30.455663419380087,0.007302370387761092,0.5257706679187987,72.0,False,60
2201400012193029,22,Querétaro,014,Querétaro,0001,Santiago de Querétaro,2193,029,Urbana,48,Típica,23,25,18,11.49,48.0,,,,0.0,0.0,0.0,3.0,,0.0,0.0,4.0,0.0,3.0,4.0,4.0,9.0,30.0,12.0,7.0,37.0,4.0,25.0,48.0,23.0,48.0,0.0,0.0,0.0,2.67,0.56,8.0,0.0,0.0,0.0,,,0.0,42.0,22.0,20.0,0.0,0.0,0.0,10.0,41.0,21.0,20.0,4.0,3.0,,41.0,21.0,20.0,3.0,,,48.0,25.0,23.0,45.0,24.0,21.0,11.0,7.0,4.0,3.0,,,4.0,3.0,,18.0,19.0,18.0,,18.0,,18.0,0.0,19.0,0.0,4.0,0.0,14.0,18.0,18.0,18.0,0.0,9.0,,17.0,,3.0,18.0,18.0,18.0,18.0,18.0,14.0,16.0,17.0,0.0,,8.0,0.0,0.0,9.0,18.0,0.0,10.0,18.0,,0.0,,0.0,0.0,8.0,16.0,0.0,13.0,18.0,17.0,48.0,2142.3718657067748,75.37522134564423,0.035183070946825434,1.6887874054476208,48.0,False,60
2201400011458014,22,Querétaro,014,Querétaro,0001,Santiago de Querétaro,1458,014,Urbana,22,Típica,10,12,9,13.0,22.0,,0.0,0.0,0.0,0.0,0.0,0.0,,0.0,0.0,,0.0,0.0,,0.0,3.0,14.0,7.0,,19.0,,12.0,22.0,10.0,22.0,0.0,0.0,0.0,2.44,0.55,4.0,0.0,0.0,0.0,,,0.0,21.0,12.0,9.0,0.0,0.0,0.0,8.0,20.0,11.0,9.0,5.0,,3.0,20.0,11.0,9.0,0.0,0.0,0.0,22.0,12.0,10.0,22.0,12.0,10.0,,0.0,,,0.0,,,,,9.0,7.0,9.0,,9.0,,6.0,0.0,10.0,0.0,,0.0,7.0,9.0,9.0,9.0,0.0,7.0,,9.0,,3.0,9.0,9.0,9.0,9.0,9.0,9.0,9.0,7.0,0.0,,,0.0,0.0,6.0,9.0,0.0,6.0,8.0,0.0,0.0,0.0,0.0,0.0,4.0,8.0,0.0,6.0,9.0,9.0,22.0,1991.6095704378215,578.7458061470257,0.29059199892265947,6.393023976298508,22.0,False,60
2201400011443018,22,Querétaro,014,Querétaro,0001,Santiago de Querétaro,1443,018,Urbana,17,Típica,5,12,6,13.06,17.0,,0.0,0.0,0.0,0.0,0.0,,0.0,0.0,0.0,0.0,,,,,3.0,11.0,6.0,,15.0,,12.0,17.0,5.0,17.0,4.0,,,2.83,0.65,,0.0,0.0,0.0,,,0.0,17.0,12.0,5.0,,,0.0,8.0,16.0,11.0,5.0,0.0,0.0,0.0,15.0,10.0,5.0,0.0,0.0,0.0,17.0,12.0,5.0,17.0,12.0,5.0,4.0,3.0,,0.0,0.0,0.0,,,0.0,6.0,9.0,6.0,3.0,6.0,3.0,6.0,0.0,9.0,0.0,,0.0,4.0,5.0,5.0,5.0,0.0,5.0,0.0,5.0,0.0,0.0,5.0,5.0,5.0,5.0,5.0,4.0,5.0,4.0,0.0,0.0,0.0,0.0,0.0,3.0,5.0,0.0,5.0,5.0,0.0,0.0,0.0,0.0,0.0,3.0,5.0,0.0,4.0,5.0,5.0,17.0,13262.362373969727,1172.6105031889294,0.08841641256088982,1.5030790135351269,17.0,False,60
2201400011405026,22,Querétaro,014,Querétaro,0001,Santiago de Querétaro,1405,026,Urbana,47,Típica,23,24,13,10.0,47.0,,,0.0,,,0.0,3.0,4.0,0.0,0.0,3.0,,0.0,8.0,5.0,9.0,16.0,22.0,12.0,32.0,3.0,24.0,47.0,23.0,47.0,,0.0,,3.62,0.96,15.0,3.0,0.0,3.0,3.0,,,38.0,22.0,16.0,4.0,,,13.0,35.0,20.0,15.0,3.0,3.0,0.0,31.0,18.0,13.0,,0.0,,44.0,24.0,20.0,42.0,24.0,18.0,6.0,3.0,3.0,4.0,,,5.0,3.0,,13.0,14.0,13.0,,13.0,,13.0,0.0,14.0,0.0,3.0,4.0,10.0,9.0,13.0,13.0,0.0,9.0,,12.0,0.0,,13.0,13.0,13.0,13.0,13.0,5.0,11.0,12.0,0.0,0.0,4.0,0.0,0.0,4.0,13.0,0.0,10.0,13.0,,,0.0,0.0,0.0,3.0,10.0,0.0,7.0,12.0,13.0,47.0,11881.180134493507,395.1795015560858,0.03326096373278598,1.5632652954409412,47.0,False,60
2201400011388015,22,Querétaro,014,Querétaro,0001,Santiago de Querétaro,1388,015,Urbana,61,Típica,35,26,12,9.0,61.0,,0.0,0.0,,,0.0,,3.0,0.0,0.0,3.0,,0.0,,3.0,7.0,34.0,13.0,19.0,35.0,7.0,26.0,61.0,35.0,61.0,0.0,0.0,0.0,5.08,1.02,9.0,,0.0,,5.0,3.0,,47.0,22.0,25.0,0.0,0.0,0.0,13.0,42.0,19.0,23.0,7.0,3.0,4.0,42.0,19.0,23.0,7.0,,5.0,59.0,26.0,33.0,57.0,25.0,32.0,9.0,4.0,5.0,5.0,,3.0,8.0,4.0,4.0,12.0,13.0,12.0,,12.0,,12.0,0.0,13.0,3.0,3.0,0.0,9.0,9.0,12.0,12.0,0.0,7.0,,11.0,,,12.0,12.0,12.0,12.0,12.0,6.0,4.0,8.0,0.0,,5.0,0.0,0.0,,12.0,0.0,10.0,12.0,8.0,0.0,0.0,0.0,0.0,,5.0,0.0,4.0,10.0,12.0,61.0,4151.98591010309,127.93863160265978,0.030813840502527907,1.8796442706542023,61.0,False,60
2201400011354004,22,Querétaro,014,Querétaro,0001,Santiago de Querétaro,1354,004,Urbana,43,Típica,18,25,12,9.45,43.0,,3.0,,,,0.0,5.0,4.0,0.0,0.0,4.0,0.0,3.0,5.0,6.0,10.0,23.0,15.0,5.0,32.0,6.0,25.0,43.0,18.0,43.0,0.0,0.0,0.0,3.58,0.8,11.0,,,,0.0,0.0,0.0,38.0,23.0,15.0,3.0,,,14.0,38.0,23.0,15.0,8.0,4.0,4.0,35.0,21.0,14.0,,,,41.0,24.0,17.0,41.0,24.0,17.0,9.0,6.0,3.0,,0.0,,0.0,0.0,0.0,12.0,13.0,12.0,,12.0,0.0,12.0,,13.0,0.0,3.0,,9.0,10.0,12.0,12.0,0.0,6.0,,11.0,,,12.0,12.0,12.0,12.0,12.0,5.0,11.0,11.0,0.0,,6.0,0.0,0.0,6.0,8.0,4.0,9.0,12.0,,0.0,0.0,0.0,0.0,0.0,10.0,0.0,7.0,9.0,11.0,43.0,12052.982153900475,623.7195228773131,0.05174814953786941,2.225170430128385,43.0,False,60
2201400012812022,22,Querétaro,014,Querétaro,0001,Santiago de Querétaro,2812,022,Urbana,79,Típica,37,42,30,11.87,79.0,,0.0,0.0,0.0,0.0,0.0,0.0,0.0,0.0,0.0,0.0,,0.0,,0.0,,49.0,16.0,16.0,63.0,0.0,42.0,79.0,37.0,79.0,5.0,3.0,,2.63,0.71,5.0,3.0,,,,0.0,,65.0,33.0,32.0,4.0,3.0,,25.0,63.0,33.0,30.0,16.0,5.0,11.0,59.0,30.0,29.0,3.0,,,76.0,40.0,36.0,73.0,38.0,35.0,4.0,,,8.0,5.0,3.0,10.0,5.0,5.0,30.0,37.0,30.0,7.0,30.0,4.0,30.0,3.0,37.0,0.0,,,29.0,29.0,29.0,29.0,,18.0,,27.0,0.0,7.0,30.0,29.0,30.0,30.0,30.0,25.0,23.0,27.0,0.0,,11.0,0.0,0.0,20.0,30.0,0.0,21.0,30.0,5.0,3.0,4.0,3.0,0.0,9.0,14.0,0.0,14.0,28.0,24.0,79.0,4098.3529960849355,169.4678003273262,0.04135022056158046,3.2666674243648566,79.0,False,60
2201400011354007,22,Querétaro,014,Querétaro,0001,Santiago de Querétaro,1354,007,Urbana,92,Típica,47,45,22,9.69,92.0,,3.0,,3.0,5.0,,5.0,,0.0,,,3.0,,5.0,9.0,8.0,47.0,24.0,25.0,59.0,8.0,45.0,92.0,47.0,92.0,0.0,0.0,0.0,4.18,1.11,16.0,5.0,3.0,,4.0,,3.0,71.0,33.0,38.0,,0.0,,22.0,67.0,32.0,35.0,8.0,3.0,5.0,65.0,32.0,33.0,9.0,4.0,5.0,87.0,42.0,45.0,80.0,38.0,42.0,9.0,5.0,4.0,7.0,5.0,,8.0,4.0,4.0,22.0,24.0,22.0,,22.0,,22.0,,24.0,,3.0,,19.0,19.0,22.0,22.0,0.0,9.0,0.0,20.0,,3.0,22.0,22.0,22.0,22.0,22.0,10.0,16.0,14.0,0.0,,13.0,0.0,0.0,10.0,21.0,,13.0,20.0,4.0,,,0.0,0.0,6.0,17.0,0.0,13.0,17.0,21.0,92.0,10365.13652259734,738.0317560544189,0.07120328366591352,6.550702097264044,92.0,False,60
2201400010996036,22,Querétaro,014,Querétaro,0001,Santiago de Querétaro,0996,036,Urbana,242,Típica,113,129,47,9.39,242.0,,0.0,,,3.0,,0.0,5.0,,6.0,6.0,4.0,3.0,14.0,3.0,23.0,126.0,61.0,63.0,169.0,10.0,129.0,242.0,113.0,242.0,0.0,0.0,0.0,5.15,1.18,66.0,10.0,3.0,7.0,8.0,4.0,4.0,187.0,103.0,84.0,7.0,,5.0,74.0,179.0,99.0,80.0,29.0,20.0,9.0,172.0,97.0,75.0,19.0,10.0,9.0,232.0,126.0,106.0,219.0,119.0,100.0,21.0,9.0,12.0,26.0,13.0,13.0,27.0,12.0,15.0,47.0,46.0,47.0,,47.0,0.0,45.0,,48.0,,10.0,,37.0,44.0,47.0,47.0,0.0,32.0,8.0,43.0,,4.0,47.0,47.0,47.0,47.0,47.0,20.0,40.0,41.0,0.0,5.0,13.0,0.0,0.0,24.0,47.0,0.0,22.0,45.0,7.0,,,0.0,0.0,8.0,31.0,0.0,35.0,46.0,45.0,242.0,22750.101083488546,596.51337323158,0.026220251551520114,6.345300875467868,242.0,False,60
2201400011053033,22,Querétaro,014,Querétaro,0001,Santiago de Querétaro,1053,033,Urbana,105,Típica,45,60,29,10.62,105.0,,,0.0,,6.0,,6.0,,0.0,0.0,3.0,,6.0,14.0,11.0,19.0,67.0,21.0,18.0,81.0,6.0,60.0,105.0,45.0,105.0,8.0,5.0,3.0,3.62,0.88,24.0,6.0,5.0,,,,0.0,88.0,47.0,41.0,,0.0,,27.0,87.0,46.0,41.0,13.0,9.0,4.0,85.0,46.0,39.0,4.0,3.0,,99.0,55.0,44.0,98.0,54.0,44.0,9.0,3.0,6.0,7.0,5.0,,4.0,4.0,0.0,29.0,32.0,29.0,3.0,29.0,3.0,29.0,0.0,32.0,0.0,3.0,,26.0,27.0,29.0,29.0,0.0,18.0,10.0,25.0,4.0,,29.0,29.0,29.0,29.0,29.0,15.0,23.0,24.0,0.0,,11.0,0.0,0.0,13.0,29.0,0.0,22.0,28.0,5.0,,0.0,0.0,0.0,9.0,24.0,0.0,19.0,27.0,29.0,105.0,3498.343065924227,657.4613285521262,0.18793506416113354,19.733181736919022,105.0,False,60
2201400010892019,22,Querétaro,014,Querétaro,0001,Santiago de Querétaro,0892,019,Urbana,111,Típica,53,58,32,10.45,111.0,,,,,,,4.0,,0.0,0.0,6.0,3.0,3.0,5.0,7.0,10.0,65.0,27.0,25.0,81.0,5.0,58.0,111.0,53.0,111.0,,0.0,,3.47,0.82,36.0,4.0,,,6.0,5.0,,92.0,49.0,43.0,,,,34.0,86.0,44.0,42.0,17.0,9.0,8.0,84.0,43.0,41.0,5.0,,4.0,107.0,56.0,51.0,103.0,55.0,48.0,7.0,3.0,4.0,10.0,6.0,4.0,13.0,9.0,4.0,32.0,31.0,32.0,,32.0,,29.0,0.0,34.0,,7.0,,25.0,28.0,32.0,32.0,0.0,17.0,3.0,32.0,3.0,6.0,32.0,32.0,32.0,32.0,32.0,20.0,24.0,22.0,0.0,,14.0,0.0,0.0,15.0,32.0,0.0,27.0,29.0,6.0,0.0,0.0,0.0,0.0,6.0,21.0,0.0,20.0,22.0,30.0,111.0,4935.587474436188,28.988069647480465,0.005873276443305645,0.6519336852069266,111.0,False,60
2201400010303014,22,Querétaro,014,Querétaro,0001,Santiago de Querétaro,0303,014,Urbana,300,Típica,142,158,97,13.2,300.0,,8.0,3.0,3.0,13.0,7.0,4.0,17.0,,,7.0,7.0,19.0,9.0,21.0,35.0,171.0,104.0,30.0,206.0,64.0,158.0,300.0,142.0,300.0,0.0,0.0,0.0,3.09,0.61,66.0,3.0,,,6.0,,4.0,276.0,145.0,131.0,12.0,7.0,5.0,74.0,270.0,143.0,127.0,31.0,10.0,21.0,258.0,136.0,122.0,8.0,3.0,5.0,297.0,157.0,140.0,289.0,154.0,135.0,80.0,49.0,31.0,13.0,9.0,4.0,14.0,8.0,6.0,97.0,115.0,97.0,,97.0,18.0,95.0,,117.0,5.0,16.0,3.0,81.0,89.0,97.0,97.0,0.0,65.0,19.0,89.0,35.0,23.0,97.0,97.0,97.0,97.0,97.0,74.0,87.0,89.0,0.0,10.0,31.0,0.0,0.0,79.0,97.0,0.0,76.0,93.0,8.0,3.0,,0.0,0.0,44.0,71.0,0.0,67.0,94.0,92.0,300.0,31444.59638805902,1.977036756228466,6.287365663180333e-05,0.018862096989540996,300.0,False,60
2201400012102032,22,Querétaro,014,Querétaro,0001,Santiago de Querétaro,2102,032,Urbana,78,Típica,40,38,23,10.51,78.0,,,0.0,,,0.0,3.0,4.0,0.0,0.0,,0.0,,,5.0,5.0,46.0,16.0,17.0,55.0,6.0,38.0,78.0,40.0,78.0,0.0,0.0,0.0,3.39,0.96,14.0,4.0,4.0,0.0,,0.0,,62.0,31.0,31.0,5.0,3.0,,20.0,61.0,31.0,30.0,8.0,3.0,5.0,56.0,28.0,28.0,,0.0,,74.0,34.0,40.0,72.0,34.0,38.0,8.0,5.0,3.0,10.0,3.0,7.0,7.0,,6.0,23.0,25.0,23.0,,23.0,,23.0,0.0,25.0,3.0,6.0,0.0,17.0,20.0,23.0,23.0,0.0,13.0,,21.0,,6.0,23.0,23.0,23.0,23.0,23.0,15.0,19.0,19.0,0.0,,10.0,0.0,0.0,10.0,23.0,0.0,17.0,23.0,4.0,,0.0,0.0,0.0,10.0,18.0,0.0,17.0,23.0,22.0,78.0,3367.5526030933484,361.11784620351625,0.1072345078950816,8.364291615816365,78.0,False,60
2201400013810040,22,Querétaro,014,Querétaro,0001,Santiago de Querétaro,3810,040,Urbana,48,Típica,25,23,15,12.2,48.0,,0.0,0.0,0.0,0.0,0.0,4.0,,0.0,0.0,0.0,,,3.0,4.0,5.0,31.0,9.0,10.0,37.0,,23.0,48.0,25.0,48.0,9.0,,7.0,3.2,0.89,9.0,,,,,,0.0,40.0,21.0,19.0,,0.0,,14.0,38.0,19.0,19.0,6.0,,4.0,36.0,19.0,17.0,3.0,0.0,3.0,46.0,22.0,24.0,44.0,22.0,22.0,3.0,,,3.0,,,4.0,3.0,,15.0,12.0,15.0,,15.0,,11.0,0.0,16.0,0.0,,0.0,13.0,15.0,15.0,15.0,0.0,13.0,,15.0,0.0,4.0,15.0,15.0,15.0,15.0,15.0,12.0,14.0,13.0,0.0,0.0,,0.0,0.0,11.0,15.0,0.0,14.0,14.0,,0.0,0.0,0.0,0.0,7.0,13.0,0.0,9.0,15.0,15.0,48.0,981.8504316784579,209.2614158993335,0.2131296266189998,10.230222077711991,48.0,False,60
2201400013581042,22,Querétaro,014,Querétaro,0001,Santiago de Querétaro,3581,042,Urbana,72,Típica,46,26,18,10.2,59.0,,,0.0,,,0.0,0.0,,0.0,,,0.0,,3.0,,6.0,49.0,10.0,13.0,57.0,,26.0,59.0,46.0,72.0,,,,3.47,0.95,7.0,3.0,,,0.0,0.0,0.0,59.0,19.0,40.0,,,0.0,16.0,59.0,19.0,40.0,14.0,3.0,11.0,58.0,18.0,40.0,5.0,4.0,,69.0,25.0,44.0,66.0,22.0,44.0,,0.0,,5.0,,3.0,4.0,,,18.0,23.0,17.0,6.0,17.0,6.0,17.0,0.0,24.0,,4.0,,13.0,14.0,15.0,16.0,,10.0,3.0,17.0,3.0,4.0,17.0,15.0,16.0,16.0,16.0,11.0,14.0,11.0,,3.0,7.0,0.0,,12.0,15.0,,15.0,16.0,3.0,0.0,,0.0,0.0,5.0,11.0,0.0,11.0,14.0,16.0,72.0,14161.460203153281,666.5555545007456,0.04706827861948347,3.38891606060281,72.0,False,60
2201400013524011,22,Querétaro,014,Querétaro,0001,Santiago de Querétaro,3524,011,Urbana,100,Típica,47,53,23,10.67,100.0,,3.0,,,,,11.0,6.0,,,4.0,0.0,,15.0,15.0,20.0,59.0,25.0,22.0,69.0,9.0,53.0,100.0,47.0,100.0,0.0,0.0,0.0,4.35,1.33,18.0,5.0,,4.0,6.0,5.0,,84.0,48.0,36.0,6.0,3.0,3.0,36.0,78.0,43.0,35.0,25.0,13.0,12.0,72.0,40.0,32.0,,,,95.0,52.0,43.0,94.0,51.0,43.0,9.0,5.0,4.0,9.0,3.0,6.0,10.0,7.0,3.0,23.0,27.0,23.0,,23.0,,22.0,3.0,28.0,,9.0,8.0,14.0,14.0,23.0,23.0,0.0,12.0,3.0,21.0,,4.0,23.0,23.0,23.0,23.0,23.0,9.0,15.0,13.0,0.0,,11.0,0.0,0.0,10.0,23.0,0.0,16.0,21.0,7.0,,,,0.0,3.0,12.0,0.0,11.0,14.0,21.0,100.0,6113.4459653401,138.19589837808556,0.02260523756349215,2.260523756349215,100.0,False,60
2201400013350017,22,Querétaro,014,Querétaro,0001,Santiago de Querétaro,3350,017,Urbana,72,Típica,35,37,23,11.81,72.0,,3.0,0.0,,,0.0,,,0.0,0.0,0.0,,0.0,0.0,4.0,,41.0,23.0,14.0,54.0,4.0,37.0,72.0,35.0,72.0,,0.0,,3.13,0.75,15.0,,,0.0,6.0,,4.0,64.0,32.0,32.0,5.0,4.0,,24.0,58.0,30.0,28.0,8.0,,6.0,53.0,26.0,27.0,,,,71.0,36.0,35.0,69.0,35.0,34.0,8.0,5.0,3.0,5.0,3.0,,10.0,4.0,6.0,23.0,25.0,23.0,3.0,23.0,3.0,22.0,0.0,26.0,0.0,,0.0,21.0,23.0,23.0,23.0,0.0,20.0,7.0,23.0,6.0,7.0,23.0,23.0,23.0,23.0,23.0,17.0,21.0,19.0,0.0,,3.0,0.0,0.0,10.0,23.0,0.0,18.0,22.0,,0.0,0.0,0.0,0.0,,20.0,0.0,15.0,20.0,23.0,72.0,4143.321784206904,511.38970795306005,0.1234250523100387,8.886603766322786,72.0,False,60
2201400013350016,22,Querétaro,014,Querétaro,0001,Santiago de Querétaro,3350,016,Urbana,103,Típica,49,54,28,11.7,103.0,,,0.0,0.0,,0.0,,0.0,0.0,0.0,0.0,0.0,0.0,,3.0,,45.0,33.0,33.0,66.0,4.0,54.0,103.0,49.0,103.0,0.0,0.0,0.0,3.68,0.91,12.0,6.0,4.0,,8.0,6.0,,78.0,44.0,34.0,4.0,3.0,,29.0,70.0,38.0,32.0,10.0,4.0,6.0,66.0,35.0,31.0,3.0,,,97.0,50.0,47.0,95.0,49.0,46.0,7.0,3.0,4.0,16.0,4.0,12.0,22.0,9.0,13.0,28.0,27.0,28.0,3.0,28.0,3.0,24.0,0.0,31.0,0.0,4.0,0.0,24.0,28.0,28.0,28.0,0.0,20.0,3.0,28.0,,12.0,28.0,28.0,28.0,28.0,28.0,22.0,26.0,25.0,0.0,,8.0,0.0,0.0,19.0,28.0,0.0,22.0,28.0,,0.0,0.0,0.0,0.0,4.0,23.0,0.0,19.0,28.0,28.0,103.0,5398.151421862801,459.53759871057974,0.08512869736284684,8.768255828373224,103.0,False,60
2201400012992032,22,Querétaro,014,Querétaro,0001,Santiago de Querétaro,2992,032,Urbana,73,Típica,32,41,19,12.61,73.0,,0.0,0.0,0.0,3.0,,,3.0,,,4.0,0.0,5.0,6.0,4.0,11.0,42.0,21.0,14.0,50.0,9.0,41.0,73.0,32.0,73.0,0.0,0.0,0.0,3.84,0.89,11.0,4.0,3.0,,4.0,,,63.0,34.0,29.0,,,0.0,20.0,59.0,32.0,27.0,10.0,6.0,4.0,57.0,30.0,27.0,,,,69.0,38.0,31.0,68.0,38.0,30.0,11.0,5.0,6.0,4.0,3.0,,8.0,5.0,3.0,19.0,23.0,19.0,4.0,19.0,4.0,19.0,0.0,23.0,0.0,,0.0,17.0,19.0,19.0,19.0,0.0,16.0,4.0,19.0,5.0,8.0,19.0,19.0,19.0,19.0,19.0,16.0,18.0,16.0,0.0,3.0,3.0,0.0,0.0,10.0,19.0,0.0,15.0,19.0,,0.0,0.0,0.0,0.0,11.0,18.0,0.0,14.0,19.0,19.0,73.0,46287.26459697796,675.865160869791,0.014601536011136795,1.065912128812986,73.0,False,60
2201400012973022,22,Querétaro,014,Querétaro,0001,Santiago de Querétaro,2973,022,Urbana,36,Típica,17,19,11,12.46,36.0,,0.0,0.0,0.0,4.0,,,,,0.0,,0.0,3.0,6.0,4.0,10.0,14.0,17.0,8.0,26.0,,19.0,36.0,17.0,36.0,,,0.0,3.27,0.82,9.0,,,0.0,3.0,3.0,0.0,31.0,15.0,16.0,,0.0,,9.0,28.0,12.0,16.0,7.0,3.0,4.0,27.0,12.0,15.0,0.0,0.0,0.0,34.0,17.0,17.0,34.0,17.0,17.0,3.0,,,3.0,,,6.0,5.0,,11.0,9.0,11.0,0.0,11.0,0.0,9.0,0.0,11.0,0.0,0.0,0.0,11.0,11.0,11.0,11.0,0.0,9.0,3.0,11.0,0.0,,11.0,11.0,11.0,11.0,11.0,7.0,10.0,8.0,0.0,,,0.0,0.0,6.0,11.0,0.0,8.0,10.0,,0.0,0.0,0.0,0.0,5.0,8.0,0.0,8.0,11.0,11.0,36.0,4667.070899882948,189.61891494558515,0.04062910528107488,1.4626477901186956,36.0,False,60
2201400012973002,22,Querétaro,014,Querétaro,0001,Santiago de Querétaro,2973,002,Urbana,77,Típica,46,31,33,13.89,77.0,,0.0,0.0,0.0,,0.0,0.0,,0.0,,,0.0,3.0,,,7.0,56.0,13.0,11.0,60.0,6.0,31.0,77.0,46.0,77.0,,0.0,,2.33,0.69,26.0,,0.0,,3.0,,,69.0,29.0,40.0,4.0,,,22.0,66.0,27.0,39.0,7.0,3.0,4.0,62.0,25.0,37.0,,,,75.0,31.0,44.0,73.0,30.0,43.0,7.0,4.0,3.0,4.0,,3.0,7.0,3.0,4.0,33.0,30.0,33.0,3.0,33.0,3.0,27.0,0.0,36.0,0.0,9.0,,24.0,31.0,33.0,33.0,0.0,20.0,6.0,32.0,0.0,10.0,33.0,33.0,33.0,33.0,33.0,20.0,27.0,21.0,0.0,,12.0,0.0,0.0,25.0,33.0,0.0,21.0,31.0,3.0,,,,0.0,17.0,21.0,0.0,19.0,33.0,28.0,77.0,8066.240866714336,2.6820843648487576,0.00033250734873495845,0.0256030658525918,77.0,False,60
2201400012969013,22,Querétaro,014,Querétaro,0001,Santiago de Querétaro,2969,013,Urbana,146,Típica,74,72,39,9.43,146.0,,0.0,,,,0.0,,9.0,0.0,0.0,,0.0,3.0,,4.0,14.0,78.0,30.0,40.0,98.0,8.0,72.0,146.0,74.0,146.0,,0.0,,3.74,1.18,14.0,8.0,3.0,5.0,,,,108.0,52.0,56.0,3.0,,,40.0,106.0,51.0,55.0,17.0,7.0,10.0,103.0,50.0,53.0,15.0,9.0,6.0,138.0,69.0,69.0,128.0,62.0,66.0,16.0,8.0,8.0,15.0,8.0,7.0,14.0,6.0,8.0,39.0,37.0,39.0,,39.0,,34.0,,42.0,10.0,15.0,3.0,24.0,26.0,37.0,37.0,,14.0,13.0,37.0,6.0,6.0,39.0,37.0,38.0,38.0,39.0,18.0,24.0,21.0,0.0,4.0,25.0,0.0,,10.0,37.0,,37.0,33.0,14.0,,,0.0,0.0,9.0,22.0,0.0,19.0,32.0,32.0,146.0,21247.801240728906,87.29602124025378,0.004108473166292622,0.5998370822787228,146.0,False,60
2201400012969012,22,Querétaro,014,Querétaro,0001,Santiago de Querétaro,2969,012,Urbana,276,Típica,133,143,63,9.89,276.0,,,,0.0,3.0,,5.0,6.0,0.0,,,,7.0,6.0,7.0,18.0,139.0,76.0,74.0,189.0,13.0,143.0,276.0,133.0,276.0,5.0,4.0,,4.38,1.03,33.0,20.0,10.0,10.0,13.0,5.0,8.0,215.0,111.0,104.0,13.0,5.0,8.0,85.0,202.0,106.0,96.0,38.0,23.0,15.0,189.0,101.0,88.0,14.0,7.0,7.0,256.0,133.0,123.0,245.0,127.0,118.0,16.0,8.0,8.0,27.0,15.0,12.0,35.0,19.0,16.0,63.0,67.0,63.0,6.0,63.0,6.0,61.0,0.0,69.0,4.0,12.0,6.0,51.0,53.0,61.0,62.0,,26.0,14.0,60.0,7.0,9.0,62.0,61.0,62.0,62.0,61.0,26.0,46.0,46.0,,6.0,33.0,0.0,,23.0,61.0,,58.0,58.0,17.0,,,0.0,0.0,13.0,47.0,,26.0,51.0,60.0,276.0,9019.748088870354,119.06342773609336,0.013200305215065605,3.643284239358107,276.0,False,60
2201400012422035,22,Querétaro,014,Querétaro,0001,Santiago de Querétaro,2422,035,Urbana,0,Típica,0,0,0,0.0,0.0,,0.0,0.0,0.0,0.0,0.0,0.0,0.0,0.0,0.0,0.0,0.0,0.0,0.0,0.0,0.0,0.0,0.0,0.0,0.0,0.0,0.0,0.0,0.0,0.0,0.0,0.0,0.0,0.0,0.0,0.0,0.0,0.0,0.0,0.0,0.0,0.0,0.0,0.0,0.0,0.0,0.0,0.0,0.0,0.0,0.0,0.0,0.0,0.0,0.0,0.0,0.0,0.0,0.0,0.0,0.0,0.0,0.0,0.0,0.0,0.0,0.0,0.0,0.0,0.0,0.0,0.0,0.0,0.0,0.0,0.0,0.0,0.0,0.0,0.0,0.0,0.0,0.0,0.0,0.0,0.0,0.0,0.0,0.0,0.0,0.0,0.0,0.0,0.0,0.0,0.0,0.0,0.0,0.0,0.0,0.0,0.0,0.0,0.0,0.0,0.0,0.0,0.0,0.0,0.0,0.0,0.0,0.0,0.0,0.0,0.0,0.0,0.0,0.0,0.0,0.0,0.0,0.0,0.0,0.0,0.0,0.0,0.0,5512.217376152625,709.4565210566511,0.1287061943757799,0.0,0.0,False,60
2201400012140019,22,Querétaro,014,Querétaro,0001,Santiago de Querétaro,2140,019,Urbana,45,Típica,23,22,7,7.93,45.0,,0.0,0.0,0.0,,0.0,0.0,,,0.0,0.0,,0.0,,,,21.0,9.0,9.0,27.0,,22.0,45.0,23.0,45.0,0.0,0.0,0.0,6.43,1.36,19.0,,,,,0.0,,30.0,14.0,16.0,4.0,0.0,4.0,9.0,29.0,14.0,15.0,4.0,,,25.0,14.0,11.0,0.0,0.0,0.0,36.0,17.0,19.0,36.0,17.0,19.0,3.0,,,6.0,3.0,3.0,6.0,3.0,3.0,7.0,7.0,7.0,0.0,7.0,0.0,7.0,0.0,7.0,0.0,0.0,,6.0,5.0,6.0,6.0,0.0,3.0,,5.0,0.0,0.0,6.0,6.0,6.0,6.0,6.0,4.0,5.0,5.0,0.0,,,0.0,0.0,4.0,6.0,0.0,6.0,5.0,,,0.0,0.0,0.0,0.0,3.0,0.0,5.0,3.0,5.0,45.0,1119.5026964628548,276.73575772410015,0.24719525785731974,11.123786603579388,45.0,False,60
2201400012028024,22,Querétaro,014,Querétaro,0001,Santiago de Querétaro,2028,024,Urbana,160,Típica,76,84,46,9.84,160.0,,,3.0,4.0,5.0,4.0,4.0,4.0,,,3.0,3.0,,9.0,9.0,14.0,93.0,32.0,38.0,113.0,9.0,84.0,160.0,76.0,160.0,0.0,0.0,0.0,3.48,0.88,27.0,12.0,6.0,6.0,3.0,,,125.0,68.0,57.0,5.0,3.0,,47.0,122.0,67.0,55.0,23.0,11.0,12.0,117.0,64.0,53.0,9.0,3.0,6.0,148.0,78.0,70.0,142.0,76.0,66.0,21.0,11.0,10.0,14.0,7.0,7.0,12.0,7.0,5.0,46.0,52.0,46.0,6.0,46.0,3.0,46.0,3.0,52.0,5.0,20.0,5.0,26.0,36.0,46.0,46.0,0.0,23.0,,42.0,17.0,6.0,46.0,46.0,46.0,46.0,46.0,25.0,34.0,39.0,0.0,0.0,23.0,0.0,0.0,16.0,45.0,,38.0,42.0,12.0,,0.0,0.0,0.0,9.0,30.0,0.0,31.0,37.0,45.0,160.0,15712.173829400022,622.0534268481961,0.03959053875054726,6.334486200087561,160.0,False,60
2201400012009021,22,Querétaro,014,Querétaro,0001,Santiago de Querétaro,2009,021,Urbana,49,Típica,27,22,13,10.44,49.0,,0.0,0.0,0.0,4.0,,,4.0,0.0,0.0,,0.0,3.0,3.0,4.0,5.0,31.0,8.0,13.0,32.0,4.0,22.0,49.0,27.0,49.0,,,0.0,3.77,1.02,9.0,,,,3.0,,,39.0,18.0,21.0,0.0,0.0,0.0,11.0,36.0,17.0,19.0,7.0,3.0,4.0,36.0,17.0,19.0,4.0,,,47.0,21.0,26.0,43.0,19.0,24.0,7.0,3.0,4.0,4.0,,3.0,6.0,,5.0,13.0,16.0,13.0,,13.0,,13.0,,16.0,,4.0,,9.0,9.0,13.0,13.0,0.0,9.0,4.0,11.0,,,13.0,13.0,13.0,13.0,13.0,5.0,10.0,8.0,0.0,,3.0,0.0,0.0,6.0,10.0,3.0,7.0,11.0,3.0,,3.0,,,3.0,9.0,0.0,8.0,10.0,10.0,49.0,2972.7238995979037,424.9804387012183,0.1429599428183364,7.005037198098484,49.0,False,60
220140001180A013,22,Querétaro,014,Querétaro,0001,Santiago de Querétaro,180A,013,Urbana,106,Típica,52,54,36,13.26,106.0,,3.0,,,6.0,,5.0,5.0,0.0,0.0,6.0,0.0,7.0,11.0,11.0,18.0,63.0,31.0,14.0,79.0,13.0,54.0,106.0,52.0,106.0,8.0,,6.0,2.94,0.63,19.0,3.0,,,,0.0,,94.0,49.0,45.0,,,,29.0,92.0,49.0,43.0,12.0,3.0,9.0,90.0,48.0,42.0,3.0,,,103.0,53.0,50.0,100.0,52.0,48.0,19.0,11.0,8.0,6.0,3.0,3.0,7.0,,5.0,36.0,37.0,36.0,,36.0,,34.0,,39.0,0.0,,0.0,34.0,36.0,36.0,36.0,0.0,25.0,13.0,35.0,13.0,9.0,36.0,36.0,36.0,36.0,36.0,31.0,34.0,35.0,0.0,,11.0,0.0,0.0,23.0,36.0,0.0,28.0,36.0,,0.0,,0.0,0.0,18.0,29.0,0.0,29.0,35.0,35.0,106.0,4724.228663464486,152.02173989298052,0.032179166319501615,3.410991629867171,106.0,False,60
2201400011797011,22,Querétaro,014,Querétaro,0001,Santiago de Querétaro,1797,011,Urbana,25,Típica,16,9,8,13.43,25.0,,0.0,0.0,0.0,0.0,0.0,0.0,,,,,0.0,,,0.0,3.0,11.0,12.0,0.0,20.0,3.0,9.0,25.0,16.0,25.0,,,0.0,3.13,0.7,0.0,0.0,0.0,0.0,0.0,0.0,0.0,23.0,8.0,15.0,3.0,0.0,3.0,,23.0,8.0,15.0,3.0,,,20.0,8.0,12.0,0.0,0.0,0.0,23.0,8.0,15.0,23.0,8.0,15.0,5.0,3.0,,0.0,0.0,0.0,0.0,0.0,0.0,8.0,12.0,8.0,,8.0,,8.0,,12.0,0.0,0.0,,7.0,6.0,7.0,7.0,0.0,6.0,,7.0,,3.0,7.0,7.0,7.0,7.0,7.0,7.0,7.0,7.0,0.0,0.0,,0.0,0.0,6.0,7.0,0.0,7.0,7.0,0.0,0.0,0.0,0.0,0.0,5.0,7.0,0.0,6.0,7.0,7.0,25.0,14582.620786951013,932.7211441157895,0.06396114647309609,1.599028661827402,25.0,False,60
2201400011744046,22,Querétaro,014,Querétaro,0001,Santiago de Querétaro,1744,046,Urbana,0,Contenedora,0,0,0,0.0,0.0,,0.0,0.0,0.0,0.0,0.0,0.0,0.0,0.0,0.0,0.0,0.0,0.0,0.0,0.0,0.0,0.0,0.0,0.0,0.0,0.0,0.0,0.0,0.0,0.0,0.0,0.0,0.0,0.0,0.0,0.0,0.0,0.0,0.0,0.0,0.0,0.0,0.0,0.0,0.0,0.0,0.0,0.0,0.0,0.0,0.0,0.0,0.0,0.0,0.0,0.0,0.0,0.0,0.0,0.0,0.0,0.0,0.0,0.0,0.0,0.0,0.0,0.0,0.0,0.0,0.0,0.0,0.0,0.0,0.0,0.0,0.0,0.0,0.0,0.0,0.0,0.0,0.0,0.0,0.0,0.0,0.0,0.0,0.0,0.0,0.0,0.0,0.0,0.0,0.0,0.0,0.0,0.0,0.0,0.0,0.0,0.0,0.0,0.0,0.0,0.0,0.0,0.0,0.0,0.0,0.0,0.0,0.0,0.0,0.0,0.0,0.0,0.0,0.0,0.0,0.0,0.0,0.0,0.0,0.0,0.0,0.0,0.0,38079.78320108346,810.657999811889,0.021288409010396463,0.0,0.0,False,60
2201400011797009,22,Querétaro,014,Querétaro,0001,Santiago de Querétaro,1797,009,Urbana,0,Típica,0,0,0,0.0,0.0,,0.0,0.0,0.0,0.0,0.0,0.0,0.0,0.0,0.0,0.0,0.0,0.0,0.0,0.0,0.0,0.0,0.0,0.0,0.0,0.0,0.0,0.0,0.0,0.0,0.0,0.0,0.0,0.0,0.0,0.0,0.0,0.0,0.0,0.0,0.0,0.0,0.0,0.0,0.0,0.0,0.0,0.0,0.0,0.0,0.0,0.0,0.0,0.0,0.0,0.0,0.0,0.0,0.0,0.0,0.0,0.0,0.0,0.0,0.0,0.0,0.0,0.0,0.0,0.0,0.0,0.0,0.0,0.0,0.0,0.0,0.0,0.0,0.0,0.0,0.0,0.0,0.0,0.0,0.0,0.0,0.0,0.0,0.0,0.0,0.0,0.0,0.0,0.0,0.0,0.0,0.0,0.0,0.0,0.0,0.0,0.0,0.0,0.0,0.0,0.0,0.0,0.0,0.0,0.0,0.0,0.0,0.0,0.0,0.0,0.0,0.0,0.0,0.0,0.0,0.0,0.0,0.0,0.0,0.0,0.0,0.0,0.0,319713.36822800006,2118.8571578476326,0.00662736490998585,0.0,0.0,False,60
2201400012757018,22,Querétaro,014,Querétaro,0001,Santiago de Querétaro,2757,018,Urbana,72,Típica,34,38,13,10.17,72.0,,,0.0,,,0.0,,,0.0,,,,3.0,6.0,,9.0,38.0,19.0,20.0,51.0,,38.0,72.0,34.0,72.0,12.0,7.0,5.0,5.54,1.29,18.0,4.0,,,5.0,,3.0,57.0,31.0,26.0,5.0,3.0,,23.0,52.0,29.0,23.0,7.0,4.0,3.0,47.0,26.0,21.0,4.0,,,68.0,36.0,32.0,66.0,35.0,31.0,3.0,,,7.0,3.0,4.0,10.0,4.0,6.0,13.0,13.0,13.0,,13.0,,12.0,0.0,14.0,0.0,,3.0,12.0,10.0,13.0,13.0,0.0,7.0,,13.0,4.0,,13.0,13.0,13.0,13.0,13.0,9.0,13.0,12.0,0.0,,6.0,0.0,0.0,4.0,13.0,0.0,10.0,13.0,0.0,0.0,0.0,0.0,0.0,,10.0,0.0,9.0,11.0,13.0,72.0,3974.9226289368235,11.820516527456412,0.002973772732431287,0.21411163673505268,72.0,False,60
2201400012757017,22,Querétaro,014,Querétaro,0001,Santiago de Querétaro,2757,017,Urbana,66,Típica,29,37,17,9.35,66.0,,,0.0,,,0.0,0.0,4.0,0.0,0.0,,,,7.0,,10.0,27.0,26.0,15.0,44.0,7.0,37.0,66.0,29.0,66.0,0.0,0.0,0.0,3.88,1.06,20.0,3.0,,,,,,53.0,29.0,24.0,7.0,4.0,3.0,18.0,51.0,28.0,23.0,7.0,5.0,,44.0,24.0,20.0,7.0,4.0,3.0,63.0,35.0,28.0,58.0,32.0,26.0,9.0,7.0,,3.0,,,3.0,,,17.0,19.0,17.0,3.0,17.0,3.0,16.0,0.0,20.0,,5.0,,12.0,14.0,17.0,17.0,0.0,9.0,,15.0,,0.0,17.0,17.0,17.0,17.0,17.0,9.0,15.0,13.0,0.0,0.0,8.0,0.0,0.0,7.0,16.0,,8.0,17.0,,,0.0,0.0,0.0,0.0,11.0,0.0,10.0,13.0,17.0,66.0,5128.312839928737,350.1437409249369,0.06827659541335673,4.506255297281545,66.0,False,60
2201400011689044,22,Querétaro,014,Querétaro,0001,Santiago de Querétaro,1689,044,Urbana,78,Típica,41,37,22,11.57,78.0,,0.0,,0.0,0.0,,0.0,,,,,,,5.0,,7.0,46.0,22.0,15.0,62.0,,37.0,78.0,41.0,78.0,0.0,0.0,0.0,3.55,1.07,8.0,4.0,0.0,4.0,5.0,0.0,5.0,68.0,33.0,35.0,4.0,3.0,,26.0,63.0,33.0,30.0,15.0,9.0,6.0,59.0,30.0,29.0,3.0,,,74.0,37.0,37.0,72.0,36.0,36.0,3.0,,,3.0,3.0,0.0,6.0,,5.0,22.0,22.0,22.0,,22.0,,21.0,0.0,23.0,0.0,0.0,,22.0,21.0,22.0,22.0,0.0,14.0,5.0,21.0,0.0,5.0,22.0,22.0,22.0,22.0,22.0,17.0,21.0,16.0,0.0,,8.0,0.0,0.0,13.0,22.0,0.0,14.0,22.0,,0.0,0.0,0.0,0.0,10.0,17.0,0.0,16.0,22.0,22.0,78.0,2045.7135937327707,153.93988562015895,0.07524996954205504,5.869497624280293,78.0,False,60
2201400011689002,22,Querétaro,014,Querétaro,0001,Santiago de Querétaro,1689,002,Urbana,291,Típica,148,143,83,11.58,291.0,,,0.0,,9.0,3.0,,13.0,,,3.0,,6.0,9.0,12.0,24.0,173.0,67.0,56.0,215.0,20.0,143.0,291.0,148.0,291.0,15.0,10.0,5.0,3.51,0.83,48.0,15.0,8.0,7.0,5.0,3.0,,240.0,119.0,121.0,9.0,,7.0,72.0,235.0,116.0,119.0,39.0,19.0,20.0,226.0,114.0,112.0,11.0,6.0,5.0,276.0,135.0,141.0,266.0,130.0,136.0,32.0,17.0,15.0,25.0,10.0,15.0,26.0,11.0,15.0,83.0,73.0,83.0,,82.0,,72.0,0.0,84.0,0.0,8.0,,74.0,81.0,82.0,82.0,0.0,55.0,17.0,79.0,8.0,11.0,82.0,82.0,82.0,82.0,82.0,57.0,75.0,73.0,0.0,7.0,27.0,0.0,0.0,42.0,82.0,0.0,65.0,79.0,7.0,,0.0,0.0,0.0,24.0,70.0,0.0,60.0,82.0,81.0,291.0,10703.079081992972,639.4619131852148,0.05974560295093546,17.38597045872222,291.0,False,60
2201400011689001,22,Querétaro,014,Querétaro,0001,Santiago de Querétaro,1689,001,Urbana,189,Típica,88,101,51,11.71,189.0,,,,0.0,,,,7.0,0.0,,,3.0,6.0,6.0,3.0,14.0,114.0,47.0,38.0,142.0,9.0,101.0,189.0,88.0,189.0,20.0,13.0,7.0,3.71,0.84,21.0,8.0,4.0,4.0,10.0,4.0,6.0,161.0,86.0,75.0,4.0,,3.0,50.0,151.0,82.0,69.0,24.0,14.0,10.0,147.0,81.0,66.0,5.0,,3.0,181.0,97.0,84.0,178.0,96.0,82.0,14.0,10.0,4.0,15.0,9.0,6.0,20.0,8.0,12.0,51.0,51.0,51.0,5.0,51.0,5.0,46.0,0.0,56.0,,,,49.0,49.0,51.0,51.0,0.0,35.0,13.0,49.0,6.0,16.0,51.0,51.0,51.0,51.0,51.0,31.0,51.0,46.0,0.0,,16.0,0.0,0.0,35.0,50.0,,39.0,50.0,0.0,0.0,,0.0,0.0,23.0,44.0,0.0,45.0,50.0,50.0,189.0,7305.0701421411295,7.40691256747826,0.0010139413343548376,0.1916349121930643,189.0,False,60
2201400011458028,22,Querétaro,014,Querétaro,0001,Santiago de Querétaro,1458,028,Urbana,201,Típica,107,94,70,14.34,201.0,,0.0,,,,,,6.0,3.0,0.0,7.0,4.0,4.0,6.0,,12.0,117.0,63.0,21.0,163.0,17.0,94.0,201.0,107.0,201.0,,,0.0,2.87,0.77,47.0,,,0.0,,,,182.0,87.0,95.0,6.0,3.0,3.0,53.0,180.0,86.0,94.0,38.0,11.0,27.0,174.0,83.0,91.0,9.0,,8.0,199.0,92.0,107.0,193.0,91.0,102.0,30.0,13.0,17.0,8.0,4.0,4.0,7.0,3.0,4.0,70.0,77.0,70.0,14.0,70.0,10.0,63.0,4.0,84.0,0.0,5.0,8.0,65.0,62.0,70.0,70.0,0.0,66.0,9.0,70.0,57.0,20.0,70.0,70.0,70.0,70.0,70.0,67.0,68.0,69.0,0.0,6.0,4.0,0.0,0.0,63.0,70.0,0.0,67.0,70.0,,0.0,0.0,0.0,0.0,50.0,62.0,0.0,62.0,23.0,69.0,201.0,20786.52395211576,631.8947669575199,0.03039925138099881,6.110249527580761,201.0,False,60
2201400011458027,22,Querétaro,014,Querétaro,0001,Santiago de Querétaro,1458,027,Urbana,33,Típica,16,17,9,11.81,33.0,,,,,,,,0.0,0.0,0.0,,,0.0,3.0,4.0,4.0,16.0,12.0,7.0,20.0,6.0,17.0,33.0,16.0,33.0,0.0,0.0,0.0,3.67,0.69,13.0,,0.0,,,,,28.0,16.0,12.0,,0.0,,6.0,26.0,15.0,11.0,,,,25.0,15.0,10.0,0.0,0.0,0.0,32.0,17.0,15.0,32.0,17.0,15.0,7.0,5.0,,4.0,,3.0,5.0,,3.0,9.0,9.0,9.0,,9.0,,7.0,0.0,11.0,0.0,,0.0,8.0,9.0,9.0,9.0,0.0,8.0,,9.0,4.0,3.0,9.0,9.0,9.0,9.0,9.0,8.0,9.0,9.0,0.0,0.0,,0.0,0.0,7.0,9.0,0.0,7.0,9.0,0.0,0.0,0.0,0.0,0.0,7.0,7.0,0.0,6.0,9.0,9.0,33.0,2598.3838467382866,15.41235728612857,0.005931516740867781,0.19574005244863676,33.0,False,60
2201400011443030,22,Querétaro,014,Querétaro,0001,Santiago de Querétaro,1443,030,Urbana,24,Típica,9,15,8,15.65,24.0,,,0.0,0.0,0.0,0.0,,0.0,0.0,0.0,,,0.0,,,,10.0,13.0,,16.0,7.0,15.0,24.0,9.0,24.0,0.0,0.0,0.0,3.0,0.67,9.0,0.0,0.0,0.0,0.0,0.0,0.0,23.0,14.0,9.0,,,,7.0,23.0,14.0,9.0,0.0,0.0,0.0,21.0,13.0,8.0,0.0,0.0,0.0,24.0,15.0,9.0,24.0,15.0,9.0,8.0,5.0,3.0,,,0.0,,,0.0,8.0,8.0,8.0,,8.0,,7.0,0.0,9.0,0.0,,0.0,6.0,8.0,8.0,8.0,0.0,7.0,,8.0,,3.0,8.0,8.0,8.0,8.0,8.0,6.0,8.0,8.0,0.0,,,0.0,0.0,8.0,8.0,0.0,7.0,8.0,0.0,0.0,0.0,0.0,0.0,4.0,8.0,0.0,8.0,8.0,8.0,24.0,3639.24888408234,36.004016081958845,0.00989325468764621,0.23743811250350905,24.0,False,60
2201400011405039,22,Querétaro,014,Querétaro,0001,Santiago de Querétaro,1405,039,Urbana,54,Típica,26,28,20,12.12,54.0,,0.0,0.0,0.0,,0.0,,,0.0,0.0,0.0,0.0,0.0,11.0,3.0,11.0,30.0,13.0,12.0,37.0,5.0,28.0,54.0,26.0,54.0,0.0,0.0,0.0,2.7,0.82,14.0,,,,,0.0,,43.0,21.0,22.0,,0.0,,15.0,42.0,21.0,21.0,5.0,,3.0,41.0,21.0,20.0,,,,52.0,27.0,25.0,51.0,26.0,25.0,7.0,5.0,,7.0,5.0,,5.0,3.0,,20.0,29.0,20.0,,20.0,7.0,20.0,,29.0,6.0,7.0,,13.0,13.0,20.0,20.0,0.0,9.0,3.0,18.0,,,20.0,20.0,20.0,20.0,20.0,11.0,17.0,12.0,0.0,,10.0,0.0,0.0,10.0,20.0,0.0,15.0,18.0,3.0,,,0.0,0.0,4.0,11.0,0.0,12.0,19.0,17.0,54.0,8751.082424759727,113.75816322439483,0.012999324849522055,0.701963541874191,54.0,False,60
2201400011443029,22,Querétaro,014,Querétaro,0001,Santiago de Querétaro,1443,029,Urbana,29,Típica,15,14,12,13.39,29.0,,0.0,,0.0,,,0.0,0.0,0.0,0.0,,0.0,0.0,0.0,,,16.0,12.0,,24.0,4.0,14.0,29.0,15.0,29.0,0.0,0.0,0.0,2.42,0.57,7.0,0.0,0.0,0.0,0.0,0.0,0.0,28.0,13.0,15.0,,,,8.0,28.0,13.0,15.0,4.0,,,26.0,12.0,14.0,,,0.0,29.0,14.0,15.0,28.0,13.0,15.0,4.0,,3.0,0.0,0.0,0.0,0.0,0.0,0.0,12.0,15.0,12.0,3.0,12.0,3.0,12.0,0.0,15.0,0.0,3.0,,9.0,11.0,12.0,12.0,0.0,7.0,,12.0,5.0,3.0,12.0,12.0,12.0,12.0,12.0,11.0,11.0,11.0,0.0,,5.0,0.0,0.0,7.0,12.0,0.0,9.0,12.0,,0.0,0.0,0.0,0.0,5.0,10.0,0.0,10.0,11.0,11.0,29.0,15010.44162977963,837.441038834764,0.05579056629308904,1.6179264224995822,29.0,False,60
2201400011246023,22,Querétaro,014,Querétaro,0001,Santiago de Querétaro,1246,023,Urbana,141,Típica,71,70,42,10.45,141.0,,0.0,0.0,,0.0,0.0,0.0,,0.0,,0.0,0.0,,0.0,,,69.0,38.0,19.0,95.0,10.0,70.0,141.0,71.0,141.0,,,0.0,3.36,0.91,12.0,3.0,3.0,0.0,,,,107.0,54.0,53.0,6.0,5.0,,30.0,105.0,53.0,52.0,16.0,5.0,11.0,99.0,48.0,51.0,6.0,,4.0,121.0,58.0,63.0,117.0,58.0,59.0,26.0,14.0,12.0,8.0,,6.0,9.0,3.0,6.0,42.0,46.0,42.0,4.0,42.0,4.0,42.0,0.0,46.0,0.0,3.0,,34.0,36.0,37.0,37.0,0.0,17.0,9.0,35.0,0.0,3.0,37.0,37.0,37.0,37.0,37.0,23.0,31.0,31.0,0.0,5.0,18.0,0.0,0.0,18.0,37.0,0.0,29.0,34.0,6.0,,0.0,0.0,0.0,10.0,28.0,0.0,31.0,37.0,37.0,141.0,5623.492272312275,136.5162563852521,0.024276063658414018,3.4229249758363767,141.0,False,60
2201400011871020,22,Querétaro,014,Querétaro,0001,Santiago de Querétaro,1871,020,Urbana,48,Típica,21,27,26,11.64,48.0,,,,,,,,3.0,,,,0.0,,3.0,3.0,5.0,28.0,18.0,4.0,31.0,13.0,27.0,48.0,21.0,48.0,0.0,0.0,0.0,1.85,0.51,9.0,0.0,0.0,0.0,,,0.0,46.0,25.0,21.0,,0.0,,9.0,44.0,23.0,21.0,,,0.0,43.0,23.0,20.0,,,0.0,48.0,27.0,21.0,48.0,27.0,21.0,18.0,13.0,5.0,,,0.0,,,0.0,26.0,28.0,26.0,,24.0,,26.0,0.0,28.0,,,3.0,22.0,20.0,24.0,24.0,0.0,23.0,,22.0,8.0,5.0,24.0,24.0,24.0,24.0,24.0,23.0,19.0,23.0,0.0,6.0,,0.0,0.0,21.0,23.0,,20.0,24.0,,,,,0.0,13.0,17.0,0.0,18.0,24.0,23.0,48.0,7285.693801866509,221.07011937698906,0.030343042871271025,1.4564660578210091,48.0,False,60
220140001091A013,22,Querétaro,014,Querétaro,0001,Santiago de Querétaro,091A,013,Urbana,72,Típica,38,34,27,14.99,72.0,,0.0,,0.0,,,0.0,,0.0,0.0,,4.0,0.0,0.0,,,42.0,27.0,3.0,49.0,20.0,34.0,72.0,38.0,72.0,0.0,0.0,0.0,2.67,0.45,12.0,0.0,0.0,0.0,0.0,0.0,0.0,69.0,34.0,35.0,,,0.0,13.0,69.0,34.0,35.0,8.0,4.0,4.0,68.0,33.0,35.0,,0.0,,72.0,34.0,38.0,71.0,34.0,37.0,28.0,15.0,13.0,,0.0,,,0.0,,27.0,32.0,27.0,,27.0,,27.0,3.0,32.0,0.0,5.0,0.0,22.0,27.0,27.0,27.0,0.0,24.0,5.0,27.0,24.0,10.0,27.0,27.0,27.0,27.0,27.0,27.0,26.0,27.0,0.0,,,0.0,0.0,26.0,27.0,0.0,27.0,27.0,0.0,0.0,0.0,0.0,0.0,17.0,24.0,0.0,27.0,27.0,27.0,72.0,11879.800193195317,598.1587674784943,0.05035091144219044,3.625265623837712,72.0,False,60
220140001091A012,22,Querétaro,014,Querétaro,0001,Santiago de Querétaro,091A,012,Urbana,31,Típica,13,18,16,14.62,31.0,,,0.0,0.0,,0.0,0.0,0.0,0.0,0.0,0.0,0.0,0.0,5.0,,5.0,18.0,11.0,,19.0,10.0,18.0,31.0,13.0,31.0,0.0,0.0,0.0,1.94,0.37,5.0,0.0,0.0,0.0,0.0,0.0,0.0,29.0,17.0,12.0,,0.0,,8.0,29.0,17.0,12.0,3.0,3.0,0.0,28.0,17.0,11.0,,,,31.0,18.0,13.0,29.0,17.0,12.0,13.0,8.0,5.0,0.0,0.0,0.0,0.0,0.0,0.0,16.0,18.0,16.0,,16.0,,16.0,0.0,18.0,0.0,4.0,0.0,12.0,16.0,16.0,16.0,0.0,13.0,,15.0,6.0,3.0,16.0,16.0,16.0,16.0,16.0,16.0,15.0,16.0,0.0,4.0,3.0,0.0,0.0,11.0,16.0,0.0,14.0,16.0,,,,0.0,0.0,9.0,11.0,0.0,13.0,16.0,15.0,31.0,5797.197675333513,2.113106833241118,0.0003645048783194289,0.011299651227902295,31.0,False,60
2201400010892021,22,Querétaro,014,Querétaro,0001,Santiago de Querétaro,0892,021,Urbana,321,Típica,134,187,89,9.85,321.0,,9.0,3.0,7.0,11.0,7.0,,12.0,0.0,3.0,11.0,9.0,8.0,26.0,11.0,38.0,164.0,122.0,40.0,218.0,63.0,187.0,321.0,134.0,321.0,,0.0,,3.61,0.86,55.0,8.0,6.0,,6.0,,5.0,287.0,165.0,122.0,18.0,12.0,6.0,106.0,281.0,164.0,117.0,44.0,25.0,19.0,263.0,152.0,111.0,14.0,10.0,4.0,313.0,181.0,132.0,303.0,174.0,129.0,69.0,39.0,30.0,12.0,6.0,6.0,16.0,7.0,9.0,89.0,91.0,89.0,,89.0,4.0,86.0,,94.0,3.0,18.0,11.0,71.0,75.0,88.0,88.0,,40.0,13.0,75.0,4.0,,89.0,88.0,89.0,89.0,89.0,44.0,66.0,80.0,0.0,10.0,47.0,0.0,0.0,35.0,84.0,5.0,64.0,87.0,19.0,7.0,3.0,0.0,0.0,14.0,53.0,0.0,64.0,77.0,85.0,321.0,132304.70973239717,651.842485448123,0.004926827523876936,1.5815116351644964,321.0,False,60
2201400010816051,22,Querétaro,014,Querétaro,0001,Santiago de Querétaro,0816,051,Urbana,38,Contenida,18,20,17,15.94,38.0,,0.0,0.0,0.0,0.0,0.0,0.0,,0.0,0.0,0.0,0.0,,,0.0,,29.0,5.0,6.0,29.0,3.0,20.0,38.0,18.0,38.0,8.0,4.0,4.0,2.24,0.5,,,,0.0,,,,34.0,19.0,15.0,0.0,0.0,0.0,15.0,32.0,18.0,14.0,4.0,3.0,,32.0,18.0,14.0,,0.0,,37.0,19.0,18.0,36.0,19.0,17.0,4.0,,,,0.0,,3.0,,,17.0,16.0,17.0,,17.0,0.0,15.0,,18.0,0.0,,0.0,15.0,17.0,17.0,17.0,0.0,12.0,,17.0,14.0,4.0,17.0,17.0,17.0,17.0,17.0,12.0,15.0,16.0,0.0,0.0,5.0,0.0,0.0,16.0,17.0,0.0,11.0,17.0,0.0,0.0,0.0,0.0,0.0,14.0,8.0,0.0,10.0,17.0,17.0,38.0,613.8782993918281,254.71516390109525,0.41492778642516387,15.767255884156228,38.0,False,60
2201400010816028,22,Querétaro,014,Querétaro,0001,Santiago de Querétaro,0816,028,Urbana,0,Típica,0,0,0,0.0,0.0,,0.0,0.0,0.0,0.0,0.0,0.0,0.0,0.0,0.0,0.0,0.0,0.0,0.0,0.0,0.0,0.0,0.0,0.0,0.0,0.0,0.0,0.0,0.0,0.0,0.0,0.0,0.0,0.0,0.0,0.0,0.0,0.0,0.0,0.0,0.0,0.0,0.0,0.0,0.0,0.0,0.0,0.0,0.0,0.0,0.0,0.0,0.0,0.0,0.0,0.0,0.0,0.0,0.0,0.0,0.0,0.0,0.0,0.0,0.0,0.0,0.0,0.0,0.0,0.0,0.0,0.0,0.0,0.0,0.0,0.0,0.0,0.0,0.0,0.0,0.0,0.0,0.0,0.0,0.0,0.0,0.0,0.0,0.0,0.0,0.0,0.0,0.0,0.0,0.0,0.0,0.0,0.0,0.0,0.0,0.0,0.0,0.0,0.0,0.0,0.0,0.0,0.0,0.0,0.0,0.0,0.0,0.0,0.0,0.0,0.0,0.0,0.0,0.0,0.0,0.0,0.0,0.0,0.0,0.0,0.0,0.0,0.0,2952.9332861202524,267.30298578481387,0.0905211733164528,0.0,0.0,False,60
2201400010750010,22,Querétaro,014,Querétaro,0001,Santiago de Querétaro,0750,010,Urbana,0,Típica,0,0,0,0.0,0.0,,0.0,0.0,0.0,0.0,0.0,0.0,0.0,0.0,0.0,0.0,0.0,0.0,0.0,0.0,0.0,0.0,0.0,0.0,0.0,0.0,0.0,0.0,0.0,0.0,0.0,0.0,0.0,0.0,0.0,0.0,0.0,0.0,0.0,0.0,0.0,0.0,0.0,0.0,0.0,0.0,0.0,0.0,0.0,0.0,0.0,0.0,0.0,0.0,0.0,0.0,0.0,0.0,0.0,0.0,0.0,0.0,0.0,0.0,0.0,0.0,0.0,0.0,0.0,0.0,0.0,0.0,0.0,0.0,0.0,0.0,0.0,0.0,0.0,0.0,0.0,0.0,0.0,0.0,0.0,0.0,0.0,0.0,0.0,0.0,0.0,0.0,0.0,0.0,0.0,0.0,0.0,0.0,0.0,0.0,0.0,0.0,0.0,0.0,0.0,0.0,0.0,0.0,0.0,0.0,0.0,0.0,0.0,0.0,0.0,0.0,0.0,0.0,0.0,0.0,0.0,0.0,0.0,0.0,0.0,0.0,0.0,0.0,71953.24715399592,516.9343845368729,0.0071843093256169326,0.0,0.0,False,60
2201400010731020,22,Querétaro,014,Querétaro,0001,Santiago de Querétaro,0731,020,Urbana,128,Típica,71,57,28,8.79,128.0,,0.0,,,3.0,3.0,0.0,,,,4.0,3.0,,7.0,3.0,11.0,76.0,31.0,24.0,90.0,14.0,57.0,128.0,71.0,128.0,,0.0,,4.57,1.23,17.0,5.0,0.0,5.0,4.0,0.0,4.0,108.0,48.0,60.0,6.0,0.0,6.0,31.0,104.0,48.0,56.0,21.0,8.0,13.0,98.0,48.0,50.0,4.0,,,123.0,57.0,66.0,120.0,56.0,64.0,17.0,9.0,8.0,11.0,7.0,4.0,10.0,,8.0,28.0,35.0,28.0,,28.0,6.0,28.0,,35.0,,8.0,4.0,20.0,22.0,28.0,28.0,0.0,13.0,,26.0,4.0,3.0,28.0,28.0,28.0,28.0,28.0,12.0,21.0,22.0,0.0,5.0,14.0,0.0,0.0,12.0,27.0,,18.0,24.0,5.0,,0.0,0.0,0.0,4.0,17.0,0.0,15.0,21.0,25.0,128.0,10746.70362153872,67.9215797375628,0.0063202245199572874,0.8089887385545328,128.0,False,60
2201400010731018,22,Querétaro,014,Querétaro,0001,Santiago de Querétaro,0731,018,Urbana,80,Típica,42,38,20,9.82,80.0,,0.0,0.0,0.0,0.0,0.0,,,0.0,0.0,4.0,3.0,0.0,,,8.0,39.0,22.0,20.0,54.0,6.0,38.0,80.0,42.0,80.0,0.0,0.0,0.0,4.0,1.11,15.0,6.0,,5.0,,,,62.0,31.0,31.0,5.0,,3.0,18.0,60.0,30.0,30.0,9.0,4.0,5.0,55.0,28.0,27.0,3.0,,,74.0,37.0,37.0,73.0,37.0,36.0,12.0,6.0,6.0,9.0,4.0,5.0,11.0,5.0,6.0,20.0,25.0,20.0,,20.0,3.0,20.0,,25.0,4.0,7.0,,13.0,15.0,20.0,20.0,0.0,10.0,,20.0,5.0,,20.0,20.0,20.0,20.0,20.0,10.0,18.0,15.0,0.0,0.0,10.0,0.0,0.0,10.0,18.0,,14.0,18.0,,0.0,0.0,0.0,0.0,5.0,16.0,0.0,15.0,18.0,20.0,80.0,10619.890533940836,58.31073570540063,0.005490709675306102,0.43925677402448815,80.0,False,60
2201400010731015,22,Querétaro,014,Querétaro,0001,Santiago de Querétaro,0731,015,Urbana,189,Típica,83,106,48,9.71,189.0,,,0.0,4.0,17.0,,21.0,12.0,,,3.0,,3.0,36.0,32.0,48.0,108.0,47.0,41.0,133.0,15.0,106.0,189.0,83.0,189.0,,0.0,,3.94,0.84,43.0,9.0,4.0,5.0,7.0,4.0,3.0,155.0,85.0,70.0,11.0,7.0,4.0,61.0,148.0,81.0,67.0,32.0,19.0,13.0,137.0,74.0,63.0,12.0,9.0,3.0,180.0,102.0,78.0,173.0,96.0,77.0,25.0,12.0,13.0,13.0,8.0,5.0,12.0,7.0,5.0,48.0,57.0,48.0,,48.0,8.0,48.0,,57.0,,11.0,4.0,37.0,42.0,48.0,48.0,0.0,25.0,9.0,45.0,9.0,5.0,48.0,48.0,48.0,48.0,48.0,29.0,37.0,40.0,0.0,4.0,23.0,0.0,0.0,25.0,48.0,0.0,40.0,44.0,7.0,0.0,0.0,0.0,0.0,13.0,34.0,0.0,27.0,41.0,47.0,189.0,32933.253213833574,72.0699906601642,0.0021883653640962283,0.41360105381418716,189.0,False,60
2201400010731014,22,Querétaro,014,Querétaro,0001,Santiago de Querétaro,0731,014,Urbana,149,Típica,73,76,34,9.85,149.0,,5.0,,,8.0,3.0,7.0,7.0,0.0,,5.0,,7.0,26.0,13.0,31.0,77.0,49.0,36.0,97.0,16.0,76.0,149.0,73.0,149.0,,0.0,,4.38,0.94,30.0,,,0.0,13.0,7.0,6.0,126.0,66.0,60.0,9.0,4.0,5.0,38.0,113.0,59.0,54.0,15.0,6.0,9.0,104.0,55.0,49.0,6.0,3.0,3.0,147.0,74.0,73.0,143.0,72.0,71.0,27.0,15.0,12.0,15.0,5.0,10.0,20.0,8.0,12.0,34.0,35.0,34.0,,34.0,0.0,34.0,,35.0,0.0,6.0,3.0,28.0,31.0,34.0,34.0,0.0,22.0,8.0,28.0,3.0,5.0,34.0,34.0,34.0,34.0,34.0,25.0,29.0,30.0,0.0,5.0,12.0,0.0,0.0,19.0,34.0,0.0,21.0,30.0,5.0,,0.0,0.0,0.0,7.0,29.0,0.0,23.0,28.0,34.0,149.0,22718.99522366532,195.70402179561526,0.008614114306946087,1.283503031734967,149.0,False,60
2201400010587006,22,Querétaro,014,Querétaro,0001,Santiago de Querétaro,0587,006,Urbana,69,Típica,32,37,22,9.54,69.0,,0.0,0.0,0.0,0.0,0.0,4.0,3.0,0.0,0.0,,,,8.0,4.0,11.0,39.0,22.0,13.0,49.0,7.0,37.0,69.0,32.0,69.0,5.0,4.0,,3.14,0.75,29.0,0.0,0.0,0.0,5.0,3.0,,61.0,32.0,29.0,4.0,,,18.0,56.0,29.0,27.0,12.0,4.0,8.0,52.0,27.0,25.0,5.0,3.0,,69.0,37.0,32.0,66.0,35.0,31.0,10.0,4.0,6.0,3.0,,,7.0,4.0,3.0,22.0,24.0,22.0,,22.0,,22.0,,24.0,,9.0,,13.0,20.0,19.0,20.0,,7.0,,17.0,3.0,,21.0,20.0,22.0,22.0,22.0,8.0,16.0,15.0,0.0,,15.0,0.0,0.0,10.0,22.0,0.0,16.0,18.0,6.0,,,,,5.0,12.0,,14.0,14.0,17.0,69.0,4995.6554846328945,14.176494724871201,0.0028377646874327964,0.19580576343286296,69.0,False,60
2201400010587005,22,Querétaro,014,Querétaro,0001,Santiago de Querétaro,0587,005,Urbana,68,Típica,27,41,22,9.36,68.0,,0.0,0.0,0.0,,0.0,3.0,3.0,0.0,,3.0,,,8.0,4.0,11.0,39.0,16.0,13.0,47.0,8.0,41.0,68.0,27.0,68.0,,,0.0,3.09,1.03,23.0,,,0.0,0.0,0.0,0.0,55.0,33.0,22.0,,,0.0,20.0,55.0,33.0,22.0,6.0,4.0,,53.0,31.0,22.0,3.0,3.0,0.0,66.0,39.0,27.0,63.0,36.0,27.0,14.0,8.0,6.0,8.0,3.0,5.0,7.0,,5.0,22.0,23.0,22.0,,22.0,,20.0,,25.0,5.0,10.0,3.0,12.0,14.0,21.0,21.0,,5.0,,22.0,,5.0,22.0,21.0,22.0,22.0,22.0,9.0,19.0,11.0,0.0,,16.0,0.0,0.0,7.0,22.0,0.0,13.0,17.0,3.0,0.0,,0.0,0.0,5.0,12.0,0.0,12.0,18.0,20.0,68.0,3745.1376542750695,68.1584848827498,0.018199193507599645,1.2375451585167758,68.0,False,60
2201400010572018,22,Querétaro,014,Querétaro,0001,Santiago de Querétaro,0572,018,Urbana,181,Típica,79,102,42,9.09,181.0,,,,0.0,4.0,,4.0,10.0,3.0,5.0,13.0,5.0,5.0,15.0,8.0,26.0,108.0,51.0,28.0,129.0,24.0,102.0,181.0,79.0,181.0,11.0,7.0,4.0,4.31,0.86,,3.0,,,6.0,3.0,3.0,159.0,88.0,71.0,12.0,4.0,8.0,51.0,153.0,85.0,68.0,22.0,14.0,8.0,141.0,81.0,60.0,7.0,,5.0,178.0,100.0,78.0,175.0,98.0,77.0,29.0,18.0,11.0,12.0,10.0,,13.0,8.0,5.0,42.0,43.0,42.0,,42.0,,42.0,0.0,43.0,0.0,3.0,,39.0,40.0,42.0,42.0,0.0,23.0,6.0,36.0,,5.0,42.0,42.0,42.0,42.0,42.0,27.0,35.0,36.0,0.0,5.0,19.0,0.0,0.0,20.0,41.0,,33.0,41.0,6.0,,,0.0,0.0,10.0,33.0,0.0,31.0,36.0,41.0,181.0,10364.555913638018,214.5504594000851,0.020700400594855457,3.7467725076688376,181.0,False,60
2201400010572017,22,Querétaro,014,Querétaro,0001,Santiago de Querétaro,0572,017,Urbana,119,Típica,59,60,25,9.35,119.0,,,,0.0,4.0,,,0.0,0.0,0.0,,,0.0,8.0,6.0,8.0,67.0,30.0,26.0,80.0,13.0,60.0,119.0,59.0,119.0,11.0,7.0,4.0,4.76,1.09,31.0,5.0,0.0,5.0,4.0,4.0,0.0,97.0,52.0,45.0,8.0,,6.0,31.0,93.0,48.0,45.0,13.0,7.0,6.0,85.0,46.0,39.0,7.0,,5.0,114.0,60.0,54.0,109.0,59.0,50.0,16.0,10.0,6.0,10.0,6.0,4.0,12.0,9.0,3.0,25.0,28.0,25.0,3.0,25.0,3.0,25.0,0.0,28.0,,6.0,4.0,19.0,20.0,25.0,25.0,0.0,13.0,5.0,23.0,0.0,4.0,25.0,25.0,25.0,25.0,25.0,14.0,21.0,22.0,0.0,,11.0,0.0,0.0,12.0,25.0,0.0,20.0,24.0,3.0,0.0,0.0,0.0,0.0,,18.0,0.0,17.0,20.0,22.0,119.0,5377.707694858204,18.582290066933172,0.0034554295475561613,0.4111961161591832,119.0,False,60
2201400010445005,22,Querétaro,014,Querétaro,0001,Santiago de Querétaro,0445,005,Urbana,8,Típica,0,0,2,,,,,,,,,,,,,,,,,,,,,,,,,,,8.0,,,,,,,,,,,,,,,,,,,,,,,,,,,,,,,,,,,,,,,,,,,,,,,2.0,,,,,,,,2.0,,,,,,,,,,,,,,,,,,,,,,,,,,,,,,,,,,,,,,,,,,,8.0,6152.912302719677,281.8687918001782,0.045810630467719826,0.3664850437417586,8.0,False,60
2201400010430020,22,Querétaro,014,Querétaro,0001,Santiago de Querétaro,0430,020,Urbana,327,Típica,145,182,102,10.52,327.0,,,,3.0,7.0,4.0,,34.0,6.0,6.0,19.0,,16.0,34.0,10.0,76.0,180.0,97.0,62.0,218.0,47.0,182.0,327.0,145.0,327.0,,0.0,,3.21,0.78,98.0,13.0,5.0,8.0,12.0,5.0,7.0,277.0,157.0,120.0,10.0,5.0,5.0,93.0,265.0,152.0,113.0,39.0,18.0,21.0,255.0,147.0,108.0,14.0,7.0,7.0,314.0,177.0,137.0,306.0,172.0,134.0,61.0,40.0,21.0,23.0,13.0,10.0,27.0,15.0,12.0,102.0,86.0,102.0,10.0,102.0,10.0,76.0,0.0,112.0,7.0,24.0,14.0,78.0,81.0,101.0,101.0,,34.0,7.0,91.0,12.0,8.0,102.0,101.0,102.0,102.0,102.0,47.0,66.0,76.0,0.0,0.0,68.0,0.0,0.0,43.0,102.0,0.0,77.0,91.0,33.0,5.0,,0.0,0.0,20.0,68.0,0.0,53.0,81.0,99.0,327.0,15963.685347050941,660.5738807389763,0.04137978583128411,13.531189966829904,327.0,False,60
2201400010375018,22,Querétaro,014,Querétaro,0001,Santiago de Querétaro,0375,018,Urbana,73,Típica,31,42,21,13.74,59.0,,5.0,0.0,,8.0,,4.0,5.0,0.0,0.0,,0.0,,6.0,11.0,7.0,39.0,30.0,5.0,49.0,19.0,42.0,59.0,31.0,73.0,0.0,0.0,0.0,2.95,0.53,25.0,0.0,0.0,0.0,,0.0,,69.0,41.0,28.0,4.0,0.0,4.0,15.0,68.0,41.0,27.0,9.0,,7.0,64.0,41.0,23.0,,,,73.0,42.0,31.0,72.0,41.0,31.0,22.0,19.0,3.0,,0.0,,,0.0,,21.0,31.0,20.0,,20.0,10.0,19.0,,33.0,0.0,,,18.0,19.0,20.0,20.0,0.0,15.0,5.0,19.0,,4.0,20.0,20.0,20.0,20.0,20.0,15.0,17.0,17.0,0.0,,5.0,0.0,0.0,15.0,20.0,0.0,18.0,20.0,3.0,0.0,,0.0,0.0,10.0,13.0,0.0,19.0,20.0,18.0,73.0,19485.167863103263,242.79225165571194,0.012460362331055852,0.9096064501670772,73.0,False,60
2201400010252020,22,Querétaro,014,Querétaro,0001,Santiago de Querétaro,0252,020,Urbana,282,Típica,138,144,86,10.29,279.0,,4.0,3.0,,8.0,3.0,5.0,6.0,,0.0,3.0,5.0,9.0,18.0,12.0,27.0,184.0,57.0,47.0,200.0,35.0,144.0,279.0,138.0,282.0,,,,3.28,0.98,66.0,10.0,6.0,4.0,9.0,3.0,6.0,244.0,123.0,121.0,13.0,7.0,6.0,82.0,235.0,120.0,115.0,38.0,14.0,24.0,222.0,113.0,109.0,11.0,6.0,5.0,272.0,138.0,134.0,265.0,133.0,132.0,40.0,28.0,12.0,17.0,9.0,8.0,21.0,11.0,10.0,86.0,95.0,85.0,,84.0,13.0,81.0,,100.0,21.0,38.0,10.0,46.0,53.0,84.0,84.0,0.0,21.0,13.0,72.0,19.0,12.0,82.0,82.0,84.0,84.0,84.0,28.0,54.0,49.0,0.0,10.0,57.0,0.0,0.0,31.0,84.0,0.0,57.0,68.0,28.0,6.0,5.0,,,21.0,45.0,,41.0,69.0,72.0,282.0,17445.79280908208,1192.3349607740345,0.06834512904184661,19.273326389800744,282.0,False,60
2201400010248046,22,Querétaro,014,Querétaro,0001,Santiago de Querétaro,0248,046,Urbana,27,Típica,11,16,8,14.17,27.0,,0.0,0.0,0.0,0.0,0.0,0.0,0.0,0.0,0.0,0.0,0.0,0.0,,0.0,,18.0,5.0,4.0,23.0,0.0,16.0,27.0,11.0,27.0,,0.0,,3.38,0.68,5.0,,,,0.0,0.0,0.0,23.0,14.0,9.0,,,0.0,9.0,23.0,14.0,9.0,3.0,,,22.0,13.0,9.0,0.0,0.0,0.0,25.0,15.0,10.0,25.0,15.0,10.0,3.0,,,,,,,,0.0,8.0,11.0,8.0,3.0,8.0,3.0,8.0,0.0,11.0,0.0,,0.0,7.0,8.0,8.0,8.0,0.0,7.0,,7.0,,,8.0,8.0,8.0,8.0,8.0,8.0,8.0,8.0,0.0,,0.0,0.0,0.0,7.0,8.0,0.0,7.0,8.0,0.0,0.0,0.0,0.0,0.0,4.0,7.0,0.0,7.0,8.0,8.0,27.0,2456.0057107088505,7.655041906501828,0.0031168664930719707,0.08415539531294321,27.0,False,60
2201400010248043,22,Querétaro,014,Querétaro,0001,Santiago de Querétaro,0248,043,Urbana,0,Típica,0,0,0,0.0,0.0,,0.0,0.0,0.0,0.0,0.0,0.0,0.0,0.0,0.0,0.0,0.0,0.0,0.0,0.0,0.0,0.0,0.0,0.0,0.0,0.0,0.0,0.0,0.0,0.0,0.0,0.0,0.0,0.0,0.0,0.0,0.0,0.0,0.0,0.0,0.0,0.0,0.0,0.0,0.0,0.0,0.0,0.0,0.0,0.0,0.0,0.0,0.0,0.0,0.0,0.0,0.0,0.0,0.0,0.0,0.0,0.0,0.0,0.0,0.0,0.0,0.0,0.0,0.0,0.0,0.0,0.0,0.0,0.0,0.0,0.0,0.0,0.0,0.0,0.0,0.0,0.0,0.0,0.0,0.0,0.0,0.0,0.0,0.0,0.0,0.0,0.0,0.0,0.0,0.0,0.0,0.0,0.0,0.0,0.0,0.0,0.0,0.0,0.0,0.0,0.0,0.0,0.0,0.0,0.0,0.0,0.0,0.0,0.0,0.0,0.0,0.0,0.0,0.0,0.0,0.0,0.0,0.0,0.0,0.0,0.0,0.0,0.0,1125.5190037353232,67.82876791705397,0.060264435955276474,0.0,0.0,False,60
2201400011246019,22,Querétaro,014,Querétaro,0001,Santiago de Querétaro,1246,019,Urbana,103,Típica,52,51,29,9.83,103.0,,3.0,,0.0,,0.0,3.0,6.0,0.0,0.0,3.0,,5.0,19.0,6.0,20.0,61.0,35.0,9.0,82.0,12.0,51.0,103.0,52.0,103.0,0.0,0.0,0.0,3.55,0.84,9.0,,0.0,,,,,96.0,49.0,47.0,8.0,,6.0,31.0,94.0,48.0,46.0,14.0,9.0,5.0,86.0,46.0,40.0,0.0,0.0,0.0,101.0,51.0,50.0,101.0,51.0,50.0,23.0,13.0,10.0,5.0,,3.0,5.0,3.0,,29.0,34.0,29.0,5.0,29.0,5.0,29.0,0.0,34.0,0.0,6.0,,23.0,27.0,29.0,29.0,0.0,13.0,4.0,28.0,4.0,3.0,29.0,29.0,29.0,29.0,29.0,19.0,26.0,24.0,0.0,,14.0,0.0,0.0,16.0,29.0,0.0,23.0,29.0,3.0,0.0,0.0,0.0,0.0,7.0,25.0,0.0,22.0,29.0,29.0,103.0,3641.9022549923984,13.312774401016277,0.0036554452780183317,0.37651086363588815,103.0,False,60
2201400011157032,22,Querétaro,014,Querétaro,0001,Santiago de Querétaro,1157,032,Urbana,101,Típica,48,53,34,11.31,101.0,,,,,6.0,,6.0,3.0,0.0,0.0,,0.0,,,9.0,5.0,62.0,25.0,16.0,72.0,13.0,53.0,101.0,48.0,101.0,,0.0,,2.97,0.74,15.0,0.0,0.0,0.0,,,0.0,87.0,45.0,42.0,5.0,3.0,,23.0,85.0,43.0,42.0,8.0,0.0,8.0,80.0,40.0,40.0,3.0,,,101.0,53.0,48.0,100.0,52.0,48.0,17.0,11.0,6.0,11.0,6.0,5.0,10.0,7.0,3.0,34.0,37.0,34.0,,34.0,,34.0,,37.0,,7.0,4.0,27.0,29.0,34.0,34.0,0.0,17.0,6.0,32.0,9.0,7.0,34.0,34.0,34.0,34.0,34.0,25.0,24.0,25.0,0.0,3.0,17.0,0.0,0.0,21.0,34.0,0.0,23.0,32.0,9.0,0.0,3.0,0.0,0.0,9.0,21.0,0.0,25.0,30.0,30.0,101.0,4318.563013275321,44.252574976895225,0.010247060154237002,1.0349530755779373,101.0,False,60
2201400011138021,22,Querétaro,014,Querétaro,0001,Santiago de Querétaro,1138,021,Urbana,0,Típica,0,0,0,0.0,0.0,,0.0,0.0,0.0,0.0,0.0,0.0,0.0,0.0,0.0,0.0,0.0,0.0,0.0,0.0,0.0,0.0,0.0,0.0,0.0,0.0,0.0,0.0,0.0,0.0,0.0,0.0,0.0,0.0,0.0,0.0,0.0,0.0,0.0,0.0,0.0,0.0,0.0,0.0,0.0,0.0,0.0,0.0,0.0,0.0,0.0,0.0,0.0,0.0,0.0,0.0,0.0,0.0,0.0,0.0,0.0,0.0,0.0,0.0,0.0,0.0,0.0,0.0,0.0,0.0,0.0,0.0,0.0,0.0,0.0,0.0,,,,,,,,,1.0,0.0,0.0,0.0,0.0,0.0,0.0,0.0,0.0,0.0,0.0,0.0,0.0,0.0,0.0,0.0,0.0,0.0,0.0,0.0,0.0,0.0,0.0,0.0,0.0,0.0,0.0,0.0,0.0,0.0,0.0,0.0,0.0,0.0,0.0,0.0,0.0,0.0,0.0,0.0,0.0,0.0,0.0,0.0,37326.51794616226,104.6719344581323,0.00280422445536188,0.0,0.0,False,60
2201400010125036,22,Querétaro,014,Querétaro,0001,Santiago de Querétaro,0125,036,Urbana,0,Típica,0,0,0,0.0,0.0,,0.0,0.0,0.0,0.0,0.0,0.0,0.0,0.0,0.0,0.0,0.0,0.0,0.0,0.0,0.0,0.0,0.0,0.0,0.0,0.0,0.0,0.0,0.0,0.0,0.0,0.0,0.0,0.0,0.0,0.0,0.0,0.0,0.0,0.0,0.0,0.0,0.0,0.0,0.0,0.0,0.0,0.0,0.0,0.0,0.0,0.0,0.0,0.0,0.0,0.0,0.0,0.0,0.0,0.0,0.0,0.0,0.0,0.0,0.0,0.0,0.0,0.0,0.0,0.0,0.0,0.0,0.0,0.0,0.0,0.0,0.0,0.0,0.0,0.0,0.0,0.0,0.0,0.0,0.0,0.0,0.0,0.0,0.0,0.0,0.0,0.0,0.0,0.0,0.0,0.0,0.0,0.0,0.0,0.0,0.0,0.0,0.0,0.0,0.0,0.0,0.0,0.0,0.0,0.0,0.0,0.0,0.0,0.0,0.0,0.0,0.0,0.0,0.0,0.0,0.0,0.0,0.0,0.0,0.0,0.0,0.0,0.0,99539.66775900417,2294.6012150343886,0.023052128530204215,0.0,0.0,False,60
2201400010125035,22,Querétaro,014,Querétaro,0001,Santiago de Querétaro,0125,035,Urbana,0,Típica,0,0,0,0.0,0.0,,0.0,0.0,0.0,0.0,0.0,0.0,0.0,0.0,0.0,0.0,0.0,0.0,0.0,0.0,0.0,0.0,0.0,0.0,0.0,0.0,0.0,0.0,0.0,0.0,0.0,0.0,0.0,0.0,0.0,0.0,0.0,0.0,0.0,0.0,0.0,0.0,0.0,0.0,0.0,0.0,0.0,0.0,0.0,0.0,0.0,0.0,0.0,0.0,0.0,0.0,0.0,0.0,0.0,0.0,0.0,0.0,0.0,0.0,0.0,0.0,0.0,0.0,0.0,0.0,0.0,0.0,0.0,0.0,0.0,0.0,0.0,0.0,0.0,0.0,0.0,0.0,0.0,0.0,0.0,0.0,0.0,0.0,0.0,0.0,0.0,0.0,0.0,0.0,0.0,0.0,0.0,0.0,0.0,0.0,0.0,0.0,0.0,0.0,0.0,0.0,0.0,0.0,0.0,0.0,0.0,0.0,0.0,0.0,0.0,0.0,0.0,0.0,0.0,0.0,0.0,0.0,0.0,0.0,0.0,0.0,0.0,0.0,78681.87067739789,249.36296193739457,0.0031692556339922716,0.0,0.0,False,60
2201400010125011,22,Querétaro,014,Querétaro,0001,Santiago de Querétaro,0125,011,Urbana,0,Típica,0,0,0,0.0,0.0,,0.0,0.0,0.0,0.0,0.0,0.0,0.0,0.0,0.0,0.0,0.0,0.0,0.0,0.0,0.0,0.0,0.0,0.0,0.0,0.0,0.0,0.0,0.0,0.0,0.0,0.0,0.0,0.0,0.0,0.0,0.0,0.0,0.0,0.0,0.0,0.0,0.0,0.0,0.0,0.0,0.0,0.0,0.0,0.0,0.0,0.0,0.0,0.0,0.0,0.0,0.0,0.0,0.0,0.0,0.0,0.0,0.0,0.0,0.0,0.0,0.0,0.0,0.0,0.0,0.0,0.0,0.0,0.0,0.0,0.0,0.0,0.0,0.0,0.0,0.0,0.0,0.0,0.0,0.0,0.0,0.0,0.0,0.0,0.0,0.0,0.0,0.0,0.0,0.0,0.0,0.0,0.0,0.0,0.0,0.0,0.0,0.0,0.0,0.0,0.0,0.0,0.0,0.0,0.0,0.0,0.0,0.0,0.0,0.0,0.0,0.0,0.0,0.0,0.0,0.0,0.0,0.0,0.0,0.0,0.0,0.0,0.0,320186.13989297394,945.9294885078261,0.002954311166698266,0.0,0.0,False,60
2201400010106010,22,Querétaro,014,Querétaro,0001,Santiago de Querétaro,0106,010,Urbana,135,Típica,55,80,40,12.17,135.0,,,,0.0,3.0,0.0,,6.0,0.0,0.0,4.0,,,5.0,6.0,9.0,64.0,59.0,16.0,87.0,32.0,80.0,135.0,55.0,135.0,3.0,,,3.38,0.68,18.0,5.0,,3.0,4.0,3.0,,123.0,74.0,49.0,7.0,3.0,4.0,29.0,119.0,71.0,48.0,8.0,5.0,3.0,112.0,68.0,44.0,5.0,3.0,,130.0,78.0,52.0,127.0,76.0,51.0,48.0,31.0,17.0,,,,5.0,3.0,,40.0,39.0,40.0,,40.0,,37.0,,42.0,0.0,6.0,0.0,34.0,40.0,40.0,40.0,0.0,27.0,,35.0,4.0,5.0,40.0,40.0,40.0,40.0,40.0,27.0,32.0,37.0,0.0,,13.0,0.0,0.0,17.0,40.0,0.0,33.0,40.0,6.0,0.0,,0.0,0.0,14.0,33.0,0.0,35.0,39.0,39.0,135.0,14781.042233948478,106.71983747014602,0.007220048206413779,0.9747065078658602,135.0,False,60
2201400010106009,22,Querétaro,014,Querétaro,0001,Santiago de Querétaro,0106,009,Urbana,72,Típica,38,34,17,10.54,72.0,,0.0,0.0,0.0,0.0,0.0,0.0,,0.0,0.0,0.0,,0.0,,0.0,,46.0,14.0,15.0,50.0,7.0,34.0,72.0,38.0,72.0,0.0,0.0,0.0,4.24,1.07,16.0,,,0.0,3.0,0.0,3.0,60.0,27.0,33.0,6.0,4.0,,22.0,57.0,27.0,30.0,11.0,6.0,5.0,51.0,23.0,28.0,3.0,,,71.0,33.0,38.0,70.0,33.0,37.0,9.0,4.0,5.0,8.0,5.0,3.0,9.0,4.0,5.0,17.0,18.0,17.0,,17.0,,16.0,,19.0,0.0,0.0,,17.0,16.0,17.0,17.0,0.0,9.0,3.0,17.0,0.0,4.0,17.0,17.0,17.0,17.0,17.0,14.0,14.0,14.0,0.0,0.0,8.0,0.0,0.0,10.0,17.0,0.0,13.0,16.0,3.0,0.0,0.0,0.0,0.0,5.0,12.0,0.0,14.0,17.0,16.0,72.0,6174.218084814465,4.532905463372855,0.0007341667238029005,0.05286000411380884,72.0,False,60
2201400010093029,22,Querétaro,014,Querétaro,0001,Santiago de Querétaro,0093,029,Urbana,24,Típica,16,8,9,9.15,24.0,,0.0,0.0,0.0,,0.0,,,0.0,0.0,,0.0,,,3.0,3.0,17.0,4.0,4.0,17.0,3.0,8.0,24.0,16.0,24.0,0.0,0.0,0.0,2.67,0.63,6.0,0.0,0.0,0.0,,0.0,,21.0,8.0,13.0,,0.0,,5.0,20.0,8.0,12.0,,,,19.0,8.0,11.0,,0.0,,24.0,8.0,16.0,22.0,8.0,14.0,5.0,,3.0,,0.0,,,0.0,,9.0,9.0,9.0,0.0,8.0,0.0,9.0,0.0,9.0,0.0,4.0,,4.0,7.0,8.0,8.0,0.0,7.0,0.0,8.0,,3.0,8.0,8.0,8.0,8.0,8.0,8.0,7.0,8.0,0.0,0.0,,0.0,0.0,4.0,8.0,0.0,7.0,8.0,,0.0,0.0,0.0,0.0,4.0,5.0,0.0,5.0,7.0,8.0,24.0,7110.931420457332,30.708065820018085,0.0043184308783620826,0.10364234108068998,24.0,False,60
2201400010337011,22,Querétaro,014,Querétaro,0001,Santiago de Querétaro,0337,011,Urbana,100,Típica,43,57,34,14.62,100.0,,3.0,0.0,0.0,3.0,,,4.0,0.0,,4.0,4.0,7.0,11.0,5.0,18.0,59.0,32.0,14.0,61.0,25.0,57.0,100.0,43.0,100.0,0.0,0.0,0.0,2.94,0.54,19.0,,,0.0,5.0,3.0,,91.0,51.0,40.0,3.0,,,23.0,86.0,48.0,38.0,11.0,9.0,,83.0,47.0,36.0,,0.0,,99.0,56.0,43.0,98.0,56.0,42.0,30.0,18.0,12.0,7.0,5.0,,10.0,6.0,4.0,34.0,27.0,34.0,,34.0,,26.0,0.0,35.0,0.0,8.0,,26.0,33.0,34.0,34.0,0.0,30.0,5.0,33.0,22.0,6.0,34.0,34.0,34.0,34.0,34.0,29.0,33.0,33.0,0.0,,4.0,0.0,0.0,28.0,33.0,,27.0,34.0,,0.0,,0.0,0.0,17.0,28.0,0.0,30.0,30.0,33.0,100.0,49401.78815631702,670.6996982729863,0.013576425536475723,1.3576425536475722,100.0,False,60
2201400010337010,22,Querétaro,014,Querétaro,0001,Santiago de Querétaro,0337,010,Urbana,71,Típica,27,44,23,13.73,71.0,,0.0,,,3.0,,,9.0,3.0,3.0,5.0,,5.0,6.0,5.0,11.0,34.0,31.0,8.0,41.0,22.0,44.0,71.0,27.0,71.0,0.0,0.0,0.0,3.09,0.72,14.0,,,0.0,,,0.0,65.0,40.0,25.0,3.0,,,18.0,63.0,38.0,25.0,6.0,3.0,3.0,60.0,36.0,24.0,0.0,0.0,0.0,70.0,43.0,27.0,70.0,43.0,27.0,28.0,17.0,11.0,5.0,3.0,,6.0,4.0,,23.0,25.0,23.0,3.0,23.0,3.0,22.0,0.0,26.0,0.0,,0.0,21.0,23.0,23.0,23.0,0.0,19.0,3.0,22.0,10.0,3.0,23.0,23.0,23.0,23.0,23.0,19.0,21.0,23.0,0.0,3.0,4.0,0.0,0.0,16.0,23.0,0.0,18.0,23.0,,0.0,0.0,0.0,0.0,13.0,16.0,0.0,19.0,21.0,23.0,71.0,7411.912137886967,549.9925890992696,0.07420387328769183,5.26847500342612,71.0,False,60
2201400012920023,22,Querétaro,014,Querétaro,0001,Santiago de Querétaro,2920,023,Urbana,230,Típica,117,113,57,9.15,230.0,,,3.0,,8.0,4.0,3.0,9.0,4.0,,10.0,4.0,13.0,26.0,11.0,35.0,116.0,80.0,44.0,164.0,22.0,113.0,230.0,117.0,230.0,6.0,,4.0,4.04,0.91,31.0,4.0,,,10.0,6.0,4.0,196.0,99.0,97.0,14.0,9.0,5.0,60.0,186.0,93.0,93.0,25.0,12.0,13.0,172.0,84.0,88.0,7.0,,6.0,226.0,111.0,115.0,220.0,110.0,110.0,29.0,14.0,15.0,23.0,11.0,12.0,25.0,13.0,12.0,57.0,61.0,57.0,6.0,57.0,6.0,55.0,0.0,63.0,0.0,12.0,10.0,45.0,47.0,57.0,57.0,0.0,20.0,16.0,54.0,6.0,7.0,57.0,57.0,57.0,57.0,57.0,28.0,48.0,34.0,0.0,,36.0,0.0,0.0,23.0,57.0,0.0,52.0,50.0,9.0,,0.0,0.0,0.0,9.0,35.0,0.0,32.0,41.0,53.0,230.0,13918.274163137383,149.06733333484428,0.010710188029608573,2.4633432468099716,230.0,False,60
2201400010318001,22,Querétaro,014,Querétaro,0001,Santiago de Querétaro,0318,001,Urbana,78,Típica,33,45,17,10.38,43.0,,6.0,9.0,13.0,17.0,17.0,9.0,8.0,0.0,4.0,4.0,24.0,5.0,7.0,29.0,11.0,30.0,45.0,7.0,29.0,42.0,45.0,43.0,33.0,78.0,,0.0,,2.69,0.54,19.0,,0.0,,4.0,,3.0,75.0,44.0,31.0,0.0,0.0,0.0,8.0,71.0,43.0,28.0,,,,71.0,43.0,28.0,,,0.0,77.0,45.0,32.0,77.0,45.0,32.0,45.0,32.0,13.0,,0.0,,5.0,,4.0,17.0,16.0,16.0,,16.0,,15.0,0.0,18.0,,5.0,,11.0,14.0,16.0,16.0,0.0,9.0,5.0,15.0,,4.0,16.0,16.0,16.0,16.0,16.0,10.0,14.0,12.0,0.0,,7.0,0.0,0.0,11.0,16.0,0.0,15.0,15.0,,0.0,0.0,0.0,0.0,7.0,11.0,0.0,10.0,15.0,13.0,78.0,18900.864843771433,1343.421663058284,0.07107725885363353,5.544026190583415,78.0,False,60
220140001294A032,22,Querétaro,014,Querétaro,0001,Santiago de Querétaro,294A,032,Urbana,89,Típica,35,54,29,12.64,89.0,,,,0.0,0.0,0.0,0.0,,0.0,0.0,4.0,0.0,3.0,14.0,,16.0,45.0,29.0,16.0,65.0,7.0,54.0,89.0,35.0,89.0,0.0,0.0,0.0,3.07,0.88,21.0,4.0,3.0,,,,,74.0,46.0,28.0,,,0.0,33.0,72.0,45.0,27.0,6.0,5.0,,70.0,43.0,27.0,4.0,,3.0,84.0,51.0,33.0,81.0,50.0,31.0,8.0,6.0,,6.0,4.0,,8.0,5.0,3.0,29.0,28.0,29.0,,29.0,,26.0,0.0,31.0,0.0,,3.0,27.0,26.0,29.0,29.0,0.0,22.0,6.0,29.0,5.0,5.0,29.0,29.0,29.0,29.0,29.0,21.0,28.0,26.0,0.0,,7.0,0.0,0.0,18.0,29.0,0.0,23.0,29.0,0.0,0.0,0.0,0.0,0.0,12.0,23.0,0.0,18.0,27.0,29.0,89.0,12800.587483195639,44.99640574685552,0.0035151828621870617,0.31285127473464847,89.0,False,60
2201400012808029,22,Querétaro,014,Querétaro,0001,Santiago de Querétaro,2808,029,Urbana,82,Típica,44,38,25,11.28,82.0,,0.0,,,3.0,,0.0,3.0,,,,5.0,4.0,7.0,3.0,9.0,39.0,37.0,8.0,60.0,14.0,38.0,82.0,44.0,82.0,,0.0,,3.28,0.74,10.0,,,0.0,,,0.0,76.0,34.0,42.0,0.0,0.0,0.0,14.0,74.0,32.0,42.0,6.0,3.0,3.0,74.0,32.0,42.0,,,,81.0,37.0,44.0,80.0,37.0,43.0,24.0,11.0,13.0,3.0,,,4.0,3.0,,25.0,26.0,25.0,,25.0,,24.0,0.0,27.0,0.0,5.0,0.0,20.0,25.0,25.0,25.0,0.0,11.0,5.0,24.0,,,25.0,25.0,25.0,25.0,25.0,14.0,22.0,22.0,0.0,,13.0,0.0,0.0,11.0,25.0,0.0,19.0,25.0,,0.0,0.0,0.0,0.0,7.0,17.0,0.0,20.0,25.0,25.0,82.0,8171.913856058063,14.16042084980381,0.0017328157270412614,0.14209088961738342,82.0,False,60
2201400012738017,22,Querétaro,014,Querétaro,0001,Santiago de Querétaro,2738,017,Urbana,13,Típica,8,5,4,9.2,13.0,,,0.0,0.0,,0.0,,0.0,0.0,0.0,0.0,0.0,,,,,4.0,7.0,3.0,9.0,,5.0,13.0,8.0,13.0,0.0,0.0,0.0,3.25,0.93,0.0,,0.0,,,0.0,,11.0,4.0,7.0,,0.0,,,10.0,4.0,6.0,0.0,0.0,0.0,8.0,4.0,4.0,0.0,0.0,0.0,12.0,5.0,7.0,12.0,5.0,7.0,,,0.0,,,0.0,,,,4.0,4.0,4.0,0.0,4.0,0.0,4.0,0.0,4.0,0.0,0.0,0.0,4.0,4.0,,4.0,0.0,,,4.0,,0.0,4.0,4.0,4.0,4.0,4.0,,3.0,3.0,0.0,0.0,,0.0,0.0,,4.0,0.0,3.0,4.0,,0.0,0.0,0.0,0.0,,3.0,0.0,,3.0,4.0,13.0,1682.1876824406258,475.30693599877515,0.2825528571872369,3.6731871434340793,13.0,False,60
2201400012418022,22,Querétaro,014,Querétaro,0001,Santiago de Querétaro,2418,022,Urbana,24,Típica,9,15,9,14.71,24.0,,0.0,0.0,0.0,0.0,0.0,0.0,0.0,0.0,0.0,0.0,0.0,0.0,3.0,0.0,3.0,18.0,5.0,3.0,18.0,3.0,15.0,24.0,9.0,24.0,0.0,0.0,0.0,2.67,0.51,4.0,0.0,0.0,0.0,,,,23.0,14.0,9.0,,,0.0,8.0,21.0,13.0,8.0,3.0,3.0,0.0,20.0,12.0,8.0,,,0.0,24.0,15.0,9.0,23.0,14.0,9.0,4.0,,,0.0,0.0,0.0,,,,9.0,9.0,9.0,,9.0,0.0,8.0,,10.0,0.0,3.0,0.0,6.0,9.0,9.0,9.0,0.0,8.0,,9.0,4.0,3.0,9.0,9.0,9.0,9.0,9.0,8.0,7.0,9.0,0.0,0.0,,0.0,0.0,8.0,9.0,0.0,9.0,9.0,,0.0,0.0,0.0,0.0,6.0,6.0,0.0,4.0,9.0,9.0,24.0,2140.39130423446,48.383750261033214,0.022605095696900297,0.5425222967256071,24.0,False,60
2201400012403003,22,Querétaro,014,Querétaro,0001,Santiago de Querétaro,2403,003,Urbana,66,Típica,34,32,24,12.97,66.0,,,0.0,,,0.0,,6.0,0.0,0.0,5.0,0.0,,3.0,6.0,14.0,29.0,34.0,3.0,36.0,27.0,32.0,66.0,34.0,66.0,0.0,0.0,0.0,2.75,0.51,18.0,0.0,0.0,0.0,0.0,0.0,0.0,63.0,32.0,31.0,,0.0,,9.0,63.0,32.0,31.0,7.0,4.0,3.0,61.0,32.0,29.0,,0.0,,66.0,32.0,34.0,65.0,32.0,33.0,33.0,18.0,15.0,,0.0,,,0.0,,24.0,29.0,24.0,5.0,24.0,0.0,24.0,5.0,29.0,0.0,6.0,,18.0,23.0,24.0,24.0,0.0,21.0,6.0,23.0,4.0,5.0,24.0,24.0,24.0,24.0,24.0,20.0,23.0,23.0,0.0,,,0.0,0.0,20.0,24.0,0.0,22.0,24.0,,0.0,0.0,0.0,0.0,14.0,21.0,0.0,20.0,24.0,24.0,66.0,8574.091673247685,2.915143929078354,0.0003399944903987898,0.022439636366320126,66.0,False,60
2201400012403002,22,Querétaro,014,Querétaro,0001,Santiago de Querétaro,2403,002,Urbana,42,Típica,18,24,14,14.37,42.0,,0.0,0.0,0.0,0.0,0.0,0.0,,,0.0,,0.0,3.0,,0.0,6.0,24.0,16.0,4.0,35.0,3.0,24.0,42.0,18.0,42.0,3.0,,,3.0,0.62,25.0,,0.0,,,0.0,,40.0,23.0,17.0,0.0,0.0,0.0,12.0,38.0,23.0,15.0,5.0,,3.0,38.0,23.0,15.0,,,0.0,41.0,24.0,17.0,40.0,23.0,17.0,11.0,8.0,3.0,0.0,0.0,0.0,,0.0,,14.0,14.0,14.0,,14.0,,12.0,,16.0,0.0,0.0,0.0,14.0,14.0,14.0,14.0,0.0,10.0,,14.0,6.0,,14.0,14.0,14.0,14.0,14.0,11.0,14.0,14.0,0.0,0.0,4.0,0.0,0.0,10.0,14.0,0.0,13.0,14.0,0.0,0.0,0.0,0.0,0.0,9.0,12.0,0.0,11.0,14.0,13.0,42.0,5001.558175445938,689.7256757873461,0.13790216000553673,5.7918907202325425,42.0,False,60
2201400012206007,22,Querétaro,014,Querétaro,0001,Santiago de Querétaro,2206,007,Urbana,27,Típica,14,13,8,11.38,27.0,,0.0,0.0,0.0,0.0,0.0,0.0,,0.0,,0.0,0.0,0.0,,0.0,3.0,18.0,7.0,3.0,24.0,0.0,13.0,27.0,14.0,27.0,0.0,0.0,0.0,3.38,0.93,4.0,,0.0,,,0.0,,25.0,12.0,13.0,,,0.0,8.0,24.0,12.0,12.0,4.0,,,22.0,10.0,12.0,0.0,0.0,0.0,26.0,13.0,13.0,26.0,13.0,13.0,0.0,0.0,0.0,,,0.0,,,,8.0,9.0,8.0,,8.0,,7.0,0.0,10.0,0.0,0.0,,8.0,7.0,8.0,8.0,0.0,5.0,,8.0,,,8.0,8.0,8.0,8.0,8.0,6.0,8.0,7.0,0.0,,,0.0,0.0,4.0,8.0,0.0,4.0,8.0,0.0,0.0,0.0,0.0,0.0,5.0,7.0,0.0,7.0,8.0,8.0,27.0,2514.3373489458854,145.2279297653679,0.05775992224203863,1.559517900535043,27.0,False,60
2201400012174001,22,Querétaro,014,Querétaro,0001,Santiago de Querétaro,2174,001,Urbana,176,Típica,85,91,55,12.21,176.0,,,0.0,,,0.0,7.0,5.0,,,3.0,3.0,7.0,10.0,12.0,23.0,108.0,40.0,31.0,139.0,6.0,91.0,176.0,85.0,176.0,,,0.0,3.2,0.85,26.0,6.0,5.0,,3.0,,,148.0,71.0,77.0,9.0,,8.0,53.0,145.0,69.0,76.0,30.0,10.0,20.0,136.0,68.0,68.0,9.0,7.0,,170.0,86.0,84.0,164.0,81.0,83.0,10.0,5.0,5.0,13.0,8.0,5.0,13.0,8.0,5.0,55.0,59.0,55.0,,55.0,,54.0,3.0,60.0,,11.0,0.0,44.0,54.0,55.0,55.0,0.0,40.0,7.0,55.0,4.0,11.0,55.0,55.0,55.0,55.0,55.0,35.0,49.0,45.0,0.0,5.0,15.0,0.0,0.0,38.0,55.0,0.0,36.0,52.0,3.0,0.0,,0.0,0.0,19.0,44.0,0.0,36.0,55.0,54.0,176.0,7327.540229942611,530.0571981351117,0.07233767151071145,12.731430185885216,176.0,False,60
220140001216A018,22,Querétaro,014,Querétaro,0001,Santiago de Querétaro,216A,018,Urbana,0,Típica,0,0,0,0.0,0.0,,0.0,0.0,0.0,0.0,0.0,0.0,0.0,0.0,0.0,0.0,0.0,0.0,0.0,0.0,0.0,0.0,0.0,0.0,0.0,0.0,0.0,0.0,0.0,0.0,0.0,0.0,0.0,0.0,0.0,0.0,0.0,0.0,0.0,0.0,0.0,0.0,0.0,0.0,0.0,0.0,0.0,0.0,0.0,0.0,0.0,0.0,0.0,0.0,0.0,0.0,0.0,0.0,0.0,0.0,0.0,0.0,0.0,0.0,0.0,0.0,0.0,0.0,0.0,0.0,0.0,0.0,0.0,0.0,0.0,0.0,0.0,0.0,0.0,0.0,0.0,0.0,0.0,0.0,0.0,0.0,0.0,0.0,0.0,0.0,0.0,0.0,0.0,0.0,0.0,0.0,0.0,0.0,0.0,0.0,0.0,0.0,0.0,0.0,0.0,0.0,0.0,0.0,0.0,0.0,0.0,0.0,0.0,0.0,0.0,0.0,0.0,0.0,0.0,0.0,0.0,0.0,0.0,0.0,0.0,0.0,0.0,0.0,773.3331025278183,392.16017274461325,0.5071038230003952,0.0,0.0,True,60
2201400011975013,22,Querétaro,014,Querétaro,0001,Santiago de Querétaro,1975,013,Urbana,243,Típica,118,125,68,13.0,243.0,,,,,5.0,,,4.0,,,3.0,4.0,,7.0,7.0,11.0,148.0,65.0,37.0,197.0,9.0,125.0,243.0,118.0,243.0,5.0,4.0,,3.57,0.77,60.0,5.0,,3.0,7.0,3.0,4.0,213.0,112.0,101.0,14.0,9.0,5.0,86.0,206.0,109.0,97.0,46.0,25.0,21.0,192.0,100.0,92.0,8.0,3.0,5.0,238.0,123.0,115.0,235.0,122.0,113.0,16.0,6.0,10.0,17.0,8.0,9.0,21.0,10.0,11.0,68.0,65.0,68.0,,68.0,,62.0,,71.0,0.0,14.0,4.0,54.0,64.0,68.0,68.0,0.0,50.0,6.0,66.0,5.0,21.0,68.0,68.0,68.0,68.0,68.0,44.0,62.0,57.0,0.0,,18.0,0.0,0.0,51.0,68.0,0.0,65.0,68.0,5.0,,,0.0,0.0,26.0,52.0,0.0,44.0,67.0,63.0,243.0,12898.911711949202,768.7040253634482,0.05959448692491953,14.481460322755446,243.0,False,60
2201400011975009,22,Querétaro,014,Querétaro,0001,Santiago de Querétaro,1975,009,Urbana,133,Típica,72,61,31,10.28,133.0,,0.0,,,,,,11.0,3.0,3.0,5.0,0.0,6.0,20.0,,29.0,64.0,39.0,36.0,92.0,5.0,61.0,133.0,72.0,133.0,0.0,0.0,0.0,4.29,1.24,31.0,5.0,,3.0,6.0,,4.0,103.0,50.0,53.0,11.0,3.0,8.0,32.0,97.0,48.0,49.0,15.0,6.0,9.0,86.0,45.0,41.0,9.0,,8.0,128.0,59.0,69.0,120.0,58.0,62.0,9.0,4.0,5.0,16.0,8.0,8.0,15.0,7.0,8.0,31.0,34.0,31.0,3.0,31.0,3.0,31.0,0.0,34.0,,4.0,3.0,27.0,27.0,31.0,31.0,0.0,18.0,3.0,27.0,4.0,3.0,31.0,31.0,31.0,31.0,31.0,21.0,29.0,25.0,0.0,3.0,13.0,0.0,0.0,15.0,31.0,0.0,25.0,30.0,,,,0.0,0.0,6.0,26.0,0.0,25.0,27.0,29.0,133.0,4854.035670127286,201.55328262297857,0.04152282684352283,5.522535970188536,133.0,False,60
2201400013350026,22,Querétaro,014,Querétaro,0001,Santiago de Querétaro,3350,026,Urbana,36,Típica,17,19,16,11.87,36.0,,,,,,,0.0,,,,5.0,0.0,7.0,17.0,,19.0,19.0,12.0,6.0,26.0,4.0,19.0,36.0,17.0,36.0,0.0,0.0,0.0,2.25,0.65,10.0,,0.0,,,,0.0,31.0,18.0,13.0,,0.0,,10.0,30.0,17.0,13.0,,,0.0,28.0,17.0,11.0,,0.0,,34.0,19.0,15.0,33.0,19.0,14.0,5.0,3.0,,,,,,,0.0,16.0,20.0,16.0,6.0,16.0,6.0,14.0,0.0,22.0,0.0,,,14.0,15.0,16.0,16.0,0.0,8.0,3.0,16.0,0.0,4.0,16.0,16.0,16.0,16.0,16.0,10.0,13.0,13.0,0.0,0.0,8.0,0.0,0.0,7.0,16.0,0.0,14.0,16.0,3.0,0.0,0.0,0.0,0.0,,13.0,0.0,11.0,16.0,15.0,36.0,2565.6754751695426,84.70011781915173,0.03301279473529467,1.1884606104706081,36.0,False,60
2201400011458022,22,Querétaro,014,Querétaro,0001,Santiago de Querétaro,1458,022,Urbana,23,Típica,10,13,8,13.14,23.0,,0.0,0.0,0.0,0.0,0.0,,4.0,,,3.0,0.0,4.0,,,5.0,13.0,9.0,,19.0,3.0,13.0,23.0,10.0,23.0,0.0,0.0,0.0,2.88,0.59,4.0,0.0,0.0,0.0,0.0,0.0,0.0,22.0,13.0,9.0,,0.0,,8.0,22.0,13.0,9.0,7.0,6.0,,21.0,13.0,8.0,0.0,0.0,0.0,23.0,13.0,10.0,23.0,13.0,10.0,4.0,,,,0.0,,,0.0,,8.0,9.0,8.0,,8.0,,7.0,0.0,10.0,0.0,,0.0,6.0,8.0,8.0,8.0,0.0,7.0,,7.0,3.0,3.0,8.0,8.0,8.0,8.0,8.0,6.0,8.0,7.0,0.0,0.0,,0.0,0.0,4.0,8.0,0.0,,8.0,0.0,0.0,0.0,0.0,0.0,5.0,6.0,0.0,7.0,7.0,8.0,23.0,3022.410692731587,519.9778746090201,0.17204077389597763,3.9569377996074855,23.0,False,60
2201400011621013,22,Querétaro,014,Querétaro,0001,Santiago de Querétaro,1621,013,Urbana,25,Típica,11,14,6,13.86,25.0,,,0.0,0.0,0.0,0.0,0.0,0.0,0.0,0.0,0.0,0.0,,0.0,,,16.0,6.0,3.0,20.0,,14.0,25.0,11.0,25.0,0.0,0.0,0.0,4.17,0.64,3.0,0.0,0.0,0.0,0.0,0.0,0.0,22.0,14.0,8.0,,0.0,,9.0,22.0,14.0,8.0,0.0,0.0,0.0,20.0,14.0,6.0,0.0,0.0,0.0,25.0,14.0,11.0,25.0,14.0,11.0,5.0,4.0,,3.0,0.0,3.0,,0.0,,6.0,7.0,6.0,,6.0,0.0,6.0,,7.0,0.0,0.0,0.0,6.0,6.0,6.0,6.0,0.0,6.0,,6.0,6.0,3.0,6.0,6.0,6.0,6.0,6.0,6.0,6.0,6.0,0.0,0.0,0.0,0.0,0.0,5.0,6.0,0.0,4.0,6.0,0.0,0.0,0.0,0.0,0.0,6.0,5.0,0.0,6.0,4.0,6.0,25.0,26109.907653592803,66.08242790677718,0.002530933038274612,0.0632733259568653,25.0,False,60
2201400011443001,22,Querétaro,014,Querétaro,0001,Santiago de Querétaro,1443,001,Urbana,0,Típica,0,0,0,0.0,0.0,,0.0,0.0,0.0,0.0,0.0,0.0,0.0,0.0,0.0,0.0,0.0,0.0,0.0,0.0,0.0,0.0,0.0,0.0,0.0,0.0,0.0,0.0,0.0,0.0,0.0,0.0,0.0,0.0,0.0,0.0,0.0,0.0,0.0,0.0,0.0,0.0,0.0,0.0,0.0,0.0,0.0,0.0,0.0,0.0,0.0,0.0,0.0,0.0,0.0,0.0,0.0,0.0,0.0,0.0,0.0,0.0,0.0,0.0,0.0,0.0,0.0,0.0,0.0,0.0,0.0,0.0,0.0,0.0,0.0,0.0,0.0,0.0,0.0,0.0,0.0,0.0,0.0,0.0,0.0,0.0,0.0,0.0,0.0,0.0,0.0,0.0,0.0,0.0,0.0,0.0,0.0,0.0,0.0,0.0,0.0,0.0,0.0,0.0,0.0,0.0,0.0,0.0,0.0,0.0,0.0,0.0,0.0,0.0,0.0,0.0,0.0,0.0,0.0,0.0,0.0,0.0,0.0,0.0,0.0,0.0,0.0,0.0,1944.4207829176894,703.8089260401678,0.3619632809026405,0.0,0.0,True,60
2201400011439031,22,Querétaro,014,Querétaro,0001,Santiago de Querétaro,1439,031,Urbana,70,Típica,29,41,21,10.64,70.0,,0.0,0.0,0.0,0.0,0.0,3.0,6.0,0.0,,6.0,0.0,3.0,13.0,3.0,18.0,36.0,21.0,17.0,43.0,10.0,41.0,70.0,29.0,70.0,0.0,0.0,0.0,3.33,0.71,26.0,,0.0,,4.0,3.0,,57.0,36.0,21.0,4.0,,,23.0,53.0,33.0,20.0,3.0,3.0,0.0,49.0,31.0,18.0,4.0,,3.0,68.0,41.0,27.0,65.0,40.0,25.0,10.0,6.0,4.0,7.0,4.0,3.0,8.0,5.0,3.0,21.0,21.0,21.0,0.0,21.0,0.0,21.0,0.0,21.0,0.0,5.0,0.0,16.0,21.0,21.0,21.0,0.0,6.0,,16.0,,3.0,21.0,21.0,21.0,21.0,21.0,12.0,16.0,19.0,0.0,0.0,15.0,0.0,0.0,10.0,21.0,0.0,12.0,21.0,4.0,0.0,0.0,0.0,0.0,7.0,17.0,0.0,15.0,18.0,21.0,70.0,2012.6407318476583,578.6433599126963,0.2875045460207327,20.12531822145129,70.0,True,60
2201400011392025,22,Querétaro,014,Querétaro,0001,Santiago de Querétaro,1392,025,Urbana,174,Típica,80,94,31,7.61,174.0,,,,,7.0,,7.0,6.0,,,3.0,,3.0,15.0,12.0,21.0,93.0,52.0,39.0,128.0,7.0,94.0,174.0,80.0,174.0,0.0,0.0,0.0,5.61,1.5,64.0,7.0,5.0,,10.0,4.0,6.0,145.0,72.0,73.0,9.0,6.0,3.0,49.0,135.0,68.0,67.0,30.0,12.0,18.0,126.0,62.0,64.0,7.0,3.0,4.0,167.0,89.0,78.0,162.0,87.0,75.0,14.0,8.0,6.0,15.0,14.0,,20.0,13.0,7.0,31.0,36.0,31.0,,31.0,4.0,31.0,,36.0,0.0,,3.0,29.0,28.0,31.0,31.0,0.0,13.0,5.0,29.0,6.0,3.0,31.0,31.0,31.0,31.0,31.0,18.0,26.0,24.0,0.0,4.0,15.0,0.0,0.0,7.0,27.0,4.0,28.0,30.0,5.0,0.0,0.0,0.0,0.0,8.0,20.0,0.0,19.0,22.0,31.0,174.0,10278.852161204046,195.38446731367821,0.019008393568605546,3.307460480937365,174.0,False,60
2201400011388004,22,Querétaro,014,Querétaro,0001,Santiago de Querétaro,1388,004,Urbana,78,Típica,33,45,22,7.57,78.0,,0.0,0.0,0.0,,,,4.0,,,4.0,,4.0,4.0,,7.0,46.0,17.0,18.0,49.0,11.0,45.0,78.0,33.0,78.0,,0.0,,3.55,0.87,20.0,,,,3.0,3.0,0.0,63.0,36.0,27.0,,0.0,,19.0,60.0,33.0,27.0,11.0,7.0,4.0,59.0,33.0,26.0,3.0,,,76.0,44.0,32.0,75.0,44.0,31.0,13.0,7.0,6.0,10.0,7.0,3.0,7.0,6.0,,22.0,28.0,22.0,7.0,22.0,7.0,21.0,0.0,29.0,,8.0,4.0,14.0,16.0,22.0,22.0,0.0,8.0,,19.0,0.0,3.0,22.0,22.0,22.0,22.0,22.0,10.0,13.0,16.0,0.0,0.0,13.0,0.0,0.0,6.0,22.0,0.0,19.0,20.0,9.0,,,,0.0,,12.0,0.0,8.0,17.0,20.0,78.0,9009.685605847864,142.63817166930775,0.01583164806291647,1.2348685489074847,78.0,False,60
2201400011138013,22,Querétaro,014,Querétaro,0001,Santiago de Querétaro,1138,013,Urbana,0,Típica,0,0,0,0.0,0.0,,0.0,0.0,0.0,0.0,0.0,0.0,0.0,0.0,0.0,0.0,0.0,0.0,0.0,0.0,0.0,0.0,0.0,0.0,0.0,0.0,0.0,0.0,0.0,0.0,0.0,0.0,0.0,0.0,0.0,0.0,0.0,0.0,0.0,0.0,0.0,0.0,0.0,0.0,0.0,0.0,0.0,0.0,0.0,0.0,0.0,0.0,0.0,0.0,0.0,0.0,0.0,0.0,0.0,0.0,0.0,0.0,0.0,0.0,0.0,0.0,0.0,0.0,0.0,0.0,0.0,0.0,0.0,0.0,0.0,0.0,0.0,0.0,0.0,0.0,0.0,0.0,0.0,0.0,0.0,0.0,0.0,0.0,0.0,0.0,0.0,0.0,0.0,0.0,0.0,0.0,0.0,0.0,0.0,0.0,0.0,0.0,0.0,0.0,0.0,0.0,0.0,0.0,0.0,0.0,0.0,0.0,0.0,0.0,0.0,0.0,0.0,0.0,0.0,0.0,0.0,0.0,0.0,0.0,0.0,0.0,0.0,0.0,61914.42124434724,753.9150513162448,0.01217672775040398,0.0,0.0,False,60
2201400010337002,22,Querétaro,014,Querétaro,0001,Santiago de Querétaro,0337,002,Urbana,59,Típica,18,41,19,14.84,46.0,,0.0,0.0,0.0,0.0,0.0,,3.0,0.0,,4.0,0.0,,5.0,,10.0,40.0,17.0,3.0,42.0,14.0,41.0,46.0,18.0,59.0,0.0,0.0,0.0,2.56,0.51,15.0,,,0.0,,,0.0,57.0,39.0,18.0,3.0,,,19.0,56.0,38.0,18.0,3.0,,,53.0,36.0,17.0,0.0,0.0,0.0,58.0,40.0,18.0,58.0,40.0,18.0,23.0,15.0,8.0,,,0.0,,,0.0,19.0,17.0,18.0,,18.0,3.0,13.0,,23.0,0.0,3.0,0.0,15.0,18.0,18.0,18.0,0.0,14.0,3.0,16.0,9.0,3.0,18.0,18.0,18.0,18.0,18.0,14.0,17.0,16.0,0.0,,4.0,0.0,0.0,14.0,18.0,0.0,13.0,18.0,,,0.0,0.0,0.0,6.0,10.0,0.0,12.0,16.0,18.0,59.0,26973.35107905079,526.4061116808239,0.019515784677183255,1.151431295953812,59.0,False,60
2201400010318008,22,Querétaro,014,Querétaro,0001,Santiago de Querétaro,0318,008,Urbana,113,Típica,55,58,40,14.13,113.0,,,0.0,0.0,,,3.0,6.0,0.0,0.0,3.0,,,5.0,6.0,9.0,63.0,40.0,11.0,86.0,16.0,58.0,113.0,55.0,113.0,,0.0,,2.83,0.62,26.0,4.0,,3.0,,0.0,,103.0,54.0,49.0,0.0,0.0,0.0,36.0,102.0,54.0,48.0,23.0,9.0,14.0,102.0,54.0,48.0,,0.0,,109.0,57.0,52.0,108.0,57.0,51.0,25.0,13.0,12.0,5.0,3.0,,5.0,,3.0,40.0,44.0,40.0,,40.0,9.0,34.0,,50.0,3.0,15.0,3.0,25.0,34.0,40.0,40.0,0.0,19.0,9.0,39.0,11.0,8.0,40.0,40.0,40.0,40.0,40.0,25.0,37.0,33.0,0.0,0.0,21.0,0.0,0.0,32.0,40.0,0.0,33.0,39.0,,,3.0,0.0,0.0,24.0,23.0,0.0,25.0,38.0,34.0,113.0,11337.124898433198,671.9394774971581,0.059268949007523136,6.697391237850114,113.0,False,60
2201400013350030,22,Querétaro,014,Querétaro,0001,Santiago de Querétaro,3350,030,Urbana,59,Típica,30,29,17,11.2,59.0,,,0.0,0.0,,,,,0.0,0.0,,,4.0,9.0,3.0,12.0,35.0,14.0,15.0,43.0,,29.0,59.0,30.0,59.0,0.0,0.0,0.0,3.47,0.89,7.0,,0.0,,5.0,,3.0,49.0,25.0,24.0,5.0,5.0,0.0,19.0,44.0,23.0,21.0,4.0,,3.0,39.0,18.0,21.0,,,,58.0,29.0,29.0,56.0,28.0,28.0,5.0,,3.0,7.0,3.0,4.0,11.0,4.0,7.0,17.0,21.0,17.0,6.0,17.0,6.0,15.0,0.0,23.0,0.0,0.0,0.0,17.0,17.0,17.0,17.0,0.0,10.0,,17.0,,6.0,17.0,17.0,17.0,17.0,17.0,13.0,15.0,14.0,0.0,3.0,6.0,0.0,0.0,10.0,17.0,0.0,13.0,17.0,,0.0,0.0,0.0,0.0,4.0,14.0,0.0,11.0,17.0,17.0,59.0,2519.693571141936,728.8114578511597,0.2892460679339112,17.065518008100764,59.0,False,60
2201400011212001,22,Querétaro,014,Querétaro,0001,Santiago de Querétaro,1212,001,Urbana,1016,Típica,524,492,437,14.84,1016.0,,,3.0,,4.0,,7.0,11.0,,,13.0,5.0,15.0,22.0,18.0,52.0,647.0,311.0,68.0,888.0,59.0,492.0,1016.0,524.0,1016.0,29.0,6.0,23.0,2.32,0.56,90.0,15.0,9.0,6.0,12.0,8.0,4.0,959.0,465.0,494.0,23.0,12.0,11.0,356.0,947.0,457.0,490.0,374.0,166.0,208.0,924.0,445.0,479.0,15.0,6.0,9.0,1000.0,482.0,518.0,991.0,478.0,513.0,94.0,55.0,39.0,26.0,11.0,15.0,28.0,14.0,14.0,437.0,534.0,437.0,97.0,437.0,67.0,437.0,30.0,534.0,,93.0,4.0,344.0,432.0,420.0,437.0,0.0,318.0,76.0,434.0,329.0,157.0,437.0,437.0,437.0,437.0,437.0,356.0,418.0,315.0,0.0,16.0,118.0,0.0,0.0,390.0,437.0,0.0,206.0,437.0,15.0,0.0,37.0,0.0,0.0,319.0,234.0,0.0,242.0,362.0,384.0,1016.0,71061.0785942816,682.4505235689395,0.009603717493022367,9.757376972910725,1016.0,False,60
2201400010303025,22,Querétaro,014,Querétaro,0001,Santiago de Querétaro,0303,025,Urbana,313,Típica,150,163,93,12.57,308.0,,,,3.0,16.0,6.0,5.0,23.0,,,3.0,5.0,14.0,14.0,22.0,42.0,175.0,110.0,34.0,222.0,57.0,163.0,308.0,150.0,313.0,,0.0,,3.35,0.65,62.0,7.0,4.0,3.0,8.0,4.0,4.0,287.0,149.0,138.0,10.0,5.0,5.0,83.0,279.0,145.0,134.0,46.0,20.0,26.0,269.0,140.0,129.0,3.0,,,306.0,159.0,147.0,304.0,158.0,146.0,64.0,41.0,23.0,16.0,8.0,8.0,18.0,11.0,7.0,93.0,101.0,92.0,10.0,92.0,4.0,91.0,6.0,103.0,,8.0,3.0,84.0,87.0,92.0,92.0,0.0,52.0,20.0,86.0,14.0,28.0,92.0,92.0,92.0,92.0,92.0,56.0,83.0,72.0,0.0,10.0,36.0,0.0,0.0,66.0,92.0,0.0,68.0,91.0,9.0,0.0,5.0,0.0,0.0,39.0,68.0,0.0,55.0,84.0,86.0,313.0,107315.6338982671,1823.5052572749821,0.01699198142000098,5.318490184460307,313.0,False,60
2201400011570041,22,Querétaro,014,Querétaro,0001,Santiago de Querétaro,1570,041,Urbana,402,Típica,187,215,124,14.75,402.0,,,0.0,,4.0,0.0,7.0,17.0,4.0,,7.0,,11.0,60.0,12.0,78.0,248.0,112.0,56.0,324.0,22.0,215.0,402.0,187.0,402.0,4.0,,3.0,3.24,0.64,74.0,8.0,3.0,5.0,14.0,11.0,3.0,360.0,200.0,160.0,24.0,14.0,10.0,152.0,346.0,189.0,157.0,69.0,35.0,34.0,322.0,175.0,147.0,11.0,4.0,7.0,394.0,212.0,182.0,389.0,210.0,179.0,28.0,18.0,10.0,23.0,8.0,15.0,31.0,16.0,15.0,124.0,142.0,124.0,21.0,124.0,13.0,121.0,8.0,145.0,0.0,10.0,,114.0,123.0,124.0,124.0,0.0,111.0,27.0,121.0,114.0,41.0,124.0,124.0,124.0,124.0,124.0,103.0,121.0,106.0,0.0,8.0,13.0,0.0,0.0,115.0,124.0,0.0,87.0,124.0,,,5.0,0.0,0.0,85.0,79.0,0.0,97.0,124.0,117.0,402.0,79862.3113144183,1082.1265672140732,0.013549902944252838,5.447060983589641,402.0,False,60
2201400011890013,22,Querétaro,014,Querétaro,0001,Santiago de Querétaro,1890,013,Urbana,456,Típica,217,239,161,14.86,456.0,,3.0,,,3.0,,,10.0,,,16.0,5.0,8.0,22.0,5.0,33.0,255.0,149.0,74.0,337.0,45.0,239.0,456.0,217.0,456.0,10.0,3.0,7.0,2.83,0.45,88.0,8.0,6.0,,22.0,8.0,14.0,404.0,220.0,184.0,22.0,16.0,6.0,141.0,382.0,212.0,170.0,55.0,32.0,23.0,360.0,196.0,164.0,10.0,5.0,5.0,448.0,233.0,215.0,441.0,228.0,213.0,69.0,39.0,30.0,34.0,8.0,26.0,46.0,14.0,32.0,161.0,183.0,161.0,,161.0,30.0,152.0,,192.0,0.0,36.0,,124.0,158.0,160.0,160.0,0.0,149.0,36.0,157.0,117.0,67.0,160.0,160.0,160.0,160.0,160.0,141.0,155.0,148.0,0.0,14.0,10.0,0.0,0.0,144.0,160.0,0.0,109.0,160.0,5.0,0.0,,0.0,0.0,110.0,106.0,0.0,133.0,61.0,158.0,456.0,171297.93543850078,699.2166477677722,0.00408187434353991,1.861334700654199,456.0,False,60
220140001230A016,22,Querétaro,014,Querétaro,0001,Santiago de Querétaro,230A,016,Urbana,58,Típica,32,26,21,14.4,58.0,,0.0,,,,,,7.0,,,,0.0,3.0,4.0,4.0,13.0,38.0,15.0,5.0,46.0,7.0,26.0,58.0,32.0,58.0,0.0,0.0,0.0,2.76,0.67,13.0,,0.0,,,,0.0,54.0,26.0,28.0,,0.0,,15.0,53.0,25.0,28.0,8.0,4.0,4.0,52.0,25.0,27.0,0.0,0.0,0.0,57.0,26.0,31.0,57.0,26.0,31.0,9.0,6.0,3.0,3.0,0.0,3.0,3.0,,,21.0,22.0,21.0,,21.0,,15.0,5.0,28.0,,5.0,,16.0,19.0,21.0,21.0,0.0,15.0,6.0,21.0,0.0,3.0,21.0,21.0,21.0,21.0,21.0,17.0,21.0,19.0,0.0,,6.0,0.0,0.0,16.0,21.0,0.0,13.0,21.0,0.0,0.0,,0.0,0.0,8.0,13.0,0.0,15.0,21.0,19.0,58.0,6685.189409894786,102.7539755716582,0.015370391064697654,0.8914826817524639,58.0,False,60
2201400010869012,22,Querétaro,014,Querétaro,0001,Santiago de Querétaro,0869,012,Urbana,41,Típica,20,21,15,15.38,41.0,,0.0,0.0,0.0,0.0,0.0,0.0,4.0,,,3.0,0.0,,7.0,0.0,9.0,26.0,11.0,4.0,25.0,12.0,21.0,41.0,20.0,41.0,0.0,0.0,0.0,2.73,0.49,13.0,3.0,,,0.0,0.0,0.0,37.0,18.0,19.0,0.0,0.0,0.0,8.0,37.0,18.0,19.0,,0.0,,37.0,18.0,19.0,0.0,0.0,0.0,38.0,19.0,19.0,38.0,19.0,19.0,19.0,8.0,11.0,,,0.0,,,0.0,15.0,15.0,15.0,,15.0,,14.0,0.0,16.0,0.0,3.0,0.0,12.0,15.0,15.0,15.0,0.0,14.0,3.0,15.0,5.0,,15.0,15.0,15.0,15.0,15.0,12.0,13.0,15.0,0.0,,,0.0,0.0,12.0,15.0,0.0,14.0,15.0,,0.0,0.0,0.0,0.0,6.0,11.0,0.0,14.0,15.0,15.0,41.0,114595.72069868495,1357.8648080209034,0.011849175516695239,0.4858161961845048,41.0,False,60
2201400010835071,22,Querétaro,014,Querétaro,0001,Santiago de Querétaro,0835,071,Urbana,164,Típica,77,87,38,10.44,164.0,,0.0,,,,,0.0,6.0,,,0.0,,,9.0,,13.0,87.0,41.0,43.0,112.0,9.0,87.0,164.0,77.0,164.0,0.0,0.0,0.0,4.32,1.02,28.0,9.0,8.0,,8.0,,6.0,129.0,68.0,61.0,6.0,5.0,,44.0,121.0,66.0,55.0,19.0,10.0,9.0,115.0,61.0,54.0,8.0,5.0,3.0,155.0,79.0,76.0,152.0,77.0,75.0,15.0,10.0,5.0,18.0,6.0,12.0,17.0,4.0,13.0,38.0,41.0,38.0,,38.0,,38.0,,41.0,3.0,10.0,4.0,28.0,31.0,36.0,36.0,,25.0,19.0,35.0,,4.0,37.0,36.0,37.0,37.0,37.0,17.0,29.0,29.0,0.0,7.0,10.0,,,24.0,35.0,3.0,34.0,34.0,8.0,3.0,,,,11.0,25.0,,19.0,37.0,33.0,164.0,26946.38254308426,334.84276693439875,0.012426260422860937,2.0379067093491936,164.0,False,60
2201400010587031,22,Querétaro,014,Querétaro,0001,Santiago de Querétaro,0587,031,Urbana,99,Típica,49,50,36,12.81,99.0,,3.0,,,4.0,,5.0,,0.0,0.0,3.0,,,0.0,9.0,4.0,67.0,18.0,18.0,76.0,5.0,50.0,99.0,49.0,99.0,6.0,3.0,3.0,2.75,0.63,25.0,4.0,,3.0,4.0,,,85.0,46.0,39.0,5.0,4.0,,32.0,81.0,44.0,37.0,16.0,8.0,8.0,76.0,40.0,36.0,3.0,,,95.0,49.0,46.0,92.0,48.0,44.0,11.0,5.0,6.0,7.0,,5.0,9.0,3.0,6.0,36.0,42.0,36.0,7.0,36.0,4.0,35.0,3.0,43.0,,8.0,,28.0,34.0,36.0,36.0,0.0,18.0,5.0,36.0,32.0,12.0,36.0,36.0,36.0,36.0,36.0,25.0,35.0,30.0,0.0,,16.0,0.0,0.0,26.0,36.0,0.0,28.0,36.0,0.0,0.0,,0.0,0.0,23.0,28.0,0.0,24.0,35.0,35.0,99.0,4547.487510625909,626.77171916555,0.13782813426117188,13.644985291856017,99.0,False,60
2201400010587028,22,Querétaro,014,Querétaro,0001,Santiago de Querétaro,0587,028,Urbana,313,Típica,158,155,76,9.53,313.0,,,6.0,7.0,14.0,9.0,4.0,4.0,,0.0,3.0,9.0,3.0,12.0,20.0,21.0,164.0,97.0,67.0,204.0,41.0,155.0,313.0,158.0,313.0,5.0,3.0,,4.12,0.99,54.0,15.0,7.0,8.0,17.0,9.0,8.0,262.0,133.0,129.0,18.0,8.0,10.0,78.0,245.0,124.0,121.0,36.0,20.0,16.0,227.0,116.0,111.0,13.0,5.0,8.0,297.0,148.0,149.0,286.0,144.0,142.0,58.0,32.0,26.0,22.0,10.0,12.0,30.0,15.0,15.0,76.0,86.0,76.0,,76.0,,76.0,8.0,86.0,9.0,23.0,11.0,52.0,55.0,74.0,75.0,0.0,30.0,11.0,69.0,8.0,9.0,75.0,75.0,75.0,75.0,75.0,43.0,57.0,52.0,0.0,5.0,42.0,0.0,0.0,30.0,73.0,,61.0,67.0,17.0,4.0,3.0,0.0,0.0,16.0,49.0,0.0,45.0,57.0,69.0,313.0,131155.66155732918,1603.9265290782052,0.012229182560884847,3.8277341415569572,313.0,False,60
2201400010464020,22,Querétaro,014,Querétaro,0001,Santiago de Querétaro,0464,020,Urbana,338,Típica,172,166,97,15.28,338.0,,4.0,,4.0,,3.0,3.0,9.0,,,7.0,5.0,6.0,13.0,7.0,28.0,197.0,95.0,59.0,225.0,54.0,166.0,338.0,172.0,338.0,,,0.0,3.48,0.56,53.0,11.0,3.0,8.0,15.0,4.0,11.0,294.0,152.0,142.0,7.0,,5.0,88.0,279.0,148.0,131.0,31.0,18.0,13.0,272.0,146.0,126.0,11.0,4.0,7.0,327.0,163.0,164.0,321.0,161.0,160.0,78.0,34.0,44.0,22.0,7.0,15.0,26.0,8.0,18.0,97.0,59.0,97.0,,97.0,3.0,54.0,,102.0,0.0,14.0,,82.0,95.0,96.0,96.0,0.0,95.0,16.0,96.0,60.0,40.0,96.0,96.0,96.0,96.0,96.0,86.0,95.0,95.0,0.0,7.0,,0.0,0.0,92.0,96.0,0.0,83.0,96.0,,0.0,0.0,0.0,0.0,75.0,85.0,0.0,89.0,93.0,96.0,338.0,106915.09861605262,55.03882505839941,0.0005147900134858565,0.1739990245582195,338.0,False,60
2201400010445002,22,Querétaro,014,Querétaro,0001,Santiago de Querétaro,0445,002,Urbana,12,Típica,6,6,4,10.75,12.0,,0.0,0.0,0.0,0.0,0.0,0.0,0.0,0.0,0.0,0.0,0.0,,0.0,0.0,,7.0,,4.0,7.0,,6.0,12.0,6.0,12.0,,0.0,,3.0,0.79,,,,0.0,0.0,0.0,0.0,8.0,4.0,4.0,,0.0,,3.0,8.0,4.0,4.0,,,0.0,7.0,4.0,3.0,0.0,0.0,0.0,11.0,5.0,6.0,11.0,5.0,6.0,,,0.0,3.0,,,,0.0,,4.0,4.0,4.0,0.0,3.0,0.0,4.0,0.0,4.0,0.0,0.0,0.0,3.0,3.0,3.0,3.0,0.0,,0.0,,0.0,0.0,3.0,3.0,3.0,3.0,3.0,3.0,3.0,3.0,0.0,0.0,,0.0,0.0,,3.0,0.0,,3.0,0.0,0.0,0.0,0.0,0.0,,,0.0,3.0,,3.0,12.0,22160.778870142803,721.3683928783704,0.032551581201429224,0.39061897441715066,12.0,False,60
2201400010411044,22,Querétaro,014,Querétaro,0001,Santiago de Querétaro,0411,044,Urbana,39,Típica,20,19,11,11.38,39.0,,0.0,0.0,,0.0,0.0,,0.0,,0.0,,,,3.0,3.0,5.0,24.0,10.0,7.0,31.0,,19.0,39.0,20.0,39.0,0.0,0.0,0.0,3.55,1.08,6.0,,0.0,,,,,34.0,18.0,16.0,3.0,,,14.0,32.0,17.0,15.0,8.0,6.0,,29.0,16.0,13.0,,,,37.0,19.0,18.0,36.0,19.0,17.0,,0.0,,,0.0,,,,,11.0,11.0,11.0,0.0,11.0,0.0,11.0,0.0,11.0,,3.0,,8.0,9.0,11.0,11.0,0.0,7.0,,11.0,0.0,4.0,11.0,11.0,11.0,11.0,11.0,6.0,11.0,9.0,0.0,,4.0,0.0,0.0,6.0,11.0,0.0,9.0,11.0,0.0,0.0,0.0,0.0,0.0,3.0,9.0,0.0,7.0,10.0,11.0,39.0,5204.541935629932,10.337502613121405,0.00198624638651705,0.07746360907416494,39.0,False,60
2201400012865018,22,Querétaro,014,Querétaro,0001,Santiago de Querétaro,2865,018,Urbana,80,Típica,44,36,20,8.36,80.0,,0.0,0.0,0.0,5.0,,3.0,,0.0,0.0,,3.0,,3.0,8.0,6.0,41.0,23.0,21.0,53.0,6.0,36.0,80.0,44.0,80.0,0.0,0.0,0.0,4.0,1.01,25.0,,,,5.0,3.0,,64.0,29.0,35.0,3.0,0.0,3.0,16.0,59.0,26.0,33.0,7.0,,5.0,56.0,26.0,30.0,5.0,,3.0,78.0,35.0,43.0,75.0,34.0,41.0,13.0,6.0,7.0,9.0,4.0,5.0,11.0,6.0,5.0,20.0,23.0,20.0,3.0,20.0,3.0,20.0,0.0,23.0,,5.0,3.0,15.0,15.0,19.0,19.0,,9.0,,19.0,4.0,3.0,20.0,19.0,20.0,20.0,20.0,11.0,18.0,16.0,0.0,4.0,10.0,0.0,0.0,9.0,19.0,,18.0,19.0,,0.0,0.0,0.0,0.0,6.0,15.0,0.0,14.0,14.0,19.0,80.0,8141.397461465996,194.84256983545927,0.02393232497954652,1.9145859983637217,80.0,False,60
2201400012850010,22,Querétaro,014,Querétaro,0001,Santiago de Querétaro,2850,010,Urbana,77,Típica,34,43,20,9.46,77.0,,,,,4.0,5.0,6.0,,0.0,0.0,0.0,0.0,3.0,,11.0,5.0,41.0,23.0,16.0,56.0,5.0,43.0,77.0,34.0,77.0,0.0,0.0,0.0,3.85,1.0,17.0,4.0,,3.0,3.0,,,64.0,35.0,29.0,5.0,,4.0,25.0,61.0,34.0,27.0,12.0,10.0,,56.0,33.0,23.0,5.0,5.0,0.0,73.0,42.0,31.0,70.0,39.0,31.0,9.0,4.0,5.0,4.0,,,6.0,,4.0,20.0,23.0,20.0,3.0,20.0,3.0,20.0,0.0,23.0,,3.0,,17.0,17.0,20.0,20.0,0.0,9.0,,17.0,,,20.0,20.0,20.0,20.0,20.0,10.0,14.0,15.0,0.0,0.0,11.0,0.0,0.0,5.0,19.0,,16.0,18.0,6.0,,0.0,0.0,0.0,0.0,11.0,0.0,12.0,17.0,20.0,77.0,5128.255101052604,421.38827357016146,0.0821699126246019,6.327083272094346,77.0,False,60
2201400011886019,22,Querétaro,014,Querétaro,0001,Santiago de Querétaro,1886,019,Urbana,0,Típica,0,0,0,0.0,0.0,,0.0,0.0,0.0,0.0,0.0,0.0,0.0,0.0,0.0,0.0,0.0,0.0,0.0,0.0,0.0,0.0,0.0,0.0,0.0,0.0,0.0,0.0,0.0,0.0,0.0,0.0,0.0,0.0,0.0,0.0,0.0,0.0,0.0,0.0,0.0,0.0,0.0,0.0,0.0,0.0,0.0,0.0,0.0,0.0,0.0,0.0,0.0,0.0,0.0,0.0,0.0,0.0,0.0,0.0,0.0,0.0,0.0,0.0,0.0,0.0,0.0,0.0,0.0,0.0,0.0,0.0,0.0,0.0,0.0,0.0,0.0,0.0,0.0,0.0,0.0,0.0,0.0,0.0,0.0,0.0,0.0,0.0,0.0,0.0,0.0,0.0,0.0,0.0,0.0,0.0,0.0,0.0,0.0,0.0,0.0,0.0,0.0,0.0,0.0,0.0,0.0,0.0,0.0,0.0,0.0,0.0,0.0,0.0,0.0,0.0,0.0,0.0,0.0,0.0,0.0,0.0,0.0,0.0,0.0,0.0,0.0,0.0,2674.228920334605,692.1778072208317,0.258832668346966,0.0,0.0,False,60
2201400011443010,22,Querétaro,014,Querétaro,0001,Santiago de Querétaro,1443,010,Urbana,106,Típica,52,54,34,13.86,106.0,,,0.0,0.0,,0.0,,8.0,,,9.0,,4.0,8.0,3.0,16.0,57.0,37.0,15.0,64.0,27.0,54.0,106.0,52.0,106.0,,,0.0,3.12,0.56,23.0,,,,3.0,,,94.0,48.0,46.0,6.0,4.0,,22.0,91.0,46.0,45.0,14.0,8.0,6.0,85.0,42.0,43.0,5.0,3.0,,104.0,53.0,51.0,103.0,52.0,51.0,36.0,20.0,16.0,5.0,,3.0,6.0,3.0,3.0,34.0,35.0,34.0,3.0,34.0,3.0,32.0,0.0,37.0,0.0,8.0,0.0,26.0,34.0,34.0,34.0,0.0,29.0,,34.0,12.0,12.0,34.0,34.0,34.0,34.0,34.0,28.0,33.0,30.0,0.0,,5.0,0.0,0.0,23.0,34.0,0.0,29.0,34.0,,0.0,0.0,0.0,0.0,19.0,29.0,0.0,32.0,34.0,34.0,106.0,11929.020060722933,147.46014794419574,0.012361463656995413,1.3103151476415138,106.0,False,60
2201400011142022,22,Querétaro,014,Querétaro,0001,Santiago de Querétaro,1142,022,Urbana,813,Típica,420,393,199,11.25,813.0,,4.0,5.0,3.0,3.0,3.0,4.0,10.0,3.0,0.0,4.0,6.0,14.0,46.0,17.0,73.0,328.0,233.0,323.0,487.0,,393.0,813.0,420.0,813.0,79.0,38.0,41.0,4.09,0.92,10.0,39.0,19.0,20.0,72.0,31.0,41.0,561.0,276.0,285.0,50.0,24.0,26.0,237.0,489.0,245.0,244.0,45.0,26.0,19.0,439.0,221.0,218.0,60.0,27.0,33.0,773.0,374.0,399.0,734.0,354.0,380.0,4.0,3.0,,152.0,71.0,81.0,171.0,79.0,92.0,199.0,202.0,199.0,6.0,199.0,6.0,196.0,0.0,205.0,0.0,8.0,,190.0,197.0,193.0,198.0,0.0,111.0,83.0,197.0,53.0,53.0,198.0,197.0,197.0,197.0,198.0,123.0,134.0,172.0,0.0,13.0,83.0,0.0,0.0,140.0,197.0,,141.0,193.0,32.0,,,,,50.0,45.0,0.0,89.0,196.0,197.0,813.0,1301742.358732709,2653.0653070212265,0.0020380878667911498,1.6569654357012047,813.0,False,60
2201400011119056,22,Querétaro,014,Querétaro,0001,Santiago de Querétaro,1119,056,Urbana,94,Típica,57,37,32,12.96,94.0,,,0.0,0.0,0.0,0.0,,,0.0,0.0,,7.0,,3.0,,5.0,40.0,36.0,21.0,66.0,7.0,37.0,94.0,57.0,94.0,9.0,3.0,6.0,2.94,0.61,8.0,3.0,0.0,3.0,3.0,,,76.0,31.0,45.0,,0.0,,21.0,73.0,30.0,43.0,5.0,,3.0,72.0,30.0,42.0,5.0,3.0,,91.0,37.0,54.0,90.0,36.0,54.0,11.0,5.0,6.0,10.0,3.0,7.0,11.0,,9.0,32.0,34.0,32.0,3.0,31.0,3.0,31.0,0.0,35.0,0.0,,0.0,30.0,31.0,30.0,31.0,0.0,24.0,14.0,31.0,10.0,11.0,31.0,31.0,31.0,31.0,31.0,29.0,30.0,29.0,0.0,5.0,7.0,0.0,0.0,28.0,31.0,0.0,17.0,31.0,,0.0,,0.0,0.0,23.0,25.0,0.0,28.0,28.0,29.0,94.0,10541.569017397129,535.4533939694467,0.050794468364791685,4.774680026290419,94.0,False,60
2201400012988017,22,Querétaro,014,Querétaro,0001,Santiago de Querétaro,2988,017,Urbana,125,Típica,62,63,33,8.9,125.0,,3.0,,,3.0,,,12.0,3.0,,7.0,,3.0,14.0,3.0,25.0,65.0,40.0,24.0,80.0,21.0,63.0,125.0,62.0,125.0,0.0,0.0,0.0,3.79,0.78,40.0,4.0,,,4.0,,,105.0,55.0,50.0,8.0,6.0,,34.0,101.0,53.0,48.0,17.0,9.0,8.0,93.0,47.0,46.0,6.0,,5.0,121.0,61.0,60.0,116.0,60.0,56.0,25.0,18.0,7.0,10.0,5.0,5.0,12.0,6.0,6.0,33.0,31.0,33.0,,33.0,,30.0,0.0,34.0,0.0,,,31.0,32.0,32.0,32.0,,14.0,,27.0,0.0,3.0,33.0,32.0,33.0,33.0,33.0,17.0,20.0,26.0,0.0,0.0,19.0,0.0,0.0,12.0,33.0,0.0,22.0,32.0,13.0,4.0,0.0,0.0,0.0,3.0,17.0,0.0,22.0,30.0,33.0,125.0,6517.28982745361,443.5110902809048,0.06805146034976786,8.506432543720983,125.0,False,60
2201400012028022,22,Querétaro,014,Querétaro,0001,Santiago de Querétaro,2028,022,Urbana,20,Típica,11,9,5,9.31,20.0,,0.0,0.0,0.0,,0.0,0.0,0.0,,0.0,,,,3.0,,4.0,13.0,5.0,4.0,14.0,,9.0,20.0,11.0,20.0,0.0,0.0,0.0,4.0,0.69,5.0,0.0,0.0,0.0,,0.0,,18.0,9.0,9.0,0.0,0.0,0.0,6.0,16.0,9.0,7.0,,0.0,,16.0,9.0,7.0,,0.0,,20.0,9.0,11.0,20.0,9.0,11.0,3.0,,,,0.0,,3.0,0.0,3.0,5.0,6.0,5.0,,5.0,,5.0,0.0,6.0,0.0,,,4.0,4.0,5.0,5.0,0.0,,0.0,5.0,0.0,0.0,5.0,5.0,5.0,5.0,5.0,3.0,3.0,5.0,0.0,0.0,4.0,0.0,0.0,,5.0,0.0,5.0,5.0,,0.0,0.0,0.0,0.0,0.0,3.0,0.0,3.0,5.0,5.0,20.0,1912.6409830137864,497.5044496526448,0.26011387085762283,5.202277417152457,20.0,False,60
2201400011975017,22,Querétaro,014,Querétaro,0001,Santiago de Querétaro,1975,017,Urbana,0,Típica,0,0,0,0.0,0.0,,0.0,0.0,0.0,0.0,0.0,0.0,0.0,0.0,0.0,0.0,0.0,0.0,0.0,0.0,0.0,0.0,0.0,0.0,0.0,0.0,0.0,0.0,0.0,0.0,0.0,0.0,0.0,0.0,0.0,0.0,0.0,0.0,0.0,0.0,0.0,0.0,0.0,0.0,0.0,0.0,0.0,0.0,0.0,0.0,0.0,0.0,0.0,0.0,0.0,0.0,0.0,0.0,0.0,0.0,0.0,0.0,0.0,0.0,0.0,0.0,0.0,0.0,0.0,0.0,0.0,0.0,0.0,0.0,0.0,0.0,0.0,0.0,0.0,0.0,0.0,0.0,0.0,0.0,0.0,0.0,0.0,0.0,0.0,0.0,0.0,0.0,0.0,0.0,0.0,0.0,0.0,0.0,0.0,0.0,0.0,0.0,0.0,0.0,0.0,0.0,0.0,0.0,0.0,0.0,0.0,0.0,0.0,0.0,0.0,0.0,0.0,0.0,0.0,0.0,0.0,0.0,0.0,0.0,0.0,0.0,0.0,0.0,6405.026309078305,107.42460604042162,0.016771922683309043,0.0,0.0,False,60
2201400010430013,22,Querétaro,014,Querétaro,0001,Santiago de Querétaro,0430,013,Urbana,139,Típica,75,64,48,13.73,139.0,,,,4.0,7.0,3.0,,5.0,0.0,0.0,,4.0,4.0,9.0,10.0,13.0,81.0,45.0,15.0,96.0,28.0,64.0,139.0,75.0,139.0,,0.0,,2.9,0.54,42.0,,,0.0,,0.0,,126.0,59.0,67.0,,,0.0,28.0,124.0,59.0,65.0,14.0,6.0,8.0,123.0,58.0,65.0,3.0,,,138.0,63.0,75.0,138.0,63.0,75.0,39.0,23.0,16.0,9.0,3.0,6.0,7.0,,5.0,48.0,51.0,48.0,10.0,48.0,5.0,41.0,5.0,58.0,,13.0,,35.0,45.0,48.0,48.0,0.0,35.0,7.0,45.0,21.0,9.0,48.0,48.0,48.0,48.0,48.0,34.0,42.0,37.0,0.0,4.0,12.0,0.0,0.0,30.0,48.0,0.0,37.0,47.0,6.0,0.0,0.0,0.0,0.0,23.0,34.0,0.0,41.0,46.0,46.0,139.0,24499.595948258713,631.8868435353155,0.025791725090887726,3.5850497876333938,139.0,False,60
2201400012371015,22,Querétaro,014,Querétaro,0001,Santiago de Querétaro,2371,015,Urbana,0,Típica,0,0,0,0.0,0.0,,0.0,0.0,0.0,0.0,0.0,0.0,0.0,0.0,0.0,0.0,0.0,0.0,0.0,0.0,0.0,0.0,0.0,0.0,0.0,0.0,0.0,0.0,0.0,0.0,0.0,0.0,0.0,0.0,0.0,0.0,0.0,0.0,0.0,0.0,0.0,0.0,0.0,0.0,0.0,0.0,0.0,0.0,0.0,0.0,0.0,0.0,0.0,0.0,0.0,0.0,0.0,0.0,0.0,0.0,0.0,0.0,0.0,0.0,0.0,0.0,0.0,0.0,0.0,0.0,0.0,0.0,0.0,0.0,0.0,0.0,0.0,0.0,0.0,0.0,0.0,0.0,0.0,0.0,0.0,0.0,0.0,0.0,0.0,0.0,0.0,0.0,0.0,0.0,0.0,0.0,0.0,0.0,0.0,0.0,0.0,0.0,0.0,0.0,0.0,0.0,0.0,0.0,0.0,0.0,0.0,0.0,0.0,0.0,0.0,0.0,0.0,0.0,0.0,0.0,0.0,0.0,0.0,0.0,0.0,0.0,0.0,0.0,18561.16649046614,645.7685207456615,0.03479137591257304,0.0,0.0,False,60
2201400012390009,22,Querétaro,014,Querétaro,0001,Santiago de Querétaro,2390,009,Urbana,89,Típica,42,47,38,13.95,89.0,,0.0,0.0,0.0,,,0.0,0.0,0.0,0.0,0.0,,0.0,0.0,,0.0,68.0,16.0,5.0,74.0,10.0,47.0,89.0,42.0,89.0,4.0,0.0,4.0,2.34,0.5,27.0,,0.0,,0.0,0.0,0.0,84.0,45.0,39.0,,,0.0,26.0,84.0,45.0,39.0,9.0,7.0,,83.0,44.0,39.0,3.0,,,88.0,47.0,41.0,87.0,47.0,40.0,22.0,11.0,11.0,,0.0,,,0.0,,38.0,40.0,38.0,,38.0,,38.0,0.0,40.0,,5.0,,33.0,34.0,38.0,38.0,0.0,29.0,14.0,34.0,7.0,13.0,38.0,38.0,38.0,37.0,37.0,31.0,35.0,34.0,0.0,6.0,8.0,0.0,0.0,30.0,37.0,,24.0,36.0,3.0,,,,,21.0,26.0,0.0,28.0,36.0,35.0,89.0,8474.288169183648,685.3108299677767,0.08086942717618188,7.197379018680188,89.0,False,60
2201400012371018,22,Querétaro,014,Querétaro,0001,Santiago de Querétaro,2371,018,Urbana,0,Típica,0,0,0,0.0,0.0,,0.0,0.0,0.0,0.0,0.0,0.0,0.0,0.0,0.0,0.0,0.0,0.0,0.0,0.0,0.0,0.0,0.0,0.0,0.0,0.0,0.0,0.0,0.0,0.0,0.0,0.0,0.0,0.0,0.0,0.0,0.0,0.0,0.0,0.0,0.0,0.0,0.0,0.0,0.0,0.0,0.0,0.0,0.0,0.0,0.0,0.0,0.0,0.0,0.0,0.0,0.0,0.0,0.0,0.0,0.0,0.0,0.0,0.0,0.0,0.0,0.0,0.0,0.0,0.0,0.0,0.0,0.0,0.0,0.0,0.0,0.0,0.0,0.0,0.0,0.0,0.0,0.0,0.0,0.0,0.0,0.0,0.0,0.0,0.0,0.0,0.0,0.0,0.0,0.0,0.0,0.0,0.0,0.0,0.0,0.0,0.0,0.0,0.0,0.0,0.0,0.0,0.0,0.0,0.0,0.0,0.0,0.0,0.0,0.0,0.0,0.0,0.0,0.0,0.0,0.0,0.0,0.0,0.0,0.0,0.0,0.0,0.0,9074.663432949645,710.5206995736519,0.07829719579392742,0.0,0.0,False,60
2201400011405002,22,Querétaro,014,Querétaro,0001,Santiago de Querétaro,1405,002,Urbana,89,Típica,43,46,25,10.15,89.0,,3.0,,,5.0,,5.0,4.0,0.0,0.0,,,,19.0,11.0,21.0,53.0,24.0,18.0,63.0,8.0,46.0,89.0,43.0,89.0,,0.0,,3.56,0.9,35.0,3.0,,,6.0,3.0,3.0,77.0,39.0,38.0,8.0,4.0,4.0,26.0,71.0,36.0,35.0,14.0,4.0,10.0,63.0,32.0,31.0,0.0,0.0,0.0,86.0,44.0,42.0,86.0,44.0,42.0,14.0,5.0,9.0,9.0,5.0,4.0,10.0,6.0,4.0,25.0,27.0,25.0,,25.0,,25.0,,27.0,,6.0,6.0,19.0,18.0,25.0,25.0,0.0,14.0,3.0,23.0,3.0,4.0,25.0,25.0,25.0,25.0,25.0,16.0,24.0,21.0,0.0,0.0,11.0,0.0,0.0,11.0,25.0,0.0,19.0,25.0,,,0.0,0.0,0.0,6.0,20.0,0.0,15.0,22.0,25.0,89.0,6695.283949257731,349.5706707905058,0.05221147802540335,4.646821544260899,89.0,False,60
2201400011354038,22,Querétaro,014,Querétaro,0001,Santiago de Querétaro,1354,038,Urbana,0,Típica,0,0,0,0.0,0.0,,0.0,0.0,0.0,0.0,0.0,0.0,0.0,0.0,0.0,0.0,0.0,0.0,0.0,0.0,0.0,0.0,0.0,0.0,0.0,0.0,0.0,0.0,0.0,0.0,0.0,0.0,0.0,0.0,0.0,0.0,0.0,0.0,0.0,0.0,0.0,0.0,0.0,0.0,0.0,0.0,0.0,0.0,0.0,0.0,0.0,0.0,0.0,0.0,0.0,0.0,0.0,0.0,0.0,0.0,0.0,0.0,0.0,0.0,0.0,0.0,0.0,0.0,0.0,0.0,0.0,0.0,0.0,0.0,0.0,0.0,0.0,0.0,0.0,0.0,0.0,0.0,0.0,0.0,0.0,0.0,0.0,0.0,0.0,0.0,0.0,0.0,0.0,0.0,0.0,0.0,0.0,0.0,0.0,0.0,0.0,0.0,0.0,0.0,0.0,0.0,0.0,0.0,0.0,0.0,0.0,0.0,0.0,0.0,0.0,0.0,0.0,0.0,0.0,0.0,0.0,0.0,0.0,0.0,0.0,0.0,0.0,0.0,10592.78870173492,604.6771757294815,0.05708385135922192,0.0,0.0,False,60
2201400011354023,22,Querétaro,014,Querétaro,0001,Santiago de Querétaro,1354,023,Urbana,33,Típica,19,14,9,6.12,33.0,,,,,0.0,0.0,0.0,,,,,,4.0,5.0,3.0,10.0,23.0,4.0,7.0,24.0,,14.0,33.0,19.0,33.0,0.0,0.0,0.0,3.67,1.23,5.0,0.0,0.0,0.0,,0.0,,27.0,12.0,15.0,,,,10.0,26.0,12.0,14.0,6.0,3.0,3.0,24.0,11.0,13.0,3.0,,,33.0,14.0,19.0,30.0,13.0,17.0,,,,3.0,,,4.0,,3.0,9.0,9.0,9.0,0.0,8.0,0.0,9.0,0.0,9.0,0.0,5.0,3.0,3.0,5.0,3.0,3.0,5.0,4.0,0.0,6.0,0.0,0.0,8.0,3.0,8.0,8.0,8.0,,5.0,,0.0,0.0,4.0,0.0,0.0,,7.0,,4.0,7.0,,0.0,0.0,0.0,0.0,0.0,5.0,0.0,4.0,,7.0,33.0,2466.925549185861,16.40818634115736,0.006651269369102938,0.21949188918039694,33.0,False,60
220140001127A025,22,Querétaro,014,Querétaro,0001,Santiago de Querétaro,127A,025,Urbana,89,Típica,41,48,21,11.17,89.0,,0.0,0.0,0.0,,0.0,0.0,3.0,0.0,0.0,,,0.0,6.0,,8.0,46.0,23.0,23.0,61.0,5.0,48.0,89.0,41.0,89.0,0.0,0.0,0.0,4.24,0.85,18.0,5.0,3.0,,3.0,,,69.0,37.0,32.0,6.0,3.0,3.0,25.0,66.0,35.0,31.0,6.0,4.0,,60.0,32.0,28.0,3.0,3.0,0.0,84.0,45.0,39.0,81.0,42.0,39.0,9.0,5.0,4.0,12.0,5.0,7.0,10.0,4.0,6.0,21.0,23.0,21.0,,21.0,,21.0,0.0,23.0,0.0,5.0,,16.0,19.0,21.0,21.0,0.0,18.0,4.0,21.0,,4.0,21.0,21.0,21.0,21.0,21.0,12.0,19.0,18.0,0.0,3.0,,0.0,0.0,15.0,21.0,0.0,19.0,21.0,,0.0,0.0,0.0,0.0,8.0,17.0,0.0,17.0,21.0,20.0,89.0,2428.127202071185,5.677740039887903,0.0023383206757227578,0.20811054013932545,89.0,False,60
2201400011180005,22,Querétaro,014,Querétaro,0001,Santiago de Querétaro,1180,005,Urbana,13,Típica,8,5,3,15.67,13.0,,0.0,0.0,,0.0,0.0,0.0,0.0,0.0,0.0,0.0,0.0,0.0,0.0,,0.0,6.0,7.0,,12.0,0.0,5.0,13.0,8.0,13.0,0.0,0.0,0.0,4.33,0.5,,0.0,0.0,0.0,,,0.0,13.0,5.0,8.0,0.0,0.0,0.0,,12.0,4.0,8.0,5.0,,4.0,12.0,4.0,8.0,0.0,0.0,0.0,13.0,5.0,8.0,13.0,5.0,8.0,0.0,0.0,0.0,0.0,0.0,0.0,,,0.0,3.0,4.0,3.0,,3.0,,3.0,0.0,4.0,0.0,0.0,0.0,3.0,3.0,3.0,3.0,0.0,3.0,,3.0,,,3.0,3.0,3.0,3.0,3.0,3.0,3.0,3.0,0.0,0.0,0.0,0.0,0.0,3.0,3.0,0.0,3.0,3.0,0.0,0.0,0.0,0.0,0.0,,,0.0,3.0,3.0,3.0,13.0,6062.181068399335,11.764866419154734,0.0019406986176117537,0.0252290820289528,13.0,False,60
2201400011157029,22,Querétaro,014,Querétaro,0001,Santiago de Querétaro,1157,029,Urbana,23,Típica,12,11,8,10.63,23.0,,0.0,0.0,0.0,0.0,0.0,,,0.0,,0.0,0.0,0.0,0.0,,,15.0,5.0,4.0,18.0,,11.0,23.0,12.0,23.0,0.0,0.0,0.0,2.88,0.82,4.0,0.0,0.0,0.0,,0.0,,20.0,10.0,10.0,0.0,0.0,0.0,7.0,19.0,10.0,9.0,3.0,,,19.0,10.0,9.0,,,,23.0,11.0,12.0,21.0,10.0,11.0,,,0.0,,0.0,,,0.0,,8.0,13.0,8.0,5.0,8.0,5.0,8.0,0.0,13.0,0.0,0.0,0.0,8.0,8.0,8.0,8.0,0.0,3.0,,8.0,,,8.0,8.0,8.0,8.0,8.0,7.0,6.0,8.0,0.0,0.0,5.0,0.0,0.0,5.0,8.0,0.0,6.0,8.0,,0.0,0.0,0.0,0.0,4.0,6.0,0.0,6.0,8.0,8.0,23.0,2523.570200825904,251.21565475558407,0.09954771802003654,2.2895975144608403,23.0,False,60
2201400011157010,22,Querétaro,014,Querétaro,0001,Santiago de Querétaro,1157,010,Urbana,140,Típica,75,65,34,12.83,140.0,,0.0,0.0,0.0,,,0.0,3.0,0.0,0.0,,0.0,4.0,6.0,,13.0,81.0,30.0,34.0,98.0,8.0,65.0,140.0,75.0,140.0,6.0,4.0,,4.12,0.86,37.0,7.0,5.0,,5.0,,3.0,111.0,52.0,59.0,4.0,,3.0,31.0,106.0,50.0,56.0,15.0,5.0,10.0,102.0,49.0,53.0,10.0,4.0,6.0,133.0,60.0,73.0,126.0,57.0,69.0,16.0,9.0,7.0,12.0,4.0,8.0,12.0,5.0,7.0,34.0,41.0,34.0,7.0,33.0,4.0,34.0,3.0,41.0,,,,31.0,30.0,33.0,33.0,0.0,27.0,4.0,33.0,9.0,7.0,33.0,33.0,33.0,33.0,33.0,21.0,32.0,26.0,0.0,4.0,5.0,0.0,0.0,26.0,33.0,0.0,25.0,32.0,0.0,0.0,,0.0,0.0,12.0,22.0,0.0,19.0,33.0,31.0,140.0,4623.610512106462,331.14855939795353,0.0716212056640312,10.026968792964368,140.0,False,60
2201400010892043,22,Querétaro,014,Querétaro,0001,Santiago de Querétaro,0892,043,Urbana,72,Típica,34,38,28,14.35,72.0,,,0.0,0.0,,,3.0,,0.0,0.0,,0.0,,3.0,3.0,4.0,41.0,28.0,4.0,54.0,14.0,38.0,72.0,34.0,72.0,,0.0,,2.57,0.53,15.0,0.0,0.0,0.0,,0.0,,69.0,35.0,34.0,,0.0,,16.0,68.0,35.0,33.0,,,,67.0,35.0,32.0,,,0.0,72.0,38.0,34.0,71.0,37.0,34.0,29.0,16.0,13.0,,,0.0,,,,28.0,29.0,28.0,,28.0,0.0,28.0,,29.0,0.0,9.0,0.0,19.0,28.0,28.0,28.0,0.0,20.0,4.0,28.0,,5.0,28.0,28.0,28.0,28.0,28.0,22.0,26.0,26.0,0.0,,8.0,0.0,0.0,22.0,28.0,0.0,23.0,28.0,,0.0,0.0,0.0,0.0,11.0,20.0,0.0,19.0,28.0,27.0,72.0,4284.165083881894,665.8494537610864,0.15542105421338206,11.190315903363508,72.0,False,60
2201400011068035,22,Querétaro,014,Querétaro,0001,Santiago de Querétaro,1068,035,Urbana,0,Típica,0,0,0,0.0,0.0,,0.0,0.0,0.0,0.0,0.0,0.0,0.0,0.0,0.0,0.0,0.0,0.0,0.0,0.0,0.0,0.0,0.0,0.0,0.0,0.0,0.0,0.0,0.0,0.0,0.0,0.0,0.0,0.0,0.0,0.0,0.0,0.0,0.0,0.0,0.0,0.0,0.0,0.0,0.0,0.0,0.0,0.0,0.0,0.0,0.0,0.0,0.0,0.0,0.0,0.0,0.0,0.0,0.0,0.0,0.0,0.0,0.0,0.0,0.0,0.0,0.0,0.0,0.0,0.0,0.0,0.0,0.0,0.0,0.0,0.0,0.0,0.0,0.0,0.0,0.0,0.0,0.0,0.0,0.0,0.0,0.0,0.0,0.0,0.0,0.0,0.0,0.0,0.0,0.0,0.0,0.0,0.0,0.0,0.0,0.0,0.0,0.0,0.0,0.0,0.0,0.0,0.0,0.0,0.0,0.0,0.0,0.0,0.0,0.0,0.0,0.0,0.0,0.0,0.0,0.0,0.0,0.0,0.0,0.0,0.0,0.0,0.0,330.5330160383754,96.7883904181828,0.2928251815151365,0.0,0.0,False,60
2201400010657029,22,Querétaro,014,Querétaro,0001,Santiago de Querétaro,0657,029,Urbana,53,Típica,23,30,14,11.78,53.0,,,3.0,,3.0,3.0,0.0,,0.0,0.0,0.0,,,0.0,4.0,,29.0,12.0,13.0,31.0,9.0,30.0,53.0,23.0,53.0,,0.0,,3.79,0.85,14.0,3.0,,,,,0.0,41.0,25.0,16.0,,0.0,,16.0,40.0,24.0,16.0,5.0,4.0,,38.0,24.0,14.0,3.0,,,50.0,28.0,22.0,48.0,26.0,22.0,11.0,6.0,5.0,6.0,,5.0,4.0,,,14.0,14.0,14.0,0.0,14.0,0.0,14.0,0.0,14.0,,4.0,,10.0,11.0,14.0,14.0,0.0,8.0,0.0,14.0,3.0,,14.0,14.0,14.0,14.0,14.0,8.0,14.0,10.0,0.0,0.0,6.0,0.0,0.0,13.0,14.0,0.0,9.0,14.0,0.0,0.0,0.0,0.0,0.0,6.0,14.0,0.0,8.0,14.0,14.0,53.0,1938.3263544586723,172.50540972595243,0.08899709242932366,4.716845898754154,53.0,False,60
2201400010252009,22,Querétaro,014,Querétaro,0001,Santiago de Querétaro,0252,009,Urbana,676,Típica,338,338,185,10.18,676.0,,9.0,3.0,11.0,30.0,5.0,15.0,38.0,6.0,3.0,18.0,11.0,18.0,65.0,44.0,89.0,382.0,171.0,155.0,461.0,60.0,338.0,676.0,338.0,676.0,6.0,,5.0,3.65,1.03,155.0,35.0,20.0,15.0,32.0,15.0,17.0,553.0,275.0,278.0,27.0,11.0,16.0,171.0,521.0,260.0,261.0,96.0,46.0,50.0,494.0,249.0,245.0,36.0,17.0,19.0,641.0,318.0,323.0,620.0,308.0,312.0,84.0,46.0,38.0,52.0,26.0,26.0,66.0,33.0,33.0,185.0,206.0,185.0,,185.0,23.0,181.0,,210.0,35.0,60.0,33.0,125.0,117.0,184.0,184.0,,74.0,26.0,173.0,15.0,15.0,184.0,183.0,185.0,185.0,185.0,84.0,138.0,118.0,0.0,16.0,104.0,0.0,0.0,73.0,184.0,,134.0,165.0,41.0,4.0,3.0,0.0,0.0,39.0,124.0,,103.0,138.0,175.0,676.0,41272.75468409593,1141.8872188551875,0.0276668525664269,18.702792334904586,676.0,False,60
2201400013473004,22,Querétaro,014,Querétaro,0001,Santiago de Querétaro,3473,004,Urbana,0,Típica,0,0,0,0.0,0.0,,0.0,0.0,0.0,0.0,0.0,0.0,0.0,0.0,0.0,0.0,0.0,0.0,0.0,0.0,0.0,0.0,0.0,0.0,0.0,0.0,0.0,0.0,0.0,0.0,0.0,0.0,0.0,0.0,0.0,0.0,0.0,0.0,0.0,0.0,0.0,0.0,0.0,0.0,0.0,0.0,0.0,0.0,0.0,0.0,0.0,0.0,0.0,0.0,0.0,0.0,0.0,0.0,0.0,0.0,0.0,0.0,0.0,0.0,0.0,0.0,0.0,0.0,0.0,0.0,0.0,0.0,0.0,0.0,0.0,0.0,0.0,0.0,0.0,0.0,0.0,0.0,0.0,0.0,0.0,0.0,0.0,0.0,0.0,0.0,0.0,0.0,0.0,0.0,0.0,0.0,0.0,0.0,0.0,0.0,0.0,0.0,0.0,0.0,0.0,0.0,0.0,0.0,0.0,0.0,0.0,0.0,0.0,0.0,0.0,0.0,0.0,0.0,0.0,0.0,0.0,0.0,0.0,0.0,0.0,0.0,0.0,0.0,30998.816987584054,322.1248416308327,0.010391520481567192,0.0,0.0,False,60
2201400011392035,22,Querétaro,014,Querétaro,0001,Santiago de Querétaro,1392,035,Urbana,128,Típica,65,63,22,8.66,128.0,,,,,,,,3.0,0.0,,3.0,,,5.0,4.0,11.0,48.0,48.0,36.0,87.0,5.0,63.0,128.0,65.0,128.0,0.0,0.0,0.0,5.82,1.54,32.0,8.0,4.0,4.0,5.0,,4.0,97.0,50.0,47.0,9.0,5.0,4.0,38.0,92.0,49.0,43.0,14.0,10.0,4.0,83.0,44.0,39.0,11.0,4.0,7.0,120.0,59.0,61.0,112.0,56.0,56.0,7.0,,5.0,12.0,5.0,7.0,16.0,6.0,10.0,22.0,24.0,22.0,,22.0,,22.0,0.0,24.0,,3.0,0.0,19.0,21.0,22.0,22.0,0.0,14.0,3.0,21.0,4.0,,22.0,22.0,22.0,22.0,22.0,10.0,17.0,20.0,0.0,,7.0,0.0,0.0,8.0,21.0,,19.0,20.0,4.0,0.0,0.0,0.0,0.0,3.0,17.0,0.0,14.0,17.0,22.0,128.0,8229.332158132282,165.60492639540684,0.020123738258851897,2.575838497133043,128.0,False,60
2201400011392008,22,Querétaro,014,Querétaro,0001,Santiago de Querétaro,1392,008,Urbana,56,Típica,26,30,12,7.07,56.0,,0.0,0.0,0.0,,0.0,0.0,,0.0,0.0,0.0,0.0,0.0,0.0,,,36.0,9.0,12.0,38.0,6.0,30.0,56.0,26.0,56.0,0.0,0.0,0.0,4.67,1.22,6.0,3.0,3.0,0.0,,0.0,,45.0,22.0,23.0,4.0,,,14.0,44.0,22.0,22.0,5.0,,4.0,40.0,20.0,20.0,,,,53.0,27.0,26.0,51.0,26.0,25.0,9.0,5.0,4.0,6.0,4.0,,6.0,4.0,,12.0,15.0,12.0,,12.0,,12.0,,15.0,0.0,,,10.0,11.0,12.0,12.0,0.0,,3.0,12.0,,,12.0,12.0,12.0,12.0,12.0,6.0,9.0,11.0,0.0,0.0,10.0,0.0,0.0,4.0,12.0,0.0,11.0,12.0,3.0,0.0,0.0,0.0,0.0,,9.0,0.0,6.0,8.0,12.0,56.0,3210.2306226194396,162.71737568143013,0.05068712962081779,2.8384792587657963,56.0,False,60
2201400011392007,22,Querétaro,014,Querétaro,0001,Santiago de Querétaro,1392,007,Urbana,220,Típica,111,109,38,8.57,220.0,,4.0,0.0,,,0.0,8.0,4.0,0.0,,7.0,3.0,,10.0,10.0,20.0,102.0,59.0,67.0,141.0,12.0,109.0,220.0,111.0,220.0,,,,5.79,1.45,70.0,19.0,11.0,8.0,10.0,3.0,7.0,163.0,82.0,81.0,10.0,,8.0,58.0,153.0,79.0,74.0,18.0,10.0,8.0,143.0,77.0,66.0,12.0,6.0,6.0,201.0,98.0,103.0,193.0,93.0,100.0,21.0,9.0,12.0,26.0,10.0,16.0,28.0,11.0,17.0,38.0,40.0,38.0,,38.0,,38.0,0.0,40.0,0.0,5.0,5.0,33.0,33.0,38.0,38.0,0.0,20.0,3.0,33.0,4.0,3.0,38.0,38.0,38.0,38.0,38.0,18.0,28.0,25.0,0.0,0.0,18.0,0.0,0.0,11.0,33.0,5.0,32.0,34.0,10.0,4.0,0.0,0.0,0.0,3.0,27.0,0.0,19.0,26.0,38.0,220.0,10167.6875054277,347.5584534542877,0.0341826450969067,7.520181921319475,220.0,False,60
2201400011373037,22,Querétaro,014,Querétaro,0001,Santiago de Querétaro,1373,037,Urbana,67,Típica,46,21,10,8.33,38.0,,0.0,,,,0.0,,,,0.0,,0.0,9.0,9.0,4.0,14.0,50.0,9.0,10.0,57.0,0.0,21.0,38.0,46.0,67.0,,0.0,,4.22,0.97,15.0,,,0.0,,,,59.0,15.0,44.0,22.0,3.0,19.0,11.0,57.0,14.0,43.0,13.0,,12.0,35.0,11.0,24.0,,,,66.0,20.0,46.0,64.0,19.0,45.0,,0.0,,5.0,4.0,,5.0,4.0,,10.0,10.0,9.0,,9.0,,9.0,0.0,11.0,0.0,3.0,,6.0,8.0,8.0,8.0,,5.0,3.0,7.0,0.0,,9.0,8.0,9.0,9.0,9.0,7.0,6.0,6.0,0.0,,3.0,0.0,0.0,,9.0,0.0,8.0,9.0,3.0,,,0.0,0.0,,6.0,0.0,6.0,8.0,8.0,67.0,1742.2751804515292,240.3390649507198,0.13794552528058934,9.242350193799487,67.0,False,60
2201400011231033,22,Querétaro,014,Querétaro,0001,Santiago de Querétaro,1231,033,Urbana,10,Edificio-Manzana,5,5,3,8.38,10.0,,0.0,0.0,0.0,0.0,0.0,0.0,0.0,0.0,0.0,,0.0,0.0,,0.0,,8.0,,,8.0,0.0,5.0,10.0,5.0,10.0,0.0,0.0,0.0,3.33,0.91,0.0,0.0,0.0,0.0,,,0.0,9.0,5.0,4.0,0.0,0.0,0.0,3.0,8.0,4.0,4.0,0.0,0.0,0.0,8.0,4.0,4.0,0.0,0.0,0.0,10.0,5.0,5.0,10.0,5.0,5.0,0.0,0.0,0.0,,0.0,,,,0.0,3.0,3.0,3.0,0.0,3.0,0.0,3.0,0.0,3.0,0.0,,0.0,,3.0,3.0,3.0,0.0,,0.0,3.0,0.0,0.0,3.0,3.0,3.0,3.0,3.0,0.0,,,0.0,0.0,,0.0,0.0,0.0,3.0,0.0,3.0,3.0,,0.0,0.0,0.0,0.0,0.0,,0.0,,3.0,3.0,10.0,232.50037219335488,40.9311631246571,0.17604773161660753,1.7604773161660754,10.0,False,60
2201400011053015,22,Querétaro,014,Querétaro,0001,Santiago de Querétaro,1053,015,Urbana,77,Típica,38,39,19,12.39,77.0,,,,,,,,3.0,0.0,0.0,,5.0,,3.0,,6.0,36.0,27.0,16.0,57.0,4.0,39.0,77.0,38.0,77.0,0.0,0.0,0.0,4.05,0.9,10.0,4.0,,3.0,,,,63.0,32.0,31.0,4.0,,,20.0,61.0,31.0,30.0,13.0,4.0,9.0,57.0,29.0,28.0,5.0,4.0,,73.0,38.0,35.0,70.0,36.0,34.0,9.0,4.0,5.0,5.0,,3.0,3.0,,,19.0,19.0,19.0,0.0,19.0,0.0,19.0,0.0,19.0,0.0,,0.0,18.0,19.0,19.0,19.0,0.0,12.0,0.0,19.0,0.0,,19.0,19.0,19.0,19.0,19.0,14.0,19.0,17.0,0.0,,7.0,0.0,0.0,13.0,19.0,0.0,12.0,18.0,0.0,0.0,0.0,0.0,0.0,7.0,15.0,0.0,15.0,19.0,19.0,77.0,2020.3618016615608,400.2747512053327,0.19812033214850117,15.25526557543459,77.0,False,60
2201400010411026,22,Querétaro,014,Querétaro,0001,Santiago de Querétaro,0411,026,Urbana,44,Típica,21,23,13,10.56,44.0,,0.0,0.0,0.0,,0.0,,6.0,0.0,0.0,5.0,0.0,,3.0,,8.0,24.0,19.0,3.0,29.0,12.0,23.0,44.0,21.0,44.0,0.0,0.0,0.0,3.38,0.75,10.0,0.0,0.0,0.0,,,0.0,43.0,22.0,21.0,,0.0,,10.0,41.0,20.0,21.0,6.0,,4.0,39.0,20.0,19.0,0.0,0.0,0.0,44.0,23.0,21.0,44.0,23.0,21.0,15.0,7.0,8.0,,,0.0,,,0.0,13.0,15.0,13.0,,13.0,,13.0,0.0,15.0,0.0,0.0,0.0,13.0,13.0,13.0,13.0,0.0,8.0,4.0,12.0,3.0,3.0,13.0,13.0,13.0,13.0,13.0,8.0,10.0,11.0,0.0,0.0,5.0,0.0,0.0,8.0,13.0,0.0,13.0,13.0,3.0,0.0,0.0,0.0,0.0,4.0,10.0,0.0,11.0,10.0,13.0,44.0,10679.809020123015,299.94651391533233,0.02808538180319234,1.235756799340463,44.0,False,60
2201400010587022,22,Querétaro,014,Querétaro,0001,Santiago de Querétaro,0587,022,Urbana,46,Típica,25,21,10,10.0,46.0,,,0.0,0.0,3.0,0.0,,,0.0,,0.0,3.0,,,5.0,3.0,23.0,12.0,12.0,29.0,5.0,21.0,46.0,25.0,46.0,,,0.0,4.6,1.24,8.0,0.0,0.0,0.0,,,0.0,35.0,18.0,17.0,,0.0,,8.0,34.0,17.0,17.0,4.0,,,32.0,17.0,15.0,4.0,,,46.0,21.0,25.0,44.0,19.0,25.0,7.0,5.0,,7.0,,6.0,6.0,,4.0,10.0,10.0,10.0,0.0,10.0,0.0,10.0,0.0,10.0,0.0,3.0,4.0,7.0,6.0,8.0,10.0,0.0,6.0,,10.0,,,10.0,10.0,10.0,10.0,10.0,3.0,7.0,6.0,0.0,0.0,4.0,0.0,0.0,4.0,10.0,0.0,8.0,10.0,,0.0,0.0,0.0,0.0,3.0,8.0,0.0,4.0,9.0,10.0,46.0,2201.174461424014,201.4301920510374,0.09151032577432568,4.209474985618981,46.0,False,60
2201400010572040,22,Querétaro,014,Querétaro,0001,Santiago de Querétaro,0572,040,Urbana,100,Típica,56,44,26,8.66,100.0,,4.0,0.0,0.0,8.0,3.0,3.0,5.0,0.0,,4.0,4.0,0.0,9.0,11.0,13.0,54.0,30.0,19.0,66.0,15.0,44.0,100.0,56.0,100.0,4.0,,3.0,3.85,0.93,0.0,,,0.0,3.0,3.0,0.0,84.0,38.0,46.0,6.0,,5.0,21.0,81.0,35.0,46.0,9.0,,8.0,75.0,34.0,41.0,5.0,,3.0,98.0,42.0,56.0,93.0,40.0,53.0,18.0,8.0,10.0,9.0,,7.0,9.0,5.0,4.0,26.0,26.0,26.0,,26.0,0.0,25.0,,27.0,,10.0,3.0,16.0,21.0,26.0,26.0,0.0,12.0,4.0,23.0,,4.0,26.0,26.0,26.0,26.0,26.0,10.0,20.0,16.0,0.0,3.0,12.0,0.0,0.0,7.0,26.0,0.0,17.0,22.0,6.0,,,0.0,0.0,,17.0,0.0,12.0,22.0,24.0,100.0,6027.361768134645,320.81007883748885,0.05322562195180355,5.322562195180355,100.0,False,60
2201400010360031,22,Querétaro,014,Querétaro,0001,Santiago de Querétaro,0360,031,Urbana,40,Típica,23,17,10,14.9,40.0,,0.0,,,0.0,,,3.0,0.0,0.0,6.0,0.0,3.0,5.0,,10.0,27.0,13.0,0.0,34.0,6.0,17.0,40.0,23.0,40.0,,,0.0,4.0,0.66,5.0,0.0,0.0,0.0,0.0,0.0,0.0,40.0,17.0,23.0,0.0,0.0,0.0,10.0,40.0,17.0,23.0,13.0,7.0,6.0,40.0,17.0,23.0,0.0,0.0,0.0,40.0,17.0,23.0,40.0,17.0,23.0,9.0,4.0,5.0,0.0,0.0,0.0,0.0,0.0,0.0,10.0,12.0,10.0,3.0,10.0,0.0,9.0,3.0,13.0,,,0.0,8.0,9.0,10.0,10.0,0.0,8.0,3.0,9.0,5.0,3.0,10.0,10.0,10.0,10.0,10.0,7.0,7.0,8.0,0.0,0.0,,0.0,0.0,8.0,10.0,0.0,6.0,10.0,,0.0,0.0,0.0,0.0,7.0,9.0,0.0,9.0,9.0,10.0,40.0,3072.328334810249,66.4192591371208,0.021618541997798207,0.8647416799119283,40.0,False,60
2201400013416009,22,Querétaro,014,Querétaro,0001,Santiago de Querétaro,3416,009,Urbana,829,Típica,404,425,234,10.79,829.0,,6.0,3.0,5.0,10.0,5.0,6.0,20.0,5.0,4.0,14.0,4.0,12.0,34.0,23.0,67.0,492.0,192.0,200.0,607.0,22.0,425.0,829.0,404.0,829.0,12.0,3.0,9.0,3.54,1.05,131.0,35.0,16.0,19.0,57.0,26.0,31.0,686.0,358.0,328.0,38.0,19.0,19.0,279.0,629.0,332.0,297.0,134.0,69.0,65.0,591.0,313.0,278.0,41.0,19.0,22.0,794.0,409.0,385.0,762.0,393.0,369.0,34.0,20.0,14.0,67.0,32.0,35.0,100.0,47.0,53.0,234.0,246.0,234.0,,234.0,11.0,234.0,,246.0,0.0,40.0,,194.0,232.0,233.0,234.0,0.0,86.0,27.0,233.0,5.0,44.0,234.0,234.0,234.0,234.0,234.0,141.0,185.0,191.0,0.0,15.0,138.0,0.0,0.0,125.0,234.0,0.0,200.0,229.0,37.0,0.0,,0.0,0.0,56.0,169.0,0.0,125.0,234.0,226.0,829.0,21587.093621096647,203.9519183129235,0.009447863704709432,7.832279011204119,829.0,False,60
2201400012954004,22,Querétaro,014,Querétaro,0001,Santiago de Querétaro,2954,004,Urbana,30,Típica,13,17,7,9.95,30.0,,0.0,0.0,0.0,0.0,0.0,0.0,,,,0.0,0.0,0.0,0.0,0.0,,10.0,11.0,10.0,20.0,0.0,17.0,30.0,13.0,30.0,,0.0,,4.29,1.5,4.0,3.0,,,,,0.0,21.0,13.0,8.0,6.0,4.0,,11.0,20.0,12.0,8.0,3.0,,,14.0,8.0,6.0,0.0,0.0,0.0,27.0,16.0,11.0,27.0,16.0,11.0,,,,6.0,3.0,3.0,7.0,4.0,3.0,7.0,11.0,7.0,,7.0,3.0,6.0,,12.0,,,,5.0,5.0,6.0,7.0,0.0,4.0,3.0,6.0,0.0,,7.0,7.0,7.0,7.0,7.0,5.0,5.0,4.0,0.0,,3.0,0.0,0.0,3.0,5.0,,5.0,5.0,,,0.0,0.0,0.0,,5.0,0.0,4.0,4.0,7.0,30.0,40899.415113079456,188.69901992398349,0.004613733947105722,0.13841201841317166,30.0,False,60
2201400012403028,22,Querétaro,014,Querétaro,0001,Santiago de Querétaro,2403,028,Urbana,121,Típica,56,65,54,14.78,121.0,,,0.0,0.0,3.0,0.0,,5.0,,3.0,6.0,,9.0,15.0,6.0,22.0,86.0,28.0,13.0,90.0,18.0,65.0,121.0,56.0,121.0,13.0,6.0,7.0,2.24,0.46,29.0,,,,6.0,3.0,3.0,114.0,61.0,53.0,4.0,,,31.0,108.0,58.0,50.0,11.0,4.0,7.0,104.0,56.0,48.0,,,0.0,119.0,64.0,55.0,118.0,63.0,55.0,25.0,15.0,10.0,3.0,,,8.0,3.0,5.0,54.0,61.0,54.0,9.0,54.0,6.0,52.0,3.0,63.0,0.0,14.0,,40.0,53.0,54.0,54.0,0.0,45.0,10.0,53.0,41.0,10.0,54.0,54.0,54.0,54.0,54.0,42.0,49.0,50.0,0.0,,7.0,0.0,0.0,47.0,54.0,0.0,51.0,54.0,3.0,0.0,0.0,0.0,0.0,40.0,42.0,0.0,47.0,53.0,54.0,121.0,25965.35973528051,604.9513124776001,0.02329839904569551,2.819106284529157,121.0,False,60
2201400012386003,22,Querétaro,014,Querétaro,0001,Santiago de Querétaro,2386,003,Urbana,0,Típica,0,0,0,0.0,0.0,,0.0,0.0,0.0,0.0,0.0,0.0,0.0,0.0,0.0,0.0,0.0,0.0,0.0,0.0,0.0,0.0,0.0,0.0,0.0,0.0,0.0,0.0,0.0,0.0,0.0,0.0,0.0,0.0,0.0,0.0,0.0,0.0,0.0,0.0,0.0,0.0,0.0,0.0,0.0,0.0,0.0,0.0,0.0,0.0,0.0,0.0,0.0,0.0,0.0,0.0,0.0,0.0,0.0,0.0,0.0,0.0,0.0,0.0,0.0,0.0,0.0,0.0,0.0,0.0,0.0,0.0,0.0,0.0,0.0,0.0,0.0,0.0,0.0,0.0,0.0,0.0,0.0,0.0,0.0,0.0,0.0,0.0,0.0,0.0,0.0,0.0,0.0,0.0,0.0,0.0,0.0,0.0,0.0,0.0,0.0,0.0,0.0,0.0,0.0,0.0,0.0,0.0,0.0,0.0,0.0,0.0,0.0,0.0,0.0,0.0,0.0,0.0,0.0,0.0,0.0,0.0,0.0,0.0,0.0,0.0,0.0,0.0,77059.20541373886,694.9051137414372,0.00901780793106313,0.0,0.0,False,60
2201400011373009,22,Querétaro,014,Querétaro,0001,Santiago de Querétaro,1373,009,Urbana,81,Típica,41,40,18,8.98,81.0,,,0.0,0.0,0.0,0.0,,0.0,0.0,0.0,0.0,0.0,0.0,,3.0,,48.0,14.0,20.0,60.0,,40.0,81.0,41.0,81.0,,,0.0,4.5,1.17,20.0,6.0,3.0,3.0,,,0.0,62.0,30.0,32.0,6.0,,4.0,24.0,61.0,29.0,32.0,10.0,4.0,6.0,55.0,27.0,28.0,5.0,3.0,,75.0,37.0,38.0,71.0,35.0,36.0,5.0,,3.0,8.0,4.0,4.0,7.0,5.0,,18.0,21.0,18.0,3.0,18.0,3.0,18.0,0.0,21.0,,5.0,,13.0,15.0,18.0,18.0,0.0,10.0,0.0,17.0,0.0,0.0,18.0,18.0,18.0,18.0,18.0,13.0,16.0,12.0,0.0,,8.0,0.0,0.0,9.0,15.0,3.0,13.0,18.0,,,0.0,0.0,0.0,4.0,15.0,0.0,11.0,15.0,18.0,81.0,27853.74103775201,218.84706121128374,0.007857007822204777,0.6364176335985869,81.0,False,60
2201400011212020,22,Querétaro,014,Querétaro,0001,Santiago de Querétaro,1212,020,Urbana,34,Típica,17,17,13,14.15,34.0,,0.0,0.0,,,0.0,0.0,4.0,,,3.0,0.0,3.0,4.0,,7.0,19.0,8.0,7.0,18.0,9.0,17.0,34.0,17.0,34.0,0.0,0.0,0.0,2.62,0.63,3.0,,0.0,,0.0,0.0,0.0,27.0,15.0,12.0,0.0,0.0,0.0,8.0,27.0,15.0,12.0,,0.0,,27.0,15.0,12.0,,,0.0,33.0,17.0,16.0,32.0,16.0,16.0,9.0,5.0,4.0,5.0,,4.0,4.0,,3.0,13.0,17.0,13.0,,13.0,3.0,13.0,,17.0,0.0,4.0,0.0,9.0,13.0,13.0,13.0,0.0,9.0,0.0,13.0,3.0,0.0,13.0,13.0,13.0,13.0,13.0,13.0,12.0,12.0,0.0,0.0,4.0,0.0,0.0,10.0,13.0,0.0,11.0,13.0,,0.0,0.0,0.0,0.0,6.0,9.0,0.0,10.0,13.0,13.0,34.0,2305.383677852202,46.07085785891501,0.019984030554877824,0.6794570388658461,34.0,False,60
2201400011918072,22,Querétaro,014,Querétaro,0001,Santiago de Querétaro,1918,072,Urbana,0,Típica,0,0,0,0.0,0.0,,0.0,0.0,0.0,0.0,0.0,0.0,0.0,0.0,0.0,0.0,0.0,0.0,0.0,0.0,0.0,0.0,0.0,0.0,0.0,0.0,0.0,0.0,0.0,0.0,0.0,0.0,0.0,0.0,0.0,0.0,0.0,0.0,0.0,0.0,0.0,0.0,0.0,0.0,0.0,0.0,0.0,0.0,0.0,0.0,0.0,0.0,0.0,0.0,0.0,0.0,0.0,0.0,0.0,0.0,0.0,0.0,0.0,0.0,0.0,0.0,0.0,0.0,0.0,0.0,0.0,0.0,0.0,0.0,0.0,0.0,0.0,0.0,0.0,0.0,0.0,0.0,0.0,0.0,0.0,0.0,0.0,0.0,0.0,0.0,0.0,0.0,0.0,0.0,0.0,0.0,0.0,0.0,0.0,0.0,0.0,0.0,0.0,0.0,0.0,0.0,0.0,0.0,0.0,0.0,0.0,0.0,0.0,0.0,0.0,0.0,0.0,0.0,0.0,0.0,0.0,0.0,0.0,0.0,0.0,0.0,0.0,0.0,643.2332470016878,59.883729556152275,0.09309800112989984,0.0,0.0,False,60
2201400010318002,22,Querétaro,014,Querétaro,0001,Santiago de Querétaro,0318,002,Urbana,491,Típica,226,265,178,13.64,491.0,,5.0,,,7.0,,11.0,18.0,3.0,,17.0,4.0,17.0,51.0,20.0,74.0,311.0,132.0,61.0,373.0,57.0,265.0,491.0,226.0,491.0,62.0,33.0,29.0,2.76,0.61,94.0,11.0,4.0,7.0,14.0,9.0,5.0,444.0,242.0,202.0,12.0,6.0,6.0,167.0,430.0,233.0,197.0,85.0,57.0,28.0,418.0,227.0,191.0,9.0,4.0,5.0,480.0,261.0,219.0,471.0,257.0,214.0,76.0,46.0,30.0,27.0,15.0,12.0,34.0,21.0,13.0,178.0,204.0,178.0,28.0,178.0,24.0,176.0,4.0,206.0,10.0,52.0,3.0,126.0,165.0,178.0,178.0,0.0,113.0,41.0,173.0,88.0,33.0,178.0,178.0,178.0,178.0,178.0,109.0,165.0,140.0,0.0,18.0,58.0,0.0,0.0,149.0,178.0,0.0,136.0,175.0,8.0,,9.0,0.0,0.0,96.0,121.0,0.0,119.0,156.0,154.0,491.0,48139.2072740224,639.7394902900106,0.013289364875670406,6.525078153954169,491.0,False,60
220140001091A001,22,Querétaro,014,Querétaro,0001,Santiago de Querétaro,091A,001,Urbana,71,Típica,33,38,25,14.56,71.0,,3.0,,,3.0,,,3.0,0.0,0.0,0.0,,0.0,,5.0,4.0,39.0,26.0,7.0,47.0,17.0,38.0,71.0,33.0,71.0,,0.0,,2.84,0.54,14.0,0.0,0.0,0.0,,0.0,,65.0,35.0,30.0,,0.0,,17.0,64.0,35.0,29.0,9.0,4.0,5.0,63.0,35.0,28.0,3.0,3.0,0.0,71.0,38.0,33.0,69.0,36.0,33.0,25.0,14.0,11.0,3.0,0.0,3.0,4.0,0.0,4.0,25.0,27.0,25.0,,25.0,,24.0,,28.0,0.0,7.0,,18.0,23.0,25.0,25.0,0.0,24.0,,25.0,17.0,6.0,25.0,25.0,25.0,25.0,25.0,23.0,24.0,23.0,0.0,4.0,,0.0,0.0,22.0,25.0,0.0,24.0,25.0,,0.0,0.0,0.0,0.0,13.0,20.0,0.0,19.0,25.0,25.0,71.0,8132.443155078253,662.4784233365555,0.08146118093956488,5.783743846709107,71.0,False,60
2201400010892048,22,Querétaro,014,Querétaro,0001,Santiago de Querétaro,0892,048,Urbana,0,Típica,0,0,0,0.0,0.0,,0.0,0.0,0.0,0.0,0.0,0.0,0.0,0.0,0.0,0.0,0.0,0.0,0.0,0.0,0.0,0.0,0.0,0.0,0.0,0.0,0.0,0.0,0.0,0.0,0.0,0.0,0.0,0.0,0.0,0.0,0.0,0.0,0.0,0.0,0.0,0.0,0.0,0.0,0.0,0.0,0.0,0.0,0.0,0.0,0.0,0.0,0.0,0.0,0.0,0.0,0.0,0.0,0.0,0.0,0.0,0.0,0.0,0.0,0.0,0.0,0.0,0.0,0.0,0.0,0.0,0.0,0.0,0.0,0.0,0.0,0.0,0.0,0.0,0.0,0.0,0.0,0.0,0.0,0.0,0.0,0.0,0.0,0.0,0.0,0.0,0.0,0.0,0.0,0.0,0.0,0.0,0.0,0.0,0.0,0.0,0.0,0.0,0.0,0.0,0.0,0.0,0.0,0.0,0.0,0.0,0.0,0.0,0.0,0.0,0.0,0.0,0.0,0.0,0.0,0.0,0.0,0.0,0.0,0.0,0.0,0.0,0.0,14580.181905482803,249.16641243152435,0.017089389833869397,0.0,0.0,False,60
2201400010252008,22,Querétaro,014,Querétaro,0001,Santiago de Querétaro,0252,008,Urbana,105,Típica,53,52,30,10.11,105.0,,,,3.0,9.0,4.0,9.0,7.0,0.0,0.0,4.0,,5.0,10.0,15.0,15.0,57.0,33.0,17.0,70.0,18.0,52.0,105.0,53.0,105.0,0.0,0.0,0.0,3.5,0.83,23.0,3.0,,,,0.0,,90.0,43.0,47.0,5.0,3.0,,26.0,88.0,43.0,45.0,7.0,3.0,4.0,83.0,40.0,43.0,9.0,7.0,,102.0,51.0,51.0,96.0,45.0,51.0,22.0,13.0,9.0,3.0,,,4.0,,3.0,30.0,31.0,30.0,,30.0,,30.0,0.0,31.0,,5.0,4.0,25.0,25.0,30.0,30.0,0.0,13.0,3.0,29.0,,8.0,30.0,30.0,30.0,30.0,30.0,18.0,21.0,21.0,0.0,,15.0,0.0,0.0,12.0,30.0,0.0,16.0,30.0,6.0,0.0,,0.0,0.0,5.0,20.0,0.0,17.0,27.0,29.0,105.0,7251.547254490113,85.59738337005909,0.011804016490006008,1.2394217314506308,105.0,False,60
2201400010229042,22,Querétaro,014,Querétaro,0001,Santiago de Querétaro,0229,042,Urbana,26,Típica,15,11,9,15.52,26.0,,0.0,0.0,0.0,0.0,0.0,0.0,,0.0,0.0,,,0.0,,0.0,,15.0,11.0,,19.0,6.0,11.0,26.0,15.0,26.0,0.0,0.0,0.0,2.89,0.4,,0.0,0.0,0.0,,0.0,,26.0,11.0,15.0,0.0,0.0,0.0,4.0,25.0,11.0,14.0,3.0,0.0,3.0,25.0,11.0,14.0,0.0,0.0,0.0,26.0,11.0,15.0,26.0,11.0,15.0,11.0,6.0,5.0,0.0,0.0,0.0,,0.0,,9.0,13.0,9.0,,9.0,4.0,8.0,,14.0,0.0,0.0,0.0,9.0,9.0,9.0,9.0,0.0,8.0,,9.0,6.0,3.0,9.0,9.0,9.0,9.0,9.0,8.0,8.0,8.0,0.0,0.0,,0.0,0.0,8.0,9.0,0.0,7.0,9.0,,0.0,,0.0,0.0,5.0,6.0,0.0,7.0,9.0,8.0,26.0,9588.04384913014,685.958040170612,0.0715430645671113,1.860119678744894,26.0,False,60
2201400012916032,22,Querétaro,014,Querétaro,0001,Santiago de Querétaro,2916,032,Urbana,70,Típica,32,38,20,8.44,70.0,,0.0,0.0,0.0,,0.0,,0.0,0.0,0.0,0.0,3.0,0.0,,3.0,,33.0,15.0,25.0,41.0,4.0,38.0,70.0,32.0,70.0,0.0,0.0,0.0,3.5,1.0,7.0,6.0,,4.0,3.0,3.0,0.0,48.0,27.0,21.0,,,,17.0,45.0,24.0,21.0,5.0,,3.0,43.0,23.0,20.0,8.0,5.0,3.0,64.0,36.0,28.0,58.0,32.0,26.0,6.0,5.0,,8.0,4.0,4.0,7.0,4.0,3.0,20.0,24.0,20.0,,20.0,3.0,20.0,,24.0,,9.0,4.0,11.0,14.0,,20.0,0.0,10.0,,20.0,4.0,0.0,20.0,20.0,20.0,19.0,19.0,10.0,6.0,15.0,0.0,,10.0,0.0,0.0,6.0,16.0,4.0,15.0,18.0,11.0,0.0,0.0,0.0,0.0,,6.0,0.0,,16.0,19.0,70.0,7485.803727474278,513.1057583635554,0.06854384339257558,4.798069037480291,70.0,False,60
2201400013488007,22,Querétaro,014,Querétaro,0001,Santiago de Querétaro,3488,007,Urbana,0,Típica,0,0,0,0.0,0.0,,0.0,0.0,0.0,0.0,0.0,0.0,0.0,0.0,0.0,0.0,0.0,0.0,0.0,0.0,0.0,0.0,0.0,0.0,0.0,0.0,0.0,0.0,0.0,0.0,0.0,0.0,0.0,0.0,0.0,0.0,0.0,0.0,0.0,0.0,0.0,0.0,0.0,0.0,0.0,0.0,0.0,0.0,0.0,0.0,0.0,0.0,0.0,0.0,0.0,0.0,0.0,0.0,0.0,0.0,0.0,0.0,0.0,0.0,0.0,0.0,0.0,0.0,0.0,0.0,0.0,0.0,0.0,0.0,0.0,0.0,0.0,0.0,0.0,0.0,0.0,0.0,0.0,0.0,0.0,0.0,0.0,0.0,0.0,0.0,0.0,0.0,0.0,0.0,0.0,0.0,0.0,0.0,0.0,0.0,0.0,0.0,0.0,0.0,0.0,0.0,0.0,0.0,0.0,0.0,0.0,0.0,0.0,0.0,0.0,0.0,0.0,0.0,0.0,0.0,0.0,0.0,0.0,0.0,0.0,0.0,0.0,0.0,257020.64761029102,706.5158633024355,0.002748868115738678,0.0,0.0,False,60
2201400013825013,22,Querétaro,014,Querétaro,0001,Santiago de Querétaro,3825,013,Urbana,52,Típica,28,24,15,11.26,52.0,,0.0,0.0,0.0,0.0,0.0,0.0,,,0.0,,0.0,0.0,5.0,0.0,6.0,24.0,16.0,17.0,32.0,3.0,24.0,52.0,28.0,52.0,,0.0,,3.47,1.16,4.0,5.0,3.0,,5.0,,3.0,40.0,17.0,23.0,4.0,,3.0,13.0,35.0,15.0,20.0,4.0,,,31.0,14.0,17.0,3.0,3.0,0.0,47.0,21.0,26.0,45.0,19.0,26.0,3.0,,,4.0,,3.0,9.0,3.0,6.0,15.0,15.0,15.0,,15.0,,13.0,0.0,17.0,,6.0,4.0,9.0,9.0,15.0,15.0,0.0,11.0,3.0,14.0,,,15.0,15.0,15.0,15.0,15.0,12.0,13.0,11.0,0.0,0.0,4.0,0.0,0.0,9.0,15.0,0.0,12.0,14.0,,,,0.0,0.0,4.0,9.0,0.0,9.0,15.0,12.0,52.0,5267.936080689381,563.2120503918823,0.10691322783061907,5.559487847192192,52.0,False,60
2201400012992020,22,Querétaro,014,Querétaro,0001,Santiago de Querétaro,2992,020,Urbana,65,Típica,31,34,15,9.96,65.0,,,,,3.0,,4.0,,,0.0,,,,7.0,9.0,9.0,29.0,24.0,14.0,49.0,,34.0,65.0,31.0,65.0,0.0,0.0,0.0,4.33,1.03,13.0,,0.0,,,,,53.0,32.0,21.0,,,0.0,19.0,51.0,31.0,20.0,5.0,5.0,0.0,50.0,30.0,20.0,,0.0,,63.0,34.0,29.0,62.0,34.0,28.0,12.0,6.0,6.0,9.0,,7.0,6.0,,5.0,15.0,18.0,15.0,,15.0,3.0,14.0,,19.0,0.0,,,13.0,13.0,15.0,15.0,0.0,9.0,0.0,15.0,5.0,,15.0,15.0,15.0,15.0,15.0,7.0,14.0,12.0,0.0,0.0,6.0,0.0,0.0,6.0,15.0,0.0,13.0,15.0,,0.0,0.0,0.0,0.0,,12.0,0.0,11.0,15.0,14.0,65.0,3580.2495719886333,375.41797740129556,0.10485804686313288,6.815773046103637,65.0,False,60
2201400012988010,22,Querétaro,014,Querétaro,0001,Santiago de Querétaro,2988,010,Urbana,118,Típica,62,56,31,9.54,118.0,,0.0,0.0,0.0,,,3.0,8.0,0.0,,3.0,,,14.0,6.0,22.0,66.0,30.0,24.0,80.0,11.0,56.0,118.0,62.0,118.0,,0.0,,3.81,0.81,15.0,8.0,4.0,4.0,5.0,3.0,,96.0,45.0,51.0,4.0,,,26.0,91.0,42.0,49.0,16.0,5.0,11.0,87.0,40.0,47.0,3.0,,,107.0,50.0,57.0,105.0,49.0,56.0,19.0,10.0,9.0,8.0,3.0,5.0,12.0,6.0,6.0,31.0,30.0,31.0,,31.0,,29.0,0.0,32.0,0.0,3.0,4.0,27.0,26.0,30.0,30.0,0.0,17.0,,27.0,0.0,6.0,30.0,30.0,30.0,30.0,30.0,12.0,21.0,26.0,0.0,,12.0,0.0,0.0,13.0,30.0,0.0,27.0,26.0,8.0,,,0.0,0.0,4.0,17.0,0.0,19.0,20.0,29.0,118.0,6325.447185915285,501.2700116110074,0.07924657291063512,9.351095603454946,118.0,False,60
2201400012988009,22,Querétaro,014,Querétaro,0001,Santiago de Querétaro,2988,009,Urbana,170,Típica,91,79,34,8.16,170.0,,0.0,,0.0,,0.0,3.0,3.0,0.0,0.0,,3.0,,,5.0,6.0,93.0,41.0,43.0,116.0,11.0,79.0,170.0,91.0,170.0,,0.0,,5.0,1.23,47.0,7.0,4.0,3.0,7.0,4.0,3.0,134.0,62.0,72.0,11.0,5.0,6.0,40.0,127.0,58.0,69.0,20.0,14.0,6.0,116.0,53.0,63.0,7.0,4.0,3.0,163.0,75.0,88.0,158.0,73.0,85.0,18.0,9.0,9.0,22.0,9.0,13.0,24.0,10.0,14.0,34.0,32.0,34.0,0.0,34.0,0.0,32.0,0.0,34.0,5.0,10.0,5.0,24.0,24.0,34.0,34.0,0.0,14.0,3.0,30.0,,,34.0,34.0,34.0,34.0,34.0,14.0,27.0,25.0,0.0,3.0,20.0,0.0,0.0,14.0,34.0,0.0,29.0,30.0,6.0,3.0,0.0,0.0,0.0,4.0,27.0,0.0,22.0,22.0,33.0,170.0,6547.412778676779,53.07023208690019,0.008105527157190415,1.3779396167223705,170.0,False,60
2201400012988008,22,Querétaro,014,Querétaro,0001,Santiago de Querétaro,2988,008,Urbana,139,Típica,67,72,29,8.44,139.0,,0.0,,3.0,4.0,,3.0,7.0,0.0,,5.0,3.0,10.0,22.0,8.0,30.0,76.0,40.0,32.0,94.0,13.0,72.0,139.0,67.0,139.0,0.0,0.0,0.0,4.79,1.0,27.0,6.0,4.0,,9.0,3.0,6.0,116.0,56.0,60.0,5.0,3.0,,37.0,107.0,53.0,54.0,25.0,11.0,14.0,102.0,50.0,52.0,5.0,4.0,,133.0,68.0,65.0,129.0,65.0,64.0,21.0,9.0,12.0,12.0,8.0,4.0,16.0,8.0,8.0,29.0,29.0,29.0,,29.0,,27.0,0.0,31.0,,3.0,,26.0,26.0,29.0,29.0,0.0,15.0,7.0,27.0,,5.0,29.0,29.0,29.0,29.0,29.0,10.0,22.0,22.0,0.0,5.0,14.0,0.0,0.0,13.0,29.0,0.0,26.0,26.0,5.0,,,,,4.0,19.0,0.0,16.0,21.0,27.0,139.0,6507.405492499314,475.35714594678376,0.07304864380968708,10.153761489546504,139.0,False,60
2201400012827012,22,Querétaro,014,Querétaro,0001,Santiago de Querétaro,2827,012,Urbana,122,Típica,63,59,39,12.02,122.0,,5.0,,4.0,4.0,,6.0,6.0,,0.0,3.0,3.0,9.0,4.0,15.0,18.0,76.0,30.0,23.0,89.0,10.0,59.0,122.0,63.0,122.0,5.0,,4.0,3.13,0.71,11.0,3.0,,,7.0,3.0,4.0,106.0,50.0,56.0,5.0,3.0,,29.0,99.0,47.0,52.0,15.0,4.0,11.0,94.0,44.0,50.0,5.0,4.0,,119.0,57.0,62.0,115.0,54.0,61.0,16.0,8.0,8.0,8.0,3.0,5.0,13.0,6.0,7.0,39.0,41.0,39.0,,39.0,3.0,37.0,,43.0,,7.0,0.0,32.0,38.0,39.0,39.0,0.0,31.0,5.0,39.0,7.0,10.0,39.0,39.0,39.0,39.0,39.0,33.0,33.0,36.0,0.0,6.0,7.0,0.0,0.0,30.0,39.0,0.0,32.0,39.0,4.0,0.0,,0.0,0.0,14.0,28.0,0.0,30.0,39.0,36.0,122.0,4488.672447274096,180.83694822120142,0.04028740130748926,4.91506295951369,122.0,False,60
2201400012812011,22,Querétaro,014,Querétaro,0001,Santiago de Querétaro,2812,011,Urbana,64,Típica,28,36,20,12.24,64.0,,0.0,0.0,0.0,,0.0,0.0,0.0,0.0,,3.0,0.0,,12.0,,15.0,38.0,15.0,13.0,49.0,,36.0,64.0,28.0,64.0,0.0,0.0,0.0,3.2,0.85,25.0,3.0,0.0,3.0,,,0.0,53.0,31.0,22.0,4.0,3.0,,24.0,51.0,29.0,22.0,10.0,6.0,4.0,47.0,26.0,21.0,,,0.0,61.0,36.0,25.0,60.0,35.0,25.0,,,0.0,7.0,4.0,3.0,5.0,3.0,,20.0,22.0,20.0,3.0,20.0,3.0,19.0,0.0,23.0,0.0,4.0,,16.0,19.0,20.0,20.0,0.0,12.0,,19.0,0.0,5.0,20.0,20.0,20.0,20.0,20.0,14.0,19.0,18.0,0.0,,8.0,0.0,0.0,17.0,20.0,0.0,15.0,20.0,,0.0,,0.0,0.0,8.0,14.0,0.0,17.0,20.0,18.0,64.0,2527.3739350629166,251.88995085470316,0.09966469439293026,6.378540441147536,64.0,False,60
2201400012812008,22,Querétaro,014,Querétaro,0001,Santiago de Querétaro,2812,008,Urbana,99,Típica,54,45,32,12.84,99.0,,,0.0,0.0,,0.0,,5.0,0.0,0.0,3.0,0.0,,7.0,3.0,13.0,63.0,27.0,13.0,79.0,7.0,45.0,99.0,54.0,99.0,0.0,0.0,0.0,3.09,0.69,19.0,,0.0,,4.0,3.0,,90.0,40.0,50.0,6.0,,4.0,22.0,86.0,37.0,49.0,12.0,6.0,6.0,80.0,35.0,45.0,,,0.0,98.0,45.0,53.0,98.0,45.0,53.0,14.0,5.0,9.0,7.0,4.0,3.0,9.0,6.0,3.0,32.0,38.0,32.0,,32.0,6.0,31.0,,39.0,0.0,3.0,0.0,29.0,32.0,32.0,32.0,0.0,24.0,4.0,30.0,,8.0,32.0,32.0,32.0,32.0,32.0,25.0,28.0,31.0,0.0,4.0,7.0,0.0,0.0,21.0,32.0,0.0,26.0,31.0,,0.0,0.0,0.0,0.0,13.0,23.0,0.0,25.0,32.0,31.0,99.0,5257.068936389868,455.5844593115043,0.0866613059147676,8.579469285561993,99.0,False,60
2201400012314014,22,Querétaro,014,Querétaro,0001,Santiago de Querétaro,2314,014,Urbana,1,Típica,0,0,1,,,,,,,,,,,,,,,,,,,,,,,,,,,1.0,,,,,,,,,,,,,,,,,,,,,,,,,,,,,,,,,,,,,,,,,,,,,,,1.0,,,,,,,,1.0,,,,,,,,,,,,,,,,,,,,,,,,,,,,,,,,,,,,,,,,,,,1.0,662.0475343326838,56.675263672960526,0.08560603390825527,0.08560603390825527,1.0,False,60
220140001230A013,22,Querétaro,014,Querétaro,0001,Santiago de Querétaro,230A,013,Urbana,1,Típica,1,0,0,0.0,0.0,,0.0,0.0,0.0,0.0,0.0,0.0,0.0,0.0,0.0,0.0,0.0,0.0,0.0,0.0,0.0,0.0,0.0,0.0,1.0,0.0,0.0,0.0,1.0,1.0,0.0,0.0,0.0,0.0,0.0,0.0,0.0,0.0,0.0,0.0,0.0,0.0,1.0,0.0,1.0,0.0,0.0,0.0,0.0,1.0,0.0,1.0,0.0,0.0,0.0,1.0,0.0,1.0,0.0,0.0,0.0,1.0,0.0,1.0,1.0,0.0,1.0,0.0,0.0,0.0,0.0,0.0,0.0,0.0,0.0,0.0,0.0,0.0,0.0,0.0,0.0,0.0,0.0,0.0,0.0,0.0,0.0,0.0,0.0,0.0,0.0,0.0,0.0,0.0,0.0,0.0,0.0,0.0,0.0,0.0,0.0,0.0,0.0,0.0,0.0,0.0,0.0,0.0,0.0,0.0,0.0,0.0,0.0,0.0,0.0,0.0,0.0,0.0,0.0,0.0,0.0,0.0,0.0,0.0,0.0,0.0,0.0,1.0,12458.95719702343,169.63410022797572,0.013615433261822508,0.013615433261822508,1.0,False,60
2201400012210011,22,Querétaro,014,Querétaro,0001,Santiago de Querétaro,2210,011,Urbana,90,Típica,46,44,25,11.61,90.0,,0.0,0.0,0.0,,0.0,4.0,7.0,,0.0,,0.0,8.0,15.0,5.0,23.0,55.0,22.0,16.0,71.0,3.0,44.0,90.0,46.0,90.0,4.0,,,3.6,0.89,11.0,5.0,3.0,,3.0,,,77.0,36.0,41.0,,0.0,,28.0,74.0,35.0,39.0,20.0,8.0,12.0,72.0,35.0,37.0,,,0.0,85.0,41.0,44.0,84.0,40.0,44.0,5.0,,3.0,6.0,3.0,3.0,6.0,4.0,,25.0,29.0,25.0,,25.0,3.0,24.0,,30.0,0.0,6.0,0.0,19.0,25.0,25.0,25.0,0.0,13.0,4.0,24.0,23.0,5.0,25.0,25.0,25.0,25.0,25.0,14.0,24.0,18.0,0.0,,12.0,0.0,0.0,15.0,25.0,0.0,23.0,25.0,0.0,0.0,,0.0,0.0,13.0,21.0,0.0,20.0,25.0,23.0,90.0,2166.5403279256943,1.687757807861896,0.0007790105663427932,0.07011095097085139,90.0,False,60
2201400012206033,22,Querétaro,014,Querétaro,0001,Santiago de Querétaro,2206,033,Urbana,133,Típica,62,71,39,12.77,133.0,,,0.0,0.0,,0.0,,4.0,3.0,,3.0,,,17.0,6.0,18.0,77.0,37.0,25.0,104.0,4.0,71.0,133.0,62.0,133.0,,,,3.41,0.78,18.0,4.0,,3.0,6.0,3.0,3.0,114.0,65.0,49.0,7.0,4.0,3.0,51.0,108.0,62.0,46.0,26.0,17.0,9.0,101.0,58.0,43.0,,0.0,,129.0,70.0,59.0,129.0,70.0,59.0,8.0,6.0,,14.0,5.0,9.0,15.0,6.0,9.0,39.0,40.0,39.0,,39.0,,39.0,0.0,40.0,,7.0,0.0,32.0,38.0,39.0,39.0,0.0,29.0,11.0,37.0,9.0,8.0,39.0,39.0,39.0,39.0,39.0,25.0,36.0,30.0,0.0,6.0,9.0,0.0,0.0,31.0,38.0,,30.0,39.0,,,,0.0,0.0,19.0,29.0,0.0,26.0,39.0,36.0,133.0,4232.631336508837,604.5119378667482,0.1428217791264954,18.99529662382389,133.0,False,60
2201400012193022,22,Querétaro,014,Querétaro,0001,Santiago de Querétaro,2193,022,Urbana,149,Típica,73,76,43,10.2,149.0,,3.0,,,4.0,,,15.0,0.0,0.0,8.0,,4.0,11.0,8.0,24.0,71.0,51.0,33.0,94.0,22.0,76.0,149.0,73.0,149.0,3.0,,,3.47,0.77,12.0,6.0,4.0,,6.0,,4.0,122.0,61.0,61.0,,,,31.0,116.0,59.0,57.0,20.0,9.0,11.0,114.0,58.0,56.0,5.0,,3.0,143.0,72.0,71.0,140.0,71.0,69.0,27.0,16.0,11.0,16.0,9.0,7.0,18.0,9.0,9.0,43.0,43.0,43.0,0.0,43.0,0.0,43.0,0.0,43.0,0.0,4.0,,39.0,42.0,43.0,43.0,0.0,23.0,7.0,41.0,,4.0,43.0,43.0,43.0,43.0,43.0,32.0,38.0,38.0,0.0,,20.0,0.0,0.0,20.0,43.0,0.0,33.0,41.0,5.0,0.0,0.0,0.0,0.0,7.0,38.0,0.0,36.0,43.0,43.0,149.0,4584.58599334499,54.14574030030774,0.011810388196209208,1.7597478412351721,149.0,False,60
2201400012155023,22,Querétaro,014,Querétaro,0001,Santiago de Querétaro,2155,023,Urbana,21,Típica,9,12,6,13.79,21.0,,0.0,0.0,0.0,0.0,0.0,,,,,,0.0,,3.0,,4.0,13.0,7.0,,16.0,3.0,12.0,21.0,9.0,21.0,0.0,0.0,0.0,3.5,0.6,,0.0,0.0,0.0,,0.0,,20.0,11.0,9.0,0.0,0.0,0.0,7.0,19.0,11.0,8.0,4.0,,3.0,19.0,11.0,8.0,0.0,0.0,0.0,21.0,12.0,9.0,21.0,12.0,9.0,5.0,3.0,,,,0.0,,,,6.0,9.0,6.0,,6.0,,6.0,,9.0,0.0,,0.0,5.0,6.0,6.0,6.0,0.0,5.0,,6.0,4.0,,6.0,6.0,6.0,6.0,6.0,6.0,6.0,6.0,0.0,0.0,,0.0,0.0,6.0,6.0,0.0,5.0,6.0,0.0,0.0,0.0,0.0,0.0,3.0,4.0,0.0,6.0,6.0,6.0,21.0,3559.324397002956,155.84963252479713,0.043786296257802906,0.919512221413861,21.0,False,60
2201400012047023,22,Querétaro,014,Querétaro,0001,Santiago de Querétaro,2047,023,Urbana,35,Típica,15,20,12,10.61,35.0,,0.0,,,,,,0.0,0.0,0.0,0.0,,0.0,4.0,,4.0,19.0,12.0,7.0,27.0,,20.0,35.0,15.0,35.0,0.0,0.0,0.0,2.92,0.76,8.0,0.0,0.0,0.0,3.0,,,31.0,18.0,13.0,,,0.0,11.0,28.0,16.0,12.0,,,0.0,26.0,14.0,12.0,,,,35.0,20.0,15.0,33.0,19.0,14.0,5.0,,3.0,,,,4.0,,,12.0,13.0,12.0,,12.0,0.0,12.0,,13.0,0.0,,0.0,11.0,12.0,12.0,12.0,0.0,6.0,3.0,12.0,0.0,,12.0,12.0,12.0,12.0,12.0,10.0,11.0,9.0,0.0,,5.0,0.0,0.0,6.0,12.0,0.0,9.0,12.0,0.0,0.0,0.0,0.0,0.0,5.0,10.0,0.0,12.0,12.0,12.0,35.0,1346.5374362256246,114.74679299051097,0.08521619221530809,2.982566727535783,35.0,False,60
2201400012028013,22,Querétaro,014,Querétaro,0001,Santiago de Querétaro,2028,013,Urbana,116,Típica,59,57,26,8.96,116.0,,,0.0,0.0,4.0,,,6.0,0.0,0.0,4.0,3.0,6.0,14.0,5.0,17.0,59.0,36.0,27.0,80.0,9.0,57.0,116.0,59.0,116.0,0.0,0.0,0.0,4.46,1.17,34.0,3.0,,,7.0,3.0,4.0,96.0,49.0,47.0,8.0,5.0,3.0,32.0,89.0,46.0,43.0,16.0,9.0,7.0,81.0,41.0,40.0,9.0,4.0,5.0,113.0,56.0,57.0,108.0,54.0,54.0,14.0,7.0,7.0,8.0,3.0,5.0,10.0,3.0,7.0,26.0,28.0,26.0,,26.0,4.0,23.0,,31.0,6.0,12.0,3.0,14.0,17.0,22.0,25.0,,15.0,0.0,24.0,4.0,,26.0,25.0,26.0,26.0,26.0,13.0,18.0,18.0,0.0,4.0,10.0,0.0,0.0,7.0,25.0,,19.0,21.0,8.0,,,0.0,0.0,0.0,15.0,0.0,17.0,20.0,24.0,116.0,14467.593636374528,990.6154835932244,0.06847133728601637,7.942675125177899,116.0,False,60
2201400012028011,22,Querétaro,014,Querétaro,0001,Santiago de Querétaro,2028,011,Urbana,187,Típica,100,87,40,9.1,187.0,,3.0,,,7.0,,0.0,9.0,,,4.0,,6.0,20.0,8.0,26.0,95.0,55.0,44.0,126.0,17.0,87.0,187.0,100.0,187.0,0.0,0.0,0.0,4.68,1.21,25.0,7.0,4.0,3.0,8.0,4.0,4.0,151.0,72.0,79.0,10.0,5.0,5.0,53.0,143.0,68.0,75.0,33.0,15.0,18.0,133.0,63.0,70.0,9.0,3.0,6.0,180.0,83.0,97.0,177.0,83.0,94.0,22.0,11.0,11.0,20.0,8.0,12.0,20.0,8.0,12.0,40.0,39.0,40.0,,40.0,,37.0,0.0,42.0,6.0,16.0,8.0,24.0,26.0,39.0,39.0,,14.0,4.0,38.0,5.0,4.0,39.0,39.0,39.0,39.0,39.0,14.0,26.0,24.0,0.0,3.0,25.0,,,13.0,39.0,,32.0,35.0,12.0,,3.0,,,3.0,25.0,,18.0,35.0,36.0,187.0,14795.167853670346,11.053266307115592,0.0007470862389961684,0.1397051266922835,187.0,False,60
2201400012028010,22,Querétaro,014,Querétaro,0001,Santiago de Querétaro,2028,010,Urbana,128,Típica,66,62,47,9.29,128.0,,0.0,0.0,0.0,0.0,0.0,,,0.0,0.0,,,,,,6.0,80.0,23.0,27.0,94.0,7.0,62.0,128.0,66.0,128.0,0.0,0.0,0.0,2.72,1.47,16.0,8.0,3.0,5.0,3.0,,,104.0,52.0,52.0,6.0,4.0,,40.0,101.0,50.0,51.0,24.0,14.0,10.0,95.0,46.0,49.0,8.0,4.0,4.0,120.0,59.0,61.0,113.0,55.0,58.0,9.0,4.0,5.0,8.0,3.0,5.0,6.0,3.0,3.0,47.0,54.0,47.0,8.0,47.0,4.0,46.0,4.0,55.0,30.0,36.0,5.0,11.0,12.0,47.0,47.0,0.0,14.0,,43.0,31.0,,47.0,47.0,47.0,47.0,47.0,12.0,31.0,16.0,0.0,,32.0,0.0,0.0,16.0,47.0,0.0,25.0,33.0,16.0,4.0,10.0,3.0,3.0,4.0,19.0,0.0,15.0,43.0,35.0,128.0,33916.238688114005,643.3293121587184,0.018968179758216352,2.427927009051693,128.0,False,60
2201400011937028,22,Querétaro,014,Querétaro,0001,Santiago de Querétaro,1937,028,Urbana,310,Típica,134,176,84,10.54,310.0,,0.0,,,,0.0,3.0,9.0,4.0,4.0,6.0,3.0,6.0,14.0,7.0,24.0,196.0,60.0,64.0,225.0,21.0,176.0,310.0,134.0,310.0,3.0,,,3.69,1.04,29.0,11.0,6.0,5.0,10.0,5.0,5.0,256.0,151.0,105.0,9.0,6.0,3.0,95.0,246.0,146.0,100.0,41.0,19.0,22.0,237.0,140.0,97.0,17.0,7.0,10.0,299.0,170.0,129.0,290.0,165.0,125.0,34.0,18.0,16.0,26.0,12.0,14.0,28.0,13.0,15.0,84.0,94.0,84.0,10.0,84.0,5.0,84.0,5.0,94.0,0.0,13.0,,71.0,83.0,84.0,84.0,0.0,34.0,8.0,80.0,,11.0,84.0,84.0,84.0,84.0,84.0,40.0,70.0,66.0,0.0,9.0,46.0,0.0,0.0,43.0,84.0,0.0,65.0,83.0,12.0,,,,0.0,8.0,64.0,0.0,65.0,83.0,82.0,310.0,5801.433976028817,182.57056868448987,0.03146990372360708,9.755670154318194,310.0,False,60
2201400011922036,22,Querétaro,014,Querétaro,0001,Santiago de Querétaro,1922,036,Urbana,0,Típica,0,0,0,0.0,0.0,,0.0,0.0,0.0,0.0,0.0,0.0,0.0,0.0,0.0,0.0,0.0,0.0,0.0,0.0,0.0,0.0,0.0,0.0,0.0,0.0,0.0,0.0,0.0,0.0,0.0,0.0,0.0,0.0,0.0,0.0,0.0,0.0,0.0,0.0,0.0,0.0,0.0,0.0,0.0,0.0,0.0,0.0,0.0,0.0,0.0,0.0,0.0,0.0,0.0,0.0,0.0,0.0,0.0,0.0,0.0,0.0,0.0,0.0,0.0,0.0,0.0,0.0,0.0,0.0,0.0,0.0,0.0,0.0,0.0,0.0,0.0,0.0,0.0,0.0,0.0,0.0,0.0,0.0,0.0,0.0,0.0,0.0,0.0,0.0,0.0,0.0,0.0,0.0,0.0,0.0,0.0,0.0,0.0,0.0,0.0,0.0,0.0,0.0,0.0,0.0,0.0,0.0,0.0,0.0,0.0,0.0,0.0,0.0,0.0,0.0,0.0,0.0,0.0,0.0,0.0,0.0,0.0,0.0,0.0,0.0,0.0,0.0,2494.653795897542,133.88355305284313,0.053668189659428746,0.0,0.0,False,60
2201400011922018,22,Querétaro,014,Querétaro,0001,Santiago de Querétaro,1922,018,Urbana,171,Típica,79,92,52,10.31,171.0,,4.0,,3.0,3.0,3.0,4.0,7.0,,,6.0,,7.0,21.0,5.0,26.0,112.0,38.0,26.0,135.0,10.0,92.0,171.0,79.0,171.0,3.0,3.0,0.0,3.29,0.74,32.0,4.0,3.0,,5.0,3.0,,150.0,80.0,70.0,4.0,,,46.0,145.0,77.0,68.0,19.0,8.0,11.0,141.0,75.0,66.0,4.0,4.0,0.0,167.0,89.0,78.0,163.0,85.0,78.0,21.0,11.0,10.0,13.0,5.0,8.0,13.0,7.0,6.0,52.0,56.0,52.0,,52.0,,52.0,,56.0,0.0,3.0,0.0,49.0,52.0,52.0,52.0,0.0,30.0,5.0,51.0,0.0,5.0,52.0,52.0,52.0,52.0,52.0,37.0,42.0,47.0,0.0,7.0,22.0,0.0,0.0,34.0,52.0,0.0,41.0,52.0,9.0,0.0,0.0,0.0,0.0,13.0,41.0,0.0,36.0,52.0,52.0,171.0,3997.454148469269,257.56129917615993,0.06443133294594185,11.017757933756055,171.0,False,60
2201400011231051,22,Querétaro,014,Querétaro,0001,Santiago de Querétaro,1231,051,Urbana,0,Contenedora,0,0,0,0.0,0.0,,0.0,0.0,0.0,0.0,0.0,0.0,0.0,0.0,0.0,0.0,0.0,0.0,0.0,0.0,0.0,0.0,0.0,0.0,0.0,0.0,0.0,0.0,0.0,0.0,0.0,0.0,0.0,0.0,0.0,0.0,0.0,0.0,0.0,0.0,0.0,0.0,0.0,0.0,0.0,0.0,0.0,0.0,0.0,0.0,0.0,0.0,0.0,0.0,0.0,0.0,0.0,0.0,0.0,0.0,0.0,0.0,0.0,0.0,0.0,0.0,0.0,0.0,0.0,0.0,0.0,0.0,0.0,0.0,0.0,0.0,0.0,0.0,0.0,0.0,0.0,0.0,0.0,0.0,0.0,0.0,0.0,0.0,0.0,0.0,0.0,0.0,0.0,0.0,0.0,0.0,0.0,0.0,0.0,0.0,0.0,0.0,0.0,0.0,0.0,0.0,0.0,0.0,0.0,0.0,0.0,0.0,0.0,0.0,0.0,0.0,0.0,0.0,0.0,0.0,0.0,0.0,0.0,0.0,0.0,0.0,0.0,0.0,18151.400468698488,282.9286225805633,0.015587151143982785,0.0,0.0,False,60
2201400011138035,22,Querétaro,014,Querétaro,0001,Santiago de Querétaro,1138,035,Urbana,0,Típica,0,0,0,0.0,0.0,,0.0,0.0,0.0,0.0,0.0,0.0,0.0,0.0,0.0,0.0,0.0,0.0,0.0,0.0,0.0,0.0,0.0,0.0,0.0,0.0,0.0,0.0,0.0,0.0,0.0,0.0,0.0,0.0,0.0,0.0,0.0,0.0,0.0,0.0,0.0,0.0,0.0,0.0,0.0,0.0,0.0,0.0,0.0,0.0,0.0,0.0,0.0,0.0,0.0,0.0,0.0,0.0,0.0,0.0,0.0,0.0,0.0,0.0,0.0,0.0,0.0,0.0,0.0,0.0,0.0,0.0,0.0,0.0,0.0,0.0,0.0,0.0,0.0,0.0,0.0,0.0,0.0,0.0,0.0,0.0,0.0,0.0,0.0,0.0,0.0,0.0,0.0,0.0,0.0,0.0,0.0,0.0,0.0,0.0,0.0,0.0,0.0,0.0,0.0,0.0,0.0,0.0,0.0,0.0,0.0,0.0,0.0,0.0,0.0,0.0,0.0,0.0,0.0,0.0,0.0,0.0,0.0,0.0,0.0,0.0,0.0,0.0,70743.00489048377,585.5849037695473,0.008277636844463743,0.0,0.0,False,60
2201400011119033,22,Querétaro,014,Querétaro,0001,Santiago de Querétaro,1119,033,Urbana,183,Típica,90,93,63,12.89,183.0,,0.0,,0.0,,0.0,3.0,7.0,,,,,8.0,16.0,4.0,29.0,112.0,40.0,39.0,135.0,9.0,93.0,183.0,90.0,183.0,,0.0,,2.9,0.86,42.0,10.0,4.0,6.0,8.0,3.0,5.0,152.0,81.0,71.0,9.0,5.0,4.0,61.0,144.0,78.0,66.0,20.0,11.0,9.0,135.0,73.0,62.0,7.0,,5.0,173.0,89.0,84.0,169.0,87.0,82.0,13.0,7.0,6.0,14.0,6.0,8.0,15.0,7.0,8.0,63.0,70.0,63.0,,63.0,7.0,61.0,,72.0,0.0,6.0,5.0,57.0,58.0,61.0,62.0,,34.0,10.0,61.0,5.0,11.0,62.0,62.0,63.0,63.0,63.0,42.0,53.0,46.0,0.0,6.0,28.0,0.0,0.0,39.0,63.0,0.0,42.0,61.0,8.0,0.0,,0.0,0.0,20.0,44.0,,39.0,63.0,61.0,183.0,5380.95261563144,621.2076128127982,0.11544565752320814,21.126555326747088,183.0,False,60
2201400011119005,22,Querétaro,014,Querétaro,0001,Santiago de Querétaro,1119,005,Urbana,154,Típica,75,79,33,8.92,154.0,,5.0,,,3.0,0.0,3.0,6.0,,0.0,6.0,5.0,,11.0,10.0,18.0,86.0,46.0,28.0,114.0,12.0,79.0,154.0,75.0,154.0,,,0.0,4.67,1.05,23.0,3.0,0.0,3.0,6.0,3.0,3.0,132.0,66.0,66.0,4.0,,,46.0,126.0,63.0,63.0,20.0,10.0,10.0,122.0,61.0,61.0,11.0,7.0,4.0,151.0,79.0,72.0,142.0,72.0,70.0,20.0,9.0,11.0,8.0,6.0,,12.0,8.0,4.0,33.0,31.0,33.0,0.0,33.0,0.0,31.0,0.0,33.0,,9.0,6.0,24.0,25.0,33.0,33.0,0.0,17.0,,32.0,,,33.0,33.0,33.0,33.0,33.0,20.0,26.0,23.0,0.0,0.0,16.0,0.0,0.0,19.0,33.0,0.0,28.0,30.0,6.0,,,0.0,0.0,4.0,22.0,0.0,21.0,24.0,30.0,154.0,8566.565353221453,31.08651232660884,0.003628818674093086,0.5588380758103352,154.0,False,60
2201400011119004,22,Querétaro,014,Querétaro,0001,Santiago de Querétaro,1119,004,Urbana,111,Típica,47,64,24,11.35,111.0,,,0.0,0.0,,0.0,,6.0,0.0,,,,,10.0,5.0,15.0,62.0,35.0,18.0,87.0,6.0,64.0,111.0,47.0,111.0,0.0,0.0,0.0,4.63,0.97,25.0,,0.0,,4.0,3.0,,97.0,57.0,40.0,3.0,,,36.0,93.0,54.0,39.0,19.0,14.0,5.0,90.0,52.0,38.0,3.0,0.0,3.0,109.0,64.0,45.0,107.0,64.0,43.0,13.0,6.0,7.0,9.0,7.0,,10.0,7.0,3.0,24.0,21.0,24.0,0.0,24.0,0.0,21.0,0.0,24.0,,3.0,,21.0,22.0,24.0,24.0,0.0,15.0,3.0,23.0,3.0,8.0,24.0,24.0,24.0,24.0,24.0,18.0,22.0,21.0,0.0,0.0,9.0,0.0,0.0,18.0,24.0,0.0,17.0,24.0,,0.0,,0.0,0.0,11.0,16.0,0.0,20.0,21.0,23.0,111.0,8523.165289337247,514.5171102555162,0.060366905109677224,6.700726467174172,111.0,False,60
2201400011119003,22,Querétaro,014,Querétaro,0001,Santiago de Querétaro,1119,003,Urbana,77,Típica,40,37,21,10.51,77.0,,,,,3.0,,3.0,4.0,0.0,0.0,,,0.0,3.0,4.0,5.0,39.0,27.0,16.0,54.0,7.0,37.0,77.0,40.0,77.0,,0.0,,3.67,0.99,9.0,3.0,,,5.0,,4.0,66.0,33.0,33.0,4.0,3.0,,23.0,61.0,32.0,29.0,7.0,6.0,,57.0,29.0,28.0,,,,74.0,36.0,38.0,72.0,35.0,37.0,9.0,4.0,5.0,6.0,,4.0,11.0,3.0,8.0,21.0,22.0,21.0,,21.0,,21.0,0.0,22.0,4.0,7.0,3.0,14.0,14.0,21.0,21.0,0.0,7.0,7.0,21.0,0.0,3.0,21.0,21.0,21.0,21.0,21.0,11.0,18.0,15.0,0.0,,13.0,0.0,0.0,9.0,21.0,0.0,13.0,18.0,3.0,0.0,,0.0,0.0,6.0,13.0,0.0,13.0,15.0,20.0,77.0,8690.545810747371,2.3334518700074423,0.000268504639503968,0.020674857241805535,77.0,False,60
2201400010924002,22,Querétaro,014,Querétaro,0001,Santiago de Querétaro,0924,002,Urbana,36,Típica,17,19,10,9.25,36.0,,3.0,,,,,6.0,3.0,,0.0,,0.0,5.0,8.0,10.0,9.0,16.0,13.0,8.0,20.0,8.0,19.0,36.0,17.0,36.0,0.0,0.0,0.0,3.6,0.88,3.0,,0.0,,,,0.0,29.0,16.0,13.0,0.0,0.0,0.0,8.0,28.0,15.0,13.0,,0.0,,28.0,15.0,13.0,,,,35.0,19.0,16.0,35.0,19.0,16.0,9.0,6.0,3.0,4.0,,,5.0,3.0,,10.0,10.0,10.0,0.0,10.0,0.0,10.0,0.0,10.0,0.0,,,8.0,8.0,10.0,10.0,0.0,7.0,,9.0,0.0,,9.0,9.0,10.0,10.0,10.0,4.0,8.0,9.0,0.0,0.0,3.0,0.0,0.0,4.0,9.0,,5.0,9.0,,0.0,,0.0,0.0,0.0,,,7.0,10.0,9.0,36.0,5119.525815044804,569.7331307026616,0.11128630878828286,4.006307116378183,36.0,False,60
220140001091A018,22,Querétaro,014,Querétaro,0001,Santiago de Querétaro,091A,018,Urbana,111,Típica,58,53,32,13.91,111.0,,0.0,0.0,0.0,0.0,0.0,0.0,,0.0,0.0,3.0,,,3.0,0.0,7.0,65.0,35.0,7.0,90.0,14.0,53.0,111.0,58.0,111.0,11.0,4.0,7.0,3.47,0.54,26.0,0.0,0.0,0.0,,,0.0,106.0,50.0,56.0,5.0,,3.0,25.0,104.0,48.0,56.0,15.0,6.0,9.0,99.0,46.0,53.0,3.0,,,111.0,53.0,58.0,109.0,52.0,57.0,23.0,14.0,9.0,,,,3.0,3.0,0.0,32.0,32.0,32.0,,32.0,,31.0,0.0,33.0,0.0,,,31.0,31.0,32.0,32.0,0.0,30.0,3.0,30.0,24.0,12.0,32.0,32.0,32.0,32.0,32.0,24.0,31.0,32.0,0.0,,,0.0,0.0,28.0,32.0,0.0,28.0,32.0,0.0,0.0,0.0,0.0,0.0,20.0,24.0,0.0,25.0,32.0,30.0,111.0,12042.742502281319,55.144018872258584,0.004579024990512948,0.5082717739469372,111.0,False,60
2201400010892006,22,Querétaro,014,Querétaro,0001,Santiago de Querétaro,0892,006,Urbana,79,Típica,41,38,22,9.45,79.0,,4.0,4.0,5.0,6.0,5.0,8.0,3.0,,,3.0,9.0,3.0,,10.0,6.0,48.0,17.0,19.0,52.0,8.0,38.0,79.0,41.0,79.0,7.0,4.0,3.0,3.59,0.92,18.0,4.0,3.0,,5.0,,4.0,65.0,34.0,31.0,3.0,,,23.0,60.0,33.0,27.0,7.0,5.0,,57.0,32.0,25.0,6.0,0.0,6.0,75.0,35.0,40.0,71.0,35.0,36.0,9.0,5.0,4.0,4.0,,3.0,7.0,,5.0,22.0,23.0,22.0,5.0,22.0,5.0,18.0,0.0,27.0,0.0,4.0,3.0,18.0,19.0,22.0,22.0,0.0,16.0,3.0,22.0,,,22.0,22.0,22.0,22.0,22.0,15.0,17.0,18.0,0.0,,6.0,0.0,0.0,11.0,22.0,0.0,17.0,22.0,4.0,0.0,0.0,0.0,0.0,3.0,12.0,0.0,17.0,16.0,22.0,79.0,4671.8072746924445,482.5509203054165,0.10328998863446993,8.159909102123125,79.0,False,60
2201400010750058,22,Querétaro,014,Querétaro,0001,Santiago de Querétaro,0750,058,Urbana,12,Típica,0,0,1,,,,,,,,,,,,,,,,,,,,,,,,,,,12.0,,,,,,,,,,,,,,,,,,,,,,,,,,,,,,,,,,,,,,,,,,,,,,,1.0,,,,,,,,1.0,,,,,,,,,,,,,,,,,,,,,,,,,,,,,,,,,,,,,,,,,,,12.0,88240.27118841006,662.3578439497062,0.007506298825118568,0.09007558590142281,12.0,False,60
2201400010750004,22,Querétaro,014,Querétaro,0001,Santiago de Querétaro,0750,004,Urbana,0,Típica,0,0,0,0.0,0.0,,0.0,0.0,0.0,0.0,0.0,0.0,0.0,0.0,0.0,0.0,0.0,0.0,0.0,0.0,0.0,0.0,0.0,0.0,0.0,0.0,0.0,0.0,0.0,0.0,0.0,0.0,0.0,0.0,0.0,0.0,0.0,0.0,0.0,0.0,0.0,0.0,0.0,0.0,0.0,0.0,0.0,0.0,0.0,0.0,0.0,0.0,0.0,0.0,0.0,0.0,0.0,0.0,0.0,0.0,0.0,0.0,0.0,0.0,0.0,0.0,0.0,0.0,0.0,0.0,0.0,0.0,0.0,0.0,0.0,0.0,0.0,0.0,0.0,0.0,0.0,0.0,0.0,0.0,0.0,0.0,0.0,0.0,0.0,0.0,0.0,0.0,0.0,0.0,0.0,0.0,0.0,0.0,0.0,0.0,0.0,0.0,0.0,0.0,0.0,0.0,0.0,0.0,0.0,0.0,0.0,0.0,0.0,0.0,0.0,0.0,0.0,0.0,0.0,0.0,0.0,0.0,0.0,0.0,0.0,0.0,0.0,0.0,367552.03317787574,588.894007144762,0.0016022058211817003,0.0,0.0,False,60
2201400010731002,22,Querétaro,014,Querétaro,0001,Santiago de Querétaro,0731,002,Urbana,94,Típica,53,41,30,9.61,94.0,,0.0,0.0,0.0,,,0.0,5.0,0.0,0.0,3.0,3.0,6.0,19.0,,23.0,58.0,21.0,17.0,72.0,5.0,41.0,94.0,53.0,94.0,0.0,0.0,0.0,3.13,0.85,22.0,7.0,4.0,3.0,,,0.0,79.0,36.0,43.0,6.0,,4.0,25.0,77.0,34.0,43.0,18.0,9.0,9.0,71.0,32.0,39.0,5.0,,4.0,87.0,37.0,50.0,84.0,36.0,48.0,10.0,4.0,6.0,3.0,0.0,3.0,4.0,,,30.0,38.0,30.0,,30.0,7.0,30.0,,38.0,7.0,10.0,,20.0,22.0,29.0,29.0,,10.0,6.0,27.0,3.0,,30.0,29.0,30.0,30.0,30.0,12.0,24.0,21.0,0.0,0.0,20.0,0.0,0.0,10.0,30.0,0.0,25.0,25.0,6.0,3.0,0.0,0.0,0.0,5.0,18.0,0.0,13.0,19.0,28.0,94.0,10234.748838840589,130.9261634648458,0.012792318163000214,1.2024779073220202,94.0,False,60
2201400010731001,22,Querétaro,014,Querétaro,0001,Santiago de Querétaro,0731,001,Urbana,171,Típica,86,85,41,9.28,171.0,,,,0.0,4.0,0.0,7.0,,0.0,0.0,,,3.0,25.0,11.0,26.0,79.0,57.0,40.0,116.0,15.0,85.0,171.0,86.0,171.0,0.0,0.0,0.0,4.17,0.98,29.0,9.0,5.0,4.0,6.0,4.0,,137.0,72.0,65.0,10.0,5.0,5.0,41.0,131.0,68.0,63.0,30.0,16.0,14.0,121.0,63.0,58.0,8.0,,6.0,162.0,80.0,82.0,157.0,78.0,79.0,22.0,14.0,8.0,17.0,6.0,11.0,16.0,7.0,9.0,41.0,44.0,41.0,3.0,41.0,3.0,41.0,0.0,44.0,3.0,13.0,7.0,28.0,31.0,41.0,41.0,0.0,24.0,10.0,38.0,3.0,7.0,41.0,41.0,41.0,41.0,41.0,24.0,36.0,37.0,0.0,4.0,15.0,0.0,0.0,12.0,38.0,3.0,32.0,37.0,5.0,0.0,,0.0,0.0,7.0,34.0,0.0,25.0,33.0,39.0,171.0,9804.925242153588,432.4373880091638,0.04410409843310358,7.541800832060712,171.0,False,60
2201400010712033,22,Querétaro,014,Querétaro,0001,Santiago de Querétaro,0712,033,Urbana,216,Típica,107,109,55,8.6,216.0,,,0.0,0.0,4.0,0.0,,11.0,0.0,,6.0,,,14.0,5.0,23.0,104.0,77.0,48.0,152.0,16.0,109.0,216.0,107.0,216.0,0.0,0.0,0.0,3.93,0.99,78.0,8.0,4.0,4.0,14.0,4.0,10.0,182.0,87.0,95.0,11.0,4.0,7.0,60.0,168.0,83.0,85.0,34.0,18.0,16.0,157.0,79.0,78.0,11.0,8.0,3.0,208.0,105.0,103.0,199.0,99.0,100.0,21.0,10.0,11.0,15.0,10.0,5.0,24.0,9.0,15.0,55.0,56.0,55.0,3.0,55.0,3.0,53.0,0.0,58.0,0.0,14.0,7.0,41.0,48.0,55.0,55.0,0.0,28.0,19.0,52.0,7.0,9.0,55.0,55.0,55.0,55.0,55.0,26.0,40.0,46.0,0.0,5.0,25.0,0.0,0.0,23.0,55.0,0.0,39.0,51.0,13.0,,,0.0,0.0,,42.0,0.0,29.0,42.0,54.0,216.0,15067.63888943508,546.4988562167711,0.036269707565128706,7.8342568340678005,216.0,False,60
2201400010712030,22,Querétaro,014,Querétaro,0001,Santiago de Querétaro,0712,030,Urbana,144,Típica,75,69,46,9.35,144.0,,0.0,0.0,,0.0,0.0,,5.0,,0.0,6.0,0.0,6.0,10.0,,17.0,73.0,42.0,34.0,105.0,5.0,69.0,144.0,75.0,144.0,0.0,0.0,0.0,3.13,0.89,41.0,8.0,4.0,4.0,5.0,3.0,,115.0,57.0,58.0,9.0,3.0,6.0,37.0,110.0,54.0,56.0,33.0,17.0,16.0,101.0,51.0,50.0,8.0,3.0,5.0,136.0,65.0,71.0,129.0,62.0,67.0,10.0,4.0,6.0,13.0,5.0,8.0,14.0,6.0,8.0,46.0,46.0,46.0,0.0,46.0,0.0,46.0,0.0,46.0,,18.0,9.0,28.0,35.0,46.0,46.0,0.0,19.0,10.0,44.0,13.0,5.0,46.0,46.0,46.0,46.0,46.0,19.0,26.0,34.0,0.0,4.0,24.0,0.0,0.0,18.0,46.0,0.0,30.0,41.0,19.0,0.0,,0.0,0.0,3.0,25.0,0.0,24.0,38.0,43.0,144.0,6841.387525818207,8.69576282688896,0.001271052515892816,0.1830315622885655,144.0,False,60
2201400010515033,22,Querétaro,014,Querétaro,0001,Santiago de Querétaro,0515,033,Urbana,25,Típica,9,16,9,13.95,25.0,,,0.0,0.0,,0.0,,3.0,0.0,0.0,,,3.0,4.0,,6.0,13.0,9.0,4.0,14.0,7.0,16.0,25.0,9.0,25.0,0.0,0.0,0.0,2.78,0.52,3.0,0.0,0.0,0.0,,,0.0,22.0,15.0,7.0,0.0,0.0,0.0,6.0,21.0,14.0,7.0,,0.0,,21.0,14.0,7.0,,,,25.0,16.0,9.0,23.0,15.0,8.0,8.0,5.0,3.0,,0.0,,,,,9.0,9.0,9.0,0.0,9.0,0.0,9.0,0.0,9.0,0.0,,,8.0,8.0,9.0,9.0,0.0,8.0,,9.0,,,9.0,9.0,9.0,9.0,9.0,8.0,8.0,9.0,0.0,0.0,,0.0,0.0,7.0,9.0,0.0,8.0,9.0,,0.0,0.0,0.0,0.0,3.0,7.0,0.0,8.0,9.0,9.0,25.0,7451.6127315635995,519.4910400669559,0.06971524940721781,1.7428812351804452,25.0,False,60
2201400010515008,22,Querétaro,014,Querétaro,0001,Santiago de Querétaro,0515,008,Urbana,73,Típica,37,36,30,13.11,73.0,,,,3.0,3.0,,,5.0,,0.0,0.0,3.0,,0.0,5.0,6.0,44.0,25.0,8.0,50.0,15.0,36.0,73.0,37.0,73.0,0.0,0.0,0.0,2.43,0.6,17.0,,,0.0,4.0,3.0,,69.0,34.0,35.0,,,0.0,14.0,65.0,31.0,34.0,3.0,,,63.0,29.0,34.0,,0.0,,72.0,35.0,37.0,72.0,35.0,37.0,21.0,13.0,8.0,,,,5.0,4.0,,30.0,31.0,30.0,3.0,30.0,3.0,28.0,0.0,33.0,0.0,7.0,,23.0,29.0,30.0,30.0,0.0,21.0,4.0,27.0,7.0,3.0,30.0,30.0,30.0,30.0,30.0,18.0,27.0,25.0,0.0,,9.0,0.0,0.0,23.0,30.0,0.0,26.0,30.0,,0.0,0.0,0.0,0.0,14.0,24.0,0.0,26.0,30.0,29.0,73.0,16467.0773009403,1264.9649201065563,0.07681781636103237,5.607700594355363,73.0,False,60
2201400011655005,22,Querétaro,014,Querétaro,0001,Santiago de Querétaro,1655,005,Urbana,91,Típica,42,49,27,10.66,91.0,,,0.0,0.0,4.0,0.0,5.0,3.0,,0.0,,,0.0,5.0,8.0,9.0,48.0,25.0,20.0,62.0,9.0,49.0,91.0,42.0,91.0,0.0,0.0,0.0,3.37,0.9,17.0,9.0,4.0,5.0,,0.0,,73.0,40.0,33.0,,,0.0,27.0,71.0,40.0,31.0,12.0,8.0,4.0,70.0,39.0,31.0,,0.0,,82.0,45.0,37.0,80.0,45.0,35.0,14.0,5.0,9.0,7.0,5.0,,5.0,,3.0,27.0,28.0,27.0,,27.0,,27.0,0.0,28.0,0.0,3.0,,24.0,26.0,27.0,27.0,0.0,11.0,4.0,27.0,0.0,3.0,27.0,27.0,27.0,27.0,27.0,17.0,21.0,22.0,0.0,0.0,16.0,0.0,0.0,10.0,27.0,0.0,20.0,26.0,5.0,0.0,0.0,0.0,0.0,8.0,21.0,0.0,15.0,27.0,26.0,91.0,2735.9982335829163,124.42604013084522,0.04547738321011398,4.138441872120372,91.0,False,60
2201400011458011,22,Querétaro,014,Querétaro,0001,Santiago de Querétaro,1458,011,Urbana,47,Típica,29,18,15,14.5,47.0,,,0.0,0.0,0.0,,,0.0,0.0,0.0,0.0,,0.0,0.0,,0.0,26.0,17.0,5.0,36.0,6.0,18.0,47.0,29.0,47.0,0.0,0.0,0.0,3.13,0.68,10.0,,,,,0.0,,43.0,16.0,27.0,3.0,,,8.0,42.0,16.0,26.0,5.0,,3.0,39.0,15.0,24.0,0.0,0.0,0.0,45.0,17.0,28.0,45.0,17.0,28.0,7.0,,5.0,,,,,0.0,,15.0,15.0,15.0,,15.0,,14.0,0.0,16.0,0.0,,0.0,13.0,15.0,15.0,15.0,0.0,12.0,,15.0,,5.0,15.0,15.0,15.0,15.0,15.0,14.0,14.0,13.0,0.0,0.0,3.0,0.0,0.0,12.0,15.0,0.0,15.0,15.0,,0.0,0.0,0.0,0.0,10.0,12.0,0.0,11.0,15.0,15.0,47.0,2514.5395828716387,592.5759104084466,0.23565980605153838,11.076010884422304,47.0,False,60
2201400011443016,22,Querétaro,014,Querétaro,0001,Santiago de Querétaro,1443,016,Urbana,98,Típica,43,55,34,13.78,98.0,,0.0,0.0,,,0.0,4.0,,0.0,0.0,5.0,,,26.0,6.0,29.0,50.0,33.0,16.0,68.0,14.0,55.0,98.0,43.0,98.0,0.0,0.0,0.0,2.88,0.62,28.0,,0.0,,,0.0,,83.0,47.0,36.0,,0.0,,29.0,82.0,47.0,35.0,14.0,9.0,5.0,81.0,47.0,34.0,5.0,3.0,,96.0,55.0,41.0,94.0,54.0,40.0,21.0,11.0,10.0,8.0,5.0,3.0,8.0,4.0,4.0,34.0,39.0,34.0,5.0,34.0,5.0,34.0,0.0,39.0,0.0,9.0,,25.0,33.0,34.0,34.0,0.0,22.0,6.0,33.0,7.0,4.0,34.0,34.0,34.0,34.0,34.0,25.0,32.0,31.0,0.0,3.0,11.0,0.0,0.0,21.0,34.0,0.0,18.0,34.0,,0.0,,0.0,0.0,15.0,24.0,0.0,28.0,34.0,33.0,98.0,7743.306931412386,185.52370436581324,0.02395923421467339,2.348004953037992,98.0,False,60
2201400011443015,22,Querétaro,014,Querétaro,0001,Santiago de Querétaro,1443,015,Urbana,63,Típica,34,29,22,13.91,63.0,,3.0,0.0,0.0,,,,4.0,0.0,,4.0,0.0,,19.0,3.0,19.0,30.0,28.0,7.0,41.0,15.0,29.0,63.0,34.0,63.0,,,,2.86,0.6,14.0,0.0,0.0,0.0,,0.0,,58.0,29.0,29.0,,,,16.0,56.0,29.0,27.0,6.0,5.0,,54.0,28.0,26.0,,0.0,,63.0,29.0,34.0,61.0,29.0,32.0,18.0,11.0,7.0,3.0,0.0,3.0,3.0,0.0,3.0,22.0,24.0,22.0,,22.0,,21.0,,25.0,0.0,4.0,0.0,18.0,22.0,22.0,22.0,0.0,15.0,4.0,17.0,5.0,5.0,22.0,22.0,22.0,22.0,22.0,16.0,20.0,19.0,0.0,,7.0,0.0,0.0,15.0,22.0,0.0,18.0,20.0,,0.0,3.0,0.0,0.0,6.0,11.0,0.0,19.0,22.0,19.0,63.0,6367.368726227728,0.7250697358557512,0.00011387274194898246,0.007173982742785895,63.0,False,60
2201400011316014,22,Querétaro,014,Querétaro,0001,Santiago de Querétaro,1316,014,Urbana,8,Típica,0,0,1,,,,,,,,,,,,,,,,,,,,,,,,,,,8.0,,,,,,,,,,,,,,,,,,,,,,,,,,,,,,,,,,,,,,,,,,,,,,,1.0,,,,,,,,1.0,,,,,,,,,,,,,,,,,,,,,,,,,,,,,,,,,,,,,,,,,,,8.0,15722.692049588686,611.5970205794986,0.03889900143375881,0.3111920114700705,8.0,False,60
2201400011284029,22,Querétaro,014,Querétaro,0001,Santiago de Querétaro,1284,029,Urbana,71,Típica,33,38,18,11.05,71.0,,,,0.0,,0.0,,6.0,0.0,,3.0,3.0,3.0,20.0,6.0,21.0,30.0,33.0,11.0,47.0,13.0,38.0,71.0,33.0,71.0,0.0,0.0,0.0,3.94,0.8,14.0,0.0,0.0,0.0,3.0,,,63.0,32.0,31.0,4.0,,3.0,17.0,60.0,30.0,30.0,7.0,,5.0,56.0,29.0,27.0,,,0.0,71.0,38.0,33.0,70.0,37.0,33.0,21.0,11.0,10.0,6.0,4.0,,9.0,6.0,3.0,18.0,18.0,18.0,0.0,18.0,0.0,18.0,0.0,18.0,0.0,0.0,0.0,18.0,18.0,18.0,18.0,0.0,7.0,4.0,17.0,0.0,6.0,18.0,18.0,18.0,18.0,18.0,14.0,17.0,16.0,0.0,,10.0,0.0,0.0,10.0,18.0,0.0,11.0,18.0,,0.0,0.0,0.0,0.0,5.0,17.0,0.0,13.0,11.0,18.0,71.0,5271.103868353005,616.0105246281855,0.1168655636491304,8.297455019088257,71.0,False,60
2201400010430014,22,Querétaro,014,Querétaro,0001,Santiago de Querétaro,0430,014,Urbana,16,Típica,7,9,5,13.73,16.0,,,0.0,0.0,,,0.0,,,0.0,,0.0,,4.0,,6.0,8.0,7.0,,11.0,4.0,9.0,16.0,7.0,16.0,0.0,0.0,0.0,3.2,0.62,4.0,,,0.0,0.0,0.0,0.0,15.0,8.0,7.0,0.0,0.0,0.0,4.0,15.0,8.0,7.0,4.0,4.0,0.0,15.0,8.0,7.0,0.0,0.0,0.0,15.0,8.0,7.0,15.0,8.0,7.0,4.0,3.0,,0.0,0.0,0.0,0.0,0.0,0.0,5.0,7.0,5.0,,5.0,,5.0,0.0,7.0,0.0,,0.0,3.0,5.0,5.0,5.0,0.0,4.0,,4.0,4.0,,5.0,5.0,5.0,5.0,5.0,4.0,5.0,4.0,0.0,0.0,,0.0,0.0,5.0,5.0,0.0,3.0,5.0,0.0,,0.0,0.0,0.0,,3.0,0.0,4.0,5.0,4.0,16.0,4005.084916357152,573.91941218381,0.14329768885545172,2.2927630216872275,16.0,False,60
2201400010411009,22,Querétaro,014,Querétaro,0001,Santiago de Querétaro,0411,009,Urbana,75,Típica,35,40,21,12.96,75.0,,,0.0,,4.0,0.0,,5.0,0.0,0.0,3.0,,3.0,,5.0,10.0,60.0,12.0,4.0,61.0,10.0,40.0,75.0,35.0,75.0,,0.0,,3.57,0.68,24.0,,0.0,,,,0.0,72.0,39.0,33.0,4.0,,,20.0,71.0,38.0,33.0,11.0,6.0,5.0,67.0,36.0,31.0,0.0,0.0,0.0,74.0,40.0,34.0,74.0,40.0,34.0,19.0,10.0,9.0,,,,,,0.0,21.0,31.0,21.0,10.0,21.0,10.0,21.0,0.0,31.0,0.0,,0.0,20.0,21.0,21.0,21.0,0.0,12.0,6.0,21.0,5.0,6.0,21.0,21.0,21.0,21.0,21.0,14.0,17.0,15.0,0.0,4.0,8.0,0.0,0.0,15.0,21.0,0.0,18.0,21.0,3.0,0.0,0.0,0.0,0.0,7.0,18.0,0.0,14.0,18.0,21.0,75.0,26823.563751754948,601.8285833280678,0.022436563198605285,1.6827422398953964,75.0,False,60
2201400010394023,22,Querétaro,014,Querétaro,0001,Santiago de Querétaro,0394,023,Urbana,135,Típica,60,75,55,13.01,135.0,,4.0,,3.0,7.0,,6.0,13.0,,,8.0,4.0,4.0,19.0,10.0,28.0,93.0,33.0,11.0,100.0,24.0,75.0,135.0,60.0,135.0,,0.0,,2.45,0.54,41.0,,0.0,,,,,126.0,72.0,54.0,3.0,,,41.0,124.0,71.0,53.0,9.0,4.0,5.0,121.0,69.0,52.0,,0.0,,134.0,75.0,59.0,133.0,75.0,58.0,36.0,20.0,16.0,7.0,3.0,4.0,6.0,4.0,,55.0,110.0,55.0,60.0,55.0,17.0,50.0,43.0,115.0,6.0,20.0,7.0,35.0,42.0,55.0,55.0,0.0,28.0,10.0,50.0,11.0,6.0,55.0,55.0,55.0,55.0,55.0,41.0,46.0,34.0,0.0,4.0,26.0,0.0,0.0,39.0,55.0,0.0,41.0,54.0,7.0,,,0.0,0.0,25.0,37.0,0.0,33.0,55.0,52.0,135.0,23935.917377801303,377.2475752505009,0.01576073184478689,2.12769879904623,135.0,False,60
2201400010267001,22,Querétaro,014,Querétaro,0001,Santiago de Querétaro,0267,001,Urbana,466,Típica,231,235,119,9.18,466.0,,8.0,,4.0,20.0,8.0,6.0,17.0,3.0,3.0,12.0,9.0,6.0,19.0,27.0,36.0,259.0,134.0,88.0,321.0,57.0,235.0,466.0,231.0,466.0,3.0,,,3.92,0.89,84.0,15.0,5.0,10.0,18.0,9.0,9.0,396.0,203.0,193.0,23.0,14.0,9.0,111.0,378.0,194.0,184.0,69.0,27.0,42.0,355.0,180.0,175.0,25.0,12.0,13.0,451.0,230.0,221.0,432.0,222.0,210.0,80.0,44.0,36.0,30.0,15.0,15.0,39.0,22.0,17.0,119.0,121.0,119.0,15.0,119.0,15.0,106.0,0.0,134.0,4.0,29.0,15.0,90.0,100.0,118.0,118.0,,43.0,20.0,101.0,9.0,11.0,119.0,118.0,119.0,119.0,119.0,56.0,88.0,90.0,0.0,14.0,70.0,0.0,0.0,46.0,116.0,3.0,87.0,111.0,28.0,6.0,3.0,,,19.0,83.0,0.0,81.0,96.0,113.0,466.0,22784.551135260175,318.66859827366176,0.013986169680582689,6.517555071151533,466.0,False,60
2201400010252038,22,Querétaro,014,Querétaro,0001,Santiago de Querétaro,0252,038,Urbana,54,Típica,22,32,12,9.8,54.0,,0.0,0.0,0.0,3.0,,,3.0,0.0,,,,,,6.0,5.0,31.0,16.0,9.0,38.0,7.0,32.0,54.0,22.0,54.0,,,0.0,4.5,0.74,13.0,,,,,,,47.0,28.0,19.0,3.0,,,21.0,45.0,27.0,18.0,11.0,7.0,4.0,42.0,25.0,17.0,,,0.0,52.0,31.0,21.0,50.0,29.0,21.0,9.0,3.0,6.0,3.0,,,3.0,,,12.0,14.0,12.0,3.0,12.0,3.0,11.0,0.0,15.0,0.0,,0.0,11.0,12.0,12.0,12.0,0.0,7.0,,10.0,,4.0,12.0,12.0,12.0,12.0,12.0,8.0,11.0,11.0,0.0,0.0,5.0,0.0,0.0,7.0,12.0,0.0,9.0,11.0,,0.0,,0.0,0.0,4.0,9.0,0.0,10.0,9.0,11.0,54.0,6394.821882264202,324.74899148060166,0.0507831175691196,2.7422883487324583,54.0,False,60
2201400011833022,22,Querétaro,014,Querétaro,0001,Santiago de Querétaro,1833,022,Urbana,116,Típica,60,56,43,13.09,116.0,,,,0.0,3.0,0.0,,5.0,0.0,0.0,3.0,,7.0,21.0,5.0,28.0,68.0,31.0,12.0,94.0,4.0,56.0,116.0,60.0,116.0,,,0.0,2.7,0.63,21.0,5.0,3.0,,,0.0,,99.0,47.0,52.0,3.0,,,26.0,98.0,47.0,51.0,8.0,,6.0,95.0,46.0,49.0,5.0,,3.0,105.0,50.0,55.0,101.0,48.0,53.0,19.0,9.0,10.0,,,0.0,,0.0,,43.0,50.0,43.0,,43.0,6.0,43.0,,50.0,0.0,4.0,,36.0,39.0,40.0,40.0,0.0,23.0,6.0,40.0,3.0,4.0,40.0,40.0,40.0,40.0,40.0,29.0,35.0,34.0,0.0,4.0,15.0,0.0,0.0,28.0,40.0,0.0,29.0,40.0,4.0,0.0,0.0,0.0,0.0,12.0,31.0,0.0,23.0,40.0,39.0,116.0,6570.435387099211,523.2442180190462,0.07963615608280929,9.237794105605877,116.0,False,60
2201400011918069,22,Querétaro,014,Querétaro,0001,Santiago de Querétaro,1918,069,Urbana,0,Típica,0,0,0,0.0,0.0,,0.0,0.0,0.0,0.0,0.0,0.0,0.0,0.0,0.0,0.0,0.0,0.0,0.0,0.0,0.0,0.0,0.0,0.0,0.0,0.0,0.0,0.0,0.0,0.0,0.0,0.0,0.0,0.0,0.0,0.0,0.0,0.0,0.0,0.0,0.0,0.0,0.0,0.0,0.0,0.0,0.0,0.0,0.0,0.0,0.0,0.0,0.0,0.0,0.0,0.0,0.0,0.0,0.0,0.0,0.0,0.0,0.0,0.0,0.0,0.0,0.0,0.0,0.0,0.0,0.0,0.0,0.0,0.0,0.0,0.0,,,,,,,,,1.0,0.0,0.0,0.0,0.0,0.0,0.0,0.0,0.0,0.0,0.0,0.0,0.0,0.0,0.0,0.0,0.0,0.0,0.0,0.0,0.0,0.0,0.0,0.0,0.0,0.0,0.0,0.0,0.0,0.0,0.0,0.0,0.0,0.0,0.0,0.0,0.0,0.0,0.0,0.0,0.0,0.0,0.0,0.0,1794.4082673814328,139.576359994862,0.0777840598107279,0.0,0.0,False,60
2201400011918068,22,Querétaro,014,Querétaro,0001,Santiago de Querétaro,1918,068,Urbana,0,Típica,0,0,0,0.0,0.0,,0.0,0.0,0.0,0.0,0.0,0.0,0.0,0.0,0.0,0.0,0.0,0.0,0.0,0.0,0.0,0.0,0.0,0.0,0.0,0.0,0.0,0.0,0.0,0.0,0.0,0.0,0.0,0.0,0.0,0.0,0.0,0.0,0.0,0.0,0.0,0.0,0.0,0.0,0.0,0.0,0.0,0.0,0.0,0.0,0.0,0.0,0.0,0.0,0.0,0.0,0.0,0.0,0.0,0.0,0.0,0.0,0.0,0.0,0.0,0.0,0.0,0.0,0.0,0.0,0.0,0.0,0.0,0.0,0.0,0.0,0.0,0.0,0.0,0.0,0.0,0.0,0.0,0.0,0.0,0.0,0.0,0.0,0.0,0.0,0.0,0.0,0.0,0.0,0.0,0.0,0.0,0.0,0.0,0.0,0.0,0.0,0.0,0.0,0.0,0.0,0.0,0.0,0.0,0.0,0.0,0.0,0.0,0.0,0.0,0.0,0.0,0.0,0.0,0.0,0.0,0.0,0.0,0.0,0.0,0.0,0.0,0.0,847.8166986869427,38.24954289903447,0.045115345048373674,0.0,0.0,False,60
2201400013651001,22,Querétaro,014,Querétaro,0001,Santiago de Querétaro,3651,001,Urbana,106,Típica,49,57,29,12.26,106.0,,0.0,0.0,0.0,,,0.0,4.0,0.0,3.0,0.0,0.0,0.0,,,4.0,62.0,28.0,19.0,81.0,6.0,57.0,106.0,49.0,106.0,0.0,0.0,0.0,3.66,0.88,14.0,4.0,,3.0,3.0,,,90.0,50.0,40.0,4.0,,,34.0,87.0,49.0,38.0,21.0,12.0,9.0,83.0,47.0,36.0,4.0,,3.0,102.0,56.0,46.0,99.0,55.0,44.0,7.0,6.0,,8.0,5.0,3.0,7.0,3.0,4.0,29.0,32.0,29.0,3.0,29.0,3.0,29.0,0.0,32.0,0.0,6.0,0.0,23.0,29.0,29.0,29.0,0.0,16.0,,29.0,,7.0,29.0,29.0,29.0,29.0,29.0,22.0,28.0,27.0,0.0,4.0,12.0,0.0,0.0,20.0,29.0,0.0,24.0,29.0,,0.0,0.0,0.0,0.0,12.0,21.0,0.0,22.0,29.0,29.0,106.0,3469.5026022843367,10.216089199379855,0.0029445400019742123,0.3121212402092665,106.0,False,60
2201400013647037,22,Querétaro,014,Querétaro,0001,Santiago de Querétaro,3647,037,Urbana,0,Contenedora,0,0,0,0.0,0.0,,0.0,0.0,0.0,0.0,0.0,0.0,0.0,0.0,0.0,0.0,0.0,0.0,0.0,0.0,0.0,0.0,0.0,0.0,0.0,0.0,0.0,0.0,0.0,0.0,0.0,0.0,0.0,0.0,0.0,0.0,0.0,0.0,0.0,0.0,0.0,0.0,0.0,0.0,0.0,0.0,0.0,0.0,0.0,0.0,0.0,0.0,0.0,0.0,0.0,0.0,0.0,0.0,0.0,0.0,0.0,0.0,0.0,0.0,0.0,0.0,0.0,0.0,0.0,0.0,0.0,0.0,0.0,0.0,0.0,0.0,0.0,0.0,0.0,0.0,0.0,0.0,0.0,0.0,0.0,0.0,0.0,0.0,0.0,0.0,0.0,0.0,0.0,0.0,0.0,0.0,0.0,0.0,0.0,0.0,0.0,0.0,0.0,0.0,0.0,0.0,0.0,0.0,0.0,0.0,0.0,0.0,0.0,0.0,0.0,0.0,0.0,0.0,0.0,0.0,0.0,0.0,0.0,0.0,0.0,0.0,0.0,0.0,83975.46277249887,178.98678121793301,0.002131417622583789,0.0,0.0,False,60
2201400012850002,22,Querétaro,014,Querétaro,0001,Santiago de Querétaro,2850,002,Urbana,128,Típica,67,61,30,9.23,128.0,,,,,5.0,5.0,,6.0,,0.0,5.0,,3.0,4.0,9.0,13.0,65.0,36.0,35.0,78.0,15.0,61.0,128.0,67.0,128.0,0.0,0.0,0.0,4.27,0.99,27.0,4.0,0.0,4.0,8.0,5.0,3.0,101.0,52.0,49.0,5.0,4.0,,31.0,93.0,47.0,46.0,13.0,8.0,5.0,88.0,43.0,45.0,7.0,4.0,3.0,124.0,61.0,63.0,119.0,57.0,62.0,20.0,11.0,9.0,16.0,5.0,11.0,23.0,10.0,13.0,30.0,32.0,30.0,,30.0,,30.0,0.0,32.0,0.0,6.0,,24.0,28.0,30.0,30.0,0.0,18.0,3.0,30.0,4.0,,30.0,30.0,30.0,30.0,30.0,17.0,19.0,25.0,0.0,,12.0,0.0,0.0,13.0,30.0,0.0,22.0,27.0,9.0,0.0,,0.0,0.0,7.0,19.0,0.0,17.0,24.0,28.0,128.0,11080.62926701162,267.03659838389444,0.024099407348542455,3.0847241406134343,128.0,False,60
2201400012812002,22,Querétaro,014,Querétaro,0001,Santiago de Querétaro,2812,002,Urbana,89,Típica,43,46,25,12.73,89.0,,3.0,0.0,,,0.0,6.0,,0.0,0.0,0.0,0.0,9.0,12.0,7.0,17.0,51.0,18.0,22.0,63.0,4.0,46.0,89.0,43.0,89.0,0.0,0.0,0.0,3.56,0.93,11.0,5.0,,3.0,,,0.0,69.0,38.0,31.0,3.0,,,27.0,67.0,36.0,31.0,16.0,10.0,6.0,64.0,35.0,29.0,5.0,,3.0,84.0,44.0,40.0,80.0,42.0,38.0,5.0,3.0,,10.0,4.0,6.0,7.0,6.0,,25.0,32.0,25.0,7.0,25.0,3.0,25.0,4.0,32.0,0.0,6.0,,19.0,23.0,25.0,25.0,0.0,19.0,4.0,25.0,,,25.0,25.0,25.0,25.0,25.0,15.0,24.0,23.0,0.0,0.0,6.0,0.0,0.0,16.0,25.0,0.0,21.0,25.0,,0.0,,0.0,0.0,11.0,21.0,0.0,23.0,25.0,23.0,89.0,4175.519293258071,474.30718656037897,0.11359238294652613,10.109722082240825,89.0,False,60
2201400012795029,22,Querétaro,014,Querétaro,0001,Santiago de Querétaro,2795,029,Urbana,488,Típica,236,252,147,11.26,487.0,,10.0,5.0,4.0,6.0,,12.0,8.0,0.0,,6.0,5.0,4.0,30.0,26.0,38.0,268.0,153.0,91.0,380.0,17.0,252.0,487.0,236.0,488.0,4.0,,,3.34,0.91,67.0,21.0,11.0,10.0,24.0,13.0,11.0,421.0,221.0,200.0,25.0,13.0,12.0,148.0,397.0,208.0,189.0,80.0,41.0,39.0,372.0,195.0,177.0,15.0,5.0,10.0,467.0,241.0,226.0,458.0,238.0,220.0,40.0,25.0,15.0,31.0,15.0,16.0,44.0,23.0,21.0,147.0,173.0,146.0,28.0,146.0,23.0,145.0,5.0,175.0,0.0,17.0,15.0,129.0,131.0,145.0,145.0,,89.0,19.0,142.0,3.0,24.0,146.0,145.0,146.0,146.0,146.0,97.0,136.0,131.0,0.0,11.0,54.0,0.0,0.0,75.0,146.0,0.0,111.0,146.0,10.0,,,0.0,0.0,31.0,118.0,0.0,106.0,145.0,141.0,488.0,16339.401306871043,651.3582972828501,0.03986426950716616,19.453763519497084,488.0,False,60
2201400012403027,22,Querétaro,014,Querétaro,0001,Santiago de Querétaro,2403,027,Urbana,14,Típica,3,11,8,16.0,14.0,,,,0.0,0.0,0.0,0.0,0.0,0.0,0.0,,0.0,0.0,,,,10.0,,3.0,10.0,,11.0,14.0,3.0,14.0,,,,1.75,0.44,,0.0,0.0,0.0,0.0,0.0,0.0,11.0,9.0,,0.0,0.0,0.0,7.0,11.0,9.0,,0.0,0.0,0.0,11.0,9.0,,,,0.0,14.0,11.0,3.0,13.0,10.0,3.0,,,0.0,,,,,,,8.0,15.0,8.0,,8.0,6.0,8.0,,15.0,0.0,,0.0,6.0,8.0,8.0,8.0,0.0,8.0,,8.0,8.0,,8.0,8.0,8.0,8.0,8.0,6.0,8.0,6.0,0.0,0.0,0.0,0.0,0.0,6.0,8.0,0.0,7.0,8.0,0.0,0.0,0.0,0.0,0.0,6.0,5.0,0.0,3.0,8.0,8.0,14.0,370.03988888688025,244.09465377683395,0.6596441656900743,9.235018319661041,14.0,True,60
2201400012403025,22,Querétaro,014,Querétaro,0001,Santiago de Querétaro,2403,025,Urbana,136,Típica,64,72,66,15.52,136.0,,,0.0,0.0,,,,5.0,0.0,0.0,3.0,3.0,,7.0,4.0,13.0,105.0,23.0,8.0,118.0,10.0,72.0,136.0,64.0,136.0,16.0,10.0,6.0,2.06,0.47,20.0,,0.0,,,,0.0,129.0,70.0,59.0,,,0.0,50.0,128.0,69.0,59.0,13.0,9.0,4.0,127.0,68.0,59.0,3.0,,,134.0,72.0,62.0,133.0,72.0,61.0,19.0,7.0,12.0,,,,,,0.0,66.0,77.0,66.0,,66.0,9.0,66.0,,77.0,,10.0,,56.0,64.0,66.0,66.0,0.0,52.0,9.0,66.0,50.0,16.0,66.0,66.0,66.0,66.0,66.0,52.0,63.0,57.0,0.0,5.0,14.0,0.0,0.0,54.0,63.0,,53.0,65.0,,0.0,,0.0,0.0,44.0,47.0,0.0,51.0,58.0,63.0,136.0,13196.654117202233,81.63133670408281,0.006185760116094422,0.8412633757888414,136.0,False,60
2201400012348039,22,Querétaro,014,Querétaro,0001,Santiago de Querétaro,2348,039,Urbana,0,Típica,0,0,0,0.0,0.0,,0.0,0.0,0.0,0.0,0.0,0.0,0.0,0.0,0.0,0.0,0.0,0.0,0.0,0.0,0.0,0.0,0.0,0.0,0.0,0.0,0.0,0.0,0.0,0.0,0.0,0.0,0.0,0.0,0.0,0.0,0.0,0.0,0.0,0.0,0.0,0.0,0.0,0.0,0.0,0.0,0.0,0.0,0.0,0.0,0.0,0.0,0.0,0.0,0.0,0.0,0.0,0.0,0.0,0.0,0.0,0.0,0.0,0.0,0.0,0.0,0.0,0.0,0.0,0.0,0.0,0.0,0.0,0.0,0.0,0.0,0.0,0.0,0.0,0.0,0.0,0.0,0.0,0.0,0.0,0.0,0.0,0.0,0.0,0.0,0.0,0.0,0.0,0.0,0.0,0.0,0.0,0.0,0.0,0.0,0.0,0.0,0.0,0.0,0.0,0.0,0.0,0.0,0.0,0.0,0.0,0.0,0.0,0.0,0.0,0.0,0.0,0.0,0.0,0.0,0.0,0.0,0.0,0.0,0.0,0.0,0.0,0.0,31427.712282392506,670.9124610058536,0.021347798241799956,0.0,0.0,False,60
2201400012136036,22,Querétaro,014,Querétaro,0001,Santiago de Querétaro,2136,036,Urbana,51,Típica,26,25,13,11.35,48.0,,0.0,0.0,0.0,,0.0,0.0,,0.0,,0.0,0.0,,8.0,,9.0,28.0,11.0,11.0,38.0,,25.0,48.0,26.0,51.0,0.0,0.0,0.0,3.69,0.87,8.0,,,0.0,,0.0,,42.0,17.0,25.0,,,,14.0,40.0,17.0,23.0,6.0,,4.0,38.0,16.0,22.0,,,0.0,49.0,23.0,26.0,49.0,23.0,26.0,6.0,,4.0,5.0,4.0,,4.0,,3.0,13.0,13.0,13.0,0.0,13.0,0.0,13.0,0.0,13.0,0.0,,,11.0,12.0,13.0,13.0,0.0,9.0,,10.0,,,13.0,13.0,13.0,13.0,13.0,7.0,9.0,10.0,0.0,,4.0,0.0,0.0,8.0,13.0,0.0,8.0,13.0,3.0,,,,0.0,3.0,6.0,0.0,9.0,12.0,11.0,51.0,7078.720343360511,309.1112427568301,0.043667672653117474,2.2270513053089913,51.0,False,60
2201400012117017,22,Querétaro,014,Querétaro,0001,Santiago de Querétaro,2117,017,Urbana,310,Típica,152,158,92,12.08,310.0,,0.0,0.0,0.0,6.0,,,9.0,,,10.0,,3.0,10.0,6.0,21.0,190.0,74.0,58.0,241.0,11.0,158.0,310.0,152.0,310.0,0.0,0.0,0.0,3.37,0.81,68.0,11.0,9.0,,12.0,5.0,7.0,264.0,133.0,131.0,10.0,5.0,5.0,80.0,252.0,128.0,124.0,42.0,18.0,24.0,242.0,123.0,119.0,17.0,9.0,8.0,299.0,149.0,150.0,287.0,143.0,144.0,41.0,21.0,20.0,18.0,7.0,11.0,26.0,11.0,15.0,92.0,97.0,92.0,,91.0,5.0,91.0,,98.0,,22.0,4.0,69.0,86.0,91.0,91.0,0.0,53.0,7.0,85.0,4.0,21.0,91.0,91.0,91.0,91.0,91.0,64.0,76.0,78.0,0.0,12.0,32.0,0.0,0.0,54.0,91.0,0.0,73.0,91.0,15.0,0.0,,0.0,0.0,29.0,64.0,0.0,68.0,90.0,88.0,310.0,47278.64089507666,760.1083114610142,0.01607720308940115,4.983932957714357,310.0,False,60
2201400012070001,22,Querétaro,014,Querétaro,0001,Santiago de Querétaro,2070,001,Urbana,223,Típica,109,114,48,8.89,223.0,,4.0,6.0,7.0,6.0,6.0,5.0,8.0,3.0,,4.0,7.0,5.0,15.0,15.0,23.0,120.0,59.0,53.0,161.0,9.0,114.0,223.0,109.0,223.0,9.0,6.0,3.0,4.65,1.09,80.0,7.0,5.0,,9.0,3.0,6.0,179.0,91.0,88.0,12.0,5.0,7.0,68.0,170.0,88.0,82.0,40.0,19.0,21.0,158.0,83.0,75.0,9.0,4.0,5.0,216.0,109.0,107.0,209.0,106.0,103.0,15.0,9.0,6.0,28.0,14.0,14.0,27.0,10.0,17.0,48.0,51.0,48.0,4.0,48.0,4.0,47.0,0.0,52.0,,11.0,6.0,37.0,40.0,48.0,48.0,0.0,32.0,,47.0,3.0,5.0,48.0,48.0,48.0,48.0,48.0,21.0,34.0,33.0,0.0,,16.0,0.0,0.0,19.0,48.0,0.0,27.0,45.0,13.0,,,0.0,0.0,4.0,25.0,0.0,24.0,42.0,46.0,223.0,9442.334203054936,234.27851585479974,0.024811504318392182,5.532965463001457,223.0,False,60
220140001180A020,22,Querétaro,014,Querétaro,0001,Santiago de Querétaro,180A,020,Urbana,81,Típica,36,45,23,14.15,81.0,,,0.0,,,,,0.0,,0.0,5.0,3.0,3.0,8.0,4.0,16.0,43.0,29.0,14.0,64.0,3.0,45.0,81.0,36.0,81.0,0.0,0.0,0.0,3.52,0.72,10.0,3.0,,,5.0,,3.0,72.0,39.0,33.0,7.0,3.0,4.0,25.0,67.0,37.0,30.0,9.0,7.0,,60.0,34.0,26.0,,0.0,,78.0,43.0,35.0,77.0,43.0,34.0,7.0,4.0,3.0,5.0,4.0,,9.0,5.0,4.0,23.0,23.0,23.0,,23.0,,22.0,0.0,24.0,0.0,,0.0,21.0,23.0,23.0,23.0,0.0,20.0,,23.0,6.0,11.0,23.0,22.0,22.0,22.0,23.0,20.0,23.0,20.0,0.0,4.0,3.0,0.0,,21.0,23.0,0.0,16.0,22.0,0.0,0.0,0.0,0.0,0.0,18.0,20.0,0.0,20.0,23.0,22.0,81.0,4777.739440842641,216.11883698505383,0.04523453814529019,3.6639975897685053,81.0,False,60
220140001180A011,22,Querétaro,014,Querétaro,0001,Santiago de Querétaro,180A,011,Urbana,83,Típica,41,42,25,12.97,83.0,,,0.0,3.0,,,4.0,3.0,0.0,,,0.0,,4.0,5.0,5.0,45.0,21.0,23.0,56.0,4.0,42.0,83.0,41.0,83.0,7.0,3.0,4.0,3.32,0.69,25.0,3.0,,,7.0,4.0,3.0,67.0,33.0,34.0,,0.0,,22.0,60.0,29.0,31.0,8.0,6.0,,59.0,29.0,30.0,7.0,4.0,3.0,80.0,40.0,40.0,76.0,38.0,38.0,8.0,,6.0,6.0,3.0,3.0,12.0,7.0,5.0,25.0,26.0,25.0,,25.0,,25.0,0.0,26.0,0.0,,,24.0,24.0,25.0,25.0,0.0,20.0,8.0,25.0,6.0,6.0,25.0,25.0,25.0,25.0,25.0,18.0,21.0,22.0,0.0,4.0,5.0,0.0,0.0,18.0,25.0,0.0,23.0,25.0,4.0,0.0,0.0,0.0,0.0,11.0,17.0,0.0,16.0,25.0,25.0,83.0,3770.856808675655,422.6537508752504,0.11208427482657149,9.302994810605433,83.0,False,60
220140001180A009,22,Querétaro,014,Querétaro,0001,Santiago de Querétaro,180A,009,Urbana,98,Típica,52,46,33,13.75,98.0,,0.0,0.0,0.0,,0.0,0.0,4.0,0.0,0.0,5.0,0.0,6.0,9.0,,15.0,62.0,27.0,10.0,82.0,6.0,46.0,98.0,52.0,98.0,,0.0,,2.97,0.58,15.0,,,0.0,,0.0,,89.0,42.0,47.0,6.0,,4.0,29.0,88.0,42.0,46.0,13.0,6.0,7.0,82.0,40.0,42.0,3.0,0.0,3.0,97.0,45.0,52.0,96.0,45.0,51.0,11.0,6.0,5.0,5.0,3.0,,3.0,0.0,3.0,33.0,39.0,33.0,,33.0,5.0,33.0,,39.0,0.0,6.0,,27.0,32.0,33.0,33.0,0.0,29.0,9.0,33.0,21.0,13.0,33.0,33.0,33.0,33.0,33.0,23.0,32.0,29.0,0.0,,4.0,0.0,0.0,30.0,33.0,0.0,21.0,33.0,,0.0,0.0,0.0,0.0,22.0,22.0,0.0,23.0,31.0,32.0,98.0,4982.969523998628,455.7437597036576,0.09146027434218422,8.963106885534053,98.0,False,60
220140001180A008,22,Querétaro,014,Querétaro,0001,Santiago de Querétaro,180A,008,Urbana,79,Típica,40,39,27,13.67,79.0,,,0.0,,,0.0,,,0.0,0.0,,0.0,,,5.0,5.0,44.0,25.0,12.0,63.0,4.0,39.0,79.0,40.0,79.0,,0.0,,2.93,0.68,9.0,3.0,3.0,0.0,,,,69.0,33.0,36.0,4.0,3.0,,24.0,67.0,32.0,35.0,17.0,7.0,10.0,63.0,29.0,34.0,,,0.0,76.0,36.0,40.0,75.0,35.0,40.0,6.0,,4.0,6.0,,4.0,8.0,3.0,5.0,27.0,26.0,27.0,,27.0,,24.0,0.0,29.0,0.0,3.0,,24.0,25.0,27.0,27.0,0.0,22.0,6.0,26.0,4.0,5.0,27.0,27.0,27.0,27.0,27.0,22.0,25.0,25.0,0.0,,5.0,0.0,0.0,22.0,27.0,0.0,21.0,26.0,,0.0,0.0,0.0,0.0,13.0,18.0,0.0,21.0,26.0,25.0,79.0,3736.607589751779,55.61659070522531,0.014884247106322421,1.1758555213994712,79.0,False,60
2201400011797012,22,Querétaro,014,Querétaro,0001,Santiago de Querétaro,1797,012,Urbana,149,Típica,75,74,56,13.67,149.0,,,,0.0,,0.0,6.0,3.0,,,5.0,,4.0,7.0,8.0,18.0,86.0,43.0,25.0,112.0,12.0,74.0,149.0,75.0,149.0,3.0,0.0,3.0,2.66,0.69,37.0,7.0,7.0,0.0,5.0,4.0,,129.0,59.0,70.0,5.0,3.0,,38.0,124.0,55.0,69.0,17.0,5.0,12.0,119.0,52.0,67.0,5.0,4.0,,142.0,67.0,75.0,138.0,64.0,74.0,17.0,10.0,7.0,8.0,4.0,4.0,11.0,7.0,4.0,56.0,51.0,56.0,4.0,56.0,4.0,47.0,0.0,60.0,3.0,21.0,3.0,35.0,50.0,56.0,56.0,0.0,37.0,14.0,56.0,15.0,11.0,56.0,56.0,56.0,56.0,56.0,39.0,53.0,46.0,0.0,6.0,18.0,0.0,0.0,46.0,56.0,0.0,44.0,53.0,,0.0,,0.0,0.0,26.0,42.0,0.0,38.0,55.0,48.0,149.0,11239.33394084979,614.8077964596508,0.0547014440264212,8.15051515993676,149.0,False,60
2201400011778001,22,Querétaro,014,Querétaro,0001,Santiago de Querétaro,1778,001,Urbana,23,Típica,10,13,7,13.68,23.0,,0.0,0.0,0.0,0.0,0.0,,0.0,0.0,0.0,0.0,0.0,,,,,12.0,8.0,4.0,19.0,0.0,13.0,23.0,10.0,23.0,0.0,0.0,0.0,3.29,0.79,6.0,0.0,0.0,0.0,,0.0,,20.0,11.0,9.0,,0.0,,7.0,19.0,11.0,8.0,,,,18.0,11.0,7.0,3.0,,,23.0,13.0,10.0,21.0,12.0,9.0,3.0,,,0.0,0.0,0.0,,0.0,,7.0,8.0,7.0,,7.0,,7.0,0.0,8.0,0.0,,0.0,5.0,7.0,7.0,7.0,0.0,3.0,,7.0,,,7.0,7.0,7.0,7.0,7.0,4.0,6.0,4.0,0.0,,3.0,0.0,0.0,4.0,7.0,0.0,7.0,6.0,,0.0,0.0,0.0,0.0,3.0,5.0,0.0,6.0,7.0,5.0,23.0,5614.013491276518,339.44187415756534,0.06046331642861493,1.3906562778581435,23.0,False,60
2201400011655022,22,Querétaro,014,Querétaro,0001,Santiago de Querétaro,1655,022,Urbana,0,Contenedora,0,0,0,0.0,0.0,,0.0,0.0,0.0,0.0,0.0,0.0,0.0,0.0,0.0,0.0,0.0,0.0,0.0,0.0,0.0,0.0,0.0,0.0,0.0,0.0,0.0,0.0,0.0,0.0,0.0,0.0,0.0,0.0,0.0,0.0,0.0,0.0,0.0,0.0,0.0,0.0,0.0,0.0,0.0,0.0,0.0,0.0,0.0,0.0,0.0,0.0,0.0,0.0,0.0,0.0,0.0,0.0,0.0,0.0,0.0,0.0,0.0,0.0,0.0,0.0,0.0,0.0,0.0,0.0,0.0,0.0,0.0,0.0,0.0,0.0,0.0,0.0,0.0,0.0,0.0,0.0,0.0,0.0,0.0,0.0,0.0,0.0,0.0,0.0,0.0,0.0,0.0,0.0,0.0,0.0,0.0,0.0,0.0,0.0,0.0,0.0,0.0,0.0,0.0,0.0,0.0,0.0,0.0,0.0,0.0,0.0,0.0,0.0,0.0,0.0,0.0,0.0,0.0,0.0,0.0,0.0,0.0,0.0,0.0,0.0,0.0,0.0,2023.3348557243041,408.50053319728494,0.20189467504183917,0.0,0.0,False,60
2201400011655021,22,Querétaro,014,Querétaro,0001,Santiago de Querétaro,1655,021,Urbana,111,Típica,50,61,33,11.96,111.0,,,0.0,,3.0,0.0,4.0,0.0,,0.0,3.0,,0.0,5.0,6.0,8.0,60.0,30.0,26.0,80.0,5.0,61.0,111.0,50.0,111.0,,0.0,,3.36,0.78,18.0,8.0,5.0,3.0,5.0,,4.0,90.0,53.0,37.0,,0.0,,36.0,85.0,52.0,33.0,17.0,13.0,4.0,84.0,52.0,32.0,4.0,,3.0,103.0,56.0,47.0,101.0,55.0,46.0,10.0,6.0,4.0,9.0,,7.0,11.0,,9.0,33.0,39.0,33.0,7.0,33.0,7.0,32.0,0.0,40.0,0.0,,,31.0,31.0,33.0,33.0,0.0,16.0,,33.0,,9.0,33.0,33.0,33.0,33.0,33.0,23.0,29.0,30.0,0.0,5.0,16.0,0.0,0.0,21.0,33.0,0.0,19.0,33.0,,0.0,0.0,0.0,0.0,13.0,24.0,0.0,17.0,33.0,32.0,111.0,4990.791358292558,666.7179051049528,0.1335896168043878,14.828447465287045,111.0,False,60
2201400011443025,22,Querétaro,014,Querétaro,0001,Santiago de Querétaro,1443,025,Urbana,3,Típica,0,0,1,,,,,,,,,,,,,,,,,,,,,,,,,,,3.0,,,,,,,,,,,,,,,,,,,,,,,,,,,,,,,,,,,,,,,,,,,,,,,1.0,,,,,,,,1.0,,,,,,,,,,,,,,,,,,,,,,,,,,,,,,,,,,,,,,,,,,,3.0,12673.576739779975,1276.4069275755585,0.10071402523402545,0.30214207570207635,3.0,False,60
2201400011443024,22,Querétaro,014,Querétaro,0001,Santiago de Querétaro,1443,024,Urbana,60,Típica,27,33,23,13.63,60.0,,,0.0,0.0,3.0,,4.0,0.0,,0.0,5.0,0.0,0.0,11.0,5.0,13.0,25.0,28.0,9.0,34.0,17.0,33.0,60.0,27.0,60.0,0.0,0.0,0.0,2.61,0.63,12.0,0.0,0.0,0.0,,,,53.0,30.0,23.0,0.0,0.0,0.0,12.0,51.0,29.0,22.0,6.0,3.0,3.0,51.0,29.0,22.0,,0.0,,60.0,33.0,27.0,60.0,33.0,27.0,22.0,14.0,8.0,5.0,3.0,,5.0,,3.0,23.0,29.0,23.0,6.0,23.0,6.0,23.0,0.0,29.0,0.0,12.0,3.0,11.0,20.0,23.0,23.0,0.0,11.0,,21.0,3.0,4.0,23.0,23.0,23.0,23.0,23.0,17.0,18.0,21.0,0.0,3.0,12.0,0.0,0.0,14.0,22.0,,16.0,23.0,3.0,,0.0,0.0,0.0,4.0,16.0,0.0,19.0,23.0,22.0,60.0,7753.330663271446,167.43956114729593,0.02159582357817903,1.2957494146907418,60.0,False,60
2201400011246032,22,Querétaro,014,Querétaro,0001,Santiago de Querétaro,1246,032,Urbana,119,Típica,54,65,32,10.95,119.0,,,0.0,0.0,,,,4.0,0.0,0.0,,0.0,,0.0,3.0,5.0,56.0,43.0,22.0,86.0,11.0,65.0,119.0,54.0,119.0,0.0,0.0,0.0,3.72,0.74,4.0,4.0,,,3.0,,,100.0,54.0,46.0,5.0,3.0,,30.0,97.0,53.0,44.0,13.0,6.0,7.0,92.0,50.0,42.0,5.0,4.0,,115.0,63.0,52.0,111.0,60.0,51.0,26.0,14.0,12.0,10.0,5.0,5.0,11.0,5.0,6.0,32.0,32.0,32.0,,32.0,,31.0,0.0,33.0,0.0,0.0,0.0,32.0,32.0,32.0,32.0,0.0,19.0,4.0,31.0,,4.0,32.0,32.0,32.0,32.0,32.0,24.0,30.0,30.0,0.0,,12.0,0.0,0.0,21.0,32.0,0.0,28.0,32.0,,,0.0,0.0,0.0,9.0,30.0,0.0,22.0,32.0,32.0,119.0,3433.371127917614,389.3770003029235,0.11340952836027543,13.495733874872776,119.0,False,60
2201400010892005,22,Querétaro,014,Querétaro,0001,Santiago de Querétaro,0892,005,Urbana,60,Típica,28,32,19,9.06,60.0,,,,3.0,5.0,,3.0,,0.0,,3.0,,,6.0,7.0,10.0,40.0,13.0,10.0,41.0,9.0,32.0,60.0,28.0,60.0,,0.0,,3.16,0.9,,,0.0,,3.0,,,53.0,30.0,23.0,,0.0,,18.0,50.0,28.0,22.0,7.0,4.0,3.0,48.0,28.0,20.0,,,0.0,59.0,32.0,27.0,57.0,30.0,27.0,11.0,7.0,4.0,4.0,0.0,4.0,7.0,,5.0,19.0,23.0,19.0,4.0,19.0,4.0,19.0,0.0,23.0,0.0,8.0,4.0,11.0,15.0,19.0,19.0,0.0,10.0,10.0,17.0,,3.0,19.0,19.0,19.0,19.0,19.0,13.0,7.0,11.0,0.0,,9.0,0.0,0.0,8.0,19.0,0.0,13.0,16.0,11.0,,,,0.0,3.0,9.0,0.0,9.0,13.0,17.0,60.0,4768.313523236333,405.38594538038103,0.08501662975911846,5.100997785547108,60.0,False,60
2201400010750022,22,Querétaro,014,Querétaro,0001,Santiago de Querétaro,0750,022,Urbana,0,Típica,0,0,0,0.0,0.0,,0.0,0.0,0.0,0.0,0.0,0.0,0.0,0.0,0.0,0.0,0.0,0.0,0.0,0.0,0.0,0.0,0.0,0.0,0.0,0.0,0.0,0.0,0.0,0.0,0.0,0.0,0.0,0.0,0.0,0.0,0.0,0.0,0.0,0.0,0.0,0.0,0.0,0.0,0.0,0.0,0.0,0.0,0.0,0.0,0.0,0.0,0.0,0.0,0.0,0.0,0.0,0.0,0.0,0.0,0.0,0.0,0.0,0.0,0.0,0.0,0.0,0.0,0.0,0.0,0.0,0.0,0.0,0.0,0.0,0.0,0.0,0.0,0.0,0.0,0.0,0.0,0.0,0.0,0.0,0.0,0.0,0.0,0.0,0.0,0.0,0.0,0.0,0.0,0.0,0.0,0.0,0.0,0.0,0.0,0.0,0.0,0.0,0.0,0.0,0.0,0.0,0.0,0.0,0.0,0.0,0.0,0.0,0.0,0.0,0.0,0.0,0.0,0.0,0.0,0.0,0.0,0.0,0.0,0.0,0.0,0.0,0.0,83335.17195899124,1234.7301598553624,0.014816435015733405,0.0,0.0,False,60
2201400010750021,22,Querétaro,014,Querétaro,0001,Santiago de Querétaro,0750,021,Urbana,0,Típica,0,0,0,0.0,0.0,,0.0,0.0,0.0,0.0,0.0,0.0,0.0,0.0,0.0,0.0,0.0,0.0,0.0,0.0,0.0,0.0,0.0,0.0,0.0,0.0,0.0,0.0,0.0,0.0,0.0,0.0,0.0,0.0,0.0,0.0,0.0,0.0,0.0,0.0,0.0,0.0,0.0,0.0,0.0,0.0,0.0,0.0,0.0,0.0,0.0,0.0,0.0,0.0,0.0,0.0,0.0,0.0,0.0,0.0,0.0,0.0,0.0,0.0,0.0,0.0,0.0,0.0,0.0,0.0,0.0,0.0,0.0,0.0,0.0,0.0,0.0,0.0,0.0,0.0,0.0,0.0,0.0,0.0,0.0,0.0,0.0,0.0,0.0,0.0,0.0,0.0,0.0,0.0,0.0,0.0,0.0,0.0,0.0,0.0,0.0,0.0,0.0,0.0,0.0,0.0,0.0,0.0,0.0,0.0,0.0,0.0,0.0,0.0,0.0,0.0,0.0,0.0,0.0,0.0,0.0,0.0,0.0,0.0,0.0,0.0,0.0,0.0,92798.27298618958,1033.7599331324282,0.011139861765383008,0.0,0.0,False,60
2201400010712020,22,Querétaro,014,Querétaro,0001,Santiago de Querétaro,0712,020,Urbana,175,Típica,94,81,45,9.39,175.0,,,0.0,0.0,3.0,,3.0,6.0,0.0,0.0,4.0,,3.0,5.0,5.0,14.0,88.0,51.0,40.0,127.0,8.0,81.0,175.0,94.0,175.0,0.0,0.0,0.0,3.89,1.03,46.0,13.0,8.0,5.0,4.0,,,139.0,67.0,72.0,10.0,3.0,7.0,48.0,135.0,65.0,70.0,28.0,14.0,14.0,125.0,62.0,63.0,9.0,,7.0,162.0,73.0,89.0,156.0,72.0,84.0,13.0,6.0,7.0,14.0,4.0,10.0,13.0,5.0,8.0,45.0,41.0,45.0,,45.0,,40.0,0.0,46.0,,18.0,12.0,27.0,32.0,45.0,45.0,0.0,22.0,9.0,42.0,7.0,,45.0,45.0,45.0,45.0,45.0,19.0,33.0,32.0,0.0,,22.0,0.0,0.0,17.0,45.0,0.0,31.0,41.0,12.0,,,0.0,0.0,7.0,35.0,0.0,24.0,39.0,44.0,175.0,10644.951566017035,26.09912472674615,0.0024517842626982965,0.4290622459722019,175.0,False,60
2201400010642002,22,Querétaro,014,Querétaro,0001,Santiago de Querétaro,0642,002,Urbana,164,Típica,73,91,35,9.75,164.0,,,3.0,3.0,7.0,,6.0,5.0,0.0,0.0,,,0.0,5.0,15.0,10.0,94.0,36.0,39.0,110.0,15.0,91.0,164.0,73.0,164.0,5.0,3.0,,4.69,1.15,71.0,3.0,,,5.0,,4.0,130.0,69.0,61.0,,,0.0,48.0,125.0,68.0,57.0,21.0,12.0,9.0,124.0,67.0,57.0,11.0,7.0,4.0,161.0,89.0,72.0,155.0,84.0,71.0,20.0,10.0,10.0,20.0,13.0,7.0,17.0,7.0,10.0,35.0,36.0,35.0,,35.0,,34.0,0.0,37.0,,6.0,,29.0,31.0,35.0,35.0,0.0,18.0,6.0,30.0,,3.0,35.0,35.0,35.0,35.0,35.0,15.0,29.0,29.0,0.0,0.0,17.0,0.0,0.0,16.0,35.0,0.0,25.0,33.0,6.0,,,,,5.0,21.0,0.0,27.0,31.0,33.0,164.0,7631.772339221442,207.2651179301772,0.027158189306171237,4.453943046212083,164.0,False,60
2201400010430009,22,Querétaro,014,Querétaro,0001,Santiago de Querétaro,0430,009,Urbana,338,Típica,163,175,85,10.64,338.0,,,,,4.0,,8.0,8.0,,,5.0,5.0,6.0,18.0,12.0,28.0,184.0,103.0,65.0,241.0,32.0,175.0,338.0,163.0,338.0,,,0.0,3.98,0.88,71.0,11.0,3.0,8.0,16.0,9.0,7.0,289.0,155.0,134.0,13.0,8.0,5.0,92.0,273.0,146.0,127.0,39.0,16.0,23.0,260.0,138.0,122.0,19.0,9.0,10.0,327.0,172.0,155.0,314.0,165.0,149.0,57.0,34.0,23.0,19.0,8.0,11.0,30.0,16.0,14.0,85.0,88.0,85.0,10.0,85.0,3.0,78.0,7.0,95.0,8.0,28.0,11.0,57.0,66.0,85.0,85.0,0.0,30.0,7.0,75.0,12.0,12.0,85.0,85.0,85.0,85.0,85.0,43.0,65.0,58.0,0.0,6.0,49.0,0.0,0.0,43.0,84.0,,63.0,78.0,16.0,,,0.0,0.0,21.0,54.0,0.0,59.0,73.0,82.0,338.0,24393.53438037822,702.827434358078,0.028812037788317445,9.738468772451297,338.0,False,60
2201400010322010,22,Querétaro,014,Querétaro,0001,Santiago de Querétaro,0322,010,Urbana,23,Típica,16,7,8,15.16,23.0,,0.0,0.0,0.0,0.0,0.0,,,0.0,0.0,,0.0,0.0,,,4.0,17.0,3.0,4.0,18.0,,7.0,23.0,16.0,23.0,0.0,0.0,0.0,2.88,0.79,7.0,0.0,0.0,0.0,,0.0,,20.0,7.0,13.0,0.0,0.0,0.0,5.0,19.0,7.0,12.0,3.0,,,19.0,7.0,12.0,0.0,0.0,0.0,23.0,7.0,16.0,23.0,7.0,16.0,,,,3.0,0.0,3.0,3.0,0.0,3.0,8.0,6.0,8.0,0.0,8.0,0.0,6.0,0.0,8.0,0.0,,0.0,7.0,8.0,8.0,8.0,0.0,7.0,3.0,8.0,,4.0,8.0,8.0,8.0,8.0,8.0,6.0,8.0,8.0,0.0,0.0,,0.0,0.0,7.0,8.0,0.0,3.0,8.0,0.0,0.0,,0.0,0.0,5.0,3.0,0.0,7.0,8.0,7.0,23.0,99951.65792919039,823.6284566547506,0.008240268082778985,0.18952616590391666,23.0,False,60
2201400010303021,22,Querétaro,014,Querétaro,0001,Santiago de Querétaro,0303,021,Urbana,128,Típica,57,71,39,11.67,128.0,,,0.0,,3.0,,4.0,5.0,,,,,5.0,9.0,6.0,12.0,77.0,30.0,28.0,91.0,9.0,71.0,128.0,57.0,128.0,3.0,,,3.28,0.76,38.0,4.0,,,7.0,4.0,3.0,107.0,62.0,45.0,8.0,4.0,4.0,44.0,100.0,58.0,42.0,11.0,6.0,5.0,92.0,54.0,38.0,6.0,3.0,3.0,124.0,69.0,55.0,119.0,66.0,53.0,10.0,6.0,4.0,11.0,4.0,7.0,13.0,5.0,8.0,39.0,53.0,39.0,14.0,38.0,9.0,39.0,5.0,53.0,,9.0,3.0,29.0,34.0,38.0,38.0,0.0,17.0,13.0,37.0,4.0,8.0,38.0,38.0,38.0,38.0,38.0,16.0,28.0,23.0,0.0,,20.0,0.0,0.0,20.0,38.0,0.0,33.0,36.0,9.0,,,0.0,0.0,8.0,20.0,0.0,20.0,28.0,33.0,128.0,13814.631723936141,1235.8825342239443,0.08946185167445128,11.451117014329764,128.0,False,60
2201400010182036,22,Querétaro,014,Querétaro,0001,Santiago de Querétaro,0182,036,Urbana,108,Típica,56,52,24,8.9,108.0,,0.0,,0.0,0.0,0.0,,4.0,,0.0,3.0,,,17.0,3.0,19.0,61.0,27.0,24.0,76.0,8.0,52.0,108.0,56.0,108.0,24.0,11.0,13.0,4.5,1.05,21.0,,,0.0,4.0,,,88.0,43.0,45.0,3.0,,,27.0,84.0,41.0,43.0,19.0,8.0,11.0,81.0,40.0,41.0,5.0,,3.0,107.0,51.0,56.0,103.0,50.0,53.0,12.0,8.0,4.0,14.0,6.0,8.0,12.0,5.0,7.0,24.0,28.0,24.0,,24.0,3.0,24.0,,28.0,0.0,4.0,4.0,20.0,20.0,23.0,23.0,,12.0,7.0,22.0,0.0,,24.0,23.0,24.0,24.0,23.0,13.0,19.0,17.0,,,12.0,0.0,0.0,11.0,24.0,0.0,20.0,24.0,4.0,,0.0,0.0,0.0,,18.0,0.0,10.0,14.0,22.0,108.0,23120.087046220073,1093.6037868607204,0.04730102376666938,5.108510566800293,108.0,False,60
2201400010182008,22,Querétaro,014,Querétaro,0001,Santiago de Querétaro,0182,008,Urbana,133,Típica,64,69,32,9.33,133.0,,0.0,,,5.0,5.0,5.0,14.0,0.0,13.0,16.0,0.0,4.0,28.0,10.0,34.0,66.0,51.0,21.0,77.0,35.0,69.0,133.0,64.0,133.0,12.0,6.0,6.0,4.16,0.78,19.0,,,0.0,5.0,,4.0,117.0,61.0,56.0,5.0,,3.0,30.0,112.0,60.0,52.0,15.0,6.0,9.0,107.0,58.0,49.0,4.0,,3.0,132.0,68.0,64.0,128.0,67.0,61.0,41.0,24.0,17.0,11.0,6.0,5.0,14.0,6.0,8.0,32.0,35.0,32.0,,32.0,,32.0,,35.0,0.0,,,30.0,31.0,32.0,32.0,0.0,18.0,10.0,30.0,,3.0,32.0,32.0,32.0,32.0,32.0,19.0,27.0,30.0,0.0,,14.0,0.0,0.0,18.0,31.0,,24.0,32.0,5.0,,0.0,0.0,0.0,,22.0,0.0,23.0,31.0,30.0,133.0,15342.562259715349,204.3064203281854,0.013316316849150326,1.7710701409369933,133.0,False,60
2201400010125009,22,Querétaro,014,Querétaro,0001,Santiago de Querétaro,0125,009,Urbana,0,Típica,0,0,0,0.0,0.0,,0.0,0.0,0.0,0.0,0.0,0.0,0.0,0.0,0.0,0.0,0.0,0.0,0.0,0.0,0.0,0.0,0.0,0.0,0.0,0.0,0.0,0.0,0.0,0.0,0.0,0.0,0.0,0.0,0.0,0.0,0.0,0.0,0.0,0.0,0.0,0.0,0.0,0.0,0.0,0.0,0.0,0.0,0.0,0.0,0.0,0.0,0.0,0.0,0.0,0.0,0.0,0.0,0.0,0.0,0.0,0.0,0.0,0.0,0.0,0.0,0.0,0.0,0.0,0.0,0.0,0.0,0.0,0.0,0.0,0.0,0.0,0.0,0.0,0.0,0.0,0.0,0.0,0.0,0.0,0.0,0.0,0.0,0.0,0.0,0.0,0.0,0.0,0.0,0.0,0.0,0.0,0.0,0.0,0.0,0.0,0.0,0.0,0.0,0.0,0.0,0.0,0.0,0.0,0.0,0.0,0.0,0.0,0.0,0.0,0.0,0.0,0.0,0.0,0.0,0.0,0.0,0.0,0.0,0.0,0.0,0.0,0.0,478905.7643209605,978.7202293602006,0.0020436593214699056,0.0,0.0,False,60
2201400010093005,22,Querétaro,014,Querétaro,0001,Santiago de Querétaro,0093,005,Urbana,103,Típica,56,47,26,10.9,103.0,,,0.0,0.0,,0.0,,5.0,0.0,0.0,4.0,0.0,,4.0,3.0,7.0,51.0,39.0,20.0,69.0,14.0,47.0,103.0,56.0,103.0,0.0,0.0,0.0,3.96,0.89,19.0,,0.0,,7.0,4.0,3.0,90.0,40.0,50.0,7.0,,6.0,24.0,83.0,36.0,47.0,17.0,4.0,13.0,76.0,35.0,41.0,3.0,,,102.0,47.0,55.0,99.0,45.0,54.0,14.0,8.0,6.0,9.0,5.0,4.0,15.0,9.0,6.0,26.0,27.0,26.0,,26.0,,26.0,0.0,27.0,0.0,,,24.0,25.0,26.0,26.0,0.0,14.0,5.0,25.0,4.0,4.0,26.0,26.0,26.0,26.0,26.0,16.0,22.0,21.0,0.0,,12.0,0.0,0.0,15.0,26.0,0.0,22.0,25.0,4.0,0.0,,0.0,0.0,8.0,19.0,0.0,21.0,26.0,25.0,103.0,6115.799813993514,589.1980124183173,0.09634030385856938,9.923051297432647,103.0,False,60
2201400011227010,22,Querétaro,014,Querétaro,0001,Santiago de Querétaro,1227,010,Urbana,132,Típica,69,63,50,12.54,132.0,,,,3.0,10.0,,5.0,7.0,0.0,0.0,3.0,3.0,7.0,11.0,16.0,19.0,79.0,43.0,13.0,94.0,25.0,63.0,132.0,69.0,132.0,22.0,13.0,9.0,2.64,0.55,21.0,,,,3.0,0.0,3.0,122.0,60.0,62.0,5.0,3.0,,32.0,119.0,60.0,59.0,13.0,3.0,10.0,114.0,57.0,57.0,4.0,0.0,4.0,130.0,62.0,68.0,127.0,62.0,65.0,38.0,21.0,17.0,4.0,,,7.0,,5.0,50.0,60.0,50.0,10.0,50.0,7.0,50.0,3.0,60.0,,13.0,,37.0,48.0,50.0,50.0,0.0,33.0,,49.0,17.0,10.0,50.0,50.0,50.0,50.0,50.0,31.0,44.0,36.0,0.0,4.0,17.0,0.0,0.0,35.0,49.0,,37.0,50.0,5.0,0.0,0.0,0.0,0.0,20.0,36.0,0.0,30.0,44.0,45.0,132.0,46052.27052213203,1007.0635317244524,0.021867836706128806,2.8865544452090024,132.0,False,60
2201400011119041,22,Querétaro,014,Querétaro,0001,Santiago de Querétaro,1119,041,Urbana,134,Típica,65,69,52,13.4,134.0,,,,0.0,3.0,,6.0,5.0,0.0,3.0,4.0,,6.0,13.0,9.0,20.0,90.0,30.0,17.0,113.0,4.0,69.0,134.0,65.0,134.0,6.0,,4.0,2.58,0.81,25.0,7.0,4.0,3.0,3.0,,,120.0,62.0,58.0,5.0,,3.0,48.0,117.0,61.0,56.0,21.0,15.0,6.0,112.0,59.0,53.0,,,,127.0,65.0,62.0,126.0,64.0,62.0,14.0,7.0,7.0,5.0,,3.0,7.0,3.0,4.0,52.0,59.0,52.0,7.0,52.0,4.0,52.0,3.0,59.0,0.0,5.0,5.0,47.0,47.0,52.0,52.0,0.0,32.0,6.0,49.0,4.0,13.0,52.0,52.0,52.0,52.0,52.0,40.0,49.0,39.0,0.0,6.0,19.0,0.0,0.0,40.0,52.0,0.0,39.0,51.0,,,0.0,0.0,0.0,24.0,36.0,0.0,31.0,52.0,51.0,134.0,5433.074730411972,461.8001217460458,0.08499793296806522,11.38972301772074,134.0,False,60
2201400011119038,22,Querétaro,014,Querétaro,0001,Santiago de Querétaro,1119,038,Urbana,172,Típica,73,99,67,13.31,172.0,,0.0,,0.0,,,4.0,4.0,0.0,0.0,3.0,,6.0,20.0,6.0,27.0,104.0,47.0,29.0,137.0,6.0,99.0,172.0,73.0,172.0,,,0.0,2.57,0.8,33.0,7.0,4.0,3.0,8.0,3.0,5.0,151.0,86.0,65.0,6.0,3.0,3.0,60.0,143.0,83.0,60.0,25.0,16.0,9.0,137.0,80.0,57.0,8.0,5.0,3.0,165.0,95.0,70.0,159.0,92.0,67.0,8.0,6.0,,6.0,4.0,,10.0,5.0,5.0,67.0,73.0,67.0,,67.0,4.0,67.0,,73.0,0.0,5.0,3.0,62.0,64.0,67.0,67.0,0.0,36.0,8.0,66.0,4.0,12.0,67.0,67.0,67.0,67.0,67.0,50.0,56.0,49.0,0.0,,31.0,0.0,0.0,46.0,67.0,0.0,54.0,67.0,9.0,,0.0,0.0,0.0,22.0,43.0,0.0,42.0,66.0,65.0,172.0,5254.048697994129,94.29252847171098,0.01794664151242253,3.0868223401366754,172.0,False,60
2201400011068008,22,Querétaro,014,Querétaro,0001,Santiago de Querétaro,1068,008,Urbana,99,Típica,44,55,28,10.3,99.0,,,0.0,0.0,5.0,,3.0,5.0,0.0,0.0,,,5.0,8.0,5.0,12.0,60.0,24.0,18.0,69.0,12.0,55.0,99.0,44.0,99.0,0.0,0.0,0.0,3.54,0.69,17.0,4.0,4.0,0.0,3.0,,,84.0,46.0,38.0,5.0,3.0,,24.0,81.0,45.0,36.0,10.0,6.0,4.0,76.0,42.0,34.0,5.0,3.0,,95.0,51.0,44.0,93.0,50.0,43.0,18.0,9.0,9.0,6.0,,4.0,6.0,3.0,3.0,28.0,32.0,28.0,4.0,28.0,4.0,28.0,0.0,32.0,0.0,7.0,,21.0,26.0,28.0,28.0,0.0,12.0,,27.0,3.0,5.0,28.0,28.0,28.0,28.0,28.0,20.0,24.0,25.0,0.0,0.0,16.0,0.0,0.0,13.0,28.0,0.0,23.0,28.0,3.0,0.0,,0.0,0.0,9.0,22.0,0.0,21.0,28.0,27.0,99.0,3440.603401428609,297.86401603949815,0.08657319117798318,8.570745926620335,99.0,False,60
2201400012776015,22,Querétaro,014,Querétaro,0001,Santiago de Querétaro,2776,015,Urbana,22,Típica,0,0,1,,,,,,,,,,,,,,,,,,,,,,,,,,,22.0,,,,,,,,,,,,,,,,,,,,,,,,,,,,,,,,,,,,,,,,,,,,,,,1.0,,,,,,,,1.0,,,,,,,,,,,,,,,,,,,,,,,,,,,,,,,,,,,,,,,,,,,22.0,17531.590441059674,185.5840819390741,0.01058569572241597,0.23288530589315135,22.0,False,60
2201400012314022,22,Querétaro,014,Querétaro,0001,Santiago de Querétaro,2314,022,Urbana,20,Típica,11,9,9,13.16,20.0,,0.0,0.0,0.0,0.0,0.0,,0.0,0.0,0.0,0.0,0.0,0.0,7.0,,7.0,16.0,3.0,0.0,19.0,,9.0,20.0,11.0,20.0,0.0,0.0,0.0,2.22,0.67,9.0,0.0,0.0,0.0,0.0,0.0,0.0,20.0,9.0,11.0,0.0,0.0,0.0,6.0,20.0,9.0,11.0,3.0,,,20.0,9.0,11.0,0.0,0.0,0.0,20.0,9.0,11.0,20.0,9.0,11.0,,,0.0,0.0,0.0,0.0,0.0,0.0,0.0,9.0,8.0,9.0,0.0,9.0,0.0,8.0,0.0,9.0,0.0,4.0,4.0,5.0,5.0,9.0,9.0,0.0,,,9.0,4.0,,9.0,9.0,9.0,9.0,9.0,5.0,7.0,4.0,0.0,0.0,8.0,0.0,0.0,5.0,9.0,0.0,5.0,7.0,,0.0,,0.0,0.0,,4.0,0.0,3.0,8.0,7.0,20.0,4747.95602658732,66.87980357642661,0.014086020005643922,0.28172040011287847,20.0,False,60
2201400012244027,22,Querétaro,014,Querétaro,0001,Santiago de Querétaro,2244,027,Urbana,60,Típica,31,29,28,15.79,60.0,,0.0,0.0,0.0,,0.0,0.0,3.0,0.0,0.0,,0.0,,11.0,,15.0,37.0,17.0,7.0,37.0,16.0,29.0,60.0,31.0,60.0,0.0,0.0,0.0,2.14,0.57,9.0,0.0,0.0,0.0,,0.0,,54.0,28.0,26.0,,0.0,,12.0,53.0,28.0,25.0,,0.0,,52.0,28.0,24.0,,,,60.0,29.0,31.0,59.0,29.0,30.0,19.0,10.0,9.0,4.0,0.0,4.0,5.0,0.0,5.0,28.0,34.0,28.0,,28.0,4.0,28.0,,34.0,0.0,12.0,,16.0,27.0,28.0,28.0,0.0,26.0,5.0,27.0,22.0,5.0,28.0,28.0,28.0,28.0,28.0,18.0,27.0,25.0,0.0,5.0,,0.0,0.0,25.0,28.0,0.0,26.0,28.0,,0.0,0.0,0.0,0.0,18.0,23.0,0.0,26.0,26.0,28.0,60.0,11343.47325812742,110.00520999710328,0.009697665564494215,0.5818599338696528,60.0,False,60
2201400011975048,22,Querétaro,014,Querétaro,0001,Santiago de Querétaro,1975,048,Urbana,123,Típica,64,59,37,12.54,123.0,,0.0,0.0,0.0,5.0,,0.0,3.0,0.0,,,,,3.0,5.0,5.0,66.0,40.0,22.0,95.0,6.0,59.0,123.0,64.0,123.0,,0.0,,3.32,0.81,19.0,,,0.0,5.0,,4.0,106.0,51.0,55.0,8.0,4.0,4.0,35.0,101.0,50.0,51.0,21.0,8.0,13.0,93.0,46.0,47.0,6.0,3.0,3.0,121.0,57.0,64.0,117.0,55.0,62.0,13.0,6.0,7.0,9.0,3.0,6.0,14.0,4.0,10.0,37.0,39.0,37.0,5.0,37.0,5.0,34.0,0.0,42.0,0.0,,0.0,36.0,37.0,37.0,37.0,0.0,26.0,,36.0,7.0,9.0,37.0,37.0,37.0,37.0,37.0,26.0,34.0,32.0,0.0,,11.0,0.0,0.0,26.0,37.0,0.0,24.0,36.0,,0.0,,0.0,0.0,14.0,28.0,0.0,32.0,37.0,36.0,123.0,3886.117127444894,495.2477380715657,0.1274402499538631,15.675150744325162,123.0,False,60
2201400011975005,22,Querétaro,014,Querétaro,0001,Santiago de Querétaro,1975,005,Urbana,161,Típica,79,82,49,12.44,161.0,,0.0,,,,0.0,,,0.0,0.0,0.0,7.0,0.0,4.0,3.0,6.0,97.0,38.0,27.0,129.0,5.0,82.0,161.0,79.0,161.0,4.0,0.0,4.0,3.29,0.82,34.0,5.0,,4.0,,,,136.0,70.0,66.0,12.0,6.0,6.0,52.0,134.0,69.0,65.0,23.0,13.0,10.0,122.0,63.0,59.0,8.0,4.0,4.0,156.0,81.0,75.0,152.0,81.0,71.0,10.0,5.0,5.0,12.0,7.0,5.0,6.0,4.0,,49.0,46.0,49.0,,49.0,,44.0,0.0,51.0,0.0,9.0,5.0,40.0,44.0,49.0,49.0,0.0,29.0,,47.0,,10.0,49.0,49.0,49.0,49.0,49.0,32.0,45.0,37.0,0.0,,20.0,0.0,0.0,29.0,49.0,0.0,44.0,46.0,3.0,,,,,18.0,35.0,0.0,30.0,47.0,46.0,161.0,5705.807259038263,105.51792143909424,0.01849307497584132,2.9773850711104526,161.0,False,60
2201400011655003,22,Querétaro,014,Querétaro,0001,Santiago de Querétaro,1655,003,Urbana,27,Típica,12,15,7,13.16,27.0,,0.0,0.0,0.0,0.0,0.0,0.0,0.0,0.0,0.0,0.0,0.0,0.0,,0.0,,15.0,6.0,8.0,19.0,0.0,15.0,27.0,12.0,27.0,0.0,0.0,0.0,3.86,1.04,0.0,,,0.0,,,0.0,21.0,14.0,7.0,,,0.0,9.0,19.0,12.0,7.0,,,,18.0,11.0,7.0,,0.0,,26.0,14.0,12.0,25.0,14.0,11.0,,,,4.0,0.0,4.0,4.0,,,7.0,7.0,7.0,0.0,7.0,0.0,7.0,0.0,7.0,0.0,0.0,,7.0,6.0,7.0,7.0,0.0,4.0,,7.0,,,7.0,7.0,7.0,7.0,7.0,4.0,7.0,7.0,0.0,0.0,3.0,0.0,0.0,3.0,7.0,0.0,5.0,7.0,0.0,0.0,0.0,0.0,0.0,4.0,4.0,0.0,4.0,7.0,7.0,27.0,935.9565338663633,66.75647108025204,0.07132432828315892,1.9257568636452909,27.0,False,60
2201400011621002,22,Querétaro,014,Querétaro,0001,Santiago de Querétaro,1621,002,Urbana,289,Típica,127,162,89,14.58,289.0,,,0.0,,7.0,,5.0,8.0,0.0,0.0,5.0,3.0,7.0,19.0,11.0,33.0,168.0,88.0,44.0,205.0,40.0,162.0,289.0,127.0,289.0,13.0,7.0,6.0,3.25,0.54,31.0,5.0,3.0,,11.0,6.0,5.0,256.0,145.0,111.0,13.0,9.0,4.0,80.0,245.0,139.0,106.0,31.0,18.0,13.0,232.0,130.0,102.0,6.0,4.0,,284.0,159.0,125.0,280.0,156.0,124.0,63.0,32.0,31.0,22.0,10.0,12.0,24.0,13.0,11.0,89.0,91.0,89.0,7.0,89.0,7.0,84.0,0.0,96.0,0.0,7.0,0.0,82.0,89.0,89.0,89.0,0.0,85.0,37.0,87.0,65.0,33.0,89.0,89.0,89.0,89.0,89.0,78.0,87.0,86.0,0.0,25.0,3.0,0.0,0.0,79.0,89.0,0.0,79.0,89.0,,,,0.0,0.0,69.0,77.0,0.0,83.0,81.0,85.0,289.0,112964.5349527855,274.84397396522013,0.002433011157706209,0.7031402245770944,289.0,False,60
2201400010248001,22,Querétaro,014,Querétaro,0001,Santiago de Querétaro,0248,001,Urbana,136,Típica,61,75,34,9.92,136.0,,4.0,,,5.0,,,11.0,0.0,0.0,6.0,,,9.0,6.0,18.0,72.0,48.0,26.0,90.0,20.0,75.0,136.0,61.0,136.0,10.0,6.0,4.0,4.0,0.9,17.0,0.0,0.0,0.0,10.0,6.0,4.0,120.0,65.0,55.0,6.0,3.0,3.0,38.0,110.0,59.0,51.0,13.0,4.0,9.0,104.0,56.0,48.0,4.0,,,136.0,75.0,61.0,136.0,75.0,61.0,28.0,15.0,13.0,12.0,8.0,4.0,19.0,11.0,8.0,34.0,43.0,34.0,9.0,34.0,3.0,34.0,6.0,43.0,,7.0,4.0,27.0,28.0,34.0,34.0,0.0,12.0,10.0,31.0,3.0,,34.0,34.0,34.0,34.0,34.0,22.0,25.0,24.0,0.0,,22.0,0.0,0.0,16.0,34.0,0.0,27.0,31.0,9.0,0.0,0.0,0.0,0.0,6.0,28.0,0.0,21.0,27.0,34.0,136.0,14911.234649000446,186.0041132858399,0.012474092029549574,1.696476516018742,136.0,False,60
2201400010106001,22,Querétaro,014,Querétaro,0001,Santiago de Querétaro,0106,001,Urbana,141,Típica,62,79,38,10.4,141.0,,,,,,,,,,,,,,,,3.0,73.0,42.0,34.0,84.0,23.0,79.0,141.0,62.0,141.0,,0.0,,3.71,0.92,17.0,3.0,3.0,0.0,8.0,6.0,,115.0,61.0,54.0,5.0,,3.0,31.0,107.0,55.0,52.0,8.0,4.0,4.0,102.0,53.0,49.0,4.0,,,138.0,76.0,62.0,135.0,74.0,61.0,37.0,18.0,19.0,19.0,13.0,6.0,19.0,12.0,7.0,38.0,40.0,38.0,,38.0,,38.0,,40.0,0.0,7.0,,31.0,37.0,38.0,38.0,0.0,25.0,0.0,34.0,,,38.0,38.0,38.0,38.0,38.0,27.0,29.0,35.0,0.0,0.0,13.0,0.0,0.0,16.0,38.0,0.0,29.0,37.0,6.0,3.0,0.0,0.0,0.0,7.0,25.0,0.0,29.0,36.0,38.0,141.0,5668.89682983747,14.554220017516656,0.002567381353795767,0.36200077088520316,141.0,False,60
2201400012812025,22,Querétaro,014,Querétaro,0001,Santiago de Querétaro,2812,025,Urbana,74,Típica,37,37,27,11.27,74.0,,0.0,0.0,0.0,0.0,,0.0,0.0,0.0,0.0,0.0,0.0,0.0,0.0,,0.0,45.0,20.0,10.0,50.0,14.0,37.0,74.0,37.0,74.0,,,,2.74,0.66,8.0,3.0,,,,0.0,,65.0,32.0,33.0,3.0,,,20.0,64.0,32.0,32.0,6.0,,4.0,61.0,30.0,31.0,,0.0,,71.0,35.0,36.0,70.0,35.0,35.0,16.0,9.0,7.0,4.0,3.0,,3.0,,,27.0,33.0,27.0,,27.0,5.0,27.0,,33.0,0.0,,0.0,26.0,27.0,27.0,27.0,0.0,18.0,0.0,24.0,0.0,5.0,27.0,27.0,27.0,27.0,27.0,24.0,20.0,25.0,0.0,3.0,7.0,0.0,0.0,17.0,27.0,0.0,10.0,27.0,6.0,,,0.0,0.0,4.0,15.0,0.0,11.0,27.0,25.0,74.0,4093.9920091435492,25.996258728668614,0.0063498557570724114,0.4698893260233584,74.0,False,60
2201400012723029,22,Querétaro,014,Querétaro,0001,Santiago de Querétaro,2723,029,Urbana,16,Típica,6,10,5,12.0,16.0,,0.0,0.0,0.0,0.0,0.0,0.0,0.0,0.0,0.0,0.0,0.0,,,0.0,,10.0,3.0,4.0,12.0,0.0,10.0,16.0,6.0,16.0,0.0,0.0,0.0,3.2,0.7,7.0,0.0,0.0,0.0,,,0.0,13.0,9.0,4.0,,,0.0,8.0,12.0,8.0,4.0,3.0,3.0,0.0,11.0,7.0,4.0,,0.0,,16.0,10.0,6.0,14.0,10.0,4.0,0.0,0.0,0.0,,,0.0,,,0.0,5.0,4.0,5.0,,5.0,0.0,3.0,,6.0,0.0,,,4.0,4.0,5.0,5.0,0.0,3.0,3.0,5.0,,0.0,5.0,5.0,5.0,5.0,5.0,4.0,5.0,4.0,0.0,0.0,,0.0,0.0,3.0,5.0,0.0,4.0,4.0,0.0,0.0,0.0,0.0,0.0,,4.0,0.0,3.0,5.0,5.0,16.0,1044.2957281307608,319.8478965965676,0.306280958526068,4.900495336417088,16.0,False,60
2201400010252002,22,Querétaro,014,Querétaro,0001,Santiago de Querétaro,0252,002,Urbana,124,Típica,55,69,33,10.29,124.0,,,,,,,,4.0,,3.0,3.0,0.0,,3.0,,10.0,79.0,24.0,28.0,86.0,10.0,69.0,124.0,55.0,124.0,0.0,0.0,0.0,3.76,0.91,23.0,4.0,,,7.0,4.0,3.0,103.0,57.0,46.0,3.0,,,33.0,96.0,53.0,43.0,17.0,10.0,7.0,93.0,51.0,42.0,8.0,6.0,,120.0,67.0,53.0,115.0,63.0,52.0,17.0,11.0,6.0,9.0,4.0,5.0,11.0,7.0,4.0,33.0,43.0,33.0,10.0,33.0,5.0,33.0,5.0,43.0,,11.0,5.0,22.0,27.0,31.0,32.0,,11.0,6.0,30.0,6.0,3.0,32.0,32.0,33.0,33.0,33.0,18.0,23.0,21.0,0.0,4.0,21.0,0.0,0.0,19.0,30.0,3.0,25.0,27.0,9.0,3.0,3.0,,,10.0,22.0,,20.0,26.0,27.0,124.0,8564.381064665524,632.5840355373276,0.07386220098813794,9.158912922529105,124.0,False,60
220140001294A033,22,Querétaro,014,Querétaro,0001,Santiago de Querétaro,294A,033,Urbana,125,Típica,61,64,36,8.78,125.0,,,,,,,3.0,8.0,,0.0,4.0,,4.0,5.0,5.0,15.0,73.0,38.0,21.0,91.0,13.0,64.0,125.0,61.0,125.0,,,0.0,3.47,0.79,36.0,5.0,3.0,,7.0,4.0,3.0,111.0,57.0,54.0,8.0,6.0,,38.0,104.0,53.0,51.0,17.0,10.0,7.0,96.0,47.0,49.0,,,0.0,120.0,61.0,59.0,119.0,60.0,59.0,22.0,9.0,13.0,8.0,3.0,5.0,13.0,6.0,7.0,36.0,37.0,36.0,4.0,36.0,4.0,33.0,0.0,40.0,0.0,12.0,12.0,24.0,24.0,36.0,36.0,0.0,5.0,11.0,31.0,,4.0,36.0,36.0,36.0,36.0,36.0,13.0,27.0,31.0,0.0,,29.0,0.0,0.0,15.0,36.0,0.0,23.0,35.0,8.0,3.0,,0.0,0.0,3.0,21.0,0.0,22.0,34.0,33.0,125.0,47119.10471749022,968.8069766283991,0.02056081036422549,2.570101295528186,125.0,False,60
2201400013651005,22,Querétaro,014,Querétaro,0001,Santiago de Querétaro,3651,005,Urbana,84,Típica,41,43,24,12.0,84.0,,0.0,0.0,,,,,0.0,,0.0,0.0,0.0,0.0,,4.0,4.0,45.0,21.0,25.0,56.0,3.0,43.0,84.0,41.0,84.0,5.0,,4.0,3.5,0.87,20.0,,0.0,,7.0,3.0,4.0,66.0,37.0,29.0,3.0,3.0,0.0,25.0,59.0,34.0,25.0,10.0,4.0,6.0,56.0,31.0,25.0,5.0,3.0,,82.0,43.0,39.0,77.0,40.0,37.0,5.0,,3.0,11.0,3.0,8.0,16.0,6.0,10.0,24.0,31.0,24.0,7.0,24.0,7.0,24.0,0.0,31.0,0.0,3.0,0.0,21.0,24.0,24.0,24.0,0.0,17.0,4.0,24.0,5.0,5.0,24.0,24.0,24.0,24.0,24.0,20.0,19.0,19.0,0.0,,7.0,0.0,0.0,16.0,24.0,0.0,21.0,23.0,4.0,0.0,0.0,0.0,0.0,11.0,18.0,0.0,15.0,24.0,24.0,84.0,3526.8730527952007,204.48415492948345,0.05797888153854045,4.870226049237398,84.0,False,60
2201400013651004,22,Querétaro,014,Querétaro,0001,Santiago de Querétaro,3651,004,Urbana,320,Típica,151,169,96,12.4,320.0,,0.0,0.0,0.0,0.0,0.0,,7.0,,,5.0,,8.0,12.0,,30.0,181.0,64.0,92.0,223.0,5.0,169.0,320.0,151.0,320.0,,,,3.33,1.02,53.0,11.0,3.0,8.0,17.0,9.0,8.0,245.0,128.0,117.0,21.0,13.0,8.0,106.0,228.0,119.0,109.0,26.0,13.0,13.0,207.0,106.0,101.0,17.0,10.0,7.0,309.0,166.0,143.0,299.0,160.0,139.0,8.0,4.0,4.0,47.0,28.0,19.0,50.0,29.0,21.0,96.0,100.0,96.0,4.0,96.0,4.0,96.0,0.0,100.0,0.0,11.0,,85.0,94.0,96.0,96.0,0.0,75.0,11.0,95.0,0.0,19.0,96.0,96.0,96.0,96.0,96.0,77.0,85.0,89.0,0.0,7.0,21.0,0.0,0.0,71.0,96.0,0.0,68.0,96.0,4.0,,3.0,0.0,0.0,42.0,73.0,0.0,59.0,96.0,91.0,320.0,10134.282617739575,671.3831393390248,0.06624870892822753,21.19958685703281,320.0,False,60
2201400012085001,22,Querétaro,014,Querétaro,0001,Santiago de Querétaro,2085,001,Urbana,48,Típica,25,23,8,7.09,48.0,,,0.0,0.0,0.0,0.0,,0.0,0.0,0.0,0.0,0.0,0.0,,,,26.0,10.0,14.0,32.0,,23.0,48.0,25.0,48.0,0.0,0.0,0.0,6.0,1.31,11.0,3.0,,,,,0.0,36.0,17.0,19.0,4.0,,3.0,10.0,34.0,15.0,19.0,5.0,,4.0,30.0,14.0,16.0,4.0,,,45.0,21.0,24.0,42.0,19.0,23.0,6.0,3.0,3.0,5.0,,3.0,4.0,3.0,,8.0,12.0,8.0,,7.0,,8.0,,12.0,0.0,,3.0,5.0,4.0,7.0,7.0,0.0,,,6.0,0.0,,7.0,7.0,7.0,7.0,7.0,,4.0,5.0,0.0,,5.0,0.0,0.0,3.0,7.0,0.0,6.0,6.0,,,0.0,0.0,0.0,3.0,5.0,0.0,4.0,3.0,7.0,48.0,2687.426951420413,18.386927532360474,0.00684183342086461,0.3284080042015013,48.0,False,60
2201400012066017,22,Querétaro,014,Querétaro,0001,Santiago de Querétaro,2066,017,Urbana,66,Típica,28,38,16,7.98,66.0,,3.0,,3.0,3.0,,7.0,4.0,0.0,0.0,3.0,,,9.0,8.0,12.0,43.0,12.0,13.0,45.0,8.0,38.0,66.0,28.0,66.0,0.0,0.0,0.0,4.13,1.14,15.0,,,,,,,55.0,30.0,25.0,,,0.0,21.0,53.0,29.0,24.0,15.0,8.0,7.0,52.0,28.0,24.0,3.0,,,64.0,37.0,27.0,62.0,36.0,26.0,10.0,6.0,4.0,6.0,5.0,,6.0,5.0,,16.0,22.0,16.0,,16.0,5.0,15.0,,23.0,3.0,7.0,,9.0,12.0,15.0,15.0,,5.0,0.0,13.0,0.0,,15.0,14.0,16.0,16.0,15.0,4.0,10.0,9.0,,,10.0,0.0,0.0,4.0,15.0,,15.0,15.0,6.0,0.0,0.0,0.0,0.0,,6.0,,10.0,11.0,16.0,66.0,10491.941301796516,519.0086900890124,0.049467365014722625,3.264846090971693,66.0,False,60
2201400012066003,22,Querétaro,014,Querétaro,0001,Santiago de Querétaro,2066,003,Urbana,244,Típica,117,127,56,7.91,244.0,,4.0,,,9.0,,8.0,6.0,,0.0,,3.0,4.0,9.0,18.0,15.0,129.0,63.0,62.0,174.0,8.0,127.0,244.0,117.0,244.0,0.0,0.0,0.0,4.36,1.13,41.0,14.0,9.0,5.0,11.0,7.0,4.0,193.0,98.0,95.0,19.0,7.0,12.0,73.0,182.0,91.0,91.0,34.0,12.0,22.0,163.0,84.0,79.0,15.0,11.0,4.0,230.0,118.0,112.0,225.0,114.0,111.0,13.0,6.0,7.0,22.0,9.0,13.0,24.0,13.0,11.0,56.0,70.0,56.0,,56.0,13.0,56.0,,70.0,,7.0,4.0,49.0,50.0,55.0,55.0,,31.0,0.0,52.0,3.0,,56.0,55.0,56.0,56.0,55.0,31.0,36.0,37.0,,6.0,23.0,0.0,0.0,16.0,52.0,4.0,51.0,51.0,18.0,,,,,5.0,33.0,0.0,33.0,38.0,55.0,244.0,17759.025681376523,56.18693537546373,0.0031638523634990668,0.7719799766937723,244.0,False,60
2201400012047028,22,Querétaro,014,Querétaro,0001,Santiago de Querétaro,2047,028,Urbana,171,Típica,81,90,53,12.13,171.0,,4.0,,,,,,3.0,0.0,0.0,,,,10.0,7.0,13.0,142.0,6.0,29.0,137.0,5.0,90.0,171.0,81.0,171.0,6.0,4.0,,3.23,0.84,11.0,4.0,3.0,,6.0,4.0,,148.0,76.0,72.0,8.0,3.0,5.0,49.0,142.0,72.0,70.0,28.0,11.0,17.0,134.0,69.0,65.0,6.0,,4.0,167.0,87.0,80.0,164.0,85.0,79.0,11.0,5.0,6.0,13.0,9.0,4.0,13.0,10.0,3.0,53.0,58.0,53.0,6.0,53.0,6.0,52.0,0.0,59.0,0.0,5.0,0.0,48.0,53.0,53.0,53.0,0.0,32.0,9.0,50.0,,10.0,53.0,53.0,53.0,53.0,53.0,38.0,51.0,45.0,0.0,,21.0,0.0,0.0,36.0,52.0,,32.0,51.0,,0.0,0.0,0.0,0.0,20.0,46.0,0.0,44.0,53.0,52.0,171.0,3986.254870839907,502.2562928178158,0.12599703458298692,21.54549291369076,171.0,False,60
2201400011975047,22,Querétaro,014,Querétaro,0001,Santiago de Querétaro,1975,047,Urbana,36,Típica,17,19,12,12.77,36.0,,,0.0,0.0,,0.0,0.0,,,0.0,0.0,0.0,,,,3.0,18.0,13.0,5.0,29.0,,19.0,36.0,17.0,36.0,0.0,0.0,0.0,3.0,0.72,9.0,,,0.0,0.0,0.0,0.0,31.0,16.0,15.0,,0.0,,12.0,31.0,16.0,15.0,8.0,4.0,4.0,30.0,16.0,14.0,3.0,,,35.0,18.0,17.0,32.0,16.0,16.0,4.0,,,,0.0,,0.0,0.0,0.0,12.0,11.0,12.0,0.0,12.0,0.0,11.0,0.0,12.0,0.0,0.0,0.0,12.0,12.0,12.0,12.0,0.0,7.0,,12.0,,3.0,12.0,12.0,12.0,12.0,12.0,8.0,11.0,11.0,0.0,0.0,5.0,0.0,0.0,10.0,12.0,0.0,10.0,12.0,,0.0,0.0,0.0,0.0,3.0,9.0,0.0,11.0,12.0,12.0,36.0,1062.2191613995205,9.356142477576004,0.008808109303214672,0.3170919349157282,36.0,False,60
2201400011975027,22,Querétaro,014,Querétaro,0001,Santiago de Querétaro,1975,027,Urbana,256,Típica,119,137,81,12.82,256.0,,3.0,,0.0,,0.0,,6.0,0.0,,6.0,0.0,3.0,7.0,6.0,15.0,145.0,77.0,44.0,203.0,9.0,137.0,256.0,119.0,256.0,,0.0,,3.16,0.87,48.0,13.0,4.0,9.0,10.0,4.0,6.0,222.0,119.0,103.0,10.0,3.0,7.0,77.0,212.0,115.0,97.0,45.0,23.0,22.0,202.0,112.0,90.0,6.0,5.0,,243.0,133.0,110.0,238.0,129.0,109.0,17.0,7.0,10.0,15.0,9.0,6.0,22.0,11.0,11.0,81.0,88.0,81.0,8.0,81.0,8.0,80.0,0.0,89.0,0.0,14.0,12.0,67.0,69.0,81.0,81.0,0.0,49.0,13.0,81.0,0.0,15.0,81.0,81.0,81.0,81.0,81.0,50.0,78.0,67.0,0.0,5.0,29.0,0.0,0.0,57.0,81.0,0.0,55.0,80.0,,0.0,,0.0,0.0,36.0,61.0,0.0,66.0,81.0,79.0,256.0,10318.753120088666,581.7663020260777,0.05637951555343334,14.433155981678935,256.0,False,60
2201400012028015,22,Querétaro,014,Querétaro,0001,Santiago de Querétaro,2028,015,Urbana,37,Típica,18,19,10,8.68,37.0,,0.0,0.0,,3.0,,0.0,3.0,0.0,0.0,,,0.0,,3.0,4.0,19.0,13.0,6.0,27.0,4.0,19.0,37.0,18.0,37.0,0.0,0.0,0.0,3.7,0.95,14.0,,,0.0,,,0.0,32.0,16.0,16.0,,0.0,,9.0,31.0,15.0,16.0,6.0,,4.0,29.0,15.0,14.0,3.0,,,36.0,18.0,18.0,33.0,16.0,17.0,5.0,5.0,0.0,,0.0,,,,0.0,10.0,11.0,10.0,3.0,10.0,3.0,8.0,0.0,13.0,,,0.0,9.0,9.0,9.0,9.0,,,5.0,8.0,4.0,,10.0,9.0,10.0,10.0,10.0,6.0,6.0,8.0,0.0,,8.0,0.0,0.0,6.0,10.0,0.0,8.0,10.0,3.0,0.0,0.0,0.0,0.0,,6.0,0.0,6.0,9.0,10.0,37.0,2475.2603531645173,296.19704200757394,0.11966298479628551,4.427530437462564,37.0,False,60
2201400011867018,22,Querétaro,014,Querétaro,0001,Santiago de Querétaro,1867,018,Urbana,30,Típica,12,18,15,15.24,30.0,,0.0,0.0,0.0,0.0,0.0,0.0,,0.0,0.0,,0.0,3.0,,0.0,6.0,18.0,12.0,,23.0,6.0,18.0,30.0,12.0,30.0,4.0,,3.0,2.0,0.47,,0.0,0.0,0.0,,,0.0,30.0,18.0,12.0,0.0,0.0,0.0,9.0,29.0,17.0,12.0,6.0,4.0,,29.0,17.0,12.0,0.0,0.0,0.0,30.0,18.0,12.0,30.0,18.0,12.0,11.0,6.0,5.0,0.0,0.0,0.0,,,0.0,15.0,16.0,15.0,,15.0,,14.0,0.0,17.0,,9.0,4.0,6.0,9.0,15.0,15.0,0.0,10.0,,15.0,,,15.0,15.0,15.0,15.0,15.0,13.0,14.0,13.0,0.0,,5.0,0.0,0.0,14.0,15.0,0.0,14.0,14.0,0.0,0.0,0.0,0.0,0.0,11.0,13.0,0.0,8.0,15.0,14.0,30.0,28792.440400311767,685.0548380735991,0.023792871620086125,0.7137861486025837,30.0,False,60
2201400011829031,22,Querétaro,014,Querétaro,0001,Santiago de Querétaro,1829,031,Urbana,66,Típica,32,34,24,11.63,66.0,,,0.0,,5.0,,,6.0,,,4.0,3.0,6.0,7.0,7.0,17.0,38.0,20.0,10.0,47.0,9.0,34.0,66.0,32.0,66.0,,,,2.75,0.92,15.0,3.0,,,,,0.0,58.0,30.0,28.0,,,0.0,18.0,56.0,28.0,28.0,10.0,7.0,3.0,54.0,26.0,28.0,,,0.0,63.0,33.0,30.0,62.0,32.0,30.0,11.0,7.0,4.0,4.0,,,6.0,4.0,,24.0,22.0,24.0,,24.0,,18.0,,28.0,8.0,13.0,,11.0,15.0,24.0,24.0,0.0,12.0,3.0,24.0,,6.0,24.0,24.0,24.0,24.0,24.0,13.0,20.0,17.0,0.0,3.0,12.0,0.0,0.0,17.0,24.0,0.0,19.0,23.0,,0.0,,0.0,0.0,11.0,15.0,0.0,11.0,22.0,21.0,66.0,2490.8569004491687,232.34361586733104,0.09327858851523474,6.156386842005492,66.0,False,60
220140001180A005,22,Querétaro,014,Querétaro,0001,Santiago de Querétaro,180A,005,Urbana,118,Típica,58,60,36,13.84,118.0,,0.0,,,3.0,,,3.0,0.0,0.0,4.0,,,3.0,5.0,8.0,69.0,35.0,22.0,89.0,7.0,60.0,118.0,58.0,118.0,0.0,0.0,0.0,3.28,0.67,16.0,7.0,4.0,3.0,8.0,,7.0,104.0,55.0,49.0,4.0,,,36.0,96.0,54.0,42.0,17.0,10.0,7.0,92.0,52.0,40.0,4.0,0.0,4.0,111.0,56.0,55.0,111.0,56.0,55.0,8.0,5.0,3.0,3.0,,,11.0,,9.0,36.0,39.0,36.0,5.0,36.0,5.0,34.0,0.0,41.0,0.0,6.0,0.0,30.0,36.0,36.0,36.0,0.0,28.0,7.0,36.0,12.0,12.0,36.0,36.0,36.0,36.0,36.0,31.0,34.0,33.0,0.0,6.0,8.0,0.0,0.0,31.0,36.0,0.0,35.0,36.0,,0.0,0.0,0.0,0.0,23.0,31.0,0.0,25.0,34.0,36.0,118.0,5506.101963443251,77.14240481785085,0.014010348033876527,1.6532210679974302,118.0,False,60
2201400011797003,22,Querétaro,014,Querétaro,0001,Santiago de Querétaro,1797,003,Urbana,90,Típica,45,45,23,9.6,90.0,,,,,3.0,0.0,,5.0,,,3.0,,4.0,3.0,6.0,7.0,39.0,43.0,10.0,64.0,16.0,45.0,90.0,45.0,90.0,0.0,0.0,0.0,3.91,0.8,8.0,3.0,,,,0.0,,82.0,44.0,38.0,9.0,,7.0,25.0,80.0,44.0,36.0,6.0,4.0,,71.0,42.0,29.0,,0.0,,87.0,44.0,43.0,86.0,44.0,42.0,19.0,11.0,8.0,3.0,0.0,3.0,4.0,0.0,4.0,23.0,25.0,23.0,,23.0,3.0,20.0,,28.0,0.0,5.0,3.0,18.0,20.0,23.0,23.0,0.0,7.0,6.0,18.0,,,23.0,23.0,23.0,23.0,23.0,9.0,14.0,16.0,0.0,,16.0,0.0,0.0,9.0,23.0,0.0,17.0,22.0,8.0,3.0,0.0,0.0,0.0,8.0,14.0,0.0,12.0,19.0,23.0,90.0,10722.97606172425,985.6265510627983,0.0919172574282806,8.272553168545253,90.0,False,60
2201400011797002,22,Querétaro,014,Querétaro,0001,Santiago de Querétaro,1797,002,Urbana,0,Típica,0,0,0,0.0,0.0,,0.0,0.0,0.0,0.0,0.0,0.0,0.0,0.0,0.0,0.0,0.0,0.0,0.0,0.0,0.0,0.0,0.0,0.0,0.0,0.0,0.0,0.0,0.0,0.0,0.0,0.0,0.0,0.0,0.0,0.0,0.0,0.0,0.0,0.0,0.0,0.0,0.0,0.0,0.0,0.0,0.0,0.0,0.0,0.0,0.0,0.0,0.0,0.0,0.0,0.0,0.0,0.0,0.0,0.0,0.0,0.0,0.0,0.0,0.0,0.0,0.0,0.0,0.0,0.0,0.0,0.0,0.0,0.0,0.0,0.0,,,,,,,,,1.0,0.0,0.0,0.0,0.0,0.0,0.0,0.0,0.0,0.0,0.0,0.0,0.0,0.0,0.0,0.0,0.0,0.0,0.0,0.0,0.0,0.0,0.0,0.0,0.0,0.0,0.0,0.0,0.0,0.0,0.0,0.0,0.0,0.0,0.0,0.0,0.0,0.0,0.0,0.0,0.0,0.0,0.0,0.0,228035.8099582677,914.6697874683122,0.004011079609100447,0.0,0.0,False,60
2201400011797001,22,Querétaro,014,Querétaro,0001,Santiago de Querétaro,1797,001,Urbana,0,Típica,0,0,0,0.0,0.0,,0.0,0.0,0.0,0.0,0.0,0.0,0.0,0.0,0.0,0.0,0.0,0.0,0.0,0.0,0.0,0.0,0.0,0.0,0.0,0.0,0.0,0.0,0.0,0.0,0.0,0.0,0.0,0.0,0.0,0.0,0.0,0.0,0.0,0.0,0.0,0.0,0.0,0.0,0.0,0.0,0.0,0.0,0.0,0.0,0.0,0.0,0.0,0.0,0.0,0.0,0.0,0.0,0.0,0.0,0.0,0.0,0.0,0.0,0.0,0.0,0.0,0.0,0.0,0.0,0.0,0.0,0.0,0.0,0.0,0.0,0.0,0.0,0.0,0.0,0.0,0.0,0.0,0.0,0.0,0.0,0.0,0.0,0.0,0.0,0.0,0.0,0.0,0.0,0.0,0.0,0.0,0.0,0.0,0.0,0.0,0.0,0.0,0.0,0.0,0.0,0.0,0.0,0.0,0.0,0.0,0.0,0.0,0.0,0.0,0.0,0.0,0.0,0.0,0.0,0.0,0.0,0.0,0.0,0.0,0.0,0.0,0.0,117043.1081767851,1294.8398067220041,0.011062930802950335,0.0,0.0,False,60
2201400011797008,22,Querétaro,014,Querétaro,0001,Santiago de Querétaro,1797,008,Urbana,0,Típica,0,0,0,0.0,0.0,,0.0,0.0,0.0,0.0,0.0,0.0,0.0,0.0,0.0,0.0,0.0,0.0,0.0,0.0,0.0,0.0,0.0,0.0,0.0,0.0,0.0,0.0,0.0,0.0,0.0,0.0,0.0,0.0,0.0,0.0,0.0,0.0,0.0,0.0,0.0,0.0,0.0,0.0,0.0,0.0,0.0,0.0,0.0,0.0,0.0,0.0,0.0,0.0,0.0,0.0,0.0,0.0,0.0,0.0,0.0,0.0,0.0,0.0,0.0,0.0,0.0,0.0,0.0,0.0,0.0,0.0,0.0,0.0,0.0,0.0,0.0,0.0,0.0,0.0,0.0,0.0,0.0,0.0,0.0,0.0,0.0,0.0,0.0,0.0,0.0,0.0,0.0,0.0,0.0,0.0,0.0,0.0,0.0,0.0,0.0,0.0,0.0,0.0,0.0,0.0,0.0,0.0,0.0,0.0,0.0,0.0,0.0,0.0,0.0,0.0,0.0,0.0,0.0,0.0,0.0,0.0,0.0,0.0,0.0,0.0,0.0,0.0,14958.434034500739,402.1857173809606,0.02688688645170632,0.0,0.0,False,60
2201400012441030,22,Querétaro,014,Querétaro,0001,Santiago de Querétaro,2441,030,Urbana,165,Típica,86,79,40,9.52,165.0,,,,0.0,4.0,,,3.0,0.0,0.0,4.0,9.0,,21.0,9.0,23.0,94.0,46.0,27.0,121.0,17.0,79.0,165.0,86.0,165.0,0.0,0.0,0.0,4.13,1.05,32.0,7.0,3.0,4.0,,,,140.0,70.0,70.0,7.0,3.0,4.0,43.0,138.0,69.0,69.0,26.0,13.0,13.0,131.0,66.0,65.0,6.0,4.0,,158.0,76.0,82.0,153.0,73.0,80.0,25.0,13.0,12.0,12.0,,10.0,10.0,3.0,7.0,40.0,44.0,40.0,5.0,40.0,5.0,39.0,0.0,45.0,,7.0,6.0,33.0,33.0,40.0,40.0,0.0,20.0,4.0,37.0,3.0,,40.0,40.0,40.0,40.0,40.0,16.0,29.0,28.0,0.0,,19.0,0.0,0.0,18.0,39.0,,29.0,39.0,9.0,,,0.0,0.0,5.0,31.0,0.0,18.0,33.0,39.0,165.0,11518.811126776765,183.56437915108063,0.015936052525799705,2.6294486667569514,165.0,False,60
2201400012437014,22,Querétaro,014,Querétaro,0001,Santiago de Querétaro,2437,014,Urbana,56,Típica,27,29,11,8.33,56.0,,,0.0,0.0,,,0.0,4.0,,,0.0,,5.0,7.0,,14.0,29.0,17.0,14.0,38.0,4.0,29.0,56.0,27.0,56.0,0.0,0.0,0.0,5.09,1.37,17.0,,,0.0,4.0,,3.0,46.0,24.0,22.0,4.0,,3.0,16.0,42.0,23.0,19.0,10.0,4.0,6.0,38.0,22.0,16.0,5.0,,3.0,54.0,27.0,27.0,52.0,26.0,26.0,5.0,4.0,,3.0,,,6.0,,4.0,11.0,17.0,11.0,,11.0,4.0,11.0,,17.0,0.0,,3.0,9.0,8.0,10.0,11.0,0.0,7.0,,10.0,0.0,,11.0,11.0,11.0,11.0,11.0,6.0,9.0,9.0,0.0,,4.0,0.0,0.0,4.0,10.0,,7.0,11.0,,,,0.0,0.0,0.0,7.0,0.0,5.0,9.0,10.0,56.0,4002.839006160095,212.88014716885297,0.053182290579572404,2.9782082724560546,56.0,False,60
2201400012403036,22,Querétaro,014,Querétaro,0001,Santiago de Querétaro,2403,036,Urbana,0,Contenedora,0,0,0,0.0,0.0,,0.0,0.0,0.0,0.0,0.0,0.0,0.0,0.0,0.0,0.0,0.0,0.0,0.0,0.0,0.0,0.0,0.0,0.0,0.0,0.0,0.0,0.0,0.0,0.0,0.0,0.0,0.0,0.0,0.0,0.0,0.0,0.0,0.0,0.0,0.0,0.0,0.0,0.0,0.0,0.0,0.0,0.0,0.0,0.0,0.0,0.0,0.0,0.0,0.0,0.0,0.0,0.0,0.0,0.0,0.0,0.0,0.0,0.0,0.0,0.0,0.0,0.0,0.0,0.0,0.0,0.0,0.0,0.0,0.0,0.0,0.0,0.0,0.0,0.0,0.0,0.0,0.0,0.0,0.0,0.0,0.0,0.0,0.0,0.0,0.0,0.0,0.0,0.0,0.0,0.0,0.0,0.0,0.0,0.0,0.0,0.0,0.0,0.0,0.0,0.0,0.0,0.0,0.0,0.0,0.0,0.0,0.0,0.0,0.0,0.0,0.0,0.0,0.0,0.0,0.0,0.0,0.0,0.0,0.0,0.0,0.0,0.0,3360.655903922617,128.74120738844996,0.03830835737695756,0.0,0.0,False,60
2201400012403024,22,Querétaro,014,Querétaro,0001,Santiago de Querétaro,2403,024,Urbana,24,Típica,13,11,9,15.5,24.0,,0.0,0.0,0.0,0.0,0.0,,0.0,0.0,0.0,0.0,0.0,,0.0,,,15.0,6.0,4.0,20.0,0.0,11.0,24.0,13.0,24.0,8.0,4.0,4.0,2.67,0.65,,0.0,0.0,0.0,,0.0,,21.0,10.0,11.0,0.0,0.0,0.0,7.0,20.0,10.0,10.0,4.0,3.0,,20.0,10.0,10.0,,,,24.0,11.0,13.0,22.0,10.0,12.0,4.0,,,,0.0,,,0.0,,9.0,16.0,9.0,,9.0,6.0,9.0,,16.0,0.0,0.0,0.0,9.0,9.0,9.0,9.0,0.0,7.0,,9.0,9.0,,9.0,9.0,9.0,9.0,9.0,9.0,8.0,9.0,0.0,0.0,,0.0,0.0,8.0,9.0,0.0,9.0,9.0,0.0,0.0,0.0,0.0,0.0,8.0,5.0,0.0,6.0,8.0,8.0,24.0,364.5457771043985,46.42138290220451,0.12734033917751397,3.0561681402603353,24.0,False,60
2201400012348036,22,Querétaro,014,Querétaro,0001,Santiago de Querétaro,2348,036,Urbana,28,Típica,16,12,7,13.3,22.0,,0.0,0.0,,,0.0,,0.0,0.0,0.0,0.0,0.0,0.0,3.0,,3.0,15.0,6.0,,23.0,3.0,12.0,22.0,16.0,28.0,0.0,0.0,0.0,3.14,0.68,,0.0,0.0,0.0,,,0.0,27.0,11.0,16.0,,0.0,,8.0,26.0,10.0,16.0,9.0,,7.0,25.0,10.0,15.0,0.0,0.0,0.0,28.0,12.0,16.0,28.0,12.0,16.0,4.0,,,,,0.0,,,0.0,7.0,9.0,7.0,3.0,6.0,3.0,6.0,0.0,10.0,0.0,,0.0,5.0,6.0,6.0,6.0,0.0,5.0,,6.0,3.0,0.0,6.0,6.0,6.0,6.0,6.0,6.0,6.0,6.0,0.0,0.0,,0.0,0.0,4.0,6.0,0.0,4.0,6.0,0.0,0.0,0.0,0.0,0.0,3.0,6.0,0.0,4.0,6.0,6.0,28.0,29384.47434896861,666.0559506163695,0.022666934337715928,0.6346741614560459,28.0,False,60
2201400012259005,22,Querétaro,014,Querétaro,0001,Santiago de Querétaro,2259,005,Urbana,46,Típica,21,25,16,8.75,46.0,,,0.0,0.0,,,3.0,5.0,0.0,0.0,,0.0,5.0,3.0,5.0,9.0,24.0,15.0,10.0,27.0,9.0,25.0,46.0,21.0,46.0,0.0,0.0,0.0,2.88,0.78,6.0,,,,3.0,3.0,0.0,39.0,21.0,18.0,,0.0,,7.0,36.0,18.0,18.0,4.0,,3.0,34.0,18.0,16.0,0.0,0.0,0.0,44.0,24.0,20.0,44.0,24.0,20.0,12.0,7.0,5.0,5.0,3.0,,7.0,5.0,,16.0,19.0,16.0,,16.0,,16.0,,19.0,0.0,,3.0,14.0,13.0,15.0,16.0,0.0,7.0,0.0,13.0,0.0,,16.0,16.0,16.0,16.0,16.0,10.0,12.0,15.0,0.0,,9.0,0.0,0.0,6.0,16.0,0.0,11.0,15.0,4.0,,0.0,0.0,0.0,3.0,11.0,0.0,11.0,12.0,16.0,46.0,2658.1637410083385,208.65851456109255,0.07849723903085848,3.61087299541949,46.0,False,60
2201400012155024,22,Querétaro,014,Querétaro,0001,Santiago de Querétaro,2155,024,Urbana,74,Típica,33,41,23,13.83,74.0,,0.0,0.0,0.0,4.0,0.0,,7.0,0.0,0.0,4.0,,3.0,3.0,4.0,11.0,40.0,27.0,10.0,52.0,12.0,41.0,74.0,33.0,74.0,0.0,0.0,0.0,3.22,0.61,22.0,0.0,0.0,0.0,3.0,3.0,0.0,67.0,38.0,29.0,4.0,,,24.0,64.0,35.0,29.0,10.0,6.0,4.0,60.0,33.0,27.0,,,,74.0,41.0,33.0,72.0,40.0,32.0,17.0,8.0,9.0,5.0,,3.0,6.0,3.0,3.0,23.0,27.0,23.0,,23.0,,23.0,3.0,27.0,0.0,3.0,0.0,20.0,23.0,23.0,23.0,0.0,17.0,,23.0,11.0,9.0,23.0,23.0,23.0,23.0,23.0,22.0,20.0,19.0,0.0,,6.0,0.0,0.0,18.0,23.0,0.0,19.0,23.0,3.0,0.0,0.0,0.0,0.0,10.0,19.0,0.0,18.0,23.0,23.0,74.0,7571.806029517853,531.3344970043269,0.0701727560020658,5.192783944152869,74.0,False,60
2201400012155016,22,Querétaro,014,Querétaro,0001,Santiago de Querétaro,2155,016,Urbana,74,Típica,31,43,26,14.03,74.0,,0.0,0.0,0.0,,0.0,,6.0,0.0,0.0,6.0,0.0,,3.0,3.0,10.0,45.0,24.0,6.0,47.0,21.0,43.0,74.0,31.0,74.0,0.0,0.0,0.0,2.85,0.52,26.0,0.0,0.0,0.0,,,0.0,69.0,39.0,30.0,0.0,0.0,0.0,17.0,68.0,38.0,30.0,11.0,6.0,5.0,68.0,38.0,30.0,,,0.0,74.0,43.0,31.0,74.0,43.0,31.0,23.0,14.0,9.0,4.0,3.0,,5.0,4.0,,26.0,29.0,26.0,,26.0,,25.0,3.0,30.0,0.0,3.0,0.0,23.0,26.0,26.0,26.0,0.0,23.0,4.0,26.0,17.0,3.0,26.0,26.0,26.0,26.0,26.0,24.0,25.0,26.0,0.0,,,0.0,0.0,21.0,26.0,0.0,22.0,26.0,,0.0,,0.0,0.0,13.0,21.0,0.0,24.0,26.0,25.0,74.0,6359.911642264761,334.13059095909136,0.05253698632204702,3.8877369878314796,74.0,False,60
2201400012140028,22,Querétaro,014,Querétaro,0001,Santiago de Querétaro,2140,028,Urbana,5,Típica,3,0,3,16.2,5.0,,0.0,0.0,0.0,0.0,0.0,0.0,0.0,0.0,0.0,0.0,0.0,0.0,0.0,0.0,0.0,5.0,0.0,0.0,5.0,0.0,,5.0,3.0,5.0,0.0,0.0,0.0,1.67,0.56,,0.0,0.0,0.0,0.0,0.0,0.0,5.0,,3.0,0.0,0.0,0.0,,5.0,,3.0,0.0,0.0,0.0,5.0,,3.0,0.0,0.0,0.0,5.0,,3.0,5.0,,3.0,0.0,0.0,0.0,0.0,0.0,0.0,0.0,0.0,0.0,3.0,3.0,3.0,,3.0,,,0.0,4.0,0.0,,,,,3.0,3.0,0.0,0.0,0.0,3.0,0.0,0.0,3.0,3.0,3.0,3.0,3.0,3.0,3.0,3.0,0.0,0.0,3.0,0.0,0.0,,3.0,0.0,,3.0,0.0,0.0,0.0,0.0,0.0,,,0.0,0.0,3.0,3.0,5.0,1385.41698038413,187.3246967173069,0.1352117805466539,0.6760589027332695,5.0,False,60
2201400011689022,22,Querétaro,014,Querétaro,0001,Santiago de Querétaro,1689,022,Urbana,124,Típica,59,65,33,13.45,124.0,,0.0,0.0,0.0,0.0,0.0,0.0,,0.0,0.0,,,,37.0,0.0,37.0,76.0,37.0,17.0,104.0,3.0,65.0,124.0,59.0,124.0,,0.0,,3.76,0.69,31.0,5.0,,3.0,6.0,3.0,3.0,113.0,58.0,55.0,4.0,,,37.0,107.0,55.0,52.0,20.0,11.0,9.0,103.0,53.0,50.0,3.0,,,119.0,63.0,56.0,118.0,62.0,56.0,11.0,5.0,6.0,3.0,3.0,0.0,6.0,3.0,3.0,33.0,36.0,33.0,,33.0,3.0,32.0,,37.0,0.0,0.0,,33.0,32.0,33.0,33.0,0.0,25.0,9.0,33.0,6.0,8.0,33.0,33.0,33.0,33.0,33.0,22.0,33.0,29.0,0.0,5.0,6.0,0.0,0.0,30.0,33.0,0.0,27.0,33.0,0.0,0.0,,0.0,0.0,27.0,29.0,0.0,29.0,33.0,32.0,124.0,38348.729474500935,177.81509034841355,0.004636792216718612,0.5749622348731078,124.0,False,60
2201400011689012,22,Querétaro,014,Querétaro,0001,Santiago de Querétaro,1689,012,Urbana,427,Típica,199,228,116,11.89,427.0,,,,,5.0,,3.0,11.0,,,13.0,9.0,11.0,26.0,10.0,43.0,292.0,73.0,78.0,339.0,10.0,228.0,427.0,199.0,427.0,99.0,54.0,45.0,3.68,0.96,72.0,19.0,8.0,11.0,16.0,8.0,8.0,365.0,194.0,171.0,20.0,13.0,7.0,150.0,349.0,186.0,163.0,73.0,34.0,39.0,329.0,173.0,156.0,13.0,4.0,9.0,408.0,220.0,188.0,399.0,216.0,183.0,22.0,13.0,9.0,30.0,22.0,8.0,33.0,19.0,14.0,116.0,119.0,116.0,,116.0,6.0,112.0,,123.0,0.0,7.0,3.0,109.0,113.0,116.0,116.0,0.0,68.0,29.0,112.0,17.0,29.0,116.0,116.0,116.0,116.0,116.0,69.0,109.0,96.0,0.0,11.0,44.0,0.0,0.0,68.0,116.0,0.0,86.0,113.0,7.0,0.0,0.0,0.0,0.0,45.0,93.0,0.0,85.0,116.0,113.0,427.0,12640.930631269646,502.9879367168865,0.039790419818668585,16.990509262571486,427.0,False,60
2201400011689011,22,Querétaro,014,Querétaro,0001,Santiago de Querétaro,1689,011,Urbana,184,Típica,85,99,58,12.36,184.0,,3.0,0.0,,3.0,,,11.0,0.0,,6.0,,9.0,25.0,7.0,39.0,113.0,50.0,23.0,145.0,16.0,99.0,184.0,85.0,184.0,0.0,0.0,0.0,3.17,0.63,31.0,10.0,5.0,5.0,,,,163.0,91.0,72.0,5.0,,3.0,47.0,161.0,90.0,71.0,22.0,10.0,12.0,156.0,88.0,68.0,4.0,,3.0,174.0,94.0,80.0,170.0,93.0,77.0,30.0,17.0,13.0,7.0,,5.0,8.0,3.0,5.0,58.0,63.0,58.0,5.0,58.0,5.0,58.0,0.0,63.0,0.0,10.0,0.0,48.0,58.0,58.0,58.0,0.0,43.0,8.0,57.0,16.0,9.0,58.0,58.0,58.0,58.0,58.0,42.0,55.0,51.0,0.0,5.0,15.0,0.0,0.0,42.0,58.0,0.0,44.0,58.0,3.0,,0.0,0.0,0.0,18.0,42.0,0.0,46.0,58.0,58.0,184.0,9465.69004888052,459.8552060961694,0.048581265995557836,8.938952943182642,184.0,False,60
2201400011689010,22,Querétaro,014,Querétaro,0001,Santiago de Querétaro,1689,010,Urbana,0,Típica,0,0,0,0.0,0.0,,0.0,0.0,0.0,0.0,0.0,0.0,0.0,0.0,0.0,0.0,0.0,0.0,0.0,0.0,0.0,0.0,0.0,0.0,0.0,0.0,0.0,0.0,0.0,0.0,0.0,0.0,0.0,0.0,0.0,0.0,0.0,0.0,0.0,0.0,0.0,0.0,0.0,0.0,0.0,0.0,0.0,0.0,0.0,0.0,0.0,0.0,0.0,0.0,0.0,0.0,0.0,0.0,0.0,0.0,0.0,0.0,0.0,0.0,0.0,0.0,0.0,0.0,0.0,0.0,0.0,0.0,0.0,0.0,0.0,0.0,0.0,0.0,0.0,0.0,0.0,0.0,0.0,0.0,0.0,0.0,0.0,0.0,0.0,0.0,0.0,0.0,0.0,0.0,0.0,0.0,0.0,0.0,0.0,0.0,0.0,0.0,0.0,0.0,0.0,0.0,0.0,0.0,0.0,0.0,0.0,0.0,0.0,0.0,0.0,0.0,0.0,0.0,0.0,0.0,0.0,0.0,0.0,0.0,0.0,0.0,0.0,0.0,12672.586833937721,651.4428398415532,0.051405671815714996,0.0,0.0,False,60
2201400011689009,22,Querétaro,014,Querétaro,0001,Santiago de Querétaro,1689,009,Urbana,255,Típica,114,141,80,13.42,255.0,,,,4.0,8.0,,3.0,7.0,,0.0,,4.0,,13.0,13.0,20.0,134.0,82.0,49.0,193.0,13.0,141.0,255.0,114.0,255.0,,,0.0,3.19,0.82,50.0,10.0,5.0,5.0,10.0,6.0,4.0,216.0,125.0,91.0,7.0,5.0,,76.0,206.0,119.0,87.0,33.0,17.0,16.0,199.0,114.0,85.0,7.0,,5.0,245.0,136.0,109.0,241.0,134.0,107.0,22.0,13.0,9.0,22.0,9.0,13.0,22.0,11.0,11.0,80.0,79.0,80.0,,80.0,7.0,71.0,,88.0,0.0,17.0,7.0,63.0,73.0,80.0,80.0,0.0,50.0,8.0,76.0,5.0,15.0,80.0,80.0,80.0,80.0,80.0,50.0,69.0,68.0,0.0,3.0,30.0,0.0,0.0,54.0,80.0,0.0,52.0,77.0,8.0,,,0.0,0.0,28.0,56.0,0.0,57.0,78.0,75.0,255.0,10627.047742850547,461.90755093031544,0.04346527484465931,11.083645085388126,255.0,False,60
2201400011621014,22,Querétaro,014,Querétaro,0001,Santiago de Querétaro,1621,014,Urbana,92,Típica,41,51,28,14.9,92.0,,0.0,0.0,0.0,0.0,0.0,,3.0,0.0,,,0.0,3.0,4.0,,10.0,57.0,25.0,11.0,67.0,14.0,51.0,92.0,41.0,92.0,0.0,0.0,0.0,3.29,0.51,16.0,,,,,,0.0,82.0,45.0,37.0,5.0,5.0,0.0,27.0,81.0,44.0,37.0,13.0,7.0,6.0,76.0,39.0,37.0,,,,90.0,50.0,40.0,89.0,49.0,40.0,20.0,10.0,10.0,6.0,4.0,,5.0,3.0,,28.0,30.0,28.0,5.0,28.0,5.0,25.0,0.0,33.0,0.0,,,27.0,27.0,27.0,28.0,0.0,27.0,7.0,28.0,27.0,9.0,28.0,28.0,28.0,28.0,28.0,27.0,28.0,27.0,0.0,4.0,,0.0,0.0,25.0,28.0,0.0,22.0,28.0,0.0,0.0,0.0,0.0,0.0,18.0,24.0,0.0,25.0,25.0,28.0,92.0,63719.74935842705,819.3478384229627,0.012858616781652524,1.1829927439120322,92.0,False,60
2201400011621001,22,Querétaro,014,Querétaro,0001,Santiago de Querétaro,1621,001,Urbana,237,Típica,123,114,83,14.65,237.0,,0.0,,,9.0,,6.0,5.0,,0.0,5.0,4.0,5.0,16.0,14.0,26.0,144.0,77.0,24.0,175.0,38.0,114.0,237.0,123.0,237.0,17.0,7.0,10.0,2.86,0.47,28.0,,,,8.0,,6.0,221.0,107.0,114.0,10.0,5.0,5.0,50.0,213.0,105.0,108.0,27.0,10.0,17.0,203.0,100.0,103.0,,0.0,,235.0,113.0,122.0,234.0,113.0,121.0,54.0,29.0,25.0,13.0,6.0,7.0,19.0,6.0,13.0,83.0,80.0,83.0,8.0,83.0,8.0,72.0,0.0,91.0,0.0,4.0,0.0,79.0,83.0,83.0,83.0,0.0,79.0,30.0,82.0,71.0,24.0,83.0,83.0,83.0,83.0,83.0,80.0,81.0,83.0,0.0,28.0,4.0,0.0,0.0,80.0,83.0,0.0,70.0,83.0,,0.0,,0.0,0.0,61.0,70.0,0.0,79.0,78.0,80.0,237.0,139359.66296560742,1426.8345272451265,0.010238504434366026,2.4265255509447483,237.0,False,60
2201400011570034,22,Querétaro,014,Querétaro,0001,Santiago de Querétaro,1570,034,Urbana,65,Típica,33,32,19,14.75,65.0,,0.0,0.0,0.0,0.0,0.0,0.0,,0.0,0.0,,,3.0,,0.0,8.0,43.0,15.0,9.0,51.0,5.0,32.0,65.0,33.0,65.0,5.0,3.0,,3.42,0.64,15.0,,0.0,,,,0.0,58.0,30.0,28.0,,,0.0,18.0,56.0,28.0,28.0,18.0,8.0,10.0,55.0,27.0,28.0,3.0,,,63.0,32.0,31.0,61.0,31.0,30.0,9.0,5.0,4.0,,,,3.0,,,19.0,24.0,19.0,,18.0,3.0,19.0,,24.0,0.0,,0.0,16.0,18.0,18.0,18.0,0.0,15.0,,18.0,10.0,6.0,18.0,18.0,18.0,18.0,18.0,17.0,16.0,17.0,0.0,3.0,3.0,0.0,0.0,16.0,18.0,0.0,10.0,18.0,,0.0,0.0,0.0,0.0,10.0,12.0,0.0,12.0,18.0,18.0,65.0,22985.09326166045,641.0535590357492,0.027889969892140404,1.8128480429891263,65.0,False,60
2201400011551022,22,Querétaro,014,Querétaro,0001,Santiago de Querétaro,1551,022,Urbana,305,Típica,148,157,92,14.65,305.0,,,,,4.0,,3.0,5.0,,,7.0,6.0,9.0,8.0,8.0,16.0,153.0,110.0,61.0,207.0,37.0,157.0,305.0,148.0,305.0,21.0,10.0,11.0,3.32,0.55,41.0,7.0,,6.0,19.0,8.0,11.0,263.0,141.0,122.0,18.0,10.0,8.0,88.0,244.0,133.0,111.0,40.0,21.0,19.0,226.0,123.0,103.0,10.0,4.0,6.0,298.0,156.0,142.0,292.0,154.0,138.0,55.0,33.0,22.0,25.0,11.0,14.0,41.0,17.0,24.0,92.0,103.0,92.0,13.0,92.0,4.0,90.0,9.0,105.0,0.0,12.0,0.0,80.0,92.0,92.0,92.0,0.0,90.0,10.0,91.0,84.0,38.0,92.0,92.0,92.0,92.0,92.0,86.0,92.0,89.0,0.0,6.0,,0.0,0.0,82.0,92.0,0.0,63.0,92.0,0.0,0.0,,0.0,0.0,65.0,76.0,0.0,84.0,88.0,91.0,305.0,30920.429324777,622.7467105650142,0.020140299606577518,6.142791380006143,305.0,False,60
2201400011547039,22,Querétaro,014,Querétaro,0001,Santiago de Querétaro,1547,039,Urbana,198,Típica,92,106,49,9.72,198.0,,,4.0,4.0,5.0,,3.0,6.0,0.0,,3.0,,0.0,6.0,11.0,12.0,88.0,67.0,50.0,139.0,9.0,106.0,198.0,92.0,198.0,0.0,0.0,0.0,4.04,0.96,46.0,10.0,4.0,6.0,8.0,5.0,3.0,156.0,90.0,66.0,11.0,4.0,7.0,64.0,148.0,85.0,63.0,26.0,20.0,6.0,137.0,81.0,56.0,12.0,5.0,7.0,188.0,102.0,86.0,179.0,99.0,80.0,23.0,12.0,11.0,20.0,7.0,13.0,21.0,10.0,11.0,49.0,42.0,49.0,0.0,49.0,0.0,42.0,0.0,49.0,0.0,6.0,4.0,43.0,45.0,49.0,49.0,0.0,26.0,8.0,46.0,,7.0,49.0,49.0,49.0,49.0,49.0,31.0,41.0,41.0,0.0,,22.0,0.0,0.0,19.0,49.0,0.0,39.0,48.0,8.0,,,0.0,0.0,14.0,29.0,0.0,38.0,40.0,45.0,198.0,6118.696360643408,439.8529375555274,0.0718867078263179,14.233568149610944,198.0,False,60
2201400011405007,22,Querétaro,014,Querétaro,0001,Santiago de Querétaro,1405,007,Urbana,49,Típica,30,19,14,9.74,49.0,,,,0.0,,0.0,4.0,,0.0,0.0,,0.0,,11.0,6.0,13.0,18.0,24.0,11.0,25.0,13.0,19.0,49.0,30.0,49.0,0.0,0.0,0.0,3.5,0.78,11.0,,,0.0,4.0,,3.0,42.0,17.0,25.0,0.0,0.0,0.0,9.0,38.0,16.0,22.0,4.0,,,38.0,16.0,22.0,,,0.0,48.0,18.0,30.0,47.0,17.0,30.0,15.0,6.0,9.0,5.0,0.0,5.0,9.0,,8.0,14.0,16.0,14.0,,14.0,,14.0,0.0,16.0,,5.0,,9.0,11.0,14.0,14.0,0.0,8.0,,10.0,0.0,,14.0,14.0,14.0,14.0,14.0,8.0,11.0,11.0,0.0,,6.0,0.0,0.0,4.0,13.0,,13.0,14.0,3.0,,0.0,0.0,0.0,,11.0,0.0,11.0,11.0,14.0,49.0,4657.305305554203,365.8314405325499,0.07855002335712609,3.8489511444991784,49.0,False,60
2201400011405006,22,Querétaro,014,Querétaro,0001,Santiago de Querétaro,1405,006,Urbana,29,Típica,17,12,6,8.42,29.0,,0.0,0.0,0.0,0.0,0.0,,3.0,0.0,0.0,,0.0,,4.0,,6.0,19.0,7.0,5.0,23.0,,12.0,29.0,17.0,29.0,0.0,0.0,0.0,4.83,1.26,10.0,,0.0,,,0.0,,26.0,11.0,15.0,3.0,,,8.0,24.0,11.0,13.0,4.0,3.0,,21.0,10.0,11.0,0.0,0.0,0.0,28.0,12.0,16.0,28.0,12.0,16.0,3.0,,,,,,4.0,,3.0,6.0,8.0,6.0,,6.0,,6.0,0.0,8.0,0.0,0.0,0.0,6.0,6.0,6.0,6.0,0.0,4.0,,6.0,0.0,,6.0,6.0,6.0,6.0,6.0,3.0,6.0,5.0,0.0,,,0.0,0.0,3.0,6.0,0.0,6.0,6.0,0.0,0.0,0.0,0.0,0.0,0.0,6.0,0.0,6.0,3.0,6.0,29.0,4770.826986465355,129.99421749126546,0.027247732491673636,0.7901842422585355,29.0,False,60
2201400011392028,22,Querétaro,014,Querétaro,0001,Santiago de Querétaro,1392,028,Urbana,125,Típica,57,68,22,8.47,125.0,,4.0,0.0,3.0,4.0,,5.0,0.0,0.0,0.0,,,3.0,5.0,9.0,10.0,53.0,36.0,48.0,73.0,4.0,68.0,125.0,57.0,125.0,0.0,0.0,0.0,5.68,1.47,16.0,4.0,,,12.0,7.0,5.0,89.0,49.0,40.0,,,0.0,29.0,77.0,42.0,35.0,4.0,3.0,,75.0,40.0,35.0,13.0,6.0,7.0,121.0,66.0,55.0,113.0,62.0,51.0,13.0,7.0,6.0,19.0,11.0,8.0,23.0,14.0,9.0,22.0,26.0,22.0,4.0,22.0,4.0,22.0,0.0,26.0,,4.0,3.0,18.0,18.0,22.0,22.0,0.0,9.0,,18.0,3.0,6.0,22.0,22.0,22.0,22.0,22.0,10.0,15.0,19.0,0.0,,11.0,0.0,0.0,5.0,22.0,0.0,20.0,21.0,7.0,,0.0,0.0,0.0,5.0,13.0,0.0,15.0,20.0,21.0,125.0,7426.5448127780255,461.1506323041127,0.0620949100732096,7.7618637591512005,125.0,False,60
2201400011392009,22,Querétaro,014,Querétaro,0001,Santiago de Querétaro,1392,009,Urbana,91,Típica,41,50,16,8.84,91.0,,0.0,,,3.0,0.0,0.0,4.0,,,,,,5.0,3.0,8.0,52.0,21.0,22.0,61.0,8.0,50.0,91.0,41.0,91.0,0.0,0.0,0.0,5.69,1.3,14.0,,0.0,,4.0,3.0,,73.0,39.0,34.0,4.0,,,28.0,69.0,36.0,33.0,11.0,4.0,7.0,65.0,34.0,31.0,5.0,4.0,,90.0,50.0,40.0,87.0,47.0,40.0,9.0,5.0,4.0,12.0,7.0,5.0,11.0,6.0,5.0,16.0,19.0,16.0,3.0,16.0,3.0,16.0,0.0,19.0,,3.0,,13.0,13.0,16.0,16.0,0.0,7.0,3.0,16.0,,,16.0,16.0,16.0,16.0,16.0,7.0,13.0,13.0,0.0,,7.0,0.0,0.0,6.0,16.0,0.0,14.0,14.0,,0.0,0.0,0.0,0.0,,13.0,0.0,10.0,11.0,16.0,91.0,5095.828917351571,159.5906349166197,0.03131789498921461,2.8499284440185297,91.0,False,60
2201400011829010,22,Querétaro,014,Querétaro,0001,Santiago de Querétaro,1829,010,Urbana,43,Edificio-Manzana,24,19,13,13.0,43.0,,0.0,0.0,0.0,,0.0,0.0,,0.0,0.0,3.0,,,4.0,,7.0,18.0,20.0,6.0,26.0,11.0,19.0,43.0,24.0,43.0,,,0.0,3.31,0.61,,0.0,0.0,0.0,,0.0,,38.0,16.0,22.0,0.0,0.0,0.0,7.0,37.0,16.0,21.0,3.0,,,37.0,16.0,21.0,,,0.0,43.0,19.0,24.0,41.0,17.0,24.0,13.0,7.0,6.0,3.0,,,3.0,,,13.0,11.0,13.0,,13.0,0.0,10.0,,14.0,0.0,,0.0,12.0,13.0,13.0,13.0,0.0,12.0,4.0,13.0,,4.0,13.0,13.0,13.0,13.0,13.0,10.0,11.0,12.0,0.0,,,0.0,0.0,10.0,13.0,0.0,11.0,13.0,,0.0,0.0,0.0,0.0,5.0,10.0,0.0,11.0,13.0,13.0,43.0,1815.6294902081595,99.8192022675255,0.054977737917267115,2.364042730442486,43.0,False,60
2201400011316036,22,Querétaro,014,Querétaro,0001,Santiago de Querétaro,1316,036,Urbana,64,Típica,36,28,22,12.88,63.0,,0.0,,0.0,,,,3.0,0.0,,,,,,3.0,6.0,40.0,21.0,4.0,50.0,10.0,28.0,63.0,36.0,64.0,,0.0,,2.86,0.58,15.0,,0.0,,,0.0,,61.0,28.0,33.0,,0.0,,15.0,60.0,28.0,32.0,9.0,4.0,5.0,59.0,28.0,31.0,,0.0,,63.0,28.0,35.0,62.0,28.0,34.0,15.0,11.0,4.0,,0.0,,,0.0,,22.0,25.0,22.0,,22.0,4.0,20.0,,27.0,,3.0,0.0,19.0,21.0,22.0,22.0,0.0,15.0,5.0,21.0,10.0,7.0,22.0,22.0,22.0,22.0,22.0,17.0,20.0,18.0,0.0,,6.0,0.0,0.0,19.0,22.0,0.0,15.0,22.0,,0.0,4.0,0.0,0.0,15.0,10.0,0.0,12.0,19.0,17.0,64.0,27541.04607978515,1169.359568035679,0.04245879276510042,2.717362736966427,64.0,False,60
2201400011299024,22,Querétaro,014,Querétaro,0001,Santiago de Querétaro,1299,024,Urbana,49,Típica,20,29,13,12.11,49.0,,,0.0,0.0,,,,5.0,0.0,0.0,4.0,0.0,4.0,5.0,3.0,9.0,28.0,19.0,3.0,35.0,11.0,29.0,49.0,20.0,49.0,,,,3.77,0.79,14.0,,,0.0,,0.0,,47.0,28.0,19.0,3.0,,,15.0,46.0,28.0,18.0,6.0,0.0,6.0,43.0,26.0,17.0,,0.0,,48.0,28.0,20.0,47.0,28.0,19.0,11.0,8.0,3.0,0.0,0.0,0.0,,0.0,,13.0,16.0,13.0,,13.0,,13.0,,16.0,0.0,0.0,0.0,13.0,13.0,13.0,13.0,0.0,10.0,4.0,13.0,0.0,,13.0,13.0,13.0,13.0,13.0,5.0,11.0,11.0,0.0,,,0.0,0.0,7.0,13.0,0.0,8.0,13.0,,0.0,,0.0,0.0,,10.0,0.0,11.0,11.0,12.0,49.0,14954.430073169364,57.90961272622011,0.00387240519651225,0.18974785462910024,49.0,False,60
2201400011246031,22,Querétaro,014,Querétaro,0001,Santiago de Querétaro,1246,031,Urbana,122,Típica,58,64,34,10.01,122.0,,3.0,0.0,,,0.0,7.0,7.0,,,,,5.0,12.0,9.0,19.0,70.0,38.0,16.0,94.0,12.0,64.0,122.0,58.0,122.0,,,0.0,3.59,0.91,8.0,3.0,,,,0.0,,108.0,55.0,53.0,4.0,,,31.0,106.0,55.0,51.0,14.0,5.0,9.0,102.0,53.0,49.0,3.0,,,119.0,62.0,57.0,117.0,61.0,56.0,25.0,13.0,12.0,8.0,5.0,3.0,8.0,3.0,5.0,34.0,34.0,34.0,0.0,34.0,0.0,34.0,0.0,34.0,0.0,4.0,3.0,30.0,31.0,34.0,34.0,0.0,13.0,3.0,29.0,4.0,3.0,34.0,34.0,34.0,34.0,34.0,21.0,30.0,31.0,0.0,,21.0,0.0,0.0,13.0,34.0,0.0,32.0,34.0,4.0,0.0,0.0,0.0,0.0,3.0,24.0,0.0,28.0,34.0,34.0,122.0,3415.892896451675,106.66341120216424,0.031225631024018034,3.8095269849302,122.0,False,60
2201400011227039,22,Querétaro,014,Querétaro,0001,Santiago de Querétaro,1227,039,Urbana,0,Edificio-Manzana,0,0,0,0.0,0.0,,0.0,0.0,0.0,0.0,0.0,0.0,0.0,0.0,0.0,0.0,0.0,0.0,0.0,0.0,0.0,0.0,0.0,0.0,0.0,0.0,0.0,0.0,0.0,0.0,0.0,0.0,0.0,0.0,0.0,0.0,0.0,0.0,0.0,0.0,0.0,0.0,0.0,0.0,0.0,0.0,0.0,0.0,0.0,0.0,0.0,0.0,0.0,0.0,0.0,0.0,0.0,0.0,0.0,0.0,0.0,0.0,0.0,0.0,0.0,0.0,0.0,0.0,0.0,0.0,0.0,0.0,0.0,0.0,0.0,0.0,0.0,0.0,0.0,0.0,0.0,0.0,0.0,0.0,0.0,0.0,0.0,0.0,0.0,0.0,0.0,0.0,0.0,0.0,0.0,0.0,0.0,0.0,0.0,0.0,0.0,0.0,0.0,0.0,0.0,0.0,0.0,0.0,0.0,0.0,0.0,0.0,0.0,0.0,0.0,0.0,0.0,0.0,0.0,0.0,0.0,0.0,0.0,0.0,0.0,0.0,0.0,0.0,1828.934945322726,146.22826609577436,0.07995268856868583,0.0,0.0,False,60
2201400011157046,22,Querétaro,014,Querétaro,0001,Santiago de Querétaro,1157,046,Urbana,0,Típica,0,0,0,0.0,0.0,,0.0,0.0,0.0,0.0,0.0,0.0,0.0,0.0,0.0,0.0,0.0,0.0,0.0,0.0,0.0,0.0,0.0,0.0,0.0,0.0,0.0,0.0,0.0,0.0,0.0,0.0,0.0,0.0,0.0,0.0,0.0,0.0,0.0,0.0,0.0,0.0,0.0,0.0,0.0,0.0,0.0,0.0,0.0,0.0,0.0,0.0,0.0,0.0,0.0,0.0,0.0,0.0,0.0,0.0,0.0,0.0,0.0,0.0,0.0,0.0,0.0,0.0,0.0,0.0,0.0,0.0,0.0,0.0,0.0,0.0,0.0,0.0,0.0,0.0,0.0,0.0,0.0,0.0,0.0,0.0,0.0,0.0,0.0,0.0,0.0,0.0,0.0,0.0,0.0,0.0,0.0,0.0,0.0,0.0,0.0,0.0,0.0,0.0,0.0,0.0,0.0,0.0,0.0,0.0,0.0,0.0,0.0,0.0,0.0,0.0,0.0,0.0,0.0,0.0,0.0,0.0,0.0,0.0,0.0,0.0,0.0,0.0,5390.862823824407,588.6676412104924,0.1091972955811325,0.0,0.0,False,60
2201400011157040,22,Querétaro,014,Querétaro,0001,Santiago de Querétaro,1157,040,Urbana,181,Típica,92,89,80,14.24,181.0,,,,3.0,9.0,,9.0,3.0,0.0,,4.0,4.0,3.0,16.0,17.0,22.0,121.0,37.0,25.0,138.0,18.0,89.0,181.0,92.0,181.0,3.0,,,2.26,0.85,21.0,9.0,5.0,4.0,,,0.0,158.0,79.0,79.0,3.0,,,54.0,156.0,77.0,79.0,24.0,12.0,12.0,153.0,75.0,78.0,8.0,3.0,5.0,172.0,84.0,88.0,166.0,82.0,84.0,30.0,19.0,11.0,6.0,,4.0,7.0,3.0,4.0,80.0,87.0,80.0,10.0,80.0,4.0,77.0,6.0,90.0,0.0,31.0,52.0,49.0,28.0,80.0,80.0,0.0,48.0,9.0,80.0,76.0,20.0,80.0,80.0,80.0,80.0,80.0,58.0,77.0,61.0,0.0,,31.0,0.0,0.0,69.0,80.0,0.0,74.0,80.0,,0.0,,0.0,0.0,55.0,55.0,0.0,48.0,80.0,71.0,181.0,49691.82881276243,283.94762805314105,0.0057141714208798515,1.034265027179253,181.0,False,60
2201400011157001,22,Querétaro,014,Querétaro,0001,Santiago de Querétaro,1157,001,Urbana,169,Típica,96,73,40,11.37,169.0,,0.0,0.0,0.0,,0.0,0.0,0.0,0.0,0.0,0.0,,0.0,0.0,,0.0,96.0,47.0,31.0,128.0,10.0,73.0,169.0,96.0,169.0,5.0,3.0,,4.23,1.12,25.0,9.0,,8.0,6.0,,5.0,144.0,66.0,78.0,6.0,,4.0,40.0,138.0,65.0,73.0,28.0,12.0,16.0,132.0,63.0,69.0,6.0,,4.0,160.0,72.0,88.0,154.0,70.0,84.0,25.0,13.0,12.0,10.0,4.0,6.0,12.0,4.0,8.0,40.0,43.0,40.0,,40.0,,40.0,,43.0,,8.0,7.0,32.0,32.0,40.0,40.0,0.0,24.0,3.0,39.0,10.0,7.0,40.0,40.0,40.0,40.0,40.0,19.0,37.0,35.0,0.0,8.0,12.0,0.0,0.0,27.0,40.0,0.0,23.0,40.0,3.0,,0.0,0.0,0.0,13.0,34.0,0.0,34.0,38.0,39.0,169.0,4975.390381638118,221.97721348206468,0.044615034490817176,7.539940828948103,169.0,False,60
2201400010498044,22,Querétaro,014,Querétaro,0001,Santiago de Querétaro,0498,044,Urbana,43,Típica,14,29,16,13.55,43.0,,0.0,0.0,,,0.0,,3.0,0.0,0.0,,,0.0,,3.0,4.0,22.0,16.0,5.0,26.0,12.0,29.0,43.0,14.0,43.0,0.0,0.0,0.0,2.69,0.5,13.0,,,0.0,0.0,0.0,0.0,38.0,24.0,14.0,0.0,0.0,0.0,14.0,38.0,24.0,14.0,5.0,5.0,0.0,38.0,24.0,14.0,,,0.0,42.0,28.0,14.0,42.0,28.0,14.0,14.0,9.0,5.0,3.0,3.0,0.0,3.0,3.0,0.0,16.0,18.0,16.0,,16.0,,16.0,0.0,18.0,0.0,,0.0,14.0,16.0,16.0,16.0,0.0,13.0,3.0,16.0,5.0,6.0,16.0,16.0,16.0,16.0,16.0,15.0,16.0,14.0,0.0,,3.0,0.0,0.0,14.0,15.0,0.0,13.0,16.0,0.0,0.0,0.0,0.0,0.0,8.0,12.0,0.0,15.0,16.0,16.0,43.0,6932.632624605032,42.1362128977333,0.006077952659453652,0.26135196435650704,43.0,False,60
2201400011481023,22,Querétaro,014,Querétaro,0001,Santiago de Querétaro,1481,023,Urbana,0,Típica,0,0,0,0.0,0.0,,0.0,0.0,0.0,0.0,0.0,0.0,0.0,0.0,0.0,0.0,0.0,0.0,0.0,0.0,0.0,0.0,0.0,0.0,0.0,0.0,0.0,0.0,0.0,0.0,0.0,0.0,0.0,0.0,0.0,0.0,0.0,0.0,0.0,0.0,0.0,0.0,0.0,0.0,0.0,0.0,0.0,0.0,0.0,0.0,0.0,0.0,0.0,0.0,0.0,0.0,0.0,0.0,0.0,0.0,0.0,0.0,0.0,0.0,0.0,0.0,0.0,0.0,0.0,0.0,0.0,0.0,0.0,0.0,0.0,0.0,0.0,0.0,0.0,0.0,0.0,0.0,0.0,0.0,0.0,0.0,0.0,0.0,0.0,0.0,0.0,0.0,0.0,0.0,0.0,0.0,0.0,0.0,0.0,0.0,0.0,0.0,0.0,0.0,0.0,0.0,0.0,0.0,0.0,0.0,0.0,0.0,0.0,0.0,0.0,0.0,0.0,0.0,0.0,0.0,0.0,0.0,0.0,0.0,0.0,0.0,0.0,0.0,47006.144957882425,689.4734705638505,0.0146677305952577,0.0,0.0,False,60
2201400011443021,22,Querétaro,014,Querétaro,0001,Santiago de Querétaro,1443,021,Urbana,36,Típica,18,18,14,11.91,36.0,,0.0,0.0,0.0,0.0,0.0,0.0,8.0,4.0,4.0,7.0,0.0,7.0,5.0,0.0,10.0,20.0,15.0,,26.0,9.0,18.0,36.0,18.0,36.0,0.0,0.0,0.0,2.57,0.52,5.0,,,0.0,0.0,0.0,0.0,35.0,17.0,18.0,,0.0,,8.0,35.0,17.0,18.0,4.0,,,34.0,17.0,17.0,0.0,0.0,0.0,35.0,17.0,18.0,35.0,17.0,18.0,13.0,7.0,6.0,0.0,0.0,0.0,0.0,0.0,0.0,14.0,12.0,14.0,,14.0,,11.0,0.0,15.0,0.0,3.0,,11.0,13.0,14.0,14.0,0.0,10.0,0.0,14.0,5.0,,14.0,14.0,14.0,14.0,14.0,10.0,14.0,14.0,0.0,0.0,4.0,0.0,0.0,11.0,14.0,0.0,11.0,14.0,0.0,0.0,0.0,0.0,0.0,8.0,11.0,0.0,11.0,14.0,12.0,36.0,3554.528748670351,143.01055873252852,0.040233338606706935,1.4484001898414496,36.0,False,60
2201400011443019,22,Querétaro,014,Querétaro,0001,Santiago de Querétaro,1443,019,Urbana,28,Típica,14,14,12,15.11,28.0,,0.0,0.0,0.0,,0.0,0.0,3.0,0.0,0.0,,0.0,,3.0,,6.0,18.0,10.0,,23.0,4.0,14.0,28.0,14.0,28.0,0.0,0.0,0.0,2.33,0.59,4.0,0.0,0.0,0.0,,0.0,,28.0,14.0,14.0,0.0,0.0,0.0,8.0,27.0,14.0,13.0,0.0,0.0,0.0,27.0,14.0,13.0,0.0,0.0,0.0,28.0,14.0,14.0,28.0,14.0,14.0,7.0,3.0,4.0,0.0,0.0,0.0,,0.0,,12.0,12.0,12.0,,11.0,,11.0,0.0,13.0,,3.0,,8.0,8.0,11.0,11.0,0.0,9.0,0.0,11.0,5.0,,11.0,11.0,11.0,11.0,11.0,8.0,11.0,9.0,0.0,0.0,,0.0,0.0,11.0,11.0,0.0,11.0,11.0,0.0,0.0,0.0,0.0,0.0,8.0,9.0,0.0,8.0,10.0,11.0,28.0,13485.13551520811,605.9908879698665,0.044937693602444644,1.25825542086845,28.0,False,60
2201400011443009,22,Querétaro,014,Querétaro,0001,Santiago de Querétaro,1443,009,Urbana,60,Típica,26,34,23,12.42,60.0,,0.0,0.0,0.0,0.0,0.0,,4.0,,,4.0,0.0,,14.0,,15.0,26.0,29.0,7.0,35.0,18.0,34.0,60.0,26.0,60.0,0.0,0.0,0.0,2.61,0.64,24.0,3.0,,,,,,55.0,30.0,25.0,0.0,0.0,0.0,12.0,53.0,29.0,24.0,4.0,,,53.0,29.0,24.0,,,0.0,57.0,32.0,25.0,56.0,31.0,25.0,21.0,14.0,7.0,,,0.0,3.0,,,23.0,25.0,23.0,3.0,23.0,3.0,22.0,0.0,26.0,,9.0,,14.0,19.0,23.0,23.0,0.0,16.0,0.0,21.0,,,23.0,23.0,23.0,23.0,23.0,14.0,19.0,21.0,0.0,,6.0,0.0,0.0,9.0,23.0,0.0,16.0,21.0,4.0,,,,0.0,3.0,18.0,0.0,18.0,23.0,22.0,60.0,8092.9434322043335,212.39484088495473,0.026244448965226885,1.5746669379136131,60.0,False,60
2201400011439024,22,Querétaro,014,Querétaro,0001,Santiago de Querétaro,1439,024,Urbana,84,Típica,42,42,26,10.86,84.0,,,,,4.0,3.0,,5.0,0.0,0.0,3.0,,,12.0,7.0,16.0,37.0,38.0,11.0,53.0,20.0,42.0,84.0,42.0,84.0,0.0,0.0,0.0,3.23,0.65,20.0,0.0,0.0,0.0,,,,75.0,39.0,36.0,5.0,,3.0,21.0,73.0,38.0,35.0,5.0,3.0,,68.0,36.0,32.0,4.0,3.0,,84.0,42.0,42.0,82.0,41.0,41.0,22.0,13.0,9.0,5.0,0.0,5.0,4.0,,3.0,26.0,27.0,26.0,,26.0,,25.0,0.0,28.0,0.0,5.0,,21.0,25.0,26.0,26.0,0.0,17.0,3.0,23.0,0.0,5.0,26.0,26.0,26.0,26.0,26.0,18.0,23.0,25.0,0.0,,9.0,0.0,0.0,13.0,26.0,0.0,18.0,26.0,,,,0.0,0.0,9.0,21.0,0.0,19.0,26.0,25.0,84.0,3015.241920959105,178.57367731764847,0.0592236649657772,4.974787857125285,84.0,False,60
2201400011439023,22,Querétaro,014,Querétaro,0001,Santiago de Querétaro,1439,023,Urbana,80,Típica,40,40,19,10.44,80.0,,0.0,0.0,,4.0,,,7.0,0.0,0.0,,,0.0,6.0,6.0,11.0,35.0,37.0,9.0,51.0,20.0,40.0,80.0,40.0,80.0,0.0,0.0,0.0,4.21,0.84,15.0,,,0.0,,,0.0,72.0,37.0,35.0,5.0,,3.0,21.0,71.0,36.0,35.0,10.0,4.0,6.0,66.0,34.0,32.0,3.0,,,79.0,39.0,40.0,76.0,38.0,38.0,21.0,11.0,10.0,4.0,,3.0,3.0,,,19.0,21.0,19.0,,19.0,,19.0,0.0,21.0,0.0,,0.0,18.0,19.0,19.0,19.0,0.0,7.0,,17.0,0.0,,19.0,19.0,19.0,19.0,19.0,10.0,16.0,18.0,0.0,,12.0,0.0,0.0,10.0,19.0,0.0,10.0,19.0,,0.0,0.0,0.0,0.0,,16.0,0.0,16.0,19.0,19.0,80.0,2651.76405751427,371.61069460675276,0.1401371639960668,11.210973119685343,80.0,False,60
2201400011439010,22,Querétaro,014,Querétaro,0001,Santiago de Querétaro,1439,010,Urbana,90,Típica,45,45,23,11.31,90.0,,3.0,0.0,3.0,8.0,,3.0,6.0,,0.0,3.0,0.0,3.0,,10.0,8.0,53.0,27.0,12.0,58.0,20.0,45.0,90.0,45.0,90.0,0.0,0.0,0.0,3.91,0.83,10.0,,0.0,,,,0.0,80.0,42.0,38.0,3.0,,,23.0,78.0,40.0,38.0,9.0,3.0,6.0,75.0,39.0,36.0,3.0,0.0,3.0,89.0,45.0,44.0,87.0,45.0,42.0,21.0,13.0,8.0,6.0,3.0,3.0,5.0,3.0,,23.0,24.0,23.0,,23.0,,22.0,,25.0,0.0,0.0,0.0,23.0,23.0,23.0,23.0,0.0,12.0,0.0,22.0,3.0,3.0,23.0,23.0,23.0,23.0,23.0,15.0,21.0,21.0,0.0,0.0,11.0,0.0,0.0,15.0,23.0,0.0,20.0,22.0,,0.0,0.0,0.0,0.0,12.0,17.0,0.0,20.0,23.0,22.0,90.0,4455.073685070924,251.58066429222228,0.056470595567313764,5.082353601058239,90.0,False,60
2201400010430011,22,Querétaro,014,Querétaro,0001,Santiago de Querétaro,0430,011,Urbana,44,Típica,0,0,1,,,,,,,,,,,,,,,,,,,,,,,,,,,44.0,,,,,,,,,,,,,,,,,,,,,,,,,,,,,,,,,,,,,,,,,,,,,,,1.0,,,,,,,,1.0,,,,,,,,,,,,,,,,,,,,,,,,,,,,,,,,,,,,,,,,,,,44.0,70661.85971701241,181.31365800477175,0.0025659338535795576,0.11290108955750053,44.0,False,60
2201400010430010,22,Querétaro,014,Querétaro,0001,Santiago de Querétaro,0430,010,Urbana,185,Típica,85,100,47,11.23,185.0,,0.0,,0.0,3.0,,3.0,10.0,,6.0,,,3.0,4.0,7.0,17.0,102.0,59.0,32.0,132.0,21.0,100.0,185.0,85.0,185.0,3.0,3.0,0.0,3.94,0.8,35.0,3.0,,,9.0,5.0,4.0,162.0,92.0,70.0,11.0,3.0,8.0,47.0,153.0,87.0,66.0,19.0,9.0,10.0,142.0,84.0,58.0,6.0,3.0,3.0,182.0,99.0,83.0,177.0,97.0,80.0,34.0,22.0,12.0,14.0,4.0,10.0,20.0,9.0,11.0,47.0,58.0,47.0,22.0,47.0,12.0,36.0,10.0,69.0,,8.0,,39.0,45.0,46.0,46.0,,21.0,16.0,44.0,13.0,8.0,47.0,46.0,47.0,47.0,47.0,31.0,37.0,42.0,0.0,4.0,24.0,0.0,0.0,31.0,47.0,0.0,42.0,45.0,10.0,,,0.0,0.0,20.0,31.0,0.0,35.0,43.0,46.0,185.0,7817.697065454924,419.45545702187155,0.053654606146786375,9.92610213715548,185.0,False,60
2201400010411030,22,Querétaro,014,Querétaro,0001,Santiago de Querétaro,0411,030,Urbana,24,Típica,10,14,8,12.0,23.0,,0.0,0.0,0.0,0.0,0.0,,,0.0,0.0,0.0,,0.0,,,,17.0,5.0,,20.0,,14.0,23.0,10.0,24.0,5.0,,3.0,2.88,0.77,9.0,0.0,0.0,0.0,,0.0,,23.0,13.0,10.0,,,0.0,6.0,22.0,13.0,9.0,5.0,,3.0,21.0,12.0,9.0,,,0.0,24.0,14.0,10.0,23.0,13.0,10.0,3.0,3.0,0.0,0.0,0.0,0.0,,0.0,,8.0,14.0,8.0,6.0,8.0,3.0,8.0,3.0,14.0,,3.0,,5.0,5.0,8.0,8.0,0.0,,,5.0,,,8.0,8.0,8.0,8.0,8.0,3.0,7.0,7.0,0.0,3.0,5.0,0.0,0.0,5.0,8.0,0.0,4.0,8.0,,,0.0,0.0,0.0,,4.0,0.0,5.0,8.0,8.0,24.0,13552.812148751711,2.4022571522042715,0.00017725156416526682,0.004254037539966404,24.0,False,60
220140001038A027,22,Querétaro,014,Querétaro,0001,Santiago de Querétaro,038A,027,Urbana,155,Típica,73,82,59,14.0,155.0,,3.0,0.0,,4.0,,,10.0,,0.0,5.0,,5.0,9.0,9.0,23.0,89.0,53.0,14.0,113.0,28.0,82.0,155.0,73.0,155.0,,0.0,,2.63,0.52,55.0,,0.0,,4.0,0.0,4.0,145.0,77.0,68.0,3.0,3.0,0.0,39.0,141.0,77.0,64.0,13.0,5.0,8.0,138.0,74.0,64.0,5.0,,3.0,154.0,82.0,72.0,151.0,80.0,71.0,42.0,27.0,15.0,4.0,3.0,,6.0,,4.0,59.0,66.0,59.0,14.0,59.0,7.0,52.0,7.0,73.0,,16.0,4.0,43.0,53.0,59.0,59.0,0.0,32.0,13.0,57.0,24.0,7.0,59.0,59.0,59.0,59.0,59.0,50.0,54.0,53.0,0.0,3.0,25.0,0.0,0.0,44.0,59.0,0.0,43.0,57.0,5.0,,0.0,0.0,0.0,29.0,44.0,0.0,37.0,57.0,58.0,155.0,37290.60631665456,552.6974009021907,0.014821357320096658,2.297310384614982,155.0,False,60
2201400010394021,22,Querétaro,014,Querétaro,0001,Santiago de Querétaro,0394,021,Urbana,45,Típica,18,27,15,13.82,45.0,,0.0,0.0,0.0,,0.0,0.0,,,,,,,,,5.0,25.0,13.0,7.0,30.0,8.0,27.0,45.0,18.0,45.0,0.0,0.0,0.0,3.0,0.54,14.0,0.0,0.0,0.0,0.0,0.0,0.0,38.0,23.0,15.0,,,0.0,13.0,38.0,23.0,15.0,,,0.0,36.0,21.0,15.0,3.0,3.0,0.0,45.0,27.0,18.0,43.0,25.0,18.0,9.0,7.0,,4.0,,3.0,3.0,,,15.0,14.0,15.0,,15.0,,12.0,,17.0,0.0,3.0,0.0,12.0,15.0,15.0,15.0,0.0,10.0,5.0,14.0,6.0,,15.0,15.0,15.0,15.0,15.0,10.0,13.0,15.0,0.0,,4.0,0.0,0.0,12.0,15.0,0.0,12.0,14.0,0.0,0.0,,0.0,0.0,8.0,11.0,0.0,11.0,15.0,14.0,45.0,15819.664065999146,244.2195251260495,0.015437718785125476,0.6946973453306464,45.0,False,60
2201400010341002,22,Querétaro,014,Querétaro,0001,Santiago de Querétaro,0341,002,Urbana,115,Típica,88,27,29,14.63,60.0,,,0.0,0.0,0.0,0.0,0.0,5.0,,,5.0,,0.0,16.0,,24.0,58.0,46.0,7.0,100.0,8.0,27.0,60.0,88.0,115.0,9.0,4.0,5.0,2.14,0.51,34.0,,0.0,,0.0,0.0,0.0,108.0,23.0,85.0,0.0,0.0,0.0,10.0,108.0,23.0,85.0,32.0,,30.0,108.0,23.0,85.0,,,0.0,114.0,27.0,87.0,113.0,26.0,87.0,11.0,7.0,4.0,4.0,,,4.0,,,29.0,31.0,28.0,,28.0,,28.0,,32.0,0.0,9.0,5.0,19.0,23.0,28.0,28.0,0.0,25.0,,27.0,11.0,7.0,28.0,28.0,28.0,28.0,28.0,27.0,28.0,24.0,0.0,0.0,3.0,0.0,0.0,25.0,28.0,0.0,20.0,27.0,0.0,0.0,0.0,0.0,0.0,22.0,23.0,0.0,19.0,27.0,28.0,115.0,46524.251860564465,1254.7958346353596,0.026970790167589284,3.1016408692727677,115.0,False,60
2201400010271011,22,Querétaro,014,Querétaro,0001,Santiago de Querétaro,0271,011,Urbana,227,Típica,107,120,55,9.49,227.0,,7.0,0.0,,11.0,,9.0,12.0,,,7.0,3.0,3.0,15.0,23.0,32.0,123.0,65.0,49.0,151.0,27.0,120.0,227.0,107.0,227.0,3.0,,,4.13,0.96,91.0,9.0,4.0,5.0,10.0,6.0,4.0,188.0,98.0,90.0,16.0,5.0,11.0,58.0,178.0,92.0,86.0,30.0,17.0,13.0,162.0,87.0,75.0,7.0,5.0,,218.0,116.0,102.0,212.0,111.0,101.0,32.0,22.0,10.0,23.0,13.0,10.0,30.0,18.0,12.0,55.0,68.0,55.0,14.0,55.0,11.0,54.0,3.0,69.0,4.0,13.0,5.0,42.0,46.0,54.0,55.0,0.0,17.0,7.0,49.0,7.0,10.0,55.0,55.0,55.0,55.0,55.0,28.0,38.0,44.0,0.0,5.0,36.0,0.0,0.0,30.0,54.0,,46.0,49.0,15.0,,,0.0,0.0,9.0,39.0,0.0,37.0,38.0,51.0,227.0,9424.365169060766,327.95973800129644,0.03479913311062638,7.899403216112188,227.0,False,60
2201400010267008,22,Querétaro,014,Querétaro,0001,Santiago de Querétaro,0267,008,Urbana,323,Típica,164,159,93,10.04,323.0,,,0.0,,11.0,,8.0,18.0,4.0,,12.0,4.0,13.0,26.0,20.0,39.0,186.0,76.0,75.0,211.0,37.0,159.0,323.0,164.0,323.0,,,,3.47,0.83,56.0,10.0,3.0,7.0,15.0,3.0,12.0,263.0,131.0,132.0,10.0,5.0,5.0,73.0,248.0,128.0,120.0,27.0,12.0,15.0,238.0,123.0,115.0,22.0,11.0,11.0,313.0,156.0,157.0,298.0,149.0,149.0,63.0,34.0,29.0,28.0,14.0,14.0,35.0,13.0,22.0,93.0,110.0,93.0,19.0,93.0,16.0,91.0,3.0,112.0,8.0,32.0,14.0,61.0,71.0,93.0,93.0,0.0,24.0,17.0,80.0,7.0,12.0,93.0,93.0,93.0,93.0,93.0,43.0,66.0,67.0,0.0,7.0,64.0,0.0,0.0,37.0,93.0,0.0,68.0,85.0,21.0,8.0,5.0,0.0,0.0,14.0,54.0,0.0,45.0,73.0,84.0,323.0,25588.821719099968,123.89872830495361,0.004841908301407771,1.56393638135471,323.0,False,60
2201400010267006,22,Querétaro,014,Querétaro,0001,Santiago de Querétaro,0267,006,Urbana,348,Típica,171,177,118,9.92,348.0,,0.0,,3.0,5.0,3.0,11.0,20.0,9.0,6.0,13.0,4.0,23.0,30.0,18.0,52.0,203.0,94.0,62.0,247.0,39.0,177.0,348.0,171.0,348.0,3.0,,,2.95,0.76,97.0,11.0,,9.0,11.0,3.0,8.0,297.0,151.0,146.0,18.0,13.0,5.0,89.0,286.0,148.0,138.0,42.0,19.0,23.0,268.0,135.0,133.0,13.0,9.0,4.0,337.0,175.0,162.0,328.0,169.0,159.0,65.0,32.0,33.0,27.0,15.0,12.0,34.0,14.0,20.0,118.0,116.0,118.0,4.0,118.0,4.0,112.0,0.0,122.0,10.0,36.0,30.0,82.0,78.0,118.0,118.0,0.0,44.0,23.0,93.0,9.0,12.0,118.0,118.0,118.0,117.0,118.0,57.0,76.0,83.0,0.0,10.0,71.0,0.0,0.0,44.0,115.0,3.0,73.0,99.0,40.0,18.0,18.0,15.0,11.0,18.0,81.0,0.0,62.0,102.0,97.0,348.0,31923.719884433394,1266.3235708679329,0.039667168345422554,13.804174584207049,348.0,False,60
2201400010182059,22,Querétaro,014,Querétaro,0001,Santiago de Querétaro,0182,059,Urbana,37,Típica,19,18,11,9.55,37.0,,0.0,,,3.0,,0.0,0.0,0.0,0.0,0.0,0.0,,,3.0,,20.0,11.0,8.0,24.0,5.0,18.0,37.0,19.0,37.0,0.0,0.0,0.0,3.36,0.93,,,,0.0,,,,31.0,16.0,15.0,0.0,0.0,0.0,10.0,29.0,15.0,14.0,3.0,3.0,0.0,29.0,15.0,14.0,,,0.0,36.0,17.0,19.0,35.0,16.0,19.0,7.0,3.0,4.0,4.0,0.0,4.0,5.0,,4.0,11.0,9.0,11.0,0.0,11.0,0.0,9.0,0.0,11.0,,3.0,3.0,8.0,7.0,11.0,11.0,0.0,6.0,4.0,11.0,0.0,,11.0,11.0,11.0,11.0,11.0,8.0,10.0,11.0,0.0,3.0,4.0,0.0,0.0,5.0,11.0,0.0,9.0,11.0,,0.0,,0.0,0.0,5.0,8.0,0.0,9.0,11.0,10.0,37.0,3942.8544524826757,55.75432702197478,0.01414059983544872,0.5232021939116027,37.0,False,60
2201400010182035,22,Querétaro,014,Querétaro,0001,Santiago de Querétaro,0182,035,Urbana,38,Típica,21,17,11,10.2,38.0,,0.0,0.0,0.0,,0.0,0.0,0.0,0.0,0.0,0.0,,0.0,0.0,,0.0,28.0,8.0,3.0,29.0,6.0,17.0,38.0,21.0,38.0,0.0,0.0,0.0,3.45,0.83,3.0,,0.0,,,0.0,,36.0,16.0,20.0,0.0,0.0,0.0,11.0,35.0,16.0,19.0,9.0,4.0,5.0,35.0,16.0,19.0,,,0.0,37.0,17.0,20.0,36.0,16.0,20.0,6.0,3.0,3.0,0.0,0.0,0.0,,0.0,,11.0,9.0,11.0,,11.0,,8.0,0.0,12.0,0.0,,,10.0,9.0,11.0,11.0,0.0,6.0,4.0,10.0,,,11.0,11.0,11.0,11.0,11.0,6.0,9.0,7.0,0.0,,4.0,0.0,0.0,5.0,11.0,0.0,8.0,10.0,,,0.0,0.0,0.0,5.0,9.0,0.0,8.0,8.0,11.0,38.0,3869.3413244649896,410.37413093509,0.1060578782079485,4.030199371902043,38.0,False,60
2201400010924014,22,Querétaro,014,Querétaro,0001,Santiago de Querétaro,0924,014,Urbana,138,Típica,70,68,36,10.17,138.0,,0.0,0.0,0.0,,,0.0,,0.0,4.0,,,0.0,,3.0,8.0,65.0,45.0,32.0,98.0,8.0,68.0,138.0,70.0,138.0,0.0,0.0,0.0,3.83,0.99,48.0,,,,4.0,3.0,,110.0,57.0,53.0,5.0,4.0,,41.0,106.0,54.0,52.0,15.0,5.0,10.0,101.0,50.0,51.0,7.0,,5.0,136.0,67.0,69.0,130.0,65.0,65.0,17.0,10.0,7.0,19.0,8.0,11.0,16.0,8.0,8.0,36.0,37.0,36.0,,36.0,,36.0,0.0,37.0,,12.0,3.0,24.0,32.0,36.0,36.0,0.0,21.0,0.0,35.0,,3.0,36.0,36.0,36.0,36.0,36.0,17.0,27.0,23.0,0.0,4.0,15.0,0.0,0.0,9.0,35.0,,23.0,34.0,9.0,0.0,0.0,0.0,0.0,4.0,28.0,0.0,19.0,29.0,35.0,138.0,8433.17757478176,639.598736775031,0.07584314822062585,10.466354454446368,138.0,False,60
2201400010816067,22,Querétaro,014,Querétaro,0001,Santiago de Querétaro,0816,067,Urbana,0,Contenedora,0,0,0,0.0,0.0,,0.0,0.0,0.0,0.0,0.0,0.0,0.0,0.0,0.0,0.0,0.0,0.0,0.0,0.0,0.0,0.0,0.0,0.0,0.0,0.0,0.0,0.0,0.0,0.0,0.0,0.0,0.0,0.0,0.0,0.0,0.0,0.0,0.0,0.0,0.0,0.0,0.0,0.0,0.0,0.0,0.0,0.0,0.0,0.0,0.0,0.0,0.0,0.0,0.0,0.0,0.0,0.0,0.0,0.0,0.0,0.0,0.0,0.0,0.0,0.0,0.0,0.0,0.0,0.0,0.0,0.0,0.0,0.0,0.0,0.0,0.0,0.0,0.0,0.0,0.0,0.0,0.0,0.0,0.0,0.0,0.0,0.0,0.0,0.0,0.0,0.0,0.0,0.0,0.0,0.0,0.0,0.0,0.0,0.0,0.0,0.0,0.0,0.0,0.0,0.0,0.0,0.0,0.0,0.0,0.0,0.0,0.0,0.0,0.0,0.0,0.0,0.0,0.0,0.0,0.0,0.0,0.0,0.0,0.0,0.0,0.0,0.0,28649.017501835515,2858.992617404163,0.09979374047368256,0.0,0.0,False,60
2201400010642034,22,Querétaro,014,Querétaro,0001,Santiago de Querétaro,0642,034,Urbana,71,Típica,38,33,31,9.83,71.0,,,,,3.0,,0.0,0.0,0.0,0.0,,0.0,,3.0,3.0,3.0,47.0,15.0,11.0,51.0,9.0,33.0,71.0,38.0,71.0,,0.0,,2.29,0.93,14.0,,0.0,,,,,62.0,30.0,32.0,,0.0,,17.0,60.0,29.0,31.0,5.0,,3.0,59.0,29.0,30.0,3.0,,,69.0,33.0,36.0,67.0,31.0,36.0,12.0,7.0,5.0,4.0,,3.0,4.0,,3.0,31.0,34.0,31.0,4.0,31.0,4.0,30.0,0.0,35.0,6.0,18.0,13.0,13.0,12.0,31.0,31.0,0.0,16.0,4.0,21.0,4.0,9.0,31.0,31.0,31.0,31.0,31.0,23.0,18.0,28.0,0.0,5.0,15.0,0.0,0.0,22.0,31.0,0.0,22.0,30.0,6.0,6.0,4.0,,0.0,10.0,18.0,0.0,23.0,31.0,27.0,71.0,7829.307071468024,762.9878199072174,0.09745279025876223,6.919148108372118,71.0,False,60
2201400010619005,22,Querétaro,014,Querétaro,0001,Santiago de Querétaro,0619,005,Urbana,20,Típica,5,15,6,12.17,20.0,,,,,3.0,,,,,,,,,,3.0,,8.0,10.0,,10.0,8.0,15.0,20.0,5.0,20.0,0.0,0.0,0.0,3.33,0.61,8.0,,,,0.0,0.0,0.0,18.0,14.0,4.0,,,0.0,8.0,18.0,14.0,4.0,,,0.0,17.0,13.0,4.0,0.0,0.0,0.0,18.0,14.0,4.0,18.0,14.0,4.0,8.0,5.0,3.0,0.0,0.0,0.0,0.0,0.0,0.0,6.0,7.0,6.0,,6.0,,5.0,,8.0,0.0,0.0,0.0,6.0,6.0,6.0,6.0,0.0,5.0,,4.0,3.0,0.0,6.0,6.0,6.0,6.0,6.0,6.0,5.0,6.0,0.0,0.0,,0.0,0.0,4.0,6.0,0.0,,6.0,,0.0,0.0,0.0,0.0,,4.0,0.0,5.0,6.0,6.0,20.0,3751.0304017325325,270.68778288734046,0.07216358010916539,1.4432716021833079,20.0,False,60
2201400010587034,22,Querétaro,014,Querétaro,0001,Santiago de Querétaro,0587,034,Urbana,25,Típica,10,15,12,14.82,25.0,,0.0,0.0,0.0,,0.0,,,0.0,0.0,0.0,0.0,0.0,0.0,,,15.0,7.0,3.0,19.0,3.0,15.0,25.0,10.0,25.0,,,0.0,2.08,0.43,6.0,,,,0.0,0.0,0.0,22.0,13.0,9.0,0.0,0.0,0.0,8.0,22.0,13.0,9.0,4.0,,,22.0,13.0,9.0,,,0.0,23.0,14.0,9.0,22.0,13.0,9.0,4.0,4.0,0.0,0.0,0.0,0.0,0.0,0.0,0.0,12.0,12.0,12.0,0.0,12.0,0.0,12.0,0.0,12.0,0.0,6.0,0.0,6.0,12.0,12.0,12.0,0.0,4.0,,12.0,12.0,3.0,12.0,12.0,12.0,12.0,12.0,7.0,9.0,11.0,0.0,0.0,8.0,0.0,0.0,9.0,12.0,0.0,8.0,12.0,,0.0,,0.0,0.0,6.0,6.0,0.0,7.0,12.0,11.0,25.0,7708.165829796675,621.0387214563323,0.08056893626440234,2.0142234066100584,25.0,False,60
2201400010587018,22,Querétaro,014,Querétaro,0001,Santiago de Querétaro,0587,018,Urbana,69,Típica,30,39,18,8.96,69.0,,0.0,0.0,0.0,0.0,0.0,,,,,,,3.0,3.0,,5.0,43.0,17.0,14.0,46.0,9.0,39.0,69.0,30.0,69.0,0.0,0.0,0.0,3.83,0.96,24.0,,,0.0,5.0,4.0,,60.0,34.0,26.0,4.0,,,19.0,55.0,30.0,25.0,14.0,5.0,9.0,51.0,28.0,23.0,4.0,3.0,,68.0,38.0,30.0,65.0,36.0,29.0,11.0,7.0,4.0,4.0,,3.0,6.0,4.0,,18.0,19.0,18.0,,18.0,,17.0,0.0,20.0,,6.0,,12.0,15.0,18.0,18.0,0.0,4.0,4.0,18.0,6.0,,18.0,18.0,18.0,18.0,18.0,7.0,16.0,11.0,0.0,,14.0,0.0,0.0,6.0,18.0,0.0,8.0,15.0,,0.0,,0.0,0.0,3.0,14.0,0.0,9.0,18.0,17.0,69.0,2604.141293302008,498.5530542301447,0.19144623815629747,13.209790432784525,69.0,False,60
2201400010587017,22,Querétaro,014,Querétaro,0001,Santiago de Querétaro,0587,017,Urbana,49,Típica,23,26,14,10.0,49.0,,0.0,0.0,0.0,,,,,0.0,,3.0,,,4.0,3.0,8.0,24.0,18.0,9.0,30.0,10.0,26.0,49.0,23.0,49.0,,,,3.5,0.65,13.0,,,0.0,,,,42.0,23.0,19.0,,,0.0,12.0,40.0,22.0,18.0,3.0,,,38.0,20.0,18.0,,,,48.0,25.0,23.0,48.0,25.0,23.0,14.0,9.0,5.0,4.0,,3.0,6.0,,4.0,14.0,16.0,14.0,,14.0,,14.0,0.0,16.0,0.0,,,13.0,13.0,14.0,14.0,0.0,8.0,,14.0,0.0,,14.0,14.0,14.0,14.0,14.0,7.0,10.0,11.0,0.0,,6.0,0.0,0.0,7.0,14.0,0.0,9.0,13.0,4.0,0.0,0.0,0.0,0.0,,11.0,0.0,11.0,13.0,13.0,49.0,4989.580523000285,180.6263033889305,0.03620069914821578,1.7738342582625735,49.0,False,60
2201400010587014,22,Querétaro,014,Querétaro,0001,Santiago de Querétaro,0587,014,Urbana,124,Típica,59,65,29,9.07,124.0,,,,,,,,7.0,3.0,,4.0,,3.0,7.0,5.0,12.0,77.0,29.0,25.0,88.0,10.0,65.0,124.0,59.0,124.0,0.0,0.0,0.0,4.28,1.11,53.0,,0.0,,8.0,6.0,,106.0,58.0,48.0,3.0,,,31.0,98.0,52.0,46.0,15.0,8.0,7.0,95.0,50.0,45.0,4.0,,,121.0,65.0,56.0,118.0,64.0,54.0,16.0,12.0,4.0,11.0,5.0,6.0,16.0,10.0,6.0,29.0,31.0,29.0,3.0,29.0,3.0,28.0,0.0,32.0,3.0,7.0,3.0,21.0,22.0,28.0,28.0,0.0,10.0,3.0,21.0,0.0,3.0,28.0,28.0,28.0,28.0,28.0,11.0,18.0,19.0,0.0,4.0,15.0,0.0,0.0,11.0,28.0,0.0,15.0,23.0,9.0,,3.0,0.0,0.0,,13.0,0.0,14.0,19.0,22.0,124.0,5002.002755604058,140.78999024034388,0.028146723846284975,3.4901937569393366,124.0,False,60
2201400010587013,22,Querétaro,014,Querétaro,0001,Santiago de Querétaro,0587,013,Urbana,57,Típica,30,27,16,8.74,57.0,,0.0,,,,,0.0,,,,,4.0,,4.0,3.0,5.0,31.0,18.0,10.0,33.0,14.0,27.0,57.0,30.0,57.0,0.0,0.0,0.0,3.56,0.93,9.0,4.0,,,,0.0,,49.0,23.0,26.0,,0.0,,13.0,47.0,23.0,24.0,3.0,3.0,0.0,45.0,23.0,22.0,,0.0,,53.0,25.0,28.0,52.0,25.0,27.0,15.0,9.0,6.0,3.0,,,3.0,,,16.0,22.0,16.0,7.0,16.0,7.0,15.0,0.0,23.0,0.0,6.0,3.0,10.0,13.0,16.0,16.0,0.0,5.0,,15.0,,0.0,16.0,16.0,16.0,16.0,16.0,6.0,11.0,12.0,0.0,0.0,11.0,0.0,0.0,4.0,14.0,,11.0,16.0,4.0,0.0,0.0,0.0,0.0,,11.0,0.0,8.0,13.0,16.0,57.0,4155.092511258442,466.9243984629792,0.11237400784647344,6.405318447248987,57.0,False,60
2201400010587004,22,Querétaro,014,Querétaro,0001,Santiago de Querétaro,0587,004,Urbana,55,Típica,24,31,15,10.75,55.0,,0.0,0.0,0.0,4.0,0.0,0.0,3.0,0.0,0.0,,,3.0,5.0,4.0,7.0,34.0,15.0,7.0,39.0,9.0,31.0,55.0,24.0,55.0,3.0,,,3.67,0.86,9.0,3.0,,,,0.0,,49.0,29.0,20.0,3.0,3.0,0.0,20.0,48.0,29.0,19.0,9.0,5.0,4.0,45.0,26.0,19.0,,,,52.0,30.0,22.0,50.0,29.0,21.0,10.0,6.0,4.0,,0.0,,,0.0,,15.0,14.0,15.0,0.0,15.0,0.0,14.0,0.0,15.0,0.0,6.0,,9.0,13.0,14.0,15.0,0.0,8.0,,12.0,3.0,0.0,15.0,15.0,15.0,15.0,15.0,10.0,13.0,12.0,0.0,,7.0,0.0,0.0,9.0,14.0,,13.0,15.0,,0.0,0.0,0.0,0.0,3.0,12.0,0.0,10.0,14.0,15.0,55.0,3509.7758719414624,12.6406895634078,0.003601566032880469,0.1980861318084258,55.0,False,60
2201400010572029,22,Querétaro,014,Querétaro,0001,Santiago de Querétaro,0572,029,Urbana,13,Típica,6,7,3,10.0,13.0,,0.0,0.0,0.0,0.0,0.0,0.0,,0.0,0.0,,0.0,0.0,4.0,0.0,4.0,12.0,,,9.0,3.0,7.0,13.0,6.0,13.0,0.0,0.0,0.0,4.33,1.0,0.0,0.0,0.0,0.0,,,0.0,13.0,7.0,6.0,0.0,0.0,0.0,4.0,12.0,6.0,6.0,,,,12.0,6.0,6.0,0.0,0.0,0.0,13.0,7.0,6.0,13.0,7.0,6.0,4.0,,3.0,0.0,0.0,0.0,,,0.0,3.0,4.0,3.0,,3.0,0.0,3.0,,4.0,0.0,,,,,3.0,3.0,0.0,,0.0,3.0,,0.0,3.0,3.0,3.0,3.0,3.0,,,3.0,0.0,0.0,,0.0,0.0,,3.0,0.0,3.0,3.0,,0.0,0.0,0.0,0.0,,,0.0,,,3.0,13.0,3079.875957364465,61.05621484789542,0.019824244772553408,0.2577151820431943,13.0,False,60
2201400010572028,22,Querétaro,014,Querétaro,0001,Santiago de Querétaro,0572,028,Urbana,151,Típica,67,84,35,9.35,151.0,,,3.0,,4.0,,3.0,,,3.0,6.0,,3.0,10.0,9.0,12.0,82.0,45.0,29.0,105.0,17.0,84.0,151.0,67.0,151.0,,,0.0,4.31,0.93,8.0,5.0,0.0,5.0,5.0,,3.0,127.0,73.0,54.0,4.0,3.0,,47.0,122.0,71.0,51.0,26.0,18.0,8.0,118.0,68.0,50.0,4.0,,3.0,146.0,84.0,62.0,144.0,84.0,60.0,24.0,15.0,9.0,15.0,10.0,5.0,15.0,8.0,7.0,35.0,36.0,35.0,,35.0,,33.0,,38.0,0.0,6.0,5.0,29.0,30.0,35.0,35.0,0.0,14.0,4.0,34.0,3.0,5.0,35.0,35.0,35.0,35.0,35.0,16.0,25.0,28.0,0.0,3.0,19.0,0.0,0.0,19.0,35.0,0.0,24.0,32.0,8.0,0.0,0.0,0.0,0.0,,24.0,0.0,23.0,28.0,35.0,151.0,6386.647544457472,662.3784608045119,0.1037130131565416,15.660664986637782,151.0,False,60
2201400013350022,22,Querétaro,014,Querétaro,0001,Santiago de Querétaro,3350,022,Urbana,59,Típica,30,29,18,11.34,59.0,,0.0,0.0,0.0,0.0,0.0,,3.0,4.0,,4.0,0.0,6.0,8.0,,16.0,32.0,16.0,15.0,42.0,,29.0,59.0,30.0,59.0,,0.0,,3.28,1.0,20.0,,0.0,,4.0,,,48.0,25.0,23.0,4.0,,3.0,21.0,44.0,23.0,21.0,7.0,5.0,,40.0,22.0,18.0,3.0,,,57.0,29.0,28.0,55.0,29.0,26.0,3.0,,,6.0,3.0,3.0,10.0,5.0,5.0,18.0,19.0,18.0,,18.0,,18.0,0.0,19.0,0.0,,,16.0,17.0,17.0,18.0,0.0,11.0,,18.0,,3.0,18.0,18.0,18.0,18.0,18.0,10.0,17.0,14.0,0.0,0.0,7.0,0.0,0.0,11.0,18.0,0.0,9.0,17.0,,0.0,0.0,0.0,0.0,5.0,16.0,0.0,8.0,18.0,18.0,59.0,2298.5400559850973,611.841933607074,0.26618719652673345,15.705044595077274,59.0,False,60
2201400012992028,22,Querétaro,014,Querétaro,0001,Santiago de Querétaro,2992,028,Urbana,93,Típica,48,45,25,11.93,93.0,,0.0,0.0,0.0,,,,3.0,0.0,0.0,0.0,0.0,0.0,,4.0,5.0,42.0,32.0,23.0,56.0,14.0,45.0,93.0,48.0,93.0,0.0,0.0,0.0,3.72,0.91,11.0,5.0,,3.0,4.0,,3.0,74.0,38.0,36.0,,,0.0,23.0,70.0,37.0,33.0,6.0,,4.0,69.0,36.0,33.0,4.0,,3.0,88.0,43.0,45.0,86.0,42.0,44.0,20.0,10.0,10.0,10.0,4.0,6.0,11.0,,9.0,25.0,32.0,25.0,7.0,25.0,7.0,25.0,0.0,32.0,,5.0,,20.0,21.0,25.0,25.0,0.0,16.0,,25.0,3.0,6.0,25.0,25.0,25.0,25.0,25.0,17.0,20.0,22.0,0.0,4.0,9.0,0.0,0.0,13.0,25.0,0.0,21.0,25.0,,0.0,0.0,0.0,0.0,6.0,19.0,0.0,17.0,25.0,25.0,93.0,4635.992655639677,1033.4564260399723,0.22292020346123162,20.731578921894542,93.0,False,60
2201400012920011,22,Querétaro,014,Querétaro,0001,Santiago de Querétaro,2920,011,Urbana,245,Típica,116,129,53,9.56,245.0,,3.0,,,6.0,3.0,6.0,16.0,3.0,,6.0,4.0,14.0,15.0,14.0,29.0,131.0,69.0,55.0,170.0,20.0,129.0,245.0,116.0,245.0,7.0,3.0,4.0,4.62,1.01,40.0,12.0,10.0,,13.0,9.0,4.0,203.0,99.0,104.0,5.0,,4.0,62.0,190.0,90.0,100.0,32.0,16.0,16.0,185.0,89.0,96.0,9.0,5.0,4.0,233.0,119.0,114.0,229.0,116.0,113.0,28.0,17.0,11.0,21.0,15.0,6.0,26.0,20.0,6.0,53.0,48.0,53.0,3.0,49.0,3.0,45.0,0.0,56.0,,10.0,7.0,39.0,40.0,49.0,49.0,0.0,19.0,14.0,47.0,4.0,5.0,49.0,49.0,49.0,49.0,49.0,27.0,34.0,36.0,0.0,3.0,29.0,0.0,0.0,20.0,49.0,0.0,39.0,44.0,15.0,,0.0,0.0,0.0,8.0,33.0,0.0,27.0,30.0,47.0,245.0,6691.104200398395,502.5520231529292,0.07510748721010903,18.40133436647671,245.0,False,60
2201400012865027,22,Querétaro,014,Querétaro,0001,Santiago de Querétaro,2865,027,Urbana,96,Típica,43,53,20,7.93,96.0,,3.0,,0.0,,0.0,4.0,5.0,0.0,0.0,3.0,,,7.0,7.0,11.0,44.0,35.0,26.0,57.0,13.0,53.0,96.0,43.0,96.0,,0.0,,4.8,1.14,33.0,3.0,3.0,0.0,9.0,6.0,3.0,79.0,43.0,36.0,7.0,3.0,4.0,27.0,70.0,37.0,33.0,8.0,3.0,5.0,63.0,34.0,29.0,,,,93.0,50.0,43.0,92.0,49.0,43.0,13.0,6.0,7.0,12.0,6.0,6.0,16.0,9.0,7.0,20.0,23.0,20.0,3.0,20.0,3.0,20.0,0.0,23.0,0.0,3.0,,17.0,19.0,20.0,20.0,0.0,6.0,,20.0,3.0,,20.0,20.0,20.0,20.0,20.0,10.0,17.0,13.0,0.0,0.0,14.0,0.0,0.0,8.0,18.0,,16.0,19.0,3.0,0.0,0.0,0.0,0.0,3.0,13.0,0.0,14.0,12.0,19.0,96.0,7828.222707505374,398.81496985439514,0.05094578740996062,4.89079559135622,96.0,False,60
2201400011087036,22,Querétaro,014,Querétaro,0001,Santiago de Querétaro,1087,036,Urbana,0,Típica,0,0,0,0.0,0.0,,0.0,0.0,0.0,0.0,0.0,0.0,0.0,0.0,0.0,0.0,0.0,0.0,0.0,0.0,0.0,0.0,0.0,0.0,0.0,0.0,0.0,0.0,0.0,0.0,0.0,0.0,0.0,0.0,0.0,0.0,0.0,0.0,0.0,0.0,0.0,0.0,0.0,0.0,0.0,0.0,0.0,0.0,0.0,0.0,0.0,0.0,0.0,0.0,0.0,0.0,0.0,0.0,0.0,0.0,0.0,0.0,0.0,0.0,0.0,0.0,0.0,0.0,0.0,0.0,0.0,0.0,0.0,0.0,0.0,0.0,0.0,0.0,0.0,0.0,0.0,0.0,0.0,0.0,0.0,0.0,0.0,0.0,0.0,0.0,0.0,0.0,0.0,0.0,0.0,0.0,0.0,0.0,0.0,0.0,0.0,0.0,0.0,0.0,0.0,0.0,0.0,0.0,0.0,0.0,0.0,0.0,0.0,0.0,0.0,0.0,0.0,0.0,0.0,0.0,0.0,0.0,0.0,0.0,0.0,0.0,0.0,0.0,4358.828455713049,585.3791835205521,0.13429736670487794,0.0,0.0,False,60
2201400011087027,22,Querétaro,014,Querétaro,0001,Santiago de Querétaro,1087,027,Urbana,105,Típica,59,46,38,12.07,105.0,,0.0,0.0,0.0,0.0,0.0,0.0,0.0,0.0,0.0,0.0,0.0,0.0,,0.0,,86.0,13.0,10.0,89.0,6.0,46.0,105.0,59.0,105.0,3.0,,,2.76,0.7,0.0,,0.0,,4.0,,3.0,99.0,44.0,55.0,3.0,,,29.0,95.0,43.0,52.0,12.0,5.0,7.0,92.0,42.0,50.0,,,0.0,104.0,46.0,58.0,103.0,45.0,58.0,15.0,7.0,8.0,4.0,,3.0,7.0,,5.0,38.0,38.0,38.0,0.0,38.0,0.0,38.0,0.0,38.0,0.0,12.0,,26.0,37.0,38.0,38.0,0.0,34.0,6.0,36.0,12.0,11.0,38.0,38.0,38.0,38.0,38.0,33.0,38.0,37.0,0.0,5.0,3.0,0.0,0.0,27.0,38.0,0.0,29.0,37.0,0.0,0.0,0.0,0.0,0.0,36.0,37.0,0.0,34.0,38.0,38.0,105.0,4708.522493746403,300.98679139938184,0.06392382999107167,6.712002149062525,105.0,False,60
2201400011087026,22,Querétaro,014,Querétaro,0001,Santiago de Querétaro,1087,026,Urbana,0,Típica,0,0,0,0.0,0.0,,0.0,0.0,0.0,0.0,0.0,0.0,0.0,0.0,0.0,0.0,0.0,0.0,0.0,0.0,0.0,0.0,0.0,0.0,0.0,0.0,0.0,0.0,0.0,0.0,0.0,0.0,0.0,0.0,0.0,0.0,0.0,0.0,0.0,0.0,0.0,0.0,0.0,0.0,0.0,0.0,0.0,0.0,0.0,0.0,0.0,0.0,0.0,0.0,0.0,0.0,0.0,0.0,0.0,0.0,0.0,0.0,0.0,0.0,0.0,0.0,0.0,0.0,0.0,0.0,0.0,0.0,0.0,0.0,0.0,0.0,0.0,0.0,0.0,0.0,0.0,0.0,0.0,0.0,0.0,0.0,0.0,0.0,0.0,0.0,0.0,0.0,0.0,0.0,0.0,0.0,0.0,0.0,0.0,0.0,0.0,0.0,0.0,0.0,0.0,0.0,0.0,0.0,0.0,0.0,0.0,0.0,0.0,0.0,0.0,0.0,0.0,0.0,0.0,0.0,0.0,0.0,0.0,0.0,0.0,0.0,0.0,0.0,10451.45442952435,641.4068143269756,0.06137010103733153,0.0,0.0,False,60
2201400011087023,22,Querétaro,014,Querétaro,0001,Santiago de Querétaro,1087,023,Urbana,70,Típica,33,37,18,11.04,70.0,,0.0,0.0,0.0,0.0,0.0,0.0,,0.0,,0.0,0.0,,0.0,0.0,,37.0,23.0,14.0,55.0,,37.0,70.0,33.0,70.0,,0.0,,3.89,0.8,19.0,3.0,,,4.0,,3.0,60.0,32.0,28.0,5.0,3.0,,22.0,56.0,31.0,25.0,10.0,5.0,5.0,51.0,28.0,23.0,,,0.0,67.0,35.0,32.0,65.0,33.0,32.0,5.0,,3.0,5.0,,4.0,8.0,,6.0,18.0,18.0,18.0,0.0,18.0,0.0,18.0,0.0,18.0,0.0,0.0,0.0,18.0,18.0,18.0,18.0,0.0,10.0,0.0,18.0,,0.0,18.0,18.0,18.0,18.0,18.0,17.0,17.0,17.0,0.0,0.0,8.0,0.0,0.0,8.0,18.0,0.0,17.0,18.0,0.0,0.0,0.0,0.0,0.0,,17.0,0.0,7.0,18.0,18.0,70.0,2435.538167056439,303.7593385172236,0.12471959693587696,8.730371785511387,70.0,False,60
2201400011087002,22,Querétaro,014,Querétaro,0001,Santiago de Querétaro,1087,002,Urbana,68,Típica,36,32,20,12.78,68.0,,0.0,3.0,3.0,,,0.0,3.0,,0.0,,3.0,,,4.0,4.0,38.0,24.0,9.0,53.0,6.0,32.0,68.0,36.0,68.0,0.0,0.0,0.0,3.4,0.91,9.0,,0.0,,3.0,,,62.0,29.0,33.0,,0.0,,16.0,59.0,27.0,32.0,10.0,4.0,6.0,57.0,27.0,30.0,,,,67.0,32.0,35.0,66.0,32.0,34.0,12.0,7.0,5.0,3.0,,,5.0,4.0,,20.0,21.0,20.0,,20.0,,20.0,0.0,21.0,0.0,3.0,,17.0,19.0,20.0,20.0,0.0,17.0,,17.0,16.0,3.0,20.0,20.0,20.0,20.0,20.0,15.0,16.0,19.0,0.0,,3.0,0.0,0.0,12.0,20.0,0.0,16.0,20.0,3.0,,0.0,0.0,0.0,10.0,12.0,0.0,14.0,20.0,20.0,68.0,2414.387052161498,753.6376331829282,0.3121444975064079,21.225825830435735,68.0,False,60
2201400011068038,22,Querétaro,014,Querétaro,0001,Santiago de Querétaro,1068,038,Urbana,0,Típica,0,0,0,0.0,0.0,,0.0,0.0,0.0,0.0,0.0,0.0,0.0,0.0,0.0,0.0,0.0,0.0,0.0,0.0,0.0,0.0,0.0,0.0,0.0,0.0,0.0,0.0,0.0,0.0,0.0,0.0,0.0,0.0,0.0,0.0,0.0,0.0,0.0,0.0,0.0,0.0,0.0,0.0,0.0,0.0,0.0,0.0,0.0,0.0,0.0,0.0,0.0,0.0,0.0,0.0,0.0,0.0,0.0,0.0,0.0,0.0,0.0,0.0,0.0,0.0,0.0,0.0,0.0,0.0,0.0,0.0,0.0,0.0,0.0,0.0,0.0,0.0,0.0,0.0,0.0,0.0,0.0,0.0,0.0,0.0,0.0,0.0,0.0,0.0,0.0,0.0,0.0,0.0,0.0,0.0,0.0,0.0,0.0,0.0,0.0,0.0,0.0,0.0,0.0,0.0,0.0,0.0,0.0,0.0,0.0,0.0,0.0,0.0,0.0,0.0,0.0,0.0,0.0,0.0,0.0,0.0,0.0,0.0,0.0,0.0,0.0,0.0,230.3860616887008,230.38606168870075,0.9999999999999998,0.0,0.0,True,60
2201400010093006,22,Querétaro,014,Querétaro,0001,Santiago de Querétaro,0093,006,Urbana,94,Típica,43,51,28,11.1,94.0,,3.0,,,11.0,0.0,5.0,5.0,0.0,3.0,3.0,,5.0,5.0,14.0,16.0,56.0,26.0,15.0,61.0,18.0,51.0,94.0,43.0,94.0,,,0.0,3.36,0.78,11.0,3.0,,,3.0,3.0,0.0,82.0,47.0,35.0,0.0,0.0,0.0,27.0,79.0,44.0,35.0,15.0,7.0,8.0,79.0,44.0,35.0,6.0,,5.0,91.0,50.0,41.0,85.0,49.0,36.0,22.0,11.0,11.0,3.0,,,6.0,5.0,,28.0,30.0,28.0,,28.0,,28.0,,30.0,0.0,4.0,,24.0,26.0,28.0,28.0,0.0,13.0,,25.0,,6.0,28.0,28.0,28.0,28.0,28.0,18.0,26.0,24.0,0.0,3.0,14.0,0.0,0.0,15.0,28.0,0.0,20.0,27.0,,0.0,0.0,0.0,0.0,11.0,25.0,0.0,22.0,26.0,28.0,94.0,6321.667020630091,19.795667296969413,0.003131399871642772,0.29435158793442057,94.0,False,60
2201400012850014,22,Querétaro,014,Querétaro,0001,Santiago de Querétaro,2850,014,Urbana,87,Típica,50,37,21,11.17,87.0,,0.0,0.0,0.0,,0.0,0.0,,0.0,0.0,0.0,0.0,0.0,13.0,,14.0,52.0,16.0,22.0,59.0,6.0,37.0,87.0,50.0,87.0,0.0,0.0,0.0,4.14,0.99,24.0,3.0,,,4.0,,3.0,69.0,29.0,40.0,5.0,,4.0,18.0,65.0,28.0,37.0,5.0,,4.0,60.0,27.0,33.0,4.0,3.0,,84.0,35.0,49.0,81.0,33.0,48.0,9.0,6.0,3.0,11.0,3.0,8.0,11.0,3.0,8.0,21.0,23.0,21.0,,20.0,,21.0,0.0,23.0,0.0,4.0,,16.0,19.0,20.0,20.0,0.0,17.0,4.0,20.0,,6.0,20.0,20.0,20.0,20.0,20.0,17.0,18.0,16.0,0.0,4.0,,0.0,0.0,13.0,20.0,0.0,16.0,19.0,,0.0,0.0,0.0,0.0,8.0,15.0,0.0,16.0,17.0,19.0,87.0,13924.84355737192,882.5206582888725,0.06337741997982155,5.513835538244475,87.0,False,60
2201400012827009,22,Querétaro,014,Querétaro,0001,Santiago de Querétaro,2827,009,Urbana,143,Típica,67,76,45,13.17,143.0,,,0.0,,4.0,,4.0,,0.0,0.0,,,5.0,10.0,10.0,16.0,96.0,28.0,26.0,108.0,9.0,76.0,143.0,67.0,143.0,0.0,0.0,0.0,3.18,0.81,17.0,4.0,3.0,,7.0,3.0,4.0,124.0,66.0,58.0,5.0,3.0,,51.0,117.0,63.0,54.0,23.0,10.0,13.0,112.0,60.0,52.0,5.0,,3.0,139.0,73.0,66.0,136.0,71.0,65.0,10.0,6.0,4.0,10.0,5.0,5.0,14.0,7.0,7.0,45.0,53.0,45.0,,45.0,8.0,44.0,,54.0,3.0,8.0,,37.0,40.0,45.0,45.0,0.0,31.0,7.0,44.0,6.0,11.0,45.0,45.0,45.0,45.0,45.0,29.0,36.0,38.0,0.0,3.0,13.0,0.0,0.0,30.0,44.0,,30.0,45.0,7.0,0.0,,0.0,0.0,14.0,34.0,0.0,26.0,44.0,42.0,143.0,6588.322451637167,224.34448809453377,0.034051837890658375,4.869412818364148,143.0,False,60
2201400012827008,22,Querétaro,014,Querétaro,0001,Santiago de Querétaro,2827,008,Urbana,46,Típica,24,22,14,12.0,46.0,,,0.0,0.0,,,,3.0,,0.0,,0.0,5.0,5.0,4.0,14.0,30.0,12.0,7.0,39.0,0.0,22.0,46.0,24.0,46.0,0.0,0.0,0.0,3.29,0.9,8.0,,0.0,,3.0,,,42.0,19.0,23.0,4.0,,,13.0,39.0,17.0,22.0,3.0,,,35.0,15.0,20.0,,,0.0,45.0,22.0,23.0,43.0,20.0,23.0,3.0,0.0,3.0,,,0.0,4.0,3.0,,14.0,17.0,14.0,3.0,14.0,3.0,14.0,0.0,17.0,0.0,0.0,0.0,14.0,14.0,14.0,14.0,0.0,10.0,4.0,14.0,,,14.0,14.0,14.0,14.0,14.0,10.0,11.0,13.0,0.0,0.0,4.0,0.0,0.0,8.0,14.0,0.0,9.0,14.0,3.0,0.0,,0.0,0.0,6.0,11.0,0.0,7.0,14.0,13.0,46.0,2405.3679419159375,549.3712869144332,0.2283938674583169,10.506117903082577,46.0,False,60
2201400012812021,22,Querétaro,014,Querétaro,0001,Santiago de Querétaro,2812,021,Urbana,112,Típica,51,61,33,12.75,112.0,,0.0,,,,0.0,,4.0,,,,0.0,5.0,18.0,4.0,22.0,66.0,30.0,23.0,85.0,4.0,61.0,112.0,51.0,112.0,,,0.0,3.39,0.77,36.0,4.0,3.0,,7.0,,6.0,96.0,52.0,44.0,6.0,3.0,3.0,42.0,89.0,51.0,38.0,22.0,15.0,7.0,83.0,48.0,35.0,3.0,0.0,3.0,108.0,58.0,50.0,106.0,58.0,48.0,5.0,3.0,,9.0,6.0,3.0,12.0,4.0,8.0,33.0,34.0,33.0,,33.0,,32.0,,35.0,0.0,,,32.0,32.0,33.0,33.0,0.0,23.0,4.0,33.0,6.0,12.0,33.0,33.0,33.0,33.0,33.0,25.0,32.0,28.0,0.0,,9.0,0.0,0.0,26.0,33.0,0.0,23.0,32.0,0.0,0.0,,0.0,0.0,12.0,25.0,0.0,27.0,33.0,30.0,112.0,3843.6190009842794,2.6238250532706138,0.0006826444173053315,0.07645617473819713,112.0,False,60
2201400012812015,22,Querétaro,014,Querétaro,0001,Santiago de Querétaro,2812,015,Urbana,87,Típica,42,45,26,11.3,87.0,,0.0,0.0,0.0,,0.0,3.0,,0.0,0.0,0.0,4.0,0.0,,4.0,3.0,43.0,34.0,16.0,66.0,5.0,45.0,87.0,42.0,87.0,,0.0,,3.35,1.0,19.0,3.0,,,6.0,,5.0,77.0,40.0,37.0,3.0,0.0,3.0,23.0,71.0,39.0,32.0,12.0,9.0,3.0,68.0,39.0,29.0,,,,84.0,44.0,40.0,83.0,44.0,39.0,10.0,6.0,4.0,5.0,3.0,,10.0,3.0,7.0,26.0,27.0,26.0,4.0,26.0,4.0,23.0,0.0,30.0,0.0,,0.0,24.0,26.0,26.0,26.0,0.0,18.0,5.0,23.0,0.0,7.0,26.0,26.0,26.0,26.0,26.0,14.0,21.0,22.0,0.0,5.0,8.0,0.0,0.0,13.0,26.0,0.0,21.0,26.0,4.0,0.0,0.0,0.0,0.0,5.0,16.0,0.0,22.0,26.0,25.0,87.0,3161.618770124298,243.17355680364955,0.07691425642506837,6.691540308980948,87.0,False,60
2201400011180006,22,Querétaro,014,Querétaro,0001,Santiago de Querétaro,1180,006,Urbana,16,Típica,9,7,6,15.27,16.0,,0.0,0.0,0.0,0.0,0.0,0.0,0.0,0.0,0.0,0.0,0.0,0.0,,0.0,,9.0,,5.0,11.0,0.0,7.0,16.0,9.0,16.0,,,0.0,2.67,0.36,0.0,,,0.0,0.0,0.0,0.0,11.0,6.0,5.0,0.0,0.0,0.0,6.0,11.0,6.0,5.0,,,0.0,11.0,6.0,5.0,,0.0,,15.0,6.0,9.0,15.0,6.0,9.0,0.0,0.0,0.0,3.0,0.0,3.0,,0.0,,6.0,5.0,6.0,,6.0,,3.0,,8.0,0.0,,,4.0,5.0,6.0,6.0,0.0,5.0,,6.0,3.0,3.0,6.0,6.0,6.0,6.0,6.0,5.0,6.0,6.0,0.0,,,0.0,0.0,5.0,6.0,0.0,5.0,6.0,0.0,0.0,0.0,0.0,0.0,4.0,5.0,0.0,6.0,5.0,6.0,16.0,5886.284736082158,637.8067515337348,0.10835472290765388,1.7336755665224621,16.0,False,60
2201400012032040,22,Querétaro,014,Querétaro,0001,Santiago de Querétaro,2032,040,Urbana,209,Típica,92,117,66,14.43,209.0,,,,3.0,,,,7.0,0.0,0.0,3.0,5.0,4.0,9.0,7.0,17.0,117.0,39.0,64.0,142.0,3.0,117.0,209.0,92.0,209.0,0.0,0.0,0.0,3.17,0.67,39.0,11.0,6.0,5.0,11.0,8.0,3.0,156.0,87.0,69.0,,,,63.0,145.0,79.0,66.0,18.0,10.0,8.0,143.0,78.0,65.0,17.0,10.0,7.0,198.0,111.0,87.0,188.0,105.0,83.0,9.0,7.0,,25.0,14.0,11.0,31.0,20.0,11.0,66.0,72.0,66.0,6.0,66.0,3.0,66.0,3.0,72.0,0.0,8.0,,58.0,65.0,66.0,66.0,0.0,59.0,8.0,66.0,5.0,25.0,66.0,66.0,66.0,66.0,66.0,56.0,64.0,58.0,0.0,7.0,7.0,0.0,0.0,54.0,66.0,0.0,53.0,65.0,,0.0,0.0,0.0,0.0,40.0,44.0,0.0,51.0,66.0,64.0,209.0,7488.025276200255,614.8126421046895,0.08210611201577993,17.160177411298005,209.0,False,60
2201400012916028,22,Querétaro,014,Querétaro,0001,Santiago de Querétaro,2916,028,Urbana,19,Típica,10,9,3,9.27,19.0,,0.0,0.0,0.0,,0.0,0.0,0.0,0.0,0.0,0.0,0.0,0.0,0.0,,0.0,10.0,6.0,4.0,14.0,,9.0,19.0,10.0,19.0,0.0,0.0,0.0,6.33,1.36,,0.0,0.0,0.0,,0.0,,16.0,8.0,8.0,,,0.0,5.0,15.0,8.0,7.0,3.0,,,14.0,7.0,7.0,0.0,0.0,0.0,19.0,9.0,10.0,19.0,9.0,10.0,3.0,,,3.0,,,3.0,,,3.0,3.0,3.0,0.0,3.0,0.0,3.0,0.0,3.0,0.0,0.0,0.0,3.0,3.0,3.0,3.0,0.0,3.0,0.0,,0.0,0.0,3.0,3.0,3.0,3.0,3.0,,0.0,,0.0,0.0,0.0,0.0,0.0,0.0,,,0.0,3.0,3.0,,0.0,0.0,0.0,0.0,0.0,0.0,0.0,,3.0,19.0,2440.9464927545396,0.01856685898415415,7.606417854412683e-06,0.00014452193923384098,19.0,False,60
2201400011405031,22,Querétaro,014,Querétaro,0001,Santiago de Querétaro,1405,031,Urbana,625,Típica,302,323,298,14.71,625.0,,,7.0,3.0,7.0,5.0,8.0,14.0,10.0,,8.0,7.0,11.0,49.0,23.0,74.0,408.0,134.0,96.0,488.0,41.0,323.0,625.0,302.0,625.0,,,,2.1,0.59,105.0,19.0,3.0,16.0,13.0,12.0,,542.0,286.0,256.0,13.0,6.0,7.0,216.0,529.0,274.0,255.0,71.0,44.0,27.0,516.0,268.0,248.0,26.0,15.0,11.0,606.0,320.0,286.0,590.0,310.0,280.0,61.0,38.0,23.0,38.0,19.0,19.0,35.0,22.0,13.0,298.0,332.0,298.0,45.0,297.0,33.0,287.0,12.0,343.0,,141.0,7.0,156.0,289.0,297.0,297.0,0.0,242.0,23.0,293.0,28.0,90.0,297.0,297.0,297.0,297.0,297.0,239.0,277.0,256.0,0.0,13.0,53.0,0.0,0.0,250.0,297.0,0.0,188.0,296.0,12.0,4.0,18.0,0.0,0.0,201.0,191.0,0.0,138.0,289.0,272.0,625.0,127280.39831230206,1273.239741858366,0.010003423612285343,6.252139757678339,625.0,False,60
2201400013524030,22,Querétaro,014,Querétaro,0001,Santiago de Querétaro,3524,030,Urbana,119,Típica,56,63,37,11.97,119.0,,0.0,,0.0,,,,6.0,,0.0,4.0,3.0,,8.0,,15.0,72.0,24.0,26.0,93.0,0.0,63.0,119.0,56.0,119.0,0.0,0.0,0.0,3.22,0.83,14.0,5.0,,3.0,3.0,0.0,3.0,96.0,50.0,46.0,6.0,4.0,,39.0,93.0,50.0,43.0,20.0,9.0,11.0,87.0,46.0,41.0,7.0,3.0,4.0,114.0,61.0,53.0,110.0,60.0,50.0,3.0,,,11.0,8.0,3.0,10.0,6.0,4.0,37.0,38.0,37.0,,37.0,,36.0,,39.0,,8.0,3.0,29.0,33.0,36.0,37.0,0.0,20.0,4.0,37.0,,7.0,37.0,37.0,37.0,37.0,37.0,16.0,31.0,27.0,0.0,3.0,17.0,0.0,0.0,22.0,37.0,0.0,32.0,37.0,4.0,0.0,0.0,0.0,0.0,12.0,30.0,0.0,24.0,37.0,36.0,119.0,7562.932957641207,14.807134073125653,0.0019578560534726504,0.2329848703632454,119.0,False,60
2201400013810020,22,Querétaro,014,Querétaro,0001,Santiago de Querétaro,3810,020,Urbana,127,Típica,65,62,37,12.44,127.0,,,,,,,,9.0,,3.0,4.0,3.0,,9.0,4.0,19.0,70.0,31.0,31.0,89.0,7.0,62.0,127.0,65.0,127.0,0.0,0.0,0.0,3.43,0.84,18.0,4.0,,3.0,5.0,,3.0,101.0,50.0,51.0,9.0,4.0,5.0,35.0,96.0,48.0,48.0,17.0,7.0,10.0,87.0,44.0,43.0,10.0,4.0,6.0,123.0,61.0,62.0,116.0,59.0,57.0,7.0,4.0,3.0,12.0,7.0,5.0,16.0,8.0,8.0,37.0,36.0,37.0,3.0,37.0,3.0,33.0,0.0,40.0,0.0,5.0,0.0,32.0,37.0,37.0,37.0,0.0,28.0,4.0,37.0,0.0,6.0,37.0,37.0,37.0,37.0,37.0,31.0,32.0,34.0,0.0,3.0,8.0,0.0,0.0,28.0,37.0,0.0,27.0,36.0,3.0,0.0,0.0,0.0,0.0,21.0,28.0,0.0,20.0,37.0,37.0,127.0,2234.2433394198106,153.58780688277199,0.06874264954624672,8.730316492373333,127.0,False,60
2201400014664012,22,Querétaro,014,Querétaro,0001,Santiago de Querétaro,4664,012,Urbana,59,Típica,31,28,15,9.75,59.0,,,0.0,0.0,0.0,0.0,4.0,,0.0,0.0,,,0.0,5.0,4.0,6.0,30.0,20.0,15.0,39.0,5.0,28.0,59.0,31.0,59.0,0.0,0.0,0.0,3.93,1.2,27.0,3.0,,,6.0,3.0,3.0,50.0,24.0,26.0,5.0,3.0,,15.0,44.0,21.0,23.0,7.0,,5.0,39.0,18.0,21.0,,,0.0,56.0,26.0,30.0,55.0,25.0,30.0,6.0,3.0,3.0,5.0,,4.0,11.0,4.0,7.0,15.0,13.0,15.0,0.0,15.0,0.0,13.0,0.0,15.0,0.0,5.0,6.0,10.0,9.0,15.0,15.0,0.0,4.0,9.0,14.0,,,15.0,15.0,15.0,15.0,15.0,6.0,11.0,9.0,0.0,,11.0,0.0,0.0,5.0,13.0,,8.0,14.0,3.0,,0.0,0.0,0.0,,12.0,0.0,7.0,13.0,15.0,59.0,7068.16769434635,24.17701644365848,0.0034205493543959164,0.20181241190935906,59.0,False,60
2201400013562015,22,Querétaro,014,Querétaro,0001,Santiago de Querétaro,3562,015,Urbana,155,Típica,75,80,49,13.32,155.0,,,0.0,0.0,,,,,0.0,0.0,,,0.0,13.0,5.0,15.0,85.0,33.0,40.0,107.0,8.0,80.0,155.0,75.0,155.0,,,0.0,3.16,0.81,7.0,6.0,4.0,,7.0,4.0,3.0,122.0,65.0,57.0,11.0,5.0,6.0,52.0,115.0,61.0,54.0,18.0,9.0,9.0,104.0,56.0,48.0,9.0,3.0,6.0,149.0,76.0,73.0,142.0,74.0,68.0,8.0,5.0,3.0,18.0,8.0,10.0,19.0,8.0,11.0,49.0,42.0,49.0,,49.0,,40.0,0.0,51.0,0.0,10.0,0.0,39.0,49.0,49.0,49.0,0.0,37.0,3.0,48.0,,10.0,49.0,49.0,49.0,49.0,49.0,32.0,45.0,46.0,0.0,0.0,12.0,0.0,0.0,41.0,48.0,0.0,37.0,49.0,3.0,0.0,,0.0,0.0,23.0,43.0,0.0,35.0,49.0,47.0,155.0,5746.597697111909,57.10953017824744,0.009937972551471492,1.5403857454780812,155.0,False,60
2201400014128008,22,Querétaro,014,Querétaro,0001,Santiago de Querétaro,4128,008,Urbana,0,Típica,0,0,0,0.0,0.0,,0.0,0.0,0.0,0.0,0.0,0.0,0.0,0.0,0.0,0.0,0.0,0.0,0.0,0.0,0.0,0.0,0.0,0.0,0.0,0.0,0.0,0.0,0.0,0.0,0.0,0.0,0.0,0.0,0.0,0.0,0.0,0.0,0.0,0.0,0.0,0.0,0.0,0.0,0.0,0.0,0.0,0.0,0.0,0.0,0.0,0.0,0.0,0.0,0.0,0.0,0.0,0.0,0.0,0.0,0.0,0.0,0.0,0.0,0.0,0.0,0.0,0.0,0.0,0.0,0.0,0.0,0.0,0.0,0.0,0.0,0.0,0.0,0.0,0.0,0.0,0.0,0.0,0.0,0.0,0.0,0.0,0.0,0.0,0.0,0.0,0.0,0.0,0.0,0.0,0.0,0.0,0.0,0.0,0.0,0.0,0.0,0.0,0.0,0.0,0.0,0.0,0.0,0.0,0.0,0.0,0.0,0.0,0.0,0.0,0.0,0.0,0.0,0.0,0.0,0.0,0.0,0.0,0.0,0.0,0.0,0.0,0.0,15101.84568071019,205.5842645375219,0.013613188009205902,0.0,0.0,False,60
2201400011918025,22,Querétaro,014,Querétaro,0001,Santiago de Querétaro,1918,025,Urbana,1,Típica,0,0,1,,,,,,,,,,,,,,,,,,,,,,,,,,,1.0,,,,,,,,,,,,,,,,,,,,,,,,,,,,,,,,,,,,,,,,,,,,,,,1.0,,,,,,,,2.0,,,,,,,,,,,,,,,,,,,,,,,,,,,,,,,,,,,,,,,,,,,1.0,101537.29000314236,872.8606318193686,0.008596453891888935,0.008596453891888935,1.0,False,60
2201400013420024,22,Querétaro,014,Querétaro,0001,Santiago de Querétaro,3420,024,Urbana,0,Típica,0,0,0,0.0,0.0,,0.0,0.0,0.0,0.0,0.0,0.0,0.0,0.0,0.0,0.0,0.0,0.0,0.0,0.0,0.0,0.0,0.0,0.0,0.0,0.0,0.0,0.0,0.0,0.0,0.0,0.0,0.0,0.0,0.0,0.0,0.0,0.0,0.0,0.0,0.0,0.0,0.0,0.0,0.0,0.0,0.0,0.0,0.0,0.0,0.0,0.0,0.0,0.0,0.0,0.0,0.0,0.0,0.0,0.0,0.0,0.0,0.0,0.0,0.0,0.0,0.0,0.0,0.0,0.0,0.0,0.0,0.0,0.0,0.0,0.0,0.0,0.0,0.0,0.0,0.0,0.0,0.0,0.0,0.0,0.0,0.0,0.0,0.0,0.0,0.0,0.0,0.0,0.0,0.0,0.0,0.0,0.0,0.0,0.0,0.0,0.0,0.0,0.0,0.0,0.0,0.0,0.0,0.0,0.0,0.0,0.0,0.0,0.0,0.0,0.0,0.0,0.0,0.0,0.0,0.0,0.0,0.0,0.0,0.0,0.0,0.0,0.0,5392.531344122394,571.8660216493146,0.10604778816401719,0.0,0.0,False,60
2201400014772018,22,Querétaro,014,Querétaro,0001,Santiago de Querétaro,4772,018,Urbana,0,Típica,0,0,0,0.0,0.0,,0.0,0.0,0.0,0.0,0.0,0.0,0.0,0.0,0.0,0.0,0.0,0.0,0.0,0.0,0.0,0.0,0.0,0.0,0.0,0.0,0.0,0.0,0.0,0.0,0.0,0.0,0.0,0.0,0.0,0.0,0.0,0.0,0.0,0.0,0.0,0.0,0.0,0.0,0.0,0.0,0.0,0.0,0.0,0.0,0.0,0.0,0.0,0.0,0.0,0.0,0.0,0.0,0.0,0.0,0.0,0.0,0.0,0.0,0.0,0.0,0.0,0.0,0.0,0.0,0.0,0.0,0.0,0.0,0.0,0.0,0.0,0.0,0.0,0.0,0.0,0.0,0.0,0.0,0.0,0.0,0.0,0.0,0.0,0.0,0.0,0.0,0.0,0.0,0.0,0.0,0.0,0.0,0.0,0.0,0.0,0.0,0.0,0.0,0.0,0.0,0.0,0.0,0.0,0.0,0.0,0.0,0.0,0.0,0.0,0.0,0.0,0.0,0.0,0.0,0.0,0.0,0.0,0.0,0.0,0.0,0.0,0.0,12049.114354571695,266.478675097932,0.022116038345741506,0.0,0.0,False,60
2201400010816014,22,Querétaro,014,Querétaro,0001,Santiago de Querétaro,0816,014,Urbana,392,Típica,200,192,153,14.42,392.0,,3.0,,4.0,,3.0,11.0,10.0,0.0,3.0,8.0,,15.0,47.0,16.0,59.0,261.0,89.0,48.0,307.0,37.0,192.0,392.0,200.0,392.0,10.0,5.0,5.0,2.56,0.6,91.0,10.0,7.0,3.0,8.0,3.0,5.0,352.0,170.0,182.0,7.0,4.0,3.0,107.0,344.0,167.0,177.0,59.0,28.0,31.0,337.0,163.0,174.0,12.0,6.0,6.0,382.0,185.0,197.0,375.0,182.0,193.0,48.0,34.0,14.0,18.0,9.0,9.0,20.0,9.0,11.0,153.0,191.0,153.0,40.0,152.0,18.0,151.0,22.0,193.0,0.0,33.0,,119.0,150.0,152.0,152.0,0.0,117.0,17.0,150.0,55.0,41.0,152.0,152.0,152.0,152.0,152.0,124.0,139.0,131.0,0.0,13.0,31.0,0.0,0.0,129.0,151.0,,111.0,152.0,5.0,0.0,,0.0,0.0,81.0,96.0,0.0,97.0,152.0,145.0,392.0,127913.31367605594,979.7141954422328,0.007659204247678131,3.0024080650898273,392.0,False,60
2201400012032047,22,Querétaro,014,Querétaro,0001,Santiago de Querétaro,2032,047,Urbana,0,Típica,0,0,0,0.0,0.0,,0.0,0.0,0.0,0.0,0.0,0.0,0.0,0.0,0.0,0.0,0.0,0.0,0.0,0.0,0.0,0.0,0.0,0.0,0.0,0.0,0.0,0.0,0.0,0.0,0.0,0.0,0.0,0.0,0.0,0.0,0.0,0.0,0.0,0.0,0.0,0.0,0.0,0.0,0.0,0.0,0.0,0.0,0.0,0.0,0.0,0.0,0.0,0.0,0.0,0.0,0.0,0.0,0.0,0.0,0.0,0.0,0.0,0.0,0.0,0.0,0.0,0.0,0.0,0.0,0.0,0.0,0.0,0.0,0.0,0.0,0.0,0.0,0.0,0.0,0.0,0.0,0.0,0.0,0.0,0.0,0.0,0.0,0.0,0.0,0.0,0.0,0.0,0.0,0.0,0.0,0.0,0.0,0.0,0.0,0.0,0.0,0.0,0.0,0.0,0.0,0.0,0.0,0.0,0.0,0.0,0.0,0.0,0.0,0.0,0.0,0.0,0.0,0.0,0.0,0.0,0.0,0.0,0.0,0.0,0.0,0.0,0.0,6290.704068940321,507.7476380926045,0.08071396023849765,0.0,0.0,False,60
2201400014664037,22,Querétaro,014,Querétaro,0001,Santiago de Querétaro,4664,037,Urbana,10,Típica,0,0,2,,,,,,,,,,,,,,,,,,,,,,,,,,,10.0,,,,,,,,,,,,,,,,,,,,,,,,,,,,,,,,,,,,,,,,,,,,,,,2.0,,,,,,,,2.0,,,,,,,,,,,,,,,,,,,,,,,,,,,,,,,,,,,,,,,,,,,10.0,8557.11632329495,509.57081806202035,0.05954936205259019,0.5954936205259019,10.0,False,60
2201400014787034,22,Querétaro,014,Querétaro,0001,Santiago de Querétaro,4787,034,Urbana,0,Típica,0,0,0,0.0,0.0,,0.0,0.0,0.0,0.0,0.0,0.0,0.0,0.0,0.0,0.0,0.0,0.0,0.0,0.0,0.0,0.0,0.0,0.0,0.0,0.0,0.0,0.0,0.0,0.0,0.0,0.0,0.0,0.0,0.0,0.0,0.0,0.0,0.0,0.0,0.0,0.0,0.0,0.0,0.0,0.0,0.0,0.0,0.0,0.0,0.0,0.0,0.0,0.0,0.0,0.0,0.0,0.0,0.0,0.0,0.0,0.0,0.0,0.0,0.0,0.0,0.0,0.0,0.0,0.0,0.0,0.0,0.0,0.0,0.0,0.0,0.0,0.0,0.0,0.0,0.0,0.0,0.0,0.0,0.0,0.0,0.0,0.0,0.0,0.0,0.0,0.0,0.0,0.0,0.0,0.0,0.0,0.0,0.0,0.0,0.0,0.0,0.0,0.0,0.0,0.0,0.0,0.0,0.0,0.0,0.0,0.0,0.0,0.0,0.0,0.0,0.0,0.0,0.0,0.0,0.0,0.0,0.0,0.0,0.0,0.0,0.0,0.0,62060.36305068922,644.4589569817148,0.010384389089946803,0.0,0.0,False,60
2201400011180001,22,Querétaro,014,Querétaro,0001,Santiago de Querétaro,1180,001,Urbana,71,Típica,33,38,21,15.17,71.0,,0.0,0.0,0.0,,,0.0,0.0,0.0,0.0,,0.0,0.0,12.0,,12.0,40.0,29.0,5.0,61.0,5.0,38.0,71.0,33.0,71.0,3.0,,,3.38,0.54,21.0,0.0,0.0,0.0,3.0,,,69.0,37.0,32.0,5.0,,3.0,25.0,66.0,35.0,31.0,13.0,10.0,3.0,61.0,33.0,28.0,,,0.0,71.0,38.0,33.0,71.0,38.0,33.0,9.0,4.0,5.0,,0.0,,4.0,,,21.0,32.0,21.0,,21.0,10.0,21.0,,32.0,0.0,,0.0,19.0,21.0,21.0,21.0,0.0,19.0,4.0,21.0,14.0,8.0,21.0,21.0,21.0,21.0,21.0,21.0,21.0,19.0,0.0,3.0,,0.0,0.0,19.0,21.0,0.0,17.0,21.0,0.0,0.0,0.0,0.0,0.0,14.0,16.0,0.0,16.0,19.0,21.0,71.0,14412.13815941737,658.2316979849627,0.04567203635602481,3.242714581277762,71.0,False,60
2201400012206029,22,Querétaro,014,Querétaro,0001,Santiago de Querétaro,2206,029,Urbana,118,Típica,53,65,35,12.8,118.0,,,0.0,,3.0,0.0,4.0,3.0,0.0,0.0,,0.0,,11.0,7.0,14.0,70.0,21.0,31.0,85.0,,65.0,118.0,53.0,118.0,0.0,0.0,0.0,3.37,0.73,16.0,5.0,3.0,,4.0,,,91.0,51.0,40.0,3.0,3.0,0.0,36.0,87.0,49.0,38.0,16.0,8.0,8.0,84.0,46.0,38.0,9.0,4.0,5.0,113.0,62.0,51.0,108.0,59.0,49.0,7.0,4.0,3.0,13.0,7.0,6.0,9.0,5.0,4.0,35.0,36.0,35.0,3.0,35.0,3.0,33.0,0.0,38.0,0.0,5.0,0.0,30.0,35.0,35.0,35.0,0.0,19.0,5.0,35.0,6.0,9.0,35.0,35.0,35.0,35.0,35.0,22.0,32.0,28.0,0.0,,15.0,0.0,0.0,25.0,35.0,0.0,31.0,34.0,,0.0,0.0,0.0,0.0,15.0,28.0,0.0,22.0,35.0,32.0,118.0,11065.609282402178,634.6646132232179,0.0573546920938674,6.767853667076353,118.0,False,60
2201400011180015,22,Querétaro,014,Querétaro,0001,Santiago de Querétaro,1180,015,Urbana,0,Típica,0,0,0,0.0,0.0,,0.0,0.0,0.0,0.0,0.0,0.0,0.0,0.0,0.0,0.0,0.0,0.0,0.0,0.0,0.0,0.0,0.0,0.0,0.0,0.0,0.0,0.0,0.0,0.0,0.0,0.0,0.0,0.0,0.0,0.0,0.0,0.0,0.0,0.0,0.0,0.0,0.0,0.0,0.0,0.0,0.0,0.0,0.0,0.0,0.0,0.0,0.0,0.0,0.0,0.0,0.0,0.0,0.0,0.0,0.0,0.0,0.0,0.0,0.0,0.0,0.0,0.0,0.0,0.0,0.0,0.0,0.0,0.0,0.0,0.0,0.0,0.0,0.0,0.0,0.0,0.0,0.0,0.0,0.0,0.0,0.0,0.0,0.0,0.0,0.0,0.0,0.0,0.0,0.0,0.0,0.0,0.0,0.0,0.0,0.0,0.0,0.0,0.0,0.0,0.0,0.0,0.0,0.0,0.0,0.0,0.0,0.0,0.0,0.0,0.0,0.0,0.0,0.0,0.0,0.0,0.0,0.0,0.0,0.0,0.0,0.0,0.0,20192.188080424843,645.5879918364809,0.03197216613004616,0.0,0.0,False,60
2201400012013034,22,Querétaro,014,Querétaro,0001,Santiago de Querétaro,2013,034,Urbana,97,Típica,48,49,30,14.39,97.0,,0.0,,,,,0.0,4.0,0.0,0.0,4.0,,5.0,6.0,,14.0,43.0,33.0,26.0,63.0,8.0,49.0,97.0,48.0,97.0,0.0,0.0,0.0,3.23,0.68,6.0,4.0,,,5.0,3.0,,76.0,37.0,39.0,0.0,0.0,0.0,25.0,71.0,34.0,37.0,8.0,,6.0,71.0,34.0,37.0,4.0,3.0,,93.0,47.0,46.0,89.0,44.0,45.0,10.0,6.0,4.0,13.0,7.0,6.0,15.0,7.0,8.0,30.0,35.0,30.0,,30.0,4.0,30.0,,35.0,0.0,3.0,0.0,27.0,30.0,30.0,30.0,0.0,25.0,3.0,29.0,8.0,12.0,30.0,30.0,30.0,30.0,30.0,23.0,29.0,29.0,0.0,,5.0,0.0,0.0,24.0,30.0,0.0,22.0,30.0,,0.0,0.0,0.0,0.0,15.0,24.0,0.0,27.0,30.0,30.0,97.0,3770.140429687639,421.8594137901853,0.11189488074987618,10.853803432737989,97.0,False,60
2201400012916045,22,Querétaro,014,Querétaro,0001,Santiago de Querétaro,2916,045,Urbana,31,Típica,15,16,6,8.5,31.0,,0.0,0.0,0.0,,,,0.0,0.0,0.0,0.0,0.0,0.0,0.0,,0.0,16.0,6.0,11.0,20.0,0.0,16.0,31.0,15.0,31.0,,,0.0,5.17,1.92,6.0,,,0.0,,,,22.0,11.0,11.0,,,0.0,8.0,20.0,10.0,10.0,5.0,,4.0,18.0,8.0,10.0,3.0,,,29.0,14.0,15.0,27.0,13.0,14.0,0.0,0.0,0.0,4.0,,3.0,3.0,,,6.0,8.0,6.0,,5.0,,6.0,,8.0,,4.0,,,,0.0,,3.0,,0.0,3.0,0.0,0.0,4.0,,5.0,5.0,5.0,0.0,0.0,,0.0,0.0,3.0,0.0,0.0,0.0,,4.0,4.0,3.0,5.0,,,,,0.0,,,0.0,,4.0,31.0,7788.339479217717,0.007346010522151103,9.432062561927459e-07,2.9239393941975123e-05,31.0,False,60
220140001294A021,22,Querétaro,014,Querétaro,0001,Santiago de Querétaro,294A,021,Urbana,495,Típica,236,259,122,9.57,495.0,,6.0,3.0,4.0,12.0,,6.0,13.0,4.0,0.0,4.0,11.0,7.0,24.0,21.0,37.0,281.0,132.0,107.0,351.0,37.0,259.0,495.0,236.0,495.0,0.0,0.0,0.0,4.06,0.91,96.0,21.0,11.0,10.0,28.0,13.0,15.0,416.0,219.0,197.0,17.0,11.0,6.0,142.0,388.0,206.0,182.0,61.0,29.0,32.0,371.0,195.0,176.0,19.0,8.0,11.0,474.0,248.0,226.0,462.0,243.0,219.0,61.0,34.0,27.0,39.0,21.0,18.0,57.0,30.0,27.0,122.0,117.0,122.0,,121.0,4.0,112.0,,127.0,6.0,25.0,11.0,96.0,104.0,121.0,121.0,0.0,44.0,41.0,116.0,11.0,17.0,121.0,121.0,121.0,121.0,121.0,58.0,95.0,88.0,0.0,7.0,74.0,0.0,0.0,67.0,121.0,0.0,85.0,114.0,22.0,3.0,4.0,0.0,0.0,38.0,83.0,0.0,76.0,107.0,116.0,495.0,23033.563381693177,790.3965013453535,0.03431499018400044,16.985920141080218,495.0,False,60
2201400012028009,22,Querétaro,014,Querétaro,0001,Santiago de Querétaro,2028,009,Urbana,181,Típica,88,93,42,8.99,181.0,,,3.0,,,,4.0,6.0,3.0,,4.0,,,10.0,7.0,20.0,96.0,47.0,52.0,118.0,11.0,93.0,181.0,88.0,181.0,0.0,0.0,0.0,4.31,1.4,36.0,8.0,7.0,,15.0,7.0,8.0,144.0,74.0,70.0,10.0,6.0,4.0,48.0,129.0,67.0,62.0,23.0,9.0,14.0,119.0,61.0,58.0,11.0,3.0,8.0,173.0,86.0,87.0,162.0,83.0,79.0,19.0,6.0,13.0,18.0,9.0,9.0,23.0,11.0,12.0,42.0,41.0,42.0,,42.0,,38.0,,45.0,10.0,18.0,10.0,24.0,22.0,42.0,42.0,0.0,16.0,6.0,37.0,6.0,4.0,41.0,41.0,42.0,42.0,42.0,13.0,28.0,26.0,0.0,4.0,23.0,0.0,0.0,15.0,41.0,,29.0,36.0,12.0,4.0,,,,8.0,25.0,,25.0,39.0,38.0,181.0,11741.275582567305,543.6810710801585,0.04630511116589252,8.381225121026546,181.0,False,60
2201400010318003,22,Querétaro,014,Querétaro,0001,Santiago de Querétaro,0318,003,Urbana,187,Típica,89,98,78,14.29,187.0,,,,,8.0,,3.0,6.0,0.0,0.0,6.0,4.0,3.0,8.0,12.0,18.0,122.0,56.0,14.0,132.0,41.0,98.0,187.0,89.0,187.0,24.0,12.0,12.0,2.4,0.52,58.0,,,,5.0,3.0,,178.0,95.0,83.0,,,0.0,52.0,173.0,92.0,81.0,21.0,8.0,13.0,172.0,91.0,81.0,,,0.0,185.0,97.0,88.0,185.0,97.0,88.0,51.0,29.0,22.0,6.0,,5.0,10.0,3.0,7.0,78.0,86.0,78.0,16.0,78.0,13.0,70.0,3.0,94.0,6.0,27.0,7.0,51.0,65.0,77.0,78.0,0.0,48.0,17.0,76.0,31.0,13.0,78.0,78.0,78.0,78.0,78.0,48.0,71.0,59.0,0.0,3.0,29.0,0.0,0.0,59.0,78.0,0.0,56.0,73.0,5.0,0.0,4.0,0.0,0.0,41.0,46.0,0.0,55.0,71.0,68.0,187.0,25996.460798576732,793.6440963781326,0.03052892863099209,5.70890965399552,187.0,False,60
2201400011354068,22,Querétaro,014,Querétaro,0001,Santiago de Querétaro,1354,068,Urbana,0,Típica,0,0,0,0.0,0.0,,0.0,0.0,0.0,0.0,0.0,0.0,0.0,0.0,0.0,0.0,0.0,0.0,0.0,0.0,0.0,0.0,0.0,0.0,0.0,0.0,0.0,0.0,0.0,0.0,0.0,0.0,0.0,0.0,0.0,0.0,0.0,0.0,0.0,0.0,0.0,0.0,0.0,0.0,0.0,0.0,0.0,0.0,0.0,0.0,0.0,0.0,0.0,0.0,0.0,0.0,0.0,0.0,0.0,0.0,0.0,0.0,0.0,0.0,0.0,0.0,0.0,0.0,0.0,0.0,0.0,0.0,0.0,0.0,0.0,0.0,0.0,0.0,0.0,0.0,0.0,0.0,0.0,0.0,0.0,0.0,0.0,0.0,0.0,0.0,0.0,0.0,0.0,0.0,0.0,0.0,0.0,0.0,0.0,0.0,0.0,0.0,0.0,0.0,0.0,0.0,0.0,0.0,0.0,0.0,0.0,0.0,0.0,0.0,0.0,0.0,0.0,0.0,0.0,0.0,0.0,0.0,0.0,0.0,0.0,0.0,0.0,0.0,12297.744340804302,875.8876736226441,0.07122344141733548,0.0,0.0,False,60
220140001173A003,22,Querétaro,014,Querétaro,0001,Santiago de Querétaro,173A,003,Urbana,116,Típica,60,56,38,12.65,116.0,,,0.0,0.0,,0.0,0.0,,0.0,0.0,5.0,,4.0,5.0,,10.0,73.0,34.0,12.0,92.0,12.0,56.0,116.0,60.0,116.0,6.0,,4.0,3.05,0.73,12.0,,0.0,,3.0,,,107.0,52.0,55.0,7.0,5.0,,34.0,104.0,50.0,54.0,26.0,7.0,19.0,97.0,45.0,52.0,,,,115.0,56.0,59.0,114.0,56.0,58.0,13.0,9.0,4.0,6.0,3.0,3.0,8.0,4.0,4.0,38.0,45.0,38.0,7.0,38.0,7.0,38.0,0.0,45.0,0.0,5.0,,33.0,37.0,37.0,38.0,0.0,24.0,16.0,36.0,5.0,11.0,38.0,38.0,38.0,38.0,38.0,27.0,36.0,34.0,0.0,3.0,12.0,0.0,0.0,31.0,38.0,0.0,28.0,38.0,,,,0.0,0.0,16.0,34.0,0.0,24.0,38.0,37.0,116.0,50515.979545012466,994.8992184749112,0.019694742682132935,2.2845901511274205,116.0,False,60
2201400014113026,22,Querétaro,014,Querétaro,0001,Santiago de Querétaro,4113,026,Urbana,379,Típica,192,187,119,9.8,379.0,,,,,7.0,4.0,4.0,8.0,4.0,3.0,4.0,7.0,4.0,8.0,12.0,21.0,221.0,81.0,102.0,270.0,7.0,187.0,379.0,192.0,379.0,,0.0,,3.18,0.96,25.0,13.0,4.0,9.0,26.0,16.0,10.0,303.0,147.0,156.0,21.0,8.0,13.0,114.0,277.0,131.0,146.0,56.0,26.0,30.0,256.0,123.0,133.0,18.0,10.0,8.0,366.0,183.0,183.0,353.0,175.0,178.0,13.0,5.0,8.0,45.0,26.0,19.0,53.0,32.0,21.0,119.0,143.0,119.0,27.0,119.0,23.0,116.0,4.0,146.0,10.0,58.0,31.0,61.0,78.0,70.0,119.0,0.0,82.0,22.0,119.0,23.0,21.0,119.0,119.0,119.0,117.0,118.0,73.0,113.0,89.0,,8.0,37.0,0.0,0.0,74.0,114.0,5.0,73.0,117.0,6.0,0.0,,0.0,0.0,36.0,106.0,0.0,75.0,86.0,118.0,379.0,36573.751789480826,140.50466050267235,0.0038416802659847343,1.4559968208082144,379.0,False,60
2201400014113039,22,Querétaro,014,Querétaro,0001,Santiago de Querétaro,4113,039,Urbana,,Típica,,,,,,,,,,,,,,,,,,,,,,,,,,,,,,,,,,,,,,,,,,,,,,,,,,,,,,,,,,,,,,,,,,,,,,,,,,,,,,,,,,,,,,,,,,,,,,,,,,,,,,,,,,,,,,,,,,,,,,,,,,,,,,,,,13800.984250722293,568.0963935121032,0.04116346944475146,,,False,60
2201400011354014,22,Querétaro,014,Querétaro,0001,Santiago de Querétaro,1354,014,Urbana,,Típica,,,,,,,,,,,,,,,,,,,,,,,,,,,,,,,,,,,,,,,,,,,,,,,,,,,,,,,,,,,,,,,,,,,,,,,,,,,,,,,,,,,,,,,,,,,,,,,,,,,,,,,,,,,,,,,,,,,,,,,,,,,,,,,,,9504.661728200832,128.25271584314908,0.013493664426017026,,,False,60
2201400011547024,22,Querétaro,014,Querétaro,0001,Santiago de Querétaro,1547,024,Urbana,163,Edificio-Manzana,74,89,40,9.14,163.0,,0.0,,0.0,,,4.0,6.0,,0.0,4.0,4.0,4.0,9.0,7.0,17.0,78.0,49.0,49.0,109.0,5.0,89.0,163.0,74.0,163.0,0.0,0.0,0.0,4.08,1.07,43.0,12.0,7.0,5.0,13.0,8.0,5.0,127.0,69.0,58.0,7.0,,5.0,50.0,114.0,61.0,53.0,36.0,20.0,16.0,107.0,59.0,48.0,8.0,5.0,3.0,151.0,82.0,69.0,146.0,79.0,67.0,9.0,6.0,3.0,16.0,8.0,8.0,25.0,15.0,10.0,40.0,36.0,40.0,3.0,40.0,3.0,33.0,0.0,43.0,6.0,9.0,4.0,31.0,30.0,40.0,40.0,0.0,16.0,,38.0,,5.0,40.0,40.0,40.0,40.0,40.0,18.0,35.0,25.0,0.0,7.0,18.0,0.0,0.0,15.0,40.0,0.0,31.0,33.0,5.0,,,,,7.0,28.0,0.0,25.0,31.0,38.0,163.0,7000.183853445802,559.9480113976957,0.07999047212482346,13.038446956346224,163.0,False,60
220140001287A011,22,Querétaro,014,Querétaro,0001,Santiago de Querétaro,287A,011,Urbana,,Típica,,,,,,,,,,,,,,,,,,,,,,,,,,,,,,,,,,,,,,,,,,,,,,,,,,,,,,,,,,,,,,,,,,,,,,,,,,,,,,,,,,,,,,,,,,,,,,,,,,,,,,,,,,,,,,,,,,,,,,,,,,,,,,,,,817.579351569598,36.01205760079466,0.04404717111759037,,,False,60
2201400014217020,22,Querétaro,014,Querétaro,0001,Santiago de Querétaro,4217,020,Urbana,56,Típica,21,35,18,12.52,56.0,,,0.0,0.0,0.0,0.0,0.0,3.0,,0.0,,0.0,,3.0,,6.0,34.0,11.0,12.0,42.0,,35.0,56.0,21.0,56.0,0.0,0.0,0.0,3.11,0.98,4.0,5.0,3.0,,,0.0,,45.0,28.0,17.0,4.0,3.0,,25.0,44.0,28.0,16.0,5.0,3.0,,40.0,25.0,15.0,,0.0,,51.0,32.0,19.0,51.0,32.0,19.0,4.0,3.0,,5.0,4.0,,6.0,4.0,,18.0,20.0,18.0,,18.0,,18.0,,20.0,0.0,,3.0,17.0,15.0,18.0,18.0,0.0,15.0,3.0,17.0,0.0,4.0,18.0,18.0,18.0,18.0,18.0,11.0,13.0,14.0,0.0,,3.0,0.0,0.0,16.0,18.0,0.0,17.0,17.0,0.0,0.0,0.0,0.0,0.0,10.0,12.0,0.0,9.0,18.0,17.0,56.0,2546.9744931330265,77.12599883420347,0.03028141783207691,1.6957593985963069,56.0,False,60
2201400014217021,22,Querétaro,014,Querétaro,0001,Santiago de Querétaro,4217,021,Urbana,43,Típica,21,22,13,13.3,43.0,,0.0,0.0,0.0,0.0,0.0,0.0,,0.0,0.0,0.0,0.0,,,0.0,,23.0,10.0,10.0,32.0,,22.0,43.0,21.0,43.0,3.0,,,3.31,0.8,6.0,,,,0.0,0.0,0.0,33.0,17.0,16.0,3.0,3.0,0.0,14.0,33.0,17.0,16.0,5.0,,4.0,30.0,14.0,16.0,,,,41.0,21.0,20.0,39.0,20.0,19.0,,,0.0,6.0,3.0,3.0,3.0,,,13.0,14.0,13.0,,13.0,0.0,13.0,,14.0,0.0,,0.0,12.0,13.0,13.0,13.0,0.0,12.0,,13.0,0.0,5.0,13.0,13.0,13.0,13.0,13.0,11.0,12.0,13.0,0.0,,,0.0,0.0,11.0,13.0,0.0,12.0,13.0,,0.0,0.0,0.0,0.0,6.0,12.0,0.0,10.0,13.0,13.0,43.0,2410.9853861656716,234.33783797357478,0.09719587655662057,4.179422691934684,43.0,False,60
2201400014217026,22,Querétaro,014,Querétaro,0001,Santiago de Querétaro,4217,026,Urbana,53,Típica,32,21,17,12.97,53.0,,0.0,0.0,0.0,,0.0,0.0,,,0.0,,,4.0,6.0,,10.0,31.0,9.0,17.0,34.0,,21.0,53.0,32.0,53.0,0.0,0.0,0.0,3.12,0.98,6.0,4.0,0.0,4.0,4.0,0.0,4.0,40.0,19.0,21.0,,,,18.0,36.0,19.0,17.0,6.0,,4.0,34.0,18.0,16.0,,0.0,,49.0,21.0,28.0,48.0,21.0,27.0,,,,7.0,,5.0,11.0,,9.0,17.0,17.0,17.0,,17.0,,16.0,0.0,18.0,0.0,3.0,3.0,14.0,14.0,17.0,17.0,0.0,11.0,5.0,17.0,0.0,8.0,17.0,17.0,17.0,17.0,17.0,12.0,13.0,15.0,0.0,,6.0,0.0,0.0,10.0,17.0,0.0,15.0,17.0,,0.0,0.0,0.0,0.0,6.0,11.0,0.0,7.0,17.0,17.0,53.0,2250.1609681589534,76.97126794791733,0.03420700520411836,1.812971275818273,53.0,False,60
2201400014217027,22,Querétaro,014,Querétaro,0001,Santiago de Querétaro,4217,027,Urbana,36,Típica,16,20,11,14.24,36.0,,0.0,0.0,0.0,0.0,0.0,0.0,0.0,,0.0,,,,,0.0,3.0,19.0,11.0,11.0,24.0,,20.0,36.0,16.0,36.0,0.0,0.0,0.0,3.27,0.75,,,0.0,,5.0,3.0,,30.0,17.0,13.0,,,0.0,11.0,25.0,14.0,11.0,,0.0,,23.0,12.0,11.0,,,0.0,35.0,20.0,15.0,35.0,20.0,15.0,3.0,3.0,0.0,4.0,,,7.0,4.0,3.0,11.0,12.0,11.0,,11.0,0.0,11.0,,12.0,0.0,,0.0,10.0,11.0,11.0,11.0,0.0,9.0,,10.0,0.0,4.0,11.0,11.0,11.0,11.0,11.0,8.0,9.0,7.0,0.0,,,0.0,0.0,8.0,11.0,0.0,9.0,11.0,,0.0,0.0,0.0,0.0,4.0,9.0,0.0,8.0,11.0,11.0,36.0,2275.3913023621863,270.7159541860158,0.1189755598981913,4.283120156334887,36.0,False,60
2201400011763023,22,Querétaro,014,Querétaro,0001,Santiago de Querétaro,1763,023,Urbana,0,Típica,0,0,0,0.0,0.0,,0.0,0.0,0.0,0.0,0.0,0.0,0.0,0.0,0.0,0.0,0.0,0.0,0.0,0.0,0.0,0.0,0.0,0.0,0.0,0.0,0.0,0.0,0.0,0.0,0.0,0.0,0.0,0.0,0.0,0.0,0.0,0.0,0.0,0.0,0.0,0.0,0.0,0.0,0.0,0.0,0.0,0.0,0.0,0.0,0.0,0.0,0.0,0.0,0.0,0.0,0.0,0.0,0.0,0.0,0.0,0.0,0.0,0.0,0.0,0.0,0.0,0.0,0.0,0.0,0.0,0.0,0.0,0.0,0.0,0.0,0.0,0.0,0.0,0.0,0.0,0.0,0.0,0.0,0.0,0.0,0.0,0.0,0.0,0.0,0.0,0.0,0.0,0.0,0.0,0.0,0.0,0.0,0.0,0.0,0.0,0.0,0.0,0.0,0.0,0.0,0.0,0.0,0.0,0.0,0.0,0.0,0.0,0.0,0.0,0.0,0.0,0.0,0.0,0.0,0.0,0.0,0.0,0.0,0.0,0.0,0.0,0.0,3061.781767872969,448.8375941677,0.14659359425198654,0.0,0.0,False,60
2201400013562003,22,Querétaro,014,Querétaro,0001,Santiago de Querétaro,3562,003,Urbana,232,Típica,113,119,74,13.42,232.0,,0.0,0.0,0.0,0.0,0.0,0.0,5.0,,,4.0,,,10.0,0.0,17.0,130.0,54.0,62.0,161.0,9.0,119.0,232.0,113.0,232.0,0.0,0.0,0.0,3.14,0.79,33.0,8.0,5.0,3.0,14.0,6.0,8.0,184.0,92.0,92.0,6.0,3.0,3.0,71.0,170.0,86.0,84.0,24.0,12.0,12.0,164.0,83.0,81.0,12.0,7.0,5.0,224.0,114.0,110.0,218.0,111.0,107.0,11.0,7.0,4.0,28.0,15.0,13.0,32.0,15.0,17.0,74.0,64.0,74.0,0.0,74.0,0.0,64.0,0.0,74.0,0.0,12.0,0.0,62.0,74.0,74.0,74.0,0.0,62.0,13.0,74.0,,23.0,74.0,74.0,74.0,74.0,74.0,56.0,66.0,63.0,0.0,7.0,10.0,0.0,0.0,54.0,74.0,0.0,66.0,73.0,5.0,0.0,0.0,0.0,0.0,33.0,58.0,0.0,55.0,74.0,73.0,232.0,35799.313735542746,566.3694703473561,0.015820679539592562,3.6703976531854745,232.0,False,60
2201400013435027,22,Querétaro,014,Querétaro,0001,Santiago de Querétaro,3435,027,Urbana,,Típica,,,,,,,,,,,,,,,,,,,,,,,,,,,,,,,,,,,,,,,,,,,,,,,,,,,,,,,,,,,,,,,,,,,,,,,,,,,,,,,,,,,,,,,,,,,,,,,,,,,,,,,,,,,,,,,,,,,,,,,,,,,,,,,,,5424.747462511737,732.3549906464856,0.1350025961037815,,,False,60
2201400013793031,22,Querétaro,014,Querétaro,0001,Santiago de Querétaro,3793,031,Urbana,0,Típica,0,0,0,0.0,0.0,,0.0,0.0,0.0,0.0,0.0,0.0,0.0,0.0,0.0,0.0,0.0,0.0,0.0,0.0,0.0,0.0,0.0,0.0,0.0,0.0,0.0,0.0,0.0,0.0,0.0,0.0,0.0,0.0,0.0,0.0,0.0,0.0,0.0,0.0,0.0,0.0,0.0,0.0,0.0,0.0,0.0,0.0,0.0,0.0,0.0,0.0,0.0,0.0,0.0,0.0,0.0,0.0,0.0,0.0,0.0,0.0,0.0,0.0,0.0,0.0,0.0,0.0,0.0,0.0,0.0,0.0,0.0,0.0,0.0,0.0,0.0,0.0,0.0,0.0,0.0,0.0,0.0,0.0,0.0,0.0,0.0,0.0,0.0,0.0,0.0,0.0,0.0,0.0,0.0,0.0,0.0,0.0,0.0,0.0,0.0,0.0,0.0,0.0,0.0,0.0,0.0,0.0,0.0,0.0,0.0,0.0,0.0,0.0,0.0,0.0,0.0,0.0,0.0,0.0,0.0,0.0,0.0,0.0,0.0,0.0,0.0,0.0,261051.12911053203,836.5692873052383,0.0032046185364363058,0.0,0.0,False,60
2201400013219001,22,Querétaro,014,Querétaro,0001,Santiago de Querétaro,3219,001,Urbana,75,Típica,37,38,23,13.04,75.0,,0.0,0.0,0.0,,0.0,,3.0,,0.0,0.0,0.0,3.0,14.0,,19.0,41.0,21.0,19.0,56.0,0.0,38.0,75.0,37.0,75.0,0.0,0.0,0.0,3.26,0.8,8.0,,,,6.0,0.0,6.0,62.0,32.0,30.0,5.0,,3.0,26.0,56.0,32.0,24.0,7.0,5.0,,51.0,30.0,21.0,3.0,0.0,3.0,73.0,37.0,36.0,71.0,37.0,34.0,4.0,,,8.0,5.0,3.0,14.0,5.0,9.0,23.0,27.0,23.0,,23.0,,22.0,3.0,28.0,0.0,3.0,0.0,20.0,23.0,23.0,23.0,0.0,19.0,4.0,23.0,,7.0,23.0,23.0,23.0,23.0,23.0,15.0,23.0,21.0,0.0,,4.0,0.0,0.0,16.0,23.0,0.0,21.0,23.0,0.0,0.0,0.0,0.0,0.0,13.0,22.0,0.0,19.0,23.0,22.0,75.0,20682.28252398612,1195.0308212055209,0.0577804127672849,4.333530957546367,75.0,False,60
2201400013651028,22,Querétaro,014,Querétaro,0001,Santiago de Querétaro,3651,028,Urbana,,Típica,,,,,,,,,,,,,,,,,,,,,,,,,,,,,,,,,,,,,,,,,,,,,,,,,,,,,,,,,,,,,,,,,,,,,,,,,,,,,,,,,,,,,,,,,,,,,,,,,,,,,,,,,,,,,,,,,,,,,,,,,,,,,,,,,1469.8173323133678,491.388057823496,0.3343191340995366,,,True,60
2201400014518001,22,Querétaro,014,Querétaro,0001,Santiago de Querétaro,4518,001,Urbana,75,Típica,38,37,24,8.95,75.0,,,,0.0,,0.0,0.0,,,,,,,0.0,,,41.0,22.0,19.0,55.0,,37.0,75.0,38.0,75.0,0.0,0.0,0.0,3.13,0.82,21.0,,,0.0,7.0,3.0,4.0,63.0,29.0,34.0,6.0,,5.0,22.0,56.0,26.0,30.0,7.0,4.0,3.0,50.0,25.0,25.0,3.0,,,73.0,35.0,38.0,71.0,33.0,38.0,,,,7.0,4.0,3.0,11.0,5.0,6.0,24.0,29.0,24.0,7.0,24.0,7.0,22.0,0.0,31.0,3.0,12.0,,12.0,19.0,20.0,23.0,,18.0,,19.0,,0.0,23.0,22.0,24.0,24.0,23.0,15.0,13.0,18.0,,,6.0,0.0,0.0,8.0,21.0,3.0,17.0,21.0,9.0,4.0,3.0,,,3.0,9.0,,3.0,24.0,20.0,75.0,121126.58994241607,1485.0861245183519,0.012260612019411808,0.9195459014558856,75.0,False,60
2201400014611002,22,Querétaro,014,Querétaro,0001,Santiago de Querétaro,4611,002,Urbana,0,Típica,0,0,0,0.0,0.0,,0.0,0.0,0.0,0.0,0.0,0.0,0.0,0.0,0.0,0.0,0.0,0.0,0.0,0.0,0.0,0.0,0.0,0.0,0.0,0.0,0.0,0.0,0.0,0.0,0.0,0.0,0.0,0.0,0.0,0.0,0.0,0.0,0.0,0.0,0.0,0.0,0.0,0.0,0.0,0.0,0.0,0.0,0.0,0.0,0.0,0.0,0.0,0.0,0.0,0.0,0.0,0.0,0.0,0.0,0.0,0.0,0.0,0.0,0.0,0.0,0.0,0.0,0.0,0.0,0.0,0.0,0.0,0.0,0.0,0.0,0.0,0.0,0.0,0.0,0.0,0.0,0.0,0.0,0.0,0.0,0.0,0.0,0.0,0.0,0.0,0.0,0.0,0.0,0.0,0.0,0.0,0.0,0.0,0.0,0.0,0.0,0.0,0.0,0.0,0.0,0.0,0.0,0.0,0.0,0.0,0.0,0.0,0.0,0.0,0.0,0.0,0.0,0.0,0.0,0.0,0.0,0.0,0.0,0.0,0.0,0.0,0.0,155304.8255329695,672.038169430874,0.004327220143511946,0.0,0.0,False,60
2201400011227022,22,Querétaro,014,Querétaro,0001,Santiago de Querétaro,1227,022,Urbana,0,Típica,0,0,0,0.0,0.0,,0.0,0.0,0.0,0.0,0.0,0.0,0.0,0.0,0.0,0.0,0.0,0.0,0.0,0.0,0.0,0.0,0.0,0.0,0.0,0.0,0.0,0.0,0.0,0.0,0.0,0.0,0.0,0.0,0.0,0.0,0.0,0.0,0.0,0.0,0.0,0.0,0.0,0.0,0.0,0.0,0.0,0.0,0.0,0.0,0.0,0.0,0.0,0.0,0.0,0.0,0.0,0.0,0.0,0.0,0.0,0.0,0.0,0.0,0.0,0.0,0.0,0.0,0.0,0.0,0.0,0.0,0.0,0.0,0.0,0.0,0.0,0.0,0.0,0.0,0.0,0.0,0.0,0.0,0.0,0.0,0.0,0.0,0.0,0.0,0.0,0.0,0.0,0.0,0.0,0.0,0.0,0.0,0.0,0.0,0.0,0.0,0.0,0.0,0.0,0.0,0.0,0.0,0.0,0.0,0.0,0.0,0.0,0.0,0.0,0.0,0.0,0.0,0.0,0.0,0.0,0.0,0.0,0.0,0.0,0.0,0.0,0.0,67074.6671094094,497.2008700113481,0.007412647597644201,0.0,0.0,False,60
2201400011227056,22,Querétaro,014,Querétaro,0001,Santiago de Querétaro,1227,056,Urbana,0,Típica,0,0,0,0.0,0.0,,0.0,0.0,0.0,0.0,0.0,0.0,0.0,0.0,0.0,0.0,0.0,0.0,0.0,0.0,0.0,0.0,0.0,0.0,0.0,0.0,0.0,0.0,0.0,0.0,0.0,0.0,0.0,0.0,0.0,0.0,0.0,0.0,0.0,0.0,0.0,0.0,0.0,0.0,0.0,0.0,0.0,0.0,0.0,0.0,0.0,0.0,0.0,0.0,0.0,0.0,0.0,0.0,0.0,0.0,0.0,0.0,0.0,0.0,0.0,0.0,0.0,0.0,0.0,0.0,0.0,0.0,0.0,0.0,0.0,0.0,0.0,0.0,0.0,0.0,0.0,0.0,0.0,0.0,0.0,0.0,0.0,0.0,0.0,0.0,0.0,0.0,0.0,0.0,0.0,0.0,0.0,0.0,0.0,0.0,0.0,0.0,0.0,0.0,0.0,0.0,0.0,0.0,0.0,0.0,0.0,0.0,0.0,0.0,0.0,0.0,0.0,0.0,0.0,0.0,0.0,0.0,0.0,0.0,0.0,0.0,0.0,0.0,561.7052303525207,218.22769745874265,0.3885092850600395,0.0,0.0,True,60
2201400014664005,22,Querétaro,014,Querétaro,0001,Santiago de Querétaro,4664,005,Urbana,54,Típica,26,28,14,8.33,54.0,,,0.0,,0.0,,3.0,0.0,,0.0,0.0,,4.0,7.0,4.0,9.0,23.0,17.0,18.0,34.0,,28.0,54.0,26.0,54.0,0.0,0.0,0.0,3.86,1.46,38.0,,,,4.0,3.0,,40.0,18.0,22.0,5.0,,4.0,11.0,36.0,15.0,21.0,,0.0,,31.0,14.0,17.0,3.0,,,52.0,27.0,25.0,50.0,25.0,25.0,3.0,,,9.0,7.0,,12.0,9.0,3.0,14.0,16.0,14.0,,14.0,,14.0,0.0,16.0,4.0,6.0,4.0,8.0,6.0,14.0,14.0,0.0,7.0,3.0,14.0,0.0,,14.0,14.0,14.0,14.0,14.0,7.0,8.0,11.0,0.0,,7.0,0.0,0.0,4.0,12.0,,8.0,13.0,6.0,0.0,,0.0,0.0,,6.0,0.0,3.0,12.0,13.0,54.0,17530.761553577355,669.3727569668047,0.038182754064680746,2.06186871949276,54.0,False,60
2201400013613005,22,Querétaro,014,Querétaro,0001,Santiago de Querétaro,3613,005,Urbana,0,Típica,0,0,0,0.0,0.0,,0.0,0.0,0.0,0.0,0.0,0.0,0.0,0.0,0.0,0.0,0.0,0.0,0.0,0.0,0.0,0.0,0.0,0.0,0.0,0.0,0.0,0.0,0.0,0.0,0.0,0.0,0.0,0.0,0.0,0.0,0.0,0.0,0.0,0.0,0.0,0.0,0.0,0.0,0.0,0.0,0.0,0.0,0.0,0.0,0.0,0.0,0.0,0.0,0.0,0.0,0.0,0.0,0.0,0.0,0.0,0.0,0.0,0.0,0.0,0.0,0.0,0.0,0.0,0.0,0.0,0.0,0.0,0.0,0.0,0.0,0.0,0.0,0.0,0.0,0.0,0.0,0.0,0.0,0.0,0.0,0.0,0.0,0.0,0.0,0.0,0.0,0.0,0.0,0.0,0.0,0.0,0.0,0.0,0.0,0.0,0.0,0.0,0.0,0.0,0.0,0.0,0.0,0.0,0.0,0.0,0.0,0.0,0.0,0.0,0.0,0.0,0.0,0.0,0.0,0.0,0.0,0.0,0.0,0.0,0.0,0.0,0.0,129642.76973546347,666.4024786069591,0.005140298066500397,0.0,0.0,False,60
2201400011689032,22,Querétaro,014,Querétaro,0001,Santiago de Querétaro,1689,032,Urbana,80,Típica,34,46,28,13.43,80.0,,0.0,0.0,0.0,,0.0,0.0,7.0,0.0,0.0,,0.0,3.0,6.0,,11.0,43.0,23.0,20.0,51.0,9.0,46.0,80.0,34.0,80.0,,,0.0,2.86,0.79,14.0,0.0,0.0,0.0,6.0,3.0,3.0,66.0,37.0,29.0,,,0.0,20.0,60.0,34.0,26.0,8.0,5.0,3.0,59.0,33.0,26.0,3.0,,,80.0,46.0,34.0,78.0,44.0,34.0,9.0,6.0,3.0,11.0,7.0,4.0,15.0,8.0,7.0,28.0,25.0,28.0,3.0,28.0,3.0,22.0,0.0,31.0,0.0,8.0,,20.0,27.0,28.0,28.0,0.0,16.0,4.0,27.0,3.0,7.0,28.0,28.0,28.0,28.0,28.0,23.0,26.0,28.0,0.0,,11.0,0.0,0.0,21.0,28.0,0.0,23.0,28.0,,0.0,0.0,0.0,0.0,14.0,21.0,0.0,20.0,28.0,27.0,80.0,3045.752151610192,91.69450658309938,0.030105701980584147,2.408456158446732,80.0,False,60
2201400011617006,22,Querétaro,014,Querétaro,0001,Santiago de Querétaro,1617,006,Urbana,512,Típica,236,276,161,14.84,512.0,,3.0,,3.0,6.0,3.0,3.0,20.0,0.0,3.0,6.0,5.0,6.0,22.0,9.0,40.0,284.0,171.0,69.0,367.0,76.0,276.0,512.0,236.0,512.0,7.0,4.0,3.0,3.18,0.51,65.0,16.0,9.0,7.0,12.0,5.0,7.0,455.0,246.0,209.0,20.0,11.0,9.0,140.0,443.0,241.0,202.0,60.0,31.0,29.0,423.0,230.0,193.0,21.0,8.0,13.0,496.0,267.0,229.0,483.0,262.0,221.0,106.0,49.0,57.0,20.0,13.0,7.0,23.0,14.0,9.0,161.0,173.0,161.0,24.0,161.0,18.0,149.0,6.0,185.0,0.0,23.0,,138.0,159.0,161.0,161.0,0.0,152.0,30.0,160.0,140.0,51.0,161.0,161.0,161.0,161.0,161.0,150.0,161.0,160.0,0.0,23.0,8.0,0.0,0.0,156.0,161.0,0.0,146.0,161.0,0.0,0.0,3.0,0.0,0.0,120.0,143.0,0.0,145.0,158.0,155.0,512.0,153316.39303749098,204.77819554486626,0.0013356575346433512,0.6838566577373958,512.0,False,60
2201400011509054,22,Querétaro,014,Querétaro,0001,Santiago de Querétaro,1509,054,Urbana,0,Contenedora,0,0,0,0.0,0.0,,0.0,0.0,0.0,0.0,0.0,0.0,0.0,0.0,0.0,0.0,0.0,0.0,0.0,0.0,0.0,0.0,0.0,0.0,0.0,0.0,0.0,0.0,0.0,0.0,0.0,0.0,0.0,0.0,0.0,0.0,0.0,0.0,0.0,0.0,0.0,0.0,0.0,0.0,0.0,0.0,0.0,0.0,0.0,0.0,0.0,0.0,0.0,0.0,0.0,0.0,0.0,0.0,0.0,0.0,0.0,0.0,0.0,0.0,0.0,0.0,0.0,0.0,0.0,0.0,0.0,0.0,0.0,0.0,0.0,0.0,0.0,0.0,0.0,0.0,0.0,0.0,0.0,0.0,0.0,0.0,0.0,0.0,0.0,0.0,0.0,0.0,0.0,0.0,0.0,0.0,0.0,0.0,0.0,0.0,0.0,0.0,0.0,0.0,0.0,0.0,0.0,0.0,0.0,0.0,0.0,0.0,0.0,0.0,0.0,0.0,0.0,0.0,0.0,0.0,0.0,0.0,0.0,0.0,0.0,0.0,0.0,0.0,53302.89580936303,1577.9465553874015,0.02960339267552935,0.0,0.0,False,60
2201400011509050,22,Querétaro,014,Querétaro,0001,Santiago de Querétaro,1509,050,Urbana,70,Edificio-Manzana,30,40,21,9.02,70.0,,,0.0,0.0,0.0,0.0,0.0,,0.0,0.0,0.0,,0.0,0.0,,,41.0,17.0,16.0,51.0,3.0,40.0,70.0,30.0,70.0,,0.0,,3.33,1.06,13.0,4.0,,,4.0,,,58.0,33.0,25.0,6.0,3.0,3.0,26.0,54.0,31.0,23.0,10.0,6.0,4.0,48.0,28.0,20.0,3.0,,,66.0,38.0,28.0,64.0,37.0,27.0,7.0,4.0,3.0,5.0,3.0,,8.0,4.0,4.0,21.0,22.0,21.0,,21.0,0.0,21.0,,22.0,0.0,,0.0,19.0,21.0,21.0,21.0,0.0,9.0,,21.0,0.0,,21.0,21.0,21.0,21.0,21.0,10.0,15.0,16.0,0.0,,12.0,0.0,0.0,4.0,21.0,0.0,14.0,21.0,6.0,0.0,0.0,0.0,0.0,4.0,13.0,0.0,6.0,21.0,21.0,70.0,1790.2256279101514,110.25652292273281,0.06158805974163298,4.311164181914308,70.0,False,60
220140001180A028,22,Querétaro,014,Querétaro,0001,Santiago de Querétaro,180A,028,Urbana,224,Típica,117,107,74,12.91,224.0,,,4.0,,,3.0,3.0,4.0,0.0,0.0,4.0,3.0,5.0,26.0,8.0,33.0,142.0,54.0,44.0,171.0,9.0,107.0,224.0,117.0,224.0,,,0.0,3.03,0.7,36.0,8.0,,7.0,16.0,7.0,9.0,196.0,93.0,103.0,10.0,6.0,4.0,69.0,180.0,86.0,94.0,35.0,13.0,22.0,170.0,80.0,90.0,6.0,3.0,3.0,216.0,106.0,110.0,212.0,103.0,109.0,13.0,6.0,7.0,14.0,10.0,4.0,22.0,12.0,10.0,74.0,85.0,74.0,,74.0,12.0,72.0,,87.0,0.0,11.0,3.0,63.0,71.0,74.0,74.0,0.0,46.0,21.0,72.0,11.0,20.0,74.0,74.0,74.0,74.0,74.0,50.0,66.0,60.0,0.0,4.0,27.0,0.0,0.0,53.0,74.0,0.0,39.0,71.0,5.0,,4.0,0.0,0.0,34.0,57.0,0.0,48.0,71.0,68.0,224.0,9148.639780558158,1362.98266919124,0.1489820019023729,33.37196842613153,224.0,False,60
220140001180A003,22,Querétaro,014,Querétaro,0001,Santiago de Querétaro,180A,003,Urbana,102,Típica,52,50,33,14.51,102.0,,0.0,0.0,0.0,0.0,,,0.0,0.0,0.0,0.0,0.0,,3.0,3.0,5.0,55.0,29.0,21.0,80.0,,50.0,102.0,52.0,102.0,,0.0,,3.09,0.68,15.0,4.0,,,3.0,0.0,3.0,84.0,39.0,45.0,5.0,0.0,5.0,28.0,81.0,39.0,42.0,11.0,5.0,6.0,76.0,39.0,37.0,3.0,,,98.0,48.0,50.0,95.0,47.0,48.0,6.0,4.0,,11.0,8.0,3.0,12.0,6.0,6.0,33.0,32.0,33.0,,33.0,,29.0,,36.0,0.0,4.0,,29.0,31.0,33.0,33.0,0.0,27.0,14.0,33.0,14.0,8.0,33.0,33.0,33.0,33.0,33.0,29.0,33.0,30.0,0.0,,5.0,0.0,0.0,28.0,33.0,0.0,32.0,32.0,0.0,0.0,0.0,0.0,0.0,20.0,31.0,0.0,28.0,33.0,33.0,102.0,4248.245808175189,339.4063050301012,0.07989328309980522,8.149114876180132,102.0,False,60
220140001180A002,22,Querétaro,014,Querétaro,0001,Santiago de Querétaro,180A,002,Urbana,108,Típica,54,54,33,13.26,108.0,,,0.0,0.0,,0.0,3.0,,0.0,,0.0,,,3.0,4.0,6.0,62.0,33.0,18.0,85.0,5.0,54.0,108.0,54.0,108.0,0.0,0.0,0.0,3.27,0.64,13.0,4.0,,,5.0,4.0,,95.0,47.0,48.0,5.0,,3.0,35.0,90.0,43.0,47.0,13.0,6.0,7.0,85.0,41.0,44.0,4.0,,3.0,104.0,52.0,52.0,103.0,51.0,52.0,7.0,,5.0,5.0,4.0,,6.0,5.0,,33.0,33.0,33.0,0.0,33.0,0.0,33.0,0.0,33.0,0.0,4.0,0.0,29.0,33.0,33.0,33.0,0.0,27.0,11.0,31.0,5.0,10.0,33.0,33.0,33.0,33.0,33.0,24.0,29.0,31.0,0.0,4.0,6.0,0.0,0.0,28.0,33.0,0.0,32.0,33.0,,0.0,0.0,0.0,0.0,19.0,26.0,0.0,25.0,33.0,31.0,108.0,4041.244510544303,218.93654117132317,0.054175524544501086,5.8509566508061175,108.0,False,60
2201400011388026,22,Querétaro,014,Querétaro,0001,Santiago de Querétaro,1388,026,Urbana,32,Típica,17,15,7,7.08,32.0,,,0.0,0.0,,0.0,0.0,,0.0,0.0,,0.0,,0.0,,3.0,22.0,3.0,8.0,20.0,4.0,15.0,32.0,17.0,32.0,0.0,0.0,0.0,4.57,1.33,7.0,,0.0,,,,0.0,25.0,11.0,14.0,0.0,0.0,0.0,7.0,24.0,10.0,14.0,6.0,,4.0,24.0,10.0,14.0,4.0,3.0,,31.0,15.0,16.0,28.0,13.0,15.0,5.0,,3.0,,,,,,0.0,7.0,9.0,7.0,,7.0,0.0,7.0,,9.0,,4.0,,3.0,4.0,7.0,7.0,0.0,3.0,0.0,7.0,0.0,,7.0,7.0,7.0,7.0,7.0,,6.0,6.0,0.0,0.0,4.0,0.0,0.0,,7.0,0.0,4.0,6.0,,0.0,0.0,0.0,0.0,0.0,5.0,0.0,,4.0,7.0,32.0,6643.21430308999,112.75562784559646,0.016973052908010194,0.5431376930563262,32.0,False,60
2201400011388023,22,Querétaro,014,Querétaro,0001,Santiago de Querétaro,1388,023,Urbana,19,Típica,9,10,6,7.0,19.0,,0.0,,,,,,,0.0,0.0,0.0,,0.0,,,,14.0,4.0,3.0,12.0,4.0,10.0,19.0,9.0,19.0,0.0,0.0,0.0,3.17,0.83,,0.0,0.0,0.0,,,,18.0,9.0,9.0,,,0.0,5.0,16.0,8.0,8.0,,0.0,,15.0,7.0,8.0,,,0.0,19.0,10.0,9.0,18.0,9.0,9.0,5.0,,3.0,0.0,0.0,0.0,,,,6.0,6.0,6.0,0.0,6.0,0.0,6.0,0.0,6.0,0.0,,,5.0,5.0,6.0,6.0,0.0,,,6.0,0.0,0.0,6.0,6.0,6.0,6.0,6.0,4.0,3.0,4.0,0.0,0.0,4.0,0.0,0.0,0.0,6.0,0.0,,5.0,3.0,0.0,0.0,0.0,0.0,0.0,,0.0,,3.0,6.0,19.0,1454.628303658061,143.05768242955858,0.09834655497201648,1.8685845444683131,19.0,False,60
2201400011388020,22,Querétaro,014,Querétaro,0001,Santiago de Querétaro,1388,020,Urbana,15,Típica,8,7,4,10.2,15.0,,0.0,0.0,0.0,0.0,0.0,0.0,0.0,,0.0,,,0.0,0.0,0.0,,9.0,,5.0,9.0,,7.0,15.0,8.0,15.0,0.0,0.0,0.0,3.75,1.88,9.0,,0.0,,0.0,0.0,0.0,10.0,5.0,5.0,0.0,0.0,0.0,5.0,10.0,5.0,5.0,3.0,,,10.0,5.0,5.0,0.0,0.0,0.0,14.0,7.0,7.0,14.0,7.0,7.0,,0.0,,4.0,,,,0.0,,4.0,4.0,4.0,0.0,4.0,0.0,4.0,0.0,4.0,,,,,,4.0,4.0,0.0,0.0,0.0,3.0,0.0,0.0,4.0,4.0,4.0,4.0,4.0,,3.0,,0.0,0.0,4.0,0.0,0.0,0.0,4.0,0.0,3.0,4.0,,,0.0,0.0,0.0,0.0,3.0,0.0,3.0,4.0,4.0,15.0,757.3975152615807,249.28849873775124,0.3291382579353393,4.9370738690300895,15.0,True,60
2201400011388019,22,Querétaro,014,Querétaro,0001,Santiago de Querétaro,1388,019,Urbana,86,Típica,45,41,15,8.98,86.0,,0.0,,,0.0,0.0,0.0,,0.0,0.0,,,0.0,,,,53.0,18.0,22.0,61.0,3.0,41.0,86.0,45.0,86.0,0.0,0.0,0.0,5.73,1.09,23.0,4.0,,3.0,7.0,3.0,4.0,71.0,34.0,37.0,5.0,,3.0,26.0,64.0,31.0,33.0,8.0,5.0,3.0,59.0,29.0,30.0,5.0,3.0,,82.0,40.0,42.0,79.0,38.0,41.0,6.0,,5.0,6.0,3.0,3.0,12.0,6.0,6.0,15.0,20.0,15.0,,15.0,,15.0,4.0,20.0,0.0,,,13.0,13.0,15.0,15.0,0.0,7.0,,15.0,0.0,,15.0,15.0,15.0,15.0,15.0,11.0,15.0,14.0,0.0,,7.0,0.0,0.0,4.0,14.0,,14.0,15.0,0.0,0.0,0.0,0.0,0.0,,14.0,0.0,10.0,9.0,15.0,86.0,7476.537280043282,413.6938341145738,0.055332277312229075,4.7585758488517005,86.0,False,60
2201400011373021,22,Querétaro,014,Querétaro,0001,Santiago de Querétaro,1373,021,Urbana,108,Típica,53,55,29,7.79,108.0,,,,,0.0,0.0,0.0,,,,0.0,4.0,,4.0,,4.0,68.0,22.0,24.0,78.0,6.0,55.0,108.0,53.0,108.0,,,0.0,3.72,0.89,11.0,5.0,3.0,,6.0,4.0,,90.0,47.0,43.0,7.0,5.0,,31.0,84.0,43.0,41.0,11.0,5.0,6.0,77.0,38.0,39.0,4.0,,3.0,103.0,52.0,51.0,100.0,51.0,49.0,12.0,8.0,4.0,9.0,4.0,5.0,12.0,6.0,6.0,29.0,29.0,29.0,,29.0,,28.0,0.0,30.0,0.0,3.0,,26.0,28.0,29.0,29.0,0.0,15.0,5.0,27.0,,3.0,29.0,29.0,29.0,29.0,29.0,14.0,24.0,24.0,0.0,5.0,13.0,0.0,0.0,12.0,27.0,,23.0,27.0,5.0,,,,,,21.0,0.0,19.0,27.0,26.0,108.0,7274.857053009711,509.30885014377145,0.07000946498777776,7.561022218679998,108.0,False,60
2201400011373020,22,Querétaro,014,Querétaro,0001,Santiago de Querétaro,1373,020,Urbana,120,Típica,65,55,25,7.38,120.0,,,0.0,,,0.0,,3.0,,,,0.0,,,4.0,4.0,71.0,24.0,28.0,81.0,11.0,55.0,120.0,65.0,120.0,,,0.0,4.8,1.07,14.0,6.0,,4.0,3.0,,,95.0,45.0,50.0,10.0,4.0,6.0,30.0,92.0,44.0,48.0,17.0,8.0,9.0,82.0,40.0,42.0,10.0,4.0,6.0,114.0,53.0,61.0,108.0,51.0,57.0,14.0,8.0,6.0,9.0,4.0,5.0,10.0,4.0,6.0,25.0,26.0,25.0,,25.0,,25.0,0.0,26.0,0.0,6.0,7.0,19.0,18.0,25.0,25.0,0.0,10.0,3.0,19.0,0.0,,25.0,25.0,25.0,25.0,24.0,15.0,15.0,18.0,,5.0,13.0,0.0,0.0,8.0,24.0,,20.0,25.0,10.0,6.0,4.0,4.0,0.0,,14.0,0.0,10.0,22.0,21.0,120.0,6339.041807108424,132.27413167182254,0.020866581369363115,2.503989764323574,120.0,False,60
2201400011373001,22,Querétaro,014,Querétaro,0001,Santiago de Querétaro,1373,001,Urbana,121,Típica,58,63,30,9.74,121.0,,,,,5.0,,8.0,8.0,,,7.0,,10.0,27.0,11.0,36.0,70.0,26.0,27.0,90.0,4.0,63.0,121.0,58.0,121.0,0.0,0.0,0.0,4.03,1.03,31.0,9.0,3.0,6.0,,0.0,,96.0,51.0,45.0,8.0,5.0,3.0,38.0,94.0,51.0,43.0,13.0,7.0,6.0,86.0,46.0,40.0,6.0,4.0,,112.0,60.0,52.0,108.0,57.0,51.0,13.0,8.0,5.0,10.0,5.0,5.0,11.0,5.0,6.0,30.0,31.0,30.0,,30.0,,30.0,0.0,31.0,0.0,9.0,7.0,21.0,23.0,30.0,30.0,0.0,11.0,,28.0,0.0,3.0,30.0,30.0,30.0,30.0,30.0,13.0,20.0,22.0,0.0,,19.0,0.0,0.0,18.0,26.0,4.0,23.0,27.0,7.0,,,0.0,0.0,4.0,15.0,0.0,18.0,25.0,25.0,121.0,8843.929400858733,829.6929127672057,0.09381496336760034,11.351610567479641,121.0,False,60
2201400011284028,22,Querétaro,014,Querétaro,0001,Santiago de Querétaro,1284,028,Urbana,142,Típica,66,76,30,9.84,142.0,,4.0,0.0,0.0,3.0,,3.0,5.0,,,8.0,,,17.0,6.0,22.0,76.0,39.0,31.0,95.0,16.0,76.0,142.0,66.0,142.0,,0.0,,4.73,0.97,30.0,4.0,,,5.0,4.0,,116.0,61.0,55.0,,,,35.0,111.0,57.0,54.0,13.0,7.0,6.0,109.0,56.0,53.0,11.0,7.0,4.0,138.0,74.0,64.0,133.0,72.0,61.0,29.0,15.0,14.0,11.0,6.0,5.0,12.0,7.0,5.0,30.0,38.0,30.0,8.0,30.0,5.0,30.0,3.0,38.0,0.0,,,29.0,29.0,30.0,30.0,0.0,19.0,3.0,28.0,,5.0,30.0,30.0,30.0,30.0,30.0,15.0,25.0,26.0,0.0,,10.0,0.0,0.0,13.0,30.0,0.0,20.0,30.0,4.0,0.0,0.0,0.0,0.0,6.0,24.0,0.0,22.0,30.0,30.0,142.0,4994.7705031676105,11.336388081883145,0.002269651443383389,0.32229050496044126,142.0,False,60
220140001127A013,22,Querétaro,014,Querétaro,0001,Santiago de Querétaro,127A,013,Urbana,0,Típica,0,0,0,0.0,0.0,,0.0,0.0,0.0,0.0,0.0,0.0,0.0,0.0,0.0,0.0,0.0,0.0,0.0,0.0,0.0,0.0,0.0,0.0,0.0,0.0,0.0,0.0,0.0,0.0,0.0,0.0,0.0,0.0,0.0,0.0,0.0,0.0,0.0,0.0,0.0,0.0,0.0,0.0,0.0,0.0,0.0,0.0,0.0,0.0,0.0,0.0,0.0,0.0,0.0,0.0,0.0,0.0,0.0,0.0,0.0,0.0,0.0,0.0,0.0,0.0,0.0,0.0,0.0,0.0,0.0,0.0,0.0,0.0,0.0,0.0,0.0,0.0,0.0,0.0,0.0,0.0,0.0,0.0,0.0,0.0,0.0,0.0,0.0,0.0,0.0,0.0,0.0,0.0,0.0,0.0,0.0,0.0,0.0,0.0,0.0,0.0,0.0,0.0,0.0,0.0,0.0,0.0,0.0,0.0,0.0,0.0,0.0,0.0,0.0,0.0,0.0,0.0,0.0,0.0,0.0,0.0,0.0,0.0,0.0,0.0,0.0,0.0,15345.611416765814,567.040837492551,0.036951335602896325,0.0,0.0,False,60
2201400011227024,22,Querétaro,014,Querétaro,0001,Santiago de Querétaro,1227,024,Urbana,0,Típica,0,0,0,0.0,0.0,,0.0,0.0,0.0,0.0,0.0,0.0,0.0,0.0,0.0,0.0,0.0,0.0,0.0,0.0,0.0,0.0,0.0,0.0,0.0,0.0,0.0,0.0,0.0,0.0,0.0,0.0,0.0,0.0,0.0,0.0,0.0,0.0,0.0,0.0,0.0,0.0,0.0,0.0,0.0,0.0,0.0,0.0,0.0,0.0,0.0,0.0,0.0,0.0,0.0,0.0,0.0,0.0,0.0,0.0,0.0,0.0,0.0,0.0,0.0,0.0,0.0,0.0,0.0,0.0,0.0,0.0,0.0,0.0,0.0,0.0,0.0,0.0,0.0,0.0,0.0,0.0,0.0,0.0,0.0,0.0,0.0,0.0,0.0,0.0,0.0,0.0,0.0,0.0,0.0,0.0,0.0,0.0,0.0,0.0,0.0,0.0,0.0,0.0,0.0,0.0,0.0,0.0,0.0,0.0,0.0,0.0,0.0,0.0,0.0,0.0,0.0,0.0,0.0,0.0,0.0,0.0,0.0,0.0,0.0,0.0,0.0,0.0,308661.8285490455,239.05800807905956,0.0007744981269722308,0.0,0.0,False,60
2201400011227006,22,Querétaro,014,Querétaro,0001,Santiago de Querétaro,1227,006,Urbana,136,Típica,76,60,45,13.8,113.0,,0.0,,,,,0.0,4.0,4.0,0.0,4.0,11.0,11.0,10.0,,19.0,82.0,45.0,13.0,110.0,11.0,60.0,113.0,76.0,136.0,16.0,7.0,9.0,2.63,0.55,19.0,0.0,0.0,0.0,6.0,,4.0,127.0,55.0,72.0,,,,38.0,121.0,53.0,68.0,39.0,13.0,26.0,119.0,52.0,67.0,3.0,,,134.0,59.0,75.0,133.0,59.0,74.0,15.0,8.0,7.0,4.0,3.0,,9.0,5.0,4.0,45.0,44.0,43.0,,43.0,,42.0,,47.0,0.0,6.0,,37.0,42.0,42.0,43.0,0.0,27.0,,43.0,17.0,12.0,43.0,43.0,43.0,43.0,43.0,35.0,42.0,34.0,0.0,3.0,15.0,0.0,0.0,37.0,43.0,0.0,28.0,41.0,0.0,0.0,,0.0,0.0,24.0,33.0,0.0,29.0,39.0,40.0,136.0,7281.5562463757915,732.9756923411892,0.1006619557056926,13.690025975974194,136.0,False,60
2201400011212029,22,Querétaro,014,Querétaro,0001,Santiago de Querétaro,1212,029,Urbana,83,Típica,30,53,28,14.39,83.0,,,,3.0,,,3.0,6.0,,,8.0,,5.0,9.0,5.0,15.0,44.0,31.0,11.0,62.0,10.0,53.0,83.0,30.0,83.0,0.0,0.0,0.0,2.96,0.63,19.0,4.0,,,3.0,,,75.0,49.0,26.0,,,,30.0,72.0,47.0,25.0,15.0,10.0,5.0,70.0,46.0,24.0,,,,79.0,51.0,28.0,78.0,50.0,28.0,20.0,12.0,8.0,,,,5.0,3.0,,28.0,34.0,28.0,6.0,28.0,0.0,28.0,6.0,34.0,0.0,5.0,,23.0,27.0,28.0,28.0,0.0,23.0,,28.0,6.0,,28.0,28.0,28.0,28.0,28.0,25.0,28.0,27.0,0.0,,5.0,0.0,0.0,25.0,28.0,0.0,28.0,28.0,0.0,0.0,0.0,0.0,0.0,18.0,23.0,0.0,25.0,28.0,28.0,83.0,6407.641775122758,343.1722646913132,0.05355671817105267,4.4452076081973715,83.0,False,60
2201400011138038,22,Querétaro,014,Querétaro,0001,Santiago de Querétaro,1138,038,Urbana,4,Típica,3,1,0,0.0,0.0,,0.0,0.0,0.0,0.0,0.0,0.0,0.0,0.0,0.0,0.0,0.0,0.0,0.0,0.0,0.0,0.0,0.0,0.0,4.0,0.0,1.0,0.0,3.0,4.0,0.0,0.0,0.0,0.0,0.0,0.0,0.0,0.0,0.0,0.0,0.0,0.0,4.0,1.0,3.0,0.0,0.0,0.0,1.0,4.0,1.0,3.0,0.0,0.0,0.0,4.0,1.0,3.0,0.0,0.0,0.0,4.0,1.0,3.0,4.0,1.0,3.0,1.0,0.0,1.0,0.0,0.0,0.0,0.0,0.0,0.0,0.0,0.0,0.0,0.0,0.0,0.0,0.0,0.0,0.0,0.0,0.0,0.0,0.0,0.0,0.0,0.0,0.0,0.0,0.0,0.0,0.0,0.0,0.0,0.0,0.0,0.0,0.0,0.0,0.0,0.0,0.0,0.0,0.0,0.0,0.0,0.0,0.0,0.0,0.0,0.0,0.0,0.0,0.0,0.0,0.0,0.0,0.0,0.0,0.0,0.0,0.0,4.0,4492.2434317654825,597.3707960340365,0.13297827802694692,0.5319131121077877,4.0,False,60
2201400010731033,22,Querétaro,014,Querétaro,0001,Santiago de Querétaro,0731,033,Urbana,11,Típica,4,7,3,8.45,11.0,,0.0,0.0,0.0,,,,,0.0,0.0,0.0,0.0,,0.0,,,4.0,7.0,0.0,11.0,0.0,7.0,11.0,4.0,11.0,0.0,0.0,0.0,3.67,0.79,8.0,0.0,0.0,0.0,0.0,0.0,0.0,11.0,7.0,4.0,,0.0,,6.0,11.0,7.0,4.0,3.0,3.0,0.0,9.0,7.0,,0.0,0.0,0.0,11.0,7.0,4.0,11.0,7.0,4.0,,0.0,,0.0,0.0,0.0,0.0,0.0,0.0,3.0,3.0,3.0,0.0,3.0,0.0,3.0,0.0,3.0,0.0,0.0,0.0,3.0,3.0,,,,,0.0,,0.0,0.0,3.0,,3.0,3.0,3.0,,,,0.0,0.0,,0.0,0.0,,3.0,0.0,3.0,,,,0.0,0.0,0.0,0.0,,0.0,,,,11.0,1139.7944055004316,13.99241721025179,0.012276264160209103,0.13503890576230013,11.0,False,60
2201400011138022,22,Querétaro,014,Querétaro,0001,Santiago de Querétaro,1138,022,Urbana,0,Típica,0,0,0,0.0,0.0,,0.0,0.0,0.0,0.0,0.0,0.0,0.0,0.0,0.0,0.0,0.0,0.0,0.0,0.0,0.0,0.0,0.0,0.0,0.0,0.0,0.0,0.0,0.0,0.0,0.0,0.0,0.0,0.0,0.0,0.0,0.0,0.0,0.0,0.0,0.0,0.0,0.0,0.0,0.0,0.0,0.0,0.0,0.0,0.0,0.0,0.0,0.0,0.0,0.0,0.0,0.0,0.0,0.0,0.0,0.0,0.0,0.0,0.0,0.0,0.0,0.0,0.0,0.0,0.0,0.0,0.0,0.0,0.0,0.0,0.0,0.0,0.0,0.0,0.0,0.0,0.0,0.0,0.0,0.0,0.0,0.0,0.0,0.0,0.0,0.0,0.0,0.0,0.0,0.0,0.0,0.0,0.0,0.0,0.0,0.0,0.0,0.0,0.0,0.0,0.0,0.0,0.0,0.0,0.0,0.0,0.0,0.0,0.0,0.0,0.0,0.0,0.0,0.0,0.0,0.0,0.0,0.0,0.0,0.0,0.0,0.0,0.0,9088.982068925296,376.02212824691276,0.04137120366124505,0.0,0.0,False,60
2201400011138016,22,Querétaro,014,Querétaro,0001,Santiago de Querétaro,1138,016,Urbana,0,Típica,0,0,0,0.0,0.0,,0.0,0.0,0.0,0.0,0.0,0.0,0.0,0.0,0.0,0.0,0.0,0.0,0.0,0.0,0.0,0.0,0.0,0.0,0.0,0.0,0.0,0.0,0.0,0.0,0.0,0.0,0.0,0.0,0.0,0.0,0.0,0.0,0.0,0.0,0.0,0.0,0.0,0.0,0.0,0.0,0.0,0.0,0.0,0.0,0.0,0.0,0.0,0.0,0.0,0.0,0.0,0.0,0.0,0.0,0.0,0.0,0.0,0.0,0.0,0.0,0.0,0.0,0.0,0.0,0.0,0.0,0.0,0.0,0.0,0.0,0.0,0.0,0.0,0.0,0.0,0.0,0.0,0.0,0.0,0.0,0.0,0.0,0.0,0.0,0.0,0.0,0.0,0.0,0.0,0.0,0.0,0.0,0.0,0.0,0.0,0.0,0.0,0.0,0.0,0.0,0.0,0.0,0.0,0.0,0.0,0.0,0.0,0.0,0.0,0.0,0.0,0.0,0.0,0.0,0.0,0.0,0.0,0.0,0.0,0.0,0.0,0.0,67359.52433103671,888.6089163631681,0.013192030751228611,0.0,0.0,False,60
2201400010549024,22,Querétaro,014,Querétaro,0001,Santiago de Querétaro,0549,024,Urbana,305,Típica,139,166,101,14.95,305.0,,,,,0.0,0.0,,6.0,0.0,0.0,8.0,,7.0,3.0,4.0,19.0,185.0,88.0,46.0,241.0,18.0,166.0,305.0,139.0,305.0,5.0,0.0,5.0,3.02,0.62,30.0,7.0,3.0,4.0,16.0,11.0,5.0,275.0,151.0,124.0,12.0,5.0,7.0,100.0,259.0,140.0,119.0,44.0,26.0,18.0,247.0,135.0,112.0,5.0,3.0,,298.0,163.0,135.0,293.0,160.0,133.0,27.0,16.0,11.0,18.0,9.0,9.0,28.0,19.0,9.0,101.0,97.0,101.0,15.0,101.0,12.0,82.0,3.0,116.0,0.0,18.0,6.0,83.0,95.0,85.0,101.0,0.0,98.0,7.0,101.0,77.0,41.0,101.0,101.0,101.0,101.0,101.0,88.0,99.0,93.0,0.0,6.0,3.0,0.0,0.0,93.0,101.0,0.0,81.0,101.0,,0.0,,0.0,0.0,77.0,75.0,0.0,79.0,62.0,99.0,305.0,89915.09685906173,757.5285707998523,0.008424931933146307,2.5696042396096237,305.0,False,60
2201400011458034,22,Querétaro,014,Querétaro,0001,Santiago de Querétaro,1458,034,Urbana,140,Típica,71,69,48,13.35,140.0,,,0.0,0.0,,,,8.0,,,4.0,,,4.0,3.0,10.0,102.0,28.0,16.0,111.0,13.0,69.0,140.0,71.0,140.0,0.0,0.0,0.0,2.92,0.63,22.0,,0.0,,6.0,,5.0,130.0,67.0,63.0,3.0,,,44.0,124.0,66.0,58.0,11.0,4.0,7.0,121.0,65.0,56.0,4.0,,3.0,138.0,69.0,69.0,134.0,68.0,66.0,23.0,14.0,9.0,4.0,,3.0,8.0,,7.0,48.0,50.0,48.0,3.0,48.0,3.0,47.0,0.0,51.0,0.0,5.0,3.0,43.0,45.0,48.0,48.0,0.0,32.0,8.0,46.0,6.0,17.0,48.0,48.0,48.0,48.0,48.0,40.0,44.0,42.0,0.0,9.0,14.0,0.0,0.0,38.0,48.0,0.0,44.0,48.0,3.0,0.0,,0.0,0.0,28.0,36.0,0.0,32.0,48.0,47.0,140.0,47664.97224859294,628.8226387264718,0.013192552288647028,1.8469573204105838,140.0,False,60
2201400011458016,22,Querétaro,014,Querétaro,0001,Santiago de Querétaro,1458,016,Urbana,54,Típica,29,25,17,13.96,54.0,,0.0,0.0,0.0,0.0,0.0,0.0,0.0,0.0,0.0,0.0,0.0,0.0,0.0,0.0,0.0,35.0,16.0,3.0,45.0,6.0,25.0,54.0,29.0,54.0,0.0,0.0,0.0,3.18,0.68,6.0,0.0,0.0,0.0,0.0,0.0,0.0,51.0,24.0,27.0,3.0,,,17.0,51.0,24.0,27.0,8.0,,6.0,48.0,23.0,25.0,,0.0,,54.0,25.0,29.0,53.0,25.0,28.0,8.0,3.0,5.0,,,,,0.0,,17.0,16.0,17.0,,17.0,,15.0,0.0,18.0,0.0,0.0,0.0,17.0,17.0,17.0,17.0,0.0,14.0,5.0,16.0,3.0,5.0,17.0,17.0,17.0,17.0,17.0,13.0,15.0,13.0,0.0,,,0.0,0.0,15.0,16.0,,15.0,16.0,,0.0,0.0,0.0,0.0,13.0,10.0,0.0,12.0,17.0,17.0,54.0,4980.525162525587,663.0436181708573,0.13312724994539188,7.188871497051162,54.0,False,60
2201400011458001,22,Querétaro,014,Querétaro,0001,Santiago de Querétaro,1458,001,Urbana,544,Típica,261,283,180,13.89,544.0,,8.0,,3.0,8.0,5.0,5.0,25.0,8.0,6.0,18.0,8.0,10.0,32.0,14.0,49.0,351.0,152.0,48.0,421.0,75.0,283.0,544.0,261.0,544.0,11.0,7.0,4.0,3.02,0.61,129.0,11.0,6.0,5.0,9.0,4.0,5.0,505.0,260.0,245.0,11.0,3.0,8.0,136.0,496.0,256.0,240.0,65.0,29.0,36.0,485.0,253.0,232.0,10.0,6.0,4.0,533.0,277.0,256.0,525.0,273.0,252.0,122.0,72.0,50.0,18.0,11.0,7.0,18.0,9.0,9.0,180.0,175.0,180.0,8.0,179.0,8.0,167.0,0.0,188.0,0.0,27.0,4.0,152.0,175.0,179.0,179.0,0.0,152.0,17.0,174.0,71.0,51.0,179.0,179.0,179.0,179.0,179.0,154.0,173.0,170.0,0.0,12.0,26.0,0.0,0.0,149.0,178.0,0.0,148.0,179.0,6.0,0.0,0.0,0.0,0.0,118.0,145.0,0.0,147.0,173.0,179.0,544.0,184701.62834121703,450.70492512129226,0.0024401784064873636,1.3274570531291259,544.0,False,60
2201400010445016,22,Querétaro,014,Querétaro,0001,Santiago de Querétaro,0445,016,Urbana,384,Típica,190,194,110,10.81,384.0,,5.0,4.0,9.0,15.0,8.0,3.0,20.0,,,7.0,4.0,5.0,19.0,18.0,39.0,226.0,106.0,67.0,280.0,37.0,194.0,384.0,190.0,384.0,6.0,,4.0,3.49,0.86,125.0,9.0,5.0,4.0,16.0,4.0,12.0,333.0,171.0,162.0,13.0,5.0,8.0,110.0,317.0,167.0,150.0,56.0,29.0,27.0,304.0,162.0,142.0,12.0,6.0,6.0,375.0,189.0,186.0,369.0,185.0,184.0,58.0,30.0,28.0,30.0,12.0,18.0,40.0,13.0,27.0,110.0,112.0,110.0,,110.0,14.0,97.0,,125.0,4.0,31.0,26.0,79.0,80.0,110.0,110.0,0.0,45.0,16.0,106.0,16.0,27.0,109.0,109.0,110.0,109.0,109.0,43.0,87.0,67.0,0.0,7.0,62.0,0.0,0.0,56.0,110.0,0.0,85.0,92.0,22.0,,6.0,,,31.0,64.0,,71.0,77.0,101.0,384.0,19559.094250206774,12.682708521633872,0.000648430257525846,0.24899721888992488,384.0,False,60
2201400010445012,22,Querétaro,014,Querétaro,0001,Santiago de Querétaro,0445,012,Urbana,0,Típica,0,0,0,0.0,0.0,,0.0,0.0,0.0,0.0,0.0,0.0,0.0,0.0,0.0,0.0,0.0,0.0,0.0,0.0,0.0,0.0,0.0,0.0,0.0,0.0,0.0,0.0,0.0,0.0,0.0,0.0,0.0,0.0,0.0,0.0,0.0,0.0,0.0,0.0,0.0,0.0,0.0,0.0,0.0,0.0,0.0,0.0,0.0,0.0,0.0,0.0,0.0,0.0,0.0,0.0,0.0,0.0,0.0,0.0,0.0,0.0,0.0,0.0,0.0,0.0,0.0,0.0,0.0,0.0,0.0,0.0,0.0,0.0,0.0,0.0,0.0,0.0,0.0,0.0,0.0,0.0,0.0,0.0,0.0,0.0,0.0,0.0,0.0,0.0,0.0,0.0,0.0,0.0,0.0,0.0,0.0,0.0,0.0,0.0,0.0,0.0,0.0,0.0,0.0,0.0,0.0,0.0,0.0,0.0,0.0,0.0,0.0,0.0,0.0,0.0,0.0,0.0,0.0,0.0,0.0,0.0,0.0,0.0,0.0,0.0,0.0,0.0,17377.17861886438,664.2128237175195,0.03822328343891574,0.0,0.0,False,60
2201400010430015,22,Querétaro,014,Querétaro,0001,Santiago de Querétaro,0430,015,Urbana,36,Típica,12,24,9,13.34,36.0,,,0.0,,0.0,0.0,,,0.0,0.0,,0.0,,3.0,3.0,7.0,19.0,10.0,7.0,21.0,8.0,24.0,36.0,12.0,36.0,0.0,0.0,0.0,4.0,0.72,12.0,,,0.0,,,0.0,30.0,19.0,11.0,0.0,0.0,0.0,8.0,29.0,18.0,11.0,3.0,,,29.0,18.0,11.0,4.0,3.0,,35.0,23.0,12.0,32.0,21.0,11.0,11.0,7.0,4.0,,,0.0,,,0.0,9.0,9.0,9.0,,8.0,,7.0,0.0,11.0,0.0,0.0,0.0,8.0,8.0,8.0,8.0,0.0,6.0,0.0,8.0,,0.0,8.0,8.0,8.0,8.0,8.0,5.0,8.0,8.0,0.0,,,0.0,0.0,8.0,8.0,0.0,6.0,8.0,0.0,0.0,0.0,0.0,0.0,3.0,7.0,0.0,8.0,8.0,8.0,36.0,10024.335938551887,689.4357359190843,0.06877620025358808,2.475943209129171,36.0,False,60
2201400010394031,22,Querétaro,014,Querétaro,0001,Santiago de Querétaro,0394,031,Urbana,21,Típica,11,10,6,15.14,21.0,,0.0,0.0,0.0,0.0,0.0,0.0,0.0,0.0,0.0,0.0,,0.0,0.0,0.0,0.0,14.0,7.0,0.0,18.0,3.0,10.0,21.0,11.0,21.0,,,0.0,3.5,0.7,,0.0,0.0,0.0,0.0,0.0,0.0,21.0,10.0,11.0,0.0,0.0,0.0,4.0,21.0,10.0,11.0,,0.0,,21.0,10.0,11.0,0.0,0.0,0.0,21.0,10.0,11.0,21.0,10.0,11.0,6.0,3.0,3.0,0.0,0.0,0.0,0.0,0.0,0.0,6.0,7.0,6.0,,6.0,,5.0,0.0,8.0,0.0,0.0,0.0,6.0,6.0,6.0,6.0,0.0,6.0,,6.0,6.0,,6.0,6.0,6.0,6.0,6.0,6.0,6.0,5.0,0.0,0.0,0.0,0.0,0.0,5.0,6.0,0.0,5.0,6.0,0.0,0.0,0.0,0.0,0.0,4.0,4.0,0.0,6.0,5.0,6.0,21.0,6737.244675334003,54.83796526266714,0.008139524079248096,0.17093000566421002,21.0,False,60
2201400010394029,22,Querétaro,014,Querétaro,0001,Santiago de Querétaro,0394,029,Urbana,119,Típica,54,65,37,15.17,119.0,,3.0,0.0,,,0.0,,6.0,,,8.0,,4.0,8.0,7.0,13.0,73.0,38.0,8.0,84.0,27.0,65.0,119.0,54.0,119.0,0.0,0.0,0.0,3.22,0.57,31.0,,,,0.0,0.0,0.0,111.0,62.0,49.0,0.0,0.0,0.0,34.0,111.0,62.0,49.0,9.0,6.0,3.0,111.0,62.0,49.0,,,0.0,117.0,64.0,53.0,115.0,62.0,53.0,36.0,18.0,18.0,4.0,0.0,4.0,,0.0,,37.0,38.0,37.0,,37.0,3.0,34.0,,41.0,0.0,6.0,0.0,31.0,37.0,37.0,37.0,0.0,32.0,8.0,37.0,29.0,6.0,37.0,37.0,37.0,37.0,37.0,33.0,34.0,36.0,0.0,6.0,5.0,0.0,0.0,29.0,37.0,0.0,27.0,37.0,3.0,0.0,0.0,0.0,0.0,21.0,30.0,0.0,30.0,33.0,36.0,119.0,16798.882924396956,12.086258416481106,0.0007194679831316806,0.08561668999266998,119.0,False,60
2201400010394006,22,Querétaro,014,Querétaro,0001,Santiago de Querétaro,0394,006,Urbana,0,Típica,0,0,0,0.0,0.0,,0.0,0.0,0.0,0.0,0.0,0.0,0.0,0.0,0.0,0.0,0.0,0.0,0.0,0.0,0.0,0.0,0.0,0.0,0.0,0.0,0.0,0.0,0.0,0.0,0.0,0.0,0.0,0.0,0.0,0.0,0.0,0.0,0.0,0.0,0.0,0.0,0.0,0.0,0.0,0.0,0.0,0.0,0.0,0.0,0.0,0.0,0.0,0.0,0.0,0.0,0.0,0.0,0.0,0.0,0.0,0.0,0.0,0.0,0.0,0.0,0.0,0.0,0.0,0.0,0.0,0.0,0.0,0.0,0.0,0.0,0.0,0.0,0.0,0.0,0.0,0.0,0.0,0.0,0.0,0.0,0.0,0.0,0.0,0.0,0.0,0.0,0.0,0.0,0.0,0.0,0.0,0.0,0.0,0.0,0.0,0.0,0.0,0.0,0.0,0.0,0.0,0.0,0.0,0.0,0.0,0.0,0.0,0.0,0.0,0.0,0.0,0.0,0.0,0.0,0.0,0.0,0.0,0.0,0.0,0.0,0.0,0.0,1685.6518348253658,628.216159412605,0.3726844099319528,0.0,0.0,False,60
2201400010394005,22,Querétaro,014,Querétaro,0001,Santiago de Querétaro,0394,005,Urbana,49,Típica,30,19,19,13.52,49.0,,0.0,0.0,0.0,0.0,0.0,,,,0.0,,0.0,3.0,6.0,,8.0,36.0,12.0,,37.0,11.0,19.0,49.0,30.0,49.0,0.0,0.0,0.0,2.58,0.48,7.0,0.0,0.0,0.0,0.0,0.0,0.0,48.0,18.0,30.0,0.0,0.0,0.0,7.0,48.0,18.0,30.0,5.0,0.0,5.0,48.0,18.0,30.0,0.0,0.0,0.0,49.0,19.0,30.0,49.0,19.0,30.0,14.0,7.0,7.0,,,0.0,,,0.0,19.0,18.0,19.0,3.0,19.0,3.0,15.0,0.0,22.0,0.0,,,17.0,18.0,19.0,19.0,0.0,13.0,4.0,18.0,4.0,,19.0,19.0,19.0,19.0,19.0,15.0,18.0,15.0,0.0,4.0,3.0,0.0,0.0,14.0,18.0,,14.0,18.0,,0.0,,0.0,0.0,9.0,16.0,0.0,14.0,19.0,18.0,49.0,4525.642101268875,37.29154227679974,0.008240055541807898,0.403762721548587,49.0,False,60
2201400010341006,22,Querétaro,014,Querétaro,0001,Santiago de Querétaro,0341,006,Urbana,218,Típica,101,117,67,11.43,218.0,,5.0,,,14.0,3.0,5.0,11.0,0.0,,7.0,3.0,6.0,25.0,20.0,38.0,118.0,64.0,43.0,140.0,35.0,117.0,218.0,101.0,218.0,18.0,9.0,9.0,3.25,0.83,57.0,8.0,5.0,3.0,7.0,4.0,3.0,182.0,101.0,81.0,5.0,,3.0,51.0,175.0,97.0,78.0,17.0,7.0,10.0,170.0,95.0,75.0,10.0,,8.0,210.0,112.0,98.0,203.0,110.0,93.0,48.0,30.0,18.0,18.0,9.0,9.0,21.0,13.0,8.0,67.0,75.0,67.0,9.0,67.0,3.0,66.0,6.0,76.0,,22.0,11.0,45.0,55.0,67.0,67.0,0.0,33.0,6.0,59.0,10.0,15.0,67.0,67.0,67.0,67.0,67.0,47.0,53.0,57.0,0.0,,33.0,0.0,0.0,40.0,66.0,,42.0,65.0,12.0,,3.0,,0.0,26.0,52.0,0.0,44.0,59.0,62.0,218.0,26509.441208519547,330.3289712905182,0.012460804763563172,2.7164554384567716,218.0,False,60
2201400010303009,22,Querétaro,014,Querétaro,0001,Santiago de Querétaro,0303,009,Urbana,82,Típica,31,51,26,11.68,82.0,,,,4.0,3.0,3.0,,4.0,0.0,0.0,0.0,3.0,0.0,0.0,4.0,4.0,44.0,24.0,16.0,54.0,12.0,51.0,82.0,31.0,82.0,11.0,7.0,4.0,3.15,0.75,24.0,,,0.0,3.0,3.0,0.0,69.0,42.0,27.0,4.0,3.0,,21.0,66.0,39.0,27.0,9.0,4.0,5.0,62.0,36.0,26.0,,,,81.0,50.0,31.0,79.0,49.0,30.0,16.0,12.0,4.0,10.0,7.0,3.0,11.0,9.0,,26.0,29.0,26.0,4.0,26.0,4.0,25.0,0.0,30.0,,6.0,3.0,20.0,22.0,26.0,26.0,0.0,13.0,4.0,22.0,5.0,,26.0,26.0,26.0,26.0,26.0,16.0,17.0,22.0,0.0,,12.0,0.0,0.0,13.0,26.0,0.0,16.0,26.0,8.0,,0.0,0.0,0.0,4.0,17.0,0.0,15.0,20.0,26.0,82.0,13854.034035635164,5.886183635693238,0.0004248714576962114,0.034839459531089335,82.0,False,60
2201400010303006,22,Querétaro,014,Querétaro,0001,Santiago de Querétaro,0303,006,Urbana,399,Típica,178,221,135,13.75,399.0,,9.0,4.0,11.0,22.0,8.0,10.0,29.0,,,18.0,12.0,20.0,39.0,30.0,76.0,245.0,117.0,40.0,276.0,83.0,221.0,399.0,178.0,399.0,15.0,6.0,9.0,2.96,0.59,81.0,7.0,3.0,4.0,5.0,5.0,0.0,364.0,204.0,160.0,12.0,7.0,5.0,111.0,359.0,199.0,160.0,47.0,27.0,20.0,347.0,192.0,155.0,12.0,4.0,8.0,392.0,218.0,174.0,381.0,214.0,167.0,106.0,64.0,42.0,16.0,10.0,6.0,14.0,9.0,5.0,135.0,157.0,135.0,25.0,134.0,19.0,132.0,6.0,160.0,,24.0,3.0,110.0,130.0,133.0,134.0,0.0,85.0,33.0,124.0,67.0,17.0,134.0,134.0,134.0,134.0,134.0,93.0,125.0,116.0,0.0,8.0,49.0,0.0,0.0,98.0,134.0,0.0,100.0,134.0,8.0,0.0,0.0,0.0,0.0,62.0,96.0,0.0,91.0,87.0,127.0,399.0,29813.278484276223,1757.213867993724,0.05894064515314858,23.517317416106284,399.0,False,60
2201400010248012,22,Querétaro,014,Querétaro,0001,Santiago de Querétaro,0248,012,Urbana,159,Típica,76,83,37,9.73,159.0,,3.0,,3.0,4.0,,,6.0,,0.0,4.0,,,4.0,8.0,13.0,91.0,46.0,31.0,104.0,24.0,83.0,159.0,76.0,159.0,,,0.0,4.3,0.85,27.0,3.0,,,9.0,7.0,,137.0,73.0,64.0,4.0,,3.0,38.0,128.0,66.0,62.0,11.0,6.0,5.0,124.0,65.0,59.0,6.0,,4.0,156.0,82.0,74.0,152.0,81.0,71.0,31.0,16.0,15.0,13.0,7.0,6.0,18.0,11.0,7.0,37.0,42.0,37.0,5.0,37.0,5.0,37.0,0.0,42.0,,3.0,,34.0,35.0,36.0,37.0,0.0,24.0,9.0,35.0,7.0,8.0,37.0,37.0,37.0,37.0,37.0,25.0,30.0,33.0,0.0,4.0,11.0,0.0,0.0,24.0,37.0,0.0,33.0,36.0,6.0,,,,0.0,14.0,29.0,0.0,31.0,34.0,36.0,159.0,14974.56153215859,336.8303794308185,0.02249350531616295,3.576467345269909,159.0,False,60
2201400010248010,22,Querétaro,014,Querétaro,0001,Santiago de Querétaro,0248,010,Urbana,130,Típica,69,61,41,9.59,130.0,,,4.0,3.0,5.0,,3.0,5.0,,,3.0,5.0,4.0,7.0,10.0,14.0,69.0,24.0,42.0,84.0,4.0,61.0,130.0,69.0,130.0,3.0,,,3.17,1.04,41.0,3.0,3.0,0.0,5.0,0.0,5.0,93.0,47.0,46.0,6.0,4.0,,41.0,88.0,47.0,41.0,18.0,6.0,12.0,82.0,43.0,39.0,5.0,0.0,5.0,127.0,58.0,69.0,125.0,58.0,67.0,6.0,3.0,3.0,29.0,11.0,18.0,23.0,7.0,16.0,41.0,41.0,41.0,0.0,41.0,0.0,41.0,0.0,41.0,0.0,22.0,15.0,19.0,26.0,40.0,41.0,0.0,5.0,8.0,34.0,19.0,6.0,41.0,41.0,41.0,41.0,41.0,10.0,24.0,21.0,0.0,3.0,34.0,0.0,0.0,15.0,41.0,0.0,23.0,35.0,15.0,5.0,,0.0,0.0,8.0,23.0,0.0,19.0,40.0,36.0,130.0,20616.48731021436,804.9883582105788,0.03904585422812306,5.075961049655998,130.0,False,60
2201400010248018,22,Querétaro,014,Querétaro,0001,Santiago de Querétaro,0248,018,Urbana,119,Típica,59,60,35,12.95,119.0,,0.0,0.0,0.0,3.0,,4.0,6.0,0.0,,6.0,,4.0,9.0,7.0,14.0,68.0,33.0,20.0,73.0,26.0,60.0,119.0,59.0,119.0,0.0,0.0,0.0,3.4,0.72,20.0,3.0,,,,,0.0,101.0,51.0,50.0,3.0,,,28.0,99.0,49.0,50.0,13.0,7.0,6.0,96.0,47.0,49.0,4.0,,3.0,116.0,58.0,58.0,114.0,57.0,57.0,31.0,16.0,15.0,11.0,6.0,5.0,9.0,6.0,3.0,35.0,37.0,35.0,,35.0,0.0,35.0,,37.0,0.0,3.0,0.0,32.0,35.0,35.0,35.0,0.0,23.0,7.0,34.0,5.0,11.0,35.0,35.0,35.0,35.0,35.0,22.0,33.0,31.0,0.0,6.0,10.0,0.0,0.0,25.0,35.0,0.0,23.0,35.0,,0.0,,0.0,0.0,16.0,29.0,0.0,29.0,35.0,34.0,119.0,4776.5372533281325,32.70119526578696,0.006846213801222183,0.8146994423454398,119.0,False,60
2201400013416021,22,Querétaro,014,Querétaro,0001,Santiago de Querétaro,3416,021,Urbana,13,Típica,5,8,4,10.6,13.0,,0.0,0.0,,,0.0,,,0.0,0.0,0.0,,,3.0,3.0,3.0,7.0,4.0,3.0,10.0,0.0,8.0,13.0,5.0,13.0,,,0.0,3.25,0.87,,,,0.0,,0.0,,11.0,6.0,5.0,,,0.0,4.0,10.0,6.0,4.0,,,0.0,9.0,5.0,4.0,,,0.0,12.0,7.0,5.0,11.0,6.0,5.0,,,0.0,0.0,0.0,0.0,,0.0,,4.0,6.0,4.0,,4.0,,4.0,0.0,6.0,0.0,0.0,0.0,4.0,4.0,4.0,4.0,0.0,,,4.0,0.0,,4.0,4.0,4.0,4.0,4.0,3.0,4.0,3.0,0.0,0.0,,0.0,0.0,,4.0,0.0,3.0,4.0,0.0,0.0,0.0,0.0,0.0,0.0,3.0,0.0,4.0,4.0,4.0,13.0,1453.6669786425887,487.44830911424367,0.33532323171392064,4.359202012280968,13.0,False,60
2201400010229016,22,Querétaro,014,Querétaro,0001,Santiago de Querétaro,0229,016,Urbana,106,Típica,49,57,32,15.25,106.0,,3.0,0.0,,4.0,,,,,0.0,3.0,,,0.0,7.0,6.0,60.0,42.0,4.0,78.0,24.0,57.0,106.0,49.0,106.0,0.0,0.0,0.0,3.31,0.57,28.0,,,,0.0,0.0,0.0,102.0,56.0,46.0,,,0.0,28.0,102.0,56.0,46.0,11.0,6.0,5.0,101.0,55.0,46.0,,0.0,,104.0,56.0,48.0,103.0,56.0,47.0,32.0,19.0,13.0,0.0,0.0,0.0,0.0,0.0,0.0,32.0,30.0,32.0,5.0,32.0,0.0,25.0,5.0,37.0,0.0,,0.0,31.0,32.0,32.0,32.0,0.0,27.0,3.0,32.0,25.0,8.0,32.0,32.0,32.0,32.0,32.0,26.0,29.0,31.0,0.0,,5.0,0.0,0.0,26.0,32.0,0.0,24.0,32.0,3.0,0.0,0.0,0.0,0.0,16.0,27.0,0.0,28.0,32.0,32.0,106.0,40336.304808831075,133.9535517975022,0.003320917779463401,0.3520172846231205,106.0,False,60
2201400010962017,22,Querétaro,014,Querétaro,0001,Santiago de Querétaro,0962,017,Urbana,101,Típica,48,53,29,14.42,101.0,,0.0,0.0,0.0,,,0.0,4.0,0.0,0.0,5.0,,,0.0,,9.0,64.0,29.0,10.0,68.0,23.0,53.0,101.0,48.0,101.0,0.0,0.0,0.0,3.48,0.57,11.0,,0.0,,,,0.0,93.0,50.0,43.0,6.0,3.0,3.0,28.0,91.0,48.0,43.0,17.0,8.0,9.0,85.0,45.0,40.0,3.0,,,99.0,53.0,46.0,98.0,52.0,46.0,25.0,13.0,12.0,3.0,,,,,0.0,29.0,33.0,29.0,,29.0,,29.0,3.0,33.0,0.0,5.0,0.0,24.0,29.0,,29.0,0.0,28.0,,29.0,15.0,12.0,29.0,29.0,29.0,29.0,29.0,26.0,28.0,28.0,0.0,,,0.0,0.0,27.0,27.0,,21.0,29.0,,0.0,0.0,0.0,0.0,21.0,22.0,0.0,25.0,29.0,29.0,101.0,116279.05678829116,385.9766398859007,0.0033193994735324257,0.335259346826775,101.0,False,60
2201400010958042,22,Querétaro,014,Querétaro,0001,Santiago de Querétaro,0958,042,Urbana,57,Típica,26,31,21,13.87,57.0,,0.0,0.0,0.0,,0.0,0.0,,0.0,0.0,,0.0,6.0,4.0,,8.0,35.0,20.0,3.0,48.0,6.0,31.0,57.0,26.0,57.0,3.0,,,2.71,0.55,15.0,,,0.0,,,0.0,55.0,30.0,25.0,,,0.0,15.0,54.0,29.0,25.0,10.0,4.0,6.0,53.0,28.0,25.0,0.0,0.0,0.0,56.0,30.0,26.0,56.0,30.0,26.0,12.0,5.0,7.0,,0.0,,,,0.0,21.0,21.0,21.0,0.0,21.0,0.0,21.0,0.0,21.0,0.0,3.0,0.0,18.0,21.0,21.0,21.0,0.0,16.0,,20.0,6.0,4.0,21.0,21.0,21.0,21.0,21.0,15.0,20.0,20.0,0.0,,5.0,0.0,0.0,15.0,21.0,0.0,13.0,21.0,0.0,0.0,0.0,0.0,0.0,15.0,17.0,0.0,20.0,21.0,20.0,57.0,2354.7544712170393,319.82574398462646,0.13582127049506212,7.741812418218541,57.0,False,60
2201400010892014,22,Querétaro,014,Querétaro,0001,Santiago de Querétaro,0892,014,Urbana,0,Típica,0,0,0,0.0,0.0,,0.0,0.0,0.0,0.0,0.0,0.0,0.0,0.0,0.0,0.0,0.0,0.0,0.0,0.0,0.0,0.0,0.0,0.0,0.0,0.0,0.0,0.0,0.0,0.0,0.0,0.0,0.0,0.0,0.0,0.0,0.0,0.0,0.0,0.0,0.0,0.0,0.0,0.0,0.0,0.0,0.0,0.0,0.0,0.0,0.0,0.0,0.0,0.0,0.0,0.0,0.0,0.0,0.0,0.0,0.0,0.0,0.0,0.0,0.0,0.0,0.0,0.0,0.0,0.0,0.0,0.0,0.0,0.0,0.0,0.0,0.0,0.0,0.0,0.0,0.0,0.0,0.0,0.0,0.0,0.0,0.0,0.0,0.0,0.0,0.0,0.0,0.0,0.0,0.0,0.0,0.0,0.0,0.0,0.0,0.0,0.0,0.0,0.0,0.0,0.0,0.0,0.0,0.0,0.0,0.0,0.0,0.0,0.0,0.0,0.0,0.0,0.0,0.0,0.0,0.0,0.0,0.0,0.0,0.0,0.0,0.0,0.0,4330.748823333047,194.26589102725234,0.0448573442958857,0.0,0.0,False,60
2201400010888026,22,Querétaro,014,Querétaro,0001,Santiago de Querétaro,0888,026,Urbana,20,Típica,10,10,8,5.13,20.0,,0.0,0.0,0.0,0.0,0.0,0.0,,0.0,0.0,0.0,0.0,0.0,3.0,0.0,4.0,4.0,14.0,,13.0,5.0,10.0,20.0,10.0,20.0,0.0,0.0,0.0,2.5,0.83,5.0,0.0,0.0,0.0,0.0,0.0,0.0,18.0,10.0,8.0,0.0,0.0,0.0,3.0,18.0,10.0,8.0,0.0,0.0,0.0,18.0,10.0,8.0,,0.0,,20.0,10.0,10.0,19.0,10.0,9.0,9.0,5.0,4.0,,0.0,,,0.0,,8.0,8.0,8.0,0.0,8.0,0.0,8.0,0.0,8.0,,4.0,,4.0,5.0,8.0,8.0,0.0,,,6.0,0.0,0.0,8.0,8.0,8.0,8.0,8.0,3.0,,5.0,0.0,0.0,6.0,0.0,0.0,,8.0,0.0,4.0,8.0,6.0,,0.0,0.0,0.0,0.0,,0.0,3.0,6.0,8.0,20.0,1775.394439783199,282.4808511533213,0.15910878440501156,3.182175688100231,20.0,False,60
2201400010816049,22,Querétaro,014,Querétaro,0001,Santiago de Querétaro,0816,049,Urbana,32,Contenida,14,18,14,14.67,32.0,,0.0,0.0,0.0,0.0,0.0,0.0,,0.0,0.0,0.0,0.0,0.0,,0.0,,20.0,8.0,5.0,25.0,,18.0,32.0,14.0,32.0,4.0,3.0,,2.29,0.51,0.0,,,0.0,,0.0,,28.0,14.0,14.0,,0.0,,10.0,27.0,14.0,13.0,9.0,5.0,4.0,26.0,14.0,12.0,0.0,0.0,0.0,31.0,17.0,14.0,31.0,17.0,14.0,3.0,3.0,0.0,3.0,3.0,0.0,4.0,3.0,,14.0,15.0,14.0,,14.0,3.0,11.0,,18.0,0.0,4.0,0.0,10.0,14.0,14.0,14.0,0.0,11.0,,13.0,12.0,6.0,14.0,14.0,14.0,14.0,14.0,12.0,14.0,14.0,0.0,,3.0,0.0,0.0,10.0,14.0,0.0,10.0,14.0,0.0,0.0,,0.0,0.0,10.0,8.0,0.0,10.0,14.0,12.0,32.0,594.95819536311,215.6522228500086,0.36246617750746923,11.598917680239015,32.0,True,60
2201400010816027,22,Querétaro,014,Querétaro,0001,Santiago de Querétaro,0816,027,Urbana,30,Típica,11,19,11,12.04,30.0,,0.0,,,0.0,0.0,0.0,,0.0,,,,,,,3.0,15.0,12.0,3.0,23.0,4.0,19.0,30.0,11.0,30.0,0.0,0.0,0.0,2.73,0.65,10.0,,0.0,,0.0,0.0,0.0,27.0,18.0,9.0,0.0,0.0,0.0,11.0,27.0,18.0,9.0,3.0,3.0,0.0,27.0,18.0,9.0,,0.0,,29.0,19.0,10.0,28.0,19.0,9.0,8.0,4.0,4.0,,,0.0,,,0.0,11.0,11.0,11.0,,11.0,,10.0,0.0,12.0,0.0,4.0,0.0,7.0,11.0,11.0,11.0,0.0,11.0,0.0,11.0,4.0,,11.0,11.0,11.0,11.0,11.0,10.0,10.0,11.0,0.0,0.0,0.0,0.0,0.0,9.0,11.0,0.0,11.0,10.0,0.0,0.0,0.0,0.0,0.0,7.0,9.0,0.0,9.0,11.0,11.0,30.0,3532.4173518035645,283.9053299603385,0.08037140056946655,2.411142017083997,30.0,False,60
2201400010731004,22,Querétaro,014,Querétaro,0001,Santiago de Querétaro,0731,004,Urbana,95,Típica,51,44,31,9.7,95.0,,,0.0,5.0,5.0,,4.0,8.0,0.0,,,,4.0,26.0,13.0,33.0,49.0,30.0,21.0,62.0,12.0,44.0,95.0,51.0,95.0,,0.0,,3.06,0.95,22.0,5.0,3.0,,5.0,4.0,,79.0,36.0,43.0,,,0.0,22.0,74.0,32.0,42.0,18.0,8.0,10.0,73.0,31.0,42.0,3.0,,,90.0,41.0,49.0,88.0,40.0,48.0,15.0,5.0,10.0,8.0,3.0,5.0,11.0,6.0,5.0,31.0,31.0,31.0,,31.0,,30.0,0.0,32.0,5.0,16.0,10.0,15.0,16.0,30.0,30.0,,9.0,3.0,27.0,5.0,4.0,31.0,30.0,31.0,31.0,31.0,11.0,18.0,17.0,0.0,5.0,19.0,0.0,0.0,11.0,31.0,0.0,21.0,25.0,10.0,,3.0,0.0,0.0,5.0,15.0,0.0,16.0,20.0,27.0,95.0,8042.0227479507585,523.6519759069432,0.06511446091599013,6.185873787019062,95.0,False,60
2201400010619023,22,Querétaro,014,Querétaro,0001,Santiago de Querétaro,0619,023,Urbana,31,Típica,16,15,11,14.68,31.0,,,,,,,,,0.0,,,,,,3.0,,14.0,17.0,3.0,17.0,11.0,15.0,31.0,16.0,31.0,0.0,0.0,0.0,2.82,0.52,8.0,0.0,0.0,0.0,3.0,,,31.0,15.0,16.0,0.0,0.0,0.0,5.0,28.0,13.0,15.0,4.0,,,28.0,13.0,15.0,0.0,0.0,0.0,31.0,15.0,16.0,31.0,15.0,16.0,12.0,6.0,6.0,0.0,0.0,0.0,3.0,,,11.0,22.0,11.0,11.0,11.0,7.0,11.0,4.0,22.0,0.0,4.0,0.0,7.0,11.0,11.0,11.0,0.0,8.0,,11.0,3.0,,11.0,11.0,11.0,11.0,11.0,10.0,11.0,11.0,0.0,,3.0,0.0,0.0,7.0,11.0,0.0,9.0,11.0,0.0,0.0,0.0,0.0,0.0,7.0,9.0,0.0,10.0,11.0,11.0,31.0,5909.558239307751,649.9501750808236,0.10998286991363318,3.4094689673226286,31.0,False,60
2201400010619009,22,Querétaro,014,Querétaro,0001,Santiago de Querétaro,0619,009,Urbana,123,Típica,61,62,40,14.42,123.0,,,0.0,,0.0,0.0,,8.0,,,7.0,,5.0,13.0,4.0,18.0,72.0,38.0,17.0,85.0,21.0,62.0,123.0,61.0,123.0,19.0,9.0,10.0,3.08,0.56,36.0,,0.0,,4.0,,,110.0,59.0,51.0,3.0,,,30.0,106.0,57.0,49.0,15.0,8.0,7.0,103.0,56.0,47.0,,0.0,,122.0,62.0,60.0,121.0,62.0,59.0,26.0,13.0,13.0,10.0,3.0,7.0,12.0,5.0,7.0,40.0,53.0,40.0,,40.0,11.0,40.0,,53.0,0.0,5.0,0.0,35.0,40.0,40.0,40.0,0.0,36.0,3.0,35.0,24.0,12.0,40.0,40.0,40.0,40.0,40.0,36.0,35.0,40.0,0.0,,3.0,0.0,0.0,34.0,39.0,,30.0,40.0,4.0,,0.0,0.0,0.0,20.0,36.0,0.0,37.0,40.0,39.0,123.0,28835.374391218298,326.7175609949506,0.011330442829084653,1.3936444679774123,123.0,False,60
2201400011053047,22,Querétaro,014,Querétaro,0001,Santiago de Querétaro,1053,047,Urbana,92,Típica,42,50,23,11.02,92.0,,,,,,3.0,5.0,,,0.0,,,5.0,8.0,9.0,10.0,46.0,25.0,26.0,58.0,8.0,50.0,92.0,42.0,92.0,0.0,0.0,0.0,4.0,1.01,19.0,6.0,,5.0,5.0,3.0,,71.0,42.0,29.0,6.0,,4.0,28.0,66.0,39.0,27.0,9.0,7.0,,60.0,37.0,23.0,3.0,,,86.0,49.0,37.0,84.0,49.0,35.0,13.0,5.0,8.0,12.0,6.0,6.0,13.0,7.0,6.0,23.0,21.0,23.0,0.0,23.0,0.0,21.0,0.0,23.0,0.0,,,22.0,21.0,23.0,23.0,0.0,12.0,7.0,21.0,,5.0,23.0,23.0,23.0,23.0,23.0,15.0,20.0,17.0,0.0,3.0,9.0,0.0,0.0,11.0,23.0,0.0,20.0,23.0,3.0,0.0,0.0,0.0,0.0,8.0,20.0,0.0,19.0,23.0,23.0,92.0,2487.751062089616,462.7265769735033,0.18600196137986197,17.112180446947303,92.0,False,60
2201400010996026,22,Querétaro,014,Querétaro,0001,Santiago de Querétaro,0996,026,Urbana,101,Típica,53,48,33,8.8,101.0,,0.0,0.0,,,,0.0,8.0,4.0,,7.0,0.0,4.0,11.0,3.0,18.0,54.0,37.0,16.0,72.0,13.0,48.0,101.0,53.0,101.0,0.0,0.0,0.0,3.06,0.77,28.0,,0.0,,6.0,,4.0,91.0,43.0,48.0,3.0,,,23.0,85.0,41.0,44.0,10.0,6.0,4.0,82.0,40.0,42.0,4.0,,,99.0,48.0,51.0,96.0,46.0,50.0,20.0,10.0,10.0,4.0,3.0,,10.0,5.0,5.0,33.0,33.0,33.0,,33.0,,32.0,0.0,34.0,,13.0,5.0,20.0,27.0,33.0,33.0,0.0,13.0,7.0,31.0,,7.0,33.0,33.0,33.0,32.0,32.0,15.0,26.0,27.0,0.0,,18.0,0.0,0.0,14.0,33.0,0.0,29.0,33.0,7.0,,0.0,0.0,0.0,3.0,22.0,0.0,24.0,29.0,33.0,101.0,3903.2123623594425,561.8113337180773,0.14393563085009023,14.537498715859114,101.0,False,60
2201400010996002,22,Querétaro,014,Querétaro,0001,Santiago de Querétaro,0996,002,Urbana,133,Típica,69,64,38,8.33,133.0,,0.0,,0.0,3.0,,3.0,,,0.0,3.0,0.0,6.0,6.0,8.0,9.0,52.0,19.0,21.0,61.0,6.0,64.0,133.0,69.0,133.0,0.0,0.0,0.0,3.5,1.31,15.0,4.0,,,4.0,,,71.0,33.0,38.0,7.0,,5.0,21.0,67.0,31.0,36.0,7.0,5.0,,60.0,29.0,31.0,4.0,3.0,,84.0,40.0,44.0,82.0,38.0,44.0,9.0,6.0,3.0,9.0,4.0,5.0,11.0,5.0,6.0,38.0,38.0,38.0,0.0,38.0,0.0,38.0,0.0,38.0,8.0,11.0,,12.0,13.0,23.0,23.0,0.0,8.0,3.0,23.0,,3.0,23.0,23.0,23.0,23.0,23.0,9.0,15.0,13.0,0.0,0.0,15.0,0.0,0.0,8.0,23.0,0.0,16.0,20.0,8.0,0.0,,0.0,0.0,,15.0,0.0,11.0,22.0,22.0,133.0,3067.571103033483,558.0178078728043,0.18190867925473264,24.19385434087944,133.0,False,60
2201400010093023,22,Querétaro,014,Querétaro,0001,Santiago de Querétaro,0093,023,Urbana,113,Típica,48,65,33,10.07,113.0,,,0.0,0.0,3.0,,,7.0,,,4.0,3.0,3.0,12.0,4.0,17.0,50.0,45.0,22.0,64.0,27.0,65.0,113.0,48.0,113.0,3.0,3.0,0.0,3.42,0.81,11.0,6.0,3.0,3.0,4.0,,,95.0,56.0,39.0,4.0,4.0,0.0,28.0,91.0,54.0,37.0,10.0,6.0,4.0,87.0,50.0,37.0,4.0,,,107.0,62.0,45.0,104.0,60.0,44.0,33.0,20.0,13.0,8.0,4.0,4.0,10.0,5.0,5.0,33.0,32.0,33.0,,33.0,,30.0,0.0,35.0,0.0,4.0,3.0,29.0,30.0,33.0,33.0,0.0,15.0,4.0,29.0,11.0,0.0,33.0,33.0,33.0,33.0,33.0,26.0,27.0,29.0,0.0,,18.0,0.0,0.0,16.0,33.0,0.0,27.0,33.0,5.0,,,,0.0,5.0,22.0,0.0,26.0,32.0,31.0,113.0,5464.422835794777,510.5289567726508,0.09342779139059736,10.5573404271375,113.0,False,60
2201400010125002,22,Querétaro,014,Querétaro,0001,Santiago de Querétaro,0125,002,Urbana,0,Típica,0,0,0,0.0,0.0,,0.0,0.0,0.0,0.0,0.0,0.0,0.0,0.0,0.0,0.0,0.0,0.0,0.0,0.0,0.0,0.0,0.0,0.0,0.0,0.0,0.0,0.0,0.0,0.0,0.0,0.0,0.0,0.0,0.0,0.0,0.0,0.0,0.0,0.0,0.0,0.0,0.0,0.0,0.0,0.0,0.0,0.0,0.0,0.0,0.0,0.0,0.0,0.0,0.0,0.0,0.0,0.0,0.0,0.0,0.0,0.0,0.0,0.0,0.0,0.0,0.0,0.0,0.0,0.0,0.0,0.0,0.0,0.0,0.0,0.0,0.0,0.0,0.0,0.0,0.0,0.0,0.0,0.0,0.0,0.0,0.0,0.0,0.0,0.0,0.0,0.0,0.0,0.0,0.0,0.0,0.0,0.0,0.0,0.0,0.0,0.0,0.0,0.0,0.0,0.0,0.0,0.0,0.0,0.0,0.0,0.0,0.0,0.0,0.0,0.0,0.0,0.0,0.0,0.0,0.0,0.0,0.0,0.0,0.0,0.0,0.0,0.0,1329463.3592967975,3296.430038102206,0.0024795192850187386,0.0,0.0,False,60
2201400010125001,22,Querétaro,014,Querétaro,0001,Santiago de Querétaro,0125,001,Urbana,0,Típica,0,0,0,0.0,0.0,,0.0,0.0,0.0,0.0,0.0,0.0,0.0,0.0,0.0,0.0,0.0,0.0,0.0,0.0,0.0,0.0,0.0,0.0,0.0,0.0,0.0,0.0,0.0,0.0,0.0,0.0,0.0,0.0,0.0,0.0,0.0,0.0,0.0,0.0,0.0,0.0,0.0,0.0,0.0,0.0,0.0,0.0,0.0,0.0,0.0,0.0,0.0,0.0,0.0,0.0,0.0,0.0,0.0,0.0,0.0,0.0,0.0,0.0,0.0,0.0,0.0,0.0,0.0,0.0,0.0,0.0,0.0,0.0,0.0,0.0,0.0,0.0,0.0,0.0,0.0,0.0,0.0,0.0,0.0,0.0,0.0,0.0,0.0,0.0,0.0,0.0,0.0,0.0,0.0,0.0,0.0,0.0,0.0,0.0,0.0,0.0,0.0,0.0,0.0,0.0,0.0,0.0,0.0,0.0,0.0,0.0,0.0,0.0,0.0,0.0,0.0,0.0,0.0,0.0,0.0,0.0,0.0,0.0,0.0,0.0,0.0,0.0,818372.6563381357,681.8454810458827,0.0008331723644052904,0.0,0.0,False,60
2201400010106046,22,Querétaro,014,Querétaro,0001,Santiago de Querétaro,0106,046,Urbana,0,Típica,0,0,0,0.0,0.0,,0.0,0.0,0.0,0.0,0.0,0.0,0.0,0.0,0.0,0.0,0.0,0.0,0.0,0.0,0.0,0.0,0.0,0.0,0.0,0.0,0.0,0.0,0.0,0.0,0.0,0.0,0.0,0.0,0.0,0.0,0.0,0.0,0.0,0.0,0.0,0.0,0.0,0.0,0.0,0.0,0.0,0.0,0.0,0.0,0.0,0.0,0.0,0.0,0.0,0.0,0.0,0.0,0.0,0.0,0.0,0.0,0.0,0.0,0.0,0.0,0.0,0.0,0.0,0.0,0.0,0.0,0.0,0.0,0.0,0.0,0.0,0.0,0.0,0.0,0.0,0.0,0.0,0.0,0.0,0.0,0.0,0.0,0.0,0.0,0.0,0.0,0.0,0.0,0.0,0.0,0.0,0.0,0.0,0.0,0.0,0.0,0.0,0.0,0.0,0.0,0.0,0.0,0.0,0.0,0.0,0.0,0.0,0.0,0.0,0.0,0.0,0.0,0.0,0.0,0.0,0.0,0.0,0.0,0.0,0.0,0.0,0.0,583.2449875825998,161.72957972361596,0.2772927040383894,0.0,0.0,False,60
2201400010106008,22,Querétaro,014,Querétaro,0001,Santiago de Querétaro,0106,008,Urbana,61,Típica,30,31,18,11.38,61.0,,,0.0,0.0,0.0,0.0,0.0,,0.0,0.0,,0.0,0.0,,,,39.0,16.0,5.0,40.0,13.0,31.0,61.0,30.0,61.0,0.0,0.0,0.0,3.39,0.84,0.0,,,,,,,55.0,28.0,27.0,,0.0,,12.0,53.0,27.0,26.0,5.0,3.0,,51.0,27.0,24.0,0.0,0.0,0.0,56.0,28.0,28.0,56.0,28.0,28.0,20.0,11.0,9.0,,0.0,,,,,18.0,19.0,18.0,,18.0,,18.0,0.0,19.0,0.0,,0.0,16.0,17.0,17.0,17.0,0.0,12.0,0.0,16.0,,5.0,17.0,17.0,17.0,17.0,17.0,11.0,13.0,14.0,0.0,,5.0,0.0,0.0,9.0,17.0,0.0,12.0,16.0,3.0,,,,,6.0,9.0,0.0,13.0,17.0,14.0,61.0,6284.212286912936,533.9531790416854,0.08496739999596437,5.183011399753826,61.0,False,60
2201400010093022,22,Querétaro,014,Querétaro,0001,Santiago de Querétaro,0093,022,Urbana,129,Típica,56,73,35,10.02,129.0,,,,,,,,6.0,0.0,,5.0,,,18.0,4.0,21.0,61.0,47.0,25.0,80.0,24.0,73.0,129.0,56.0,129.0,,,0.0,3.69,0.76,14.0,3.0,,,4.0,,,108.0,62.0,46.0,4.0,,3.0,34.0,104.0,60.0,44.0,5.0,4.0,,100.0,59.0,41.0,5.0,3.0,,126.0,71.0,55.0,123.0,69.0,54.0,28.0,18.0,10.0,13.0,6.0,7.0,13.0,7.0,6.0,35.0,35.0,35.0,3.0,35.0,3.0,32.0,0.0,38.0,,,0.0,34.0,34.0,35.0,35.0,0.0,16.0,3.0,31.0,19.0,3.0,35.0,35.0,35.0,35.0,35.0,23.0,27.0,32.0,0.0,3.0,19.0,0.0,0.0,20.0,35.0,0.0,27.0,35.0,6.0,0.0,0.0,0.0,0.0,4.0,23.0,0.0,30.0,32.0,35.0,129.0,5560.5606122955705,10.481831713682103,0.0018850314643643242,0.24316905890299784,129.0,False,60
2201400010093012,22,Querétaro,014,Querétaro,0001,Santiago de Querétaro,0093,012,Urbana,106,Típica,51,55,32,10.11,106.0,,3.0,0.0,0.0,0.0,0.0,0.0,6.0,,,4.0,0.0,,14.0,3.0,19.0,52.0,38.0,21.0,65.0,20.0,55.0,106.0,51.0,106.0,,,0.0,3.31,0.82,13.0,,0.0,,5.0,4.0,,90.0,47.0,43.0,,0.0,,28.0,85.0,43.0,42.0,15.0,7.0,8.0,83.0,43.0,40.0,4.0,,,105.0,55.0,50.0,102.0,54.0,48.0,21.0,13.0,8.0,11.0,6.0,5.0,12.0,9.0,3.0,32.0,34.0,32.0,3.0,32.0,3.0,31.0,0.0,35.0,,5.0,,27.0,30.0,32.0,32.0,0.0,12.0,,25.0,15.0,3.0,32.0,32.0,32.0,32.0,32.0,19.0,21.0,26.0,0.0,3.0,18.0,0.0,0.0,14.0,32.0,0.0,25.0,31.0,10.0,,3.0,0.0,0.0,4.0,16.0,0.0,19.0,32.0,28.0,106.0,5565.466847302856,28.09550521285698,0.005048184812469535,0.5351075901217707,106.0,False,60
2201400013435008,22,Querétaro,014,Querétaro,0001,Santiago de Querétaro,3435,008,Urbana,23,Típica,12,11,8,12.32,23.0,,0.0,0.0,0.0,,0.0,0.0,,0.0,0.0,,,0.0,,,,12.0,10.0,4.0,15.0,4.0,11.0,23.0,12.0,23.0,0.0,0.0,0.0,2.88,0.77,0.0,0.0,0.0,0.0,3.0,,,22.0,10.0,12.0,,,0.0,3.0,19.0,8.0,11.0,,0.0,,18.0,7.0,11.0,0.0,0.0,0.0,23.0,11.0,12.0,23.0,11.0,12.0,5.0,3.0,,,,0.0,4.0,3.0,,8.0,8.0,8.0,0.0,8.0,0.0,8.0,0.0,8.0,0.0,,,6.0,7.0,8.0,8.0,0.0,7.0,,8.0,,3.0,8.0,8.0,8.0,8.0,8.0,6.0,6.0,7.0,0.0,,,0.0,0.0,6.0,8.0,0.0,6.0,8.0,,0.0,0.0,0.0,0.0,3.0,6.0,0.0,7.0,8.0,7.0,23.0,1128.5808473401894,471.37051160276314,0.41766658783345223,9.606331520169402,23.0,True,60
2201400013435006,22,Querétaro,014,Querétaro,0001,Santiago de Querétaro,3435,006,Urbana,59,Típica,34,25,14,11.63,59.0,,0.0,0.0,,,,0.0,,0.0,0.0,0.0,,0.0,4.0,,6.0,28.0,14.0,19.0,39.0,,25.0,59.0,34.0,59.0,,0.0,,4.21,1.07,,,0.0,,,,,42.0,21.0,21.0,4.0,,,17.0,40.0,20.0,20.0,6.0,,4.0,36.0,18.0,18.0,4.0,3.0,,57.0,25.0,32.0,55.0,23.0,32.0,,,,11.0,,10.0,11.0,,9.0,14.0,18.0,14.0,4.0,14.0,4.0,14.0,0.0,18.0,0.0,0.0,0.0,14.0,14.0,14.0,14.0,0.0,9.0,0.0,14.0,,3.0,14.0,14.0,14.0,14.0,14.0,7.0,13.0,13.0,0.0,0.0,5.0,0.0,0.0,8.0,14.0,0.0,14.0,14.0,,0.0,0.0,0.0,0.0,4.0,11.0,0.0,14.0,14.0,14.0,59.0,2278.3045220219196,69.1911998469628,0.030369601244331426,1.791806473415554,59.0,False,60
2201400012865026,22,Querétaro,014,Querétaro,0001,Santiago de Querétaro,2865,026,Urbana,78,Típica,49,29,22,10.52,78.0,,0.0,0.0,,0.0,0.0,,,,,,,3.0,,,5.0,44.0,24.0,13.0,58.0,7.0,29.0,78.0,49.0,78.0,,,,3.55,1.07,19.0,4.0,,3.0,3.0,0.0,3.0,68.0,26.0,42.0,5.0,0.0,5.0,19.0,65.0,26.0,39.0,14.0,9.0,5.0,60.0,26.0,34.0,,0.0,,74.0,28.0,46.0,74.0,28.0,46.0,9.0,,7.0,5.0,,3.0,7.0,,5.0,22.0,24.0,22.0,,22.0,,22.0,0.0,24.0,3.0,10.0,8.0,12.0,11.0,22.0,22.0,0.0,10.0,4.0,20.0,,3.0,22.0,22.0,22.0,22.0,22.0,6.0,13.0,17.0,0.0,,12.0,0.0,0.0,11.0,22.0,0.0,13.0,20.0,8.0,,4.0,,,3.0,11.0,0.0,13.0,16.0,18.0,78.0,12025.037028831735,63.66977242666407,0.005294767265498371,0.41299184670887296,78.0,False,60
2201400012865012,22,Querétaro,014,Querétaro,0001,Santiago de Querétaro,2865,012,Urbana,103,Típica,52,51,26,9.08,103.0,,,,,5.0,0.0,5.0,,0.0,,,,3.0,5.0,7.0,6.0,53.0,31.0,24.0,69.0,10.0,51.0,103.0,52.0,103.0,,,0.0,3.96,1.18,25.0,,,0.0,6.0,3.0,3.0,85.0,42.0,43.0,3.0,3.0,0.0,23.0,79.0,39.0,40.0,11.0,4.0,7.0,76.0,36.0,40.0,5.0,,3.0,101.0,49.0,52.0,97.0,47.0,50.0,15.0,8.0,7.0,11.0,5.0,6.0,11.0,6.0,5.0,26.0,30.0,26.0,4.0,26.0,4.0,26.0,0.0,30.0,4.0,7.0,3.0,19.0,19.0,26.0,26.0,0.0,13.0,,24.0,3.0,,26.0,26.0,26.0,26.0,26.0,16.0,17.0,20.0,0.0,,13.0,0.0,0.0,11.0,25.0,,18.0,22.0,8.0,,0.0,0.0,0.0,,16.0,0.0,16.0,26.0,23.0,103.0,9818.873632212497,234.42887154131157,0.023875332377455954,2.4591592348779634,103.0,False,60
2201400012850015,22,Querétaro,014,Querétaro,0001,Santiago de Querétaro,2850,015,Urbana,79,Típica,38,41,21,10.95,79.0,,,,,,,,4.0,0.0,,,,,3.0,4.0,7.0,47.0,23.0,14.0,59.0,6.0,41.0,79.0,38.0,79.0,0.0,0.0,0.0,3.76,0.89,15.0,0.0,0.0,0.0,5.0,,4.0,70.0,35.0,35.0,4.0,,,25.0,65.0,34.0,31.0,13.0,7.0,6.0,61.0,32.0,29.0,,,,79.0,41.0,38.0,78.0,41.0,37.0,8.0,4.0,4.0,7.0,5.0,,10.0,5.0,5.0,21.0,25.0,21.0,,21.0,,21.0,3.0,25.0,0.0,,,19.0,19.0,21.0,21.0,0.0,16.0,,21.0,,7.0,21.0,21.0,21.0,21.0,21.0,15.0,18.0,19.0,0.0,,5.0,0.0,0.0,12.0,21.0,0.0,15.0,19.0,3.0,0.0,,0.0,0.0,7.0,14.0,0.0,14.0,21.0,19.0,79.0,11826.436304935556,610.9999865591094,0.05166391386254871,4.0814491951413485,79.0,False,60
2201400012812016,22,Querétaro,014,Querétaro,0001,Santiago de Querétaro,2812,016,Urbana,110,Típica,47,63,36,12.22,110.0,,,,5.0,10.0,7.0,7.0,4.0,0.0,0.0,5.0,3.0,5.0,11.0,15.0,17.0,65.0,27.0,16.0,83.0,11.0,63.0,110.0,47.0,110.0,0.0,0.0,0.0,3.06,0.73,19.0,,0.0,,3.0,3.0,0.0,97.0,59.0,38.0,4.0,,,34.0,94.0,56.0,38.0,16.0,12.0,4.0,90.0,54.0,36.0,5.0,3.0,,109.0,63.0,46.0,105.0,60.0,45.0,17.0,10.0,7.0,7.0,,6.0,10.0,4.0,6.0,36.0,34.0,36.0,,36.0,,33.0,0.0,37.0,,9.0,0.0,27.0,35.0,36.0,36.0,0.0,20.0,,35.0,6.0,5.0,36.0,36.0,36.0,36.0,36.0,20.0,33.0,30.0,0.0,3.0,15.0,0.0,0.0,18.0,36.0,0.0,21.0,35.0,,0.0,4.0,0.0,0.0,8.0,23.0,0.0,25.0,36.0,32.0,110.0,4041.5861825226816,169.15286573385754,0.041853088885086084,4.603839777359469,110.0,False,60
2201400010888041,22,Querétaro,014,Querétaro,0001,Santiago de Querétaro,0888,041,Urbana,27,Típica,11,16,7,13.16,27.0,,,,0.0,0.0,0.0,0.0,,0.0,0.0,0.0,0.0,0.0,,,,14.0,6.0,8.0,17.0,,16.0,27.0,11.0,27.0,0.0,0.0,0.0,3.86,0.68,3.0,,,,,0.0,,20.0,11.0,9.0,0.0,0.0,0.0,6.0,19.0,11.0,8.0,,,,19.0,11.0,8.0,3.0,,,25.0,15.0,10.0,23.0,14.0,9.0,4.0,3.0,,,,0.0,,,,7.0,8.0,7.0,,7.0,0.0,7.0,,8.0,0.0,0.0,0.0,7.0,7.0,7.0,7.0,0.0,4.0,,7.0,,,7.0,7.0,7.0,7.0,7.0,3.0,7.0,6.0,0.0,,3.0,0.0,0.0,5.0,7.0,0.0,7.0,7.0,0.0,0.0,0.0,0.0,0.0,0.0,7.0,0.0,5.0,6.0,7.0,27.0,2812.348669177908,485.33818718971764,0.17257397438262495,4.659497308330874,27.0,False,60
2201400011778004,22,Querétaro,014,Querétaro,0001,Santiago de Querétaro,1778,004,Urbana,131,Típica,63,68,39,13.06,131.0,,,0.0,,,0.0,,10.0,,,7.0,0.0,7.0,23.0,4.0,33.0,87.0,21.0,25.0,94.0,12.0,68.0,131.0,63.0,131.0,0.0,0.0,0.0,3.36,0.74,16.0,3.0,0.0,3.0,,,,108.0,57.0,51.0,4.0,,,37.0,106.0,56.0,50.0,13.0,6.0,7.0,102.0,54.0,48.0,5.0,3.0,,128.0,68.0,60.0,125.0,67.0,58.0,15.0,9.0,6.0,15.0,8.0,7.0,14.0,6.0,8.0,39.0,39.0,39.0,,39.0,,38.0,0.0,40.0,0.0,4.0,0.0,35.0,39.0,39.0,39.0,0.0,27.0,6.0,39.0,8.0,9.0,39.0,39.0,39.0,39.0,39.0,25.0,37.0,35.0,0.0,6.0,10.0,0.0,0.0,26.0,39.0,0.0,35.0,39.0,,0.0,0.0,0.0,0.0,18.0,34.0,0.0,32.0,39.0,39.0,131.0,5098.219935473292,651.089766188579,0.12770923467979717,16.72990974305343,131.0,False,60
2201400011922027,22,Querétaro,014,Querétaro,0001,Santiago de Querétaro,1922,027,Urbana,110,Típica,49,61,35,10.33,110.0,,,,4.0,3.0,3.0,4.0,,0.0,0.0,,5.0,,16.0,6.0,17.0,76.0,21.0,13.0,91.0,6.0,61.0,110.0,49.0,110.0,,0.0,,3.14,0.74,15.0,4.0,,3.0,0.0,0.0,0.0,97.0,56.0,41.0,,,0.0,34.0,97.0,56.0,41.0,17.0,11.0,6.0,96.0,55.0,41.0,3.0,,,106.0,60.0,46.0,104.0,60.0,44.0,13.0,8.0,5.0,6.0,3.0,3.0,5.0,3.0,,35.0,42.0,35.0,,35.0,,35.0,6.0,42.0,0.0,4.0,,31.0,33.0,35.0,35.0,0.0,17.0,4.0,32.0,,0.0,35.0,35.0,35.0,35.0,35.0,23.0,31.0,32.0,0.0,,17.0,0.0,0.0,16.0,35.0,0.0,20.0,35.0,,0.0,,0.0,0.0,8.0,27.0,0.0,30.0,35.0,33.0,110.0,3630.0008489897637,5.528942922587902,0.001523124415832194,0.16754368574154135,110.0,False,60
2201400012808028,22,Querétaro,014,Querétaro,0001,Santiago de Querétaro,2808,028,Urbana,136,Típica,66,70,43,10.63,136.0,,0.0,0.0,0.0,0.0,0.0,0.0,,0.0,0.0,,0.0,,,0.0,4.0,66.0,51.0,24.0,95.0,17.0,70.0,136.0,66.0,136.0,0.0,0.0,0.0,3.16,0.82,7.0,6.0,4.0,,5.0,3.0,,117.0,57.0,60.0,,,,25.0,112.0,54.0,58.0,6.0,4.0,,110.0,53.0,57.0,,,,130.0,66.0,64.0,129.0,65.0,64.0,39.0,19.0,20.0,11.0,8.0,3.0,11.0,7.0,4.0,43.0,45.0,43.0,3.0,43.0,3.0,42.0,0.0,46.0,,12.0,0.0,31.0,42.0,43.0,43.0,0.0,26.0,4.0,41.0,,3.0,43.0,43.0,43.0,43.0,43.0,32.0,38.0,39.0,0.0,,16.0,0.0,0.0,23.0,43.0,0.0,34.0,43.0,4.0,0.0,,0.0,0.0,11.0,35.0,0.0,36.0,43.0,42.0,136.0,4683.208783288894,63.80007819564481,0.013623154795767978,1.852749052224445,136.0,False,60
2201400014077023,22,Querétaro,014,Querétaro,0001,Santiago de Querétaro,4077,023,Urbana,42,Típica,19,23,13,14.28,42.0,,0.0,0.0,0.0,0.0,0.0,0.0,0.0,0.0,0.0,0.0,0.0,0.0,4.0,0.0,4.0,23.0,10.0,10.0,31.0,,23.0,42.0,19.0,42.0,0.0,0.0,0.0,3.23,0.82,4.0,3.0,,,,,0.0,33.0,20.0,13.0,,,0.0,16.0,32.0,19.0,13.0,7.0,5.0,,31.0,18.0,13.0,3.0,,,39.0,22.0,17.0,37.0,22.0,15.0,,,0.0,3.0,,,3.0,,,13.0,14.0,13.0,3.0,13.0,3.0,11.0,0.0,16.0,0.0,3.0,,10.0,12.0,13.0,13.0,0.0,13.0,0.0,13.0,0.0,8.0,13.0,13.0,13.0,13.0,13.0,11.0,13.0,11.0,0.0,,0.0,0.0,0.0,12.0,13.0,0.0,10.0,12.0,0.0,0.0,0.0,0.0,0.0,13.0,13.0,0.0,12.0,,13.0,42.0,1526.059393954159,226.28453866222748,0.14828029600860004,6.227772432361202,42.0,False,60
2201400014062013,22,Querétaro,014,Querétaro,0001,Santiago de Querétaro,4062,013,Urbana,699,Típica,326,373,251,13.91,699.0,,,,0.0,3.0,,4.0,3.0,3.0,3.0,4.0,5.0,4.0,84.0,9.0,89.0,417.0,121.0,195.0,490.0,14.0,373.0,699.0,326.0,699.0,20.0,9.0,11.0,2.78,0.77,60.0,24.0,14.0,10.0,36.0,21.0,15.0,540.0,287.0,253.0,27.0,11.0,16.0,214.0,504.0,266.0,238.0,53.0,28.0,25.0,477.0,255.0,222.0,52.0,30.0,22.0,675.0,359.0,316.0,643.0,338.0,305.0,27.0,16.0,11.0,83.0,42.0,41.0,91.0,48.0,43.0,251.0,150.0,251.0,8.0,251.0,5.0,142.0,3.0,259.0,3.0,39.0,29.0,212.0,219.0,251.0,251.0,0.0,218.0,21.0,249.0,0.0,92.0,251.0,251.0,251.0,251.0,251.0,212.0,244.0,231.0,0.0,24.0,30.0,0.0,0.0,215.0,250.0,,196.0,250.0,4.0,,0.0,0.0,0.0,191.0,221.0,0.0,201.0,10.0,245.0,699.0,20040.55895559835,451.0960836879095,0.022509156789855673,15.733900596109116,699.0,False,60
2201400014062020,22,Querétaro,014,Querétaro,0001,Santiago de Querétaro,4062,020,Urbana,96,Típica,40,56,31,13.43,96.0,,0.0,0.0,0.0,0.0,0.0,0.0,0.0,0.0,0.0,,,3.0,8.0,0.0,10.0,54.0,21.0,29.0,66.0,,56.0,96.0,40.0,96.0,6.0,3.0,3.0,3.1,0.79,,,,0.0,8.0,5.0,3.0,75.0,44.0,31.0,7.0,4.0,3.0,34.0,67.0,39.0,28.0,5.0,4.0,,60.0,35.0,25.0,7.0,4.0,3.0,94.0,54.0,40.0,92.0,53.0,39.0,4.0,,,12.0,6.0,6.0,18.0,10.0,8.0,31.0,24.0,31.0,,31.0,,22.0,0.0,33.0,0.0,8.0,,23.0,29.0,31.0,31.0,0.0,27.0,4.0,31.0,0.0,10.0,31.0,31.0,31.0,31.0,31.0,27.0,30.0,28.0,0.0,3.0,4.0,0.0,0.0,28.0,31.0,0.0,25.0,31.0,,0.0,0.0,0.0,0.0,25.0,28.0,0.0,27.0,5.0,31.0,96.0,3500.121650566354,4.919251867345057,0.0014054516838147822,0.1349233616462191,96.0,False,60
2201400014113009,22,Querétaro,014,Querétaro,0001,Santiago de Querétaro,4113,009,Urbana,50,Típica,28,22,16,6.93,50.0,,,,,4.0,,,0.0,0.0,0.0,,,,,5.0,,32.0,11.0,8.0,39.0,3.0,22.0,50.0,28.0,50.0,0.0,0.0,0.0,3.13,1.07,8.0,,,,,,0.0,43.0,18.0,25.0,3.0,,,12.0,42.0,17.0,25.0,10.0,,8.0,39.0,16.0,23.0,,,,48.0,21.0,27.0,46.0,20.0,26.0,4.0,,3.0,3.0,,,4.0,3.0,,16.0,16.0,16.0,,15.0,,13.0,,19.0,0.0,8.0,6.0,7.0,9.0,13.0,15.0,0.0,3.0,3.0,15.0,0.0,0.0,15.0,15.0,15.0,15.0,15.0,4.0,7.0,7.0,0.0,,12.0,0.0,0.0,4.0,14.0,,6.0,14.0,8.0,0.0,,0.0,0.0,0.0,8.0,0.0,7.0,11.0,13.0,50.0,3506.2156751594525,104.69183759221852,0.029858926914830313,1.4929463457415157,50.0,False,60
2201400014113007,22,Querétaro,014,Querétaro,0001,Santiago de Querétaro,4113,007,Urbana,89,Típica,51,38,23,6.59,89.0,,,,,,,3.0,0.0,0.0,0.0,0.0,,,5.0,4.0,5.0,52.0,15.0,30.0,58.0,,38.0,89.0,51.0,89.0,9.0,4.0,5.0,3.87,1.24,8.0,5.0,,3.0,8.0,,7.0,67.0,30.0,37.0,5.0,4.0,,24.0,59.0,29.0,30.0,10.0,5.0,5.0,54.0,25.0,29.0,4.0,,3.0,84.0,36.0,48.0,81.0,35.0,46.0,,,,13.0,5.0,8.0,17.0,5.0,12.0,23.0,22.0,23.0,,22.0,,19.0,,26.0,5.0,9.0,4.0,13.0,13.0,22.0,22.0,0.0,9.0,3.0,20.0,0.0,,22.0,22.0,22.0,22.0,22.0,11.0,14.0,14.0,0.0,,13.0,0.0,0.0,7.0,22.0,0.0,14.0,20.0,8.0,0.0,,0.0,0.0,3.0,14.0,0.0,9.0,21.0,19.0,89.0,5648.530228993016,322.43028804451524,0.057082156768769925,5.080311952420523,89.0,False,60
2201400013191023,22,Querétaro,014,Querétaro,0001,Santiago de Querétaro,3191,023,Urbana,158,Típica,78,80,52,12.72,158.0,,,,,,,,,0.0,0.0,,,,,3.0,3.0,77.0,54.0,34.0,121.0,3.0,80.0,158.0,78.0,158.0,0.0,0.0,0.0,3.04,0.92,29.0,5.0,3.0,,7.0,3.0,4.0,131.0,66.0,65.0,9.0,6.0,3.0,51.0,124.0,63.0,61.0,22.0,12.0,10.0,115.0,57.0,58.0,12.0,8.0,4.0,153.0,77.0,76.0,146.0,72.0,74.0,7.0,3.0,4.0,10.0,3.0,7.0,12.0,5.0,7.0,52.0,61.0,52.0,,52.0,10.0,49.0,,64.0,,23.0,6.0,29.0,45.0,52.0,52.0,0.0,30.0,10.0,52.0,3.0,9.0,52.0,52.0,52.0,52.0,52.0,34.0,47.0,40.0,0.0,6.0,20.0,0.0,0.0,34.0,52.0,0.0,25.0,48.0,4.0,0.0,3.0,0.0,0.0,13.0,33.0,0.0,31.0,52.0,48.0,158.0,7695.096643734376,458.6258792386427,0.059599755593982354,9.416761383849211,158.0,False,60
2201400014062026,22,Querétaro,014,Querétaro,0001,Santiago de Querétaro,4062,026,Urbana,0,Típica,0,0,0,0.0,0.0,,0.0,0.0,0.0,0.0,0.0,0.0,0.0,0.0,0.0,0.0,0.0,0.0,0.0,0.0,0.0,0.0,0.0,0.0,0.0,0.0,0.0,0.0,0.0,0.0,0.0,0.0,0.0,0.0,0.0,0.0,0.0,0.0,0.0,0.0,0.0,0.0,0.0,0.0,0.0,0.0,0.0,0.0,0.0,0.0,0.0,0.0,0.0,0.0,0.0,0.0,0.0,0.0,0.0,0.0,0.0,0.0,0.0,0.0,0.0,0.0,0.0,0.0,0.0,0.0,0.0,0.0,0.0,0.0,0.0,0.0,,,,,,,,,1.0,0.0,0.0,0.0,0.0,0.0,0.0,0.0,0.0,0.0,0.0,0.0,0.0,0.0,0.0,0.0,0.0,0.0,0.0,0.0,0.0,0.0,0.0,0.0,0.0,0.0,0.0,0.0,0.0,0.0,0.0,0.0,0.0,0.0,0.0,0.0,0.0,0.0,0.0,0.0,0.0,0.0,0.0,0.0,6874.371000227483,758.1962963119372,0.11029318846580252,0.0,0.0,False,60
2201400014062012,22,Querétaro,014,Querétaro,0001,Santiago de Querétaro,4062,012,Urbana,220,Típica,91,129,78,12.17,220.0,,,0.0,,3.0,,8.0,3.0,0.0,,5.0,6.0,3.0,22.0,13.0,27.0,129.0,42.0,62.0,150.0,8.0,129.0,220.0,91.0,220.0,4.0,,,2.82,1.15,28.0,9.0,9.0,0.0,13.0,9.0,4.0,171.0,92.0,79.0,5.0,4.0,,66.0,158.0,83.0,75.0,20.0,13.0,7.0,153.0,79.0,74.0,13.0,10.0,3.0,211.0,120.0,91.0,203.0,114.0,89.0,18.0,9.0,9.0,27.0,18.0,9.0,35.0,22.0,13.0,78.0,94.0,78.0,,78.0,21.0,71.0,,101.0,0.0,51.0,49.0,27.0,29.0,78.0,78.0,0.0,53.0,3.0,77.0,,14.0,78.0,78.0,78.0,78.0,78.0,52.0,68.0,60.0,0.0,9.0,21.0,0.0,0.0,41.0,78.0,0.0,46.0,77.0,7.0,0.0,0.0,0.0,0.0,27.0,63.0,0.0,54.0,9.0,74.0,220.0,8905.379697859917,323.08272527942154,0.036279500284200426,7.981490062524093,220.0,False,60
2201400014058008,22,Querétaro,014,Querétaro,0001,Santiago de Querétaro,4058,008,Urbana,126,Típica,65,61,38,11.51,126.0,,,,,,,,,0.0,,0.0,0.0,,8.0,3.0,10.0,59.0,26.0,51.0,75.0,0.0,61.0,126.0,65.0,126.0,,0.0,,3.32,1.13,40.0,9.0,4.0,5.0,10.0,5.0,5.0,85.0,42.0,43.0,4.0,,,34.0,75.0,37.0,38.0,10.0,5.0,5.0,71.0,35.0,36.0,9.0,3.0,6.0,117.0,57.0,60.0,110.0,55.0,55.0,,,,23.0,12.0,11.0,25.0,11.0,14.0,38.0,41.0,38.0,6.0,38.0,3.0,35.0,3.0,44.0,,23.0,19.0,15.0,18.0,38.0,38.0,0.0,21.0,0.0,38.0,,8.0,38.0,38.0,38.0,38.0,38.0,26.0,34.0,31.0,0.0,3.0,16.0,0.0,0.0,19.0,38.0,0.0,23.0,36.0,3.0,0.0,0.0,0.0,0.0,11.0,35.0,0.0,22.0,3.0,37.0,126.0,3605.5193280549497,478.0049017974181,0.1325758811159348,16.704561020607784,126.0,False,60
2201400014058005,22,Querétaro,014,Querétaro,0001,Santiago de Querétaro,4058,005,Urbana,109,Típica,51,58,35,12.01,109.0,,0.0,0.0,0.0,0.0,,,,0.0,0.0,3.0,0.0,3.0,8.0,,14.0,65.0,26.0,28.0,80.0,,58.0,109.0,51.0,109.0,4.0,,3.0,3.11,1.04,23.0,6.0,3.0,3.0,10.0,6.0,4.0,91.0,47.0,44.0,8.0,4.0,4.0,37.0,81.0,41.0,40.0,9.0,5.0,4.0,73.0,37.0,36.0,5.0,3.0,,103.0,55.0,48.0,98.0,52.0,46.0,,0.0,,7.0,5.0,,16.0,10.0,6.0,35.0,36.0,35.0,3.0,35.0,3.0,33.0,0.0,38.0,,19.0,13.0,16.0,21.0,35.0,35.0,0.0,22.0,,35.0,,5.0,35.0,35.0,35.0,35.0,35.0,22.0,31.0,25.0,0.0,,13.0,0.0,0.0,24.0,35.0,0.0,26.0,34.0,,0.0,,0.0,0.0,12.0,31.0,0.0,22.0,8.0,34.0,109.0,3642.662766231313,388.3343611218233,0.10660727770954014,11.620193270339875,109.0,False,60
2201400014058004,22,Querétaro,014,Querétaro,0001,Santiago de Querétaro,4058,004,Urbana,40,Típica,19,21,14,13.7,40.0,,0.0,0.0,0.0,0.0,0.0,0.0,,0.0,0.0,0.0,0.0,,5.0,0.0,5.0,22.0,12.0,7.0,29.0,4.0,21.0,40.0,19.0,40.0,0.0,0.0,0.0,2.86,0.54,6.0,,0.0,,,0.0,,34.0,19.0,15.0,5.0,3.0,,14.0,33.0,19.0,14.0,,,,28.0,16.0,12.0,,,0.0,38.0,21.0,17.0,37.0,20.0,17.0,5.0,4.0,,3.0,,,3.0,,,14.0,18.0,14.0,,14.0,,14.0,3.0,18.0,0.0,3.0,0.0,11.0,14.0,14.0,14.0,0.0,12.0,0.0,13.0,0.0,8.0,14.0,14.0,14.0,14.0,14.0,12.0,14.0,14.0,0.0,,,0.0,0.0,14.0,14.0,0.0,13.0,13.0,0.0,0.0,0.0,0.0,0.0,11.0,12.0,0.0,13.0,,14.0,40.0,2161.1102449440796,222.2730258849329,0.10285131284021301,4.11405251360852,40.0,False,60
2201400014077010,22,Querétaro,014,Querétaro,0001,Santiago de Querétaro,4077,010,Urbana,222,Típica,104,118,79,11.57,222.0,,,0.0,,,0.0,4.0,0.0,,0.0,5.0,3.0,,27.0,8.0,30.0,131.0,47.0,55.0,165.0,,118.0,222.0,104.0,222.0,0.0,0.0,0.0,2.81,1.14,39.0,11.0,3.0,8.0,11.0,4.0,7.0,178.0,97.0,81.0,16.0,9.0,7.0,82.0,167.0,93.0,74.0,18.0,8.0,10.0,151.0,84.0,67.0,9.0,4.0,5.0,211.0,115.0,96.0,205.0,113.0,92.0,7.0,5.0,,24.0,14.0,10.0,29.0,14.0,15.0,79.0,73.0,79.0,,79.0,4.0,68.0,,84.0,,58.0,53.0,21.0,25.0,78.0,79.0,0.0,46.0,5.0,77.0,,21.0,79.0,79.0,79.0,79.0,79.0,51.0,68.0,66.0,0.0,8.0,31.0,0.0,0.0,46.0,79.0,0.0,54.0,76.0,10.0,,,0.0,0.0,33.0,68.0,0.0,58.0,3.0,73.0,222.0,6353.212712319957,112.2317902581698,0.017665360084754177,3.9217099388154275,222.0,False,60
2201400014058011,22,Querétaro,014,Querétaro,0001,Santiago de Querétaro,4058,011,Urbana,92,Típica,47,45,30,11.37,92.0,,0.0,0.0,,,0.0,3.0,4.0,,0.0,,,,6.0,5.0,10.0,62.0,18.0,16.0,75.0,,45.0,92.0,47.0,92.0,0.0,0.0,0.0,3.07,0.97,21.0,3.0,,,4.0,,,80.0,38.0,42.0,6.0,,5.0,26.0,76.0,36.0,40.0,15.0,4.0,11.0,70.0,35.0,35.0,5.0,,3.0,89.0,43.0,46.0,86.0,42.0,44.0,6.0,,4.0,4.0,3.0,,6.0,3.0,3.0,30.0,35.0,30.0,8.0,30.0,5.0,27.0,3.0,38.0,4.0,15.0,5.0,15.0,21.0,30.0,30.0,0.0,19.0,5.0,30.0,0.0,9.0,30.0,30.0,30.0,30.0,30.0,20.0,29.0,24.0,0.0,,11.0,0.0,0.0,11.0,30.0,0.0,23.0,30.0,,0.0,0.0,0.0,0.0,11.0,28.0,0.0,24.0,,30.0,92.0,3659.5099705584535,4.747147210044847,0.0012972084372598162,0.1193431762279031,92.0,False,60
2201400014058026,22,Querétaro,014,Querétaro,0001,Santiago de Querétaro,4058,026,Urbana,274,Típica,140,134,90,12.53,274.0,,,,,,,,3.0,,,,3.0,,17.0,4.0,23.0,141.0,90.0,63.0,205.0,6.0,134.0,274.0,140.0,274.0,8.0,4.0,4.0,3.04,0.84,70.0,9.0,8.0,,21.0,8.0,13.0,232.0,111.0,121.0,22.0,8.0,14.0,88.0,211.0,103.0,108.0,35.0,23.0,12.0,189.0,95.0,94.0,10.0,8.0,,265.0,126.0,139.0,255.0,118.0,137.0,9.0,5.0,4.0,23.0,7.0,16.0,35.0,15.0,20.0,90.0,101.0,90.0,,90.0,18.0,81.0,,110.0,6.0,26.0,11.0,63.0,72.0,89.0,89.0,0.0,63.0,6.0,88.0,3.0,29.0,89.0,89.0,89.0,89.0,89.0,69.0,81.0,72.0,0.0,3.0,25.0,0.0,0.0,66.0,89.0,0.0,75.0,87.0,6.0,,0.0,0.0,0.0,39.0,81.0,0.0,73.0,9.0,88.0,274.0,9455.032167838572,3.3554508839650414,0.0003548851896431041,0.09723854196221053,274.0,False,60
2201400014058010,22,Querétaro,014,Querétaro,0001,Santiago de Querétaro,4058,010,Urbana,42,Típica,22,20,14,14.39,42.0,,0.0,0.0,0.0,0.0,0.0,0.0,0.0,0.0,0.0,,0.0,,7.0,0.0,11.0,22.0,11.0,11.0,30.0,,20.0,42.0,22.0,42.0,5.0,,4.0,3.0,0.65,16.0,,,,,,0.0,33.0,15.0,18.0,0.0,0.0,0.0,13.0,31.0,13.0,18.0,9.0,4.0,5.0,31.0,13.0,18.0,4.0,4.0,0.0,40.0,19.0,21.0,37.0,16.0,21.0,,0.0,,3.0,0.0,3.0,4.0,,,14.0,17.0,14.0,4.0,14.0,4.0,13.0,0.0,18.0,0.0,4.0,0.0,10.0,14.0,14.0,14.0,0.0,13.0,,14.0,,5.0,14.0,14.0,14.0,14.0,14.0,10.0,14.0,12.0,0.0,0.0,,0.0,0.0,13.0,14.0,0.0,11.0,14.0,0.0,0.0,0.0,0.0,0.0,8.0,14.0,0.0,10.0,0.0,14.0,42.0,2203.192895435281,614.0055944455836,0.2786889862062103,11.704937420660833,42.0,True,60
2201400014058001,22,Querétaro,014,Querétaro,0001,Santiago de Querétaro,4058,001,Urbana,240,Típica,117,123,67,12.71,240.0,,0.0,0.0,0.0,,0.0,0.0,5.0,,,3.0,,7.0,11.0,,20.0,128.0,49.0,81.0,157.0,,123.0,240.0,117.0,240.0,0.0,0.0,0.0,3.58,0.87,40.0,7.0,5.0,,19.0,8.0,11.0,178.0,89.0,89.0,5.0,,3.0,71.0,159.0,81.0,78.0,29.0,11.0,18.0,154.0,79.0,75.0,18.0,8.0,10.0,233.0,118.0,115.0,222.0,112.0,110.0,4.0,,,37.0,21.0,16.0,41.0,22.0,19.0,67.0,69.0,67.0,7.0,67.0,7.0,62.0,0.0,74.0,,23.0,8.0,44.0,58.0,66.0,67.0,0.0,51.0,3.0,67.0,3.0,24.0,67.0,67.0,67.0,67.0,67.0,41.0,61.0,51.0,0.0,7.0,15.0,0.0,0.0,49.0,67.0,0.0,46.0,65.0,4.0,0.0,,0.0,0.0,27.0,58.0,0.0,49.0,8.0,64.0,240.0,6970.041540118335,588.1004849426411,0.08437546341117738,20.250111218682573,240.0,False,60
2201400013350023,22,Querétaro,014,Querétaro,0001,Santiago de Querétaro,3350,023,Urbana,65,Típica,34,31,21,12.88,65.0,,0.0,,0.0,,0.0,0.0,3.0,0.0,,,,4.0,13.0,,16.0,38.0,16.0,13.0,47.0,5.0,31.0,65.0,34.0,65.0,0.0,0.0,0.0,3.1,0.88,12.0,3.0,,,,0.0,,54.0,24.0,30.0,,0.0,,19.0,52.0,24.0,28.0,9.0,3.0,6.0,50.0,24.0,26.0,,,,62.0,29.0,33.0,61.0,28.0,33.0,6.0,3.0,3.0,6.0,4.0,,5.0,,3.0,21.0,22.0,21.0,3.0,21.0,3.0,19.0,0.0,24.0,0.0,3.0,0.0,18.0,21.0,20.0,20.0,,13.0,,20.0,,6.0,21.0,20.0,21.0,21.0,21.0,15.0,20.0,16.0,0.0,,7.0,0.0,0.0,13.0,21.0,0.0,16.0,21.0,,,0.0,0.0,0.0,9.0,18.0,0.0,16.0,20.0,20.0,65.0,2483.0467782646206,88.01251513629836,0.035445371350518624,2.3039491377837105,65.0,False,60
2201400013435005,22,Querétaro,014,Querétaro,0001,Santiago de Querétaro,3435,005,Urbana,92,Típica,43,49,26,12.19,92.0,,,,0.0,,0.0,,,0.0,0.0,0.0,3.0,3.0,5.0,3.0,9.0,52.0,30.0,18.0,71.0,3.0,49.0,92.0,43.0,92.0,0.0,0.0,0.0,3.54,0.74,5.0,,,,8.0,5.0,3.0,82.0,44.0,38.0,7.0,4.0,3.0,31.0,74.0,39.0,35.0,14.0,7.0,7.0,67.0,35.0,32.0,,,0.0,90.0,48.0,42.0,89.0,47.0,42.0,3.0,,,7.0,3.0,4.0,15.0,8.0,7.0,26.0,25.0,26.0,0.0,26.0,0.0,25.0,0.0,26.0,0.0,5.0,0.0,21.0,26.0,26.0,26.0,0.0,20.0,3.0,26.0,4.0,6.0,26.0,26.0,26.0,26.0,26.0,16.0,24.0,24.0,0.0,,6.0,0.0,0.0,23.0,26.0,0.0,20.0,26.0,,0.0,,0.0,0.0,8.0,21.0,0.0,22.0,26.0,25.0,92.0,3171.613858873159,75.68959308253866,0.023864693638786905,2.195551814768395,92.0,False,60
2201400012136016,22,Querétaro,014,Querétaro,0001,Santiago de Querétaro,2136,016,Urbana,178,Típica,84,94,47,10.64,178.0,,0.0,,,,,0.0,,0.0,0.0,4.0,,,,3.0,7.0,101.0,49.0,39.0,130.0,9.0,94.0,178.0,84.0,178.0,0.0,0.0,0.0,3.79,0.92,26.0,6.0,3.0,3.0,11.0,6.0,5.0,150.0,78.0,72.0,9.0,3.0,6.0,53.0,139.0,72.0,67.0,27.0,13.0,14.0,130.0,69.0,61.0,7.0,5.0,,172.0,91.0,81.0,170.0,90.0,80.0,18.0,10.0,8.0,15.0,8.0,7.0,23.0,12.0,11.0,47.0,48.0,47.0,,47.0,,45.0,,50.0,0.0,7.0,0.0,40.0,47.0,47.0,47.0,0.0,26.0,9.0,44.0,,7.0,47.0,47.0,47.0,47.0,47.0,27.0,42.0,35.0,0.0,4.0,21.0,0.0,0.0,25.0,47.0,0.0,45.0,45.0,5.0,,0.0,0.0,0.0,17.0,40.0,0.0,35.0,47.0,47.0,178.0,3695.607928235056,33.217609123631874,0.008988401845835388,1.5999355285586991,178.0,False,60
2201400011975032,22,Querétaro,014,Querétaro,0001,Santiago de Querétaro,1975,032,Urbana,165,Típica,76,89,59,13.35,165.0,,0.0,0.0,0.0,,0.0,0.0,3.0,,0.0,,,3.0,7.0,,13.0,98.0,43.0,31.0,129.0,5.0,89.0,165.0,76.0,165.0,9.0,3.0,6.0,2.8,0.64,52.0,3.0,0.0,3.0,7.0,3.0,4.0,141.0,77.0,64.0,10.0,7.0,3.0,57.0,134.0,74.0,60.0,20.0,11.0,9.0,124.0,67.0,57.0,9.0,6.0,3.0,162.0,89.0,73.0,158.0,86.0,72.0,9.0,5.0,4.0,12.0,6.0,6.0,16.0,7.0,9.0,59.0,62.0,59.0,,59.0,6.0,54.0,,67.0,0.0,10.0,,49.0,57.0,59.0,59.0,0.0,46.0,12.0,59.0,4.0,26.0,59.0,59.0,59.0,59.0,59.0,47.0,52.0,55.0,0.0,11.0,13.0,0.0,0.0,46.0,58.0,,51.0,59.0,5.0,0.0,3.0,0.0,0.0,33.0,40.0,0.0,42.0,59.0,54.0,165.0,6739.507348548023,471.3993809627549,0.06994567356088933,11.54103613754674,165.0,False,60
2201400012206034,22,Querétaro,014,Querétaro,0001,Santiago de Querétaro,2206,034,Urbana,167,Típica,76,91,55,13.53,167.0,,0.0,0.0,0.0,,,,,,,3.0,,,11.0,,14.0,91.0,54.0,29.0,129.0,9.0,91.0,167.0,76.0,167.0,3.0,3.0,0.0,3.04,0.65,18.0,,0.0,,7.0,4.0,3.0,145.0,80.0,65.0,9.0,8.0,,57.0,138.0,76.0,62.0,25.0,12.0,13.0,129.0,68.0,61.0,4.0,3.0,,166.0,91.0,75.0,163.0,89.0,74.0,16.0,11.0,5.0,17.0,8.0,9.0,20.0,12.0,8.0,55.0,58.0,55.0,,54.0,3.0,53.0,,60.0,0.0,12.0,0.0,42.0,54.0,54.0,54.0,0.0,43.0,8.0,54.0,5.0,15.0,54.0,54.0,54.0,54.0,54.0,41.0,51.0,49.0,0.0,6.0,10.0,0.0,0.0,45.0,54.0,0.0,46.0,54.0,3.0,0.0,0.0,0.0,0.0,28.0,47.0,0.0,39.0,54.0,54.0,167.0,176463.27825968395,2256.1565954598545,0.012785416987095111,2.1351646368448836,167.0,False,60
2201400011975021,22,Querétaro,014,Querétaro,0001,Santiago de Querétaro,1975,021,Urbana,311,Típica,158,153,90,12.04,311.0,,6.0,6.0,,4.0,,,6.0,,,15.0,,4.0,29.0,12.0,40.0,191.0,69.0,64.0,239.0,8.0,153.0,311.0,158.0,311.0,26.0,15.0,11.0,3.46,0.95,80.0,14.0,8.0,6.0,13.0,7.0,6.0,260.0,129.0,131.0,14.0,4.0,10.0,94.0,247.0,122.0,125.0,51.0,24.0,27.0,233.0,118.0,115.0,15.0,8.0,7.0,297.0,145.0,152.0,289.0,141.0,148.0,20.0,10.0,10.0,22.0,8.0,14.0,31.0,12.0,19.0,90.0,103.0,90.0,18.0,90.0,15.0,85.0,3.0,108.0,0.0,13.0,4.0,77.0,86.0,90.0,90.0,0.0,53.0,9.0,88.0,4.0,23.0,90.0,90.0,90.0,90.0,90.0,61.0,82.0,70.0,0.0,4.0,35.0,0.0,0.0,55.0,90.0,0.0,70.0,90.0,7.0,0.0,,0.0,0.0,30.0,73.0,0.0,61.0,90.0,88.0,311.0,9571.941199053736,265.768826970825,0.027765405307451994,8.63504105061757,311.0,False,60
2201400012973005,22,Querétaro,014,Querétaro,0001,Santiago de Querétaro,2973,005,Urbana,383,Típica,195,188,148,14.06,383.0,,4.0,,,,0.0,5.0,13.0,,,10.0,5.0,15.0,25.0,12.0,47.0,258.0,83.0,48.0,320.0,15.0,188.0,383.0,195.0,383.0,3.0,3.0,0.0,2.59,0.69,66.0,11.0,,9.0,7.0,5.0,,342.0,171.0,171.0,11.0,8.0,3.0,140.0,335.0,166.0,169.0,96.0,40.0,56.0,324.0,158.0,166.0,12.0,4.0,8.0,372.0,186.0,186.0,362.0,182.0,180.0,22.0,10.0,12.0,18.0,11.0,7.0,19.0,13.0,6.0,148.0,171.0,148.0,25.0,148.0,17.0,146.0,8.0,173.0,,51.0,6.0,97.0,140.0,148.0,148.0,0.0,92.0,35.0,145.0,14.0,43.0,148.0,148.0,148.0,148.0,148.0,106.0,138.0,109.0,0.0,6.0,53.0,0.0,0.0,121.0,148.0,0.0,101.0,143.0,6.0,0.0,3.0,0.0,0.0,83.0,103.0,0.0,85.0,145.0,135.0,383.0,17224.85606959233,27.078775815130346,0.0015720755927205396,0.6021049520119667,383.0,False,60
2201400012812033,22,Querétaro,014,Querétaro,0001,Santiago de Querétaro,2812,033,Urbana,0,Típica,0,0,0,0.0,0.0,,0.0,0.0,0.0,0.0,0.0,0.0,0.0,0.0,0.0,0.0,0.0,0.0,0.0,0.0,0.0,0.0,0.0,0.0,0.0,0.0,0.0,0.0,0.0,0.0,0.0,0.0,0.0,0.0,0.0,0.0,0.0,0.0,0.0,0.0,0.0,0.0,0.0,0.0,0.0,0.0,0.0,0.0,0.0,0.0,0.0,0.0,0.0,0.0,0.0,0.0,0.0,0.0,0.0,0.0,0.0,0.0,0.0,0.0,0.0,0.0,0.0,0.0,0.0,0.0,0.0,0.0,0.0,0.0,0.0,0.0,0.0,0.0,0.0,0.0,0.0,0.0,0.0,0.0,0.0,0.0,0.0,0.0,0.0,0.0,0.0,0.0,0.0,0.0,0.0,0.0,0.0,0.0,0.0,0.0,0.0,0.0,0.0,0.0,0.0,0.0,0.0,0.0,0.0,0.0,0.0,0.0,0.0,0.0,0.0,0.0,0.0,0.0,0.0,0.0,0.0,0.0,0.0,0.0,0.0,0.0,0.0,0.0,11242.237337581833,217.4983779179545,0.01934653853916392,0.0,0.0,False,60
2201400013350004,22,Querétaro,014,Querétaro,0001,Santiago de Querétaro,3350,004,Urbana,137,Típica,68,69,42,12.77,137.0,,,0.0,0.0,,0.0,4.0,,,,,0.0,,5.0,6.0,11.0,86.0,31.0,24.0,105.0,8.0,69.0,137.0,68.0,137.0,,,0.0,3.26,0.79,27.0,5.0,,3.0,4.0,,3.0,117.0,58.0,59.0,10.0,5.0,5.0,47.0,113.0,57.0,56.0,17.0,10.0,7.0,103.0,52.0,51.0,4.0,,,132.0,67.0,65.0,130.0,66.0,64.0,12.0,5.0,7.0,11.0,7.0,4.0,12.0,6.0,6.0,42.0,36.0,42.0,0.0,42.0,0.0,36.0,0.0,42.0,0.0,4.0,0.0,38.0,42.0,42.0,42.0,0.0,28.0,7.0,41.0,4.0,11.0,42.0,42.0,42.0,42.0,42.0,33.0,37.0,37.0,0.0,7.0,13.0,0.0,0.0,34.0,41.0,,30.0,42.0,,,0.0,0.0,0.0,20.0,33.0,0.0,33.0,42.0,41.0,137.0,4683.370357230409,9.950955026141507,0.0021247422832530744,0.2910896928056712,137.0,False,60
2201400012206032,22,Querétaro,014,Querétaro,0001,Santiago de Querétaro,2206,032,Urbana,172,Típica,85,87,49,12.73,172.0,,3.0,,0.0,,0.0,4.0,4.0,,,,0.0,0.0,5.0,8.0,11.0,97.0,39.0,46.0,117.0,9.0,87.0,172.0,85.0,172.0,0.0,0.0,0.0,3.51,0.86,11.0,13.0,5.0,8.0,10.0,5.0,5.0,136.0,72.0,64.0,3.0,,,48.0,126.0,67.0,59.0,23.0,12.0,11.0,123.0,65.0,58.0,9.0,4.0,5.0,159.0,82.0,77.0,150.0,78.0,72.0,14.0,8.0,6.0,14.0,6.0,8.0,17.0,8.0,9.0,49.0,56.0,49.0,,49.0,7.0,48.0,,57.0,,8.0,0.0,41.0,48.0,48.0,49.0,0.0,32.0,13.0,47.0,7.0,14.0,49.0,49.0,49.0,49.0,49.0,32.0,45.0,40.0,0.0,5.0,17.0,0.0,0.0,33.0,49.0,0.0,42.0,47.0,3.0,,0.0,0.0,0.0,19.0,36.0,0.0,33.0,49.0,47.0,172.0,5638.915000274546,639.5893774682883,0.11342419196550188,19.508961018066323,172.0,False,60
2201400010303010,22,Querétaro,014,Querétaro,0001,Santiago de Querétaro,0303,010,Urbana,85,Típica,43,42,28,12.99,85.0,,,,,9.0,5.0,5.0,3.0,,0.0,,3.0,,4.0,10.0,11.0,58.0,18.0,11.0,64.0,10.0,42.0,85.0,43.0,85.0,,,0.0,3.04,0.7,20.0,3.0,0.0,3.0,,,,76.0,39.0,37.0,0.0,0.0,0.0,24.0,74.0,38.0,36.0,13.0,5.0,8.0,74.0,38.0,36.0,3.0,0.0,3.0,82.0,42.0,40.0,81.0,42.0,39.0,14.0,12.0,,3.0,3.0,0.0,5.0,4.0,,28.0,42.0,28.0,14.0,28.0,9.0,28.0,5.0,42.0,3.0,11.0,3.0,17.0,22.0,28.0,28.0,0.0,9.0,6.0,25.0,11.0,8.0,28.0,28.0,28.0,28.0,28.0,16.0,24.0,22.0,0.0,,19.0,0.0,0.0,21.0,28.0,0.0,20.0,28.0,3.0,,,0.0,0.0,11.0,19.0,0.0,15.0,25.0,27.0,85.0,16469.588330360253,48.542449700194474,0.00294739909258756,0.2505289228699426,85.0,False,60
2201400010816015,22,Querétaro,014,Querétaro,0001,Santiago de Querétaro,0816,015,Urbana,31,Típica,13,18,12,14.86,31.0,,0.0,0.0,0.0,0.0,0.0,0.0,0.0,0.0,0.0,0.0,0.0,0.0,9.0,0.0,9.0,17.0,11.0,3.0,27.0,,18.0,31.0,13.0,31.0,,0.0,,2.58,0.6,0.0,,,0.0,0.0,0.0,0.0,28.0,17.0,11.0,,,0.0,13.0,28.0,17.0,11.0,8.0,8.0,0.0,27.0,16.0,11.0,,0.0,,30.0,17.0,13.0,30.0,17.0,13.0,,0.0,,,0.0,,0.0,0.0,0.0,12.0,22.0,12.0,10.0,12.0,3.0,12.0,7.0,22.0,,5.0,,7.0,9.0,12.0,12.0,0.0,8.0,,12.0,7.0,3.0,12.0,12.0,12.0,12.0,12.0,8.0,12.0,11.0,0.0,,4.0,0.0,0.0,9.0,12.0,0.0,11.0,12.0,0.0,0.0,0.0,0.0,0.0,5.0,8.0,0.0,7.0,11.0,12.0,31.0,4919.518889774595,223.70403776719664,0.04547274698592456,1.4096551565636612,31.0,False,60
2201400012367014,22,Querétaro,014,Querétaro,0001,Santiago de Querétaro,2367,014,Urbana,83,Típica,40,43,18,10.24,83.0,,0.0,0.0,,,0.0,0.0,6.0,,,4.0,0.0,,4.0,3.0,8.0,40.0,30.0,17.0,57.0,9.0,43.0,83.0,40.0,83.0,,0.0,,4.61,1.08,30.0,,,0.0,5.0,,3.0,71.0,36.0,35.0,3.0,,,23.0,66.0,34.0,32.0,15.0,7.0,8.0,63.0,33.0,30.0,5.0,3.0,,81.0,41.0,40.0,76.0,38.0,38.0,13.0,6.0,7.0,5.0,,3.0,7.0,,5.0,18.0,21.0,18.0,,18.0,,18.0,,21.0,5.0,6.0,0.0,12.0,13.0,18.0,18.0,0.0,8.0,7.0,17.0,,3.0,18.0,18.0,18.0,18.0,18.0,7.0,13.0,13.0,0.0,,9.0,0.0,0.0,7.0,18.0,0.0,10.0,14.0,5.0,0.0,,0.0,0.0,,13.0,0.0,13.0,16.0,16.0,83.0,5336.8017596811,720.5723837754838,0.13501951472496546,11.206619722172134,83.0,False,60
2201400013346045,22,Querétaro,014,Querétaro,0001,Santiago de Querétaro,3346,045,Urbana,148,Típica,70,78,43,12.93,148.0,,0.0,0.0,0.0,0.0,0.0,,0.0,0.0,0.0,4.0,0.0,3.0,9.0,,13.0,90.0,40.0,26.0,119.0,3.0,78.0,148.0,70.0,148.0,,0.0,,3.44,0.8,26.0,3.0,,,8.0,4.0,4.0,130.0,70.0,60.0,8.0,4.0,4.0,57.0,122.0,66.0,56.0,28.0,12.0,16.0,114.0,62.0,52.0,,,,145.0,77.0,68.0,144.0,77.0,67.0,4.0,3.0,,13.0,6.0,7.0,19.0,10.0,9.0,43.0,45.0,43.0,,43.0,4.0,40.0,,48.0,0.0,5.0,,38.0,41.0,43.0,43.0,0.0,28.0,8.0,43.0,,11.0,43.0,43.0,43.0,43.0,43.0,32.0,42.0,36.0,0.0,3.0,14.0,0.0,0.0,34.0,43.0,0.0,29.0,43.0,,0.0,3.0,0.0,0.0,16.0,36.0,0.0,34.0,43.0,40.0,148.0,5137.362512549177,24.088874601475005,0.004688957522976517,0.6939657134005245,148.0,False,60
2201400010816001,22,Querétaro,014,Querétaro,0001,Santiago de Querétaro,0816,001,Urbana,0,Típica,0,0,0,0.0,0.0,,0.0,0.0,0.0,0.0,0.0,0.0,0.0,0.0,0.0,0.0,0.0,0.0,0.0,0.0,0.0,0.0,0.0,0.0,0.0,0.0,0.0,0.0,0.0,0.0,0.0,0.0,0.0,0.0,0.0,0.0,0.0,0.0,0.0,0.0,0.0,0.0,0.0,0.0,0.0,0.0,0.0,0.0,0.0,0.0,0.0,0.0,0.0,0.0,0.0,0.0,0.0,0.0,0.0,0.0,0.0,0.0,0.0,0.0,0.0,0.0,0.0,0.0,0.0,0.0,0.0,0.0,0.0,0.0,0.0,0.0,0.0,0.0,0.0,0.0,0.0,0.0,0.0,0.0,0.0,0.0,0.0,0.0,0.0,0.0,0.0,0.0,0.0,0.0,0.0,0.0,0.0,0.0,0.0,0.0,0.0,0.0,0.0,0.0,0.0,0.0,0.0,0.0,0.0,0.0,0.0,0.0,0.0,0.0,0.0,0.0,0.0,0.0,0.0,0.0,0.0,0.0,0.0,0.0,0.0,0.0,0.0,0.0,149208.47219951556,320.9982102440519,0.0021513403730508414,0.0,0.0,False,60
2201400011848061,22,Querétaro,014,Querétaro,0001,Santiago de Querétaro,1848,061,Urbana,0,Típica,0,0,0,0.0,0.0,,0.0,0.0,0.0,0.0,0.0,0.0,0.0,0.0,0.0,0.0,0.0,0.0,0.0,0.0,0.0,0.0,0.0,0.0,0.0,0.0,0.0,0.0,0.0,0.0,0.0,0.0,0.0,0.0,0.0,0.0,0.0,0.0,0.0,0.0,0.0,0.0,0.0,0.0,0.0,0.0,0.0,0.0,0.0,0.0,0.0,0.0,0.0,0.0,0.0,0.0,0.0,0.0,0.0,0.0,0.0,0.0,0.0,0.0,0.0,0.0,0.0,0.0,0.0,0.0,0.0,0.0,0.0,0.0,0.0,0.0,0.0,0.0,0.0,0.0,0.0,0.0,0.0,0.0,0.0,0.0,0.0,0.0,0.0,0.0,0.0,0.0,0.0,0.0,0.0,0.0,0.0,0.0,0.0,0.0,0.0,0.0,0.0,0.0,0.0,0.0,0.0,0.0,0.0,0.0,0.0,0.0,0.0,0.0,0.0,0.0,0.0,0.0,0.0,0.0,0.0,0.0,0.0,0.0,0.0,0.0,0.0,0.0,79327.46724800696,646.979184761034,0.008155802866343107,0.0,0.0,False,60
2201400011848003,22,Querétaro,014,Querétaro,0001,Santiago de Querétaro,1848,003,Urbana,54,Típica,24,30,17,14.06,54.0,,,0.0,0.0,,0.0,,,0.0,0.0,,0.0,0.0,5.0,3.0,7.0,34.0,16.0,5.0,43.0,6.0,30.0,54.0,24.0,54.0,0.0,0.0,0.0,3.18,0.57,13.0,0.0,0.0,0.0,,0.0,,50.0,29.0,21.0,,,0.0,18.0,49.0,29.0,20.0,3.0,,,48.0,28.0,20.0,,0.0,,54.0,30.0,24.0,53.0,30.0,23.0,9.0,7.0,,3.0,,,,,,17.0,24.0,17.0,7.0,17.0,3.0,17.0,4.0,24.0,0.0,,0.0,15.0,17.0,17.0,17.0,0.0,11.0,0.0,15.0,6.0,3.0,17.0,17.0,17.0,17.0,17.0,15.0,15.0,16.0,0.0,3.0,6.0,0.0,0.0,12.0,17.0,0.0,14.0,17.0,,0.0,0.0,0.0,0.0,8.0,14.0,0.0,13.0,17.0,16.0,54.0,92441.59610903417,1631.46130691572,0.017648562720524896,0.9530223869083444,54.0,False,60
2201400013562016,22,Querétaro,014,Querétaro,0001,Santiago de Querétaro,3562,016,Urbana,0,Típica,0,0,0,0.0,0.0,,0.0,0.0,0.0,0.0,0.0,0.0,0.0,0.0,0.0,0.0,0.0,0.0,0.0,0.0,0.0,0.0,0.0,0.0,0.0,0.0,0.0,0.0,0.0,0.0,0.0,0.0,0.0,0.0,0.0,0.0,0.0,0.0,0.0,0.0,0.0,0.0,0.0,0.0,0.0,0.0,0.0,0.0,0.0,0.0,0.0,0.0,0.0,0.0,0.0,0.0,0.0,0.0,0.0,0.0,0.0,0.0,0.0,0.0,0.0,0.0,0.0,0.0,0.0,0.0,0.0,0.0,0.0,0.0,0.0,0.0,0.0,0.0,0.0,0.0,0.0,0.0,0.0,0.0,0.0,0.0,0.0,0.0,0.0,0.0,0.0,0.0,0.0,0.0,0.0,0.0,0.0,0.0,0.0,0.0,0.0,0.0,0.0,0.0,0.0,0.0,0.0,0.0,0.0,0.0,0.0,0.0,0.0,0.0,0.0,0.0,0.0,0.0,0.0,0.0,0.0,0.0,0.0,0.0,0.0,0.0,0.0,0.0,5335.2252281145375,533.9979938743438,0.10008911921100998,0.0,0.0,False,60
2201400013562022,22,Querétaro,014,Querétaro,0001,Santiago de Querétaro,3562,022,Urbana,0,Típica,0,0,0,0.0,0.0,,0.0,0.0,0.0,0.0,0.0,0.0,0.0,0.0,0.0,0.0,0.0,0.0,0.0,0.0,0.0,0.0,0.0,0.0,0.0,0.0,0.0,0.0,0.0,0.0,0.0,0.0,0.0,0.0,0.0,0.0,0.0,0.0,0.0,0.0,0.0,0.0,0.0,0.0,0.0,0.0,0.0,0.0,0.0,0.0,0.0,0.0,0.0,0.0,0.0,0.0,0.0,0.0,0.0,0.0,0.0,0.0,0.0,0.0,0.0,0.0,0.0,0.0,0.0,0.0,0.0,0.0,0.0,0.0,0.0,0.0,0.0,0.0,0.0,0.0,0.0,0.0,0.0,0.0,0.0,0.0,0.0,0.0,0.0,0.0,0.0,0.0,0.0,0.0,0.0,0.0,0.0,0.0,0.0,0.0,0.0,0.0,0.0,0.0,0.0,0.0,0.0,0.0,0.0,0.0,0.0,0.0,0.0,0.0,0.0,0.0,0.0,0.0,0.0,0.0,0.0,0.0,0.0,0.0,0.0,0.0,0.0,0.0,4721.454653848826,267.24553912911205,0.05660237336204413,0.0,0.0,False,60
2201400014611001,22,Querétaro,014,Querétaro,0001,Santiago de Querétaro,4611,001,Urbana,0,Típica,0,0,0,0.0,0.0,,0.0,0.0,0.0,0.0,0.0,0.0,0.0,0.0,0.0,0.0,0.0,0.0,0.0,0.0,0.0,0.0,0.0,0.0,0.0,0.0,0.0,0.0,0.0,0.0,0.0,0.0,0.0,0.0,0.0,0.0,0.0,0.0,0.0,0.0,0.0,0.0,0.0,0.0,0.0,0.0,0.0,0.0,0.0,0.0,0.0,0.0,0.0,0.0,0.0,0.0,0.0,0.0,0.0,0.0,0.0,0.0,0.0,0.0,0.0,0.0,0.0,0.0,0.0,0.0,0.0,0.0,0.0,0.0,0.0,0.0,0.0,0.0,0.0,0.0,0.0,0.0,0.0,0.0,0.0,0.0,0.0,0.0,0.0,0.0,0.0,0.0,0.0,0.0,0.0,0.0,0.0,0.0,0.0,0.0,0.0,0.0,0.0,0.0,0.0,0.0,0.0,0.0,0.0,0.0,0.0,0.0,0.0,0.0,0.0,0.0,0.0,0.0,0.0,0.0,0.0,0.0,0.0,0.0,0.0,0.0,0.0,0.0,218262.566359561,832.1829559782675,0.0038127607947546415,0.0,0.0,False,60
2201400014611009,22,Querétaro,014,Querétaro,0001,Santiago de Querétaro,4611,009,Urbana,0,Típica,0,0,0,0.0,0.0,,0.0,0.0,0.0,0.0,0.0,0.0,0.0,0.0,0.0,0.0,0.0,0.0,0.0,0.0,0.0,0.0,0.0,0.0,0.0,0.0,0.0,0.0,0.0,0.0,0.0,0.0,0.0,0.0,0.0,0.0,0.0,0.0,0.0,0.0,0.0,0.0,0.0,0.0,0.0,0.0,0.0,0.0,0.0,0.0,0.0,0.0,0.0,0.0,0.0,0.0,0.0,0.0,0.0,0.0,0.0,0.0,0.0,0.0,0.0,0.0,0.0,0.0,0.0,0.0,0.0,0.0,0.0,0.0,0.0,0.0,0.0,0.0,0.0,0.0,0.0,0.0,0.0,0.0,0.0,0.0,0.0,0.0,0.0,0.0,0.0,0.0,0.0,0.0,0.0,0.0,0.0,0.0,0.0,0.0,0.0,0.0,0.0,0.0,0.0,0.0,0.0,0.0,0.0,0.0,0.0,0.0,0.0,0.0,0.0,0.0,0.0,0.0,0.0,0.0,0.0,0.0,0.0,0.0,0.0,0.0,0.0,0.0,126822.05456883044,667.1268243086207,0.005260337616960379,0.0,0.0,False,60
2201400014128039,22,Querétaro,014,Querétaro,0001,Santiago de Querétaro,4128,039,Urbana,0,Típica,0,0,0,0.0,0.0,,0.0,0.0,0.0,0.0,0.0,0.0,0.0,0.0,0.0,0.0,0.0,0.0,0.0,0.0,0.0,0.0,0.0,0.0,0.0,0.0,0.0,0.0,0.0,0.0,0.0,0.0,0.0,0.0,0.0,0.0,0.0,0.0,0.0,0.0,0.0,0.0,0.0,0.0,0.0,0.0,0.0,0.0,0.0,0.0,0.0,0.0,0.0,0.0,0.0,0.0,0.0,0.0,0.0,0.0,0.0,0.0,0.0,0.0,0.0,0.0,0.0,0.0,0.0,0.0,0.0,0.0,0.0,0.0,0.0,0.0,0.0,0.0,0.0,0.0,0.0,0.0,0.0,0.0,0.0,0.0,0.0,0.0,0.0,0.0,0.0,0.0,0.0,0.0,0.0,0.0,0.0,0.0,0.0,0.0,0.0,0.0,0.0,0.0,0.0,0.0,0.0,0.0,0.0,0.0,0.0,0.0,0.0,0.0,0.0,0.0,0.0,0.0,0.0,0.0,0.0,0.0,0.0,0.0,0.0,0.0,0.0,0.0,5645.088028677072,608.8323722542491,0.10785170561758789,0.0,0.0,False,60
2201400010869005,22,Querétaro,014,Querétaro,0001,Santiago de Querétaro,0869,005,Urbana,0,Típica,0,0,0,0.0,0.0,,0.0,0.0,0.0,0.0,0.0,0.0,0.0,0.0,0.0,0.0,0.0,0.0,0.0,0.0,0.0,0.0,0.0,0.0,0.0,0.0,0.0,0.0,0.0,0.0,0.0,0.0,0.0,0.0,0.0,0.0,0.0,0.0,0.0,0.0,0.0,0.0,0.0,0.0,0.0,0.0,0.0,0.0,0.0,0.0,0.0,0.0,0.0,0.0,0.0,0.0,0.0,0.0,0.0,0.0,0.0,0.0,0.0,0.0,0.0,0.0,0.0,0.0,0.0,0.0,0.0,0.0,0.0,0.0,0.0,0.0,0.0,0.0,0.0,0.0,0.0,0.0,0.0,0.0,0.0,0.0,0.0,0.0,0.0,0.0,0.0,0.0,0.0,0.0,0.0,0.0,0.0,0.0,0.0,0.0,0.0,0.0,0.0,0.0,0.0,0.0,0.0,0.0,0.0,0.0,0.0,0.0,0.0,0.0,0.0,0.0,0.0,0.0,0.0,0.0,0.0,0.0,0.0,0.0,0.0,0.0,0.0,0.0,68873.80609031141,611.30288925426,0.008875694897022003,0.0,0.0,False,60
2201400011570004,22,Querétaro,014,Querétaro,0001,Santiago de Querétaro,1570,004,Urbana,953,Típica,439,514,324,14.22,953.0,,3.0,,,11.0,5.0,8.0,29.0,,4.0,18.0,14.0,14.0,52.0,18.0,82.0,544.0,314.0,139.0,709.0,104.0,514.0,953.0,439.0,953.0,27.0,13.0,14.0,2.94,0.63,182.0,17.0,8.0,9.0,45.0,22.0,23.0,858.0,468.0,390.0,37.0,14.0,23.0,275.0,813.0,446.0,367.0,129.0,68.0,61.0,776.0,432.0,344.0,28.0,17.0,11.0,935.0,506.0,429.0,917.0,494.0,423.0,153.0,93.0,60.0,49.0,21.0,28.0,76.0,32.0,44.0,324.0,354.0,324.0,42.0,324.0,24.0,312.0,18.0,366.0,0.0,48.0,6.0,276.0,318.0,323.0,324.0,0.0,274.0,69.0,318.0,151.0,112.0,323.0,323.0,324.0,324.0,324.0,285.0,308.0,304.0,0.0,26.0,47.0,0.0,0.0,293.0,320.0,4.0,280.0,322.0,7.0,0.0,3.0,0.0,0.0,192.0,231.0,,266.0,321.0,313.0,953.0,130179.39050580992,816.8780155796971,0.006275017976391892,5.980092131501473,953.0,False,60
2201400011655008,22,Querétaro,014,Querétaro,0001,Santiago de Querétaro,1655,008,Urbana,0,Típica,0,0,0,0.0,0.0,,0.0,0.0,0.0,0.0,0.0,0.0,0.0,0.0,0.0,0.0,0.0,0.0,0.0,0.0,0.0,0.0,0.0,0.0,0.0,0.0,0.0,0.0,0.0,0.0,0.0,0.0,0.0,0.0,0.0,0.0,0.0,0.0,0.0,0.0,0.0,0.0,0.0,0.0,0.0,0.0,0.0,0.0,0.0,0.0,0.0,0.0,0.0,0.0,0.0,0.0,0.0,0.0,0.0,0.0,0.0,0.0,0.0,0.0,0.0,0.0,0.0,0.0,0.0,0.0,0.0,0.0,0.0,0.0,0.0,0.0,0.0,0.0,0.0,0.0,0.0,0.0,0.0,0.0,0.0,0.0,0.0,0.0,0.0,0.0,0.0,0.0,0.0,0.0,0.0,0.0,0.0,0.0,0.0,0.0,0.0,0.0,0.0,0.0,0.0,0.0,0.0,0.0,0.0,0.0,0.0,0.0,0.0,0.0,0.0,0.0,0.0,0.0,0.0,0.0,0.0,0.0,0.0,0.0,0.0,0.0,0.0,0.0,4794.427191284829,104.29468469195983,0.021753314948977365,0.0,0.0,False,60
2201400012066027,22,Querétaro,014,Querétaro,0001,Santiago de Querétaro,2066,027,Urbana,117,Típica,58,59,27,7.55,117.0,,0.0,,,3.0,,3.0,5.0,0.0,0.0,,4.0,,19.0,4.0,22.0,66.0,25.0,34.0,81.0,,59.0,117.0,58.0,117.0,0.0,0.0,0.0,4.33,1.44,24.0,8.0,3.0,5.0,8.0,3.0,5.0,91.0,45.0,46.0,8.0,5.0,3.0,38.0,83.0,42.0,41.0,27.0,12.0,15.0,75.0,37.0,38.0,7.0,3.0,4.0,109.0,56.0,53.0,105.0,53.0,52.0,3.0,,,11.0,8.0,3.0,16.0,9.0,7.0,27.0,28.0,27.0,,27.0,,26.0,0.0,29.0,5.0,9.0,5.0,18.0,17.0,,26.0,,14.0,,24.0,,,27.0,25.0,26.0,26.0,26.0,12.0,10.0,18.0,,,13.0,0.0,,4.0,24.0,3.0,24.0,25.0,17.0,3.0,,,0.0,4.0,11.0,0.0,5.0,16.0,24.0,117.0,7042.3202686009845,225.51157535221645,0.0320223401877484,3.7466138019665634,117.0,False,60
2201400011918004,22,Querétaro,014,Querétaro,0001,Santiago de Querétaro,1918,004,Urbana,225,Típica,107,118,59,11.03,225.0,,0.0,0.0,0.0,,,0.0,3.0,0.0,0.0,,0.0,,7.0,,9.0,128.0,58.0,43.0,176.0,6.0,118.0,225.0,107.0,225.0,,,0.0,3.81,0.9,51.0,7.0,3.0,4.0,4.0,,3.0,186.0,96.0,90.0,14.0,6.0,8.0,66.0,182.0,95.0,87.0,44.0,14.0,30.0,168.0,89.0,79.0,12.0,7.0,5.0,218.0,115.0,103.0,209.0,111.0,98.0,12.0,10.0,,20.0,12.0,8.0,14.0,7.0,7.0,59.0,66.0,59.0,,59.0,6.0,58.0,,67.0,0.0,11.0,,48.0,58.0,59.0,59.0,0.0,36.0,10.0,58.0,10.0,16.0,59.0,59.0,59.0,59.0,59.0,38.0,52.0,47.0,0.0,5.0,22.0,0.0,0.0,35.0,58.0,,43.0,59.0,6.0,0.0,0.0,0.0,0.0,17.0,46.0,0.0,38.0,58.0,57.0,225.0,8587.854252541836,199.82790441366626,0.023268665086452898,5.235449644451902,225.0,False,60
2201400013420017,22,Querétaro,014,Querétaro,0001,Santiago de Querétaro,3420,017,Urbana,805,Típica,386,419,277,13.5,805.0,,7.0,11.0,6.0,12.0,8.0,15.0,29.0,8.0,13.0,13.0,4.0,18.0,28.0,30.0,61.0,490.0,202.0,137.0,627.0,41.0,419.0,805.0,386.0,805.0,,,,2.91,0.72,143.0,28.0,14.0,14.0,25.0,12.0,13.0,693.0,362.0,331.0,30.0,19.0,11.0,262.0,668.0,350.0,318.0,122.0,60.0,62.0,638.0,331.0,307.0,33.0,13.0,20.0,777.0,405.0,372.0,752.0,394.0,358.0,70.0,40.0,30.0,51.0,30.0,21.0,59.0,33.0,26.0,277.0,296.0,277.0,27.0,277.0,17.0,269.0,10.0,304.0,7.0,24.0,8.0,253.0,262.0,277.0,277.0,0.0,196.0,49.0,274.0,62.0,79.0,277.0,277.0,277.0,277.0,277.0,223.0,253.0,242.0,0.0,15.0,77.0,0.0,0.0,209.0,275.0,,210.0,270.0,19.0,,3.0,0.0,0.0,145.0,181.0,0.0,196.0,266.0,264.0,805.0,62799.045943259785,424.07790711505356,0.006752935506348561,5.436113082610592,805.0,False,60
2201400010322007,22,Querétaro,014,Querétaro,0001,Santiago de Querétaro,0322,007,Urbana,21,Típica,9,12,8,15.71,17.0,,0.0,0.0,0.0,0.0,0.0,0.0,0.0,0.0,0.0,0.0,0.0,0.0,3.0,0.0,3.0,14.0,5.0,4.0,15.0,,12.0,17.0,9.0,21.0,0.0,0.0,0.0,2.43,0.47,12.0,0.0,0.0,0.0,,0.0,,19.0,12.0,7.0,0.0,0.0,0.0,7.0,17.0,12.0,5.0,3.0,,,17.0,12.0,5.0,,0.0,,21.0,12.0,9.0,20.0,12.0,8.0,3.0,3.0,0.0,,0.0,,3.0,0.0,3.0,8.0,6.0,7.0,0.0,7.0,0.0,6.0,0.0,8.0,0.0,,0.0,5.0,7.0,6.0,6.0,,6.0,,6.0,5.0,3.0,7.0,6.0,7.0,7.0,7.0,5.0,6.0,6.0,0.0,,,0.0,0.0,5.0,7.0,0.0,5.0,6.0,,,,,,5.0,4.0,0.0,6.0,5.0,6.0,21.0,59623.06575500043,1321.9616318487124,0.02217198352867058,0.46561165410208216,21.0,False,60
2201400011922028,22,Querétaro,014,Querétaro,0001,Santiago de Querétaro,1922,028,Urbana,0,Típica,0,0,0,0.0,0.0,,0.0,0.0,0.0,0.0,0.0,0.0,0.0,0.0,0.0,0.0,0.0,0.0,0.0,0.0,0.0,0.0,0.0,0.0,0.0,0.0,0.0,0.0,0.0,0.0,0.0,0.0,0.0,0.0,0.0,0.0,0.0,0.0,0.0,0.0,0.0,0.0,0.0,0.0,0.0,0.0,0.0,0.0,0.0,0.0,0.0,0.0,0.0,0.0,0.0,0.0,0.0,0.0,0.0,0.0,0.0,0.0,0.0,0.0,0.0,0.0,0.0,0.0,0.0,0.0,0.0,0.0,0.0,0.0,0.0,0.0,0.0,0.0,0.0,0.0,0.0,0.0,0.0,0.0,0.0,0.0,0.0,0.0,0.0,0.0,0.0,0.0,0.0,0.0,0.0,0.0,0.0,0.0,0.0,0.0,0.0,0.0,0.0,0.0,0.0,0.0,0.0,0.0,0.0,0.0,0.0,0.0,0.0,0.0,0.0,0.0,0.0,0.0,0.0,0.0,0.0,0.0,0.0,0.0,0.0,0.0,0.0,0.0,59946.93008836527,18.53933601882372,0.000309262475851485,0.0,0.0,False,60
2201400012850012,22,Querétaro,014,Querétaro,0001,Santiago de Querétaro,2850,012,Urbana,88,Típica,49,39,26,8.76,88.0,,0.0,0.0,,4.0,3.0,,,,0.0,3.0,,3.0,12.0,8.0,13.0,61.0,15.0,14.0,62.0,12.0,39.0,88.0,49.0,88.0,,0.0,,3.38,0.98,25.0,,,,,,,76.0,34.0,42.0,4.0,,3.0,18.0,74.0,33.0,41.0,13.0,5.0,8.0,70.0,32.0,38.0,3.0,0.0,3.0,86.0,38.0,48.0,85.0,38.0,47.0,14.0,9.0,5.0,7.0,4.0,3.0,7.0,4.0,3.0,26.0,28.0,26.0,,26.0,,26.0,0.0,28.0,,5.0,5.0,21.0,20.0,25.0,25.0,,13.0,,25.0,3.0,4.0,26.0,25.0,26.0,26.0,26.0,15.0,22.0,17.0,0.0,3.0,13.0,0.0,0.0,9.0,25.0,,18.0,26.0,4.0,0.0,,0.0,0.0,7.0,17.0,0.0,16.0,22.0,24.0,88.0,10226.240401209492,223.53061541035282,0.021858533208735743,1.9235509223687455,88.0,False,60
2201400013026036,22,Querétaro,014,Querétaro,0001,Santiago de Querétaro,3026,036,Urbana,16,Típica,8,8,4,10.22,16.0,,0.0,0.0,0.0,0.0,0.0,0.0,0.0,,0.0,0.0,0.0,0.0,,0.0,,6.0,4.0,7.0,9.0,0.0,8.0,16.0,8.0,16.0,0.0,0.0,0.0,4.0,1.0,7.0,0.0,0.0,0.0,,,0.0,10.0,5.0,5.0,0.0,0.0,0.0,4.0,9.0,4.0,5.0,3.0,,,9.0,4.0,5.0,3.0,,,16.0,8.0,8.0,13.0,6.0,7.0,0.0,0.0,0.0,3.0,,,,,0.0,4.0,4.0,4.0,,4.0,,3.0,0.0,5.0,0.0,0.0,0.0,4.0,4.0,4.0,4.0,0.0,,0.0,4.0,0.0,0.0,4.0,4.0,4.0,4.0,4.0,3.0,3.0,,0.0,0.0,3.0,0.0,0.0,,4.0,0.0,,4.0,,0.0,0.0,0.0,0.0,0.0,3.0,0.0,,4.0,4.0,16.0,83730.17705882515,599.993362141811,0.007165795931857183,0.11465273490971493,16.0,False,60
2201400010816005,22,Querétaro,014,Querétaro,0001,Santiago de Querétaro,0816,005,Urbana,281,Típica,139,142,116,15.04,281.0,,,0.0,,5.0,,3.0,12.0,5.0,6.0,16.0,14.0,9.0,33.0,8.0,44.0,169.0,89.0,26.0,222.0,33.0,142.0,281.0,139.0,281.0,77.0,41.0,36.0,2.42,0.63,39.0,7.0,4.0,3.0,4.0,3.0,,259.0,129.0,130.0,7.0,,6.0,83.0,255.0,126.0,129.0,42.0,23.0,19.0,248.0,125.0,123.0,5.0,3.0,,274.0,138.0,136.0,271.0,136.0,135.0,52.0,24.0,28.0,10.0,6.0,4.0,10.0,6.0,4.0,116.0,129.0,116.0,21.0,116.0,6.0,108.0,15.0,137.0,4.0,37.0,17.0,79.0,95.0,116.0,116.0,0.0,103.0,10.0,112.0,51.0,39.0,116.0,116.0,116.0,116.0,116.0,97.0,112.0,98.0,0.0,6.0,11.0,0.0,0.0,102.0,116.0,0.0,84.0,116.0,3.0,,,0.0,0.0,83.0,76.0,0.0,83.0,116.0,112.0,281.0,660839.1866055231,3463.448253004267,0.005240984982737887,1.4727167801493464,281.0,False,60
2201400011354042,22,Querétaro,014,Querétaro,0001,Santiago de Querétaro,1354,042,Urbana,370,Típica,184,186,108,11.82,370.0,,,,7.0,6.0,3.0,8.0,4.0,,,11.0,9.0,10.0,30.0,21.0,40.0,193.0,114.0,80.0,263.0,27.0,186.0,370.0,184.0,370.0,6.0,,4.0,3.43,0.81,65.0,10.0,3.0,7.0,21.0,15.0,6.0,311.0,159.0,152.0,14.0,6.0,8.0,105.0,290.0,144.0,146.0,55.0,25.0,30.0,276.0,138.0,138.0,15.0,11.0,4.0,360.0,183.0,177.0,352.0,178.0,174.0,40.0,20.0,20.0,34.0,13.0,21.0,45.0,24.0,21.0,108.0,67.0,108.0,3.0,108.0,3.0,64.0,0.0,111.0,,19.0,9.0,89.0,97.0,108.0,108.0,0.0,72.0,20.0,103.0,5.0,29.0,108.0,108.0,108.0,108.0,108.0,73.0,93.0,85.0,0.0,12.0,32.0,0.0,0.0,77.0,105.0,3.0,81.0,104.0,10.0,3.0,0.0,0.0,0.0,36.0,85.0,0.0,74.0,97.0,105.0,370.0,50759.10705508129,252.8915612682228,0.004982190900123544,1.8434106330457114,370.0,False,60
2201400014113032,22,Querétaro,014,Querétaro,0001,Santiago de Querétaro,4113,032,Urbana,,Típica,,,,,,,,,,,,,,,,,,,,,,,,,,,,,,,,,,,,,,,,,,,,,,,,,,,,,,,,,,,,,,,,,,,,,,,,,,,,,,,,,,,,,,,,,,,,,,,,,,,,,,,,,,,,,,,,,,,,,,,,,,,,,,,,,4507.262923179197,182.45120155933128,0.04047937843187532,,,False,60
2201400013825015,22,Querétaro,014,Querétaro,0001,Santiago de Querétaro,3825,015,Urbana,189,Típica,92,97,64,13.94,189.0,,,,,,,3.0,,,,,0.0,,8.0,5.0,14.0,115.0,46.0,39.0,144.0,6.0,97.0,189.0,92.0,189.0,0.0,0.0,0.0,2.95,0.64,30.0,4.0,,,11.0,8.0,3.0,161.0,83.0,78.0,7.0,3.0,4.0,58.0,150.0,75.0,75.0,24.0,13.0,11.0,143.0,72.0,71.0,6.0,3.0,3.0,185.0,95.0,90.0,180.0,93.0,87.0,8.0,6.0,,18.0,9.0,9.0,21.0,13.0,8.0,64.0,58.0,64.0,,64.0,,56.0,0.0,66.0,0.0,17.0,,47.0,62.0,61.0,63.0,,57.0,8.0,63.0,6.0,20.0,64.0,63.0,64.0,64.0,64.0,47.0,58.0,56.0,0.0,,6.0,0.0,0.0,49.0,64.0,0.0,55.0,64.0,3.0,,0.0,0.0,0.0,39.0,49.0,0.0,29.0,62.0,63.0,189.0,79423.50731421234,1479.174609273627,0.018623889315562095,3.519915080641236,189.0,False,60
2201400014217003,22,Querétaro,014,Querétaro,0001,Santiago de Querétaro,4217,003,Urbana,57,Típica,32,25,19,14.22,57.0,,,0.0,0.0,0.0,0.0,0.0,0.0,0.0,0.0,0.0,,0.0,,,,34.0,13.0,12.0,45.0,0.0,25.0,57.0,32.0,57.0,0.0,0.0,0.0,3.0,0.77,17.0,,0.0,,,,,47.0,25.0,22.0,3.0,0.0,3.0,19.0,45.0,24.0,21.0,9.0,5.0,4.0,42.0,24.0,18.0,,0.0,,55.0,25.0,30.0,55.0,25.0,30.0,0.0,0.0,0.0,7.0,0.0,7.0,8.0,,7.0,19.0,26.0,19.0,,19.0,7.0,18.0,,27.0,0.0,6.0,,13.0,18.0,17.0,18.0,,13.0,5.0,18.0,,5.0,19.0,18.0,19.0,19.0,19.0,11.0,16.0,16.0,0.0,,6.0,0.0,0.0,16.0,18.0,,15.0,19.0,,,,,0.0,12.0,13.0,0.0,14.0,18.0,17.0,57.0,3226.848257196312,322.6748488514525,0.09999690816940139,5.6998237656558794,57.0,False,60
2201400014217036,22,Querétaro,014,Querétaro,0001,Santiago de Querétaro,4217,036,Urbana,41,Típica,21,20,13,12.17,41.0,,0.0,0.0,0.0,0.0,0.0,0.0,0.0,0.0,0.0,0.0,0.0,0.0,,0.0,,23.0,8.0,12.0,29.0,0.0,20.0,41.0,21.0,41.0,0.0,0.0,0.0,3.15,0.89,6.0,3.0,0.0,3.0,,,,31.0,17.0,14.0,3.0,3.0,0.0,15.0,29.0,16.0,13.0,3.0,,,26.0,13.0,13.0,0.0,0.0,0.0,38.0,20.0,18.0,38.0,20.0,18.0,,,0.0,7.0,3.0,4.0,7.0,4.0,3.0,13.0,11.0,13.0,,13.0,,10.0,0.0,14.0,,4.0,0.0,9.0,12.0,12.0,12.0,,11.0,3.0,11.0,0.0,3.0,12.0,12.0,13.0,12.0,12.0,9.0,11.0,10.0,,,,0.0,0.0,9.0,12.0,,8.0,12.0,,,,,0.0,5.0,12.0,,7.0,13.0,12.0,41.0,4028.9864327422765,21.729005785971175,0.005393169261972822,0.22111993974088567,41.0,False,60
2201400014217038,22,Querétaro,014,Querétaro,0001,Santiago de Querétaro,4217,038,Urbana,,Típica,,,,,,,,,,,,,,,,,,,,,,,,,,,,,,,,,,,,,,,,,,,,,,,,,,,,,,,,,,,,,,,,,,,,,,,,,,,,,,,,,,,,,,,,,,,,,,,,,,,,,,,,,,,,,,,,,,,,,,,,,,,,,,,,,1004.879253626363,110.79549664617355,0.11025752223099416,,,False,60
2201400014217039,22,Querétaro,014,Querétaro,0001,Santiago de Querétaro,4217,039,Urbana,,Típica,,,,,,,,,,,,,,,,,,,,,,,,,,,,,,,,,,,,,,,,,,,,,,,,,,,,,,,,,,,,,,,,,,,,,,,,,,,,,,,,,,,,,,,,,,,,,,,,,,,,,,,,,,,,,,,,,,,,,,,,,,,,,,,,,763.4042565021649,34.04195497835938,0.04459230438972911,,,False,60
2201400012757011,22,Querétaro,014,Querétaro,0001,Santiago de Querétaro,2757,011,Urbana,8,Típica,0,0,2,,,,,,,,,,,,,,,,,,,,,,,,,,,8.0,,,,,,,,,,,,,,,,,,,,,,,,,,,,,,,,,,,,,,,,,,,,,,,2.0,,,,,,,,3.0,,,,,,,,,,,,,,,,,,,,,,,,,,,,,,,,,,,,,,,,,,,8.0,15750.876233021534,391.40402127382436,0.024849666487331685,0.19879733189865348,8.0,False,60
2201400011674018,22,Querétaro,014,Querétaro,0001,Santiago de Querétaro,1674,018,Urbana,120,Típica,53,67,31,11.36,120.0,,0.0,0.0,,3.0,0.0,,5.0,0.0,0.0,,0.0,3.0,4.0,4.0,8.0,66.0,38.0,21.0,85.0,14.0,67.0,120.0,53.0,120.0,0.0,0.0,0.0,3.87,0.93,21.0,3.0,,,5.0,3.0,,104.0,59.0,45.0,8.0,3.0,5.0,41.0,99.0,56.0,43.0,16.0,11.0,5.0,91.0,53.0,38.0,6.0,4.0,,117.0,66.0,51.0,112.0,62.0,50.0,20.0,12.0,8.0,7.0,3.0,4.0,8.0,4.0,4.0,31.0,38.0,31.0,,31.0,7.0,30.0,,39.0,,5.0,,26.0,28.0,30.0,30.0,,15.0,11.0,31.0,4.0,4.0,31.0,30.0,31.0,30.0,30.0,21.0,26.0,28.0,0.0,,16.0,0.0,0.0,23.0,30.0,,24.0,31.0,4.0,0.0,0.0,0.0,0.0,6.0,23.0,0.0,20.0,28.0,30.0,120.0,25440.02617581739,586.6722518889404,0.02306099246260271,2.767319095512325,120.0,False,60
220140001223A037,22,Querétaro,014,Querétaro,0001,Santiago de Querétaro,223A,037,Urbana,0,Típica,0,0,0,0.0,0.0,,0.0,0.0,0.0,0.0,0.0,0.0,0.0,0.0,0.0,0.0,0.0,0.0,0.0,0.0,0.0,0.0,0.0,0.0,0.0,0.0,0.0,0.0,0.0,0.0,0.0,0.0,0.0,0.0,0.0,0.0,0.0,0.0,0.0,0.0,0.0,0.0,0.0,0.0,0.0,0.0,0.0,0.0,0.0,0.0,0.0,0.0,0.0,0.0,0.0,0.0,0.0,0.0,0.0,0.0,0.0,0.0,0.0,0.0,0.0,0.0,0.0,0.0,0.0,0.0,0.0,0.0,0.0,0.0,0.0,0.0,0.0,0.0,0.0,0.0,0.0,0.0,0.0,0.0,0.0,0.0,0.0,0.0,0.0,0.0,0.0,0.0,0.0,0.0,0.0,0.0,0.0,0.0,0.0,0.0,0.0,0.0,0.0,0.0,0.0,0.0,0.0,0.0,0.0,0.0,0.0,0.0,0.0,0.0,0.0,0.0,0.0,0.0,0.0,0.0,0.0,0.0,0.0,0.0,0.0,0.0,0.0,0.0,4799.703804155526,371.624719092526,0.07742659427666719,0.0,0.0,False,60
2201400012846001,22,Querétaro,014,Querétaro,0001,Santiago de Querétaro,2846,001,Urbana,860,Típica,420,440,258,13.0,860.0,,4.0,,,7.0,3.0,8.0,20.0,,,11.0,9.0,9.0,10.0,16.0,37.0,490.0,235.0,180.0,648.0,32.0,440.0,860.0,420.0,860.0,16.0,6.0,10.0,3.33,0.85,124.0,27.0,14.0,13.0,46.0,23.0,23.0,726.0,369.0,357.0,65.0,34.0,31.0,271.0,680.0,346.0,334.0,120.0,54.0,66.0,615.0,312.0,303.0,29.0,15.0,14.0,833.0,426.0,407.0,814.0,417.0,397.0,49.0,28.0,21.0,78.0,42.0,36.0,103.0,54.0,49.0,258.0,279.0,258.0,,258.0,26.0,251.0,,286.0,0.0,46.0,8.0,212.0,250.0,256.0,258.0,0.0,203.0,34.0,256.0,50.0,76.0,258.0,258.0,258.0,258.0,258.0,198.0,237.0,236.0,0.0,26.0,52.0,0.0,0.0,204.0,258.0,0.0,162.0,257.0,14.0,0.0,6.0,0.0,0.0,118.0,172.0,0.0,190.0,255.0,250.0,860.0,88801.63164459782,1287.3228384109002,0.014496612444724303,12.4670867024629,860.0,False,60
2201400011227013,22,Querétaro,014,Querétaro,0001,Santiago de Querétaro,1227,013,Urbana,0,Típica,0,0,0,0.0,0.0,,0.0,0.0,0.0,0.0,0.0,0.0,0.0,0.0,0.0,0.0,0.0,0.0,0.0,0.0,0.0,0.0,0.0,0.0,0.0,0.0,0.0,0.0,0.0,0.0,0.0,0.0,0.0,0.0,0.0,0.0,0.0,0.0,0.0,0.0,0.0,0.0,0.0,0.0,0.0,0.0,0.0,0.0,0.0,0.0,0.0,0.0,0.0,0.0,0.0,0.0,0.0,0.0,0.0,0.0,0.0,0.0,0.0,0.0,0.0,0.0,0.0,0.0,0.0,0.0,0.0,0.0,0.0,0.0,0.0,0.0,0.0,0.0,0.0,0.0,0.0,0.0,0.0,0.0,0.0,0.0,0.0,0.0,0.0,0.0,0.0,0.0,0.0,0.0,0.0,0.0,0.0,0.0,0.0,0.0,0.0,0.0,0.0,0.0,0.0,0.0,0.0,0.0,0.0,0.0,0.0,0.0,0.0,0.0,0.0,0.0,0.0,0.0,0.0,0.0,0.0,0.0,0.0,0.0,0.0,0.0,0.0,0.0,47523.16470472181,650.7794487566742,0.013693941739785147,0.0,0.0,False,60
2201400011975082,22,Querétaro,014,Querétaro,0001,Santiago de Querétaro,1975,082,Urbana,,Típica,,,,,,,,,,,,,,,,,,,,,,,,,,,,,,,,,,,,,,,,,,,,,,,,,,,,,,,,,,,,,,,,,,,,,,,,,,,,,,,,,,,,,,,,,,,,,,,,,,,,,,,,,,,,,,,,,,,,,,,,,,,,,,,,,3547.9215088205624,587.8323919595949,0.16568359545107536,,,False,60
2201400013613010,22,Querétaro,014,Querétaro,0001,Santiago de Querétaro,3613,010,Urbana,1,Económica,0,0,1,,,,,,,,,,,,,,,,,,,,,,,,,,,1.0,,,,,,,,,,,,,,,,,,,,,,,,,,,,,,,,,,,,,,,,,,,,,,,1.0,,,,,,,,1.0,,,,,,,,,,,,,,,,,,,,,,,,,,,,,,,,,,,,,,,,,,,1.0,325729.6051363314,584.2960944431367,0.0017938071493335229,0.0017938071493335229,1.0,False,60
2201400011689062,22,Querétaro,014,Querétaro,0001,Santiago de Querétaro,1689,062,Urbana,0,Típica,0,0,0,0.0,0.0,,0.0,0.0,0.0,0.0,0.0,0.0,0.0,0.0,0.0,0.0,0.0,0.0,0.0,0.0,0.0,0.0,0.0,0.0,0.0,0.0,0.0,0.0,0.0,0.0,0.0,0.0,0.0,0.0,0.0,0.0,0.0,0.0,0.0,0.0,0.0,0.0,0.0,0.0,0.0,0.0,0.0,0.0,0.0,0.0,0.0,0.0,0.0,0.0,0.0,0.0,0.0,0.0,0.0,0.0,0.0,0.0,0.0,0.0,0.0,0.0,0.0,0.0,0.0,0.0,0.0,0.0,0.0,0.0,0.0,0.0,0.0,0.0,0.0,0.0,0.0,0.0,0.0,0.0,0.0,0.0,0.0,0.0,0.0,0.0,0.0,0.0,0.0,0.0,0.0,0.0,0.0,0.0,0.0,0.0,0.0,0.0,0.0,0.0,0.0,0.0,0.0,0.0,0.0,0.0,0.0,0.0,0.0,0.0,0.0,0.0,0.0,0.0,0.0,0.0,0.0,0.0,0.0,0.0,0.0,0.0,0.0,0.0,1386.4071276229424,679.5356878050984,0.49014151346018614,0.0,0.0,True,60
2201400011693033,22,Querétaro,014,Querétaro,0001,Santiago de Querétaro,1693,033,Urbana,116,Típica,53,63,31,10.93,116.0,,,3.0,0.0,,,5.0,4.0,,0.0,4.0,,4.0,18.0,10.0,24.0,79.0,15.0,27.0,87.0,,63.0,116.0,53.0,116.0,0.0,0.0,0.0,3.74,0.83,22.0,5.0,4.0,,5.0,3.0,,94.0,50.0,44.0,4.0,3.0,,34.0,89.0,47.0,42.0,18.0,9.0,9.0,85.0,44.0,41.0,6.0,3.0,3.0,111.0,59.0,52.0,107.0,58.0,49.0,10.0,,8.0,11.0,6.0,5.0,13.0,8.0,5.0,31.0,36.0,31.0,5.0,31.0,5.0,31.0,0.0,36.0,0.0,6.0,0.0,25.0,31.0,31.0,31.0,0.0,16.0,9.0,30.0,22.0,6.0,31.0,31.0,31.0,31.0,31.0,21.0,28.0,28.0,0.0,3.0,14.0,0.0,0.0,14.0,31.0,0.0,30.0,30.0,3.0,0.0,0.0,0.0,0.0,11.0,26.0,0.0,27.0,31.0,31.0,116.0,2769.3479464791844,616.523787279894,0.22262416973053625,25.824403688742205,116.0,False,60
2201400011693035,22,Querétaro,014,Querétaro,0001,Santiago de Querétaro,1693,035,Urbana,21,Típica,8,13,6,10.77,21.0,,0.0,0.0,0.0,0.0,0.0,0.0,0.0,0.0,0.0,0.0,0.0,0.0,4.0,0.0,4.0,7.0,8.0,8.0,12.0,,13.0,21.0,8.0,21.0,0.0,0.0,0.0,3.5,0.72,0.0,,,0.0,,,0.0,15.0,9.0,6.0,,,,5.0,13.0,7.0,6.0,0.0,0.0,0.0,11.0,6.0,5.0,,0.0,,20.0,12.0,8.0,19.0,12.0,7.0,3.0,,,3.0,3.0,0.0,4.0,4.0,0.0,6.0,5.0,6.0,0.0,6.0,0.0,5.0,0.0,6.0,0.0,0.0,0.0,6.0,6.0,6.0,6.0,0.0,4.0,0.0,6.0,4.0,0.0,6.0,6.0,6.0,6.0,6.0,,6.0,5.0,0.0,0.0,,0.0,0.0,5.0,6.0,0.0,3.0,6.0,0.0,0.0,0.0,0.0,0.0,,4.0,0.0,3.0,6.0,6.0,21.0,579.7791796780475,299.13324952556695,0.5159434143386733,10.83481170111214,21.0,True,60
2201400011693037,22,Querétaro,014,Querétaro,0001,Santiago de Querétaro,1693,037,Urbana,59,Típica,32,27,17,11.08,59.0,,0.0,0.0,0.0,0.0,0.0,0.0,4.0,,0.0,,0.0,,3.0,0.0,6.0,34.0,18.0,9.0,48.0,,27.0,59.0,32.0,59.0,,0.0,,3.47,0.73,,,0.0,,,0.0,,52.0,25.0,27.0,3.0,,,15.0,50.0,25.0,25.0,7.0,,6.0,47.0,23.0,24.0,,,,57.0,27.0,30.0,55.0,26.0,29.0,7.0,6.0,,3.0,,,4.0,,3.0,17.0,17.0,17.0,,17.0,0.0,16.0,,18.0,0.0,3.0,0.0,14.0,17.0,17.0,17.0,0.0,10.0,,17.0,16.0,4.0,17.0,17.0,17.0,17.0,17.0,10.0,16.0,16.0,0.0,,7.0,0.0,0.0,8.0,17.0,0.0,12.0,17.0,,0.0,0.0,0.0,0.0,6.0,13.0,0.0,11.0,17.0,16.0,59.0,801.8732333009095,152.7159080546029,0.19044894094537632,11.236487515777203,59.0,False,60
2201400011710003,22,Querétaro,014,Querétaro,0001,Santiago de Querétaro,1710,003,Urbana,80,Típica,42,38,23,12.06,80.0,,,0.0,,3.0,0.0,5.0,0.0,0.0,0.0,3.0,3.0,,6.0,7.0,9.0,55.0,11.0,15.0,65.0,0.0,38.0,80.0,42.0,80.0,16.0,10.0,6.0,3.48,0.89,17.0,5.0,,3.0,,,0.0,66.0,34.0,32.0,0.0,0.0,0.0,22.0,65.0,33.0,32.0,11.0,5.0,6.0,65.0,33.0,32.0,3.0,0.0,3.0,75.0,36.0,39.0,73.0,36.0,37.0,4.0,,,6.0,,4.0,4.0,3.0,,23.0,24.0,23.0,,23.0,,23.0,0.0,24.0,0.0,3.0,0.0,20.0,23.0,23.0,23.0,0.0,4.0,4.0,20.0,12.0,4.0,23.0,23.0,23.0,23.0,23.0,9.0,17.0,19.0,0.0,0.0,19.0,0.0,0.0,10.0,23.0,0.0,16.0,22.0,5.0,0.0,,0.0,0.0,7.0,12.0,0.0,14.0,23.0,21.0,80.0,1548.0494951731346,105.93887390578769,0.06843377697942367,5.474702158353893,80.0,False,60
2201400011778006,22,Querétaro,014,Querétaro,0001,Santiago de Querétaro,1778,006,Urbana,115,Típica,58,57,37,13.41,115.0,,4.0,0.0,,6.0,0.0,7.0,3.0,0.0,0.0,7.0,0.0,4.0,28.0,13.0,32.0,77.0,21.0,22.0,81.0,12.0,57.0,115.0,58.0,115.0,3.0,,,3.11,0.77,18.0,3.0,,,5.0,3.0,,98.0,48.0,50.0,,0.0,,31.0,93.0,45.0,48.0,14.0,6.0,8.0,92.0,45.0,47.0,3.0,,,112.0,55.0,57.0,111.0,54.0,57.0,17.0,8.0,9.0,11.0,6.0,5.0,13.0,8.0,5.0,37.0,35.0,37.0,,37.0,,34.0,0.0,38.0,,5.0,,32.0,33.0,37.0,37.0,0.0,23.0,4.0,36.0,13.0,7.0,37.0,36.0,36.0,36.0,37.0,24.0,33.0,27.0,0.0,,13.0,0.0,,20.0,37.0,0.0,31.0,36.0,4.0,0.0,0.0,0.0,0.0,15.0,29.0,0.0,31.0,37.0,37.0,115.0,5672.314942805475,291.64786297506697,0.051416020780894904,5.912842389802914,115.0,False,60
2201400012206028,22,Querétaro,014,Querétaro,0001,Santiago de Querétaro,2206,028,Urbana,111,Típica,56,55,34,11.62,111.0,,0.0,0.0,0.0,0.0,0.0,0.0,4.0,0.0,0.0,5.0,0.0,,9.0,0.0,17.0,65.0,31.0,22.0,78.0,11.0,55.0,111.0,56.0,111.0,,,0.0,3.26,0.79,16.0,,,,7.0,6.0,,96.0,48.0,48.0,5.0,5.0,0.0,29.0,89.0,42.0,47.0,16.0,6.0,10.0,84.0,37.0,47.0,4.0,,3.0,109.0,54.0,55.0,107.0,54.0,53.0,17.0,9.0,8.0,9.0,5.0,4.0,14.0,9.0,5.0,34.0,39.0,34.0,5.0,34.0,5.0,34.0,0.0,39.0,0.0,4.0,0.0,30.0,34.0,34.0,34.0,0.0,21.0,5.0,34.0,7.0,3.0,34.0,34.0,34.0,34.0,34.0,24.0,33.0,25.0,0.0,0.0,13.0,0.0,0.0,25.0,34.0,0.0,21.0,34.0,,0.0,,0.0,0.0,13.0,26.0,0.0,28.0,33.0,33.0,111.0,4212.948158794877,72.77980252922059,0.017275266579600972,1.9175545903357079,111.0,False,60
2201400012348023,22,Querétaro,014,Querétaro,0001,Santiago de Querétaro,2348,023,Urbana,26,Típica,10,16,10,13.48,26.0,,0.0,0.0,0.0,0.0,0.0,0.0,,0.0,0.0,,,0.0,3.0,0.0,5.0,19.0,4.0,3.0,18.0,5.0,16.0,26.0,10.0,26.0,0.0,0.0,0.0,2.6,0.55,6.0,0.0,0.0,0.0,0.0,0.0,0.0,23.0,14.0,9.0,0.0,0.0,0.0,9.0,23.0,14.0,9.0,0.0,0.0,0.0,23.0,14.0,9.0,0.0,0.0,0.0,26.0,16.0,10.0,26.0,16.0,10.0,7.0,3.0,4.0,3.0,,,,0.0,,10.0,11.0,10.0,,10.0,,9.0,0.0,12.0,0.0,0.0,0.0,10.0,10.0,10.0,10.0,0.0,7.0,0.0,9.0,6.0,,10.0,10.0,10.0,10.0,10.0,9.0,9.0,10.0,0.0,0.0,3.0,0.0,0.0,8.0,10.0,0.0,8.0,10.0,0.0,0.0,0.0,0.0,0.0,3.0,8.0,0.0,8.0,10.0,10.0,26.0,27450.000165535126,1368.869620545948,0.04986774543865517,1.2965613814050345,26.0,False,60
2201400012704002,22,Querétaro,014,Querétaro,0001,Santiago de Querétaro,2704,002,Urbana,126,Típica,66,60,36,8.54,126.0,,,0.0,0.0,0.0,0.0,6.0,4.0,,,,0.0,0.0,21.0,7.0,23.0,74.0,23.0,36.0,85.0,5.0,60.0,126.0,66.0,126.0,0.0,0.0,0.0,3.5,1.22,3.0,4.0,0.0,4.0,7.0,4.0,3.0,97.0,46.0,51.0,11.0,5.0,6.0,35.0,90.0,42.0,48.0,21.0,10.0,11.0,79.0,37.0,42.0,10.0,7.0,3.0,122.0,60.0,62.0,115.0,55.0,60.0,7.0,4.0,3.0,15.0,7.0,8.0,16.0,7.0,9.0,36.0,43.0,36.0,,36.0,5.0,36.0,,43.0,8.0,14.0,12.0,22.0,16.0,34.0,35.0,,15.0,4.0,33.0,6.0,3.0,36.0,35.0,36.0,36.0,36.0,12.0,26.0,21.0,0.0,3.0,19.0,0.0,0.0,10.0,36.0,0.0,34.0,28.0,10.0,,,,0.0,4.0,20.0,0.0,10.0,30.0,31.0,126.0,10392.632056076833,405.86385568663604,0.03905303810398226,4.920682801101765,126.0,False,60
2201400012704004,22,Querétaro,014,Querétaro,0001,Santiago de Querétaro,2704,004,Urbana,76,Típica,43,33,16,8.96,76.0,,,0.0,,4.0,,3.0,,0.0,0.0,,0.0,,4.0,6.0,6.0,33.0,26.0,20.0,54.0,,33.0,76.0,43.0,76.0,0.0,0.0,0.0,4.75,1.41,3.0,8.0,3.0,5.0,3.0,,,59.0,28.0,31.0,6.0,3.0,3.0,23.0,56.0,27.0,29.0,11.0,5.0,6.0,50.0,24.0,26.0,5.0,,4.0,68.0,30.0,38.0,65.0,29.0,36.0,5.0,,3.0,4.0,,3.0,4.0,,,16.0,18.0,16.0,,16.0,,16.0,0.0,18.0,3.0,4.0,,12.0,11.0,16.0,16.0,0.0,7.0,5.0,15.0,3.0,0.0,16.0,16.0,16.0,16.0,16.0,9.0,11.0,11.0,0.0,,9.0,0.0,0.0,5.0,16.0,0.0,15.0,16.0,5.0,,0.0,0.0,0.0,4.0,9.0,0.0,7.0,16.0,16.0,76.0,6511.575571148277,27.160259068757295,0.004171073309676378,0.31700157153540476,76.0,False,60
2201400012757012,22,Querétaro,014,Querétaro,0001,Santiago de Querétaro,2757,012,Urbana,106,Típica,57,49,25,9.05,106.0,,0.0,0.0,0.0,,0.0,,6.0,0.0,0.0,0.0,,3.0,7.0,3.0,12.0,57.0,22.0,30.0,69.0,7.0,49.0,106.0,57.0,106.0,9.0,6.0,3.0,4.24,1.09,22.0,6.0,,5.0,3.0,,,79.0,36.0,43.0,,0.0,,27.0,76.0,35.0,41.0,17.0,8.0,9.0,74.0,35.0,39.0,8.0,6.0,,100.0,48.0,52.0,94.0,44.0,50.0,9.0,5.0,4.0,13.0,6.0,7.0,13.0,5.0,8.0,25.0,30.0,25.0,5.0,25.0,5.0,25.0,0.0,30.0,,6.0,5.0,19.0,19.0,24.0,25.0,0.0,14.0,6.0,24.0,3.0,7.0,25.0,25.0,25.0,25.0,25.0,16.0,17.0,21.0,0.0,3.0,9.0,0.0,0.0,9.0,23.0,,21.0,23.0,8.0,0.0,,0.0,0.0,4.0,16.0,0.0,12.0,22.0,23.0,106.0,4677.455503912825,87.92592748182408,0.018797811632472298,1.9925680330420636,106.0,False,60
2201400012776016,22,Querétaro,014,Querétaro,0001,Santiago de Querétaro,2776,016,Urbana,0,Típica,0,0,0,0.0,0.0,,0.0,0.0,0.0,0.0,0.0,0.0,0.0,0.0,0.0,0.0,0.0,0.0,0.0,0.0,0.0,0.0,0.0,0.0,0.0,0.0,0.0,0.0,0.0,0.0,0.0,0.0,0.0,0.0,0.0,0.0,0.0,0.0,0.0,0.0,0.0,0.0,0.0,0.0,0.0,0.0,0.0,0.0,0.0,0.0,0.0,0.0,0.0,0.0,0.0,0.0,0.0,0.0,0.0,0.0,0.0,0.0,0.0,0.0,0.0,0.0,0.0,0.0,0.0,0.0,0.0,0.0,0.0,0.0,0.0,0.0,0.0,0.0,0.0,0.0,0.0,0.0,0.0,0.0,0.0,0.0,0.0,0.0,0.0,0.0,0.0,0.0,0.0,0.0,0.0,0.0,0.0,0.0,0.0,0.0,0.0,0.0,0.0,0.0,0.0,0.0,0.0,0.0,0.0,0.0,0.0,0.0,0.0,0.0,0.0,0.0,0.0,0.0,0.0,0.0,0.0,0.0,0.0,0.0,0.0,0.0,0.0,0.0,17676.727956417824,427.00492363070157,0.02415633281699459,0.0,0.0,False,60
220140001351A003,22,Querétaro,014,Querétaro,0001,Santiago de Querétaro,351A,003,Urbana,39,Típica,23,16,13,10.43,39.0,,,0.0,0.0,,0.0,0.0,0.0,,,0.0,0.0,,4.0,,6.0,21.0,7.0,11.0,25.0,3.0,16.0,39.0,23.0,39.0,3.0,,,3.0,1.08,14.0,3.0,,,0.0,0.0,0.0,28.0,13.0,15.0,,,0.0,11.0,28.0,13.0,15.0,8.0,3.0,5.0,27.0,12.0,15.0,,,0.0,36.0,14.0,22.0,35.0,13.0,22.0,4.0,,3.0,7.0,0.0,7.0,5.0,0.0,5.0,13.0,13.0,13.0,,13.0,,12.0,0.0,14.0,,10.0,,3.0,9.0,13.0,13.0,0.0,6.0,,12.0,0.0,,13.0,13.0,13.0,13.0,13.0,7.0,11.0,7.0,0.0,,7.0,0.0,0.0,4.0,12.0,,8.0,10.0,,0.0,0.0,0.0,0.0,,4.0,0.0,8.0,9.0,11.0,39.0,5374.063781432926,464.0088529624783,0.08634226757144223,3.367348435286247,39.0,False,60
220140001351A008,22,Querétaro,014,Querétaro,0001,Santiago de Querétaro,351A,008,Urbana,86,Típica,45,41,27,10.45,86.0,,0.0,0.0,0.0,0.0,0.0,0.0,0.0,0.0,0.0,0.0,0.0,0.0,0.0,0.0,0.0,39.0,36.0,15.0,69.0,,41.0,86.0,45.0,86.0,0.0,0.0,0.0,3.19,0.88,49.0,,,0.0,4.0,,3.0,75.0,35.0,40.0,5.0,,4.0,26.0,71.0,34.0,37.0,21.0,9.0,12.0,66.0,33.0,33.0,5.0,,3.0,84.0,39.0,45.0,79.0,37.0,42.0,4.0,,,4.0,,,7.0,,5.0,27.0,34.0,27.0,7.0,27.0,7.0,27.0,0.0,34.0,6.0,12.0,3.0,15.0,18.0,27.0,27.0,0.0,10.0,,27.0,,,27.0,27.0,27.0,27.0,27.0,11.0,24.0,13.0,0.0,,17.0,0.0,0.0,13.0,27.0,0.0,15.0,26.0,3.0,0.0,0.0,0.0,0.0,8.0,9.0,0.0,9.0,24.0,27.0,86.0,11486.581665623318,94.51908878218242,0.008228652486322905,0.7076641138237698,86.0,False,60
2201400011833018,22,Querétaro,014,Querétaro,0001,Santiago de Querétaro,1833,018,Urbana,0,Típica,0,0,0,0.0,0.0,,0.0,0.0,0.0,0.0,0.0,0.0,0.0,0.0,0.0,0.0,0.0,0.0,0.0,0.0,0.0,0.0,0.0,0.0,0.0,0.0,0.0,0.0,0.0,0.0,0.0,0.0,0.0,0.0,0.0,0.0,0.0,0.0,0.0,0.0,0.0,0.0,0.0,0.0,0.0,0.0,0.0,0.0,0.0,0.0,0.0,0.0,0.0,0.0,0.0,0.0,0.0,0.0,0.0,0.0,0.0,0.0,0.0,0.0,0.0,0.0,0.0,0.0,0.0,0.0,0.0,0.0,0.0,0.0,0.0,0.0,0.0,0.0,0.0,0.0,0.0,0.0,0.0,0.0,0.0,0.0,0.0,0.0,0.0,0.0,0.0,0.0,0.0,0.0,0.0,0.0,0.0,0.0,0.0,0.0,0.0,0.0,0.0,0.0,0.0,0.0,0.0,0.0,0.0,0.0,0.0,0.0,0.0,0.0,0.0,0.0,0.0,0.0,0.0,0.0,0.0,0.0,0.0,0.0,0.0,0.0,0.0,0.0,5731.439203757979,675.7966057405744,0.11791045524786677,0.0,0.0,False,60
2201400011886011,22,Querétaro,014,Querétaro,0001,Santiago de Querétaro,1886,011,Urbana,665,Típica,338,327,180,11.19,665.0,,3.0,0.0,6.0,22.0,8.0,21.0,29.0,4.0,5.0,16.0,16.0,22.0,39.0,39.0,77.0,393.0,177.0,110.0,495.0,60.0,327.0,665.0,338.0,665.0,14.0,7.0,7.0,3.69,0.8,133.0,29.0,11.0,18.0,15.0,5.0,10.0,570.0,286.0,284.0,30.0,16.0,14.0,175.0,555.0,281.0,274.0,91.0,44.0,47.0,525.0,265.0,260.0,26.0,11.0,15.0,636.0,316.0,320.0,620.0,309.0,311.0,95.0,53.0,42.0,40.0,19.0,21.0,46.0,20.0,26.0,180.0,177.0,180.0,10.0,180.0,10.0,167.0,0.0,190.0,4.0,35.0,19.0,145.0,157.0,180.0,180.0,0.0,115.0,24.0,178.0,28.0,36.0,180.0,180.0,180.0,180.0,180.0,115.0,162.0,146.0,0.0,24.0,59.0,0.0,0.0,113.0,180.0,0.0,133.0,176.0,16.0,0.0,,0.0,0.0,63.0,132.0,0.0,122.0,170.0,177.0,665.0,27709.3564143366,643.5599453742352,0.0232253660370568,15.444868414642771,665.0,False,60
2201400011886015,22,Querétaro,014,Querétaro,0001,Santiago de Querétaro,1886,015,Urbana,0,Típica,0,0,0,0.0,0.0,,0.0,0.0,0.0,0.0,0.0,0.0,0.0,0.0,0.0,0.0,0.0,0.0,0.0,0.0,0.0,0.0,0.0,0.0,0.0,0.0,0.0,0.0,0.0,0.0,0.0,0.0,0.0,0.0,0.0,0.0,0.0,0.0,0.0,0.0,0.0,0.0,0.0,0.0,0.0,0.0,0.0,0.0,0.0,0.0,0.0,0.0,0.0,0.0,0.0,0.0,0.0,0.0,0.0,0.0,0.0,0.0,0.0,0.0,0.0,0.0,0.0,0.0,0.0,0.0,0.0,0.0,0.0,0.0,0.0,0.0,0.0,0.0,0.0,0.0,0.0,0.0,0.0,0.0,0.0,0.0,0.0,0.0,0.0,0.0,0.0,0.0,0.0,0.0,0.0,0.0,0.0,0.0,0.0,0.0,0.0,0.0,0.0,0.0,0.0,0.0,0.0,0.0,0.0,0.0,0.0,0.0,0.0,0.0,0.0,0.0,0.0,0.0,0.0,0.0,0.0,0.0,0.0,0.0,0.0,0.0,0.0,0.0,8620.015222609907,643.3756665405396,0.0746374165155758,0.0,0.0,False,60
2201400011922029,22,Querétaro,014,Querétaro,0001,Santiago de Querétaro,1922,029,Urbana,0,Típica,0,0,0,0.0,0.0,,0.0,0.0,0.0,0.0,0.0,0.0,0.0,0.0,0.0,0.0,0.0,0.0,0.0,0.0,0.0,0.0,0.0,0.0,0.0,0.0,0.0,0.0,0.0,0.0,0.0,0.0,0.0,0.0,0.0,0.0,0.0,0.0,0.0,0.0,0.0,0.0,0.0,0.0,0.0,0.0,0.0,0.0,0.0,0.0,0.0,0.0,0.0,0.0,0.0,0.0,0.0,0.0,0.0,0.0,0.0,0.0,0.0,0.0,0.0,0.0,0.0,0.0,0.0,0.0,0.0,0.0,0.0,0.0,0.0,0.0,0.0,0.0,0.0,0.0,0.0,0.0,0.0,0.0,0.0,0.0,0.0,0.0,0.0,0.0,0.0,0.0,0.0,0.0,0.0,0.0,0.0,0.0,0.0,0.0,0.0,0.0,0.0,0.0,0.0,0.0,0.0,0.0,0.0,0.0,0.0,0.0,0.0,0.0,0.0,0.0,0.0,0.0,0.0,0.0,0.0,0.0,0.0,0.0,0.0,0.0,0.0,0.0,81434.25873668719,627.4877536947506,0.007705451777042569,0.0,0.0,False,60
2201400011937026,22,Querétaro,014,Querétaro,0001,Santiago de Querétaro,1937,026,Urbana,97,Típica,45,52,28,10.89,97.0,,,,0.0,3.0,,,3.0,0.0,3.0,,0.0,,,4.0,3.0,63.0,21.0,14.0,78.0,5.0,52.0,97.0,45.0,97.0,0.0,0.0,0.0,3.46,0.96,16.0,4.0,,,,0.0,,84.0,45.0,39.0,3.0,3.0,0.0,24.0,83.0,45.0,38.0,19.0,9.0,10.0,80.0,42.0,38.0,,,,93.0,50.0,43.0,92.0,49.0,43.0,10.0,7.0,3.0,7.0,4.0,3.0,6.0,,4.0,28.0,30.0,28.0,,28.0,,28.0,,30.0,0.0,,,26.0,27.0,28.0,28.0,0.0,14.0,4.0,28.0,0.0,4.0,28.0,28.0,28.0,28.0,28.0,15.0,27.0,24.0,0.0,3.0,14.0,0.0,0.0,16.0,28.0,0.0,25.0,28.0,,0.0,,0.0,0.0,10.0,24.0,0.0,19.0,27.0,27.0,97.0,2061.984908600603,579.6692926419192,0.28112198601653227,27.26883264360363,97.0,False,60
2201400011975002,22,Querétaro,014,Querétaro,0001,Santiago de Querétaro,1975,002,Urbana,152,Típica,70,82,39,11.46,152.0,,,0.0,0.0,,,,3.0,0.0,0.0,3.0,0.0,,21.0,5.0,23.0,95.0,37.0,23.0,125.0,4.0,82.0,152.0,70.0,152.0,,,0.0,3.9,1.15,15.0,5.0,,3.0,3.0,,,132.0,71.0,61.0,5.0,,3.0,45.0,129.0,69.0,60.0,29.0,14.0,15.0,124.0,67.0,57.0,5.0,3.0,,147.0,80.0,67.0,144.0,79.0,65.0,9.0,6.0,3.0,10.0,6.0,4.0,9.0,6.0,3.0,39.0,41.0,39.0,4.0,39.0,4.0,37.0,0.0,43.0,0.0,3.0,9.0,36.0,30.0,37.0,39.0,0.0,18.0,3.0,38.0,3.0,8.0,39.0,39.0,39.0,39.0,39.0,24.0,35.0,35.0,0.0,5.0,21.0,0.0,0.0,25.0,39.0,0.0,29.0,39.0,,0.0,,0.0,0.0,9.0,26.0,0.0,30.0,37.0,38.0,152.0,4871.521604810941,475.4300129145589,0.09759374000210554,14.834248480320042,152.0,False,60
2201400011994004,22,Querétaro,014,Querétaro,0001,Santiago de Querétaro,1994,004,Urbana,36,Típica,18,18,7,8.16,36.0,,0.0,,0.0,3.0,,,0.0,0.0,0.0,,0.0,0.0,,4.0,3.0,15.0,13.0,11.0,25.0,0.0,18.0,36.0,18.0,36.0,0.0,0.0,0.0,5.14,1.24,6.0,,,,3.0,,,28.0,14.0,14.0,,0.0,,9.0,25.0,13.0,12.0,5.0,3.0,,23.0,13.0,10.0,,0.0,,34.0,17.0,17.0,33.0,17.0,16.0,,,0.0,5.0,3.0,,6.0,,4.0,7.0,7.0,7.0,0.0,7.0,0.0,7.0,0.0,7.0,0.0,0.0,,7.0,6.0,5.0,6.0,,4.0,,7.0,0.0,0.0,7.0,6.0,7.0,7.0,7.0,3.0,3.0,3.0,0.0,0.0,3.0,0.0,0.0,3.0,7.0,0.0,5.0,7.0,3.0,0.0,0.0,0.0,0.0,0.0,3.0,0.0,,4.0,7.0,36.0,8860.01223097424,144.69212365134297,0.01633091691967481,0.5879130091082931,36.0,False,60
2201400012013012,22,Querétaro,014,Querétaro,0001,Santiago de Querétaro,2013,012,Urbana,56,Típica,29,27,15,9.49,49.0,,,0.0,0.0,,0.0,3.0,,,0.0,0.0,,,,3.0,4.0,28.0,18.0,13.0,42.0,,27.0,49.0,29.0,56.0,0.0,0.0,0.0,3.5,1.14,18.0,,0.0,,3.0,,,46.0,23.0,23.0,,,,19.0,43.0,21.0,22.0,10.0,5.0,5.0,41.0,20.0,21.0,,,0.0,54.0,27.0,27.0,52.0,25.0,27.0,,0.0,,6.0,,4.0,7.0,4.0,3.0,15.0,17.0,14.0,3.0,14.0,3.0,14.0,0.0,18.0,,6.0,3.0,8.0,10.0,12.0,13.0,,6.0,,13.0,,,12.0,11.0,12.0,12.0,13.0,3.0,9.0,7.0,0.0,0.0,8.0,0.0,,,13.0,,11.0,11.0,5.0,,,0.0,0.0,,9.0,,7.0,7.0,12.0,56.0,72166.84693469234,610.7863114950753,0.008463530519045798,0.4739577090665647,56.0,False,60
2201400013647004,22,Querétaro,014,Querétaro,0001,Santiago de Querétaro,3647,004,Urbana,237,Típica,111,126,72,10.69,237.0,,,0.0,,3.0,0.0,7.0,8.0,0.0,0.0,,6.0,12.0,16.0,10.0,29.0,135.0,50.0,65.0,165.0,7.0,126.0,237.0,111.0,237.0,18.0,11.0,7.0,3.29,1.04,27.0,10.0,5.0,5.0,13.0,8.0,5.0,185.0,101.0,84.0,12.0,10.0,,79.0,172.0,93.0,79.0,37.0,15.0,22.0,160.0,83.0,77.0,9.0,3.0,6.0,227.0,121.0,106.0,221.0,119.0,102.0,12.0,8.0,4.0,33.0,17.0,16.0,33.0,19.0,14.0,72.0,79.0,72.0,,72.0,7.0,71.0,,80.0,0.0,14.0,0.0,58.0,72.0,72.0,72.0,0.0,37.0,12.0,70.0,0.0,11.0,72.0,72.0,72.0,72.0,72.0,48.0,55.0,53.0,0.0,6.0,34.0,0.0,0.0,38.0,72.0,0.0,66.0,69.0,10.0,,,0.0,0.0,23.0,43.0,0.0,34.0,71.0,67.0,237.0,5183.882858993371,380.3548980382583,0.07337258737982309,17.389303209018074,237.0,False,60
2201400013651014,22,Querétaro,014,Querétaro,0001,Santiago de Querétaro,3651,014,Urbana,139,Típica,79,60,39,11.77,139.0,,,0.0,0.0,,0.0,0.0,,3.0,3.0,3.0,0.0,,3.0,,9.0,70.0,42.0,39.0,95.0,5.0,60.0,139.0,79.0,139.0,0.0,0.0,0.0,3.56,0.77,14.0,4.0,3.0,,12.0,4.0,8.0,112.0,48.0,64.0,7.0,,5.0,37.0,100.0,44.0,56.0,14.0,5.0,9.0,93.0,42.0,51.0,7.0,4.0,3.0,135.0,57.0,78.0,133.0,56.0,77.0,7.0,,5.0,16.0,5.0,11.0,27.0,9.0,18.0,39.0,40.0,39.0,,39.0,,39.0,0.0,40.0,0.0,4.0,0.0,35.0,39.0,39.0,39.0,0.0,38.0,6.0,39.0,,13.0,39.0,39.0,39.0,39.0,39.0,31.0,33.0,37.0,0.0,,,0.0,0.0,29.0,38.0,,27.0,39.0,5.0,0.0,,0.0,0.0,20.0,28.0,0.0,31.0,39.0,36.0,139.0,4421.8799912070735,467.8123078465039,0.1057948901319689,14.705489728343677,139.0,False,60
2201400013810038,22,Querétaro,014,Querétaro,0001,Santiago de Querétaro,3810,038,Urbana,11,Típica,7,4,3,12.88,11.0,,0.0,0.0,0.0,,0.0,0.0,0.0,0.0,0.0,0.0,0.0,0.0,,,,6.0,,3.0,8.0,0.0,4.0,11.0,7.0,11.0,0.0,0.0,0.0,3.67,0.92,0.0,0.0,0.0,0.0,0.0,0.0,0.0,8.0,4.0,4.0,0.0,0.0,0.0,3.0,8.0,4.0,4.0,3.0,,,8.0,4.0,4.0,,0.0,,11.0,4.0,7.0,10.0,4.0,6.0,0.0,0.0,0.0,,0.0,,0.0,0.0,0.0,3.0,4.0,3.0,,3.0,,3.0,0.0,4.0,0.0,,0.0,,3.0,3.0,3.0,0.0,,0.0,3.0,0.0,,3.0,3.0,3.0,3.0,3.0,0.0,,,0.0,0.0,,0.0,0.0,3.0,3.0,0.0,,3.0,0.0,0.0,0.0,0.0,0.0,0.0,,0.0,3.0,3.0,3.0,11.0,190.61598209242175,58.65385961976422,0.3077069350424426,3.384776285466869,11.0,False,60
2201400012206026,22,Querétaro,014,Querétaro,0001,Santiago de Querétaro,2206,026,Urbana,244,Típica,125,119,75,12.7,244.0,,,0.0,,4.0,,8.0,3.0,,0.0,,,,17.0,14.0,20.0,147.0,68.0,40.0,191.0,13.0,119.0,244.0,125.0,244.0,,,0.0,3.25,0.71,37.0,7.0,6.0,,11.0,,9.0,215.0,102.0,113.0,13.0,5.0,8.0,70.0,204.0,100.0,104.0,35.0,18.0,17.0,191.0,95.0,96.0,8.0,4.0,4.0,237.0,113.0,124.0,231.0,110.0,121.0,25.0,12.0,13.0,14.0,7.0,7.0,22.0,7.0,15.0,75.0,79.0,75.0,5.0,75.0,5.0,74.0,0.0,80.0,0.0,7.0,0.0,68.0,75.0,75.0,75.0,0.0,50.0,24.0,74.0,5.0,17.0,75.0,75.0,75.0,75.0,75.0,50.0,68.0,62.0,0.0,4.0,25.0,0.0,0.0,58.0,75.0,0.0,63.0,74.0,4.0,,0.0,0.0,0.0,32.0,62.0,0.0,60.0,74.0,74.0,244.0,10504.512527765937,86.8800663409407,0.008270737562670893,2.0180599652916977,244.0,False,60
2201400010360014,22,Querétaro,014,Querétaro,0001,Santiago de Querétaro,0360,014,Urbana,187,Típica,75,112,45,13.61,140.0,,9.0,4.0,7.0,19.0,7.0,9.0,23.0,18.0,18.0,19.0,,19.0,24.0,24.0,30.0,93.0,79.0,22.0,117.0,48.0,112.0,140.0,75.0,187.0,4.0,,,3.26,0.61,53.0,5.0,,4.0,8.0,3.0,5.0,173.0,108.0,65.0,4.0,3.0,,46.0,165.0,105.0,60.0,20.0,9.0,11.0,161.0,102.0,59.0,5.0,,4.0,182.0,111.0,71.0,179.0,110.0,69.0,54.0,47.0,7.0,4.0,,,12.0,5.0,7.0,45.0,51.0,43.0,8.0,43.0,3.0,43.0,5.0,53.0,0.0,8.0,,35.0,42.0,43.0,43.0,0.0,26.0,12.0,42.0,4.0,9.0,43.0,43.0,43.0,43.0,43.0,30.0,37.0,35.0,0.0,5.0,14.0,0.0,0.0,33.0,43.0,0.0,30.0,42.0,4.0,0.0,,0.0,0.0,18.0,30.0,0.0,31.0,36.0,42.0,187.0,20078.024505530975,654.3623353005662,0.03259097204111422,6.094511771688359,187.0,False,60
2201400011918078,22,Querétaro,014,Querétaro,0001,Santiago de Querétaro,1918,078,Urbana,8,Típica,0,0,2,,,,,,,,,,,,,,,,,,,,,,,,,,,8.0,,,,,,,,,,,,,,,,,,,,,,,,,,,,,,,,,,,,,,,,,,,,,,,2.0,,,,,,,,3.0,,,,,,,,,,,,,,,,,,,,,,,,,,,,,,,,,,,,,,,,,,,8.0,691.6768529420024,0.25328109106420704,0.00036618413640255915,0.002929473091220473,8.0,False,60
2201400011918077,22,Querétaro,014,Querétaro,0001,Santiago de Querétaro,1918,077,Urbana,4,Típica,0,0,1,,,,,,,,,,,,,,,,,,,,,,,,,,,4.0,,,,,,,,,,,,,,,,,,,,,,,,,,,,,,,,,,,,,,,,,,,,,,,1.0,,,,,,,,1.0,,,,,,,,,,,,,,,,,,,,,,,,,,,,,,,,,,,,,,,,,,,4.0,589.7441911534349,307.00657424096926,0.5205758341434765,2.082303336573906,4.0,False,60
2201400011918076,22,Querétaro,014,Querétaro,0001,Santiago de Querétaro,1918,076,Urbana,3,Típica,0,0,1,,,,,,,,,,,,,,,,,,,,,,,,,,,3.0,,,,,,,,,,,,,,,,,,,,,,,,,,,,,,,,,,,,,,,,,,,,,,,1.0,,,,,,,,1.0,,,,,,,,,,,,,,,,,,,,,,,,,,,,,,,,,,,,,,,,,,,3.0,652.3549248646334,42.012591218701736,0.0644014318239715,0.19320429547191448,3.0,False,60
2201400014772027,22,Querétaro,014,Querétaro,0001,Santiago de Querétaro,4772,027,Urbana,101,Típica,57,44,32,8.19,101.0,,0.0,0.0,0.0,,0.0,0.0,,,,,0.0,,,,,77.0,6.0,21.0,74.0,6.0,44.0,101.0,57.0,101.0,0.0,0.0,0.0,3.16,1.13,34.0,6.0,,5.0,3.0,,,83.0,38.0,45.0,6.0,,4.0,32.0,80.0,37.0,43.0,18.0,10.0,8.0,74.0,35.0,39.0,6.0,4.0,,95.0,43.0,52.0,90.0,40.0,50.0,6.0,3.0,3.0,6.0,,5.0,8.0,,6.0,32.0,32.0,32.0,,32.0,,30.0,,34.0,10.0,17.0,6.0,15.0,16.0,4.0,32.0,0.0,22.0,6.0,31.0,3.0,,32.0,31.0,31.0,31.0,32.0,12.0,22.0,24.0,0.0,0.0,10.0,0.0,,5.0,32.0,0.0,27.0,32.0,10.0,,,,0.0,3.0,25.0,0.0,18.0,24.0,31.0,101.0,8303.885821159207,503.40998515475724,0.060623423298043634,6.122965753102407,101.0,False,60
2201400011246013,22,Querétaro,014,Querétaro,0001,Santiago de Querétaro,1246,013,Urbana,176,Típica,86,90,51,10.3,176.0,,0.0,,,,0.0,0.0,8.0,,,0.0,,,,,10.0,86.0,52.0,38.0,118.0,13.0,90.0,176.0,86.0,176.0,,0.0,,3.45,0.91,10.0,7.0,4.0,3.0,8.0,5.0,3.0,139.0,75.0,64.0,11.0,5.0,6.0,44.0,131.0,70.0,61.0,7.0,6.0,,120.0,65.0,55.0,3.0,,,162.0,83.0,79.0,159.0,82.0,77.0,35.0,19.0,16.0,20.0,7.0,13.0,23.0,11.0,12.0,51.0,57.0,51.0,,51.0,4.0,51.0,,57.0,,9.0,,40.0,46.0,49.0,49.0,0.0,21.0,8.0,43.0,0.0,6.0,49.0,49.0,49.0,49.0,49.0,26.0,43.0,39.0,0.0,,28.0,0.0,0.0,34.0,49.0,0.0,38.0,49.0,5.0,,,,0.0,12.0,37.0,0.0,40.0,49.0,48.0,176.0,6699.476661625021,24.054653705952433,0.003590527278606528,0.6319328010347489,176.0,False,60
2201400011316002,22,Querétaro,014,Querétaro,0001,Santiago de Querétaro,1316,002,Urbana,26,Típica,12,14,9,14.35,26.0,,,0.0,0.0,,,,,0.0,0.0,,0.0,0.0,3.0,,5.0,16.0,10.0,0.0,21.0,5.0,14.0,26.0,12.0,26.0,0.0,0.0,0.0,2.89,0.36,10.0,0.0,0.0,0.0,0.0,0.0,0.0,26.0,14.0,12.0,0.0,0.0,0.0,4.0,26.0,14.0,12.0,7.0,,5.0,26.0,14.0,12.0,0.0,0.0,0.0,26.0,14.0,12.0,26.0,14.0,12.0,6.0,4.0,,0.0,0.0,0.0,0.0,0.0,0.0,9.0,9.0,9.0,,9.0,,8.0,0.0,10.0,0.0,,0.0,8.0,9.0,9.0,9.0,0.0,7.0,,9.0,4.0,,9.0,9.0,9.0,9.0,9.0,7.0,9.0,9.0,0.0,0.0,,0.0,0.0,6.0,9.0,0.0,6.0,9.0,0.0,0.0,0.0,0.0,0.0,6.0,5.0,0.0,8.0,9.0,9.0,26.0,7326.1681970264535,92.89999224122255,0.01268057048962223,0.32969483273017797,26.0,False,60
2201400011388003,22,Querétaro,014,Querétaro,0001,Santiago de Querétaro,1388,003,Urbana,78,Típica,39,39,14,8.56,78.0,,0.0,0.0,0.0,0.0,0.0,0.0,0.0,0.0,0.0,,,0.0,,0.0,,44.0,21.0,17.0,56.0,5.0,39.0,78.0,39.0,78.0,,,,5.57,1.34,19.0,,,0.0,4.0,,,65.0,33.0,32.0,9.0,,7.0,22.0,61.0,31.0,30.0,8.0,6.0,,52.0,29.0,23.0,3.0,,,76.0,37.0,39.0,74.0,35.0,39.0,8.0,,6.0,8.0,,6.0,8.0,3.0,5.0,14.0,18.0,14.0,,14.0,,14.0,3.0,18.0,,5.0,3.0,9.0,10.0,14.0,14.0,0.0,8.0,,14.0,,,14.0,14.0,14.0,14.0,14.0,7.0,11.0,14.0,0.0,0.0,6.0,0.0,0.0,4.0,14.0,0.0,12.0,14.0,3.0,0.0,0.0,0.0,0.0,0.0,13.0,0.0,10.0,9.0,14.0,78.0,5053.287550068518,556.5914618355988,0.11014442703306127,8.591265308578778,78.0,False,60
2201400011547010,22,Querétaro,014,Querétaro,0001,Santiago de Querétaro,1547,010,Urbana,89,Típica,43,46,21,8.22,89.0,,,,,,0.0,0.0,3.0,,,4.0,,3.0,6.0,,9.0,52.0,18.0,21.0,65.0,3.0,46.0,89.0,43.0,89.0,5.0,,3.0,4.24,0.94,20.0,4.0,,,,,,70.0,37.0,33.0,4.0,,,21.0,68.0,36.0,32.0,13.0,7.0,6.0,64.0,34.0,30.0,5.0,,3.0,85.0,44.0,41.0,82.0,42.0,40.0,9.0,6.0,3.0,10.0,5.0,5.0,9.0,4.0,5.0,21.0,25.0,21.0,5.0,21.0,5.0,20.0,0.0,26.0,0.0,3.0,,18.0,19.0,21.0,21.0,0.0,10.0,3.0,19.0,0.0,4.0,21.0,21.0,21.0,21.0,21.0,10.0,18.0,19.0,0.0,,10.0,0.0,0.0,6.0,20.0,,9.0,19.0,3.0,,,0.0,0.0,0.0,16.0,0.0,16.0,14.0,19.0,89.0,3493.475753340209,455.5548901837704,0.1304016178581465,11.605743989375037,89.0,False,60
2201400011547011,22,Querétaro,014,Querétaro,0001,Santiago de Querétaro,1547,011,Urbana,77,Típica,35,42,20,8.92,77.0,,0.0,0.0,0.0,0.0,0.0,0.0,10.0,,,4.0,,,10.0,0.0,17.0,42.0,16.0,25.0,47.0,5.0,42.0,77.0,35.0,77.0,0.0,0.0,0.0,3.85,1.15,13.0,4.0,,3.0,6.0,3.0,3.0,58.0,31.0,27.0,,,,22.0,52.0,28.0,24.0,16.0,10.0,6.0,50.0,27.0,23.0,5.0,4.0,,73.0,41.0,32.0,69.0,38.0,31.0,6.0,4.0,,10.0,6.0,4.0,12.0,7.0,5.0,20.0,23.0,20.0,,20.0,3.0,19.0,,24.0,5.0,9.0,5.0,11.0,10.0,20.0,20.0,0.0,6.0,0.0,17.0,0.0,,20.0,20.0,20.0,20.0,20.0,8.0,11.0,9.0,0.0,,13.0,0.0,0.0,4.0,20.0,0.0,15.0,12.0,8.0,,,0.0,0.0,5.0,8.0,0.0,6.0,11.0,17.0,77.0,3359.2763973995216,569.0439554994206,0.16939480060048887,13.043399646237642,77.0,False,60
2201400011867003,22,Querétaro,014,Querétaro,0001,Santiago de Querétaro,1867,003,Urbana,162,Típica,76,86,50,14.24,147.0,,,,3.0,7.0,4.0,3.0,11.0,0.0,0.0,9.0,,8.0,11.0,12.0,27.0,82.0,55.0,31.0,100.0,31.0,86.0,147.0,76.0,162.0,,0.0,,3.06,0.61,19.0,6.0,4.0,,7.0,,5.0,138.0,78.0,60.0,5.0,4.0,,42.0,131.0,76.0,55.0,12.0,5.0,7.0,126.0,72.0,54.0,3.0,0.0,3.0,156.0,82.0,74.0,154.0,82.0,72.0,45.0,23.0,22.0,15.0,4.0,11.0,20.0,5.0,15.0,50.0,50.0,48.0,,48.0,3.0,46.0,,54.0,0.0,6.0,0.0,42.0,48.0,48.0,48.0,0.0,47.0,8.0,46.0,23.0,8.0,48.0,48.0,48.0,48.0,48.0,42.0,47.0,48.0,0.0,5.0,,0.0,0.0,40.0,48.0,0.0,40.0,48.0,0.0,0.0,,0.0,0.0,24.0,39.0,0.0,45.0,47.0,47.0,162.0,83250.10885677177,788.7028036742117,0.009473895163682501,1.5347710165165651,162.0,False,60
2201400011886027,22,Querétaro,014,Querétaro,0001,Santiago de Querétaro,1886,027,Urbana,15,Típica,5,10,4,12.0,15.0,,0.0,0.0,0.0,0.0,0.0,0.0,0.0,0.0,0.0,0.0,0.0,0.0,,0.0,,8.0,5.0,4.0,11.0,0.0,10.0,15.0,5.0,15.0,0.0,0.0,0.0,3.75,0.88,,0.0,0.0,0.0,,,0.0,13.0,8.0,5.0,,,0.0,4.0,11.0,6.0,5.0,,,0.0,10.0,5.0,5.0,0.0,0.0,0.0,15.0,10.0,5.0,15.0,10.0,5.0,0.0,0.0,0.0,,,0.0,3.0,3.0,0.0,4.0,6.0,4.0,,4.0,,4.0,0.0,6.0,,,0.0,3.0,3.0,4.0,4.0,0.0,3.0,0.0,4.0,0.0,0.0,4.0,4.0,4.0,4.0,4.0,,3.0,3.0,0.0,0.0,,0.0,0.0,3.0,4.0,0.0,,4.0,,0.0,,0.0,0.0,,,0.0,3.0,4.0,3.0,15.0,5503.196932594632,10.108963814161623,0.0018369256884644097,0.027553885326966145,15.0,False,60
2201400011871014,22,Querétaro,014,Querétaro,0001,Santiago de Querétaro,1871,014,Urbana,0,Típica,0,0,0,0.0,0.0,,0.0,0.0,0.0,0.0,0.0,0.0,0.0,0.0,0.0,0.0,0.0,0.0,0.0,0.0,0.0,0.0,0.0,0.0,0.0,0.0,0.0,0.0,0.0,0.0,0.0,0.0,0.0,0.0,0.0,0.0,0.0,0.0,0.0,0.0,0.0,0.0,0.0,0.0,0.0,0.0,0.0,0.0,0.0,0.0,0.0,0.0,0.0,0.0,0.0,0.0,0.0,0.0,0.0,0.0,0.0,0.0,0.0,0.0,0.0,0.0,0.0,0.0,0.0,0.0,0.0,0.0,0.0,0.0,0.0,0.0,,,,,,,,,2.0,0.0,0.0,0.0,0.0,0.0,0.0,0.0,0.0,0.0,0.0,0.0,0.0,0.0,0.0,0.0,0.0,0.0,0.0,0.0,0.0,0.0,0.0,0.0,0.0,0.0,0.0,0.0,0.0,0.0,0.0,0.0,0.0,0.0,0.0,0.0,0.0,0.0,0.0,0.0,0.0,0.0,0.0,0.0,5842.9090290872455,310.1718537808242,0.053085175934919175,0.0,0.0,False,60
2201400012422031,22,Querétaro,014,Querétaro,0001,Santiago de Querétaro,2422,031,Urbana,498,Típica,227,271,177,14.17,498.0,,,,,5.0,,5.0,18.0,3.0,,8.0,,11.0,33.0,9.0,52.0,313.0,128.0,70.0,381.0,47.0,271.0,498.0,227.0,498.0,3.0,3.0,0.0,2.81,0.52,137.0,11.0,7.0,4.0,13.0,10.0,3.0,441.0,245.0,196.0,22.0,7.0,15.0,143.0,428.0,235.0,193.0,57.0,27.0,30.0,406.0,228.0,178.0,22.0,12.0,10.0,487.0,264.0,223.0,472.0,256.0,216.0,78.0,44.0,34.0,24.0,7.0,17.0,29.0,15.0,14.0,177.0,185.0,177.0,20.0,177.0,17.0,165.0,3.0,197.0,0.0,32.0,0.0,145.0,177.0,177.0,177.0,0.0,148.0,17.0,173.0,61.0,55.0,177.0,177.0,177.0,177.0,177.0,143.0,169.0,166.0,0.0,11.0,29.0,0.0,0.0,148.0,177.0,0.0,138.0,176.0,4.0,,,0.0,0.0,115.0,132.0,0.0,137.0,176.0,173.0,498.0,43479.946095710635,710.8479042012127,0.016348868111208146,8.141736319381657,498.0,False,60
220140001091A023,22,Querétaro,014,Querétaro,0001,Santiago de Querétaro,091A,023,Urbana,125,Típica,57,68,46,14.32,125.0,,0.0,0.0,0.0,0.0,0.0,,4.0,,,5.0,,,,,7.0,75.0,43.0,9.0,92.0,24.0,68.0,125.0,57.0,125.0,,,,2.72,0.48,3.0,,,0.0,,,,118.0,63.0,55.0,4.0,,,30.0,116.0,62.0,54.0,18.0,8.0,10.0,112.0,60.0,52.0,3.0,,,124.0,67.0,57.0,122.0,66.0,56.0,28.0,16.0,12.0,3.0,3.0,0.0,4.0,3.0,,46.0,45.0,46.0,0.0,46.0,0.0,45.0,0.0,46.0,0.0,10.0,0.0,36.0,46.0,46.0,46.0,0.0,44.0,20.0,45.0,42.0,23.0,46.0,46.0,46.0,46.0,46.0,43.0,43.0,46.0,0.0,16.0,,0.0,0.0,43.0,46.0,0.0,37.0,46.0,,,0.0,0.0,0.0,33.0,42.0,0.0,42.0,46.0,45.0,125.0,14067.59991259107,664.6105542102116,0.04724406141344398,5.9055076766804975,125.0,False,60
2201400010958048,22,Querétaro,014,Querétaro,0001,Santiago de Querétaro,0958,048,Urbana,70,Típica,25,45,19,13.12,70.0,,0.0,0.0,0.0,,0.0,,,0.0,0.0,,0.0,,,,,39.0,22.0,9.0,56.0,5.0,45.0,70.0,25.0,70.0,0.0,0.0,0.0,3.68,0.71,11.0,,0.0,,0.0,0.0,0.0,61.0,41.0,20.0,,,,31.0,61.0,41.0,20.0,18.0,14.0,4.0,59.0,40.0,19.0,,0.0,,69.0,45.0,24.0,67.0,45.0,22.0,12.0,6.0,6.0,6.0,4.0,,5.0,3.0,,19.0,20.0,19.0,,19.0,,19.0,0.0,20.0,0.0,,,17.0,18.0,19.0,19.0,0.0,10.0,0.0,18.0,,,19.0,19.0,19.0,19.0,19.0,11.0,16.0,10.0,0.0,,8.0,0.0,0.0,13.0,19.0,0.0,9.0,18.0,3.0,0.0,,0.0,0.0,10.0,13.0,0.0,10.0,18.0,18.0,70.0,2583.354643044242,608.8918614697657,0.2356981311525403,16.498869180677822,70.0,False,60
2201400011053016,22,Querétaro,014,Querétaro,0001,Santiago de Querétaro,1053,016,Urbana,69,Típica,29,40,21,11.46,69.0,,,0.0,0.0,0.0,0.0,0.0,,,,3.0,3.0,,3.0,,5.0,46.0,9.0,17.0,50.0,,40.0,69.0,29.0,69.0,0.0,0.0,0.0,3.29,0.75,9.0,,0.0,,3.0,,,55.0,33.0,22.0,3.0,3.0,0.0,17.0,52.0,31.0,21.0,6.0,3.0,3.0,49.0,28.0,21.0,4.0,,3.0,68.0,40.0,28.0,64.0,39.0,25.0,6.0,5.0,,9.0,6.0,3.0,10.0,6.0,4.0,21.0,23.0,21.0,,21.0,,21.0,0.0,23.0,0.0,,0.0,19.0,21.0,21.0,21.0,0.0,9.0,,20.0,0.0,,21.0,21.0,21.0,21.0,21.0,11.0,16.0,19.0,0.0,,11.0,0.0,0.0,8.0,20.0,,13.0,21.0,5.0,0.0,0.0,0.0,0.0,,13.0,0.0,15.0,21.0,21.0,69.0,2354.3293737661875,477.93886999713175,0.20300425051936538,14.00729328583621,69.0,False,60
2201400010996016,22,Querétaro,014,Querétaro,0001,Santiago de Querétaro,0996,016,Urbana,201,Típica,102,99,40,8.92,201.0,,,0.0,,0.0,,5.0,8.0,,3.0,9.0,0.0,4.0,41.0,6.0,51.0,108.0,57.0,47.0,140.0,14.0,99.0,201.0,102.0,201.0,0.0,0.0,0.0,5.03,1.08,50.0,8.0,3.0,5.0,11.0,7.0,4.0,165.0,83.0,82.0,13.0,5.0,8.0,57.0,154.0,76.0,78.0,39.0,20.0,19.0,141.0,71.0,70.0,13.0,6.0,7.0,193.0,96.0,97.0,185.0,93.0,92.0,22.0,12.0,10.0,15.0,7.0,8.0,20.0,10.0,10.0,40.0,40.0,40.0,3.0,40.0,3.0,37.0,0.0,43.0,,6.0,,34.0,38.0,40.0,40.0,0.0,17.0,7.0,36.0,23.0,7.0,40.0,40.0,40.0,40.0,40.0,19.0,29.0,35.0,0.0,5.0,21.0,0.0,0.0,12.0,40.0,0.0,27.0,38.0,9.0,0.0,0.0,0.0,0.0,12.0,31.0,0.0,30.0,30.0,39.0,201.0,7948.196239854295,18.119878939854313,0.002279747302790109,0.4582292078608119,201.0,False,60
2201400011138014,22,Querétaro,014,Querétaro,0001,Santiago de Querétaro,1138,014,Urbana,0,Típica,0,0,0,0.0,0.0,,0.0,0.0,0.0,0.0,0.0,0.0,0.0,0.0,0.0,0.0,0.0,0.0,0.0,0.0,0.0,0.0,0.0,0.0,0.0,0.0,0.0,0.0,0.0,0.0,0.0,0.0,0.0,0.0,0.0,0.0,0.0,0.0,0.0,0.0,0.0,0.0,0.0,0.0,0.0,0.0,0.0,0.0,0.0,0.0,0.0,0.0,0.0,0.0,0.0,0.0,0.0,0.0,0.0,0.0,0.0,0.0,0.0,0.0,0.0,0.0,0.0,0.0,0.0,0.0,0.0,0.0,0.0,0.0,0.0,0.0,0.0,0.0,0.0,0.0,0.0,0.0,0.0,0.0,0.0,0.0,0.0,0.0,0.0,0.0,0.0,0.0,0.0,0.0,0.0,0.0,0.0,0.0,0.0,0.0,0.0,0.0,0.0,0.0,0.0,0.0,0.0,0.0,0.0,0.0,0.0,0.0,0.0,0.0,0.0,0.0,0.0,0.0,0.0,0.0,0.0,0.0,0.0,0.0,0.0,0.0,0.0,0.0,32763.998289926672,592.0593225423016,0.0180704234356016,0.0,0.0,False,60
2201400011157020,22,Querétaro,014,Querétaro,0001,Santiago de Querétaro,1157,020,Urbana,0,Típica,0,0,0,0.0,0.0,,0.0,0.0,0.0,0.0,0.0,0.0,0.0,0.0,0.0,0.0,0.0,0.0,0.0,0.0,0.0,0.0,0.0,0.0,0.0,0.0,0.0,0.0,0.0,0.0,0.0,0.0,0.0,0.0,0.0,0.0,0.0,0.0,0.0,0.0,0.0,0.0,0.0,0.0,0.0,0.0,0.0,0.0,0.0,0.0,0.0,0.0,0.0,0.0,0.0,0.0,0.0,0.0,0.0,0.0,0.0,0.0,0.0,0.0,0.0,0.0,0.0,0.0,0.0,0.0,0.0,0.0,0.0,0.0,0.0,0.0,0.0,0.0,0.0,0.0,0.0,0.0,0.0,0.0,0.0,0.0,0.0,0.0,0.0,0.0,0.0,0.0,0.0,0.0,0.0,0.0,0.0,0.0,0.0,0.0,0.0,0.0,0.0,0.0,0.0,0.0,0.0,0.0,0.0,0.0,0.0,0.0,0.0,0.0,0.0,0.0,0.0,0.0,0.0,0.0,0.0,0.0,0.0,0.0,0.0,0.0,0.0,0.0,25783.681392346145,616.4684157455141,0.023909247340005994,0.0,0.0,False,60
2201400013219015,22,Querétaro,014,Querétaro,0001,Santiago de Querétaro,3219,015,Urbana,65,Típica,30,35,18,11.09,65.0,,0.0,,0.0,0.0,0.0,,,0.0,0.0,,,,10.0,3.0,12.0,34.0,23.0,12.0,52.0,,35.0,65.0,30.0,65.0,5.0,3.0,,3.61,1.0,11.0,,0.0,,4.0,3.0,,57.0,30.0,27.0,5.0,3.0,,23.0,53.0,27.0,26.0,13.0,6.0,7.0,48.0,24.0,24.0,,,0.0,64.0,35.0,29.0,62.0,33.0,29.0,4.0,3.0,,5.0,3.0,,9.0,6.0,3.0,18.0,20.0,18.0,,18.0,,18.0,,20.0,0.0,0.0,,18.0,17.0,18.0,18.0,0.0,13.0,6.0,18.0,0.0,4.0,18.0,18.0,18.0,18.0,18.0,10.0,18.0,15.0,0.0,4.0,5.0,0.0,0.0,15.0,17.0,,13.0,18.0,0.0,0.0,0.0,0.0,0.0,6.0,17.0,0.0,17.0,18.0,18.0,65.0,5361.424064609577,45.99522711941465,0.008578919810321712,0.5576297876709112,65.0,False,60
2201400010229013,22,Querétaro,014,Querétaro,0001,Santiago de Querétaro,0229,013,Urbana,77,Típica,33,44,28,14.22,77.0,,,0.0,0.0,,,,5.0,0.0,,3.0,0.0,0.0,3.0,,9.0,35.0,34.0,8.0,49.0,20.0,44.0,77.0,33.0,77.0,0.0,0.0,0.0,2.75,0.5,11.0,,0.0,,0.0,0.0,0.0,69.0,41.0,28.0,,0.0,,19.0,69.0,41.0,28.0,9.0,5.0,4.0,68.0,41.0,27.0,5.0,,3.0,76.0,44.0,32.0,73.0,43.0,30.0,27.0,14.0,13.0,,,,,,,28.0,31.0,28.0,4.0,28.0,4.0,27.0,0.0,32.0,0.0,7.0,,21.0,27.0,28.0,28.0,0.0,25.0,4.0,27.0,19.0,6.0,28.0,28.0,28.0,28.0,28.0,25.0,27.0,27.0,0.0,,3.0,0.0,0.0,21.0,28.0,0.0,26.0,28.0,,0.0,0.0,0.0,0.0,15.0,23.0,0.0,26.0,28.0,28.0,77.0,48879.14738134453,150.89760452372124,0.0030871570517883792,0.2377110929877052,77.0,False,60
2201400010106032,22,Querétaro,014,Querétaro,0001,Santiago de Querétaro,0106,032,Urbana,72,Típica,35,37,20,10.12,72.0,,,,0.0,0.0,0.0,0.0,,0.0,0.0,0.0,,0.0,0.0,,,42.0,24.0,12.0,48.0,12.0,37.0,72.0,35.0,72.0,0.0,0.0,0.0,3.6,0.88,5.0,0.0,0.0,0.0,6.0,3.0,3.0,66.0,32.0,34.0,,0.0,,15.0,60.0,29.0,31.0,13.0,6.0,7.0,58.0,29.0,29.0,,,0.0,72.0,37.0,35.0,71.0,36.0,35.0,14.0,7.0,7.0,5.0,4.0,,8.0,4.0,4.0,20.0,23.0,20.0,3.0,20.0,3.0,20.0,0.0,23.0,0.0,,,18.0,19.0,20.0,20.0,0.0,5.0,,17.0,3.0,3.0,20.0,20.0,20.0,20.0,20.0,14.0,14.0,18.0,0.0,,15.0,0.0,0.0,11.0,20.0,0.0,12.0,20.0,5.0,0.0,0.0,0.0,0.0,5.0,12.0,0.0,18.0,19.0,20.0,72.0,6406.842347811431,118.77656101289624,0.018539017282588537,1.3348092443463746,72.0,False,60
2201400010229015,22,Querétaro,014,Querétaro,0001,Santiago de Querétaro,0229,015,Urbana,15,Típica,8,7,3,13.42,15.0,,0.0,0.0,0.0,0.0,0.0,0.0,,0.0,0.0,0.0,0.0,,0.0,0.0,,8.0,5.0,3.0,10.0,,7.0,15.0,8.0,15.0,0.0,0.0,0.0,5.0,0.71,5.0,0.0,0.0,0.0,,0.0,,13.0,7.0,6.0,0.0,0.0,0.0,4.0,12.0,7.0,5.0,,0.0,,12.0,7.0,5.0,0.0,0.0,0.0,15.0,7.0,8.0,15.0,7.0,8.0,3.0,,,,0.0,,,0.0,,3.0,5.0,3.0,,3.0,0.0,3.0,,5.0,0.0,0.0,0.0,3.0,3.0,3.0,3.0,0.0,3.0,0.0,3.0,3.0,,3.0,3.0,3.0,3.0,3.0,3.0,3.0,3.0,0.0,,0.0,0.0,0.0,3.0,3.0,0.0,,3.0,0.0,0.0,0.0,0.0,0.0,,,0.0,3.0,3.0,3.0,15.0,20223.687874872645,149.063533897669,0.007370739442773748,0.11056109164160621,15.0,False,60
2201400010248032,22,Querétaro,014,Querétaro,0001,Santiago de Querétaro,0248,032,Urbana,52,Típica,25,27,15,12.55,52.0,,,0.0,0.0,3.0,3.0,3.0,,0.0,,,,5.0,4.0,4.0,8.0,33.0,14.0,8.0,38.0,6.0,27.0,52.0,25.0,52.0,0.0,0.0,0.0,3.47,0.75,,,0.0,,3.0,,,47.0,25.0,22.0,7.0,4.0,3.0,16.0,44.0,23.0,21.0,4.0,3.0,,37.0,19.0,18.0,,,0.0,51.0,27.0,24.0,50.0,26.0,24.0,7.0,4.0,3.0,3.0,,,6.0,3.0,3.0,15.0,15.0,15.0,,13.0,,14.0,0.0,16.0,0.0,3.0,,10.0,12.0,13.0,13.0,0.0,6.0,,13.0,4.0,5.0,13.0,13.0,13.0,13.0,13.0,9.0,13.0,10.0,0.0,,7.0,0.0,0.0,10.0,13.0,0.0,12.0,12.0,0.0,0.0,,0.0,0.0,7.0,10.0,0.0,11.0,12.0,12.0,52.0,3849.9323970351693,106.17374840775898,0.027578081238393518,1.4340602243964629,52.0,False,60
2201400010248036,22,Querétaro,014,Querétaro,0001,Santiago de Querétaro,0248,036,Urbana,54,Típica,27,27,15,14.26,54.0,,0.0,0.0,0.0,0.0,0.0,0.0,,0.0,0.0,,0.0,0.0,3.0,0.0,5.0,31.0,21.0,4.0,44.0,6.0,27.0,54.0,27.0,54.0,,0.0,,3.6,0.62,15.0,0.0,0.0,0.0,,,,52.0,25.0,27.0,0.0,0.0,0.0,17.0,50.0,24.0,26.0,18.0,9.0,9.0,50.0,24.0,26.0,,,0.0,54.0,27.0,27.0,54.0,27.0,27.0,11.0,6.0,5.0,,,0.0,,,,15.0,16.0,15.0,,15.0,0.0,15.0,,16.0,0.0,,,13.0,14.0,15.0,15.0,0.0,9.0,7.0,14.0,,4.0,15.0,15.0,15.0,15.0,15.0,10.0,12.0,11.0,0.0,0.0,6.0,0.0,0.0,12.0,15.0,0.0,11.0,14.0,,,,,,9.0,5.0,0.0,12.0,14.0,12.0,54.0,5288.9654026704575,639.8330279998949,0.12097508289179507,6.532654476156933,54.0,False,60
2201400010337023,22,Querétaro,014,Querétaro,0001,Santiago de Querétaro,0337,023,Urbana,81,Típica,38,43,24,13.64,81.0,,0.0,0.0,0.0,0.0,0.0,0.0,5.0,0.0,,3.0,0.0,3.0,7.0,0.0,12.0,35.0,29.0,22.0,40.0,19.0,43.0,81.0,38.0,81.0,0.0,0.0,0.0,3.38,0.78,19.0,3.0,,,5.0,3.0,,64.0,35.0,29.0,3.0,0.0,3.0,15.0,59.0,32.0,27.0,3.0,,,56.0,32.0,24.0,4.0,,3.0,78.0,42.0,36.0,75.0,42.0,33.0,21.0,12.0,9.0,10.0,6.0,4.0,13.0,8.0,5.0,24.0,27.0,24.0,,24.0,,23.0,,28.0,0.0,5.0,,19.0,22.0,24.0,24.0,0.0,14.0,3.0,23.0,10.0,4.0,24.0,24.0,24.0,24.0,24.0,24.0,22.0,24.0,0.0,,10.0,0.0,0.0,17.0,24.0,0.0,17.0,23.0,,0.0,,0.0,0.0,9.0,21.0,0.0,19.0,23.0,23.0,81.0,6983.899184995621,3.009603560145201,0.00043093456540883445,0.03490569979811559,81.0,False,60
2201400010360004,22,Querétaro,014,Querétaro,0001,Santiago de Querétaro,0360,004,Urbana,152,Típica,67,85,55,14.36,152.0,,3.0,0.0,,4.0,,6.0,9.0,,0.0,8.0,,5.0,17.0,9.0,26.0,97.0,42.0,19.0,103.0,30.0,85.0,152.0,67.0,152.0,3.0,,,2.76,0.53,38.0,3.0,,,6.0,,4.0,139.0,79.0,60.0,,,0.0,44.0,133.0,77.0,56.0,19.0,11.0,8.0,131.0,75.0,56.0,4.0,,,149.0,83.0,66.0,146.0,81.0,65.0,42.0,26.0,16.0,6.0,,4.0,10.0,4.0,6.0,55.0,64.0,55.0,9.0,55.0,4.0,55.0,5.0,64.0,,6.0,,49.0,53.0,54.0,55.0,0.0,34.0,12.0,54.0,24.0,14.0,55.0,55.0,55.0,55.0,55.0,51.0,49.0,44.0,0.0,6.0,19.0,0.0,0.0,43.0,55.0,0.0,35.0,55.0,5.0,0.0,,0.0,0.0,28.0,34.0,0.0,39.0,47.0,51.0,152.0,18205.731806968055,656.3147163386456,0.036049894796728134,5.479584009102676,152.0,False,60
2201400010430003,22,Querétaro,014,Querétaro,0001,Santiago de Querétaro,0430,003,Urbana,46,Típica,22,24,11,12.83,46.0,,,0.0,0.0,3.0,,0.0,4.0,0.0,0.0,,0.0,6.0,6.0,3.0,12.0,28.0,14.0,5.0,31.0,10.0,24.0,46.0,22.0,46.0,0.0,0.0,0.0,4.18,0.98,6.0,,,0.0,,,0.0,42.0,20.0,22.0,3.0,,,10.0,41.0,19.0,22.0,3.0,0.0,3.0,38.0,17.0,21.0,,,0.0,44.0,22.0,22.0,44.0,22.0,22.0,10.0,6.0,4.0,0.0,0.0,0.0,,,0.0,11.0,14.0,11.0,,11.0,,11.0,,14.0,,,0.0,9.0,10.0,11.0,11.0,0.0,9.0,,10.0,,,11.0,11.0,11.0,11.0,11.0,9.0,8.0,10.0,0.0,0.0,,0.0,0.0,7.0,11.0,0.0,9.0,11.0,3.0,0.0,0.0,0.0,0.0,4.0,8.0,0.0,8.0,11.0,11.0,46.0,4278.049154431998,131.00328543581327,0.030622202014695347,1.408621292675986,46.0,False,60
2201400010483019,22,Querétaro,014,Querétaro,0001,Santiago de Querétaro,0483,019,Urbana,96,Típica,43,53,27,11.35,96.0,,0.0,,,,,3.0,7.0,4.0,,5.0,4.0,3.0,6.0,4.0,14.0,54.0,31.0,15.0,63.0,18.0,53.0,96.0,43.0,96.0,,0.0,,3.56,0.66,10.0,,,0.0,4.0,,,85.0,46.0,39.0,4.0,0.0,4.0,26.0,81.0,44.0,37.0,9.0,4.0,5.0,77.0,44.0,33.0,,,,94.0,51.0,43.0,93.0,51.0,42.0,20.0,12.0,8.0,7.0,4.0,3.0,9.0,5.0,4.0,27.0,29.0,27.0,,27.0,,26.0,,30.0,0.0,4.0,,23.0,25.0,27.0,27.0,0.0,18.0,3.0,23.0,3.0,5.0,27.0,27.0,27.0,27.0,27.0,21.0,19.0,25.0,0.0,0.0,9.0,0.0,0.0,13.0,27.0,0.0,21.0,27.0,6.0,0.0,0.0,0.0,0.0,9.0,21.0,0.0,22.0,25.0,27.0,96.0,8155.585840002464,28.656664152005042,0.003513746861868158,0.33731969873934314,96.0,False,60
2201400010479004,22,Querétaro,014,Querétaro,0001,Santiago de Querétaro,0479,004,Urbana,94,Típica,44,50,29,14.27,94.0,,,,,6.0,3.0,3.0,8.0,,,4.0,3.0,5.0,3.0,9.0,15.0,51.0,36.0,11.0,60.0,23.0,50.0,94.0,44.0,94.0,0.0,0.0,0.0,3.24,0.54,15.0,,0.0,,4.0,,3.0,87.0,46.0,41.0,,0.0,,24.0,83.0,45.0,38.0,8.0,3.0,5.0,81.0,45.0,36.0,,,,93.0,50.0,43.0,93.0,50.0,43.0,30.0,17.0,13.0,4.0,3.0,,6.0,3.0,3.0,29.0,34.0,29.0,,29.0,5.0,28.0,,35.0,0.0,3.0,,26.0,28.0,29.0,29.0,0.0,22.0,3.0,29.0,16.0,10.0,29.0,29.0,29.0,29.0,29.0,26.0,27.0,27.0,0.0,4.0,6.0,0.0,0.0,24.0,29.0,0.0,25.0,29.0,,0.0,0.0,0.0,0.0,19.0,21.0,0.0,26.0,29.0,29.0,94.0,11446.292038451113,31.762260659250238,0.0027748951846198254,0.2608401473542636,94.0,False,60
2201400010572048,22,Querétaro,014,Querétaro,0001,Santiago de Querétaro,0572,048,Urbana,97,Típica,49,48,24,8.64,97.0,,3.0,,0.0,3.0,,3.0,3.0,,,,5.0,0.0,5.0,10.0,8.0,48.0,31.0,25.0,60.0,12.0,48.0,97.0,49.0,97.0,,0.0,,4.04,1.15,5.0,3.0,,,7.0,3.0,4.0,79.0,40.0,39.0,,0.0,,24.0,72.0,37.0,35.0,7.0,5.0,,70.0,37.0,33.0,6.0,3.0,3.0,94.0,47.0,47.0,89.0,44.0,45.0,15.0,7.0,8.0,9.0,4.0,5.0,14.0,6.0,8.0,24.0,24.0,24.0,,24.0,0.0,23.0,,25.0,0.0,8.0,6.0,16.0,18.0,24.0,24.0,0.0,14.0,3.0,22.0,3.0,3.0,24.0,24.0,24.0,24.0,24.0,16.0,22.0,17.0,0.0,,9.0,0.0,0.0,5.0,24.0,0.0,12.0,23.0,,,,0.0,0.0,0.0,20.0,0.0,19.0,22.0,23.0,97.0,4459.030973370447,565.2531925325982,0.12676592647781953,12.296294868348495,97.0,False,60
2201400010572051,22,Querétaro,014,Querétaro,0001,Santiago de Querétaro,0572,051,Urbana,0,Contenedora,0,0,0,0.0,0.0,,0.0,0.0,0.0,0.0,0.0,0.0,0.0,0.0,0.0,0.0,0.0,0.0,0.0,0.0,0.0,0.0,0.0,0.0,0.0,0.0,0.0,0.0,0.0,0.0,0.0,0.0,0.0,0.0,0.0,0.0,0.0,0.0,0.0,0.0,0.0,0.0,0.0,0.0,0.0,0.0,0.0,0.0,0.0,0.0,0.0,0.0,0.0,0.0,0.0,0.0,0.0,0.0,0.0,0.0,0.0,0.0,0.0,0.0,0.0,0.0,0.0,0.0,0.0,0.0,0.0,0.0,0.0,0.0,0.0,0.0,0.0,0.0,0.0,0.0,0.0,0.0,0.0,0.0,0.0,0.0,0.0,0.0,0.0,0.0,0.0,0.0,0.0,0.0,0.0,0.0,0.0,0.0,0.0,0.0,0.0,0.0,0.0,0.0,0.0,0.0,0.0,0.0,0.0,0.0,0.0,0.0,0.0,0.0,0.0,0.0,0.0,0.0,0.0,0.0,0.0,0.0,0.0,0.0,0.0,0.0,0.0,0.0,7178.573858214553,676.5672719150007,0.09424814528317407,0.0,0.0,False,60
2201400010553043,22,Querétaro,014,Querétaro,0001,Santiago de Querétaro,0553,043,Urbana,0,Típica,0,0,0,0.0,0.0,,0.0,0.0,0.0,0.0,0.0,0.0,0.0,0.0,0.0,0.0,0.0,0.0,0.0,0.0,0.0,0.0,0.0,0.0,0.0,0.0,0.0,0.0,0.0,0.0,0.0,0.0,0.0,0.0,0.0,0.0,0.0,0.0,0.0,0.0,0.0,0.0,0.0,0.0,0.0,0.0,0.0,0.0,0.0,0.0,0.0,0.0,0.0,0.0,0.0,0.0,0.0,0.0,0.0,0.0,0.0,0.0,0.0,0.0,0.0,0.0,0.0,0.0,0.0,0.0,0.0,0.0,0.0,0.0,0.0,0.0,0.0,0.0,0.0,0.0,0.0,0.0,0.0,0.0,0.0,0.0,0.0,0.0,0.0,0.0,0.0,0.0,0.0,0.0,0.0,0.0,0.0,0.0,0.0,0.0,0.0,0.0,0.0,0.0,0.0,0.0,0.0,0.0,0.0,0.0,0.0,0.0,0.0,0.0,0.0,0.0,0.0,0.0,0.0,0.0,0.0,0.0,0.0,0.0,0.0,0.0,0.0,0.0,1459.1288494702567,657.2933214801221,0.450469690677938,0.0,0.0,True,60
2201400010572013,22,Querétaro,014,Querétaro,0001,Santiago de Querétaro,0572,013,Urbana,76,Típica,39,37,16,11.55,76.0,,0.0,0.0,0.0,0.0,0.0,0.0,3.0,,,4.0,3.0,,7.0,0.0,11.0,38.0,23.0,20.0,49.0,7.0,37.0,76.0,39.0,76.0,0.0,0.0,0.0,4.75,1.0,20.0,,0.0,,5.0,3.0,,61.0,32.0,29.0,,,0.0,22.0,56.0,29.0,27.0,7.0,,6.0,55.0,28.0,27.0,5.0,,3.0,74.0,37.0,37.0,71.0,35.0,36.0,10.0,5.0,5.0,8.0,3.0,5.0,11.0,5.0,6.0,16.0,17.0,16.0,,16.0,,16.0,0.0,17.0,,,3.0,15.0,12.0,16.0,16.0,0.0,9.0,3.0,13.0,0.0,,16.0,16.0,16.0,16.0,16.0,10.0,15.0,15.0,0.0,0.0,7.0,0.0,0.0,8.0,16.0,0.0,16.0,16.0,,0.0,0.0,0.0,0.0,3.0,14.0,0.0,13.0,16.0,16.0,76.0,4956.83200671225,223.3542006367811,0.04505986895144479,3.424550040309804,76.0,False,60
2201400010572014,22,Querétaro,014,Querétaro,0001,Santiago de Querétaro,0572,014,Urbana,59,Típica,28,31,17,9.11,59.0,,0.0,0.0,,,,,,0.0,,,0.0,,5.0,4.0,6.0,40.0,15.0,5.0,45.0,9.0,31.0,59.0,28.0,59.0,0.0,0.0,0.0,3.47,0.85,7.0,0.0,0.0,0.0,,,0.0,55.0,30.0,25.0,,,0.0,19.0,54.0,29.0,25.0,5.0,4.0,,53.0,28.0,25.0,0.0,0.0,0.0,59.0,31.0,28.0,59.0,31.0,28.0,16.0,7.0,9.0,4.0,,3.0,3.0,,,17.0,18.0,17.0,,16.0,,16.0,,19.0,,5.0,,11.0,14.0,14.0,16.0,0.0,4.0,,14.0,,,16.0,16.0,16.0,16.0,16.0,10.0,12.0,12.0,0.0,0.0,12.0,0.0,0.0,8.0,16.0,0.0,13.0,15.0,3.0,0.0,0.0,0.0,0.0,3.0,11.0,0.0,10.0,14.0,16.0,59.0,4888.644452637131,784.5631904815273,0.16048685849066044,9.468724650948966,59.0,False,60
2201400010572015,22,Querétaro,014,Querétaro,0001,Santiago de Querétaro,0572,015,Urbana,90,Típica,38,52,22,8.36,90.0,,,,0.0,4.0,3.0,0.0,,0.0,,3.0,,0.0,20.0,7.0,23.0,34.0,33.0,31.0,51.0,8.0,52.0,90.0,38.0,90.0,0.0,0.0,0.0,4.09,1.11,29.0,5.0,3.0,,8.0,4.0,4.0,67.0,43.0,24.0,5.0,4.0,,29.0,59.0,39.0,20.0,6.0,4.0,,54.0,35.0,19.0,5.0,,4.0,85.0,49.0,36.0,83.0,48.0,35.0,10.0,8.0,,13.0,5.0,8.0,16.0,8.0,8.0,22.0,21.0,22.0,0.0,22.0,0.0,21.0,0.0,22.0,0.0,5.0,4.0,17.0,18.0,22.0,22.0,0.0,8.0,0.0,19.0,3.0,3.0,22.0,22.0,22.0,22.0,22.0,8.0,16.0,13.0,0.0,0.0,14.0,0.0,0.0,9.0,22.0,0.0,17.0,21.0,5.0,,0.0,0.0,0.0,,15.0,0.0,15.0,16.0,20.0,90.0,5025.312782746497,5.332763274188121,0.0010611803692094947,0.09550623322885451,90.0,False,60
2201400010619022,22,Querétaro,014,Querétaro,0001,Santiago de Querétaro,0619,022,Urbana,98,Típica,43,55,34,13.99,98.0,,3.0,,3.0,6.0,,,,,,3.0,,,3.0,10.0,3.0,55.0,29.0,14.0,59.0,25.0,55.0,98.0,43.0,98.0,,0.0,,2.88,0.54,21.0,,,0.0,,,,86.0,47.0,39.0,,,0.0,24.0,84.0,46.0,38.0,6.0,,4.0,83.0,45.0,38.0,5.0,4.0,,96.0,53.0,43.0,91.0,49.0,42.0,26.0,15.0,11.0,5.0,,3.0,5.0,,3.0,34.0,47.0,34.0,13.0,34.0,9.0,34.0,4.0,47.0,0.0,5.0,0.0,29.0,34.0,34.0,34.0,0.0,30.0,8.0,32.0,11.0,8.0,34.0,34.0,34.0,34.0,34.0,27.0,32.0,30.0,0.0,,4.0,0.0,0.0,28.0,34.0,0.0,29.0,34.0,,0.0,0.0,0.0,0.0,13.0,30.0,0.0,29.0,34.0,32.0,98.0,10055.736792461454,773.2061473449105,0.07689204314939554,7.535420228640763,98.0,False,60
2201400010638034,22,Querétaro,014,Querétaro,0001,Santiago de Querétaro,0638,034,Urbana,96,Típica,47,49,23,8.89,96.0,,0.0,,0.0,,0.0,0.0,6.0,0.0,3.0,,,,15.0,,18.0,52.0,32.0,19.0,68.0,9.0,49.0,96.0,47.0,96.0,,,0.0,4.17,0.87,35.0,5.0,,3.0,7.0,5.0,,84.0,44.0,40.0,4.0,,,23.0,77.0,39.0,38.0,11.0,5.0,6.0,73.0,37.0,36.0,,0.0,,91.0,47.0,44.0,90.0,47.0,43.0,15.0,8.0,7.0,6.0,3.0,3.0,10.0,7.0,3.0,23.0,22.0,23.0,0.0,23.0,0.0,22.0,0.0,23.0,0.0,,0.0,21.0,23.0,22.0,23.0,0.0,10.0,,23.0,,0.0,23.0,23.0,23.0,23.0,23.0,12.0,18.0,17.0,0.0,,13.0,0.0,0.0,9.0,23.0,0.0,14.0,21.0,3.0,0.0,0.0,0.0,0.0,3.0,17.0,0.0,16.0,21.0,23.0,96.0,4839.726801772227,40.81119675401719,0.008432541427560086,0.8095239770457683,96.0,False,60
2201400010642001,22,Querétaro,014,Querétaro,0001,Santiago de Querétaro,0642,001,Urbana,174,Típica,85,89,56,9.04,174.0,,,3.0,5.0,,4.0,,9.0,0.0,,8.0,4.0,5.0,10.0,8.0,22.0,109.0,46.0,32.0,116.0,26.0,89.0,174.0,85.0,174.0,6.0,3.0,3.0,3.11,0.93,36.0,5.0,3.0,,13.0,7.0,6.0,155.0,80.0,75.0,9.0,4.0,5.0,47.0,142.0,73.0,69.0,10.0,6.0,4.0,133.0,69.0,64.0,3.0,0.0,3.0,169.0,86.0,83.0,167.0,86.0,81.0,37.0,23.0,14.0,11.0,6.0,5.0,17.0,8.0,9.0,56.0,62.0,56.0,11.0,56.0,11.0,51.0,0.0,67.0,15.0,26.0,12.0,30.0,29.0,55.0,56.0,0.0,20.0,4.0,48.0,6.0,3.0,56.0,56.0,56.0,56.0,56.0,24.0,40.0,39.0,0.0,3.0,34.0,0.0,0.0,16.0,56.0,0.0,37.0,45.0,15.0,6.0,5.0,3.0,,8.0,28.0,0.0,18.0,44.0,49.0,174.0,7342.666968711357,13.923430013086055,0.0018962360777653009,0.32994507753116237,174.0,False,60
2201400010642023,22,Querétaro,014,Querétaro,0001,Santiago de Querétaro,0642,023,Urbana,99,Típica,44,55,29,7.93,99.0,,5.0,0.0,0.0,,,,3.0,0.0,0.0,,,3.0,10.0,6.0,12.0,53.0,28.0,19.0,67.0,13.0,55.0,99.0,44.0,99.0,0.0,0.0,0.0,3.41,1.06,22.0,4.0,4.0,0.0,,0.0,,82.0,43.0,39.0,5.0,5.0,0.0,26.0,80.0,43.0,37.0,12.0,5.0,7.0,75.0,38.0,37.0,9.0,5.0,4.0,95.0,51.0,44.0,89.0,47.0,42.0,19.0,11.0,8.0,4.0,3.0,,6.0,3.0,3.0,29.0,28.0,29.0,0.0,29.0,0.0,28.0,0.0,29.0,3.0,6.0,6.0,23.0,20.0,29.0,29.0,0.0,10.0,4.0,22.0,0.0,,29.0,29.0,29.0,29.0,29.0,16.0,17.0,18.0,0.0,0.0,19.0,0.0,0.0,9.0,28.0,,17.0,27.0,12.0,,3.0,0.0,0.0,6.0,13.0,0.0,18.0,27.0,24.0,99.0,3344.7798935614665,159.8284465954404,0.047784443724713285,4.730659928746615,99.0,False,60
2201400011388018,22,Querétaro,014,Querétaro,0001,Santiago de Querétaro,1388,018,Urbana,121,Típica,64,57,26,9.31,121.0,,0.0,0.0,,,0.0,,5.0,0.0,,,0.0,,4.0,3.0,7.0,66.0,29.0,30.0,75.0,16.0,57.0,121.0,64.0,121.0,,0.0,,4.65,0.96,21.0,5.0,,4.0,4.0,,,95.0,46.0,49.0,8.0,4.0,4.0,31.0,91.0,44.0,47.0,14.0,7.0,7.0,83.0,40.0,43.0,5.0,3.0,,116.0,56.0,60.0,112.0,54.0,58.0,17.0,7.0,10.0,16.0,7.0,9.0,13.0,4.0,9.0,26.0,29.0,26.0,,26.0,,26.0,,29.0,0.0,6.0,4.0,20.0,22.0,26.0,26.0,0.0,11.0,,22.0,,4.0,26.0,26.0,26.0,26.0,26.0,17.0,19.0,22.0,0.0,0.0,15.0,0.0,0.0,12.0,24.0,,25.0,24.0,5.0,,0.0,0.0,0.0,3.0,18.0,0.0,17.0,21.0,25.0,121.0,9204.934274046307,105.3927574990187,0.011449593702822837,1.3854008380415632,121.0,False,60
2201400011405014,22,Querétaro,014,Querétaro,0001,Santiago de Querétaro,1405,014,Urbana,77,Típica,41,36,23,10.87,77.0,,,0.0,0.0,,0.0,6.0,6.0,,,4.0,0.0,,18.0,8.0,20.0,48.0,18.0,14.0,60.0,3.0,36.0,77.0,41.0,77.0,0.0,0.0,0.0,3.35,1.04,27.0,,,,3.0,0.0,3.0,66.0,30.0,36.0,5.0,3.0,,21.0,63.0,30.0,33.0,7.0,,6.0,58.0,27.0,31.0,,,0.0,75.0,35.0,40.0,73.0,33.0,40.0,9.0,6.0,3.0,7.0,3.0,4.0,9.0,3.0,6.0,23.0,26.0,23.0,,23.0,,23.0,,26.0,,7.0,7.0,16.0,15.0,23.0,23.0,0.0,10.0,3.0,21.0,5.0,,23.0,23.0,23.0,23.0,23.0,12.0,17.0,16.0,0.0,,13.0,0.0,0.0,11.0,23.0,0.0,13.0,22.0,6.0,0.0,,0.0,0.0,8.0,15.0,0.0,14.0,22.0,22.0,77.0,9533.79107582343,156.59613128790974,0.01642537895392097,1.2647541794519148,77.0,False,60
2201400011405015,22,Querétaro,014,Querétaro,0001,Santiago de Querétaro,1405,015,Urbana,97,Típica,54,43,28,9.95,97.0,,,,,,,3.0,5.0,0.0,0.0,7.0,,,15.0,7.0,18.0,62.0,21.0,19.0,67.0,11.0,43.0,97.0,54.0,97.0,0.0,0.0,0.0,3.46,0.97,26.0,4.0,,3.0,5.0,3.0,,83.0,39.0,44.0,5.0,,4.0,21.0,78.0,36.0,42.0,10.0,3.0,7.0,73.0,35.0,38.0,,0.0,,93.0,42.0,51.0,91.0,42.0,49.0,17.0,10.0,7.0,8.0,3.0,5.0,10.0,4.0,6.0,28.0,37.0,28.0,9.0,28.0,9.0,28.0,0.0,37.0,8.0,10.0,0.0,18.0,20.0,28.0,28.0,0.0,13.0,,25.0,3.0,3.0,28.0,28.0,28.0,28.0,28.0,14.0,26.0,24.0,0.0,,15.0,0.0,0.0,11.0,28.0,0.0,23.0,26.0,,,0.0,0.0,0.0,7.0,20.0,0.0,20.0,23.0,28.0,97.0,11219.405859093713,685.2965228793805,0.06108135595468491,5.924891527604436,97.0,False,60
2201400011570006,22,Querétaro,014,Querétaro,0001,Santiago de Querétaro,1570,006,Urbana,11,Típica,7,4,4,13.7,11.0,,0.0,0.0,0.0,0.0,0.0,0.0,,0.0,0.0,0.0,0.0,0.0,0.0,0.0,,6.0,5.0,,9.0,,4.0,11.0,7.0,11.0,0.0,0.0,0.0,2.75,0.52,3.0,0.0,0.0,0.0,,,0.0,11.0,4.0,7.0,0.0,0.0,0.0,,10.0,3.0,7.0,,0.0,,10.0,3.0,7.0,0.0,0.0,0.0,11.0,4.0,7.0,11.0,4.0,7.0,,0.0,,0.0,0.0,0.0,,,0.0,4.0,5.0,4.0,,4.0,,4.0,0.0,5.0,0.0,0.0,0.0,4.0,4.0,4.0,4.0,0.0,,,4.0,,0.0,4.0,4.0,4.0,4.0,4.0,3.0,4.0,4.0,0.0,0.0,,0.0,0.0,3.0,4.0,0.0,4.0,4.0,0.0,0.0,0.0,0.0,0.0,,3.0,0.0,3.0,4.0,4.0,11.0,802.7167480772528,55.61421233662945,0.06928248659298833,0.7621073525228717,11.0,False,60
2201400011570007,22,Querétaro,014,Querétaro,0001,Santiago de Querétaro,1570,007,Urbana,18,Típica,9,9,8,13.76,18.0,,0.0,0.0,0.0,0.0,0.0,0.0,0.0,0.0,0.0,0.0,0.0,0.0,0.0,0.0,0.0,11.0,6.0,,14.0,3.0,9.0,18.0,9.0,18.0,0.0,0.0,0.0,2.25,0.56,3.0,0.0,0.0,0.0,0.0,0.0,0.0,17.0,8.0,9.0,0.0,0.0,0.0,5.0,17.0,8.0,9.0,6.0,,4.0,17.0,8.0,9.0,0.0,0.0,0.0,18.0,9.0,9.0,18.0,9.0,9.0,4.0,3.0,,,,0.0,0.0,0.0,0.0,8.0,13.0,8.0,,8.0,3.0,8.0,,13.0,,,,6.0,6.0,8.0,8.0,0.0,7.0,0.0,8.0,0.0,,8.0,8.0,8.0,8.0,8.0,3.0,7.0,4.0,0.0,0.0,,0.0,0.0,6.0,8.0,0.0,7.0,7.0,,0.0,,0.0,0.0,4.0,7.0,0.0,5.0,8.0,7.0,18.0,1449.6429796903112,132.8098723536505,0.09161557308546606,1.649080315538389,18.0,False,60
2201400011674026,22,Querétaro,014,Querétaro,0001,Santiago de Querétaro,1674,026,Urbana,58,Típica,27,31,11,7.86,58.0,,,,,3.0,,,7.0,5.0,5.0,5.0,,5.0,8.0,4.0,10.0,24.0,22.0,16.0,38.0,4.0,31.0,58.0,27.0,58.0,,,0.0,5.27,1.26,7.0,5.0,,3.0,4.0,0.0,4.0,46.0,24.0,22.0,3.0,,,17.0,42.0,24.0,18.0,11.0,7.0,4.0,39.0,22.0,17.0,3.0,,,53.0,29.0,24.0,51.0,28.0,23.0,7.0,3.0,4.0,4.0,3.0,,8.0,3.0,5.0,11.0,11.0,11.0,,11.0,,10.0,0.0,12.0,0.0,3.0,3.0,8.0,8.0,11.0,11.0,0.0,4.0,,10.0,,3.0,11.0,11.0,11.0,11.0,11.0,4.0,8.0,7.0,0.0,0.0,7.0,0.0,0.0,4.0,11.0,0.0,10.0,10.0,3.0,0.0,0.0,0.0,0.0,,8.0,0.0,3.0,9.0,11.0,58.0,4741.144366871646,627.7687490854338,0.13240869724868876,7.679704440423948,58.0,False,60
2201400011693016,22,Querétaro,014,Querétaro,0001,Santiago de Querétaro,1693,016,Urbana,78,Típica,42,36,22,10.59,78.0,,0.0,0.0,0.0,0.0,0.0,0.0,9.0,0.0,0.0,,,3.0,7.0,0.0,17.0,50.0,16.0,15.0,61.0,,36.0,78.0,42.0,78.0,0.0,0.0,0.0,3.55,0.79,16.0,,0.0,,3.0,,,66.0,30.0,36.0,0.0,0.0,0.0,16.0,63.0,29.0,34.0,10.0,,8.0,63.0,29.0,34.0,6.0,4.0,,76.0,36.0,40.0,71.0,32.0,39.0,6.0,,4.0,4.0,,,5.0,,3.0,22.0,26.0,22.0,,22.0,3.0,21.0,,27.0,0.0,,0.0,21.0,22.0,22.0,22.0,0.0,8.0,7.0,22.0,0.0,3.0,22.0,22.0,22.0,22.0,22.0,11.0,20.0,16.0,0.0,3.0,11.0,0.0,0.0,12.0,22.0,0.0,19.0,22.0,,0.0,0.0,0.0,0.0,6.0,17.0,0.0,20.0,22.0,21.0,78.0,2480.067352900316,603.7732496050728,0.24345034375739427,18.98912681307675,78.0,True,60
2201400011829048,22,Querétaro,014,Querétaro,0001,Santiago de Querétaro,1829,048,Urbana,0,Contenedora,0,0,0,0.0,0.0,,0.0,0.0,0.0,0.0,0.0,0.0,0.0,0.0,0.0,0.0,0.0,0.0,0.0,0.0,0.0,0.0,0.0,0.0,0.0,0.0,0.0,0.0,0.0,0.0,0.0,0.0,0.0,0.0,0.0,0.0,0.0,0.0,0.0,0.0,0.0,0.0,0.0,0.0,0.0,0.0,0.0,0.0,0.0,0.0,0.0,0.0,0.0,0.0,0.0,0.0,0.0,0.0,0.0,0.0,0.0,0.0,0.0,0.0,0.0,0.0,0.0,0.0,0.0,0.0,0.0,0.0,0.0,0.0,0.0,0.0,0.0,0.0,0.0,0.0,0.0,0.0,0.0,0.0,0.0,0.0,0.0,0.0,0.0,0.0,0.0,0.0,0.0,0.0,0.0,0.0,0.0,0.0,0.0,0.0,0.0,0.0,0.0,0.0,0.0,0.0,0.0,0.0,0.0,0.0,0.0,0.0,0.0,0.0,0.0,0.0,0.0,0.0,0.0,0.0,0.0,0.0,0.0,0.0,0.0,0.0,0.0,0.0,66210.68062951637,948.766419014022,0.01432950711264954,0.0,0.0,False,60
2201400011922008,22,Querétaro,014,Querétaro,0001,Santiago de Querétaro,1922,008,Urbana,425,Típica,209,216,132,12.63,425.0,,3.0,,,3.0,0.0,4.0,22.0,,,14.0,3.0,7.0,26.0,11.0,48.0,263.0,101.0,76.0,327.0,22.0,216.0,425.0,209.0,425.0,,,0.0,3.22,0.78,76.0,13.0,8.0,5.0,15.0,8.0,7.0,364.0,190.0,174.0,12.0,5.0,7.0,117.0,349.0,182.0,167.0,53.0,29.0,24.0,337.0,177.0,160.0,14.0,6.0,8.0,412.0,208.0,204.0,402.0,203.0,199.0,41.0,22.0,19.0,34.0,12.0,22.0,41.0,20.0,21.0,132.0,159.0,132.0,27.0,132.0,21.0,132.0,6.0,159.0,0.0,26.0,4.0,106.0,128.0,132.0,132.0,0.0,89.0,4.0,127.0,,8.0,131.0,131.0,132.0,132.0,132.0,104.0,111.0,116.0,0.0,9.0,42.0,0.0,0.0,92.0,132.0,0.0,18.0,131.0,16.0,,3.0,,0.0,3.0,84.0,,92.0,131.0,129.0,425.0,51171.58085006347,1745.1425434682897,0.034103744978715565,14.494091615954115,425.0,False,60
2201400012140007,22,Querétaro,014,Querétaro,0001,Santiago de Querétaro,2140,007,Urbana,225,Típica,118,107,97,14.26,225.0,,,,3.0,5.0,4.0,14.0,9.0,,,7.0,5.0,9.0,40.0,21.0,50.0,163.0,47.0,19.0,183.0,23.0,107.0,225.0,118.0,225.0,,0.0,,2.32,0.58,40.0,6.0,3.0,3.0,4.0,3.0,,210.0,100.0,110.0,5.0,,4.0,63.0,206.0,97.0,109.0,29.0,16.0,13.0,201.0,96.0,105.0,5.0,3.0,,219.0,104.0,115.0,215.0,102.0,113.0,41.0,22.0,19.0,4.0,,3.0,6.0,3.0,3.0,97.0,108.0,97.0,11.0,97.0,6.0,97.0,5.0,108.0,0.0,24.0,6.0,73.0,91.0,97.0,97.0,0.0,82.0,12.0,94.0,27.0,19.0,97.0,97.0,97.0,97.0,97.0,82.0,94.0,82.0,0.0,6.0,14.0,0.0,0.0,80.0,97.0,0.0,69.0,97.0,,,,0.0,0.0,64.0,71.0,0.0,61.0,94.0,90.0,225.0,20394.28841295668,579.554409994676,0.02841748622258768,6.393934400082228,225.0,False,60
2201400012140009,22,Querétaro,014,Querétaro,0001,Santiago de Querétaro,2140,009,Urbana,81,Típica,40,41,23,7.88,81.0,,0.0,,0.0,,,0.0,3.0,,,3.0,,,,,5.0,36.0,27.0,21.0,48.0,12.0,41.0,81.0,40.0,81.0,,0.0,,3.52,1.07,21.0,6.0,5.0,,3.0,,,63.0,27.0,36.0,3.0,,,15.0,60.0,25.0,35.0,8.0,4.0,4.0,57.0,24.0,33.0,5.0,4.0,,75.0,36.0,39.0,72.0,33.0,39.0,18.0,7.0,11.0,7.0,5.0,,8.0,5.0,3.0,23.0,26.0,23.0,3.0,23.0,3.0,23.0,0.0,26.0,3.0,10.0,4.0,13.0,16.0,23.0,23.0,0.0,8.0,,19.0,,0.0,23.0,23.0,23.0,23.0,23.0,4.0,13.0,14.0,0.0,0.0,15.0,0.0,0.0,4.0,20.0,3.0,19.0,20.0,10.0,,0.0,0.0,0.0,,12.0,0.0,8.0,19.0,23.0,81.0,8832.120700980831,6.470938609395525,0.0007326596667408439,0.059345433006008357,81.0,False,60
2201400012155011,22,Querétaro,014,Querétaro,0001,Santiago de Querétaro,2155,011,Urbana,39,Típica,18,21,11,13.41,39.0,,0.0,0.0,0.0,0.0,0.0,0.0,,0.0,0.0,,0.0,,,0.0,,26.0,10.0,5.0,30.0,4.0,21.0,39.0,18.0,39.0,4.0,3.0,,3.55,0.61,11.0,0.0,0.0,0.0,,,,36.0,20.0,16.0,5.0,,3.0,14.0,34.0,19.0,15.0,5.0,,3.0,29.0,17.0,12.0,0.0,0.0,0.0,39.0,21.0,18.0,39.0,21.0,18.0,5.0,,3.0,3.0,,,4.0,,3.0,11.0,14.0,11.0,3.0,11.0,0.0,11.0,3.0,14.0,0.0,0.0,0.0,11.0,11.0,11.0,11.0,0.0,11.0,4.0,11.0,8.0,6.0,11.0,11.0,11.0,11.0,11.0,10.0,10.0,11.0,0.0,,0.0,0.0,0.0,9.0,11.0,0.0,11.0,11.0,,0.0,0.0,0.0,0.0,7.0,10.0,0.0,7.0,11.0,10.0,39.0,3342.5054706545147,360.35449742490573,0.10780969562761634,4.204578129477038,39.0,False,60
2201400012329011,22,Querétaro,014,Querétaro,0001,Santiago de Querétaro,2329,011,Urbana,78,Típica,41,37,24,10.95,78.0,,0.0,3.0,,3.0,,0.0,7.0,,,3.0,3.0,3.0,8.0,4.0,10.0,48.0,17.0,13.0,58.0,7.0,37.0,78.0,41.0,78.0,,,,3.25,0.86,29.0,3.0,3.0,0.0,0.0,0.0,0.0,65.0,28.0,37.0,,0.0,,13.0,65.0,28.0,37.0,13.0,4.0,9.0,63.0,28.0,35.0,3.0,,,75.0,34.0,41.0,74.0,33.0,41.0,17.0,11.0,6.0,7.0,4.0,3.0,5.0,,3.0,24.0,27.0,24.0,5.0,24.0,5.0,22.0,0.0,29.0,3.0,7.0,3.0,17.0,18.0,24.0,24.0,0.0,6.0,,21.0,,3.0,24.0,24.0,24.0,24.0,24.0,13.0,20.0,15.0,0.0,0.0,18.0,0.0,0.0,12.0,22.0,,16.0,20.0,4.0,,3.0,,,8.0,12.0,0.0,14.0,17.0,20.0,78.0,4470.542228454328,543.5732004220839,0.12158999348274183,9.484019491653862,78.0,True,60
2201400012348037,22,Querétaro,014,Querétaro,0001,Santiago de Querétaro,2348,037,Urbana,0,Típica,0,0,0,0.0,0.0,,0.0,0.0,0.0,0.0,0.0,0.0,0.0,0.0,0.0,0.0,0.0,0.0,0.0,0.0,0.0,0.0,0.0,0.0,0.0,0.0,0.0,0.0,0.0,0.0,0.0,0.0,0.0,0.0,0.0,0.0,0.0,0.0,0.0,0.0,0.0,0.0,0.0,0.0,0.0,0.0,0.0,0.0,0.0,0.0,0.0,0.0,0.0,0.0,0.0,0.0,0.0,0.0,0.0,0.0,0.0,0.0,0.0,0.0,0.0,0.0,0.0,0.0,0.0,0.0,0.0,0.0,0.0,0.0,0.0,0.0,0.0,0.0,0.0,0.0,0.0,0.0,0.0,0.0,0.0,0.0,0.0,0.0,0.0,0.0,0.0,0.0,0.0,0.0,0.0,0.0,0.0,0.0,0.0,0.0,0.0,0.0,0.0,0.0,0.0,0.0,0.0,0.0,0.0,0.0,0.0,0.0,0.0,0.0,0.0,0.0,0.0,0.0,0.0,0.0,0.0,0.0,0.0,0.0,0.0,0.0,0.0,0.0,36743.787228025074,701.5309431129425,0.019092505047434895,0.0,0.0,False,60
2201400012850003,22,Querétaro,014,Querétaro,0001,Santiago de Querétaro,2850,003,Urbana,127,Típica,59,68,36,9.93,125.0,,,,,6.0,0.0,3.0,7.0,,,5.0,3.0,6.0,8.0,9.0,20.0,69.0,37.0,28.0,86.0,13.0,68.0,125.0,59.0,127.0,,,0.0,3.57,0.98,21.0,9.0,7.0,,7.0,6.0,,106.0,54.0,52.0,5.0,,3.0,31.0,99.0,48.0,51.0,13.0,5.0,8.0,94.0,46.0,48.0,5.0,4.0,,118.0,61.0,57.0,115.0,58.0,57.0,20.0,9.0,11.0,7.0,3.0,4.0,11.0,7.0,4.0,36.0,38.0,35.0,4.0,35.0,0.0,34.0,4.0,40.0,,7.0,3.0,28.0,31.0,35.0,35.0,0.0,15.0,3.0,32.0,3.0,,35.0,35.0,35.0,35.0,35.0,21.0,25.0,24.0,0.0,3.0,18.0,0.0,0.0,13.0,35.0,0.0,24.0,33.0,9.0,,0.0,0.0,0.0,3.0,15.0,0.0,19.0,32.0,34.0,127.0,10573.391943145116,380.6971135118918,0.03600520207318176,4.572660663294084,127.0,False,60
2201400012920010,22,Querétaro,014,Querétaro,0001,Santiago de Querétaro,2920,010,Urbana,381,Típica,205,176,76,9.15,381.0,,5.0,3.0,,12.0,7.0,8.0,23.0,3.0,4.0,12.0,3.0,12.0,27.0,17.0,46.0,205.0,97.0,90.0,262.0,29.0,176.0,381.0,205.0,381.0,,0.0,,5.01,1.12,107.0,17.0,7.0,10.0,16.0,6.0,10.0,307.0,145.0,162.0,19.0,10.0,9.0,90.0,291.0,139.0,152.0,40.0,21.0,19.0,272.0,129.0,143.0,20.0,12.0,8.0,364.0,169.0,195.0,349.0,159.0,190.0,51.0,31.0,20.0,37.0,12.0,25.0,40.0,15.0,25.0,76.0,80.0,76.0,6.0,76.0,6.0,74.0,0.0,82.0,3.0,13.0,9.0,62.0,63.0,75.0,75.0,0.0,31.0,26.0,68.0,8.0,9.0,75.0,75.0,75.0,75.0,75.0,26.0,49.0,53.0,0.0,3.0,43.0,0.0,0.0,25.0,70.0,5.0,61.0,69.0,25.0,4.0,0.0,0.0,0.0,11.0,49.0,0.0,39.0,58.0,71.0,381.0,18893.097692266747,55.75218107071485,0.00295092853373299,1.1243037713522692,381.0,False,60
2201400012920030,22,Querétaro,014,Querétaro,0001,Santiago de Querétaro,2920,030,Urbana,0,Típica,0,0,0,0.0,0.0,,0.0,0.0,0.0,0.0,0.0,0.0,0.0,0.0,0.0,0.0,0.0,0.0,0.0,0.0,0.0,0.0,0.0,0.0,0.0,0.0,0.0,0.0,0.0,0.0,0.0,0.0,0.0,0.0,0.0,0.0,0.0,0.0,0.0,0.0,0.0,0.0,0.0,0.0,0.0,0.0,0.0,0.0,0.0,0.0,0.0,0.0,0.0,0.0,0.0,0.0,0.0,0.0,0.0,0.0,0.0,0.0,0.0,0.0,0.0,0.0,0.0,0.0,0.0,0.0,0.0,0.0,0.0,0.0,0.0,0.0,0.0,0.0,0.0,0.0,0.0,0.0,0.0,0.0,0.0,0.0,0.0,0.0,0.0,0.0,0.0,0.0,0.0,0.0,0.0,0.0,0.0,0.0,0.0,0.0,0.0,0.0,0.0,0.0,0.0,0.0,0.0,0.0,0.0,0.0,0.0,0.0,0.0,0.0,0.0,0.0,0.0,0.0,0.0,0.0,0.0,0.0,0.0,0.0,0.0,0.0,0.0,0.0,9888.261381558536,639.1627336588235,0.06463853543059175,0.0,0.0,False,60
2201400013488010,22,Querétaro,014,Querétaro,0001,Santiago de Querétaro,3488,010,Urbana,0,Típica,0,0,0,0.0,0.0,,0.0,0.0,0.0,0.0,0.0,0.0,0.0,0.0,0.0,0.0,0.0,0.0,0.0,0.0,0.0,0.0,0.0,0.0,0.0,0.0,0.0,0.0,0.0,0.0,0.0,0.0,0.0,0.0,0.0,0.0,0.0,0.0,0.0,0.0,0.0,0.0,0.0,0.0,0.0,0.0,0.0,0.0,0.0,0.0,0.0,0.0,0.0,0.0,0.0,0.0,0.0,0.0,0.0,0.0,0.0,0.0,0.0,0.0,0.0,0.0,0.0,0.0,0.0,0.0,0.0,0.0,0.0,0.0,0.0,0.0,0.0,0.0,0.0,0.0,0.0,0.0,0.0,0.0,0.0,0.0,0.0,0.0,0.0,0.0,0.0,0.0,0.0,0.0,0.0,0.0,0.0,0.0,0.0,0.0,0.0,0.0,0.0,0.0,0.0,0.0,0.0,0.0,0.0,0.0,0.0,0.0,0.0,0.0,0.0,0.0,0.0,0.0,0.0,0.0,0.0,0.0,0.0,0.0,0.0,0.0,0.0,0.0,31630.33453356903,666.9282489295312,0.02108508363140217,0.0,0.0,False,60
2201400010568025,22,Querétaro,014,Querétaro,0001,Santiago de Querétaro,0568,025,Urbana,23,Típica,12,11,8,14.13,23.0,,0.0,0.0,0.0,0.0,0.0,0.0,,0.0,0.0,,0.0,3.0,,0.0,6.0,15.0,8.0,0.0,17.0,6.0,11.0,23.0,12.0,23.0,,0.0,,2.88,0.53,5.0,0.0,0.0,0.0,0.0,0.0,0.0,23.0,11.0,12.0,3.0,,,3.0,23.0,11.0,12.0,,0.0,,20.0,9.0,11.0,0.0,0.0,0.0,23.0,11.0,12.0,23.0,11.0,12.0,6.0,3.0,3.0,0.0,0.0,0.0,0.0,0.0,0.0,8.0,13.0,8.0,5.0,7.0,0.0,8.0,5.0,13.0,0.0,0.0,0.0,7.0,7.0,7.0,7.0,0.0,7.0,,7.0,3.0,,7.0,7.0,7.0,7.0,7.0,5.0,7.0,7.0,0.0,,0.0,0.0,0.0,6.0,7.0,0.0,5.0,7.0,0.0,0.0,0.0,0.0,0.0,,4.0,0.0,7.0,7.0,7.0,23.0,6866.207237587854,589.359226282808,0.08583475649503611,1.9741993993858304,23.0,False,60
2201400011778012,22,Querétaro,014,Querétaro,0001,Santiago de Querétaro,1778,012,Urbana,126,Típica,60,66,35,12.41,126.0,,,0.0,4.0,,,4.0,5.0,0.0,0.0,5.0,5.0,7.0,11.0,8.0,21.0,67.0,42.0,16.0,97.0,13.0,66.0,126.0,60.0,126.0,3.0,,,3.6,0.81,21.0,3.0,0.0,3.0,4.0,3.0,,114.0,63.0,51.0,6.0,,5.0,41.0,110.0,60.0,50.0,19.0,14.0,5.0,104.0,59.0,45.0,0.0,0.0,0.0,123.0,66.0,57.0,123.0,66.0,57.0,28.0,12.0,16.0,9.0,3.0,6.0,11.0,4.0,7.0,35.0,39.0,35.0,4.0,35.0,4.0,35.0,0.0,39.0,,3.0,0.0,32.0,33.0,35.0,35.0,0.0,26.0,9.0,34.0,7.0,7.0,35.0,35.0,35.0,35.0,35.0,23.0,30.0,28.0,0.0,4.0,8.0,0.0,0.0,23.0,35.0,0.0,29.0,35.0,4.0,0.0,,0.0,0.0,11.0,28.0,0.0,25.0,35.0,34.0,126.0,5048.597151573115,482.2035436120199,0.09551238277384995,12.034560229505093,126.0,False,60
2201400011778035,22,Querétaro,014,Querétaro,0001,Santiago de Querétaro,1778,035,Urbana,57,Típica,31,26,17,12.22,57.0,,3.0,0.0,,4.0,0.0,6.0,,0.0,0.0,0.0,,0.0,7.0,7.0,8.0,36.0,16.0,7.0,46.0,4.0,26.0,57.0,31.0,57.0,,,0.0,3.35,0.79,10.0,,0.0,,,0.0,,52.0,24.0,28.0,0.0,0.0,0.0,10.0,50.0,24.0,26.0,8.0,3.0,5.0,50.0,24.0,26.0,,,0.0,56.0,26.0,30.0,55.0,25.0,30.0,12.0,6.0,6.0,3.0,,,3.0,0.0,3.0,17.0,17.0,17.0,,17.0,,16.0,0.0,18.0,0.0,,,15.0,16.0,17.0,17.0,0.0,12.0,5.0,16.0,5.0,6.0,17.0,17.0,17.0,17.0,17.0,13.0,16.0,16.0,0.0,0.0,5.0,0.0,0.0,10.0,17.0,0.0,14.0,17.0,,0.0,0.0,0.0,0.0,8.0,16.0,0.0,13.0,17.0,17.0,57.0,2356.881855217085,430.74323186857765,0.1827597895563175,10.417308004710097,57.0,False,60
2201400011778036,22,Querétaro,014,Querétaro,0001,Santiago de Querétaro,1778,036,Urbana,48,Típica,22,26,16,12.85,48.0,,0.0,0.0,0.0,,,0.0,3.0,0.0,0.0,3.0,0.0,,,,5.0,30.0,11.0,7.0,37.0,4.0,26.0,48.0,22.0,48.0,0.0,0.0,0.0,3.0,0.6,5.0,,,0.0,,0.0,,42.0,22.0,20.0,,,,13.0,41.0,22.0,19.0,6.0,4.0,,39.0,21.0,18.0,,,0.0,46.0,24.0,22.0,45.0,23.0,22.0,13.0,5.0,8.0,3.0,,,3.0,,,16.0,18.0,16.0,3.0,16.0,3.0,15.0,0.0,19.0,0.0,,0.0,15.0,16.0,16.0,16.0,0.0,11.0,3.0,15.0,,,16.0,16.0,16.0,16.0,16.0,12.0,16.0,14.0,0.0,0.0,5.0,0.0,0.0,13.0,16.0,0.0,13.0,16.0,0.0,0.0,0.0,0.0,0.0,,14.0,0.0,13.0,16.0,16.0,48.0,2626.6591185470147,292.31513823739573,0.11128780897884279,5.341814830984454,48.0,False,60
2201400010125013,22,Querétaro,014,Querétaro,0001,Santiago de Querétaro,0125,013,Urbana,0,Típica,0,0,0,0.0,0.0,,0.0,0.0,0.0,0.0,0.0,0.0,0.0,0.0,0.0,0.0,0.0,0.0,0.0,0.0,0.0,0.0,0.0,0.0,0.0,0.0,0.0,0.0,0.0,0.0,0.0,0.0,0.0,0.0,0.0,0.0,0.0,0.0,0.0,0.0,0.0,0.0,0.0,0.0,0.0,0.0,0.0,0.0,0.0,0.0,0.0,0.0,0.0,0.0,0.0,0.0,0.0,0.0,0.0,0.0,0.0,0.0,0.0,0.0,0.0,0.0,0.0,0.0,0.0,0.0,0.0,0.0,0.0,0.0,0.0,0.0,0.0,0.0,0.0,0.0,0.0,0.0,0.0,0.0,0.0,0.0,0.0,0.0,0.0,0.0,0.0,0.0,0.0,0.0,0.0,0.0,0.0,0.0,0.0,0.0,0.0,0.0,0.0,0.0,0.0,0.0,0.0,0.0,0.0,0.0,0.0,0.0,0.0,0.0,0.0,0.0,0.0,0.0,0.0,0.0,0.0,0.0,0.0,0.0,0.0,0.0,0.0,0.0,90861.97543701778,499.88580396043864,0.005501595156347237,0.0,0.0,False,60
2201400010248003,22,Querétaro,014,Querétaro,0001,Santiago de Querétaro,0248,003,Urbana,139,Típica,61,78,46,12.58,139.0,,0.0,,,4.0,,3.0,6.0,0.0,,6.0,,3.0,,5.0,12.0,84.0,41.0,17.0,105.0,17.0,78.0,139.0,61.0,139.0,,0.0,,3.02,0.69,26.0,,,,3.0,,,125.0,68.0,57.0,4.0,,,38.0,122.0,66.0,56.0,17.0,9.0,8.0,118.0,64.0,54.0,6.0,3.0,3.0,137.0,77.0,60.0,133.0,75.0,58.0,25.0,15.0,10.0,6.0,6.0,0.0,6.0,5.0,,46.0,53.0,46.0,9.0,46.0,9.0,44.0,0.0,55.0,,9.0,3.0,37.0,41.0,46.0,46.0,0.0,36.0,13.0,43.0,5.0,11.0,46.0,46.0,46.0,46.0,46.0,39.0,41.0,43.0,0.0,5.0,9.0,0.0,0.0,36.0,46.0,0.0,39.0,46.0,4.0,0.0,,0.0,0.0,24.0,35.0,0.0,36.0,45.0,43.0,139.0,26081.30405598982,1017.128095149659,0.03899836039509941,5.420772094918817,139.0,False,60
2201400010248042,22,Querétaro,014,Querétaro,0001,Santiago de Querétaro,0248,042,Urbana,131,Típica,69,62,41,12.42,131.0,,,0.0,0.0,,0.0,,4.0,0.0,0.0,,3.0,,3.0,5.0,9.0,85.0,34.0,17.0,102.0,12.0,62.0,131.0,69.0,131.0,4.0,,,3.2,0.71,35.0,5.0,3.0,,5.0,3.0,,119.0,54.0,65.0,,,0.0,40.0,114.0,51.0,63.0,28.0,11.0,17.0,113.0,50.0,63.0,5.0,4.0,,126.0,59.0,67.0,123.0,57.0,66.0,13.0,8.0,5.0,,,,5.0,3.0,,41.0,47.0,41.0,,41.0,5.0,40.0,,48.0,0.0,5.0,0.0,36.0,41.0,41.0,41.0,0.0,16.0,7.0,38.0,28.0,6.0,41.0,41.0,41.0,41.0,41.0,29.0,35.0,28.0,0.0,5.0,21.0,0.0,0.0,23.0,41.0,0.0,30.0,40.0,5.0,,,0.0,0.0,16.0,31.0,0.0,17.0,22.0,38.0,131.0,902.0630717094328,218.89300144125517,0.2426582001926398,31.788224225235815,131.0,False,60
2201400010252007,22,Querétaro,014,Querétaro,0001,Santiago de Querétaro,0252,007,Urbana,65,Típica,28,37,13,11.27,65.0,,,0.0,0.0,4.0,,4.0,5.0,0.0,3.0,3.0,,9.0,16.0,6.0,23.0,31.0,22.0,14.0,40.0,11.0,37.0,65.0,28.0,65.0,0.0,0.0,0.0,5.0,1.1,19.0,,,,,,0.0,53.0,30.0,23.0,3.0,,,17.0,51.0,28.0,23.0,7.0,4.0,3.0,48.0,27.0,21.0,4.0,0.0,4.0,63.0,36.0,27.0,59.0,36.0,23.0,14.0,9.0,5.0,6.0,6.0,0.0,6.0,6.0,0.0,13.0,15.0,13.0,,13.0,,13.0,,15.0,0.0,3.0,,10.0,12.0,13.0,13.0,0.0,7.0,,11.0,3.0,3.0,13.0,13.0,13.0,13.0,13.0,10.0,11.0,12.0,0.0,,6.0,0.0,0.0,8.0,13.0,0.0,10.0,13.0,,0.0,0.0,0.0,0.0,4.0,11.0,0.0,9.0,13.0,13.0,65.0,4843.901987687901,3.0948008344747717,0.0006389065762150127,0.04152892745397583,65.0,False,60
2201400010252037,22,Querétaro,014,Querétaro,0001,Santiago de Querétaro,0252,037,Urbana,18,Típica,10,8,3,10.2,18.0,,0.0,0.0,0.0,0.0,0.0,0.0,,0.0,0.0,0.0,0.0,0.0,0.0,0.0,,14.0,,3.0,12.0,3.0,8.0,18.0,10.0,18.0,0.0,0.0,0.0,6.0,0.95,8.0,,,0.0,,,0.0,16.0,7.0,9.0,,,0.0,,15.0,6.0,9.0,,0.0,,14.0,5.0,9.0,0.0,0.0,0.0,17.0,7.0,10.0,17.0,7.0,10.0,4.0,,,,0.0,,,,,3.0,4.0,3.0,,3.0,,3.0,0.0,4.0,0.0,0.0,0.0,3.0,3.0,3.0,3.0,0.0,,0.0,,0.0,,3.0,3.0,3.0,3.0,3.0,,3.0,3.0,0.0,,0.0,0.0,0.0,,3.0,0.0,,3.0,0.0,0.0,0.0,0.0,0.0,,3.0,0.0,,,3.0,18.0,1074.1375402025258,386.5587353389119,0.3598782473108865,6.4778084515959575,18.0,False,60
2201400010303028,22,Querétaro,014,Querétaro,0001,Santiago de Querétaro,0303,028,Urbana,241,Típica,111,130,73,12.55,241.0,,6.0,,,12.0,3.0,,16.0,,,7.0,6.0,7.0,15.0,19.0,33.0,152.0,66.0,31.0,172.0,38.0,130.0,241.0,111.0,241.0,15.0,10.0,5.0,3.3,0.75,47.0,6.0,3.0,3.0,8.0,5.0,3.0,218.0,120.0,98.0,4.0,4.0,0.0,66.0,210.0,115.0,95.0,42.0,20.0,22.0,206.0,111.0,95.0,9.0,,7.0,235.0,127.0,108.0,227.0,125.0,102.0,55.0,34.0,21.0,8.0,5.0,3.0,15.0,10.0,5.0,73.0,82.0,73.0,,70.0,9.0,72.0,,83.0,,9.0,7.0,61.0,62.0,69.0,69.0,,39.0,11.0,65.0,3.0,7.0,69.0,69.0,70.0,69.0,69.0,45.0,59.0,53.0,0.0,4.0,31.0,0.0,0.0,52.0,70.0,0.0,40.0,66.0,9.0,,5.0,,,20.0,51.0,,40.0,68.0,62.0,241.0,62949.6531481835,1984.8971647516137,0.031531502803981544,7.599092175759552,241.0,False,60
2201400010360027,22,Querétaro,014,Querétaro,0001,Santiago de Querétaro,0360,027,Urbana,86,Típica,37,49,28,13.49,83.0,,0.0,0.0,0.0,,0.0,,3.0,0.0,0.0,,,,4.0,,6.0,56.0,19.0,13.0,66.0,7.0,49.0,83.0,37.0,86.0,,,0.0,2.96,0.63,17.0,,,0.0,3.0,3.0,0.0,76.0,44.0,32.0,5.0,3.0,,30.0,73.0,41.0,32.0,6.0,4.0,,68.0,38.0,30.0,4.0,,3.0,85.0,48.0,37.0,81.0,47.0,34.0,10.0,6.0,4.0,5.0,3.0,,7.0,5.0,,28.0,28.0,28.0,,28.0,,25.0,,31.0,0.0,4.0,,24.0,26.0,28.0,28.0,0.0,11.0,8.0,26.0,8.0,8.0,28.0,28.0,28.0,28.0,28.0,20.0,25.0,25.0,0.0,3.0,17.0,0.0,0.0,18.0,28.0,0.0,25.0,28.0,3.0,0.0,0.0,0.0,0.0,14.0,18.0,0.0,22.0,27.0,28.0,86.0,18926.040538558464,599.1641882581615,0.031658190049707984,2.7226043442748864,86.0,False,60
2201400011316047,22,Querétaro,014,Querétaro,0001,Santiago de Querétaro,1316,047,Urbana,0,Típica,0,0,0,0.0,0.0,,0.0,0.0,0.0,0.0,0.0,0.0,0.0,0.0,0.0,0.0,0.0,0.0,0.0,0.0,0.0,0.0,0.0,0.0,0.0,0.0,0.0,0.0,0.0,0.0,0.0,0.0,0.0,0.0,0.0,0.0,0.0,0.0,0.0,0.0,0.0,0.0,0.0,0.0,0.0,0.0,0.0,0.0,0.0,0.0,0.0,0.0,0.0,0.0,0.0,0.0,0.0,0.0,0.0,0.0,0.0,0.0,0.0,0.0,0.0,0.0,0.0,0.0,0.0,0.0,0.0,0.0,0.0,0.0,0.0,0.0,0.0,0.0,0.0,0.0,0.0,0.0,0.0,0.0,0.0,0.0,0.0,0.0,0.0,0.0,0.0,0.0,0.0,0.0,0.0,0.0,0.0,0.0,0.0,0.0,0.0,0.0,0.0,0.0,0.0,0.0,0.0,0.0,0.0,0.0,0.0,0.0,0.0,0.0,0.0,0.0,0.0,0.0,0.0,0.0,0.0,0.0,0.0,0.0,0.0,0.0,0.0,0.0,1488.5293376732834,479.66966170804346,0.32224400928356167,0.0,0.0,True,60
2201400011354002,22,Querétaro,014,Querétaro,0001,Santiago de Querétaro,1354,002,Urbana,85,Típica,42,43,19,10.27,85.0,,0.0,0.0,,,0.0,,3.0,,0.0,5.0,0.0,3.0,5.0,5.0,10.0,43.0,23.0,23.0,53.0,9.0,43.0,85.0,42.0,85.0,,,,4.47,1.1,12.0,4.0,,,4.0,3.0,,66.0,34.0,32.0,,0.0,,20.0,62.0,31.0,31.0,13.0,8.0,5.0,61.0,31.0,30.0,6.0,,4.0,81.0,41.0,40.0,78.0,41.0,37.0,10.0,5.0,5.0,9.0,5.0,4.0,11.0,8.0,3.0,19.0,16.0,19.0,,19.0,,15.0,0.0,20.0,0.0,4.0,3.0,15.0,16.0,18.0,18.0,,12.0,,19.0,3.0,,19.0,18.0,19.0,19.0,19.0,14.0,18.0,17.0,0.0,3.0,7.0,0.0,0.0,10.0,19.0,0.0,14.0,19.0,,0.0,0.0,0.0,0.0,5.0,17.0,0.0,17.0,16.0,19.0,85.0,6471.113188256186,106.71372373724833,0.016490783058919913,1.4017165600081927,85.0,False,60
2201400011354003,22,Querétaro,014,Querétaro,0001,Santiago de Querétaro,1354,003,Urbana,23,Típica,13,10,8,6.59,23.0,,,0.0,0.0,0.0,0.0,,,0.0,0.0,,0.0,0.0,3.0,3.0,4.0,11.0,9.0,6.0,15.0,,10.0,23.0,13.0,23.0,0.0,0.0,0.0,2.88,1.47,8.0,,0.0,,3.0,,,20.0,9.0,11.0,,,0.0,6.0,17.0,8.0,9.0,,0.0,,16.0,7.0,9.0,0.0,0.0,0.0,22.0,10.0,12.0,22.0,10.0,12.0,,,,,,,4.0,,,8.0,10.0,8.0,,7.0,,8.0,0.0,10.0,,,4.0,5.0,,7.0,7.0,0.0,,,7.0,,0.0,7.0,7.0,7.0,7.0,7.0,,5.0,3.0,0.0,0.0,6.0,0.0,0.0,,7.0,0.0,4.0,4.0,,0.0,0.0,0.0,0.0,0.0,5.0,0.0,,,7.0,23.0,12556.440020102933,409.4431188630663,0.032608216835945975,0.7499889872267574,23.0,False,60
2201400011354019,22,Querétaro,014,Querétaro,0001,Santiago de Querétaro,1354,019,Urbana,0,Típica,0,0,0,0.0,0.0,,0.0,0.0,0.0,0.0,0.0,0.0,0.0,0.0,0.0,0.0,0.0,0.0,0.0,0.0,0.0,0.0,0.0,0.0,0.0,0.0,0.0,0.0,0.0,0.0,0.0,0.0,0.0,0.0,0.0,0.0,0.0,0.0,0.0,0.0,0.0,0.0,0.0,0.0,0.0,0.0,0.0,0.0,0.0,0.0,0.0,0.0,0.0,0.0,0.0,0.0,0.0,0.0,0.0,0.0,0.0,0.0,0.0,0.0,0.0,0.0,0.0,0.0,0.0,0.0,0.0,0.0,0.0,0.0,0.0,0.0,0.0,0.0,0.0,0.0,0.0,0.0,0.0,0.0,0.0,0.0,0.0,0.0,0.0,0.0,0.0,0.0,0.0,0.0,0.0,0.0,0.0,0.0,0.0,0.0,0.0,0.0,0.0,0.0,0.0,0.0,0.0,0.0,0.0,0.0,0.0,0.0,0.0,0.0,0.0,0.0,0.0,0.0,0.0,0.0,0.0,0.0,0.0,0.0,0.0,0.0,0.0,0.0,5682.648160937528,490.5262022737538,0.08632000229147152,0.0,0.0,False,60
2201400011354041,22,Querétaro,014,Querétaro,0001,Santiago de Querétaro,1354,041,Urbana,64,Típica,31,33,14,9.1,64.0,,,3.0,3.0,3.0,3.0,5.0,,0.0,0.0,3.0,4.0,,5.0,6.0,5.0,32.0,25.0,13.0,46.0,5.0,33.0,64.0,31.0,64.0,0.0,0.0,0.0,4.57,0.98,13.0,3.0,,,6.0,4.0,,57.0,32.0,25.0,4.0,,,20.0,51.0,28.0,23.0,10.0,6.0,4.0,47.0,26.0,21.0,,0.0,,61.0,32.0,29.0,60.0,32.0,28.0,9.0,3.0,6.0,,0.0,,8.0,4.0,4.0,14.0,16.0,14.0,,14.0,,14.0,,16.0,0.0,3.0,,11.0,13.0,14.0,14.0,0.0,6.0,,13.0,,,14.0,14.0,14.0,14.0,14.0,6.0,10.0,11.0,0.0,,7.0,0.0,0.0,4.0,13.0,,12.0,14.0,4.0,0.0,0.0,0.0,0.0,,9.0,0.0,8.0,12.0,14.0,64.0,13796.079642803346,85.78973833290048,0.006218414256375524,0.39797851240803356,64.0,False,60
2201400011373008,22,Querétaro,014,Querétaro,0001,Santiago de Querétaro,1373,008,Urbana,47,Típica,25,22,12,9.97,47.0,,0.0,0.0,0.0,0.0,0.0,,,0.0,0.0,,0.0,,,,4.0,27.0,12.0,12.0,34.0,,22.0,47.0,25.0,47.0,0.0,0.0,0.0,3.92,1.09,13.0,,,,4.0,3.0,,39.0,18.0,21.0,4.0,4.0,0.0,12.0,35.0,15.0,20.0,6.0,,5.0,31.0,11.0,20.0,,0.0,,45.0,21.0,24.0,44.0,21.0,23.0,,,,5.0,3.0,,7.0,5.0,,12.0,16.0,12.0,,12.0,,12.0,3.0,16.0,0.0,3.0,3.0,9.0,9.0,12.0,12.0,0.0,4.0,4.0,11.0,,0.0,12.0,12.0,12.0,12.0,12.0,6.0,9.0,9.0,0.0,,7.0,0.0,0.0,8.0,12.0,0.0,10.0,9.0,,,0.0,0.0,0.0,,5.0,0.0,8.0,11.0,11.0,47.0,24860.87597764088,920.1730749388402,0.0370128983293435,1.7396062214791446,47.0,False,60
2201400011388011,22,Querétaro,014,Querétaro,0001,Santiago de Querétaro,1388,011,Urbana,107,Típica,57,50,21,9.28,107.0,,0.0,0.0,0.0,,0.0,0.0,0.0,0.0,0.0,0.0,0.0,0.0,0.0,,0.0,56.0,28.0,30.0,69.0,8.0,50.0,107.0,57.0,107.0,0.0,0.0,0.0,5.1,1.1,10.0,3.0,0.0,3.0,7.0,,5.0,84.0,39.0,45.0,11.0,5.0,6.0,29.0,77.0,37.0,40.0,13.0,6.0,7.0,66.0,32.0,34.0,7.0,6.0,,104.0,50.0,54.0,100.0,47.0,53.0,11.0,6.0,5.0,13.0,5.0,8.0,16.0,5.0,11.0,21.0,21.0,21.0,0.0,21.0,0.0,21.0,0.0,21.0,,3.0,,18.0,19.0,21.0,21.0,0.0,10.0,,19.0,0.0,,20.0,20.0,21.0,21.0,21.0,13.0,14.0,19.0,0.0,4.0,10.0,0.0,0.0,9.0,20.0,,17.0,20.0,6.0,,,,0.0,4.0,13.0,,13.0,19.0,20.0,107.0,19058.219027857063,52.9044370928319,0.0027759381406784345,0.2970253810525925,107.0,False,60
2201400011388012,22,Querétaro,014,Querétaro,0001,Santiago de Querétaro,1388,012,Urbana,131,Típica,67,64,35,9.28,131.0,,3.0,3.0,,8.0,,,,,,3.0,,,6.0,10.0,7.0,67.0,45.0,25.0,92.0,14.0,64.0,131.0,67.0,131.0,0.0,0.0,0.0,3.74,1.07,26.0,0.0,0.0,0.0,6.0,,4.0,112.0,53.0,59.0,7.0,3.0,4.0,32.0,106.0,51.0,55.0,18.0,8.0,10.0,99.0,48.0,51.0,6.0,5.0,,131.0,64.0,67.0,127.0,61.0,66.0,23.0,15.0,8.0,13.0,6.0,7.0,15.0,6.0,9.0,35.0,38.0,35.0,3.0,35.0,0.0,35.0,3.0,38.0,3.0,6.0,8.0,29.0,24.0,35.0,35.0,0.0,16.0,5.0,32.0,,,35.0,35.0,35.0,35.0,35.0,18.0,24.0,28.0,0.0,4.0,19.0,0.0,0.0,10.0,32.0,3.0,30.0,32.0,11.0,,0.0,0.0,0.0,,19.0,0.0,11.0,28.0,35.0,131.0,9201.703693399688,15.478341662419915,0.0016821169403142607,0.22035731918116816,131.0,False,60
2201400011388014,22,Querétaro,014,Querétaro,0001,Santiago de Querétaro,1388,014,Urbana,135,Típica,65,70,31,9.47,135.0,,,0.0,,3.0,0.0,,4.0,0.0,0.0,,3.0,,,4.0,4.0,74.0,20.0,42.0,82.0,8.0,70.0,135.0,65.0,135.0,,0.0,,4.35,1.08,3.0,10.0,6.0,4.0,4.0,3.0,,94.0,48.0,46.0,5.0,3.0,,32.0,90.0,45.0,45.0,12.0,,10.0,85.0,42.0,43.0,9.0,4.0,5.0,122.0,62.0,60.0,114.0,59.0,55.0,12.0,6.0,6.0,19.0,10.0,9.0,15.0,8.0,7.0,31.0,33.0,31.0,,31.0,,31.0,,33.0,,9.0,3.0,21.0,26.0,29.0,29.0,,16.0,0.0,29.0,0.0,5.0,30.0,29.0,30.0,30.0,30.0,13.0,25.0,24.0,0.0,5.0,11.0,0.0,0.0,9.0,30.0,0.0,28.0,27.0,5.0,0.0,0.0,0.0,0.0,3.0,21.0,0.0,19.0,26.0,29.0,135.0,9101.268157575392,265.4378328616499,0.02916492825680717,3.937265314668968,135.0,False,60
2201400011547009,22,Querétaro,014,Querétaro,0001,Santiago de Querétaro,1547,009,Urbana,93,Típica,41,52,21,8.43,93.0,,0.0,,,3.0,,,5.0,0.0,0.0,,,4.0,4.0,5.0,9.0,49.0,22.0,23.0,62.0,8.0,52.0,93.0,41.0,93.0,0.0,0.0,0.0,4.43,1.18,27.0,,,0.0,,,0.0,71.0,43.0,28.0,5.0,3.0,,28.0,70.0,42.0,28.0,6.0,4.0,,65.0,39.0,26.0,6.0,,4.0,91.0,50.0,41.0,86.0,48.0,38.0,12.0,6.0,6.0,14.0,5.0,9.0,9.0,4.0,5.0,21.0,22.0,21.0,,21.0,,20.0,,23.0,0.0,,4.0,20.0,17.0,21.0,21.0,0.0,5.0,3.0,20.0,,,21.0,21.0,21.0,21.0,21.0,9.0,16.0,19.0,0.0,,15.0,0.0,0.0,8.0,21.0,0.0,13.0,19.0,5.0,0.0,0.0,0.0,0.0,,18.0,0.0,16.0,13.0,21.0,93.0,3419.3466691858357,185.05652409172876,0.054120433520065306,5.033200317366074,93.0,False,60
2201400011551013,22,Querétaro,014,Querétaro,0001,Santiago de Querétaro,1551,013,Urbana,631,Típica,287,344,215,13.54,631.0,,6.0,5.0,5.0,18.0,7.0,15.0,21.0,6.0,,5.0,4.0,18.0,39.0,36.0,64.0,368.0,207.0,72.0,451.0,106.0,344.0,631.0,287.0,631.0,99.0,48.0,51.0,2.93,0.59,126.0,13.0,6.0,7.0,18.0,7.0,11.0,575.0,315.0,260.0,22.0,7.0,15.0,170.0,557.0,308.0,249.0,57.0,32.0,25.0,535.0,301.0,234.0,13.0,7.0,6.0,616.0,337.0,279.0,607.0,332.0,275.0,152.0,87.0,65.0,28.0,15.0,13.0,37.0,17.0,20.0,215.0,250.0,215.0,36.0,215.0,25.0,214.0,11.0,251.0,,28.0,3.0,187.0,211.0,215.0,215.0,0.0,169.0,36.0,201.0,60.0,43.0,215.0,215.0,215.0,215.0,215.0,176.0,191.0,202.0,0.0,11.0,45.0,0.0,0.0,170.0,215.0,0.0,147.0,215.0,20.0,0.0,,0.0,0.0,98.0,153.0,0.0,180.0,204.0,212.0,631.0,67746.0185091608,1178.640979676324,0.01739793726057783,10.97809841142461,631.0,False,60
2201400011689023,22,Querétaro,014,Querétaro,0001,Santiago de Querétaro,1689,023,Urbana,691,Típica,343,348,200,11.63,691.0,,4.0,,5.0,10.0,,10.0,20.0,4.0,0.0,22.0,3.0,17.0,49.0,18.0,80.0,392.0,183.0,146.0,520.0,25.0,348.0,691.0,343.0,691.0,,0.0,,3.46,0.72,132.0,31.0,11.0,20.0,30.0,16.0,14.0,575.0,297.0,278.0,31.0,14.0,17.0,204.0,545.0,281.0,264.0,103.0,48.0,55.0,514.0,267.0,247.0,22.0,11.0,11.0,660.0,337.0,323.0,645.0,330.0,315.0,40.0,21.0,19.0,63.0,29.0,34.0,75.0,38.0,37.0,200.0,191.0,200.0,,200.0,6.0,184.0,,207.0,0.0,35.0,0.0,165.0,200.0,200.0,200.0,0.0,118.0,39.0,192.0,15.0,53.0,200.0,200.0,200.0,200.0,200.0,133.0,180.0,167.0,0.0,13.0,77.0,0.0,0.0,121.0,200.0,0.0,158.0,194.0,17.0,,3.0,0.0,0.0,77.0,159.0,0.0,146.0,197.0,192.0,691.0,18669.12419172525,59.359640640758506,0.003179562149308996,2.1970774451725164,691.0,False,60
2201400011689025,22,Querétaro,014,Querétaro,0001,Santiago de Querétaro,1689,025,Urbana,108,Típica,56,52,36,11.14,108.0,,0.0,0.0,,,0.0,,4.0,,,3.0,,3.0,12.0,3.0,16.0,70.0,18.0,22.0,83.0,3.0,52.0,108.0,56.0,108.0,,0.0,,3.0,1.04,13.0,6.0,,4.0,,,,88.0,44.0,44.0,3.0,0.0,3.0,29.0,86.0,43.0,43.0,20.0,6.0,14.0,83.0,43.0,40.0,3.0,,,102.0,50.0,52.0,100.0,50.0,50.0,11.0,7.0,4.0,11.0,5.0,6.0,8.0,4.0,4.0,36.0,38.0,36.0,,36.0,,35.0,,39.0,,6.0,6.0,30.0,28.0,36.0,36.0,0.0,20.0,5.0,34.0,,6.0,36.0,36.0,36.0,36.0,36.0,21.0,30.0,25.0,0.0,,16.0,0.0,0.0,18.0,36.0,0.0,23.0,35.0,4.0,,0.0,0.0,0.0,11.0,25.0,0.0,17.0,36.0,32.0,108.0,2196.1992927476995,274.08705327294285,0.12480062905858977,13.478467938327695,108.0,False,60
2201400011689026,22,Querétaro,014,Querétaro,0001,Santiago de Querétaro,1689,026,Urbana,49,Típica,23,26,15,10.0,49.0,,0.0,0.0,,0.0,0.0,0.0,0.0,0.0,0.0,0.0,0.0,4.0,5.0,,8.0,30.0,10.0,12.0,35.0,,26.0,49.0,23.0,49.0,0.0,0.0,0.0,3.27,1.07,9.0,3.0,,,3.0,,,40.0,21.0,19.0,3.0,,,12.0,37.0,20.0,17.0,5.0,,3.0,34.0,18.0,16.0,,,0.0,46.0,24.0,22.0,46.0,24.0,22.0,3.0,,,5.0,,3.0,5.0,,4.0,15.0,18.0,15.0,,15.0,3.0,14.0,,19.0,0.0,,,13.0,13.0,15.0,15.0,0.0,6.0,3.0,15.0,0.0,4.0,15.0,15.0,15.0,15.0,15.0,9.0,12.0,13.0,0.0,,9.0,0.0,0.0,9.0,15.0,0.0,13.0,15.0,,0.0,0.0,0.0,0.0,4.0,11.0,0.0,8.0,15.0,13.0,49.0,1179.204301936874,142.75140178755714,0.12105739569732253,5.931812389168804,49.0,False,60
2201400011689063,22,Querétaro,014,Querétaro,0001,Santiago de Querétaro,1689,063,Urbana,0,Típica,0,0,0,0.0,0.0,,0.0,0.0,0.0,0.0,0.0,0.0,0.0,0.0,0.0,0.0,0.0,0.0,0.0,0.0,0.0,0.0,0.0,0.0,0.0,0.0,0.0,0.0,0.0,0.0,0.0,0.0,0.0,0.0,0.0,0.0,0.0,0.0,0.0,0.0,0.0,0.0,0.0,0.0,0.0,0.0,0.0,0.0,0.0,0.0,0.0,0.0,0.0,0.0,0.0,0.0,0.0,0.0,0.0,0.0,0.0,0.0,0.0,0.0,0.0,0.0,0.0,0.0,0.0,0.0,0.0,0.0,0.0,0.0,0.0,0.0,0.0,0.0,0.0,0.0,0.0,0.0,0.0,0.0,0.0,0.0,0.0,0.0,0.0,0.0,0.0,0.0,0.0,0.0,0.0,0.0,0.0,0.0,0.0,0.0,0.0,0.0,0.0,0.0,0.0,0.0,0.0,0.0,0.0,0.0,0.0,0.0,0.0,0.0,0.0,0.0,0.0,0.0,0.0,0.0,0.0,0.0,0.0,0.0,0.0,0.0,0.0,0.0,2383.0010517745445,140.10522816054979,0.05879360735330683,0.0,0.0,False,60
2201400011710002,22,Querétaro,014,Querétaro,0001,Santiago de Querétaro,1710,002,Urbana,107,Típica,59,48,28,11.28,107.0,,3.0,,0.0,4.0,4.0,5.0,4.0,,,,,,10.0,9.0,13.0,43.0,43.0,26.0,69.0,12.0,48.0,107.0,59.0,107.0,0.0,0.0,0.0,3.82,0.73,8.0,,,,5.0,,4.0,86.0,41.0,45.0,3.0,,,18.0,81.0,40.0,41.0,4.0,,3.0,78.0,38.0,40.0,7.0,,5.0,105.0,47.0,58.0,102.0,46.0,56.0,22.0,14.0,8.0,12.0,4.0,8.0,14.0,5.0,9.0,28.0,32.0,28.0,,28.0,3.0,27.0,,33.0,0.0,5.0,0.0,23.0,28.0,28.0,28.0,0.0,18.0,5.0,28.0,,8.0,28.0,28.0,28.0,28.0,28.0,24.0,25.0,25.0,0.0,,9.0,0.0,0.0,18.0,28.0,0.0,25.0,28.0,3.0,0.0,0.0,0.0,0.0,12.0,24.0,0.0,22.0,27.0,27.0,107.0,4038.0712982965174,2.5282869721476793,0.0006261125139653306,0.06699403899429038,107.0,False,60
2201400010483017,22,Querétaro,014,Querétaro,0001,Santiago de Querétaro,0483,017,Urbana,125,Típica,60,65,36,10.25,125.0,,,0.0,,4.0,,3.0,5.0,,,4.0,,6.0,7.0,6.0,13.0,71.0,28.0,30.0,84.0,11.0,65.0,125.0,60.0,125.0,0.0,0.0,0.0,3.47,1.16,31.0,5.0,,4.0,4.0,,,99.0,53.0,46.0,3.0,,,31.0,95.0,51.0,44.0,19.0,8.0,11.0,92.0,49.0,43.0,8.0,5.0,3.0,120.0,64.0,56.0,115.0,61.0,54.0,14.0,9.0,5.0,13.0,6.0,7.0,12.0,5.0,7.0,36.0,56.0,36.0,20.0,35.0,14.0,36.0,6.0,56.0,7.0,16.0,9.0,19.0,19.0,35.0,35.0,0.0,6.0,9.0,32.0,7.0,4.0,35.0,35.0,35.0,35.0,35.0,14.0,21.0,21.0,0.0,3.0,27.0,0.0,0.0,16.0,35.0,0.0,20.0,32.0,13.0,,,,0.0,11.0,24.0,0.0,21.0,17.0,33.0,125.0,21957.158256037692,61.02766568534305,0.002779397268704474,0.3474246585880592,125.0,False,60
2201400010638011,22,Querétaro,014,Querétaro,0001,Santiago de Querétaro,0638,011,Urbana,55,Típica,34,21,15,10.73,55.0,,0.0,0.0,,0.0,0.0,0.0,,,,3.0,,,4.0,,7.0,30.0,22.0,6.0,41.0,8.0,21.0,55.0,34.0,55.0,0.0,0.0,0.0,3.67,0.86,18.0,,,0.0,3.0,,,52.0,19.0,33.0,,0.0,,10.0,49.0,18.0,31.0,9.0,3.0,6.0,48.0,18.0,30.0,0.0,0.0,0.0,54.0,20.0,34.0,54.0,20.0,34.0,11.0,6.0,5.0,,,,4.0,,3.0,15.0,15.0,15.0,0.0,15.0,0.0,15.0,0.0,15.0,0.0,3.0,3.0,12.0,12.0,15.0,15.0,0.0,6.0,,11.0,,0.0,15.0,15.0,15.0,15.0,15.0,7.0,12.0,10.0,0.0,,9.0,0.0,0.0,5.0,15.0,0.0,13.0,15.0,,,0.0,0.0,0.0,,10.0,0.0,11.0,14.0,15.0,55.0,3153.042968753295,198.64130738725808,0.06299987325126759,3.4649930288197175,55.0,False,60
2201400010638013,22,Querétaro,014,Querétaro,0001,Santiago de Querétaro,0638,013,Urbana,146,Típica,76,70,47,9.2,146.0,,5.0,3.0,6.0,6.0,,6.0,7.0,,,4.0,4.0,4.0,10.0,17.0,17.0,75.0,37.0,37.0,96.0,13.0,70.0,146.0,76.0,146.0,9.0,5.0,4.0,3.11,0.83,50.0,8.0,,7.0,3.0,,,112.0,62.0,50.0,8.0,3.0,5.0,40.0,109.0,61.0,48.0,13.0,7.0,6.0,101.0,58.0,43.0,8.0,,6.0,138.0,69.0,69.0,135.0,68.0,67.0,20.0,11.0,9.0,18.0,5.0,13.0,13.0,5.0,8.0,47.0,50.0,47.0,5.0,47.0,5.0,45.0,0.0,52.0,11.0,19.0,8.0,28.0,28.0,47.0,47.0,0.0,15.0,5.0,40.0,0.0,5.0,47.0,47.0,47.0,47.0,47.0,16.0,26.0,27.0,0.0,,32.0,0.0,0.0,13.0,47.0,0.0,35.0,37.0,19.0,3.0,3.0,,0.0,8.0,17.0,0.0,22.0,38.0,41.0,146.0,10557.662672893812,537.6190240727036,0.05092216343045411,7.4346358608463,146.0,False,60
2201400010642026,22,Querétaro,014,Querétaro,0001,Santiago de Querétaro,0642,026,Urbana,96,Típica,41,55,27,9.77,96.0,,,,,,,,4.0,0.0,,,0.0,,4.0,,7.0,47.0,31.0,23.0,67.0,6.0,55.0,96.0,41.0,96.0,0.0,0.0,0.0,3.56,0.92,27.0,7.0,4.0,3.0,5.0,3.0,,78.0,46.0,32.0,7.0,6.0,,33.0,73.0,43.0,30.0,10.0,7.0,3.0,66.0,37.0,29.0,6.0,,4.0,89.0,51.0,38.0,85.0,50.0,35.0,12.0,7.0,5.0,5.0,3.0,,10.0,6.0,4.0,27.0,28.0,27.0,,27.0,,27.0,0.0,28.0,,10.0,4.0,17.0,21.0,27.0,27.0,0.0,7.0,,24.0,,0.0,27.0,27.0,27.0,27.0,27.0,12.0,21.0,19.0,0.0,,20.0,0.0,0.0,14.0,24.0,3.0,12.0,24.0,6.0,,,0.0,0.0,,19.0,0.0,19.0,17.0,26.0,96.0,7246.68572402672,12.964516110884015,0.0017890269572336448,0.1717465878944299,96.0,False,60
2201400010642032,22,Querétaro,014,Querétaro,0001,Santiago de Querétaro,0642,032,Urbana,137,Típica,60,77,37,9.27,137.0,,,0.0,0.0,,,,3.0,,,,0.0,,9.0,3.0,12.0,66.0,46.0,32.0,95.0,10.0,77.0,137.0,60.0,137.0,0.0,0.0,0.0,3.7,0.83,44.0,8.0,5.0,3.0,7.0,4.0,3.0,112.0,65.0,47.0,7.0,4.0,3.0,36.0,105.0,61.0,44.0,11.0,6.0,5.0,98.0,57.0,41.0,7.0,3.0,4.0,129.0,72.0,57.0,123.0,69.0,54.0,20.0,13.0,7.0,10.0,4.0,6.0,13.0,7.0,6.0,37.0,38.0,37.0,3.0,37.0,3.0,35.0,0.0,40.0,,6.0,5.0,31.0,31.0,36.0,37.0,0.0,20.0,6.0,34.0,,5.0,37.0,37.0,37.0,37.0,37.0,22.0,32.0,29.0,0.0,,16.0,0.0,0.0,16.0,37.0,0.0,31.0,35.0,5.0,,,,0.0,7.0,24.0,0.0,26.0,33.0,36.0,137.0,7908.064395518243,89.12871872869061,0.0112706111471731,1.5440737271627147,137.0,False,60
2201400010888017,22,Querétaro,014,Querétaro,0001,Santiago de Querétaro,0888,017,Urbana,85,Típica,38,47,20,9.42,83.0,,,0.0,,,,,5.0,0.0,,,0.0,,,,6.0,40.0,28.0,21.0,55.0,9.0,47.0,83.0,38.0,85.0,0.0,0.0,0.0,4.37,0.88,26.0,4.0,,,4.0,4.0,0.0,68.0,38.0,30.0,5.0,3.0,,21.0,64.0,34.0,30.0,8.0,5.0,3.0,59.0,31.0,28.0,6.0,,5.0,81.0,45.0,36.0,75.0,44.0,31.0,11.0,7.0,4.0,7.0,6.0,,7.0,6.0,,20.0,20.0,19.0,,19.0,,18.0,0.0,22.0,,3.0,0.0,16.0,17.0,19.0,19.0,0.0,10.0,,18.0,,,19.0,19.0,19.0,19.0,19.0,12.0,18.0,15.0,0.0,,9.0,0.0,0.0,7.0,19.0,0.0,16.0,17.0,,,0.0,0.0,0.0,7.0,16.0,0.0,13.0,16.0,18.0,85.0,5759.576855781914,291.745143177821,0.05065391963386067,4.305583168878157,85.0,False,60
2201400011053026,22,Querétaro,014,Querétaro,0001,Santiago de Querétaro,1053,026,Urbana,81,Típica,41,40,25,11.69,81.0,,,,,3.0,,,4.0,0.0,0.0,,,0.0,4.0,7.0,6.0,45.0,25.0,13.0,63.0,5.0,40.0,81.0,41.0,81.0,,0.0,,3.24,0.78,7.0,,,,,,,70.0,34.0,36.0,0.0,0.0,0.0,22.0,68.0,33.0,35.0,11.0,7.0,4.0,68.0,33.0,35.0,5.0,3.0,,79.0,39.0,40.0,77.0,37.0,40.0,11.0,5.0,6.0,4.0,,,4.0,,,25.0,31.0,25.0,6.0,25.0,6.0,25.0,0.0,31.0,0.0,4.0,,21.0,24.0,25.0,25.0,0.0,18.0,7.0,24.0,5.0,5.0,25.0,25.0,25.0,25.0,25.0,16.0,22.0,24.0,0.0,,7.0,0.0,0.0,18.0,25.0,0.0,13.0,25.0,,,0.0,0.0,0.0,7.0,19.0,0.0,18.0,25.0,25.0,81.0,3331.071611742413,44.138949882593465,0.013250675766620734,1.0733047370962794,81.0,False,60
2201400011053027,22,Querétaro,014,Querétaro,0001,Santiago de Querétaro,1053,027,Urbana,200,Típica,85,115,50,9.39,200.0,,,,,,,0.0,11.0,,0.0,9.0,5.0,9.0,13.0,4.0,19.0,91.0,67.0,51.0,136.0,13.0,115.0,200.0,85.0,200.0,0.0,0.0,0.0,4.0,0.79,29.0,13.0,9.0,4.0,9.0,5.0,4.0,158.0,87.0,71.0,5.0,3.0,,54.0,149.0,82.0,67.0,20.0,12.0,8.0,144.0,79.0,65.0,9.0,6.0,3.0,187.0,106.0,81.0,183.0,103.0,80.0,20.0,11.0,9.0,20.0,13.0,7.0,24.0,16.0,8.0,50.0,50.0,50.0,,50.0,,49.0,0.0,51.0,0.0,6.0,0.0,44.0,50.0,50.0,50.0,0.0,28.0,11.0,47.0,,5.0,50.0,50.0,50.0,50.0,50.0,34.0,45.0,48.0,0.0,,21.0,0.0,0.0,21.0,50.0,0.0,41.0,49.0,4.0,0.0,,0.0,0.0,14.0,42.0,0.0,41.0,50.0,49.0,200.0,5452.4370260947735,588.571877761248,0.10794657048662949,21.5893140973259,200.0,False,60
2201400011053029,22,Querétaro,014,Querétaro,0001,Santiago de Querétaro,1053,029,Urbana,74,Típica,35,39,20,11.56,74.0,,,0.0,0.0,3.0,0.0,,4.0,,0.0,,,,0.0,4.0,5.0,48.0,16.0,10.0,56.0,8.0,39.0,74.0,35.0,74.0,3.0,,,3.7,0.94,9.0,3.0,,,0.0,0.0,0.0,64.0,33.0,31.0,,0.0,,20.0,64.0,33.0,31.0,9.0,5.0,4.0,62.0,33.0,29.0,4.0,,,71.0,38.0,33.0,69.0,37.0,32.0,12.0,6.0,6.0,3.0,3.0,0.0,,,0.0,20.0,23.0,20.0,,20.0,,20.0,,23.0,0.0,3.0,0.0,17.0,20.0,20.0,20.0,0.0,12.0,,18.0,,,20.0,20.0,20.0,20.0,20.0,12.0,15.0,18.0,0.0,,8.0,0.0,0.0,10.0,20.0,0.0,17.0,20.0,4.0,0.0,0.0,0.0,0.0,7.0,16.0,0.0,13.0,20.0,20.0,74.0,3236.8880309660913,579.2115090394811,0.1789408541470642,13.241623206882752,74.0,False,60
2201400011068026,22,Querétaro,014,Querétaro,0001,Santiago de Querétaro,1068,026,Urbana,51,Típica,30,21,13,9.9,51.0,,,0.0,,4.0,0.0,,,,,,0.0,3.0,5.0,7.0,7.0,27.0,13.0,12.0,36.0,3.0,21.0,51.0,30.0,51.0,0.0,0.0,0.0,3.92,0.89,13.0,3.0,,,,0.0,,40.0,17.0,23.0,,0.0,,9.0,39.0,17.0,22.0,6.0,,4.0,38.0,17.0,21.0,4.0,,3.0,48.0,19.0,29.0,46.0,19.0,27.0,7.0,4.0,3.0,4.0,,3.0,5.0,,4.0,13.0,13.0,13.0,0.0,13.0,0.0,13.0,0.0,13.0,0.0,0.0,0.0,13.0,13.0,13.0,13.0,0.0,8.0,3.0,12.0,0.0,4.0,13.0,13.0,13.0,13.0,13.0,6.0,9.0,12.0,0.0,,5.0,0.0,0.0,9.0,13.0,0.0,10.0,13.0,,,0.0,0.0,0.0,,9.0,0.0,5.0,13.0,12.0,51.0,2820.1921626750513,89.29488615517438,0.03166269566201299,1.6147974787626624,51.0,False,60
2201400011212035,22,Querétaro,014,Querétaro,0001,Santiago de Querétaro,1212,035,Urbana,12,Típica,6,6,3,15.7,12.0,,0.0,0.0,0.0,0.0,0.0,0.0,0.0,0.0,0.0,0.0,0.0,0.0,4.0,0.0,4.0,9.0,,,8.0,,6.0,12.0,6.0,12.0,0.0,0.0,0.0,4.0,0.86,,0.0,0.0,0.0,0.0,0.0,0.0,10.0,4.0,6.0,0.0,0.0,0.0,3.0,10.0,4.0,6.0,,0.0,,10.0,4.0,6.0,0.0,0.0,0.0,12.0,6.0,6.0,12.0,6.0,6.0,,,,,,0.0,,,0.0,3.0,6.0,3.0,,3.0,,3.0,,6.0,0.0,0.0,0.0,3.0,3.0,3.0,3.0,0.0,3.0,,3.0,3.0,,3.0,3.0,3.0,3.0,3.0,,3.0,3.0,0.0,0.0,0.0,0.0,0.0,,3.0,0.0,3.0,3.0,0.0,0.0,0.0,0.0,0.0,0.0,,0.0,3.0,3.0,3.0,12.0,3788.466860774633,22.98231893720377,0.006066390384764919,0.07279668461717903,12.0,False,60
2201400011246018,22,Querétaro,014,Querétaro,0001,Santiago de Querétaro,1246,018,Urbana,0,Típica,0,0,0,0.0,0.0,,0.0,0.0,0.0,0.0,0.0,0.0,0.0,0.0,0.0,0.0,0.0,0.0,0.0,0.0,0.0,0.0,0.0,0.0,0.0,0.0,0.0,0.0,0.0,0.0,0.0,0.0,0.0,0.0,0.0,0.0,0.0,0.0,0.0,0.0,0.0,0.0,0.0,0.0,0.0,0.0,0.0,0.0,0.0,0.0,0.0,0.0,0.0,0.0,0.0,0.0,0.0,0.0,0.0,0.0,0.0,0.0,0.0,0.0,0.0,0.0,0.0,0.0,0.0,0.0,0.0,0.0,0.0,0.0,0.0,0.0,,,,,,,,,1.0,0.0,0.0,0.0,0.0,0.0,0.0,0.0,0.0,0.0,0.0,0.0,0.0,0.0,0.0,0.0,0.0,0.0,0.0,0.0,0.0,0.0,0.0,0.0,0.0,0.0,0.0,0.0,0.0,0.0,0.0,0.0,0.0,0.0,0.0,0.0,0.0,0.0,0.0,0.0,0.0,0.0,0.0,0.0,757.2424965636706,123.22021844976146,0.16272227061863115,0.0,0.0,False,60
2201400011227018,22,Querétaro,014,Querétaro,0001,Santiago de Querétaro,1227,018,Urbana,0,Típica,0,0,0,0.0,0.0,,0.0,0.0,0.0,0.0,0.0,0.0,0.0,0.0,0.0,0.0,0.0,0.0,0.0,0.0,0.0,0.0,0.0,0.0,0.0,0.0,0.0,0.0,0.0,0.0,0.0,0.0,0.0,0.0,0.0,0.0,0.0,0.0,0.0,0.0,0.0,0.0,0.0,0.0,0.0,0.0,0.0,0.0,0.0,0.0,0.0,0.0,0.0,0.0,0.0,0.0,0.0,0.0,0.0,0.0,0.0,0.0,0.0,0.0,0.0,0.0,0.0,0.0,0.0,0.0,0.0,0.0,0.0,0.0,0.0,0.0,,,,,,,,,80.0,0.0,0.0,0.0,0.0,0.0,0.0,0.0,0.0,0.0,0.0,0.0,0.0,0.0,0.0,0.0,0.0,0.0,0.0,0.0,0.0,0.0,0.0,0.0,0.0,0.0,0.0,0.0,0.0,0.0,0.0,0.0,0.0,0.0,0.0,0.0,0.0,0.0,0.0,0.0,0.0,0.0,0.0,0.0,155018.9119278395,642.535825881096,0.0041448866973095065,0.0,0.0,False,60
2201400011890002,22,Querétaro,014,Querétaro,0001,Santiago de Querétaro,1890,002,Urbana,38,Típica,14,24,11,14.22,38.0,,0.0,0.0,0.0,0.0,,0.0,,0.0,0.0,0.0,0.0,0.0,,,3.0,18.0,19.0,,30.0,6.0,24.0,38.0,14.0,38.0,0.0,0.0,0.0,3.45,0.6,6.0,0.0,0.0,0.0,,,0.0,37.0,23.0,14.0,,,0.0,11.0,36.0,22.0,14.0,5.0,,3.0,35.0,21.0,14.0,,,0.0,38.0,24.0,14.0,37.0,23.0,14.0,9.0,5.0,4.0,0.0,0.0,0.0,,,0.0,11.0,13.0,11.0,,10.0,3.0,9.0,,15.0,0.0,,0.0,8.0,10.0,10.0,10.0,0.0,10.0,0.0,10.0,9.0,3.0,10.0,10.0,10.0,10.0,10.0,9.0,10.0,10.0,0.0,0.0,0.0,0.0,0.0,10.0,10.0,0.0,9.0,10.0,0.0,0.0,0.0,0.0,0.0,6.0,7.0,0.0,10.0,10.0,10.0,38.0,12373.641609714743,562.6534672203029,0.04547193825127072,1.7279336535482874,38.0,False,60
2201400011890003,22,Querétaro,014,Querétaro,0001,Santiago de Querétaro,1890,003,Urbana,2,Típica,0,0,1,,,,,,,,,,,,,,,,,,,,,,,,,,,2.0,,,,,,,,,,,,,,,,,,,,,,,,,,,,,,,,,,,,,,,,,,,,,,,1.0,,,,,,,,1.0,,,,,,,,,,,,,,,,,,,,,,,,,,,,,,,,,,,,,,,,,,,2.0,7612.602756836923,670.7088079711127,0.08810505807212195,0.1762101161442439,2.0,False,60
2201400012117007,22,Querétaro,014,Querétaro,0001,Santiago de Querétaro,2117,007,Urbana,122,Típica,53,69,34,11.38,122.0,,,,,,0.0,,8.0,0.0,0.0,5.0,,6.0,21.0,5.0,31.0,63.0,39.0,25.0,93.0,4.0,69.0,122.0,53.0,122.0,,,0.0,3.59,0.8,19.0,3.0,,,5.0,3.0,,102.0,58.0,44.0,8.0,5.0,3.0,35.0,97.0,55.0,42.0,14.0,7.0,7.0,89.0,50.0,39.0,7.0,4.0,3.0,119.0,68.0,51.0,115.0,66.0,49.0,15.0,8.0,7.0,10.0,6.0,4.0,14.0,8.0,6.0,34.0,33.0,34.0,0.0,34.0,0.0,33.0,0.0,34.0,0.0,3.0,3.0,31.0,31.0,34.0,34.0,0.0,23.0,10.0,33.0,4.0,8.0,34.0,34.0,34.0,34.0,34.0,22.0,30.0,30.0,0.0,9.0,8.0,0.0,0.0,21.0,34.0,0.0,23.0,33.0,4.0,0.0,,0.0,0.0,11.0,24.0,0.0,26.0,34.0,32.0,122.0,3654.196613627817,275.1956026697218,0.0753094679261149,9.187755086986018,122.0,False,60
2201400012136003,22,Querétaro,014,Querétaro,0001,Santiago de Querétaro,2136,003,Urbana,41,Típica,20,21,13,10.7,41.0,,0.0,0.0,0.0,0.0,0.0,,,,,,0.0,,10.0,,12.0,31.0,6.0,4.0,36.0,,21.0,41.0,20.0,41.0,6.0,3.0,3.0,3.15,0.79,8.0,0.0,0.0,0.0,0.0,0.0,0.0,37.0,19.0,18.0,3.0,,,12.0,37.0,19.0,18.0,7.0,,5.0,34.0,17.0,17.0,0.0,0.0,0.0,41.0,21.0,20.0,41.0,21.0,20.0,3.0,,,4.0,,,3.0,,,13.0,11.0,13.0,0.0,13.0,0.0,11.0,0.0,13.0,0.0,,0.0,12.0,13.0,13.0,13.0,0.0,9.0,,13.0,0.0,,13.0,13.0,13.0,13.0,13.0,10.0,10.0,10.0,0.0,0.0,4.0,0.0,0.0,7.0,13.0,0.0,12.0,13.0,3.0,0.0,0.0,0.0,0.0,6.0,10.0,0.0,9.0,12.0,12.0,41.0,894.2688219090186,362.4528407163859,0.4053063596052119,16.617560743813687,41.0,False,60
2201400012155022,22,Querétaro,014,Querétaro,0001,Santiago de Querétaro,2155,022,Urbana,50,Típica,26,24,17,14.65,50.0,,0.0,0.0,0.0,,0.0,0.0,0.0,0.0,0.0,0.0,0.0,0.0,,,,23.0,24.0,6.0,41.0,3.0,24.0,50.0,26.0,50.0,0.0,0.0,0.0,2.94,0.53,6.0,0.0,0.0,0.0,3.0,,,47.0,23.0,24.0,4.0,,,12.0,44.0,22.0,22.0,6.0,3.0,3.0,40.0,20.0,20.0,,0.0,,50.0,24.0,26.0,49.0,24.0,25.0,5.0,,3.0,,,,4.0,,3.0,17.0,19.0,17.0,,17.0,,17.0,,19.0,0.0,5.0,0.0,12.0,17.0,17.0,17.0,0.0,15.0,,17.0,5.0,4.0,17.0,17.0,17.0,17.0,17.0,15.0,16.0,17.0,0.0,,,0.0,0.0,14.0,17.0,0.0,15.0,17.0,,0.0,0.0,0.0,0.0,12.0,15.0,0.0,13.0,16.0,17.0,50.0,7350.919202305367,45.637017490838915,0.006208341601214499,0.31041708006072494,50.0,False,60
2201400013401005,22,Querétaro,014,Querétaro,0001,Santiago de Querétaro,3401,005,Urbana,93,Edificio-Manzana,42,51,39,15.05,93.0,,0.0,0.0,,0.0,0.0,0.0,3.0,0.0,0.0,5.0,0.0,5.0,8.0,,13.0,63.0,19.0,11.0,80.0,,51.0,93.0,42.0,93.0,0.0,0.0,0.0,2.38,0.6,31.0,4.0,3.0,,3.0,3.0,0.0,85.0,46.0,39.0,,0.0,,34.0,82.0,43.0,39.0,15.0,11.0,4.0,81.0,43.0,38.0,,,0.0,89.0,48.0,41.0,89.0,48.0,41.0,5.0,4.0,,3.0,,,5.0,4.0,,39.0,43.0,39.0,6.0,39.0,6.0,37.0,0.0,45.0,,15.0,3.0,24.0,35.0,39.0,39.0,0.0,27.0,8.0,39.0,,11.0,39.0,39.0,39.0,39.0,39.0,32.0,39.0,30.0,0.0,0.0,12.0,0.0,0.0,35.0,39.0,0.0,31.0,38.0,0.0,0.0,0.0,0.0,0.0,20.0,27.0,0.0,22.0,38.0,39.0,93.0,5427.691313426461,504.3818388241837,0.09292751000346981,8.642258430322693,93.0,False,60
2201400012422012,22,Querétaro,014,Querétaro,0001,Santiago de Querétaro,2422,012,Urbana,0,Típica,0,0,0,0.0,0.0,,0.0,0.0,0.0,0.0,0.0,0.0,0.0,0.0,0.0,0.0,0.0,0.0,0.0,0.0,0.0,0.0,0.0,0.0,0.0,0.0,0.0,0.0,0.0,0.0,0.0,0.0,0.0,0.0,0.0,0.0,0.0,0.0,0.0,0.0,0.0,0.0,0.0,0.0,0.0,0.0,0.0,0.0,0.0,0.0,0.0,0.0,0.0,0.0,0.0,0.0,0.0,0.0,0.0,0.0,0.0,0.0,0.0,0.0,0.0,0.0,0.0,0.0,0.0,0.0,0.0,0.0,0.0,0.0,0.0,0.0,0.0,0.0,0.0,0.0,0.0,0.0,0.0,0.0,0.0,0.0,0.0,0.0,0.0,0.0,0.0,0.0,0.0,0.0,0.0,0.0,0.0,0.0,0.0,0.0,0.0,0.0,0.0,0.0,0.0,0.0,0.0,0.0,0.0,0.0,0.0,0.0,0.0,0.0,0.0,0.0,0.0,0.0,0.0,0.0,0.0,0.0,0.0,0.0,0.0,0.0,0.0,0.0,2432.4699882889436,68.89744617501147,0.028324068336594586,0.0,0.0,False,60
2201400012422025,22,Querétaro,014,Querétaro,0001,Santiago de Querétaro,2422,025,Urbana,1,Típica,0,0,1,,,,,,,,,,,,,,,,,,,,,,,,,,,1.0,,,,,,,,,,,,,,,,,,,,,,,,,,,,,,,,,,,,,,,,,,,,,,,1.0,,,,,,,,1.0,,,,,,,,,,,,,,,,,,,,,,,,,,,,,,,,,,,,,,,,,,,1.0,1870.1948379735252,354.15961027158187,0.18937043514425284,0.18937043514425284,1.0,False,60
2201400012850008,22,Querétaro,014,Querétaro,0001,Santiago de Querétaro,2850,008,Urbana,57,Típica,32,25,21,10.51,57.0,,0.0,0.0,0.0,,0.0,,8.0,,,,0.0,5.0,6.0,3.0,12.0,37.0,15.0,8.0,40.0,9.0,25.0,57.0,32.0,57.0,0.0,0.0,0.0,2.71,0.79,14.0,3.0,,,3.0,,,52.0,23.0,29.0,,0.0,,15.0,49.0,22.0,27.0,9.0,3.0,6.0,48.0,22.0,26.0,0.0,0.0,0.0,54.0,23.0,31.0,54.0,23.0,31.0,13.0,5.0,8.0,,0.0,,4.0,,3.0,21.0,23.0,21.0,,21.0,,21.0,,23.0,,7.0,4.0,14.0,16.0,21.0,21.0,0.0,15.0,,19.0,0.0,,21.0,21.0,21.0,21.0,21.0,13.0,17.0,16.0,0.0,,6.0,0.0,0.0,11.0,19.0,,13.0,20.0,3.0,,,0.0,0.0,5.0,15.0,0.0,12.0,15.0,19.0,57.0,10536.999687740667,963.2667213862225,0.09141755242784536,5.210800488387186,57.0,False,60
2201400012850009,22,Querétaro,014,Querétaro,0001,Santiago de Querétaro,2850,009,Urbana,53,Típica,28,25,19,11.34,53.0,,,0.0,0.0,,,,,,0.0,,0.0,,3.0,5.0,5.0,39.0,11.0,3.0,46.0,4.0,25.0,53.0,28.0,53.0,0.0,0.0,0.0,2.79,0.88,15.0,,,0.0,0.0,0.0,0.0,50.0,22.0,28.0,,,0.0,12.0,50.0,22.0,28.0,14.0,4.0,10.0,48.0,20.0,28.0,,,0.0,52.0,24.0,28.0,52.0,24.0,28.0,10.0,6.0,4.0,,,0.0,0.0,0.0,0.0,19.0,19.0,19.0,0.0,19.0,0.0,19.0,0.0,19.0,,4.0,,15.0,15.0,18.0,19.0,0.0,9.0,,18.0,,,19.0,19.0,19.0,19.0,19.0,12.0,15.0,15.0,0.0,0.0,10.0,0.0,0.0,8.0,19.0,0.0,11.0,18.0,3.0,0.0,,0.0,0.0,4.0,15.0,0.0,11.0,18.0,18.0,53.0,4970.450828756662,285.60143444051766,0.057459865167192425,3.0453728538611986,53.0,False,60
2201400012865017,22,Querétaro,014,Querétaro,0001,Santiago de Querétaro,2865,017,Urbana,88,Típica,43,45,26,9.37,88.0,,0.0,0.0,0.0,0.0,0.0,3.0,7.0,,,6.0,,7.0,7.0,3.0,16.0,51.0,17.0,21.0,60.0,7.0,45.0,88.0,43.0,88.0,0.0,0.0,0.0,3.38,1.01,17.0,8.0,3.0,5.0,,,0.0,68.0,35.0,33.0,4.0,,3.0,21.0,67.0,34.0,33.0,5.0,3.0,,63.0,33.0,30.0,6.0,3.0,3.0,80.0,42.0,38.0,75.0,40.0,35.0,13.0,8.0,5.0,6.0,4.0,,5.0,3.0,,26.0,28.0,26.0,,26.0,,26.0,0.0,28.0,5.0,9.0,5.0,17.0,16.0,25.0,25.0,,10.0,,22.0,,0.0,26.0,25.0,26.0,26.0,26.0,14.0,21.0,16.0,0.0,,15.0,0.0,0.0,10.0,26.0,0.0,17.0,19.0,5.0,,3.0,0.0,0.0,7.0,17.0,0.0,13.0,22.0,21.0,88.0,10932.057144142105,525.3436440349562,0.04805533278029555,4.2288692846660085,88.0,False,60
2201400012865019,22,Querétaro,014,Querétaro,0001,Santiago de Querétaro,2865,019,Urbana,77,Típica,42,35,18,9.28,77.0,,0.0,0.0,,0.0,0.0,0.0,,0.0,0.0,0.0,0.0,0.0,0.0,,,31.0,34.0,17.0,47.0,13.0,35.0,77.0,42.0,77.0,0.0,0.0,0.0,4.28,1.06,10.0,,,0.0,5.0,,4.0,65.0,28.0,37.0,3.0,,,16.0,60.0,27.0,33.0,,,,57.0,26.0,31.0,,,,75.0,33.0,42.0,74.0,32.0,42.0,17.0,10.0,7.0,8.0,4.0,4.0,10.0,3.0,7.0,18.0,20.0,18.0,,16.0,,18.0,0.0,20.0,0.0,3.0,,13.0,15.0,16.0,16.0,0.0,9.0,,16.0,0.0,,16.0,16.0,16.0,16.0,16.0,8.0,11.0,11.0,0.0,0.0,7.0,0.0,0.0,7.0,16.0,0.0,14.0,16.0,4.0,0.0,0.0,0.0,0.0,,12.0,0.0,14.0,16.0,16.0,77.0,9139.000918099877,517.6410130715499,0.056640875486329914,4.361347412447404,77.0,False,60
2201400012865020,22,Querétaro,014,Querétaro,0001,Santiago de Querétaro,2865,020,Urbana,121,Típica,63,58,30,9.85,121.0,,0.0,0.0,,,0.0,,,,0.0,6.0,0.0,5.0,9.0,4.0,16.0,63.0,36.0,30.0,83.0,8.0,58.0,121.0,63.0,121.0,0.0,0.0,0.0,4.03,1.05,27.0,6.0,,4.0,8.0,4.0,4.0,99.0,48.0,51.0,9.0,,8.0,30.0,91.0,44.0,47.0,18.0,10.0,8.0,82.0,43.0,39.0,7.0,4.0,3.0,115.0,56.0,59.0,110.0,54.0,56.0,12.0,8.0,4.0,9.0,4.0,5.0,15.0,8.0,7.0,30.0,39.0,30.0,11.0,30.0,8.0,28.0,3.0,41.0,,12.0,6.0,18.0,22.0,30.0,30.0,0.0,12.0,0.0,29.0,5.0,4.0,29.0,29.0,30.0,30.0,30.0,14.0,22.0,22.0,0.0,,17.0,0.0,0.0,16.0,29.0,,24.0,28.0,6.0,0.0,0.0,0.0,0.0,7.0,22.0,,18.0,21.0,29.0,121.0,10792.659371332838,57.49501949820126,0.005327233772513745,0.6445952864741631,121.0,False,60
2201400012865021,22,Querétaro,014,Querétaro,0001,Santiago de Querétaro,2865,021,Urbana,165,Típica,81,84,48,9.39,165.0,,5.0,,,8.0,3.0,7.0,10.0,,,3.0,3.0,9.0,12.0,11.0,25.0,90.0,44.0,40.0,107.0,18.0,84.0,165.0,81.0,165.0,,,0.0,3.44,1.06,46.0,5.0,4.0,,9.0,5.0,4.0,134.0,64.0,70.0,3.0,3.0,0.0,35.0,125.0,59.0,66.0,22.0,9.0,13.0,122.0,56.0,66.0,10.0,5.0,5.0,160.0,80.0,80.0,153.0,75.0,78.0,25.0,14.0,11.0,16.0,11.0,5.0,20.0,12.0,8.0,48.0,51.0,48.0,3.0,48.0,3.0,48.0,0.0,51.0,10.0,25.0,9.0,23.0,29.0,48.0,48.0,0.0,19.0,3.0,43.0,13.0,5.0,48.0,47.0,47.0,47.0,47.0,23.0,32.0,30.0,,,29.0,0.0,,15.0,46.0,,40.0,37.0,15.0,3.0,,0.0,0.0,11.0,27.0,0.0,19.0,31.0,42.0,165.0,19881.66937733647,486.6318980965327,0.02447641034868302,4.038607707532698,165.0,False,60
2201400012865023,22,Querétaro,014,Querétaro,0001,Santiago de Querétaro,2865,023,Urbana,144,Típica,68,76,32,10.63,144.0,,,3.0,,5.0,,4.0,10.0,0.0,,4.0,,10.0,25.0,11.0,32.0,87.0,38.0,25.0,108.0,11.0,76.0,144.0,68.0,144.0,7.0,3.0,4.0,4.5,0.97,40.0,3.0,,,6.0,3.0,3.0,125.0,63.0,62.0,5.0,4.0,,42.0,119.0,60.0,59.0,16.0,6.0,10.0,114.0,56.0,58.0,5.0,4.0,,141.0,74.0,67.0,138.0,72.0,66.0,16.0,7.0,9.0,11.0,7.0,4.0,13.0,8.0,5.0,32.0,35.0,32.0,,32.0,,32.0,,35.0,,,0.0,30.0,30.0,32.0,32.0,0.0,23.0,6.0,27.0,9.0,8.0,32.0,32.0,32.0,32.0,32.0,17.0,27.0,26.0,0.0,,9.0,0.0,0.0,14.0,32.0,0.0,27.0,31.0,5.0,,,,0.0,8.0,20.0,0.0,22.0,30.0,30.0,144.0,9703.542489809299,48.216420387122916,0.0049689503021973684,0.7155288435164211,144.0,False,60
2201400013401008,22,Querétaro,014,Querétaro,0001,Santiago de Querétaro,3401,008,Urbana,83,Típica,35,48,29,14.27,83.0,,0.0,0.0,,3.0,,,0.0,0.0,,,,0.0,11.0,4.0,13.0,49.0,24.0,12.0,63.0,8.0,48.0,83.0,35.0,83.0,0.0,0.0,0.0,2.86,0.65,20.0,,,,,,,73.0,43.0,30.0,,,0.0,33.0,71.0,42.0,29.0,16.0,12.0,4.0,69.0,40.0,29.0,,,0.0,81.0,47.0,34.0,79.0,45.0,34.0,10.0,5.0,5.0,6.0,,4.0,6.0,,4.0,29.0,27.0,29.0,0.0,29.0,0.0,27.0,0.0,29.0,0.0,7.0,0.0,22.0,29.0,29.0,29.0,0.0,21.0,4.0,29.0,3.0,4.0,29.0,29.0,29.0,29.0,29.0,22.0,28.0,25.0,0.0,,8.0,0.0,0.0,21.0,29.0,0.0,25.0,29.0,,0.0,0.0,0.0,0.0,16.0,19.0,0.0,20.0,29.0,28.0,83.0,9221.747206382322,793.9929363870224,0.08610005442759308,7.1463045174902255,83.0,False,60
2201400013435009,22,Querétaro,014,Querétaro,0001,Santiago de Querétaro,3435,009,Urbana,144,Típica,72,72,44,13.08,144.0,,,0.0,,7.0,,6.0,7.0,,0.0,3.0,,3.0,6.0,9.0,16.0,72.0,48.0,37.0,102.0,5.0,72.0,144.0,72.0,144.0,5.0,3.0,,3.27,0.8,7.0,7.0,,5.0,13.0,8.0,5.0,120.0,60.0,60.0,7.0,,5.0,30.0,107.0,52.0,55.0,15.0,7.0,8.0,100.0,50.0,50.0,8.0,5.0,3.0,137.0,70.0,67.0,131.0,67.0,64.0,10.0,8.0,,9.0,5.0,4.0,18.0,11.0,7.0,44.0,51.0,44.0,8.0,44.0,8.0,43.0,0.0,52.0,0.0,5.0,,39.0,43.0,44.0,44.0,0.0,35.0,9.0,43.0,22.0,10.0,44.0,44.0,44.0,44.0,44.0,37.0,42.0,39.0,0.0,3.0,9.0,0.0,0.0,32.0,44.0,0.0,37.0,43.0,,,0.0,0.0,0.0,23.0,36.0,0.0,32.0,44.0,44.0,144.0,5910.8373484712865,494.8493637283492,0.08371899522092781,12.055535311813605,144.0,False,60
2201400010464037,22,Querétaro,014,Querétaro,0001,Santiago de Querétaro,0464,037,Urbana,0,Típica,0,0,0,0.0,0.0,,0.0,0.0,0.0,0.0,0.0,0.0,0.0,0.0,0.0,0.0,0.0,0.0,0.0,0.0,0.0,0.0,0.0,0.0,0.0,0.0,0.0,0.0,0.0,0.0,0.0,0.0,0.0,0.0,0.0,0.0,0.0,0.0,0.0,0.0,0.0,0.0,0.0,0.0,0.0,0.0,0.0,0.0,0.0,0.0,0.0,0.0,0.0,0.0,0.0,0.0,0.0,0.0,0.0,0.0,0.0,0.0,0.0,0.0,0.0,0.0,0.0,0.0,0.0,0.0,0.0,0.0,0.0,0.0,0.0,0.0,,,,,,,,,2.0,0.0,0.0,0.0,0.0,0.0,0.0,0.0,0.0,0.0,0.0,0.0,0.0,0.0,0.0,0.0,0.0,0.0,0.0,0.0,0.0,0.0,0.0,0.0,0.0,0.0,0.0,0.0,0.0,0.0,0.0,0.0,0.0,0.0,0.0,0.0,0.0,0.0,0.0,0.0,0.0,0.0,0.0,0.0,7609.772349426268,708.1079035126343,0.09305244243817903,0.0,0.0,False,60
2201400010515032,22,Querétaro,014,Querétaro,0001,Santiago de Querétaro,0515,032,Urbana,21,Típica,5,16,5,13.24,21.0,,0.0,0.0,0.0,,0.0,0.0,,,,,0.0,,6.0,,7.0,11.0,7.0,4.0,13.0,4.0,16.0,21.0,5.0,21.0,0.0,0.0,0.0,4.2,0.68,,0.0,0.0,0.0,,,0.0,18.0,13.0,5.0,0.0,0.0,0.0,6.0,17.0,12.0,5.0,4.0,3.0,,17.0,12.0,5.0,3.0,3.0,0.0,21.0,16.0,5.0,19.0,14.0,5.0,6.0,4.0,,0.0,0.0,0.0,,,0.0,5.0,7.0,5.0,,5.0,,5.0,,7.0,0.0,0.0,0.0,5.0,5.0,5.0,5.0,0.0,4.0,,5.0,,0.0,5.0,5.0,5.0,5.0,5.0,4.0,4.0,5.0,0.0,,,0.0,0.0,4.0,5.0,0.0,3.0,5.0,,0.0,0.0,0.0,0.0,3.0,4.0,0.0,4.0,5.0,5.0,21.0,7558.7360511115085,6.5648150009491175,0.0008685069774309376,0.01823864652604969,21.0,False,60
2201400010638027,22,Querétaro,014,Querétaro,0001,Santiago de Querétaro,0638,027,Urbana,152,Típica,76,76,42,9.75,148.0,,0.0,0.0,0.0,,,,,0.0,,3.0,0.0,0.0,5.0,3.0,10.0,72.0,55.0,34.0,106.0,12.0,76.0,148.0,76.0,152.0,,,0.0,3.61,0.87,53.0,,,,9.0,4.0,5.0,127.0,64.0,63.0,8.0,3.0,5.0,40.0,118.0,60.0,58.0,17.0,9.0,8.0,110.0,57.0,53.0,6.0,,4.0,150.0,75.0,75.0,146.0,73.0,73.0,22.0,13.0,9.0,17.0,9.0,8.0,20.0,9.0,11.0,42.0,40.0,41.0,0.0,41.0,0.0,40.0,0.0,42.0,0.0,12.0,8.0,29.0,33.0,41.0,41.0,0.0,17.0,3.0,33.0,0.0,6.0,41.0,41.0,41.0,41.0,41.0,18.0,26.0,31.0,0.0,4.0,23.0,0.0,0.0,13.0,41.0,0.0,26.0,38.0,14.0,6.0,5.0,4.0,0.0,5.0,28.0,0.0,25.0,36.0,36.0,152.0,7038.768865019496,621.9974712151115,0.0883673669562083,13.431839777343662,152.0,False,60
2201400010638028,22,Querétaro,014,Querétaro,0001,Santiago de Querétaro,0638,028,Urbana,40,Típica,24,16,13,11.97,40.0,,0.0,0.0,0.0,0.0,0.0,0.0,,0.0,0.0,,,,7.0,0.0,8.0,23.0,9.0,9.0,31.0,0.0,16.0,40.0,24.0,40.0,12.0,6.0,6.0,3.08,0.82,7.0,,,,,0.0,,32.0,13.0,19.0,,,0.0,9.0,31.0,13.0,18.0,4.0,,3.0,30.0,12.0,18.0,3.0,,,38.0,15.0,23.0,36.0,15.0,21.0,4.0,,,3.0,,,3.0,,,13.0,15.0,13.0,,13.0,,13.0,0.0,15.0,,6.0,3.0,7.0,9.0,10.0,13.0,0.0,7.0,,13.0,,,13.0,13.0,13.0,13.0,13.0,8.0,12.0,8.0,0.0,0.0,6.0,0.0,0.0,7.0,13.0,0.0,8.0,12.0,,0.0,,0.0,0.0,5.0,11.0,0.0,10.0,13.0,12.0,40.0,3048.3950192712787,493.7940577468382,0.16198493129177205,6.479397251670882,40.0,False,60
2201400010642027,22,Querétaro,014,Querétaro,0001,Santiago de Querétaro,0642,027,Urbana,109,Típica,50,59,33,9.17,109.0,,0.0,0.0,0.0,0.0,0.0,0.0,0.0,,0.0,,,0.0,3.0,0.0,5.0,70.0,26.0,19.0,81.0,9.0,59.0,109.0,50.0,109.0,0.0,0.0,0.0,3.3,0.83,28.0,3.0,,,6.0,3.0,3.0,96.0,54.0,42.0,5.0,4.0,,32.0,90.0,51.0,39.0,16.0,8.0,8.0,85.0,47.0,38.0,3.0,0.0,3.0,106.0,58.0,48.0,103.0,58.0,45.0,11.0,6.0,5.0,7.0,4.0,3.0,11.0,5.0,6.0,33.0,36.0,33.0,3.0,33.0,3.0,33.0,0.0,36.0,3.0,14.0,7.0,19.0,23.0,33.0,33.0,0.0,12.0,0.0,30.0,5.0,0.0,33.0,33.0,33.0,33.0,33.0,12.0,20.0,23.0,0.0,0.0,21.0,0.0,0.0,14.0,33.0,0.0,24.0,28.0,13.0,,0.0,0.0,0.0,0.0,18.0,0.0,18.0,19.0,31.0,109.0,6401.814393674748,861.2299059371908,0.13452903395451776,14.663664701042435,109.0,False,60
2201400010712031,22,Querétaro,014,Querétaro,0001,Santiago de Querétaro,0712,031,Urbana,182,Típica,86,96,48,9.36,182.0,,0.0,,0.0,,0.0,,8.0,0.0,0.0,5.0,0.0,4.0,14.0,4.0,21.0,99.0,54.0,36.0,138.0,8.0,96.0,182.0,86.0,182.0,0.0,0.0,0.0,3.79,0.95,57.0,12.0,8.0,4.0,7.0,4.0,3.0,153.0,81.0,72.0,15.0,7.0,8.0,58.0,146.0,77.0,69.0,35.0,14.0,21.0,131.0,70.0,61.0,5.0,0.0,5.0,170.0,88.0,82.0,167.0,88.0,79.0,18.0,10.0,8.0,12.0,7.0,5.0,16.0,9.0,7.0,48.0,51.0,48.0,,48.0,3.0,47.0,,52.0,,15.0,6.0,33.0,40.0,48.0,48.0,0.0,21.0,7.0,40.0,8.0,,48.0,48.0,48.0,48.0,48.0,23.0,33.0,35.0,0.0,3.0,27.0,0.0,0.0,22.0,48.0,0.0,33.0,43.0,11.0,5.0,,,,0.0,28.0,0.0,29.0,39.0,45.0,182.0,14767.902565729868,419.61673083102943,0.028414104776448387,5.1713670693136065,182.0,False,60
2201400010229052,22,Querétaro,014,Querétaro,0001,Santiago de Querétaro,0229,052,Urbana,0,Típica,0,0,0,0.0,0.0,,0.0,0.0,0.0,0.0,0.0,0.0,0.0,0.0,0.0,0.0,0.0,0.0,0.0,0.0,0.0,0.0,0.0,0.0,0.0,0.0,0.0,0.0,0.0,0.0,0.0,0.0,0.0,0.0,0.0,0.0,0.0,0.0,0.0,0.0,0.0,0.0,0.0,0.0,0.0,0.0,0.0,0.0,0.0,0.0,0.0,0.0,0.0,0.0,0.0,0.0,0.0,0.0,0.0,0.0,0.0,0.0,0.0,0.0,0.0,0.0,0.0,0.0,0.0,0.0,0.0,0.0,0.0,0.0,0.0,0.0,0.0,0.0,0.0,0.0,0.0,0.0,0.0,0.0,0.0,0.0,0.0,0.0,0.0,0.0,0.0,0.0,0.0,0.0,0.0,0.0,0.0,0.0,0.0,0.0,0.0,0.0,0.0,0.0,0.0,0.0,0.0,0.0,0.0,0.0,0.0,0.0,0.0,0.0,0.0,0.0,0.0,0.0,0.0,0.0,0.0,0.0,0.0,0.0,0.0,0.0,0.0,0.0,524.4247416462943,118.69061452638269,0.22632535252586397,0.0,0.0,False,60
2201400010182009,22,Querétaro,014,Querétaro,0001,Santiago de Querétaro,0182,009,Urbana,263,Típica,132,131,69,10.54,263.0,,,0.0,0.0,7.0,4.0,5.0,13.0,,7.0,8.0,5.0,6.0,42.0,13.0,48.0,138.0,86.0,48.0,184.0,31.0,131.0,263.0,132.0,263.0,44.0,20.0,24.0,3.81,0.85,52.0,4.0,,,12.0,6.0,6.0,227.0,115.0,112.0,8.0,6.0,,69.0,215.0,109.0,106.0,31.0,10.0,21.0,207.0,103.0,104.0,9.0,,7.0,259.0,129.0,130.0,252.0,128.0,124.0,44.0,22.0,22.0,23.0,12.0,11.0,28.0,15.0,13.0,69.0,87.0,69.0,20.0,69.0,8.0,67.0,12.0,89.0,3.0,19.0,9.0,50.0,57.0,69.0,69.0,0.0,32.0,16.0,64.0,8.0,11.0,69.0,69.0,69.0,69.0,69.0,39.0,58.0,56.0,0.0,3.0,36.0,0.0,0.0,24.0,69.0,0.0,57.0,65.0,11.0,,0.0,0.0,0.0,19.0,51.0,0.0,48.0,56.0,67.0,263.0,33261.94834814233,655.252541202588,0.019699764257471213,5.1810379997149285,263.0,False,60
2201400011706009,22,Querétaro,014,Querétaro,0001,Santiago de Querétaro,1706,009,Urbana,96,Típica,44,52,29,12.09,96.0,,0.0,0.0,,0.0,,0.0,7.0,,0.0,4.0,,4.0,3.0,,11.0,53.0,25.0,20.0,66.0,10.0,52.0,96.0,44.0,96.0,6.0,3.0,3.0,3.31,0.71,18.0,5.0,3.0,,3.0,,,79.0,43.0,36.0,3.0,,,29.0,76.0,42.0,34.0,12.0,5.0,7.0,73.0,40.0,33.0,5.0,3.0,,91.0,49.0,42.0,87.0,46.0,41.0,15.0,9.0,6.0,7.0,3.0,4.0,7.0,4.0,3.0,29.0,30.0,29.0,,29.0,,27.0,,32.0,0.0,6.0,,23.0,28.0,29.0,29.0,0.0,19.0,8.0,27.0,,8.0,29.0,29.0,29.0,29.0,29.0,25.0,26.0,25.0,0.0,3.0,10.0,0.0,0.0,19.0,29.0,0.0,24.0,29.0,,,0.0,0.0,0.0,12.0,19.0,0.0,23.0,29.0,29.0,96.0,3659.2626250177723,25.494396961725982,0.006967085878839364,0.6688402443685789,96.0,False,60
2201400010642025,22,Querétaro,014,Querétaro,0001,Santiago de Querétaro,0642,025,Urbana,63,Típica,26,37,24,9.12,63.0,,0.0,0.0,0.0,,0.0,0.0,3.0,,,3.0,0.0,,,,6.0,39.0,15.0,12.0,43.0,8.0,37.0,63.0,26.0,63.0,0.0,0.0,0.0,2.63,0.66,10.0,,,0.0,3.0,3.0,0.0,54.0,31.0,23.0,0.0,0.0,0.0,17.0,51.0,28.0,23.0,5.0,4.0,,51.0,28.0,23.0,,,,62.0,36.0,26.0,60.0,35.0,25.0,11.0,7.0,4.0,6.0,4.0,,6.0,5.0,,24.0,25.0,24.0,,24.0,,24.0,0.0,25.0,,5.0,,19.0,21.0,24.0,24.0,0.0,16.0,,20.0,0.0,,24.0,24.0,24.0,24.0,24.0,9.0,16.0,19.0,0.0,3.0,7.0,0.0,0.0,6.0,23.0,,18.0,21.0,6.0,4.0,0.0,0.0,0.0,3.0,19.0,0.0,13.0,23.0,23.0,63.0,3347.9658831185175,569.806707589765,0.1701948966872414,10.722278491296207,63.0,False,60
2201400010657027,22,Querétaro,014,Querétaro,0001,Santiago de Querétaro,0657,027,Urbana,0,Típica,0,0,0,0.0,0.0,,0.0,0.0,0.0,0.0,0.0,0.0,0.0,0.0,0.0,0.0,0.0,0.0,0.0,0.0,0.0,0.0,0.0,0.0,0.0,0.0,0.0,0.0,0.0,0.0,0.0,0.0,0.0,0.0,0.0,0.0,0.0,0.0,0.0,0.0,0.0,0.0,0.0,0.0,0.0,0.0,0.0,0.0,0.0,0.0,0.0,0.0,0.0,0.0,0.0,0.0,0.0,0.0,0.0,0.0,0.0,0.0,0.0,0.0,0.0,0.0,0.0,0.0,0.0,0.0,0.0,0.0,0.0,0.0,0.0,0.0,0.0,0.0,0.0,0.0,0.0,0.0,0.0,0.0,0.0,0.0,0.0,0.0,0.0,0.0,0.0,0.0,0.0,0.0,0.0,0.0,0.0,0.0,0.0,0.0,0.0,0.0,0.0,0.0,0.0,0.0,0.0,0.0,0.0,0.0,0.0,0.0,0.0,0.0,0.0,0.0,0.0,0.0,0.0,0.0,0.0,0.0,0.0,0.0,0.0,0.0,0.0,0.0,13261.632750610963,437.681526981353,0.033003592786204176,0.0,0.0,False,60
2201400010619017,22,Querétaro,014,Querétaro,0001,Santiago de Querétaro,0619,017,Urbana,23,Típica,12,11,8,15.28,23.0,,0.0,0.0,0.0,0.0,0.0,0.0,,0.0,0.0,0.0,0.0,0.0,0.0,0.0,,12.0,7.0,5.0,16.0,,11.0,23.0,12.0,23.0,,,0.0,2.88,0.61,,,,0.0,,0.0,,19.0,8.0,11.0,,0.0,,6.0,18.0,8.0,10.0,,,,17.0,8.0,9.0,,,0.0,22.0,10.0,12.0,21.0,9.0,12.0,,,,,,,,,,8.0,11.0,8.0,4.0,8.0,4.0,7.0,0.0,12.0,0.0,,,6.0,7.0,8.0,8.0,0.0,7.0,3.0,8.0,3.0,,8.0,8.0,8.0,8.0,8.0,7.0,8.0,7.0,0.0,,,0.0,0.0,7.0,8.0,0.0,6.0,8.0,0.0,0.0,0.0,0.0,0.0,5.0,5.0,0.0,5.0,8.0,8.0,23.0,7722.186981084284,0.3852804313534883,4.989265764960673e-05,0.0011475311259409547,23.0,False,60
2201400010587003,22,Querétaro,014,Querétaro,0001,Santiago de Querétaro,0587,003,Urbana,46,Típica,20,26,16,9.87,46.0,,0.0,0.0,0.0,3.0,0.0,0.0,,,0.0,0.0,,,8.0,3.0,9.0,27.0,13.0,7.0,35.0,4.0,26.0,46.0,20.0,46.0,0.0,0.0,0.0,2.88,1.0,11.0,,,0.0,,0.0,,40.0,22.0,18.0,3.0,3.0,0.0,13.0,39.0,22.0,17.0,5.0,,3.0,36.0,19.0,17.0,,,,45.0,25.0,20.0,43.0,24.0,19.0,7.0,7.0,0.0,3.0,,,4.0,,,16.0,20.0,16.0,,16.0,,15.0,4.0,21.0,4.0,7.0,4.0,9.0,8.0,16.0,16.0,0.0,7.0,3.0,13.0,7.0,,16.0,16.0,16.0,16.0,16.0,8.0,8.0,10.0,0.0,,9.0,0.0,0.0,6.0,15.0,,7.0,14.0,8.0,,,,,3.0,9.0,0.0,7.0,13.0,14.0,46.0,3250.1549693255965,507.4061606528346,0.15611752837684562,7.181406305334899,46.0,False,60
2201400011706014,22,Querétaro,014,Querétaro,0001,Santiago de Querétaro,1706,014,Urbana,86,Típica,43,43,27,9.38,86.0,,,,,8.0,3.0,10.0,3.0,,0.0,0.0,,3.0,7.0,16.0,12.0,53.0,21.0,12.0,62.0,12.0,43.0,86.0,43.0,86.0,0.0,0.0,0.0,3.19,0.76,10.0,,0.0,,0.0,0.0,0.0,74.0,40.0,34.0,,,0.0,21.0,74.0,40.0,34.0,12.0,5.0,7.0,73.0,39.0,34.0,7.0,,6.0,84.0,43.0,41.0,80.0,42.0,38.0,17.0,12.0,5.0,3.0,,,,,,27.0,27.0,27.0,,26.0,,26.0,0.0,28.0,0.0,,,24.0,25.0,26.0,26.0,0.0,14.0,3.0,25.0,3.0,3.0,26.0,26.0,26.0,26.0,26.0,18.0,24.0,23.0,0.0,4.0,11.0,0.0,0.0,12.0,26.0,0.0,17.0,26.0,,0.0,,0.0,0.0,9.0,23.0,0.0,22.0,26.0,25.0,86.0,3337.7538937325635,298.18410882305096,0.08933675708774197,7.6829611095458095,86.0,False,60
220140001173A008,22,Querétaro,014,Querétaro,0001,Santiago de Querétaro,173A,008,Urbana,50,Típica,27,23,16,12.21,50.0,,,0.0,0.0,0.0,0.0,,3.0,0.0,0.0,3.0,,,,,8.0,27.0,17.0,8.0,40.0,,23.0,50.0,27.0,50.0,0.0,0.0,0.0,3.13,0.58,8.0,,0.0,,,,,44.0,20.0,24.0,0.0,0.0,0.0,11.0,42.0,19.0,23.0,7.0,,5.0,42.0,19.0,23.0,0.0,0.0,0.0,48.0,23.0,25.0,48.0,23.0,25.0,6.0,3.0,3.0,4.0,3.0,,4.0,,,16.0,15.0,16.0,0.0,16.0,0.0,15.0,0.0,16.0,0.0,0.0,0.0,16.0,16.0,16.0,16.0,0.0,12.0,3.0,16.0,,3.0,16.0,16.0,16.0,16.0,16.0,13.0,16.0,13.0,0.0,0.0,4.0,0.0,0.0,14.0,16.0,0.0,13.0,16.0,0.0,0.0,0.0,0.0,0.0,7.0,15.0,0.0,12.0,16.0,16.0,50.0,1696.9413927991588,106.78466120002402,0.06292772493685202,3.1463862468426007,50.0,False,60
2201400012244015,22,Querétaro,014,Querétaro,0001,Santiago de Querétaro,2244,015,Urbana,36,Típica,21,15,13,16.24,36.0,,0.0,0.0,0.0,,0.0,,,0.0,0.0,3.0,0.0,0.0,,,4.0,19.0,15.0,,19.0,15.0,15.0,36.0,21.0,36.0,,0.0,,2.77,0.51,3.0,0.0,0.0,0.0,0.0,0.0,0.0,34.0,15.0,19.0,0.0,0.0,0.0,5.0,34.0,15.0,19.0,0.0,0.0,0.0,34.0,15.0,19.0,,0.0,,36.0,15.0,21.0,36.0,15.0,21.0,18.0,9.0,9.0,,0.0,,0.0,0.0,0.0,13.0,15.0,13.0,,13.0,,13.0,0.0,15.0,0.0,,0.0,11.0,13.0,13.0,13.0,0.0,13.0,3.0,11.0,9.0,,13.0,13.0,13.0,13.0,13.0,11.0,12.0,12.0,0.0,,0.0,0.0,0.0,9.0,13.0,0.0,12.0,13.0,0.0,0.0,0.0,0.0,0.0,6.0,11.0,0.0,11.0,13.0,12.0,36.0,6529.373298008652,710.6375181313659,0.10883701784183458,3.9181326423060447,36.0,False,60
2201400010093035,22,Querétaro,014,Querétaro,0001,Santiago de Querétaro,0093,035,Urbana,120,Típica,58,62,30,11.14,120.0,,,0.0,0.0,,,0.0,,0.0,0.0,0.0,,,0.0,3.0,3.0,55.0,40.0,27.0,84.0,9.0,62.0,120.0,58.0,120.0,0.0,0.0,0.0,4.0,0.88,3.0,4.0,,,,,,95.0,53.0,42.0,5.0,,3.0,37.0,93.0,52.0,41.0,13.0,9.0,4.0,88.0,50.0,38.0,6.0,,4.0,116.0,60.0,56.0,113.0,59.0,54.0,12.0,4.0,8.0,15.0,5.0,10.0,12.0,4.0,8.0,30.0,35.0,30.0,,30.0,4.0,30.0,,35.0,,6.0,,24.0,27.0,30.0,30.0,0.0,14.0,3.0,29.0,3.0,5.0,30.0,30.0,30.0,30.0,30.0,22.0,26.0,25.0,0.0,4.0,14.0,0.0,0.0,17.0,30.0,0.0,26.0,28.0,4.0,,0.0,0.0,0.0,8.0,20.0,0.0,21.0,30.0,28.0,120.0,4937.381189440308,2.580792122450883,0.0005227046532219313,0.06272455838663175,120.0,False,60
2201400012865009,22,Querétaro,014,Querétaro,0001,Santiago de Querétaro,2865,009,Urbana,80,Típica,43,37,21,9.84,80.0,,,0.0,0.0,,,3.0,0.0,,,,3.0,,5.0,5.0,10.0,42.0,25.0,17.0,54.0,9.0,37.0,80.0,43.0,80.0,0.0,0.0,0.0,3.81,0.89,19.0,3.0,,,4.0,4.0,0.0,67.0,34.0,33.0,4.0,,,17.0,63.0,30.0,33.0,10.0,3.0,7.0,59.0,28.0,31.0,3.0,0.0,3.0,77.0,36.0,41.0,76.0,36.0,40.0,14.0,8.0,6.0,7.0,,5.0,8.0,5.0,3.0,21.0,23.0,21.0,,21.0,,21.0,0.0,23.0,0.0,3.0,,18.0,19.0,21.0,21.0,0.0,12.0,3.0,21.0,,5.0,21.0,21.0,21.0,21.0,21.0,13.0,15.0,17.0,0.0,3.0,9.0,0.0,0.0,12.0,19.0,,16.0,21.0,4.0,0.0,0.0,0.0,0.0,5.0,13.0,0.0,13.0,21.0,20.0,80.0,4990.002627720035,127.64798800597892,0.025580745648685583,2.0464596518948466,80.0,False,60
2201400012865010,22,Querétaro,014,Querétaro,0001,Santiago de Querétaro,2865,010,Urbana,47,Típica,20,27,15,9.0,47.0,,,0.0,0.0,,,,,0.0,0.0,,,0.0,4.0,,7.0,25.0,13.0,13.0,31.0,3.0,27.0,47.0,20.0,47.0,0.0,0.0,0.0,3.13,0.94,10.0,,,,4.0,4.0,0.0,38.0,23.0,15.0,,,,12.0,34.0,19.0,15.0,3.0,,,32.0,18.0,14.0,,0.0,,45.0,26.0,19.0,44.0,26.0,18.0,6.0,4.0,,6.0,3.0,3.0,9.0,6.0,3.0,15.0,17.0,15.0,,15.0,,15.0,0.0,17.0,,5.0,3.0,10.0,11.0,15.0,15.0,0.0,9.0,0.0,15.0,4.0,3.0,15.0,15.0,15.0,15.0,15.0,12.0,10.0,12.0,0.0,,6.0,0.0,0.0,5.0,15.0,0.0,10.0,15.0,5.0,0.0,0.0,0.0,0.0,3.0,14.0,0.0,8.0,12.0,15.0,47.0,10274.131649304356,102.30945206513083,0.009957965846394233,0.468024394780529,47.0,False,60
220140001230A017,22,Querétaro,014,Querétaro,0001,Santiago de Querétaro,230A,017,Urbana,44,Típica,21,23,17,14.4,44.0,,,,,4.0,4.0,,6.0,0.0,0.0,4.0,,4.0,7.0,7.0,12.0,20.0,22.0,4.0,27.0,13.0,23.0,44.0,21.0,44.0,0.0,0.0,0.0,2.59,0.5,8.0,,,0.0,,,,42.0,22.0,20.0,0.0,0.0,0.0,7.0,40.0,21.0,19.0,6.0,,5.0,40.0,21.0,19.0,0.0,0.0,0.0,43.0,22.0,21.0,43.0,22.0,21.0,16.0,10.0,6.0,,0.0,,3.0,,,17.0,18.0,17.0,,17.0,,16.0,0.0,19.0,0.0,3.0,0.0,14.0,17.0,17.0,17.0,0.0,8.0,4.0,15.0,0.0,,17.0,17.0,17.0,17.0,17.0,14.0,16.0,12.0,0.0,,8.0,0.0,0.0,12.0,17.0,0.0,11.0,16.0,,0.0,,0.0,0.0,7.0,13.0,0.0,13.0,17.0,15.0,44.0,5238.234680328342,306.2165845251489,0.058457973575547155,2.5721508373240747,44.0,False,60
220140001230A020,22,Querétaro,014,Querétaro,0001,Santiago de Querétaro,230A,020,Urbana,79,Típica,37,42,26,12.31,79.0,,0.0,0.0,0.0,,0.0,,3.0,,,,,3.0,10.0,,12.0,49.0,28.0,5.0,59.0,15.0,42.0,79.0,37.0,79.0,,0.0,,3.04,0.63,24.0,,0.0,,3.0,3.0,0.0,77.0,41.0,36.0,,,0.0,19.0,74.0,38.0,36.0,9.0,6.0,3.0,73.0,37.0,36.0,0.0,0.0,0.0,78.0,42.0,36.0,78.0,42.0,36.0,22.0,12.0,10.0,,,0.0,3.0,3.0,0.0,26.0,42.0,26.0,16.0,26.0,6.0,26.0,10.0,42.0,0.0,5.0,0.0,21.0,26.0,26.0,26.0,0.0,12.0,4.0,23.0,0.0,6.0,26.0,26.0,26.0,26.0,26.0,17.0,21.0,20.0,0.0,3.0,12.0,0.0,0.0,19.0,26.0,0.0,17.0,26.0,5.0,0.0,0.0,0.0,0.0,10.0,18.0,0.0,22.0,26.0,25.0,79.0,6432.698388637597,40.236996299112974,0.0062550727343575795,0.4941507460142488,79.0,False,60
220140001230A021,22,Querétaro,014,Querétaro,0001,Santiago de Querétaro,230A,021,Urbana,74,Típica,32,42,22,11.6,74.0,,0.0,0.0,0.0,,0.0,0.0,,0.0,0.0,3.0,,,,,3.0,36.0,21.0,12.0,48.0,10.0,42.0,74.0,32.0,74.0,0.0,0.0,0.0,3.36,0.91,20.0,,,0.0,,0.0,,59.0,33.0,26.0,,,0.0,22.0,58.0,33.0,25.0,8.0,5.0,3.0,57.0,32.0,25.0,4.0,0.0,4.0,69.0,39.0,30.0,65.0,39.0,26.0,14.0,7.0,7.0,6.0,6.0,0.0,4.0,3.0,,22.0,27.0,22.0,,22.0,,22.0,3.0,27.0,0.0,4.0,3.0,14.0,15.0,18.0,18.0,0.0,6.0,,17.0,0.0,0.0,18.0,18.0,18.0,18.0,18.0,13.0,16.0,16.0,0.0,,11.0,0.0,0.0,10.0,18.0,0.0,13.0,17.0,,0.0,0.0,0.0,0.0,3.0,11.0,0.0,15.0,18.0,18.0,74.0,4968.670199409738,167.90498428024196,0.033792740822320734,2.5006628208517343,74.0,False,60
2201400012314005,22,Querétaro,014,Querétaro,0001,Santiago de Querétaro,2314,005,Urbana,66,Típica,31,35,21,11.8,66.0,,,0.0,0.0,0.0,0.0,0.0,0.0,0.0,0.0,3.0,0.0,0.0,7.0,,10.0,44.0,17.0,5.0,45.0,16.0,35.0,66.0,31.0,66.0,,0.0,,3.14,0.89,16.0,3.0,,,0.0,0.0,0.0,61.0,33.0,28.0,,,0.0,18.0,61.0,33.0,28.0,12.0,7.0,5.0,60.0,32.0,28.0,,0.0,,63.0,34.0,29.0,62.0,34.0,28.0,19.0,10.0,9.0,,,0.0,0.0,0.0,0.0,21.0,22.0,21.0,,20.0,5.0,16.0,,27.0,5.0,8.0,3.0,12.0,12.0,19.0,19.0,,10.0,,17.0,8.0,,20.0,19.0,20.0,20.0,20.0,12.0,13.0,12.0,0.0,0.0,10.0,0.0,0.0,14.0,20.0,0.0,17.0,15.0,5.0,0.0,0.0,0.0,0.0,3.0,8.0,0.0,14.0,18.0,17.0,66.0,8685.31836725683,36.646920166563255,0.004219410114512338,0.2784810675578143,66.0,False,60
2201400012403008,22,Querétaro,014,Querétaro,0001,Santiago de Querétaro,2403,008,Urbana,56,Típica,25,31,22,14.75,56.0,,,0.0,0.0,4.0,0.0,,,0.0,0.0,0.0,3.0,0.0,3.0,4.0,5.0,34.0,15.0,7.0,36.0,13.0,31.0,56.0,25.0,56.0,0.0,0.0,0.0,2.55,0.44,10.0,,,0.0,0.0,0.0,0.0,49.0,26.0,23.0,0.0,0.0,0.0,13.0,49.0,26.0,23.0,4.0,,,49.0,26.0,23.0,4.0,3.0,,55.0,30.0,25.0,54.0,29.0,25.0,15.0,8.0,7.0,,,,,0.0,,22.0,28.0,22.0,,22.0,,22.0,4.0,28.0,0.0,4.0,0.0,18.0,22.0,22.0,22.0,0.0,19.0,,22.0,9.0,5.0,22.0,22.0,22.0,22.0,22.0,16.0,22.0,20.0,0.0,0.0,3.0,0.0,0.0,17.0,22.0,0.0,19.0,22.0,0.0,0.0,0.0,0.0,0.0,11.0,16.0,0.0,20.0,21.0,22.0,56.0,10100.238384827215,6.114725798424518,0.0006054041068585256,0.033902629984077434,56.0,False,60
2201400012403009,22,Querétaro,014,Querétaro,0001,Santiago de Querétaro,2403,009,Urbana,39,Típica,17,22,14,12.61,39.0,,,0.0,0.0,3.0,,0.0,4.0,0.0,,,0.0,,5.0,3.0,8.0,18.0,15.0,,28.0,9.0,22.0,39.0,17.0,39.0,0.0,0.0,0.0,2.79,0.5,11.0,,,0.0,0.0,0.0,0.0,37.0,20.0,17.0,,,0.0,12.0,37.0,20.0,17.0,4.0,,,36.0,19.0,17.0,0.0,0.0,0.0,38.0,21.0,17.0,38.0,21.0,17.0,11.0,5.0,6.0,,,0.0,0.0,0.0,0.0,14.0,14.0,14.0,0.0,14.0,0.0,14.0,0.0,14.0,0.0,,0.0,12.0,13.0,13.0,13.0,0.0,11.0,,12.0,7.0,,13.0,13.0,13.0,13.0,13.0,13.0,13.0,11.0,0.0,0.0,,0.0,0.0,12.0,13.0,0.0,11.0,13.0,0.0,0.0,0.0,0.0,0.0,6.0,11.0,0.0,12.0,11.0,13.0,39.0,5667.885237110783,20.803611646871616,0.003670436287357911,0.14314701520695852,39.0,False,60
2201400012418020,22,Querétaro,014,Querétaro,0001,Santiago de Querétaro,2418,020,Urbana,0,Típica,0,0,0,0.0,0.0,,0.0,0.0,0.0,0.0,0.0,0.0,0.0,0.0,0.0,0.0,0.0,0.0,0.0,0.0,0.0,0.0,0.0,0.0,0.0,0.0,0.0,0.0,0.0,0.0,0.0,0.0,0.0,0.0,0.0,0.0,0.0,0.0,0.0,0.0,0.0,0.0,0.0,0.0,0.0,0.0,0.0,0.0,0.0,0.0,0.0,0.0,0.0,0.0,0.0,0.0,0.0,0.0,0.0,0.0,0.0,0.0,0.0,0.0,0.0,0.0,0.0,0.0,0.0,0.0,0.0,0.0,0.0,0.0,0.0,0.0,0.0,0.0,0.0,0.0,0.0,0.0,0.0,0.0,0.0,0.0,0.0,0.0,0.0,0.0,0.0,0.0,0.0,0.0,0.0,0.0,0.0,0.0,0.0,0.0,0.0,0.0,0.0,0.0,0.0,0.0,0.0,0.0,0.0,0.0,0.0,0.0,0.0,0.0,0.0,0.0,0.0,0.0,0.0,0.0,0.0,0.0,0.0,0.0,0.0,0.0,0.0,0.0,12720.679658364335,653.855070045297,0.051400954006051255,0.0,0.0,False,60
2201400012422021,22,Querétaro,014,Querétaro,0001,Santiago de Querétaro,2422,021,Urbana,111,Típica,61,50,34,14.35,111.0,,0.0,0.0,0.0,0.0,0.0,0.0,3.0,0.0,,,0.0,0.0,,0.0,5.0,66.0,35.0,8.0,85.0,16.0,50.0,111.0,61.0,111.0,,0.0,,3.26,0.61,30.0,,0.0,,0.0,0.0,0.0,101.0,45.0,56.0,3.0,,,25.0,101.0,45.0,56.0,12.0,,10.0,98.0,44.0,54.0,3.0,3.0,0.0,108.0,49.0,59.0,106.0,47.0,59.0,26.0,11.0,15.0,4.0,,3.0,4.0,,3.0,34.0,38.0,34.0,7.0,34.0,7.0,31.0,0.0,41.0,0.0,8.0,,26.0,33.0,34.0,34.0,0.0,33.0,4.0,34.0,19.0,13.0,34.0,34.0,34.0,34.0,34.0,32.0,34.0,33.0,0.0,4.0,,0.0,0.0,32.0,34.0,0.0,33.0,34.0,0.0,0.0,,0.0,0.0,25.0,32.0,0.0,33.0,33.0,33.0,111.0,17053.941822330617,38.92525208879332,0.0022824782970599896,0.2533550909736588,111.0,False,60
2201400010322020,22,Querétaro,014,Querétaro,0001,Santiago de Querétaro,0322,020,Urbana,124,Típica,55,69,39,13.35,119.0,,,0.0,0.0,5.0,,,6.0,,,8.0,0.0,4.0,21.0,7.0,26.0,70.0,40.0,14.0,85.0,25.0,69.0,119.0,55.0,124.0,,,0.0,3.13,0.66,17.0,5.0,,4.0,0.0,0.0,0.0,110.0,65.0,45.0,3.0,,,40.0,110.0,65.0,45.0,12.0,6.0,6.0,107.0,63.0,44.0,,0.0,,119.0,68.0,51.0,117.0,68.0,49.0,35.0,21.0,14.0,7.0,3.0,4.0,6.0,,4.0,39.0,32.0,38.0,,38.0,4.0,26.0,,45.0,,10.0,,28.0,36.0,38.0,38.0,0.0,28.0,16.0,35.0,20.0,12.0,38.0,38.0,38.0,38.0,38.0,33.0,34.0,35.0,0.0,7.0,10.0,0.0,0.0,25.0,38.0,0.0,31.0,38.0,3.0,0.0,0.0,0.0,0.0,22.0,27.0,0.0,31.0,36.0,37.0,124.0,22158.292133785188,935.2976874286366,0.04220982744435297,5.234018603099768,124.0,False,60
2201400010411042,22,Querétaro,014,Querétaro,0001,Santiago de Querétaro,0411,042,Urbana,35,Típica,18,17,10,10.8,35.0,,0.0,0.0,0.0,0.0,0.0,0.0,,0.0,0.0,,0.0,0.0,,0.0,3.0,20.0,12.0,5.0,26.0,4.0,17.0,35.0,18.0,35.0,4.0,,,3.5,0.83,6.0,,,0.0,,,,32.0,15.0,17.0,,0.0,,9.0,30.0,14.0,16.0,11.0,4.0,7.0,28.0,14.0,14.0,0.0,0.0,0.0,34.0,16.0,18.0,34.0,16.0,18.0,6.0,4.0,,,,,4.0,,,10.0,9.0,10.0,3.0,10.0,3.0,6.0,0.0,13.0,,3.0,,7.0,8.0,10.0,10.0,0.0,5.0,,10.0,4.0,,10.0,10.0,10.0,10.0,10.0,4.0,10.0,6.0,0.0,0.0,5.0,0.0,0.0,7.0,10.0,0.0,6.0,9.0,0.0,0.0,,0.0,0.0,6.0,6.0,0.0,7.0,10.0,8.0,35.0,24695.335561263633,0.33866884090837557,1.3713878884869312e-05,0.00047998576097042593,35.0,False,60
2201400011119047,22,Querétaro,014,Querétaro,0001,Santiago de Querétaro,1119,047,Urbana,118,Típica,67,51,33,14.09,118.0,,0.0,0.0,0.0,,0.0,,3.0,0.0,0.0,,,,,,4.0,77.0,34.0,13.0,95.0,10.0,51.0,118.0,67.0,118.0,,,,3.58,0.72,7.0,0.0,0.0,0.0,6.0,3.0,3.0,111.0,48.0,63.0,8.0,4.0,4.0,32.0,105.0,45.0,60.0,14.0,8.0,6.0,97.0,41.0,56.0,,0.0,,118.0,51.0,67.0,118.0,51.0,67.0,15.0,8.0,7.0,6.0,3.0,3.0,9.0,4.0,5.0,33.0,27.0,33.0,0.0,33.0,0.0,27.0,0.0,33.0,0.0,,0.0,31.0,33.0,33.0,33.0,0.0,30.0,7.0,31.0,5.0,4.0,33.0,33.0,33.0,33.0,33.0,28.0,32.0,28.0,0.0,,3.0,0.0,0.0,31.0,33.0,0.0,29.0,33.0,0.0,0.0,0.0,0.0,0.0,13.0,27.0,0.0,26.0,32.0,33.0,118.0,5123.3103042869425,27.77511748274428,0.005421322510858533,0.6397160562813069,118.0,False,60
2201400011138001,22,Querétaro,014,Querétaro,0001,Santiago de Querétaro,1138,001,Urbana,127,Típica,71,56,38,9.53,127.0,,,,,3.0,,3.0,6.0,4.0,,,3.0,3.0,12.0,6.0,22.0,76.0,40.0,19.0,94.0,14.0,56.0,127.0,71.0,127.0,3.0,0.0,3.0,3.34,0.84,36.0,,,0.0,8.0,3.0,5.0,116.0,51.0,65.0,5.0,3.0,,32.0,108.0,48.0,60.0,17.0,8.0,9.0,103.0,45.0,58.0,,,,126.0,55.0,71.0,124.0,54.0,70.0,21.0,10.0,11.0,8.0,3.0,5.0,14.0,5.0,9.0,38.0,40.0,38.0,,38.0,,37.0,,41.0,10.0,19.0,3.0,19.0,25.0,37.0,38.0,0.0,10.0,10.0,37.0,4.0,5.0,38.0,38.0,38.0,38.0,38.0,22.0,25.0,18.0,0.0,,27.0,0.0,0.0,13.0,38.0,0.0,25.0,30.0,11.0,0.0,4.0,0.0,0.0,5.0,21.0,0.0,14.0,24.0,32.0,127.0,18257.65681500005,55.51959047887045,0.0030408935298453467,0.38619347829035905,127.0,False,60
2201400011138015,22,Querétaro,014,Querétaro,0001,Santiago de Querétaro,1138,015,Urbana,0,Típica,0,0,0,0.0,0.0,,0.0,0.0,0.0,0.0,0.0,0.0,0.0,0.0,0.0,0.0,0.0,0.0,0.0,0.0,0.0,0.0,0.0,0.0,0.0,0.0,0.0,0.0,0.0,0.0,0.0,0.0,0.0,0.0,0.0,0.0,0.0,0.0,0.0,0.0,0.0,0.0,0.0,0.0,0.0,0.0,0.0,0.0,0.0,0.0,0.0,0.0,0.0,0.0,0.0,0.0,0.0,0.0,0.0,0.0,0.0,0.0,0.0,0.0,0.0,0.0,0.0,0.0,0.0,0.0,0.0,0.0,0.0,0.0,0.0,0.0,0.0,0.0,0.0,0.0,0.0,0.0,0.0,0.0,0.0,0.0,0.0,0.0,0.0,0.0,0.0,0.0,0.0,0.0,0.0,0.0,0.0,0.0,0.0,0.0,0.0,0.0,0.0,0.0,0.0,0.0,0.0,0.0,0.0,0.0,0.0,0.0,0.0,0.0,0.0,0.0,0.0,0.0,0.0,0.0,0.0,0.0,0.0,0.0,0.0,0.0,0.0,0.0,58980.170119334696,536.5812688282759,0.009097655495781209,0.0,0.0,False,60
2201400011087003,22,Querétaro,014,Querétaro,0001,Santiago de Querétaro,1087,003,Urbana,0,Típica,0,0,0,0.0,0.0,,0.0,0.0,0.0,0.0,0.0,0.0,0.0,0.0,0.0,0.0,0.0,0.0,0.0,0.0,0.0,0.0,0.0,0.0,0.0,0.0,0.0,0.0,0.0,0.0,0.0,0.0,0.0,0.0,0.0,0.0,0.0,0.0,0.0,0.0,0.0,0.0,0.0,0.0,0.0,0.0,0.0,0.0,0.0,0.0,0.0,0.0,0.0,0.0,0.0,0.0,0.0,0.0,0.0,0.0,0.0,0.0,0.0,0.0,0.0,0.0,0.0,0.0,0.0,0.0,0.0,0.0,0.0,0.0,0.0,0.0,0.0,0.0,0.0,0.0,0.0,0.0,0.0,0.0,0.0,0.0,0.0,0.0,0.0,0.0,0.0,0.0,0.0,0.0,0.0,0.0,0.0,0.0,0.0,0.0,0.0,0.0,0.0,0.0,0.0,0.0,0.0,0.0,0.0,0.0,0.0,0.0,0.0,0.0,0.0,0.0,0.0,0.0,0.0,0.0,0.0,0.0,0.0,0.0,0.0,0.0,0.0,0.0,16997.626263810707,711.9868176892908,0.04188742631700093,0.0,0.0,False,60
2201400011119016,22,Querétaro,014,Querétaro,0001,Santiago de Querétaro,1119,016,Urbana,108,Típica,56,52,26,11.27,108.0,,0.0,,,,,,,0.0,3.0,,,0.0,3.0,,8.0,67.0,24.0,20.0,82.0,6.0,52.0,108.0,56.0,108.0,0.0,0.0,0.0,4.15,0.99,39.0,,,0.0,3.0,,,91.0,42.0,49.0,6.0,,4.0,23.0,88.0,41.0,47.0,13.0,4.0,9.0,82.0,39.0,43.0,,,,107.0,51.0,56.0,105.0,50.0,55.0,12.0,6.0,6.0,14.0,8.0,6.0,10.0,6.0,4.0,26.0,28.0,26.0,,26.0,,25.0,,29.0,,7.0,3.0,19.0,22.0,26.0,26.0,0.0,8.0,3.0,26.0,3.0,,26.0,26.0,26.0,26.0,26.0,15.0,23.0,22.0,0.0,,17.0,0.0,0.0,19.0,26.0,0.0,22.0,26.0,,0.0,0.0,0.0,0.0,5.0,22.0,0.0,18.0,24.0,26.0,108.0,8676.44048471507,226.55103871598163,0.026111057767881574,2.81999423893121,108.0,False,60
2201400011119017,22,Querétaro,014,Querétaro,0001,Santiago de Querétaro,1119,017,Urbana,90,Típica,48,42,21,9.68,90.0,,3.0,,,9.0,4.0,,0.0,0.0,0.0,,0.0,0.0,,11.0,3.0,42.0,41.0,15.0,61.0,14.0,42.0,90.0,48.0,90.0,0.0,0.0,0.0,4.29,1.05,22.0,,,,8.0,,7.0,83.0,40.0,43.0,5.0,,3.0,23.0,75.0,39.0,36.0,11.0,3.0,8.0,70.0,37.0,33.0,3.0,,,88.0,41.0,47.0,86.0,40.0,46.0,18.0,12.0,6.0,,0.0,,10.0,,9.0,21.0,20.0,21.0,0.0,21.0,0.0,20.0,0.0,21.0,0.0,3.0,3.0,18.0,18.0,21.0,21.0,0.0,14.0,,20.0,,,21.0,21.0,21.0,21.0,21.0,9.0,16.0,15.0,0.0,,7.0,0.0,0.0,10.0,19.0,,13.0,21.0,4.0,,0.0,0.0,0.0,0.0,12.0,0.0,8.0,17.0,21.0,90.0,8685.463972156575,15.998149810079214,0.001841945330884485,0.16577507977960365,90.0,False,60
2201400011547026,22,Querétaro,014,Querétaro,0001,Santiago de Querétaro,1547,026,Urbana,76,Típica,33,43,19,9.13,76.0,,,,0.0,,0.0,0.0,3.0,,0.0,0.0,0.0,0.0,13.0,,16.0,44.0,20.0,13.0,60.0,3.0,43.0,76.0,33.0,76.0,0.0,0.0,0.0,4.0,1.04,26.0,,,,,,0.0,64.0,37.0,27.0,12.0,8.0,4.0,31.0,63.0,36.0,27.0,10.0,7.0,3.0,51.0,28.0,23.0,6.0,3.0,3.0,74.0,42.0,32.0,71.0,41.0,30.0,4.0,3.0,,4.0,,,5.0,3.0,,19.0,19.0,19.0,,19.0,0.0,18.0,,20.0,0.0,6.0,6.0,13.0,13.0,19.0,19.0,0.0,9.0,4.0,17.0,,,19.0,19.0,19.0,19.0,19.0,13.0,18.0,18.0,0.0,,10.0,0.0,0.0,8.0,18.0,,17.0,19.0,,0.0,0.0,0.0,0.0,4.0,16.0,0.0,15.0,17.0,18.0,76.0,10562.79890085445,333.6217095977165,0.0315845935087081,2.4004291066618153,76.0,False,60
2201400012193021,22,Querétaro,014,Querétaro,0001,Santiago de Querétaro,2193,021,Urbana,201,Típica,93,108,53,10.23,201.0,,,,,5.0,,,12.0,0.0,0.0,5.0,,3.0,18.0,7.0,25.0,104.0,64.0,42.0,148.0,11.0,108.0,201.0,93.0,201.0,,0.0,,3.79,1.0,43.0,7.0,4.0,3.0,9.0,5.0,4.0,168.0,91.0,77.0,9.0,4.0,5.0,55.0,159.0,86.0,73.0,26.0,11.0,15.0,150.0,82.0,68.0,8.0,4.0,4.0,194.0,104.0,90.0,191.0,102.0,89.0,27.0,16.0,11.0,18.0,9.0,9.0,23.0,11.0,12.0,53.0,55.0,53.0,,53.0,,53.0,0.0,55.0,0.0,8.0,7.0,45.0,46.0,53.0,53.0,0.0,27.0,8.0,47.0,3.0,11.0,53.0,53.0,53.0,53.0,53.0,21.0,41.0,44.0,0.0,,25.0,0.0,0.0,24.0,53.0,0.0,31.0,50.0,11.0,,0.0,0.0,0.0,10.0,40.0,0.0,38.0,53.0,51.0,201.0,5625.170623763474,267.54176659303135,0.04756153803811816,9.55986914566175,201.0,False,60
2201400010411005,22,Querétaro,014,Querétaro,0001,Santiago de Querétaro,0411,005,Urbana,95,Típica,43,52,31,11.93,95.0,,,3.0,5.0,5.0,,6.0,3.0,0.0,,,,,12.0,10.0,16.0,52.0,36.0,11.0,68.0,16.0,52.0,95.0,43.0,95.0,,0.0,,3.06,0.73,16.0,4.0,3.0,,4.0,3.0,,88.0,47.0,41.0,,0.0,,28.0,84.0,44.0,40.0,14.0,6.0,8.0,83.0,44.0,39.0,,,,91.0,49.0,42.0,90.0,49.0,41.0,18.0,12.0,6.0,,,0.0,5.0,4.0,,31.0,38.0,31.0,7.0,31.0,7.0,31.0,0.0,38.0,0.0,6.0,3.0,25.0,28.0,31.0,31.0,0.0,14.0,7.0,28.0,11.0,12.0,31.0,31.0,31.0,31.0,31.0,24.0,29.0,26.0,0.0,,16.0,0.0,0.0,21.0,31.0,0.0,31.0,31.0,,,0.0,0.0,0.0,14.0,21.0,0.0,20.0,31.0,27.0,95.0,9032.649662001442,274.2872591236273,0.03036620143450256,2.8847891362777434,95.0,False,60
2201400010572045,22,Querétaro,014,Querétaro,0001,Santiago de Querétaro,0572,045,Urbana,84,Típica,31,53,22,8.78,84.0,,3.0,,,3.0,,3.0,3.0,0.0,0.0,4.0,,,5.0,9.0,12.0,35.0,34.0,17.0,50.0,17.0,53.0,84.0,31.0,84.0,0.0,0.0,0.0,3.82,0.85,11.0,6.0,4.0,,,,,69.0,43.0,26.0,,0.0,,25.0,67.0,42.0,25.0,4.0,4.0,0.0,66.0,42.0,24.0,0.0,0.0,0.0,78.0,49.0,29.0,78.0,49.0,29.0,20.0,13.0,7.0,9.0,6.0,3.0,8.0,5.0,3.0,22.0,27.0,22.0,,22.0,4.0,22.0,,27.0,,4.0,,18.0,19.0,22.0,22.0,0.0,11.0,3.0,19.0,,0.0,22.0,22.0,22.0,22.0,22.0,11.0,18.0,17.0,0.0,,10.0,0.0,0.0,7.0,22.0,0.0,12.0,20.0,4.0,,,0.0,0.0,4.0,12.0,0.0,13.0,17.0,19.0,84.0,5849.571852123814,527.1786643043525,0.09012260685591013,7.570298975896451,84.0,False,60
2201400010642003,22,Querétaro,014,Querétaro,0001,Santiago de Querétaro,0642,003,Urbana,98,Típica,46,52,33,9.48,98.0,,,,3.0,3.0,,,,0.0,,4.0,,3.0,9.0,6.0,10.0,62.0,24.0,16.0,70.0,12.0,52.0,98.0,46.0,98.0,8.0,6.0,,2.97,0.88,44.0,,,0.0,4.0,3.0,,86.0,45.0,41.0,4.0,,,29.0,82.0,42.0,40.0,10.0,5.0,5.0,78.0,40.0,38.0,3.0,,,96.0,50.0,46.0,94.0,49.0,45.0,17.0,7.0,10.0,7.0,4.0,3.0,9.0,5.0,4.0,33.0,33.0,33.0,,33.0,0.0,32.0,,34.0,,11.0,6.0,22.0,25.0,33.0,33.0,0.0,16.0,,24.0,7.0,0.0,33.0,33.0,33.0,33.0,33.0,14.0,20.0,20.0,0.0,3.0,15.0,0.0,0.0,9.0,33.0,0.0,21.0,28.0,11.0,6.0,4.0,,0.0,0.0,17.0,0.0,14.0,30.0,26.0,98.0,6461.133703129773,84.78676680011684,0.01312258354273742,1.2860131871882672,98.0,False,60
2201400010642020,22,Querétaro,014,Querétaro,0001,Santiago de Querétaro,0642,020,Urbana,94,Típica,46,48,31,9.44,94.0,,0.0,0.0,0.0,0.0,0.0,0.0,7.0,4.0,6.0,3.0,,4.0,10.0,0.0,15.0,52.0,28.0,15.0,70.0,9.0,48.0,94.0,46.0,94.0,0.0,0.0,0.0,3.03,0.78,41.0,3.0,,,,,0.0,81.0,44.0,37.0,3.0,,,23.0,79.0,42.0,37.0,8.0,3.0,5.0,76.0,41.0,35.0,4.0,,,91.0,47.0,44.0,89.0,47.0,42.0,14.0,9.0,5.0,6.0,,5.0,5.0,,3.0,31.0,31.0,31.0,0.0,31.0,0.0,31.0,0.0,31.0,0.0,15.0,7.0,16.0,24.0,31.0,31.0,0.0,10.0,,26.0,3.0,,31.0,31.0,31.0,31.0,31.0,8.0,18.0,22.0,0.0,,21.0,0.0,0.0,7.0,31.0,0.0,14.0,28.0,13.0,,,0.0,0.0,,18.0,0.0,19.0,23.0,29.0,94.0,5583.573621262536,261.8413696581069,0.046894943528818435,4.408124691708933,94.0,False,60
2201400010642021,22,Querétaro,014,Querétaro,0001,Santiago de Querétaro,0642,021,Urbana,99,Típica,54,45,26,8.79,99.0,,0.0,0.0,,,,0.0,10.0,4.0,4.0,8.0,0.0,6.0,10.0,,15.0,47.0,42.0,17.0,73.0,9.0,45.0,99.0,54.0,99.0,0.0,0.0,0.0,3.81,0.99,31.0,3.0,,,7.0,,5.0,89.0,41.0,48.0,8.0,3.0,5.0,26.0,82.0,39.0,43.0,4.0,,,74.0,36.0,38.0,4.0,,3.0,96.0,44.0,52.0,93.0,43.0,50.0,12.0,8.0,4.0,3.0,,,10.0,4.0,6.0,26.0,30.0,26.0,4.0,26.0,4.0,26.0,0.0,30.0,,7.0,5.0,19.0,20.0,26.0,26.0,0.0,14.0,,24.0,3.0,,26.0,26.0,26.0,26.0,26.0,16.0,19.0,18.0,0.0,3.0,12.0,0.0,0.0,11.0,26.0,0.0,18.0,23.0,7.0,0.0,0.0,0.0,0.0,,18.0,0.0,17.0,22.0,26.0,99.0,7169.633914191351,260.5618506981559,0.036342420521975026,3.5978996316755274,99.0,False,60
2201400010712018,22,Querétaro,014,Querétaro,0001,Santiago de Querétaro,0712,018,Urbana,105,Típica,51,54,25,10.53,105.0,,,3.0,0.0,0.0,0.0,,,,0.0,,3.0,0.0,12.0,5.0,15.0,52.0,32.0,28.0,74.0,3.0,54.0,105.0,51.0,105.0,0.0,0.0,0.0,4.2,1.06,25.0,3.0,,,7.0,4.0,3.0,84.0,46.0,38.0,6.0,5.0,,29.0,77.0,42.0,35.0,13.0,8.0,5.0,71.0,37.0,34.0,8.0,,6.0,102.0,52.0,50.0,96.0,51.0,45.0,5.0,3.0,,10.0,4.0,6.0,15.0,7.0,8.0,25.0,25.0,25.0,,25.0,,23.0,0.0,27.0,3.0,4.0,,21.0,20.0,25.0,25.0,0.0,15.0,4.0,23.0,5.0,4.0,25.0,25.0,25.0,25.0,25.0,17.0,21.0,19.0,0.0,,10.0,0.0,0.0,13.0,24.0,,22.0,23.0,4.0,,0.0,0.0,0.0,5.0,19.0,0.0,15.0,23.0,25.0,105.0,10508.787223858966,24.442485485420082,0.0023259092571525563,0.2442204720010184,105.0,False,60
2201400010816008,22,Querétaro,014,Querétaro,0001,Santiago de Querétaro,0816,008,Urbana,32,Típica,10,22,14,13.63,32.0,,0.0,0.0,0.0,0.0,0.0,0.0,,0.0,,,,0.0,3.0,0.0,4.0,17.0,13.0,,24.0,6.0,22.0,32.0,10.0,32.0,4.0,,,2.29,0.56,,,,0.0,0.0,0.0,0.0,30.0,20.0,10.0,,,,10.0,30.0,20.0,10.0,,,0.0,28.0,19.0,9.0,0.0,0.0,0.0,31.0,21.0,10.0,31.0,21.0,10.0,8.0,5.0,3.0,,,0.0,,,0.0,14.0,16.0,14.0,,14.0,,14.0,0.0,16.0,0.0,5.0,,9.0,13.0,14.0,14.0,0.0,13.0,,13.0,4.0,3.0,14.0,14.0,14.0,14.0,14.0,12.0,13.0,12.0,0.0,,,0.0,0.0,11.0,14.0,0.0,13.0,14.0,,0.0,,0.0,0.0,8.0,12.0,0.0,10.0,13.0,13.0,32.0,5130.6904005954175,276.38924818298136,0.053869796577650904,1.723833490484829,32.0,False,60
2201400010873003,22,Querétaro,014,Querétaro,0001,Santiago de Querétaro,0873,003,Urbana,0,Típica,0,0,0,0.0,0.0,,0.0,0.0,0.0,0.0,0.0,0.0,0.0,0.0,0.0,0.0,0.0,0.0,0.0,0.0,0.0,0.0,0.0,0.0,0.0,0.0,0.0,0.0,0.0,0.0,0.0,0.0,0.0,0.0,0.0,0.0,0.0,0.0,0.0,0.0,0.0,0.0,0.0,0.0,0.0,0.0,0.0,0.0,0.0,0.0,0.0,0.0,0.0,0.0,0.0,0.0,0.0,0.0,0.0,0.0,0.0,0.0,0.0,0.0,0.0,0.0,0.0,0.0,0.0,0.0,0.0,0.0,0.0,0.0,0.0,0.0,0.0,0.0,0.0,0.0,0.0,0.0,0.0,0.0,0.0,0.0,0.0,0.0,0.0,0.0,0.0,0.0,0.0,0.0,0.0,0.0,0.0,0.0,0.0,0.0,0.0,0.0,0.0,0.0,0.0,0.0,0.0,0.0,0.0,0.0,0.0,0.0,0.0,0.0,0.0,0.0,0.0,0.0,0.0,0.0,0.0,0.0,0.0,0.0,0.0,0.0,0.0,0.0,76639.4798823237,657.6451628966504,0.008581023304260851,0.0,0.0,False,60
2201400010888043,22,Querétaro,014,Querétaro,0001,Santiago de Querétaro,0888,043,Urbana,47,Típica,23,24,17,9.15,47.0,,,0.0,,,,0.0,3.0,0.0,,4.0,,4.0,,3.0,11.0,27.0,16.0,6.0,30.0,11.0,24.0,47.0,23.0,47.0,0.0,0.0,0.0,2.76,0.78,6.0,0.0,0.0,0.0,,,,43.0,22.0,21.0,3.0,,,9.0,41.0,21.0,20.0,4.0,,3.0,38.0,20.0,18.0,3.0,,,47.0,24.0,23.0,45.0,23.0,22.0,13.0,10.0,3.0,,0.0,,3.0,,,17.0,18.0,17.0,,17.0,,17.0,0.0,18.0,0.0,6.0,5.0,11.0,12.0,17.0,17.0,0.0,5.0,,12.0,0.0,,17.0,17.0,17.0,17.0,17.0,8.0,10.0,7.0,0.0,,12.0,0.0,0.0,6.0,16.0,,13.0,17.0,7.0,,0.0,0.0,0.0,3.0,12.0,0.0,12.0,17.0,17.0,47.0,3066.888039982898,244.53734126850588,0.07973468156661809,3.74753003363105,47.0,False,60
2201400010892001,22,Querétaro,014,Querétaro,0001,Santiago de Querétaro,0892,001,Urbana,64,Típica,28,36,25,8.96,64.0,,0.0,0.0,0.0,,0.0,,,,,4.0,,,5.0,3.0,9.0,39.0,18.0,9.0,41.0,14.0,36.0,64.0,28.0,64.0,0.0,0.0,0.0,2.56,0.77,4.0,3.0,3.0,0.0,,,0.0,57.0,31.0,26.0,,0.0,,18.0,55.0,29.0,26.0,4.0,,,53.0,29.0,24.0,3.0,,,61.0,33.0,28.0,60.0,33.0,27.0,16.0,9.0,7.0,,,0.0,3.0,3.0,0.0,25.0,27.0,25.0,,24.0,,25.0,0.0,27.0,,9.0,5.0,15.0,17.0,24.0,24.0,0.0,11.0,,22.0,,,24.0,24.0,24.0,24.0,24.0,14.0,16.0,15.0,0.0,,12.0,0.0,0.0,6.0,24.0,0.0,22.0,21.0,8.0,,,,,,12.0,0.0,18.0,15.0,22.0,64.0,4635.820238937303,108.82765705594267,0.023475383307979582,1.5024245317106932,64.0,False,60
2201400011388005,22,Querétaro,014,Querétaro,0001,Santiago de Querétaro,1388,005,Urbana,46,Típica,28,18,14,8.56,46.0,,3.0,,3.0,,,3.0,,0.0,0.0,0.0,0.0,0.0,,6.0,,22.0,21.0,5.0,32.0,9.0,18.0,46.0,28.0,46.0,0.0,0.0,0.0,3.29,0.82,12.0,,,0.0,,,,43.0,16.0,27.0,4.0,,3.0,9.0,41.0,15.0,26.0,6.0,,4.0,37.0,14.0,23.0,,,0.0,45.0,17.0,28.0,44.0,16.0,28.0,9.0,4.0,5.0,,0.0,,,,,14.0,16.0,14.0,,14.0,,14.0,0.0,16.0,0.0,3.0,3.0,11.0,11.0,14.0,14.0,0.0,6.0,4.0,10.0,0.0,,14.0,14.0,14.0,14.0,14.0,3.0,7.0,8.0,0.0,,8.0,0.0,0.0,3.0,12.0,,10.0,13.0,7.0,,0.0,0.0,0.0,,6.0,0.0,5.0,10.0,14.0,46.0,9098.822414849143,590.8708582894761,0.06493926701165018,2.987206282535908,46.0,False,60
220140001091A022,22,Querétaro,014,Querétaro,0001,Santiago de Querétaro,091A,022,Urbana,112,Típica,61,51,34,13.99,112.0,,0.0,0.0,0.0,0.0,0.0,0.0,,0.0,0.0,4.0,,,7.0,0.0,10.0,65.0,35.0,17.0,85.0,10.0,51.0,112.0,61.0,112.0,,,,3.29,0.54,19.0,3.0,,,5.0,,4.0,100.0,45.0,55.0,4.0,,3.0,24.0,95.0,44.0,51.0,12.0,4.0,8.0,91.0,43.0,48.0,3.0,,,109.0,49.0,60.0,106.0,48.0,58.0,19.0,10.0,9.0,6.0,3.0,3.0,9.0,3.0,6.0,34.0,36.0,34.0,3.0,34.0,3.0,33.0,0.0,37.0,0.0,6.0,0.0,28.0,34.0,34.0,34.0,0.0,30.0,6.0,32.0,31.0,13.0,34.0,34.0,34.0,34.0,34.0,32.0,33.0,34.0,0.0,4.0,4.0,0.0,0.0,29.0,34.0,0.0,27.0,34.0,,0.0,0.0,0.0,0.0,23.0,31.0,0.0,31.0,32.0,34.0,112.0,11963.645312911274,425.53669704701724,0.03556915019770556,3.9837448221430227,112.0,False,60
2201400010924027,22,Querétaro,014,Querétaro,0001,Santiago de Querétaro,0924,027,Urbana,197,Típica,103,94,51,8.81,197.0,,,,,,0.0,,5.0,,0.0,4.0,5.0,4.0,10.0,7.0,17.0,96.0,47.0,44.0,116.0,23.0,94.0,197.0,103.0,197.0,0.0,0.0,0.0,3.86,1.06,55.0,12.0,4.0,8.0,6.0,3.0,3.0,145.0,69.0,76.0,4.0,4.0,0.0,42.0,139.0,66.0,73.0,29.0,11.0,18.0,135.0,62.0,73.0,10.0,8.0,,171.0,83.0,88.0,164.0,78.0,86.0,29.0,17.0,12.0,16.0,6.0,10.0,17.0,8.0,9.0,51.0,51.0,51.0,,50.0,,50.0,0.0,52.0,5.0,17.0,11.0,29.0,30.0,46.0,46.0,0.0,18.0,6.0,37.0,5.0,5.0,46.0,46.0,46.0,46.0,46.0,22.0,37.0,29.0,0.0,6.0,26.0,0.0,0.0,19.0,46.0,0.0,27.0,39.0,8.0,5.0,3.0,,,6.0,27.0,0.0,30.0,43.0,40.0,197.0,10248.023699564192,817.1449630048826,0.07973683384823091,15.708156268101488,197.0,False,60
2201400011496005,22,Querétaro,014,Querétaro,0001,Santiago de Querétaro,1496,005,Urbana,76,Típica,35,41,21,10.4,76.0,,0.0,0.0,,,0.0,,5.0,0.0,0.0,,0.0,3.0,3.0,,8.0,45.0,18.0,18.0,56.0,,41.0,76.0,35.0,76.0,0.0,0.0,0.0,3.62,0.82,10.0,,,0.0,5.0,,3.0,63.0,34.0,29.0,6.0,,4.0,23.0,58.0,32.0,26.0,6.0,3.0,3.0,52.0,30.0,22.0,,,,75.0,40.0,35.0,73.0,39.0,34.0,10.0,8.0,,10.0,5.0,5.0,13.0,6.0,7.0,21.0,24.0,21.0,,21.0,,21.0,,24.0,0.0,,0.0,19.0,21.0,21.0,21.0,0.0,5.0,,19.0,0.0,,21.0,21.0,21.0,21.0,21.0,11.0,19.0,18.0,0.0,,16.0,0.0,0.0,9.0,21.0,0.0,13.0,21.0,,,0.0,0.0,0.0,7.0,19.0,0.0,17.0,21.0,21.0,76.0,1416.6850401357433,135.24226925958777,0.09546389312237616,7.255255877300588,76.0,False,60
2201400011778011,22,Querétaro,014,Querétaro,0001,Santiago de Querétaro,1778,011,Urbana,109,Típica,59,50,36,11.73,109.0,,4.0,,,8.0,,4.0,6.0,0.0,0.0,8.0,3.0,5.0,23.0,13.0,30.0,66.0,35.0,14.0,83.0,12.0,50.0,109.0,59.0,109.0,3.0,,,3.03,0.7,31.0,3.0,0.0,3.0,6.0,5.0,,101.0,47.0,54.0,4.0,,3.0,21.0,95.0,42.0,53.0,8.0,4.0,4.0,91.0,41.0,50.0,,,0.0,106.0,50.0,56.0,106.0,50.0,56.0,25.0,11.0,14.0,3.0,,,7.0,5.0,,36.0,41.0,36.0,,36.0,5.0,35.0,,42.0,0.0,5.0,,31.0,34.0,36.0,36.0,0.0,21.0,5.0,33.0,8.0,4.0,36.0,36.0,36.0,36.0,36.0,24.0,30.0,30.0,0.0,4.0,15.0,0.0,0.0,23.0,35.0,,35.0,36.0,6.0,,0.0,0.0,0.0,11.0,26.0,0.0,23.0,36.0,36.0,109.0,5482.015663695571,360.11952530323003,0.0656910792298729,7.160327636056146,109.0,False,60
2201400012032035,22,Querétaro,014,Querétaro,0001,Santiago de Querétaro,2032,035,Urbana,232,Típica,110,122,66,12.13,232.0,,4.0,0.0,3.0,8.0,4.0,5.0,9.0,,,10.0,3.0,16.0,21.0,14.0,39.0,142.0,58.0,42.0,181.0,9.0,122.0,232.0,110.0,232.0,,,,3.52,0.92,40.0,8.0,6.0,,11.0,5.0,6.0,201.0,105.0,96.0,12.0,9.0,3.0,64.0,190.0,100.0,90.0,41.0,20.0,21.0,178.0,91.0,87.0,6.0,3.0,3.0,224.0,116.0,108.0,221.0,114.0,107.0,22.0,13.0,9.0,17.0,8.0,9.0,24.0,11.0,13.0,66.0,73.0,66.0,8.0,66.0,3.0,65.0,5.0,74.0,0.0,11.0,6.0,55.0,60.0,66.0,66.0,0.0,44.0,9.0,63.0,12.0,11.0,66.0,66.0,66.0,66.0,66.0,46.0,59.0,56.0,0.0,8.0,20.0,0.0,0.0,52.0,66.0,0.0,50.0,62.0,4.0,0.0,3.0,0.0,0.0,18.0,49.0,0.0,44.0,66.0,62.0,232.0,10516.08218710168,37.45314726972558,0.0035615114643800607,0.8262706597361741,232.0,False,60
2201400010479034,22,Querétaro,014,Querétaro,0001,Santiago de Querétaro,0479,034,Urbana,51,Típica,22,29,18,15.15,51.0,,0.0,0.0,0.0,0.0,0.0,0.0,0.0,0.0,0.0,0.0,,0.0,,0.0,,33.0,14.0,5.0,44.0,,29.0,51.0,22.0,51.0,4.0,,,2.83,0.55,11.0,0.0,0.0,0.0,,,0.0,47.0,27.0,20.0,6.0,3.0,3.0,16.0,46.0,26.0,20.0,8.0,4.0,4.0,40.0,23.0,17.0,3.0,,,51.0,29.0,22.0,49.0,27.0,22.0,8.0,6.0,,,0.0,,,,0.0,18.0,19.0,18.0,,18.0,,17.0,0.0,20.0,0.0,4.0,0.0,14.0,18.0,18.0,18.0,0.0,17.0,3.0,17.0,12.0,11.0,18.0,18.0,18.0,18.0,18.0,15.0,18.0,17.0,0.0,0.0,,0.0,0.0,17.0,18.0,0.0,15.0,18.0,0.0,,0.0,0.0,0.0,17.0,18.0,0.0,15.0,16.0,18.0,51.0,25635.783708127678,63.57297766626022,0.0024798530987022167,0.12647250803381305,51.0,False,60
2201400011227019,22,Querétaro,014,Querétaro,0001,Santiago de Querétaro,1227,019,Urbana,1,Típica,0,0,1,,,,,,,,,,,,,,,,,,,,,,,,,,,1.0,,,,,,,,,,,,,,,,,,,,,,,,,,,,,,,,,,,,,,,,,,,,,,,1.0,,,,,,,,1.0,,,,,,,,,,,,,,,,,,,,,,,,,,,,,,,,,,,,,,,,,,,1.0,14881.265108395179,1435.1292655674392,0.09643865996028923,0.09643865996028923,1.0,False,60
2201400011405036,22,Querétaro,014,Querétaro,0001,Santiago de Querétaro,1405,036,Urbana,88,Típica,38,50,22,9.39,88.0,,0.0,0.0,0.0,,0.0,0.0,,,,,0.0,,4.0,,5.0,43.0,25.0,24.0,50.0,14.0,50.0,88.0,38.0,88.0,0.0,0.0,0.0,4.0,1.07,11.0,6.0,4.0,,4.0,3.0,,68.0,39.0,29.0,7.0,4.0,3.0,26.0,64.0,36.0,28.0,6.0,4.0,,57.0,32.0,25.0,5.0,3.0,,82.0,46.0,36.0,79.0,45.0,34.0,20.0,9.0,11.0,9.0,4.0,5.0,9.0,6.0,3.0,22.0,22.0,22.0,,22.0,0.0,21.0,,23.0,0.0,,6.0,20.0,16.0,22.0,22.0,0.0,12.0,6.0,21.0,,3.0,22.0,22.0,22.0,22.0,22.0,11.0,19.0,20.0,0.0,4.0,10.0,0.0,0.0,8.0,22.0,0.0,18.0,20.0,3.0,,0.0,0.0,0.0,3.0,15.0,0.0,15.0,22.0,22.0,88.0,9011.005040682227,151.95969683725366,0.016863790015785935,1.4840135213891623,88.0,False,60
2201400011481024,22,Querétaro,014,Querétaro,0001,Santiago de Querétaro,1481,024,Urbana,116,Típica,56,60,39,11.85,116.0,,0.0,0.0,0.0,,0.0,0.0,8.0,,0.0,7.0,,6.0,8.0,,17.0,70.0,27.0,24.0,85.0,7.0,60.0,116.0,56.0,116.0,6.0,3.0,3.0,2.97,0.83,15.0,5.0,3.0,,5.0,,3.0,97.0,50.0,47.0,4.0,3.0,,30.0,92.0,48.0,44.0,9.0,,8.0,88.0,45.0,43.0,5.0,,3.0,111.0,57.0,54.0,107.0,55.0,52.0,15.0,9.0,6.0,9.0,5.0,4.0,12.0,7.0,5.0,39.0,43.0,39.0,4.0,39.0,4.0,39.0,0.0,43.0,,16.0,10.0,23.0,27.0,39.0,39.0,0.0,22.0,3.0,38.0,3.0,6.0,39.0,39.0,39.0,39.0,39.0,25.0,30.0,35.0,0.0,4.0,14.0,0.0,0.0,14.0,39.0,0.0,28.0,37.0,7.0,0.0,0.0,0.0,0.0,10.0,27.0,0.0,25.0,39.0,39.0,116.0,5712.862742118901,649.8852965303236,0.11375825498816046,13.195957578626613,116.0,False,60
2201400012329016,22,Querétaro,014,Querétaro,0001,Santiago de Querétaro,2329,016,Urbana,16,Típica,6,10,8,11.87,16.0,,0.0,0.0,0.0,0.0,0.0,0.0,3.0,0.0,0.0,0.0,0.0,,,0.0,3.0,11.0,4.0,,12.0,3.0,10.0,16.0,6.0,16.0,,0.0,,2.0,0.53,5.0,,0.0,,0.0,0.0,0.0,15.0,10.0,5.0,0.0,0.0,0.0,4.0,15.0,10.0,5.0,,,0.0,15.0,10.0,5.0,0.0,0.0,0.0,15.0,10.0,5.0,15.0,10.0,5.0,6.0,4.0,,0.0,0.0,0.0,0.0,0.0,0.0,8.0,6.0,8.0,0.0,8.0,0.0,6.0,0.0,8.0,,3.0,,5.0,6.0,8.0,8.0,0.0,4.0,,8.0,,,8.0,8.0,8.0,8.0,8.0,6.0,6.0,6.0,0.0,0.0,4.0,0.0,0.0,3.0,8.0,0.0,8.0,8.0,,0.0,0.0,0.0,0.0,4.0,3.0,0.0,6.0,7.0,6.0,16.0,7272.828046363221,21.57831688627915,0.002966977460311246,0.04747163936497994,16.0,False,60
2201400010267007,22,Querétaro,014,Querétaro,0001,Santiago de Querétaro,0267,007,Urbana,153,Típica,72,81,40,9.52,153.0,,,0.0,,5.0,0.0,4.0,7.0,4.0,,4.0,3.0,6.0,16.0,11.0,28.0,100.0,31.0,26.0,108.0,19.0,81.0,153.0,72.0,153.0,13.0,6.0,7.0,3.83,0.94,33.0,5.0,,3.0,4.0,3.0,,131.0,69.0,62.0,10.0,3.0,7.0,40.0,127.0,66.0,61.0,20.0,9.0,11.0,117.0,63.0,54.0,,,,148.0,79.0,69.0,146.0,78.0,68.0,28.0,17.0,11.0,15.0,9.0,6.0,13.0,9.0,4.0,40.0,43.0,40.0,3.0,40.0,3.0,40.0,0.0,43.0,3.0,10.0,5.0,30.0,32.0,40.0,40.0,0.0,11.0,5.0,36.0,,,40.0,40.0,40.0,40.0,39.0,12.0,26.0,24.0,,,29.0,0.0,0.0,16.0,40.0,0.0,30.0,38.0,13.0,,,,,8.0,27.0,0.0,21.0,31.0,38.0,153.0,8949.470031062303,562.8762141637476,0.06289492139870702,9.622922974002174,153.0,False,60
2201400011937011,22,Querétaro,014,Querétaro,0001,Santiago de Querétaro,1937,011,Urbana,46,Típica,20,26,12,10.72,46.0,,,0.0,,3.0,,0.0,,,,0.0,,0.0,0.0,4.0,,30.0,9.0,9.0,33.0,4.0,26.0,46.0,20.0,46.0,0.0,0.0,0.0,3.83,1.12,0.0,,,0.0,,,0.0,39.0,23.0,16.0,,,,13.0,37.0,21.0,16.0,5.0,3.0,,35.0,20.0,15.0,4.0,,,45.0,25.0,20.0,42.0,24.0,18.0,6.0,4.0,,,0.0,,3.0,,,12.0,13.0,12.0,,12.0,,12.0,0.0,13.0,0.0,0.0,0.0,12.0,12.0,12.0,12.0,0.0,,0.0,9.0,,,12.0,12.0,12.0,12.0,12.0,6.0,9.0,8.0,0.0,0.0,10.0,0.0,0.0,3.0,12.0,0.0,6.0,10.0,3.0,3.0,,,,,8.0,0.0,7.0,10.0,10.0,46.0,1143.3311927961236,467.8209156414323,0.4091735785650459,18.82198461399211,46.0,False,60
2201400011087008,22,Querétaro,014,Querétaro,0001,Santiago de Querétaro,1087,008,Urbana,135,Típica,64,71,32,10.42,135.0,,,,,4.0,,,3.0,,,,,3.0,7.0,4.0,10.0,75.0,39.0,29.0,99.0,7.0,71.0,135.0,64.0,135.0,0.0,0.0,0.0,4.22,1.02,40.0,6.0,4.0,,9.0,4.0,5.0,115.0,60.0,55.0,10.0,5.0,5.0,39.0,106.0,56.0,50.0,20.0,12.0,8.0,96.0,51.0,45.0,8.0,3.0,5.0,129.0,67.0,62.0,122.0,64.0,58.0,17.0,10.0,7.0,6.0,4.0,,14.0,7.0,7.0,32.0,33.0,32.0,4.0,32.0,4.0,29.0,0.0,36.0,0.0,7.0,6.0,25.0,26.0,32.0,32.0,0.0,16.0,3.0,31.0,5.0,6.0,32.0,32.0,32.0,32.0,32.0,21.0,25.0,20.0,0.0,0.0,16.0,0.0,0.0,11.0,31.0,,24.0,31.0,5.0,,0.0,0.0,0.0,6.0,28.0,0.0,18.0,31.0,32.0,135.0,3761.1328203854173,1.143247096102158,0.00030396350001407423,0.04103507250190002,135.0,False,60
2201400011138012,22,Querétaro,014,Querétaro,0001,Santiago de Querétaro,1138,012,Urbana,251,Típica,119,132,70,11.35,251.0,,,,,6.0,3.0,5.0,13.0,3.0,4.0,6.0,5.0,10.0,10.0,8.0,29.0,158.0,52.0,43.0,177.0,31.0,132.0,251.0,119.0,251.0,10.0,5.0,5.0,3.59,0.93,49.0,12.0,8.0,4.0,,0.0,,210.0,107.0,103.0,7.0,4.0,3.0,68.0,208.0,107.0,101.0,27.0,13.0,14.0,201.0,103.0,98.0,10.0,7.0,3.0,239.0,124.0,115.0,236.0,121.0,115.0,40.0,20.0,20.0,19.0,10.0,9.0,16.0,7.0,9.0,70.0,82.0,70.0,,69.0,12.0,69.0,,83.0,7.0,24.0,14.0,45.0,48.0,69.0,69.0,0.0,29.0,16.0,66.0,,6.0,69.0,69.0,69.0,69.0,69.0,32.0,49.0,45.0,0.0,5.0,38.0,0.0,0.0,36.0,69.0,0.0,39.0,64.0,19.0,0.0,5.0,0.0,0.0,16.0,45.0,0.0,39.0,60.0,61.0,251.0,27943.879242251445,1325.200621031698,0.04742364542672301,11.903335002107475,251.0,False,60
2201400011316025,22,Querétaro,014,Querétaro,0001,Santiago de Querétaro,1316,025,Urbana,0,Típica,0,0,0,0.0,0.0,,0.0,0.0,0.0,0.0,0.0,0.0,0.0,0.0,0.0,0.0,0.0,0.0,0.0,0.0,0.0,0.0,0.0,0.0,0.0,0.0,0.0,0.0,0.0,0.0,0.0,0.0,0.0,0.0,0.0,0.0,0.0,0.0,0.0,0.0,0.0,0.0,0.0,0.0,0.0,0.0,0.0,0.0,0.0,0.0,0.0,0.0,0.0,0.0,0.0,0.0,0.0,0.0,0.0,0.0,0.0,0.0,0.0,0.0,0.0,0.0,0.0,0.0,0.0,0.0,0.0,0.0,0.0,0.0,0.0,0.0,0.0,0.0,0.0,0.0,0.0,0.0,0.0,0.0,0.0,0.0,0.0,0.0,0.0,0.0,0.0,0.0,0.0,0.0,0.0,0.0,0.0,0.0,0.0,0.0,0.0,0.0,0.0,0.0,0.0,0.0,0.0,0.0,0.0,0.0,0.0,0.0,0.0,0.0,0.0,0.0,0.0,0.0,0.0,0.0,0.0,0.0,0.0,0.0,0.0,0.0,0.0,0.0,7217.428825463196,517.3239741928983,0.07167704548298026,0.0,0.0,False,60
2201400011354015,22,Querétaro,014,Querétaro,0001,Santiago de Querétaro,1354,015,Urbana,140,Típica,72,68,36,9.75,140.0,,0.0,0.0,0.0,0.0,0.0,0.0,4.0,0.0,0.0,0.0,0.0,,15.0,0.0,20.0,72.0,34.0,44.0,90.0,6.0,68.0,140.0,72.0,140.0,0.0,0.0,0.0,3.89,1.06,39.0,8.0,3.0,5.0,10.0,4.0,6.0,106.0,53.0,53.0,4.0,3.0,,39.0,96.0,49.0,47.0,17.0,10.0,7.0,92.0,46.0,46.0,9.0,4.0,5.0,132.0,65.0,67.0,128.0,63.0,65.0,10.0,5.0,5.0,17.0,8.0,9.0,21.0,8.0,13.0,36.0,28.0,36.0,,36.0,,26.0,0.0,38.0,3.0,12.0,7.0,24.0,26.0,35.0,35.0,,25.0,4.0,36.0,3.0,4.0,36.0,35.0,36.0,36.0,36.0,23.0,32.0,27.0,0.0,,10.0,0.0,0.0,23.0,34.0,,30.0,36.0,3.0,0.0,0.0,0.0,0.0,8.0,31.0,0.0,24.0,35.0,36.0,140.0,6673.249085079143,456.7790787206695,0.06844927754038005,9.582898855653207,140.0,False,60
2201400011354016,22,Querétaro,014,Querétaro,0001,Santiago de Querétaro,1354,016,Urbana,26,Típica,14,12,6,7.5,26.0,,0.0,,,,0.0,4.0,0.0,0.0,0.0,0.0,,0.0,,7.0,,13.0,5.0,8.0,17.0,,12.0,26.0,14.0,26.0,0.0,0.0,0.0,4.33,1.18,4.0,0.0,0.0,0.0,0.0,0.0,0.0,18.0,7.0,11.0,0.0,0.0,0.0,6.0,18.0,7.0,11.0,3.0,,,18.0,7.0,11.0,3.0,,,26.0,12.0,14.0,24.0,11.0,13.0,,0.0,,5.0,3.0,,5.0,3.0,,6.0,7.0,6.0,,6.0,,6.0,0.0,7.0,0.0,,,5.0,5.0,5.0,5.0,,4.0,0.0,4.0,0.0,,6.0,5.0,6.0,6.0,6.0,4.0,3.0,3.0,0.0,0.0,,0.0,0.0,,5.0,,,5.0,3.0,,,,,,,0.0,,5.0,5.0,26.0,4397.1074662590945,34.75591324024362,0.007904267409186781,0.20551095263885633,26.0,False,60
2201400011458021,22,Querétaro,014,Querétaro,0001,Santiago de Querétaro,1458,021,Urbana,64,Típica,36,28,20,13.42,64.0,,0.0,0.0,0.0,0.0,0.0,0.0,,0.0,0.0,,0.0,3.0,,0.0,5.0,41.0,18.0,5.0,50.0,9.0,28.0,64.0,36.0,64.0,0.0,0.0,0.0,3.2,0.68,13.0,,0.0,,0.0,0.0,0.0,59.0,25.0,34.0,,,0.0,15.0,59.0,25.0,34.0,9.0,5.0,4.0,58.0,24.0,34.0,,,0.0,63.0,28.0,35.0,62.0,27.0,35.0,16.0,8.0,8.0,,,,,0.0,,20.0,18.0,20.0,,20.0,,17.0,0.0,21.0,0.0,,,19.0,19.0,20.0,20.0,0.0,17.0,0.0,20.0,9.0,,20.0,20.0,20.0,20.0,20.0,17.0,20.0,19.0,0.0,3.0,,0.0,0.0,16.0,20.0,0.0,19.0,20.0,0.0,0.0,0.0,0.0,0.0,9.0,14.0,0.0,17.0,19.0,18.0,64.0,4284.105986824628,344.20226590448914,0.08034401272121916,5.142016814158026,64.0,False,60
2201400011547021,22,Querétaro,014,Querétaro,0001,Santiago de Querétaro,1547,021,Urbana,129,Típica,54,75,35,7.97,129.0,,,,,5.0,3.0,4.0,9.0,,0.0,5.0,,3.0,15.0,10.0,23.0,62.0,42.0,35.0,88.0,6.0,75.0,129.0,54.0,129.0,0.0,0.0,0.0,3.69,1.22,43.0,4.0,,,10.0,9.0,,104.0,62.0,42.0,7.0,,5.0,33.0,94.0,53.0,41.0,14.0,6.0,8.0,87.0,51.0,36.0,6.0,3.0,3.0,125.0,73.0,52.0,120.0,70.0,50.0,9.0,5.0,4.0,15.0,8.0,7.0,21.0,15.0,6.0,35.0,34.0,35.0,,35.0,,33.0,0.0,36.0,6.0,15.0,7.0,20.0,22.0,34.0,34.0,,7.0,6.0,33.0,,,35.0,34.0,35.0,35.0,35.0,12.0,19.0,21.0,0.0,0.0,28.0,0.0,0.0,8.0,35.0,0.0,23.0,30.0,16.0,,3.0,0.0,0.0,3.0,16.0,0.0,15.0,19.0,31.0,129.0,3638.698670440742,143.99833087548473,0.03957412908226411,5.10506265161207,129.0,False,60
2201400011547032,22,Querétaro,014,Querétaro,0001,Santiago de Querétaro,1547,032,Urbana,94,Típica,50,44,22,8.21,94.0,,0.0,0.0,0.0,,,0.0,9.0,,,,,5.0,8.0,,15.0,45.0,24.0,33.0,51.0,10.0,44.0,94.0,50.0,94.0,5.0,3.0,,4.27,1.04,23.0,7.0,,5.0,8.0,4.0,4.0,69.0,33.0,36.0,,,,18.0,61.0,29.0,32.0,7.0,4.0,3.0,59.0,28.0,31.0,5.0,,4.0,87.0,42.0,45.0,83.0,42.0,41.0,14.0,8.0,6.0,13.0,8.0,5.0,16.0,9.0,7.0,22.0,22.0,22.0,,22.0,,21.0,0.0,23.0,3.0,10.0,4.0,12.0,15.0,22.0,22.0,0.0,11.0,0.0,21.0,0.0,3.0,22.0,22.0,22.0,22.0,22.0,7.0,18.0,18.0,0.0,,11.0,0.0,0.0,6.0,22.0,0.0,16.0,19.0,4.0,0.0,,0.0,0.0,4.0,17.0,0.0,16.0,18.0,21.0,94.0,2586.972084888563,192.8528074860999,0.07454769559077297,7.007483385532659,94.0,False,60
2201400011570048,22,Querétaro,014,Querétaro,0001,Santiago de Querétaro,1570,048,Urbana,0,Típica,0,0,0,0.0,0.0,,0.0,0.0,0.0,0.0,0.0,0.0,0.0,0.0,0.0,0.0,0.0,0.0,0.0,0.0,0.0,0.0,0.0,0.0,0.0,0.0,0.0,0.0,0.0,0.0,0.0,0.0,0.0,0.0,0.0,0.0,0.0,0.0,0.0,0.0,0.0,0.0,0.0,0.0,0.0,0.0,0.0,0.0,0.0,0.0,0.0,0.0,0.0,0.0,0.0,0.0,0.0,0.0,0.0,0.0,0.0,0.0,0.0,0.0,0.0,0.0,0.0,0.0,0.0,0.0,0.0,0.0,0.0,0.0,0.0,0.0,0.0,0.0,0.0,0.0,0.0,0.0,0.0,0.0,0.0,0.0,0.0,0.0,0.0,0.0,0.0,0.0,0.0,0.0,0.0,0.0,0.0,0.0,0.0,0.0,0.0,0.0,0.0,0.0,0.0,0.0,0.0,0.0,0.0,0.0,0.0,0.0,0.0,0.0,0.0,0.0,0.0,0.0,0.0,0.0,0.0,0.0,0.0,0.0,0.0,0.0,0.0,0.0,9266.800695404578,10.574946364550046,0.0011411647570875438,0.0,0.0,False,60
220140001344A001,22,Querétaro,014,Querétaro,0001,Santiago de Querétaro,344A,001,Urbana,331,Típica,158,173,105,15.33,331.0,,,,,,,3.0,5.0,0.0,0.0,4.0,,,,3.0,9.0,167.0,124.0,60.0,244.0,27.0,173.0,331.0,158.0,331.0,,,0.0,3.15,0.5,52.0,11.0,7.0,4.0,20.0,7.0,13.0,291.0,149.0,142.0,9.0,3.0,6.0,78.0,271.0,142.0,129.0,37.0,19.0,18.0,262.0,139.0,123.0,8.0,6.0,,320.0,166.0,154.0,317.0,164.0,153.0,54.0,25.0,29.0,21.0,11.0,10.0,34.0,14.0,20.0,105.0,109.0,105.0,7.0,105.0,7.0,102.0,0.0,112.0,0.0,16.0,,89.0,104.0,105.0,105.0,0.0,100.0,12.0,104.0,70.0,31.0,105.0,105.0,105.0,105.0,105.0,96.0,103.0,102.0,0.0,,5.0,0.0,0.0,96.0,105.0,0.0,92.0,104.0,,0.0,0.0,0.0,0.0,84.0,79.0,0.0,99.0,101.0,104.0,331.0,44685.263700449366,772.7551584414261,0.017293288535156503,5.724078505136802,331.0,False,60
220140001351A010,22,Querétaro,014,Querétaro,0001,Santiago de Querétaro,351A,010,Urbana,33,Típica,11,22,8,9.78,33.0,,0.0,0.0,0.0,,0.0,,,0.0,0.0,,,,,3.0,7.0,19.0,5.0,10.0,20.0,3.0,22.0,33.0,11.0,33.0,0.0,0.0,0.0,4.13,1.43,,3.0,,,,,0.0,24.0,17.0,7.0,,,0.0,11.0,23.0,16.0,7.0,6.0,4.0,,22.0,15.0,7.0,4.0,3.0,,30.0,21.0,9.0,27.0,18.0,9.0,3.0,,,,,,,,0.0,8.0,7.0,8.0,0.0,8.0,0.0,7.0,0.0,8.0,,3.0,,5.0,4.0,8.0,8.0,0.0,4.0,0.0,8.0,,0.0,8.0,8.0,8.0,8.0,8.0,4.0,5.0,6.0,0.0,0.0,4.0,0.0,0.0,4.0,8.0,0.0,6.0,7.0,3.0,0.0,,0.0,0.0,,5.0,0.0,4.0,6.0,7.0,33.0,4533.691732218636,250.17355559092397,0.055180980615216514,1.820972360302145,33.0,False,60
2201400013613002,22,Querétaro,014,Querétaro,0001,Santiago de Querétaro,3613,002,Urbana,0,Típica,0,0,0,0.0,0.0,,0.0,0.0,0.0,0.0,0.0,0.0,0.0,0.0,0.0,0.0,0.0,0.0,0.0,0.0,0.0,0.0,0.0,0.0,0.0,0.0,0.0,0.0,0.0,0.0,0.0,0.0,0.0,0.0,0.0,0.0,0.0,0.0,0.0,0.0,0.0,0.0,0.0,0.0,0.0,0.0,0.0,0.0,0.0,0.0,0.0,0.0,0.0,0.0,0.0,0.0,0.0,0.0,0.0,0.0,0.0,0.0,0.0,0.0,0.0,0.0,0.0,0.0,0.0,0.0,0.0,0.0,0.0,0.0,0.0,0.0,0.0,0.0,0.0,0.0,0.0,0.0,0.0,0.0,0.0,0.0,0.0,0.0,0.0,0.0,0.0,0.0,0.0,0.0,0.0,0.0,0.0,0.0,0.0,0.0,0.0,0.0,0.0,0.0,0.0,0.0,0.0,0.0,0.0,0.0,0.0,0.0,0.0,0.0,0.0,0.0,0.0,0.0,0.0,0.0,0.0,0.0,0.0,0.0,0.0,0.0,0.0,0.0,47048.44772238689,129.3360555331249,0.002748997295219655,0.0,0.0,False,60
2201400011975076,22,Querétaro,014,Querétaro,0001,Santiago de Querétaro,1975,076,Urbana,32,Típica,17,15,11,9.96,29.0,,0.0,0.0,0.0,0.0,0.0,0.0,,0.0,0.0,,0.0,,,0.0,,18.0,8.0,4.0,27.0,,15.0,29.0,17.0,32.0,0.0,0.0,0.0,2.9,0.94,0.0,,,0.0,0.0,0.0,0.0,28.0,13.0,15.0,,0.0,,10.0,28.0,13.0,15.0,5.0,4.0,,27.0,13.0,14.0,,,,31.0,14.0,17.0,30.0,14.0,16.0,5.0,,3.0,,0.0,,,0.0,,11.0,10.0,10.0,0.0,10.0,0.0,10.0,0.0,11.0,0.0,,,8.0,9.0,10.0,10.0,0.0,3.0,,9.0,0.0,0.0,10.0,10.0,10.0,10.0,10.0,5.0,8.0,6.0,0.0,0.0,7.0,0.0,0.0,4.0,10.0,0.0,9.0,10.0,,,0.0,0.0,0.0,4.0,5.0,0.0,4.0,10.0,9.0,32.0,726.8169045538448,1.0820402513995075,0.001488738421767606,0.04763962949656339,32.0,False,60
2201400012032023,22,Querétaro,014,Querétaro,0001,Santiago de Querétaro,2032,023,Urbana,49,Típica,28,21,16,13.07,49.0,,0.0,0.0,0.0,0.0,0.0,,,0.0,0.0,,,3.0,0.0,,3.0,34.0,11.0,8.0,39.0,,21.0,49.0,28.0,49.0,0.0,0.0,0.0,3.06,0.82,14.0,0.0,0.0,0.0,4.0,,3.0,45.0,20.0,25.0,,,0.0,12.0,41.0,19.0,22.0,,0.0,,40.0,18.0,22.0,3.0,,,49.0,21.0,28.0,46.0,20.0,26.0,6.0,4.0,,,0.0,,4.0,,3.0,16.0,21.0,16.0,,16.0,,16.0,3.0,21.0,0.0,4.0,,12.0,15.0,16.0,16.0,0.0,9.0,,15.0,,,16.0,16.0,16.0,16.0,16.0,9.0,15.0,12.0,0.0,,6.0,0.0,0.0,12.0,16.0,0.0,8.0,15.0,,0.0,0.0,0.0,0.0,6.0,14.0,0.0,9.0,16.0,16.0,49.0,1952.6984447519362,33.38675032934697,0.017097750253797277,0.8377897624360665,49.0,False,60
2201400012047035,22,Querétaro,014,Querétaro,0001,Santiago de Querétaro,2047,035,Urbana,79,Típica,37,42,23,12.19,79.0,,,0.0,0.0,,0.0,3.0,,0.0,0.0,0.0,,0.0,6.0,5.0,7.0,68.0,0.0,12.0,65.0,,42.0,79.0,37.0,79.0,0.0,0.0,0.0,3.43,0.99,15.0,4.0,3.0,,,,0.0,68.0,33.0,35.0,4.0,4.0,0.0,28.0,67.0,32.0,35.0,16.0,4.0,12.0,63.0,28.0,35.0,,,0.0,75.0,39.0,36.0,73.0,37.0,36.0,3.0,,,5.0,4.0,,5.0,4.0,,23.0,24.0,23.0,,23.0,,23.0,0.0,24.0,0.0,,0.0,21.0,23.0,23.0,23.0,0.0,9.0,,23.0,,5.0,23.0,23.0,23.0,23.0,23.0,16.0,21.0,20.0,0.0,3.0,14.0,0.0,0.0,13.0,23.0,0.0,13.0,23.0,,0.0,,0.0,0.0,6.0,20.0,0.0,13.0,23.0,22.0,79.0,1824.8994344171851,1.451951224418561,0.0007956335549428608,0.062855050840486,79.0,False,60
2201400012259018,22,Querétaro,014,Querétaro,0001,Santiago de Querétaro,2259,018,Urbana,96,Típica,50,46,25,10.47,96.0,,,,0.0,3.0,,,0.0,0.0,0.0,,,,,6.0,4.0,53.0,28.0,19.0,69.0,8.0,46.0,96.0,50.0,96.0,0.0,0.0,0.0,3.84,0.96,28.0,,0.0,,5.0,3.0,,82.0,38.0,44.0,3.0,,,18.0,77.0,35.0,42.0,15.0,4.0,11.0,74.0,34.0,40.0,5.0,3.0,,95.0,46.0,49.0,92.0,45.0,47.0,17.0,10.0,7.0,8.0,5.0,3.0,9.0,5.0,4.0,25.0,26.0,25.0,,25.0,,24.0,0.0,27.0,3.0,7.0,3.0,18.0,19.0,25.0,25.0,0.0,13.0,3.0,23.0,,5.0,25.0,25.0,25.0,25.0,25.0,17.0,23.0,22.0,0.0,,11.0,0.0,0.0,14.0,25.0,0.0,13.0,24.0,,0.0,,0.0,0.0,8.0,22.0,0.0,19.0,17.0,24.0,96.0,4013.120202544123,637.5560470031278,0.15886791693878202,15.251320026123075,96.0,False,60
2201400012761007,22,Querétaro,014,Querétaro,0001,Santiago de Querétaro,2761,007,Urbana,1478,Típica,738,740,427,12.07,1478.0,,11.0,7.0,7.0,21.0,4.0,34.0,28.0,4.0,,15.0,22.0,21.0,63.0,60.0,103.0,852.0,352.0,343.0,1091.0,44.0,740.0,1478.0,738.0,1478.0,0.0,0.0,0.0,3.46,1.0,243.0,74.0,36.0,38.0,73.0,30.0,43.0,1208.0,606.0,602.0,64.0,34.0,30.0,423.0,1135.0,576.0,559.0,216.0,92.0,124.0,1071.0,542.0,529.0,72.0,34.0,38.0,1404.0,704.0,700.0,1355.0,680.0,675.0,83.0,44.0,39.0,124.0,64.0,60.0,156.0,74.0,82.0,427.0,482.0,427.0,62.0,426.0,54.0,420.0,8.0,489.0,,72.0,7.0,354.0,418.0,426.0,426.0,0.0,231.0,28.0,419.0,14.0,92.0,426.0,426.0,426.0,426.0,426.0,260.0,364.0,338.0,0.0,24.0,190.0,0.0,0.0,267.0,426.0,0.0,280.0,422.0,44.0,5.0,9.0,0.0,0.0,136.0,313.0,0.0,260.0,426.0,410.0,1478.0,38201.2837406109,106.05184447405654,0.0027761330010309384,4.103124575523727,1478.0,False,60
2201400012850021,22,Querétaro,014,Querétaro,0001,Santiago de Querétaro,2850,021,Urbana,56,Típica,27,29,15,9.1,56.0,,,,4.0,5.0,,,4.0,0.0,,3.0,4.0,,6.0,8.0,8.0,30.0,22.0,6.0,44.0,6.0,29.0,56.0,27.0,56.0,0.0,0.0,0.0,3.73,0.81,9.0,,,,,0.0,,52.0,26.0,26.0,,0.0,,14.0,50.0,26.0,24.0,7.0,3.0,4.0,48.0,26.0,22.0,0.0,0.0,0.0,54.0,28.0,26.0,54.0,28.0,26.0,10.0,7.0,3.0,,,0.0,4.0,,,15.0,15.0,15.0,0.0,15.0,0.0,15.0,0.0,15.0,0.0,,,13.0,14.0,14.0,14.0,,7.0,0.0,15.0,,3.0,15.0,14.0,15.0,15.0,15.0,10.0,11.0,12.0,0.0,,7.0,0.0,0.0,9.0,14.0,,10.0,15.0,4.0,0.0,0.0,0.0,0.0,5.0,11.0,0.0,11.0,13.0,15.0,56.0,4584.669004915968,416.1452027060809,0.09076886515904727,5.083056448906647,56.0,False,60
2201400012850022,22,Querétaro,014,Querétaro,0001,Santiago de Querétaro,2850,022,Urbana,5,Típica,0,3,4,8.6,5.0,,0.0,0.0,0.0,0.0,0.0,0.0,,0.0,0.0,0.0,0.0,,0.0,0.0,,5.0,0.0,0.0,3.0,,3.0,5.0,,5.0,0.0,0.0,0.0,1.25,0.56,,0.0,0.0,0.0,0.0,0.0,0.0,5.0,3.0,,0.0,0.0,0.0,,5.0,3.0,,0.0,0.0,0.0,5.0,3.0,,0.0,0.0,0.0,5.0,3.0,,5.0,3.0,,,,,0.0,0.0,0.0,0.0,0.0,0.0,4.0,5.0,4.0,,4.0,,4.0,0.0,5.0,,4.0,,0.0,,3.0,4.0,0.0,,0.0,4.0,,0.0,4.0,4.0,4.0,4.0,4.0,,3.0,,0.0,0.0,3.0,0.0,0.0,,4.0,0.0,3.0,4.0,,0.0,0.0,0.0,0.0,,3.0,0.0,,3.0,3.0,5.0,763.2620988607016,38.1887687760129,0.05003362387968186,0.2501681193984093,5.0,False,60
2201400012827007,22,Querétaro,014,Querétaro,0001,Santiago de Querétaro,2827,007,Urbana,85,Típica,43,42,23,12.11,85.0,,0.0,0.0,,4.0,,,4.0,0.0,,0.0,,4.0,4.0,5.0,9.0,44.0,22.0,22.0,59.0,4.0,42.0,85.0,43.0,85.0,0.0,0.0,0.0,3.7,0.79,,6.0,4.0,,3.0,0.0,3.0,66.0,32.0,34.0,3.0,,,23.0,63.0,32.0,31.0,13.0,7.0,6.0,60.0,31.0,29.0,4.0,3.0,,79.0,38.0,41.0,76.0,36.0,40.0,7.0,4.0,3.0,9.0,3.0,6.0,8.0,,7.0,23.0,26.0,23.0,4.0,23.0,4.0,22.0,0.0,27.0,0.0,,0.0,22.0,23.0,23.0,23.0,0.0,17.0,3.0,23.0,7.0,6.0,23.0,23.0,23.0,23.0,23.0,11.0,23.0,21.0,0.0,,5.0,0.0,0.0,15.0,23.0,0.0,15.0,23.0,0.0,0.0,0.0,0.0,0.0,9.0,20.0,0.0,23.0,23.0,23.0,85.0,3580.0936325756697,54.10082626159792,0.015111567409670098,1.2844832298219584,85.0,False,60
2201400012386012,22,Querétaro,014,Querétaro,0001,Santiago de Querétaro,2386,012,Urbana,0,Típica,0,0,0,0.0,0.0,,0.0,0.0,0.0,0.0,0.0,0.0,0.0,0.0,0.0,0.0,0.0,0.0,0.0,0.0,0.0,0.0,0.0,0.0,0.0,0.0,0.0,0.0,0.0,0.0,0.0,0.0,0.0,0.0,0.0,0.0,0.0,0.0,0.0,0.0,0.0,0.0,0.0,0.0,0.0,0.0,0.0,0.0,0.0,0.0,0.0,0.0,0.0,0.0,0.0,0.0,0.0,0.0,0.0,0.0,0.0,0.0,0.0,0.0,0.0,0.0,0.0,0.0,0.0,0.0,0.0,0.0,0.0,0.0,0.0,0.0,0.0,0.0,0.0,0.0,0.0,0.0,0.0,0.0,0.0,0.0,0.0,0.0,0.0,0.0,0.0,0.0,0.0,0.0,0.0,0.0,0.0,0.0,0.0,0.0,0.0,0.0,0.0,0.0,0.0,0.0,0.0,0.0,0.0,0.0,0.0,0.0,0.0,0.0,0.0,0.0,0.0,0.0,0.0,0.0,0.0,0.0,0.0,0.0,0.0,0.0,0.0,0.0,1349.637388322713,381.19079998311935,0.2824394191219401,0.0,0.0,False,60
2201400010182044,22,Querétaro,014,Querétaro,0001,Santiago de Querétaro,0182,044,Urbana,145,Típica,74,71,36,10.55,145.0,,0.0,3.0,,,,,,0.0,0.0,,,0.0,,5.0,5.0,81.0,44.0,26.0,108.0,11.0,71.0,145.0,74.0,145.0,0.0,0.0,0.0,4.03,0.88,18.0,4.0,3.0,,7.0,,5.0,126.0,63.0,63.0,5.0,3.0,,42.0,119.0,61.0,58.0,21.0,10.0,11.0,114.0,58.0,56.0,6.0,,4.0,141.0,68.0,73.0,136.0,67.0,69.0,20.0,10.0,10.0,9.0,3.0,6.0,14.0,5.0,9.0,36.0,39.0,36.0,6.0,36.0,6.0,33.0,0.0,42.0,,4.0,3.0,32.0,32.0,36.0,36.0,0.0,19.0,12.0,35.0,,9.0,36.0,36.0,36.0,36.0,36.0,16.0,36.0,33.0,0.0,,16.0,0.0,0.0,30.0,34.0,,30.0,35.0,0.0,0.0,0.0,0.0,0.0,19.0,31.0,0.0,32.0,36.0,36.0,145.0,8187.08887879379,572.0308727147602,0.06986987452847072,10.131131806628256,145.0,False,60
2201400010182050,22,Querétaro,014,Querétaro,0001,Santiago de Querétaro,0182,050,Urbana,10,Típica,5,5,3,14.38,10.0,,0.0,0.0,0.0,0.0,0.0,0.0,0.0,0.0,0.0,0.0,0.0,0.0,0.0,0.0,0.0,6.0,3.0,,8.0,0.0,5.0,10.0,5.0,10.0,0.0,0.0,0.0,3.33,0.77,4.0,0.0,0.0,0.0,,,0.0,9.0,5.0,4.0,,,,4.0,8.0,4.0,4.0,,,0.0,6.0,3.0,3.0,0.0,0.0,0.0,10.0,5.0,5.0,10.0,5.0,5.0,0.0,0.0,0.0,,0.0,,,,,3.0,,3.0,0.0,3.0,0.0,,0.0,3.0,0.0,0.0,0.0,3.0,3.0,3.0,3.0,0.0,,,3.0,,,3.0,3.0,3.0,3.0,3.0,,3.0,,0.0,0.0,,0.0,0.0,,3.0,0.0,3.0,3.0,0.0,0.0,0.0,0.0,0.0,,,0.0,,3.0,3.0,10.0,744.4009577638681,349.21994723903146,0.4691288257984855,4.691288257984855,10.0,True,60
2201400010248004,22,Querétaro,014,Querétaro,0001,Santiago de Querétaro,0248,004,Urbana,184,Típica,85,99,39,9.45,184.0,,,,3.0,5.0,,4.0,10.0,3.0,0.0,6.0,3.0,3.0,7.0,10.0,20.0,98.0,45.0,48.0,112.0,24.0,99.0,184.0,85.0,184.0,,,0.0,4.72,1.08,37.0,,,,7.0,6.0,,143.0,81.0,62.0,7.0,,5.0,50.0,136.0,75.0,61.0,17.0,11.0,6.0,129.0,73.0,56.0,11.0,,10.0,182.0,98.0,84.0,176.0,98.0,78.0,28.0,16.0,12.0,28.0,16.0,12.0,26.0,16.0,10.0,39.0,42.0,39.0,6.0,39.0,6.0,36.0,0.0,45.0,5.0,10.0,,29.0,32.0,39.0,39.0,0.0,15.0,7.0,34.0,6.0,,39.0,39.0,39.0,39.0,39.0,21.0,25.0,30.0,0.0,,22.0,0.0,0.0,16.0,39.0,0.0,26.0,31.0,14.0,4.0,,,,5.0,26.0,0.0,12.0,25.0,36.0,184.0,9316.146041020827,653.299333119043,0.07012549290687772,12.9030906948655,184.0,False,60
2201400010360001,22,Querétaro,014,Querétaro,0001,Santiago de Querétaro,0360,001,Urbana,115,Típica,54,61,37,13.52,115.0,,,,,7.0,,6.0,6.0,4.0,,,,7.0,10.0,11.0,16.0,66.0,33.0,20.0,81.0,14.0,61.0,115.0,54.0,115.0,7.0,5.0,,3.11,0.64,24.0,,0.0,,5.0,4.0,,100.0,53.0,47.0,4.0,3.0,,32.0,95.0,49.0,46.0,14.0,6.0,8.0,91.0,46.0,45.0,3.0,,,114.0,61.0,53.0,113.0,61.0,52.0,20.0,12.0,8.0,11.0,7.0,4.0,13.0,8.0,5.0,37.0,39.0,37.0,,37.0,,33.0,4.0,43.0,,9.0,3.0,28.0,33.0,37.0,37.0,0.0,18.0,6.0,35.0,13.0,7.0,37.0,37.0,37.0,37.0,37.0,21.0,32.0,31.0,0.0,,17.0,0.0,0.0,25.0,37.0,0.0,29.0,35.0,5.0,0.0,3.0,0.0,0.0,14.0,20.0,0.0,21.0,33.0,33.0,115.0,9455.529609987208,590.4782431448141,0.06244792914837193,7.181511852062772,115.0,False,60
2201400010271051,22,Querétaro,014,Querétaro,0001,Santiago de Querétaro,0271,051,Urbana,0,Típica,0,0,0,0.0,0.0,,0.0,0.0,0.0,0.0,0.0,0.0,0.0,0.0,0.0,0.0,0.0,0.0,0.0,0.0,0.0,0.0,0.0,0.0,0.0,0.0,0.0,0.0,0.0,0.0,0.0,0.0,0.0,0.0,0.0,0.0,0.0,0.0,0.0,0.0,0.0,0.0,0.0,0.0,0.0,0.0,0.0,0.0,0.0,0.0,0.0,0.0,0.0,0.0,0.0,0.0,0.0,0.0,0.0,0.0,0.0,0.0,0.0,0.0,0.0,0.0,0.0,0.0,0.0,0.0,0.0,0.0,0.0,0.0,0.0,0.0,0.0,0.0,0.0,0.0,0.0,0.0,0.0,0.0,0.0,0.0,0.0,0.0,0.0,0.0,0.0,0.0,0.0,0.0,0.0,0.0,0.0,0.0,0.0,0.0,0.0,0.0,0.0,0.0,0.0,0.0,0.0,0.0,0.0,0.0,0.0,0.0,0.0,0.0,0.0,0.0,0.0,0.0,0.0,0.0,0.0,0.0,0.0,0.0,0.0,0.0,0.0,0.0,1993.059638070059,755.3555168199241,0.3789929324700781,0.0,0.0,True,60
220140001038A026,22,Querétaro,014,Querétaro,0001,Santiago de Querétaro,038A,026,Urbana,124,Típica,50,74,41,12.88,109.0,,5.0,3.0,5.0,10.0,4.0,3.0,14.0,4.0,,3.0,4.0,4.0,10.0,15.0,29.0,81.0,31.0,15.0,85.0,24.0,74.0,109.0,50.0,124.0,0.0,0.0,0.0,2.79,0.64,45.0,,,0.0,3.0,,,112.0,67.0,45.0,,,,33.0,109.0,66.0,43.0,11.0,7.0,4.0,107.0,65.0,42.0,5.0,,4.0,123.0,73.0,50.0,119.0,72.0,47.0,28.0,19.0,9.0,6.0,5.0,,7.0,4.0,3.0,41.0,49.0,39.0,14.0,39.0,8.0,35.0,6.0,55.0,0.0,13.0,7.0,26.0,32.0,39.0,39.0,0.0,19.0,13.0,37.0,15.0,7.0,39.0,39.0,39.0,39.0,39.0,27.0,34.0,30.0,0.0,,20.0,0.0,0.0,27.0,39.0,0.0,31.0,39.0,4.0,0.0,,0.0,0.0,14.0,23.0,0.0,26.0,34.0,35.0,124.0,28160.072648639154,32.34497030424427,0.0011486110390346365,0.14242776884029493,124.0,False,60
2201400010411001,22,Querétaro,014,Querétaro,0001,Santiago de Querétaro,0411,001,Urbana,0,Típica,0,0,0,0.0,0.0,,0.0,0.0,0.0,0.0,0.0,0.0,0.0,0.0,0.0,0.0,0.0,0.0,0.0,0.0,0.0,0.0,0.0,0.0,0.0,0.0,0.0,0.0,0.0,0.0,0.0,0.0,0.0,0.0,0.0,0.0,0.0,0.0,0.0,0.0,0.0,0.0,0.0,0.0,0.0,0.0,0.0,0.0,0.0,0.0,0.0,0.0,0.0,0.0,0.0,0.0,0.0,0.0,0.0,0.0,0.0,0.0,0.0,0.0,0.0,0.0,0.0,0.0,0.0,0.0,0.0,0.0,0.0,0.0,0.0,0.0,0.0,0.0,0.0,0.0,0.0,0.0,0.0,0.0,0.0,0.0,0.0,0.0,0.0,0.0,0.0,0.0,0.0,0.0,0.0,0.0,0.0,0.0,0.0,0.0,0.0,0.0,0.0,0.0,0.0,0.0,0.0,0.0,0.0,0.0,0.0,0.0,0.0,0.0,0.0,0.0,0.0,0.0,0.0,0.0,0.0,0.0,0.0,0.0,0.0,0.0,0.0,0.0,7624.90622856811,203.990536908036,0.02675318630722933,0.0,0.0,False,60
2201400010498010,22,Querétaro,014,Querétaro,0001,Santiago de Querétaro,0498,010,Urbana,28,Típica,14,14,10,13.52,28.0,,,0.0,0.0,0.0,0.0,,0.0,0.0,0.0,0.0,0.0,0.0,,,,20.0,6.0,5.0,19.0,4.0,14.0,28.0,14.0,28.0,,,0.0,2.8,0.62,,0.0,0.0,0.0,3.0,,,26.0,13.0,13.0,,0.0,,8.0,23.0,11.0,12.0,,,,22.0,11.0,11.0,,0.0,,28.0,14.0,14.0,27.0,14.0,13.0,4.0,,3.0,,,0.0,4.0,3.0,,10.0,12.0,10.0,3.0,10.0,3.0,9.0,0.0,13.0,0.0,3.0,0.0,7.0,10.0,10.0,10.0,0.0,8.0,,10.0,,,10.0,10.0,10.0,10.0,10.0,7.0,10.0,10.0,0.0,0.0,,0.0,0.0,9.0,10.0,0.0,8.0,10.0,0.0,0.0,0.0,0.0,0.0,7.0,7.0,0.0,5.0,10.0,10.0,28.0,7590.754332110991,106.58956853240718,0.014042025847352722,0.3931767237258762,28.0,False,60
2201400010638017,22,Querétaro,014,Querétaro,0001,Santiago de Querétaro,0638,017,Urbana,102,Típica,48,54,22,9.62,102.0,,,,,,,,4.0,0.0,,3.0,,,4.0,6.0,7.0,52.0,30.0,24.0,63.0,15.0,54.0,102.0,48.0,102.0,,,0.0,4.64,0.94,30.0,4.0,3.0,,4.0,3.0,,82.0,45.0,37.0,8.0,5.0,3.0,29.0,78.0,42.0,36.0,10.0,7.0,3.0,70.0,37.0,33.0,3.0,,,98.0,51.0,47.0,97.0,50.0,47.0,19.0,10.0,9.0,13.0,4.0,9.0,14.0,6.0,8.0,22.0,22.0,22.0,,22.0,,21.0,0.0,23.0,,3.0,,19.0,20.0,22.0,22.0,0.0,13.0,,18.0,5.0,3.0,22.0,22.0,22.0,22.0,22.0,12.0,17.0,19.0,0.0,3.0,8.0,0.0,0.0,9.0,22.0,0.0,14.0,21.0,5.0,,0.0,0.0,0.0,3.0,16.0,0.0,16.0,20.0,21.0,102.0,4103.493495823219,672.707281146754,0.16393526194972058,16.7213967188715,102.0,False,60
2201400010642012,22,Querétaro,014,Querétaro,0001,Santiago de Querétaro,0642,012,Urbana,148,Típica,72,76,30,8.97,148.0,,,,4.0,3.0,,4.0,12.0,0.0,0.0,4.0,5.0,6.0,9.0,12.0,20.0,86.0,36.0,37.0,96.0,15.0,76.0,148.0,72.0,148.0,4.0,3.0,,4.93,1.04,23.0,5.0,,3.0,11.0,4.0,7.0,122.0,67.0,55.0,6.0,4.0,,44.0,111.0,63.0,48.0,18.0,10.0,8.0,105.0,59.0,46.0,7.0,3.0,4.0,143.0,74.0,69.0,139.0,73.0,66.0,23.0,14.0,9.0,14.0,4.0,10.0,20.0,7.0,13.0,30.0,30.0,30.0,,30.0,,29.0,0.0,31.0,0.0,,,28.0,29.0,30.0,30.0,0.0,10.0,6.0,26.0,,,30.0,30.0,30.0,30.0,30.0,11.0,19.0,25.0,0.0,,19.0,0.0,0.0,8.0,30.0,0.0,23.0,28.0,10.0,,0.0,0.0,0.0,4.0,21.0,0.0,20.0,26.0,29.0,148.0,7739.634711443516,146.2571321324639,0.01889716215110436,2.796779998363445,148.0,False,60
2201400010642013,22,Querétaro,014,Querétaro,0001,Santiago de Querétaro,0642,013,Urbana,98,Típica,52,46,31,9.18,98.0,,5.0,,3.0,8.0,,5.0,5.0,,,5.0,,3.0,9.0,13.0,16.0,46.0,34.0,18.0,62.0,18.0,46.0,98.0,52.0,98.0,,,0.0,3.16,0.71,38.0,4.0,,3.0,,0.0,,81.0,40.0,41.0,,0.0,,20.0,80.0,40.0,40.0,9.0,3.0,6.0,78.0,40.0,38.0,3.0,,,94.0,45.0,49.0,93.0,44.0,49.0,27.0,17.0,10.0,10.0,3.0,7.0,11.0,3.0,8.0,31.0,31.0,31.0,,31.0,,29.0,,33.0,,9.0,5.0,22.0,24.0,31.0,31.0,0.0,19.0,3.0,25.0,6.0,3.0,31.0,31.0,31.0,31.0,31.0,19.0,24.0,21.0,0.0,3.0,10.0,0.0,0.0,15.0,31.0,0.0,18.0,30.0,7.0,3.0,,0.0,0.0,7.0,19.0,0.0,19.0,30.0,27.0,98.0,7030.404608497146,450.90483299634263,0.06413639870049105,6.285367072648123,98.0,False,60
2201400011829024,22,Querétaro,014,Querétaro,0001,Santiago de Querétaro,1829,024,Urbana,52,Edificio-Manzana,23,29,13,13.43,40.0,,0.0,0.0,0.0,0.0,0.0,0.0,,0.0,0.0,0.0,,0.0,0.0,0.0,,31.0,15.0,6.0,35.0,11.0,29.0,40.0,23.0,52.0,,0.0,,3.33,0.6,8.0,0.0,0.0,0.0,0.0,0.0,0.0,46.0,24.0,22.0,,0.0,,14.0,46.0,24.0,22.0,7.0,6.0,,45.0,24.0,21.0,,,,52.0,29.0,23.0,52.0,29.0,23.0,12.0,9.0,3.0,4.0,4.0,0.0,4.0,4.0,0.0,13.0,13.0,12.0,,12.0,,12.0,0.0,14.0,0.0,,0.0,10.0,12.0,12.0,12.0,0.0,6.0,4.0,12.0,0.0,,12.0,12.0,12.0,12.0,12.0,5.0,10.0,8.0,0.0,,6.0,0.0,0.0,7.0,12.0,0.0,10.0,12.0,,0.0,,0.0,0.0,3.0,8.0,0.0,12.0,12.0,11.0,52.0,2166.9626196974937,427.31635815464807,0.19719599880052435,10.254191937627267,52.0,False,60
2201400011833025,22,Querétaro,014,Querétaro,0001,Santiago de Querétaro,1833,025,Urbana,278,Típica,131,147,74,11.85,278.0,,,,,3.0,,5.0,11.0,,0.0,7.0,4.0,0.0,18.0,9.0,30.0,164.0,83.0,38.0,205.0,35.0,147.0,278.0,131.0,278.0,,0.0,,3.76,0.77,60.0,8.0,5.0,3.0,7.0,,5.0,247.0,129.0,118.0,8.0,,6.0,70.0,240.0,127.0,113.0,31.0,16.0,15.0,232.0,125.0,107.0,9.0,5.0,4.0,270.0,142.0,128.0,266.0,141.0,125.0,62.0,36.0,26.0,14.0,8.0,6.0,17.0,7.0,10.0,74.0,80.0,74.0,,74.0,5.0,73.0,,81.0,,8.0,5.0,66.0,68.0,73.0,73.0,,51.0,22.0,72.0,6.0,12.0,74.0,73.0,74.0,74.0,74.0,60.0,65.0,65.0,0.0,12.0,22.0,0.0,0.0,47.0,74.0,0.0,63.0,69.0,8.0,,,0.0,0.0,15.0,63.0,0.0,59.0,68.0,72.0,278.0,22212.283572040767,45.361436306526045,0.0020421779759566805,0.5677254773159572,278.0,False,60
2201400011087033,22,Querétaro,014,Querétaro,0001,Santiago de Querétaro,1087,033,Urbana,154,Típica,72,82,47,13.25,154.0,,0.0,0.0,0.0,0.0,0.0,,3.0,0.0,,4.0,,3.0,8.0,,12.0,89.0,47.0,21.0,114.0,19.0,82.0,154.0,72.0,154.0,,,0.0,3.28,0.68,15.0,4.0,4.0,0.0,3.0,,,136.0,72.0,64.0,5.0,,3.0,44.0,133.0,71.0,62.0,14.0,7.0,7.0,128.0,69.0,59.0,7.0,,6.0,150.0,78.0,72.0,146.0,77.0,69.0,37.0,20.0,17.0,7.0,5.0,,8.0,4.0,4.0,47.0,51.0,47.0,4.0,47.0,4.0,47.0,0.0,51.0,,6.0,,41.0,45.0,47.0,47.0,0.0,36.0,5.0,44.0,8.0,6.0,47.0,47.0,47.0,47.0,47.0,39.0,41.0,39.0,0.0,4.0,11.0,0.0,0.0,29.0,47.0,0.0,42.0,46.0,5.0,0.0,0.0,0.0,0.0,15.0,35.0,0.0,35.0,46.0,43.0,154.0,11687.310198750072,480.9646958178092,0.04115272784230944,6.337520087715653,154.0,False,60
2201400011087034,22,Querétaro,014,Querétaro,0001,Santiago de Querétaro,1087,034,Urbana,146,Típica,69,77,36,10.06,146.0,,,0.0,0.0,,,3.0,4.0,0.0,0.0,,,3.0,7.0,4.0,11.0,80.0,43.0,29.0,108.0,9.0,77.0,146.0,69.0,146.0,,,0.0,4.06,0.91,30.0,7.0,3.0,4.0,6.0,6.0,0.0,123.0,65.0,58.0,4.0,3.0,,42.0,117.0,59.0,58.0,25.0,11.0,14.0,113.0,56.0,57.0,7.0,4.0,3.0,139.0,74.0,65.0,135.0,71.0,64.0,15.0,8.0,7.0,9.0,5.0,4.0,12.0,9.0,3.0,36.0,38.0,36.0,3.0,36.0,3.0,35.0,0.0,39.0,3.0,5.0,0.0,31.0,33.0,36.0,36.0,0.0,21.0,,35.0,,4.0,36.0,36.0,36.0,36.0,36.0,24.0,27.0,28.0,0.0,,14.0,0.0,0.0,17.0,36.0,0.0,27.0,34.0,8.0,,,0.0,0.0,5.0,23.0,0.0,19.0,34.0,34.0,146.0,6473.04853320886,570.655157677719,0.08815864036088576,12.871161492689321,146.0,False,60
2201400011246020,22,Querétaro,014,Querétaro,0001,Santiago de Querétaro,1246,020,Urbana,132,Típica,64,68,34,9.27,132.0,,0.0,0.0,0.0,,0.0,5.0,8.0,0.0,0.0,,,,12.0,7.0,17.0,78.0,26.0,33.0,90.0,9.0,68.0,132.0,64.0,132.0,0.0,0.0,0.0,3.88,1.06,19.0,10.0,6.0,4.0,6.0,,5.0,105.0,54.0,51.0,3.0,3.0,0.0,34.0,99.0,53.0,46.0,9.0,5.0,4.0,96.0,50.0,46.0,5.0,,3.0,122.0,62.0,60.0,118.0,61.0,57.0,20.0,11.0,9.0,12.0,6.0,6.0,16.0,5.0,11.0,34.0,35.0,34.0,,34.0,,34.0,0.0,35.0,0.0,7.0,3.0,27.0,31.0,34.0,34.0,0.0,12.0,,29.0,,,34.0,34.0,34.0,34.0,34.0,20.0,29.0,28.0,0.0,,19.0,0.0,0.0,9.0,34.0,0.0,28.0,33.0,3.0,0.0,0.0,0.0,0.0,9.0,24.0,0.0,30.0,34.0,34.0,132.0,3730.7860494054707,94.73999748719741,0.025394111651697356,3.352022738024051,132.0,False,60
2201400011373028,22,Querétaro,014,Querétaro,0001,Santiago de Querétaro,1373,028,Urbana,106,Típica,53,53,23,8.77,106.0,,,0.0,,0.0,,0.0,4.0,,,,,,3.0,3.0,5.0,58.0,22.0,32.0,69.0,5.0,53.0,106.0,53.0,106.0,0.0,0.0,0.0,4.61,1.15,22.0,9.0,4.0,5.0,7.0,4.0,3.0,81.0,39.0,42.0,6.0,3.0,3.0,27.0,74.0,35.0,39.0,15.0,6.0,9.0,68.0,32.0,36.0,3.0,,,97.0,49.0,48.0,95.0,48.0,47.0,7.0,3.0,4.0,13.0,8.0,5.0,14.0,9.0,5.0,23.0,26.0,23.0,3.0,23.0,3.0,23.0,0.0,26.0,,6.0,,17.0,20.0,23.0,23.0,0.0,6.0,,21.0,,,23.0,23.0,23.0,23.0,23.0,8.0,15.0,13.0,0.0,4.0,16.0,0.0,0.0,8.0,23.0,0.0,20.0,20.0,6.0,,,0.0,0.0,,14.0,0.0,12.0,19.0,19.0,106.0,6643.708228017291,515.7273252139024,0.0776264260129637,8.228401157374153,106.0,False,60
2201400011373029,22,Querétaro,014,Querétaro,0001,Santiago de Querétaro,1373,029,Urbana,158,Típica,90,68,31,7.25,158.0,,,,,,,,4.0,,0.0,,,,3.0,,6.0,85.0,30.0,52.0,94.0,12.0,68.0,158.0,90.0,158.0,,,,5.1,1.16,8.0,11.0,5.0,6.0,9.0,4.0,5.0,115.0,53.0,62.0,4.0,,3.0,34.0,106.0,49.0,57.0,18.0,9.0,9.0,102.0,48.0,54.0,11.0,4.0,7.0,147.0,63.0,84.0,139.0,59.0,80.0,17.0,9.0,8.0,21.0,6.0,15.0,27.0,8.0,19.0,31.0,32.0,31.0,,31.0,,30.0,,33.0,,3.0,3.0,28.0,27.0,30.0,30.0,,13.0,0.0,27.0,0.0,0.0,31.0,30.0,31.0,31.0,31.0,11.0,22.0,22.0,0.0,0.0,18.0,0.0,0.0,9.0,30.0,,29.0,29.0,7.0,3.0,0.0,0.0,0.0,,20.0,0.0,19.0,29.0,29.0,158.0,7300.366103064074,176.15490149564008,0.024129598298050448,3.8124765310919706,158.0,False,60
2201400011373032,22,Querétaro,014,Querétaro,0001,Santiago de Querétaro,1373,032,Urbana,142,Típica,74,68,33,8.88,142.0,,,,,,,3.0,4.0,3.0,,4.0,,4.0,4.0,4.0,10.0,84.0,33.0,34.0,102.0,6.0,68.0,142.0,74.0,142.0,0.0,0.0,0.0,4.3,1.13,23.0,5.0,,4.0,9.0,5.0,4.0,117.0,58.0,59.0,7.0,4.0,3.0,40.0,108.0,53.0,55.0,18.0,10.0,8.0,101.0,49.0,52.0,5.0,0.0,5.0,137.0,67.0,70.0,132.0,67.0,65.0,10.0,6.0,4.0,15.0,9.0,6.0,19.0,10.0,9.0,33.0,35.0,33.0,,33.0,,33.0,0.0,35.0,,6.0,6.0,27.0,26.0,33.0,33.0,0.0,16.0,0.0,32.0,0.0,0.0,33.0,33.0,33.0,33.0,33.0,21.0,27.0,31.0,0.0,,17.0,0.0,0.0,10.0,31.0,,12.0,30.0,6.0,,,0.0,0.0,3.0,24.0,0.0,25.0,26.0,31.0,142.0,7605.031377812213,94.60266905188682,0.012439484382390776,1.7664067822994902,142.0,False,60
2201400011392002,22,Querétaro,014,Querétaro,0001,Santiago de Querétaro,1392,002,Urbana,92,Típica,47,45,16,9.32,92.0,,0.0,0.0,0.0,0.0,0.0,0.0,0.0,0.0,0.0,0.0,,,0.0,0.0,,43.0,19.0,32.0,57.0,3.0,45.0,92.0,47.0,92.0,0.0,0.0,0.0,5.75,1.42,8.0,4.0,,3.0,,,0.0,62.0,31.0,31.0,5.0,,3.0,20.0,60.0,29.0,31.0,9.0,6.0,3.0,55.0,27.0,28.0,8.0,3.0,5.0,88.0,44.0,44.0,82.0,43.0,39.0,6.0,4.0,,18.0,10.0,8.0,12.0,6.0,6.0,16.0,18.0,16.0,,16.0,,16.0,0.0,18.0,0.0,,3.0,14.0,13.0,16.0,16.0,0.0,8.0,0.0,15.0,4.0,,16.0,16.0,16.0,16.0,16.0,8.0,13.0,12.0,0.0,,8.0,0.0,0.0,6.0,14.0,,16.0,15.0,3.0,0.0,0.0,0.0,0.0,,11.0,0.0,11.0,11.0,14.0,92.0,3090.41280332711,129.64986123203258,0.04195227935001199,3.8596097002011027,92.0,False,60
2201400011392003,22,Querétaro,014,Querétaro,0001,Santiago de Querétaro,1392,003,Urbana,61,Típica,28,33,14,9.13,61.0,,,0.0,0.0,3.0,,0.0,,0.0,0.0,,0.0,0.0,0.0,4.0,,43.0,8.0,15.0,43.0,3.0,33.0,61.0,28.0,61.0,,0.0,,4.36,1.09,6.0,3.0,,,5.0,,3.0,51.0,26.0,25.0,5.0,3.0,,18.0,46.0,24.0,22.0,6.0,3.0,3.0,41.0,21.0,20.0,,,,58.0,31.0,27.0,56.0,30.0,26.0,5.0,,4.0,5.0,4.0,,10.0,6.0,4.0,14.0,17.0,14.0,,13.0,,14.0,,17.0,0.0,4.0,,9.0,12.0,13.0,13.0,0.0,6.0,0.0,12.0,0.0,,13.0,13.0,13.0,13.0,13.0,5.0,10.0,8.0,0.0,,7.0,0.0,0.0,4.0,12.0,,13.0,11.0,3.0,,0.0,0.0,0.0,0.0,11.0,0.0,8.0,11.0,12.0,61.0,3440.563974920206,5.155947219572859,0.0014985761802881275,0.09141314699757577,61.0,False,60
2201400011509041,22,Querétaro,014,Querétaro,0001,Santiago de Querétaro,1509,041,Urbana,1044,Edificio-Manzana,509,535,287,10.28,1044.0,,4.0,6.0,4.0,5.0,4.0,6.0,16.0,4.0,3.0,10.0,17.0,10.0,55.0,16.0,68.0,592.0,276.0,223.0,786.0,35.0,535.0,1044.0,509.0,1044.0,0.0,0.0,0.0,3.64,0.94,113.0,40.0,21.0,19.0,48.0,19.0,29.0,869.0,449.0,420.0,76.0,38.0,38.0,328.0,821.0,430.0,391.0,157.0,73.0,84.0,745.0,392.0,353.0,39.0,22.0,17.0,1004.0,514.0,490.0,978.0,499.0,479.0,60.0,34.0,26.0,96.0,43.0,53.0,123.0,55.0,68.0,287.0,317.0,287.0,36.0,287.0,31.0,281.0,5.0,323.0,,35.0,16.0,252.0,270.0,287.0,287.0,0.0,152.0,50.0,274.0,12.0,55.0,287.0,287.0,287.0,287.0,287.0,181.0,242.0,241.0,0.0,16.0,127.0,0.0,0.0,159.0,285.0,,238.0,281.0,36.0,5.0,0.0,0.0,0.0,90.0,214.0,0.0,155.0,285.0,282.0,1044.0,27751.0615015736,861.307760997191,0.031036930279166125,32.40255521144943,1044.0,False,60
2201400011547002,22,Querétaro,014,Querétaro,0001,Santiago de Querétaro,1547,002,Urbana,123,Típica,60,63,21,8.98,123.0,,0.0,0.0,0.0,3.0,,,3.0,0.0,,,0.0,3.0,4.0,3.0,8.0,61.0,30.0,39.0,79.0,5.0,63.0,123.0,60.0,123.0,6.0,4.0,,5.86,1.32,18.0,6.0,3.0,3.0,10.0,5.0,5.0,94.0,52.0,42.0,6.0,,4.0,33.0,84.0,47.0,37.0,12.0,7.0,5.0,78.0,45.0,33.0,5.0,,3.0,117.0,60.0,57.0,115.0,59.0,56.0,11.0,6.0,5.0,18.0,6.0,12.0,22.0,9.0,13.0,21.0,22.0,21.0,,21.0,,21.0,0.0,22.0,0.0,5.0,4.0,16.0,17.0,21.0,21.0,0.0,4.0,,20.0,0.0,,21.0,21.0,21.0,21.0,21.0,8.0,14.0,15.0,0.0,,17.0,0.0,0.0,6.0,21.0,0.0,16.0,20.0,7.0,,,0.0,0.0,4.0,14.0,0.0,12.0,11.0,19.0,123.0,3041.226168658403,397.21259622665906,0.13060935760719308,16.06495098568475,123.0,False,60
2201400011706032,22,Querétaro,014,Querétaro,0001,Santiago de Querétaro,1706,032,Urbana,149,Típica,71,78,47,11.52,149.0,,,5.0,3.0,3.0,3.0,3.0,12.0,,,11.0,,14.0,20.0,9.0,34.0,87.0,37.0,27.0,108.0,14.0,78.0,149.0,71.0,149.0,4.0,0.0,4.0,3.17,0.78,23.0,4.0,3.0,,,0.0,,124.0,65.0,59.0,4.0,,3.0,37.0,122.0,65.0,57.0,13.0,8.0,5.0,118.0,64.0,54.0,6.0,3.0,3.0,145.0,75.0,70.0,143.0,74.0,69.0,20.0,11.0,9.0,15.0,7.0,8.0,13.0,5.0,8.0,47.0,50.0,47.0,,47.0,,47.0,,50.0,0.0,9.0,4.0,38.0,43.0,47.0,47.0,0.0,20.0,7.0,45.0,3.0,13.0,47.0,47.0,47.0,47.0,47.0,33.0,43.0,42.0,0.0,4.0,27.0,0.0,0.0,29.0,47.0,0.0,40.0,47.0,3.0,0.0,0.0,0.0,0.0,19.0,36.0,0.0,37.0,47.0,46.0,149.0,5424.022574707586,540.7080286197424,0.09968764347351422,14.853458877553619,149.0,False,60
2201400012865003,22,Querétaro,014,Querétaro,0001,Santiago de Querétaro,2865,003,Urbana,119,Típica,54,65,35,10.11,119.0,,,0.0,4.0,5.0,0.0,8.0,5.0,0.0,0.0,,3.0,4.0,18.0,16.0,25.0,68.0,31.0,28.0,86.0,5.0,65.0,119.0,54.0,119.0,,,0.0,3.4,0.98,28.0,6.0,5.0,,8.0,5.0,3.0,99.0,54.0,45.0,3.0,,,32.0,91.0,49.0,42.0,14.0,7.0,7.0,88.0,48.0,40.0,6.0,,4.0,113.0,60.0,53.0,108.0,58.0,50.0,13.0,6.0,7.0,8.0,4.0,4.0,12.0,6.0,6.0,35.0,37.0,35.0,,35.0,,34.0,,38.0,6.0,16.0,5.0,19.0,24.0,35.0,35.0,0.0,15.0,,34.0,3.0,5.0,35.0,35.0,35.0,35.0,35.0,17.0,31.0,29.0,0.0,,19.0,0.0,0.0,11.0,35.0,0.0,24.0,30.0,4.0,0.0,,0.0,0.0,10.0,26.0,0.0,20.0,32.0,31.0,119.0,10385.207918942739,342.7175921243111,0.03300055182325144,3.9270656669669215,119.0,False,60
2201400011922021,22,Querétaro,014,Querétaro,0001,Santiago de Querétaro,1922,021,Urbana,260,Típica,130,130,80,10.63,260.0,,5.0,4.0,5.0,5.0,5.0,5.0,6.0,0.0,0.0,8.0,3.0,,18.0,6.0,25.0,190.0,40.0,37.0,215.0,8.0,130.0,260.0,130.0,260.0,,0.0,,3.25,0.73,39.0,5.0,4.0,,7.0,5.0,,230.0,111.0,119.0,9.0,6.0,3.0,70.0,223.0,106.0,117.0,37.0,16.0,21.0,214.0,100.0,114.0,8.0,5.0,3.0,255.0,126.0,129.0,249.0,123.0,126.0,17.0,9.0,8.0,17.0,10.0,7.0,18.0,11.0,7.0,80.0,87.0,80.0,7.0,80.0,3.0,80.0,4.0,87.0,,8.0,3.0,72.0,76.0,80.0,80.0,0.0,39.0,8.0,76.0,0.0,11.0,80.0,80.0,80.0,80.0,80.0,53.0,62.0,68.0,0.0,7.0,40.0,0.0,0.0,45.0,80.0,0.0,61.0,79.0,12.0,,3.0,0.0,0.0,24.0,55.0,0.0,48.0,75.0,75.0,260.0,5741.182976686295,45.150404021725684,0.007864303263817185,2.044718848592468,260.0,False,60
2201400012032036,22,Querétaro,014,Querétaro,0001,Santiago de Querétaro,2032,036,Urbana,151,Típica,67,84,49,12.42,151.0,,,0.0,,,0.0,3.0,6.0,3.0,,,5.0,6.0,27.0,5.0,33.0,100.0,30.0,24.0,127.0,0.0,84.0,151.0,67.0,151.0,,,0.0,3.08,0.85,34.0,4.0,,,3.0,,,130.0,72.0,58.0,10.0,3.0,7.0,58.0,127.0,70.0,57.0,30.0,18.0,12.0,117.0,67.0,50.0,6.0,5.0,,147.0,82.0,65.0,145.0,81.0,64.0,0.0,0.0,0.0,11.0,5.0,6.0,12.0,7.0,5.0,49.0,52.0,49.0,,49.0,,49.0,,52.0,0.0,6.0,3.0,43.0,46.0,49.0,49.0,0.0,34.0,6.0,49.0,4.0,15.0,49.0,49.0,49.0,49.0,49.0,36.0,46.0,44.0,0.0,3.0,13.0,0.0,0.0,30.0,49.0,0.0,37.0,49.0,,0.0,,0.0,0.0,16.0,40.0,0.0,33.0,49.0,48.0,151.0,4555.446987832396,88.81235680898942,0.019495860021246505,2.9438748632082223,151.0,False,60
2201400012047025,22,Querétaro,014,Querétaro,0001,Santiago de Querétaro,2047,025,Urbana,33,Típica,15,18,10,12.76,33.0,,0.0,0.0,0.0,0.0,0.0,0.0,,0.0,0.0,,0.0,,5.0,0.0,6.0,18.0,8.0,8.0,25.0,0.0,18.0,33.0,15.0,33.0,0.0,0.0,0.0,3.3,1.0,7.0,3.0,0.0,3.0,,,0.0,26.0,16.0,10.0,3.0,,,9.0,25.0,15.0,10.0,,,0.0,22.0,14.0,8.0,0.0,0.0,0.0,30.0,18.0,12.0,30.0,18.0,12.0,,,0.0,4.0,,,4.0,,,10.0,10.0,10.0,0.0,10.0,0.0,10.0,0.0,10.0,0.0,,0.0,9.0,10.0,10.0,10.0,0.0,4.0,0.0,8.0,0.0,,10.0,10.0,10.0,10.0,10.0,7.0,9.0,8.0,0.0,,5.0,0.0,0.0,5.0,10.0,0.0,3.0,10.0,,,0.0,0.0,0.0,3.0,6.0,0.0,6.0,10.0,10.0,33.0,870.5162354726023,388.8959045634673,0.4467417018963881,14.742476162580807,33.0,True,60
2201400012047026,22,Querétaro,014,Querétaro,0001,Santiago de Querétaro,2047,026,Urbana,45,Típica,23,22,13,13.0,45.0,,0.0,0.0,0.0,,0.0,,0.0,0.0,0.0,0.0,0.0,0.0,8.0,3.0,8.0,35.0,7.0,5.0,38.0,,22.0,45.0,23.0,45.0,0.0,0.0,0.0,3.46,0.88,9.0,0.0,0.0,0.0,,,,42.0,21.0,21.0,,,,16.0,40.0,20.0,20.0,5.0,,3.0,38.0,19.0,19.0,,0.0,,45.0,22.0,23.0,45.0,22.0,23.0,5.0,,3.0,,,,4.0,,,13.0,13.0,13.0,0.0,13.0,0.0,13.0,0.0,13.0,0.0,,0.0,12.0,13.0,13.0,13.0,0.0,7.0,,13.0,0.0,3.0,13.0,13.0,13.0,13.0,13.0,11.0,13.0,12.0,0.0,0.0,6.0,0.0,0.0,9.0,13.0,0.0,8.0,13.0,0.0,0.0,0.0,0.0,0.0,4.0,12.0,0.0,11.0,13.0,13.0,45.0,1477.7886119649067,112.91227534094416,0.07640624269719674,3.4382809213738534,45.0,False,60
2201400012329017,22,Querétaro,014,Querétaro,0001,Santiago de Querétaro,2329,017,Urbana,58,Típica,26,32,16,10.52,58.0,,0.0,,0.0,0.0,0.0,0.0,5.0,0.0,0.0,,,,,,5.0,31.0,13.0,12.0,38.0,8.0,32.0,58.0,26.0,58.0,0.0,0.0,0.0,3.63,0.73,25.0,,,0.0,0.0,0.0,0.0,46.0,29.0,17.0,,,,16.0,46.0,29.0,17.0,9.0,5.0,4.0,44.0,28.0,16.0,8.0,,7.0,57.0,31.0,26.0,52.0,30.0,22.0,14.0,9.0,5.0,3.0,,,,0.0,,16.0,15.0,16.0,,16.0,,14.0,0.0,17.0,,4.0,0.0,12.0,14.0,16.0,16.0,0.0,9.0,5.0,16.0,0.0,,16.0,16.0,16.0,16.0,16.0,8.0,13.0,13.0,0.0,3.0,6.0,0.0,0.0,10.0,15.0,,11.0,16.0,3.0,0.0,0.0,0.0,0.0,5.0,7.0,0.0,7.0,16.0,13.0,58.0,7474.85204475554,629.6052996530793,0.08422980092225626,4.885328453490863,58.0,False,60
2201400012418014,22,Querétaro,014,Querétaro,0001,Santiago de Querétaro,2418,014,Urbana,38,Típica,20,18,17,14.63,38.0,,0.0,0.0,0.0,0.0,0.0,0.0,,,,,,,5.0,0.0,5.0,25.0,10.0,3.0,32.0,3.0,18.0,38.0,20.0,38.0,0.0,0.0,0.0,2.24,0.72,7.0,,,,0.0,0.0,0.0,35.0,17.0,18.0,0.0,0.0,0.0,9.0,35.0,17.0,18.0,4.0,,,35.0,17.0,18.0,,0.0,,36.0,17.0,19.0,35.0,17.0,18.0,11.0,5.0,6.0,0.0,0.0,0.0,0.0,0.0,0.0,17.0,21.0,17.0,6.0,17.0,6.0,15.0,0.0,23.0,0.0,11.0,0.0,6.0,17.0,17.0,17.0,0.0,13.0,,17.0,0.0,4.0,17.0,17.0,17.0,17.0,17.0,15.0,12.0,16.0,0.0,,4.0,0.0,0.0,11.0,17.0,0.0,3.0,17.0,,0.0,0.0,0.0,0.0,8.0,13.0,0.0,12.0,17.0,17.0,38.0,9197.048529390173,1.4199166027359023,0.00015438829078681098,0.005866755049898817,38.0,False,60
2201400012418015,22,Querétaro,014,Querétaro,0001,Santiago de Querétaro,2418,015,Urbana,144,Típica,60,84,47,12.78,144.0,,,0.0,,3.0,,3.0,10.0,,5.0,8.0,4.0,6.0,7.0,5.0,19.0,93.0,40.0,15.0,107.0,22.0,84.0,144.0,60.0,144.0,0.0,0.0,0.0,3.06,0.55,44.0,4.0,3.0,,4.0,,,133.0,77.0,56.0,4.0,3.0,,40.0,129.0,75.0,54.0,20.0,9.0,11.0,125.0,72.0,53.0,4.0,,,140.0,81.0,59.0,136.0,79.0,57.0,31.0,20.0,11.0,3.0,,,5.0,3.0,,47.0,54.0,47.0,,47.0,6.0,47.0,,54.0,0.0,7.0,0.0,40.0,47.0,47.0,47.0,0.0,39.0,6.0,47.0,34.0,9.0,47.0,47.0,47.0,47.0,47.0,36.0,46.0,45.0,0.0,,8.0,0.0,0.0,36.0,47.0,0.0,30.0,47.0,,0.0,,0.0,0.0,29.0,37.0,0.0,39.0,47.0,45.0,144.0,21796.71167848382,161.78187422323168,0.007422306474922607,1.0688121323888555,144.0,False,60
2201400012441023,22,Querétaro,014,Querétaro,0001,Santiago de Querétaro,2441,023,Urbana,73,Típica,35,38,11,8.63,73.0,,0.0,0.0,0.0,0.0,0.0,,,,0.0,,,,15.0,,19.0,34.0,22.0,14.0,49.0,5.0,38.0,73.0,35.0,73.0,0.0,0.0,0.0,6.64,1.21,24.0,3.0,,,,,,56.0,32.0,24.0,6.0,,5.0,23.0,54.0,31.0,23.0,13.0,8.0,5.0,48.0,30.0,18.0,3.0,0.0,3.0,65.0,33.0,32.0,63.0,33.0,30.0,6.0,4.0,,6.0,,5.0,7.0,,5.0,11.0,12.0,11.0,,11.0,,10.0,0.0,13.0,0.0,0.0,0.0,10.0,10.0,10.0,10.0,0.0,7.0,,9.0,,0.0,10.0,10.0,10.0,10.0,10.0,4.0,9.0,9.0,0.0,0.0,3.0,0.0,0.0,7.0,10.0,0.0,6.0,10.0,,0.0,0.0,0.0,0.0,,9.0,0.0,6.0,10.0,10.0,73.0,4003.691662898344,134.2585701344118,0.03353369376032809,2.4479596445039506,73.0,False,60
220140001351A001,22,Querétaro,014,Querétaro,0001,Santiago de Querétaro,351A,001,Urbana,0,Típica,0,0,0,0.0,0.0,,0.0,0.0,0.0,0.0,0.0,0.0,0.0,0.0,0.0,0.0,0.0,0.0,0.0,0.0,0.0,0.0,0.0,0.0,0.0,0.0,0.0,0.0,0.0,0.0,0.0,0.0,0.0,0.0,0.0,0.0,0.0,0.0,0.0,0.0,0.0,0.0,0.0,0.0,0.0,0.0,0.0,0.0,0.0,0.0,0.0,0.0,0.0,0.0,0.0,0.0,0.0,0.0,0.0,0.0,0.0,0.0,0.0,0.0,0.0,0.0,0.0,0.0,0.0,0.0,0.0,0.0,0.0,0.0,0.0,0.0,0.0,0.0,0.0,0.0,0.0,0.0,0.0,0.0,0.0,0.0,0.0,0.0,0.0,0.0,0.0,0.0,0.0,0.0,0.0,0.0,0.0,0.0,0.0,0.0,0.0,0.0,0.0,0.0,0.0,0.0,0.0,0.0,0.0,0.0,0.0,0.0,0.0,0.0,0.0,0.0,0.0,0.0,0.0,0.0,0.0,0.0,0.0,0.0,0.0,0.0,0.0,0.0,253724.26136617057,1060.5627306157003,0.004179981547310976,0.0,0.0,False,60
2201400013524010,22,Querétaro,014,Querétaro,0001,Santiago de Querétaro,3524,010,Urbana,54,Típica,28,26,12,8.62,54.0,,,0.0,,3.0,,,4.0,0.0,0.0,,,,15.0,3.0,15.0,30.0,14.0,12.0,38.0,4.0,26.0,54.0,28.0,54.0,0.0,0.0,0.0,4.5,1.38,13.0,0.0,0.0,0.0,,0.0,,44.0,22.0,22.0,5.0,,3.0,14.0,42.0,22.0,20.0,7.0,5.0,,37.0,20.0,17.0,,,,54.0,26.0,28.0,53.0,25.0,28.0,4.0,,3.0,8.0,3.0,5.0,8.0,,6.0,12.0,12.0,12.0,,12.0,,11.0,0.0,13.0,,,0.0,11.0,11.0,12.0,12.0,0.0,6.0,3.0,11.0,,,12.0,12.0,12.0,12.0,12.0,7.0,10.0,10.0,0.0,0.0,6.0,0.0,0.0,5.0,12.0,0.0,10.0,10.0,,,,0.0,0.0,,9.0,0.0,5.0,7.0,10.0,54.0,3469.305786199827,16.53407485012408,0.004765816526145714,0.2573540924118685,54.0,False,60
2201400012761008,22,Querétaro,014,Querétaro,0001,Santiago de Querétaro,2761,008,Urbana,2155,Típica,1036,1119,679,11.58,2155.0,,12.0,6.0,6.0,21.0,7.0,29.0,41.0,8.0,,40.0,17.0,36.0,101.0,56.0,160.0,1249.0,533.0,469.0,1618.0,68.0,1119.0,2155.0,1036.0,2155.0,16.0,10.0,6.0,3.17,0.96,364.0,88.0,46.0,42.0,105.0,50.0,55.0,1791.0,932.0,859.0,112.0,53.0,59.0,678.0,1686.0,882.0,804.0,311.0,157.0,154.0,1574.0,829.0,745.0,83.0,44.0,39.0,2067.0,1073.0,994.0,2014.0,1043.0,971.0,126.0,68.0,58.0,193.0,97.0,96.0,236.0,110.0,126.0,679.0,656.0,679.0,54.0,679.0,49.0,602.0,5.0,733.0,3.0,100.0,46.0,556.0,607.0,654.0,656.0,0.0,344.0,86.0,642.0,27.0,127.0,656.0,656.0,656.0,656.0,654.0,458.0,557.0,551.0,,63.0,293.0,0.0,0.0,428.0,650.0,6.0,473.0,640.0,70.0,8.0,11.0,3.0,0.0,236.0,515.0,0.0,422.0,655.0,634.0,2155.0,133653.79089270593,620.8849541535199,0.004645472081311569,10.010992335226431,2155.0,False,60
2201400010958054,22,Querétaro,014,Querétaro,0001,Santiago de Querétaro,0958,054,Urbana,22,Típica,10,12,6,12.41,22.0,,0.0,0.0,0.0,0.0,,0.0,,0.0,0.0,,,0.0,0.0,,,10.0,9.0,5.0,15.0,,12.0,22.0,10.0,22.0,0.0,0.0,0.0,3.67,0.63,7.0,0.0,0.0,0.0,,,,19.0,11.0,8.0,0.0,0.0,0.0,7.0,17.0,10.0,7.0,,,0.0,17.0,10.0,7.0,0.0,0.0,0.0,22.0,12.0,10.0,22.0,12.0,10.0,4.0,,,3.0,,,,,,6.0,8.0,6.0,,6.0,0.0,6.0,,8.0,0.0,0.0,,6.0,5.0,6.0,6.0,0.0,5.0,,6.0,3.0,3.0,6.0,6.0,6.0,6.0,6.0,4.0,6.0,6.0,0.0,,,0.0,0.0,5.0,6.0,0.0,6.0,6.0,0.0,0.0,0.0,0.0,0.0,4.0,4.0,0.0,3.0,6.0,6.0,22.0,6573.017996176133,45.01718541282836,0.006848784749869421,0.15067326449712726,22.0,False,60
2201400011142014,22,Querétaro,014,Querétaro,0001,Santiago de Querétaro,1142,014,Urbana,605,Típica,292,313,121,8.87,605.0,,,4.0,,15.0,5.0,12.0,18.0,,,9.0,9.0,10.0,39.0,27.0,50.0,307.0,160.0,169.0,410.0,26.0,313.0,605.0,292.0,605.0,11.0,8.0,3.0,5.0,1.13,148.0,43.0,20.0,23.0,32.0,14.0,18.0,468.0,244.0,224.0,21.0,9.0,12.0,175.0,436.0,230.0,206.0,67.0,38.0,29.0,415.0,221.0,194.0,29.0,17.0,12.0,562.0,293.0,269.0,545.0,286.0,259.0,42.0,23.0,19.0,65.0,32.0,33.0,77.0,38.0,39.0,121.0,139.0,121.0,18.0,121.0,9.0,121.0,9.0,139.0,8.0,29.0,12.0,92.0,101.0,120.0,120.0,,54.0,42.0,114.0,16.0,13.0,121.0,120.0,121.0,121.0,121.0,50.0,92.0,93.0,0.0,11.0,63.0,0.0,0.0,40.0,116.0,5.0,94.0,114.0,28.0,5.0,,0.0,0.0,15.0,96.0,0.0,68.0,92.0,118.0,605.0,222670.1275145895,745.1354345021689,0.0033463646103734646,2.024550589275946,605.0,False,60
2201400011142020,22,Querétaro,014,Querétaro,0001,Santiago de Querétaro,1142,020,Urbana,56,Típica,32,24,14,7.55,56.0,,,3.0,5.0,5.0,,3.0,,,0.0,,4.0,4.0,9.0,8.0,15.0,34.0,15.0,9.0,42.0,5.0,24.0,56.0,32.0,56.0,3.0,,,4.0,1.17,14.0,,,,,0.0,,49.0,20.0,29.0,4.0,,3.0,10.0,47.0,20.0,27.0,9.0,3.0,6.0,43.0,19.0,24.0,0.0,0.0,0.0,54.0,23.0,31.0,54.0,23.0,31.0,6.0,,4.0,5.0,3.0,,6.0,,4.0,14.0,17.0,14.0,,13.0,3.0,13.0,,18.0,,,,11.0,11.0,12.0,13.0,0.0,6.0,5.0,12.0,,4.0,13.0,13.0,13.0,13.0,13.0,5.0,10.0,10.0,0.0,0.0,7.0,0.0,0.0,6.0,13.0,0.0,11.0,11.0,3.0,0.0,0.0,0.0,0.0,6.0,11.0,0.0,8.0,8.0,13.0,56.0,10174.352435498331,635.5785987445968,0.06246870282643857,3.49824735828056,56.0,False,60
220140001173A014,22,Querétaro,014,Querétaro,0001,Santiago de Querétaro,173A,014,Urbana,88,Típica,42,46,24,11.25,88.0,,0.0,,,,,,6.0,3.0,0.0,3.0,,7.0,10.0,3.0,21.0,48.0,16.0,24.0,56.0,8.0,46.0,88.0,42.0,88.0,0.0,0.0,0.0,3.67,0.75,5.0,11.0,7.0,4.0,0.0,0.0,0.0,64.0,29.0,35.0,,0.0,,21.0,64.0,29.0,35.0,7.0,3.0,4.0,62.0,29.0,33.0,4.0,4.0,0.0,77.0,39.0,38.0,74.0,36.0,38.0,10.0,4.0,6.0,9.0,6.0,3.0,7.0,5.0,,24.0,23.0,24.0,0.0,24.0,0.0,23.0,0.0,24.0,0.0,0.0,0.0,24.0,24.0,24.0,24.0,0.0,18.0,6.0,22.0,12.0,6.0,24.0,24.0,24.0,24.0,24.0,19.0,21.0,19.0,0.0,3.0,5.0,0.0,0.0,13.0,24.0,0.0,20.0,24.0,,0.0,0.0,0.0,0.0,6.0,19.0,0.0,18.0,23.0,24.0,88.0,1720.913702169476,435.785912388678,0.2532293814845584,22.284185570641142,88.0,False,60
2201400014931022,22,Querétaro,014,Querétaro,0001,Santiago de Querétaro,4931,022,Urbana,16,Típica,7,9,4,8.1,16.0,,0.0,0.0,0.0,0.0,0.0,,,0.0,0.0,0.0,,,,,3.0,5.0,6.0,6.0,9.0,,9.0,16.0,7.0,16.0,0.0,0.0,0.0,4.0,1.14,,0.0,0.0,0.0,,0.0,,11.0,6.0,5.0,,,0.0,5.0,10.0,6.0,4.0,,,,9.0,5.0,4.0,,0.0,,16.0,9.0,7.0,16.0,9.0,7.0,,,0.0,4.0,3.0,,4.0,3.0,,4.0,10.0,4.0,,4.0,5.0,4.0,,10.0,0.0,,,3.0,3.0,4.0,4.0,0.0,,,3.0,0.0,,4.0,4.0,4.0,4.0,4.0,,3.0,,0.0,0.0,3.0,0.0,0.0,,4.0,0.0,3.0,3.0,,,,,0.0,0.0,,0.0,,,3.0,16.0,2728.8364487736785,182.42093235949974,0.06684934615318501,1.0695895384509602,16.0,False,60
2201400011250028,22,Querétaro,014,Querétaro,0001,Santiago de Querétaro,1250,028,Urbana,35,Típica,16,19,9,10.85,35.0,,0.0,,,,,,,0.0,0.0,3.0,,,12.0,3.0,12.0,17.0,9.0,9.0,22.0,4.0,19.0,35.0,16.0,35.0,0.0,0.0,0.0,3.89,0.73,4.0,0.0,0.0,0.0,0.0,0.0,0.0,26.0,13.0,13.0,0.0,0.0,0.0,7.0,26.0,13.0,13.0,,,0.0,26.0,13.0,13.0,4.0,,,35.0,19.0,16.0,33.0,18.0,15.0,10.0,4.0,6.0,5.0,4.0,,,,0.0,9.0,10.0,9.0,,9.0,,9.0,0.0,10.0,0.0,,0.0,7.0,9.0,9.0,9.0,0.0,8.0,3.0,9.0,0.0,0.0,9.0,9.0,9.0,9.0,9.0,6.0,6.0,9.0,0.0,,,0.0,0.0,3.0,9.0,0.0,7.0,9.0,3.0,0.0,0.0,0.0,0.0,3.0,6.0,0.0,4.0,8.0,8.0,35.0,1323.895702543344,3.038466198495132,0.0022950948421827464,0.08032831947639613,35.0,False,60
2201400012066016,22,Querétaro,014,Querétaro,0001,Santiago de Querétaro,2066,016,Urbana,6,Típica,0,0,2,,,,,,,,,,,,,,,,,,,,,,,,,,,6.0,,,,,,,,,,,,,,,,,,,,,,,,,,,,,,,,,,,,,,,,,,,,,,,2.0,,,,,,,,2.0,,,,,,,,,,,,,,,,,,,,,,,,,,,,,,,,,,,,,,,,,,,6.0,9471.4810528272,17.908365199749348,0.0018907671461163692,0.011344602876698216,6.0,False,60
2201400013435007,22,Querétaro,014,Querétaro,0001,Santiago de Querétaro,3435,007,Urbana,82,Típica,37,45,21,11.52,82.0,,0.0,0.0,0.0,0.0,0.0,,,0.0,0.0,3.0,,4.0,3.0,,8.0,49.0,18.0,19.0,62.0,,45.0,82.0,37.0,82.0,4.0,,,3.9,0.87,15.0,,,,4.0,,,67.0,36.0,31.0,5.0,4.0,,28.0,63.0,34.0,29.0,15.0,7.0,8.0,58.0,30.0,28.0,6.0,5.0,,80.0,44.0,36.0,75.0,40.0,35.0,3.0,,,7.0,3.0,4.0,9.0,5.0,4.0,21.0,24.0,21.0,3.0,21.0,0.0,21.0,3.0,24.0,0.0,4.0,,17.0,20.0,21.0,21.0,0.0,14.0,5.0,21.0,,6.0,21.0,21.0,21.0,21.0,21.0,13.0,20.0,16.0,0.0,,6.0,0.0,0.0,14.0,21.0,0.0,14.0,20.0,,0.0,,0.0,0.0,11.0,13.0,0.0,14.0,19.0,20.0,82.0,3032.9328905229468,2.9200014022476886,0.0009627649234745229,0.07894672372491088,82.0,False,60
2201400014109001,22,Querétaro,014,Querétaro,0001,Santiago de Querétaro,4109,001,Urbana,0,Típica,0,0,0,0.0,0.0,,0.0,0.0,0.0,0.0,0.0,0.0,0.0,0.0,0.0,0.0,0.0,0.0,0.0,0.0,0.0,0.0,0.0,0.0,0.0,0.0,0.0,0.0,0.0,0.0,0.0,0.0,0.0,0.0,0.0,0.0,0.0,0.0,0.0,0.0,0.0,0.0,0.0,0.0,0.0,0.0,0.0,0.0,0.0,0.0,0.0,0.0,0.0,0.0,0.0,0.0,0.0,0.0,0.0,0.0,0.0,0.0,0.0,0.0,0.0,0.0,0.0,0.0,0.0,0.0,0.0,0.0,0.0,0.0,0.0,0.0,0.0,0.0,0.0,0.0,0.0,0.0,0.0,0.0,0.0,0.0,0.0,0.0,0.0,0.0,0.0,0.0,0.0,0.0,0.0,0.0,0.0,0.0,0.0,0.0,0.0,0.0,0.0,0.0,0.0,0.0,0.0,0.0,0.0,0.0,0.0,0.0,0.0,0.0,0.0,0.0,0.0,0.0,0.0,0.0,0.0,0.0,0.0,0.0,0.0,0.0,0.0,0.0,72011.42012450618,896.2361186700334,0.012445749814688567,0.0,0.0,False,60
2201400014109002,22,Querétaro,014,Querétaro,0001,Santiago de Querétaro,4109,002,Urbana,0,Típica,0,0,0,0.0,0.0,,0.0,0.0,0.0,0.0,0.0,0.0,0.0,0.0,0.0,0.0,0.0,0.0,0.0,0.0,0.0,0.0,0.0,0.0,0.0,0.0,0.0,0.0,0.0,0.0,0.0,0.0,0.0,0.0,0.0,0.0,0.0,0.0,0.0,0.0,0.0,0.0,0.0,0.0,0.0,0.0,0.0,0.0,0.0,0.0,0.0,0.0,0.0,0.0,0.0,0.0,0.0,0.0,0.0,0.0,0.0,0.0,0.0,0.0,0.0,0.0,0.0,0.0,0.0,0.0,0.0,0.0,0.0,0.0,0.0,0.0,0.0,0.0,0.0,0.0,0.0,0.0,0.0,0.0,0.0,0.0,0.0,0.0,0.0,0.0,0.0,0.0,0.0,0.0,0.0,0.0,0.0,0.0,0.0,0.0,0.0,0.0,0.0,0.0,0.0,0.0,0.0,0.0,0.0,0.0,0.0,0.0,0.0,0.0,0.0,0.0,0.0,0.0,0.0,0.0,0.0,0.0,0.0,0.0,0.0,0.0,0.0,0.0,41822.829253128395,537.7560176502018,0.01285795407086136,0.0,0.0,False,60
2201401013276013,22,Querétaro,014,Querétaro,0101,San José el Alto,3276,013,Urbana,86,Típica,49,37,26,9.95,86.0,,0.0,0.0,0.0,,0.0,0.0,,,0.0,0.0,0.0,,0.0,,4.0,43.0,24.0,26.0,58.0,,37.0,86.0,49.0,86.0,0.0,0.0,0.0,3.31,1.12,,4.0,,,7.0,3.0,4.0,67.0,28.0,39.0,5.0,3.0,,24.0,60.0,25.0,35.0,12.0,3.0,9.0,55.0,22.0,33.0,5.0,,3.0,82.0,35.0,47.0,78.0,33.0,45.0,4.0,0.0,4.0,10.0,5.0,5.0,15.0,7.0,8.0,26.0,30.0,26.0,4.0,26.0,4.0,26.0,0.0,30.0,5.0,12.0,10.0,14.0,11.0,25.0,25.0,,9.0,3.0,24.0,,0.0,26.0,25.0,26.0,26.0,26.0,13.0,15.0,14.0,0.0,,15.0,0.0,0.0,9.0,26.0,0.0,19.0,19.0,8.0,,,0.0,0.0,5.0,10.0,0.0,7.0,20.0,22.0,86.0,3352.5880207410937,253.145861118922,0.07550759578952496,6.493653237899146,86.0,False,60
2201401013280002,22,Querétaro,014,Querétaro,0101,San José el Alto,3280,002,Urbana,119,Típica,53,66,29,8.92,119.0,,0.0,,,,,,,0.0,,,,0.0,,5.0,7.0,56.0,38.0,34.0,82.0,3.0,66.0,119.0,53.0,119.0,0.0,0.0,0.0,4.1,1.32,57.0,5.0,4.0,,9.0,7.0,,94.0,49.0,45.0,12.0,5.0,7.0,36.0,85.0,42.0,43.0,17.0,7.0,10.0,73.0,37.0,36.0,5.0,,3.0,114.0,62.0,52.0,112.0,61.0,51.0,4.0,3.0,,15.0,11.0,4.0,15.0,9.0,6.0,29.0,30.0,29.0,,29.0,,26.0,3.0,33.0,,10.0,8.0,19.0,19.0,26.0,28.0,,12.0,5.0,29.0,0.0,,29.0,28.0,29.0,29.0,29.0,12.0,21.0,23.0,0.0,0.0,17.0,0.0,0.0,6.0,28.0,,21.0,26.0,6.0,0.0,,0.0,0.0,3.0,17.0,0.0,13.0,22.0,28.0,119.0,5371.428728724995,408.1886672417272,0.07599256880368552,9.043115687638577,119.0,False,60
2201401013280012,22,Querétaro,014,Querétaro,0101,San José el Alto,3280,012,Urbana,55,Típica,24,31,12,8.39,55.0,,,0.0,0.0,,0.0,3.0,,0.0,0.0,,0.0,0.0,,3.0,,26.0,15.0,17.0,36.0,,31.0,55.0,24.0,55.0,,0.0,,4.58,1.34,14.0,3.0,,,3.0,3.0,0.0,41.0,21.0,20.0,,,,14.0,38.0,18.0,20.0,8.0,4.0,4.0,36.0,17.0,19.0,8.0,6.0,,52.0,29.0,23.0,46.0,24.0,22.0,3.0,,,3.0,,,5.0,4.0,,12.0,17.0,12.0,,12.0,3.0,12.0,,17.0,,4.0,,8.0,9.0,11.0,12.0,0.0,4.0,,12.0,,3.0,12.0,12.0,12.0,12.0,12.0,4.0,6.0,8.0,0.0,,7.0,0.0,0.0,3.0,9.0,3.0,10.0,9.0,6.0,0.0,0.0,0.0,0.0,,6.0,0.0,6.0,10.0,11.0,55.0,3263.504237987994,165.91386625009864,0.05083917597495977,2.7961546786227873,55.0,False,60
2201401013280013,22,Querétaro,014,Querétaro,0101,San José el Alto,3280,013,Urbana,68,Típica,36,32,14,8.34,68.0,,0.0,,0.0,3.0,3.0,,4.0,,,0.0,0.0,0.0,,4.0,7.0,36.0,18.0,15.0,48.0,5.0,32.0,68.0,36.0,68.0,0.0,0.0,0.0,4.86,1.14,17.0,3.0,3.0,0.0,,0.0,,54.0,27.0,27.0,8.0,3.0,5.0,23.0,53.0,27.0,26.0,11.0,6.0,5.0,45.0,24.0,21.0,3.0,0.0,3.0,65.0,29.0,36.0,63.0,29.0,34.0,7.0,4.0,3.0,8.0,,6.0,5.0,,4.0,14.0,14.0,14.0,,13.0,,13.0,0.0,15.0,,3.0,,10.0,9.0,13.0,13.0,0.0,5.0,3.0,13.0,,,13.0,13.0,13.0,13.0,12.0,3.0,11.0,11.0,,,7.0,0.0,0.0,,11.0,,11.0,10.0,,0.0,,0.0,0.0,0.0,8.0,0.0,6.0,8.0,12.0,68.0,4380.421013516677,1.1533798134264435e-05,2.633034153263936e-09,1.7904632242194764e-07,68.0,False,60
2201401013238017,22,Querétaro,014,Querétaro,0101,San José el Alto,3238,017,Urbana,8,Típica,0,0,2,,,,,,,,,,,,,,,,,,,,,,,,,,,8.0,,,,,,,,,,,,,,,,,,,,,,,,,,,,,,,,,,,,,,,,,,,,,,,2.0,,,,,,,,4.0,,,,,,,,,,,,,,,,,,,,,,,,,,,,,,,,,,,,,,,,,,,8.0,10318.789649645452,312.26869648962173,0.030262143826175494,0.24209715060940395,8.0,False,60
2201401013242003,22,Querétaro,014,Querétaro,0101,San José el Alto,3242,003,Urbana,85,Típica,45,40,22,9.13,85.0,,0.0,0.0,0.0,,0.0,0.0,3.0,,0.0,3.0,0.0,0.0,3.0,,6.0,45.0,26.0,15.0,68.0,,40.0,85.0,45.0,85.0,,,,3.86,1.2,16.0,7.0,4.0,3.0,,0.0,,71.0,32.0,39.0,6.0,3.0,3.0,24.0,70.0,32.0,38.0,20.0,11.0,9.0,64.0,29.0,35.0,4.0,,,78.0,36.0,42.0,75.0,35.0,40.0,3.0,3.0,0.0,3.0,,,3.0,,,22.0,21.0,22.0,4.0,22.0,4.0,17.0,0.0,26.0,3.0,9.0,5.0,13.0,14.0,20.0,21.0,,11.0,3.0,19.0,,,21.0,20.0,20.0,20.0,21.0,12.0,14.0,16.0,0.0,3.0,11.0,,,8.0,21.0,,14.0,21.0,8.0,3.0,,,,3.0,12.0,,8.0,19.0,18.0,85.0,28624.08634006905,616.9534584182143,0.021553647200769518,1.832060012065409,85.0,False,60
2201401013242029,22,Querétaro,014,Querétaro,0101,San José el Alto,3242,029,Urbana,51,Típica,29,22,15,10.03,51.0,,,0.0,0.0,,,,0.0,0.0,0.0,0.0,0.0,0.0,4.0,3.0,4.0,22.0,20.0,11.0,35.0,5.0,22.0,51.0,29.0,51.0,0.0,0.0,0.0,3.4,1.0,13.0,,0.0,,,,,42.0,19.0,23.0,5.0,3.0,,13.0,40.0,18.0,22.0,,0.0,,35.0,15.0,20.0,,0.0,,50.0,22.0,28.0,48.0,22.0,26.0,6.0,3.0,3.0,6.0,3.0,3.0,7.0,3.0,4.0,15.0,17.0,15.0,,15.0,,15.0,,17.0,0.0,5.0,3.0,10.0,12.0,15.0,15.0,0.0,12.0,0.0,14.0,0.0,0.0,15.0,14.0,14.0,14.0,15.0,8.0,11.0,12.0,0.0,,3.0,0.0,,3.0,14.0,,9.0,14.0,4.0,,0.0,0.0,0.0,4.0,11.0,0.0,9.0,15.0,15.0,51.0,14022.612176034836,58.49925369495641,0.004171780047866816,0.21276078244120764,51.0,False,60
2201401013257014,22,Querétaro,014,Querétaro,0101,San José el Alto,3257,014,Urbana,39,Típica,26,13,10,8.38,39.0,,,,0.0,0.0,0.0,,,0.0,0.0,0.0,0.0,0.0,,3.0,,25.0,10.0,5.0,31.0,3.0,13.0,39.0,26.0,39.0,0.0,0.0,0.0,3.9,0.91,3.0,,0.0,,,,0.0,35.0,12.0,23.0,,,0.0,8.0,34.0,11.0,23.0,8.0,,6.0,33.0,10.0,23.0,,0.0,,38.0,13.0,25.0,37.0,13.0,24.0,4.0,,3.0,,,,,,,10.0,12.0,10.0,,10.0,,10.0,,12.0,0.0,,,9.0,8.0,10.0,10.0,0.0,6.0,3.0,9.0,,0.0,10.0,10.0,10.0,10.0,10.0,6.0,5.0,7.0,0.0,,4.0,0.0,0.0,4.0,9.0,,9.0,10.0,3.0,,0.0,0.0,0.0,,6.0,0.0,5.0,10.0,9.0,39.0,10154.338672561711,6.409846809364574,0.000631242173031394,0.024618444748224364,39.0,False,60
2201401013261028,22,Querétaro,014,Querétaro,0101,San José el Alto,3261,028,Urbana,96,Típica,49,47,23,8.09,96.0,,0.0,0.0,0.0,0.0,0.0,5.0,4.0,0.0,0.0,0.0,3.0,,22.0,5.0,24.0,43.0,31.0,28.0,65.0,3.0,47.0,96.0,49.0,96.0,0.0,0.0,0.0,4.17,1.45,19.0,5.0,3.0,,7.0,,5.0,75.0,36.0,39.0,9.0,7.0,,30.0,68.0,34.0,34.0,6.0,5.0,,59.0,27.0,32.0,5.0,,3.0,91.0,44.0,47.0,89.0,43.0,46.0,6.0,,4.0,11.0,6.0,5.0,14.0,7.0,7.0,23.0,25.0,23.0,,23.0,,23.0,0.0,25.0,3.0,6.0,6.0,17.0,14.0,22.0,22.0,,14.0,5.0,21.0,,3.0,23.0,22.0,22.0,22.0,23.0,9.0,11.0,17.0,0.0,6.0,6.0,0.0,,8.0,21.0,,15.0,22.0,11.0,,0.0,0.0,0.0,4.0,9.0,0.0,6.0,16.0,22.0,96.0,17337.8460019114,8.944135680563026,0.0005158735219805843,0.0495238581101361,96.0,False,60
2201401013261049,22,Querétaro,014,Querétaro,0101,San José el Alto,3261,049,Urbana,92,Típica,41,51,16,7.07,92.0,,,0.0,,,,5.0,6.0,3.0,4.0,,,7.0,11.0,6.0,17.0,33.0,28.0,35.0,51.0,6.0,51.0,92.0,41.0,92.0,0.0,0.0,0.0,5.75,2.36,39.0,4.0,,3.0,4.0,3.0,,61.0,33.0,28.0,7.0,,5.0,26.0,57.0,30.0,27.0,9.0,5.0,4.0,50.0,28.0,22.0,9.0,4.0,5.0,88.0,50.0,38.0,81.0,46.0,35.0,6.0,3.0,3.0,18.0,13.0,5.0,19.0,13.0,6.0,16.0,16.0,16.0,,16.0,,15.0,0.0,17.0,,4.0,7.0,12.0,7.0,16.0,16.0,0.0,5.0,,14.0,0.0,,16.0,16.0,16.0,16.0,16.0,6.0,7.0,11.0,0.0,3.0,9.0,0.0,0.0,,15.0,,7.0,15.0,7.0,,3.0,0.0,0.0,0.0,5.0,0.0,3.0,11.0,13.0,92.0,14341.057330416332,568.5084508588309,0.03964201786245329,3.647065643345703,92.0,False,60
2201401013276025,22,Querétaro,014,Querétaro,0101,San José el Alto,3276,025,Urbana,138,Típica,69,69,28,9.36,138.0,,0.0,,0.0,0.0,0.0,,,,,0.0,4.0,,25.0,3.0,30.0,69.0,41.0,36.0,101.0,,69.0,138.0,69.0,138.0,0.0,0.0,0.0,4.93,1.34,46.0,5.0,,3.0,8.0,4.0,4.0,110.0,52.0,58.0,11.0,4.0,7.0,45.0,102.0,48.0,54.0,25.0,11.0,14.0,91.0,44.0,47.0,10.0,7.0,3.0,133.0,67.0,66.0,126.0,63.0,63.0,3.0,,,13.0,8.0,5.0,19.0,11.0,8.0,28.0,30.0,28.0,,28.0,,28.0,0.0,30.0,0.0,5.0,5.0,23.0,23.0,28.0,28.0,0.0,19.0,4.0,27.0,5.0,3.0,28.0,28.0,28.0,28.0,28.0,12.0,20.0,23.0,0.0,3.0,7.0,0.0,0.0,8.0,27.0,,18.0,24.0,8.0,,,0.0,0.0,4.0,19.0,0.0,8.0,19.0,27.0,138.0,5565.952175705493,687.0838649091024,0.12344408345945113,17.035283517404256,138.0,False,60
2201401013242022,22,Querétaro,014,Querétaro,0101,San José el Alto,3242,022,Urbana,30,Típica,10,20,10,10.28,30.0,,,,0.0,3.0,,,0.0,0.0,0.0,0.0,,0.0,0.0,3.0,0.0,18.0,8.0,5.0,20.0,5.0,20.0,30.0,10.0,30.0,0.0,0.0,0.0,3.0,0.81,11.0,,,0.0,,,0.0,26.0,17.0,9.0,0.0,0.0,0.0,7.0,25.0,16.0,9.0,3.0,,,25.0,16.0,9.0,,0.0,,29.0,19.0,10.0,28.0,19.0,9.0,8.0,6.0,,,,0.0,3.0,3.0,0.0,10.0,14.0,10.0,,10.0,3.0,10.0,,14.0,0.0,,,9.0,8.0,10.0,10.0,0.0,5.0,,7.0,0.0,0.0,10.0,10.0,10.0,10.0,10.0,6.0,5.0,7.0,0.0,0.0,5.0,0.0,0.0,4.0,9.0,,7.0,10.0,5.0,,0.0,0.0,0.0,,7.0,0.0,6.0,9.0,10.0,30.0,8490.311900188974,451.8199632640732,0.05321594407550761,1.5964783222652283,30.0,False,60
2201401013242025,22,Querétaro,014,Querétaro,0101,San José el Alto,3242,025,Urbana,77,Típica,38,39,17,8.55,77.0,,,0.0,,6.0,,10.0,0.0,0.0,0.0,0.0,0.0,0.0,12.0,13.0,12.0,31.0,31.0,19.0,54.0,4.0,39.0,77.0,38.0,77.0,0.0,0.0,0.0,4.53,1.18,26.0,5.0,3.0,,4.0,,,62.0,31.0,31.0,,0.0,,21.0,58.0,29.0,29.0,15.0,9.0,6.0,57.0,29.0,28.0,3.0,,,72.0,36.0,36.0,71.0,36.0,35.0,8.0,3.0,5.0,7.0,4.0,3.0,9.0,5.0,4.0,17.0,19.0,17.0,,17.0,,17.0,0.0,19.0,0.0,5.0,,12.0,15.0,17.0,17.0,0.0,9.0,,16.0,14.0,,17.0,17.0,17.0,17.0,17.0,7.0,12.0,14.0,0.0,,8.0,0.0,0.0,6.0,17.0,0.0,12.0,16.0,5.0,,0.0,0.0,0.0,,13.0,0.0,7.0,14.0,17.0,77.0,5803.037969487917,582.2595333584707,0.10033701940603562,7.725950494264743,77.0,False,60
2201401013242026,22,Querétaro,014,Querétaro,0101,San José el Alto,3242,026,Urbana,82,Típica,43,39,16,7.45,82.0,,,0.0,0.0,,0.0,,3.0,,0.0,3.0,0.0,0.0,,,5.0,39.0,23.0,26.0,53.0,3.0,39.0,82.0,43.0,82.0,0.0,0.0,0.0,5.13,1.52,10.0,7.0,3.0,4.0,6.0,3.0,3.0,62.0,31.0,31.0,,,0.0,24.0,56.0,28.0,28.0,14.0,9.0,5.0,54.0,26.0,28.0,5.0,3.0,,75.0,36.0,39.0,71.0,34.0,37.0,4.0,,3.0,8.0,,6.0,11.0,5.0,6.0,16.0,19.0,16.0,3.0,16.0,3.0,16.0,0.0,19.0,,5.0,,11.0,13.0,15.0,15.0,,8.0,,16.0,0.0,,16.0,15.0,16.0,16.0,16.0,7.0,10.0,13.0,0.0,3.0,8.0,0.0,0.0,5.0,16.0,0.0,11.0,14.0,5.0,0.0,,0.0,0.0,4.0,9.0,0.0,9.0,7.0,14.0,82.0,6604.491639317867,269.2121507636735,0.040761979190192234,3.342482293595763,82.0,False,60
2201401013261001,22,Querétaro,014,Querétaro,0101,San José el Alto,3261,001,Urbana,35,Típica,18,17,7,8.19,35.0,,0.0,0.0,0.0,,0.0,0.0,0.0,0.0,0.0,0.0,0.0,,,,,19.0,12.0,8.0,25.0,,17.0,35.0,18.0,35.0,0.0,0.0,0.0,5.0,1.67,22.0,,,0.0,4.0,,3.0,31.0,14.0,17.0,4.0,,,11.0,27.0,13.0,14.0,7.0,6.0,,23.0,11.0,12.0,,,,34.0,16.0,18.0,32.0,15.0,17.0,,,,,,0.0,5.0,,3.0,7.0,17.0,7.0,10.0,7.0,10.0,7.0,0.0,17.0,,,,5.0,4.0,7.0,7.0,0.0,,0.0,7.0,5.0,0.0,7.0,7.0,7.0,7.0,7.0,,3.0,5.0,0.0,0.0,6.0,0.0,0.0,,7.0,0.0,3.0,6.0,3.0,0.0,,0.0,0.0,0.0,,0.0,0.0,6.0,6.0,35.0,3069.945021663203,209.45653499724511,0.06822810621011315,2.38798371735396,35.0,False,60
2201401013261002,22,Querétaro,014,Querétaro,0101,San José el Alto,3261,002,Urbana,82,Típica,42,40,20,8.22,82.0,,,,,7.0,,7.0,,,0.0,,,,20.0,13.0,22.0,36.0,25.0,22.0,57.0,3.0,40.0,82.0,42.0,82.0,0.0,0.0,0.0,4.1,1.28,4.0,8.0,3.0,5.0,,0.0,,61.0,30.0,31.0,5.0,4.0,,26.0,60.0,30.0,30.0,12.0,5.0,7.0,55.0,26.0,29.0,7.0,3.0,4.0,74.0,37.0,37.0,73.0,36.0,37.0,5.0,3.0,,6.0,4.0,,4.0,,,20.0,21.0,20.0,,20.0,,19.0,0.0,22.0,3.0,8.0,6.0,12.0,11.0,20.0,20.0,0.0,11.0,0.0,19.0,3.0,3.0,20.0,20.0,20.0,20.0,20.0,8.0,16.0,14.0,0.0,4.0,7.0,0.0,0.0,4.0,20.0,0.0,12.0,18.0,4.0,,0.0,0.0,0.0,,13.0,0.0,5.0,11.0,20.0,82.0,64292.872838791685,760.527105151105,0.01182910440256815,0.9699865610105883,82.0,False,60
220140101369A027,22,Querétaro,014,Querétaro,0101,San José el Alto,369A,027,Urbana,53,Típica,26,27,13,7.24,53.0,,0.0,0.0,,0.0,0.0,0.0,0.0,0.0,0.0,,,,3.0,,5.0,28.0,11.0,15.0,35.0,3.0,27.0,53.0,26.0,53.0,0.0,0.0,0.0,4.08,1.23,10.0,4.0,,,,,0.0,39.0,19.0,20.0,,,0.0,16.0,38.0,18.0,20.0,8.0,3.0,5.0,37.0,17.0,20.0,,,,49.0,25.0,24.0,47.0,24.0,23.0,3.0,,,8.0,5.0,3.0,8.0,5.0,3.0,13.0,19.0,13.0,,13.0,5.0,13.0,,19.0,0.0,4.0,,9.0,11.0,13.0,13.0,0.0,5.0,3.0,13.0,0.0,0.0,13.0,13.0,13.0,13.0,13.0,4.0,8.0,10.0,0.0,,7.0,0.0,0.0,3.0,8.0,5.0,11.0,12.0,5.0,0.0,0.0,0.0,0.0,,9.0,0.0,5.0,8.0,13.0,53.0,5579.438085124607,342.9978539523084,0.0614753401183496,3.2581930262725285,53.0,False,60
220140101369A029,22,Querétaro,014,Querétaro,0101,San José el Alto,369A,029,Urbana,24,Típica,9,15,6,8.67,24.0,,0.0,0.0,0.0,0.0,0.0,0.0,,,0.0,0.0,0.0,0.0,4.0,0.0,5.0,13.0,6.0,9.0,15.0,0.0,15.0,24.0,9.0,24.0,0.0,0.0,0.0,4.0,1.33,3.0,3.0,,,4.0,4.0,0.0,19.0,11.0,8.0,,,,7.0,15.0,7.0,8.0,,,,13.0,6.0,7.0,0.0,0.0,0.0,21.0,13.0,8.0,21.0,13.0,8.0,0.0,0.0,0.0,,,0.0,6.0,6.0,0.0,6.0,19.0,6.0,13.0,6.0,10.0,6.0,3.0,19.0,0.0,,,4.0,4.0,6.0,6.0,0.0,3.0,3.0,6.0,,0.0,6.0,6.0,6.0,6.0,6.0,,5.0,5.0,0.0,0.0,3.0,0.0,0.0,,6.0,0.0,3.0,5.0,,0.0,0.0,0.0,0.0,,4.0,0.0,,3.0,6.0,24.0,5808.3499319556995,25.144985666983157,0.0043291099815876135,0.10389863955810272,24.0,False,60
220140101369A002,22,Querétaro,014,Querétaro,0101,San José el Alto,369A,002,Urbana,44,Típica,23,21,10,6.21,44.0,,0.0,0.0,0.0,,0.0,,,4.0,,0.0,,,0.0,,6.0,23.0,6.0,15.0,26.0,3.0,21.0,44.0,23.0,44.0,0.0,0.0,0.0,4.4,1.47,10.0,3.0,3.0,0.0,0.0,0.0,0.0,29.0,10.0,19.0,0.0,0.0,0.0,7.0,29.0,10.0,19.0,6.0,,5.0,29.0,10.0,19.0,5.0,5.0,0.0,41.0,18.0,23.0,38.0,15.0,23.0,3.0,,,7.0,3.0,4.0,5.0,,4.0,10.0,12.0,10.0,,10.0,,10.0,,12.0,,3.0,,7.0,6.0,6.0,9.0,,4.0,,10.0,,0.0,10.0,9.0,9.0,9.0,9.0,4.0,3.0,4.0,,0.0,6.0,0.0,,0.0,9.0,,5.0,7.0,7.0,0.0,0.0,0.0,0.0,0.0,,0.0,3.0,7.0,8.0,44.0,20922.98497504934,227.88704220634995,0.010891707969876442,0.47923515067456346,44.0,False,60
220140101433A031,22,Querétaro,014,Querétaro,0101,San José el Alto,433A,031,Urbana,0,Típica,0,0,0,0.0,0.0,,0.0,0.0,0.0,0.0,0.0,0.0,0.0,0.0,0.0,0.0,0.0,0.0,0.0,0.0,0.0,0.0,0.0,0.0,0.0,0.0,0.0,0.0,0.0,0.0,0.0,0.0,0.0,0.0,0.0,0.0,0.0,0.0,0.0,0.0,0.0,0.0,0.0,0.0,0.0,0.0,0.0,0.0,0.0,0.0,0.0,0.0,0.0,0.0,0.0,0.0,0.0,0.0,0.0,0.0,0.0,0.0,0.0,0.0,0.0,0.0,0.0,0.0,0.0,0.0,0.0,0.0,0.0,0.0,0.0,0.0,0.0,0.0,0.0,0.0,0.0,0.0,0.0,0.0,0.0,0.0,0.0,0.0,0.0,0.0,0.0,0.0,0.0,0.0,0.0,0.0,0.0,0.0,0.0,0.0,0.0,0.0,0.0,0.0,0.0,0.0,0.0,0.0,0.0,0.0,0.0,0.0,0.0,0.0,0.0,0.0,0.0,0.0,0.0,0.0,0.0,0.0,0.0,0.0,0.0,0.0,0.0,0.0,3597.4511901452256,5.083123519588199,0.001412979148546279,0.0,0.0,False,60
2201401013280023,22,Querétaro,014,Querétaro,0101,San José el Alto,3280,023,Urbana,1,Típica,0,0,1,,,,,,,,,,,,,,,,,,,,,,,,,,,1.0,,,,,,,,,,,,,,,,,,,,,,,,,,,,,,,,,,,,,,,,,,,,,,,1.0,,,,,,,,1.0,,,,,,,,,,,,,,,,,,,,,,,,,,,,,,,,,,,,,,,,,,,1.0,7671.421648618268,494.4969119347064,0.0644596183842629,0.0644596183842629,1.0,False,60
220140101369A050,22,Querétaro,014,Querétaro,0101,San José el Alto,369A,050,Urbana,0,Típica,0,0,0,0.0,0.0,,0.0,0.0,0.0,0.0,0.0,0.0,0.0,0.0,0.0,0.0,0.0,0.0,0.0,0.0,0.0,0.0,0.0,0.0,0.0,0.0,0.0,0.0,0.0,0.0,0.0,0.0,0.0,0.0,0.0,0.0,0.0,0.0,0.0,0.0,0.0,0.0,0.0,0.0,0.0,0.0,0.0,0.0,0.0,0.0,0.0,0.0,0.0,0.0,0.0,0.0,0.0,0.0,0.0,0.0,0.0,0.0,0.0,0.0,0.0,0.0,0.0,0.0,0.0,0.0,0.0,0.0,0.0,0.0,0.0,0.0,0.0,0.0,0.0,0.0,0.0,0.0,0.0,0.0,0.0,0.0,0.0,0.0,0.0,0.0,0.0,0.0,0.0,0.0,0.0,0.0,0.0,0.0,0.0,0.0,0.0,0.0,0.0,0.0,0.0,0.0,0.0,0.0,0.0,0.0,0.0,0.0,0.0,0.0,0.0,0.0,0.0,0.0,0.0,0.0,0.0,0.0,0.0,0.0,0.0,0.0,0.0,0.0,7293.441322173205,295.1304525412431,0.04046518502095852,0.0,0.0,False,60
2201401013261004,22,Querétaro,014,Querétaro,0101,San José el Alto,3261,004,Urbana,57,Típica,30,27,15,8.26,57.0,,0.0,0.0,0.0,,,,3.0,0.0,0.0,0.0,0.0,0.0,,4.0,3.0,34.0,7.0,15.0,38.0,4.0,27.0,57.0,30.0,57.0,0.0,0.0,0.0,3.8,1.1,10.0,5.0,,4.0,0.0,0.0,0.0,42.0,21.0,21.0,,0.0,,13.0,42.0,21.0,21.0,8.0,3.0,5.0,40.0,21.0,19.0,5.0,,3.0,52.0,26.0,26.0,48.0,25.0,23.0,5.0,4.0,,5.0,3.0,,,,0.0,15.0,15.0,15.0,0.0,15.0,0.0,15.0,0.0,15.0,,6.0,3.0,9.0,10.0,15.0,15.0,0.0,8.0,,13.0,,,15.0,15.0,15.0,15.0,15.0,6.0,9.0,14.0,0.0,,7.0,0.0,0.0,6.0,11.0,4.0,11.0,15.0,6.0,,0.0,0.0,0.0,,9.0,0.0,3.0,14.0,15.0,57.0,3162.473114416197,7.246369792816328,0.002291361706692021,0.13060761728144518,57.0,False,60
2201401014378034,22,Querétaro,014,Querétaro,0101,San José el Alto,4378,034,Urbana,23,Típica,12,11,7,8.76,23.0,,,0.0,0.0,,0.0,0.0,,0.0,0.0,0.0,0.0,0.0,0.0,,,9.0,9.0,6.0,15.0,,11.0,23.0,12.0,23.0,0.0,0.0,0.0,3.29,1.0,8.0,0.0,0.0,0.0,,0.0,,18.0,8.0,10.0,,,0.0,6.0,17.0,8.0,9.0,3.0,,,16.0,7.0,9.0,,0.0,,23.0,11.0,12.0,22.0,11.0,11.0,4.0,,,4.0,3.0,,5.0,3.0,,7.0,7.0,7.0,0.0,7.0,0.0,7.0,0.0,7.0,,3.0,,4.0,5.0,,6.0,,3.0,,7.0,0.0,0.0,7.0,6.0,7.0,6.0,7.0,3.0,4.0,7.0,0.0,,4.0,0.0,0.0,,7.0,0.0,6.0,7.0,3.0,0.0,0.0,0.0,0.0,,4.0,0.0,4.0,6.0,7.0,23.0,16274.219979338051,272.33991200096654,0.016734437186343345,0.38489205528589693,23.0,False,60
2201401014325019,22,Querétaro,014,Querétaro,0101,San José el Alto,4325,019,Urbana,64,Típica,30,34,20,10.86,64.0,,,,0.0,0.0,0.0,0.0,,,,0.0,,3.0,21.0,,25.0,34.0,15.0,19.0,44.0,,34.0,64.0,30.0,64.0,0.0,0.0,0.0,3.2,1.1,8.0,7.0,3.0,4.0,4.0,3.0,,49.0,26.0,23.0,4.0,3.0,,23.0,45.0,23.0,22.0,8.0,4.0,4.0,41.0,20.0,21.0,3.0,,,57.0,31.0,26.0,54.0,29.0,25.0,,0.0,,5.0,3.0,,6.0,4.0,,20.0,44.0,20.0,25.0,20.0,25.0,19.0,0.0,45.0,,10.0,5.0,10.0,14.0,20.0,20.0,0.0,16.0,,19.0,,,20.0,20.0,20.0,20.0,20.0,14.0,12.0,18.0,0.0,0.0,3.0,0.0,0.0,10.0,20.0,0.0,15.0,20.0,7.0,0.0,0.0,0.0,0.0,8.0,9.0,0.0,6.0,8.0,19.0,64.0,7452.700920901372,688.0658893632386,0.09232436624868881,5.908759439916084,64.0,False,60
2201401013242030,22,Querétaro,014,Querétaro,0101,San José el Alto,3242,030,Urbana,64,Típica,26,38,14,7.92,64.0,,0.0,0.0,0.0,,0.0,,0.0,0.0,0.0,0.0,0.0,0.0,8.0,4.0,8.0,26.0,29.0,14.0,45.0,5.0,38.0,64.0,26.0,64.0,0.0,0.0,0.0,4.57,1.25,25.0,,,0.0,5.0,,3.0,55.0,34.0,21.0,,,0.0,24.0,50.0,32.0,18.0,10.0,7.0,3.0,48.0,30.0,18.0,,,0.0,63.0,37.0,26.0,62.0,36.0,26.0,9.0,7.0,,6.0,,5.0,10.0,3.0,7.0,14.0,17.0,14.0,3.0,14.0,3.0,14.0,0.0,17.0,0.0,3.0,,11.0,12.0,14.0,14.0,0.0,4.0,0.0,13.0,12.0,0.0,14.0,14.0,14.0,14.0,14.0,6.0,11.0,7.0,0.0,0.0,10.0,0.0,0.0,,13.0,,9.0,14.0,3.0,,0.0,0.0,0.0,0.0,12.0,0.0,4.0,12.0,14.0,64.0,4334.662651309504,81.45163707239863,0.018790767269464912,1.2026091052457544,64.0,False,60
2201401013238024,22,Querétaro,014,Querétaro,0101,San José el Alto,3238,024,Urbana,81,Típica,43,38,18,10.41,81.0,,0.0,0.0,0.0,0.0,0.0,0.0,,0.0,,,0.0,,14.0,0.0,17.0,45.0,16.0,23.0,58.0,0.0,38.0,81.0,43.0,81.0,3.0,0.0,3.0,4.5,1.27,0.0,5.0,,3.0,3.0,0.0,3.0,61.0,30.0,31.0,3.0,,,23.0,58.0,30.0,28.0,13.0,8.0,5.0,55.0,29.0,26.0,7.0,,5.0,76.0,36.0,40.0,70.0,34.0,36.0,,,0.0,8.0,4.0,4.0,9.0,,7.0,18.0,22.0,18.0,4.0,18.0,4.0,18.0,0.0,22.0,0.0,,,16.0,17.0,18.0,18.0,0.0,9.0,,18.0,0.0,,18.0,18.0,18.0,18.0,18.0,9.0,13.0,12.0,0.0,,9.0,0.0,0.0,6.0,18.0,0.0,8.0,16.0,4.0,0.0,0.0,0.0,0.0,,11.0,0.0,8.0,13.0,17.0,81.0,7696.499440568016,6.26504125018291,0.000814011785300739,0.06593495460935986,81.0,False,60
2201401013280006,22,Querétaro,014,Querétaro,0101,San José el Alto,3280,006,Urbana,90,Típica,45,45,23,8.95,90.0,,0.0,0.0,0.0,0.0,,,,0.0,0.0,,,,3.0,,5.0,40.0,27.0,31.0,56.0,3.0,45.0,90.0,45.0,90.0,5.0,3.0,,3.91,0.88,44.0,6.0,,4.0,8.0,5.0,3.0,67.0,34.0,33.0,6.0,3.0,3.0,25.0,59.0,29.0,30.0,12.0,7.0,5.0,53.0,26.0,27.0,8.0,4.0,4.0,84.0,43.0,41.0,77.0,39.0,38.0,5.0,,3.0,9.0,5.0,4.0,15.0,10.0,5.0,23.0,25.0,23.0,7.0,23.0,3.0,18.0,4.0,30.0,,6.0,,17.0,20.0,23.0,23.0,0.0,12.0,8.0,23.0,,4.0,23.0,23.0,23.0,23.0,23.0,10.0,17.0,13.0,0.0,,9.0,0.0,0.0,8.0,22.0,,18.0,20.0,6.0,0.0,0.0,0.0,0.0,4.0,17.0,0.0,6.0,16.0,23.0,90.0,5920.057579197226,470.2105025098128,0.07942667722728036,7.148400950455232,90.0,False,60
2201401013276006,22,Querétaro,014,Querétaro,0101,San José el Alto,3276,006,Urbana,74,Típica,38,36,22,9.75,74.0,,0.0,3.0,,,,0.0,0.0,0.0,0.0,,,0.0,0.0,3.0,,42.0,14.0,18.0,50.0,3.0,36.0,74.0,38.0,74.0,0.0,0.0,0.0,3.36,1.27,,4.0,4.0,0.0,3.0,0.0,3.0,56.0,27.0,29.0,,,0.0,20.0,53.0,27.0,26.0,10.0,4.0,6.0,52.0,26.0,26.0,8.0,,6.0,67.0,31.0,36.0,62.0,30.0,32.0,6.0,3.0,3.0,3.0,,,3.0,0.0,3.0,22.0,28.0,22.0,,22.0,4.0,22.0,,28.0,10.0,12.0,,9.0,10.0,20.0,20.0,,8.0,,20.0,,,21.0,20.0,21.0,21.0,21.0,10.0,12.0,11.0,0.0,,12.0,0.0,0.0,9.0,20.0,,13.0,12.0,8.0,,,0.0,0.0,4.0,10.0,0.0,9.0,21.0,19.0,74.0,6557.839861756821,598.2066012576142,0.09122006847806084,6.7502850673765025,74.0,False,60
2201401013276001,22,Querétaro,014,Querétaro,0101,San José el Alto,3276,001,Urbana,79,Típica,40,39,24,9.57,79.0,,0.0,,,0.0,,,0.0,0.0,0.0,0.0,,0.0,0.0,,0.0,42.0,17.0,23.0,53.0,3.0,39.0,79.0,40.0,79.0,0.0,0.0,0.0,3.29,1.11,5.0,3.0,,,3.0,,,59.0,29.0,30.0,3.0,,,20.0,56.0,27.0,29.0,10.0,6.0,4.0,53.0,26.0,27.0,8.0,3.0,5.0,76.0,38.0,38.0,72.0,35.0,37.0,4.0,,,9.0,6.0,3.0,9.0,6.0,3.0,24.0,27.0,24.0,,24.0,3.0,23.0,,28.0,8.0,9.0,,15.0,14.0,24.0,24.0,0.0,7.0,,20.0,0.0,,24.0,24.0,24.0,24.0,24.0,10.0,13.0,12.0,0.0,,17.0,0.0,0.0,9.0,24.0,0.0,13.0,15.0,11.0,4.0,3.0,0.0,0.0,4.0,11.0,0.0,9.0,22.0,20.0,79.0,5056.8543644946285,183.90803942011001,0.036368071169178194,2.873077622365077,79.0,False,60
2201401013261005,22,Querétaro,014,Querétaro,0101,San José el Alto,3261,005,Urbana,71,Típica,41,30,20,8.89,71.0,,0.0,0.0,0.0,,0.0,0.0,,0.0,0.0,0.0,0.0,0.0,4.0,,5.0,51.0,5.0,15.0,50.0,6.0,30.0,71.0,41.0,71.0,,,,3.55,0.96,14.0,,,0.0,0.0,0.0,0.0,56.0,23.0,33.0,,,,18.0,56.0,23.0,33.0,12.0,6.0,6.0,54.0,22.0,32.0,6.0,,5.0,70.0,29.0,41.0,66.0,29.0,37.0,8.0,,6.0,8.0,5.0,3.0,6.0,4.0,,20.0,23.0,20.0,3.0,20.0,3.0,20.0,0.0,23.0,,7.0,4.0,13.0,14.0,20.0,20.0,0.0,15.0,10.0,18.0,,6.0,20.0,20.0,20.0,20.0,20.0,10.0,19.0,17.0,0.0,7.0,3.0,0.0,0.0,14.0,20.0,0.0,15.0,18.0,,0.0,0.0,0.0,0.0,7.0,14.0,0.0,13.0,20.0,18.0,71.0,11210.975711677906,648.4854991471037,0.05784380555490895,4.1069101943985356,71.0,False,60
2201401013685021,22,Querétaro,014,Querétaro,0101,San José el Alto,3685,021,Urbana,0,Típica,0,0,0,0.0,0.0,,0.0,0.0,0.0,0.0,0.0,0.0,0.0,0.0,0.0,0.0,0.0,0.0,0.0,0.0,0.0,0.0,0.0,0.0,0.0,0.0,0.0,0.0,0.0,0.0,0.0,0.0,0.0,0.0,0.0,0.0,0.0,0.0,0.0,0.0,0.0,0.0,0.0,0.0,0.0,0.0,0.0,0.0,0.0,0.0,0.0,0.0,0.0,0.0,0.0,0.0,0.0,0.0,0.0,0.0,0.0,0.0,0.0,0.0,0.0,0.0,0.0,0.0,0.0,0.0,0.0,0.0,0.0,0.0,0.0,0.0,0.0,0.0,0.0,0.0,0.0,0.0,0.0,0.0,0.0,0.0,0.0,0.0,0.0,0.0,0.0,0.0,0.0,0.0,0.0,0.0,0.0,0.0,0.0,0.0,0.0,0.0,0.0,0.0,0.0,0.0,0.0,0.0,0.0,0.0,0.0,0.0,0.0,0.0,0.0,0.0,0.0,0.0,0.0,0.0,0.0,0.0,0.0,0.0,0.0,0.0,0.0,0.0,4703.358881606028,1.1400159944117507,0.00024238337390543248,0.0,0.0,False,60
2201401013280025,22,Querétaro,014,Querétaro,0101,San José el Alto,3280,025,Urbana,46,Típica,22,24,9,9.09,46.0,,0.0,,,,,0.0,,0.0,0.0,0.0,0.0,,9.0,,9.0,22.0,12.0,13.0,31.0,,24.0,46.0,22.0,46.0,,0.0,,5.11,1.44,8.0,3.0,,,,,0.0,34.0,15.0,19.0,4.0,,,13.0,33.0,14.0,19.0,6.0,,4.0,29.0,12.0,17.0,4.0,4.0,0.0,43.0,23.0,20.0,41.0,21.0,20.0,3.0,,,5.0,4.0,,4.0,3.0,,9.0,20.0,9.0,11.0,9.0,8.0,9.0,3.0,20.0,,3.0,3.0,6.0,5.0,9.0,9.0,0.0,5.0,4.0,8.0,3.0,,9.0,9.0,9.0,9.0,9.0,7.0,7.0,9.0,0.0,,4.0,0.0,0.0,6.0,8.0,,9.0,8.0,,,0.0,0.0,0.0,,7.0,0.0,4.0,7.0,9.0,46.0,5908.51228477361,3.309096915458827,0.0005600558577133631,0.025762569454814702,46.0,False,60
2201401013280001,22,Querétaro,014,Querétaro,0101,San José el Alto,3280,001,Urbana,31,Típica,19,12,7,8.48,31.0,,0.0,0.0,,0.0,0.0,,,0.0,0.0,,,,0.0,,4.0,16.0,7.0,8.0,21.0,,12.0,31.0,19.0,31.0,,0.0,,4.43,0.97,6.0,,,0.0,0.0,0.0,0.0,23.0,9.0,14.0,3.0,0.0,3.0,8.0,23.0,9.0,14.0,,0.0,,20.0,9.0,11.0,,0.0,,30.0,11.0,19.0,28.0,11.0,17.0,,,,5.0,,3.0,4.0,,,7.0,11.0,7.0,,7.0,,7.0,,11.0,0.0,,,5.0,5.0,6.0,6.0,,4.0,,6.0,0.0,,7.0,6.0,7.0,7.0,7.0,3.0,4.0,6.0,0.0,,3.0,0.0,0.0,,7.0,0.0,4.0,7.0,3.0,,0.0,0.0,0.0,,5.0,0.0,,5.0,7.0,31.0,7600.866859548096,17.80105658130821,0.002341977160006005,0.07260129196018615,31.0,False,60
2201401013261015,22,Querétaro,014,Querétaro,0101,San José el Alto,3261,015,Urbana,25,Típica,15,10,10,9.55,25.0,,,,,,,,,0.0,0.0,,0.0,0.0,0.0,,,15.0,6.0,5.0,18.0,,10.0,25.0,15.0,25.0,,0.0,,2.5,0.93,7.0,,,,,,0.0,21.0,9.0,12.0,,0.0,,5.0,20.0,8.0,12.0,,0.0,,19.0,8.0,11.0,,0.0,,23.0,9.0,14.0,22.0,9.0,13.0,3.0,,,,0.0,,,,,10.0,10.0,10.0,0.0,10.0,0.0,10.0,0.0,10.0,0.0,6.0,5.0,4.0,5.0,10.0,10.0,0.0,3.0,0.0,10.0,,,10.0,10.0,10.0,10.0,10.0,4.0,8.0,8.0,0.0,,5.0,0.0,0.0,3.0,9.0,,6.0,10.0,,0.0,0.0,0.0,0.0,0.0,8.0,0.0,7.0,9.0,10.0,25.0,5223.861382980679,26.901981058836057,0.0051498267443471244,0.12874566860867812,25.0,False,60
2201401013242012,22,Querétaro,014,Querétaro,0101,San José el Alto,3242,012,Urbana,24,Típica,13,11,8,8.4,24.0,,,0.0,0.0,0.0,0.0,,0.0,0.0,0.0,0.0,0.0,0.0,0.0,,0.0,9.0,9.0,9.0,13.0,,11.0,24.0,13.0,24.0,0.0,0.0,0.0,3.0,0.89,5.0,,,,3.0,3.0,0.0,18.0,10.0,8.0,0.0,0.0,0.0,7.0,15.0,7.0,8.0,0.0,0.0,0.0,15.0,7.0,8.0,,0.0,,22.0,10.0,12.0,22.0,10.0,12.0,,0.0,,3.0,0.0,3.0,4.0,3.0,,8.0,13.0,8.0,,8.0,3.0,8.0,,13.0,,4.0,,4.0,5.0,8.0,8.0,0.0,5.0,,7.0,,,8.0,8.0,8.0,7.0,8.0,4.0,5.0,7.0,0.0,,3.0,0.0,0.0,6.0,7.0,,7.0,7.0,,,,,,,4.0,0.0,4.0,6.0,7.0,24.0,5485.248896413766,336.15173396232217,0.061282858865729296,1.4707886127775032,24.0,False,60
2201401013242028,22,Querétaro,014,Querétaro,0101,San José el Alto,3242,028,Urbana,9,Típica,3,6,3,9.0,9.0,,0.0,0.0,0.0,0.0,0.0,0.0,0.0,0.0,0.0,0.0,0.0,0.0,0.0,0.0,0.0,5.0,,3.0,6.0,0.0,6.0,9.0,3.0,9.0,0.0,0.0,0.0,3.0,1.0,0.0,0.0,0.0,0.0,0.0,0.0,0.0,6.0,3.0,3.0,0.0,0.0,0.0,3.0,6.0,3.0,3.0,0.0,0.0,0.0,6.0,3.0,3.0,0.0,0.0,0.0,9.0,6.0,3.0,9.0,6.0,3.0,0.0,0.0,0.0,3.0,3.0,0.0,,,0.0,3.0,4.0,3.0,,3.0,,3.0,0.0,4.0,0.0,,0.0,,3.0,3.0,3.0,0.0,0.0,0.0,3.0,0.0,0.0,3.0,3.0,3.0,3.0,3.0,,3.0,,0.0,0.0,3.0,0.0,0.0,,3.0,0.0,3.0,3.0,0.0,0.0,0.0,0.0,0.0,,3.0,0.0,,3.0,3.0,9.0,56896.83640071074,731.7447899789134,0.0128609046876598,0.1157481421889382,9.0,False,60
2201401013242011,22,Querétaro,014,Querétaro,0101,San José el Alto,3242,011,Urbana,65,Típica,32,33,19,9.49,65.0,,,0.0,0.0,,,,,,,,0.0,,,3.0,,27.0,20.0,20.0,42.0,3.0,33.0,65.0,32.0,65.0,0.0,0.0,0.0,3.42,1.08,32.0,6.0,0.0,6.0,,,,47.0,24.0,23.0,,0.0,,16.0,45.0,23.0,22.0,5.0,4.0,,44.0,23.0,21.0,3.0,,,59.0,33.0,26.0,56.0,31.0,25.0,6.0,4.0,,9.0,7.0,,7.0,4.0,3.0,19.0,30.0,19.0,11.0,19.0,7.0,19.0,4.0,30.0,3.0,7.0,3.0,12.0,13.0,17.0,19.0,0.0,13.0,0.0,18.0,0.0,,19.0,19.0,19.0,19.0,19.0,15.0,12.0,14.0,0.0,,6.0,0.0,0.0,9.0,18.0,,16.0,17.0,7.0,,0.0,0.0,0.0,6.0,12.0,0.0,9.0,19.0,19.0,65.0,17916.98845021512,191.74712315486914,0.010701972805734934,0.6956282323727707,65.0,False,60
2201401014912014,22,Querétaro,014,Querétaro,0101,San José el Alto,4912,014,Urbana,4,Típica,0,3,3,8.67,4.0,,0.0,0.0,0.0,0.0,0.0,0.0,0.0,0.0,0.0,0.0,0.0,0.0,0.0,0.0,0.0,3.0,,,,,3.0,4.0,,4.0,0.0,0.0,0.0,1.33,0.67,0.0,0.0,0.0,0.0,,,0.0,4.0,3.0,,0.0,0.0,0.0,,3.0,,,0.0,0.0,0.0,3.0,,,0.0,0.0,0.0,4.0,3.0,,4.0,3.0,,,,0.0,0.0,0.0,0.0,,,0.0,3.0,5.0,3.0,,3.0,,3.0,0.0,5.0,,,,,,,3.0,0.0,0.0,0.0,,0.0,0.0,3.0,3.0,3.0,3.0,3.0,0.0,,3.0,0.0,0.0,3.0,0.0,0.0,0.0,3.0,0.0,0.0,3.0,,,,,0.0,0.0,0.0,0.0,0.0,3.0,,4.0,3796.7188909839138,424.6861345410821,0.11185609120274514,0.4474243648109806,4.0,False,60
2201401014912035,22,Querétaro,014,Querétaro,0101,San José el Alto,4912,035,Urbana,21,Típica,9,12,7,7.38,21.0,,0.0,0.0,0.0,0.0,0.0,0.0,0.0,0.0,0.0,,0.0,0.0,3.0,0.0,3.0,10.0,4.0,8.0,12.0,,12.0,21.0,9.0,21.0,,0.0,,3.0,1.75,,,0.0,,,,0.0,14.0,7.0,7.0,0.0,0.0,0.0,4.0,13.0,6.0,7.0,,,,13.0,6.0,7.0,3.0,3.0,0.0,20.0,12.0,8.0,19.0,11.0,8.0,,,,3.0,,,4.0,3.0,,7.0,9.0,7.0,,7.0,,7.0,0.0,9.0,3.0,6.0,3.0,,,6.0,7.0,0.0,,,6.0,0.0,0.0,7.0,7.0,7.0,7.0,7.0,0.0,,4.0,0.0,,5.0,0.0,0.0,,7.0,0.0,4.0,6.0,5.0,,0.0,0.0,0.0,0.0,,0.0,0.0,6.0,7.0,21.0,4565.985660626463,0.21828777803378974,4.7807372659124864e-05,0.0010039548258416221,21.0,False,60
2201401014912034,22,Querétaro,014,Querétaro,0101,San José el Alto,4912,034,Urbana,17,Típica,10,7,3,6.77,17.0,,0.0,0.0,0.0,0.0,0.0,0.0,0.0,0.0,0.0,0.0,0.0,0.0,0.0,0.0,0.0,9.0,5.0,4.0,13.0,0.0,7.0,17.0,10.0,17.0,0.0,0.0,0.0,5.67,1.7,6.0,,,0.0,,0.0,,14.0,4.0,10.0,,0.0,,4.0,13.0,4.0,9.0,3.0,,,11.0,4.0,7.0,0.0,0.0,0.0,15.0,5.0,10.0,15.0,5.0,10.0,0.0,0.0,0.0,,,0.0,,,,3.0,5.0,3.0,,3.0,,3.0,,5.0,,,0.0,,,,3.0,0.0,0.0,0.0,,0.0,0.0,3.0,3.0,3.0,3.0,3.0,0.0,0.0,,0.0,0.0,3.0,0.0,0.0,0.0,,,,,3.0,,0.0,0.0,0.0,0.0,0.0,0.0,0.0,,,17.0,6780.020533537994,145.6052677303775,0.021475638165124676,0.3650858488071195,17.0,False,60
220140101369A033,22,Querétaro,014,Querétaro,0101,San José el Alto,369A,033,Urbana,3,Típica,0,0,1,,,,,,,,,,,,,,,,,,,,,,,,,,,3.0,,,,,,,,,,,,,,,,,,,,,,,,,,,,,,,,,,,,,,,,,,,,,,,1.0,,,,,,,,4.0,,,,,,,,,,,,,,,,,,,,,,,,,,,,,,,,,,,,,,,,,,,3.0,3935.151539234924,578.9919914802031,0.147133340535285,0.441400021605855,3.0,False,60
220140101369A040,22,Querétaro,014,Querétaro,0101,San José el Alto,369A,040,Urbana,44,Típica,21,23,8,10.23,44.0,,0.0,0.0,0.0,0.0,0.0,0.0,,0.0,0.0,,0.0,0.0,0.0,0.0,,22.0,15.0,9.0,33.0,,23.0,44.0,21.0,44.0,0.0,0.0,0.0,5.5,1.38,6.0,,,,,,0.0,37.0,20.0,17.0,5.0,,3.0,15.0,35.0,18.0,17.0,11.0,5.0,6.0,30.0,16.0,14.0,3.0,0.0,3.0,42.0,22.0,20.0,39.0,22.0,17.0,3.0,,,,,0.0,4.0,4.0,0.0,8.0,11.0,8.0,4.0,8.0,4.0,7.0,0.0,12.0,0.0,0.0,0.0,8.0,8.0,8.0,8.0,0.0,6.0,,8.0,,0.0,8.0,8.0,8.0,8.0,8.0,7.0,7.0,5.0,0.0,,,0.0,0.0,3.0,8.0,0.0,7.0,8.0,,0.0,0.0,0.0,0.0,,6.0,0.0,4.0,7.0,8.0,44.0,7596.569741740413,214.81017615097292,0.028277259796703823,1.2441994310549682,44.0,False,60
220140101369A016,22,Querétaro,014,Querétaro,0101,San José el Alto,369A,016,Urbana,54,Típica,29,25,10,7.3,54.0,,0.0,0.0,0.0,0.0,0.0,0.0,0.0,0.0,0.0,0.0,0.0,,,0.0,,26.0,10.0,21.0,28.0,5.0,25.0,54.0,29.0,54.0,0.0,0.0,0.0,5.4,1.54,19.0,4.0,,,3.0,,,36.0,19.0,17.0,3.0,0.0,3.0,13.0,33.0,18.0,15.0,6.0,3.0,3.0,30.0,18.0,12.0,3.0,0.0,3.0,50.0,23.0,27.0,47.0,23.0,24.0,5.0,3.0,,11.0,4.0,7.0,9.0,3.0,6.0,10.0,12.0,10.0,,10.0,,10.0,0.0,12.0,0.0,3.0,3.0,7.0,7.0,10.0,10.0,0.0,3.0,0.0,9.0,0.0,,10.0,10.0,10.0,10.0,10.0,3.0,6.0,5.0,0.0,0.0,7.0,0.0,0.0,4.0,9.0,,9.0,7.0,4.0,,0.0,0.0,0.0,,4.0,0.0,4.0,8.0,9.0,54.0,3248.823121973402,81.23481529846924,0.025004382278935994,1.3502366430625437,54.0,False,60
2201401014912033,22,Querétaro,014,Querétaro,0101,San José el Alto,4912,033,Urbana,34,Típica,14,20,8,9.48,34.0,,0.0,,,,,0.0,0.0,0.0,0.0,0.0,,0.0,0.0,,0.0,19.0,8.0,7.0,25.0,,20.0,34.0,14.0,34.0,0.0,0.0,0.0,4.25,1.17,12.0,,0.0,,0.0,0.0,0.0,27.0,16.0,11.0,,,,14.0,27.0,16.0,11.0,7.0,6.0,,25.0,15.0,10.0,,,0.0,32.0,20.0,12.0,31.0,19.0,12.0,4.0,,,3.0,,,,,0.0,8.0,8.0,8.0,,8.0,,7.0,0.0,9.0,0.0,,,7.0,6.0,8.0,8.0,0.0,5.0,,7.0,,0.0,8.0,8.0,8.0,8.0,8.0,4.0,5.0,6.0,0.0,0.0,3.0,0.0,0.0,,8.0,0.0,6.0,7.0,3.0,,,,0.0,0.0,3.0,0.0,,7.0,5.0,34.0,3106.173125087579,76.17287172865628,0.024523060583272728,0.8337840598312728,34.0,False,60
2201401013238013,22,Querétaro,014,Querétaro,0101,San José el Alto,3238,013,Urbana,70,Típica,32,38,13,8.49,70.0,,4.0,3.0,0.0,0.0,0.0,0.0,,0.0,0.0,,0.0,0.0,,4.0,,36.0,17.0,21.0,49.0,0.0,38.0,70.0,32.0,70.0,0.0,0.0,0.0,5.38,1.4,14.0,4.0,,,4.0,3.0,,53.0,31.0,22.0,,,0.0,27.0,49.0,28.0,21.0,12.0,7.0,5.0,47.0,26.0,21.0,4.0,,3.0,66.0,36.0,30.0,63.0,35.0,28.0,0.0,0.0,0.0,9.0,4.0,5.0,9.0,4.0,5.0,13.0,15.0,13.0,,13.0,,13.0,0.0,15.0,0.0,,,12.0,12.0,13.0,13.0,0.0,3.0,,13.0,4.0,,13.0,13.0,13.0,13.0,13.0,9.0,9.0,12.0,0.0,,9.0,0.0,0.0,4.0,13.0,0.0,11.0,12.0,4.0,0.0,0.0,0.0,0.0,,8.0,0.0,5.0,11.0,13.0,70.0,7280.501828333758,406.6824270678493,0.055859120244314824,3.9101384171020377,70.0,False,60
2201401013242035,22,Querétaro,014,Querétaro,0101,San José el Alto,3242,035,Urbana,11,Típica,4,7,3,7.75,11.0,,0.0,0.0,0.0,0.0,0.0,0.0,0.0,0.0,0.0,0.0,0.0,0.0,,0.0,,5.0,3.0,3.0,8.0,0.0,7.0,11.0,4.0,11.0,0.0,0.0,0.0,3.67,0.92,,,,0.0,0.0,0.0,0.0,8.0,4.0,4.0,0.0,0.0,0.0,,8.0,4.0,4.0,0.0,0.0,0.0,8.0,4.0,4.0,0.0,0.0,0.0,10.0,6.0,4.0,10.0,6.0,4.0,,,,,,0.0,,,0.0,3.0,5.0,3.0,,3.0,,3.0,,5.0,0.0,,0.0,,3.0,3.0,3.0,0.0,,0.0,3.0,0.0,0.0,3.0,3.0,3.0,3.0,3.0,0.0,,,0.0,0.0,,0.0,0.0,,,,,3.0,,0.0,0.0,0.0,0.0,,,0.0,0.0,3.0,3.0,11.0,13261.291663962837,413.83466587854275,0.031206211006061052,0.3432683210666716,11.0,False,60
2201401014378030,22,Querétaro,014,Querétaro,0101,San José el Alto,4378,030,Urbana,34,Típica,12,22,12,8.61,34.0,,0.0,0.0,0.0,0.0,0.0,,3.0,,0.0,,,,4.0,,6.0,24.0,4.0,6.0,25.0,3.0,22.0,34.0,12.0,34.0,,,0.0,2.83,0.85,3.0,,0.0,,0.0,0.0,0.0,28.0,19.0,9.0,,,,14.0,28.0,19.0,9.0,5.0,3.0,,26.0,18.0,8.0,,,,33.0,22.0,11.0,31.0,21.0,10.0,3.0,3.0,0.0,3.0,,,,,,12.0,16.0,12.0,,12.0,3.0,12.0,,16.0,,4.0,,8.0,10.0,10.0,12.0,0.0,4.0,0.0,10.0,0.0,0.0,12.0,12.0,12.0,12.0,12.0,6.0,,9.0,0.0,,8.0,0.0,0.0,,12.0,0.0,12.0,12.0,11.0,,0.0,0.0,0.0,0.0,,0.0,,10.0,12.0,34.0,8006.454973627874,428.10784182545206,0.05347033652666236,1.8179914419065202,34.0,False,60
2201401014378029,22,Querétaro,014,Querétaro,0101,San José el Alto,4378,029,Urbana,22,Típica,8,14,6,9.71,22.0,,0.0,0.0,0.0,0.0,0.0,,,0.0,0.0,0.0,0.0,3.0,7.0,,10.0,13.0,4.0,5.0,14.0,3.0,14.0,22.0,8.0,22.0,0.0,0.0,0.0,3.67,0.92,8.0,,,0.0,0.0,0.0,0.0,17.0,10.0,7.0,0.0,0.0,0.0,7.0,17.0,10.0,7.0,4.0,,,17.0,10.0,7.0,,0.0,,21.0,13.0,8.0,21.0,13.0,8.0,4.0,,,3.0,3.0,0.0,,,0.0,6.0,8.0,6.0,,6.0,,6.0,0.0,8.0,,4.0,0.0,,5.0,5.0,6.0,0.0,3.0,0.0,6.0,0.0,0.0,6.0,6.0,6.0,6.0,6.0,4.0,,5.0,0.0,,3.0,0.0,0.0,,4.0,,5.0,6.0,3.0,0.0,0.0,0.0,0.0,0.0,,0.0,0.0,5.0,6.0,22.0,3610.2739463942353,119.611246337014,0.03313079509007228,0.7288774919815901,22.0,False,60
2201401013238006,22,Querétaro,014,Querétaro,0101,San José el Alto,3238,006,Urbana,66,Típica,38,28,20,9.83,66.0,,0.0,0.0,0.0,0.0,0.0,0.0,0.0,0.0,0.0,0.0,4.0,0.0,,0.0,,48.0,8.0,14.0,49.0,3.0,28.0,66.0,38.0,66.0,0.0,0.0,0.0,3.3,0.92,0.0,,0.0,,4.0,3.0,,56.0,27.0,29.0,3.0,0.0,3.0,16.0,52.0,24.0,28.0,4.0,4.0,0.0,49.0,24.0,25.0,,0.0,,65.0,28.0,37.0,63.0,28.0,35.0,6.0,,4.0,7.0,,6.0,10.0,3.0,7.0,20.0,21.0,20.0,,20.0,,20.0,0.0,21.0,0.0,4.0,3.0,16.0,17.0,20.0,20.0,0.0,11.0,3.0,20.0,,0.0,20.0,20.0,20.0,20.0,20.0,12.0,18.0,12.0,0.0,,8.0,0.0,0.0,9.0,17.0,3.0,6.0,20.0,,0.0,0.0,0.0,0.0,5.0,17.0,0.0,15.0,15.0,20.0,66.0,10105.01868365414,6.831011866259918,0.0006760019036194115,0.044616125638881156,66.0,False,60
2201401013280030,22,Querétaro,014,Querétaro,0101,San José el Alto,3280,030,Urbana,42,Típica,20,22,9,8.5,42.0,,3.0,,,,,3.0,,,,3.0,0.0,5.0,8.0,4.0,10.0,15.0,12.0,13.0,21.0,5.0,22.0,42.0,20.0,42.0,0.0,0.0,0.0,4.67,1.44,12.0,3.0,0.0,3.0,,0.0,,27.0,13.0,14.0,4.0,,,10.0,26.0,13.0,13.0,3.0,,,22.0,11.0,11.0,,,0.0,36.0,20.0,16.0,35.0,19.0,16.0,5.0,,3.0,7.0,5.0,,5.0,4.0,,9.0,19.0,9.0,10.0,9.0,6.0,9.0,4.0,19.0,0.0,,,6.0,6.0,8.0,8.0,0.0,5.0,,8.0,,0.0,8.0,8.0,8.0,8.0,8.0,,7.0,8.0,0.0,0.0,3.0,0.0,0.0,5.0,8.0,0.0,8.0,7.0,,0.0,0.0,0.0,0.0,,5.0,0.0,,7.0,8.0,42.0,5300.010215881486,214.07744479204212,0.040391892859104085,1.6964595000823717,42.0,False,60
2201401013257013,22,Querétaro,014,Querétaro,0101,San José el Alto,3257,013,Urbana,39,Típica,19,20,9,8.63,39.0,,0.0,0.0,0.0,,0.0,,4.0,0.0,0.0,,0.0,0.0,7.0,,9.0,21.0,9.0,9.0,27.0,3.0,20.0,39.0,19.0,39.0,0.0,0.0,0.0,4.33,1.38,20.0,4.0,0.0,4.0,0.0,0.0,0.0,30.0,17.0,13.0,,,0.0,15.0,30.0,17.0,13.0,5.0,3.0,,28.0,15.0,13.0,,,0.0,35.0,20.0,15.0,35.0,20.0,15.0,3.0,,,3.0,,,,0.0,,9.0,10.0,9.0,,8.0,,8.0,0.0,11.0,,3.0,,5.0,5.0,8.0,8.0,0.0,5.0,,8.0,0.0,0.0,8.0,8.0,8.0,8.0,8.0,4.0,6.0,6.0,0.0,0.0,3.0,0.0,0.0,,8.0,0.0,6.0,8.0,,0.0,0.0,0.0,0.0,0.0,7.0,0.0,5.0,7.0,8.0,39.0,10230.57217967971,225.18478792242817,0.02201096712554332,0.8584277178961895,39.0,False,60
2201401013280003,22,Querétaro,014,Querétaro,0101,San José el Alto,3280,003,Urbana,73,Típica,39,34,21,7.51,73.0,,0.0,,0.0,,,,0.0,0.0,,0.0,0.0,,6.0,4.0,7.0,43.0,14.0,20.0,49.0,4.0,34.0,73.0,39.0,73.0,0.0,0.0,0.0,3.48,1.2,19.0,,,,4.0,,3.0,57.0,26.0,31.0,4.0,,3.0,22.0,53.0,25.0,28.0,8.0,5.0,3.0,49.0,24.0,25.0,6.0,,4.0,71.0,33.0,38.0,67.0,32.0,35.0,6.0,,4.0,8.0,5.0,3.0,12.0,6.0,6.0,21.0,20.0,21.0,,21.0,0.0,18.0,,23.0,3.0,11.0,4.0,10.0,14.0,19.0,19.0,,3.0,,20.0,,0.0,20.0,19.0,21.0,21.0,21.0,8.0,11.0,14.0,0.0,,16.0,0.0,0.0,4.0,20.0,,14.0,18.0,9.0,,,0.0,0.0,,7.0,,3.0,14.0,19.0,73.0,3232.371470220922,287.26919840152635,0.08887258195664387,6.487698482835002,73.0,False,60
2201401014912048,22,Querétaro,014,Querétaro,0101,San José el Alto,4912,048,Urbana,85,Típica,42,43,22,8.56,85.0,,,0.0,0.0,0.0,0.0,0.0,,,0.0,0.0,,,,,4.0,36.0,24.0,28.0,55.0,,43.0,85.0,42.0,85.0,0.0,0.0,0.0,3.86,1.49,35.0,7.0,3.0,4.0,3.0,0.0,3.0,60.0,29.0,31.0,6.0,,4.0,24.0,57.0,29.0,28.0,8.0,5.0,3.0,51.0,27.0,24.0,9.0,7.0,,78.0,40.0,38.0,72.0,35.0,37.0,4.0,0.0,4.0,9.0,4.0,5.0,9.0,3.0,6.0,22.0,24.0,22.0,,22.0,,21.0,,25.0,,7.0,8.0,15.0,12.0,5.0,6.0,16.0,6.0,5.0,20.0,,0.0,20.0,5.0,5.0,5.0,10.0,6.0,3.0,12.0,12.0,4.0,13.0,,17.0,4.0,18.0,4.0,15.0,18.0,18.0,,0.0,0.0,0.0,,7.0,,3.0,20.0,22.0,85.0,118180.22150637276,468.90038377701325,0.003967672236523336,0.33725214010448357,85.0,False,60
2201401014912012,22,Querétaro,014,Querétaro,0101,San José el Alto,4912,012,Urbana,68,Típica,36,32,17,7.46,68.0,,,,,0.0,,,0.0,0.0,0.0,,,0.0,4.0,4.0,4.0,31.0,27.0,18.0,48.0,,32.0,68.0,36.0,68.0,,,0.0,4.0,1.48,27.0,4.0,,3.0,8.0,,6.0,58.0,28.0,30.0,4.0,,,18.0,50.0,26.0,24.0,12.0,6.0,6.0,46.0,24.0,22.0,0.0,0.0,0.0,64.0,31.0,33.0,64.0,31.0,33.0,4.0,,,6.0,3.0,3.0,13.0,4.0,9.0,17.0,21.0,17.0,,17.0,3.0,17.0,,21.0,3.0,5.0,,12.0,12.0,0.0,,15.0,,4.0,14.0,,3.0,15.0,0.0,0.0,0.0,10.0,4.0,,14.0,7.0,0.0,15.0,,17.0,0.0,15.0,,12.0,15.0,15.0,3.0,0.0,0.0,0.0,,5.0,,0.0,17.0,17.0,68.0,35138.10951422883,105.39923075620509,0.002999570330143251,0.20397078244974107,68.0,False,60
220140101369A036,22,Querétaro,014,Querétaro,0101,San José el Alto,369A,036,Urbana,19,Típica,7,12,5,9.25,19.0,,0.0,0.0,0.0,0.0,0.0,0.0,0.0,0.0,0.0,,0.0,0.0,3.0,0.0,4.0,8.0,7.0,7.0,11.0,,12.0,19.0,7.0,19.0,0.0,0.0,0.0,3.8,1.27,,,,0.0,3.0,3.0,0.0,15.0,10.0,5.0,,0.0,,5.0,12.0,7.0,5.0,,,0.0,11.0,7.0,4.0,,0.0,,18.0,11.0,7.0,18.0,11.0,7.0,,,0.0,,,,5.0,4.0,,5.0,11.0,5.0,,5.0,,5.0,4.0,11.0,,,,4.0,3.0,5.0,5.0,0.0,3.0,0.0,5.0,0.0,,5.0,5.0,5.0,5.0,5.0,,4.0,3.0,0.0,,,0.0,0.0,0.0,4.0,,3.0,4.0,,0.0,0.0,0.0,0.0,,3.0,0.0,,4.0,5.0,19.0,3155.639956050694,443.5871875079727,0.1405696447268735,2.6708232498105966,19.0,False,60
220140101369A025,22,Querétaro,014,Querétaro,0101,San José el Alto,369A,025,Urbana,80,Típica,43,37,14,8.72,80.0,,0.0,0.0,0.0,0.0,0.0,0.0,0.0,,,,,3.0,3.0,0.0,7.0,41.0,20.0,20.0,60.0,0.0,37.0,80.0,43.0,80.0,,,0.0,5.71,1.4,29.0,6.0,,4.0,,0.0,,61.0,29.0,32.0,9.0,5.0,4.0,26.0,60.0,29.0,31.0,13.0,5.0,8.0,51.0,24.0,27.0,6.0,3.0,3.0,74.0,35.0,39.0,69.0,32.0,37.0,,0.0,,7.0,3.0,4.0,5.0,,3.0,14.0,14.0,14.0,,14.0,,13.0,0.0,15.0,0.0,,3.0,12.0,11.0,14.0,14.0,0.0,9.0,,14.0,0.0,3.0,14.0,14.0,14.0,14.0,14.0,4.0,12.0,9.0,0.0,,5.0,0.0,0.0,6.0,13.0,,13.0,14.0,,0.0,0.0,0.0,0.0,,9.0,0.0,6.0,14.0,14.0,80.0,3175.5007658070303,356.916251086723,0.1123968398716526,8.991747189732207,80.0,False,60
220140101369A003,22,Querétaro,014,Querétaro,0101,San José el Alto,369A,003,Urbana,54,Típica,31,23,11,8.76,54.0,,,,,,,,0.0,0.0,0.0,0.0,,0.0,3.0,,3.0,30.0,16.0,12.0,40.0,,23.0,54.0,31.0,54.0,0.0,0.0,0.0,4.91,1.38,11.0,4.0,3.0,,4.0,,3.0,46.0,18.0,28.0,5.0,0.0,5.0,16.0,42.0,17.0,25.0,15.0,8.0,7.0,37.0,17.0,20.0,,0.0,,50.0,20.0,30.0,49.0,20.0,29.0,,,,3.0,,,6.0,3.0,3.0,11.0,14.0,11.0,3.0,11.0,0.0,11.0,3.0,14.0,0.0,,3.0,9.0,8.0,11.0,11.0,0.0,5.0,3.0,11.0,,3.0,11.0,11.0,11.0,11.0,11.0,3.0,8.0,8.0,0.0,,6.0,0.0,0.0,3.0,9.0,,11.0,10.0,3.0,0.0,0.0,0.0,0.0,,7.0,0.0,4.0,6.0,11.0,54.0,3315.669096095889,453.41727163885787,0.13674985606155465,7.3844922273239515,54.0,False,60
2201401013257026,22,Querétaro,014,Querétaro,0101,San José el Alto,3257,026,Urbana,0,Típica,0,0,0,0.0,0.0,,0.0,0.0,0.0,0.0,0.0,0.0,0.0,0.0,0.0,0.0,0.0,0.0,0.0,0.0,0.0,0.0,0.0,0.0,0.0,0.0,0.0,0.0,0.0,0.0,0.0,0.0,0.0,0.0,0.0,0.0,0.0,0.0,0.0,0.0,0.0,0.0,0.0,0.0,0.0,0.0,0.0,0.0,0.0,0.0,0.0,0.0,0.0,0.0,0.0,0.0,0.0,0.0,0.0,0.0,0.0,0.0,0.0,0.0,0.0,0.0,0.0,0.0,0.0,0.0,0.0,0.0,0.0,0.0,0.0,0.0,0.0,0.0,0.0,0.0,0.0,0.0,0.0,0.0,0.0,0.0,0.0,0.0,0.0,0.0,0.0,0.0,0.0,0.0,0.0,0.0,0.0,0.0,0.0,0.0,0.0,0.0,0.0,0.0,0.0,0.0,0.0,0.0,0.0,0.0,0.0,0.0,0.0,0.0,0.0,0.0,0.0,0.0,0.0,0.0,0.0,0.0,0.0,0.0,0.0,0.0,0.0,0.0,10167.676685692402,262.29864494172966,0.025797303853182813,0.0,0.0,False,60
2201401015018014,22,Querétaro,014,Querétaro,0101,San José el Alto,5018,014,Urbana,15,Típica,8,7,3,7.56,15.0,,0.0,0.0,0.0,0.0,0.0,0.0,0.0,0.0,0.0,0.0,0.0,0.0,0.0,0.0,0.0,6.0,3.0,6.0,9.0,0.0,7.0,15.0,8.0,15.0,0.0,0.0,0.0,5.0,1.67,5.0,,,0.0,0.0,0.0,0.0,9.0,4.0,5.0,,,0.0,4.0,9.0,4.0,5.0,3.0,,,8.0,3.0,5.0,,0.0,,14.0,6.0,8.0,13.0,6.0,7.0,0.0,0.0,0.0,4.0,,,3.0,,,3.0,5.0,3.0,,3.0,,3.0,0.0,5.0,0.0,,,,,,,,,0.0,3.0,0.0,0.0,3.0,,3.0,,,0.0,,3.0,,,,0.0,0.0,0.0,3.0,0.0,,3.0,,0.0,0.0,0.0,0.0,0.0,,0.0,,,3.0,15.0,3587.6653966698855,125.79298375549936,0.03506262982948798,0.5259394474423198,15.0,False,60
2201401014325012,22,Querétaro,014,Querétaro,0101,San José el Alto,4325,012,Urbana,64,Típica,38,26,22,13.31,64.0,,,0.0,0.0,0.0,0.0,,4.0,,,4.0,0.0,,24.0,,25.0,41.0,12.0,11.0,49.0,4.0,26.0,64.0,38.0,64.0,0.0,0.0,0.0,2.91,0.75,4.0,3.0,,,,0.0,,54.0,21.0,33.0,3.0,0.0,3.0,17.0,53.0,21.0,32.0,9.0,3.0,6.0,50.0,21.0,29.0,,,,61.0,25.0,36.0,60.0,24.0,36.0,6.0,3.0,3.0,5.0,3.0,,3.0,,,22.0,38.0,22.0,23.0,22.0,23.0,15.0,0.0,45.0,0.0,,,20.0,21.0,22.0,22.0,0.0,18.0,0.0,21.0,,8.0,22.0,22.0,22.0,22.0,22.0,17.0,18.0,19.0,0.0,3.0,4.0,0.0,0.0,14.0,22.0,0.0,17.0,21.0,4.0,,0.0,0.0,0.0,12.0,16.0,0.0,9.0,7.0,22.0,64.0,12532.654814282898,586.5379703458715,0.046800775975846774,2.9952496624541936,64.0,False,60
2201401015022033,22,Querétaro,014,Querétaro,0101,San José el Alto,5022,033,Urbana,1,Típica,0,0,1,,,,,,,,,,,,,,,,,,,,,,,,,,,1.0,,,,,,,,,,,,,,,,,,,,,,,,,,,,,,,,,,,,,,,,,,,,,,,1.0,,,,,,,,2.0,,,,,,,,,,,,,,,,,,,,,,,,,,,,,,,,,,,,,,,,,,,1.0,4719.127279977374,642.7005777519487,0.13619055804636618,0.13619055804636618,1.0,False,60
2201401053100039,22,Querétaro,014,Querétaro,0105,San Pedro Mártir,3100,039,Urbana,47,Típica,24,23,14,12.03,47.0,,0.0,0.0,0.0,0.0,0.0,0.0,0.0,0.0,0.0,,0.0,0.0,,0.0,,32.0,6.0,10.0,37.0,0.0,23.0,47.0,24.0,47.0,4.0,3.0,,3.36,0.89,5.0,,,,,,0.0,38.0,20.0,18.0,3.0,,,17.0,37.0,19.0,18.0,7.0,5.0,,34.0,18.0,16.0,4.0,,,45.0,22.0,23.0,41.0,20.0,21.0,,0.0,,3.0,0.0,3.0,4.0,,3.0,14.0,18.0,14.0,4.0,14.0,4.0,14.0,0.0,18.0,0.0,,,12.0,12.0,14.0,14.0,0.0,7.0,,14.0,0.0,5.0,14.0,14.0,14.0,14.0,14.0,10.0,12.0,13.0,0.0,,7.0,0.0,0.0,11.0,14.0,0.0,12.0,13.0,0.0,0.0,,0.0,0.0,8.0,11.0,0.0,5.0,,13.0,47.0,4198.503283467312,29.97139046889296,0.007138589265110981,0.3355136954602161,47.0,False,60
2201401053100032,22,Querétaro,014,Querétaro,0105,San Pedro Mártir,3100,032,Urbana,13,Típica,6,7,3,10.5,13.0,,0.0,0.0,0.0,0.0,0.0,0.0,0.0,0.0,0.0,0.0,0.0,0.0,,0.0,,5.0,4.0,5.0,8.0,0.0,7.0,13.0,6.0,13.0,0.0,0.0,0.0,4.33,1.18,7.0,0.0,0.0,0.0,,,0.0,9.0,5.0,4.0,,0.0,,4.0,8.0,4.0,4.0,,,0.0,7.0,4.0,3.0,,,0.0,13.0,7.0,6.0,13.0,7.0,6.0,0.0,0.0,0.0,3.0,,,,,,3.0,3.0,3.0,0.0,3.0,0.0,3.0,0.0,3.0,0.0,,0.0,,3.0,0.0,3.0,0.0,,0.0,3.0,,0.0,3.0,3.0,3.0,3.0,3.0,3.0,,,0.0,0.0,,0.0,0.0,,3.0,0.0,,3.0,,0.0,0.0,0.0,0.0,0.0,,0.0,,,3.0,13.0,12462.197473301765,166.16258709272145,0.013333329651427674,0.17333328546855975,13.0,False,60
2201401053100029,22,Querétaro,014,Querétaro,0105,San Pedro Mártir,3100,029,Urbana,31,Típica,16,15,8,8.75,31.0,,0.0,0.0,0.0,,0.0,0.0,0.0,0.0,0.0,0.0,0.0,0.0,3.0,,3.0,13.0,9.0,11.0,19.0,,15.0,31.0,16.0,31.0,3.0,,,3.88,1.0,14.0,,,,,,,22.0,10.0,12.0,,0.0,,7.0,20.0,9.0,11.0,,,,19.0,9.0,10.0,3.0,3.0,0.0,29.0,14.0,15.0,26.0,11.0,15.0,,0.0,,4.0,,3.0,6.0,,4.0,8.0,10.0,8.0,,8.0,,8.0,,10.0,0.0,4.0,3.0,4.0,5.0,7.0,8.0,0.0,3.0,,8.0,3.0,0.0,8.0,8.0,8.0,8.0,8.0,3.0,,5.0,0.0,0.0,5.0,0.0,0.0,,7.0,,5.0,8.0,5.0,0.0,,0.0,0.0,,,0.0,0.0,7.0,7.0,31.0,2423.8536104512777,475.6406496992054,0.1962332410044556,6.0832304711381235,31.0,False,60
2201401053100028,22,Querétaro,014,Querétaro,0105,San Pedro Mártir,3100,028,Urbana,46,Típica,26,20,14,10.72,46.0,,0.0,0.0,0.0,0.0,0.0,0.0,,0.0,0.0,0.0,0.0,0.0,,0.0,4.0,28.0,5.0,14.0,31.0,,20.0,46.0,26.0,46.0,,0.0,,3.29,1.29,11.0,3.0,,,,0.0,,33.0,15.0,18.0,,,,11.0,32.0,15.0,17.0,7.0,4.0,3.0,30.0,14.0,16.0,,0.0,,43.0,19.0,24.0,42.0,19.0,23.0,4.0,,,9.0,4.0,5.0,6.0,3.0,3.0,14.0,17.0,14.0,,13.0,,14.0,,17.0,3.0,7.0,3.0,6.0,7.0,6.0,13.0,0.0,10.0,,13.0,,0.0,13.0,13.0,13.0,13.0,13.0,,10.0,5.0,0.0,0.0,3.0,0.0,0.0,,13.0,0.0,11.0,10.0,3.0,0.0,,0.0,0.0,0.0,8.0,0.0,3.0,8.0,11.0,46.0,46929.42459353488,1070.8391676066462,0.022818075799594776,1.0496314867813596,46.0,False,60
2201402363971015,22,Querétaro,014,Querétaro,0236,Colinas de Santa Cruz Segunda Sección,3971,015,Urbana,590,Típica,301,289,169,12.33,590.0,,4.0,,,7.0,,6.0,10.0,4.0,,10.0,9.0,6.0,18.0,13.0,35.0,337.0,141.0,160.0,407.0,23.0,289.0,590.0,301.0,590.0,4.0,,3.0,3.49,0.91,89.0,19.0,9.0,10.0,49.0,25.0,24.0,479.0,239.0,240.0,34.0,21.0,13.0,178.0,430.0,214.0,216.0,80.0,42.0,38.0,396.0,193.0,203.0,31.0,13.0,18.0,571.0,280.0,291.0,552.0,271.0,281.0,36.0,15.0,21.0,61.0,28.0,33.0,77.0,39.0,38.0,169.0,183.0,169.0,,169.0,16.0,165.0,,187.0,,17.0,8.0,152.0,159.0,169.0,169.0,0.0,108.0,41.0,167.0,27.0,41.0,169.0,169.0,169.0,169.0,169.0,118.0,155.0,137.0,0.0,17.0,58.0,0.0,0.0,117.0,169.0,0.0,102.0,167.0,12.0,0.0,4.0,0.0,0.0,72.0,129.0,0.0,102.0,165.0,162.0,590.0,21937.762752105664,483.17655099033504,0.02202487812682531,12.994678094826932,590.0,False,60
2201402363971026,22,Querétaro,014,Querétaro,0236,Colinas de Santa Cruz Segunda Sección,3971,026,Urbana,476,Típica,244,232,137,13.22,476.0,,4.0,4.0,,13.0,3.0,17.0,9.0,4.0,,7.0,21.0,14.0,8.0,30.0,35.0,265.0,115.0,115.0,333.0,28.0,232.0,476.0,244.0,476.0,19.0,8.0,11.0,3.47,0.92,83.0,23.0,10.0,13.0,20.0,11.0,9.0,381.0,189.0,192.0,23.0,12.0,11.0,145.0,361.0,178.0,183.0,57.0,27.0,30.0,338.0,166.0,172.0,29.0,8.0,21.0,453.0,222.0,231.0,437.0,217.0,220.0,36.0,20.0,16.0,43.0,25.0,18.0,52.0,29.0,23.0,137.0,177.0,137.0,41.0,137.0,27.0,136.0,14.0,178.0,,9.0,4.0,128.0,132.0,137.0,137.0,0.0,104.0,15.0,137.0,4.0,48.0,137.0,137.0,137.0,137.0,137.0,109.0,127.0,120.0,0.0,15.0,28.0,0.0,0.0,104.0,137.0,0.0,94.0,136.0,8.0,0.0,3.0,0.0,0.0,74.0,111.0,0.0,86.0,136.0,134.0,476.0,27597.822582704808,169.17590379484864,0.006130045342811536,2.917901583178291,476.0,False,60
