stop_id,tiempo_red_min,route_id_principal,route_short_name,num_transbordos,num_paradas_camino,num_rutas_camino,tipo_conexion,itinerario_route_ids,itinerario_rutas,paradas_transbordo,camino_stop_ids,rutas_por_segmento,penalizacion_transbordo_config_min,stop_name,stop_lat,stop_lon,p50_historico_min,p80_historico_min,observaciones,consultas_dentro_umbral,primera_observacion_utc,ultima_observacion_utc,proporcion_dentro_umbral,observaciones_laboral,p50_laboral_min,p80_laboral_min,observaciones_fin_de_semana,p50_fin_de_semana_min,p80_fin_de_semana_min,ultima_eta_min,ultima_eta_utc,ultimo_tipo_dia,ultima_franja_horaria,calidad_muestra,clasificacion_acceso,edad_ultima_eta_horas,ultima_eta_reciente,tiempo_estimado_min,fuente_tiempo
2341,1.5333333333333334,344.0,C54,0,2,1,Directa,344,C54,,"['2341', '3025']",['344'],5.0,Av. Felipe Ángeles/Av. San Roque,20.60382854,-100.3994944,4.55,9.766666666666667,9,9.0,2026-09-14 16:47:07.157796+00:00,2026-09-28 04:40:12.986595+00:00,1.0,8,4.55,9.766666666666667,1,9.766666666666667,9.766666666666667,9.766666666666667,2026-09-28 04:40:12.986595+00:00,fin_de_semana,19-23,Suficiente,Acceso confiable,209.24219331333333,False,9.766666666666667,P80 histórico de ETA Google por parada
3295,2.216666666666667,344.0,C54,0,3,1,Directa,344,C54,,"['3295', '2341', '3025']","['344', '344']",5.0,Felipe Ángeles/Fraternidad,20.60575258,-100.3994738,12.366666666666667,12.366666666666667,9,9.0,2026-09-14 16:47:07.157796+00:00,2026-09-28 04:40:12.986595+00:00,1.0,8,8.916666666666668,12.366666666666667,1,12.366666666666667,12.366666666666667,12.366666666666667,2026-09-28 04:40:12.986595+00:00,fin_de_semana,19-23,Suficiente,Acceso confiable,209.24219331333333,False,12.366666666666667,P80 histórico de ETA Google por parada
2340,2.7333333333333334,344.0,C54,0,4,1,Directa,344,C54,,"['2340', '3295', '2341', '3025']","['344', '344', '344']",5.0,Av. Felipe Ángeles/Plan de Ayala Poniente,20.607203547483,-100.3994563094,6.2,11.8,9,9.0,2026-09-14 16:47:07.157796+00:00,2026-09-28 04:40:12.986595+00:00,1.0,8,6.2,11.8,1,14.55,14.55,14.55,2026-09-28 04:40:12.986595+00:00,fin_de_semana,19-23,Suficiente,Acceso confiable,209.24219331333333,False,11.8,P80 histórico de ETA Google por parada
3294,3.5833333333333335,344.0,C54,0,5,1,Directa,344,C54,,"['3294', '2340', '3295', '2341', '3025']","['344', '344', '344', '344']",5.0,Av. Felipe Ángeles/Calle del Porvenir,20.60958598,-100.3994269,13.283333333333331,13.57,9,9.0,2026-09-14 16:47:07.157796+00:00,2026-09-28 04:40:12.986595+00:00,1.0,8,10.291666666666666,13.283333333333331,1,19.3,19.3,19.3,2026-09-28 04:40:12.986595+00:00,fin_de_semana,19-23,Suficiente,Acceso confiable,209.24219331333333,False,13.57,P80 histórico de ETA Google por parada
2339,4.2,344.0,C54,0,6,1,Directa,344,C54,,"['2339', '3294', '2340', '3295', '2341', '3025']","['344', '344', '344', '344', '344']",5.0,Av. Felipe Ángeles/Felipe Ángeles 225,20.61130038,-100.3996564,8.15,14.4,9,9.0,2026-09-14 16:47:07.157796+00:00,2026-09-28 04:40:12.986595+00:00,1.0,8,8.15,11.900000000000004,1,22.033333333333335,22.033333333333335,22.033333333333335,2026-09-28 04:40:12.986595+00:00,fin_de_semana,19-23,Suficiente,Acceso confiable,209.24219331333333,False,14.4,P80 histórico de ETA Google por parada
2338,4.7,344.0,C54,0,7,1,Directa,344,C54,,"['2338', '2339', '3294', '2340', '3295', '2341', '3025']","['344', '344', '344', '344', '344', '344']",5.0,Av. Felipe Ángeles/Estadística,20.612683725801,-100.39982101305,8.866666666666667,15.333333333333334,9,9.0,2026-09-14 16:47:07.157796+00:00,2026-09-28 04:40:12.986595+00:00,1.0,8,8.866666666666667,12.74666666666667,1,24.2,24.2,24.2,2026-09-28 04:40:12.986595+00:00,fin_de_semana,19-23,Suficiente,Acceso confiable,209.24219331333333,False,15.333333333333334,P80 histórico de ETA Google por parada
4256,5.366666666666667,344.0,C54,0,8,1,Directa,344,C54,,"['4256', '2338', '2339', '3294', '2340', '3295', '2341', '3025']","['344', '344', '344', '344', '344', '344', '344']",5.0,Epigmenio González/Departamental Parques,20.61253538,-100.4017958,9.766666666666667,9.766666666666667,9,9.0,2026-09-14 16:47:07.157796+00:00,2026-09-28 04:40:12.986595+00:00,1.0,8,9.766666666666667,9.766666666666667,1,27.55,27.55,27.55,2026-09-28 04:40:12.986595+00:00,fin_de_semana,19-23,Suficiente,Acceso confiable,209.24219331333333,False,9.766666666666667,P80 histórico de ETA Google por parada
3363,8.033333333333333,344.0,C54,0,9,1,Directa,344,C54,,"['3363', '4256', '2338', '2339', '3294', '2340', '3295', '2341', '3025']","['344', '344', '344', '344', '344', '344', '344', '344']",5.0,Prol. Tecnológico/Calle San Joaquín,20.61262157,-100.4098494,12.866666666666667,17.113333333333337,9,8.0,2026-09-14 16:47:07.157796+00:00,2026-09-28 04:40:12.986595+00:00,0.8888888888888888,8,12.866666666666667,12.866666666666667,1,38.96666666666667,38.96666666666667,38.96666666666667,2026-09-28 04:40:12.986595+00:00,fin_de_semana,19-23,Suficiente,Acceso confiable,209.24219331333333,False,17.113333333333337,P80 histórico de ETA Google por parada
3362,9.2,344.0,C54,0,10,1,Directa,344,C54,,"['3362', '3363', '4256', '2338', '2339', '3294', '2340', '3295', '2341', '3025']","['344', '344', '344', '344', '344', '344', '344', '344', '344']",5.0,Prol. Tecnológico/Ford Citelis Querétaro,20.615897,-100.4101382,14.316666666666666,14.316666666666666,9,8.0,2026-09-14 16:47:07.157796+00:00,2026-09-28 04:40:12.986595+00:00,0.8888888888888888,8,14.316666666666666,14.316666666666666,1,41.516666666666666,41.516666666666666,41.516666666666666,2026-09-28 04:40:12.986595+00:00,fin_de_semana,19-23,Suficiente,Acceso confiable,209.24219331333333,False,14.316666666666666,P80 histórico de ETA Google por parada
2889,11.266666666666666,344.0,C54,0,11,1,Directa,344,C54,,"['2889', '3362', '3363', '4256', '2338', '2339', '3294', '2340', '3295', '2341', '3025']","['344', '344', '344', '344', '344', '344', '344', '344', '344', '344']",5.0,Av. Cerro Sombrerete/Av. Playa Roqueta,20.62166004,-100.4112608,16.766666666666666,16.766666666666666,9,8.0,2026-09-14 16:47:07.157796+00:00,2026-09-28 04:40:12.986595+00:00,0.8888888888888888,8,16.766666666666666,16.766666666666666,1,58.233333333333334,58.233333333333334,58.233333333333334,2026-09-28 04:40:12.986595+00:00,fin_de_semana,19-23,Suficiente,Acceso confiable,209.24219331333333,False,16.766666666666666,P80 histórico de ETA Google por parada
2888,11.95,344.0,C54,0,12,1,Directa,344,C54,,"['2888', '2889', '3362', '3363', '4256', '2338', '2339', '3294', '2340', '3295', '2341', '3025']","['344', '344', '344', '344', '344', '344', '344', '344', '344', '344', '344']",5.0,Av. Cerro Sombrerete/Cerro del Peñón,20.62348791,-100.41194,17.683333333333334,17.683333333333334,9,8.0,2026-09-14 16:47:07.157796+00:00,2026-09-28 04:40:12.986595+00:00,0.8888888888888888,8,17.683333333333334,17.683333333333334,1,55.5,55.5,55.5,2026-09-28 04:40:12.986595+00:00,fin_de_semana,19-23,Suficiente,Acceso confiable,209.24219331333333,False,17.683333333333334,P80 histórico de ETA Google por parada
2337,12.0,375.0,T07,1,8,2,Con transbordo,375 → 344,T07 → C54,Av. Felipe Ángeles/Estadística,"['2337', '2338', '2339', '3294', '2340', '3295', '2341', '3025']","['375', '344', '344', '344', '344', '344', '344']",5.0,Prol. Ezequiel Montes/Soriana Hiper,20.61597957,-100.4031612,18.0,18.22,9,8.0,2026-09-14 16:47:07.157796+00:00,2026-09-28 04:40:12.986595+00:00,0.8888888888888888,8,18.0,18.0,1,33.88333333333333,33.88333333333333,33.88333333333333,2026-09-28 04:40:12.986595+00:00,fin_de_semana,19-23,Suficiente,Acceso confiable,209.24219331333333,False,18.22,P80 histórico de ETA Google por parada
3284,12.65,324.0,C33,1,9,2,Con transbordo,324 → 344,C33 → C54,Epigmenio González/Departamental Parques,"['3284', '4256', '2338', '2339', '3294', '2340', '3295', '2341', '3025']","['324', '344', '344', '344', '344', '344', '344', '344']",5.0,Epigmenio González/Prol. Porvenir,20.60799432,-100.4065914,15.85,21.0,9,9.0,2026-09-14 16:47:07.157796+00:00,2026-09-28 04:40:12.986595+00:00,1.0,8,15.85,19.02666666666667,1,25.8,25.8,25.8,2026-09-28 04:40:12.986595+00:00,fin_de_semana,19-23,Suficiente,Acceso confiable,209.24219331333333,False,21.0,P80 histórico de ETA Google por parada
2887,12.933333333333332,344.0,C54,0,13,1,Directa,344,C54,,"['2887', '2888', '2889', '3362', '3363', '4256', '2338', '2339', '3294', '2340', '3295', '2341', '3025']","['344', '344', '344', '344', '344', '344', '344', '344', '344', '344', '344', '344']",5.0,Av. Cerro Sombrerete/Fidel Velázquez,20.62617403,-100.4126216,18.933333333333337,18.933333333333337,9,8.0,2026-09-14 16:47:07.157796+00:00,2026-09-28 04:40:12.986595+00:00,0.8888888888888888,8,18.933333333333337,18.933333333333337,1,59.45,59.45,59.45,2026-09-28 04:40:12.986595+00:00,fin_de_semana,19-23,Suficiente,Acceso confiable,209.24219331333333,False,18.933333333333337,P80 histórico de ETA Google por parada
2886,13.2,344.0,C54,0,14,1,Directa,344,C54,,"['2886', '2887', '2888', '2889', '3362', '3363', '4256', '2338', '2339', '3294', '2340', '3295', '2341', '3025']","['344', '344', '344', '344', '344', '344', '344', '344', '344', '344', '344', '344', '344']",5.0,Av. Cerro Sombrerete/J. Elías Piña,20.62692366,-100.4127094,19.4,19.4,9,9.0,2026-09-14 16:47:07.157796+00:00,2026-09-28 04:40:12.986595+00:00,1.0,8,19.4,19.4,1,15.833333333333334,15.833333333333334,15.833333333333334,2026-09-28 04:40:12.986595+00:00,fin_de_semana,19-23,Suficiente,Acceso confiable,209.24219331333333,False,19.4,P80 histórico de ETA Google por parada
4143,13.25,324.0,C33,1,10,2,Con transbordo,324 → 344,C33 → C54,Epigmenio González/Departamental Parques,"['4143', '3284', '4256', '2338', '2339', '3294', '2340', '3295', '2341', '3025']","['324', '324', '344', '344', '344', '344', '344', '344', '344']",5.0,Ejido/Epigmenio González,20.606326873816,-100.40671834965,13.95,18.56,9,9.0,2026-09-14 16:47:07.157796+00:00,2026-09-28 04:40:12.986595+00:00,1.0,8,13.841666666666663,17.966666666666665,1,23.1,23.1,23.1,2026-09-28 04:40:12.986595+00:00,fin_de_semana,19-23,Suficiente,Acceso confiable,209.24219331333333,False,18.56,P80 histórico de ETA Google por parada
2336,14.15,375.0,T07,1,9,2,Con transbordo,375 → 344,T07 → C54,Av. Felipe Ángeles/Estadística,"['2336', '2337', '2338', '2339', '3294', '2340', '3295', '2341', '3025']","['375', '375', '344', '344', '344', '344', '344', '344']",5.0,Río Tuxpan,20.61981687,-100.4050703,20.5,26.316666666666663,9,8.0,2026-09-14 16:47:07.157796+00:00,2026-09-28 04:40:12.986595+00:00,0.8888888888888888,8,20.5,23.99,1,39.93333333333333,39.93333333333333,39.93333333333333,2026-09-28 04:40:12.986595+00:00,fin_de_semana,19-23,Suficiente,Acceso confiable,209.24219331333333,False,26.316666666666663,P80 histórico de ETA Google por parada
5197,14.433333333333334,324.0,C33,1,11,2,Con transbordo,324 → 344,C33 → C54,Epigmenio González/Departamental Parques,"['5197', '4143', '3284', '4256', '2338', '2339', '3294', '2340', '3295', '2341', '3025']","['324', '324', '324', '344', '344', '344', '344', '344', '344', '344']",5.0,Ejido/Luis G. Urbina,20.603042195486,-100.40655562462,12.416666666666666,13.35,9,9.0,2026-09-14 16:47:07.157796+00:00,2026-09-28 04:40:12.986595+00:00,1.0,8,12.416666666666666,12.416666666666666,1,17.733333333333334,17.733333333333334,17.733333333333334,2026-09-28 04:40:12.986595+00:00,fin_de_semana,19-23,Suficiente,Acceso confiable,209.24219331333333,False,13.35,P80 histórico de ETA Google por parada
3100,14.816666666666666,344.0,C54,0,15,1,Directa,344,C54,,"['3100', '2886', '2887', '2888', '2889', '3362', '3363', '4256', '2338', '2339', '3294', '2340', '3295', '2341', '3025']","['344', '344', '344', '344', '344', '344', '344', '344', '344', '344', '344', '344', '344', '344']",5.0,Prol. Ometecutli/Calle Luis Quintero,20.62540821,-100.4173307,21.35,21.35,9,9.0,2026-09-14 16:47:07.157796+00:00,2026-09-28 04:40:12.986595+00:00,1.0,8,21.35,21.35,1,17.35,17.35,17.35,2026-09-28 04:40:12.986595+00:00,fin_de_semana,19-23,Suficiente,Acceso confiable,209.24219331333333,False,21.35,P80 histórico de ETA Google por parada
3099,15.183333333333334,344.0,C54,0,16,1,Directa,344,C54,,"['3099', '3100', '2886', '2887', '2888', '2889', '3362', '3363', '4256', '2338', '2339', '3294', '2340', '3295', '2341', '3025']","['344', '344', '344', '344', '344', '344', '344', '344', '344', '344', '344', '344', '344', '344', '344']",5.0,Prol. Ometecutli/Cerro del Tezcaltzin,20.62453921,-100.4179384,21.933333333333337,21.933333333333337,9,9.0,2026-09-14 16:47:07.157796+00:00,2026-09-28 04:40:12.986595+00:00,1.0,8,21.933333333333337,21.933333333333337,1,17.833333333333332,17.833333333333332,17.833333333333332,2026-09-28 04:40:12.986595+00:00,fin_de_semana,19-23,Suficiente,Acceso confiable,209.24219331333333,False,21.933333333333337,P80 histórico de ETA Google por parada
2859,15.7,350.0,C62,1,11,2,Con transbordo,350 → 344,C62 → C54,Prol. Tecnológico/Ford Citelis Querétaro,"['2859', '3362', '3363', '4256', '2338', '2339', '3294', '2340', '3295', '2341', '3025']","['350', '344', '344', '344', '344', '344', '344', '344', '344', '344']",5.0,San Pablo/Loma de San Pablo,20.61937229,-100.4113686,20.266666666666666,24.08,9,8.0,2026-09-14 16:47:07.157796+00:00,2026-09-28 04:40:12.986595+00:00,0.8888888888888888,8,20.266666666666666,20.266666666666666,1,42.15,42.15,42.15,2026-09-28 04:40:12.986595+00:00,fin_de_semana,19-23,Suficiente,Acceso confiable,209.24219331333333,False,24.08,P80 histórico de ETA Google por parada
2335,15.75,375.0,T07,1,10,2,Con transbordo,375 → 344,T07 → C54,Av. Felipe Ángeles/Estadística,"['2335', '2336', '2337', '2338', '2339', '3294', '2340', '3295', '2341', '3025']","['375', '375', '375', '344', '344', '344', '344', '344', '344']",5.0,Playa Roqueta,20.62289613,-100.4058467,27.666666666666668,27.666666666666668,9,8.0,2026-09-14 16:47:07.157796+00:00,2026-09-28 04:40:12.986595+00:00,0.8888888888888888,8,25.041666666666668,27.666666666666668,1,44.166666666666664,44.166666666666664,44.166666666666664,2026-09-28 04:40:12.986595+00:00,fin_de_semana,19-23,Suficiente,Acceso confiable,209.24219331333333,False,27.666666666666668,P80 histórico de ETA Google por parada
2392,16.0,324.0,C33,1,8,2,Con transbordo,324 → 344,C33 → C54,Av. Felipe Ángeles/Estadística,"['2392', '2338', '2339', '3294', '2340', '3295', '2341', '3025']","['324', '344', '344', '344', '344', '344', '344']",5.0,Prol. Corregidora Norte/Plaza del Parque (Bahía Ii),20.615545651003,-100.39014446414,18.766666666666666,20.306666666666665,9,8.0,2026-09-14 16:47:07.157796+00:00,2026-09-28 04:40:12.986595+00:00,0.8888888888888888,8,18.766666666666666,19.54,1,40.15,40.15,40.15,2026-09-28 04:40:12.986595+00:00,fin_de_semana,19-23,Suficiente,Acceso confiable,209.24219331333333,False,20.306666666666665,P80 histórico de ETA Google por parada
3283,16.033333333333335,324.0,C33,1,12,2,Con transbordo,324 → 344,C33 → C54,Epigmenio González/Departamental Parques,"['3283', '5197', '4143', '3284', '4256', '2338', '2339', '3294', '2340', '3295', '2341', '3025']","['324', '324', '324', '324', '344', '344', '344', '344', '344', '344', '344']",5.0,José Amilcar Vidal/San Agustín del Retablo,20.59854242,-100.4064978,10.5,10.5,9,9.0,2026-09-14 16:47:07.157796+00:00,2026-09-28 04:40:12.986595+00:00,1.0,8,10.5,10.5,1,10.5,10.5,10.5,2026-09-28 04:40:12.986595+00:00,fin_de_semana,19-23,Suficiente,Acceso confiable,209.24219331333333,False,10.5,P80 histórico de ETA Google por parada
2313,17.25,324.0,C33,1,13,2,Con transbordo,324 → 344,C33 → C54,Epigmenio González/Departamental Parques,"['2313', '3283', '5197', '4143', '3284', '4256', '2338', '2339', '3294', '2340', '3295', '2341', '3025']","['324', '324', '324', '324', '324', '344', '344', '344', '344', '344', '344', '344']",5.0,Av. Tecnológico/Itq,20.59517201,-100.4067738,11.7,11.866666666666667,9,9.0,2026-09-14 16:47:07.157796+00:00,2026-09-28 04:40:12.986595+00:00,1.0,8,11.391666666666666,11.8,1,14.716666666666669,14.716666666666669,14.716666666666669,2026-09-28 04:40:12.986595+00:00,fin_de_semana,19-23,Suficiente,Acceso confiable,209.24219331333333,False,11.866666666666667,P80 histórico de ETA Google por parada
1915,17.55,324.0,C33,1,9,2,Con transbordo,324 → 344,C33 → C54,Av. Felipe Ángeles/Estadística,"['1915', '2392', '2338', '2339', '3294', '2340', '3295', '2341', '3025']","['324', '324', '344', '344', '344', '344', '344', '344']",5.0,Prol. Corregidora Norte/Real de Monserrat,20.617882076716,-100.39017545266,19.816666666666663,20.066666666666663,9,8.0,2026-09-14 16:47:07.157796+00:00,2026-09-28 04:40:12.986595+00:00,0.8888888888888888,8,19.816666666666663,19.96666666666666,1,46.25,46.25,46.25,2026-09-28 04:40:12.986595+00:00,fin_de_semana,19-23,Suficiente,Acceso confiable,209.24219331333333,False,20.066666666666663,P80 histórico de ETA Google por parada
2220,17.75,351.0,C63,2,9,3,Con transbordo,351 → 375 → 344,C63 → T07 → C54,Prol. Ezequiel Montes/Soriana Hiper → Av. Felipe Ángeles/Estadística,"['2220', '2337', '2338', '2339', '3294', '2340', '3295', '2341', '3025']","['351', '375', '344', '344', '344', '344', '344', '344']",5.0,Blvd. Bernardo Quintana/Soriana Híper,20.61723191,-100.4047427,26.616666666666667,27.196666666666665,9,8.0,2026-09-14 16:47:07.157796+00:00,2026-09-28 04:40:12.986595+00:00,0.8888888888888888,8,26.616666666666667,26.616666666666667,1,36.71666666666667,36.71666666666667,36.71666666666667,2026-09-28 04:40:12.986595+00:00,fin_de_semana,19-23,Suficiente,Acceso confiable,209.24219331333333,False,27.196666666666665,P80 histórico de ETA Google por parada
3492,18.066666666666663,380.0,L154,1,10,2,Con transbordo,380 → 344,L154 → C54,Epigmenio González/Departamental Parques,"['3492', '3284', '4256', '2338', '2339', '3294', '2340', '3295', '2341', '3025']","['380', '380', '344', '344', '344', '344', '344', '344', '344']",5.0,Epigmenio González/Ramiro de Maeztu,20.60515042,-100.4096622,16.7,18.366666666666667,9,9.0,2026-09-14 16:47:07.157796+00:00,2026-09-28 04:40:12.986595+00:00,1.0,8,15.916666666666666,17.62,1,23.733333333333334,23.733333333333334,23.733333333333334,2026-09-28 04:40:12.986595+00:00,fin_de_semana,19-23,Suficiente,Acceso confiable,209.24219331333333,False,18.366666666666667,P80 histórico de ETA Google por parada
2312,18.25,324.0,C33,1,14,2,Con transbordo,324 → 344,C33 → C54,Epigmenio González/Departamental Parques,"['2312', '2313', '3283', '5197', '4143', '3284', '4256', '2338', '2339', '3294', '2340', '3295', '2341', '3025']","['324', '324', '324', '324', '324', '324', '344', '344', '344', '344', '344', '344', '344']",5.0,Av. Tecnológico/Calle Mariano Escobedo,20.592562,-100.405659,12.833333333333334,13.123333333333331,9,9.0,2026-09-14 16:47:07.157796+00:00,2026-09-28 04:40:12.986595+00:00,1.0,8,12.475,13.036666666666669,1,18.9,18.9,18.9,2026-09-28 04:40:12.986595+00:00,fin_de_semana,19-23,Suficiente,Acceso confiable,209.24219331333333,False,13.123333333333331,P80 histórico de ETA Google por parada
2311,18.95,324.0,C33,1,15,2,Con transbordo,324 → 344,C33 → C54,Epigmenio González/Departamental Parques,"['2311', '2312', '2313', '3283', '5197', '4143', '3284', '4256', '2338', '2339', '3294', '2340', '3295', '2341', '3025']","['324', '324', '324', '324', '324', '324', '324', '344', '344', '344', '344', '344', '344', '344']",5.0,Av Tecnológico/Miguel Hidalgo,20.590732462797,-100.40488505147,12.9,13.96,9,9.0,2026-09-14 16:47:07.157796+00:00,2026-09-28 04:40:12.986595+00:00,1.0,8,12.891666666666666,13.84,1,19.516666666666666,19.516666666666666,19.516666666666666,2026-09-28 04:40:12.986595+00:00,fin_de_semana,19-23,Suficiente,Acceso confiable,209.24219331333333,False,13.96,P80 histórico de ETA Google por parada
1983,19.016666666666666,324.0,C33,1,10,2,Con transbordo,324 → 344,C33 → C54,Av. Felipe Ángeles/Estadística,"['1983', '1915', '2392', '2338', '2339', '3294', '2340', '3295', '2341', '3025']","['324', '324', '324', '344', '344', '344', '344', '344', '344']",5.0,Prol. Corregidora Norte/Av. Paseo de la Constitución,20.620079357053,-100.3901606672,20.816666666666663,21.083333333333332,9,8.0,2026-09-14 16:47:07.157796+00:00,2026-09-28 04:40:12.986595+00:00,0.8888888888888888,8,20.816666666666663,21.083333333333332,1,49.31666666666667,49.31666666666667,49.31666666666667,2026-09-28 04:40:12.986595+00:00,fin_de_semana,19-23,Suficiente,Acceso confiable,209.24219331333333,False,21.083333333333332,P80 histórico de ETA Google por parada
2860,19.066666666666663,351.0,C63,2,10,3,Con transbordo,351 → 375 → 344,C63 → T07 → C54,Prol. Ezequiel Montes/Soriana Hiper → Av. Felipe Ángeles/Estadística,"['2860', '2220', '2337', '2338', '2339', '3294', '2340', '3295', '2341', '3025']","['351', '351', '375', '344', '344', '344', '344', '344', '344']",5.0,Blvd. Bernardo Quintana/Chedraui,20.61831958,-100.4081933,28.266666666666666,28.266666666666666,9,8.0,2026-09-14 16:47:07.157796+00:00,2026-09-28 04:40:12.986595+00:00,0.8888888888888888,8,28.266666666666666,28.266666666666666,1,41.25,41.25,41.25,2026-09-28 04:40:12.986595+00:00,fin_de_semana,19-23,Suficiente,Acceso confiable,209.24219331333333,False,28.266666666666666,P80 histórico de ETA Google por parada
3773,19.366666666666667,380.0,L154,1,11,2,Con transbordo,380 → 344,L154 → C54,Epigmenio González/Departamental Parques,"['3773', '3492', '3284', '4256', '2338', '2339', '3294', '2340', '3295', '2341', '3025']","['380', '380', '380', '344', '344', '344', '344', '344', '344', '344']",5.0,Epigmenio González/Bonafont Querétaro,20.604665809191,-100.41144844237,15.666666666666666,15.84,9,9.0,2026-09-14 16:47:07.157796+00:00,2026-09-28 04:40:12.986595+00:00,1.0,8,15.666666666666666,15.666666666666666,1,26.483333333333334,26.483333333333334,26.483333333333334,2026-09-28 04:40:12.986595+00:00,fin_de_semana,19-23,Suficiente,Acceso confiable,209.24219331333333,False,15.84,P80 histórico de ETA Google por parada
2885,19.483333333333334,371.0,T03,1,15,2,Con transbordo,371 → 344,T03 → C54,Av. Cerro Sombrerete/J. Elías Piña,"['2885', '2886', '2887', '2888', '2889', '3362', '3363', '4256', '2338', '2339', '3294', '2340', '3295', '2341', '3025']","['371', '344', '344', '344', '344', '344', '344', '344', '344', '344', '344', '344', '344', '344']",5.0,Av. Cerro Sombrerete/Amanecer,20.62958962,-100.413082,23.15,23.15,9,9.0,2026-09-14 16:47:07.157796+00:00,2026-09-28 04:40:12.986595+00:00,1.0,8,23.15,23.15,1,19.583333333333332,19.583333333333332,19.583333333333332,2026-09-28 04:40:12.986595+00:00,fin_de_semana,19-23,Suficiente,Acceso confiable,209.24219331333333,False,23.15,P80 histórico de ETA Google por parada
2984,19.966666666666665,350.0,C62,1,13,2,Con transbordo,350 → 344,C62 → C54,Prol. Tecnológico/Ford Citelis Querétaro,"['2984', '2858', '2859', '3362', '3363', '4256', '2338', '2339', '3294', '2340', '3295', '2341', '3025']","['350', '350', '350', '344', '344', '344', '344', '344', '344', '344', '344', '344']",5.0,Obrera,20.61879935,-100.4216893,22.733333333333334,22.733333333333334,9,9.0,2026-09-14 16:47:07.157796+00:00,2026-09-28 04:40:12.986595+00:00,1.0,8,22.733333333333334,22.733333333333334,1,22.6,22.6,22.6,2026-09-28 04:40:12.986595+00:00,fin_de_semana,19-23,Suficiente,Acceso confiable,209.24219331333333,False,22.733333333333334,P80 histórico de ETA Google por parada
2310,20.233333333333334,324.0,C33,1,16,2,Con transbordo,324 → 344,C33 → C54,Epigmenio González/Departamental Parques,"['2310', '2311', '2312', '2313', '3283', '5197', '4143', '3284', '4256', '2338', '2339', '3294', '2340', '3295', '2341', '3025']","['324', '324', '324', '324', '324', '324', '324', '324', '344', '344', '344', '344', '344', '344', '344']",5.0,Av. Tecnológico/José María Pino Suarez,20.587451669693,-100.40336165095,15.466666666666669,15.8,9,9.0,2026-09-14 16:47:07.157796+00:00,2026-09-28 04:40:12.986595+00:00,1.0,8,15.366666666666667,15.666666666666668,1,27.316666666666663,27.316666666666663,27.316666666666663,2026-09-28 04:40:12.986595+00:00,fin_de_semana,19-23,Suficiente,Acceso confiable,209.24219331333333,False,15.8,P80 histórico de ETA Google por parada
1982,20.833333333333332,324.0,C33,1,11,2,Con transbordo,324 → 344,C33 → C54,Av. Felipe Ángeles/Estadística,"['1982', '1983', '1915', '2392', '2338', '2339', '3294', '2340', '3295', '2341', '3025']","['324', '324', '324', '324', '344', '344', '344', '344', '344', '344']",5.0,Prol. Corregidora Norte/Jardínera,20.622803655684,-100.39011696988,22.3,22.3,9,8.0,2026-09-14 16:47:07.157796+00:00,2026-09-28 04:40:12.986595+00:00,0.8888888888888888,8,22.3,22.3,1,53.4,53.4,53.4,2026-09-28 04:40:12.986595+00:00,fin_de_semana,19-23,Suficiente,Acceso confiable,209.24219331333333,False,22.3,P80 histórico de ETA Google por parada
4241,20.85,324.0,C33,1,17,2,Con transbordo,324 → 344,C33 → C54,Epigmenio González/Departamental Parques,"['4241', '2310', '2311', '2312', '2313', '3283', '5197', '4143', '3284', '4256', '2338', '2339', '3294', '2340', '3295', '2341', '3025']","['324', '324', '324', '324', '324', '324', '324', '324', '324', '344', '344', '344', '344', '344', '344', '344']",5.0,Av. Tecnológico/José María Arteaga,20.585878216212,-100.40264045185,16.3,16.666666666666668,9,9.0,2026-09-14 16:47:07.157796+00:00,2026-09-28 04:40:12.986595+00:00,1.0,8,16.191666666666666,16.52,1,29.716666666666665,29.716666666666665,29.716666666666665,2026-09-28 04:40:12.986595+00:00,fin_de_semana,19-23,Suficiente,Acceso confiable,209.24219331333333,False,16.666666666666668,P80 histórico de ETA Google por parada
3491,20.9,380.0,L154,1,12,2,Con transbordo,380 → 344,L154 → C54,Epigmenio González/Departamental Parques,"['3491', '3773', '3492', '3284', '4256', '2338', '2339', '3294', '2340', '3295', '2341', '3025']","['380', '380', '380', '380', '344', '344', '344', '344', '344', '344', '344']",5.0,Epigmenio González/Acceso I,20.60452544,-100.4136643,16.7,16.753333333333334,9,9.0,2026-09-14 16:47:07.157796+00:00,2026-09-28 04:40:12.986595+00:00,1.0,8,16.7,16.7,1,29.65,29.65,29.65,2026-09-28 04:40:12.986595+00:00,fin_de_semana,19-23,Suficiente,Acceso confiable,209.24219331333333,False,16.753333333333334,P80 histórico de ETA Google por parada
1921,21.433333333333337,324.0,C33,1,18,2,Con transbordo,324 → 344,C33 → C54,Epigmenio González/Departamental Parques,"['1921', '4241', '2310', '2311', '2312', '2313', '3283', '5197', '4143', '3284', '4256', '2338', '2339', '3294', '2340', '3295', '2341', '3025']","['324', '324', '324', '324', '324', '324', '324', '324', '324', '324', '344', '344', '344', '344', '344', '344', '344']",5.0,Avenida Ignacio Zaragoza/Comercial Mexicana,20.5853,-100.401,17.35,17.516666666666666,9,8.0,2026-09-14 16:47:07.157796+00:00,2026-09-28 04:40:12.986595+00:00,0.8888888888888888,8,17.35,17.516666666666666,1,30.366666666666667,30.366666666666667,30.366666666666667,2026-09-28 04:40:12.986595+00:00,fin_de_semana,19-23,Suficiente,Acceso confiable,209.24219331333333,False,17.516666666666666,P80 histórico de ETA Google por parada
2890,21.633333333333333,350.0,C62,1,14,2,Con transbordo,350 → 344,C62 → C54,Prol. Tecnológico/Ford Citelis Querétaro,"['2890', '2984', '2858', '2859', '3362', '3363', '4256', '2338', '2339', '3294', '2340', '3295', '2341', '3025']","['350', '350', '350', '350', '344', '344', '344', '344', '344', '344', '344', '344', '344']",5.0,Blvd. Bernardo Quintana/Cerro del Tezcaltzin,20.621437,-100.416993,27.05,29.78666666666667,9,7.0,2026-09-14 16:47:07.157796+00:00,2026-09-28 04:40:12.986595+00:00,0.7777777777777778,8,27.05,27.86,1,40.766666666666666,40.766666666666666,40.766666666666666,2026-09-28 04:40:12.986595+00:00,fin_de_semana,19-23,Suficiente,Acceso confiable,209.24219331333333,False,29.78666666666667,P80 histórico de ETA Google por parada
3490,22.166666666666668,380.0,L154,1,13,2,Con transbordo,380 → 344,L154 → C54,Epigmenio González/Departamental Parques,"['3490', '3491', '3773', '3492', '3284', '4256', '2338', '2339', '3294', '2340', '3295', '2341', '3025']","['380', '380', '380', '380', '380', '344', '344', '344', '344', '344', '344', '344']",5.0,Epigmenio González/Paseo 5 de Febrero,20.60442472,-100.4154778,17.583333333333332,17.643333333333334,9,9.0,2026-09-14 16:47:07.157796+00:00,2026-09-28 04:40:12.986595+00:00,1.0,8,17.583333333333332,17.583333333333332,1,29.3,29.3,29.3,2026-09-28 04:40:12.986595+00:00,fin_de_semana,19-23,Suficiente,Acceso confiable,209.24219331333333,False,17.643333333333334,P80 histórico de ETA Google por parada
2983,22.6,350.0,C62,1,14,2,Con transbordo,350 → 344,C62 → C54,Prol. Tecnológico/Ford Citelis Querétaro,"['2983', '2984', '2858', '2859', '3362', '3363', '4256', '2338', '2339', '3294', '2340', '3295', '2341', '3025']","['350', '350', '350', '350', '344', '344', '344', '344', '344', '344', '344', '344', '344']",5.0,18 de Marzo,20.61259758,-100.4199457,20.483333333333334,20.483333333333334,9,9.0,2026-09-14 16:47:07.157796+00:00,2026-09-28 04:40:12.986595+00:00,1.0,8,20.483333333333334,20.483333333333334,1,20.366666666666667,20.366666666666667,20.366666666666667,2026-09-28 04:40:12.986595+00:00,fin_de_semana,19-23,Suficiente,Acceso confiable,209.24219331333333,False,20.483333333333334,P80 histórico de ETA Google por parada
2015,22.666666666666668,160.0,L59,2,11,3,Con transbordo,160 → 324 → 344,L59 → C33 → C54,Prol. Corregidora Norte/Plaza del Parque (Bahía Ii) → Av. Felipe Ángeles/Estadística,"['2015', '1983', '1915', '2392', '2338', '2339', '3294', '2340', '3295', '2341', '3025']","['160', '160', '160', '324', '344', '344', '344', '344', '344', '344']",5.0,Av. Paseo de la Constitución/Primaria Bicentenario de la Independencia,20.621632804349,-100.39235014634,25.916666666666668,26.276666666666667,9,8.0,2026-09-14 16:47:07.157796+00:00,2026-09-28 04:40:12.986595+00:00,0.8888888888888888,8,24.675000000000004,25.916666666666668,1,53.71666666666667,53.71666666666667,53.71666666666667,2026-09-28 04:40:12.986595+00:00,fin_de_semana,19-23,Suficiente,Acceso confiable,209.24219331333333,False,26.276666666666667,P80 histórico de ETA Google por parada
5196,22.683333333333337,324.0,C33,1,12,2,Con transbordo,324 → 344,C33 → C54,Av. Felipe Ángeles/Estadística,"['5196', '1982', '1983', '1915', '2392', '2338', '2339', '3294', '2340', '3295', '2341', '3025']","['324', '324', '324', '324', '324', '344', '344', '344', '344', '344', '344']",5.0,Prol. Corregidora Norte/Indios Verdes,20.625084247179,-100.38844366536,23.533333333333335,26.513333333333335,9,7.0,2026-09-14 16:47:07.157796+00:00,2026-09-28 04:40:12.986595+00:00,0.7777777777777778,8,23.375,23.533333333333335,1,57.1,57.1,57.1,2026-09-28 04:40:12.986595+00:00,fin_de_semana,19-23,Suficiente,Acceso confiable,209.24219331333333,False,26.513333333333335,P80 histórico de ETA Google por parada
2014,23.133333333333333,160.0,L59,2,12,3,Con transbordo,160 → 324 → 344,L59 → C33 → C54,Prol. Corregidora Norte/Plaza del Parque (Bahía Ii) → Av. Felipe Ángeles/Estadística,"['2014', '2015', '1983', '1915', '2392', '2338', '2339', '3294', '2340', '3295', '2341', '3025']","['160', '160', '160', '160', '324', '344', '344', '344', '344', '344', '344']",5.0,Av. Paseo de la Constitución/Parque Querétaro 2000,20.622781,-100.394128,26.75,27.116666666666667,9,8.0,2026-09-14 16:47:07.157796+00:00,2026-09-28 04:40:12.986595+00:00,0.8888888888888888,8,25.608333333333334,26.75,1,56.78333333333333,56.78333333333333,56.78333333333333,2026-09-28 04:40:12.986595+00:00,fin_de_semana,19-23,Suficiente,Acceso confiable,209.24219331333333,False,27.116666666666667,P80 histórico de ETA Google por parada
1920,23.2,324.0,C33,1,19,2,Con transbordo,324 → 344,C33 → C54,Epigmenio González/Departamental Parques,"['1920', '1921', '4241', '2310', '2311', '2312', '2313', '3283', '5197', '4143', '3284', '4256', '2338', '2339', '3294', '2340', '3295', '2341', '3025']","['324', '324', '324', '324', '324', '324', '324', '324', '324', '324', '324', '344', '344', '344', '344', '344', '344', '344']",5.0,Santa Rosa de Viterbo,20.587017932931,-100.39606674584,19.5,19.7,9,9.0,2026-09-14 16:47:07.157796+00:00,2026-09-28 04:40:12.986595+00:00,1.0,8,19.5,19.62,1,24.283333333333335,24.283333333333335,24.283333333333335,2026-09-28 04:40:12.986595+00:00,fin_de_semana,19-23,Suficiente,Acceso confiable,209.24219331333333,False,19.7,P80 histórico de ETA Google por parada
3538,23.26666666666667,348.0,C60,2,13,3,Con transbordo,348 → 324 → 344,C60 → C33 → C54,José Amilcar Vidal/San Agustín del Retablo → Epigmenio González/Departamental Parques,"['3538', '3283', '5197', '4143', '3284', '4256', '2338', '2339', '3294', '2340', '3295', '2341', '3025']","['348', '324', '324', '324', '324', '344', '344', '344', '344', '344', '344', '344']",5.0,Calle Gabino Barreda/Uaq Centro Universitario,20.5951945,-100.4105692,15.183333333333334,15.583333333333334,9,9.0,2026-09-14 16:47:07.157796+00:00,2026-09-28 04:40:12.986595+00:00,1.0,8,15.383333333333333,15.583333333333334,1,15.166666666666666,15.166666666666666,15.166666666666666,2026-09-28 04:40:12.986595+00:00,fin_de_semana,19-23,Suficiente,Acceso confiable,209.24219331333333,False,15.583333333333334,P80 histórico de ETA Google por parada
3281,23.4,319.0,C24,2,10,3,Con transbordo,319 → 324 → 344,C24 → C33 → C54,Prol. Corregidora Norte/Plaza del Parque (Bahía Ii) → Av. Felipe Ángeles/Estadística,"['3281', '1915', '2392', '2338', '2339', '3294', '2340', '3295', '2341', '3025']","['319', '319', '324', '344', '344', '344', '344', '344', '344']",5.0,Blvd. Bernardo Quintana/Calle Mango,20.614823,-100.386397,21.733333333333334,24.65,9,8.0,2026-09-14 16:47:07.157796+00:00,2026-09-28 04:40:12.986595+00:00,0.8888888888888888,8,21.733333333333334,23.483333333333334,1,42.6,42.6,42.6,2026-09-28 04:40:12.986595+00:00,fin_de_semana,19-23,Suficiente,Acceso confiable,209.24219331333333,False,24.65,P80 histórico de ETA Google por parada
3061,23.53333333333333,160.0,L59,2,13,3,Con transbordo,160 → 324 → 344,L59 → C33 → C54,Prol. Corregidora Norte/Plaza del Parque (Bahía Ii) → Av. Felipe Ángeles/Estadística,"['3061', '2014', '2015', '1983', '1915', '2392', '2338', '2339', '3294', '2340', '3295', '2341', '3025']","['160', '160', '160', '160', '160', '324', '344', '344', '344', '344', '344', '344']",5.0,Calle Plateros/Río Blanco,20.62418439,-100.3951516,25.35,27.483333333333334,9,9.0,2026-09-14 16:47:07.157796+00:00,2026-09-28 04:40:12.986595+00:00,1.0,8,25.35,27.483333333333334,1,27.483333333333334,27.483333333333334,27.483333333333334,2026-09-28 04:40:12.986595+00:00,fin_de_semana,19-23,Suficiente,Acceso confiable,209.24219331333333,False,27.483333333333334,P80 histórico de ETA Google por parada
5160,23.833333333333332,160.0,L59,2,14,3,Con transbordo,160 → 324 → 344,L59 → C33 → C54,Prol. Corregidora Norte/Plaza del Parque (Bahía Ii) → Av. Felipe Ángeles/Estadística,"['5160', '3061', '2014', '2015', '1983', '1915', '2392', '2338', '2339', '3294', '2340', '3295', '2341', '3025']","['160', '160', '160', '160', '160', '160', '324', '344', '344', '344', '344', '344', '344']",5.0,Río Yaqui/Río Blanco,20.624845326083,-100.39397433298,27.583333333333332,28.436666666666667,9,9.0,2026-09-14 16:47:07.157796+00:00,2026-09-28 04:40:12.986595+00:00,1.0,8,27.583333333333332,27.583333333333332,1,29.716666666666665,29.716666666666665,29.716666666666665,2026-09-28 04:40:12.986595+00:00,fin_de_semana,19-23,Suficiente,Acceso confiable,209.24219331333333,False,28.436666666666667,P80 histórico de ETA Google por parada
3572,23.916666666666664,336.0,C46,2,16,3,Con transbordo,336 → 324 → 344,C46 → C33 → C54,Av. Tecnológico/Itq → Epigmenio González/Departamental Parques,"['3572', '2311', '2312', '2313', '3283', '5197', '4143', '3284', '4256', '2338', '2339', '3294', '2340', '3295', '2341', '3025']","['336', '336', '336', '324', '324', '324', '324', '324', '344', '344', '344', '344', '344', '344', '344']",5.0,Hidalgo/Av. Tecnológico,20.59018432,-100.4055537,14.35,15.473333333333333,9,9.0,2026-09-14 16:47:07.157796+00:00,2026-09-28 04:40:12.986595+00:00,1.0,8,14.35,15.306666666666668,1,20.483333333333334,20.483333333333334,20.483333333333334,2026-09-28 04:40:12.986595+00:00,fin_de_semana,19-23,Suficiente,Acceso confiable,209.24219331333333,False,15.473333333333333,P80 histórico de ETA Google por parada
3935,23.983333333333334,380.0,L154,1,14,2,Con transbordo,380 → 344,L154 → C54,Epigmenio González/Departamental Parques,"['3935', '3490', '3491', '3773', '3492', '3284', '4256', '2338', '2339', '3294', '2340', '3295', '2341', '3025']","['380', '380', '380', '380', '380', '380', '344', '344', '344', '344', '344', '344', '344']",5.0,Av. San Diego/Paseo 5 de Febrero,20.60411676609,-100.41807702235,19.0,19.083333333333332,9,9.0,2026-09-14 16:47:07.157796+00:00,2026-09-28 04:40:12.986595+00:00,1.0,8,18.924999999999997,19.083333333333332,1,19.0,19.0,19.0,2026-09-28 04:40:12.986595+00:00,fin_de_semana,19-23,Suficiente,Acceso confiable,209.24219331333333,False,19.083333333333332,P80 histórico de ETA Google por parada
1919,24.166666666666664,324.0,C33,1,20,2,Con transbordo,324 → 344,C33 → C54,Epigmenio González/Departamental Parques,"['1919', '1920', '1921', '4241', '2310', '2311', '2312', '2313', '3283', '5197', '4143', '3284', '4256', '2338', '2339', '3294', '2340', '3295', '2341', '3025']","['324', '324', '324', '324', '324', '324', '324', '324', '324', '324', '324', '324', '344', '344', '344', '344', '344', '344', '344']",5.0,Vicente Guerrero,20.587914,-100.393329,20.766666666666666,20.983333333333334,9,9.0,2026-09-14 16:47:08.611611+00:00,2026-09-28 04:40:12.986595+00:00,1.0,8,20.766666666666666,20.89666666666667,1,27.766666666666666,27.766666666666666,27.766666666666666,2026-09-28 04:40:12.986595+00:00,fin_de_semana,19-23,Suficiente,Acceso confiable,209.24219331333333,False,20.983333333333334,P80 histórico de ETA Google por parada
3060,24.633333333333336,345.0,C55,2,14,3,Con transbordo,345 → 324 → 344,C55 → C33 → C54,Prol. Corregidora Norte/Plaza del Parque (Bahía Ii) → Av. Felipe Ángeles/Estadística,"['3060', '3061', '2014', '2015', '1983', '1915', '2392', '2338', '2339', '3294', '2340', '3295', '2341', '3025']","['345', '345', '345', '345', '345', '345', '324', '344', '344', '344', '344', '344', '344']",5.0,Calle Plateros/Calle Industriales,20.625051,-100.3953801,25.9,27.95,9,9.0,2026-09-14 16:47:07.157796+00:00,2026-09-28 04:40:12.986595+00:00,1.0,8,25.9,27.13,1,27.95,27.95,27.95,2026-09-28 04:40:12.986595+00:00,fin_de_semana,19-23,Suficiente,Acceso confiable,209.24219331333333,False,27.95,P80 histórico de ETA Google por parada
1981,24.683333333333337,324.0,C33,1,13,2,Con transbordo,324 → 344,C33 → C54,Av. Felipe Ángeles/Estadística,"['1981', '5196', '1982', '1983', '1915', '2392', '2338', '2339', '3294', '2340', '3295', '2341', '3025']","['324', '324', '324', '324', '324', '324', '344', '344', '344', '344', '344', '344']",5.0,Carr. Chichimequillas/Prol. Corregidora Norte,20.62726581799,-100.38622490519,24.866666666666667,25.566666666666663,9,9.0,2026-09-14 16:47:07.157796+00:00,2026-09-28 04:40:12.986595+00:00,1.0,8,24.866666666666667,24.866666666666667,1,26.616666666666667,26.616666666666667,26.616666666666667,2026-09-28 04:40:12.986595+00:00,fin_de_semana,19-23,Suficiente,Acceso confiable,209.24219331333333,False,25.566666666666663,P80 histórico de ETA Google por parada
3571,24.833333333333332,336.0,C46,2,17,3,Con transbordo,336 → 324 → 344,C46 → C33 → C54,Av. Tecnológico/Itq → Epigmenio González/Departamental Parques,"['3571', '3572', '2311', '2312', '2313', '3283', '5197', '4143', '3284', '4256', '2338', '2339', '3294', '2340', '3295', '2341', '3025']","['336', '336', '336', '336', '324', '324', '324', '324', '324', '344', '344', '344', '344', '344', '344', '344']",5.0,Hidalgo/Monumento A Los Niños Héroes de Chapultepec,20.58926442,-100.4086763,14.466666666666669,19.336666666666662,9,9.0,2026-09-14 16:47:07.157796+00:00,2026-09-28 04:40:12.986595+00:00,1.0,8,14.466666666666669,17.01666666666667,1,27.733333333333334,27.733333333333334,27.733333333333334,2026-09-28 04:40:12.986595+00:00,fin_de_semana,19-23,Suficiente,Acceso confiable,209.24219331333333,False,19.336666666666662,P80 histórico de ETA Google por parada
3222,24.85,348.0,C60,2,14,3,Con transbordo,348 → 324 → 344,C60 → C33 → C54,José Amilcar Vidal/San Agustín del Retablo → Epigmenio González/Departamental Parques,"['3222', '3538', '3283', '5197', '4143', '3284', '4256', '2338', '2339', '3294', '2340', '3295', '2341', '3025']","['348', '348', '324', '324', '324', '324', '344', '344', '344', '344', '344', '344', '344']",5.0,Río Ayutla/Plaza del Mariachi,20.59518524,-100.4143937,14.016666666666667,14.5,9,9.0,2026-09-14 16:47:07.157796+00:00,2026-09-28 04:40:12.986595+00:00,1.0,8,14.258333333333333,14.5,1,13.966666666666669,13.966666666666669,13.966666666666669,2026-09-28 04:40:12.986595+00:00,fin_de_semana,19-23,Suficiente,Acceso confiable,209.24219331333333,False,14.5,P80 histórico de ETA Google por parada
3237,25.483333333333334,348.0,C60,2,15,3,Con transbordo,348 → 324 → 344,C60 → C33 → C54,José Amilcar Vidal/San Agustín del Retablo → Epigmenio González/Departamental Parques,"['3237', '3222', '3538', '3283', '5197', '4143', '3284', '4256', '2338', '2339', '3294', '2340', '3295', '2341', '3025']","['348', '348', '348', '324', '324', '324', '324', '344', '344', '344', '344', '344', '344', '344']",5.0,Carr. Al Campo Militar/Paseo 5 de Febrero,20.595094188005,-100.41592969344,15.166666666666666,16.35,9,9.0,2026-09-14 16:47:07.157796+00:00,2026-09-28 04:40:12.986595+00:00,1.0,8,15.166666666666666,16.35,1,16.3,16.3,16.3,2026-09-28 04:40:12.986595+00:00,fin_de_semana,19-23,Suficiente,Acceso confiable,209.24219331333333,False,16.35,P80 histórico de ETA Google por parada
3570,25.5,336.0,C46,2,18,3,Con transbordo,336 → 324 → 344,C46 → C33 → C54,Av. Tecnológico/Itq → Epigmenio González/Departamental Parques,"['3570', '3571', '3572', '2311', '2312', '2313', '3283', '5197', '4143', '3284', '4256', '2338', '2339', '3294', '2340', '3295', '2341', '3025']","['336', '336', '336', '336', '336', '324', '324', '324', '324', '324', '344', '344', '344', '344', '344', '344', '344']",5.0,Calle Francisco Márquez/Calle Juan Escutia,20.5870714,-100.40915,15.35,18.916666666666668,9,8.0,2026-09-14 16:47:07.157796+00:00,2026-09-28 04:40:12.986595+00:00,0.8888888888888888,8,15.35,15.35,1,32.2,32.2,32.2,2026-09-28 04:40:12.986595+00:00,fin_de_semana,19-23,Suficiente,Acceso confiable,209.24219331333333,False,18.916666666666668,P80 histórico de ETA Google por parada
3059,25.583333333333336,345.0,C55,2,15,3,Con transbordo,345 → 324 → 344,C55 → C33 → C54,Prol. Corregidora Norte/Plaza del Parque (Bahía Ii) → Av. Felipe Ángeles/Estadística,"['3059', '3060', '3061', '2014', '2015', '1983', '1915', '2392', '2338', '2339', '3294', '2340', '3295', '2341', '3025']","['345', '345', '345', '345', '345', '345', '345', '324', '344', '344', '344', '344', '344', '344']",5.0,Calle Plateros/Estibadores,20.62816066,-100.3953616,27.383333333333333,29.15,9,9.0,2026-09-14 16:47:07.157796+00:00,2026-09-28 04:40:12.986595+00:00,1.0,8,27.383333333333333,29.15,1,29.15,29.15,29.15,2026-09-28 04:40:12.986595+00:00,fin_de_semana,19-23,Suficiente,Acceso confiable,209.24219331333333,False,29.15,P80 histórico de ETA Google por parada
2080,25.633333333333333,358.0,L118,2,12,3,Con transbordo,358 → 350 → 344,L118 → C62 → C54,San Pablo/Loma de San Pablo → Prol. Tecnológico/Ford Citelis Querétaro,"['2080', '2859', '3362', '3363', '4256', '2338', '2339', '3294', '2340', '3295', '2341', '3025']","['358', '350', '344', '344', '344', '344', '344', '344', '344', '344', '344']",5.0,Av. 5 de Febrero/Tremec,20.629664271871,-100.42612461779,26.683333333333337,26.683333333333337,9,8.0,2026-09-14 16:47:07.157796+00:00,2026-09-28 04:40:12.986595+00:00,0.8888888888888888,8,26.683333333333337,26.683333333333337,1,26.5,26.5,26.5,2026-09-28 04:40:12.986595+00:00,fin_de_semana,19-23,Suficiente,Acceso confiable,209.24219331333333,False,26.683333333333337,P80 histórico de ETA Google por parada
2924,25.73333333333333,354.0,C68,2,14,3,Con transbordo,354 → 350 → 344,C68 → C62 → C54,Obrera → Prol. Tecnológico/Ford Citelis Querétaro,"['2924', '2984', '2858', '2859', '3362', '3363', '4256', '2338', '2339', '3294', '2340', '3295', '2341', '3025']","['354', '350', '350', '350', '344', '344', '344', '344', '344', '344', '344', '344', '344']",5.0,Calle Coahuila/Empresalia Acceso Ii,20.61845257,-100.4238207,25.866666666666667,25.866666666666667,9,8.0,2026-09-14 16:47:07.157796+00:00,2026-09-28 04:40:12.986595+00:00,0.8888888888888888,8,25.866666666666667,25.866666666666667,1,25.733333333333334,25.733333333333334,25.733333333333334,2026-09-28 04:40:12.986595+00:00,fin_de_semana,19-23,Suficiente,Acceso confiable,209.24219331333333,False,25.866666666666667,P80 histórico de ETA Google por parada
1952,25.750000000000004,319.0,C24,2,11,3,Con transbordo,319 → 324 → 344,C24 → C33 → C54,Prol. Corregidora Norte/Plaza del Parque (Bahía Ii) → Av. Felipe Ángeles/Estadística,"['1952', '3281', '1915', '2392', '2338', '2339', '3294', '2340', '3295', '2341', '3025']","['319', '319', '319', '324', '344', '344', '344', '344', '344', '344']",5.0,Anillo Vial Fray Junípero Serra/C. Yuca,20.612529350236,-100.37947357195,24.25,25.03,9,8.0,2026-09-14 16:47:07.157796+00:00,2026-09-28 04:40:12.986595+00:00,0.8888888888888888,8,24.25,24.25,1,57.8,57.8,57.8,2026-09-28 04:40:12.986595+00:00,fin_de_semana,19-23,Suficiente,Acceso confiable,209.24219331333333,False,25.03,P80 histórico de ETA Google por parada
2982,25.85,350.0,C62,1,15,2,Con transbordo,350 → 344,C62 → C54,Prol. Tecnológico/Ford Citelis Querétaro,"['2982', '2983', '2984', '2858', '2859', '3362', '3363', '4256', '2338', '2339', '3294', '2340', '3295', '2341', '3025']","['350', '350', '350', '350', '350', '344', '344', '344', '344', '344', '344', '344', '344', '344']",5.0,Epigmenio González,20.60492664,-100.4177682,17.733333333333334,18.936666666666667,9,9.0,2026-09-14 16:47:07.157796+00:00,2026-09-28 04:40:12.986595+00:00,1.0,8,17.733333333333334,19.33,1,17.65,17.65,17.65,2026-09-28 04:40:12.986595+00:00,fin_de_semana,19-23,Suficiente,Acceso confiable,209.24219331333333,False,18.936666666666667,P80 histórico de ETA Google por parada
3058,25.9,345.0,C55,2,16,3,Con transbordo,345 → 324 → 344,C55 → C33 → C54,Prol. Corregidora Norte/Plaza del Parque (Bahía Ii) → Av. Felipe Ángeles/Estadística,"['3058', '3059', '3060', '3061', '2014', '2015', '1983', '1915', '2392', '2338', '2339', '3294', '2340', '3295', '2341', '3025']","['345', '345', '345', '345', '345', '345', '345', '345', '324', '344', '344', '344', '344', '344', '344']",5.0,Calle Plateros/Calle Paileros,20.62918215,-100.3954942,28.0,28.666666666666668,9,9.0,2026-09-14 16:47:07.157796+00:00,2026-09-28 04:40:12.986595+00:00,1.0,8,28.0,28.0,1,29.666666666666668,29.666666666666668,29.666666666666668,2026-09-28 04:40:12.986595+00:00,fin_de_semana,19-23,Suficiente,Acceso confiable,209.24219331333333,False,28.666666666666668,P80 histórico de ETA Google por parada
2999,26.066666666666663,380.0,L154,1,15,2,Con transbordo,380 → 344,L154 → C54,Epigmenio González/Departamental Parques,"['2999', '3935', '3490', '3491', '3773', '3492', '3284', '4256', '2338', '2339', '3294', '2340', '3295', '2341', '3025']","['380', '380', '380', '380', '380', '380', '380', '344', '344', '344', '344', '344', '344', '344']",5.0,Av. San Diego/Calle San José,20.602936686138,-100.42079596998,21.566666666666663,22.876666666666665,9,9.0,2026-09-14 16:47:07.157796+00:00,2026-09-28 04:40:12.986595+00:00,1.0,8,21.566666666666663,22.15,1,23.966666666666665,23.966666666666665,23.966666666666665,2026-09-28 04:40:12.986595+00:00,fin_de_semana,19-23,Suficiente,Acceso confiable,209.24219331333333,False,22.876666666666665,P80 histórico de ETA Google por parada
1918,26.13333333333333,324.0,C33,1,21,2,Con transbordo,324 → 344,C33 → C54,Epigmenio González/Departamental Parques,"['1918', '1919', '1920', '1921', '4241', '2310', '2311', '2312', '2313', '3283', '5197', '4143', '3284', '4256', '2338', '2339', '3294', '2340', '3295', '2341', '3025']","['324', '324', '324', '324', '324', '324', '324', '324', '324', '324', '324', '324', '324', '344', '344', '344', '344', '344', '344', '344']",5.0,Vergara,20.58979,-100.38781,23.4,24.316666666666663,9,8.0,2026-09-14 16:47:08.611611+00:00,2026-09-28 04:40:12.986595+00:00,0.8888888888888888,8,23.4,23.95,1,33.35,33.35,33.35,2026-09-28 04:40:12.986595+00:00,fin_de_semana,19-23,Suficiente,Acceso confiable,209.24219331333333,False,24.316666666666663,P80 histórico de ETA Google por parada
2223,26.199999999999996,371.0,T03,2,18,3,Con transbordo,371 → 350 → 344,T03 → C62 → C54,Av. Tláloc/Av. Pie de la Cuesta → Av. Cerro Sombrerete/Av. Playa Roqueta,"['2223', '2224', '2861', '2862', '2886', '2887', '2888', '2889', '3362', '3363', '4256', '2338', '2339', '3294', '2340', '3295', '2341', '3025']","['371', '371', '350', '350', '350', '350', '350', '344', '344', '344', '344', '344', '344', '344', '344', '344', '344']",5.0,Playa Rincón,20.62533605,-100.4061573,25.85,27.950000000000003,9,7.0,2026-09-14 16:47:07.157796+00:00,2026-09-28 04:40:12.986595+00:00,0.7777777777777778,8,25.85,25.85,1,47.63333333333333,47.63333333333333,47.63333333333333,2026-09-28 04:40:12.986595+00:00,fin_de_semana,19-23,Suficiente,Acceso confiable,209.24219331333333,False,27.950000000000003,P80 histórico de ETA Google por parada
2537,26.233333333333334,325.0,C34,2,20,3,Con transbordo,325 → 324 → 344,C34 → C33 → C54,Av. Tecnológico/Itq → Epigmenio González/Departamental Parques,"['2537', '1920', '1921', '4241', '2310', '2311', '2312', '2313', '3283', '5197', '4143', '3284', '4256', '2338', '2339', '3294', '2340', '3295', '2341', '3025']","['325', '325', '325', '325', '325', '325', '325', '324', '324', '324', '324', '324', '344', '344', '344', '344', '344', '344', '344']",5.0,Calle Melchor Ocampo/Colegio Salesiano,20.58695224,-100.3949721,21.55,22.05,9,9.0,2026-09-14 16:47:08.611611+00:00,2026-09-28 04:40:12.986595+00:00,1.0,8,20.925,21.97,1,26.4,26.4,26.4,2026-09-28 04:40:12.986595+00:00,fin_de_semana,19-23,Suficiente,Acceso confiable,209.24219331333333,False,22.05,P80 histórico de ETA Google por parada
4113,26.300000000000004,326.0,C35,2,14,3,Con transbordo,326 → 324 → 344,C35 → C33 → C54,Prol. Corregidora Norte/Plaza del Parque (Bahía Ii) → Av. Felipe Ángeles/Estadística,"['4113', '1981', '5196', '1982', '1983', '1915', '2392', '2338', '2339', '3294', '2340', '3295', '2341', '3025']","['326', '326', '326', '326', '326', '326', '324', '344', '344', '344', '344', '344', '344']",5.0,Carr. Chichimequillas/Calle Río Zihuatlán,20.628379782979,-100.39028567156,26.566666666666663,29.203333333333337,9,7.0,2026-09-14 16:47:07.157796+00:00,2026-09-28 04:40:12.986595+00:00,0.7777777777777778,8,26.566666666666663,29.18666666666667,1,28.05,28.05,28.05,2026-09-28 04:40:12.986595+00:00,fin_de_semana,19-23,Suficiente,Acceso confiable,209.24219331333333,False,29.203333333333337,P80 histórico de ETA Google por parada
2201,26.333333333333336,338.0,C48,2,18,3,Con transbordo,338 → 324 → 344,C48 → C33 → C54,Av. Tecnológico/Itq → Epigmenio González/Departamental Parques,"['2201', '4241', '2310', '2311', '2312', '2313', '3283', '5197', '4143', '3284', '4256', '2338', '2339', '3294', '2340', '3295', '2341', '3025']","['338', '338', '338', '338', '338', '324', '324', '324', '324', '324', '344', '344', '344', '344', '344', '344', '344']",5.0,Ignacio Zaragoza/Imss,20.583093496308,-100.40575894032,19.383333333333333,19.383333333333333,9,8.0,2026-09-14 16:47:07.157796+00:00,2026-09-28 04:40:12.986595+00:00,0.8888888888888888,8,19.383333333333333,19.383333333333333,1,37.03333333333333,37.03333333333333,37.03333333333333,2026-09-28 04:40:12.986595+00:00,fin_de_semana,19-23,Suficiente,Acceso confiable,209.24219331333333,False,19.383333333333333,P80 histórico de ETA Google por parada
3057,26.71666666666667,345.0,C55,2,17,3,Con transbordo,345 → 324 → 344,C55 → C33 → C54,Prol. Corregidora Norte/Plaza del Parque (Bahía Ii) → Av. Felipe Ángeles/Estadística,"['3057', '3058', '3059', '3060', '3061', '2014', '2015', '1983', '1915', '2392', '2338', '2339', '3294', '2340', '3295', '2341', '3025']","['345', '345', '345', '345', '345', '345', '345', '345', '345', '324', '344', '344', '344', '344', '344', '344']",5.0,Calle Plateros/Calle Jardíneros,20.63180635,-100.3957198,29.283333333333335,29.85,9,7.0,2026-09-14 16:47:07.157796+00:00,2026-09-28 04:40:13.525194+00:00,0.7777777777777778,8,29.283333333333335,29.283333333333335,1,30.7,30.7,30.7,2026-09-28 04:40:13.525194+00:00,fin_de_semana,19-23,Suficiente,Acceso confiable,209.2420437025,False,29.85,P80 histórico de ETA Google por parada
1977,26.816666666666663,160.0,L59,2,19,3,Con transbordo,160 → 324 → 344,L59 → C33 → C54,Prol. Corregidora Norte/Plaza del Parque (Bahía Ii) → Av. Felipe Ángeles/Estadística,"['1977', '1976', '5157', '5158', '5159', '5160', '3061', '2014', '2015', '1983', '1915', '2392', '2338', '2339', '3294', '2340', '3295', '2341', '3025']","['160', '160', '160', '160', '160', '160', '160', '160', '160', '160', '160', '324', '344', '344', '344', '344', '344', '344']",5.0,Río Hondo/Río Actopan,20.632698875133,-100.38782292922,29.35,29.35,9,8.0,2026-09-14 16:47:08.611611+00:00,2026-09-28 04:40:13.525194+00:00,0.8888888888888888,8,29.35,29.35,1,39.233333333333334,39.233333333333334,39.233333333333334,2026-09-28 04:40:13.525194+00:00,fin_de_semana,19-23,Suficiente,Acceso confiable,209.2420437025,False,29.35,P80 histórico de ETA Google por parada
3297,26.825000000000003,97.0,C22,2,18,3,Con transbordo,97 → 324 → 344,C22 → C33 → C54,Av. Tecnológico/Itq → Epigmenio González/Departamental Parques,"['3297', '4241', '2310', '2311', '2312', '2313', '3283', '5197', '4143', '3284', '4256', '2338', '2339', '3294', '2340', '3295', '2341', '3025']","['97', '97', '97', '97', '97', '324', '324', '324', '324', '324', '344', '344', '344', '344', '344', '344', '344']",5.0,Av. Tecnológico/Fernando Loyola,20.58323779,-100.4009753,21.85,22.0,9,8.0,2026-09-14 16:47:07.157796+00:00,2026-09-28 04:40:13.525194+00:00,0.8888888888888888,8,19.625,21.94,1,40.71666666666667,40.71666666666667,40.71666666666667,2026-09-28 04:40:13.525194+00:00,fin_de_semana,19-23,Suficiente,Acceso confiable,209.2420437025,False,22.0,P80 histórico de ETA Google por parada
1978,27.000000000000004,326.0,C35,2,15,3,Con transbordo,326 → 324 → 344,C35 → C33 → C54,Prol. Corregidora Norte/Plaza del Parque (Bahía Ii) → Av. Felipe Ángeles/Estadística,"['1978', '4113', '1981', '5196', '1982', '1983', '1915', '2392', '2338', '2339', '3294', '2340', '3295', '2341', '3025']","['326', '326', '326', '326', '326', '326', '326', '324', '344', '344', '344', '344', '344', '344']",5.0,Carr. Chichimequillas/Río Nautla,20.630471175284,-100.39110820414,27.6,28.133333333333336,9,8.0,2026-09-14 16:47:08.611611+00:00,2026-09-28 04:40:13.525194+00:00,0.8888888888888888,8,27.6,27.6,1,28.933333333333337,28.933333333333337,28.933333333333337,2026-09-28 04:40:13.525194+00:00,fin_de_semana,19-23,Suficiente,Acceso confiable,209.2420437025,False,28.133333333333336,P80 histórico de ETA Google por parada
3122,27.03333333333333,341.0,C51,2,15,3,Con transbordo,341 → 350 → 344,C51 → C62 → C54,Blvd. Bernardo Quintana/Cerro del Tezcaltzin → Prol. Tecnológico/Ford Citelis Querétaro,"['3122', '2890', '2984', '2858', '2859', '3362', '3363', '4256', '2338', '2339', '3294', '2340', '3295', '2341', '3025']","['341', '350', '350', '350', '350', '344', '344', '344', '344', '344', '344', '344', '344', '344']",5.0,Calle Cerro del Peñón/Cerro del Tezcaltzin,20.62245515,-100.416915,26.116666666666667,27.823333333333338,9,7.0,2026-09-14 16:47:07.157796+00:00,2026-09-28 04:40:13.525194+00:00,0.7777777777777778,8,26.116666666666667,26.116666666666667,1,42.75,42.75,42.75,2026-09-28 04:40:13.525194+00:00,fin_de_semana,19-23,Suficiente,Acceso confiable,209.2420437025,False,27.823333333333338,P80 histórico de ETA Google por parada
1879,27.049999999999997,324.0,C33,1,22,2,Con transbordo,324 → 344,C33 → C54,Epigmenio González/Departamental Parques,"['1879', '1918', '1919', '1920', '1921', '4241', '2310', '2311', '2312', '2313', '3283', '5197', '4143', '3284', '4256', '2338', '2339', '3294', '2340', '3295', '2341', '3025']","['324', '324', '324', '324', '324', '324', '324', '324', '324', '324', '324', '324', '324', '324', '344', '344', '344', '344', '344', '344', '344']",5.0,Ignacio Zaragoza/Dr. Lucio,20.590734003313,-100.38526826234,26.916666666666668,27.0,9,8.0,2026-09-14 16:47:09.286590+00:00,2026-09-28 04:40:13.525194+00:00,0.8888888888888888,8,26.916666666666668,26.96666666666667,1,34.1,34.1,34.1,2026-09-28 04:40:13.525194+00:00,fin_de_semana,19-23,Suficiente,Acceso confiable,209.2420437025,False,27.0,P80 histórico de ETA Google por parada
1438,27.066666666666663,325.0,C34,2,21,3,Con transbordo,325 → 324 → 344,C34 → C33 → C54,Av. Tecnológico/Itq → Epigmenio González/Departamental Parques,"['1438', '2537', '1920', '1921', '4241', '2310', '2311', '2312', '2313', '3283', '5197', '4143', '3284', '4256', '2338', '2339', '3294', '2340', '3295', '2341', '3025']","['325', '325', '325', '325', '325', '325', '325', '325', '324', '324', '324', '324', '324', '344', '344', '344', '344', '344', '344', '344']",5.0,Escobedo,20.584872921105,-100.3917267937,25.616666666666667,27.040000000000003,9,8.0,2026-09-14 16:47:08.611611+00:00,2026-09-28 04:40:13.525194+00:00,0.8888888888888888,8,23.575000000000003,25.933333333333337,1,37.733333333333334,37.733333333333334,37.733333333333334,2026-09-28 04:40:13.525194+00:00,fin_de_semana,19-23,Suficiente,Acceso confiable,209.2420437025,False,27.040000000000003,P80 histórico de ETA Google por parada
2222,27.58333333333333,371.0,T03,2,19,3,Con transbordo,371 → 350 → 344,T03 → C62 → C54,Av. Tláloc/Av. Pie de la Cuesta → Av. Cerro Sombrerete/Av. Playa Roqueta,"['2222', '2223', '2224', '2861', '2862', '2886', '2887', '2888', '2889', '3362', '3363', '4256', '2338', '2339', '3294', '2340', '3295', '2341', '3025']","['371', '371', '371', '350', '350', '350', '350', '350', '344', '344', '344', '344', '344', '344', '344', '344', '344', '344']",5.0,Playa Roqueta,20.62232762,-100.4057846,23.583333333333332,28.833333333333332,9,8.0,2026-09-14 16:47:08.611611+00:00,2026-09-28 04:40:13.525194+00:00,0.8888888888888888,8,23.583333333333332,28.833333333333332,1,43.38333333333333,43.38333333333333,43.38333333333333,2026-09-28 04:40:13.525194+00:00,fin_de_semana,19-23,Suficiente,Acceso confiable,209.2420437025,False,28.833333333333332,P80 histórico de ETA Google por parada
1766,27.65,336.0,C46,2,19,3,Con transbordo,336 → 324 → 344,C46 → C33 → C54,Av. Tecnológico/José María Pino Suarez → Epigmenio González/Departamental Parques,"['1766', '2201', '4241', '2310', '2311', '2312', '2313', '3283', '5197', '4143', '3284', '4256', '2338', '2339', '3294', '2340', '3295', '2341', '3025']","['336', '336', '336', '324', '324', '324', '324', '324', '324', '324', '324', '344', '344', '344', '344', '344', '344', '344']",5.0,Prol. Zaragoza/Paseo 5 de Febrero,20.58138467,-100.4074439,20.283333333333335,23.22,9,8.0,2026-09-14 16:47:08.611611+00:00,2026-09-28 04:40:13.525194+00:00,0.8888888888888888,8,20.283333333333335,20.953333333333333,1,33.96666666666667,33.96666666666667,33.96666666666667,2026-09-28 04:40:13.525194+00:00,fin_de_semana,19-23,Suficiente,Acceso confiable,209.2420437025,False,23.22,P80 histórico de ETA Google por parada
1951,27.65,319.0,C24,2,12,3,Con transbordo,319 → 324 → 344,C24 → C33 → C54,Prol. Corregidora Norte/Plaza del Parque (Bahía Ii) → Av. Felipe Ángeles/Estadística,"['1951', '1952', '3281', '1915', '2392', '2338', '2339', '3294', '2340', '3295', '2341', '3025']","['319', '319', '319', '319', '324', '344', '344', '344', '344', '344', '344']",5.0,Anillo Vial Fray Junípero Serra/Av. Paseo de la Constitución,20.617301917794,-100.38244767831,26.316666666666663,26.996666666666663,9,8.0,2026-09-14 16:47:08.611611+00:00,2026-09-28 04:40:13.525194+00:00,0.8888888888888888,8,26.316666666666663,26.316666666666663,1,56.11666666666667,56.11666666666667,56.11666666666667,2026-09-28 04:40:13.525194+00:00,fin_de_semana,19-23,Suficiente,Acceso confiable,209.2420437025,False,26.996666666666663,P80 histórico de ETA Google por parada
3282,27.700000000000003,348.0,C60,2,16,3,Con transbordo,348 → 324 → 344,C60 → C33 → C54,José Amilcar Vidal/San Agustín del Retablo → Epigmenio González/Departamental Parques,"['3282', '3237', '3222', '3538', '3283', '5197', '4143', '3284', '4256', '2338', '2339', '3294', '2340', '3295', '2341', '3025']","['348', '348', '348', '348', '324', '324', '324', '324', '344', '344', '344', '344', '344', '344', '344']",5.0,Benito Juárez/Uo Querétaro,20.59813916795,-100.42021550797,17.716666666666665,21.92,9,9.0,2026-09-14 16:47:08.611611+00:00,2026-09-28 04:40:13.525194+00:00,1.0,8,17.716666666666665,20.206666666666667,1,27.066666666666663,27.066666666666663,27.066666666666663,2026-09-28 04:40:13.525194+00:00,fin_de_semana,19-23,Suficiente,Acceso confiable,209.2420437025,False,21.92,P80 histórico de ETA Google por parada
2345,27.9,336.0,C46,2,19,3,Con transbordo,336 → 324 → 344,C46 → C33 → C54,Avenida Ignacio Zaragoza/Comercial Mexicana → Epigmenio González/Departamental Parques,"['2345', '1921', '4241', '2310', '2311', '2312', '2313', '3283', '5197', '4143', '3284', '4256', '2338', '2339', '3294', '2340', '3295', '2341', '3025']","['336', '324', '324', '324', '324', '324', '324', '324', '324', '324', '324', '344', '344', '344', '344', '344', '344', '344']",5.0,Ezequiel Montes/Templo de Santa Rosa de Viterbo,20.58757724,-100.3968362,21.716666666666665,21.916666666666668,9,9.0,2026-09-14 16:47:08.611611+00:00,2026-09-28 04:40:13.525194+00:00,1.0,8,21.716666666666665,21.916666666666668,1,22.15,22.15,22.15,2026-09-28 04:40:13.525194+00:00,fin_de_semana,19-23,Suficiente,Acceso confiable,209.2420437025,False,21.916666666666668,P80 histórico de ETA Google por parada
1975,27.96666666666667,326.0,C35,2,16,3,Con transbordo,326 → 324 → 344,C35 → C33 → C54,Prol. Corregidora Norte/Plaza del Parque (Bahía Ii) → Av. Felipe Ángeles/Estadística,"['1975', '1978', '4113', '1981', '5196', '1982', '1983', '1915', '2392', '2338', '2339', '3294', '2340', '3295', '2341', '3025']","['326', '326', '326', '326', '326', '326', '326', '326', '324', '344', '344', '344', '344', '344', '344']",5.0,Carr. Chichimequillas/Río Candelaria,20.633547157337,-100.39088062552,28.95,29.403333333333332,9,7.0,2026-09-14 16:47:08.611611+00:00,2026-09-28 04:40:13.525194+00:00,0.7777777777777778,8,28.95,28.95,1,30.083333333333332,30.083333333333332,30.083333333333332,2026-09-28 04:40:13.525194+00:00,fin_de_semana,19-23,Suficiente,Acceso confiable,209.2420437025,False,29.403333333333332,P80 histórico de ETA Google por parada
3121,27.999999999999996,341.0,C51,2,16,3,Con transbordo,341 → 350 → 344,C51 → C62 → C54,Blvd. Bernardo Quintana/Cerro del Tezcaltzin → Prol. Tecnológico/Ford Citelis Querétaro,"['3121', '3122', '2890', '2984', '2858', '2859', '3362', '3363', '4256', '2338', '2339', '3294', '2340', '3295', '2341', '3025']","['341', '341', '350', '350', '350', '350', '344', '344', '344', '344', '344', '344', '344', '344', '344']",5.0,Calle Cerro del Peñón/Cerro del Coyolote,20.62295331,-100.4143345,22.05,22.05,9,8.0,2026-09-14 16:47:07.157796+00:00,2026-09-28 04:40:13.525194+00:00,0.8888888888888888,8,22.05,22.05,1,59.333333333333336,59.333333333333336,59.333333333333336,2026-09-28 04:40:13.525194+00:00,fin_de_semana,19-23,Suficiente,Acceso confiable,209.2420437025,False,22.05,P80 histórico de ETA Google por parada
1439,28.15,325.0,C34,2,22,3,Con transbordo,325 → 324 → 344,C34 → C33 → C54,Av. Tecnológico/Itq → Epigmenio González/Departamental Parques,"['1439', '1438', '2537', '1920', '1921', '4241', '2310', '2311', '2312', '2313', '3283', '5197', '4143', '3284', '4256', '2338', '2339', '3294', '2340', '3295', '2341', '3025']","['325', '325', '325', '325', '325', '325', '325', '325', '325', '324', '324', '324', '324', '324', '344', '344', '344', '344', '344', '344', '344']",5.0,Alameda,20.586623063708,-100.3869311369,23.633333333333333,25.05,9,8.0,2026-09-14 16:47:08.611611+00:00,2026-09-28 04:40:13.525194+00:00,0.8888888888888888,8,23.633333333333333,23.94333333333333,1,39.516666666666666,39.516666666666666,39.516666666666666,2026-09-28 04:40:13.525194+00:00,fin_de_semana,19-23,Suficiente,Acceso confiable,209.2420437025,False,25.05,P80 histórico de ETA Google por parada
1881,28.316666666666663,324.0,C33,1,23,2,Con transbordo,324 → 344,C33 → C54,Epigmenio González/Departamental Parques,"['1881', '1879', '1918', '1919', '1920', '1921', '4241', '2310', '2311', '2312', '2313', '3283', '5197', '4143', '3284', '4256', '2338', '2339', '3294', '2340', '3295', '2341', '3025']","['324', '324', '324', '324', '324', '324', '324', '324', '324', '324', '324', '324', '324', '324', '324', '344', '344', '344', '344', '344', '344', '344']",5.0,Ignacio Zaragoza/Insurgentes Queretanos,20.5915098,-100.3815527,27.766666666666666,28.65,9,8.0,2026-09-14 16:47:09.286590+00:00,2026-09-28 04:40:13.525194+00:00,0.8888888888888888,8,27.424999999999997,28.296666666666667,1,38.25,38.25,38.25,2026-09-28 04:40:13.525194+00:00,fin_de_semana,19-23,Suficiente,Acceso confiable,209.2420437025,False,28.65,P80 histórico de ETA Google por parada
2288,28.35,358.0,L118,2,13,3,Con transbordo,358 → 350 → 344,L118 → C62 → C54,San Pablo/Loma de San Pablo → Prol. Tecnológico/Ford Citelis Querétaro,"['2288', '2080', '2859', '3362', '3363', '4256', '2338', '2339', '3294', '2340', '3295', '2341', '3025']","['358', '358', '350', '344', '344', '344', '344', '344', '344', '344', '344', '344']",5.0,Corporativo Santander,20.638399270649,-100.42998980758,29.916666666666668,29.916666666666668,9,9.0,2026-09-14 16:47:08.611611+00:00,2026-09-28 04:40:13.525194+00:00,1.0,8,29.916666666666668,29.916666666666668,1,29.7,29.7,29.7,2026-09-28 04:40:13.525194+00:00,fin_de_semana,19-23,Suficiente,Acceso confiable,209.2420437025,False,29.916666666666668,P80 histórico de ETA Google por parada
2981,28.383333333333333,325.0,C34,2,16,3,Con transbordo,325 → 350 → 344,C34 → C62 → C54,San Pablo/Loma de San Pablo → Prol. Tecnológico/Ford Citelis Querétaro,"['2981', '2982', '2983', '2984', '2858', '2859', '3362', '3363', '4256', '2338', '2339', '3294', '2340', '3295', '2341', '3025']","['325', '325', '325', '325', '325', '350', '344', '344', '344', '344', '344', '344', '344', '344', '344']",5.0,Río Querétaro,20.59583114,-100.4151744,14.5,16.45,9,9.0,2026-09-14 16:47:07.157796+00:00,2026-09-28 04:40:13.525194+00:00,1.0,8,15.475,16.45,1,14.45,14.45,14.45,2026-09-28 04:40:13.525194+00:00,fin_de_semana,19-23,Suficiente,Acceso confiable,209.2420437025,False,16.45,P80 histórico de ETA Google por parada
1434,28.41666666666667,97.0,C22,2,19,3,Con transbordo,97 → 324 → 344,C22 → C33 → C54,Av. Tecnológico/Itq → Epigmenio González/Departamental Parques,"['1434', '3297', '4241', '2310', '2311', '2312', '2313', '3283', '5197', '4143', '3284', '4256', '2338', '2339', '3294', '2340', '3295', '2341', '3025']","['97', '97', '97', '97', '97', '97', '324', '324', '324', '324', '324', '344', '344', '344', '344', '344', '344', '344']",5.0,Constitución de 1917,20.578685986011,-100.40069151785,19.283333333333335,19.283333333333335,9,8.0,2026-09-14 16:47:08.611611+00:00,2026-09-28 04:40:13.525194+00:00,0.8888888888888888,8,19.283333333333335,19.283333333333335,1,40.71666666666667,40.71666666666667,40.71666666666667,2026-09-28 04:40:13.525194+00:00,fin_de_semana,19-23,Suficiente,Acceso confiable,209.2420437025,False,19.283333333333335,P80 histórico de ETA Google por parada
2998,28.616666666666667,342.0,C52,2,16,3,Con transbordo,342 → 380 → 344,C52 → L154 → C54,Epigmenio González/Ramiro de Maeztu → Epigmenio González/Departamental Parques,"['2998', '2999', '3935', '3490', '3491', '3773', '3492', '3284', '4256', '2338', '2339', '3294', '2340', '3295', '2341', '3025']","['342', '342', '342', '342', '342', '342', '380', '380', '344', '344', '344', '344', '344', '344', '344']",5.0,Av. Revolución/Espuela del Ferrocarril,20.6026434,-100.4249054,20.066666666666663,22.823333333333338,9,8.0,2026-09-14 16:47:08.611611+00:00,2026-09-28 04:40:13.525194+00:00,0.8888888888888888,8,20.066666666666663,21.636666666666667,1,30.116666666666667,30.116666666666667,30.116666666666667,2026-09-28 04:40:13.525194+00:00,fin_de_semana,19-23,Suficiente,Acceso confiable,209.2420437025,False,22.823333333333338,P80 histórico de ETA Google por parada
3120,28.666666666666664,341.0,C51,2,17,3,Con transbordo,341 → 350 → 344,C51 → C62 → C54,Blvd. Bernardo Quintana/Cerro del Tezcaltzin → Prol. Tecnológico/Ford Citelis Querétaro,"['3120', '3121', '3122', '2890', '2984', '2858', '2859', '3362', '3363', '4256', '2338', '2339', '3294', '2340', '3295', '2341', '3025']","['341', '341', '341', '350', '350', '350', '350', '344', '344', '344', '344', '344', '344', '344', '344', '344']",5.0,Calle Cerro del Peñón/Cerro del Tzirate,20.62329744,-100.4125873,19.266666666666666,19.266666666666666,9,8.0,2026-09-14 16:47:07.157796+00:00,2026-09-28 04:40:13.525194+00:00,0.8888888888888888,8,19.266666666666666,19.266666666666666,1,56.53333333333333,56.53333333333333,56.53333333333333,2026-09-28 04:40:13.525194+00:00,fin_de_semana,19-23,Suficiente,Acceso confiable,209.2420437025,False,19.266666666666666,P80 histórico de ETA Google por parada
2344,28.716666666666665,336.0,C46,2,20,3,Con transbordo,336 → 324 → 344,C46 → C33 → C54,Avenida Ignacio Zaragoza/Comercial Mexicana → Epigmenio González/Departamental Parques,"['2344', '2345', '1921', '4241', '2310', '2311', '2312', '2313', '3283', '5197', '4143', '3284', '4256', '2338', '2339', '3294', '2340', '3295', '2341', '3025']","['336', '336', '324', '324', '324', '324', '324', '324', '324', '324', '324', '324', '344', '344', '344', '344', '344', '344', '344']",5.0,Ezequiel Montes/Calle Francisco I. Madero,20.58997654,-100.3975753,18.333333333333332,18.333333333333332,9,9.0,2026-09-14 16:47:08.611611+00:00,2026-09-28 04:40:13.525194+00:00,1.0,8,18.333333333333332,18.333333333333332,1,18.333333333333332,18.333333333333332,18.333333333333332,2026-09-28 04:40:13.525194+00:00,fin_de_semana,19-23,Suficiente,Acceso confiable,209.2420437025,False,18.333333333333332,P80 histórico de ETA Google por parada
1765,28.78333333333333,336.0,C46,2,20,3,Con transbordo,336 → 324 → 344,C46 → C33 → C54,Av. Tecnológico/José María Pino Suarez → Epigmenio González/Departamental Parques,"['1765', '1766', '2201', '4241', '2310', '2311', '2312', '2313', '3283', '5197', '4143', '3284', '4256', '2338', '2339', '3294', '2340', '3295', '2341', '3025']","['336', '336', '336', '336', '324', '324', '324', '324', '324', '324', '324', '324', '344', '344', '344', '344', '344', '344', '344']",5.0,Prol. Zaragoza/Odontología Uaq,20.58013267,-100.411317,21.666666666666668,26.076666666666668,9,8.0,2026-09-14 16:47:08.611611+00:00,2026-09-28 04:40:13.525194+00:00,0.8888888888888888,8,21.666666666666668,24.07666666666667,1,40.28333333333333,40.28333333333333,40.28333333333333,2026-09-28 04:40:13.525194+00:00,fin_de_semana,19-23,Suficiente,Acceso confiable,209.2420437025,False,26.076666666666668,P80 histórico de ETA Google por parada
2309,28.816666666666663,319.0,C24,2,21,3,Con transbordo,319 → 324 → 344,C24 → C33 → C54,Av. Tecnológico/Itq → Epigmenio González/Departamental Parques,"['2309', '1919', '1920', '1921', '4241', '2310', '2311', '2312', '2313', '3283', '5197', '4143', '3284', '4256', '2338', '2339', '3294', '2340', '3295', '2341', '3025']","['319', '319', '319', '319', '319', '319', '319', '319', '324', '324', '324', '324', '324', '344', '344', '344', '344', '344', '344', '344']",5.0,Alameda/Corregidora,20.587935805543,-100.38947399082,22.383333333333333,22.383333333333333,9,8.0,2026-09-14 16:47:08.611611+00:00,2026-09-28 04:40:13.525194+00:00,0.8888888888888888,8,22.191666666666663,22.383333333333333,1,32.21666666666667,32.21666666666667,32.21666666666667,2026-09-28 04:40:13.525194+00:00,fin_de_semana,19-23,Suficiente,Acceso confiable,209.2420437025,False,22.383333333333333,P80 histórico de ETA Google por parada
1469,29.049999999999997,325.0,C34,2,23,3,Con transbordo,325 → 324 → 344,C34 → C33 → C54,Av. Tecnológico/Itq → Epigmenio González/Departamental Parques,"['1469', '1439', '1438', '2537', '1920', '1921', '4241', '2310', '2311', '2312', '2313', '3283', '5197', '4143', '3284', '4256', '2338', '2339', '3294', '2340', '3295', '2341', '3025']","['325', '325', '325', '325', '325', '325', '325', '325', '325', '325', '324', '324', '324', '324', '324', '344', '344', '344', '344', '344', '344', '344']",5.0,San Francisquito,20.586617,-100.382653,22.866666666666667,25.06666666666667,9,8.0,2026-09-14 16:47:08.611611+00:00,2026-09-28 04:40:13.525194+00:00,0.8888888888888888,8,22.866666666666667,24.433333333333337,1,40.483333333333334,40.483333333333334,40.483333333333334,2026-09-28 04:40:13.525194+00:00,fin_de_semana,19-23,Suficiente,Acceso confiable,209.2420437025,False,25.06666666666667,P80 histórico de ETA Google por parada
1764,29.18333333333333,336.0,C46,2,21,3,Con transbordo,336 → 324 → 344,C46 → C33 → C54,Av. Tecnológico/José María Pino Suarez → Epigmenio González/Departamental Parques,"['1764', '1765', '1766', '2201', '4241', '2310', '2311', '2312', '2313', '3283', '5197', '4143', '3284', '4256', '2338', '2339', '3294', '2340', '3295', '2341', '3025']","['336', '336', '336', '336', '336', '324', '324', '324', '324', '324', '324', '324', '324', '344', '344', '344', '344', '344', '344', '344']",5.0,Prol. Zaragoza/City Club,20.579773047757,-100.41271130433,22.266666666666666,26.783333333333335,9,8.0,2026-09-14 16:47:08.611611+00:00,2026-09-28 04:40:13.525194+00:00,0.8888888888888888,8,22.266666666666666,24.756666666666668,1,50.166666666666664,50.166666666666664,50.166666666666664,2026-09-28 04:40:13.525194+00:00,fin_de_semana,19-23,Suficiente,Acceso confiable,209.2420437025,False,26.783333333333335,P80 histórico de ETA Google por parada
4253,29.21666666666667,348.0,C60,2,17,3,Con transbordo,348 → 324 → 344,C60 → C33 → C54,José Amilcar Vidal/San Agustín del Retablo → Epigmenio González/Departamental Parques,"['4253', '3282', '3237', '3222', '3538', '3283', '5197', '4143', '3284', '4256', '2338', '2339', '3294', '2340', '3295', '2341', '3025']","['348', '348', '348', '348', '348', '324', '324', '324', '324', '344', '344', '344', '344', '344', '344', '344']",5.0,Carr. Campo Militar/Querétaro Park Iii,20.594869630356,-100.41906071024,16.35,20.83,9,9.0,2026-09-14 16:47:08.611611+00:00,2026-09-28 04:40:13.525194+00:00,1.0,8,16.35,19.010000000000005,1,20.9,20.9,20.9,2026-09-28 04:40:13.525194+00:00,fin_de_semana,19-23,Suficiente,Acceso confiable,209.2420437025,False,20.83,P80 histórico de ETA Google por parada
2672,29.433333333333337,338.0,C48,2,19,3,Con transbordo,338 → 324 → 344,C48 → C33 → C54,Av. Tecnológico/Itq → Epigmenio González/Departamental Parques,"['2672', '2201', '4241', '2310', '2311', '2312', '2313', '3283', '5197', '4143', '3284', '4256', '2338', '2339', '3294', '2340', '3295', '2341', '3025']","['338', '338', '338', '338', '338', '338', '324', '324', '324', '324', '324', '344', '344', '344', '344', '344', '344', '344']",5.0,Blvd. de Las Américas/Costa Rica,20.57240213,-100.4047726,22.7,22.7,9,8.0,2026-09-14 16:47:08.611611+00:00,2026-09-28 04:40:13.525194+00:00,0.8888888888888888,8,22.7,22.7,1,58.68333333333333,58.68333333333333,58.68333333333333,2026-09-28 04:40:13.525194+00:00,fin_de_semana,19-23,Suficiente,Acceso confiable,209.2420437025,False,22.7,P80 histórico de ETA Google por parada
2343,29.549999999999997,336.0,C46,2,21,3,Con transbordo,336 → 324 → 344,C46 → C33 → C54,Avenida Ignacio Zaragoza/Comercial Mexicana → Epigmenio González/Departamental Parques,"['2343', '2344', '2345', '1921', '4241', '2310', '2311', '2312', '2313', '3283', '5197', '4143', '3284', '4256', '2338', '2339', '3294', '2340', '3295', '2341', '3025']","['336', '336', '336', '324', '324', '324', '324', '324', '324', '324', '324', '324', '324', '344', '344', '344', '344', '344', '344', '344']",5.0,Av. Universidad/Hidalgo,20.59240038,-100.3983805,14.466666666666669,14.466666666666669,9,9.0,2026-09-14 16:47:08.611611+00:00,2026-09-28 04:40:13.525194+00:00,1.0,8,14.466666666666669,14.466666666666669,1,14.466666666666669,14.466666666666669,14.466666666666669,2026-09-28 04:40:13.525194+00:00,fin_de_semana,19-23,Suficiente,Acceso confiable,209.2420437025,False,14.466666666666669,P80 histórico de ETA Google por parada
2031,29.55,319.0,C24,2,22,3,Con transbordo,319 → 324 → 344,C24 → C33 → C54,Av. Tecnológico/Itq → Epigmenio González/Departamental Parques,"['2031', '2309', '1919', '1920', '1921', '4241', '2310', '2311', '2312', '2313', '3283', '5197', '4143', '3284', '4256', '2338', '2339', '3294', '2340', '3295', '2341', '3025']","['319', '319', '319', '319', '319', '319', '319', '319', '319', '324', '324', '324', '324', '324', '344', '344', '344', '344', '344', '344', '344']",5.0,Avenida Corregidora/Avenida Constituyentes,20.585538725373,-100.38853402681,23.166666666666668,23.583333333333332,9,8.0,2026-09-14 16:47:08.611611+00:00,2026-09-28 04:40:13.525194+00:00,0.8888888888888888,8,23.166666666666668,23.583333333333332,1,42.21666666666667,42.21666666666667,42.21666666666667,2026-09-28 04:40:13.525194+00:00,fin_de_semana,19-23,Suficiente,Acceso confiable,209.2420437025,False,23.583333333333332,P80 histórico de ETA Google por parada
1437,29.566666666666663,355.0,C69,2,22,3,Con transbordo,355 → 324 → 344,C69 → C33 → C54,Av. Tecnológico/Itq → Epigmenio González/Departamental Parques,"['1437', '1438', '2537', '1920', '1921', '4241', '2310', '2311', '2312', '2313', '3283', '5197', '4143', '3284', '4256', '2338', '2339', '3294', '2340', '3295', '2341', '3025']","['355', '355', '355', '355', '355', '355', '355', '355', '355', '324', '324', '324', '324', '324', '344', '344', '344', '344', '344', '344', '344']",5.0,Ezequiel Montes,20.583615,-100.395037,26.2,26.4,9,9.0,2026-09-14 16:47:08.611611+00:00,2026-09-28 04:40:13.525194+00:00,1.0,8,25.19166666666667,26.2,1,29.75,29.75,29.75,2026-09-28 04:40:13.525194+00:00,fin_de_semana,19-23,Suficiente,Acceso confiable,209.2420437025,False,26.4,P80 histórico de ETA Google por parada
4430,29.666666666666664,336.0,C46,2,22,3,Con transbordo,336 → 324 → 344,C46 → C33 → C54,Av. Tecnológico/José María Pino Suarez → Epigmenio González/Departamental Parques,"['4430', '1764', '1765', '1766', '2201', '4241', '2310', '2311', '2312', '2313', '3283', '5197', '4143', '3284', '4256', '2338', '2339', '3294', '2340', '3295', '2341', '3025']","['336', '336', '336', '336', '336', '336', '324', '324', '324', '324', '324', '324', '324', '324', '344', '344', '344', '344', '344', '344', '344']",5.0,Av. Prol. Zaragoza/Av. Hilario Frías y Soto,20.579435424622,-100.4144223002,22.95,27.606666666666666,9,8.0,2026-09-14 16:47:08.611611+00:00,2026-09-28 04:40:13.525194+00:00,0.8888888888888888,8,22.95,25.540000000000003,1,51.233333333333334,51.233333333333334,51.233333333333334,2026-09-28 04:40:13.525194+00:00,fin_de_semana,19-23,Suficiente,Acceso confiable,209.2420437025,False,27.606666666666666,P80 histórico de ETA Google por parada
3682,29.75,325.0,C34,2,17,3,Con transbordo,325 → 350 → 344,C34 → C62 → C54,San Pablo/Loma de San Pablo → Prol. Tecnológico/Ford Citelis Querétaro,"['3682', '2981', '2982', '2983', '2984', '2858', '2859', '3362', '3363', '4256', '2338', '2339', '3294', '2340', '3295', '2341', '3025']","['325', '325', '325', '325', '325', '325', '350', '344', '344', '344', '344', '344', '344', '344', '344', '344']",5.0,Río Ayutla/Calle la Piedad,20.59650277,-100.4087533,14.716666666666669,15.593333333333334,9,9.0,2026-09-14 16:47:08.611611+00:00,2026-09-28 04:40:13.525194+00:00,1.0,8,14.641666666666667,15.226666666666668,1,15.633333333333333,15.633333333333333,15.633333333333333,2026-09-28 04:40:13.525194+00:00,fin_de_semana,19-23,Suficiente,Acceso confiable,209.2420437025,False,15.593333333333334,P80 histórico de ETA Google por parada
2453,29.783333333333328,324.0,C33,1,24,2,Con transbordo,324 → 344,C33 → C54,Epigmenio González/Departamental Parques,"['2453', '1881', '1879', '1918', '1919', '1920', '1921', '4241', '2310', '2311', '2312', '2313', '3283', '5197', '4143', '3284', '4256', '2338', '2339', '3294', '2340', '3295', '2341', '3025']","['324', '324', '324', '324', '324', '324', '324', '324', '324', '324', '324', '324', '324', '324', '324', '324', '344', '344', '344', '344', '344', '344', '344']",5.0,Independencia/Capuchinas,20.591751165759,-100.37717618681,25.75,26.566666666666663,9,8.0,2026-09-14 16:47:09.792714+00:00,2026-09-28 04:40:13.525194+00:00,0.8888888888888888,8,25.25,26.566666666666663,1,44.95,44.95,44.95,2026-09-28 04:40:13.525194+00:00,fin_de_semana,19-23,Suficiente,Acceso confiable,209.2420437025,False,26.566666666666663,P80 histórico de ETA Google por parada
2965,29.983333333333334,358.0,L118,2,16,3,Con transbordo,358 → 350 → 344,L118 → C62 → C54,Blvd. Bernardo Quintana/Cerro del Tezcaltzin → Prol. Tecnológico/Ford Citelis Querétaro,"['2965', '2966', '2890', '2984', '2858', '2859', '3362', '3363', '4256', '2338', '2339', '3294', '2340', '3295', '2341', '3025']","['358', '358', '350', '350', '350', '350', '344', '344', '344', '344', '344', '344', '344', '344', '344']",5.0,Blvd. Bernardo Quintana/Secretaría de Seguridad Ciudadana,20.617991,-100.405123,23.066666666666663,25.726666666666667,9,8.0,2026-09-14 16:47:08.611611+00:00,2026-09-28 04:40:13.525194+00:00,0.8888888888888888,8,22.941666666666663,23.066666666666663,1,38.4,38.4,38.4,2026-09-28 04:40:13.525194+00:00,fin_de_semana,19-23,Suficiente,Acceso confiable,209.2420437025,False,25.726666666666667,P80 histórico de ETA Google por parada
2681,30.05,325.0,C34,2,18,3,Con transbordo,325 → 350 → 344,C34 → C62 → C54,San Pablo/Loma de San Pablo → Prol. Tecnológico/Ford Citelis Querétaro,"['2681', '3682', '2981', '2982', '2983', '2984', '2858', '2859', '3362', '3363', '4256', '2338', '2339', '3294', '2340', '3295', '2341', '3025']","['325', '325', '325', '325', '325', '325', '325', '350', '344', '344', '344', '344', '344', '344', '344', '344', '344']",5.0,Av. Universidad/Prol. Tecnológico Norte,20.59602337,-100.4074724,12.6,13.666666666666666,9,9.0,2026-09-14 16:47:08.611611+00:00,2026-09-28 04:40:13.525194+00:00,1.0,8,12.6,13.666666666666666,1,13.666666666666666,13.666666666666666,13.666666666666666,2026-09-28 04:40:13.525194+00:00,fin_de_semana,19-23,Suficiente,Acceso confiable,209.2420437025,False,13.666666666666666,P80 histórico de ETA Google por parada
2997,30.116666666666667,342.0,C52,2,17,3,Con transbordo,342 → 380 → 344,C52 → L154 → C54,Epigmenio González/Ramiro de Maeztu → Epigmenio González/Departamental Parques,"['2997', '2998', '2999', '3935', '3490', '3491', '3773', '3492', '3284', '4256', '2338', '2339', '3294', '2340', '3295', '2341', '3025']","['342', '342', '342', '342', '342', '342', '342', '380', '380', '344', '344', '344', '344', '344', '344', '344']",5.0,Av. Revolución/Guadalupe Victoria,20.60377712,-100.4289949,22.583333333333332,25.67666666666667,7,7.0,2026-09-14 16:47:08.611611+00:00,2026-09-24 23:29:57.393094+00:00,1.0,7,22.583333333333332,25.67666666666667,0,,,26.1,2026-09-24 23:29:57.393094+00:00,laboral,16-19,Suficiente,Acceso confiable,286.41319150805555,False,25.67666666666667,P80 histórico de ETA Google por parada
1998,30.2,164.0,L111,2,13,3,Con transbordo,164 → 324 → 344,L111 → C33 → C54,Prol. Corregidora Norte/Indios Verdes → Av. Felipe Ángeles/Estadística,"['1998', '5196', '1982', '1983', '1915', '2392', '2338', '2339', '3294', '2340', '3295', '2341', '3025']","['164', '324', '324', '324', '324', '324', '344', '344', '344', '344', '344', '344']",5.0,Carr. Chichimequillas/Prol. Corregidora Norte,20.627456334628,-100.38600717097,25.966666666666665,25.966666666666665,7,6.0,2026-09-14 16:47:08.611611+00:00,2026-09-24 23:29:57.393094+00:00,0.8571428571428571,7,25.966666666666665,25.966666666666665,0,,,25.966666666666665,2026-09-24 23:29:57.393094+00:00,laboral,16-19,Suficiente,Acceso confiable,286.41319150805555,False,25.966666666666665,P80 histórico de ETA Google por parada
1470,30.266666666666666,325.0,C34,2,24,3,Con transbordo,325 → 324 → 344,C34 → C33 → C54,Av. Tecnológico/Itq → Epigmenio González/Departamental Parques,"['1470', '1469', '1439', '1438', '2537', '1920', '1921', '4241', '2310', '2311', '2312', '2313', '3283', '5197', '4143', '3284', '4256', '2338', '2339', '3294', '2340', '3295', '2341', '3025']","['325', '325', '325', '325', '325', '325', '325', '325', '325', '325', '325', '324', '324', '324', '324', '324', '344', '344', '344', '344', '344', '344', '344']",5.0,Auditorio,20.586777,-100.376851,24.333333333333332,26.183333333333337,9,8.0,2026-09-14 16:47:09.286590+00:00,2026-09-28 04:40:13.525194+00:00,0.8888888888888888,8,24.333333333333332,26.183333333333337,1,42.13333333333333,42.13333333333333,42.13333333333333,2026-09-28 04:40:13.525194+00:00,fin_de_semana,19-23,Suficiente,Acceso confiable,209.2420437025,False,26.183333333333337,P80 histórico de ETA Google por parada
2030,30.283333333333335,319.0,C24,2,23,3,Con transbordo,319 → 324 → 344,C24 → C33 → C54,Av. Tecnológico/Itq → Epigmenio González/Departamental Parques,"['2030', '2031', '2309', '1919', '1920', '1921', '4241', '2310', '2311', '2312', '2313', '3283', '5197', '4143', '3284', '4256', '2338', '2339', '3294', '2340', '3295', '2341', '3025']","['319', '319', '319', '319', '319', '319', '319', '319', '319', '319', '324', '324', '324', '324', '324', '344', '344', '344', '344', '344', '344', '344']",5.0,Prol. Corregidora Sur/ C. Wenceslao Sánchez,20.5831303,-100.3876044,24.333333333333332,24.783333333333335,9,8.0,2026-09-14 16:47:09.286590+00:00,2026-09-28 04:40:13.525194+00:00,0.8888888888888888,8,24.333333333333332,24.783333333333335,1,39.88333333333333,39.88333333333333,39.88333333333333,2026-09-28 04:40:13.525194+00:00,fin_de_semana,19-23,Suficiente,Acceso confiable,209.2420437025,False,24.783333333333335,P80 histórico de ETA Google por parada
2204,30.56666666666667,379.0,T13,2,13,3,Con transbordo,379 → 324 → 344,T13 → C33 → C54,Prol. Corregidora Norte/Real de Monserrat → Av. Felipe Ángeles/Estadística,"['2204', '3280', '4447', '3281', '1915', '2392', '2338', '2339', '3294', '2340', '3295', '2341', '3025']","['379', '379', '379', '379', '324', '324', '344', '344', '344', '344', '344', '344']",5.0,Blvd. Bernardo Quintana/Calle de la Peñita Ote.,20.60004134,-100.3753248,19.566666666666663,20.9,9,8.0,2026-09-14 16:47:08.611611+00:00,2026-09-28 04:40:13.525194+00:00,0.8888888888888888,8,19.566666666666663,20.566666666666663,1,42.68333333333333,42.68333333333333,42.68333333333333,2026-09-28 04:40:13.525194+00:00,fin_de_semana,19-23,Suficiente,Acceso confiable,209.2420437025,False,20.9,P80 histórico de ETA Google por parada
2342,30.616666666666664,336.0,C46,2,22,3,Con transbordo,336 → 324 → 344,C46 → C33 → C54,Avenida Ignacio Zaragoza/Comercial Mexicana → Epigmenio González/Departamental Parques,"['2342', '2343', '2344', '2345', '1921', '4241', '2310', '2311', '2312', '2313', '3283', '5197', '4143', '3284', '4256', '2338', '2339', '3294', '2340', '3295', '2341', '3025']","['336', '336', '336', '336', '324', '324', '324', '324', '324', '324', '324', '324', '324', '324', '344', '344', '344', '344', '344', '344', '344']",5.0,Ezequiel Montes/Mariano Escobedo,20.59558055,-100.3993576,9.416666666666666,9.416666666666666,9,9.0,2026-09-14 16:47:09.286590+00:00,2026-09-28 04:40:13.525194+00:00,1.0,8,9.416666666666666,9.416666666666666,1,9.416666666666666,9.416666666666666,9.416666666666666,2026-09-28 04:40:13.525194+00:00,fin_de_semana,19-23,Suficiente,Acceso confiable,209.2420437025,False,9.416666666666666,P80 histórico de ETA Google por parada
1811,30.750000000000004,347.0,C57,3,11,4,Con transbordo,347 → 319 → 324 → 344,C57 → C24 → C33 → C54,Blvd. Bernardo Quintana/Calle Mango → Prol. Corregidora Norte/Plaza del Parque (Bahía Ii) → Av. Felipe Ángeles/Estadística,"['1811', '3281', '1915', '2392', '2338', '2339', '3294', '2340', '3295', '2341', '3025']","['347', '319', '319', '324', '344', '344', '344', '344', '344', '344']",5.0,Av. Paseo de la Reforma/Cancha Bolaños,20.610953208424,-100.37788952907,28.583333333333332,29.45,7,7.0,2026-09-14 16:47:07.157796+00:00,2026-09-24 23:29:56.876759+00:00,1.0,7,28.583333333333332,29.45,0,,,29.45,2026-09-24 23:29:56.876759+00:00,laboral,16-19,Suficiente,Acceso confiable,286.41333493444444,False,29.45,P80 histórico de ETA Google por parada
4242,30.84999999999999,336.0,C46,2,24,3,Con transbordo,336 → 350 → 344,C46 → C62 → C54,Calle Cuitláhuac/Acceso 61 → Av. Cerro Sombrerete/Av. Playa Roqueta,"['4242', '2643', '3546', '3545', '5165', '5166', '5174', '5167', '2861', '2862', '2886', '2887', '2888', '2889', '3362', '3363', '4256', '2338', '2339', '3294', '2340', '3295', '2341', '3025']","['336', '336', '336', '336', '336', '336', '336', '336', '336', '350', '350', '350', '350', '344', '344', '344', '344', '344', '344', '344', '344', '344', '344']",5.0,Blvd. Bernardo Quintana/Parque Querétaro 2000 (Indereq),20.61693779438,-100.39352020853,25.483333333333334,25.79,7,6.0,2026-09-14 16:47:09.286590+00:00,2026-09-24 23:29:57.874683+00:00,0.8571428571428571,7,25.483333333333334,25.79,0,,,25.483333333333334,2026-09-24 23:29:57.874683+00:00,laboral,16-19,Suficiente,Acceso confiable,286.41305773333335,False,25.79,P80 histórico de ETA Google por parada
2996,30.85,342.0,C52,2,18,3,Con transbordo,342 → 380 → 344,C52 → L154 → C54,Epigmenio González/Ramiro de Maeztu → Epigmenio González/Departamental Parques,"['2996', '2997', '2998', '2999', '3935', '3490', '3491', '3773', '3492', '3284', '4256', '2338', '2339', '3294', '2340', '3295', '2341', '3025']","['342', '342', '342', '342', '342', '342', '342', '342', '380', '380', '344', '344', '344', '344', '344', '344', '344']",5.0,Av. Revolución/Calle Plata,20.6050372,-100.4305912,23.5,25.65,7,7.0,2026-09-14 16:47:08.611611+00:00,2026-09-24 23:29:57.393094+00:00,1.0,7,23.5,25.65,0,,,25.816666666666663,2026-09-24 23:29:57.393094+00:00,laboral,16-19,Suficiente,Acceso confiable,286.41319150805555,False,25.65,P80 histórico de ETA Google por parada
1433,30.966666666666672,97.0,C22,2,20,3,Con transbordo,97 → 324 → 344,C22 → C33 → C54,Av. Tecnológico/Itq → Epigmenio González/Departamental Parques,"['1433', '1434', '3297', '4241', '2310', '2311', '2312', '2313', '3283', '5197', '4143', '3284', '4256', '2338', '2339', '3294', '2340', '3295', '2341', '3025']","['97', '97', '97', '97', '97', '97', '97', '324', '324', '324', '324', '324', '344', '344', '344', '344', '344', '344', '344']",5.0,Plaza de Toros,20.572864944686,-100.40545758225,22.2,23.22,9,8.0,2026-09-14 16:47:08.611611+00:00,2026-09-28 04:40:13.525194+00:00,0.8888888888888888,8,22.2,22.26,1,50.11666666666667,50.11666666666667,50.11666666666667,2026-09-28 04:40:13.525194+00:00,fin_de_semana,19-23,Suficiente,Acceso confiable,209.2420437025,False,23.22,P80 histórico de ETA Google por parada
2029,31.033333333333335,319.0,C24,2,24,3,Con transbordo,319 → 324 → 344,C24 → C33 → C54,Av. Tecnológico/Itq → Epigmenio González/Departamental Parques,"['2029', '2030', '2031', '2309', '1919', '1920', '1921', '4241', '2310', '2311', '2312', '2313', '3283', '5197', '4143', '3284', '4256', '2338', '2339', '3294', '2340', '3295', '2341', '3025']","['319', '319', '319', '319', '319', '319', '319', '319', '319', '319', '319', '324', '324', '324', '324', '324', '344', '344', '344', '344', '344', '344', '344']",5.0,Corregidora/Fray F. Galindo,20.5806849,-100.3866671,25.516666666666666,26.0,9,8.0,2026-09-14 16:47:09.286590+00:00,2026-09-28 04:40:13.525194+00:00,0.8888888888888888,8,23.916666666666664,25.806666666666665,1,43.7,43.7,43.7,2026-09-28 04:40:13.525194+00:00,fin_de_semana,19-23,Suficiente,Acceso confiable,209.2420437025,False,26.0,P80 histórico de ETA Google por parada
2856,31.033333333333335,376.0,T08,2,22,3,Con transbordo,376 → 324 → 344,T08 → C33 → C54,Avenida Ignacio Zaragoza/Comercial Mexicana → Epigmenio González/Departamental Parques,"['2856', '1918', '1919', '1920', '1921', '4241', '2310', '2311', '2312', '2313', '3283', '5197', '4143', '3284', '4256', '2338', '2339', '3294', '2340', '3295', '2341', '3025']","['376', '376', '376', '376', '324', '324', '324', '324', '324', '324', '324', '324', '324', '324', '344', '344', '344', '344', '344', '344', '344']",5.0,Av. Luis Pasteur Sur/Calle Jalisco,20.58799221,-100.3860359,24.566666666666663,24.566666666666663,9,8.0,2026-09-14 16:47:08.611611+00:00,2026-09-28 04:40:13.525194+00:00,0.8888888888888888,8,24.566666666666663,24.566666666666663,1,35.733333333333334,35.733333333333334,35.733333333333334,2026-09-28 04:40:13.525194+00:00,fin_de_semana,19-23,Suficiente,Acceso confiable,209.2420437025,False,24.566666666666663,P80 histórico de ETA Google por parada
1471,31.149999999999995,325.0,C34,2,25,3,Con transbordo,325 → 324 → 344,C34 → C33 → C54,Av. Tecnológico/Itq → Epigmenio González/Departamental Parques,"['1471', '1470', '1469', '1439', '1438', '2537', '1920', '1921', '4241', '2310', '2311', '2312', '2313', '3283', '5197', '4143', '3284', '4256', '2338', '2339', '3294', '2340', '3295', '2341', '3025']","['325', '325', '325', '325', '325', '325', '325', '325', '325', '325', '325', '325', '324', '324', '324', '324', '324', '344', '344', '344', '344', '344', '344', '344']",5.0,Ejercito Republicano,20.587451,-100.372731,25.433333333333337,27.483333333333334,9,8.0,2026-09-14 16:47:09.286590+00:00,2026-09-28 04:40:13.525194+00:00,0.8888888888888888,8,25.433333333333337,26.663333333333338,1,54.416666666666664,54.416666666666664,54.416666666666664,2026-09-28 04:40:13.525194+00:00,fin_de_semana,19-23,Suficiente,Acceso confiable,209.2420437025,False,27.483333333333334,P80 histórico de ETA Google por parada
2980,31.266666666666666,255.0,T11,2,17,3,Con transbordo,255 → 350 → 344,T11 → C62 → C54,Obrera → Prol. Tecnológico/Ford Citelis Querétaro,"['2980', '2981', '2982', '2983', '2984', '2858', '2859', '3362', '3363', '4256', '2338', '2339', '3294', '2340', '3295', '2341', '3025']","['255', '255', '255', '255', '350', '350', '350', '344', '344', '344', '344', '344', '344', '344', '344', '344']",5.0,Universidad,20.59025185,-100.4135882,22.55,24.13,9,9.0,2026-09-14 16:47:08.611611+00:00,2026-09-28 04:40:13.525194+00:00,1.0,8,22.983333333333334,24.286666666666665,1,22.25,22.25,22.25,2026-09-28 04:40:13.525194+00:00,fin_de_semana,19-23,Suficiente,Acceso confiable,209.2420437025,False,24.13,P80 histórico de ETA Google por parada
3569,31.366666666666667,333.0,C42,2,23,3,Con transbordo,333 → 324 → 344,C42 → C33 → C54,Av. Tecnológico/José María Pino Suarez → Epigmenio González/Departamental Parques,"['3569', '4430', '1764', '1765', '1766', '2201', '4241', '2310', '2311', '2312', '2313', '3283', '5197', '4143', '3284', '4256', '2338', '2339', '3294', '2340', '3295', '2341', '3025']","['333', '333', '333', '333', '333', '333', '333', '324', '324', '324', '324', '324', '324', '324', '324', '344', '344', '344', '344', '344', '344', '344']",5.0,Prol. Pino Suárez/Del Pueblito,20.5826702,-100.4184031,24.666666666666668,27.133333333333336,9,7.0,2026-09-14 16:47:09.286590+00:00,2026-09-28 04:40:13.525194+00:00,0.7777777777777778,8,24.666666666666668,24.666666666666668,1,50.35,50.35,50.35,2026-09-28 04:40:13.525194+00:00,fin_de_semana,19-23,Suficiente,Acceso confiable,209.2420437025,False,27.133333333333336,P80 histórico de ETA Google por parada
2589,31.450000000000003,351.0,C63,2,13,3,Con transbordo,351 → 324 → 344,C63 → C33 → C54,Prol. Corregidora Norte/Real de Monserrat → Av. Felipe Ángeles/Estadística,"['2589', '3280', '4447', '3281', '1915', '2392', '2338', '2339', '3294', '2340', '3295', '2341', '3025']","['351', '351', '351', '351', '324', '324', '344', '344', '344', '344', '344', '344']",5.0,Av. Universidad/Instituto la Paz,20.60020214,-100.3776984,20.45,21.45,7,7.0,2026-09-14 16:47:09.286590+00:00,2026-09-24 23:29:57.874683+00:00,1.0,7,20.45,21.45,0,,,21.45,2026-09-24 23:29:57.874683+00:00,laboral,16-19,Suficiente,Acceso confiable,286.41305773333335,False,21.45,P80 histórico de ETA Google por parada
2394,31.466666666666665,336.0,C46,2,23,3,Con transbordo,336 → 324 → 344,C46 → C33 → C54,Avenida Ignacio Zaragoza/Comercial Mexicana → Epigmenio González/Departamental Parques,"['2394', '2342', '2343', '2344', '2345', '1921', '4241', '2310', '2311', '2312', '2313', '3283', '5197', '4143', '3284', '4256', '2338', '2339', '3294', '2340', '3295', '2341', '3025']","['336', '336', '336', '336', '336', '324', '324', '324', '324', '324', '324', '324', '324', '324', '324', '344', '344', '344', '344', '344', '344', '344']",5.0,Av. Universidad/Calle Nicolás Bravo,20.59797668,-100.3982517,8.9,8.9,9,9.0,2026-09-14 16:47:09.286590+00:00,2026-09-28 04:40:13.525194+00:00,1.0,8,8.9,8.9,1,8.9,8.9,8.9,2026-09-28 04:40:13.525194+00:00,fin_de_semana,19-23,Suficiente,Acceso confiable,209.2420437025,False,8.9,P80 histórico de ETA Google por parada
2028,31.666666666666668,319.0,C24,2,25,3,Con transbordo,319 → 324 → 344,C24 → C33 → C54,Av. Tecnológico/Itq → Epigmenio González/Departamental Parques,"['2028', '2029', '2030', '2031', '2309', '1919', '1920', '1921', '4241', '2310', '2311', '2312', '2313', '3283', '5197', '4143', '3284', '4256', '2338', '2339', '3294', '2340', '3295', '2341', '3025']","['319', '319', '319', '319', '319', '319', '319', '319', '319', '319', '319', '319', '324', '324', '324', '324', '324', '344', '344', '344', '344', '344', '344', '344']",5.0,Corregidora Sur/José Sotelo,20.578618858421,-100.38583872773,23.166666666666668,26.55,9,8.0,2026-09-14 16:47:09.286590+00:00,2026-09-28 04:40:13.525194+00:00,0.8888888888888888,8,23.166666666666668,25.19666666666667,1,46.78333333333333,46.78333333333333,46.78333333333333,2026-09-28 04:40:13.525194+00:00,fin_de_semana,19-23,Suficiente,Acceso confiable,209.2420437025,False,26.55,P80 histórico de ETA Google por parada
2024,31.75,376.0,T08,2,23,3,Con transbordo,376 → 324 → 344,T08 → C33 → C54,Avenida Ignacio Zaragoza/Comercial Mexicana → Epigmenio González/Departamental Parques,"['2024', '2856', '1918', '1919', '1920', '1921', '4241', '2310', '2311', '2312', '2313', '3283', '5197', '4143', '3284', '4256', '2338', '2339', '3294', '2340', '3295', '2341', '3025']","['376', '376', '376', '376', '376', '324', '324', '324', '324', '324', '324', '324', '324', '324', '324', '344', '344', '344', '344', '344', '344', '344']",5.0,Prol. Luis Pasteur/Centro Educativo Manuel Gomez,20.585698741389,-100.38521892816,25.733333333333334,25.733333333333334,9,8.0,2026-09-14 16:47:09.286590+00:00,2026-09-28 04:40:13.525194+00:00,0.8888888888888888,8,25.733333333333334,25.733333333333334,1,39.78333333333333,39.78333333333333,39.78333333333333,2026-09-28 04:40:13.525194+00:00,fin_de_semana,19-23,Suficiente,Acceso confiable,209.2420437025,False,25.733333333333334,P80 histórico de ETA Google por parada
2243,31.783333333333335,342.0,C52,2,19,3,Con transbordo,342 → 380 → 344,C52 → L154 → C54,Epigmenio González/Ramiro de Maeztu → Epigmenio González/Departamental Parques,"['2243', '2996', '2997', '2998', '2999', '3935', '3490', '3491', '3773', '3492', '3284', '4256', '2338', '2339', '3294', '2340', '3295', '2341', '3025']","['342', '342', '342', '342', '342', '342', '342', '342', '342', '380', '380', '344', '344', '344', '344', '344', '344', '344']",5.0,Av. Revolución/Aurrera,20.60639586,-100.4327647,26.2,28.20666666666667,7,7.0,2026-09-14 16:47:09.286590+00:00,2026-09-24 23:29:57.874683+00:00,1.0,7,26.2,28.20666666666667,0,,,25.833333333333332,2026-09-24 23:29:57.874683+00:00,laboral,16-19,Suficiente,Acceso confiable,286.41305773333335,False,28.20666666666667,P80 histórico de ETA Google por parada
1884,31.86666666666667,379.0,T13,2,14,3,Con transbordo,379 → 324 → 344,T13 → C33 → C54,Prol. Corregidora Norte/Real de Monserrat → Av. Felipe Ángeles/Estadística,"['1884', '2204', '3280', '4447', '3281', '1915', '2392', '2338', '2339', '3294', '2340', '3295', '2341', '3025']","['379', '379', '379', '379', '379', '324', '324', '344', '344', '344', '344', '344', '344']",5.0,Bernardo Quintana/Calz. de Los Arcos,20.597343572806,-100.37252488222,25.4,26.613333333333333,9,8.0,2026-09-14 16:47:09.286590+00:00,2026-09-28 04:40:13.525194+00:00,0.8888888888888888,8,25.4,25.88,1,48.53333333333333,48.53333333333333,48.53333333333333,2026-09-28 04:40:13.525194+00:00,fin_de_semana,19-23,Suficiente,Acceso confiable,209.2420437025,False,26.613333333333333,P80 histórico de ETA Google por parada
1472,31.899999999999995,325.0,C34,2,26,3,Con transbordo,325 → 324 → 344,C34 → C33 → C54,Av. Tecnológico/Itq → Epigmenio González/Departamental Parques,"['1472', '1471', '1470', '1469', '1439', '1438', '2537', '1920', '1921', '4241', '2310', '2311', '2312', '2313', '3283', '5197', '4143', '3284', '4256', '2338', '2339', '3294', '2340', '3295', '2341', '3025']","['325', '325', '325', '325', '325', '325', '325', '325', '325', '325', '325', '325', '325', '324', '324', '324', '324', '324', '344', '344', '344', '344', '344', '344', '344']",5.0,Carretas,20.588051,-100.369241,26.4,28.616666666666667,9,8.0,2026-09-14 16:47:09.792714+00:00,2026-09-28 04:40:13.525194+00:00,0.8888888888888888,8,26.4,28.616666666666667,1,57.666666666666664,57.666666666666664,57.666666666666664,2026-09-28 04:40:13.525194+00:00,fin_de_semana,19-23,Suficiente,Acceso confiable,209.2420437025,False,28.616666666666667,P80 histórico de ETA Google por parada
2642,31.899999999999995,336.0,C46,2,25,3,Con transbordo,336 → 350 → 344,C46 → C62 → C54,Calle Cuitláhuac/Acceso 61 → Av. Cerro Sombrerete/Av. Playa Roqueta,"['2642', '4242', '2643', '3546', '3545', '5165', '5166', '5174', '5167', '2861', '2862', '2886', '2887', '2888', '2889', '3362', '3363', '4256', '2338', '2339', '3294', '2340', '3295', '2341', '3025']","['336', '336', '336', '336', '336', '336', '336', '336', '336', '336', '350', '350', '350', '350', '344', '344', '344', '344', '344', '344', '344', '344', '344', '344']",5.0,Prol. Corregidora Norte/Plaza del Parque (Bahía Iii),20.615658725334,-100.38998983931,18.766666666666666,18.953333333333333,7,7.0,2026-09-14 16:47:09.286590+00:00,2026-09-24 23:29:57.874683+00:00,1.0,7,18.766666666666666,18.953333333333333,0,,,18.766666666666666,2026-09-24 23:29:57.874683+00:00,laboral,16-19,Suficiente,Acceso confiable,286.41305773333335,False,18.953333333333333,P80 histórico de ETA Google por parada
2978,31.96666666666667,376.0,T08,3,19,4,Con transbordo,376 → 338 → 324 → 344,T08 → C48 → C33 → C54,Ignacio Zaragoza/Imss → Av. Tecnológico/Itq → Epigmenio González/Departamental Parques,"['2978', '2201', '4241', '2310', '2311', '2312', '2313', '3283', '5197', '4143', '3284', '4256', '2338', '2339', '3294', '2340', '3295', '2341', '3025']","['376', '338', '338', '338', '338', '338', '324', '324', '324', '324', '324', '344', '344', '344', '344', '344', '344', '344']",5.0,Zaragoza,20.58210462,-100.4075288,21.883333333333333,27.436666666666667,9,8.0,2026-09-14 16:47:08.611611+00:00,2026-09-28 04:40:13.525194+00:00,0.8888888888888888,8,21.883333333333333,24.896666666666672,1,32.36666666666667,32.36666666666667,32.36666666666667,2026-09-28 04:40:13.525194+00:00,fin_de_semana,19-23,Suficiente,Acceso confiable,209.2420437025,False,27.436666666666667,P80 histórico de ETA Google por parada
2979,31.98333333333333,255.0,T11,2,18,3,Con transbordo,255 → 350 → 344,T11 → C62 → C54,Obrera → Prol. Tecnológico/Ford Citelis Querétaro,"['2979', '2980', '2981', '2982', '2983', '2984', '2858', '2859', '3362', '3363', '4256', '2338', '2339', '3294', '2340', '3295', '2341', '3025']","['255', '255', '255', '255', '255', '350', '350', '350', '344', '344', '344', '344', '344', '344', '344', '344', '344']",5.0,Tlacote,20.58706617,-100.4125469,23.6,25.14666666666667,9,9.0,2026-09-14 16:47:08.611611+00:00,2026-09-28 04:40:13.525194+00:00,1.0,8,23.858333333333334,25.486666666666668,1,23.333333333333332,23.333333333333332,23.333333333333332,2026-09-28 04:40:13.525194+00:00,fin_de_semana,19-23,Suficiente,Acceso confiable,209.2420437025,False,25.14666666666667,P80 histórico de ETA Google por parada
2393,32.266666666666666,336.0,C46,2,24,3,Con transbordo,336 → 324 → 344,C46 → C33 → C54,Avenida Ignacio Zaragoza/Comercial Mexicana → Epigmenio González/Departamental Parques,"['2393', '2394', '2342', '2343', '2344', '2345', '1921', '4241', '2310', '2311', '2312', '2313', '3283', '5197', '4143', '3284', '4256', '2338', '2339', '3294', '2340', '3295', '2341', '3025']","['336', '336', '336', '336', '336', '336', '324', '324', '324', '324', '324', '324', '324', '324', '324', '324', '344', '344', '344', '344', '344', '344', '344']",5.0,Av. Universidad/Calle Emiliano Carranza,20.59820852,-100.395666,9.733333333333333,10.163333333333332,9,9.0,2026-09-14 16:47:09.286590+00:00,2026-09-28 04:40:13.525194+00:00,1.0,8,9.733333333333333,9.903333333333332,1,12.033333333333331,12.033333333333331,12.033333333333331,2026-09-28 04:40:13.525194+00:00,fin_de_semana,19-23,Suficiente,Acceso confiable,209.2420437025,False,10.163333333333332,P80 histórico de ETA Google por parada
2419,32.31666666666667,338.0,C48,2,21,3,Con transbordo,338 → 324 → 344,C48 → C33 → C54,Av. Tecnológico/Itq → Epigmenio González/Departamental Parques,"['2419', '5180', '2672', '2201', '4241', '2310', '2311', '2312', '2313', '3283', '5197', '4143', '3284', '4256', '2338', '2339', '3294', '2340', '3295', '2341', '3025']","['338', '338', '338', '338', '338', '338', '338', '338', '324', '324', '324', '324', '324', '344', '344', '344', '344', '344', '344', '344']",5.0,Blvd. de Las Américas/Calle José Ma. Lozano,20.56395233,-100.4000577,25.816666666666663,25.816666666666663,9,8.0,2026-09-14 16:47:09.792714+00:00,2026-09-28 04:40:13.525194+00:00,0.8888888888888888,8,25.816666666666663,25.816666666666663,1,23.016666666666666,23.016666666666666,23.016666666666666,2026-09-28 04:40:13.525194+00:00,fin_de_semana,19-23,Suficiente,Acceso confiable,209.2420437025,False,25.816666666666663,P80 histórico de ETA Google por parada
1432,32.45,97.0,C22,2,21,3,Con transbordo,97 → 324 → 344,C22 → C33 → C54,Av. Tecnológico/Itq → Epigmenio González/Departamental Parques,"['1432', '1433', '1434', '3297', '4241', '2310', '2311', '2312', '2313', '3283', '5197', '4143', '3284', '4256', '2338', '2339', '3294', '2340', '3295', '2341', '3025']","['97', '97', '97', '97', '97', '97', '97', '97', '324', '324', '324', '324', '324', '344', '344', '344', '344', '344', '344', '344']",5.0,Jardines,20.569495072147,-100.40824828897,23.966666666666665,25.986666666666668,9,8.0,2026-09-14 16:47:08.611611+00:00,2026-09-28 04:40:13.525194+00:00,0.8888888888888888,8,23.966666666666665,23.966666666666665,1,175.5,175.5,175.5,2026-09-28 04:40:13.525194+00:00,fin_de_semana,19-23,Suficiente,Acceso confiable,209.2420437025,False,25.986666666666668,P80 histórico de ETA Google por parada
3568,32.46666666666667,333.0,C42,2,24,3,Con transbordo,333 → 324 → 344,C42 → C33 → C54,Av. Tecnológico/José María Pino Suarez → Epigmenio González/Departamental Parques,"['3568', '3569', '4430', '1764', '1765', '1766', '2201', '4241', '2310', '2311', '2312', '2313', '3283', '5197', '4143', '3284', '4256', '2338', '2339', '3294', '2340', '3295', '2341', '3025']","['333', '333', '333', '333', '333', '333', '333', '333', '324', '324', '324', '324', '324', '324', '324', '324', '344', '344', '344', '344', '344', '344', '344']",5.0,Prol. Pino Suárez/Jardín Ejido Modelo,20.58201396,-100.4221638,25.966666666666665,28.573333333333338,9,7.0,2026-09-14 16:47:09.792714+00:00,2026-09-28 04:40:13.525194+00:00,0.7777777777777778,8,25.966666666666665,25.966666666666665,1,55.81666666666667,55.81666666666667,55.81666666666667,2026-09-28 04:40:13.525194+00:00,fin_de_semana,19-23,Suficiente,Acceso confiable,209.2420437025,False,28.573333333333338,P80 histórico de ETA Google por parada
2995,32.46666666666667,342.0,C52,2,20,3,Con transbordo,342 → 380 → 344,C52 → L154 → C54,Epigmenio González/Ramiro de Maeztu → Epigmenio González/Departamental Parques,"['2995', '2243', '2996', '2997', '2998', '2999', '3935', '3490', '3491', '3773', '3492', '3284', '4256', '2338', '2339', '3294', '2340', '3295', '2341', '3025']","['342', '342', '342', '342', '342', '342', '342', '342', '342', '342', '380', '380', '344', '344', '344', '344', '344', '344', '344']",5.0,Av. Revolución/Ex Hacienda Tintero,20.60782282,-100.4339375,28.083333333333332,28.389999999999997,7,7.0,2026-09-14 16:47:09.286590+00:00,2026-09-24 23:29:57.874683+00:00,1.0,7,28.083333333333332,28.389999999999997,0,,,26.75,2026-09-24 23:29:57.874683+00:00,laboral,16-19,Suficiente,Acceso confiable,286.41305773333335,False,28.389999999999997,P80 histórico de ETA Google por parada
2308,32.56666666666667,319.0,C24,2,26,3,Con transbordo,319 → 324 → 344,C24 → C33 → C54,Av. Tecnológico/Itq → Epigmenio González/Departamental Parques,"['2308', '2028', '2029', '2030', '2031', '2309', '1919', '1920', '1921', '4241', '2310', '2311', '2312', '2313', '3283', '5197', '4143', '3284', '4256', '2338', '2339', '3294', '2340', '3295', '2341', '3025']","['319', '319', '319', '319', '319', '319', '319', '319', '319', '319', '319', '319', '319', '324', '324', '324', '324', '324', '344', '344', '344', '344', '344', '344', '344']",5.0,Corregidora/Luis M Vega y Monroy,20.575667879351,-100.38470466348,24.3,27.933333333333337,9,8.0,2026-09-14 16:47:09.792714+00:00,2026-09-28 04:40:14.046314+00:00,0.8888888888888888,8,24.3,27.933333333333337,1,51.666666666666664,51.666666666666664,51.666666666666664,2026-09-28 04:40:14.046314+00:00,fin_de_semana,19-23,Suficiente,Acceso confiable,209.24189894694445,False,27.933333333333337,P80 histórico de ETA Google por parada
2954,32.58333333333333,326.0,C35,2,23,3,Con transbordo,326 → 324 → 344,C35 → C33 → C54,Ignacio Zaragoza/Dr. Lucio → Epigmenio González/Departamental Parques,"['2954', '1879', '1918', '1919', '1920', '1921', '4241', '2310', '2311', '2312', '2313', '3283', '5197', '4143', '3284', '4256', '2338', '2339', '3294', '2340', '3295', '2341', '3025']","['326', '324', '324', '324', '324', '324', '324', '324', '324', '324', '324', '324', '324', '324', '324', '344', '344', '344', '344', '344', '344', '344']",5.0,Calle Manuel Acuña/Av. 20 de Noviembre,20.59221846,-100.3843739,26.583333333333332,29.753333333333337,9,7.0,2026-09-14 16:47:09.286590+00:00,2026-09-28 04:40:14.046314+00:00,0.7777777777777778,8,26.583333333333332,28.94,1,33.68333333333333,33.68333333333333,33.68333333333333,2026-09-28 04:40:14.046314+00:00,fin_de_semana,19-23,Suficiente,Acceso confiable,209.24189894694445,False,29.753333333333337,P80 histórico de ETA Google por parada
2195,32.61666666666667,376.0,T08,3,20,4,Con transbordo,376 → 338 → 324 → 344,T08 → C48 → C33 → C54,Ignacio Zaragoza/Imss → Av. Tecnológico/Itq → Epigmenio González/Departamental Parques,"['2195', '2978', '2201', '4241', '2310', '2311', '2312', '2313', '3283', '5197', '4143', '3284', '4256', '2338', '2339', '3294', '2340', '3295', '2341', '3025']","['376', '376', '338', '338', '338', '338', '338', '324', '324', '324', '324', '324', '344', '344', '344', '344', '344', '344', '344']",5.0,Ignacio Zaragoza/Telmex,20.583600540017,-100.40579200795,21.8,23.89666666666667,9,8.0,2026-09-14 16:47:08.611611+00:00,2026-09-28 04:40:14.046314+00:00,0.8888888888888888,8,21.8,23.75,1,41.13333333333333,41.13333333333333,41.13333333333333,2026-09-28 04:40:14.046314+00:00,fin_de_semana,19-23,Suficiente,Acceso confiable,209.24189894694445,False,23.89666666666667,P80 histórico de ETA Google por parada
5210,32.66666666666667,348.0,C60,2,18,3,Con transbordo,348 → 324 → 344,C60 → C33 → C54,José Amilcar Vidal/San Agustín del Retablo → Epigmenio González/Departamental Parques,"['5210', '4253', '3282', '3237', '3222', '3538', '3283', '5197', '4143', '3284', '4256', '2338', '2339', '3294', '2340', '3295', '2341', '3025']","['348', '348', '348', '348', '348', '348', '324', '324', '324', '324', '344', '344', '344', '344', '344', '344', '344']",5.0,Espuela del Ferrocarril/Calle Motul,20.601511427039,-100.42351580786,23.733333333333334,25.46666666666667,7,7.0,2026-09-14 16:47:08.611611+00:00,2026-09-24 23:29:57.393094+00:00,1.0,7,23.733333333333334,25.46666666666667,0,,,25.6,2026-09-24 23:29:57.393094+00:00,laboral,16-19,Suficiente,Acceso confiable,286.41319150805555,False,25.46666666666667,P80 histórico de ETA Google por parada
2023,32.75,376.0,T08,2,24,3,Con transbordo,376 → 324 → 344,T08 → C33 → C54,Avenida Ignacio Zaragoza/Comercial Mexicana → Epigmenio González/Departamental Parques,"['2023', '2024', '2856', '1918', '1919', '1920', '1921', '4241', '2310', '2311', '2312', '2313', '3283', '5197', '4143', '3284', '4256', '2338', '2339', '3294', '2340', '3295', '2341', '3025']","['376', '376', '376', '376', '376', '376', '324', '324', '324', '324', '324', '324', '324', '324', '324', '324', '344', '344', '344', '344', '344', '344', '344']",5.0,Prol. Luis Pasteur/Jose Antonio Bustamanete,20.58248883756,-100.38398500747,27.3,27.3,9,8.0,2026-09-14 16:47:09.286590+00:00,2026-09-28 04:40:14.046314+00:00,0.8888888888888888,8,27.3,27.3,1,44.93333333333333,44.93333333333333,44.93333333333333,2026-09-28 04:40:14.046314+00:00,fin_de_semana,19-23,Suficiente,Acceso confiable,209.24189894694445,False,27.3,P80 histórico de ETA Google por parada
3095,32.81666666666666,336.0,C46,2,26,3,Con transbordo,336 → 350 → 344,C46 → C62 → C54,Calle Cuitláhuac/Acceso 61 → Av. Cerro Sombrerete/Av. Playa Roqueta,"['3095', '2642', '4242', '2643', '3546', '3545', '5165', '5166', '5174', '5167', '2861', '2862', '2886', '2887', '2888', '2889', '3362', '3363', '4256', '2338', '2339', '3294', '2340', '3295', '2341', '3025']","['336', '336', '336', '336', '336', '336', '336', '336', '336', '336', '336', '350', '350', '350', '350', '344', '344', '344', '344', '344', '344', '344', '344', '344', '344']",5.0,Blvd. Bernardo Quintana/Costco Wholesale,20.61629565,-100.3932403,21.05,21.35666666666667,7,7.0,2026-09-14 16:47:09.286590+00:00,2026-09-24 23:29:57.874683+00:00,1.0,7,21.05,21.35666666666667,0,,,21.05,2026-09-24 23:29:57.874683+00:00,laboral,16-19,Suficiente,Acceso confiable,286.41305773333335,False,21.35666666666667,P80 histórico de ETA Google por parada
1964,32.88333333333334,328.0,C37,3,13,4,Con transbordo,328 → 319 → 324 → 344,C37 → C24 → C33 → C54,Anillo Vial Fray Junípero Serra/Av. Paseo de la Constitución → Prol. Corregidora Norte/Plaza del Parque (Bahía Ii) → Av. Felipe Ángeles/Estadística,"['1964', '1951', '1952', '3281', '1915', '2392', '2338', '2339', '3294', '2340', '3295', '2341', '3025']","['328', '319', '319', '319', '319', '324', '344', '344', '344', '344', '344', '344']",5.0,Anillo Vial Fray Junípero Serra/Av. Paseo de la Constitución,20.61767975,-100.3823511,27.8,28.6,7,7.0,2026-09-14 16:47:08.611611+00:00,2026-09-24 23:29:57.393094+00:00,1.0,7,27.8,28.6,0,,,29.5,2026-09-24 23:29:57.393094+00:00,laboral,16-19,Suficiente,Acceso confiable,286.41319150805555,False,28.6,P80 histórico de ETA Google por parada
3626,32.916666666666664,380.0,L154,1,18,2,Con transbordo,380 → 344,L154 → C54,Epigmenio González/Departamental Parques,"['3626', '2997', '2998', '2999', '3935', '3490', '3491', '3773', '3492', '3284', '4256', '2338', '2339', '3294', '2340', '3295', '2341', '3025']","['380', '380', '380', '380', '380', '380', '380', '380', '380', '380', '344', '344', '344', '344', '344', '344', '344']",5.0,Calle Platino/Av. Revolución,20.60455658,-100.4302566,23.933333333333337,25.886666666666667,7,7.0,2026-09-14 16:47:08.611611+00:00,2026-09-24 23:29:57.393094+00:00,1.0,7,23.933333333333337,25.886666666666667,0,,,23.933333333333337,2026-09-24 23:29:57.393094+00:00,laboral,16-19,Suficiente,Acceso confiable,286.41319150805555,False,25.886666666666667,P80 histórico de ETA Google por parada
2552,32.983333333333334,336.0,C46,2,25,3,Con transbordo,336 → 324 → 344,C46 → C33 → C54,Avenida Ignacio Zaragoza/Comercial Mexicana → Epigmenio González/Departamental Parques,"['2552', '2393', '2394', '2342', '2343', '2344', '2345', '1921', '4241', '2310', '2311', '2312', '2313', '3283', '5197', '4143', '3284', '4256', '2338', '2339', '3294', '2340', '3295', '2341', '3025']","['336', '336', '336', '336', '336', '336', '336', '324', '324', '324', '324', '324', '324', '324', '324', '324', '324', '344', '344', '344', '344', '344', '344', '344']",5.0,Av. Universidad/Hospital Sagrado Corazón de Jesús,20.59905128,-100.393487,10.383333333333333,10.69,9,9.0,2026-09-14 16:47:09.286590+00:00,2026-09-28 04:40:14.046314+00:00,1.0,8,10.216666666666669,10.726666666666668,1,10.383333333333333,10.383333333333333,10.383333333333333,2026-09-28 04:40:14.046314+00:00,fin_de_semana,19-23,Suficiente,Acceso confiable,209.24189894694445,False,10.69,P80 histórico de ETA Google por parada
1440,33.025000000000006,360.0,L152,3,19,4,Con transbordo,360 → 97 → 324 → 344,L152 → C22 → C33 → C54,Av. Tecnológico/Fernando Loyola → Av. Tecnológico/Itq → Epigmenio González/Departamental Parques,"['1440', '3297', '4241', '2310', '2311', '2312', '2313', '3283', '5197', '4143', '3284', '4256', '2338', '2339', '3294', '2340', '3295', '2341', '3025']","['360', '97', '97', '97', '97', '97', '324', '324', '324', '324', '324', '344', '344', '344', '344', '344', '344', '344']",5.0,Tecnológico,20.581211619986,-100.39867608739,25.433333333333337,27.193333333333335,9,8.0,2026-09-14 16:47:08.611611+00:00,2026-09-28 04:40:14.046314+00:00,0.8888888888888888,8,25.433333333333337,27.033333333333335,1,35.35,35.35,35.35,2026-09-28 04:40:14.046314+00:00,fin_de_semana,19-23,Suficiente,Acceso confiable,209.24189894694445,False,27.193333333333335,P80 histórico de ETA Google por parada
2032,33.15,376.0,T08,2,25,3,Con transbordo,376 → 324 → 344,T08 → C33 → C54,Avenida Ignacio Zaragoza/Comercial Mexicana → Epigmenio González/Departamental Parques,"['2032', '2023', '2024', '2856', '1918', '1919', '1920', '1921', '4241', '2310', '2311', '2312', '2313', '3283', '5197', '4143', '3284', '4256', '2338', '2339', '3294', '2340', '3295', '2341', '3025']","['376', '376', '376', '376', '376', '376', '376', '324', '324', '324', '324', '324', '324', '324', '324', '324', '324', '344', '344', '344', '344', '344', '344', '344']",5.0,Prol. Luis Pasteur/1ra Calle del Laurel,20.581210342497,-100.38349773657,28.033333333333335,28.033333333333335,9,8.0,2026-09-14 16:47:09.286590+00:00,2026-09-28 04:40:14.046314+00:00,0.8888888888888888,8,28.033333333333335,28.033333333333335,1,46.96666666666667,46.96666666666667,46.96666666666667,2026-09-28 04:40:14.046314+00:00,fin_de_semana,19-23,Suficiente,Acceso confiable,209.24189894694445,False,28.033333333333335,P80 histórico de ETA Google por parada
2418,33.150000000000006,338.0,C48,2,22,3,Con transbordo,338 → 324 → 344,C48 → C33 → C54,Av. Tecnológico/Itq → Epigmenio González/Departamental Parques,"['2418', '2419', '5180', '2672', '2201', '4241', '2310', '2311', '2312', '2313', '3283', '5197', '4143', '3284', '4256', '2338', '2339', '3294', '2340', '3295', '2341', '3025']","['338', '338', '338', '338', '338', '338', '338', '338', '338', '324', '324', '324', '324', '324', '344', '344', '344', '344', '344', '344', '344']",5.0,Blvd. de Las Américas/Carlos Esquerro,20.56138989,-100.398738,26.866666666666667,26.866666666666667,9,8.0,2026-09-14 16:47:10.283593+00:00,2026-09-28 04:40:14.046314+00:00,0.8888888888888888,8,26.866666666666667,26.866666666666667,1,23.85,23.85,23.85,2026-09-28 04:40:14.046314+00:00,fin_de_semana,19-23,Suficiente,Acceso confiable,209.24189894694445,False,26.866666666666667,P80 histórico de ETA Google por parada
2588,33.35,351.0,C63,2,14,3,Con transbordo,351 → 324 → 344,C63 → C33 → C54,Prol. Corregidora Norte/Real de Monserrat → Av. Felipe Ángeles/Estadística,"['2588', '2589', '3280', '4447', '3281', '1915', '2392', '2338', '2339', '3294', '2340', '3295', '2341', '3025']","['351', '351', '351', '351', '351', '324', '324', '344', '344', '344', '344', '344', '344']",5.0,Av. Universidad/Instituto Querétaro,20.60095054,-100.382755,16.033333333333335,16.766666666666666,7,7.0,2026-09-14 16:47:09.792714+00:00,2026-09-24 23:29:58.414214+00:00,1.0,7,16.033333333333335,16.766666666666666,0,,,16.033333333333335,2026-09-24 23:29:58.414214+00:00,laboral,16-19,Suficiente,Acceso confiable,286.4129078636111,False,16.766666666666666,P80 histórico de ETA Google por parada
2953,33.49999999999999,326.0,C35,2,24,3,Con transbordo,326 → 324 → 344,C35 → C33 → C54,Ignacio Zaragoza/Dr. Lucio → Epigmenio González/Departamental Parques,"['2953', '2954', '1879', '1918', '1919', '1920', '1921', '4241', '2310', '2311', '2312', '2313', '3283', '5197', '4143', '3284', '4256', '2338', '2339', '3294', '2340', '3295', '2341', '3025']","['326', '326', '324', '324', '324', '324', '324', '324', '324', '324', '324', '324', '324', '324', '324', '324', '344', '344', '344', '344', '344', '344', '344']",5.0,Calle Manuel Gutiérrez Nájera/Calle 5 de Mayo,20.59492053,-100.3855932,21.783333333333335,21.983333333333334,9,8.0,2026-09-14 16:47:09.286590+00:00,2026-09-28 04:40:14.046314+00:00,0.8888888888888888,8,21.741666666666667,21.783333333333335,1,30.3,30.3,30.3,2026-09-28 04:40:14.046314+00:00,fin_de_semana,19-23,Suficiente,Acceso confiable,209.24189894694445,False,21.983333333333334,P80 histórico de ETA Google por parada
2064,33.5,97.0,C22,2,25,3,Con transbordo,97 → 324 → 344,C22 → C33 → C54,Avenida Ignacio Zaragoza/Comercial Mexicana → Epigmenio González/Departamental Parques,"['2064', '2393', '2394', '2342', '2343', '2344', '2345', '1921', '4241', '2310', '2311', '2312', '2313', '3283', '5197', '4143', '3284', '4256', '2338', '2339', '3294', '2340', '3295', '2341', '3025']","['97', '97', '97', '97', '97', '97', '97', '324', '324', '324', '324', '324', '324', '324', '324', '324', '324', '344', '344', '344', '344', '344', '344', '344']",5.0,Av. Corregidora Norte/Av. Universidad,20.599336576579,-100.39392597365,12.3,13.316666666666666,9,9.0,2026-09-14 16:47:09.286590+00:00,2026-09-28 04:40:14.046314+00:00,1.0,8,12.3,12.93,1,13.316666666666666,13.316666666666666,13.316666666666666,2026-09-28 04:40:14.046314+00:00,fin_de_semana,19-23,Suficiente,Acceso confiable,209.24189894694445,False,13.316666666666666,P80 histórico de ETA Google por parada
1476,33.61666666666666,325.0,C34,2,27,3,Con transbordo,325 → 324 → 344,C34 → C33 → C54,Av. Tecnológico/Itq → Epigmenio González/Departamental Parques,"['1476', '1472', '1471', '1470', '1469', '1439', '1438', '2537', '1920', '1921', '4241', '2310', '2311', '2312', '2313', '3283', '5197', '4143', '3284', '4256', '2338', '2339', '3294', '2340', '3295', '2341', '3025']","['325', '325', '325', '325', '325', '325', '325', '325', '325', '325', '325', '325', '325', '325', '324', '324', '324', '324', '324', '344', '344', '344', '344', '344', '344', '344']",5.0,Bicentenario,20.589589837778,-100.36127427823,28.383333333333333,28.383333333333333,9,8.0,2026-09-14 16:47:10.283593+00:00,2026-09-28 04:40:14.046314+00:00,0.8888888888888888,8,28.383333333333333,28.383333333333333,1,26.566666666666663,26.566666666666663,26.566666666666663,2026-09-28 04:40:14.046314+00:00,fin_de_semana,19-23,Suficiente,Acceso confiable,209.24189894694445,False,28.383333333333333,P80 histórico de ETA Google por parada
2219,33.65,376.0,T08,2,26,3,Con transbordo,376 → 324 → 344,T08 → C33 → C54,Avenida Ignacio Zaragoza/Comercial Mexicana → Epigmenio González/Departamental Parques,"['2219', '2032', '2023', '2024', '2856', '1918', '1919', '1920', '1921', '4241', '2310', '2311', '2312', '2313', '3283', '5197', '4143', '3284', '4256', '2338', '2339', '3294', '2340', '3295', '2341', '3025']","['376', '376', '376', '376', '376', '376', '376', '376', '324', '324', '324', '324', '324', '324', '324', '324', '324', '324', '344', '344', '344', '344', '344', '344', '344']",5.0,Prol. Luis Pasteur/Palenque,20.579655788488,-100.38290965332,28.883333333333333,28.97,9,8.0,2026-09-14 16:47:09.792714+00:00,2026-09-28 04:40:14.046314+00:00,0.8888888888888888,8,28.883333333333333,28.883333333333333,1,49.516666666666666,49.516666666666666,49.516666666666666,2026-09-28 04:40:14.046314+00:00,fin_de_semana,19-23,Suficiente,Acceso confiable,209.24189894694445,False,28.97,P80 histórico de ETA Google por parada
1999,33.93333333333333,325.0,C34,3,22,4,Con transbordo,325 → 160 → 324 → 344,C34 → L59 → C33 → C54,Carr. Chichimequillas/Río Hondo → Prol. Corregidora Norte/Plaza del Parque (Bahía Ii) → Av. Felipe Ángeles/Estadística,"['1999', '1998', '1995', '5072', '1976', '5157', '5158', '5159', '5160', '3061', '2014', '2015', '1983', '1915', '2392', '2338', '2339', '3294', '2340', '3295', '2341', '3025']","['325', '325', '325', '325', '160', '160', '160', '160', '160', '160', '160', '160', '160', '160', '324', '344', '344', '344', '344', '344', '344']",5.0,Prol. Corregidora Norte/Indios Verdes,20.625073507906,-100.38810407591,23.533333333333335,23.533333333333335,7,7.0,2026-09-14 16:47:08.611611+00:00,2026-09-24 23:29:57.393094+00:00,1.0,7,23.533333333333335,23.533333333333335,0,,,23.216666666666665,2026-09-24 23:29:57.393094+00:00,laboral,16-19,Suficiente,Acceso confiable,286.41319150805555,False,23.533333333333335,P80 histórico de ETA Google por parada
2315,34.03333333333334,355.0,C69,2,27,3,Con transbordo,355 → 324 → 344,C69 → C33 → C54,Av. Tecnológico/Itq → Epigmenio González/Departamental Parques,"['2315', '2342', '2343', '2344', '2345', '1437', '1438', '2537', '1920', '1921', '4241', '2310', '2311', '2312', '2313', '3283', '5197', '4143', '3284', '4256', '2338', '2339', '3294', '2340', '3295', '2341', '3025']","['355', '355', '355', '355', '355', '355', '355', '355', '355', '355', '355', '355', '355', '355', '324', '324', '324', '324', '324', '344', '344', '344', '344', '344', '344', '344']",5.0,Av. Universidad/San Andrés,20.59623573,-100.400419,8.983333333333333,8.983333333333333,9,9.0,2026-09-14 16:47:09.286590+00:00,2026-09-28 04:40:14.046314+00:00,1.0,8,8.983333333333333,8.983333333333333,1,8.983333333333333,8.983333333333333,8.983333333333333,2026-09-28 04:40:14.046314+00:00,fin_de_semana,19-23,Suficiente,Acceso confiable,209.24189894694445,False,8.983333333333333,P80 histórico de ETA Google por parada
2296,34.050000000000004,338.0,C48,2,23,3,Con transbordo,338 → 324 → 344,C48 → C33 → C54,Av. Tecnológico/Itq → Epigmenio González/Departamental Parques,"['2296', '2418', '2419', '5180', '2672', '2201', '4241', '2310', '2311', '2312', '2313', '3283', '5197', '4143', '3284', '4256', '2338', '2339', '3294', '2340', '3295', '2341', '3025']","['338', '338', '338', '338', '338', '338', '338', '338', '338', '338', '324', '324', '324', '324', '324', '344', '344', '344', '344', '344', '344', '344']",5.0,Blvd. de Las Américas/Calle Antonio Carranza,20.5585882,-100.3972941,28.0,28.0,9,8.0,2026-09-14 16:47:10.283593+00:00,2026-09-28 04:40:14.046314+00:00,0.8888888888888888,8,28.0,28.0,1,24.733333333333334,24.733333333333334,24.733333333333334,2026-09-28 04:40:14.046314+00:00,fin_de_semana,19-23,Suficiente,Acceso confiable,209.24189894694445,False,28.0,P80 histórico de ETA Google por parada
1882,34.06666666666666,369.0,L62,2,24,3,Con transbordo,369 → 324 → 344,L62 → C33 → C54,Ignacio Zaragoza/Dr. Lucio → Epigmenio González/Departamental Parques,"['1882', '1881', '1879', '1918', '1919', '1920', '1921', '4241', '2310', '2311', '2312', '2313', '3283', '5197', '4143', '3284', '4256', '2338', '2339', '3294', '2340', '3295', '2341', '3025']","['369', '369', '324', '324', '324', '324', '324', '324', '324', '324', '324', '324', '324', '324', '324', '324', '344', '344', '344', '344', '344', '344', '344']",5.0,Calz. de Los Arcos/Notaría Pública 4,20.592850267804,-100.37782767496,26.15,26.9,9,8.0,2026-09-14 16:47:09.792714+00:00,2026-09-28 04:40:14.046314+00:00,0.8888888888888888,8,25.65,26.9,1,43.43333333333333,43.43333333333333,43.43333333333333,2026-09-28 04:40:14.046314+00:00,fin_de_semana,19-23,Suficiente,Acceso confiable,209.24189894694445,False,26.9,P80 histórico de ETA Google por parada
2956,34.11666666666667,336.0,C46,2,26,3,Con transbordo,336 → 324 → 344,C46 → C33 → C54,Avenida Ignacio Zaragoza/Comercial Mexicana → Epigmenio González/Departamental Parques,"['2956', '2552', '2393', '2394', '2342', '2343', '2344', '2345', '1921', '4241', '2310', '2311', '2312', '2313', '3283', '5197', '4143', '3284', '4256', '2338', '2339', '3294', '2340', '3295', '2341', '3025']","['336', '336', '336', '336', '336', '336', '336', '336', '324', '324', '324', '324', '324', '324', '324', '324', '324', '324', '344', '344', '344', '344', '344', '344', '344']",5.0,Av. Universidad/Calle Ignacio López Rayón,20.59876706,-100.3897758,11.183333333333334,11.85,9,9.0,2026-09-14 16:47:09.792714+00:00,2026-09-28 04:40:14.046314+00:00,1.0,8,11.183333333333334,11.85,1,11.533333333333331,11.533333333333331,11.533333333333331,2026-09-28 04:40:14.046314+00:00,fin_de_semana,19-23,Suficiente,Acceso confiable,209.24189894694445,False,11.85,P80 histórico de ETA Google por parada
1474,34.14999999999999,325.0,C34,2,28,3,Con transbordo,325 → 324 → 344,C34 → C33 → C54,Av. Tecnológico/Itq → Epigmenio González/Departamental Parques,"['1474', '1476', '1472', '1471', '1470', '1469', '1439', '1438', '2537', '1920', '1921', '4241', '2310', '2311', '2312', '2313', '3283', '5197', '4143', '3284', '4256', '2338', '2339', '3294', '2340', '3295', '2341', '3025']","['325', '325', '325', '325', '325', '325', '325', '325', '325', '325', '325', '325', '325', '325', '325', '324', '324', '324', '324', '324', '344', '344', '344', '344', '344', '344', '344']",5.0,Bicentenario,20.58921746773,-100.35881826912,29.116666666666667,29.116666666666667,9,8.0,2026-09-14 16:47:10.283593+00:00,2026-09-28 04:40:14.046314+00:00,0.8888888888888888,8,29.116666666666667,29.116666666666667,1,27.216666666666665,27.216666666666665,27.216666666666665,2026-09-28 04:40:14.046314+00:00,fin_de_semana,19-23,Suficiente,Acceso confiable,209.24189894694445,False,29.116666666666667,P80 histórico de ETA Google por parada
2000,34.21666666666666,325.0,C34,3,23,4,Con transbordo,325 → 160 → 324 → 344,C34 → L59 → C33 → C54,Carr. Chichimequillas/Río Hondo → Prol. Corregidora Norte/Plaza del Parque (Bahía Ii) → Av. Felipe Ángeles/Estadística,"['2000', '1999', '1998', '1995', '5072', '1976', '5157', '5158', '5159', '5160', '3061', '2014', '2015', '1983', '1915', '2392', '2338', '2339', '3294', '2340', '3295', '2341', '3025']","['325', '325', '325', '325', '325', '160', '160', '160', '160', '160', '160', '160', '160', '160', '160', '324', '344', '344', '344', '344', '344', '344']",5.0,Prol. Corregidora Norte/Nogaleda,20.624235819299,-100.38901715174,24.783333333333335,24.783333333333335,7,7.0,2026-09-14 16:47:08.611611+00:00,2026-09-24 23:29:57.393094+00:00,1.0,7,24.783333333333335,24.783333333333335,0,,,24.783333333333335,2026-09-24 23:29:57.393094+00:00,laboral,16-19,Suficiente,Acceso confiable,286.41319150805555,False,24.783333333333335,P80 histórico de ETA Google por parada
2452,34.300000000000004,134.0,C26,2,25,3,Con transbordo,134 → 324 → 344,C26 → C33 → C54,Avenida Ignacio Zaragoza/Comercial Mexicana → Epigmenio González/Departamental Parques,"['2452', '2453', '1881', '1879', '1918', '1919', '1920', '1921', '4241', '2310', '2311', '2312', '2313', '3283', '5197', '4143', '3284', '4256', '2338', '2339', '3294', '2340', '3295', '2341', '3025']","['134', '134', '134', '134', '134', '134', '134', '324', '324', '324', '324', '324', '324', '324', '324', '324', '324', '344', '344', '344', '344', '344', '344', '344']",5.0,Francisco Gonzalez de Cosio/20 de Noviembre,20.587960705761,-100.3759883183,27.75,29.6,9,8.0,2026-09-14 16:47:10.283593+00:00,2026-09-28 04:40:14.046314+00:00,0.8888888888888888,8,27.75,29.6,1,49.55,49.55,49.55,2026-09-28 04:40:14.046314+00:00,fin_de_semana,19-23,Suficiente,Acceso confiable,209.24189894694445,False,29.6,P80 histórico de ETA Google por parada
2676,34.33333333333333,336.0,C46,2,27,3,Con transbordo,336 → 350 → 344,C46 → C62 → C54,Calle Cuitláhuac/Acceso 61 → Av. Cerro Sombrerete/Av. Playa Roqueta,"['2676', '3095', '2642', '4242', '2643', '3546', '3545', '5165', '5166', '5174', '5167', '2861', '2862', '2886', '2887', '2888', '2889', '3362', '3363', '4256', '2338', '2339', '3294', '2340', '3295', '2341', '3025']","['336', '336', '336', '336', '336', '336', '336', '336', '336', '336', '336', '336', '350', '350', '350', '350', '344', '344', '344', '344', '344', '344', '344', '344', '344', '344']",5.0,Blvd. Bernardo Quintana/Walmart,20.61645174,-100.3987187,23.133333333333333,23.133333333333333,7,7.0,2026-09-14 16:47:09.792714+00:00,2026-09-24 23:29:58.414214+00:00,1.0,7,23.133333333333333,23.133333333333333,0,,,23.133333333333333,2026-09-24 23:29:58.414214+00:00,laboral,16-19,Suficiente,Acceso confiable,286.4129078636111,False,23.133333333333333,P80 histórico de ETA Google por parada
2004,34.4,358.0,L118,2,20,3,Con transbordo,358 → 350 → 344,L118 → C62 → C54,Blvd. Bernardo Quintana/Cerro del Tezcaltzin → Prol. Tecnológico/Ford Citelis Querétaro,"['2004', '2642', '4242', '2643', '2965', '2966', '2890', '2984', '2858', '2859', '3362', '3363', '4256', '2338', '2339', '3294', '2340', '3295', '2341', '3025']","['358', '358', '358', '358', '358', '358', '350', '350', '350', '350', '344', '344', '344', '344', '344', '344', '344', '344', '344']",5.0,Prol. Corregidora Norte/Plaza del Parque,20.614834704893,-100.39019928036,19.683333333333337,19.883333333333333,7,7.0,2026-09-14 16:47:09.286590+00:00,2026-09-24 23:29:57.874683+00:00,1.0,7,19.683333333333337,19.883333333333333,0,,,19.883333333333333,2026-09-24 23:29:57.874683+00:00,laboral,16-19,Suficiente,Acceso confiable,286.41305773333335,False,19.883333333333333,P80 histórico de ETA Google por parada
2558,34.449999999999996,326.0,C35,2,25,3,Con transbordo,326 → 324 → 344,C35 → C33 → C54,Ignacio Zaragoza/Dr. Lucio → Epigmenio González/Departamental Parques,"['2558', '2953', '2954', '1879', '1918', '1919', '1920', '1921', '4241', '2310', '2311', '2312', '2313', '3283', '5197', '4143', '3284', '4256', '2338', '2339', '3294', '2340', '3295', '2341', '3025']","['326', '326', '326', '324', '324', '324', '324', '324', '324', '324', '324', '324', '324', '324', '324', '324', '324', '344', '344', '344', '344', '344', '344', '344']",5.0,Manuel Gutiérrez Nájera/Waldos,20.597879647899,-100.38642251324,17.483333333333334,17.683333333333334,9,9.0,2026-09-14 16:47:09.792714+00:00,2026-09-28 04:40:14.046314+00:00,1.0,8,17.483333333333334,17.783333333333335,1,17.433333333333334,17.433333333333334,17.433333333333334,2026-09-28 04:40:14.046314+00:00,fin_de_semana,19-23,Suficiente,Acceso confiable,209.24189894694445,False,17.683333333333334,P80 histórico de ETA Google por parada
2295,34.46666666666667,338.0,C48,2,24,3,Con transbordo,338 → 324 → 344,C48 → C33 → C54,Av. Tecnológico/Itq → Epigmenio González/Departamental Parques,"['2295', '2296', '2418', '2419', '5180', '2672', '2201', '4241', '2310', '2311', '2312', '2313', '3283', '5197', '4143', '3284', '4256', '2338', '2339', '3294', '2340', '3295', '2341', '3025']","['338', '338', '338', '338', '338', '338', '338', '338', '338', '338', '338', '324', '324', '324', '324', '324', '344', '344', '344', '344', '344', '344', '344']",5.0,Blvd. de Las Américas/Calle Enrique Bordes Manguel,20.557316,-100.39664,28.616666666666667,28.616666666666667,9,8.0,2026-09-14 16:47:10.781852+00:00,2026-09-28 04:40:14.046314+00:00,0.8888888888888888,8,28.616666666666667,28.616666666666667,1,25.233333333333334,25.233333333333334,25.233333333333334,2026-09-28 04:40:14.046314+00:00,fin_de_semana,19-23,Suficiente,Acceso confiable,209.24189894694445,False,28.616666666666667,P80 histórico de ETA Google por parada
1473,34.64999999999999,325.0,C34,2,29,3,Con transbordo,325 → 324 → 344,C34 → C33 → C54,Av. Tecnológico/Itq → Epigmenio González/Departamental Parques,"['1473', '1474', '1476', '1472', '1471', '1470', '1469', '1439', '1438', '2537', '1920', '1921', '4241', '2310', '2311', '2312', '2313', '3283', '5197', '4143', '3284', '4256', '2338', '2339', '3294', '2340', '3295', '2341', '3025']","['325', '325', '325', '325', '325', '325', '325', '325', '325', '325', '325', '325', '325', '325', '325', '325', '324', '324', '324', '324', '324', '344', '344', '344', '344', '344', '344', '344']",5.0,Prol. Constituyentes Oriente/Monte Sinaí,20.589359628197,-100.36116527451,29.816666666666663,29.816666666666663,9,8.0,2026-09-14 16:47:10.781852+00:00,2026-09-28 04:40:14.046314+00:00,0.8888888888888888,8,29.816666666666663,29.816666666666663,1,27.833333333333332,27.833333333333332,27.833333333333332,2026-09-28 04:40:14.046314+00:00,fin_de_semana,19-23,Suficiente,Acceso confiable,209.24189894694445,False,29.816666666666663,P80 histórico de ETA Google por parada
2955,34.75,351.0,C63,2,15,3,Con transbordo,351 → 324 → 344,C63 → C33 → C54,Prol. Corregidora Norte/Real de Monserrat → Av. Felipe Ángeles/Estadística,"['2955', '2588', '2589', '3280', '4447', '3281', '1915', '2392', '2338', '2339', '3294', '2340', '3295', '2341', '3025']","['351', '351', '351', '351', '351', '351', '324', '324', '344', '344', '344', '344', '344', '344']",5.0,Calle 15 de Mayo/Calle Damián Carmona,20.59791629,-100.3846781,16.483333333333334,16.966666666666665,9,9.0,2026-09-14 16:47:10.283593+00:00,2026-09-28 04:40:14.046314+00:00,1.0,8,16.458333333333336,16.773333333333333,1,28.916666666666668,28.916666666666668,28.916666666666668,2026-09-28 04:40:14.046314+00:00,fin_de_semana,19-23,Suficiente,Acceso confiable,209.24189894694445,False,16.966666666666665,P80 histórico de ETA Google por parada
1924,34.75000000000001,98.0,C23,3,23,4,Con transbordo,98 → 325 → 324 → 344,C23 → C34 → C33 → C54,Escobedo → Av. Tecnológico/Itq → Epigmenio González/Departamental Parques,"['1924', '1437', '1438', '2537', '1920', '1921', '4241', '2310', '2311', '2312', '2313', '3283', '5197', '4143', '3284', '4256', '2338', '2339', '3294', '2340', '3295', '2341', '3025']","['98', '98', '325', '325', '325', '325', '325', '325', '325', '325', '324', '324', '324', '324', '324', '344', '344', '344', '344', '344', '344', '344']",5.0,Ignacio Zaragoza/Ezequiel Montes,20.586463888889,-100.39668187025,21.333333333333332,21.533333333333335,9,9.0,2026-09-14 16:47:08.611611+00:00,2026-09-28 04:40:14.046314+00:00,1.0,8,21.333333333333332,21.533333333333335,1,24.316666666666663,24.316666666666663,24.316666666666663,2026-09-28 04:40:14.046314+00:00,fin_de_semana,19-23,Suficiente,Acceso confiable,209.24189894694445,False,21.533333333333335,P80 histórico de ETA Google por parada
2001,34.883333333333326,325.0,C34,3,24,4,Con transbordo,325 → 160 → 324 → 344,C34 → L59 → C33 → C54,Carr. Chichimequillas/Río Hondo → Prol. Corregidora Norte/Plaza del Parque (Bahía Ii) → Av. Felipe Ángeles/Estadística,"['2001', '2000', '1999', '1998', '1995', '5072', '1976', '5157', '5158', '5159', '5160', '3061', '2014', '2015', '1983', '1915', '2392', '2338', '2339', '3294', '2340', '3295', '2341', '3025']","['325', '325', '325', '325', '325', '325', '160', '160', '160', '160', '160', '160', '160', '160', '160', '160', '324', '344', '344', '344', '344', '344', '344']",5.0,Prol. Corregidora Norte/Av. Paseo de la Constitución,20.621454798302,-100.39002930276,23.5,24.366666666666667,7,7.0,2026-09-14 16:47:08.611611+00:00,2026-09-24 23:29:57.393094+00:00,1.0,7,23.5,24.366666666666667,0,,,23.233333333333334,2026-09-24 23:29:57.393094+00:00,laboral,16-19,Suficiente,Acceso confiable,286.41319150805555,False,24.366666666666667,P80 histórico de ETA Google por parada
5183,34.96666666666667,319.0,C24,2,27,3,Con transbordo,319 → 324 → 344,C24 → C33 → C54,Av. Tecnológico/Itq → Epigmenio González/Departamental Parques,"['5183', '2308', '2028', '2029', '2030', '2031', '2309', '1919', '1920', '1921', '4241', '2310', '2311', '2312', '2313', '3283', '5197', '4143', '3284', '4256', '2338', '2339', '3294', '2340', '3295', '2341', '3025']","['319', '319', '319', '319', '319', '319', '319', '319', '319', '319', '319', '319', '319', '319', '324', '324', '324', '324', '324', '344', '344', '344', '344', '344', '344', '344']",5.0,Av. 4/Calle 25,20.573650631947,-100.39349063845,27.05,27.05,9,8.0,2026-09-14 16:47:10.781852+00:00,2026-09-28 04:40:14.046314+00:00,0.8888888888888888,8,27.05,27.05,1,48.81666666666667,48.81666666666667,48.81666666666667,2026-09-28 04:40:14.046314+00:00,fin_de_semana,19-23,Suficiente,Acceso confiable,209.24189894694445,False,27.05,P80 histórico de ETA Google por parada
2522,34.98333333333334,356.0,L108,2,22,3,Con transbordo,356 → 324 → 344,L108 → C33 → C54,Av. Tecnológico/José María Pino Suarez → Epigmenio González/Departamental Parques,"['2522', '2343', '2344', '2345', '1921', '4241', '2310', '2311', '2312', '2313', '3283', '5197', '4143', '3284', '4256', '2338', '2339', '3294', '2340', '3295', '2341', '3025']","['356', '356', '356', '356', '356', '356', '324', '324', '324', '324', '324', '324', '324', '324', '344', '344', '344', '344', '344', '344', '344']",5.0,Miguel Hidalgo/Ignacio Pérez,20.591573603724,-100.40197816756,18.566666666666663,18.92,9,9.0,2026-09-14 16:47:09.286590+00:00,2026-09-28 04:40:14.046314+00:00,1.0,8,18.566666666666663,18.786666666666665,1,19.05,19.05,19.05,2026-09-28 04:40:14.046314+00:00,fin_de_semana,19-23,Suficiente,Acceso confiable,209.24189894694445,False,18.92,P80 histórico de ETA Google por parada
2063,35.016666666666666,97.0,C22,2,26,3,Con transbordo,97 → 324 → 344,C22 → C33 → C54,Avenida Ignacio Zaragoza/Comercial Mexicana → Epigmenio González/Departamental Parques,"['2063', '2064', '2393', '2394', '2342', '2343', '2344', '2345', '1921', '4241', '2310', '2311', '2312', '2313', '3283', '5197', '4143', '3284', '4256', '2338', '2339', '3294', '2340', '3295', '2341', '3025']","['97', '97', '97', '97', '97', '97', '97', '97', '324', '324', '324', '324', '324', '324', '324', '324', '324', '324', '344', '344', '344', '344', '344', '344', '344']",5.0,Av. Corregidora Norte/Calle Metralla,20.60336676805,-100.3924242409,12.5,12.833333333333334,7,7.0,2026-09-14 16:47:09.792714+00:00,2026-09-24 23:29:58.414214+00:00,1.0,7,12.5,12.833333333333334,0,,,12.833333333333334,2026-09-24 23:29:58.414214+00:00,laboral,16-19,Suficiente,Acceso confiable,286.4129078636111,False,12.833333333333334,P80 histórico de ETA Google por parada
1767,35.03333333333334,256.0,T12,3,20,4,Con transbordo,256 → 97 → 324 → 344,T12 → C22 → C33 → C54,Constitución de 1917 → Av. Tecnológico/Itq → Epigmenio González/Departamental Parques,"['1767', '1434', '3297', '4241', '2310', '2311', '2312', '2313', '3283', '5197', '4143', '3284', '4256', '2338', '2339', '3294', '2340', '3295', '2341', '3025']","['256', '97', '97', '97', '97', '97', '97', '324', '324', '324', '324', '324', '344', '344', '344', '344', '344', '344', '344']",5.0,Hospital General/Paseo 5 de Febrero,20.580031791579,-100.4057036974,24.35,27.94,9,8.0,2026-09-14 16:47:08.611611+00:00,2026-09-28 04:40:14.046314+00:00,0.8888888888888888,8,24.35,26.020000000000003,1,37.25,37.25,37.25,2026-09-28 04:40:14.046314+00:00,fin_de_semana,19-23,Suficiente,Acceso confiable,209.24189894694445,False,27.94,P80 histórico de ETA Google por parada
2557,35.06666666666666,326.0,C35,2,26,3,Con transbordo,326 → 324 → 344,C35 → C33 → C54,Ignacio Zaragoza/Dr. Lucio → Epigmenio González/Departamental Parques,"['2557', '2558', '2953', '2954', '1879', '1918', '1919', '1920', '1921', '4241', '2310', '2311', '2312', '2313', '3283', '5197', '4143', '3284', '4256', '2338', '2339', '3294', '2340', '3295', '2341', '3025']","['326', '326', '326', '326', '324', '324', '324', '324', '324', '324', '324', '324', '324', '324', '324', '324', '324', '324', '344', '344', '344', '344', '344', '344', '344']",5.0,Av. Universidad/Manuel Gutiérrez Nájera,20.59982031,-100.3868995,14.383333333333333,16.566666666666666,9,9.0,2026-09-14 16:47:09.792714+00:00,2026-09-28 04:40:14.046314+00:00,1.0,8,14.383333333333333,16.566666666666666,1,14.566666666666666,14.566666666666666,14.566666666666666,2026-09-28 04:40:14.046314+00:00,fin_de_semana,19-23,Suficiente,Acceso confiable,209.24189894694445,False,16.566666666666666,P80 histórico de ETA Google por parada
2002,35.18333333333332,325.0,C34,3,25,4,Con transbordo,325 → 160 → 324 → 344,C34 → L59 → C33 → C54,Carr. Chichimequillas/Río Hondo → Prol. Corregidora Norte/Plaza del Parque (Bahía Ii) → Av. Felipe Ángeles/Estadística,"['2002', '2001', '2000', '1999', '1998', '1995', '5072', '1976', '5157', '5158', '5159', '5160', '3061', '2014', '2015', '1983', '1915', '2392', '2338', '2339', '3294', '2340', '3295', '2341', '3025']","['325', '325', '325', '325', '325', '325', '325', '160', '160', '160', '160', '160', '160', '160', '160', '160', '160', '324', '344', '344', '344', '344', '344', '344']",5.0,Prol. Corregidora Norte/Av. Paseo de la Constitución,20.620118272634,-100.3900027977,20.816666666666663,21.03,7,7.0,2026-09-14 16:47:08.611611+00:00,2026-09-24 23:29:57.393094+00:00,1.0,7,20.816666666666663,21.03,0,,,20.816666666666663,2026-09-24 23:29:57.393094+00:00,laboral,16-19,Suficiente,Acceso confiable,286.41319150805555,False,21.03,P80 histórico de ETA Google por parada
2454,35.24999999999999,326.0,C35,2,25,3,Con transbordo,326 → 324 → 344,C35 → C33 → C54,Independencia/Capuchinas → Epigmenio González/Departamental Parques,"['2454', '2453', '1881', '1879', '1918', '1919', '1920', '1921', '4241', '2310', '2311', '2312', '2313', '3283', '5197', '4143', '3284', '4256', '2338', '2339', '3294', '2340', '3295', '2341', '3025']","['326', '324', '324', '324', '324', '324', '324', '324', '324', '324', '324', '324', '324', '324', '324', '324', '324', '344', '344', '344', '344', '344', '344', '344']",5.0,Ejército Republicano/12b,20.591644063671,-100.37865890173,25.566666666666663,27.64,9,8.0,2026-09-14 16:47:09.792714+00:00,2026-09-28 04:40:14.046314+00:00,0.8888888888888888,8,24.93333333333333,26.726666666666663,1,43.71666666666667,43.71666666666667,43.71666666666667,2026-09-28 04:40:14.046314+00:00,fin_de_semana,19-23,Suficiente,Acceso confiable,209.24189894694445,False,27.64,P80 histórico de ETA Google por parada
2008,35.25,346.0,C56,3,18,4,Con transbordo,346 → 336 → 324 → 344,C56 → C46 → C33 → C54,Av. Tláloc/Parque Epigmenio González → Prol. Corregidora Norte/Plaza del Parque (Bahía Ii) → Av. Felipe Ángeles/Estadística,"['2008', '2009', '2010', '2011', '2012', '2013', '2014', '2015', '1983', '1915', '2392', '2338', '2339', '3294', '2340', '3295', '2341', '3025']","['346', '336', '336', '336', '336', '336', '336', '336', '336', '336', '324', '344', '344', '344', '344', '344', '344']",5.0,Av. Cerro Sombrerete/Preparatoria Norte Uaq,20.62651907539,-100.41245224031,19.816666666666663,19.816666666666663,7,7.0,2026-09-14 16:47:09.286590+00:00,2026-09-24 23:29:57.874683+00:00,1.0,7,19.816666666666663,19.816666666666663,0,,,19.816666666666663,2026-09-24 23:29:57.874683+00:00,laboral,16-19,Suficiente,Acceso confiable,286.41305773333335,False,19.816666666666663,P80 histórico de ETA Google por parada
2551,35.28333333333333,336.0,C46,2,27,3,Con transbordo,336 → 324 → 344,C46 → C33 → C54,Avenida Ignacio Zaragoza/Comercial Mexicana → Epigmenio González/Departamental Parques,"['2551', '2956', '2552', '2393', '2394', '2342', '2343', '2344', '2345', '1921', '4241', '2310', '2311', '2312', '2313', '3283', '5197', '4143', '3284', '4256', '2338', '2339', '3294', '2340', '3295', '2341', '3025']","['336', '336', '336', '336', '336', '336', '336', '336', '336', '324', '324', '324', '324', '324', '324', '324', '324', '324', '324', '344', '344', '344', '344', '344', '344', '344']",5.0,Av. Universidad/Universidad Marista,20.60056589,-100.3864768,12.533333333333331,13.166666666666666,9,9.0,2026-09-14 16:47:10.283593+00:00,2026-09-28 04:40:14.046314+00:00,1.0,8,12.533333333333331,13.166666666666666,1,12.716666666666669,12.716666666666669,12.716666666666669,2026-09-28 04:40:14.046314+00:00,fin_de_semana,19-23,Suficiente,Acceso confiable,209.24189894694445,False,13.166666666666666,P80 histórico de ETA Google por parada
2314,35.28333333333334,355.0,C69,2,28,3,Con transbordo,355 → 324 → 344,C69 → C33 → C54,Av. Tecnológico/Itq → Epigmenio González/Departamental Parques,"['2314', '2315', '2342', '2343', '2344', '2345', '1437', '1438', '2537', '1920', '1921', '4241', '2310', '2311', '2312', '2313', '3283', '5197', '4143', '3284', '4256', '2338', '2339', '3294', '2340', '3295', '2341', '3025']","['355', '355', '355', '355', '355', '355', '355', '355', '355', '355', '355', '355', '355', '355', '355', '324', '324', '324', '324', '324', '344', '344', '344', '344', '344', '344', '344']",5.0,Av. Universidad/Itq,20.59573778,-100.4045384,10.683333333333334,10.8,9,9.0,2026-09-14 16:47:09.286590+00:00,2026-09-28 04:40:14.046314+00:00,1.0,8,10.608333333333333,10.8,1,15.133333333333333,15.133333333333333,15.133333333333333,2026-09-28 04:40:14.046314+00:00,fin_de_semana,19-23,Suficiente,Acceso confiable,209.24189894694445,False,10.8,P80 histórico de ETA Google por parada
3625,35.33333333333333,380.0,L154,1,19,2,Con transbordo,380 → 344,L154 → C54,Epigmenio González/Departamental Parques,"['3625', '3626', '2997', '2998', '2999', '3935', '3490', '3491', '3773', '3492', '3284', '4256', '2338', '2339', '3294', '2340', '3295', '2341', '3025']","['380', '380', '380', '380', '380', '380', '380', '380', '380', '380', '380', '344', '344', '344', '344', '344', '344', '344']",5.0,Calle Platino/Calle Gota,20.60374513,-100.4336326,28.15,28.15,7,6.0,2026-09-14 16:47:09.792714+00:00,2026-09-24 23:29:58.414214+00:00,0.8571428571428571,7,28.15,28.15,0,,,28.15,2026-09-24 23:29:58.414214+00:00,laboral,16-19,Suficiente,Acceso confiable,286.4129078636111,False,28.15,P80 histórico de ETA Google por parada
2602,35.400000000000006,353.0,C65,3,17,4,Con transbordo,353 → 348 → 324 → 344,C65 → C60 → C33 → C54,Carr. Al Campo Militar/Paseo 5 de Febrero → José Amilcar Vidal/San Agustín del Retablo → Epigmenio González/Departamental Parques,"['2602', '4253', '3237', '3222', '3538', '3283', '5197', '4143', '3284', '4256', '2338', '2339', '3294', '2340', '3295', '2341', '3025']","['353', '353', '348', '348', '348', '324', '324', '324', '324', '344', '344', '344', '344', '344', '344', '344']",5.0,Calle Hacienda San Juan/Calle Oceáno Indico,20.5944155,-100.4249161,25.5,26.946666666666665,9,9.0,2026-09-14 16:47:09.286590+00:00,2026-09-28 04:40:14.046314+00:00,1.0,8,25.183333333333337,26.4,1,29.416666666666668,29.416666666666668,29.416666666666668,2026-09-28 04:40:14.046314+00:00,fin_de_semana,19-23,Suficiente,Acceso confiable,209.24189894694445,False,26.946666666666665,P80 histórico de ETA Google por parada
3094,35.48333333333333,336.0,C46,2,28,3,Con transbordo,336 → 350 → 344,C46 → C62 → C54,Calle Cuitláhuac/Acceso 61 → Av. Cerro Sombrerete/Av. Playa Roqueta,"['3094', '2676', '3095', '2642', '4242', '2643', '3546', '3545', '5165', '5166', '5174', '5167', '2861', '2862', '2886', '2887', '2888', '2889', '3362', '3363', '4256', '2338', '2339', '3294', '2340', '3295', '2341', '3025']","['336', '336', '336', '336', '336', '336', '336', '336', '336', '336', '336', '336', '336', '350', '350', '350', '350', '344', '344', '344', '344', '344', '344', '344', '344', '344', '344']",5.0,Blvd. Bernardo Quintana/Office Max,20.61677644,-100.4028673,24.766666666666666,24.766666666666666,7,7.0,2026-09-14 16:47:09.792714+00:00,2026-09-24 23:29:58.414214+00:00,1.0,7,24.766666666666666,24.766666666666666,0,,,24.766666666666666,2026-09-24 23:29:58.414214+00:00,laboral,16-19,Suficiente,Acceso confiable,286.4129078636111,False,24.766666666666666,P80 histórico de ETA Google por parada
2161,35.56666666666666,369.0,L62,2,26,3,Con transbordo,369 → 324 → 344,L62 → C33 → C54,Ignacio Zaragoza/Dr. Lucio → Epigmenio González/Departamental Parques,"['2161', '1883', '1882', '1881', '1879', '1918', '1919', '1920', '1921', '4241', '2310', '2311', '2312', '2313', '3283', '5197', '4143', '3284', '4256', '2338', '2339', '3294', '2340', '3295', '2341', '3025']","['369', '369', '369', '369', '324', '324', '324', '324', '324', '324', '324', '324', '324', '324', '324', '324', '324', '324', '344', '344', '344', '344', '344', '344', '344']",5.0,Calz. de Los Arcos/Blvd. Bernardo Quintana,20.59616294,-100.3732742,26.933333333333337,27.583333333333336,9,8.0,2026-09-14 16:47:10.283593+00:00,2026-09-28 04:40:14.046314+00:00,0.8888888888888888,8,26.933333333333337,27.263333333333335,1,47.21666666666667,47.21666666666667,47.21666666666667,2026-09-28 04:40:14.046314+00:00,fin_de_semana,19-23,Suficiente,Acceso confiable,209.24189894694445,False,27.583333333333336,P80 histórico de ETA Google por parada
1914,35.68333333333332,325.0,C34,3,26,4,Con transbordo,325 → 160 → 324 → 344,C34 → L59 → C33 → C54,Carr. Chichimequillas/Río Hondo → Prol. Corregidora Norte/Plaza del Parque (Bahía Ii) → Av. Felipe Ángeles/Estadística,"['1914', '2002', '2001', '2000', '1999', '1998', '1995', '5072', '1976', '5157', '5158', '5159', '5160', '3061', '2014', '2015', '1983', '1915', '2392', '2338', '2339', '3294', '2340', '3295', '2341', '3025']","['325', '325', '325', '325', '325', '325', '325', '325', '160', '160', '160', '160', '160', '160', '160', '160', '160', '160', '324', '344', '344', '344', '344', '344', '344']",5.0,Prol. Corregidora Norte/Morera,20.617912203412,-100.3899551967,20.016666666666666,20.016666666666666,7,7.0,2026-09-14 16:47:08.611611+00:00,2026-09-24 23:29:57.393094+00:00,1.0,7,20.016666666666666,20.016666666666666,0,,,20.016666666666666,2026-09-24 23:29:57.393094+00:00,laboral,16-19,Suficiente,Acceso confiable,286.41319150805555,False,20.016666666666666,P80 histórico de ETA Google por parada
2321,35.73333333333333,375.0,T07,3,21,4,Con transbordo,375 → 371 → 350 → 344,T07 → T03 → C62 → C54,Río Tuxpan → Av. Tláloc/Av. Pie de la Cuesta → Av. Cerro Sombrerete/Av. Playa Roqueta,"['2321', '2221', '2222', '2223', '2224', '2861', '2862', '2886', '2887', '2888', '2889', '3362', '3363', '4256', '2338', '2339', '3294', '2340', '3295', '2341', '3025']","['375', '371', '371', '371', '371', '350', '350', '350', '350', '350', '344', '344', '344', '344', '344', '344', '344', '344', '344', '344']",5.0,Prol. Ezequiel Montes/Office Max,20.61628902,-100.4031971,23.133333333333333,26.033333333333335,7,7.0,2026-09-14 16:47:09.286590+00:00,2026-09-24 23:29:57.874683+00:00,1.0,7,23.133333333333333,26.033333333333335,0,,,18.45,2026-09-24 23:29:57.874683+00:00,laboral,16-19,Suficiente,Acceso confiable,286.41305773333335,False,26.033333333333335,P80 histórico de ETA Google por parada
5182,35.81666666666667,319.0,C24,2,28,3,Con transbordo,319 → 324 → 344,C24 → C33 → C54,Av. Tecnológico/Itq → Epigmenio González/Departamental Parques,"['5182', '5183', '2308', '2028', '2029', '2030', '2031', '2309', '1919', '1920', '1921', '4241', '2310', '2311', '2312', '2313', '3283', '5197', '4143', '3284', '4256', '2338', '2339', '3294', '2340', '3295', '2341', '3025']","['319', '319', '319', '319', '319', '319', '319', '319', '319', '319', '319', '319', '319', '319', '319', '324', '324', '324', '324', '324', '344', '344', '344', '344', '344', '344', '344']",5.0,Av. 4/Calle 37,20.57294176346,-100.39661078984,28.133333333333333,28.133333333333333,9,8.0,2026-09-14 16:47:10.781852+00:00,2026-09-28 04:40:14.046314+00:00,0.8888888888888888,8,28.133333333333333,28.133333333333333,1,52.56666666666667,52.56666666666667,52.56666666666667,2026-09-28 04:40:14.046314+00:00,fin_de_semana,19-23,Suficiente,Acceso confiable,209.24189894694445,False,28.133333333333333,P80 histórico de ETA Google por parada
3042,35.916666666666664,345.0,C55,2,30,3,Con transbordo,345 → 346 → 344,C55 → C56 → C54,Calle Torneros/Calle Electricistas → Av. Cerro Sombrerete/J. Elías Piña,"['3042', '3043', '3044', '3107', '3108', '3109', '3115', '3116', '3117', '3118', '5165', '5166', '5174', '5167', '2861', '2862', '2886', '2887', '2888', '2889', '3362', '3363', '4256', '2338', '2339', '3294', '2340', '3295', '2341', '3025']","['345', '345', '345', '345', '345', '346', '346', '346', '346', '346', '346', '346', '346', '346', '346', '346', '344', '344', '344', '344', '344', '344', '344', '344', '344', '344', '344', '344', '344']",5.0,Calle Plateros/Calle Jardíneros,20.63177644,-100.3955843,29.283333333333335,29.283333333333335,7,6.0,2026-09-14 16:47:10.781852+00:00,2026-09-24 23:29:59.435170+00:00,0.8571428571428571,7,29.283333333333335,29.283333333333335,0,,,30.7,2026-09-24 23:29:59.435170+00:00,laboral,16-19,Suficiente,Acceso confiable,286.41262426472224,False,29.283333333333335,P80 histórico de ETA Google por parada
2478,35.93333333333334,334.0,C43,2,27,3,Con transbordo,334 → 324 → 344,C43 → C33 → C54,Vicente Guerrero → Epigmenio González/Departamental Parques,"['2478', '2308', '2028', '2029', '2030', '2031', '2309', '1919', '1920', '1921', '4241', '2310', '2311', '2312', '2313', '3283', '5197', '4143', '3284', '4256', '2338', '2339', '3294', '2340', '3295', '2341', '3025']","['334', '334', '334', '334', '334', '334', '334', '324', '324', '324', '324', '324', '324', '324', '324', '324', '324', '324', '324', '344', '344', '344', '344', '344', '344', '344']",5.0,Cto Mosés Solana/Luis Pasteur Asupizo,20.574984317411,-100.38328846169,28.683333333333337,29.25,9,8.0,2026-09-14 16:47:09.792714+00:00,2026-09-28 04:40:14.046314+00:00,0.8888888888888888,8,28.683333333333337,29.25,1,54.68333333333333,54.68333333333333,54.68333333333333,2026-09-28 04:40:14.046314+00:00,fin_de_semana,19-23,Suficiente,Acceso confiable,209.24189894694445,False,29.25,P80 histórico de ETA Google por parada
2957,35.95,345.0,C55,3,19,4,Con transbordo,345 → 325 → 350 → 344,C55 → C34 → C62 → C54,Av. Universidad/Prol. Tecnológico Norte → San Pablo/Loma de San Pablo → Prol. Tecnológico/Ford Citelis Querétaro,"['2957', '2681', '3682', '2981', '2982', '2983', '2984', '2858', '2859', '3362', '3363', '4256', '2338', '2339', '3294', '2340', '3295', '2341', '3025']","['345', '325', '325', '325', '325', '325', '325', '325', '350', '344', '344', '344', '344', '344', '344', '344', '344', '344']",5.0,Av. Universidad/Tecnológico Nacional de México Campus Ciidet,20.59613182,-100.4043636,10.933333333333334,10.933333333333334,9,9.0,2026-09-14 16:47:08.611611+00:00,2026-09-28 04:40:14.046314+00:00,1.0,8,10.933333333333334,10.933333333333334,1,10.933333333333334,10.933333333333334,10.933333333333334,2026-09-28 04:40:14.046314+00:00,fin_de_semana,19-23,Suficiente,Acceso confiable,209.24189894694445,False,10.933333333333334,P80 histórico de ETA Google por parada
1306,35.96666666666667,97.0,C22,2,22,3,Con transbordo,97 → 324 → 344,C22 → C33 → C54,Av. Tecnológico/Itq → Epigmenio González/Departamental Parques,"['1306', '1432', '1433', '1434', '3297', '4241', '2310', '2311', '2312', '2313', '3283', '5197', '4143', '3284', '4256', '2338', '2339', '3294', '2340', '3295', '2341', '3025']","['97', '97', '97', '97', '97', '97', '97', '97', '97', '324', '324', '324', '324', '324', '344', '344', '344', '344', '344', '344', '344']",5.0,El Pocito,20.561447965259,-100.41484626886,27.933333333333337,28.92,9,7.0,2026-09-14 16:47:09.286590+00:00,2026-09-28 04:40:14.046314+00:00,0.7777777777777778,8,27.933333333333337,27.933333333333337,1,33.3,33.3,33.3,2026-09-28 04:40:14.046314+00:00,fin_de_semana,19-23,Suficiente,Acceso confiable,209.24189894694445,False,28.92,P80 histórico de ETA Google por parada
1923,35.966666666666676,98.0,C23,3,24,4,Con transbordo,98 → 325 → 324 → 344,C23 → C34 → C33 → C54,Escobedo → Av. Tecnológico/Itq → Epigmenio González/Departamental Parques,"['1923', '1924', '1437', '1438', '2537', '1920', '1921', '4241', '2310', '2311', '2312', '2313', '3283', '5197', '4143', '3284', '4256', '2338', '2339', '3294', '2340', '3295', '2341', '3025']","['98', '98', '98', '325', '325', '325', '325', '325', '325', '325', '325', '324', '324', '324', '324', '324', '344', '344', '344', '344', '344', '344', '344']",5.0,Ignacio Zaragoza/Ignacio Perez,20.585446759438,-100.39968092471,20.383333333333333,20.55,9,9.0,2026-09-14 16:47:09.286590+00:00,2026-09-28 04:40:14.046314+00:00,1.0,8,20.383333333333333,20.483333333333334,1,28.983333333333334,28.983333333333334,28.983333333333334,2026-09-28 04:40:14.046314+00:00,fin_de_semana,19-23,Suficiente,Acceso confiable,209.24189894694445,False,20.55,P80 histórico de ETA Google por parada
2062,36.05,97.0,C22,2,27,3,Con transbordo,97 → 324 → 344,C22 → C33 → C54,Avenida Ignacio Zaragoza/Comercial Mexicana → Epigmenio González/Departamental Parques,"['2062', '2063', '2064', '2393', '2394', '2342', '2343', '2344', '2345', '1921', '4241', '2310', '2311', '2312', '2313', '3283', '5197', '4143', '3284', '4256', '2338', '2339', '3294', '2340', '3295', '2341', '3025']","['97', '97', '97', '97', '97', '97', '97', '97', '97', '324', '324', '324', '324', '324', '324', '324', '324', '324', '324', '344', '344', '344', '344', '344', '344', '344']",5.0,Av. Corregidora Norte/Secundaria Mariano Escobedo,20.605221033728,-100.39002459677,13.783333333333331,14.143333333333333,7,7.0,2026-09-14 16:47:10.283593+00:00,2026-09-24 23:29:58.908213+00:00,1.0,7,13.783333333333331,14.143333333333333,0,,,13.783333333333331,2026-09-24 23:29:58.908213+00:00,laboral,16-19,Suficiente,Acceso confiable,286.41277064166667,False,14.143333333333333,P80 histórico de ETA Google por parada
1806,36.1,357.0,L112,2,11,3,Con transbordo,357 → 324 → 344,L112 → C33 → C54,Prol. Corregidora Norte/Real de Monserrat → Av. Felipe Ángeles/Estadística,"['1806', '3281', '1915', '2392', '2338', '2339', '3294', '2340', '3295', '2341', '3025']","['357', '357', '324', '324', '344', '344', '344', '344', '344', '344']",5.0,Av. Paseo de la Reforma/Piscis,20.61108528739,-100.37741566375,26.033333333333335,27.23333333333333,7,7.0,2026-09-14 16:47:09.792714+00:00,2026-09-24 23:29:58.414214+00:00,1.0,7,26.033333333333335,27.23333333333333,0,,,23.866666666666667,2026-09-24 23:29:58.414214+00:00,laboral,16-19,Suficiente,Acceso confiable,286.4129078636111,False,27.23333333333333,P80 histórico de ETA Google por parada
3224,36.116666666666674,355.0,C69,2,29,3,Con transbordo,355 → 324 → 344,C69 → C33 → C54,Av. Tecnológico/Itq → Epigmenio González/Departamental Parques,"['3224', '2314', '2315', '2342', '2343', '2344', '2345', '1437', '1438', '2537', '1920', '1921', '4241', '2310', '2311', '2312', '2313', '3283', '5197', '4143', '3284', '4256', '2338', '2339', '3294', '2340', '3295', '2341', '3025']","['355', '355', '355', '355', '355', '355', '355', '355', '355', '355', '355', '355', '355', '355', '355', '355', '324', '324', '324', '324', '324', '344', '344', '344', '344', '344', '344', '344']",5.0,Río Ayutla/Av. Tecnológico,20.59546946,-100.4072638,13.0,13.306666666666668,9,9.0,2026-09-14 16:47:09.792714+00:00,2026-09-28 04:40:14.046314+00:00,1.0,8,12.741666666666667,13.233333333333334,1,14.55,14.55,14.55,2026-09-28 04:40:14.046314+00:00,fin_de_semana,19-23,Suficiente,Acceso confiable,209.24189894694445,False,13.306666666666668,P80 histórico de ETA Google por parada
1897,36.133333333333326,326.0,C35,2,26,3,Con transbordo,326 → 324 → 344,C35 → C33 → C54,Independencia/Capuchinas → Epigmenio González/Departamental Parques,"['1897', '2454', '2453', '1881', '1879', '1918', '1919', '1920', '1921', '4241', '2310', '2311', '2312', '2313', '3283', '5197', '4143', '3284', '4256', '2338', '2339', '3294', '2340', '3295', '2341', '3025']","['326', '326', '324', '324', '324', '324', '324', '324', '324', '324', '324', '324', '324', '324', '324', '324', '324', '324', '344', '344', '344', '344', '344', '344', '344']",5.0,Ignacio Zaragoza/Insurgentes Queretanos,20.591248974767,-100.38151559305,27.566666666666663,28.34333333333333,9,8.0,2026-09-14 16:47:10.283593+00:00,2026-09-28 04:40:14.046314+00:00,0.8888888888888888,8,27.275,28.28333333333333,1,38.86666666666667,38.86666666666667,38.86666666666667,2026-09-28 04:40:14.046314+00:00,fin_de_semana,19-23,Suficiente,Acceso confiable,209.24189894694445,False,28.34333333333333,P80 histórico de ETA Google por parada
2550,36.13333333333333,336.0,C46,2,28,3,Con transbordo,336 → 324 → 344,C46 → C33 → C54,Avenida Ignacio Zaragoza/Comercial Mexicana → Epigmenio González/Departamental Parques,"['2550', '2551', '2956', '2552', '2393', '2394', '2342', '2343', '2344', '2345', '1921', '4241', '2310', '2311', '2312', '2313', '3283', '5197', '4143', '3284', '4256', '2338', '2339', '3294', '2340', '3295', '2341', '3025']","['336', '336', '336', '336', '336', '336', '336', '336', '336', '336', '324', '324', '324', '324', '324', '324', '324', '324', '324', '324', '344', '344', '344', '344', '344', '344', '344']",5.0,Av. Universidad/Escuela Normal,20.60142299,-100.3838546,13.566666666666666,13.836666666666668,9,9.0,2026-09-14 16:47:10.283593+00:00,2026-09-28 04:40:14.046314+00:00,1.0,8,13.566666666666666,13.926666666666666,1,13.616666666666667,13.616666666666667,13.616666666666667,2026-09-28 04:40:14.046314+00:00,fin_de_semana,19-23,Suficiente,Acceso confiable,209.24189894694445,False,13.836666666666668,P80 histórico de ETA Google por parada
5193,36.25,343.0,C53,3,23,4,Con transbordo,343 → 336 → 324 → 344,C53 → C46 → C33 → C54,Ezequiel Montes/Mariano Escobedo → Avenida Ignacio Zaragoza/Comercial Mexicana → Epigmenio González/Departamental Parques,"['5193', '2342', '2343', '2344', '2345', '1921', '4241', '2310', '2311', '2312', '2313', '3283', '5197', '4143', '3284', '4256', '2338', '2339', '3294', '2340', '3295', '2341', '3025']","['343', '336', '336', '336', '336', '324', '324', '324', '324', '324', '324', '324', '324', '324', '324', '344', '344', '344', '344', '344', '344', '344']",5.0,San Agustín del Retablo/Estio,20.597155987139,-100.40001379128,6.916666666666667,6.916666666666667,9,9.0,2026-09-14 16:47:09.286590+00:00,2026-09-28 04:40:14.046314+00:00,1.0,8,6.916666666666667,6.916666666666667,1,6.916666666666667,6.916666666666667,6.916666666666667,2026-09-28 04:40:14.046314+00:00,fin_de_semana,19-23,Suficiente,Acceso confiable,209.24189894694445,False,6.916666666666667,P80 histórico de ETA Google por parada
2007,36.38333333333333,346.0,C56,3,19,4,Con transbordo,346 → 336 → 324 → 344,C56 → C46 → C33 → C54,Av. Tláloc/Parque Epigmenio González → Prol. Corregidora Norte/Plaza del Parque (Bahía Ii) → Av. Felipe Ángeles/Estadística,"['2007', '2008', '2009', '2010', '2011', '2012', '2013', '2014', '2015', '1983', '1915', '2392', '2338', '2339', '3294', '2340', '3295', '2341', '3025']","['346', '346', '336', '336', '336', '336', '336', '336', '336', '336', '336', '324', '344', '344', '344', '344', '344', '344']",5.0,Av. Cerro Sombrerete/Unidad de Medicina No. 15,20.623709347251,-100.41179502706,18.95,18.95,7,7.0,2026-09-14 16:47:09.286590+00:00,2026-09-24 23:29:57.874683+00:00,1.0,7,18.95,18.95,0,,,18.95,2026-09-24 23:29:57.874683+00:00,laboral,16-19,Suficiente,Acceso confiable,286.41305773333335,False,18.95,P80 histórico de ETA Google por parada
3236,36.48333333333334,353.0,C65,3,18,4,Con transbordo,353 → 348 → 324 → 344,C65 → C60 → C33 → C54,Carr. Al Campo Militar/Paseo 5 de Febrero → José Amilcar Vidal/San Agustín del Retablo → Epigmenio González/Departamental Parques,"['3236', '2602', '4253', '3237', '3222', '3538', '3283', '5197', '4143', '3284', '4256', '2338', '2339', '3294', '2340', '3295', '2341', '3025']","['353', '353', '353', '348', '348', '348', '324', '324', '324', '324', '344', '344', '344', '344', '344', '344', '344']",5.0,Hacienda San José/Calle Mar de Tazmania,20.59443112,-100.4268955,27.65,28.453333333333333,9,8.0,2026-09-14 16:47:09.286590+00:00,2026-09-28 04:40:14.046314+00:00,0.8888888888888888,8,27.275,27.866666666666667,1,32.2,32.2,32.2,2026-09-28 04:40:14.046314+00:00,fin_de_semana,19-23,Suficiente,Acceso confiable,209.24189894694445,False,28.453333333333333,P80 histórico de ETA Google por parada
2556,36.516666666666666,326.0,C35,2,27,3,Con transbordo,326 → 324 → 344,C35 → C33 → C54,Ignacio Zaragoza/Dr. Lucio → Epigmenio González/Departamental Parques,"['2556', '2557', '2558', '2953', '2954', '1879', '1918', '1919', '1920', '1921', '4241', '2310', '2311', '2312', '2313', '3283', '5197', '4143', '3284', '4256', '2338', '2339', '3294', '2340', '3295', '2341', '3025']","['326', '326', '326', '326', '326', '324', '324', '324', '324', '324', '324', '324', '324', '324', '324', '324', '324', '324', '324', '344', '344', '344', '344', '344', '344', '344']",5.0,Av. Universidad/Notaria 17,20.59826924,-100.3916237,14.033333333333331,14.37,9,9.0,2026-09-14 16:47:10.781852+00:00,2026-09-28 04:40:14.046314+00:00,1.0,8,13.866666666666667,14.446666666666667,1,14.033333333333331,14.033333333333331,14.033333333333331,2026-09-28 04:40:14.046314+00:00,fin_de_semana,19-23,Suficiente,Acceso confiable,209.24189894694445,False,14.37,P80 histórico de ETA Google por parada
1896,36.73333333333333,326.0,C35,2,27,3,Con transbordo,326 → 324 → 344,C35 → C33 → C54,Independencia/Capuchinas → Epigmenio González/Departamental Parques,"['1896', '1897', '2454', '2453', '1881', '1879', '1918', '1919', '1920', '1921', '4241', '2310', '2311', '2312', '2313', '3283', '5197', '4143', '3284', '4256', '2338', '2339', '3294', '2340', '3295', '2341', '3025']","['326', '326', '326', '324', '324', '324', '324', '324', '324', '324', '324', '324', '324', '324', '324', '324', '324', '324', '324', '344', '344', '344', '344', '344', '344', '344']",5.0,Ignacio Zaragoza/Manuel Acuña,20.591033,-100.383425,26.216666666666665,29.116666666666667,9,8.0,2026-09-14 16:47:10.283593+00:00,2026-09-28 04:40:14.046314+00:00,0.8888888888888888,8,26.216666666666665,28.363333333333333,1,36.516666666666666,36.516666666666666,36.516666666666666,2026-09-28 04:40:14.046314+00:00,fin_de_semana,19-23,Suficiente,Acceso confiable,209.24189894694445,False,29.116666666666667,P80 histórico de ETA Google por parada
3041,36.81666666666666,345.0,C55,2,31,3,Con transbordo,345 → 346 → 344,C55 → C56 → C54,Calle Torneros/Calle Electricistas → Av. Cerro Sombrerete/J. Elías Piña,"['3041', '3042', '3043', '3044', '3107', '3108', '3109', '3115', '3116', '3117', '3118', '5165', '5166', '5174', '5167', '2861', '2862', '2886', '2887', '2888', '2889', '3362', '3363', '4256', '2338', '2339', '3294', '2340', '3295', '2341', '3025']","['345', '345', '345', '345', '345', '345', '346', '346', '346', '346', '346', '346', '346', '346', '346', '346', '346', '344', '344', '344', '344', '344', '344', '344', '344', '344', '344', '344', '344', '344']",5.0,Calle Plateros/Calle Paileros,20.62920468,-100.3953761,28.0,28.0,7,7.0,2026-09-14 16:47:11.360449+00:00,2026-09-24 23:29:59.928061+00:00,1.0,7,28.0,28.0,0,,,29.666666666666668,2026-09-24 23:29:59.928061+00:00,laboral,16-19,Suficiente,Acceso confiable,286.4124873505556,False,28.0,P80 histórico de ETA Google por parada
3624,36.849999999999994,380.0,L154,1,20,2,Con transbordo,380 → 344,L154 → C54,Epigmenio González/Departamental Parques,"['3624', '3625', '3626', '2997', '2998', '2999', '3935', '3490', '3491', '3773', '3492', '3284', '4256', '2338', '2339', '3294', '2340', '3295', '2341', '3025']","['380', '380', '380', '380', '380', '380', '380', '380', '380', '380', '380', '380', '344', '344', '344', '344', '344', '344', '344']",5.0,Calle Platino/Calle Aluminio,20.6032236,-100.4357393,28.716666666666665,28.716666666666665,7,7.0,2026-09-14 16:47:10.283593+00:00,2026-09-24 23:29:58.908213+00:00,1.0,7,28.716666666666665,28.716666666666665,0,,,28.716666666666665,2026-09-24 23:29:58.908213+00:00,laboral,16-19,Suficiente,Acceso confiable,286.41277064166667,False,28.716666666666665,P80 histórico de ETA Google por parada
5181,36.900000000000006,319.0,C24,2,29,3,Con transbordo,319 → 324 → 344,C24 → C33 → C54,Av. Tecnológico/Itq → Epigmenio González/Departamental Parques,"['5181', '5182', '5183', '2308', '2028', '2029', '2030', '2031', '2309', '1919', '1920', '1921', '4241', '2310', '2311', '2312', '2313', '3283', '5197', '4143', '3284', '4256', '2338', '2339', '3294', '2340', '3295', '2341', '3025']","['319', '319', '319', '319', '319', '319', '319', '319', '319', '319', '319', '319', '319', '319', '319', '319', '324', '324', '324', '324', '324', '344', '344', '344', '344', '344', '344', '344']",5.0,Av. 4/Unidad Deportiva José María Truchuelo,20.571151528329,-100.400223362,29.466666666666665,29.466666666666665,9,8.0,2026-09-14 16:47:11.360449+00:00,2026-09-28 04:40:14.046314+00:00,0.8888888888888888,8,29.466666666666665,29.466666666666665,1,57.416666666666664,57.416666666666664,57.416666666666664,2026-09-28 04:40:14.046314+00:00,fin_de_semana,19-23,Suficiente,Acceso confiable,209.24189894694445,False,29.466666666666665,P80 histórico de ETA Google por parada
3726,36.96666666666667,355.0,C69,2,30,3,Con transbordo,355 → 324 → 344,C69 → C33 → C54,Av. Tecnológico/Itq → Epigmenio González/Departamental Parques,"['3726', '3224', '2314', '2315', '2342', '2343', '2344', '2345', '1437', '1438', '2537', '1920', '1921', '4241', '2310', '2311', '2312', '2313', '3283', '5197', '4143', '3284', '4256', '2338', '2339', '3294', '2340', '3295', '2341', '3025']","['355', '355', '355', '355', '355', '355', '355', '355', '355', '355', '355', '355', '355', '355', '355', '355', '355', '324', '324', '324', '324', '324', '344', '344', '344', '344', '344', '344', '344']",5.0,Río Ayutla/Calle la Piedad,20.59611074,-100.409955,12.266666666666667,12.666666666666666,9,9.0,2026-09-14 16:47:09.792714+00:00,2026-09-28 04:40:14.046314+00:00,1.0,8,12.266666666666667,12.666666666666666,1,12.25,12.25,12.25,2026-09-28 04:40:14.046314+00:00,fin_de_semana,19-23,Suficiente,Acceso confiable,209.24189894694445,False,12.666666666666666,P80 histórico de ETA Google por parada
4100,37.0,356.0,L108,3,20,4,Con transbordo,356 → 336 → 324 → 344,L108 → C46 → C33 → C54,Prol. Zaragoza/Paseo 5 de Febrero → Av. Tecnológico/José María Pino Suarez → Epigmenio González/Departamental Parques,"['4100', '1766', '2201', '4241', '2310', '2311', '2312', '2313', '3283', '5197', '4143', '3284', '4256', '2338', '2339', '3294', '2340', '3295', '2341', '3025']","['356', '336', '336', '336', '324', '324', '324', '324', '324', '324', '324', '324', '344', '344', '344', '344', '344', '344', '344']",5.0,Las Torres,20.585835574472,-100.41257870457,22.45,27.573333333333338,9,8.0,2026-09-14 16:47:09.286590+00:00,2026-09-28 04:40:14.046314+00:00,0.8888888888888888,8,22.45,25.96666666666667,1,34.166666666666664,34.166666666666664,34.166666666666664,2026-09-28 04:40:14.046314+00:00,fin_de_semana,19-23,Suficiente,Acceso confiable,209.24189894694445,False,27.573333333333338,P80 histórico de ETA Google por parada
2061,37.06666666666666,97.0,C22,2,28,3,Con transbordo,97 → 324 → 344,C22 → C33 → C54,Avenida Ignacio Zaragoza/Comercial Mexicana → Epigmenio González/Departamental Parques,"['2061', '2062', '2063', '2064', '2393', '2394', '2342', '2343', '2344', '2345', '1921', '4241', '2310', '2311', '2312', '2313', '3283', '5197', '4143', '3284', '4256', '2338', '2339', '3294', '2340', '3295', '2341', '3025']","['97', '97', '97', '97', '97', '97', '97', '97', '97', '97', '324', '324', '324', '324', '324', '324', '324', '324', '324', '324', '344', '344', '344', '344', '344', '344', '344']",5.0,Av. Corregidora Norte/Harsco,20.606928173172,-100.387591833,15.05,15.61,7,7.0,2026-09-14 16:47:08.611611+00:00,2026-09-24 23:29:57.393094+00:00,1.0,7,15.05,15.61,0,,,15.05,2026-09-24 23:29:57.393094+00:00,laboral,16-19,Suficiente,Acceso confiable,286.41319150805555,False,15.61,P80 histórico de ETA Google por parada
1922,37.06666666666668,98.0,C23,3,25,4,Con transbordo,98 → 325 → 324 → 344,C23 → C34 → C33 → C54,Escobedo → Av. Tecnológico/Itq → Epigmenio González/Departamental Parques,"['1922', '1923', '1924', '1437', '1438', '2537', '1920', '1921', '4241', '2310', '2311', '2312', '2313', '3283', '5197', '4143', '3284', '4256', '2338', '2339', '3294', '2340', '3295', '2341', '3025']","['98', '98', '98', '98', '325', '325', '325', '325', '325', '325', '325', '325', '324', '324', '324', '324', '324', '344', '344', '344', '344', '344', '344', '344']",5.0,Ignacio Zaragoza/Tecnologico,20.584491148286,-100.40237715444,19.433333333333337,19.583333333333332,9,8.0,2026-09-14 16:47:09.286590+00:00,2026-09-28 04:40:14.046314+00:00,0.8888888888888888,8,19.325000000000003,19.523333333333333,1,33.416666666666664,33.416666666666664,33.416666666666664,2026-09-28 04:40:14.046314+00:00,fin_de_semana,19-23,Suficiente,Acceso confiable,209.24189894694445,False,19.583333333333332,P80 histórico de ETA Google por parada
1901,37.116666666666674,370.0,T02,3,16,4,Con transbordo,370 → 379 → 324 → 344,T02 → T13 → C33 → C54,Blvd. Bernardo Quintana/Heb → Prol. Corregidora Norte/Real de Monserrat → Av. Felipe Ángeles/Estadística,"['1901', '2082', '1884', '2204', '3280', '4447', '3281', '1915', '2392', '2338', '2339', '3294', '2340', '3295', '2341', '3025']","['370', '370', '370', '370', '379', '379', '379', '324', '324', '344', '344', '344', '344', '344', '344']",5.0,Calz. de Los Arcos/Bernardo Quintana,20.59688,-100.37181,27.116666666666667,27.76666666666667,9,8.0,2026-09-14 16:47:09.286590+00:00,2026-09-28 04:40:14.046314+00:00,0.8888888888888888,8,27.116666666666667,27.44666666666667,1,50.5,50.5,50.5,2026-09-28 04:40:14.046314+00:00,fin_de_semana,19-23,Suficiente,Acceso confiable,209.24189894694445,False,27.76666666666667,P80 histórico de ETA Google por parada
3114,37.166666666666664,346.0,C56,3,20,4,Con transbordo,346 → 336 → 324 → 344,C56 → C46 → C33 → C54,Av. Tláloc/Parque Epigmenio González → Prol. Corregidora Norte/Plaza del Parque (Bahía Ii) → Av. Felipe Ángeles/Estadística,"['3114', '2007', '2008', '2009', '2010', '2011', '2012', '2013', '2014', '2015', '1983', '1915', '2392', '2338', '2339', '3294', '2340', '3295', '2341', '3025']","['346', '346', '346', '336', '336', '336', '336', '336', '336', '336', '336', '336', '324', '344', '344', '344', '344', '344', '344']",5.0,Playa Mocambo/Parque Playa Mocambo,20.62363218,-100.4096741,21.816666666666663,21.816666666666663,7,7.0,2026-09-14 16:47:09.792714+00:00,2026-09-24 23:29:58.414214+00:00,1.0,7,21.816666666666663,21.816666666666663,0,,,21.816666666666663,2026-09-24 23:29:58.414214+00:00,laboral,16-19,Suficiente,Acceso confiable,286.4129078636111,False,21.816666666666663,P80 histórico de ETA Google por parada
3040,37.18333333333333,345.0,C55,2,32,3,Con transbordo,345 → 346 → 344,C55 → C56 → C54,Calle Torneros/Calle Electricistas → Av. Cerro Sombrerete/J. Elías Piña,"['3040', '3041', '3042', '3043', '3044', '3107', '3108', '3109', '3115', '3116', '3117', '3118', '5165', '5166', '5174', '5167', '2861', '2862', '2886', '2887', '2888', '2889', '3362', '3363', '4256', '2338', '2339', '3294', '2340', '3295', '2341', '3025']","['345', '345', '345', '345', '345', '345', '345', '346', '346', '346', '346', '346', '346', '346', '346', '346', '346', '346', '344', '344', '344', '344', '344', '344', '344', '344', '344', '344', '344', '344', '344']",5.0,Calle Plateros/Tablajeros,20.62817402,-100.3952438,27.383333333333333,29.15,7,7.0,2026-09-14 16:47:11.360449+00:00,2026-09-24 23:29:59.928061+00:00,1.0,7,27.383333333333333,29.15,0,,,29.15,2026-09-24 23:29:59.928061+00:00,laboral,16-19,Suficiente,Acceso confiable,286.4124873505556,False,29.15,P80 histórico de ETA Google por parada
2680,37.18333333333334,345.0,C55,3,20,4,Con transbordo,345 → 325 → 350 → 344,C55 → C34 → C62 → C54,Av. Universidad/Prol. Tecnológico Norte → San Pablo/Loma de San Pablo → Prol. Tecnológico/Ford Citelis Querétaro,"['2680', '2957', '2681', '3682', '2981', '2982', '2983', '2984', '2858', '2859', '3362', '3363', '4256', '2338', '2339', '3294', '2340', '3295', '2341', '3025']","['345', '345', '325', '325', '325', '325', '325', '325', '325', '350', '344', '344', '344', '344', '344', '344', '344', '344', '344']",5.0,Av. Universidad/Calle Ezequiel Montes,20.59689889,-100.4001549,7.333333333333333,7.333333333333333,9,9.0,2026-09-14 16:47:09.286590+00:00,2026-09-28 04:40:14.046314+00:00,1.0,8,7.333333333333333,7.333333333333333,1,7.333333333333333,7.333333333333333,7.333333333333333,2026-09-28 04:40:14.046314+00:00,fin_de_semana,19-23,Suficiente,Acceso confiable,209.24189894694445,False,7.333333333333333,P80 histórico de ETA Google por parada
3263,37.2,343.0,C53,3,24,4,Con transbordo,343 → 336 → 324 → 344,C53 → C46 → C33 → C54,Ezequiel Montes/Mariano Escobedo → Avenida Ignacio Zaragoza/Comercial Mexicana → Epigmenio González/Departamental Parques,"['3263', '5193', '2342', '2343', '2344', '2345', '1921', '4241', '2310', '2311', '2312', '2313', '3283', '5197', '4143', '3284', '4256', '2338', '2339', '3294', '2340', '3295', '2341', '3025']","['343', '343', '336', '336', '336', '336', '324', '324', '324', '324', '324', '324', '324', '324', '324', '324', '344', '344', '344', '344', '344', '344', '344']",5.0,San Agustín del Retablo/Salvador Galván,20.59716437,-100.4026996,6.65,6.65,9,9.0,2026-09-14 16:47:09.286590+00:00,2026-09-28 04:40:14.046314+00:00,1.0,8,6.65,6.65,1,6.65,6.65,6.65,2026-09-28 04:40:14.046314+00:00,fin_de_semana,19-23,Suficiente,Acceso confiable,209.24189894694445,False,6.65,P80 histórico de ETA Google por parada
3223,37.35000000000001,355.0,C69,2,31,3,Con transbordo,355 → 324 → 344,C69 → C33 → C54,Av. Tecnológico/Itq → Epigmenio González/Departamental Parques,"['3223', '3726', '3224', '2314', '2315', '2342', '2343', '2344', '2345', '1437', '1438', '2537', '1920', '1921', '4241', '2310', '2311', '2312', '2313', '3283', '5197', '4143', '3284', '4256', '2338', '2339', '3294', '2340', '3295', '2341', '3025']","['355', '355', '355', '355', '355', '355', '355', '355', '355', '355', '355', '355', '355', '355', '355', '355', '355', '355', '324', '324', '324', '324', '324', '344', '344', '344', '344', '344', '344', '344']",5.0,Río Ayutla/Calle la Piedad,20.59602873,-100.4112172,12.833333333333334,13.25,9,9.0,2026-09-14 16:47:10.283593+00:00,2026-09-28 04:40:14.046314+00:00,1.0,8,12.833333333333334,13.25,1,12.8,12.8,12.8,2026-09-28 04:40:14.046314+00:00,fin_de_semana,19-23,Suficiente,Acceso confiable,209.24189894694445,False,13.25,P80 histórico de ETA Google por parada
1895,37.383333333333326,326.0,C35,2,28,3,Con transbordo,326 → 324 → 344,C35 → C33 → C54,Independencia/Capuchinas → Epigmenio González/Departamental Parques,"['1895', '1896', '1897', '2454', '2453', '1881', '1879', '1918', '1919', '1920', '1921', '4241', '2310', '2311', '2312', '2313', '3283', '5197', '4143', '3284', '4256', '2338', '2339', '3294', '2340', '3295', '2341', '3025']","['326', '326', '326', '326', '324', '324', '324', '324', '324', '324', '324', '324', '324', '324', '324', '324', '324', '324', '324', '324', '344', '344', '344', '344', '344', '344', '344']",5.0,Avenida Ignacio Zaragoza/Calle Manuel Altamirano,20.590364,-100.385377,27.216666666666665,27.95,9,8.0,2026-09-14 16:47:10.781852+00:00,2026-09-28 04:40:14.046314+00:00,0.8888888888888888,8,27.216666666666665,27.216666666666665,1,34.4,34.4,34.4,2026-09-28 04:40:14.046314+00:00,fin_de_semana,19-23,Suficiente,Acceso confiable,209.24189894694445,False,27.95,P80 histórico de ETA Google por parada
5192,37.483333333333334,323.0,C31,3,23,4,Con transbordo,323 → 336 → 324 → 344,C31 → C46 → C33 → C54,Av. Universidad/Hidalgo → Avenida Ignacio Zaragoza/Comercial Mexicana → Epigmenio González/Departamental Parques,"['5192', '2522', '2343', '2344', '2345', '1921', '4241', '2310', '2311', '2312', '2313', '3283', '5197', '4143', '3284', '4256', '2338', '2339', '3294', '2340', '3295', '2341', '3025']","['323', '323', '336', '336', '336', '324', '324', '324', '324', '324', '324', '324', '324', '324', '324', '344', '344', '344', '344', '344', '344', '344']",5.0,G. Garfias/Facultad de Artes (Uaq),20.590811877003,-100.40570559136,14.266666666666667,15.373333333333331,9,9.0,2026-09-14 16:47:09.792714+00:00,2026-09-28 04:40:14.046314+00:00,1.0,8,14.266666666666667,15.206666666666669,1,20.033333333333335,20.033333333333335,20.033333333333335,2026-09-28 04:40:14.046314+00:00,fin_de_semana,19-23,Suficiente,Acceso confiable,209.24189894694445,False,15.373333333333331,P80 histórico de ETA Google por parada
3475,37.5,345.0,C55,3,19,4,Con transbordo,345 → 342 → 380 → 344,C55 → C52 → L154 → C54,Av. Revolución/Espuela del Ferrocarril → Epigmenio González/Ramiro de Maeztu → Epigmenio González/Departamental Parques,"['3475', '2996', '2997', '2998', '2999', '3935', '3490', '3491', '3773', '3492', '3284', '4256', '2338', '2339', '3294', '2340', '3295', '2341', '3025']","['345', '345', '345', '342', '342', '342', '342', '342', '342', '380', '380', '344', '344', '344', '344', '344', '344', '344']",5.0,Vía Lactea/Primaria Belisario Domínguez,20.60505836,-100.436244,24.466666666666665,24.466666666666665,7,7.0,2026-09-14 16:47:09.286590+00:00,2026-09-24 23:29:57.874683+00:00,1.0,7,24.466666666666665,24.466666666666665,0,,,24.466666666666665,2026-09-24 23:29:57.874683+00:00,laboral,16-19,Suficiente,Acceso confiable,286.41305773333335,False,24.466666666666665,P80 histórico de ETA Google por parada
1436,37.75,338.0,C48,3,22,4,Con transbordo,338 → 97 → 324 → 344,C48 → C22 → C33 → C54,Jardines → Av. Tecnológico/Itq → Epigmenio González/Departamental Parques,"['1436', '1432', '1433', '1434', '3297', '4241', '2310', '2311', '2312', '2313', '3283', '5197', '4143', '3284', '4256', '2338', '2339', '3294', '2340', '3295', '2341', '3025']","['338', '97', '97', '97', '97', '97', '97', '97', '97', '324', '324', '324', '324', '324', '344', '344', '344', '344', '344', '344', '344']",5.0,Jardines,20.570235158914,-100.40812665466,25.733333333333334,27.753333333333337,9,7.0,2026-09-14 16:47:09.286590+00:00,2026-09-28 04:40:14.046314+00:00,0.7777777777777778,8,25.733333333333334,25.733333333333334,1,174.86666666666667,174.86666666666667,174.86666666666667,2026-09-28 04:40:14.046314+00:00,fin_de_semana,19-23,Suficiente,Acceso confiable,209.24189894694445,False,27.753333333333337,P80 histórico de ETA Google por parada
3039,37.86666666666666,345.0,C55,2,33,3,Con transbordo,345 → 346 → 344,C55 → C56 → C54,Calle Torneros/Calle Electricistas → Av. Cerro Sombrerete/J. Elías Piña,"['3039', '3040', '3041', '3042', '3043', '3044', '3107', '3108', '3109', '3115', '3116', '3117', '3118', '5165', '5166', '5174', '5167', '2861', '2862', '2886', '2887', '2888', '2889', '3362', '3363', '4256', '2338', '2339', '3294', '2340', '3295', '2341', '3025']","['345', '345', '345', '345', '345', '345', '345', '345', '346', '346', '346', '346', '346', '346', '346', '346', '346', '346', '346', '344', '344', '344', '344', '344', '344', '344', '344', '344', '344', '344', '344', '344']",5.0,Calle Plateros/Skate Park Plateros,20.62622943,-100.3952249,28.016666666666666,28.016666666666666,7,6.0,2026-09-14 16:47:11.840367+00:00,2026-09-24 23:30:00.413439+00:00,0.8571428571428571,7,28.016666666666666,28.016666666666666,0,,,30.066666666666663,2026-09-24 23:30:00.413439+00:00,laboral,16-19,Suficiente,Acceso confiable,286.4123525233333,False,28.016666666666666,P80 histórico de ETA Google por parada
3005,37.93333333333333,349.0,C61,3,23,4,Con transbordo,349 → 354 → 350 → 344,C61 → C68 → C62 → C54,Av. Felipe Carrillo Puerto/Av. Revolución → Obrera → Prol. Tecnológico/Ford Citelis Querétaro,"['3005', '3006', '3007', '3008', '3172', '2920', '2921', '2922', '2923', '2924', '2984', '2858', '2859', '3362', '3363', '4256', '2338', '2339', '3294', '2340', '3295', '2341', '3025']","['349', '349', '349', '349', '349', '354', '354', '354', '354', '354', '350', '350', '350', '344', '344', '344', '344', '344', '344', '344', '344', '344']",5.0,Av. Revolución/Prol. 18 de Marzo,20.60866464,-100.4343164,29.65,29.956666666666667,7,5.0,2026-09-14 16:47:09.286590+00:00,2026-09-24 23:29:57.874683+00:00,0.7142857142857143,7,29.65,29.956666666666667,0,,,28.316666666666663,2026-09-24 23:29:57.874683+00:00,laboral,16-19,Suficiente,Acceso confiable,286.41305773333335,False,29.956666666666667,P80 histórico de ETA Google por parada
5070,37.96666666666667,343.0,C53,3,25,4,Con transbordo,343 → 336 → 324 → 344,C53 → C46 → C33 → C54,Ezequiel Montes/Mariano Escobedo → Avenida Ignacio Zaragoza/Comercial Mexicana → Epigmenio González/Departamental Parques,"['5070', '3263', '5193', '2342', '2343', '2344', '2345', '1921', '4241', '2310', '2311', '2312', '2313', '3283', '5197', '4143', '3284', '4256', '2338', '2339', '3294', '2340', '3295', '2341', '3025']","['343', '343', '343', '336', '336', '336', '336', '324', '324', '324', '324', '324', '324', '324', '324', '324', '324', '344', '344', '344', '344', '344', '344', '344']",5.0,San Agustín del Retablo,20.59737550726,-100.40484280263,7.766666666666667,8.860000000000001,9,9.0,2026-09-14 16:47:09.792714+00:00,2026-09-28 04:40:14.046314+00:00,1.0,8,7.766666666666667,8.22,1,9.7,9.7,9.7,2026-09-28 04:40:14.046314+00:00,fin_de_semana,19-23,Suficiente,Acceso confiable,209.24189894694445,False,8.860000000000001,P80 histórico de ETA Google por parada
2549,37.96666666666667,329.0,C38,3,14,4,Con transbordo,329 → 379 → 324 → 344,C38 → T13 → C33 → C54,Blvd. Bernardo Quintana/Heb → Prol. Corregidora Norte/Real de Monserrat → Av. Felipe Ángeles/Estadística,"['2549', '2589', '3280', '4447', '3281', '1915', '2392', '2338', '2339', '3294', '2340', '3295', '2341', '3025']","['329', '329', '379', '379', '379', '324', '324', '344', '344', '344', '344', '344', '344']",5.0,Calle Mariano Arista/Priv. del Sol,20.598408152958,-100.38099663743,22.05,22.063333333333333,9,8.0,2026-09-14 16:47:09.792714+00:00,2026-09-28 04:40:14.046314+00:00,0.8888888888888888,8,22.05,22.05,1,34.56666666666667,34.56666666666667,34.56666666666667,2026-09-28 04:40:14.046314+00:00,fin_de_semana,19-23,Suficiente,Acceso confiable,209.24189894694445,False,22.063333333333333,P80 histórico de ETA Google por parada
2203,38.066666666666656,326.0,C35,2,29,3,Con transbordo,326 → 324 → 344,C35 → C33 → C54,Independencia/Capuchinas → Epigmenio González/Departamental Parques,"['2203', '1895', '1896', '1897', '2454', '2453', '1881', '1879', '1918', '1919', '1920', '1921', '4241', '2310', '2311', '2312', '2313', '3283', '5197', '4143', '3284', '4256', '2338', '2339', '3294', '2340', '3295', '2341', '3025']","['326', '326', '326', '326', '326', '324', '324', '324', '324', '324', '324', '324', '324', '324', '324', '324', '324', '324', '324', '324', '324', '344', '344', '344', '344', '344', '344', '344']",5.0,Alameda,20.589621654784,-100.38742654734,26.65,26.816666666666663,9,8.0,2026-09-14 16:47:10.781852+00:00,2026-09-28 04:40:14.046314+00:00,0.8888888888888888,8,26.65,26.816666666666663,1,34.31666666666667,34.31666666666667,34.31666666666667,2026-09-28 04:40:14.046314+00:00,fin_de_semana,19-23,Suficiente,Acceso confiable,209.24189894694445,False,26.816666666666663,P80 histórico de ETA Google por parada
2616,38.083333333333336,356.0,L108,3,21,4,Con transbordo,356 → 336 → 324 → 344,L108 → C46 → C33 → C54,Prol. Zaragoza/Paseo 5 de Febrero → Av. Tecnológico/José María Pino Suarez → Epigmenio González/Departamental Parques,"['2616', '4100', '1766', '2201', '4241', '2310', '2311', '2312', '2313', '3283', '5197', '4143', '3284', '4256', '2338', '2339', '3294', '2340', '3295', '2341', '3025']","['356', '356', '336', '336', '336', '324', '324', '324', '324', '324', '324', '324', '324', '344', '344', '344', '344', '344', '344', '344']",5.0,Carr. Tlacote/Av. de Las Torres,20.58645248,-100.4141889,24.0,27.583333333333332,9,8.0,2026-09-14 16:47:09.792714+00:00,2026-09-28 04:40:14.046314+00:00,0.8888888888888888,8,24.0,27.23,1,35.71666666666667,35.71666666666667,35.71666666666667,2026-09-28 04:40:14.046314+00:00,fin_de_semana,19-23,Suficiente,Acceso confiable,209.24189894694445,False,27.583333333333332,P80 histórico de ETA Google por parada
2060,38.099999999999994,97.0,C22,2,29,3,Con transbordo,97 → 324 → 344,C22 → C33 → C54,Avenida Ignacio Zaragoza/Comercial Mexicana → Epigmenio González/Departamental Parques,"['2060', '2061', '2062', '2063', '2064', '2393', '2394', '2342', '2343', '2344', '2345', '1921', '4241', '2310', '2311', '2312', '2313', '3283', '5197', '4143', '3284', '4256', '2338', '2339', '3294', '2340', '3295', '2341', '3025']","['97', '97', '97', '97', '97', '97', '97', '97', '97', '97', '97', '324', '324', '324', '324', '324', '324', '324', '324', '324', '324', '344', '344', '344', '344', '344', '344', '344']",5.0,Av. Corregidora Norte/Plaza Dorada,20.609791056611,-100.38699020071,16.35,16.87,7,7.0,2026-09-14 16:47:08.611611+00:00,2026-09-24 23:29:57.393094+00:00,1.0,7,16.35,16.87,0,,,16.35,2026-09-24 23:29:57.393094+00:00,laboral,16-19,Suficiente,Acceso confiable,286.41319150805555,False,16.87,P80 histórico de ETA Google por parada
2320,38.099999999999994,375.0,T07,3,22,4,Con transbordo,375 → 371 → 350 → 344,T07 → T03 → C62 → C54,Río Tuxpan → Av. Tláloc/Av. Pie de la Cuesta → Av. Cerro Sombrerete/Av. Playa Roqueta,"['2320', '2321', '2221', '2222', '2223', '2224', '2861', '2862', '2886', '2887', '2888', '2889', '3362', '3363', '4256', '2338', '2339', '3294', '2340', '3295', '2341', '3025']","['375', '375', '371', '371', '371', '371', '350', '350', '350', '350', '350', '344', '344', '344', '344', '344', '344', '344', '344', '344', '344']",5.0,Av. Felipe Ángeles/Epigmenio González,20.61289975,-100.3997575,8.866666666666667,14.040000000000004,7,7.0,2026-09-14 16:47:10.283593+00:00,2026-09-24 23:29:58.908213+00:00,1.0,7,8.866666666666667,14.040000000000004,0,,,8.866666666666667,2026-09-24 23:29:58.908213+00:00,laboral,16-19,Suficiente,Acceso confiable,286.41277064166667,False,14.040000000000004,P80 histórico de ETA Google por parada
2058,38.18333333333334,357.0,L112,4,12,5,Con transbordo,357 → 347 → 319 → 324 → 344,L112 → C57 → C24 → C33 → C54,Av. Paseo de la Reforma/Cancha Bolaños → Blvd. Bernardo Quintana/Calle Mango → Prol. Corregidora Norte/Plaza del Parque (Bahía Ii) → Av. Felipe Ángeles/Estadística,"['2058', '1811', '3281', '1915', '2392', '2338', '2339', '3294', '2340', '3295', '2341', '3025']","['357', '347', '319', '319', '324', '344', '344', '344', '344', '344', '344']",5.0,Av. Corregidora Norte/Cecati 17,20.606377213034,-100.38764479646,16.85,17.52,7,7.0,2026-09-14 16:47:08.611611+00:00,2026-09-24 23:29:57.393094+00:00,1.0,7,16.85,17.52,0,,,16.85,2026-09-24 23:29:57.393094+00:00,laboral,16-19,Suficiente,Acceso confiable,286.41319150805555,False,17.52,P80 histórico de ETA Google por parada
3623,38.21666666666666,380.0,L154,1,21,2,Con transbordo,380 → 344,L154 → C54,Epigmenio González/Departamental Parques,"['3623', '3624', '3625', '3626', '2997', '2998', '2999', '3935', '3490', '3491', '3773', '3492', '3284', '4256', '2338', '2339', '3294', '2340', '3295', '2341', '3025']","['380', '380', '380', '380', '380', '380', '380', '380', '380', '380', '380', '380', '380', '344', '344', '344', '344', '344', '344', '344']",5.0,Calle Platino/Calle Cobre,20.60278385,-100.4376532,29.633333333333333,29.633333333333333,7,7.0,2026-09-14 16:47:10.781852+00:00,2026-09-24 23:29:59.435170+00:00,1.0,7,29.633333333333333,29.633333333333333,0,,,29.633333333333333,2026-09-24 23:29:59.435170+00:00,laboral,16-19,Suficiente,Acceso confiable,286.41262426472224,False,29.633333333333333,P80 histórico de ETA Google por parada
3106,38.28333333333333,345.0,C55,2,34,3,Con transbordo,345 → 346 → 344,C55 → C56 → C54,Calle Torneros/Calle Electricistas → Av. Cerro Sombrerete/J. Elías Piña,"['3106', '3039', '3040', '3041', '3042', '3043', '3044', '3107', '3108', '3109', '3115', '3116', '3117', '3118', '5165', '5166', '5174', '5167', '2861', '2862', '2886', '2887', '2888', '2889', '3362', '3363', '4256', '2338', '2339', '3294', '2340', '3295', '2341', '3025']","['345', '345', '345', '345', '345', '345', '345', '345', '345', '346', '346', '346', '346', '346', '346', '346', '346', '346', '346', '346', '344', '344', '344', '344', '344', '344', '344', '344', '344', '344', '344', '344', '344']",5.0,Calle Plateros/Calle Industriales,20.625063,-100.395277,25.9,27.54,7,7.0,2026-09-14 16:47:11.840367+00:00,2026-09-24 23:30:00.413439+00:00,1.0,7,25.9,27.54,0,,,27.95,2026-09-24 23:30:00.413439+00:00,laboral,16-19,Suficiente,Acceso confiable,286.4123525233333,False,27.54,P80 histórico de ETA Google por parada
5191,38.333333333333336,323.0,C31,3,24,4,Con transbordo,323 → 336 → 324 → 344,C31 → C46 → C33 → C54,Av. Universidad/Hidalgo → Avenida Ignacio Zaragoza/Comercial Mexicana → Epigmenio González/Departamental Parques,"['5191', '5192', '2522', '2343', '2344', '2345', '1921', '4241', '2310', '2311', '2312', '2313', '3283', '5197', '4143', '3284', '4256', '2338', '2339', '3294', '2340', '3295', '2341', '3025']","['323', '323', '323', '336', '336', '336', '324', '324', '324', '324', '324', '324', '324', '324', '324', '324', '344', '344', '344', '344', '344', '344', '344']",5.0,Universidad/Cerro de Las Campanas,20.59188044274,-100.40753258295,18.383333333333333,18.916666666666668,9,9.0,2026-09-14 16:47:09.792714+00:00,2026-09-28 04:40:14.046314+00:00,1.0,8,18.325,18.483333333333334,1,19.566666666666663,19.566666666666663,19.566666666666663,2026-09-28 04:40:14.046314+00:00,fin_de_semana,19-23,Suficiente,Acceso confiable,209.24189894694445,False,18.916666666666668,P80 histórico de ETA Google por parada
2964,38.36666666666667,336.0,C46,2,29,3,Con transbordo,336 → 324 → 344,C46 → C33 → C54,Avenida Ignacio Zaragoza/Comercial Mexicana → Epigmenio González/Departamental Parques,"['2964', '2550', '2551', '2956', '2552', '2393', '2394', '2342', '2343', '2344', '2345', '1921', '4241', '2310', '2311', '2312', '2313', '3283', '5197', '4143', '3284', '4256', '2338', '2339', '3294', '2340', '3295', '2341', '3025']","['336', '336', '336', '336', '336', '336', '336', '336', '336', '336', '336', '324', '324', '324', '324', '324', '324', '324', '324', '324', '324', '344', '344', '344', '344', '344', '344', '344']",5.0,Blvd. Bernardo Quintana/Av. Universidad,20.60125358,-100.376461,16.016666666666666,16.016666666666666,9,9.0,2026-09-14 16:47:10.781852+00:00,2026-09-28 04:40:14.046314+00:00,1.0,8,16.016666666666666,16.016666666666666,1,15.733333333333333,15.733333333333333,15.733333333333333,2026-09-28 04:40:14.046314+00:00,fin_de_semana,19-23,Suficiente,Acceso confiable,209.24189894694445,False,16.016666666666666,P80 histórico de ETA Google por parada
3474,38.416666666666664,345.0,C55,3,20,4,Con transbordo,345 → 342 → 380 → 344,C55 → C52 → L154 → C54,Av. Revolución/Espuela del Ferrocarril → Epigmenio González/Ramiro de Maeztu → Epigmenio González/Departamental Parques,"['3474', '3475', '2996', '2997', '2998', '2999', '3935', '3490', '3491', '3773', '3492', '3284', '4256', '2338', '2339', '3294', '2340', '3295', '2341', '3025']","['345', '345', '345', '345', '342', '342', '342', '342', '342', '342', '380', '380', '344', '344', '344', '344', '344', '344', '344']",5.0,Vía Lactea/Calle Chubasco,20.60438217,-100.438956,25.55,25.55,7,7.0,2026-09-14 16:47:09.792714+00:00,2026-09-24 23:29:58.414214+00:00,1.0,7,25.55,25.55,0,,,25.55,2026-09-24 23:29:58.414214+00:00,laboral,16-19,Suficiente,Acceso confiable,286.4129078636111,False,25.55,P80 histórico de ETA Google por parada
3038,38.633333333333326,345.0,C55,2,35,3,Con transbordo,345 → 346 → 344,C55 → C56 → C54,Calle Torneros/Calle Electricistas → Av. Cerro Sombrerete/J. Elías Piña,"['3038', '3106', '3039', '3040', '3041', '3042', '3043', '3044', '3107', '3108', '3109', '3115', '3116', '3117', '3118', '5165', '5166', '5174', '5167', '2861', '2862', '2886', '2887', '2888', '2889', '3362', '3363', '4256', '2338', '2339', '3294', '2340', '3295', '2341', '3025']","['345', '345', '345', '345', '345', '345', '345', '345', '345', '345', '346', '346', '346', '346', '346', '346', '346', '346', '346', '346', '346', '344', '344', '344', '344', '344', '344', '344', '344', '344', '344', '344', '344', '344']",5.0,Calle Plateros/Río Blanco,20.62409868,-100.3950494,25.35,27.483333333333334,7,7.0,2026-09-14 16:47:11.840367+00:00,2026-09-24 23:30:00.413439+00:00,1.0,7,25.35,27.483333333333334,0,,,27.483333333333334,2026-09-24 23:30:00.413439+00:00,laboral,16-19,Suficiente,Acceso confiable,286.4123525233333,False,27.483333333333334,P80 histórico de ETA Google por parada
3262,38.63333333333333,343.0,C53,3,26,4,Con transbordo,343 → 336 → 324 → 344,C53 → C46 → C33 → C54,Ezequiel Montes/Mariano Escobedo → Avenida Ignacio Zaragoza/Comercial Mexicana → Epigmenio González/Departamental Parques,"['3262', '5070', '3263', '5193', '2342', '2343', '2344', '2345', '1921', '4241', '2310', '2311', '2312', '2313', '3283', '5197', '4143', '3284', '4256', '2338', '2339', '3294', '2340', '3295', '2341', '3025']","['343', '343', '343', '343', '336', '336', '336', '336', '324', '324', '324', '324', '324', '324', '324', '324', '324', '324', '344', '344', '344', '344', '344', '344', '344']",5.0,José Amilcar Vidal/San Agustín del Retablo,20.59778014,-100.4066642,8.9,10.283333333333331,9,9.0,2026-09-14 16:47:09.792714+00:00,2026-09-28 04:40:14.595531+00:00,1.0,8,8.9,10.283333333333331,1,10.283333333333331,10.283333333333331,10.283333333333331,2026-09-28 04:40:14.595531+00:00,fin_de_semana,19-23,Suficiente,Acceso confiable,209.24174638666665,False,10.283333333333331,P80 histórico de ETA Google por parada
3004,38.68333333333333,349.0,C61,3,24,4,Con transbordo,349 → 354 → 350 → 344,C61 → C68 → C62 → C54,Av. Felipe Carrillo Puerto/Av. Revolución → Obrera → Prol. Tecnológico/Ford Citelis Querétaro,"['3004', '3005', '3006', '3007', '3008', '3172', '2920', '2921', '2922', '2923', '2924', '2984', '2858', '2859', '3362', '3363', '4256', '2338', '2339', '3294', '2340', '3295', '2341', '3025']","['349', '349', '349', '349', '349', '349', '354', '354', '354', '354', '354', '350', '350', '350', '344', '344', '344', '344', '344', '344', '344', '344', '344']",5.0,Av. Revolución/Calle Artículo 123,20.60692932,-100.4330791,27.483333333333334,27.483333333333334,7,7.0,2026-09-14 16:47:09.286590+00:00,2026-09-24 23:29:57.874683+00:00,1.0,7,27.483333333333334,27.483333333333334,0,,,27.483333333333334,2026-09-24 23:29:57.874683+00:00,laboral,16-19,Suficiente,Acceso confiable,286.41305773333335,False,27.483333333333334,P80 histórico de ETA Google por parada
2379,38.73333333333334,160.0,L59,3,19,4,Con transbordo,160 → 164 → 324 → 344,L59 → L111 → C33 → C54,Carr. Chichimequillas/Prol. Corregidora Norte → Prol. Corregidora Norte/Indios Verdes → Av. Felipe Ángeles/Estadística,"['2379', '1914', '2002', '2001', '2000', '1999', '1998', '5196', '1982', '1983', '1915', '2392', '2338', '2339', '3294', '2340', '3295', '2341', '3025']","['160', '160', '160', '160', '160', '160', '164', '324', '324', '324', '324', '324', '344', '344', '344', '344', '344', '344']",5.0,Prol. Corregidora Norte/Plaza del Parque (Bahía I),20.61509645963,-100.38992910952,20.216666666666665,20.416666666666668,7,7.0,2026-09-14 16:47:09.286590+00:00,2026-09-24 23:29:57.874683+00:00,1.0,7,20.216666666666665,20.416666666666668,0,,,20.416666666666668,2026-09-24 23:29:57.874683+00:00,laboral,16-19,Suficiente,Acceso confiable,286.41305773333335,False,20.416666666666668,P80 histórico de ETA Google por parada
3473,38.78333333333333,345.0,C55,3,21,4,Con transbordo,345 → 342 → 380 → 344,C55 → C52 → L154 → C54,Av. Revolución/Espuela del Ferrocarril → Epigmenio González/Ramiro de Maeztu → Epigmenio González/Departamental Parques,"['3473', '3474', '3475', '2996', '2997', '2998', '2999', '3935', '3490', '3491', '3773', '3492', '3284', '4256', '2338', '2339', '3294', '2340', '3295', '2341', '3025']","['345', '345', '345', '345', '345', '342', '342', '342', '342', '342', '342', '380', '380', '344', '344', '344', '344', '344', '344', '344']",5.0,Calle Literatura/Calle Santa Sofía,20.60468161,-100.4400306,26.083333333333332,26.083333333333332,7,7.0,2026-09-14 16:47:09.792714+00:00,2026-09-24 23:29:58.414214+00:00,1.0,7,26.083333333333332,26.083333333333332,0,,,26.083333333333332,2026-09-24 23:29:58.414214+00:00,laboral,16-19,Suficiente,Acceso confiable,286.4129078636111,False,26.083333333333332,P80 histórico de ETA Google por parada
1899,38.81666666666667,370.0,T02,3,18,4,Con transbordo,370 → 379 → 324 → 344,T02 → T13 → C33 → C54,Blvd. Bernardo Quintana/Heb → Prol. Corregidora Norte/Real de Monserrat → Av. Felipe Ángeles/Estadística,"['1899', '1900', '1901', '2082', '1884', '2204', '3280', '4447', '3281', '1915', '2392', '2338', '2339', '3294', '2340', '3295', '2341', '3025']","['370', '370', '370', '370', '370', '370', '379', '379', '379', '324', '324', '344', '344', '344', '344', '344', '344']",5.0,Calzada de Los Arcos/Av. Plateros,20.593638454284,-100.37628647905,28.15,29.183333333333337,7,7.0,2026-09-14 16:47:09.792714+00:00,2026-09-24 23:29:58.414214+00:00,1.0,7,28.15,29.183333333333337,0,,,28.15,2026-09-24 23:29:58.414214+00:00,laboral,16-19,Suficiente,Acceso confiable,286.4129078636111,False,29.183333333333337,P80 histórico de ETA Google por parada
4269,38.883333333333326,345.0,C55,2,36,3,Con transbordo,345 → 346 → 344,C55 → C56 → C54,Calle Torneros/Calle Electricistas → Av. Cerro Sombrerete/J. Elías Piña,"['4269', '3038', '3106', '3039', '3040', '3041', '3042', '3043', '3044', '3107', '3108', '3109', '3115', '3116', '3117', '3118', '5165', '5166', '5174', '5167', '2861', '2862', '2886', '2887', '2888', '2889', '3362', '3363', '4256', '2338', '2339', '3294', '2340', '3295', '2341', '3025']","['345', '345', '345', '345', '345', '345', '345', '345', '345', '345', '345', '346', '346', '346', '346', '346', '346', '346', '346', '346', '346', '346', '344', '344', '344', '344', '344', '344', '344', '344', '344', '344', '344', '344', '344']",5.0,Av. Paseo de la Constitución/Jesús Romero Flores,20.623429932856,-100.39490110783,29.166666666666668,29.166666666666668,7,6.0,2026-09-14 16:47:12.379539+00:00,2026-09-24 23:30:00.935687+00:00,0.8571428571428571,7,29.166666666666668,29.166666666666668,0,,,29.166666666666668,2026-09-24 23:30:00.935687+00:00,laboral,16-19,Suficiente,Acceso confiable,286.41220745444446,False,29.166666666666668,P80 histórico de ETA Google por parada
2319,38.916666666666664,375.0,T07,3,23,4,Con transbordo,375 → 371 → 350 → 344,T07 → T03 → C62 → C54,Río Tuxpan → Av. Tláloc/Av. Pie de la Cuesta → Av. Cerro Sombrerete/Av. Playa Roqueta,"['2319', '2320', '2321', '2221', '2222', '2223', '2224', '2861', '2862', '2886', '2887', '2888', '2889', '3362', '3363', '4256', '2338', '2339', '3294', '2340', '3295', '2341', '3025']","['375', '375', '375', '371', '371', '371', '371', '350', '350', '350', '350', '350', '344', '344', '344', '344', '344', '344', '344', '344', '344', '344']",5.0,Av. Felipe Ángeles/Oceanografía,20.61132164,-100.3995641,8.15,13.150000000000006,7,7.0,2026-09-14 16:47:10.283593+00:00,2026-09-24 23:29:58.908213+00:00,1.0,7,8.15,13.150000000000006,0,,,8.15,2026-09-24 23:29:58.908213+00:00,laboral,16-19,Suficiente,Acceso confiable,286.41277064166667,False,13.150000000000006,P80 histórico de ETA Google por parada
2548,38.96666666666667,329.0,C38,3,15,4,Con transbordo,329 → 379 → 324 → 344,C38 → T13 → C33 → C54,Blvd. Bernardo Quintana/Heb → Prol. Corregidora Norte/Real de Monserrat → Av. Felipe Ángeles/Estadística,"['2548', '2549', '2589', '3280', '4447', '3281', '1915', '2392', '2338', '2339', '3294', '2340', '3295', '2341', '3025']","['329', '329', '329', '379', '379', '379', '324', '324', '344', '344', '344', '344', '344', '344']",5.0,Av. Circunvalación/Parque Jardines de Querétaro,20.596219523095,-100.38087332724,23.333333333333332,23.333333333333332,9,8.0,2026-09-14 16:47:09.792714+00:00,2026-09-28 04:40:14.595531+00:00,0.8888888888888888,8,23.333333333333332,23.333333333333332,1,36.95,36.95,36.95,2026-09-28 04:40:14.595531+00:00,fin_de_semana,19-23,Suficiente,Acceso confiable,209.24174638666665,False,23.333333333333332,P80 histórico de ETA Google por parada
3376,39.20000000000001,160.0,L59,3,20,4,Con transbordo,160 → 164 → 324 → 344,L59 → L111 → C33 → C54,Carr. Chichimequillas/Prol. Corregidora Norte → Prol. Corregidora Norte/Indios Verdes → Av. Felipe Ángeles/Estadística,"['3376', '2379', '1914', '2002', '2001', '2000', '1999', '1998', '5196', '1982', '1983', '1915', '2392', '2338', '2339', '3294', '2340', '3295', '2341', '3025']","['160', '160', '160', '160', '160', '160', '160', '164', '324', '324', '324', '324', '324', '344', '344', '344', '344', '344', '344']",5.0,Epigmenio González/Manufactura,20.6134247,-100.3907127,22.8,22.96,7,7.0,2026-09-14 16:47:09.286590+00:00,2026-09-24 23:29:57.874683+00:00,1.0,7,22.8,22.96,0,,,22.8,2026-09-24 23:29:57.874683+00:00,laboral,16-19,Suficiente,Acceso confiable,286.41305773333335,False,22.96,P80 histórico de ETA Google por parada
2244,39.23333333333333,329.0,C38,2,29,3,Con transbordo,329 → 324 → 344,C38 → C33 → C54,Independencia/Capuchinas → Epigmenio González/Departamental Parques,"['2244', '1895', '1896', '1897', '2454', '2453', '1881', '1879', '1918', '1919', '1920', '1921', '4241', '2310', '2311', '2312', '2313', '3283', '5197', '4143', '3284', '4256', '2338', '2339', '3294', '2340', '3295', '2341', '3025']","['329', '329', '329', '329', '329', '324', '324', '324', '324', '324', '324', '324', '324', '324', '324', '324', '324', '324', '324', '324', '324', '344', '344', '344', '344', '344', '344', '344']",5.0,Alameda/Pasteur,20.589134589937,-100.38677806857,27.066666666666663,28.34,9,8.0,2026-09-14 16:47:10.781852+00:00,2026-09-28 04:40:14.595531+00:00,0.8888888888888888,8,27.066666666666663,28.1,1,34.233333333333334,34.233333333333334,34.233333333333334,2026-09-28 04:40:14.595531+00:00,fin_de_semana,19-23,Suficiente,Acceso confiable,209.24174638666665,False,28.34,P80 histórico de ETA Google por parada
1898,39.38333333333334,370.0,T02,3,19,4,Con transbordo,370 → 379 → 324 → 344,T02 → T13 → C33 → C54,Blvd. Bernardo Quintana/Heb → Prol. Corregidora Norte/Real de Monserrat → Av. Felipe Ángeles/Estadística,"['1898', '1899', '1900', '1901', '2082', '1884', '2204', '3280', '4447', '3281', '1915', '2392', '2338', '2339', '3294', '2340', '3295', '2341', '3025']","['370', '370', '370', '370', '370', '370', '370', '379', '379', '379', '324', '324', '344', '344', '344', '344', '344', '344']",5.0,Calz. de Los Arcos/Independencia,20.592561226818,-100.37774335365,26.5,27.14,7,7.0,2026-09-14 16:47:09.792714+00:00,2026-09-24 23:29:58.414214+00:00,1.0,7,26.5,27.14,0,,,24.566666666666663,2026-09-24 23:29:58.414214+00:00,laboral,16-19,Suficiente,Acceso confiable,286.4129078636111,False,27.14,P80 histórico de ETA Google por parada
5190,39.400000000000006,323.0,C31,3,25,4,Con transbordo,323 → 336 → 324 → 344,C31 → C46 → C33 → C54,Av. Universidad/Hidalgo → Avenida Ignacio Zaragoza/Comercial Mexicana → Epigmenio González/Departamental Parques,"['5190', '5191', '5192', '2522', '2343', '2344', '2345', '1921', '4241', '2310', '2311', '2312', '2313', '3283', '5197', '4143', '3284', '4256', '2338', '2339', '3294', '2340', '3295', '2341', '3025']","['323', '323', '323', '323', '336', '336', '336', '324', '324', '324', '324', '324', '324', '324', '324', '324', '324', '344', '344', '344', '344', '344', '344', '344']",5.0,Cerro de Las Campanas/Calle Gabino Barreda,20.593932649179,-100.4091787455,17.766666666666666,18.3,9,9.0,2026-09-14 16:47:10.283593+00:00,2026-09-28 04:40:14.595531+00:00,1.0,8,17.766666666666666,18.316666666666663,1,17.35,17.35,17.35,2026-09-28 04:40:14.595531+00:00,fin_de_semana,19-23,Suficiente,Acceso confiable,209.24174638666665,False,18.3,P80 histórico de ETA Google por parada
3472,39.43333333333333,345.0,C55,3,22,4,Con transbordo,345 → 342 → 380 → 344,C55 → C52 → L154 → C54,Av. Revolución/Espuela del Ferrocarril → Epigmenio González/Ramiro de Maeztu → Epigmenio González/Departamental Parques,"['3472', '3473', '3474', '3475', '2996', '2997', '2998', '2999', '3935', '3490', '3491', '3773', '3492', '3284', '4256', '2338', '2339', '3294', '2340', '3295', '2341', '3025']","['345', '345', '345', '345', '345', '345', '342', '342', '342', '342', '342', '342', '380', '380', '344', '344', '344', '344', '344', '344', '344']",5.0,Calle Literatura/Av. Solidaridad,20.6065175,-100.4404816,26.916666666666668,26.916666666666668,7,7.0,2026-09-14 16:47:09.792714+00:00,2026-09-24 23:29:58.414214+00:00,1.0,7,26.916666666666668,26.916666666666668,0,,,26.916666666666668,2026-09-24 23:29:58.414214+00:00,laboral,16-19,Suficiente,Acceso confiable,286.4129078636111,False,26.916666666666668,P80 histórico de ETA Google por parada
1966,39.56666666666667,319.0,C24,4,15,5,Con transbordo,319 → 328 → 319 → 324 → 344,C24 → C37 → C24 → C33 → C54,Anillo Vial Fray Junípero Serra/Av. Paseo de la Constitución → Anillo Vial Fray Junípero Serra/Av. Paseo de la Constitución → Prol. Corregidora Norte/Plaza del Parque (Bahía Ii) → Av. Felipe Ángeles/Estadística,"['1966', '1967', '1964', '1951', '1952', '3281', '1915', '2392', '2338', '2339', '3294', '2340', '3295', '2341', '3025']","['319', '319', '328', '319', '319', '319', '319', '324', '344', '344', '344', '344', '344', '344']",5.0,Paseo de la Constitución/Balcones Vista Hermosa,20.612610873712,-100.37908000345,28.35,29.803333333333335,7,5.0,2026-09-14 16:47:09.286590+00:00,2026-09-24 23:29:57.874683+00:00,0.7142857142857143,7,28.35,29.803333333333335,0,,,30.3,2026-09-24 23:29:57.874683+00:00,laboral,16-19,Suficiente,Acceso confiable,286.41305773333335,False,29.803333333333335,P80 histórico de ETA Google por parada
4268,39.7,345.0,C55,2,37,3,Con transbordo,345 → 346 → 344,C55 → C56 → C54,Calle Torneros/Calle Electricistas → Av. Cerro Sombrerete/J. Elías Piña,"['4268', '4269', '3038', '3106', '3039', '3040', '3041', '3042', '3043', '3044', '3107', '3108', '3109', '3115', '3116', '3117', '3118', '5165', '5166', '5174', '5167', '2861', '2862', '2886', '2887', '2888', '2889', '3362', '3363', '4256', '2338', '2339', '3294', '2340', '3295', '2341', '3025']","['345', '345', '345', '345', '345', '345', '345', '345', '345', '345', '345', '345', '346', '346', '346', '346', '346', '346', '346', '346', '346', '346', '346', '344', '344', '344', '344', '344', '344', '344', '344', '344', '344', '344', '344', '344']",5.0,Av. Paseo de la Constitución/José María Truchuelo,20.622407821273,-100.39261733596,27.316666666666663,28.4,7,7.0,2026-09-14 16:47:12.379539+00:00,2026-09-24 23:30:00.935687+00:00,1.0,7,27.316666666666663,28.4,0,,,27.316666666666663,2026-09-24 23:30:00.935687+00:00,laboral,16-19,Suficiente,Acceso confiable,286.41220745444446,False,28.4,P80 histórico de ETA Google por parada
3003,39.71666666666666,349.0,C61,3,25,4,Con transbordo,349 → 354 → 350 → 344,C61 → C68 → C62 → C54,Av. Felipe Carrillo Puerto/Av. Revolución → Obrera → Prol. Tecnológico/Ford Citelis Querétaro,"['3003', '3004', '3005', '3006', '3007', '3008', '3172', '2920', '2921', '2922', '2923', '2924', '2984', '2858', '2859', '3362', '3363', '4256', '2338', '2339', '3294', '2340', '3295', '2341', '3025']","['349', '349', '349', '349', '349', '349', '349', '354', '354', '354', '354', '354', '350', '350', '350', '344', '344', '344', '344', '344', '344', '344', '344', '344']",5.0,Av. Revolución/De la Magdalena,20.605158,-100.43061666667,23.5,25.65,7,7.0,2026-09-14 16:47:09.792714+00:00,2026-09-24 23:29:58.414214+00:00,1.0,7,23.5,25.65,0,,,25.816666666666663,2026-09-24 23:29:58.414214+00:00,laboral,16-19,Suficiente,Acceso confiable,286.4129078636111,False,25.65,P80 histórico de ETA Google por parada
3293,39.78333333333333,375.0,T07,3,24,4,Con transbordo,375 → 371 → 350 → 344,T07 → T03 → C62 → C54,Río Tuxpan → Av. Tláloc/Av. Pie de la Cuesta → Av. Cerro Sombrerete/Av. Playa Roqueta,"['3293', '2319', '2320', '2321', '2221', '2222', '2223', '2224', '2861', '2862', '2886', '2887', '2888', '2889', '3362', '3363', '4256', '2338', '2339', '3294', '2340', '3295', '2341', '3025']","['375', '375', '375', '375', '371', '371', '371', '371', '350', '350', '350', '350', '350', '344', '344', '344', '344', '344', '344', '344', '344', '344', '344']",5.0,Av. Felipe Ángeles/3a. Felipe Ángeles,20.60961966,-100.3993482,7.3,13.283333333333331,7,7.0,2026-09-14 16:47:10.283593+00:00,2026-09-24 23:29:58.908213+00:00,1.0,7,7.3,13.283333333333331,0,,,7.3,2026-09-24 23:29:58.908213+00:00,laboral,16-19,Suficiente,Acceso confiable,286.41277064166667,False,13.283333333333331,P80 histórico de ETA Google por parada
1959,39.833333333333336,319.0,C24,4,16,5,Con transbordo,319 → 328 → 319 → 324 → 344,C24 → C37 → C24 → C33 → C54,Anillo Vial Fray Junípero Serra/Av. Paseo de la Constitución → Anillo Vial Fray Junípero Serra/Av. Paseo de la Constitución → Prol. Corregidora Norte/Plaza del Parque (Bahía Ii) → Av. Felipe Ángeles/Estadística,"['1959', '1966', '1967', '1964', '1951', '1952', '3281', '1915', '2392', '2338', '2339', '3294', '2340', '3295', '2341', '3025']","['319', '319', '319', '328', '319', '319', '319', '319', '324', '344', '344', '344', '344', '344', '344']",5.0,Balcones de la Colina/Balcones de Bellavista,20.611747018506,-100.37886298637,27.133333333333333,29.056666666666665,7,7.0,2026-09-14 16:47:09.286590+00:00,2026-09-24 23:29:57.874683+00:00,1.0,7,27.133333333333333,29.056666666666665,0,,,29.083333333333332,2026-09-24 23:29:57.874683+00:00,laboral,16-19,Suficiente,Acceso confiable,286.41305773333335,False,29.056666666666665,P80 histórico de ETA Google por parada
2059,39.883333333333326,341.0,C51,3,26,4,Con transbordo,341 → 336 → 350 → 344,C51 → C46 → C62 → C54,Prol. Corregidora Norte/Plaza del Parque (Bahía Iii) → Calle Cuitláhuac/Acceso 61 → Av. Cerro Sombrerete/Av. Playa Roqueta,"['2059', '2642', '4242', '2643', '3546', '3545', '5165', '5166', '5174', '5167', '2861', '2862', '2886', '2887', '2888', '2889', '3362', '3363', '4256', '2338', '2339', '3294', '2340', '3295', '2341', '3025']","['341', '336', '336', '336', '336', '336', '336', '336', '336', '336', '336', '350', '350', '350', '350', '344', '344', '344', '344', '344', '344', '344', '344', '344', '344']",5.0,Álamos/Prol. Corregidora Norte,20.608976703065,-100.38613757064,19.433333333333337,20.10333333333333,7,7.0,2026-09-14 16:47:09.792714+00:00,2026-09-24 23:29:58.414214+00:00,1.0,7,19.433333333333337,20.10333333333333,0,,,20.133333333333333,2026-09-24 23:29:58.414214+00:00,laboral,16-19,Suficiente,Acceso confiable,286.4129078636111,False,20.10333333333333,P80 histórico de ETA Google por parada
2191,39.93333333333333,338.0,C48,3,23,4,Con transbordo,338 → 97 → 324 → 344,C48 → C22 → C33 → C54,Jardines → Av. Tecnológico/Itq → Epigmenio González/Departamental Parques,"['2191', '1436', '1432', '1433', '1434', '3297', '4241', '2310', '2311', '2312', '2313', '3283', '5197', '4143', '3284', '4256', '2338', '2339', '3294', '2340', '3295', '2341', '3025']","['338', '338', '97', '97', '97', '97', '97', '97', '97', '97', '324', '324', '324', '324', '324', '344', '344', '344', '344', '344', '344', '344']",5.0,Plaza de Toros,20.574612667898,-100.40455977625,28.416666666666668,28.716666666666665,9,8.0,2026-09-14 16:47:09.286590+00:00,2026-09-28 04:40:14.595531+00:00,0.8888888888888888,8,28.416666666666668,28.716666666666665,1,39.86666666666667,39.86666666666667,39.86666666666667,2026-09-28 04:40:14.595531+00:00,fin_de_semana,19-23,Suficiente,Acceso confiable,209.24174638666665,False,28.716666666666665,P80 histórico de ETA Google por parada
5150,40.03333333333333,342.0,C52,3,26,4,Con transbordo,342 → 97 → 324 → 344,C52 → C22 → C33 → C54,Av. Corregidora Norte/Av. Universidad → Avenida Ignacio Zaragoza/Comercial Mexicana → Epigmenio González/Departamental Parques,"['5150', '2064', '2393', '2394', '2342', '2343', '2344', '2345', '1921', '4241', '2310', '2311', '2312', '2313', '3283', '5197', '4143', '3284', '4256', '2338', '2339', '3294', '2340', '3295', '2341', '3025']","['342', '97', '97', '97', '97', '97', '97', '97', '324', '324', '324', '324', '324', '324', '324', '324', '324', '324', '344', '344', '344', '344', '344', '344', '344']",5.0,Calle Metralla/Prol. Corregidora Norte,20.603248685053,-100.39269947321,12.5,12.833333333333334,7,7.0,2026-09-14 16:47:09.792714+00:00,2026-09-24 23:29:58.414214+00:00,1.0,7,12.5,12.833333333333334,0,,,12.833333333333334,2026-09-24 23:29:58.414214+00:00,laboral,16-19,Suficiente,Acceso confiable,286.4129078636111,False,12.833333333333334,P80 histórico de ETA Google por parada
3471,40.25,345.0,C55,3,23,4,Con transbordo,345 → 342 → 380 → 344,C55 → C52 → L154 → C54,Av. Revolución/Espuela del Ferrocarril → Epigmenio González/Ramiro de Maeztu → Epigmenio González/Departamental Parques,"['3471', '3472', '3473', '3474', '3475', '2996', '2997', '2998', '2999', '3935', '3490', '3491', '3773', '3492', '3284', '4256', '2338', '2339', '3294', '2340', '3295', '2341', '3025']","['345', '345', '345', '345', '345', '345', '345', '342', '342', '342', '342', '342', '342', '380', '380', '344', '344', '344', '344', '344', '344', '344']",5.0,Calle Literatura/Deportiva Plutarco Elias Calles,20.60883199,-100.4410329,27.916666666666668,27.916666666666668,7,7.0,2026-09-14 16:47:10.283593+00:00,2026-09-24 23:29:58.908213+00:00,1.0,7,27.916666666666668,27.916666666666668,0,,,27.916666666666668,2026-09-24 23:29:58.908213+00:00,laboral,16-19,Suficiente,Acceso confiable,286.41277064166667,False,27.916666666666668,P80 histórico de ETA Google por parada
4267,40.349999999999994,345.0,C55,2,38,3,Con transbordo,345 → 346 → 344,C55 → C56 → C54,Calle Torneros/Calle Electricistas → Av. Cerro Sombrerete/J. Elías Piña,"['4267', '4268', '4269', '3038', '3106', '3039', '3040', '3041', '3042', '3043', '3044', '3107', '3108', '3109', '3115', '3116', '3117', '3118', '5165', '5166', '5174', '5167', '2861', '2862', '2886', '2887', '2888', '2889', '3362', '3363', '4256', '2338', '2339', '3294', '2340', '3295', '2341', '3025']","['345', '345', '345', '345', '345', '345', '345', '345', '345', '345', '345', '345', '345', '346', '346', '346', '346', '346', '346', '346', '346', '346', '346', '346', '344', '344', '344', '344', '344', '344', '344', '344', '344', '344', '344', '344', '344']",5.0,Av. Paseo de la Constitución/Josafat F. Márquez,20.621613413483,-100.39082634929,24.3,25.363333333333333,7,7.0,2026-09-14 16:47:12.918101+00:00,2026-09-24 23:30:01.442571+00:00,1.0,7,24.3,25.363333333333333,0,,,24.3,2026-09-24 23:30:01.442571+00:00,laboral,16-19,Suficiente,Acceso confiable,286.41206665333334,False,25.363333333333333,P80 histórico de ETA Google por parada
3002,40.45,349.0,C61,3,26,4,Con transbordo,349 → 354 → 350 → 344,C61 → C68 → C62 → C54,Av. Felipe Carrillo Puerto/Av. Revolución → Obrera → Prol. Tecnológico/Ford Citelis Querétaro,"['3002', '3003', '3004', '3005', '3006', '3007', '3008', '3172', '2920', '2921', '2922', '2923', '2924', '2984', '2858', '2859', '3362', '3363', '4256', '2338', '2339', '3294', '2340', '3295', '2341', '3025']","['349', '349', '349', '349', '349', '349', '349', '349', '354', '354', '354', '354', '354', '350', '350', '350', '344', '344', '344', '344', '344', '344', '344', '344', '344']",5.0,Av. Revolución/Calle Prol. Santa Monica,20.603876225816,-100.42891498025,22.583333333333332,25.67666666666667,7,7.0,2026-09-14 16:47:09.792714+00:00,2026-09-24 23:29:58.414214+00:00,1.0,7,22.583333333333332,25.67666666666667,0,,,26.1,2026-09-24 23:29:58.414214+00:00,laboral,16-19,Suficiente,Acceso confiable,286.4129078636111,False,25.67666666666667,P80 histórico de ETA Google por parada
2673,40.483333333333334,343.0,C53,3,27,4,Con transbordo,343 → 336 → 324 → 344,C53 → C46 → C33 → C54,Ezequiel Montes/Mariano Escobedo → Avenida Ignacio Zaragoza/Comercial Mexicana → Epigmenio González/Departamental Parques,"['2673', '3262', '5070', '3263', '5193', '2342', '2343', '2344', '2345', '1921', '4241', '2310', '2311', '2312', '2313', '3283', '5197', '4143', '3284', '4256', '2338', '2339', '3294', '2340', '3295', '2341', '3025']","['343', '343', '343', '343', '343', '336', '336', '336', '336', '324', '324', '324', '324', '324', '324', '324', '324', '324', '324', '344', '344', '344', '344', '344', '344', '344']",5.0,Ejido/Luis G. Urbina,20.602734734571,-100.40671662562,11.783333333333331,11.783333333333331,7,7.0,2026-09-14 16:47:10.781852+00:00,2026-09-24 23:29:59.435170+00:00,1.0,7,11.783333333333331,11.783333333333331,0,,,11.783333333333331,2026-09-24 23:29:59.435170+00:00,laboral,16-19,Suficiente,Acceso confiable,286.41262426472224,False,11.783333333333331,P80 histórico de ETA Google por parada
3497,40.56666666666666,342.0,C52,3,27,4,Con transbordo,342 → 97 → 324 → 344,C52 → C22 → C33 → C54,Av. Corregidora Norte/Av. Universidad → Avenida Ignacio Zaragoza/Comercial Mexicana → Epigmenio González/Departamental Parques,"['3497', '5150', '2064', '2393', '2394', '2342', '2343', '2344', '2345', '1921', '4241', '2310', '2311', '2312', '2313', '3283', '5197', '4143', '3284', '4256', '2338', '2339', '3294', '2340', '3295', '2341', '3025']","['342', '342', '97', '97', '97', '97', '97', '97', '97', '324', '324', '324', '324', '324', '324', '324', '324', '324', '324', '344', '344', '344', '344', '344', '344', '344']",5.0,Calle Jiménez/Calle Metralla,20.604622420779,-100.39293270579,15.5,15.9,7,7.0,2026-09-14 16:47:10.283593+00:00,2026-09-24 23:29:58.908213+00:00,1.0,7,15.5,15.9,0,,,14.816666666666666,2026-09-24 23:29:58.908213+00:00,laboral,16-19,Suficiente,Acceso confiable,286.41277064166667,False,15.9,P80 histórico de ETA Google por parada
3375,40.63333333333334,160.0,L59,3,21,4,Con transbordo,160 → 164 → 324 → 344,L59 → L111 → C33 → C54,Carr. Chichimequillas/Prol. Corregidora Norte → Prol. Corregidora Norte/Indios Verdes → Av. Felipe Ángeles/Estadística,"['3375', '3376', '2379', '1914', '2002', '2001', '2000', '1999', '1998', '5196', '1982', '1983', '1915', '2392', '2338', '2339', '3294', '2340', '3295', '2341', '3025']","['160', '160', '160', '160', '160', '160', '160', '160', '164', '324', '324', '324', '324', '324', '344', '344', '344', '344', '344', '344']",5.0,Epigmenio González/Telmex,20.6128283,-100.396658,13.983333333333333,13.983333333333333,7,7.0,2026-09-14 16:47:09.792714+00:00,2026-09-24 23:29:58.414214+00:00,1.0,7,13.983333333333333,13.983333333333333,0,,,13.983333333333333,2026-09-24 23:29:58.414214+00:00,laboral,16-19,Suficiente,Acceso confiable,286.4129078636111,False,13.983333333333333,P80 histórico de ETA Google por parada
2963,40.71666666666667,319.0,C24,4,17,5,Con transbordo,319 → 328 → 319 → 324 → 344,C24 → C37 → C24 → C33 → C54,Anillo Vial Fray Junípero Serra/Av. Paseo de la Constitución → Anillo Vial Fray Junípero Serra/Av. Paseo de la Constitución → Prol. Corregidora Norte/Plaza del Parque (Bahía Ii) → Av. Felipe Ángeles/Estadística,"['2963', '1959', '1966', '1967', '1964', '1951', '1952', '3281', '1915', '2392', '2338', '2339', '3294', '2340', '3295', '2341', '3025']","['319', '319', '319', '319', '328', '319', '319', '319', '319', '324', '344', '344', '344', '344', '344', '344']",5.0,Blvd. Bernardo Quintana/Paseo de la Colina,20.61059858,-100.3819239,19.683333333333337,20.59,7,7.0,2026-09-14 16:47:09.286590+00:00,2026-09-24 23:29:57.874683+00:00,1.0,7,19.683333333333337,20.59,0,,,20.816666666666663,2026-09-24 23:29:57.874683+00:00,laboral,16-19,Suficiente,Acceso confiable,286.41305773333335,False,20.59,P80 histórico de ETA Google por parada
2547,40.81666666666667,329.0,C38,3,16,4,Con transbordo,329 → 379 → 324 → 344,C38 → T13 → C33 → C54,Blvd. Bernardo Quintana/Heb → Prol. Corregidora Norte/Real de Monserrat → Av. Felipe Ángeles/Estadística,"['2547', '2548', '2549', '2589', '3280', '4447', '3281', '1915', '2392', '2338', '2339', '3294', '2340', '3295', '2341', '3025']","['329', '329', '329', '329', '379', '379', '379', '324', '324', '344', '344', '344', '344', '344', '344']",5.0,Calle Independencia/Calz. de Los Arcos,20.592860095958,-100.37846466122,25.566666666666663,25.566666666666663,9,8.0,2026-09-14 16:47:10.283593+00:00,2026-09-28 04:40:14.595531+00:00,0.8888888888888888,8,25.191666666666663,25.566666666666663,1,42.1,42.1,42.1,2026-09-28 04:40:14.595531+00:00,fin_de_semana,19-23,Suficiente,Acceso confiable,209.24174638666665,False,25.566666666666663,P80 histórico de ETA Google por parada
2318,40.95,375.0,T07,3,25,4,Con transbordo,375 → 371 → 350 → 344,T07 → T03 → C62 → C54,Río Tuxpan → Av. Tláloc/Av. Pie de la Cuesta → Av. Cerro Sombrerete/Av. Playa Roqueta,"['2318', '3293', '2319', '2320', '2321', '2221', '2222', '2223', '2224', '2861', '2862', '2886', '2887', '2888', '2889', '3362', '3363', '4256', '2338', '2339', '3294', '2340', '3295', '2341', '3025']","['375', '375', '375', '375', '375', '371', '371', '371', '371', '350', '350', '350', '350', '350', '344', '344', '344', '344', '344', '344', '344', '344', '344', '344']",5.0,Av. Felipe Ángeles/Arena Querétaro,20.607339,-100.399372,6.2,10.680000000000003,7,7.0,2026-09-14 16:47:10.781852+00:00,2026-09-24 23:29:59.435170+00:00,1.0,7,6.2,10.680000000000003,0,,,6.2,2026-09-24 23:29:59.435170+00:00,laboral,16-19,Suficiente,Acceso confiable,286.41262426472224,False,10.680000000000003,P80 histórico de ETA Google por parada
3470,41.03333333333333,345.0,C55,3,24,4,Con transbordo,345 → 342 → 380 → 344,C55 → C52 → L154 → C54,Av. Revolución/Espuela del Ferrocarril → Epigmenio González/Ramiro de Maeztu → Epigmenio González/Departamental Parques,"['3470', '3471', '3472', '3473', '3474', '3475', '2996', '2997', '2998', '2999', '3935', '3490', '3491', '3773', '3492', '3284', '4256', '2338', '2339', '3294', '2340', '3295', '2341', '3025']","['345', '345', '345', '345', '345', '345', '345', '345', '342', '342', '342', '342', '342', '342', '380', '380', '344', '344', '344', '344', '344', '344', '344']",5.0,Calle Literatura/Calle Octavio Paz,20.61108808,-100.4408518,28.866666666666667,28.866666666666667,7,7.0,2026-09-14 16:47:10.781852+00:00,2026-09-24 23:29:59.435170+00:00,1.0,7,28.866666666666667,28.866666666666667,0,,,28.866666666666667,2026-09-24 23:29:59.435170+00:00,laboral,16-19,Suficiente,Acceso confiable,286.41262426472224,False,28.866666666666667,P80 histórico de ETA Google por parada
3291,41.099999999999994,349.0,C61,3,27,4,Con transbordo,349 → 354 → 350 → 344,C61 → C68 → C62 → C54,Av. Felipe Carrillo Puerto/Av. Revolución → Obrera → Prol. Tecnológico/Ford Citelis Querétaro,"['3291', '3002', '3003', '3004', '3005', '3006', '3007', '3008', '3172', '2920', '2921', '2922', '2923', '2924', '2984', '2858', '2859', '3362', '3363', '4256', '2338', '2339', '3294', '2340', '3295', '2341', '3025']","['349', '349', '349', '349', '349', '349', '349', '349', '349', '354', '354', '354', '354', '354', '350', '350', '350', '344', '344', '344', '344', '344', '344', '344', '344', '344']",5.0,Av. Revolución/Santa Ana,20.60273704,-100.4274043,23.766666666666666,25.576666666666664,7,7.0,2026-09-14 16:47:09.792714+00:00,2026-09-24 23:29:58.414214+00:00,1.0,7,23.766666666666666,25.576666666666664,0,,,23.766666666666666,2026-09-24 23:29:58.414214+00:00,laboral,16-19,Suficiente,Acceso confiable,286.4129078636111,False,25.576666666666664,P80 histórico de ETA Google por parada
4124,41.13333333333334,160.0,L59,3,22,4,Con transbordo,160 → 164 → 324 → 344,L59 → L111 → C33 → C54,Carr. Chichimequillas/Prol. Corregidora Norte → Prol. Corregidora Norte/Indios Verdes → Av. Felipe Ángeles/Estadística,"['4124', '3375', '3376', '2379', '1914', '2002', '2001', '2000', '1999', '1998', '5196', '1982', '1983', '1915', '2392', '2338', '2339', '3294', '2340', '3295', '2341', '3025']","['160', '160', '160', '160', '160', '160', '160', '160', '160', '164', '324', '324', '324', '324', '324', '344', '344', '344', '344', '344', '344']",5.0,Calle Invierno/Cedis Telcel Querétaro,20.610954309153,-100.39696211572,14.1,14.1,7,7.0,2026-09-14 16:47:09.792714+00:00,2026-09-24 23:29:58.414214+00:00,1.0,7,14.1,14.1,0,,,14.1,2026-09-24 23:29:58.414214+00:00,laboral,16-19,Suficiente,Acceso confiable,286.4129078636111,False,14.1,P80 histórico de ETA Google por parada
2057,41.23333333333333,335.0,C44,3,28,4,Con transbordo,335 → 97 → 324 → 344,C44 → C22 → C33 → C54,Av. Corregidora Norte/Secundaria Mariano Escobedo → Avenida Ignacio Zaragoza/Comercial Mexicana → Epigmenio González/Departamental Parques,"['2057', '2062', '2063', '2064', '2393', '2394', '2342', '2343', '2344', '2345', '1921', '4241', '2310', '2311', '2312', '2313', '3283', '5197', '4143', '3284', '4256', '2338', '2339', '3294', '2340', '3295', '2341', '3025']","['335', '97', '97', '97', '97', '97', '97', '97', '97', '97', '324', '324', '324', '324', '324', '324', '324', '324', '324', '324', '344', '344', '344', '344', '344', '344', '344']",5.0,Av. Corregidora Norte/Calle Ignacio López Rayón,20.605173835818,-100.38962338281,17.9,18.016666666666666,7,7.0,2026-09-14 16:47:08.611611+00:00,2026-09-24 23:29:57.393094+00:00,1.0,7,17.9,18.016666666666666,0,,,18.016666666666666,2026-09-24 23:29:57.393094+00:00,laboral,16-19,Suficiente,Acceso confiable,286.41319150805555,False,18.016666666666666,P80 histórico de ETA Google por parada
2524,41.28333333333334,139.0,C32,4,24,5,Con transbordo,139 → 98 → 325 → 324 → 344,C32 → C23 → C34 → C33 → C54,Ignacio Zaragoza/Ezequiel Montes → Escobedo → Av. Tecnológico/Itq → Epigmenio González/Departamental Parques,"['2524', '1924', '1437', '1438', '2537', '1920', '1921', '4241', '2310', '2311', '2312', '2313', '3283', '5197', '4143', '3284', '4256', '2338', '2339', '3294', '2340', '3295', '2341', '3025']","['139', '98', '98', '325', '325', '325', '325', '325', '325', '325', '325', '324', '324', '324', '324', '324', '344', '344', '344', '344', '344', '344', '344']",5.0,Ignacio Pérez/Av. Ignacio Zaragoza,20.586041,-100.399755,20.0,20.166666666666668,9,9.0,2026-09-14 16:47:09.286590+00:00,2026-09-28 04:40:14.595531+00:00,1.0,8,20.0,20.1,1,27.633333333333333,27.633333333333333,27.633333333333333,2026-09-28 04:40:14.595531+00:00,fin_de_semana,19-23,Suficiente,Acceso confiable,209.24174638666665,False,20.166666666666668,P80 histórico de ETA Google por parada
1926,41.466666666666654,340.0,C50,2,30,3,Con transbordo,340 → 324 → 344,C50 → C33 → C54,Independencia/Capuchinas → Epigmenio González/Departamental Parques,"['1926', '2203', '1895', '1896', '1897', '2454', '2453', '1881', '1879', '1918', '1919', '1920', '1921', '4241', '2310', '2311', '2312', '2313', '3283', '5197', '4143', '3284', '4256', '2338', '2339', '3294', '2340', '3295', '2341', '3025']","['340', '340', '340', '340', '340', '340', '324', '324', '324', '324', '324', '324', '324', '324', '324', '324', '324', '324', '324', '324', '324', '324', '344', '344', '344', '344', '344', '344', '344']",5.0,Ignacio Zaragoza/Ignacio Allende,20.587967,-100.3922565,22.983333333333334,23.403333333333332,9,9.0,2026-09-14 16:47:11.360449+00:00,2026-09-28 04:40:14.595531+00:00,1.0,8,22.983333333333334,23.316666666666663,1,28.75,28.75,28.75,2026-09-28 04:40:14.595531+00:00,fin_de_semana,19-23,Suficiente,Acceso confiable,209.24174638666665,False,23.403333333333332,P80 histórico de ETA Google por parada
2006,41.46666666666666,343.0,C53,3,20,4,Con transbordo,343 → 336 → 324 → 344,C53 → C46 → C33 → C54,Av. Tláloc/Parque Epigmenio González → Prol. Corregidora Norte/Plaza del Parque (Bahía Ii) → Av. Felipe Ángeles/Estadística,"['2006', '2007', '2008', '2009', '2010', '2011', '2012', '2013', '2014', '2015', '1983', '1915', '2392', '2338', '2339', '3294', '2340', '3295', '2341', '3025']","['343', '343', '343', '336', '336', '336', '336', '336', '336', '336', '336', '336', '324', '344', '344', '344', '344', '344', '344']",5.0,Prol. Tecnológico/Prepa Tec,20.613105132664,-100.40960908999,14.966666666666669,14.966666666666669,7,7.0,2026-09-14 16:47:10.781852+00:00,2026-09-24 23:29:59.435170+00:00,1.0,7,14.966666666666669,14.966666666666669,0,,,14.966666666666669,2026-09-24 23:29:59.435170+00:00,laboral,16-19,Suficiente,Acceso confiable,286.41262426472224,False,14.966666666666669,P80 histórico de ETA Google por parada
3496,41.516666666666666,342.0,C52,3,28,4,Con transbordo,342 → 97 → 324 → 344,C52 → C22 → C33 → C54,Av. Corregidora Norte/Av. Universidad → Avenida Ignacio Zaragoza/Comercial Mexicana → Epigmenio González/Departamental Parques,"['3496', '3497', '5150', '2064', '2393', '2394', '2342', '2343', '2344', '2345', '1921', '4241', '2310', '2311', '2312', '2313', '3283', '5197', '4143', '3284', '4256', '2338', '2339', '3294', '2340', '3295', '2341', '3025']","['342', '342', '342', '97', '97', '97', '97', '97', '97', '97', '324', '324', '324', '324', '324', '324', '324', '324', '324', '324', '344', '344', '344', '344', '344', '344', '344']",5.0,Calle Invierno/Calle Jiménez,20.60398738,-100.395533,15.816666666666666,15.816666666666666,7,7.0,2026-09-14 16:47:10.781852+00:00,2026-09-24 23:29:59.435170+00:00,1.0,7,15.816666666666666,15.816666666666666,0,,,15.516666666666667,2026-09-24 23:29:59.435170+00:00,laboral,16-19,Suficiente,Acceso confiable,286.41262426472224,False,15.816666666666666,P80 histórico de ETA Google por parada
4159,41.583333333333336,343.0,C53,3,28,4,Con transbordo,343 → 336 → 324 → 344,C53 → C46 → C33 → C54,Ezequiel Montes/Mariano Escobedo → Avenida Ignacio Zaragoza/Comercial Mexicana → Epigmenio González/Departamental Parques,"['4159', '2673', '3262', '5070', '3263', '5193', '2342', '2343', '2344', '2345', '1921', '4241', '2310', '2311', '2312', '2313', '3283', '5197', '4143', '3284', '4256', '2338', '2339', '3294', '2340', '3295', '2341', '3025']","['343', '343', '343', '343', '343', '343', '336', '336', '336', '336', '324', '324', '324', '324', '324', '324', '324', '324', '324', '324', '344', '344', '344', '344', '344', '344', '344']",5.0,Ejido/Fraternidad,20.605660658032,-100.40678608038,11.533333333333331,15.653333333333336,7,7.0,2026-09-14 16:47:11.360449+00:00,2026-09-24 23:29:59.928061+00:00,1.0,7,11.533333333333331,15.653333333333336,0,,,16.683333333333334,2026-09-24 23:29:59.928061+00:00,laboral,16-19,Suficiente,Acceso confiable,286.4124873505556,False,15.653333333333336,P80 histórico de ETA Google por parada
4123,41.63333333333334,160.0,L59,3,23,4,Con transbordo,160 → 164 → 324 → 344,L59 → L111 → C33 → C54,Carr. Chichimequillas/Prol. Corregidora Norte → Prol. Corregidora Norte/Indios Verdes → Av. Felipe Ángeles/Estadística,"['4123', '4124', '3375', '3376', '2379', '1914', '2002', '2001', '2000', '1999', '1998', '5196', '1982', '1983', '1915', '2392', '2338', '2339', '3294', '2340', '3295', '2341', '3025']","['160', '160', '160', '160', '160', '160', '160', '160', '160', '160', '164', '324', '324', '324', '324', '324', '344', '344', '344', '344', '344', '344']",5.0,Calle Invierno/Calle Porvenir Poniente,20.609036357356,-100.39677823956,11.8,11.8,7,7.0,2026-09-14 16:47:10.283593+00:00,2026-09-24 23:29:58.908213+00:00,1.0,7,11.8,11.8,0,,,11.8,2026-09-24 23:29:58.908213+00:00,laboral,16-19,Suficiente,Acceso confiable,286.41277064166667,False,11.8,P80 histórico de ETA Google por parada
3469,41.71666666666666,345.0,C55,3,25,4,Con transbordo,345 → 342 → 380 → 344,C55 → C52 → L154 → C54,Av. Revolución/Espuela del Ferrocarril → Epigmenio González/Ramiro de Maeztu → Epigmenio González/Departamental Parques,"['3469', '3470', '3471', '3472', '3473', '3474', '3475', '2996', '2997', '2998', '2999', '3935', '3490', '3491', '3773', '3492', '3284', '4256', '2338', '2339', '3294', '2340', '3295', '2341', '3025']","['345', '345', '345', '345', '345', '345', '345', '345', '345', '342', '342', '342', '342', '342', '342', '380', '380', '344', '344', '344', '344', '344', '344', '344']",5.0,Av. de la Poesía/Calle Literatura,20.61303386,-100.4412855,29.733333333333334,29.733333333333334,7,7.0,2026-09-14 16:47:10.781852+00:00,2026-09-24 23:29:59.435170+00:00,1.0,7,29.733333333333334,29.733333333333334,0,,,29.733333333333334,2026-09-24 23:29:59.435170+00:00,laboral,16-19,Suficiente,Acceso confiable,286.41262426472224,False,29.733333333333334,P80 histórico de ETA Google por parada
3292,41.86666666666666,375.0,T07,3,26,4,Con transbordo,375 → 371 → 350 → 344,T07 → T03 → C62 → C54,Río Tuxpan → Av. Tláloc/Av. Pie de la Cuesta → Av. Cerro Sombrerete/Av. Playa Roqueta,"['3292', '2318', '3293', '2319', '2320', '2321', '2221', '2222', '2223', '2224', '2861', '2862', '2886', '2887', '2888', '2889', '3362', '3363', '4256', '2338', '2339', '3294', '2340', '3295', '2341', '3025']","['375', '375', '375', '375', '375', '375', '371', '371', '371', '371', '350', '350', '350', '350', '350', '344', '344', '344', '344', '344', '344', '344', '344', '344', '344']",5.0,Felipe Ángeles/Fraternidad,20.60554869,-100.3993715,12.05,12.05,7,7.0,2026-09-14 16:47:11.360449+00:00,2026-09-24 23:29:59.928061+00:00,1.0,7,12.05,12.05,0,,,12.05,2026-09-24 23:29:59.928061+00:00,laboral,16-19,Suficiente,Acceso confiable,286.4124873505556,False,12.05,P80 histórico de ETA Google por parada
4120,42.14999999999999,349.0,C61,3,28,4,Con transbordo,349 → 354 → 350 → 344,C61 → C68 → C62 → C54,Av. Felipe Carrillo Puerto/Av. Revolución → Obrera → Prol. Tecnológico/Ford Citelis Querétaro,"['4120', '3291', '3002', '3003', '3004', '3005', '3006', '3007', '3008', '3172', '2920', '2921', '2922', '2923', '2924', '2984', '2858', '2859', '3362', '3363', '4256', '2338', '2339', '3294', '2340', '3295', '2341', '3025']","['349', '349', '349', '349', '349', '349', '349', '349', '349', '349', '354', '354', '354', '354', '354', '350', '350', '350', '344', '344', '344', '344', '344', '344', '344', '344', '344']",5.0,Espuela del Ferrocarril/Av. San Diego,20.602450878208,-100.4242785404,21.466666666666665,23.276666666666667,7,7.0,2026-09-14 16:47:10.283593+00:00,2026-09-24 23:29:58.908213+00:00,1.0,7,21.466666666666665,23.276666666666667,0,,,21.466666666666665,2026-09-24 23:29:58.908213+00:00,laboral,16-19,Suficiente,Acceso confiable,286.41277064166667,False,23.276666666666667,P80 histórico de ETA Google por parada
3711,42.233333333333334,319.0,C24,4,18,5,Con transbordo,319 → 328 → 319 → 324 → 344,C24 → C37 → C24 → C33 → C54,Anillo Vial Fray Junípero Serra/Av. Paseo de la Constitución → Anillo Vial Fray Junípero Serra/Av. Paseo de la Constitución → Prol. Corregidora Norte/Plaza del Parque (Bahía Ii) → Av. Felipe Ángeles/Estadística,"['3711', '2963', '1959', '1966', '1967', '1964', '1951', '1952', '3281', '1915', '2392', '2338', '2339', '3294', '2340', '3295', '2341', '3025']","['319', '319', '319', '319', '319', '328', '319', '319', '319', '319', '324', '344', '344', '344', '344', '344', '344']",5.0,Blvd. Bernardo Quintana/Calle Circuito Jardines,20.61399664,-100.3863124,21.6,22.56,7,7.0,2026-09-14 16:47:09.792714+00:00,2026-09-24 23:29:58.414214+00:00,1.0,7,21.6,22.56,0,,,22.8,2026-09-24 23:29:58.414214+00:00,laboral,16-19,Suficiente,Acceso confiable,286.4129078636111,False,22.56,P80 histórico de ETA Google por parada
2266,42.26666666666667,323.0,C31,3,17,4,Con transbordo,323 → 358 → 350 → 344,C31 → L118 → C62 → C54,Av. 5 de Febrero/Puente Jurica → San Pablo/Loma de San Pablo → Prol. Tecnológico/Ford Citelis Querétaro,"['2266', '2267', '2604', '2606', '2288', '2080', '2859', '3362', '3363', '4256', '2338', '2339', '3294', '2340', '3295', '2341', '3025']","['323', '323', '323', '358', '358', '358', '350', '344', '344', '344', '344', '344', '344', '344', '344', '344']",5.0,5 de Febrero/Seat Ronda Automotriz,20.629835715239,-100.42551394709,27.916666666666668,27.916666666666668,7,7.0,2026-09-14 16:47:10.283593+00:00,2026-09-24 23:29:58.908213+00:00,1.0,7,27.916666666666668,27.916666666666668,0,,,27.916666666666668,2026-09-24 23:29:58.908213+00:00,laboral,16-19,Suficiente,Acceso confiable,286.41277064166667,False,27.916666666666668,P80 histórico de ETA Google por parada
3495,42.4,342.0,C52,3,29,4,Con transbordo,342 → 97 → 324 → 344,C52 → C22 → C33 → C54,Av. Corregidora Norte/Av. Universidad → Avenida Ignacio Zaragoza/Comercial Mexicana → Epigmenio González/Departamental Parques,"['3495', '3496', '3497', '5150', '2064', '2393', '2394', '2342', '2343', '2344', '2345', '1921', '4241', '2310', '2311', '2312', '2313', '3283', '5197', '4143', '3284', '4256', '2338', '2339', '3294', '2340', '3295', '2341', '3025']","['342', '342', '342', '342', '97', '97', '97', '97', '97', '97', '97', '324', '324', '324', '324', '324', '324', '324', '324', '324', '324', '344', '344', '344', '344', '344', '344', '344']",5.0,Calle Fraternidad/Calle Diamante,20.60585106,-100.3970197,9.416666666666666,14.456666666666672,7,7.0,2026-09-14 16:47:10.781852+00:00,2026-09-24 23:29:59.435170+00:00,1.0,7,9.416666666666666,14.456666666666672,0,,,9.416666666666666,2026-09-24 23:29:59.435170+00:00,laboral,16-19,Suficiente,Acceso confiable,286.41262426472224,False,14.456666666666672,P80 histórico de ETA Google por parada
1925,42.41666666666666,340.0,C50,2,31,3,Con transbordo,340 → 324 → 344,C50 → C33 → C54,Independencia/Capuchinas → Epigmenio González/Departamental Parques,"['1925', '1926', '2203', '1895', '1896', '1897', '2454', '2453', '1881', '1879', '1918', '1919', '1920', '1921', '4241', '2310', '2311', '2312', '2313', '3283', '5197', '4143', '3284', '4256', '2338', '2339', '3294', '2340', '3295', '2341', '3025']","['340', '340', '340', '340', '340', '340', '340', '324', '324', '324', '324', '324', '324', '324', '324', '324', '324', '324', '324', '324', '324', '324', '324', '344', '344', '344', '344', '344', '344', '344']",5.0,Ignacio Zaragoza/Vicente Guerrero Salesiano,20.5872676,-100.3943766,23.166666666666668,23.253333333333337,9,9.0,2026-09-14 16:47:11.840367+00:00,2026-09-28 04:40:14.595531+00:00,1.0,8,23.0,23.166666666666668,1,27.166666666666668,27.166666666666668,27.166666666666668,2026-09-28 04:40:14.595531+00:00,fin_de_semana,19-23,Suficiente,Acceso confiable,209.24174638666665,False,23.253333333333337,P80 histórico de ETA Google por parada
2587,42.5,329.0,C38,3,12,4,Con transbordo,329 → 357 → 324 → 344,C38 → L112 → C33 → C54,Av. Paseo de la Reforma/Piscis → Prol. Corregidora Norte/Real de Monserrat → Av. Felipe Ángeles/Estadística,"['2587', '1806', '3281', '1915', '2392', '2338', '2339', '3294', '2340', '3295', '2341', '3025']","['329', '357', '357', '324', '324', '344', '344', '344', '344', '344', '344']",5.0,Asteroides/Venus,20.61252953849,-100.37508161303,28.733333333333334,29.25,7,7.0,2026-09-14 16:47:10.283593+00:00,2026-09-24 23:29:58.908213+00:00,1.0,7,28.733333333333334,29.25,0,,,29.283333333333335,2026-09-24 23:29:58.908213+00:00,laboral,16-19,Suficiente,Acceso confiable,286.41277064166667,False,29.25,P80 histórico de ETA Google por parada
2317,42.599999999999994,375.0,T07,3,27,4,Con transbordo,375 → 371 → 350 → 344,T07 → T03 → C62 → C54,Río Tuxpan → Av. Tláloc/Av. Pie de la Cuesta → Av. Cerro Sombrerete/Av. Playa Roqueta,"['2317', '3292', '2318', '3293', '2319', '2320', '2321', '2221', '2222', '2223', '2224', '2861', '2862', '2886', '2887', '2888', '2889', '3362', '3363', '4256', '2338', '2339', '3294', '2340', '3295', '2341', '3025']","['375', '375', '375', '375', '375', '375', '375', '371', '371', '371', '371', '350', '350', '350', '350', '350', '344', '344', '344', '344', '344', '344', '344', '344', '344', '344']",5.0,Av. Felipe Ángeles/Av. San Roque,20.60410507,-100.399397,10.116666666666667,10.116666666666667,7,7.0,2026-09-14 16:47:11.360449+00:00,2026-09-24 23:29:59.928061+00:00,1.0,7,10.116666666666667,10.116666666666667,0,,,10.116666666666667,2026-09-24 23:29:59.928061+00:00,laboral,16-19,Suficiente,Acceso confiable,286.4124873505556,False,10.116666666666667,P80 histórico de ETA Google por parada
3364,42.63333333333333,343.0,C53,3,29,4,Con transbordo,343 → 336 → 324 → 344,C53 → C46 → C33 → C54,Ezequiel Montes/Mariano Escobedo → Avenida Ignacio Zaragoza/Comercial Mexicana → Epigmenio González/Departamental Parques,"['3364', '4159', '2673', '3262', '5070', '3263', '5193', '2342', '2343', '2344', '2345', '1921', '4241', '2310', '2311', '2312', '2313', '3283', '5197', '4143', '3284', '4256', '2338', '2339', '3294', '2340', '3295', '2341', '3025']","['343', '343', '343', '343', '343', '343', '343', '336', '336', '336', '336', '324', '324', '324', '324', '324', '324', '324', '324', '324', '324', '344', '344', '344', '344', '344', '344', '344']",5.0,Epigmenio González/Nestlé Querétaro,20.608440273717,-100.40671708417,12.75,12.75,7,7.0,2026-09-14 16:47:11.360449+00:00,2026-09-24 23:29:59.928061+00:00,1.0,7,12.75,12.75,0,,,12.75,2026-09-24 23:29:59.928061+00:00,laboral,16-19,Suficiente,Acceso confiable,286.4124873505556,False,12.75,P80 histórico de ETA Google por parada
2378,42.81666666666666,344.0,C54,3,28,4,Con transbordo,344 → 326 → 324 → 344,C54 → C35 → C33 → C54,Av. Universidad/Notaria 17 → Ignacio Zaragoza/Dr. Lucio → Epigmenio González/Departamental Parques,"['2378', '2556', '2557', '2558', '2953', '2954', '1879', '1918', '1919', '1920', '1921', '4241', '2310', '2311', '2312', '2313', '3283', '5197', '4143', '3284', '4256', '2338', '2339', '3294', '2340', '3295', '2341', '3025']","['344', '326', '326', '326', '326', '326', '324', '324', '324', '324', '324', '324', '324', '324', '324', '324', '324', '324', '324', '324', '344', '344', '344', '344', '344', '344', '344']",5.0,Av. Universidad/Auditorio Arteaga,20.59772505,-100.3954912,13.1,13.1,9,9.0,2026-09-14 16:47:09.792714+00:00,2026-09-28 04:40:14.595531+00:00,1.0,8,13.1,13.1,1,13.1,13.1,13.1,2026-09-28 04:40:14.595531+00:00,fin_de_semana,19-23,Suficiente,Acceso confiable,209.24174638666665,False,13.1,P80 histórico de ETA Google por parada
3261,42.849999999999994,375.0,T07,3,28,4,Con transbordo,375 → 336 → 324 → 344,T07 → C46 → C33 → C54,Ezequiel Montes/Mariano Escobedo → Avenida Ignacio Zaragoza/Comercial Mexicana → Epigmenio González/Departamental Parques,"['3261', '2673', '3262', '5070', '3263', '5193', '2342', '2343', '2344', '2345', '1921', '4241', '2310', '2311', '2312', '2313', '3283', '5197', '4143', '3284', '4256', '2338', '2339', '3294', '2340', '3295', '2341', '3025']","['375', '375', '375', '375', '375', '375', '336', '336', '336', '336', '324', '324', '324', '324', '324', '324', '324', '324', '324', '324', '344', '344', '344', '344', '344', '344', '344']",5.0,Av. San Roque/Calle Ópalo,20.60386827,-100.4062087,12.633333333333333,12.633333333333333,7,7.0,2026-09-14 16:47:10.781852+00:00,2026-09-24 23:29:59.435170+00:00,1.0,7,12.633333333333333,12.633333333333333,0,,,12.633333333333333,2026-09-24 23:29:59.435170+00:00,laboral,16-19,Suficiente,Acceso confiable,286.41262426472224,False,12.633333333333333,P80 histórico de ETA Google por parada
2056,42.883333333333326,335.0,C44,3,29,4,Con transbordo,335 → 97 → 324 → 344,C44 → C22 → C33 → C54,Av. Corregidora Norte/Secundaria Mariano Escobedo → Avenida Ignacio Zaragoza/Comercial Mexicana → Epigmenio González/Departamental Parques,"['2056', '2057', '2062', '2063', '2064', '2393', '2394', '2342', '2343', '2344', '2345', '1921', '4241', '2310', '2311', '2312', '2313', '3283', '5197', '4143', '3284', '4256', '2338', '2339', '3294', '2340', '3295', '2341', '3025']","['335', '335', '97', '97', '97', '97', '97', '97', '97', '97', '97', '324', '324', '324', '324', '324', '324', '324', '324', '324', '324', '344', '344', '344', '344', '344', '344', '344']",5.0,Cerrito/Corregidora Norte,20.602803469916,-100.392638232,14.283333333333331,14.55,7,7.0,2026-09-14 16:47:09.286590+00:00,2026-09-24 23:29:57.874683+00:00,1.0,7,14.283333333333331,14.55,0,,,14.283333333333331,2026-09-24 23:29:57.874683+00:00,laboral,16-19,Suficiente,Acceso confiable,286.41305773333335,False,14.55,P80 histórico de ETA Google por parada
4118,43.24999999999999,349.0,C61,3,29,4,Con transbordo,349 → 354 → 350 → 344,C61 → C68 → C62 → C54,Av. Felipe Carrillo Puerto/Av. Revolución → Obrera → Prol. Tecnológico/Ford Citelis Querétaro,"['4118', '4120', '3291', '3002', '3003', '3004', '3005', '3006', '3007', '3008', '3172', '2920', '2921', '2922', '2923', '2924', '2984', '2858', '2859', '3362', '3363', '4256', '2338', '2339', '3294', '2340', '3295', '2341', '3025']","['349', '349', '349', '349', '349', '349', '349', '349', '349', '349', '349', '354', '354', '354', '354', '354', '350', '350', '350', '344', '344', '344', '344', '344', '344', '344', '344', '344']",5.0,Espuelas del Ferrocarril/Abasolo,20.601440613771,-100.42114551368,24.066666666666663,24.53333333333333,7,7.0,2026-09-14 16:47:10.781852+00:00,2026-09-24 23:29:59.435170+00:00,1.0,7,24.066666666666663,24.53333333333333,0,,,24.65,2026-09-24 23:29:59.435170+00:00,laboral,16-19,Suficiente,Acceso confiable,286.41262426472224,False,24.53333333333333,P80 histórico de ETA Google por parada
2523,43.26666666666667,139.0,C32,4,25,5,Con transbordo,139 → 98 → 325 → 324 → 344,C32 → C23 → C34 → C33 → C54,Ignacio Zaragoza/Ezequiel Montes → Escobedo → Av. Tecnológico/Itq → Epigmenio González/Departamental Parques,"['2523', '2524', '1924', '1437', '1438', '2537', '1920', '1921', '4241', '2310', '2311', '2312', '2313', '3283', '5197', '4143', '3284', '4256', '2338', '2339', '3294', '2340', '3295', '2341', '3025']","['139', '139', '98', '98', '325', '325', '325', '325', '325', '325', '325', '325', '324', '324', '324', '324', '324', '344', '344', '344', '344', '344', '344', '344']",5.0,Ignacio Pérez/Francisco I. Madero,20.589585112548,-100.40106438272,21.8,21.92,7,7.0,2026-09-14 16:47:09.792714+00:00,2026-09-24 23:29:58.414214+00:00,1.0,7,21.8,21.92,0,,,21.95,2026-09-24 23:29:58.414214+00:00,laboral,16-19,Suficiente,Acceso confiable,286.4129078636111,False,21.92,P80 histórico de ETA Google por parada
3639,43.666666666666664,375.0,T07,3,29,4,Con transbordo,375 → 336 → 324 → 344,T07 → C46 → C33 → C54,Ezequiel Montes/Mariano Escobedo → Avenida Ignacio Zaragoza/Comercial Mexicana → Epigmenio González/Departamental Parques,"['3639', '3261', '2673', '3262', '5070', '3263', '5193', '2342', '2343', '2344', '2345', '1921', '4241', '2310', '2311', '2312', '2313', '3283', '5197', '4143', '3284', '4256', '2338', '2339', '3294', '2340', '3295', '2341', '3025']","['375', '375', '375', '375', '375', '375', '375', '336', '336', '336', '336', '324', '324', '324', '324', '324', '324', '324', '324', '324', '324', '344', '344', '344', '344', '344', '344', '344']",5.0,Av. San Roque/Calle Ópalo,20.60382166,-100.4045116,13.683333333333334,13.683333333333334,7,7.0,2026-09-14 16:47:11.360449+00:00,2026-09-24 23:29:59.928061+00:00,1.0,7,13.683333333333334,13.683333333333334,0,,,13.683333333333334,2026-09-24 23:29:59.928061+00:00,laboral,16-19,Suficiente,Acceso confiable,286.4124873505556,False,13.683333333333334,P80 histórico de ETA Google por parada
3314,43.849999999999994,327.0,C36,3,29,4,Con transbordo,327 → 97 → 324 → 344,C36 → C22 → C33 → C54,Av. Corregidora Norte/Harsco → Avenida Ignacio Zaragoza/Comercial Mexicana → Epigmenio González/Departamental Parques,"['3314', '2061', '2062', '2063', '2064', '2393', '2394', '2342', '2343', '2344', '2345', '1921', '4241', '2310', '2311', '2312', '2313', '3283', '5197', '4143', '3284', '4256', '2338', '2339', '3294', '2340', '3295', '2341', '3025']","['327', '97', '97', '97', '97', '97', '97', '97', '97', '97', '97', '324', '324', '324', '324', '324', '324', '324', '324', '324', '324', '344', '344', '344', '344', '344', '344', '344']",5.0,Calle Circuito Jardín/Calle Pasto,20.609139853179,-100.38471426043,20.533333333333335,21.200000000000003,7,7.0,2026-09-14 16:47:09.286590+00:00,2026-09-24 23:29:57.874683+00:00,1.0,7,20.533333333333335,21.200000000000003,0,,,21.366666666666667,2026-09-24 23:29:57.874683+00:00,laboral,16-19,Suficiente,Acceso confiable,286.41305773333335,False,21.200000000000003,P80 histórico de ETA Google por parada
5194,44.08333333333333,344.0,C54,3,29,4,Con transbordo,344 → 326 → 324 → 344,C54 → C35 → C33 → C54,Av. Universidad/Notaria 17 → Ignacio Zaragoza/Dr. Lucio → Epigmenio González/Departamental Parques,"['5194', '2378', '2556', '2557', '2558', '2953', '2954', '1879', '1918', '1919', '1920', '1921', '4241', '2310', '2311', '2312', '2313', '3283', '5197', '4143', '3284', '4256', '2338', '2339', '3294', '2340', '3295', '2341', '3025']","['344', '344', '326', '326', '326', '326', '326', '324', '324', '324', '324', '324', '324', '324', '324', '324', '324', '324', '324', '324', '324', '344', '344', '344', '344', '344', '344', '344']",5.0,Av. Universidad/Calle Rafael Osuna,20.596931215598,-100.39921999251,8.483333333333333,8.483333333333333,9,9.0,2026-09-14 16:47:09.792714+00:00,2026-09-28 04:40:14.595531+00:00,1.0,8,8.483333333333333,8.483333333333333,1,8.483333333333333,8.483333333333333,8.483333333333333,2026-09-28 04:40:14.595531+00:00,fin_de_semana,19-23,Suficiente,Acceso confiable,209.24174638666665,False,8.483333333333333,P80 histórico de ETA Google por parada
2457,44.16666666666666,352.0,C64,3,33,4,Con transbordo,352 → 325 → 324 → 344,C64 → C34 → C33 → C54,Bicentenario → Av. Tecnológico/Itq → Epigmenio González/Departamental Parques,"['2457', '2458', '2459', '2751', '1473', '1474', '1476', '1472', '1471', '1470', '1469', '1439', '1438', '2537', '1920', '1921', '4241', '2310', '2311', '2312', '2313', '3283', '5197', '4143', '3284', '4256', '2338', '2339', '3294', '2340', '3295', '2341', '3025']","['352', '352', '352', '352', '352', '325', '325', '325', '325', '325', '325', '325', '325', '325', '325', '325', '325', '325', '325', '325', '324', '324', '324', '324', '324', '344', '344', '344', '344', '344', '344', '344']",5.0,Av. Cimatario/Constituyentes,20.586532791039,-100.37509013274,27.916666666666668,27.916666666666668,7,7.0,2026-09-14 16:47:12.379539+00:00,2026-09-24 23:30:00.935687+00:00,1.0,7,27.916666666666668,27.916666666666668,0,,,29.766666666666666,2026-09-24 23:30:00.935687+00:00,laboral,16-19,Suficiente,Acceso confiable,286.41220745444446,False,27.916666666666668,P80 histórico de ETA Google por parada
2055,44.28333333333333,335.0,C44,3,30,4,Con transbordo,335 → 97 → 324 → 344,C44 → C22 → C33 → C54,Av. Corregidora Norte/Secundaria Mariano Escobedo → Avenida Ignacio Zaragoza/Comercial Mexicana → Epigmenio González/Departamental Parques,"['2055', '2056', '2057', '2062', '2063', '2064', '2393', '2394', '2342', '2343', '2344', '2345', '1921', '4241', '2310', '2311', '2312', '2313', '3283', '5197', '4143', '3284', '4256', '2338', '2339', '3294', '2340', '3295', '2341', '3025']","['335', '335', '335', '97', '97', '97', '97', '97', '97', '97', '97', '97', '324', '324', '324', '324', '324', '324', '324', '324', '324', '324', '344', '344', '344', '344', '344', '344', '344']",5.0,Av. Corregidora Norte/Calle Primavera,20.599871208817,-100.39373576885,11.8,12.5,7,7.0,2026-09-14 16:47:09.286590+00:00,2026-09-24 23:29:57.874683+00:00,1.0,7,11.8,12.5,0,,,11.8,2026-09-24 23:29:57.874683+00:00,laboral,16-19,Suficiente,Acceso confiable,286.41305773333335,False,12.5,P80 histórico de ETA Google por parada
2005,44.43333333333333,343.0,C53,3,30,4,Con transbordo,343 → 336 → 324 → 344,C53 → C46 → C33 → C54,Ezequiel Montes/Mariano Escobedo → Avenida Ignacio Zaragoza/Comercial Mexicana → Epigmenio González/Departamental Parques,"['2005', '3364', '4159', '2673', '3262', '5070', '3263', '5193', '2342', '2343', '2344', '2345', '1921', '4241', '2310', '2311', '2312', '2313', '3283', '5197', '4143', '3284', '4256', '2338', '2339', '3294', '2340', '3295', '2341', '3025']","['343', '343', '343', '343', '343', '343', '343', '343', '336', '336', '336', '336', '324', '324', '324', '324', '324', '324', '324', '324', '324', '324', '344', '344', '344', '344', '344', '344', '344']",5.0,Epigmenio González/Tecnológico de Monterrey,20.612268,-100.403628,14.716666666666669,14.716666666666669,7,7.0,2026-09-14 16:47:12.379539+00:00,2026-09-24 23:30:00.935687+00:00,1.0,7,14.716666666666669,14.716666666666669,0,,,14.716666666666669,2026-09-24 23:30:00.935687+00:00,laboral,16-19,Suficiente,Acceso confiable,286.41220745444446,False,14.716666666666669,P80 histórico de ETA Google por parada
3778,44.49999999999999,349.0,C61,3,30,4,Con transbordo,349 → 354 → 350 → 344,C61 → C68 → C62 → C54,Av. Felipe Carrillo Puerto/Av. Revolución → Obrera → Prol. Tecnológico/Ford Citelis Querétaro,"['3778', '4118', '4120', '3291', '3002', '3003', '3004', '3005', '3006', '3007', '3008', '3172', '2920', '2921', '2922', '2923', '2924', '2984', '2858', '2859', '3362', '3363', '4256', '2338', '2339', '3294', '2340', '3295', '2341', '3025']","['349', '349', '349', '349', '349', '349', '349', '349', '349', '349', '349', '349', '354', '354', '354', '354', '354', '350', '350', '350', '344', '344', '344', '344', '344', '344', '344', '344', '344']",5.0,Benito Juárez/Uo Querétaro,20.598041469803,-100.42010343607,17.716666666666665,19.356666666666666,7,7.0,2026-09-14 16:47:11.360449+00:00,2026-09-24 23:29:59.928061+00:00,1.0,7,17.716666666666665,19.356666666666666,0,,,17.716666666666665,2026-09-24 23:29:59.928061+00:00,laboral,16-19,Suficiente,Acceso confiable,286.4124873505556,False,19.356666666666666,P80 histórico de ETA Google por parada
2033,44.58333333333334,326.0,C35,3,32,4,Con transbordo,326 → 334 → 324 → 344,C35 → C43 → C33 → C54,Cto Mosés Solana/Luis Pasteur Asupizo → Vicente Guerrero → Epigmenio González/Departamental Parques,"['2033', '3573', '2034', '2035', '2400', '2478', '2308', '2028', '2029', '2030', '2031', '2309', '1919', '1920', '1921', '4241', '2310', '2311', '2312', '2313', '3283', '5197', '4143', '3284', '4256', '2338', '2339', '3294', '2340', '3295', '2341', '3025']","['326', '326', '326', '326', '326', '334', '334', '334', '334', '334', '334', '334', '324', '324', '324', '324', '324', '324', '324', '324', '324', '324', '324', '324', '344', '344', '344', '344', '344', '344', '344']",5.0,Prol. Luis Pasteur/Constituyentes,20.586067243389,-100.38561972374,28.35,29.043333333333333,7,7.0,2026-09-14 16:47:11.360449+00:00,2026-09-24 23:29:59.928061+00:00,1.0,7,28.35,29.043333333333333,0,,,24.666666666666668,2026-09-24 23:29:59.928061+00:00,laboral,16-19,Suficiente,Acceso confiable,286.4124873505556,False,29.043333333333333,P80 histórico de ETA Google por parada
5200,44.7,375.0,T07,3,28,4,Con transbordo,375 → 371 → 350 → 344,T07 → T03 → C62 → C54,Río Tuxpan → Av. Tláloc/Av. Pie de la Cuesta → Av. Cerro Sombrerete/Av. Playa Roqueta,"['5200', '2317', '3292', '2318', '3293', '2319', '2320', '2321', '2221', '2222', '2223', '2224', '2861', '2862', '2886', '2887', '2888', '2889', '3362', '3363', '4256', '2338', '2339', '3294', '2340', '3295', '2341', '3025']","['375', '375', '375', '375', '375', '375', '375', '375', '371', '371', '371', '371', '350', '350', '350', '350', '350', '344', '344', '344', '344', '344', '344', '344', '344', '344', '344']",5.0,Calle Nicolás Bravo/Calle Primavera,20.599984539434,-100.39884877864,5.0,5.0,9,9.0,2026-09-14 16:47:11.840367+00:00,2026-09-28 04:40:14.595531+00:00,1.0,8,5.0,5.0,1,5.0,5.0,5.0,2026-09-28 04:40:14.595531+00:00,fin_de_semana,19-23,Suficiente,Acceso confiable,209.24174638666665,False,5.0,P80 histórico de ETA Google por parada
2456,44.75000000000001,325.0,C34,2,40,3,Con transbordo,325 → 324 → 344,C34 → C33 → C54,Av. Tecnológico/Itq → Epigmenio González/Departamental Parques,"['2456', '2457', '2458', '2459', '2245', '2038', '2039', '2246', '2017', '2018', '2019', '2020', '2021', '2450', '2451', '1471', '1470', '1469', '1439', '1438', '2537', '1920', '1921', '4241', '2310', '2311', '2312', '2313', '3283', '5197', '4143', '3284', '4256', '2338', '2339', '3294', '2340', '3295', '2341', '3025']","['325', '325', '325', '325', '325', '325', '325', '325', '325', '325', '325', '325', '325', '325', '325', '325', '325', '325', '325', '325', '325', '325', '325', '325', '325', '325', '325', '324', '324', '324', '324', '324', '344', '344', '344', '344', '344', '344', '344']",5.0,20 de Noviembre/Francisco Gonzalez de Cosio,20.587772068969,-100.37646571473,26.216666666666665,27.696666666666665,7,7.0,2026-09-14 16:47:12.918101+00:00,2026-09-24 23:30:01.442571+00:00,1.0,7,26.216666666666665,27.696666666666665,0,,,28.066666666666663,2026-09-24 23:30:01.442571+00:00,laboral,16-19,Suficiente,Acceso confiable,286.41206665333334,False,27.696666666666665,P80 histórico de ETA Google por parada
3260,44.86666666666667,375.0,T07,3,30,4,Con transbordo,375 → 336 → 324 → 344,T07 → C46 → C33 → C54,Ezequiel Montes/Mariano Escobedo → Avenida Ignacio Zaragoza/Comercial Mexicana → Epigmenio González/Departamental Parques,"['3260', '3639', '3261', '2673', '3262', '5070', '3263', '5193', '2342', '2343', '2344', '2345', '1921', '4241', '2310', '2311', '2312', '2313', '3283', '5197', '4143', '3284', '4256', '2338', '2339', '3294', '2340', '3295', '2341', '3025']","['375', '375', '375', '375', '375', '375', '375', '375', '336', '336', '336', '336', '324', '324', '324', '324', '324', '324', '324', '324', '324', '324', '344', '344', '344', '344', '344', '344', '344']",5.0,Av. San Roque/Amatista,20.6036435165,-100.40199599983,15.15,15.15,7,7.0,2026-09-14 16:47:11.360449+00:00,2026-09-24 23:29:59.928061+00:00,1.0,7,15.15,15.15,0,,,15.15,2026-09-24 23:29:59.928061+00:00,laboral,16-19,Suficiente,Acceso confiable,286.4124873505556,False,15.15,P80 histórico de ETA Google por parada
3494,45.0,342.0,C52,3,32,4,Con transbordo,342 → 97 → 324 → 344,C52 → C22 → C33 → C54,Av. Corregidora Norte/Av. Universidad → Avenida Ignacio Zaragoza/Comercial Mexicana → Epigmenio González/Departamental Parques,"['3494', '2317', '3292', '3495', '3496', '3497', '5150', '2064', '2393', '2394', '2342', '2343', '2344', '2345', '1921', '4241', '2310', '2311', '2312', '2313', '3283', '5197', '4143', '3284', '4256', '2338', '2339', '3294', '2340', '3295', '2341', '3025']","['342', '342', '342', '342', '342', '342', '342', '97', '97', '97', '97', '97', '97', '97', '324', '324', '324', '324', '324', '324', '324', '324', '324', '324', '344', '344', '344', '344', '344', '344', '344']",5.0,Av. San Roque/Esmeralda,20.60362276,-100.4028134,11.833333333333334,11.833333333333334,7,7.0,2026-09-14 16:47:11.840367+00:00,2026-09-24 23:30:00.413439+00:00,1.0,7,11.833333333333334,11.833333333333334,0,,,11.833333333333334,2026-09-24 23:30:00.413439+00:00,laboral,16-19,Suficiente,Acceso confiable,286.4123525233333,False,11.833333333333334,P80 histórico de ETA Google por parada
4254,45.383333333333326,349.0,C61,3,31,4,Con transbordo,349 → 354 → 350 → 344,C61 → C68 → C62 → C54,Av. Felipe Carrillo Puerto/Av. Revolución → Obrera → Prol. Tecnológico/Ford Citelis Querétaro,"['4254', '3778', '4118', '4120', '3291', '3002', '3003', '3004', '3005', '3006', '3007', '3008', '3172', '2920', '2921', '2922', '2923', '2924', '2984', '2858', '2859', '3362', '3363', '4256', '2338', '2339', '3294', '2340', '3295', '2341', '3025']","['349', '349', '349', '349', '349', '349', '349', '349', '349', '349', '349', '349', '349', '354', '354', '354', '354', '354', '350', '350', '350', '344', '344', '344', '344', '344', '344', '344', '344', '344']",5.0,Carr. Campo Militar/Benito Juárez,20.59555165485,-100.41985602661,18.6,18.6,7,7.0,2026-09-14 16:47:11.360449+00:00,2026-09-24 23:29:59.928061+00:00,1.0,7,18.6,18.6,0,,,18.6,2026-09-24 23:29:59.928061+00:00,laboral,16-19,Suficiente,Acceso confiable,286.4124873505556,False,18.6,P80 histórico de ETA Google por parada
2891,45.56666666666667,341.0,C51,3,31,4,Con transbordo,341 → 334 → 324 → 344,C51 → C43 → C33 → C54,Cto Moisés Solana/Tomasa Estévez → Vicente Guerrero → Epigmenio González/Departamental Parques,"['2891', '2231', '2232', '2629', '2478', '2308', '2028', '2029', '2030', '2031', '2309', '1919', '1920', '1921', '4241', '2310', '2311', '2312', '2313', '3283', '5197', '4143', '3284', '4256', '2338', '2339', '3294', '2340', '3295', '2341', '3025']","['341', '341', '334', '334', '334', '334', '334', '334', '334', '334', '334', '324', '324', '324', '324', '324', '324', '324', '324', '324', '324', '324', '324', '344', '344', '344', '344', '344', '344', '344']",5.0,Prol. Corregidora Sur/General Lázaro Cárdenas,20.57879211,-100.386182,25.733333333333334,28.933333333333337,7,7.0,2026-09-14 16:47:11.840367+00:00,2026-09-24 23:30:00.413439+00:00,1.0,7,25.733333333333334,28.933333333333337,0,,,28.933333333333337,2026-09-24 23:30:00.413439+00:00,laboral,16-19,Suficiente,Acceso confiable,286.4123525233333,False,28.933333333333337,P80 histórico de ETA Google por parada
2316,45.65,375.0,T07,3,29,4,Con transbordo,375 → 371 → 350 → 344,T07 → T03 → C62 → C54,Río Tuxpan → Av. Tláloc/Av. Pie de la Cuesta → Av. Cerro Sombrerete/Av. Playa Roqueta,"['2316', '5200', '2317', '3292', '2318', '3293', '2319', '2320', '2321', '2221', '2222', '2223', '2224', '2861', '2862', '2886', '2887', '2888', '2889', '3362', '3363', '4256', '2338', '2339', '3294', '2340', '3295', '2341', '3025']","['375', '375', '375', '375', '375', '375', '375', '375', '375', '371', '371', '371', '371', '350', '350', '350', '350', '350', '344', '344', '344', '344', '344', '344', '344', '344', '344', '344']",5.0,Calle Nicolás Bravo/Calle Segunda de Las Rosas,20.59813919,-100.3985727,7.916666666666667,7.916666666666667,9,9.0,2026-09-14 16:47:12.379539+00:00,2026-09-28 04:40:14.595531+00:00,1.0,8,7.916666666666667,7.916666666666667,1,7.916666666666667,7.916666666666667,7.916666666666667,2026-09-28 04:40:14.595531+00:00,fin_de_semana,19-23,Suficiente,Acceso confiable,209.24174638666665,False,7.916666666666667,P80 histórico de ETA Google por parada
5149,45.68333333333333,342.0,C52,3,33,4,Con transbordo,342 → 97 → 324 → 344,C52 → C22 → C33 → C54,Av. Corregidora Norte/Av. Universidad → Avenida Ignacio Zaragoza/Comercial Mexicana → Epigmenio González/Departamental Parques,"['5149', '3494', '2317', '3292', '3495', '3496', '3497', '5150', '2064', '2393', '2394', '2342', '2343', '2344', '2345', '1921', '4241', '2310', '2311', '2312', '2313', '3283', '5197', '4143', '3284', '4256', '2338', '2339', '3294', '2340', '3295', '2341', '3025']","['342', '342', '342', '342', '342', '342', '342', '342', '97', '97', '97', '97', '97', '97', '97', '324', '324', '324', '324', '324', '324', '324', '324', '324', '324', '344', '344', '344', '344', '344', '344', '344']",5.0,Av. San Roque/Umf 10 Imss,20.60371661363,-100.40473031071,13.683333333333334,13.683333333333334,7,7.0,2026-09-14 16:47:11.840367+00:00,2026-09-24 23:30:00.413439+00:00,1.0,7,13.683333333333334,13.683333333333334,0,,,13.683333333333334,2026-09-24 23:30:00.413439+00:00,laboral,16-19,Suficiente,Acceso confiable,286.4123525233333,False,13.683333333333334,P80 histórico de ETA Google por parada
2027,46.45,341.0,C51,3,32,4,Con transbordo,341 → 334 → 324 → 344,C51 → C43 → C33 → C54,Cto Moisés Solana/Tomasa Estévez → Vicente Guerrero → Epigmenio González/Departamental Parques,"['2027', '2891', '2231', '2232', '2629', '2478', '2308', '2028', '2029', '2030', '2031', '2309', '1919', '1920', '1921', '4241', '2310', '2311', '2312', '2313', '3283', '5197', '4143', '3284', '4256', '2338', '2339', '3294', '2340', '3295', '2341', '3025']","['341', '341', '341', '334', '334', '334', '334', '334', '334', '334', '334', '334', '324', '324', '324', '324', '324', '324', '324', '324', '324', '324', '324', '324', '344', '344', '344', '344', '344', '344', '344']",5.0,Corregidora Sur/Arroyo Seco,20.580918,-100.3869931,23.366666666666667,25.926666666666662,7,7.0,2026-09-14 16:47:12.379539+00:00,2026-09-24 23:30:00.935687+00:00,1.0,7,23.366666666666667,25.926666666666662,0,,,26.566666666666663,2026-09-24 23:30:00.935687+00:00,laboral,16-19,Suficiente,Acceso confiable,286.41220745444446,False,25.926666666666662,P80 histórico de ETA Google por parada
3493,46.48333333333333,342.0,C52,3,34,4,Con transbordo,342 → 97 → 324 → 344,C52 → C22 → C33 → C54,Av. Corregidora Norte/Av. Universidad → Avenida Ignacio Zaragoza/Comercial Mexicana → Epigmenio González/Departamental Parques,"['3493', '5149', '3494', '2317', '3292', '3495', '3496', '3497', '5150', '2064', '2393', '2394', '2342', '2343', '2344', '2345', '1921', '4241', '2310', '2311', '2312', '2313', '3283', '5197', '4143', '3284', '4256', '2338', '2339', '3294', '2340', '3295', '2341', '3025']","['342', '342', '342', '342', '342', '342', '342', '342', '342', '97', '97', '97', '97', '97', '97', '97', '324', '324', '324', '324', '324', '324', '324', '324', '324', '324', '344', '344', '344', '344', '344', '344', '344']",5.0,Av. San Roque/Ejido,20.60405776,-100.4069485,14.233333333333333,14.266666666666667,7,7.0,2026-09-14 16:47:12.379539+00:00,2026-09-24 23:30:00.935687+00:00,1.0,7,14.233333333333333,14.266666666666667,0,,,14.266666666666667,2026-09-24 23:30:00.935687+00:00,laboral,16-19,Suficiente,Acceso confiable,286.41220745444446,False,14.266666666666667,P80 histórico de ETA Google por parada
4125,46.76666666666666,349.0,C61,3,32,4,Con transbordo,349 → 354 → 350 → 344,C61 → C68 → C62 → C54,Av. Felipe Carrillo Puerto/Av. Revolución → Obrera → Prol. Tecnológico/Ford Citelis Querétaro,"['4125', '4254', '3778', '4118', '4120', '3291', '3002', '3003', '3004', '3005', '3006', '3007', '3008', '3172', '2920', '2921', '2922', '2923', '2924', '2984', '2858', '2859', '3362', '3363', '4256', '2338', '2339', '3294', '2340', '3295', '2341', '3025']","['349', '349', '349', '349', '349', '349', '349', '349', '349', '349', '349', '349', '349', '349', '354', '354', '354', '354', '354', '350', '350', '350', '344', '344', '344', '344', '344', '344', '344', '344', '344']",5.0,Carr. Campo Militar/Plaza del Manifiesto Social,20.595313523654,-100.41568324017,15.166666666666666,15.713333333333331,7,7.0,2026-09-14 16:47:11.840367+00:00,2026-09-24 23:30:00.413439+00:00,1.0,7,15.166666666666666,15.713333333333331,0,,,15.166666666666666,2026-09-24 23:30:00.413439+00:00,laboral,16-19,Suficiente,Acceso confiable,286.4123525233333,False,15.713333333333331,P80 histórico de ETA Google por parada
4119,46.999999999999986,350.0,C62,4,29,5,Con transbordo,350 → 349 → 354 → 350 → 344,C62 → C61 → C68 → C62 → C54,Av. Revolución/Tomas Jeferson → Av. Felipe Carrillo Puerto/Av. Revolución → Obrera → Prol. Tecnológico/Ford Citelis Querétaro,"['4119', '4120', '3291', '3002', '3003', '3004', '3005', '3006', '3007', '3008', '3172', '2920', '2921', '2922', '2923', '2924', '2984', '2858', '2859', '3362', '3363', '4256', '2338', '2339', '3294', '2340', '3295', '2341', '3025']","['350', '350', '350', '350', '350', '350', '350', '350', '350', '350', '349', '354', '354', '354', '354', '354', '350', '350', '350', '344', '344', '344', '344', '344', '344', '344', '344', '344']",5.0,Espuelas del Ferrocarril/Motul,20.601616739828,-100.42330556187,24.183333333333337,25.916666666666668,7,7.0,2026-09-14 16:47:10.283593+00:00,2026-09-24 23:29:58.908213+00:00,1.0,7,24.183333333333337,25.916666666666668,0,,,26.05,2026-09-24 23:29:58.908213+00:00,laboral,16-19,Suficiente,Acceso confiable,286.41277064166667,False,25.916666666666668,P80 histórico de ETA Google por parada
3001,47.36666666666666,342.0,C52,4,28,5,Con transbordo,342 → 349 → 354 → 350 → 344,C52 → C61 → C68 → C62 → C54,Av. Revolución/Santa Ana → Av. Felipe Carrillo Puerto/Av. Revolución → Obrera → Prol. Tecnológico/Ford Citelis Querétaro,"['3001', '3291', '3002', '3003', '3004', '3005', '3006', '3007', '3008', '3172', '2920', '2921', '2922', '2923', '2924', '2984', '2858', '2859', '3362', '3363', '4256', '2338', '2339', '3294', '2340', '3295', '2341', '3025']","['342', '349', '349', '349', '349', '349', '349', '349', '349', '349', '354', '354', '354', '354', '354', '350', '350', '350', '344', '344', '344', '344', '344', '344', '344', '344', '344']",5.0,Av. San Diego/Espuela del Ferrocarril,20.60275527,-100.4241242,22.516666666666666,25.130000000000003,7,7.0,2026-09-14 16:47:10.283593+00:00,2026-09-24 23:29:58.908213+00:00,1.0,7,22.516666666666666,25.130000000000003,0,,,25.483333333333334,2026-09-24 23:29:58.908213+00:00,laboral,16-19,Suficiente,Acceso confiable,286.41277064166667,False,25.130000000000003,P80 histórico de ETA Google por parada
2026,47.45,341.0,C51,3,33,4,Con transbordo,341 → 334 → 324 → 344,C51 → C43 → C33 → C54,Cto Moisés Solana/Tomasa Estévez → Vicente Guerrero → Epigmenio González/Departamental Parques,"['2026', '2027', '2891', '2231', '2232', '2629', '2478', '2308', '2028', '2029', '2030', '2031', '2309', '1919', '1920', '1921', '4241', '2310', '2311', '2312', '2313', '3283', '5197', '4143', '3284', '4256', '2338', '2339', '3294', '2340', '3295', '2341', '3025']","['341', '341', '341', '341', '334', '334', '334', '334', '334', '334', '334', '334', '334', '324', '324', '324', '324', '324', '324', '324', '324', '324', '324', '324', '324', '344', '344', '344', '344', '344', '344', '344']",5.0,Prol Corregidora Sur/Wenceslao Sanchez de la Barquera,20.583300873265,-100.38789420252,25.533333333333335,28.3,7,7.0,2026-09-14 16:47:12.379539+00:00,2026-09-24 23:30:00.935687+00:00,1.0,7,25.533333333333335,28.3,0,,,28.3,2026-09-24 23:30:00.935687+00:00,laboral,16-19,Suficiente,Acceso confiable,286.41220745444446,False,28.3,P80 histórico de ETA Google por parada
2864,47.65,336.0,C46,3,33,4,Con transbordo,336 → 334 → 371 → 344,C46 → C43 → T03 → C54,Monte Sacro → Cobaq → Av. Cerro Sombrerete/J. Elías Piña,"['2864', '2865', '2866', '2867', '2868', '2869', '2072', '2070', '2162', '2163', '2186', '2187', '2071', '2880', '2881', '2882', '2883', '2884', '2885', '2886', '2887', '2888', '2889', '3362', '3363', '4256', '2338', '2339', '3294', '2340', '3295', '2341', '3025']","['336', '336', '336', '336', '336', '336', '336', '336', '336', '334', '334', '371', '371', '371', '371', '371', '371', '371', '371', '344', '344', '344', '344', '344', '344', '344', '344', '344', '344', '344', '344', '344']",5.0,Av. Cerro Sombrerete/Lucero,20.63016672,-100.4129712,24.45,24.45,7,7.0,2026-09-14 16:47:12.918101+00:00,2026-09-24 23:30:01.442571+00:00,1.0,7,24.45,24.45,0,,,24.45,2026-09-24 23:30:01.442571+00:00,laboral,16-19,Suficiente,Acceso confiable,286.41206665333334,False,24.45,P80 histórico de ETA Google por parada
2863,48.233333333333334,336.0,C46,3,34,4,Con transbordo,336 → 334 → 371 → 344,C46 → C43 → T03 → C54,Monte Sacro → Cobaq → Av. Cerro Sombrerete/J. Elías Piña,"['2863', '2864', '2865', '2866', '2867', '2868', '2869', '2072', '2070', '2162', '2163', '2186', '2187', '2071', '2880', '2881', '2882', '2883', '2884', '2885', '2886', '2887', '2888', '2889', '3362', '3363', '4256', '2338', '2339', '3294', '2340', '3295', '2341', '3025']","['336', '336', '336', '336', '336', '336', '336', '336', '336', '336', '334', '334', '371', '371', '371', '371', '371', '371', '371', '371', '344', '344', '344', '344', '344', '344', '344', '344', '344', '344', '344', '344', '344']",5.0,Av. Cerro Sombrerete/Calle Quetzalcóatl Oriente,20.628256282672,-100.41266051656,21.733333333333334,21.733333333333334,7,7.0,2026-09-14 16:47:12.918101+00:00,2026-09-24 23:30:01.442571+00:00,1.0,7,21.733333333333334,21.733333333333334,0,,,21.733333333333334,2026-09-24 23:30:01.442571+00:00,laboral,16-19,Suficiente,Acceso confiable,286.41206665333334,False,21.733333333333334,P80 histórico de ETA Google por parada
2025,48.38333333333333,341.0,C51,3,34,4,Con transbordo,341 → 334 → 324 → 344,C51 → C43 → C33 → C54,Cto Moisés Solana/Tomasa Estévez → Vicente Guerrero → Epigmenio González/Departamental Parques,"['2025', '2026', '2027', '2891', '2231', '2232', '2629', '2478', '2308', '2028', '2029', '2030', '2031', '2309', '1919', '1920', '1921', '4241', '2310', '2311', '2312', '2313', '3283', '5197', '4143', '3284', '4256', '2338', '2339', '3294', '2340', '3295', '2341', '3025']","['341', '341', '341', '341', '341', '334', '334', '334', '334', '334', '334', '334', '334', '334', '324', '324', '324', '324', '324', '324', '324', '324', '324', '324', '324', '324', '344', '344', '344', '344', '344', '344', '344']",5.0,Corregidora Sur/Zacarías Oñate,20.585528146045,-100.38874821756,24.733333333333334,25.15,7,7.0,2026-09-14 16:47:12.918101+00:00,2026-09-24 23:30:01.442571+00:00,1.0,7,24.733333333333334,25.15,0,,,25.15,2026-09-24 23:30:01.442571+00:00,laboral,16-19,Suficiente,Acceso confiable,286.41206665333334,False,25.15,P80 histórico de ETA Google por parada
3000,48.78333333333333,342.0,C52,4,29,5,Con transbordo,342 → 349 → 354 → 350 → 344,C52 → C61 → C68 → C62 → C54,Av. Revolución/Santa Ana → Av. Felipe Carrillo Puerto/Av. Revolución → Obrera → Prol. Tecnológico/Ford Citelis Querétaro,"['3000', '3001', '3291', '3002', '3003', '3004', '3005', '3006', '3007', '3008', '3172', '2920', '2921', '2922', '2923', '2924', '2984', '2858', '2859', '3362', '3363', '4256', '2338', '2339', '3294', '2340', '3295', '2341', '3025']","['342', '342', '349', '349', '349', '349', '349', '349', '349', '349', '349', '354', '354', '354', '354', '354', '350', '350', '350', '344', '344', '344', '344', '344', '344', '344', '344', '344']",5.0,Av. San Diego/Calle San José,20.60305353,-100.4204778,22.2,22.783333333333335,7,7.0,2026-09-14 16:47:11.360449+00:00,2026-09-24 23:29:59.928061+00:00,1.0,7,22.2,22.783333333333335,0,,,22.783333333333335,2026-09-24 23:29:59.928061+00:00,laboral,16-19,Suficiente,Acceso confiable,286.4124873505556,False,22.783333333333335,P80 histórico de ETA Google por parada
2648,49.45000000000001,337.0,C47,4,31,5,Con transbordo,337 → 341 → 334 → 324 → 344,C47 → C51 → C43 → C33 → C54,Cto. Moisés Solana/San Martín → Cto Moisés Solana/Tomasa Estévez → Vicente Guerrero → Epigmenio González/Departamental Parques,"['2648', '2231', '2232', '2629', '2478', '2308', '2028', '2029', '2030', '2031', '2309', '1919', '1920', '1921', '4241', '2310', '2311', '2312', '2313', '3283', '5197', '4143', '3284', '4256', '2338', '2339', '3294', '2340', '3295', '2341', '3025']","['337', '341', '334', '334', '334', '334', '334', '334', '334', '334', '334', '324', '324', '324', '324', '324', '324', '324', '324', '324', '324', '324', '324', '344', '344', '344', '344', '344', '344', '344']",5.0,Av. Luis Vega Monrroy/Prol. Corregidora Sur,20.575723,-100.384261,24.3,27.933333333333337,7,7.0,2026-09-14 16:47:11.360449+00:00,2026-09-24 23:29:59.928061+00:00,1.0,7,24.3,27.933333333333337,0,,,27.933333333333337,2026-09-24 23:29:59.928061+00:00,laboral,16-19,Suficiente,Acceso confiable,286.4124873505556,False,27.933333333333337,P80 histórico de ETA Google por parada
2603,49.74999999999999,332.0,C41,4,26,5,Con transbordo,332 → 376 → 338 → 324 → 344,C41 → T08 → C48 → C33 → C54,Zaragoza → Ignacio Zaragoza/Imss → Av. Tecnológico/Itq → Epigmenio González/Departamental Parques,"['2603', '2289', '3024', '3316', '3394', '2265', '5229', '2978', '2201', '4241', '2310', '2311', '2312', '2313', '3283', '5197', '4143', '3284', '4256', '2338', '2339', '3294', '2340', '3295', '2341', '3025']","['332', '332', '332', '332', '332', '332', '332', '376', '338', '338', '338', '338', '338', '324', '324', '324', '324', '324', '344', '344', '344', '344', '344', '344', '344']",5.0,Calle 25/Av. 4,20.57346884,-100.3937327,27.05,27.05,7,7.0,2026-09-14 16:47:11.360449+00:00,2026-09-24 23:29:59.928061+00:00,1.0,7,27.05,27.05,0,,,27.05,2026-09-24 23:29:59.928061+00:00,laboral,16-19,Suficiente,Acceso confiable,286.4124873505556,False,27.05,P80 histórico de ETA Google por parada
3860,49.98333333333334,335.0,C44,3,35,4,Con transbordo,335 → 97 → 324 → 344,C44 → C22 → C33 → C54,Av. Corregidora Norte/Av. Universidad → Avenida Ignacio Zaragoza/Comercial Mexicana → Epigmenio González/Departamental Parques,"['3860', '3493', '5149', '3494', '2317', '3292', '3495', '3496', '3497', '5150', '2064', '2393', '2394', '2342', '2343', '2344', '2345', '1921', '4241', '2310', '2311', '2312', '2313', '3283', '5197', '4143', '3284', '4256', '2338', '2339', '3294', '2340', '3295', '2341', '3025']","['335', '335', '335', '335', '335', '335', '335', '335', '335', '335', '97', '97', '97', '97', '97', '97', '97', '324', '324', '324', '324', '324', '324', '324', '324', '324', '324', '344', '344', '344', '344', '344', '344', '344']",5.0,Calle Camino Real/Epigmenio González,20.606030991365,-100.40909767269,16.183333333333334,17.533333333333335,7,7.0,2026-09-14 16:47:12.918101+00:00,2026-09-24 23:30:01.442571+00:00,1.0,7,16.183333333333334,17.533333333333335,0,,,15.883333333333333,2026-09-24 23:30:01.442571+00:00,laboral,16-19,Suficiente,Acceso confiable,286.41206665333334,False,17.533333333333335,P80 histórico de ETA Google por parada
1307,50.16666666666668,90.0,L51,5,27,6,Con transbordo,90 → 370 → 90 → 97 → 324 → 344,L51 → T02 → L51 → C22 → C33 → C54,Tejeda → Tejeda → Constitución de 1917 → Av. Tecnológico/Itq → Epigmenio González/Departamental Parques,"['1307', '1308', '1309', '1304', '1305', '1306', '1432', '1433', '1434', '3297', '4241', '2310', '2311', '2312', '2313', '3283', '5197', '4143', '3284', '4256', '2338', '2339', '3294', '2340', '3295', '2341', '3025']","['90', '90', '370', '90', '90', '90', '90', '90', '97', '97', '97', '97', '97', '97', '324', '324', '324', '324', '324', '344', '344', '344', '344', '344', '344', '344']",5.0,El Pocito,20.562105888997,-100.4147920882,29.783333333333335,29.783333333333335,7,7.0,2026-09-14 16:47:10.781852+00:00,2026-09-24 23:29:59.435170+00:00,1.0,7,29.783333333333335,29.783333333333335,0,,,29.783333333333335,2026-09-24 23:29:59.435170+00:00,laboral,16-19,Suficiente,Acceso confiable,286.41262426472224,False,29.783333333333335,P80 histórico de ETA Google por parada
3776,50.83333333333332,342.0,C52,4,30,5,Con transbordo,342 → 349 → 354 → 350 → 344,C52 → C61 → C68 → C62 → C54,Av. Revolución/Santa Ana → Av. Felipe Carrillo Puerto/Av. Revolución → Obrera → Prol. Tecnológico/Ford Citelis Querétaro,"['3776', '3000', '3001', '3291', '3002', '3003', '3004', '3005', '3006', '3007', '3008', '3172', '2920', '2921', '2922', '2923', '2924', '2984', '2858', '2859', '3362', '3363', '4256', '2338', '2339', '3294', '2340', '3295', '2341', '3025']","['342', '342', '342', '349', '349', '349', '349', '349', '349', '349', '349', '349', '354', '354', '354', '354', '354', '350', '350', '350', '344', '344', '344', '344', '344', '344', '344', '344', '344']",5.0,Epigmenio González/Paseo 5 de Febrero,20.604583378002,-100.4154553233,17.583333333333332,17.583333333333332,7,7.0,2026-09-14 16:47:11.840367+00:00,2026-09-24 23:30:00.413439+00:00,1.0,7,17.583333333333332,17.583333333333332,0,,,17.583333333333332,2026-09-24 23:30:00.413439+00:00,laboral,16-19,Suficiente,Acceso confiable,286.4123525233333,False,17.583333333333332,P80 histórico de ETA Google por parada
3680,50.98333333333334,90.0,L51,5,29,6,Con transbordo,90 → 370 → 90 → 97 → 324 → 344,L51 → T02 → L51 → C22 → C33 → C54,Tejeda → Tejeda → Constitución de 1917 → Av. Tecnológico/Itq → Epigmenio González/Departamental Parques,"['3680', '3681', '1307', '1308', '1309', '1304', '1305', '1306', '1432', '1433', '1434', '3297', '4241', '2310', '2311', '2312', '2313', '3283', '5197', '4143', '3284', '4256', '2338', '2339', '3294', '2340', '3295', '2341', '3025']","['90', '90', '90', '90', '370', '90', '90', '90', '90', '90', '97', '97', '97', '97', '97', '97', '324', '324', '324', '324', '324', '344', '344', '344', '344', '344', '344', '344']",5.0,Av. Paseo Constituyentes/Hacienda Escolásticas,20.567096900432,-100.41069310987,29.783333333333335,29.783333333333335,7,7.0,2026-09-14 16:47:10.781852+00:00,2026-09-24 23:29:59.435170+00:00,1.0,7,29.783333333333335,29.783333333333335,0,,,29.783333333333335,2026-09-24 23:29:59.435170+00:00,laboral,16-19,Suficiente,Acceso confiable,286.41262426472224,False,29.783333333333335,P80 histórico de ETA Google por parada
3775,51.499999999999986,342.0,C52,4,31,5,Con transbordo,342 → 349 → 354 → 350 → 344,C52 → C61 → C68 → C62 → C54,Av. Revolución/Santa Ana → Av. Felipe Carrillo Puerto/Av. Revolución → Obrera → Prol. Tecnológico/Ford Citelis Querétaro,"['3775', '3776', '3000', '3001', '3291', '3002', '3003', '3004', '3005', '3006', '3007', '3008', '3172', '2920', '2921', '2922', '2923', '2924', '2984', '2858', '2859', '3362', '3363', '4256', '2338', '2339', '3294', '2340', '3295', '2341', '3025']","['342', '342', '342', '342', '349', '349', '349', '349', '349', '349', '349', '349', '349', '354', '354', '354', '354', '354', '350', '350', '350', '344', '344', '344', '344', '344', '344', '344', '344', '344']",5.0,Epigmenio González/Acceso I,20.604700750732,-100.41375194911,18.766666666666666,19.206666666666667,7,7.0,2026-09-14 16:47:12.379539+00:00,2026-09-24 23:30:00.935687+00:00,1.0,7,18.766666666666666,19.206666666666667,0,,,18.766666666666666,2026-09-24 23:30:00.935687+00:00,laboral,16-19,Suficiente,Acceso confiable,286.41220745444446,False,19.206666666666667,P80 histórico de ETA Google por parada
3498,51.54999999999999,342.0,C52,4,31,5,Con transbordo,342 → 375 → 336 → 324 → 344,C52 → T07 → C46 → C33 → C54,Av. San Roque/Calle Ópalo → Ezequiel Montes/Mariano Escobedo → Avenida Ignacio Zaragoza/Comercial Mexicana → Epigmenio González/Departamental Parques,"['3498', '3260', '3639', '3261', '2673', '3262', '5070', '3263', '5193', '2342', '2343', '2344', '2345', '1921', '4241', '2310', '2311', '2312', '2313', '3283', '5197', '4143', '3284', '4256', '2338', '2339', '3294', '2340', '3295', '2341', '3025']","['342', '342', '342', '375', '375', '375', '375', '375', '375', '336', '336', '336', '336', '324', '324', '324', '324', '324', '324', '324', '324', '324', '324', '344', '344', '344', '344', '344', '344', '344']",5.0,Av. San Roque/Diamante,20.60391362,-100.3966958,13.316666666666666,13.316666666666666,7,7.0,2026-09-14 16:47:12.379539+00:00,2026-09-24 23:30:00.935687+00:00,1.0,7,13.316666666666666,13.316666666666666,0,,,13.316666666666666,2026-09-24 23:30:00.935687+00:00,laboral,16-19,Suficiente,Acceso confiable,286.41220745444446,False,13.316666666666666,P80 histórico de ETA Google por parada
3396,52.133333333333326,342.0,C52,4,32,5,Con transbordo,342 → 375 → 336 → 324 → 344,C52 → T07 → C46 → C33 → C54,Av. San Roque/Calle Ópalo → Ezequiel Montes/Mariano Escobedo → Avenida Ignacio Zaragoza/Comercial Mexicana → Epigmenio González/Departamental Parques,"['3396', '3498', '3260', '3639', '3261', '2673', '3262', '5070', '3263', '5193', '2342', '2343', '2344', '2345', '1921', '4241', '2310', '2311', '2312', '2313', '3283', '5197', '4143', '3284', '4256', '2338', '2339', '3294', '2340', '3295', '2341', '3025']","['342', '342', '342', '342', '375', '375', '375', '375', '375', '375', '336', '336', '336', '336', '324', '324', '324', '324', '324', '324', '324', '324', '324', '324', '344', '344', '344', '344', '344', '344', '344']",5.0,Av. San Roque/Calle Invierno,20.603457564389,-100.39530304042,15.083333333333334,15.083333333333334,7,7.0,2026-09-14 16:47:12.918101+00:00,2026-09-24 23:30:01.442571+00:00,1.0,7,15.083333333333334,15.083333333333334,0,,,15.083333333333334,2026-09-24 23:30:01.442571+00:00,laboral,16-19,Suficiente,Acceso confiable,286.41206665333334,False,15.083333333333334,P80 histórico de ETA Google por parada
3774,52.43333333333331,342.0,C52,4,32,5,Con transbordo,342 → 349 → 354 → 350 → 344,C52 → C61 → C68 → C62 → C54,Av. Revolución/Santa Ana → Av. Felipe Carrillo Puerto/Av. Revolución → Obrera → Prol. Tecnológico/Ford Citelis Querétaro,"['3774', '3775', '3776', '3000', '3001', '3291', '3002', '3003', '3004', '3005', '3006', '3007', '3008', '3172', '2920', '2921', '2922', '2923', '2924', '2984', '2858', '2859', '3362', '3363', '4256', '2338', '2339', '3294', '2340', '3295', '2341', '3025']","['342', '342', '342', '342', '342', '349', '349', '349', '349', '349', '349', '349', '349', '349', '354', '354', '354', '354', '354', '350', '350', '350', '344', '344', '344', '344', '344', '344', '344', '344', '344']",5.0,Epigmenio González/Global Emergency Querétaro,20.604833690216,-100.41136907794,17.733333333333334,19.986666666666668,7,7.0,2026-09-14 16:47:12.918101+00:00,2026-09-24 23:30:01.442571+00:00,1.0,7,17.733333333333334,19.986666666666668,0,,,17.733333333333334,2026-09-24 23:30:01.442571+00:00,laboral,16-19,Suficiente,Acceso confiable,286.41206665333334,False,19.986666666666668,P80 histórico de ETA Google por parada
3395,52.51666666666666,342.0,C52,4,33,5,Con transbordo,342 → 375 → 336 → 324 → 344,C52 → T07 → C46 → C33 → C54,Av. San Roque/Calle Ópalo → Ezequiel Montes/Mariano Escobedo → Avenida Ignacio Zaragoza/Comercial Mexicana → Epigmenio González/Departamental Parques,"['3395', '3396', '3498', '3260', '3639', '3261', '2673', '3262', '5070', '3263', '5193', '2342', '2343', '2344', '2345', '1921', '4241', '2310', '2311', '2312', '2313', '3283', '5197', '4143', '3284', '4256', '2338', '2339', '3294', '2340', '3295', '2341', '3025']","['342', '342', '342', '342', '342', '375', '375', '375', '375', '375', '375', '336', '336', '336', '336', '324', '324', '324', '324', '324', '324', '324', '324', '324', '324', '344', '344', '344', '344', '344', '344', '344']",5.0,Juan Álvarez/Calle Rivapalacio,20.603305182831,-100.39434696368,15.55,15.55,7,7.0,2026-09-14 16:47:12.918101+00:00,2026-09-24 23:30:01.442571+00:00,1.0,7,15.55,15.55,0,,,15.55,2026-09-24 23:30:01.442571+00:00,laboral,16-19,Suficiente,Acceso confiable,286.41206665333334,False,15.55,P80 histórico de ETA Google por parada
3499,53.116666666666646,342.0,C52,4,33,5,Con transbordo,342 → 349 → 354 → 350 → 344,C52 → C61 → C68 → C62 → C54,Av. Revolución/Santa Ana → Av. Felipe Carrillo Puerto/Av. Revolución → Obrera → Prol. Tecnológico/Ford Citelis Querétaro,"['3499', '3774', '3775', '3776', '3000', '3001', '3291', '3002', '3003', '3004', '3005', '3006', '3007', '3008', '3172', '2920', '2921', '2922', '2923', '2924', '2984', '2858', '2859', '3362', '3363', '4256', '2338', '2339', '3294', '2340', '3295', '2341', '3025']","['342', '342', '342', '342', '342', '342', '349', '349', '349', '349', '349', '349', '349', '349', '349', '354', '354', '354', '354', '354', '350', '350', '350', '344', '344', '344', '344', '344', '344', '344', '344', '344']",5.0,Epigmenio González/Ramiro de Maeztu,20.60530784,-100.4097103,14.766666666666667,15.06,7,7.0,2026-09-14 16:47:12.918101+00:00,2026-09-24 23:30:01.442571+00:00,1.0,7,14.766666666666667,15.06,0,,,14.766666666666667,2026-09-24 23:30:01.442571+00:00,laboral,16-19,Suficiente,Acceso confiable,286.41206665333334,False,15.06,P80 histórico de ETA Google por parada
5148,53.616666666666646,342.0,C52,4,34,5,Con transbordo,342 → 349 → 354 → 350 → 344,C52 → C61 → C68 → C62 → C54,Av. Revolución/Santa Ana → Av. Felipe Carrillo Puerto/Av. Revolución → Obrera → Prol. Tecnológico/Ford Citelis Querétaro,"['5148', '3499', '3774', '3775', '3776', '3000', '3001', '3291', '3002', '3003', '3004', '3005', '3006', '3007', '3008', '3172', '2920', '2921', '2922', '2923', '2924', '2984', '2858', '2859', '3362', '3363', '4256', '2338', '2339', '3294', '2340', '3295', '2341', '3025']","['342', '342', '342', '342', '342', '342', '342', '349', '349', '349', '349', '349', '349', '349', '349', '349', '354', '354', '354', '354', '354', '350', '350', '350', '344', '344', '344', '344', '344', '344', '344', '344', '344']",5.0,Av. San Roque/Epigmenio González,20.60558920568,-100.40847394205,14.6,17.243333333333336,7,7.0,2026-09-14 16:47:13.422871+00:00,2026-09-24 23:30:01.951752+00:00,1.0,7,14.6,17.243333333333336,0,,,14.6,2026-09-24 23:30:01.951752+00:00,laboral,16-19,Suficiente,Acceso confiable,286.4119252141667,False,17.243333333333336,P80 histórico de ETA Google por parada
