stop_id,tiempo_red_min,route_id_principal,route_short_name,num_transbordos,num_paradas_camino,num_rutas_camino,tipo_conexion,itinerario_route_ids,itinerario_rutas,paradas_transbordo,camino_stop_ids,rutas_por_segmento,penalizacion_transbordo_config_min,stop_name,stop_lat,stop_lon
ESTACION_CORREGIDORA_SUR,0.0,,,0,1,0,Destino,,,,"[""ESTACION_CORREGIDORA_SUR""]",[],5.0,Estación Corregidora (acceso sur),20.600611,-100.402184
3025,3.9025,CAMINATA,Caminata,0,2,0,Solo caminata,,,,"[""3025"", ""ESTACION_CORREGIDORA_SUR""]","[""CAMINATA""]",5.0,Estío/Calle Dr. Manuel Domínguez,20.599573,-100.400492
5200,5.64375,CAMINATA,Caminata,0,2,0,Solo caminata,,,,"[""5200"", ""ESTACION_CORREGIDORA_SUR""]","[""CAMINATA""]",5.0,Calle Nicolás Bravo/Calle Primavera,20.599984539434,-100.39884877864
2316,6.29375,345,C55,0,3,1,Directa,345,C55,,"[""2316"", ""5200"", ""ESTACION_CORREGIDORA_SUR""]","[""345"", ""CAMINATA""]",5.0,Calle Nicolás Bravo/Calle Segunda de Las Rosas,20.59813919,-100.3985727
5194,6.760416666666667,345,C55,0,4,1,Directa,345,C55,,"[""5194"", ""2316"", ""5200"", ""ESTACION_CORREGIDORA_SUR""]","[""345"", ""345"", ""CAMINATA""]",5.0,Av. Universidad/Calle Rafael Osuna,20.596931215598,-100.39921999251
2394,6.777083333333334,344,C54,0,4,1,Directa,344,C54,,"[""2394"", ""2316"", ""5200"", ""ESTACION_CORREGIDORA_SUR""]","[""344"", ""344"", ""CAMINATA""]",5.0,Av. Universidad/Calle Nicolás Bravo,20.59797668,-100.3982517
2315,7.227083333333334,345,C55,0,5,1,Directa,345,C55,,"[""2315"", ""5194"", ""2316"", ""5200"", ""ESTACION_CORREGIDORA_SUR""]","[""345"", ""345"", ""345"", ""CAMINATA""]",5.0,Av. Universidad/San Andrés,20.59623573,-100.400419
3263,7.3225,CAMINATA,Caminata,0,2,0,Solo caminata,,,,"[""3263"", ""ESTACION_CORREGIDORA_SUR""]","[""CAMINATA""]",5.0,San Agustín del Retablo/Salvador Galván,20.59716437,-100.4026996
5193,7.5375,CAMINATA,Caminata,0,2,0,Solo caminata,,,,"[""5193"", ""ESTACION_CORREGIDORA_SUR""]","[""CAMINATA""]",5.0,San Agustín del Retablo/Estio,20.597155987139,-100.40001379128
2680,7.996250000000001,CAMINATA,Caminata,0,2,0,Solo caminata,,,,"[""2680"", ""ESTACION_CORREGIDORA_SUR""]","[""CAMINATA""]",5.0,Av. Universidad/Calle Ezequiel Montes,20.59689889,-100.4001549
2393,8.010416666666668,344,C54,0,5,1,Directa,344,C54,,"[""2393"", ""2394"", ""2316"", ""5200"", ""ESTACION_CORREGIDORA_SUR""]","[""344"", ""344"", ""344"", ""CAMINATA""]",5.0,Av. Universidad/Calle Emiliano Carranza,20.59820852,-100.395666
5070,8.089166666666667,343,C53,0,3,1,Directa,343,C53,,"[""5070"", ""3263"", ""ESTACION_CORREGIDORA_SUR""]","[""343"", ""CAMINATA""]",5.0,San Agustín del Retablo,20.59737550726,-100.40484280263
2314,8.577083333333334,345,C55,0,6,1,Directa,345,C55,,"[""2314"", ""2315"", ""5194"", ""2316"", ""5200"", ""ESTACION_CORREGIDORA_SUR""]","[""345"", ""345"", ""345"", ""345"", ""CAMINATA""]",5.0,Av. Universidad/Itq,20.59573778,-100.4045384
3262,8.755833333333333,343,C53,0,4,1,Directa,343,C53,,"[""3262"", ""5070"", ""3263"", ""ESTACION_CORREGIDORA_SUR""]","[""343"", ""343"", ""CAMINATA""]",5.0,José Amilcar Vidal/San Agustín del Retablo,20.59778014,-100.4066642
2552,9.127083333333335,344,C54,0,6,1,Directa,344,C54,,"[""2552"", ""2393"", ""2394"", ""2316"", ""5200"", ""ESTACION_CORREGIDORA_SUR""]","[""344"", ""344"", ""344"", ""344"", ""CAMINATA""]",5.0,Av. Universidad/Hospital Sagrado Corazón de Jesús,20.59905128,-100.393487
3224,9.460416666666667,345,C55,0,7,1,Directa,345,C55,,"[""3224"", ""2314"", ""2315"", ""5194"", ""2316"", ""5200"", ""ESTACION_CORREGIDORA_SUR""]","[""345"", ""345"", ""345"", ""345"", ""345"", ""CAMINATA""]",5.0,Río Ayutla/Av. Tecnológico,20.59546946,-100.4072638
2342,9.61875,CAMINATA,Caminata,0,2,0,Solo caminata,,,,"[""2342"", ""ESTACION_CORREGIDORA_SUR""]","[""CAMINATA""]",5.0,Ezequiel Montes/Mariano Escobedo,20.59558055,-100.3993576
3726,10.360416666666667,345,C55,0,8,1,Directa,345,C55,,"[""3726"", ""3224"", ""2314"", ""2315"", ""5194"", ""2316"", ""5200"", ""ESTACION_CORREGIDORA_SUR""]","[""345"", ""345"", ""345"", ""345"", ""345"", ""345"", ""CAMINATA""]",5.0,Río Ayutla/Calle la Piedad,20.59611074,-100.409955
2064,10.669166666666667,319,C24,0,4,1,Directa,319,C24,,"[""2064"", ""2393"", ""2394"", ""ESTACION_CORREGIDORA_SUR""]","[""319"", ""319"", ""CAMINATA""]",5.0,Av. Corregidora Norte/Av. Universidad,20.599336576579,-100.39392597365
3223,10.777083333333334,345,C55,0,9,1,Directa,345,C55,,"[""3223"", ""3726"", ""3224"", ""2314"", ""2315"", ""5194"", ""2316"", ""5200"", ""ESTACION_CORREGIDORA_SUR""]","[""345"", ""345"", ""345"", ""345"", ""345"", ""345"", ""345"", ""CAMINATA""]",5.0,Río Ayutla/Calle la Piedad,20.59602873,-100.4112172
2313,10.865,319,C24,0,5,1,Directa,319,C24,,"[""2313"", ""2314"", ""2315"", ""5194"", ""ESTACION_CORREGIDORA_SUR""]","[""319"", ""319"", ""319"", ""CAMINATA""]",5.0,Av. Tecnológico/Itq,20.59517201,-100.4067738
2956,10.89375,344,C54,0,7,1,Directa,344,C54,,"[""2956"", ""2552"", ""2393"", ""2394"", ""2316"", ""5200"", ""ESTACION_CORREGIDORA_SUR""]","[""344"", ""344"", ""344"", ""344"", ""344"", ""CAMINATA""]",5.0,Av. Universidad/Calle Ignacio López Rayón,20.59876706,-100.3897758
2312,11.665000000000001,319,C24,0,6,1,Directa,319,C24,,"[""2312"", ""2313"", ""2314"", ""2315"", ""5194"", ""ESTACION_CORREGIDORA_SUR""]","[""319"", ""319"", ""319"", ""319"", ""CAMINATA""]",5.0,Av. Tecnológico/Calle Mariano Escobedo,20.592562,-100.405659
3222,11.84375,345,C55,0,10,1,Directa,345,C55,,"[""3222"", ""3223"", ""3726"", ""3224"", ""2314"", ""2315"", ""5194"", ""2316"", ""5200"", ""ESTACION_CORREGIDORA_SUR""]","[""345"", ""345"", ""345"", ""345"", ""345"", ""345"", ""345"", ""345"", ""CAMINATA""]",5.0,Río Ayutla/Plaza del Mariachi,20.59518524,-100.4143937
2311,12.231666666666667,319,C24,0,7,1,Directa,319,C24,,"[""2311"", ""2312"", ""2313"", ""2314"", ""2315"", ""5194"", ""ESTACION_CORREGIDORA_SUR""]","[""319"", ""319"", ""319"", ""319"", ""319"", ""CAMINATA""]",5.0,Av Tecnológico/Miguel Hidalgo,20.590732462797,-100.40488505147
2551,12.24625,345,C55,0,7,1,Directa,345,C55,,"[""2551"", ""2956"", ""2552"", ""2393"", ""2394"", ""2680"", ""ESTACION_CORREGIDORA_SUR""]","[""345"", ""345"", ""345"", ""345"", ""345"", ""CAMINATA""]",5.0,Av. Universidad/Universidad Marista,20.60056589,-100.3864768
3237,12.34375,345,C55,0,11,1,Directa,345,C55,,"[""3237"", ""3222"", ""3223"", ""3726"", ""3224"", ""2314"", ""2315"", ""5194"", ""2316"", ""5200"", ""ESTACION_CORREGIDORA_SUR""]","[""345"", ""345"", ""345"", ""345"", ""345"", ""345"", ""345"", ""345"", ""345"", ""CAMINATA""]",5.0,Carr. Al Campo Militar/Paseo 5 de Febrero,20.595094188005,-100.41592969344
3572,12.835416666666667,333,C42,0,7,1,Directa,333,C42,,"[""3572"", ""2311"", ""2312"", ""2313"", ""2314"", ""2315"", ""ESTACION_CORREGIDORA_SUR""]","[""333"", ""333"", ""333"", ""333"", ""333"", ""CAMINATA""]",5.0,Hidalgo/Av. Tecnológico,20.59018432,-100.4055537
2550,13.04625,345,C55,0,8,1,Directa,345,C55,,"[""2550"", ""2551"", ""2956"", ""2552"", ""2393"", ""2394"", ""2680"", ""ESTACION_CORREGIDORA_SUR""]","[""345"", ""345"", ""345"", ""345"", ""345"", ""345"", ""CAMINATA""]",5.0,Av. Universidad/Escuela Normal,20.60142299,-100.3838546
2310,13.248333333333335,319,C24,0,8,1,Directa,319,C24,,"[""2310"", ""2311"", ""2312"", ""2313"", ""2314"", ""2315"", ""5194"", ""ESTACION_CORREGIDORA_SUR""]","[""319"", ""319"", ""319"", ""319"", ""319"", ""319"", ""CAMINATA""]",5.0,Av. Tecnológico/José María Pino Suarez,20.587451669693,-100.40336165095
4253,13.360416666666666,345,C55,0,12,1,Directa,345,C55,,"[""4253"", ""3237"", ""3222"", ""3223"", ""3726"", ""3224"", ""2314"", ""2315"", ""5194"", ""2316"", ""5200"", ""ESTACION_CORREGIDORA_SUR""]","[""345"", ""345"", ""345"", ""345"", ""345"", ""345"", ""345"", ""345"", ""345"", ""345"", ""CAMINATA""]",5.0,Carr. Campo Militar/Querétaro Park Iii,20.594869630356,-100.41906071024
4241,13.748333333333335,319,C24,0,9,1,Directa,319,C24,,"[""4241"", ""2310"", ""2311"", ""2312"", ""2313"", ""2314"", ""2315"", ""5194"", ""ESTACION_CORREGIDORA_SUR""]","[""319"", ""319"", ""319"", ""319"", ""319"", ""319"", ""319"", ""CAMINATA""]",5.0,Av. Tecnológico/José María Arteaga,20.585878216212,-100.40264045185
3571,13.785416666666666,333,C42,0,8,1,Directa,333,C42,,"[""3571"", ""3572"", ""2311"", ""2312"", ""2313"", ""2314"", ""2315"", ""ESTACION_CORREGIDORA_SUR""]","[""333"", ""333"", ""333"", ""333"", ""333"", ""333"", ""CAMINATA""]",5.0,Hidalgo/Monumento A Los Niños Héroes de Chapultepec,20.58926442,-100.4086763
2981,13.852083333333333,355,C69,0,8,1,Directa,355,C69,,"[""2981"", ""3222"", ""3223"", ""3726"", ""3224"", ""2314"", ""2315"", ""ESTACION_CORREGIDORA_SUR""]","[""355"", ""355"", ""355"", ""355"", ""355"", ""355"", ""CAMINATA""]",5.0,Río Querétaro,20.59583114,-100.4151744
2955,14.012916666666666,349,C61,0,8,1,Directa,349,C61,,"[""2955"", ""2551"", ""2956"", ""2552"", ""2393"", ""2394"", ""2680"", ""ESTACION_CORREGIDORA_SUR""]","[""349"", ""349"", ""349"", ""349"", ""349"", ""349"", ""CAMINATA""]",5.0,Calle 15 de Mayo/Calle Damián Carmona,20.59791629,-100.3846781
1921,14.215000000000002,319,C24,0,10,1,Directa,319,C24,,"[""1921"", ""4241"", ""2310"", ""2311"", ""2312"", ""2313"", ""2314"", ""2315"", ""5194"", ""ESTACION_CORREGIDORA_SUR""]","[""319"", ""319"", ""319"", ""319"", ""319"", ""319"", ""319"", ""319"", ""CAMINATA""]",5.0,Avenida Ignacio Zaragoza/Comercial Mexicana,20.5853,-100.401
3570,14.485416666666666,333,C42,0,9,1,Directa,333,C42,,"[""3570"", ""3571"", ""3572"", ""2311"", ""2312"", ""2313"", ""2314"", ""2315"", ""ESTACION_CORREGIDORA_SUR""]","[""333"", ""333"", ""333"", ""333"", ""333"", ""333"", ""333"", ""CAMINATA""]",5.0,Calle Francisco Márquez/Calle Juan Escutia,20.5870714,-100.40915
3282,14.54375,345,C55,0,13,1,Directa,345,C55,,"[""3282"", ""4253"", ""3237"", ""3222"", ""3223"", ""3726"", ""3224"", ""2314"", ""2315"", ""5194"", ""2316"", ""5200"", ""ESTACION_CORREGIDORA_SUR""]","[""345"", ""345"", ""345"", ""345"", ""345"", ""345"", ""345"", ""345"", ""345"", ""345"", ""345"", ""CAMINATA""]",5.0,Benito Juárez/Uo Querétaro,20.59813916795,-100.42021550797
2558,14.59625,349,C61,0,9,1,Directa,349,C61,,"[""2558"", ""2955"", ""2551"", ""2956"", ""2552"", ""2393"", ""2394"", ""2680"", ""ESTACION_CORREGIDORA_SUR""]","[""349"", ""349"", ""349"", ""349"", ""349"", ""349"", ""349"", ""CAMINATA""]",5.0,Manuel Gutiérrez Nájera/Waldos,20.597879647899,-100.38642251324
2964,15.162916666666668,345,C55,0,9,1,Directa,345,C55,,"[""2964"", ""2550"", ""2551"", ""2956"", ""2552"", ""2393"", ""2394"", ""2680"", ""ESTACION_CORREGIDORA_SUR""]","[""345"", ""345"", ""345"", ""345"", ""345"", ""345"", ""345"", ""CAMINATA""]",5.0,Blvd. Bernardo Quintana/Av. Universidad,20.60125358,-100.376461
2557,15.34625,349,C61,0,10,1,Directa,349,C61,,"[""2557"", ""2558"", ""2955"", ""2551"", ""2956"", ""2552"", ""2393"", ""2394"", ""2680"", ""ESTACION_CORREGIDORA_SUR""]","[""349"", ""349"", ""349"", ""349"", ""349"", ""349"", ""349"", ""349"", ""CAMINATA""]",5.0,Av. Universidad/Manuel Gutiérrez Nájera,20.59982031,-100.3868995
3682,15.602083333333333,355,C69,0,9,1,Directa,355,C69,,"[""3682"", ""2981"", ""3222"", ""3223"", ""3726"", ""3224"", ""2314"", ""2315"", ""ESTACION_CORREGIDORA_SUR""]","[""355"", ""355"", ""355"", ""355"", ""355"", ""355"", ""355"", ""CAMINATA""]",5.0,Río Ayutla/Calle la Piedad,20.59650277,-100.4087533
1920,15.615000000000002,319,C24,0,11,1,Directa,319,C24,,"[""1920"", ""1921"", ""4241"", ""2310"", ""2311"", ""2312"", ""2313"", ""2314"", ""2315"", ""5194"", ""ESTACION_CORREGIDORA_SUR""]","[""319"", ""319"", ""319"", ""319"", ""319"", ""319"", ""319"", ""319"", ""319"", ""CAMINATA""]",5.0,Santa Rosa de Viterbo,20.587017932931,-100.39606674584
3297,15.902083333333332,97,C22,0,9,1,Directa,97,C22,,"[""3297"", ""4241"", ""2310"", ""2311"", ""2312"", ""2313"", ""2314"", ""2315"", ""ESTACION_CORREGIDORA_SUR""]","[""97"", ""97"", ""97"", ""97"", ""97"", ""97"", ""97"", ""CAMINATA""]",5.0,Av. Tecnológico/Fernando Loyola,20.58323779,-100.4009753
2681,15.985416666666666,355,C69,0,10,1,Directa,355,C69,,"[""2681"", ""3682"", ""2981"", ""3222"", ""3223"", ""3726"", ""3224"", ""2314"", ""2315"", ""ESTACION_CORREGIDORA_SUR""]","[""355"", ""355"", ""355"", ""355"", ""355"", ""355"", ""355"", ""355"", ""CAMINATA""]",5.0,Av. Universidad/Prol. Tecnológico Norte,20.59602337,-100.4074724
1919,16.398333333333337,319,C24,0,12,1,Directa,319,C24,,"[""1919"", ""1920"", ""1921"", ""4241"", ""2310"", ""2311"", ""2312"", ""2313"", ""2314"", ""2315"", ""5194"", ""ESTACION_CORREGIDORA_SUR""]","[""319"", ""319"", ""319"", ""319"", ""319"", ""319"", ""319"", ""319"", ""319"", ""319"", ""CAMINATA""]",5.0,Vicente Guerrero,20.587914,-100.393329
2556,17.079583333333332,349,C61,0,11,1,Directa,349,C61,,"[""2556"", ""2557"", ""2558"", ""2955"", ""2551"", ""2956"", ""2552"", ""2393"", ""2394"", ""2680"", ""ESTACION_CORREGIDORA_SUR""]","[""349"", ""349"", ""349"", ""349"", ""349"", ""349"", ""349"", ""349"", ""349"", ""CAMINATA""]",5.0,Av. Universidad/Notaria 17,20.59826924,-100.3916237
2309,17.431666666666672,319,C24,0,13,1,Directa,319,C24,,"[""2309"", ""1919"", ""1920"", ""1921"", ""4241"", ""2310"", ""2311"", ""2312"", ""2313"", ""2314"", ""2315"", ""5194"", ""ESTACION_CORREGIDORA_SUR""]","[""319"", ""319"", ""319"", ""319"", ""319"", ""319"", ""319"", ""319"", ""319"", ""319"", ""319"", ""CAMINATA""]",5.0,Alameda/Corregidora,20.587935805543,-100.38947399082
1434,17.49375,97,C22,0,10,1,Directa,97,C22,,"[""1434"", ""3297"", ""4241"", ""2310"", ""2311"", ""2312"", ""2313"", ""2314"", ""2315"", ""ESTACION_CORREGIDORA_SUR""]","[""97"", ""97"", ""97"", ""97"", ""97"", ""97"", ""97"", ""97"", ""CAMINATA""]",5.0,Constitución de 1917,20.578685986011,-100.40069151785
2201,17.93541666666667,333,C42,0,12,1,Directa,333,C42,,"[""2201"", ""4241"", ""2310"", ""3570"", ""3571"", ""3572"", ""2311"", ""2312"", ""2313"", ""2314"", ""2315"", ""ESTACION_CORREGIDORA_SUR""]","[""333"", ""333"", ""333"", ""333"", ""333"", ""333"", ""333"", ""333"", ""333"", ""333"", ""CAMINATA""]",5.0,Ignacio Zaragoza/Imss,20.583093496308,-100.40575894032
2031,18.165000000000006,319,C24,0,14,1,Directa,319,C24,,"[""2031"", ""2309"", ""1919"", ""1920"", ""1921"", ""4241"", ""2310"", ""2311"", ""2312"", ""2313"", ""2314"", ""2315"", ""5194"", ""ESTACION_CORREGIDORA_SUR""]","[""319"", ""319"", ""319"", ""319"", ""319"", ""319"", ""319"", ""319"", ""319"", ""319"", ""319"", ""319"", ""CAMINATA""]",5.0,Avenida Corregidora/Avenida Constituyentes,20.585538725373,-100.38853402681
2378,18.44625,349,C61,0,12,1,Directa,349,C61,,"[""2378"", ""2556"", ""2557"", ""2558"", ""2955"", ""2551"", ""2956"", ""2552"", ""2393"", ""2394"", ""2680"", ""ESTACION_CORREGIDORA_SUR""]","[""349"", ""349"", ""349"", ""349"", ""349"", ""349"", ""349"", ""349"", ""349"", ""349"", ""CAMINATA""]",5.0,Av. Universidad/Auditorio Arteaga,20.59772505,-100.3954912
2549,18.64375,326,C35,1,10,2,Con transbordo,326 → 344,C35 → C54,Av. Universidad/Hospital Sagrado Corazón de Jesús,"[""2549"", ""2550"", ""2551"", ""2956"", ""2552"", ""2393"", ""2394"", ""2316"", ""5200"", ""ESTACION_CORREGIDORA_SUR""]","[""326"", ""326"", ""326"", ""326"", ""344"", ""344"", ""344"", ""344"", ""CAMINATA""]",5.0,Calle Mariano Arista/Priv. del Sol,20.598408152958,-100.38099663743
1766,18.652083333333334,333,C42,0,13,1,Directa,333,C42,,"[""1766"", ""2201"", ""4241"", ""2310"", ""3570"", ""3571"", ""3572"", ""2311"", ""2312"", ""2313"", ""2314"", ""2315"", ""ESTACION_CORREGIDORA_SUR""]","[""333"", ""333"", ""333"", ""333"", ""333"", ""333"", ""333"", ""333"", ""333"", ""333"", ""333"", ""CAMINATA""]",5.0,Prol. Zaragoza/Paseo 5 de Febrero,20.58138467,-100.4074439
2030,18.89833333333334,319,C24,0,15,1,Directa,319,C24,,"[""2030"", ""2031"", ""2309"", ""1919"", ""1920"", ""1921"", ""4241"", ""2310"", ""2311"", ""2312"", ""2313"", ""2314"", ""2315"", ""5194"", ""ESTACION_CORREGIDORA_SUR""]","[""319"", ""319"", ""319"", ""319"", ""319"", ""319"", ""319"", ""319"", ""319"", ""319"", ""319"", ""319"", ""319"", ""CAMINATA""]",5.0,Prol. Corregidora Sur/ C. Wenceslao Sánchez,20.5831303,-100.3876044
2548,19.360416666666666,326,C35,1,11,2,Con transbordo,326 → 344,C35 → C54,Av. Universidad/Hospital Sagrado Corazón de Jesús,"[""2548"", ""2549"", ""2550"", ""2551"", ""2956"", ""2552"", ""2393"", ""2394"", ""2316"", ""5200"", ""ESTACION_CORREGIDORA_SUR""]","[""326"", ""326"", ""326"", ""326"", ""326"", ""344"", ""344"", ""344"", ""344"", ""CAMINATA""]",5.0,Av. Circunvalación/Parque Jardines de Querétaro,20.596219523095,-100.38087332724
2029,19.64833333333334,319,C24,0,16,1,Directa,319,C24,,"[""2029"", ""2030"", ""2031"", ""2309"", ""1919"", ""1920"", ""1921"", ""4241"", ""2310"", ""2311"", ""2312"", ""2313"", ""2314"", ""2315"", ""5194"", ""ESTACION_CORREGIDORA_SUR""]","[""319"", ""319"", ""319"", ""319"", ""319"", ""319"", ""319"", ""319"", ""319"", ""319"", ""319"", ""319"", ""319"", ""319"", ""CAMINATA""]",5.0,Corregidora/Fray F. Galindo,20.5806849,-100.3866671
1765,19.835416666666667,333,C42,0,14,1,Directa,333,C42,,"[""1765"", ""1766"", ""2201"", ""4241"", ""2310"", ""3570"", ""3571"", ""3572"", ""2311"", ""2312"", ""2313"", ""2314"", ""2315"", ""ESTACION_CORREGIDORA_SUR""]","[""333"", ""333"", ""333"", ""333"", ""333"", ""333"", ""333"", ""333"", ""333"", ""333"", ""333"", ""333"", ""CAMINATA""]",5.0,Prol. Zaragoza/Odontología Uaq,20.58013267,-100.411317
2537,19.848333333333336,325,C34,1,12,2,Con transbordo,325 → 319,C34 → C24,Av. Tecnológico/Itq,"[""2537"", ""1920"", ""1921"", ""4241"", ""2310"", ""2311"", ""2312"", ""2313"", ""2314"", ""2315"", ""5194"", ""ESTACION_CORREGIDORA_SUR""]","[""325"", ""325"", ""325"", ""325"", ""325"", ""325"", ""325"", ""319"", ""319"", ""319"", ""CAMINATA""]",5.0,Calle Melchor Ocampo/Colegio Salesiano,20.58695224,-100.3949721
1433,20.04375,97,C22,0,11,1,Directa,97,C22,,"[""1433"", ""1434"", ""3297"", ""4241"", ""2310"", ""2311"", ""2312"", ""2313"", ""2314"", ""2315"", ""ESTACION_CORREGIDORA_SUR""]","[""97"", ""97"", ""97"", ""97"", ""97"", ""97"", ""97"", ""97"", ""97"", ""CAMINATA""]",5.0,Plaza de Toros,20.572864944686,-100.40545758225
2980,20.085416666666667,255,T11,1,9,2,Con transbordo,255 → 355,T11 → C69,Río Querétaro,"[""2980"", ""2981"", ""3222"", ""3223"", ""3726"", ""3224"", ""2314"", ""2315"", ""ESTACION_CORREGIDORA_SUR""]","[""255"", ""355"", ""355"", ""355"", ""355"", ""355"", ""355"", ""CAMINATA""]",5.0,Universidad,20.59025185,-100.4135882
1764,20.252083333333335,333,C42,0,15,1,Directa,333,C42,,"[""1764"", ""1765"", ""1766"", ""2201"", ""4241"", ""2310"", ""3570"", ""3571"", ""3572"", ""2311"", ""2312"", ""2313"", ""2314"", ""2315"", ""ESTACION_CORREGIDORA_SUR""]","[""333"", ""333"", ""333"", ""333"", ""333"", ""333"", ""333"", ""333"", ""333"", ""333"", ""333"", ""333"", ""333"", ""CAMINATA""]",5.0,Prol. Zaragoza/City Club,20.579773047757,-100.41271130433
2028,20.281666666666673,319,C24,0,17,1,Directa,319,C24,,"[""2028"", ""2029"", ""2030"", ""2031"", ""2309"", ""1919"", ""1920"", ""1921"", ""4241"", ""2310"", ""2311"", ""2312"", ""2313"", ""2314"", ""2315"", ""5194"", ""ESTACION_CORREGIDORA_SUR""]","[""319"", ""319"", ""319"", ""319"", ""319"", ""319"", ""319"", ""319"", ""319"", ""319"", ""319"", ""319"", ""319"", ""319"", ""319"", ""CAMINATA""]",5.0,Corregidora Sur/José Sotelo,20.578618858421,-100.38583872773
2345,20.68166666666667,336,C46,1,11,2,Con transbordo,336 → 319,C46 → C24,Avenida Ignacio Zaragoza/Comercial Mexicana,"[""2345"", ""1921"", ""4241"", ""2310"", ""2311"", ""2312"", ""2313"", ""2314"", ""2315"", ""5194"", ""ESTACION_CORREGIDORA_SUR""]","[""336"", ""319"", ""319"", ""319"", ""319"", ""319"", ""319"", ""319"", ""319"", ""CAMINATA""]",5.0,Ezequiel Montes/Templo de Santa Rosa de Viterbo,20.58757724,-100.3968362
1438,20.68166666666667,325,C34,1,13,2,Con transbordo,325 → 319,C34 → C24,Av. Tecnológico/Itq,"[""1438"", ""2537"", ""1920"", ""1921"", ""4241"", ""2310"", ""2311"", ""2312"", ""2313"", ""2314"", ""2315"", ""5194"", ""ESTACION_CORREGIDORA_SUR""]","[""325"", ""325"", ""325"", ""325"", ""325"", ""325"", ""325"", ""325"", ""319"", ""319"", ""319"", ""CAMINATA""]",5.0,Escobedo,20.584872921105,-100.3917267937
2547,20.693749999999998,326,C35,1,12,2,Con transbordo,326 → 344,C35 → C54,Av. Universidad/Hospital Sagrado Corazón de Jesús,"[""2547"", ""2548"", ""2549"", ""2550"", ""2551"", ""2956"", ""2552"", ""2393"", ""2394"", ""2316"", ""5200"", ""ESTACION_CORREGIDORA_SUR""]","[""326"", ""326"", ""326"", ""326"", ""326"", ""326"", ""344"", ""344"", ""344"", ""344"", ""CAMINATA""]",5.0,Calle Independencia/Calz. de Los Arcos,20.592860095958,-100.37846466122
4430,20.76875,333,C42,0,16,1,Directa,333,C42,,"[""4430"", ""1764"", ""1765"", ""1766"", ""2201"", ""4241"", ""2310"", ""3570"", ""3571"", ""3572"", ""2311"", ""2312"", ""2313"", ""2314"", ""2315"", ""ESTACION_CORREGIDORA_SUR""]","[""333"", ""333"", ""333"", ""333"", ""333"", ""333"", ""333"", ""333"", ""333"", ""333"", ""333"", ""333"", ""333"", ""333"", ""CAMINATA""]",5.0,Av. Prol. Zaragoza/Av. Hilario Frías y Soto,20.579435424622,-100.4144223002
2979,20.802083333333332,255,T11,1,10,2,Con transbordo,255 → 355,T11 → C69,Río Querétaro,"[""2979"", ""2980"", ""2981"", ""3222"", ""3223"", ""3726"", ""3224"", ""2314"", ""2315"", ""ESTACION_CORREGIDORA_SUR""]","[""255"", ""255"", ""355"", ""355"", ""355"", ""355"", ""355"", ""355"", ""CAMINATA""]",5.0,Tlacote,20.58706617,-100.4125469
2308,21.181666666666672,319,C24,0,18,1,Directa,319,C24,,"[""2308"", ""2028"", ""2029"", ""2030"", ""2031"", ""2309"", ""1919"", ""1920"", ""1921"", ""4241"", ""2310"", ""2311"", ""2312"", ""2313"", ""2314"", ""2315"", ""5194"", ""ESTACION_CORREGIDORA_SUR""]","[""319"", ""319"", ""319"", ""319"", ""319"", ""319"", ""319"", ""319"", ""319"", ""319"", ""319"", ""319"", ""319"", ""319"", ""319"", ""319"", ""CAMINATA""]",5.0,Corregidora/Luis M Vega y Monroy,20.575667879351,-100.38470466348
2453,21.24375,326,C35,1,13,2,Con transbordo,326 → 344,C35 → C54,Av. Universidad/Hospital Sagrado Corazón de Jesús,"[""2453"", ""2547"", ""2548"", ""2549"", ""2550"", ""2551"", ""2956"", ""2552"", ""2393"", ""2394"", ""2316"", ""5200"", ""ESTACION_CORREGIDORA_SUR""]","[""326"", ""326"", ""326"", ""326"", ""326"", ""326"", ""326"", ""344"", ""344"", ""344"", ""344"", ""CAMINATA""]",5.0,Independencia/Capuchinas,20.591751165759,-100.37717618681
1918,21.385416666666668,341,C51,0,12,1,Directa,341,C51,,"[""1918"", ""1919"", ""1920"", ""1921"", ""4241"", ""2310"", ""2311"", ""2312"", ""2313"", ""2314"", ""2315"", ""ESTACION_CORREGIDORA_SUR""]","[""341"", ""341"", ""341"", ""341"", ""341"", ""341"", ""341"", ""341"", ""341"", ""341"", ""CAMINATA""]",5.0,Vergara,20.58979,-100.38781
2344,21.498333333333335,336,C46,1,12,2,Con transbordo,336 → 319,C46 → C24,Avenida Ignacio Zaragoza/Comercial Mexicana,"[""2344"", ""2345"", ""1921"", ""4241"", ""2310"", ""2311"", ""2312"", ""2313"", ""2314"", ""2315"", ""5194"", ""ESTACION_CORREGIDORA_SUR""]","[""336"", ""336"", ""319"", ""319"", ""319"", ""319"", ""319"", ""319"", ""319"", ""319"", ""CAMINATA""]",5.0,Ezequiel Montes/Calle Francisco I. Madero,20.58997654,-100.3975753
1432,21.527083333333334,97,C22,0,12,1,Directa,97,C22,,"[""1432"", ""1433"", ""1434"", ""3297"", ""4241"", ""2310"", ""2311"", ""2312"", ""2313"", ""2314"", ""2315"", ""ESTACION_CORREGIDORA_SUR""]","[""97"", ""97"", ""97"", ""97"", ""97"", ""97"", ""97"", ""97"", ""97"", ""97"", ""CAMINATA""]",5.0,Jardines,20.569495072147,-100.40824828897
2602,21.560416666666665,353,C65,1,13,2,Con transbordo,353 → 345,C65 → C55,Carr. Campo Militar/Querétaro Park Iii,"[""2602"", ""4253"", ""3237"", ""3222"", ""3223"", ""3726"", ""3224"", ""2314"", ""2315"", ""5194"", ""2316"", ""5200"", ""ESTACION_CORREGIDORA_SUR""]","[""353"", ""345"", ""345"", ""345"", ""345"", ""345"", ""345"", ""345"", ""345"", ""345"", ""345"", ""CAMINATA""]",5.0,Calle Hacienda San Juan/Calle Oceáno Indico,20.5944155,-100.4249161
2454,21.710416666666664,326,C35,1,14,2,Con transbordo,326 → 344,C35 → C54,Av. Universidad/Hospital Sagrado Corazón de Jesús,"[""2454"", ""2453"", ""2547"", ""2548"", ""2549"", ""2550"", ""2551"", ""2956"", ""2552"", ""2393"", ""2394"", ""2316"", ""5200"", ""ESTACION_CORREGIDORA_SUR""]","[""326"", ""326"", ""326"", ""326"", ""326"", ""326"", ""326"", ""326"", ""344"", ""344"", ""344"", ""344"", ""CAMINATA""]",5.0,Ejército Republicano/12b,20.591644063671,-100.37865890173
1439,21.765,325,C34,1,14,2,Con transbordo,325 → 319,C34 → C24,Av. Tecnológico/Itq,"[""1439"", ""1438"", ""2537"", ""1920"", ""1921"", ""4241"", ""2310"", ""2311"", ""2312"", ""2313"", ""2314"", ""2315"", ""5194"", ""ESTACION_CORREGIDORA_SUR""]","[""325"", ""325"", ""325"", ""325"", ""325"", ""325"", ""325"", ""325"", ""325"", ""319"", ""319"", ""319"", ""CAMINATA""]",5.0,Alameda,20.586623063708,-100.3869311369
2957,21.885416666666664,345,C55,1,11,2,Con transbordo,345 → 355,C55 → C69,Av. Universidad/Prol. Tecnológico Norte,"[""2957"", ""2681"", ""3682"", ""2981"", ""3222"", ""3223"", ""3726"", ""3224"", ""2314"", ""2315"", ""ESTACION_CORREGIDORA_SUR""]","[""345"", ""355"", ""355"", ""355"", ""355"", ""355"", ""355"", ""355"", ""355"", ""CAMINATA""]",5.0,Av. Universidad/Tecnológico Nacional de México Campus Ciidet,20.59613182,-100.4043636
1440,22.102083333333333,360,L152,1,10,2,Con transbordo,360 → 97,L152 → C22,Av. Tecnológico/Fernando Loyola,"[""1440"", ""3297"", ""4241"", ""2310"", ""2311"", ""2312"", ""2313"", ""2314"", ""2315"", ""ESTACION_CORREGIDORA_SUR""]","[""360"", ""97"", ""97"", ""97"", ""97"", ""97"", ""97"", ""97"", ""CAMINATA""]",5.0,Tecnológico,20.581211619986,-100.39867608739
2978,22.268749999999997,255,T11,1,11,2,Con transbordo,255 → 355,T11 → C69,Río Querétaro,"[""2978"", ""2979"", ""2980"", ""2981"", ""3222"", ""3223"", ""3726"", ""3224"", ""2314"", ""2315"", ""ESTACION_CORREGIDORA_SUR""]","[""255"", ""255"", ""255"", ""355"", ""355"", ""355"", ""355"", ""355"", ""355"", ""CAMINATA""]",5.0,Zaragoza,20.58210462,-100.4075288
3569,22.285416666666666,333,C42,0,17,1,Directa,333,C42,,"[""3569"", ""4430"", ""1764"", ""1765"", ""1766"", ""2201"", ""4241"", ""2310"", ""3570"", ""3571"", ""3572"", ""2311"", ""2312"", ""2313"", ""2314"", ""2315"", ""ESTACION_CORREGIDORA_SUR""]","[""333"", ""333"", ""333"", ""333"", ""333"", ""333"", ""333"", ""333"", ""333"", ""333"", ""333"", ""333"", ""333"", ""333"", ""333"", ""CAMINATA""]",5.0,Prol. Pino Suárez/Del Pueblito,20.5826702,-100.4184031
2343,22.331666666666667,336,C46,1,13,2,Con transbordo,336 → 319,C46 → C24,Avenida Ignacio Zaragoza/Comercial Mexicana,"[""2343"", ""2344"", ""2345"", ""1921"", ""4241"", ""2310"", ""2311"", ""2312"", ""2313"", ""2314"", ""2315"", ""5194"", ""ESTACION_CORREGIDORA_SUR""]","[""336"", ""336"", ""336"", ""319"", ""319"", ""319"", ""319"", ""319"", ""319"", ""319"", ""319"", ""CAMINATA""]",5.0,Av. Universidad/Hidalgo,20.59240038,-100.3983805
2856,22.352083333333333,341,C51,0,13,1,Directa,341,C51,,"[""2856"", ""1918"", ""1919"", ""1920"", ""1921"", ""4241"", ""2310"", ""2311"", ""2312"", ""2313"", ""2314"", ""2315"", ""ESTACION_CORREGIDORA_SUR""]","[""341"", ""341"", ""341"", ""341"", ""341"", ""341"", ""341"", ""341"", ""341"", ""341"", ""341"", ""CAMINATA""]",5.0,Av. Luis Pasteur Sur/Calle Jalisco,20.58799221,-100.3860359
1897,22.593749999999996,326,C35,1,15,2,Con transbordo,326 → 344,C35 → C54,Av. Universidad/Hospital Sagrado Corazón de Jesús,"[""1897"", ""2454"", ""2453"", ""2547"", ""2548"", ""2549"", ""2550"", ""2551"", ""2956"", ""2552"", ""2393"", ""2394"", ""2316"", ""5200"", ""ESTACION_CORREGIDORA_SUR""]","[""326"", ""326"", ""326"", ""326"", ""326"", ""326"", ""326"", ""326"", ""326"", ""344"", ""344"", ""344"", ""344"", ""CAMINATA""]",5.0,Ignacio Zaragoza/Insurgentes Queretanos,20.591248974767,-100.38151559305
3236,22.643749999999997,353,C65,1,14,2,Con transbordo,353 → 345,C65 → C55,Carr. Campo Militar/Querétaro Park Iii,"[""3236"", ""2602"", ""4253"", ""3237"", ""3222"", ""3223"", ""3726"", ""3224"", ""2314"", ""2315"", ""5194"", ""2316"", ""5200"", ""ESTACION_CORREGIDORA_SUR""]","[""353"", ""353"", ""345"", ""345"", ""345"", ""345"", ""345"", ""345"", ""345"", ""345"", ""345"", ""345"", ""CAMINATA""]",5.0,Hacienda San José/Calle Mar de Tazmania,20.59443112,-100.4268955
1469,22.665,325,C34,1,15,2,Con transbordo,325 → 319,C34 → C24,Av. Tecnológico/Itq,"[""1469"", ""1439"", ""1438"", ""2537"", ""1920"", ""1921"", ""4241"", ""2310"", ""2311"", ""2312"", ""2313"", ""2314"", ""2315"", ""5194"", ""ESTACION_CORREGIDORA_SUR""]","[""325"", ""325"", ""325"", ""325"", ""325"", ""325"", ""325"", ""325"", ""325"", ""325"", ""319"", ""319"", ""319"", ""CAMINATA""]",5.0,San Francisquito,20.586617,-100.382653
2195,22.952083333333334,356,L108,1,9,2,Con transbordo,356 → 333,L108 → C42,Hidalgo/Monumento A Los Niños Héroes de Chapultepec,"[""2195"", ""3571"", ""3572"", ""2311"", ""2312"", ""2313"", ""2314"", ""2315"", ""ESTACION_CORREGIDORA_SUR""]","[""356"", ""333"", ""333"", ""333"", ""333"", ""333"", ""333"", ""CAMINATA""]",5.0,Ignacio Zaragoza/Telmex,20.583600540017,-100.40579200795
2672,23.015,338,C48,1,11,2,Con transbordo,338 → 319,C48 → C24,Av. Tecnológico/José María Arteaga,"[""2672"", ""2201"", ""4241"", ""2310"", ""2311"", ""2312"", ""2313"", ""2314"", ""2315"", ""5194"", ""ESTACION_CORREGIDORA_SUR""]","[""338"", ""338"", ""319"", ""319"", ""319"", ""319"", ""319"", ""319"", ""319"", ""CAMINATA""]",5.0,Blvd. de Las Américas/Costa Rica,20.57240213,-100.4047726
1437,23.065,355,C69,1,14,2,Con transbordo,355 → 319,C69 → C24,Santa Rosa de Viterbo,"[""1437"", ""1438"", ""2537"", ""1920"", ""1921"", ""4241"", ""2310"", ""2311"", ""2312"", ""2313"", ""2314"", ""2315"", ""5194"", ""ESTACION_CORREGIDORA_SUR""]","[""355"", ""355"", ""355"", ""319"", ""319"", ""319"", ""319"", ""319"", ""319"", ""319"", ""319"", ""319"", ""CAMINATA""]",5.0,Ezequiel Montes,20.583615,-100.395037
1896,23.193749999999998,326,C35,1,16,2,Con transbordo,326 → 344,C35 → C54,Av. Universidad/Hospital Sagrado Corazón de Jesús,"[""1896"", ""1897"", ""2454"", ""2453"", ""2547"", ""2548"", ""2549"", ""2550"", ""2551"", ""2956"", ""2552"", ""2393"", ""2394"", ""2316"", ""5200"", ""ESTACION_CORREGIDORA_SUR""]","[""326"", ""326"", ""326"", ""326"", ""326"", ""326"", ""326"", ""326"", ""326"", ""326"", ""344"", ""344"", ""344"", ""344"", ""CAMINATA""]",5.0,Ignacio Zaragoza/Manuel Acuña,20.591033,-100.383425
2024,23.302083333333332,341,C51,0,14,1,Directa,341,C51,,"[""2024"", ""2856"", ""1918"", ""1919"", ""1920"", ""1921"", ""4241"", ""2310"", ""2311"", ""2312"", ""2313"", ""2314"", ""2315"", ""ESTACION_CORREGIDORA_SUR""]","[""341"", ""341"", ""341"", ""341"", ""341"", ""341"", ""341"", ""341"", ""341"", ""341"", ""341"", ""341"", ""CAMINATA""]",5.0,Prol. Luis Pasteur/Centro Educativo Manuel Gomez,20.585698741389,-100.38521892816
3568,23.385416666666668,333,C42,0,18,1,Directa,333,C42,,"[""3568"", ""3569"", ""4430"", ""1764"", ""1765"", ""1766"", ""2201"", ""4241"", ""2310"", ""3570"", ""3571"", ""3572"", ""2311"", ""2312"", ""2313"", ""2314"", ""2315"", ""ESTACION_CORREGIDORA_SUR""]","[""333"", ""333"", ""333"", ""333"", ""333"", ""333"", ""333"", ""333"", ""333"", ""333"", ""333"", ""333"", ""333"", ""333"", ""333"", ""333"", ""CAMINATA""]",5.0,Prol. Pino Suárez/Jardín Ejido Modelo,20.58201396,-100.4221638
5183,23.58166666666667,319,C24,0,19,1,Directa,319,C24,,"[""5183"", ""2308"", ""2028"", ""2029"", ""2030"", ""2031"", ""2309"", ""1919"", ""1920"", ""1921"", ""4241"", ""2310"", ""2311"", ""2312"", ""2313"", ""2314"", ""2315"", ""5194"", ""ESTACION_CORREGIDORA_SUR""]","[""319"", ""319"", ""319"", ""319"", ""319"", ""319"", ""319"", ""319"", ""319"", ""319"", ""319"", ""319"", ""319"", ""319"", ""319"", ""319"", ""319"", ""CAMINATA""]",5.0,Av. 4/Calle 25,20.573650631947,-100.39349063845
1879,23.715000000000003,134,C26,1,14,2,Con transbordo,134 → 319,C26 → C24,Vicente Guerrero,"[""1879"", ""1918"", ""1919"", ""1920"", ""1921"", ""4241"", ""2310"", ""2311"", ""2312"", ""2313"", ""2314"", ""2315"", ""5194"", ""ESTACION_CORREGIDORA_SUR""]","[""134"", ""134"", ""319"", ""319"", ""319"", ""319"", ""319"", ""319"", ""319"", ""319"", ""319"", ""319"", ""CAMINATA""]",5.0,Ignacio Zaragoza/Dr. Lucio,20.590734003313,-100.38526826234
1895,23.843749999999996,326,C35,1,17,2,Con transbordo,326 → 344,C35 → C54,Av. Universidad/Hospital Sagrado Corazón de Jesús,"[""1895"", ""1896"", ""1897"", ""2454"", ""2453"", ""2547"", ""2548"", ""2549"", ""2550"", ""2551"", ""2956"", ""2552"", ""2393"", ""2394"", ""2316"", ""5200"", ""ESTACION_CORREGIDORA_SUR""]","[""326"", ""326"", ""326"", ""326"", ""326"", ""326"", ""326"", ""326"", ""326"", ""326"", ""326"", ""344"", ""344"", ""344"", ""344"", ""CAMINATA""]",5.0,Avenida Ignacio Zaragoza/Calle Manuel Altamirano,20.590364,-100.385377
1470,23.881666666666664,325,C34,1,16,2,Con transbordo,325 → 319,C34 → C24,Av. Tecnológico/Itq,"[""1470"", ""1469"", ""1439"", ""1438"", ""2537"", ""1920"", ""1921"", ""4241"", ""2310"", ""2311"", ""2312"", ""2313"", ""2314"", ""2315"", ""5194"", ""ESTACION_CORREGIDORA_SUR""]","[""325"", ""325"", ""325"", ""325"", ""325"", ""325"", ""325"", ""325"", ""325"", ""325"", ""325"", ""319"", ""319"", ""319"", ""CAMINATA""]",5.0,Auditorio,20.586777,-100.376851
1767,24.110416666666666,256,T12,1,11,2,Con transbordo,256 → 97,T12 → C22,Constitución de 1917,"[""1767"", ""1434"", ""3297"", ""4241"", ""2310"", ""2311"", ""2312"", ""2313"", ""2314"", ""2315"", ""ESTACION_CORREGIDORA_SUR""]","[""256"", ""97"", ""97"", ""97"", ""97"", ""97"", ""97"", ""97"", ""97"", ""CAMINATA""]",5.0,Hospital General/Paseo 5 de Febrero,20.580031791579,-100.4057036974
2200,24.265,336,C46,1,15,2,Con transbordo,336 → 319,C46 → C24,Av. Tecnológico/José María Arteaga,"[""2200"", ""4430"", ""1764"", ""1765"", ""1766"", ""2201"", ""4241"", ""2310"", ""2311"", ""2312"", ""2313"", ""2314"", ""2315"", ""5194"", ""ESTACION_CORREGIDORA_SUR""]","[""336"", ""336"", ""336"", ""336"", ""336"", ""336"", ""319"", ""319"", ""319"", ""319"", ""319"", ""319"", ""319"", ""CAMINATA""]",5.0,Prol. Av. Zaragoza/Hacienda Vegil,20.5740986,-100.4152541
3235,24.393749999999997,353,C65,1,15,2,Con transbordo,353 → 345,C65 → C55,Carr. Campo Militar/Querétaro Park Iii,"[""3235"", ""3236"", ""2602"", ""4253"", ""3237"", ""3222"", ""3223"", ""3726"", ""3224"", ""2314"", ""2315"", ""5194"", ""2316"", ""5200"", ""ESTACION_CORREGIDORA_SUR""]","[""353"", ""353"", ""353"", ""345"", ""345"", ""345"", ""345"", ""345"", ""345"", ""345"", ""345"", ""345"", ""345"", ""CAMINATA""]",5.0,Hacienda San José/Calle Puentes,20.59404451,-100.4300826
5182,24.431666666666672,319,C24,0,20,1,Directa,319,C24,,"[""5182"", ""5183"", ""2308"", ""2028"", ""2029"", ""2030"", ""2031"", ""2309"", ""1919"", ""1920"", ""1921"", ""4241"", ""2310"", ""2311"", ""2312"", ""2313"", ""2314"", ""2315"", ""5194"", ""ESTACION_CORREGIDORA_SUR""]","[""319"", ""319"", ""319"", ""319"", ""319"", ""319"", ""319"", ""319"", ""319"", ""319"", ""319"", ""319"", ""319"", ""319"", ""319"", ""319"", ""319"", ""319"", ""CAMINATA""]",5.0,Av. 4/Calle 37,20.57294176346,-100.39661078984
2203,24.52708333333333,326,C35,1,18,2,Con transbordo,326 → 344,C35 → C54,Av. Universidad/Hospital Sagrado Corazón de Jesús,"[""2203"", ""1895"", ""1896"", ""1897"", ""2454"", ""2453"", ""2547"", ""2548"", ""2549"", ""2550"", ""2551"", ""2956"", ""2552"", ""2393"", ""2394"", ""2316"", ""5200"", ""ESTACION_CORREGIDORA_SUR""]","[""326"", ""326"", ""326"", ""326"", ""326"", ""326"", ""326"", ""326"", ""326"", ""326"", ""326"", ""326"", ""344"", ""344"", ""344"", ""344"", ""CAMINATA""]",5.0,Alameda,20.589621654784,-100.38742654734
2023,24.652083333333334,341,C51,0,15,1,Directa,341,C51,,"[""2023"", ""2024"", ""2856"", ""1918"", ""1919"", ""1920"", ""1921"", ""4241"", ""2310"", ""2311"", ""2312"", ""2313"", ""2314"", ""2315"", ""ESTACION_CORREGIDORA_SUR""]","[""341"", ""341"", ""341"", ""341"", ""341"", ""341"", ""341"", ""341"", ""341"", ""341"", ""341"", ""341"", ""341"", ""CAMINATA""]",5.0,Prol. Luis Pasteur/Jose Antonio Bustamanete,20.58248883756,-100.38398500747
1881,24.74833333333334,134,C26,1,15,2,Con transbordo,134 → 319,C26 → C24,Vicente Guerrero,"[""1881"", ""1879"", ""1918"", ""1919"", ""1920"", ""1921"", ""4241"", ""2310"", ""2311"", ""2312"", ""2313"", ""2314"", ""2315"", ""5194"", ""ESTACION_CORREGIDORA_SUR""]","[""134"", ""134"", ""134"", ""319"", ""319"", ""319"", ""319"", ""319"", ""319"", ""319"", ""319"", ""319"", ""319"", ""CAMINATA""]",5.0,Ignacio Zaragoza/Insurgentes Queretanos,20.5915098,-100.3815527
1471,24.764999999999997,325,C34,1,17,2,Con transbordo,325 → 319,C34 → C24,Av. Tecnológico/Itq,"[""1471"", ""1470"", ""1469"", ""1439"", ""1438"", ""2537"", ""1920"", ""1921"", ""4241"", ""2310"", ""2311"", ""2312"", ""2313"", ""2314"", ""2315"", ""5194"", ""ESTACION_CORREGIDORA_SUR""]","[""325"", ""325"", ""325"", ""325"", ""325"", ""325"", ""325"", ""325"", ""325"", ""325"", ""325"", ""325"", ""319"", ""319"", ""319"", ""CAMINATA""]",5.0,Ejercito Republicano,20.587451,-100.372731
2204,24.979583333333334,409,L164,1,9,2,Con transbordo,409 → 345,L164 → C55,Av. Universidad/Escuela Normal,"[""2204"", ""2550"", ""2551"", ""2956"", ""2552"", ""2393"", ""2394"", ""2680"", ""ESTACION_CORREGIDORA_SUR""]","[""409"", ""345"", ""345"", ""345"", ""345"", ""345"", ""345"", ""CAMINATA""]",5.0,Blvd. Bernardo Quintana/Calle de la Peñita Ote.,20.60004134,-100.3753248
1306,25.04375,97,C22,0,13,1,Directa,97,C22,,"[""1306"", ""1432"", ""1433"", ""1434"", ""3297"", ""4241"", ""2310"", ""2311"", ""2312"", ""2313"", ""2314"", ""2315"", ""ESTACION_CORREGIDORA_SUR""]","[""97"", ""97"", ""97"", ""97"", ""97"", ""97"", ""97"", ""97"", ""97"", ""97"", ""97"", ""CAMINATA""]",5.0,El Pocito,20.561447965259,-100.41484626886
5180,25.048333333333332,338,C48,1,12,2,Con transbordo,338 → 319,C48 → C24,Av. Tecnológico/José María Arteaga,"[""5180"", ""2672"", ""2201"", ""4241"", ""2310"", ""2311"", ""2312"", ""2313"", ""2314"", ""2315"", ""5194"", ""ESTACION_CORREGIDORA_SUR""]","[""338"", ""338"", ""338"", ""319"", ""319"", ""319"", ""319"", ""319"", ""319"", ""319"", ""CAMINATA""]",5.0,Calle 59/Av. 12,20.566902864663,-100.40007070857
1763,25.081666666666667,336,C46,1,16,2,Con transbordo,336 → 319,C46 → C24,Av. Tecnológico/José María Arteaga,"[""1763"", ""2200"", ""4430"", ""1764"", ""1765"", ""1766"", ""2201"", ""4241"", ""2310"", ""2311"", ""2312"", ""2313"", ""2314"", ""2315"", ""5194"", ""ESTACION_CORREGIDORA_SUR""]","[""336"", ""336"", ""336"", ""336"", ""336"", ""336"", ""336"", ""319"", ""319"", ""319"", ""319"", ""319"", ""319"", ""319"", ""CAMINATA""]",5.0,Prol. Zaragoza/Hacienda Escolásticas,20.571329354558,-100.41507975546
2032,25.18541666666667,341,C51,0,16,1,Directa,341,C51,,"[""2032"", ""2023"", ""2024"", ""2856"", ""1918"", ""1919"", ""1920"", ""1921"", ""4241"", ""2310"", ""2311"", ""2312"", ""2313"", ""2314"", ""2315"", ""ESTACION_CORREGIDORA_SUR""]","[""341"", ""341"", ""341"", ""341"", ""341"", ""341"", ""341"", ""341"", ""341"", ""341"", ""341"", ""341"", ""341"", ""341"", ""CAMINATA""]",5.0,Prol. Luis Pasteur/1ra Calle del Laurel,20.581210342497,-100.38349773657
1924,25.202083333333334,360,L152,1,12,2,Con transbordo,360 → 97,L152 → C22,Av. Tecnológico/Fernando Loyola,"[""1924"", ""1437"", ""1440"", ""3297"", ""4241"", ""2310"", ""2311"", ""2312"", ""2313"", ""2314"", ""2315"", ""ESTACION_CORREGIDORA_SUR""]","[""360"", ""360"", ""360"", ""97"", ""97"", ""97"", ""97"", ""97"", ""97"", ""97"", ""CAMINATA""]",5.0,Ignacio Zaragoza/Ezequiel Montes,20.586463888889,-100.39668187025
2451,25.264999999999997,325,C34,1,18,2,Con transbordo,325 → 319,C34 → C24,Av. Tecnológico/Itq,"[""2451"", ""1471"", ""1470"", ""1469"", ""1439"", ""1438"", ""2537"", ""1920"", ""1921"", ""4241"", ""2310"", ""2311"", ""2312"", ""2313"", ""2314"", ""2315"", ""5194"", ""ESTACION_CORREGIDORA_SUR""]","[""325"", ""325"", ""325"", ""325"", ""325"", ""325"", ""325"", ""325"", ""325"", ""325"", ""325"", ""325"", ""325"", ""319"", ""319"", ""319"", ""CAMINATA""]",5.0,Av. Cimatario/Constituyentes,20.586619722597,-100.37492801215
2954,25.28166666666667,338,C48,1,15,2,Con transbordo,338 → 319,C48 → C24,Vicente Guerrero,"[""2954"", ""1879"", ""1918"", ""1919"", ""1920"", ""1921"", ""4241"", ""2310"", ""2311"", ""2312"", ""2313"", ""2314"", ""2315"", ""5194"", ""ESTACION_CORREGIDORA_SUR""]","[""338"", ""338"", ""338"", ""319"", ""319"", ""319"", ""319"", ""319"", ""319"", ""319"", ""319"", ""319"", ""319"", ""CAMINATA""]",5.0,Calle Manuel Acuña/Av. 20 de Noviembre,20.59221846,-100.3843739
2478,25.468749999999996,334,C43,0,18,1,Directa,334,C43,,"[""2478"", ""2308"", ""2028"", ""2029"", ""2030"", ""2031"", ""2309"", ""1919"", ""1920"", ""1921"", ""4241"", ""2310"", ""2311"", ""2312"", ""2313"", ""2314"", ""2315"", ""ESTACION_CORREGIDORA_SUR""]","[""334"", ""334"", ""334"", ""334"", ""334"", ""334"", ""334"", ""334"", ""334"", ""334"", ""334"", ""334"", ""334"", ""334"", ""334"", ""334"", ""CAMINATA""]",5.0,Cto Mosés Solana/Luis Pasteur Asupizo,20.574984317411,-100.38328846169
1762,25.481666666666666,336,C46,1,17,2,Con transbordo,336 → 319,C46 → C24,Av. Tecnológico/José María Arteaga,"[""1762"", ""1763"", ""2200"", ""4430"", ""1764"", ""1765"", ""1766"", ""2201"", ""4241"", ""2310"", ""2311"", ""2312"", ""2313"", ""2314"", ""2315"", ""5194"", ""ESTACION_CORREGIDORA_SUR""]","[""336"", ""336"", ""336"", ""336"", ""336"", ""336"", ""336"", ""336"", ""319"", ""319"", ""319"", ""319"", ""319"", ""319"", ""319"", ""CAMINATA""]",5.0,Prol. Zaragoza/Paseo de Las Plazas,20.569997332138,-100.41499627584
1472,25.514999999999997,325,C34,1,18,2,Con transbordo,325 → 319,C34 → C24,Av. Tecnológico/Itq,"[""1472"", ""1471"", ""1470"", ""1469"", ""1439"", ""1438"", ""2537"", ""1920"", ""1921"", ""4241"", ""2310"", ""2311"", ""2312"", ""2313"", ""2314"", ""2315"", ""5194"", ""ESTACION_CORREGIDORA_SUR""]","[""325"", ""325"", ""325"", ""325"", ""325"", ""325"", ""325"", ""325"", ""325"", ""325"", ""325"", ""325"", ""325"", ""319"", ""319"", ""319"", ""CAMINATA""]",5.0,Carretas,20.588051,-100.369241
5181,25.515000000000004,319,C24,0,21,1,Directa,319,C24,,"[""5181"", ""5182"", ""5183"", ""2308"", ""2028"", ""2029"", ""2030"", ""2031"", ""2309"", ""1919"", ""1920"", ""1921"", ""4241"", ""2310"", ""2311"", ""2312"", ""2313"", ""2314"", ""2315"", ""5194"", ""ESTACION_CORREGIDORA_SUR""]","[""319"", ""319"", ""319"", ""319"", ""319"", ""319"", ""319"", ""319"", ""319"", ""319"", ""319"", ""319"", ""319"", ""319"", ""319"", ""319"", ""319"", ""319"", ""319"", ""CAMINATA""]",5.0,Av. 4/Unidad Deportiva José María Truchuelo,20.571151528329,-100.400223362
2219,25.835416666666667,341,C51,0,17,1,Directa,341,C51,,"[""2219"", ""2032"", ""2023"", ""2024"", ""2856"", ""1918"", ""1919"", ""1920"", ""1921"", ""4241"", ""2310"", ""2311"", ""2312"", ""2313"", ""2314"", ""2315"", ""ESTACION_CORREGIDORA_SUR""]","[""341"", ""341"", ""341"", ""341"", ""341"", ""341"", ""341"", ""341"", ""341"", ""341"", ""341"", ""341"", ""341"", ""341"", ""341"", ""CAMINATA""]",5.0,Prol. Luis Pasteur/Palenque,20.579655788488,-100.38290965332
2419,25.898333333333333,338,C48,1,13,2,Con transbordo,338 → 319,C48 → C24,Av. Tecnológico/José María Arteaga,"[""2419"", ""5180"", ""2672"", ""2201"", ""4241"", ""2310"", ""2311"", ""2312"", ""2313"", ""2314"", ""2315"", ""5194"", ""ESTACION_CORREGIDORA_SUR""]","[""338"", ""338"", ""338"", ""338"", ""319"", ""319"", ""319"", ""319"", ""319"", ""319"", ""319"", ""CAMINATA""]",5.0,Blvd. de Las Américas/Calle José Ma. Lozano,20.56395233,-100.4000577
2450,26.081666666666663,325,C34,1,19,2,Con transbordo,325 → 319,C34 → C24,Av. Tecnológico/Itq,"[""2450"", ""2451"", ""1471"", ""1470"", ""1469"", ""1439"", ""1438"", ""2537"", ""1920"", ""1921"", ""4241"", ""2310"", ""2311"", ""2312"", ""2313"", ""2314"", ""2315"", ""5194"", ""ESTACION_CORREGIDORA_SUR""]","[""325"", ""325"", ""325"", ""325"", ""325"", ""325"", ""325"", ""325"", ""325"", ""325"", ""325"", ""325"", ""325"", ""325"", ""319"", ""319"", ""319"", ""CAMINATA""]",5.0,Av Cimatario/Ingenieros,20.5830514,-100.3742962
1305,26.27708333333333,90,L51,1,14,2,Con transbordo,90 → 97,L51 → C22,Constitución de 1917,"[""1305"", ""1306"", ""1432"", ""1433"", ""1434"", ""3297"", ""4241"", ""2310"", ""2311"", ""2312"", ""2313"", ""2314"", ""2315"", ""ESTACION_CORREGIDORA_SUR""]","[""90"", ""90"", ""90"", ""90"", ""97"", ""97"", ""97"", ""97"", ""97"", ""97"", ""97"", ""97"", ""CAMINATA""]",5.0,Deportivo,20.555694483731,-100.41961630112
2953,26.448333333333338,338,C48,1,16,2,Con transbordo,338 → 319,C48 → C24,Vicente Guerrero,"[""2953"", ""2954"", ""1879"", ""1918"", ""1919"", ""1920"", ""1921"", ""4241"", ""2310"", ""2311"", ""2312"", ""2313"", ""2314"", ""2315"", ""5194"", ""ESTACION_CORREGIDORA_SUR""]","[""338"", ""338"", ""338"", ""338"", ""319"", ""319"", ""319"", ""319"", ""319"", ""319"", ""319"", ""319"", ""319"", ""319"", ""CAMINATA""]",5.0,Calle Manuel Gutiérrez Nájera/Calle 5 de Mayo,20.59492053,-100.3855932
1923,26.518749999999997,98,C23,1,13,2,Con transbordo,98 → 97,C23 → C22,Av. Tecnológico/Fernando Loyola,"[""1923"", ""1924"", ""1437"", ""1440"", ""3297"", ""4241"", ""2310"", ""2311"", ""2312"", ""2313"", ""2314"", ""2315"", ""ESTACION_CORREGIDORA_SUR""]","[""98"", ""98"", ""98"", ""98"", ""97"", ""97"", ""97"", ""97"", ""97"", ""97"", ""97"", ""CAMINATA""]",5.0,Ignacio Zaragoza/Ignacio Perez,20.585446759438,-100.39968092471
1477,26.53541666666667,256,T12,1,12,2,Con transbordo,256 → 355,T12 → C69,Río Querétaro,"[""1477"", ""2978"", ""2979"", ""2980"", ""2981"", ""3222"", ""3223"", ""3726"", ""3224"", ""2314"", ""2315"", ""ESTACION_CORREGIDORA_SUR""]","[""256"", ""256"", ""256"", ""256"", ""355"", ""355"", ""355"", ""355"", ""355"", ""355"", ""CAMINATA""]",5.0,Constitución de 1917,20.5792526773,-100.40065588896
2199,26.548333333333332,336,C46,1,18,2,Con transbordo,336 → 319,C46 → C24,Av. Tecnológico/José María Arteaga,"[""2199"", ""1762"", ""1763"", ""2200"", ""4430"", ""1764"", ""1765"", ""1766"", ""2201"", ""4241"", ""2310"", ""2311"", ""2312"", ""2313"", ""2314"", ""2315"", ""5194"", ""ESTACION_CORREGIDORA_SUR""]","[""336"", ""336"", ""336"", ""336"", ""336"", ""336"", ""336"", ""336"", ""336"", ""319"", ""319"", ""319"", ""319"", ""319"", ""319"", ""319"", ""CAMINATA""]",5.0,Prol. Zaragoza/Blvd. Hacienda del Jacal,20.56638051,-100.4147615
2021,26.714999999999996,325,C34,1,20,2,Con transbordo,325 → 319,C34 → C24,Av. Tecnológico/Itq,"[""2021"", ""2450"", ""2451"", ""1471"", ""1470"", ""1469"", ""1439"", ""1438"", ""2537"", ""1920"", ""1921"", ""4241"", ""2310"", ""2311"", ""2312"", ""2313"", ""2314"", ""2315"", ""5194"", ""ESTACION_CORREGIDORA_SUR""]","[""325"", ""325"", ""325"", ""325"", ""325"", ""325"", ""325"", ""325"", ""325"", ""325"", ""325"", ""325"", ""325"", ""325"", ""325"", ""319"", ""319"", ""319"", ""CAMINATA""]",5.0,Plaza del Cimatario/Abogados,20.58025984566,-100.37404018612
2418,26.731666666666666,338,C48,1,14,2,Con transbordo,338 → 319,C48 → C24,Av. Tecnológico/José María Arteaga,"[""2418"", ""2419"", ""5180"", ""2672"", ""2201"", ""4241"", ""2310"", ""2311"", ""2312"", ""2313"", ""2314"", ""2315"", ""5194"", ""ESTACION_CORREGIDORA_SUR""]","[""338"", ""338"", ""338"", ""338"", ""338"", ""319"", ""319"", ""319"", ""319"", ""319"", ""319"", ""319"", ""CAMINATA""]",5.0,Blvd. de Las Américas/Carlos Esquerro,20.56138989,-100.398738
2629,26.768749999999997,334,C43,0,19,1,Directa,334,C43,,"[""2629"", ""2478"", ""2308"", ""2028"", ""2029"", ""2030"", ""2031"", ""2309"", ""1919"", ""1920"", ""1921"", ""4241"", ""2310"", ""2311"", ""2312"", ""2313"", ""2314"", ""2315"", ""ESTACION_CORREGIDORA_SUR""]","[""334"", ""334"", ""334"", ""334"", ""334"", ""334"", ""334"", ""334"", ""334"", ""334"", ""334"", ""334"", ""334"", ""334"", ""334"", ""334"", ""334"", ""CAMINATA""]",5.0,Cto. Moisés Solana/Mimiahuapan,20.57151195,-100.3833044
1436,26.827083333333334,338,C48,1,13,2,Con transbordo,338 → 97,C48 → C22,Jardines,"[""1436"", ""1432"", ""1433"", ""1434"", ""3297"", ""4241"", ""2310"", ""2311"", ""2312"", ""2313"", ""2314"", ""2315"", ""ESTACION_CORREGIDORA_SUR""]","[""338"", ""97"", ""97"", ""97"", ""97"", ""97"", ""97"", ""97"", ""97"", ""97"", ""97"", ""CAMINATA""]",5.0,Jardines,20.570235158914,-100.40812665466
1882,26.865000000000002,370,T02,1,16,2,Con transbordo,370 → 319,T02 → C24,Vicente Guerrero,"[""1882"", ""1881"", ""1879"", ""1918"", ""1919"", ""1920"", ""1921"", ""4241"", ""2310"", ""2311"", ""2312"", ""2313"", ""2314"", ""2315"", ""5194"", ""ESTACION_CORREGIDORA_SUR""]","[""370"", ""370"", ""370"", ""370"", ""319"", ""319"", ""319"", ""319"", ""319"", ""319"", ""319"", ""319"", ""319"", ""319"", ""CAMINATA""]",5.0,Calz. de Los Arcos/Notaría Pública 4,20.592850267804,-100.37782767496
2020,27.064999999999998,325,C34,1,21,2,Con transbordo,325 → 319,C34 → C24,Av. Tecnológico/Itq,"[""2020"", ""2021"", ""2450"", ""2451"", ""1471"", ""1470"", ""1469"", ""1439"", ""1438"", ""2537"", ""1920"", ""1921"", ""4241"", ""2310"", ""2311"", ""2312"", ""2313"", ""2314"", ""2315"", ""5194"", ""ESTACION_CORREGIDORA_SUR""]","[""325"", ""325"", ""325"", ""325"", ""325"", ""325"", ""325"", ""325"", ""325"", ""325"", ""325"", ""325"", ""325"", ""325"", ""325"", ""325"", ""319"", ""319"", ""319"", ""CAMINATA""]",5.0,Avenida Cimatario/Mega Comercial,20.5787666,-100.373988
2452,27.065000000000005,134,C26,1,17,2,Con transbordo,134 → 319,C26 → C24,Vicente Guerrero,"[""2452"", ""2453"", ""1881"", ""1879"", ""1918"", ""1919"", ""1920"", ""1921"", ""4241"", ""2310"", ""2311"", ""2312"", ""2313"", ""2314"", ""2315"", ""5194"", ""ESTACION_CORREGIDORA_SUR""]","[""134"", ""134"", ""134"", ""134"", ""134"", ""319"", ""319"", ""319"", ""319"", ""319"", ""319"", ""319"", ""319"", ""319"", ""319"", ""CAMINATA""]",5.0,Francisco Gonzalez de Cosio/20 de Noviembre,20.587960705761,-100.3759883183
2412,27.065000000000005,138,C30,1,20,2,Con transbordo,138 → 319,C30 → C24,Corregidora/Luis M Vega y Monroy,"[""2412"", ""2478"", ""2308"", ""2028"", ""2029"", ""2030"", ""2031"", ""2309"", ""1919"", ""1920"", ""1921"", ""4241"", ""2310"", ""2311"", ""2312"", ""2313"", ""2314"", ""2315"", ""5194"", ""ESTACION_CORREGIDORA_SUR""]","[""138"", ""138"", ""319"", ""319"", ""319"", ""319"", ""319"", ""319"", ""319"", ""319"", ""319"", ""319"", ""319"", ""319"", ""319"", ""319"", ""319"", ""319"", ""CAMINATA""]",5.0,Circ. Moisés Solana/Pasteur Sur Bbva,20.575153408719,-100.38248439685
1304,27.143749999999997,90,L51,1,15,2,Con transbordo,90 → 97,L51 → C22,Constitución de 1917,"[""1304"", ""1305"", ""1306"", ""1432"", ""1433"", ""1434"", ""3297"", ""4241"", ""2310"", ""2311"", ""2312"", ""2313"", ""2314"", ""2315"", ""ESTACION_CORREGIDORA_SUR""]","[""90"", ""90"", ""90"", ""90"", ""90"", ""97"", ""97"", ""97"", ""97"", ""97"", ""97"", ""97"", ""97"", ""CAMINATA""]",5.0,Tejeda,20.550430606221,-100.42388883063
2307,27.181666666666672,326,C35,1,19,2,Con transbordo,326 → 319,C35 → C24,Corregidora/Luis M Vega y Monroy,"[""2307"", ""2308"", ""2028"", ""2029"", ""2030"", ""2031"", ""2309"", ""1919"", ""1920"", ""1921"", ""4241"", ""2310"", ""2311"", ""2312"", ""2313"", ""2314"", ""2315"", ""5194"", ""ESTACION_CORREGIDORA_SUR""]","[""326"", ""319"", ""319"", ""319"", ""319"", ""319"", ""319"", ""319"", ""319"", ""319"", ""319"", ""319"", ""319"", ""319"", ""319"", ""319"", ""319"", ""CAMINATA""]",5.0,Calle 1/San Mateo Atenco,20.57409496,-100.3874526
5229,27.202083333333334,374,T06,1,12,2,Con transbordo,374 → 355,T06 → C69,Río Querétaro,"[""5229"", ""2978"", ""2979"", ""2980"", ""2981"", ""3222"", ""3223"", ""3726"", ""3224"", ""2314"", ""2315"", ""ESTACION_CORREGIDORA_SUR""]","[""374"", ""374"", ""374"", ""374"", ""355"", ""355"", ""355"", ""355"", ""355"", ""355"", ""CAMINATA""]",5.0,Lateral Carr. Federal 57/Calle Reforma Agraria,20.57529187607,-100.39632100984
1476,27.231666666666662,325,C34,1,19,2,Con transbordo,325 → 319,C34 → C24,Av. Tecnológico/Itq,"[""1476"", ""1472"", ""1471"", ""1470"", ""1469"", ""1439"", ""1438"", ""2537"", ""1920"", ""1921"", ""4241"", ""2310"", ""2311"", ""2312"", ""2313"", ""2314"", ""2315"", ""5194"", ""ESTACION_CORREGIDORA_SUR""]","[""325"", ""325"", ""325"", ""325"", ""325"", ""325"", ""325"", ""325"", ""325"", ""325"", ""325"", ""325"", ""325"", ""325"", ""319"", ""319"", ""319"", ""CAMINATA""]",5.0,Bicentenario,20.589589837778,-100.36127427823
4393,27.281666666666666,336,C46,1,19,2,Con transbordo,336 → 319,C46 → C24,Av. Tecnológico/José María Arteaga,"[""4393"", ""2199"", ""1762"", ""1763"", ""2200"", ""4430"", ""1764"", ""1765"", ""1766"", ""2201"", ""4241"", ""2310"", ""2311"", ""2312"", ""2313"", ""2314"", ""2315"", ""5194"", ""ESTACION_CORREGIDORA_SUR""]","[""336"", ""336"", ""336"", ""336"", ""336"", ""336"", ""336"", ""336"", ""336"", ""336"", ""319"", ""319"", ""319"", ""319"", ""319"", ""319"", ""319"", ""CAMINATA""]",5.0,Prol. Av. Zaragoza/Hacienda de San Idelfonso,20.563900505256,-100.41460539654
3234,27.293749999999996,353,C65,1,16,2,Con transbordo,353 → 345,C65 → C55,Carr. Campo Militar/Querétaro Park Iii,"[""3234"", ""3235"", ""3236"", ""2602"", ""4253"", ""3237"", ""3222"", ""3223"", ""3726"", ""3224"", ""2314"", ""2315"", ""5194"", ""2316"", ""5200"", ""ESTACION_CORREGIDORA_SUR""]","[""353"", ""353"", ""353"", ""353"", ""345"", ""345"", ""345"", ""345"", ""345"", ""345"", ""345"", ""345"", ""345"", ""345"", ""CAMINATA""]",5.0,Hacienda San Juan/Segunda Privada de San Germán,20.59622793,-100.4348668
2019,27.298333333333332,325,C34,1,22,2,Con transbordo,325 → 319,C34 → C24,Av. Tecnológico/Itq,"[""2019"", ""2020"", ""2021"", ""2450"", ""2451"", ""1471"", ""1470"", ""1469"", ""1439"", ""1438"", ""2537"", ""1920"", ""1921"", ""4241"", ""2310"", ""2311"", ""2312"", ""2313"", ""2314"", ""2315"", ""5194"", ""ESTACION_CORREGIDORA_SUR""]","[""325"", ""325"", ""325"", ""325"", ""325"", ""325"", ""325"", ""325"", ""325"", ""325"", ""325"", ""325"", ""325"", ""325"", ""325"", ""325"", ""325"", ""319"", ""319"", ""319"", ""CAMINATA""]",5.0,Luis Vega y Monroy/ Mega Comercial,20.57781,-100.37374
2218,27.502083333333335,341,C51,0,18,1,Directa,341,C51,,"[""2218"", ""2219"", ""2032"", ""2023"", ""2024"", ""2856"", ""1918"", ""1919"", ""1920"", ""1921"", ""4241"", ""2310"", ""2311"", ""2312"", ""2313"", ""2314"", ""2315"", ""ESTACION_CORREGIDORA_SUR""]","[""341"", ""341"", ""341"", ""341"", ""341"", ""341"", ""341"", ""341"", ""341"", ""341"", ""341"", ""341"", ""341"", ""341"", ""341"", ""341"", ""CAMINATA""]",5.0,Pasteur Sur/Luis Vega y Monroy,20.575445110065,-100.38260235373
2306,27.615000000000006,326,C35,1,20,2,Con transbordo,326 → 319,C35 → C24,Corregidora/Luis M Vega y Monroy,"[""2306"", ""2307"", ""2308"", ""2028"", ""2029"", ""2030"", ""2031"", ""2309"", ""1919"", ""1920"", ""1921"", ""4241"", ""2310"", ""2311"", ""2312"", ""2313"", ""2314"", ""2315"", ""5194"", ""ESTACION_CORREGIDORA_SUR""]","[""326"", ""326"", ""319"", ""319"", ""319"", ""319"", ""319"", ""319"", ""319"", ""319"", ""319"", ""319"", ""319"", ""319"", ""319"", ""319"", ""319"", ""319"", ""CAMINATA""]",5.0,Av. 8/Calle 3,20.57279897,-100.3875642
1922,27.61875,98,C23,1,14,2,Con transbordo,98 → 97,C23 → C22,Av. Tecnológico/Fernando Loyola,"[""1922"", ""1923"", ""1924"", ""1437"", ""1440"", ""3297"", ""4241"", ""2310"", ""2311"", ""2312"", ""2313"", ""2314"", ""2315"", ""ESTACION_CORREGIDORA_SUR""]","[""98"", ""98"", ""98"", ""98"", ""98"", ""97"", ""97"", ""97"", ""97"", ""97"", ""97"", ""97"", ""CAMINATA""]",5.0,Ignacio Zaragoza/Tecnologico,20.584491148286,-100.40237715444
2296,27.631666666666664,338,C48,1,15,2,Con transbordo,338 → 319,C48 → C24,Av. Tecnológico/José María Arteaga,"[""2296"", ""2418"", ""2419"", ""5180"", ""2672"", ""2201"", ""4241"", ""2310"", ""2311"", ""2312"", ""2313"", ""2314"", ""2315"", ""5194"", ""ESTACION_CORREGIDORA_SUR""]","[""338"", ""338"", ""338"", ""338"", ""338"", ""338"", ""319"", ""319"", ""319"", ""319"", ""319"", ""319"", ""319"", ""CAMINATA""]",5.0,Blvd. de Las Américas/Calle Antonio Carranza,20.5585882,-100.3972941
2232,27.718749999999996,334,C43,0,20,1,Directa,334,C43,,"[""2232"", ""2629"", ""2478"", ""2308"", ""2028"", ""2029"", ""2030"", ""2031"", ""2309"", ""1919"", ""1920"", ""1921"", ""4241"", ""2310"", ""2311"", ""2312"", ""2313"", ""2314"", ""2315"", ""ESTACION_CORREGIDORA_SUR""]","[""334"", ""334"", ""334"", ""334"", ""334"", ""334"", ""334"", ""334"", ""334"", ""334"", ""334"", ""334"", ""334"", ""334"", ""334"", ""334"", ""334"", ""334"", ""CAMINATA""]",5.0,Cto Moisés Solana/Tomasa Estévez,20.572887477048,-100.38558241697
1474,27.764999999999997,325,C34,1,20,2,Con transbordo,325 → 319,C34 → C24,Av. Tecnológico/Itq,"[""1474"", ""1476"", ""1472"", ""1471"", ""1470"", ""1469"", ""1439"", ""1438"", ""2537"", ""1920"", ""1921"", ""4241"", ""2310"", ""2311"", ""2312"", ""2313"", ""2314"", ""2315"", ""5194"", ""ESTACION_CORREGIDORA_SUR""]","[""325"", ""325"", ""325"", ""325"", ""325"", ""325"", ""325"", ""325"", ""325"", ""325"", ""325"", ""325"", ""325"", ""325"", ""325"", ""319"", ""319"", ""319"", ""CAMINATA""]",5.0,Bicentenario,20.58921746773,-100.35881826912
2265,27.785416666666666,374,T06,1,13,2,Con transbordo,374 → 355,T06 → C69,Río Querétaro,"[""2265"", ""5229"", ""2978"", ""2979"", ""2980"", ""2981"", ""3222"", ""3223"", ""3726"", ""3224"", ""2314"", ""2315"", ""ESTACION_CORREGIDORA_SUR""]","[""374"", ""374"", ""374"", ""374"", ""374"", ""355"", ""355"", ""355"", ""355"", ""355"", ""355"", ""CAMINATA""]",5.0,Lateral Carr. Federal 57/Roque Rubio,20.575699,-100.394279
2264,27.815,336,C46,1,20,2,Con transbordo,336 → 319,C46 → C24,Av. Tecnológico/José María Arteaga,"[""2264"", ""4393"", ""2199"", ""1762"", ""1763"", ""2200"", ""4430"", ""1764"", ""1765"", ""1766"", ""2201"", ""4241"", ""2310"", ""2311"", ""2312"", ""2313"", ""2314"", ""2315"", ""5194"", ""ESTACION_CORREGIDORA_SUR""]","[""336"", ""336"", ""336"", ""336"", ""336"", ""336"", ""336"", ""336"", ""336"", ""336"", ""336"", ""319"", ""319"", ""319"", ""319"", ""319"", ""319"", ""319"", ""CAMINATA""]",5.0,Calle Río Usumacinta/Calle 20 de Noviembre,20.562331,-100.41364
2522,27.898333333333337,356,L108,1,14,2,Con transbordo,356 → 319,L108 → C24,Avenida Ignacio Zaragoza/Comercial Mexicana,"[""2522"", ""2343"", ""2344"", ""2345"", ""1921"", ""4241"", ""2310"", ""2311"", ""2312"", ""2313"", ""2314"", ""2315"", ""5194"", ""ESTACION_CORREGIDORA_SUR""]","[""356"", ""356"", ""356"", ""356"", ""319"", ""319"", ""319"", ""319"", ""319"", ""319"", ""319"", ""319"", ""CAMINATA""]",5.0,Miguel Hidalgo/Ignacio Pérez,20.591573603724,-100.40197816756
1883,27.93166666666667,370,T02,1,17,2,Con transbordo,370 → 319,T02 → C24,Vicente Guerrero,"[""1883"", ""1882"", ""1881"", ""1879"", ""1918"", ""1919"", ""1920"", ""1921"", ""4241"", ""2310"", ""2311"", ""2312"", ""2313"", ""2314"", ""2315"", ""5194"", ""ESTACION_CORREGIDORA_SUR""]","[""370"", ""370"", ""370"", ""370"", ""370"", ""319"", ""319"", ""319"", ""319"", ""319"", ""319"", ""319"", ""319"", ""319"", ""319"", ""CAMINATA""]",5.0,Calz. de Los Arcos/Rodríguez Familiar,20.5946968,-100.3753213
4100,28.00208333333333,356,L108,1,14,2,Con transbordo,356 → 333,L108 → C42,Prol. Zaragoza/Paseo 5 de Febrero,"[""4100"", ""1766"", ""2201"", ""4241"", ""2310"", ""3570"", ""3571"", ""3572"", ""2311"", ""2312"", ""2313"", ""2314"", ""2315"", ""ESTACION_CORREGIDORA_SUR""]","[""356"", ""333"", ""333"", ""333"", ""333"", ""333"", ""333"", ""333"", ""333"", ""333"", ""333"", ""333"", ""CAMINATA""]",5.0,Las Torres,20.585835574472,-100.41257870457
2411,28.03166666666667,138,C30,1,21,2,Con transbordo,138 → 319,C30 → C24,Corregidora/Luis M Vega y Monroy,"[""2411"", ""2412"", ""2478"", ""2308"", ""2028"", ""2029"", ""2030"", ""2031"", ""2309"", ""1919"", ""1920"", ""1921"", ""4241"", ""2310"", ""2311"", ""2312"", ""2313"", ""2314"", ""2315"", ""5194"", ""ESTACION_CORREGIDORA_SUR""]","[""138"", ""138"", ""138"", ""319"", ""319"", ""319"", ""319"", ""319"", ""319"", ""319"", ""319"", ""319"", ""319"", ""319"", ""319"", ""319"", ""319"", ""319"", ""319"", ""CAMINATA""]",5.0,Cto Moises Solana/Paseo de Los Romancero (Prepa Sur),20.575663164237,-100.37984289469
2305,28.031666666666673,326,C35,1,21,2,Con transbordo,326 → 319,C35 → C24,Corregidora/Luis M Vega y Monroy,"[""2305"", ""2306"", ""2307"", ""2308"", ""2028"", ""2029"", ""2030"", ""2031"", ""2309"", ""1919"", ""1920"", ""1921"", ""4241"", ""2310"", ""2311"", ""2312"", ""2313"", ""2314"", ""2315"", ""5194"", ""ESTACION_CORREGIDORA_SUR""]","[""326"", ""326"", ""326"", ""319"", ""319"", ""319"", ""319"", ""319"", ""319"", ""319"", ""319"", ""319"", ""319"", ""319"", ""319"", ""319"", ""319"", ""319"", ""319"", ""CAMINATA""]",5.0,Av. 8/Calle 9,20.5724842,-100.3888586
2295,28.048333333333332,338,C48,1,16,2,Con transbordo,338 → 319,C48 → C24,Av. Tecnológico/José María Arteaga,"[""2295"", ""2296"", ""2418"", ""2419"", ""5180"", ""2672"", ""2201"", ""4241"", ""2310"", ""2311"", ""2312"", ""2313"", ""2314"", ""2315"", ""5194"", ""ESTACION_CORREGIDORA_SUR""]","[""338"", ""338"", ""338"", ""338"", ""338"", ""338"", ""338"", ""319"", ""319"", ""319"", ""319"", ""319"", ""319"", ""319"", ""CAMINATA""]",5.0,Blvd. de Las Américas/Calle Enrique Bordes Manguel,20.557316,-100.39664
2018,28.064999999999998,325,C34,1,23,2,Con transbordo,325 → 319,C34 → C24,Av. Tecnológico/Itq,"[""2018"", ""2019"", ""2020"", ""2021"", ""2450"", ""2451"", ""1471"", ""1470"", ""1469"", ""1439"", ""1438"", ""2537"", ""1920"", ""1921"", ""4241"", ""2310"", ""2311"", ""2312"", ""2313"", ""2314"", ""2315"", ""5194"", ""ESTACION_CORREGIDORA_SUR""]","[""325"", ""325"", ""325"", ""325"", ""325"", ""325"", ""325"", ""325"", ""325"", ""325"", ""325"", ""325"", ""325"", ""325"", ""325"", ""325"", ""325"", ""325"", ""319"", ""319"", ""319"", ""CAMINATA""]",5.0,Luis Vega y Monroy/Hospital de Especialidades,20.578626098981,-100.37025626864
2217,28.081666666666667,376,T08,1,20,2,Con transbordo,376 → 319,T08 → C24,Vicente Guerrero,"[""2217"", ""2218"", ""2219"", ""2032"", ""2023"", ""2024"", ""2856"", ""1918"", ""1919"", ""1920"", ""1921"", ""4241"", ""2310"", ""2311"", ""2312"", ""2313"", ""2314"", ""2315"", ""5194"", ""ESTACION_CORREGIDORA_SUR""]","[""376"", ""376"", ""376"", ""376"", ""376"", ""376"", ""376"", ""376"", ""319"", ""319"", ""319"", ""319"", ""319"", ""319"", ""319"", ""319"", ""319"", ""319"", ""CAMINATA""]",5.0,Av. Luis Pasteur Sur/Calle Manuela Medina,20.57387997,-100.382646
3233,28.160416666666663,353,C65,1,17,2,Con transbordo,353 → 345,C65 → C55,Carr. Campo Militar/Querétaro Park Iii,"[""3233"", ""3234"", ""3235"", ""3236"", ""2602"", ""4253"", ""3237"", ""3222"", ""3223"", ""3726"", ""3224"", ""2314"", ""2315"", ""5194"", ""2316"", ""5200"", ""ESTACION_CORREGIDORA_SUR""]","[""353"", ""353"", ""353"", ""353"", ""353"", ""345"", ""345"", ""345"", ""345"", ""345"", ""345"", ""345"", ""345"", ""345"", ""345"", ""CAMINATA""]",5.0,Hacienda San Juan/Hacienda Parian,20.59770605,-100.4349637
1884,28.21291666666667,409,L164,1,10,2,Con transbordo,409 → 345,L164 → C55,Av. Universidad/Escuela Normal,"[""1884"", ""2204"", ""2550"", ""2551"", ""2956"", ""2552"", ""2393"", ""2394"", ""2680"", ""ESTACION_CORREGIDORA_SUR""]","[""409"", ""409"", ""345"", ""345"", ""345"", ""345"", ""345"", ""345"", ""CAMINATA""]",5.0,Bernardo Quintana/Calz. de Los Arcos,20.597343572806,-100.37252488222
1473,28.264999999999997,325,C34,1,21,2,Con transbordo,325 → 319,C34 → C24,Av. Tecnológico/Itq,"[""1473"", ""1474"", ""1476"", ""1472"", ""1471"", ""1470"", ""1469"", ""1439"", ""1438"", ""2537"", ""1920"", ""1921"", ""4241"", ""2310"", ""2311"", ""2312"", ""2313"", ""2314"", ""2315"", ""5194"", ""ESTACION_CORREGIDORA_SUR""]","[""325"", ""325"", ""325"", ""325"", ""325"", ""325"", ""325"", ""325"", ""325"", ""325"", ""325"", ""325"", ""325"", ""325"", ""325"", ""325"", ""319"", ""319"", ""319"", ""CAMINATA""]",5.0,Prol. Constituyentes Oriente/Monte Sinaí,20.589359628197,-100.36116527451
1303,28.310416666666665,90,L51,1,16,2,Con transbordo,90 → 97,L51 → C22,Constitución de 1917,"[""1303"", ""1304"", ""1305"", ""1306"", ""1432"", ""1433"", ""1434"", ""3297"", ""4241"", ""2310"", ""2311"", ""2312"", ""2313"", ""2314"", ""2315"", ""ESTACION_CORREGIDORA_SUR""]","[""90"", ""90"", ""90"", ""90"", ""90"", ""90"", ""97"", ""97"", ""97"", ""97"", ""97"", ""97"", ""97"", ""97"", ""CAMINATA""]",5.0,Pueblo Nuevo,20.543366740993,-100.42972318897
2304,28.431666666666672,326,C35,1,22,2,Con transbordo,326 → 319,C35 → C24,Corregidora/Luis M Vega y Monroy,"[""2304"", ""2305"", ""2306"", ""2307"", ""2308"", ""2028"", ""2029"", ""2030"", ""2031"", ""2309"", ""1919"", ""1920"", ""1921"", ""4241"", ""2310"", ""2311"", ""2312"", ""2313"", ""2314"", ""2315"", ""5194"", ""ESTACION_CORREGIDORA_SUR""]","[""326"", ""326"", ""326"", ""326"", ""319"", ""319"", ""319"", ""319"", ""319"", ""319"", ""319"", ""319"", ""319"", ""319"", ""319"", ""319"", ""319"", ""319"", ""319"", ""319"", ""CAMINATA""]",5.0,Av. 8/Calle 13,20.57217331,-100.3900836
2294,28.465,338,C48,1,17,2,Con transbordo,338 → 319,C48 → C24,Av. Tecnológico/José María Arteaga,"[""2294"", ""2295"", ""2296"", ""2418"", ""2419"", ""5180"", ""2672"", ""2201"", ""4241"", ""2310"", ""2311"", ""2312"", ""2313"", ""2314"", ""2315"", ""5194"", ""ESTACION_CORREGIDORA_SUR""]","[""338"", ""338"", ""338"", ""338"", ""338"", ""338"", ""338"", ""338"", ""319"", ""319"", ""319"", ""319"", ""319"", ""319"", ""319"", ""CAMINATA""]",5.0,Blvd. de Las Américas/Calle Antonio Rivera de la Torre,20.55603713,-100.3959843
3023,28.548333333333336,336,C46,1,21,2,Con transbordo,336 → 319,C46 → C24,Av. Tecnológico/José María Arteaga,"[""3023"", ""2264"", ""4393"", ""2199"", ""1762"", ""1763"", ""2200"", ""4430"", ""1764"", ""1765"", ""1766"", ""2201"", ""4241"", ""2310"", ""2311"", ""2312"", ""2313"", ""2314"", ""2315"", ""5194"", ""ESTACION_CORREGIDORA_SUR""]","[""336"", ""336"", ""336"", ""336"", ""336"", ""336"", ""336"", ""336"", ""336"", ""336"", ""336"", ""336"", ""319"", ""319"", ""319"", ""319"", ""319"", ""319"", ""319"", ""CAMINATA""]",5.0,Av. Candiles/Itq Unidad Deportiva,20.56049014,-100.4118995
1761,28.74375,90,L51,1,17,2,Con transbordo,90 → 97,L51 → C22,Constitución de 1917,"[""1761"", ""1303"", ""1304"", ""1305"", ""1306"", ""1432"", ""1433"", ""1434"", ""3297"", ""4241"", ""2310"", ""2311"", ""2312"", ""2313"", ""2314"", ""2315"", ""ESTACION_CORREGIDORA_SUR""]","[""90"", ""90"", ""90"", ""90"", ""90"", ""90"", ""90"", ""97"", ""97"", ""97"", ""97"", ""97"", ""97"", ""97"", ""97"", ""CAMINATA""]",5.0,Av. Paseo Constituyentes/Camino A Los Olvera,20.540737386294,-100.43189466371
2161,28.798333333333336,370,T02,1,18,2,Con transbordo,370 → 319,T02 → C24,Vicente Guerrero,"[""2161"", ""1883"", ""1882"", ""1881"", ""1879"", ""1918"", ""1919"", ""1920"", ""1921"", ""4241"", ""2310"", ""2311"", ""2312"", ""2313"", ""2314"", ""2315"", ""5194"", ""ESTACION_CORREGIDORA_SUR""]","[""370"", ""370"", ""370"", ""370"", ""370"", ""370"", ""319"", ""319"", ""319"", ""319"", ""319"", ""319"", ""319"", ""319"", ""319"", ""319"", ""CAMINATA""]",5.0,Calz. de Los Arcos/Blvd. Bernardo Quintana,20.59616294,-100.3732742
2215,28.88541666666666,321,C27,0,19,1,Directa,321,C27,,"[""2215"", ""2478"", ""2308"", ""2028"", ""2029"", ""2030"", ""2031"", ""2309"", ""1919"", ""1920"", ""1921"", ""4241"", ""2310"", ""2311"", ""2312"", ""2313"", ""2314"", ""2315"", ""ESTACION_CORREGIDORA_SUR""]","[""321"", ""321"", ""321"", ""321"", ""321"", ""321"", ""321"", ""321"", ""321"", ""321"", ""321"", ""321"", ""321"", ""321"", ""321"", ""321"", ""321"", ""CAMINATA""]",5.0,Luis Pasteur Sur/San Diego de Los Padres,20.568179595443,-100.38283297192
2303,28.931666666666672,326,C35,1,23,2,Con transbordo,326 → 319,C35 → C24,Corregidora/Luis M Vega y Monroy,"[""2303"", ""2304"", ""2305"", ""2306"", ""2307"", ""2308"", ""2028"", ""2029"", ""2030"", ""2031"", ""2309"", ""1919"", ""1920"", ""1921"", ""4241"", ""2310"", ""2311"", ""2312"", ""2313"", ""2314"", ""2315"", ""5194"", ""ESTACION_CORREGIDORA_SUR""]","[""326"", ""326"", ""326"", ""326"", ""326"", ""319"", ""319"", ""319"", ""319"", ""319"", ""319"", ""319"", ""319"", ""319"", ""319"", ""319"", ""319"", ""319"", ""319"", ""319"", ""319"", ""CAMINATA""]",5.0,Av. 8/Calle 19,20.57178464,-100.39165
2191,29.010416666666668,338,C48,1,14,2,Con transbordo,338 → 97,C48 → C22,Jardines,"[""2191"", ""1436"", ""1432"", ""1433"", ""1434"", ""3297"", ""4241"", ""2310"", ""2311"", ""2312"", ""2313"", ""2314"", ""2315"", ""ESTACION_CORREGIDORA_SUR""]","[""338"", ""338"", ""97"", ""97"", ""97"", ""97"", ""97"", ""97"", ""97"", ""97"", ""97"", ""97"", ""CAMINATA""]",5.0,Plaza de Toros,20.574612667898,-100.40455977625
1302,29.07708333333333,90,L51,1,18,2,Con transbordo,90 → 97,L51 → C22,Constitución de 1917,"[""1302"", ""1761"", ""1303"", ""1304"", ""1305"", ""1306"", ""1432"", ""1433"", ""1434"", ""3297"", ""4241"", ""2310"", ""2311"", ""2312"", ""2313"", ""2314"", ""2315"", ""ESTACION_CORREGIDORA_SUR""]","[""90"", ""90"", ""90"", ""90"", ""90"", ""90"", ""90"", ""90"", ""97"", ""97"", ""97"", ""97"", ""97"", ""97"", ""97"", ""97"", ""CAMINATA""]",5.0,El Pueblito,20.538767598995,-100.43350684651
2216,29.081666666666667,376,T08,1,21,2,Con transbordo,376 → 319,T08 → C24,Vicente Guerrero,"[""2216"", ""2217"", ""2218"", ""2219"", ""2032"", ""2023"", ""2024"", ""2856"", ""1918"", ""1919"", ""1920"", ""1921"", ""4241"", ""2310"", ""2311"", ""2312"", ""2313"", ""2314"", ""2315"", ""5194"", ""ESTACION_CORREGIDORA_SUR""]","[""376"", ""376"", ""376"", ""376"", ""376"", ""376"", ""376"", ""376"", ""376"", ""319"", ""319"", ""319"", ""319"", ""319"", ""319"", ""319"", ""319"", ""319"", ""319"", ""CAMINATA""]",5.0,Av. del Parque/Terranova Iv,20.570554672822,-100.38183052466
2616,29.085416666666664,356,L108,1,15,2,Con transbordo,356 → 333,L108 → C42,Prol. Zaragoza/Paseo 5 de Febrero,"[""2616"", ""4100"", ""1766"", ""2201"", ""4241"", ""2310"", ""3570"", ""3571"", ""3572"", ""2311"", ""2312"", ""2313"", ""2314"", ""2315"", ""ESTACION_CORREGIDORA_SUR""]","[""356"", ""356"", ""333"", ""333"", ""333"", ""333"", ""333"", ""333"", ""333"", ""333"", ""333"", ""333"", ""333"", ""CAMINATA""]",5.0,Carr. Tlacote/Av. de Las Torres,20.58645248,-100.4141889
2082,29.129583333333336,409,L164,1,11,2,Con transbordo,409 → 345,L164 → C55,Av. Universidad/Escuela Normal,"[""2082"", ""1884"", ""2204"", ""2550"", ""2551"", ""2956"", ""2552"", ""2393"", ""2394"", ""2680"", ""ESTACION_CORREGIDORA_SUR""]","[""409"", ""409"", ""409"", ""345"", ""345"", ""345"", ""345"", ""345"", ""345"", ""CAMINATA""]",5.0,Calzada de Los Arcos/Bernardo Quintana,20.597525195274,-100.37141491627
2017,29.165,325,C34,1,24,2,Con transbordo,325 → 319,C34 → C24,Av. Tecnológico/Itq,"[""2017"", ""2018"", ""2019"", ""2020"", ""2021"", ""2450"", ""2451"", ""1471"", ""1470"", ""1469"", ""1439"", ""1438"", ""2537"", ""1920"", ""1921"", ""4241"", ""2310"", ""2311"", ""2312"", ""2313"", ""2314"", ""2315"", ""5194"", ""ESTACION_CORREGIDORA_SUR""]","[""325"", ""325"", ""325"", ""325"", ""325"", ""325"", ""325"", ""325"", ""325"", ""325"", ""325"", ""325"", ""325"", ""325"", ""325"", ""325"", ""325"", ""325"", ""325"", ""319"", ""319"", ""319"", ""CAMINATA""]",5.0,Luis Vega y Monroy/Estadio,20.580373403637,-100.36536069772
2293,29.198333333333334,338,C48,1,18,2,Con transbordo,338 → 319,C48 → C24,Av. Tecnológico/José María Arteaga,"[""2293"", ""2294"", ""2295"", ""2296"", ""2418"", ""2419"", ""5180"", ""2672"", ""2201"", ""4241"", ""2310"", ""2311"", ""2312"", ""2313"", ""2314"", ""2315"", ""5194"", ""ESTACION_CORREGIDORA_SUR""]","[""338"", ""338"", ""338"", ""338"", ""338"", ""338"", ""338"", ""338"", ""338"", ""319"", ""319"", ""319"", ""319"", ""319"", ""319"", ""319"", ""CAMINATA""]",5.0,Blvd. de Las Américas/Soriana Mercado,20.55379378,-100.3947507
2970,29.298333333333336,354,C68,1,19,2,Con transbordo,354 → 319,C68 → C24,Vicente Guerrero,"[""2970"", ""2219"", ""2032"", ""2023"", ""2024"", ""2856"", ""1918"", ""1919"", ""1920"", ""1921"", ""4241"", ""2310"", ""2311"", ""2312"", ""2313"", ""2314"", ""2315"", ""5194"", ""ESTACION_CORREGIDORA_SUR""]","[""354"", ""354"", ""354"", ""354"", ""354"", ""354"", ""354"", ""319"", ""319"", ""319"", ""319"", ""319"", ""319"", ""319"", ""319"", ""319"", ""319"", ""CAMINATA""]",5.0,Av. Luis Vega Monrroy/Prol. Luis Pasteur,20.57610435,-100.3823596
2546,29.365000000000006,326,C35,1,24,2,Con transbordo,326 → 319,C35 → C24,Corregidora/Luis M Vega y Monroy,"[""2546"", ""2303"", ""2304"", ""2305"", ""2306"", ""2307"", ""2308"", ""2028"", ""2029"", ""2030"", ""2031"", ""2309"", ""1919"", ""1920"", ""1921"", ""4241"", ""2310"", ""2311"", ""2312"", ""2313"", ""2314"", ""2315"", ""5194"", ""ESTACION_CORREGIDORA_SUR""]","[""326"", ""326"", ""326"", ""326"", ""326"", ""326"", ""319"", ""319"", ""319"", ""319"", ""319"", ""319"", ""319"", ""319"", ""319"", ""319"", ""319"", ""319"", ""319"", ""319"", ""319"", ""319"", ""CAMINATA""]",5.0,Calle 25/Av. 8,20.571361,-100.392992
1301,29.460416666666664,90,L51,1,19,2,Con transbordo,90 → 97,L51 → C22,Constitución de 1917,"[""1301"", ""1302"", ""1761"", ""1303"", ""1304"", ""1305"", ""1306"", ""1432"", ""1433"", ""1434"", ""3297"", ""4241"", ""2310"", ""2311"", ""2312"", ""2313"", ""2314"", ""2315"", ""ESTACION_CORREGIDORA_SUR""]","[""90"", ""90"", ""90"", ""90"", ""90"", ""90"", ""90"", ""90"", ""90"", ""97"", ""97"", ""97"", ""97"", ""97"", ""97"", ""97"", ""97"", ""CAMINATA""]",5.0,Mega,20.5364697986,-100.43539509151
2214,29.55208333333333,321,C27,0,20,1,Directa,321,C27,,"[""2214"", ""2215"", ""2478"", ""2308"", ""2028"", ""2029"", ""2030"", ""2031"", ""2309"", ""1919"", ""1920"", ""1921"", ""4241"", ""2310"", ""2311"", ""2312"", ""2313"", ""2314"", ""2315"", ""ESTACION_CORREGIDORA_SUR""]","[""321"", ""321"", ""321"", ""321"", ""321"", ""321"", ""321"", ""321"", ""321"", ""321"", ""321"", ""321"", ""321"", ""321"", ""321"", ""321"", ""321"", ""321"", ""CAMINATA""]",5.0,Prol. Luis Pasteur/Av. 26,20.5665,-100.3829
3232,29.57708333333333,353,C65,1,18,2,Con transbordo,353 → 345,C65 → C55,Carr. Campo Militar/Querétaro Park Iii,"[""3232"", ""3233"", ""3234"", ""3235"", ""3236"", ""2602"", ""4253"", ""3237"", ""3222"", ""3223"", ""3726"", ""3224"", ""2314"", ""2315"", ""5194"", ""2316"", ""5200"", ""ESTACION_CORREGIDORA_SUR""]","[""353"", ""353"", ""353"", ""353"", ""353"", ""353"", ""345"", ""345"", ""345"", ""345"", ""345"", ""345"", ""345"", ""345"", ""345"", ""345"", ""CAMINATA""]",5.0,Hacienda Tequisquiapan/Hacienda Jaral de Penas,20.59981913,-100.4337106
2244,29.67708333333333,329,C38,2,18,3,Con transbordo,329 → 326 → 344,C38 → C35 → C54,Avenida Ignacio Zaragoza/Calle Manuel Altamirano → Av. Universidad/Hospital Sagrado Corazón de Jesús,"[""2244"", ""1895"", ""1896"", ""1897"", ""2454"", ""2453"", ""2547"", ""2548"", ""2549"", ""2550"", ""2551"", ""2956"", ""2552"", ""2393"", ""2394"", ""2316"", ""5200"", ""ESTACION_CORREGIDORA_SUR""]","[""329"", ""326"", ""326"", ""326"", ""326"", ""326"", ""326"", ""326"", ""326"", ""326"", ""326"", ""326"", ""344"", ""344"", ""344"", ""344"", ""CAMINATA""]",5.0,Alameda/Pasteur,20.589134589937,-100.38677806857
2263,29.78166666666667,336,C46,1,22,2,Con transbordo,336 → 319,C46 → C24,Av. Tecnológico/José María Arteaga,"[""2263"", ""3023"", ""2264"", ""4393"", ""2199"", ""1762"", ""1763"", ""2200"", ""4430"", ""1764"", ""1765"", ""1766"", ""2201"", ""4241"", ""2310"", ""2311"", ""2312"", ""2313"", ""2314"", ""2315"", ""5194"", ""ESTACION_CORREGIDORA_SUR""]","[""336"", ""336"", ""336"", ""336"", ""336"", ""336"", ""336"", ""336"", ""336"", ""336"", ""336"", ""336"", ""336"", ""319"", ""319"", ""319"", ""319"", ""319"", ""319"", ""319"", ""CAMINATA""]",5.0,Av. Candiles/La Ampliación,20.55635,-100.4119093
3394,29.935416666666665,374,T06,1,14,2,Con transbordo,374 → 355,T06 → C69,Río Querétaro,"[""3394"", ""2265"", ""5229"", ""2978"", ""2979"", ""2980"", ""2981"", ""3222"", ""3223"", ""3726"", ""3224"", ""2314"", ""2315"", ""ESTACION_CORREGIDORA_SUR""]","[""374"", ""374"", ""374"", ""374"", ""374"", ""374"", ""355"", ""355"", ""355"", ""355"", ""355"", ""355"", ""CAMINATA""]",5.0,Carr. Lateral No. 57/Zona Comercial Zoco,20.57742391,-100.3866523
2292,30.015,338,C48,1,19,2,Con transbordo,338 → 319,C48 → C24,Av. Tecnológico/José María Arteaga,"[""2292"", ""2293"", ""2294"", ""2295"", ""2296"", ""2418"", ""2419"", ""5180"", ""2672"", ""2201"", ""4241"", ""2310"", ""2311"", ""2312"", ""2313"", ""2314"", ""2315"", ""5194"", ""ESTACION_CORREGIDORA_SUR""]","[""338"", ""338"", ""338"", ""338"", ""338"", ""338"", ""338"", ""338"", ""338"", ""338"", ""319"", ""319"", ""319"", ""319"", ""319"", ""319"", ""319"", ""CAMINATA""]",5.0,Blvd. de Las Américas/Río Támesis,20.55126444,-100.3935026
3578,30.015,376,T08,1,22,2,Con transbordo,376 → 319,T08 → C24,Vicente Guerrero,"[""3578"", ""2216"", ""2217"", ""2218"", ""2219"", ""2032"", ""2023"", ""2024"", ""2856"", ""1918"", ""1919"", ""1920"", ""1921"", ""4241"", ""2310"", ""2311"", ""2312"", ""2313"", ""2314"", ""2315"", ""5194"", ""ESTACION_CORREGIDORA_SUR""]","[""376"", ""376"", ""376"", ""376"", ""376"", ""376"", ""376"", ""376"", ""376"", ""376"", ""319"", ""319"", ""319"", ""319"", ""319"", ""319"", ""319"", ""319"", ""319"", ""319"", ""CAMINATA""]",5.0,Av. del Parque/Garis S.A de C.V,20.56812637,-100.3796463
2545,30.065000000000005,326,C35,1,25,2,Con transbordo,326 → 319,C35 → C24,Corregidora/Luis M Vega y Monroy,"[""2545"", ""2546"", ""2303"", ""2304"", ""2305"", ""2306"", ""2307"", ""2308"", ""2028"", ""2029"", ""2030"", ""2031"", ""2309"", ""1919"", ""1920"", ""1921"", ""4241"", ""2310"", ""2311"", ""2312"", ""2313"", ""2314"", ""2315"", ""5194"", ""ESTACION_CORREGIDORA_SUR""]","[""326"", ""326"", ""326"", ""326"", ""326"", ""326"", ""326"", ""319"", ""319"", ""319"", ""319"", ""319"", ""319"", ""319"", ""319"", ""319"", ""319"", ""319"", ""319"", ""319"", ""319"", ""319"", ""319"", ""CAMINATA""]",5.0,Calle 25/Av. 12,20.56938785,-100.3922179
1926,30.129583333333333,340,C50,1,18,2,Con transbordo,340 → 345,C50 → C55,Av. Universidad/Escuela Normal,"[""1926"", ""2203"", ""1895"", ""1896"", ""1897"", ""2454"", ""2453"", ""2547"", ""2548"", ""2549"", ""2550"", ""2551"", ""2956"", ""2552"", ""2393"", ""2394"", ""2680"", ""ESTACION_CORREGIDORA_SUR""]","[""340"", ""340"", ""340"", ""340"", ""340"", ""340"", ""340"", ""340"", ""340"", ""340"", ""345"", ""345"", ""345"", ""345"", ""345"", ""345"", ""CAMINATA""]",5.0,Ignacio Zaragoza/Ignacio Allende,20.587967,-100.3922565
2969,30.23166666666667,354,C68,1,20,2,Con transbordo,354 → 319,C68 → C24,Vicente Guerrero,"[""2969"", ""2970"", ""2219"", ""2032"", ""2023"", ""2024"", ""2856"", ""1918"", ""1919"", ""1920"", ""1921"", ""4241"", ""2310"", ""2311"", ""2312"", ""2313"", ""2314"", ""2315"", ""5194"", ""ESTACION_CORREGIDORA_SUR""]","[""354"", ""354"", ""354"", ""354"", ""354"", ""354"", ""354"", ""354"", ""319"", ""319"", ""319"", ""319"", ""319"", ""319"", ""319"", ""319"", ""319"", ""319"", ""CAMINATA""]",5.0,Av. Luis Vega Monrroy/Paseo de Los Cisnes,20.57658249,-100.3798639
5192,30.265,323,C31,2,15,3,Con transbordo,323 → 336 → 319,C31 → C46 → C24,Av. Universidad/Hidalgo → Avenida Ignacio Zaragoza/Comercial Mexicana,"[""5192"", ""2522"", ""2343"", ""2344"", ""2345"", ""1921"", ""4241"", ""2310"", ""2311"", ""2312"", ""2313"", ""2314"", ""2315"", ""5194"", ""ESTACION_CORREGIDORA_SUR""]","[""323"", ""323"", ""336"", ""336"", ""336"", ""319"", ""319"", ""319"", ""319"", ""319"", ""319"", ""319"", ""319"", ""CAMINATA""]",5.0,G. Garfias/Facultad de Artes (Uaq),20.590811877003,-100.40570559136
2213,30.268749999999994,321,C27,0,21,1,Directa,321,C27,,"[""2213"", ""2214"", ""2215"", ""2478"", ""2308"", ""2028"", ""2029"", ""2030"", ""2031"", ""2309"", ""1919"", ""1920"", ""1921"", ""4241"", ""2310"", ""2311"", ""2312"", ""2313"", ""2314"", ""2315"", ""ESTACION_CORREGIDORA_SUR""]","[""321"", ""321"", ""321"", ""321"", ""321"", ""321"", ""321"", ""321"", ""321"", ""321"", ""321"", ""321"", ""321"", ""321"", ""321"", ""321"", ""321"", ""321"", ""321"", ""CAMINATA""]",5.0,Prol. Luis Pasteur/Calle 5,20.564665461077,-100.38295194832
1300,30.32708333333333,90,L51,1,20,2,Con transbordo,90 → 97,L51 → C22,Constitución de 1917,"[""1300"", ""1301"", ""1302"", ""1761"", ""1303"", ""1304"", ""1305"", ""1306"", ""1432"", ""1433"", ""1434"", ""3297"", ""4241"", ""2310"", ""2311"", ""2312"", ""2313"", ""2314"", ""2315"", ""ESTACION_CORREGIDORA_SUR""]","[""90"", ""90"", ""90"", ""90"", ""90"", ""90"", ""90"", ""90"", ""90"", ""90"", ""97"", ""97"", ""97"", ""97"", ""97"", ""97"", ""97"", ""97"", ""CAMINATA""]",5.0,Santa Bárbara,20.531918626296,-100.44061970847
1901,30.41500000000001,378,T10,1,20,2,Con transbordo,378 → 319,T10 → C24,Vicente Guerrero,"[""1901"", ""2082"", ""2161"", ""1883"", ""1882"", ""1881"", ""1879"", ""1918"", ""1919"", ""1920"", ""1921"", ""4241"", ""2310"", ""2311"", ""2312"", ""2313"", ""2314"", ""2315"", ""5194"", ""ESTACION_CORREGIDORA_SUR""]","[""378"", ""378"", ""378"", ""378"", ""378"", ""378"", ""378"", ""378"", ""319"", ""319"", ""319"", ""319"", ""319"", ""319"", ""319"", ""319"", ""319"", ""319"", ""CAMINATA""]",5.0,Calz. de Los Arcos/Bernardo Quintana,20.59688,-100.37181
4111,30.47708333333333,90,L51,1,21,2,Con transbordo,90 → 97,L51 → C22,Constitución de 1917,"[""4111"", ""1300"", ""1301"", ""1302"", ""1761"", ""1303"", ""1304"", ""1305"", ""1306"", ""1432"", ""1433"", ""1434"", ""3297"", ""4241"", ""2310"", ""2311"", ""2312"", ""2313"", ""2314"", ""2315"", ""ESTACION_CORREGIDORA_SUR""]","[""90"", ""90"", ""90"", ""90"", ""90"", ""90"", ""90"", ""90"", ""90"", ""90"", ""90"", ""97"", ""97"", ""97"", ""97"", ""97"", ""97"", ""97"", ""97"", ""CAMINATA""]",5.0,Carr. Coroneo/Av. Paseo Constituyentes,20.531106123699,-100.44136594948
2246,30.481666666666666,325,C34,1,25,2,Con transbordo,325 → 319,C34 → C24,Av. Tecnológico/Itq,"[""2246"", ""2017"", ""2018"", ""2019"", ""2020"", ""2021"", ""2450"", ""2451"", ""1471"", ""1470"", ""1469"", ""1439"", ""1438"", ""2537"", ""1920"", ""1921"", ""4241"", ""2310"", ""2311"", ""2312"", ""2313"", ""2314"", ""2315"", ""5194"", ""ESTACION_CORREGIDORA_SUR""]","[""325"", ""325"", ""325"", ""325"", ""325"", ""325"", ""325"", ""325"", ""325"", ""325"", ""325"", ""325"", ""325"", ""325"", ""325"", ""325"", ""325"", ""325"", ""325"", ""325"", ""319"", ""319"", ""319"", ""CAMINATA""]",5.0,Terminal de Autobuses de Querétaro/Paradero,20.581149,-100.359176
5097,30.49375,353,C65,1,19,2,Con transbordo,353 → 345,C65 → C55,Carr. Campo Militar/Querétaro Park Iii,"[""5097"", ""3232"", ""3233"", ""3234"", ""3235"", ""3236"", ""2602"", ""4253"", ""3237"", ""3222"", ""3223"", ""3726"", ""3224"", ""2314"", ""2315"", ""5194"", ""2316"", ""5200"", ""ESTACION_CORREGIDORA_SUR""]","[""353"", ""353"", ""353"", ""353"", ""353"", ""353"", ""353"", ""345"", ""345"", ""345"", ""345"", ""345"", ""345"", ""345"", ""345"", ""345"", ""345"", ""CAMINATA""]",5.0,Hacienda José Julián Llaguno/Hacienda Tequisquiapan,20.599746577808,-100.43204014092
2400,30.668749999999996,326,C35,1,19,2,Con transbordo,326 → 334,C35 → C43,Cto Mosés Solana/Luis Pasteur Asupizo,"[""2400"", ""2478"", ""2308"", ""2028"", ""2029"", ""2030"", ""2031"", ""2309"", ""1919"", ""1920"", ""1921"", ""4241"", ""2310"", ""2311"", ""2312"", ""2313"", ""2314"", ""2315"", ""ESTACION_CORREGIDORA_SUR""]","[""326"", ""334"", ""334"", ""334"", ""334"", ""334"", ""334"", ""334"", ""334"", ""334"", ""334"", ""334"", ""334"", ""334"", ""334"", ""334"", ""334"", ""CAMINATA""]",5.0,Pasteur Sur/Luis Vega y Monroy,20.575440192711,-100.38287631475
2291,30.881666666666668,338,C48,1,20,2,Con transbordo,338 → 319,C48 → C24,Av. Tecnológico/José María Arteaga,"[""2291"", ""2292"", ""2293"", ""2294"", ""2295"", ""2296"", ""2418"", ""2419"", ""5180"", ""2672"", ""2201"", ""4241"", ""2310"", ""2311"", ""2312"", ""2313"", ""2314"", ""2315"", ""5194"", ""ESTACION_CORREGIDORA_SUR""]","[""338"", ""338"", ""338"", ""338"", ""338"", ""338"", ""338"", ""338"", ""338"", ""338"", ""338"", ""319"", ""319"", ""319"", ""319"", ""319"", ""319"", ""319"", ""CAMINATA""]",5.0,Blvd. de Las Américas/Río Lerma,20.54858099,-100.3921053
2405,30.965000000000007,134,C26,1,22,2,Con transbordo,134 → 319,C26 → C24,Vicente Guerrero,"[""2405"", ""2020"", ""2021"", ""2450"", ""2451"", ""2452"", ""2453"", ""1881"", ""1879"", ""1918"", ""1919"", ""1920"", ""1921"", ""4241"", ""2310"", ""2311"", ""2312"", ""2313"", ""2314"", ""2315"", ""5194"", ""ESTACION_CORREGIDORA_SUR""]","[""134"", ""134"", ""134"", ""134"", ""134"", ""134"", ""134"", ""134"", ""134"", ""134"", ""319"", ""319"", ""319"", ""319"", ""319"", ""319"", ""319"", ""319"", ""319"", ""319"", ""CAMINATA""]",5.0,Av. Magisterio (Cimatario)/Julio Ma. Cervantes,20.575016302348,-100.37290547791
1925,31.079583333333332,340,C50,1,19,2,Con transbordo,340 → 345,C50 → C55,Av. Universidad/Escuela Normal,"[""1925"", ""1926"", ""2203"", ""1895"", ""1896"", ""1897"", ""2454"", ""2453"", ""2547"", ""2548"", ""2549"", ""2550"", ""2551"", ""2956"", ""2552"", ""2393"", ""2394"", ""2680"", ""ESTACION_CORREGIDORA_SUR""]","[""340"", ""340"", ""340"", ""340"", ""340"", ""340"", ""340"", ""340"", ""340"", ""340"", ""340"", ""345"", ""345"", ""345"", ""345"", ""345"", ""345"", ""CAMINATA""]",5.0,Ignacio Zaragoza/Vicente Guerrero Salesiano,20.5872676,-100.3943766
1341,31.085416666666667,98,C23,1,20,2,Con transbordo,98 → 333,C23 → C42,Av. Prol. Zaragoza/Av. Hilario Frías y Soto,"[""1341"", ""1762"", ""1763"", ""2200"", ""4430"", ""1764"", ""1765"", ""1766"", ""2201"", ""4241"", ""2310"", ""3570"", ""3571"", ""3572"", ""2311"", ""2312"", ""2313"", ""2314"", ""2315"", ""ESTACION_CORREGIDORA_SUR""]","[""98"", ""98"", ""98"", ""98"", ""333"", ""333"", ""333"", ""333"", ""333"", ""333"", ""333"", ""333"", ""333"", ""333"", ""333"", ""333"", ""333"", ""333"", ""CAMINATA""]",5.0,Blvd. Hacienda del Jacal/Prol. Zaragoza,20.566518231595,-100.41544995548
4099,31.10208333333333,356,L108,1,16,2,Con transbordo,356 → 333,L108 → C42,Prol. Zaragoza/Paseo 5 de Febrero,"[""4099"", ""2616"", ""4100"", ""1766"", ""2201"", ""4241"", ""2310"", ""3570"", ""3571"", ""3572"", ""2311"", ""2312"", ""2313"", ""2314"", ""2315"", ""ESTACION_CORREGIDORA_SUR""]","[""356"", ""356"", ""356"", ""333"", ""333"", ""333"", ""333"", ""333"", ""333"", ""333"", ""333"", ""333"", ""333"", ""333"", ""CAMINATA""]",5.0,Carr. Tlacote/Av. de Las Galindas,20.587199127686,-100.41730819906
5191,31.115000000000002,323,C31,2,16,3,Con transbordo,323 → 336 → 319,C31 → C46 → C24,Av. Universidad/Hidalgo → Avenida Ignacio Zaragoza/Comercial Mexicana,"[""5191"", ""5192"", ""2522"", ""2343"", ""2344"", ""2345"", ""1921"", ""4241"", ""2310"", ""2311"", ""2312"", ""2313"", ""2314"", ""2315"", ""5194"", ""ESTACION_CORREGIDORA_SUR""]","[""323"", ""323"", ""323"", ""336"", ""336"", ""336"", ""319"", ""319"", ""319"", ""319"", ""319"", ""319"", ""319"", ""319"", ""CAMINATA""]",5.0,Universidad/Cerro de Las Campanas,20.59188044274,-100.40753258295
1431,31.193749999999994,90,L51,1,22,2,Con transbordo,90 → 97,L51 → C22,Constitución de 1917,"[""1431"", ""4111"", ""1300"", ""1301"", ""1302"", ""1761"", ""1303"", ""1304"", ""1305"", ""1306"", ""1432"", ""1433"", ""1434"", ""3297"", ""4241"", ""2310"", ""2311"", ""2312"", ""2313"", ""2314"", ""2315"", ""ESTACION_CORREGIDORA_SUR""]","[""90"", ""90"", ""90"", ""90"", ""90"", ""90"", ""90"", ""90"", ""90"", ""90"", ""90"", ""90"", ""97"", ""97"", ""97"", ""97"", ""97"", ""97"", ""97"", ""97"", ""CAMINATA""]",5.0,Benito Juárez/Gral. Guadalupe Victoria,20.525701885178,-100.44090920308
3600,31.198333333333334,338,C48,1,21,2,Con transbordo,338 → 319,C48 → C24,Av. Tecnológico/José María Arteaga,"[""3600"", ""2291"", ""2292"", ""2293"", ""2294"", ""2295"", ""2296"", ""2418"", ""2419"", ""5180"", ""2672"", ""2201"", ""4241"", ""2310"", ""2311"", ""2312"", ""2313"", ""2314"", ""2315"", ""5194"", ""ESTACION_CORREGIDORA_SUR""]","[""338"", ""338"", ""338"", ""338"", ""338"", ""338"", ""338"", ""338"", ""338"", ""338"", ""338"", ""338"", ""319"", ""319"", ""319"", ""319"", ""319"", ""319"", ""319"", ""CAMINATA""]",5.0,Blvd. de Las Américas/Av. Candiles,20.54761509,-100.3915605
2544,31.198333333333338,326,C35,1,26,2,Con transbordo,326 → 319,C35 → C24,Corregidora/Luis M Vega y Monroy,"[""2544"", ""2545"", ""2546"", ""2303"", ""2304"", ""2305"", ""2306"", ""2307"", ""2308"", ""2028"", ""2029"", ""2030"", ""2031"", ""2309"", ""1919"", ""1920"", ""1921"", ""4241"", ""2310"", ""2311"", ""2312"", ""2313"", ""2314"", ""2315"", ""5194"", ""ESTACION_CORREGIDORA_SUR""]","[""326"", ""326"", ""326"", ""326"", ""326"", ""326"", ""326"", ""326"", ""319"", ""319"", ""319"", ""319"", ""319"", ""319"", ""319"", ""319"", ""319"", ""319"", ""319"", ""319"", ""319"", ""319"", ""319"", ""319"", ""CAMINATA""]",5.0,Calle 25/Calle 24,20.56612939,-100.39095
2262,31.215000000000003,336,C46,1,23,2,Con transbordo,336 → 319,C46 → C24,Av. Tecnológico/José María Arteaga,"[""2262"", ""2263"", ""3023"", ""2264"", ""4393"", ""2199"", ""1762"", ""1763"", ""2200"", ""4430"", ""1764"", ""1765"", ""1766"", ""2201"", ""4241"", ""2310"", ""2311"", ""2312"", ""2313"", ""2314"", ""2315"", ""5194"", ""ESTACION_CORREGIDORA_SUR""]","[""336"", ""336"", ""336"", ""336"", ""336"", ""336"", ""336"", ""336"", ""336"", ""336"", ""336"", ""336"", ""336"", ""336"", ""319"", ""319"", ""319"", ""319"", ""319"", ""319"", ""319"", ""CAMINATA""]",5.0,Av. Candiles/Av. Chabacano,20.552212,-100.409277
1367,31.22708333333333,90,L51,1,23,2,Con transbordo,90 → 97,L51 → C22,Constitución de 1917,"[""1367"", ""1431"", ""4111"", ""1300"", ""1301"", ""1302"", ""1761"", ""1303"", ""1304"", ""1305"", ""1306"", ""1432"", ""1433"", ""1434"", ""3297"", ""4241"", ""2310"", ""2311"", ""2312"", ""2313"", ""2314"", ""2315"", ""ESTACION_CORREGIDORA_SUR""]","[""90"", ""90"", ""90"", ""90"", ""90"", ""90"", ""90"", ""90"", ""90"", ""90"", ""90"", ""90"", ""90"", ""97"", ""97"", ""97"", ""97"", ""97"", ""97"", ""97"", ""97"", ""CAMINATA""]",5.0,Gral. Guadalupe Victoria/Benito Juárez,20.525561578034,-100.44096882335
2968,31.23166666666667,354,C68,1,21,2,Con transbordo,354 → 319,C68 → C24,Vicente Guerrero,"[""2968"", ""2969"", ""2970"", ""2219"", ""2032"", ""2023"", ""2024"", ""2856"", ""1918"", ""1919"", ""1920"", ""1921"", ""4241"", ""2310"", ""2311"", ""2312"", ""2313"", ""2314"", ""2315"", ""5194"", ""ESTACION_CORREGIDORA_SUR""]","[""354"", ""354"", ""354"", ""354"", ""354"", ""354"", ""354"", ""354"", ""354"", ""319"", ""319"", ""319"", ""319"", ""319"", ""319"", ""319"", ""319"", ""319"", ""319"", ""CAMINATA""]",5.0,Av. Luis Vega Monrroy/Pl. del Calvario,20.57711624,-100.3771523
2302,31.265000000000008,375,T07,1,24,2,Con transbordo,375 → 319,T07 → C24,Corregidora/Luis M Vega y Monroy,"[""2302"", ""2303"", ""2304"", ""2305"", ""2306"", ""2307"", ""2308"", ""2028"", ""2029"", ""2030"", ""2031"", ""2309"", ""1919"", ""1920"", ""1921"", ""4241"", ""2310"", ""2311"", ""2312"", ""2313"", ""2314"", ""2315"", ""5194"", ""ESTACION_CORREGIDORA_SUR""]","[""375"", ""375"", ""375"", ""375"", ""375"", ""375"", ""319"", ""319"", ""319"", ""319"", ""319"", ""319"", ""319"", ""319"", ""319"", ""319"", ""319"", ""319"", ""319"", ""319"", ""319"", ""319"", ""CAMINATA""]",5.0,Av. 8/Calle 27,20.57134584,-100.393434
2517,31.30208333333334,341,C51,0,23,1,Directa,341,C51,,"[""2517"", ""2214"", ""2215"", ""2216"", ""2217"", ""2218"", ""2219"", ""2032"", ""2023"", ""2024"", ""2856"", ""1918"", ""1919"", ""1920"", ""1921"", ""4241"", ""2310"", ""2311"", ""2312"", ""2313"", ""2314"", ""2315"", ""ESTACION_CORREGIDORA_SUR""]","[""341"", ""341"", ""341"", ""341"", ""341"", ""341"", ""341"", ""341"", ""341"", ""341"", ""341"", ""341"", ""341"", ""341"", ""341"", ""341"", ""341"", ""341"", ""341"", ""341"", ""341"", ""CAMINATA""]",5.0,Av. 26/Calle Gustavo Díaz Ordaz,20.56628743,-100.3832707
2519,31.448333333333334,376,T08,1,23,2,Con transbordo,376 → 319,T08 → C24,Vicente Guerrero,"[""2519"", ""3578"", ""2216"", ""2217"", ""2218"", ""2219"", ""2032"", ""2023"", ""2024"", ""2856"", ""1918"", ""1919"", ""1920"", ""1921"", ""4241"", ""2310"", ""2311"", ""2312"", ""2313"", ""2314"", ""2315"", ""5194"", ""ESTACION_CORREGIDORA_SUR""]","[""376"", ""376"", ""376"", ""376"", ""376"", ""376"", ""376"", ""376"", ""376"", ""376"", ""376"", ""319"", ""319"", ""319"", ""319"", ""319"", ""319"", ""319"", ""319"", ""319"", ""319"", ""CAMINATA""]",5.0,Av. del Parque/Home Depot,20.5644431354,-100.37624285485
1447,31.460416666666664,90,L51,1,24,2,Con transbordo,90 → 97,L51 → C22,Constitución de 1917,"[""1447"", ""1367"", ""1431"", ""4111"", ""1300"", ""1301"", ""1302"", ""1761"", ""1303"", ""1304"", ""1305"", ""1306"", ""1432"", ""1433"", ""1434"", ""3297"", ""4241"", ""2310"", ""2311"", ""2312"", ""2313"", ""2314"", ""2315"", ""ESTACION_CORREGIDORA_SUR""]","[""90"", ""90"", ""90"", ""90"", ""90"", ""90"", ""90"", ""90"", ""90"", ""90"", ""90"", ""90"", ""90"", ""90"", ""97"", ""97"", ""97"", ""97"", ""97"", ""97"", ""97"", ""97"", ""CAMINATA""]",5.0,Guadalupe Victoria/Francisco León de la Barra,20.524481422252,-100.43949261619
2261,31.48166666666667,336,C46,1,24,2,Con transbordo,336 → 319,C46 → C24,Av. Tecnológico/José María Arteaga,"[""2261"", ""2262"", ""2263"", ""3023"", ""2264"", ""4393"", ""2199"", ""1762"", ""1763"", ""2200"", ""4430"", ""1764"", ""1765"", ""1766"", ""2201"", ""4241"", ""2310"", ""2311"", ""2312"", ""2313"", ""2314"", ""2315"", ""5194"", ""ESTACION_CORREGIDORA_SUR""]","[""336"", ""336"", ""336"", ""336"", ""336"", ""336"", ""336"", ""336"", ""336"", ""336"", ""336"", ""336"", ""336"", ""336"", ""336"", ""319"", ""319"", ""319"", ""319"", ""319"", ""319"", ""319"", ""CAMINATA""]",5.0,Av. Candiles/Mar de la Tranquilidad,20.551386,-100.408913
2404,31.54833333333334,134,C26,1,23,2,Con transbordo,134 → 319,C26 → C24,Vicente Guerrero,"[""2404"", ""2405"", ""2020"", ""2021"", ""2450"", ""2451"", ""2452"", ""2453"", ""1881"", ""1879"", ""1918"", ""1919"", ""1920"", ""1921"", ""4241"", ""2310"", ""2311"", ""2312"", ""2313"", ""2314"", ""2315"", ""5194"", ""ESTACION_CORREGIDORA_SUR""]","[""134"", ""134"", ""134"", ""134"", ""134"", ""134"", ""134"", ""134"", ""134"", ""134"", ""134"", ""319"", ""319"", ""319"", ""319"", ""319"", ""319"", ""319"", ""319"", ""319"", ""319"", ""CAMINATA""]",5.0,Avenida Colinas del Cimatario/Cerro Blanco,20.57313343416,-100.37223217717
5096,31.660416666666666,353,C65,1,20,2,Con transbordo,353 → 345,C65 → C55,Carr. Campo Militar/Querétaro Park Iii,"[""5096"", ""5097"", ""3232"", ""3233"", ""3234"", ""3235"", ""3236"", ""2602"", ""4253"", ""3237"", ""3222"", ""3223"", ""3726"", ""3224"", ""2314"", ""2315"", ""5194"", ""2316"", ""5200"", ""ESTACION_CORREGIDORA_SUR""]","[""353"", ""353"", ""353"", ""353"", ""353"", ""353"", ""353"", ""353"", ""345"", ""345"", ""345"", ""345"", ""345"", ""345"", ""345"", ""345"", ""345"", ""345"", ""CAMINATA""]",5.0,Hacienda José Julián Llaguno/Hacienda Las Teresas,20.597789,-100.431587
2543,31.665000000000003,326,C35,1,27,2,Con transbordo,326 → 319,C35 → C24,Corregidora/Luis M Vega y Monroy,"[""2543"", ""2544"", ""2545"", ""2546"", ""2303"", ""2304"", ""2305"", ""2306"", ""2307"", ""2308"", ""2028"", ""2029"", ""2030"", ""2031"", ""2309"", ""1919"", ""1920"", ""1921"", ""4241"", ""2310"", ""2311"", ""2312"", ""2313"", ""2314"", ""2315"", ""5194"", ""ESTACION_CORREGIDORA_SUR""]","[""326"", ""326"", ""326"", ""326"", ""326"", ""326"", ""326"", ""326"", ""326"", ""319"", ""319"", ""319"", ""319"", ""319"", ""319"", ""319"", ""319"", ""319"", ""319"", ""319"", ""319"", ""319"", ""319"", ""319"", ""319"", ""CAMINATA""]",5.0,Calle 25/Av. 26,20.564779,-100.39047
3777,31.702083333333334,381,L155,1,17,2,Con transbordo,381 → 333,L155 → C42,Av. Prol. Zaragoza/Av. Hilario Frías y Soto,"[""3777"", ""4430"", ""1764"", ""1765"", ""1766"", ""2201"", ""4241"", ""2310"", ""3570"", ""3571"", ""3572"", ""2311"", ""2312"", ""2313"", ""2314"", ""2315"", ""ESTACION_CORREGIDORA_SUR""]","[""381"", ""333"", ""333"", ""333"", ""333"", ""333"", ""333"", ""333"", ""333"", ""333"", ""333"", ""333"", ""333"", ""333"", ""333"", ""CAMINATA""]",5.0,Av. de Las Galindas/El Charro,20.58496256,-100.4162232
1366,31.72708333333333,90,L51,1,25,2,Con transbordo,90 → 97,L51 → C22,Constitución de 1917,"[""1366"", ""1447"", ""1367"", ""1431"", ""4111"", ""1300"", ""1301"", ""1302"", ""1761"", ""1303"", ""1304"", ""1305"", ""1306"", ""1432"", ""1433"", ""1434"", ""3297"", ""4241"", ""2310"", ""2311"", ""2312"", ""2313"", ""2314"", ""2315"", ""ESTACION_CORREGIDORA_SUR""]","[""90"", ""90"", ""90"", ""90"", ""90"", ""90"", ""90"", ""90"", ""90"", ""90"", ""90"", ""90"", ""90"", ""90"", ""90"", ""97"", ""97"", ""97"", ""97"", ""97"", ""97"", ""97"", ""97"", ""CAMINATA""]",5.0,Lic. Luis Echeverría Álvarez/Gral. Guadalupe Victoria,20.523212088793,-100.43791040999
2524,31.73541666666667,139,C32,2,13,3,Con transbordo,139 → 360 → 97,C32 → L152 → C22,Ignacio Zaragoza/Ezequiel Montes → Av. Tecnológico/Fernando Loyola,"[""2524"", ""1924"", ""1437"", ""1440"", ""3297"", ""4241"", ""2310"", ""2311"", ""2312"", ""2313"", ""2314"", ""2315"", ""ESTACION_CORREGIDORA_SUR""]","[""139"", ""360"", ""360"", ""360"", ""97"", ""97"", ""97"", ""97"", ""97"", ""97"", ""97"", ""CAMINATA""]",5.0,Ignacio Pérez/Av. Ignacio Zaragoza,20.586041,-100.399755
2967,31.83166666666667,354,C68,1,22,2,Con transbordo,354 → 319,C68 → C24,Vicente Guerrero,"[""2967"", ""2968"", ""2969"", ""2970"", ""2219"", ""2032"", ""2023"", ""2024"", ""2856"", ""1918"", ""1919"", ""1920"", ""1921"", ""4241"", ""2310"", ""2311"", ""2312"", ""2313"", ""2314"", ""2315"", ""5194"", ""ESTACION_CORREGIDORA_SUR""]","[""354"", ""354"", ""354"", ""354"", ""354"", ""354"", ""354"", ""354"", ""354"", ""354"", ""319"", ""319"", ""319"", ""319"", ""319"", ""319"", ""319"", ""319"", ""319"", ""319"", ""CAMINATA""]",5.0,Av Luis Vega Monrroy/Pl. San José,20.57741696,-100.3755454
3686,31.85208333333334,341,C51,0,24,1,Directa,341,C51,,"[""3686"", ""2517"", ""2214"", ""2215"", ""2216"", ""2217"", ""2218"", ""2219"", ""2032"", ""2023"", ""2024"", ""2856"", ""1918"", ""1919"", ""1920"", ""1921"", ""4241"", ""2310"", ""2311"", ""2312"", ""2313"", ""2314"", ""2315"", ""ESTACION_CORREGIDORA_SUR""]","[""341"", ""341"", ""341"", ""341"", ""341"", ""341"", ""341"", ""341"", ""341"", ""341"", ""341"", ""341"", ""341"", ""341"", ""341"", ""341"", ""341"", ""341"", ""341"", ""341"", ""341"", ""341"", ""CAMINATA""]",5.0,Av. Presidentes/Miguel Alemán Valdés,20.566336057449,-100.38473349935
1446,31.860416666666662,90,L51,1,26,2,Con transbordo,90 → 97,L51 → C22,Constitución de 1917,"[""1446"", ""1366"", ""1447"", ""1367"", ""1431"", ""4111"", ""1300"", ""1301"", ""1302"", ""1761"", ""1303"", ""1304"", ""1305"", ""1306"", ""1432"", ""1433"", ""1434"", ""3297"", ""4241"", ""2310"", ""2311"", ""2312"", ""2313"", ""2314"", ""2315"", ""ESTACION_CORREGIDORA_SUR""]","[""90"", ""90"", ""90"", ""90"", ""90"", ""90"", ""90"", ""90"", ""90"", ""90"", ""90"", ""90"", ""90"", ""90"", ""90"", ""90"", ""97"", ""97"", ""97"", ""97"", ""97"", ""97"", ""97"", ""97"", ""CAMINATA""]",5.0,Emilio Portes Gil/Lic. Luis Echeverría Álvarez,20.522411,-100.438496
2290,31.865000000000002,338,C48,1,22,2,Con transbordo,338 → 319,C48 → C24,Av. Tecnológico/José María Arteaga,"[""2290"", ""3600"", ""2291"", ""2292"", ""2293"", ""2294"", ""2295"", ""2296"", ""2418"", ""2419"", ""5180"", ""2672"", ""2201"", ""4241"", ""2310"", ""2311"", ""2312"", ""2313"", ""2314"", ""2315"", ""5194"", ""ESTACION_CORREGIDORA_SUR""]","[""338"", ""338"", ""338"", ""338"", ""338"", ""338"", ""338"", ""338"", ""338"", ""338"", ""338"", ""338"", ""338"", ""319"", ""319"", ""319"", ""319"", ""319"", ""319"", ""319"", ""CAMINATA""]",5.0,Blvd. de Las Américas/Cerro del Fraile,20.54556934,-100.3904289
2212,31.868749999999995,321,C27,0,22,1,Directa,321,C27,,"[""2212"", ""2213"", ""2214"", ""2215"", ""2478"", ""2308"", ""2028"", ""2029"", ""2030"", ""2031"", ""2309"", ""1919"", ""1920"", ""1921"", ""4241"", ""2310"", ""2311"", ""2312"", ""2313"", ""2314"", ""2315"", ""ESTACION_CORREGIDORA_SUR""]","[""321"", ""321"", ""321"", ""321"", ""321"", ""321"", ""321"", ""321"", ""321"", ""321"", ""321"", ""321"", ""321"", ""321"", ""321"", ""321"", ""321"", ""321"", ""321"", ""321"", ""CAMINATA""]",5.0,Luis Pasteur/Calle 13,20.560536623048,-100.38307601315
2035,31.88541666666666,326,C35,1,20,2,Con transbordo,326 → 334,C35 → C43,Cto Mosés Solana/Luis Pasteur Asupizo,"[""2035"", ""2400"", ""2478"", ""2308"", ""2028"", ""2029"", ""2030"", ""2031"", ""2309"", ""1919"", ""1920"", ""1921"", ""4241"", ""2310"", ""2311"", ""2312"", ""2313"", ""2314"", ""2315"", ""ESTACION_CORREGIDORA_SUR""]","[""326"", ""326"", ""334"", ""334"", ""334"", ""334"", ""334"", ""334"", ""334"", ""334"", ""334"", ""334"", ""334"", ""334"", ""334"", ""334"", ""334"", ""334"", ""CAMINATA""]",5.0,Prol. Luis Pasteur/José Sotelo,20.579348675446,-100.38300295118
2260,32.098333333333336,336,C46,1,25,2,Con transbordo,336 → 319,C46 → C24,Av. Tecnológico/José María Arteaga,"[""2260"", ""2261"", ""2262"", ""2263"", ""3023"", ""2264"", ""4393"", ""2199"", ""1762"", ""1763"", ""2200"", ""4430"", ""1764"", ""1765"", ""1766"", ""2201"", ""4241"", ""2310"", ""2311"", ""2312"", ""2313"", ""2314"", ""2315"", ""5194"", ""ESTACION_CORREGIDORA_SUR""]","[""336"", ""336"", ""336"", ""336"", ""336"", ""336"", ""336"", ""336"", ""336"", ""336"", ""336"", ""336"", ""336"", ""336"", ""336"", ""336"", ""319"", ""319"", ""319"", ""319"", ""319"", ""319"", ""319"", ""CAMINATA""]",5.0,Av. Candiles/Mar Copérnico,20.54949527,-100.4080396
1365,32.110416666666666,90,L51,1,27,2,Con transbordo,90 → 97,L51 → C22,Constitución de 1917,"[""1365"", ""1446"", ""1366"", ""1447"", ""1367"", ""1431"", ""4111"", ""1300"", ""1301"", ""1302"", ""1761"", ""1303"", ""1304"", ""1305"", ""1306"", ""1432"", ""1433"", ""1434"", ""3297"", ""4241"", ""2310"", ""2311"", ""2312"", ""2313"", ""2314"", ""2315"", ""ESTACION_CORREGIDORA_SUR""]","[""90"", ""90"", ""90"", ""90"", ""90"", ""90"", ""90"", ""90"", ""90"", ""90"", ""90"", ""90"", ""90"", ""90"", ""90"", ""90"", ""90"", ""97"", ""97"", ""97"", ""97"", ""97"", ""97"", ""97"", ""97"", ""CAMINATA""]",5.0,Gral. Ávila Camacho/Emilio Portes Gil,20.52117873662,-100.43705268669
3641,32.14833333333334,375,T07,1,25,2,Con transbordo,375 → 319,T07 → C24,Corregidora/Luis M Vega y Monroy,"[""3641"", ""2302"", ""2303"", ""2304"", ""2305"", ""2306"", ""2307"", ""2308"", ""2028"", ""2029"", ""2030"", ""2031"", ""2309"", ""1919"", ""1920"", ""1921"", ""4241"", ""2310"", ""2311"", ""2312"", ""2313"", ""2314"", ""2315"", ""5194"", ""ESTACION_CORREGIDORA_SUR""]","[""375"", ""375"", ""375"", ""375"", ""375"", ""375"", ""375"", ""319"", ""319"", ""319"", ""319"", ""319"", ""319"", ""319"", ""319"", ""319"", ""319"", ""319"", ""319"", ""319"", ""319"", ""319"", ""319"", ""CAMINATA""]",5.0,Av. 8/Calle 33,20.570887701107,-100.39522628375
5190,32.18166666666667,323,C31,2,17,3,Con transbordo,323 → 336 → 319,C31 → C46 → C24,Av. Universidad/Hidalgo → Avenida Ignacio Zaragoza/Comercial Mexicana,"[""5190"", ""5191"", ""5192"", ""2522"", ""2343"", ""2344"", ""2345"", ""1921"", ""4241"", ""2310"", ""2311"", ""2312"", ""2313"", ""2314"", ""2315"", ""5194"", ""ESTACION_CORREGIDORA_SUR""]","[""323"", ""323"", ""323"", ""323"", ""336"", ""336"", ""336"", ""319"", ""319"", ""319"", ""319"", ""319"", ""319"", ""319"", ""319"", ""CAMINATA""]",5.0,Cerro de Las Campanas/Calle Gabino Barreda,20.593932649179,-100.4091787455
1900,32.19625,370,T02,2,13,3,Con transbordo,370 → 409 → 345,T02 → L164 → C55,Blvd. Bernardo Quintana/Calle de la Peñita Ote. → Av. Universidad/Escuela Normal,"[""1900"", ""1901"", ""2082"", ""1884"", ""2204"", ""2550"", ""2551"", ""2956"", ""2552"", ""2393"", ""2394"", ""2680"", ""ESTACION_CORREGIDORA_SUR""]","[""370"", ""370"", ""370"", ""370"", ""409"", ""345"", ""345"", ""345"", ""345"", ""345"", ""345"", ""CAMINATA""]",5.0,Calzada de Los Arcos/Bernardo Quintana,20.59612148541,-100.37291083121
2600,32.21874999999999,334,C43,0,27,1,Directa,334,C43,,"[""2600"", ""2545"", ""2546"", ""2303"", ""2304"", ""2305"", ""2306"", ""2232"", ""2629"", ""2478"", ""2308"", ""2028"", ""2029"", ""2030"", ""2031"", ""2309"", ""1919"", ""1920"", ""1921"", ""4241"", ""2310"", ""2311"", ""2312"", ""2313"", ""2314"", ""2315"", ""ESTACION_CORREGIDORA_SUR""]","[""334"", ""334"", ""334"", ""334"", ""334"", ""334"", ""334"", ""334"", ""334"", ""334"", ""334"", ""334"", ""334"", ""334"", ""334"", ""334"", ""334"", ""334"", ""334"", ""334"", ""334"", ""334"", ""334"", ""334"", ""334"", ""CAMINATA""]",5.0,Calle 37/Av. 14,20.567909,-100.394742
1445,32.24375,90,L51,1,28,2,Con transbordo,90 → 97,L51 → C22,Constitución de 1917,"[""1445"", ""1365"", ""1446"", ""1366"", ""1447"", ""1367"", ""1431"", ""4111"", ""1300"", ""1301"", ""1302"", ""1761"", ""1303"", ""1304"", ""1305"", ""1306"", ""1432"", ""1433"", ""1434"", ""3297"", ""4241"", ""2310"", ""2311"", ""2312"", ""2313"", ""2314"", ""2315"", ""ESTACION_CORREGIDORA_SUR""]","[""90"", ""90"", ""90"", ""90"", ""90"", ""90"", ""90"", ""90"", ""90"", ""90"", ""90"", ""90"", ""90"", ""90"", ""90"", ""90"", ""90"", ""90"", ""97"", ""97"", ""97"", ""97"", ""97"", ""97"", ""97"", ""97"", ""CAMINATA""]",5.0,Gral. Ávila Camacho/Calle Francisco Carbajal,20.520380119134,-100.43770301884
2518,32.248333333333335,376,T08,1,24,2,Con transbordo,376 → 319,T08 → C24,Vicente Guerrero,"[""2518"", ""2519"", ""3578"", ""2216"", ""2217"", ""2218"", ""2219"", ""2032"", ""2023"", ""2024"", ""2856"", ""1918"", ""1919"", ""1920"", ""1921"", ""4241"", ""2310"", ""2311"", ""2312"", ""2313"", ""2314"", ""2315"", ""5194"", ""ESTACION_CORREGIDORA_SUR""]","[""376"", ""376"", ""376"", ""376"", ""376"", ""376"", ""376"", ""376"", ""376"", ""376"", ""376"", ""376"", ""319"", ""319"", ""319"", ""319"", ""319"", ""319"", ""319"", ""319"", ""319"", ""319"", ""CAMINATA""]",5.0,Blvd. Centro Sur/Av. del Parque,20.562368297401,-100.3744269192
3622,32.27708333333334,370,T02,1,14,2,Con transbordo,370 → 97,T02 → C22,El Pocito,"[""3622"", ""1306"", ""1432"", ""1433"", ""1434"", ""3297"", ""4241"", ""2310"", ""2311"", ""2312"", ""2313"", ""2314"", ""2315"", ""ESTACION_CORREGIDORA_SUR""]","[""370"", ""97"", ""97"", ""97"", ""97"", ""97"", ""97"", ""97"", ""97"", ""97"", ""97"", ""97"", ""CAMINATA""]",5.0,Sonora/Av. Paseo Constituyentes,20.55578952,-100.4192266
2039,32.281666666666666,325,C34,1,26,2,Con transbordo,325 → 319,C34 → C24,Av. Tecnológico/Itq,"[""2039"", ""2246"", ""2017"", ""2018"", ""2019"", ""2020"", ""2021"", ""2450"", ""2451"", ""1471"", ""1470"", ""1469"", ""1439"", ""1438"", ""2537"", ""1920"", ""1921"", ""4241"", ""2310"", ""2311"", ""2312"", ""2313"", ""2314"", ""2315"", ""5194"", ""ESTACION_CORREGIDORA_SUR""]","[""325"", ""325"", ""325"", ""325"", ""325"", ""325"", ""325"", ""325"", ""325"", ""325"", ""325"", ""325"", ""325"", ""325"", ""325"", ""325"", ""325"", ""325"", ""325"", ""325"", ""325"", ""319"", ""319"", ""319"", ""CAMINATA""]",5.0,Luis Vega y Monroy/Estadio,20.580096332807,-100.3650521994
1905,32.29833333333333,373,T05,1,20,2,Con transbordo,373 → 319,T05 → C24,Vicente Guerrero,"[""1905"", ""2082"", ""2161"", ""1883"", ""1882"", ""1881"", ""1879"", ""1918"", ""1919"", ""1920"", ""1921"", ""4241"", ""2310"", ""2311"", ""2312"", ""2313"", ""2314"", ""2315"", ""5194"", ""ESTACION_CORREGIDORA_SUR""]","[""373"", ""373"", ""373"", ""373"", ""373"", ""373"", ""373"", ""373"", ""319"", ""319"", ""319"", ""319"", ""319"", ""319"", ""319"", ""319"", ""319"", ""319"", ""CAMINATA""]",5.0,Av. Hércules Poniente/Calle de Las Delicias,20.600821822971,-100.36866941897
3349,32.29833333333333,379,T13,2,19,3,Con transbordo,379 → 325 → 319,T13 → C34 → C24,Carretas → Av. Tecnológico/Itq,"[""3349"", ""1472"", ""1471"", ""1470"", ""1469"", ""1439"", ""1438"", ""2537"", ""1920"", ""1921"", ""4241"", ""2310"", ""2311"", ""2312"", ""2313"", ""2314"", ""2315"", ""5194"", ""ESTACION_CORREGIDORA_SUR""]","[""379"", ""325"", ""325"", ""325"", ""325"", ""325"", ""325"", ""325"", ""325"", ""325"", ""325"", ""325"", ""325"", ""325"", ""319"", ""319"", ""319"", ""CAMINATA""]",5.0,Prol. Bernardo Quintana/Av. de la Acordada,20.592460851968,-100.36846295977
1364,32.39375,90,L51,1,29,2,Con transbordo,90 → 97,L51 → C22,Constitución de 1917,"[""1364"", ""1445"", ""1365"", ""1446"", ""1366"", ""1447"", ""1367"", ""1431"", ""4111"", ""1300"", ""1301"", ""1302"", ""1761"", ""1303"", ""1304"", ""1305"", ""1306"", ""1432"", ""1433"", ""1434"", ""3297"", ""4241"", ""2310"", ""2311"", ""2312"", ""2313"", ""2314"", ""2315"", ""ESTACION_CORREGIDORA_SUR""]","[""90"", ""90"", ""90"", ""90"", ""90"", ""90"", ""90"", ""90"", ""90"", ""90"", ""90"", ""90"", ""90"", ""90"", ""90"", ""90"", ""90"", ""90"", ""90"", ""97"", ""97"", ""97"", ""97"", ""97"", ""97"", ""97"", ""97"", ""CAMINATA""]",5.0,Gral. Ávila Camacho/Gral. Pascual Ortiz Rubio,20.519514231088,-100.43841356157
2081,32.415000000000006,378,T10,1,21,2,Con transbordo,378 → 319,T10 → C24,Vicente Guerrero,"[""2081"", ""1901"", ""2082"", ""2161"", ""1883"", ""1882"", ""1881"", ""1879"", ""1918"", ""1919"", ""1920"", ""1921"", ""4241"", ""2310"", ""2311"", ""2312"", ""2313"", ""2314"", ""2315"", ""5194"", ""ESTACION_CORREGIDORA_SUR""]","[""378"", ""378"", ""378"", ""378"", ""378"", ""378"", ""378"", ""378"", ""378"", ""319"", ""319"", ""319"", ""319"", ""319"", ""319"", ""319"", ""319"", ""319"", ""319"", ""CAMINATA""]",5.0,Boulevard Bernardo Quintana/Calle Paso Loma Dorada,20.592868053563,-100.36813782605
1309,32.443749999999994,370,T02,2,16,3,Con transbordo,370 → 90 → 97,T02 → L51 → C22,Tejeda → Constitución de 1917,"[""1309"", ""1304"", ""1305"", ""1306"", ""1432"", ""1433"", ""1434"", ""3297"", ""4241"", ""2310"", ""2311"", ""2312"", ""2313"", ""2314"", ""2315"", ""ESTACION_CORREGIDORA_SUR""]","[""370"", ""90"", ""90"", ""90"", ""90"", ""90"", ""97"", ""97"", ""97"", ""97"", ""97"", ""97"", ""97"", ""97"", ""CAMINATA""]",5.0,Tejeda,20.551225790248,-100.42374940359
2034,32.46874999999999,326,C35,1,21,2,Con transbordo,326 → 334,C35 → C43,Cto Mosés Solana/Luis Pasteur Asupizo,"[""2034"", ""2035"", ""2400"", ""2478"", ""2308"", ""2028"", ""2029"", ""2030"", ""2031"", ""2309"", ""1919"", ""1920"", ""1921"", ""4241"", ""2310"", ""2311"", ""2312"", ""2313"", ""2314"", ""2315"", ""ESTACION_CORREGIDORA_SUR""]","[""326"", ""326"", ""326"", ""334"", ""334"", ""334"", ""334"", ""334"", ""334"", ""334"", ""334"", ""334"", ""334"", ""334"", ""334"", ""334"", ""334"", ""334"", ""334"", ""CAMINATA""]",5.0,Prol. Luis Pasteu /Chichén Itzá,20.581112743099,-100.38369419899
2516,32.55208333333334,341,C51,0,25,1,Directa,341,C51,,"[""2516"", ""3686"", ""2517"", ""2214"", ""2215"", ""2216"", ""2217"", ""2218"", ""2219"", ""2032"", ""2023"", ""2024"", ""2856"", ""1918"", ""1919"", ""1920"", ""1921"", ""4241"", ""2310"", ""2311"", ""2312"", ""2313"", ""2314"", ""2315"", ""ESTACION_CORREGIDORA_SUR""]","[""341"", ""341"", ""341"", ""341"", ""341"", ""341"", ""341"", ""341"", ""341"", ""341"", ""341"", ""341"", ""341"", ""341"", ""341"", ""341"", ""341"", ""341"", ""341"", ""341"", ""341"", ""341"", ""341"", ""CAMINATA""]",5.0,Av. 26/Calle 9,20.56617134,-100.3866291
2542,32.565000000000005,326,C35,1,28,2,Con transbordo,326 → 319,C35 → C24,Corregidora/Luis M Vega y Monroy,"[""2542"", ""2543"", ""2544"", ""2545"", ""2546"", ""2303"", ""2304"", ""2305"", ""2306"", ""2307"", ""2308"", ""2028"", ""2029"", ""2030"", ""2031"", ""2309"", ""1919"", ""1920"", ""1921"", ""4241"", ""2310"", ""2311"", ""2312"", ""2313"", ""2314"", ""2315"", ""5194"", ""ESTACION_CORREGIDORA_SUR""]","[""326"", ""326"", ""326"", ""326"", ""326"", ""326"", ""326"", ""326"", ""326"", ""326"", ""319"", ""319"", ""319"", ""319"", ""319"", ""319"", ""319"", ""319"", ""319"", ""319"", ""319"", ""319"", ""319"", ""319"", ""319"", ""319"", ""CAMINATA""]",5.0,Calle 25/Calle 32,20.56218858,-100.389475
4098,32.58541666666666,356,L108,1,17,2,Con transbordo,356 → 333,L108 → C42,Prol. Zaragoza/Paseo 5 de Febrero,"[""4098"", ""4099"", ""2616"", ""4100"", ""1766"", ""2201"", ""4241"", ""2310"", ""3570"", ""3571"", ""3572"", ""2311"", ""2312"", ""2313"", ""2314"", ""2315"", ""ESTACION_CORREGIDORA_SUR""]","[""356"", ""356"", ""356"", ""356"", ""333"", ""333"", ""333"", ""333"", ""333"", ""333"", ""333"", ""333"", ""333"", ""333"", ""333"", ""CAMINATA""]",5.0,Carr. Tlacote/Colegio Oakland,20.587752331091,-100.41960107821
1363,32.66041666666666,90,L51,1,30,2,Con transbordo,90 → 97,L51 → C22,Constitución de 1917,"[""1363"", ""1364"", ""1445"", ""1365"", ""1446"", ""1366"", ""1447"", ""1367"", ""1431"", ""4111"", ""1300"", ""1301"", ""1302"", ""1761"", ""1303"", ""1304"", ""1305"", ""1306"", ""1432"", ""1433"", ""1434"", ""3297"", ""4241"", ""2310"", ""2311"", ""2312"", ""2313"", ""2314"", ""2315"", ""ESTACION_CORREGIDORA_SUR""]","[""90"", ""90"", ""90"", ""90"", ""90"", ""90"", ""90"", ""90"", ""90"", ""90"", ""90"", ""90"", ""90"", ""90"", ""90"", ""90"", ""90"", ""90"", ""90"", ""90"", ""97"", ""97"", ""97"", ""97"", ""97"", ""97"", ""97"", ""97"", ""CAMINATA""]",5.0,Lic. Luis Echeverría Álvarez/Gral. Abelardo Rodríguez,20.520250082825,-100.44033312899
2301,32.76500000000001,375,T07,1,26,2,Con transbordo,375 → 319,T07 → C24,Corregidora/Luis M Vega y Monroy,"[""2301"", ""3641"", ""2302"", ""2303"", ""2304"", ""2305"", ""2306"", ""2307"", ""2308"", ""2028"", ""2029"", ""2030"", ""2031"", ""2309"", ""1919"", ""1920"", ""1921"", ""4241"", ""2310"", ""2311"", ""2312"", ""2313"", ""2314"", ""2315"", ""5194"", ""ESTACION_CORREGIDORA_SUR""]","[""375"", ""375"", ""375"", ""375"", ""375"", ""375"", ""375"", ""375"", ""319"", ""319"", ""319"", ""319"", ""319"", ""319"", ""319"", ""319"", ""319"", ""319"", ""319"", ""319"", ""319"", ""319"", ""319"", ""319"", ""CAMINATA""]",5.0,Calle 41/Av. 8,20.57045758,-100.3964362
2477,32.76875,321,C27,0,23,1,Directa,321,C27,,"[""2477"", ""2212"", ""2213"", ""2214"", ""2215"", ""2478"", ""2308"", ""2028"", ""2029"", ""2030"", ""2031"", ""2309"", ""1919"", ""1920"", ""1921"", ""4241"", ""2310"", ""2311"", ""2312"", ""2313"", ""2314"", ""2315"", ""ESTACION_CORREGIDORA_SUR""]","[""321"", ""321"", ""321"", ""321"", ""321"", ""321"", ""321"", ""321"", ""321"", ""321"", ""321"", ""321"", ""321"", ""321"", ""321"", ""321"", ""321"", ""321"", ""321"", ""321"", ""321"", ""CAMINATA""]",5.0,Circ. Lázaro Cárdenas/Prol. Pasteur Sur,20.558212393063,-100.38304398393
2977,32.79375,370,T02,1,15,2,Con transbordo,370 → 97,T02 → C22,El Pocito,"[""2977"", ""3622"", ""1306"", ""1432"", ""1433"", ""1434"", ""3297"", ""4241"", ""2310"", ""2311"", ""2312"", ""2313"", ""2314"", ""2315"", ""ESTACION_CORREGIDORA_SUR""]","[""370"", ""370"", ""97"", ""97"", ""97"", ""97"", ""97"", ""97"", ""97"", ""97"", ""97"", ""97"", ""97"", ""CAMINATA""]",5.0,Calle Sonora/Calle Monterrey,20.55478931,-100.417913
2449,32.86500000000001,134,C26,1,24,2,Con transbordo,134 → 319,C26 → C24,Vicente Guerrero,"[""2449"", ""2404"", ""2405"", ""2020"", ""2021"", ""2450"", ""2451"", ""2452"", ""2453"", ""1881"", ""1879"", ""1918"", ""1919"", ""1920"", ""1921"", ""4241"", ""2310"", ""2311"", ""2312"", ""2313"", ""2314"", ""2315"", ""5194"", ""ESTACION_CORREGIDORA_SUR""]","[""134"", ""134"", ""134"", ""134"", ""134"", ""134"", ""134"", ""134"", ""134"", ""134"", ""134"", ""134"", ""319"", ""319"", ""319"", ""319"", ""319"", ""319"", ""319"", ""319"", ""319"", ""319"", ""CAMINATA""]",5.0,Av. Colinas del Cimatario/Cerro del Tesoro,20.56868489113,-100.37099598933
1362,32.87708333333333,90,L51,1,31,2,Con transbordo,90 → 97,L51 → C22,Constitución de 1917,"[""1362"", ""1363"", ""1364"", ""1445"", ""1365"", ""1446"", ""1366"", ""1447"", ""1367"", ""1431"", ""4111"", ""1300"", ""1301"", ""1302"", ""1761"", ""1303"", ""1304"", ""1305"", ""1306"", ""1432"", ""1433"", ""1434"", ""3297"", ""4241"", ""2310"", ""2311"", ""2312"", ""2313"", ""2314"", ""2315"", ""ESTACION_CORREGIDORA_SUR""]","[""90"", ""90"", ""90"", ""90"", ""90"", ""90"", ""90"", ""90"", ""90"", ""90"", ""90"", ""90"", ""90"", ""90"", ""90"", ""90"", ""90"", ""90"", ""90"", ""90"", ""90"", ""97"", ""97"", ""97"", ""97"", ""97"", ""97"", ""97"", ""97"", ""CAMINATA""]",5.0,Lic. Gustavo Díaz Ordaz/Lic. Luis Echeverría Álvarez,20.519358773937,-100.44182569296
3573,32.93541666666666,326,C35,1,22,2,Con transbordo,326 → 334,C35 → C43,Cto Mosés Solana/Luis Pasteur Asupizo,"[""3573"", ""2034"", ""2035"", ""2400"", ""2478"", ""2308"", ""2028"", ""2029"", ""2030"", ""2031"", ""2309"", ""1919"", ""1920"", ""1921"", ""4241"", ""2310"", ""2311"", ""2312"", ""2313"", ""2314"", ""2315"", ""ESTACION_CORREGIDORA_SUR""]","[""326"", ""326"", ""326"", ""326"", ""334"", ""334"", ""334"", ""334"", ""334"", ""334"", ""334"", ""334"", ""334"", ""334"", ""334"", ""334"", ""334"", ""334"", ""334"", ""334"", ""CAMINATA""]",5.0,Av. Luis Pateur Sur/José A. Bustamante,20.58250765,-100.3842245
2515,32.935416666666676,341,C51,0,26,1,Directa,341,C51,,"[""2515"", ""2516"", ""3686"", ""2517"", ""2214"", ""2215"", ""2216"", ""2217"", ""2218"", ""2219"", ""2032"", ""2023"", ""2024"", ""2856"", ""1918"", ""1919"", ""1920"", ""1921"", ""4241"", ""2310"", ""2311"", ""2312"", ""2313"", ""2314"", ""2315"", ""ESTACION_CORREGIDORA_SUR""]","[""341"", ""341"", ""341"", ""341"", ""341"", ""341"", ""341"", ""341"", ""341"", ""341"", ""341"", ""341"", ""341"", ""341"", ""341"", ""341"", ""341"", ""341"", ""341"", ""341"", ""341"", ""341"", ""341"", ""341"", ""CAMINATA""]",5.0,Av. 26/Calle 13,20.56582156,-100.3875903
3538,32.94833333333334,323,C31,2,18,3,Con transbordo,323 → 336 → 319,C31 → C46 → C24,Av. Universidad/Hidalgo → Avenida Ignacio Zaragoza/Comercial Mexicana,"[""3538"", ""5190"", ""5191"", ""5192"", ""2522"", ""2343"", ""2344"", ""2345"", ""1921"", ""4241"", ""2310"", ""2311"", ""2312"", ""2313"", ""2314"", ""2315"", ""5194"", ""ESTACION_CORREGIDORA_SUR""]","[""323"", ""323"", ""323"", ""323"", ""323"", ""336"", ""336"", ""336"", ""319"", ""319"", ""319"", ""319"", ""319"", ""319"", ""319"", ""319"", ""CAMINATA""]",5.0,Calle Gabino Barreda/Uaq Centro Universitario,20.5951945,-100.4105692
1444,33.06041666666666,90,L51,1,32,2,Con transbordo,90 → 97,L51 → C22,Constitución de 1917,"[""1444"", ""1362"", ""1363"", ""1364"", ""1445"", ""1365"", ""1446"", ""1366"", ""1447"", ""1367"", ""1431"", ""4111"", ""1300"", ""1301"", ""1302"", ""1761"", ""1303"", ""1304"", ""1305"", ""1306"", ""1432"", ""1433"", ""1434"", ""3297"", ""4241"", ""2310"", ""2311"", ""2312"", ""2313"", ""2314"", ""2315"", ""ESTACION_CORREGIDORA_SUR""]","[""90"", ""90"", ""90"", ""90"", ""90"", ""90"", ""90"", ""90"", ""90"", ""90"", ""90"", ""90"", ""90"", ""90"", ""90"", ""90"", ""90"", ""90"", ""90"", ""90"", ""90"", ""90"", ""97"", ""97"", ""97"", ""97"", ""97"", ""97"", ""97"", ""97"", ""CAMINATA""]",5.0,Gustavo Díaz Ordaz/Francisco León de la Barra,20.520225771744,-100.44299924665
5228,33.068749999999994,334,C43,0,28,1,Directa,334,C43,,"[""5228"", ""2600"", ""2545"", ""2546"", ""2303"", ""2304"", ""2305"", ""2306"", ""2232"", ""2629"", ""2478"", ""2308"", ""2028"", ""2029"", ""2030"", ""2031"", ""2309"", ""1919"", ""1920"", ""1921"", ""4241"", ""2310"", ""2311"", ""2312"", ""2313"", ""2314"", ""2315"", ""ESTACION_CORREGIDORA_SUR""]","[""334"", ""334"", ""334"", ""334"", ""334"", ""334"", ""334"", ""334"", ""334"", ""334"", ""334"", ""334"", ""334"", ""334"", ""334"", ""334"", ""334"", ""334"", ""334"", ""334"", ""334"", ""334"", ""334"", ""334"", ""334"", ""334"", ""CAMINATA""]",5.0,P/2627 Calle Rafael de la Mora/Calle 37,20.565648837356,-100.39435225878
2541,33.115,326,C35,1,29,2,Con transbordo,326 → 319,C35 → C24,Corregidora/Luis M Vega y Monroy,"[""2541"", ""2542"", ""2543"", ""2544"", ""2545"", ""2546"", ""2303"", ""2304"", ""2305"", ""2306"", ""2307"", ""2308"", ""2028"", ""2029"", ""2030"", ""2031"", ""2309"", ""1919"", ""1920"", ""1921"", ""4241"", ""2310"", ""2311"", ""2312"", ""2313"", ""2314"", ""2315"", ""5194"", ""ESTACION_CORREGIDORA_SUR""]","[""326"", ""326"", ""326"", ""326"", ""326"", ""326"", ""326"", ""326"", ""326"", ""326"", ""326"", ""319"", ""319"", ""319"", ""319"", ""319"", ""319"", ""319"", ""319"", ""319"", ""319"", ""319"", ""319"", ""319"", ""319"", ""319"", ""319"", ""CAMINATA""]",5.0,Calle 27/Calle 13,20.56053535,-100.3894489
2259,33.13166666666667,336,C46,1,26,2,Con transbordo,336 → 319,C46 → C24,Av. Tecnológico/José María Arteaga,"[""2259"", ""2260"", ""2261"", ""2262"", ""2263"", ""3023"", ""2264"", ""4393"", ""2199"", ""1762"", ""1763"", ""2200"", ""4430"", ""1764"", ""1765"", ""1766"", ""2201"", ""4241"", ""2310"", ""2311"", ""2312"", ""2313"", ""2314"", ""2315"", ""5194"", ""ESTACION_CORREGIDORA_SUR""]","[""336"", ""336"", ""336"", ""336"", ""336"", ""336"", ""336"", ""336"", ""336"", ""336"", ""336"", ""336"", ""336"", ""336"", ""336"", ""336"", ""336"", ""319"", ""319"", ""319"", ""319"", ""319"", ""319"", ""319"", ""CAMINATA""]",5.0,Av. Candiles/Parque Candiles Skate Park,20.546424969556,-100.40628237537
1340,33.18541666666667,98,C23,1,21,2,Con transbordo,98 → 333,C23 → C42,Av. Prol. Zaragoza/Av. Hilario Frías y Soto,"[""1340"", ""1341"", ""1762"", ""1763"", ""2200"", ""4430"", ""1764"", ""1765"", ""1766"", ""2201"", ""4241"", ""2310"", ""3570"", ""3571"", ""3572"", ""2311"", ""2312"", ""2313"", ""2314"", ""2315"", ""ESTACION_CORREGIDORA_SUR""]","[""98"", ""98"", ""98"", ""98"", ""98"", ""333"", ""333"", ""333"", ""333"", ""333"", ""333"", ""333"", ""333"", ""333"", ""333"", ""333"", ""333"", ""333"", ""333"", ""CAMINATA""]",5.0,Blvd. Hacienda del Jacal/Dolores del Rio,20.564129416431,-100.42032950843
1894,33.29833333333333,373,T05,1,21,2,Con transbordo,373 → 319,T05 → C24,Vicente Guerrero,"[""1894"", ""1905"", ""2082"", ""2161"", ""1883"", ""1882"", ""1881"", ""1879"", ""1918"", ""1919"", ""1920"", ""1921"", ""4241"", ""2310"", ""2311"", ""2312"", ""2313"", ""2314"", ""2315"", ""5194"", ""ESTACION_CORREGIDORA_SUR""]","[""373"", ""373"", ""373"", ""373"", ""373"", ""373"", ""373"", ""373"", ""373"", ""319"", ""319"", ""319"", ""319"", ""319"", ""319"", ""319"", ""319"", ""319"", ""319"", ""CAMINATA""]",5.0,Av. Hércules Poniente/Del Deporte,20.60194664624,-100.36631993012
1375,33.32708333333333,90,L51,1,33,2,Con transbordo,90 → 97,L51 → C22,Constitución de 1917,"[""1375"", ""1444"", ""1362"", ""1363"", ""1364"", ""1445"", ""1365"", ""1446"", ""1366"", ""1447"", ""1367"", ""1431"", ""4111"", ""1300"", ""1301"", ""1302"", ""1761"", ""1303"", ""1304"", ""1305"", ""1306"", ""1432"", ""1433"", ""1434"", ""3297"", ""4241"", ""2310"", ""2311"", ""2312"", ""2313"", ""2314"", ""2315"", ""ESTACION_CORREGIDORA_SUR""]","[""90"", ""90"", ""90"", ""90"", ""90"", ""90"", ""90"", ""90"", ""90"", ""90"", ""90"", ""90"", ""90"", ""90"", ""90"", ""90"", ""90"", ""90"", ""90"", ""90"", ""90"", ""90"", ""90"", ""97"", ""97"", ""97"", ""97"", ""97"", ""97"", ""97"", ""97"", ""CAMINATA""]",5.0,Lic. Gustavo Díaz Ordaz/Benito Juárez,20.521442429489,-100.44467843709
2231,33.418749999999996,341,C51,1,21,2,Con transbordo,341 → 334,C51 → C43,Cto Moisés Solana/Tomasa Estévez,"[""2231"", ""2232"", ""2629"", ""2478"", ""2308"", ""2028"", ""2029"", ""2030"", ""2031"", ""2309"", ""1919"", ""1920"", ""1921"", ""4241"", ""2310"", ""2311"", ""2312"", ""2313"", ""2314"", ""2315"", ""ESTACION_CORREGIDORA_SUR""]","[""341"", ""334"", ""334"", ""334"", ""334"", ""334"", ""334"", ""334"", ""334"", ""334"", ""334"", ""334"", ""334"", ""334"", ""334"", ""334"", ""334"", ""334"", ""334"", ""CAMINATA""]",5.0,Cto. Moisés Solana/San Martín,20.574620153812,-100.3852197208
1899,33.47958333333333,370,T02,2,14,3,Con transbordo,370 → 409 → 345,T02 → L164 → C55,Blvd. Bernardo Quintana/Calle de la Peñita Ote. → Av. Universidad/Escuela Normal,"[""1899"", ""1900"", ""1901"", ""2082"", ""1884"", ""2204"", ""2550"", ""2551"", ""2956"", ""2552"", ""2393"", ""2394"", ""2680"", ""ESTACION_CORREGIDORA_SUR""]","[""370"", ""370"", ""370"", ""370"", ""370"", ""409"", ""345"", ""345"", ""345"", ""345"", ""345"", ""345"", ""CAMINATA""]",5.0,Calzada de Los Arcos/Av. Plateros,20.593638454284,-100.37628647905
2514,33.51875000000001,341,C51,0,27,1,Directa,341,C51,,"[""2514"", ""2515"", ""2516"", ""3686"", ""2517"", ""2214"", ""2215"", ""2216"", ""2217"", ""2218"", ""2219"", ""2032"", ""2023"", ""2024"", ""2856"", ""1918"", ""1919"", ""1920"", ""1921"", ""4241"", ""2310"", ""2311"", ""2312"", ""2313"", ""2314"", ""2315"", ""ESTACION_CORREGIDORA_SUR""]","[""341"", ""341"", ""341"", ""341"", ""341"", ""341"", ""341"", ""341"", ""341"", ""341"", ""341"", ""341"", ""341"", ""341"", ""341"", ""341"", ""341"", ""341"", ""341"", ""341"", ""341"", ""341"", ""341"", ""341"", ""341"", ""CAMINATA""]",5.0,Av. 26/Calle 19,20.56530804,-100.3890532
1374,33.57708333333333,90,L51,1,34,2,Con transbordo,90 → 97,L51 → C22,Constitución de 1917,"[""1374"", ""1375"", ""1444"", ""1362"", ""1363"", ""1364"", ""1445"", ""1365"", ""1446"", ""1366"", ""1447"", ""1367"", ""1431"", ""4111"", ""1300"", ""1301"", ""1302"", ""1761"", ""1303"", ""1304"", ""1305"", ""1306"", ""1432"", ""1433"", ""1434"", ""3297"", ""4241"", ""2310"", ""2311"", ""2312"", ""2313"", ""2314"", ""2315"", ""ESTACION_CORREGIDORA_SUR""]","[""90"", ""90"", ""90"", ""90"", ""90"", ""90"", ""90"", ""90"", ""90"", ""90"", ""90"", ""90"", ""90"", ""90"", ""90"", ""90"", ""90"", ""90"", ""90"", ""90"", ""90"", ""90"", ""90"", ""90"", ""97"", ""97"", ""97"", ""97"", ""97"", ""97"", ""97"", ""97"", ""CAMINATA""]",5.0,Francisco I. Madero/Lic. Adolfo López Mateos,20.52279161,-100.4460064
1475,33.63166666666667,352,C64,2,20,3,Con transbordo,352 → 325 → 319,C64 → C34 → C24,Alameda → Av. Tecnológico/Itq,"[""1475"", ""1476"", ""1472"", ""1471"", ""1470"", ""1469"", ""1439"", ""1438"", ""2537"", ""1920"", ""1921"", ""4241"", ""2310"", ""2311"", ""2312"", ""2313"", ""2314"", ""2315"", ""5194"", ""ESTACION_CORREGIDORA_SUR""]","[""352"", ""352"", ""352"", ""352"", ""352"", ""352"", ""325"", ""325"", ""325"", ""325"", ""325"", ""325"", ""325"", ""325"", ""325"", ""319"", ""319"", ""319"", ""CAMINATA""]",5.0,Milenio,20.589308545676,-100.35136037723
3621,33.677083333333336,370,T02,1,16,2,Con transbordo,370 → 97,T02 → C22,El Pocito,"[""3621"", ""2977"", ""3622"", ""1306"", ""1432"", ""1433"", ""1434"", ""3297"", ""4241"", ""2310"", ""2311"", ""2312"", ""2313"", ""2314"", ""2315"", ""ESTACION_CORREGIDORA_SUR""]","[""370"", ""370"", ""370"", ""97"", ""97"", ""97"", ""97"", ""97"", ""97"", ""97"", ""97"", ""97"", ""97"", ""97"", ""CAMINATA""]",5.0,Calle Río Lerma/Calle Colima,20.55528692,-100.4150391
1443,33.693749999999994,90,L51,1,35,2,Con transbordo,90 → 97,L51 → C22,Constitución de 1917,"[""1443"", ""1374"", ""1375"", ""1444"", ""1362"", ""1363"", ""1364"", ""1445"", ""1365"", ""1446"", ""1366"", ""1447"", ""1367"", ""1431"", ""4111"", ""1300"", ""1301"", ""1302"", ""1761"", ""1303"", ""1304"", ""1305"", ""1306"", ""1432"", ""1433"", ""1434"", ""3297"", ""4241"", ""2310"", ""2311"", ""2312"", ""2313"", ""2314"", ""2315"", ""ESTACION_CORREGIDORA_SUR""]","[""90"", ""90"", ""90"", ""90"", ""90"", ""90"", ""90"", ""90"", ""90"", ""90"", ""90"", ""90"", ""90"", ""90"", ""90"", ""90"", ""90"", ""90"", ""90"", ""90"", ""90"", ""90"", ""90"", ""90"", ""90"", ""97"", ""97"", ""97"", ""97"", ""97"", ""97"", ""97"", ""97"", ""CAMINATA""]",5.0,Francisco I. Madero/Miguel Alemán Valdez,20.523456475966,-100.44545590107
5227,33.71874999999999,334,C43,0,29,1,Directa,334,C43,,"[""5227"", ""5228"", ""2600"", ""2545"", ""2546"", ""2303"", ""2304"", ""2305"", ""2306"", ""2232"", ""2629"", ""2478"", ""2308"", ""2028"", ""2029"", ""2030"", ""2031"", ""2309"", ""1919"", ""1920"", ""1921"", ""4241"", ""2310"", ""2311"", ""2312"", ""2313"", ""2314"", ""2315"", ""ESTACION_CORREGIDORA_SUR""]","[""334"", ""334"", ""334"", ""334"", ""334"", ""334"", ""334"", ""334"", ""334"", ""334"", ""334"", ""334"", ""334"", ""334"", ""334"", ""334"", ""334"", ""334"", ""334"", ""334"", ""334"", ""334"", ""334"", ""334"", ""334"", ""334"", ""334"", ""CAMINATA""]",5.0,Rafael de la Mora/Govea,20.565676161633,-100.39618627264
2523,33.71875,139,C32,2,14,3,Con transbordo,139 → 360 → 97,C32 → L152 → C22,Ignacio Zaragoza/Ezequiel Montes → Av. Tecnológico/Fernando Loyola,"[""2523"", ""2524"", ""1924"", ""1437"", ""1440"", ""3297"", ""4241"", ""2310"", ""2311"", ""2312"", ""2313"", ""2314"", ""2315"", ""ESTACION_CORREGIDORA_SUR""]","[""139"", ""139"", ""360"", ""360"", ""360"", ""97"", ""97"", ""97"", ""97"", ""97"", ""97"", ""97"", ""CAMINATA""]",5.0,Ignacio Pérez/Francisco I. Madero,20.589585112548,-100.40106438272
2447,33.765,376,T08,1,25,2,Con transbordo,376 → 319,T08 → C24,Vicente Guerrero,"[""2447"", ""2518"", ""2519"", ""3578"", ""2216"", ""2217"", ""2218"", ""2219"", ""2032"", ""2023"", ""2024"", ""2856"", ""1918"", ""1919"", ""1920"", ""1921"", ""4241"", ""2310"", ""2311"", ""2312"", ""2313"", ""2314"", ""2315"", ""5194"", ""ESTACION_CORREGIDORA_SUR""]","[""376"", ""376"", ""376"", ""376"", ""376"", ""376"", ""376"", ""376"", ""376"", ""376"", ""376"", ""376"", ""376"", ""319"", ""319"", ""319"", ""319"", ""319"", ""319"", ""319"", ""319"", ""319"", ""319"", ""CAMINATA""]",5.0,Blvd. Centro Sur/Colinas del Cimatario,20.56319588179,-100.36900108441
3601,33.765,326,C35,1,30,2,Con transbordo,326 → 319,C35 → C24,Corregidora/Luis M Vega y Monroy,"[""3601"", ""2541"", ""2542"", ""2543"", ""2544"", ""2545"", ""2546"", ""2303"", ""2304"", ""2305"", ""2306"", ""2307"", ""2308"", ""2028"", ""2029"", ""2030"", ""2031"", ""2309"", ""1919"", ""1920"", ""1921"", ""4241"", ""2310"", ""2311"", ""2312"", ""2313"", ""2314"", ""2315"", ""5194"", ""ESTACION_CORREGIDORA_SUR""]","[""326"", ""326"", ""326"", ""326"", ""326"", ""326"", ""326"", ""326"", ""326"", ""326"", ""326"", ""326"", ""319"", ""319"", ""319"", ""319"", ""319"", ""319"", ""319"", ""319"", ""319"", ""319"", ""319"", ""319"", ""319"", ""319"", ""319"", ""319"", ""CAMINATA""]",5.0,Prol. Calle 27/Calle Nicaragua,20.55870516,-100.3886614
2669,33.83166666666666,337,C47,2,18,3,Con transbordo,337 → 338 → 319,C47 → C48 → C24,Blvd. de Las Américas/Calle Antonio Rivera de la Torre → Av. Tecnológico/José María Arteaga,"[""2669"", ""2294"", ""2295"", ""2296"", ""2418"", ""2419"", ""5180"", ""2672"", ""2201"", ""4241"", ""2310"", ""2311"", ""2312"", ""2313"", ""2314"", ""2315"", ""5194"", ""ESTACION_CORREGIDORA_SUR""]","[""337"", ""338"", ""338"", ""338"", ""338"", ""338"", ""338"", ""338"", ""338"", ""319"", ""319"", ""319"", ""319"", ""319"", ""319"", ""319"", ""CAMINATA""]",5.0,Calle Antonio Acona/Blvd. de Las Américas,20.55521583,-100.3965327
1442,33.84374999999999,90,L51,1,36,2,Con transbordo,90 → 97,L51 → C22,Constitución de 1917,"[""1442"", ""1443"", ""1374"", ""1375"", ""1444"", ""1362"", ""1363"", ""1364"", ""1445"", ""1365"", ""1446"", ""1366"", ""1447"", ""1367"", ""1431"", ""4111"", ""1300"", ""1301"", ""1302"", ""1761"", ""1303"", ""1304"", ""1305"", ""1306"", ""1432"", ""1433"", ""1434"", ""3297"", ""4241"", ""2310"", ""2311"", ""2312"", ""2313"", ""2314"", ""2315"", ""ESTACION_CORREGIDORA_SUR""]","[""90"", ""90"", ""90"", ""90"", ""90"", ""90"", ""90"", ""90"", ""90"", ""90"", ""90"", ""90"", ""90"", ""90"", ""90"", ""90"", ""90"", ""90"", ""90"", ""90"", ""90"", ""90"", ""90"", ""90"", ""90"", ""90"", ""97"", ""97"", ""97"", ""97"", ""97"", ""97"", ""97"", ""97"", ""CAMINATA""]",5.0,Francisco I. Madero/Gral. Pascual Ortiz Rubio,20.524304454054,-100.44476911407
2038,33.865,325,C34,1,27,2,Con transbordo,325 → 319,C34 → C24,Av. Tecnológico/Itq,"[""2038"", ""2039"", ""2246"", ""2017"", ""2018"", ""2019"", ""2020"", ""2021"", ""2450"", ""2451"", ""1471"", ""1470"", ""1469"", ""1439"", ""1438"", ""2537"", ""1920"", ""1921"", ""4241"", ""2310"", ""2311"", ""2312"", ""2313"", ""2314"", ""2315"", ""5194"", ""ESTACION_CORREGIDORA_SUR""]","[""325"", ""325"", ""325"", ""325"", ""325"", ""325"", ""325"", ""325"", ""325"", ""325"", ""325"", ""325"", ""325"", ""325"", ""325"", ""325"", ""325"", ""325"", ""325"", ""325"", ""325"", ""325"", ""319"", ""319"", ""319"", ""CAMINATA""]",5.0,Luis Vega/Monroy Hospital de Especialidades,20.578438800109,-100.36998195477
2300,33.915000000000006,375,T07,1,27,2,Con transbordo,375 → 319,T07 → C24,Corregidora/Luis M Vega y Monroy,"[""2300"", ""2301"", ""3641"", ""2302"", ""2303"", ""2304"", ""2305"", ""2306"", ""2307"", ""2308"", ""2028"", ""2029"", ""2030"", ""2031"", ""2309"", ""1919"", ""1920"", ""1921"", ""4241"", ""2310"", ""2311"", ""2312"", ""2313"", ""2314"", ""2315"", ""5194"", ""ESTACION_CORREGIDORA_SUR""]","[""375"", ""375"", ""375"", ""375"", ""375"", ""375"", ""375"", ""375"", ""375"", ""319"", ""319"", ""319"", ""319"", ""319"", ""319"", ""319"", ""319"", ""319"", ""319"", ""319"", ""319"", ""319"", ""319"", ""319"", ""319"", ""CAMINATA""]",5.0,Calle 41/Av. 12,20.56825551,-100.3959322
2448,33.93166666666668,134,C26,1,25,2,Con transbordo,134 → 319,C26 → C24,Vicente Guerrero,"[""2448"", ""2449"", ""2404"", ""2405"", ""2020"", ""2021"", ""2450"", ""2451"", ""2452"", ""2453"", ""1881"", ""1879"", ""1918"", ""1919"", ""1920"", ""1921"", ""4241"", ""2310"", ""2311"", ""2312"", ""2313"", ""2314"", ""2315"", ""5194"", ""ESTACION_CORREGIDORA_SUR""]","[""134"", ""134"", ""134"", ""134"", ""134"", ""134"", ""134"", ""134"", ""134"", ""134"", ""134"", ""134"", ""134"", ""319"", ""319"", ""319"", ""319"", ""319"", ""319"", ""319"", ""319"", ""319"", ""319"", ""CAMINATA""]",5.0,Av. Colinas del Cimatario/Cerro del Peñón,20.56518096121,-100.36975774062
2513,33.935416666666676,341,C51,0,28,1,Directa,341,C51,,"[""2513"", ""2514"", ""2515"", ""2516"", ""3686"", ""2517"", ""2214"", ""2215"", ""2216"", ""2217"", ""2218"", ""2219"", ""2032"", ""2023"", ""2024"", ""2856"", ""1918"", ""1919"", ""1920"", ""1921"", ""4241"", ""2310"", ""2311"", ""2312"", ""2313"", ""2314"", ""2315"", ""ESTACION_CORREGIDORA_SUR""]","[""341"", ""341"", ""341"", ""341"", ""341"", ""341"", ""341"", ""341"", ""341"", ""341"", ""341"", ""341"", ""341"", ""341"", ""341"", ""341"", ""341"", ""341"", ""341"", ""341"", ""341"", ""341"", ""341"", ""341"", ""341"", ""341"", ""CAMINATA""]",5.0,Av. 26/Calle 23,20.56494752,-100.3901154
2476,33.96875,321,C27,0,24,1,Directa,321,C27,,"[""2476"", ""2477"", ""2212"", ""2213"", ""2214"", ""2215"", ""2478"", ""2308"", ""2028"", ""2029"", ""2030"", ""2031"", ""2309"", ""1919"", ""1920"", ""1921"", ""4241"", ""2310"", ""2311"", ""2312"", ""2313"", ""2314"", ""2315"", ""ESTACION_CORREGIDORA_SUR""]","[""321"", ""321"", ""321"", ""321"", ""321"", ""321"", ""321"", ""321"", ""321"", ""321"", ""321"", ""321"", ""321"", ""321"", ""321"", ""321"", ""321"", ""321"", ""321"", ""321"", ""321"", ""321"", ""CAMINATA""]",5.0,Ricardo Flores Magón/Primaria Jose Morales Lira,20.558508718956,-100.37974811507
2410,33.98166666666667,98,C23,2,22,3,Con transbordo,98 → 138 → 319,C23 → C30 → C24,Cto Moises Solana/Paseo de Los Romancero (Prepa Sur) → Corregidora/Luis M Vega y Monroy,"[""2410"", ""2411"", ""2412"", ""2478"", ""2308"", ""2028"", ""2029"", ""2030"", ""2031"", ""2309"", ""1919"", ""1920"", ""1921"", ""4241"", ""2310"", ""2311"", ""2312"", ""2313"", ""2314"", ""2315"", ""5194"", ""ESTACION_CORREGIDORA_SUR""]","[""98"", ""138"", ""138"", ""138"", ""319"", ""319"", ""319"", ""319"", ""319"", ""319"", ""319"", ""319"", ""319"", ""319"", ""319"", ""319"", ""319"", ""319"", ""319"", ""319"", ""CAMINATA""]",5.0,Circ. Moisés Solana/Manuel Payno (Juzgados),20.57413898094,-100.37816333913
1373,34.02708333333332,90,L51,1,37,2,Con transbordo,90 → 97,L51 → C22,Constitución de 1917,"[""1373"", ""1442"", ""1443"", ""1374"", ""1375"", ""1444"", ""1362"", ""1363"", ""1364"", ""1445"", ""1365"", ""1446"", ""1366"", ""1447"", ""1367"", ""1431"", ""4111"", ""1300"", ""1301"", ""1302"", ""1761"", ""1303"", ""1304"", ""1305"", ""1306"", ""1432"", ""1433"", ""1434"", ""3297"", ""4241"", ""2310"", ""2311"", ""2312"", ""2313"", ""2314"", ""2315"", ""ESTACION_CORREGIDORA_SUR""]","[""90"", ""90"", ""90"", ""90"", ""90"", ""90"", ""90"", ""90"", ""90"", ""90"", ""90"", ""90"", ""90"", ""90"", ""90"", ""90"", ""90"", ""90"", ""90"", ""90"", ""90"", ""90"", ""90"", ""90"", ""90"", ""90"", ""90"", ""97"", ""97"", ""97"", ""97"", ""97"", ""97"", ""97"", ""97"", ""CAMINATA""]",5.0,Francisco I. Madero/Calle Adolfo de la Huerta,20.525392735208,-100.44387966712
1898,34.04625,370,T02,2,15,3,Con transbordo,370 → 409 → 345,T02 → L164 → C55,Blvd. Bernardo Quintana/Calle de la Peñita Ote. → Av. Universidad/Escuela Normal,"[""1898"", ""1899"", ""1900"", ""1901"", ""2082"", ""1884"", ""2204"", ""2550"", ""2551"", ""2956"", ""2552"", ""2393"", ""2394"", ""2680"", ""ESTACION_CORREGIDORA_SUR""]","[""370"", ""370"", ""370"", ""370"", ""370"", ""370"", ""409"", ""345"", ""345"", ""345"", ""345"", ""345"", ""345"", ""CAMINATA""]",5.0,Calz. de Los Arcos/Independencia,20.592561226818,-100.37774335365
2976,34.110416666666666,370,T02,1,17,2,Con transbordo,370 → 97,T02 → C22,El Pocito,"[""2976"", ""3621"", ""2977"", ""3622"", ""1306"", ""1432"", ""1433"", ""1434"", ""3297"", ""4241"", ""2310"", ""2311"", ""2312"", ""2313"", ""2314"", ""2315"", ""ESTACION_CORREGIDORA_SUR""]","[""370"", ""370"", ""370"", ""370"", ""97"", ""97"", ""97"", ""97"", ""97"", ""97"", ""97"", ""97"", ""97"", ""97"", ""97"", ""CAMINATA""]",5.0,Calle Tlaxcala/Calle Río Lerma,20.55510815,-100.4136284
2033,34.11874999999999,326,C35,1,23,2,Con transbordo,326 → 334,C35 → C43,Cto Mosés Solana/Luis Pasteur Asupizo,"[""2033"", ""3573"", ""2034"", ""2035"", ""2400"", ""2478"", ""2308"", ""2028"", ""2029"", ""2030"", ""2031"", ""2309"", ""1919"", ""1920"", ""1921"", ""4241"", ""2310"", ""2311"", ""2312"", ""2313"", ""2314"", ""2315"", ""ESTACION_CORREGIDORA_SUR""]","[""326"", ""326"", ""326"", ""326"", ""326"", ""334"", ""334"", ""334"", ""334"", ""334"", ""334"", ""334"", ""334"", ""334"", ""334"", ""334"", ""334"", ""334"", ""334"", ""334"", ""334"", ""CAMINATA""]",5.0,Prol. Luis Pasteur/Constituyentes,20.586067243389,-100.38561972374
3640,34.181666666666665,373,T05,1,22,2,Con transbordo,373 → 319,T05 → C24,Vicente Guerrero,"[""3640"", ""1894"", ""1905"", ""2082"", ""2161"", ""1883"", ""1882"", ""1881"", ""1879"", ""1918"", ""1919"", ""1920"", ""1921"", ""4241"", ""2310"", ""2311"", ""2312"", ""2313"", ""2314"", ""2315"", ""5194"", ""ESTACION_CORREGIDORA_SUR""]","[""373"", ""373"", ""373"", ""373"", ""373"", ""373"", ""373"", ""373"", ""373"", ""373"", ""319"", ""319"", ""319"", ""319"", ""319"", ""319"", ""319"", ""319"", ""319"", ""319"", ""CAMINATA""]",5.0,Emeterio González/Del Deporte,20.603991584179,-100.36548133284
2615,34.181666666666665,234,L117,2,15,3,Con transbordo,234 → 338 → 319,L117 → C48 → C24,Blvd. de Las Américas/Carlos Esquerro → Av. Tecnológico/José María Arteaga,"[""2615"", ""2418"", ""2419"", ""5180"", ""2672"", ""2201"", ""4241"", ""2310"", ""2311"", ""2312"", ""2313"", ""2314"", ""2315"", ""5194"", ""ESTACION_CORREGIDORA_SUR""]","[""234"", ""338"", ""338"", ""338"", ""338"", ""338"", ""319"", ""319"", ""319"", ""319"", ""319"", ""319"", ""319"", ""CAMINATA""]",5.0,Calle Antonio Carranza/Blvd. de Las Américas,20.55879258,-100.3970862
1441,34.21041666666665,90,L51,1,38,2,Con transbordo,90 → 97,L51 → C22,Constitución de 1917,"[""1441"", ""1373"", ""1442"", ""1443"", ""1374"", ""1375"", ""1444"", ""1362"", ""1363"", ""1364"", ""1445"", ""1365"", ""1446"", ""1366"", ""1447"", ""1367"", ""1431"", ""4111"", ""1300"", ""1301"", ""1302"", ""1761"", ""1303"", ""1304"", ""1305"", ""1306"", ""1432"", ""1433"", ""1434"", ""3297"", ""4241"", ""2310"", ""2311"", ""2312"", ""2313"", ""2314"", ""2315"", ""ESTACION_CORREGIDORA_SUR""]","[""90"", ""90"", ""90"", ""90"", ""90"", ""90"", ""90"", ""90"", ""90"", ""90"", ""90"", ""90"", ""90"", ""90"", ""90"", ""90"", ""90"", ""90"", ""90"", ""90"", ""90"", ""90"", ""90"", ""90"", ""90"", ""90"", ""90"", ""90"", ""97"", ""97"", ""97"", ""97"", ""97"", ""97"", ""97"", ""97"", ""CAMINATA""]",5.0,Francisco I. Madero/Venustiano Carranza,20.526419669925,-100.44303613732
2628,34.318749999999994,334,C43,0,30,1,Directa,334,C43,,"[""2628"", ""5227"", ""5228"", ""2600"", ""2545"", ""2546"", ""2303"", ""2304"", ""2305"", ""2306"", ""2232"", ""2629"", ""2478"", ""2308"", ""2028"", ""2029"", ""2030"", ""2031"", ""2309"", ""1919"", ""1920"", ""1921"", ""4241"", ""2310"", ""2311"", ""2312"", ""2313"", ""2314"", ""2315"", ""ESTACION_CORREGIDORA_SUR""]","[""334"", ""334"", ""334"", ""334"", ""334"", ""334"", ""334"", ""334"", ""334"", ""334"", ""334"", ""334"", ""334"", ""334"", ""334"", ""334"", ""334"", ""334"", ""334"", ""334"", ""334"", ""334"", ""334"", ""334"", ""334"", ""334"", ""334"", ""334"", ""CAMINATA""]",5.0,Calle Rafael de la Mora/F. Rivera,20.56568983,-100.3979136
1372,34.32708333333332,90,L51,1,39,2,Con transbordo,90 → 97,L51 → C22,Constitución de 1917,"[""1372"", ""1441"", ""1373"", ""1442"", ""1443"", ""1374"", ""1375"", ""1444"", ""1362"", ""1363"", ""1364"", ""1445"", ""1365"", ""1446"", ""1366"", ""1447"", ""1367"", ""1431"", ""4111"", ""1300"", ""1301"", ""1302"", ""1761"", ""1303"", ""1304"", ""1305"", ""1306"", ""1432"", ""1433"", ""1434"", ""3297"", ""4241"", ""2310"", ""2311"", ""2312"", ""2313"", ""2314"", ""2315"", ""ESTACION_CORREGIDORA_SUR""]","[""90"", ""90"", ""90"", ""90"", ""90"", ""90"", ""90"", ""90"", ""90"", ""90"", ""90"", ""90"", ""90"", ""90"", ""90"", ""90"", ""90"", ""90"", ""90"", ""90"", ""90"", ""90"", ""90"", ""90"", ""90"", ""90"", ""90"", ""90"", ""90"", ""97"", ""97"", ""97"", ""97"", ""97"", ""97"", ""97"", ""97"", ""CAMINATA""]",5.0,Francisco I. Madero/Gral. Pedro Lascurain,20.527123804359,-100.44246135697
5184,34.348333333333336,326,C35,1,31,2,Con transbordo,326 → 319,C35 → C24,Corregidora/Luis M Vega y Monroy,"[""5184"", ""3601"", ""2541"", ""2542"", ""2543"", ""2544"", ""2545"", ""2546"", ""2303"", ""2304"", ""2305"", ""2306"", ""2307"", ""2308"", ""2028"", ""2029"", ""2030"", ""2031"", ""2309"", ""1919"", ""1920"", ""1921"", ""4241"", ""2310"", ""2311"", ""2312"", ""2313"", ""2314"", ""2315"", ""5194"", ""ESTACION_CORREGIDORA_SUR""]","[""326"", ""326"", ""326"", ""326"", ""326"", ""326"", ""326"", ""326"", ""326"", ""326"", ""326"", ""326"", ""326"", ""319"", ""319"", ""319"", ""319"", ""319"", ""319"", ""319"", ""319"", ""319"", ""319"", ""319"", ""319"", ""319"", ""319"", ""319"", ""319"", ""CAMINATA""]",5.0,Prol. Calle 27/Calle Puerto Rico,20.557021371188,-100.38805893794
2512,34.35208333333334,341,C51,0,29,1,Directa,341,C51,,"[""2512"", ""2513"", ""2514"", ""2515"", ""2516"", ""3686"", ""2517"", ""2214"", ""2215"", ""2216"", ""2217"", ""2218"", ""2219"", ""2032"", ""2023"", ""2024"", ""2856"", ""1918"", ""1919"", ""1920"", ""1921"", ""4241"", ""2310"", ""2311"", ""2312"", ""2313"", ""2314"", ""2315"", ""ESTACION_CORREGIDORA_SUR""]","[""341"", ""341"", ""341"", ""341"", ""341"", ""341"", ""341"", ""341"", ""341"", ""341"", ""341"", ""341"", ""341"", ""341"", ""341"", ""341"", ""341"", ""341"", ""341"", ""341"", ""341"", ""341"", ""341"", ""341"", ""341"", ""341"", ""341"", ""CAMINATA""]",5.0,Av. 26/Calle 27,20.56457914,-100.3911592
2446,34.38166666666667,376,T08,1,26,2,Con transbordo,376 → 319,T08 → C24,Vicente Guerrero,"[""2446"", ""2447"", ""2518"", ""2519"", ""3578"", ""2216"", ""2217"", ""2218"", ""2219"", ""2032"", ""2023"", ""2024"", ""2856"", ""1918"", ""1919"", ""1920"", ""1921"", ""4241"", ""2310"", ""2311"", ""2312"", ""2313"", ""2314"", ""2315"", ""5194"", ""ESTACION_CORREGIDORA_SUR""]","[""376"", ""376"", ""376"", ""376"", ""376"", ""376"", ""376"", ""376"", ""376"", ""376"", ""376"", ""376"", ""376"", ""376"", ""319"", ""319"", ""319"", ""319"", ""319"", ""319"", ""319"", ""319"", ""319"", ""319"", ""CAMINATA""]",5.0,Blvd. Centro Sur/Cerro de la Silla,20.563841800225,-100.36690630908
1885,34.38166666666667,379,T13,2,20,3,Con transbordo,379 → 325 → 319,T13 → C34 → C24,Carretas → Av. Tecnológico/Itq,"[""1885"", ""3349"", ""1472"", ""1471"", ""1470"", ""1469"", ""1439"", ""1438"", ""2537"", ""1920"", ""1921"", ""4241"", ""2310"", ""2311"", ""2312"", ""2313"", ""2314"", ""2315"", ""5194"", ""ESTACION_CORREGIDORA_SUR""]","[""379"", ""379"", ""325"", ""325"", ""325"", ""325"", ""325"", ""325"", ""325"", ""325"", ""325"", ""325"", ""325"", ""325"", ""325"", ""319"", ""319"", ""319"", ""CAMINATA""]",5.0,Bernardo Quintana/Calzada de Los Arcos,20.596179492011,-100.37239060751
3596,34.393750000000004,136,C28,2,18,3,Con transbordo,136 → 326 → 344,C28 → C35 → C54,Independencia/Capuchinas → Av. Universidad/Hospital Sagrado Corazón de Jesús,"[""3596"", ""2021"", ""2450"", ""2451"", ""2452"", ""2453"", ""2547"", ""2548"", ""2549"", ""2550"", ""2551"", ""2956"", ""2552"", ""2393"", ""2394"", ""2316"", ""5200"", ""ESTACION_CORREGIDORA_SUR""]","[""136"", ""136"", ""136"", ""136"", ""136"", ""326"", ""326"", ""326"", ""326"", ""326"", ""326"", ""326"", ""344"", ""344"", ""344"", ""344"", ""CAMINATA""]",5.0,Prol. Bernardo Quintana/Centro de Conciliación Laboral del Estado de Querétaro,20.57642214,-100.3606021
2258,34.415,336,C46,1,27,2,Con transbordo,336 → 319,C46 → C24,Av. Tecnológico/José María Arteaga,"[""2258"", ""2259"", ""2260"", ""2261"", ""2262"", ""2263"", ""3023"", ""2264"", ""4393"", ""2199"", ""1762"", ""1763"", ""2200"", ""4430"", ""1764"", ""1765"", ""1766"", ""2201"", ""4241"", ""2310"", ""2311"", ""2312"", ""2313"", ""2314"", ""2315"", ""5194"", ""ESTACION_CORREGIDORA_SUR""]","[""336"", ""336"", ""336"", ""336"", ""336"", ""336"", ""336"", ""336"", ""336"", ""336"", ""336"", ""336"", ""336"", ""336"", ""336"", ""336"", ""336"", ""336"", ""319"", ""319"", ""319"", ""319"", ""319"", ""319"", ""319"", ""CAMINATA""]",5.0,Fernando Díaz Ramírez/José Ugalde Rodríguez,20.54281789,-100.4037029
1308,34.477083333333326,370,T02,2,17,3,Con transbordo,370 → 90 → 97,T02 → L51 → C22,Tejeda → Constitución de 1917,"[""1308"", ""1309"", ""1304"", ""1305"", ""1306"", ""1432"", ""1433"", ""1434"", ""3297"", ""4241"", ""2310"", ""2311"", ""2312"", ""2313"", ""2314"", ""2315"", ""ESTACION_CORREGIDORA_SUR""]","[""370"", ""370"", ""90"", ""90"", ""90"", ""90"", ""90"", ""97"", ""97"", ""97"", ""97"", ""97"", ""97"", ""97"", ""97"", ""CAMINATA""]",5.0,Deportivo,20.555767246531,-100.42003456243
5107,34.481666666666676,333,C42,1,24,2,Con transbordo,333 → 319,C42 → C24,Vicente Guerrero,"[""5107"", ""2519"", ""3578"", ""2216"", ""2217"", ""2218"", ""2219"", ""2032"", ""2023"", ""2024"", ""2856"", ""1918"", ""1919"", ""1920"", ""1921"", ""4241"", ""2310"", ""2311"", ""2312"", ""2313"", ""2314"", ""2315"", ""5194"", ""ESTACION_CORREGIDORA_SUR""]","[""333"", ""333"", ""333"", ""333"", ""333"", ""333"", ""333"", ""333"", ""333"", ""333"", ""333"", ""333"", ""319"", ""319"", ""319"", ""319"", ""319"", ""319"", ""319"", ""319"", ""319"", ""319"", ""CAMINATA""]",5.0,Av. del Parque/Blvd. Centro Sur,20.562011445296,-100.3741538794
2668,34.54833333333333,337,C47,2,19,3,Con transbordo,337 → 338 → 319,C47 → C48 → C24,Blvd. de Las Américas/Calle Antonio Rivera de la Torre → Av. Tecnológico/José María Arteaga,"[""2668"", ""2669"", ""2294"", ""2295"", ""2296"", ""2418"", ""2419"", ""5180"", ""2672"", ""2201"", ""4241"", ""2310"", ""2311"", ""2312"", ""2313"", ""2314"", ""2315"", ""5194"", ""ESTACION_CORREGIDORA_SUR""]","[""337"", ""337"", ""338"", ""338"", ""338"", ""338"", ""338"", ""338"", ""338"", ""338"", ""319"", ""319"", ""319"", ""319"", ""319"", ""319"", ""319"", ""CAMINATA""]",5.0,Calle Antonio Acona/Fresno,20.555284362014,-100.3985751475
2511,34.75208333333334,341,C51,0,30,1,Directa,341,C51,,"[""2511"", ""2512"", ""2513"", ""2514"", ""2515"", ""2516"", ""3686"", ""2517"", ""2214"", ""2215"", ""2216"", ""2217"", ""2218"", ""2219"", ""2032"", ""2023"", ""2024"", ""2856"", ""1918"", ""1919"", ""1920"", ""1921"", ""4241"", ""2310"", ""2311"", ""2312"", ""2313"", ""2314"", ""2315"", ""ESTACION_CORREGIDORA_SUR""]","[""341"", ""341"", ""341"", ""341"", ""341"", ""341"", ""341"", ""341"", ""341"", ""341"", ""341"", ""341"", ""341"", ""341"", ""341"", ""341"", ""341"", ""341"", ""341"", ""341"", ""341"", ""341"", ""341"", ""341"", ""341"", ""341"", ""341"", ""341"", ""CAMINATA""]",5.0,Av. 26/Calle 31,20.56422606,-100.3921761
1352,34.77708333333332,90,L51,1,40,2,Con transbordo,90 → 97,L51 → C22,Constitución de 1917,"[""1352"", ""1372"", ""1441"", ""1373"", ""1442"", ""1443"", ""1374"", ""1375"", ""1444"", ""1362"", ""1363"", ""1364"", ""1445"", ""1365"", ""1446"", ""1366"", ""1447"", ""1367"", ""1431"", ""4111"", ""1300"", ""1301"", ""1302"", ""1761"", ""1303"", ""1304"", ""1305"", ""1306"", ""1432"", ""1433"", ""1434"", ""3297"", ""4241"", ""2310"", ""2311"", ""2312"", ""2313"", ""2314"", ""2315"", ""ESTACION_CORREGIDORA_SUR""]","[""90"", ""90"", ""90"", ""90"", ""90"", ""90"", ""90"", ""90"", ""90"", ""90"", ""90"", ""90"", ""90"", ""90"", ""90"", ""90"", ""90"", ""90"", ""90"", ""90"", ""90"", ""90"", ""90"", ""90"", ""90"", ""90"", ""90"", ""90"", ""90"", ""90"", ""97"", ""97"", ""97"", ""97"", ""97"", ""97"", ""97"", ""97"", ""CAMINATA""]",5.0,Blvd. Metropolitano/Pirámides de Egipto,20.530484554613,-100.4416241503
3620,34.793749999999996,370,T02,1,18,2,Con transbordo,370 → 97,T02 → C22,El Pocito,"[""3620"", ""2976"", ""3621"", ""2977"", ""3622"", ""1306"", ""1432"", ""1433"", ""1434"", ""3297"", ""4241"", ""2310"", ""2311"", ""2312"", ""2313"", ""2314"", ""2315"", ""ESTACION_CORREGIDORA_SUR""]","[""370"", ""370"", ""370"", ""370"", ""370"", ""97"", ""97"", ""97"", ""97"", ""97"", ""97"", ""97"", ""97"", ""97"", ""97"", ""97"", ""CAMINATA""]",5.0,Calle Hidalgo/Calle Tlaxcala,20.55342466,-100.4122275
3346,34.815,376,T08,1,27,2,Con transbordo,376 → 319,T08 → C24,Vicente Guerrero,"[""3346"", ""2446"", ""2447"", ""2518"", ""2519"", ""3578"", ""2216"", ""2217"", ""2218"", ""2219"", ""2032"", ""2023"", ""2024"", ""2856"", ""1918"", ""1919"", ""1920"", ""1921"", ""4241"", ""2310"", ""2311"", ""2312"", ""2313"", ""2314"", ""2315"", ""5194"", ""ESTACION_CORREGIDORA_SUR""]","[""376"", ""376"", ""376"", ""376"", ""376"", ""376"", ""376"", ""376"", ""376"", ""376"", ""376"", ""376"", ""376"", ""376"", ""376"", ""319"", ""319"", ""319"", ""319"", ""319"", ""319"", ""319"", ""319"", ""319"", ""319"", ""CAMINATA""]",5.0,Blvd. Centro Sur/Av. Fray Luis de León,20.5644306,-100.3654911
2299,34.83166666666667,375,T07,1,28,2,Con transbordo,375 → 319,T07 → C24,Corregidora/Luis M Vega y Monroy,"[""2299"", ""2300"", ""2301"", ""3641"", ""2302"", ""2303"", ""2304"", ""2305"", ""2306"", ""2307"", ""2308"", ""2028"", ""2029"", ""2030"", ""2031"", ""2309"", ""1919"", ""1920"", ""1921"", ""4241"", ""2310"", ""2311"", ""2312"", ""2313"", ""2314"", ""2315"", ""5194"", ""ESTACION_CORREGIDORA_SUR""]","[""375"", ""375"", ""375"", ""375"", ""375"", ""375"", ""375"", ""375"", ""375"", ""375"", ""319"", ""319"", ""319"", ""319"", ""319"", ""319"", ""319"", ""319"", ""319"", ""319"", ""319"", ""319"", ""319"", ""319"", ""319"", ""319"", ""CAMINATA""]",5.0,Calle 41/Calle 18,20.56652405,-100.3954022
2245,34.848333333333336,325,C34,1,28,2,Con transbordo,325 → 319,C34 → C24,Av. Tecnológico/Itq,"[""2245"", ""2038"", ""2039"", ""2246"", ""2017"", ""2018"", ""2019"", ""2020"", ""2021"", ""2450"", ""2451"", ""1471"", ""1470"", ""1469"", ""1439"", ""1438"", ""2537"", ""1920"", ""1921"", ""4241"", ""2310"", ""2311"", ""2312"", ""2313"", ""2314"", ""2315"", ""5194"", ""ESTACION_CORREGIDORA_SUR""]","[""325"", ""325"", ""325"", ""325"", ""325"", ""325"", ""325"", ""325"", ""325"", ""325"", ""325"", ""325"", ""325"", ""325"", ""325"", ""325"", ""325"", ""325"", ""325"", ""325"", ""325"", ""325"", ""325"", ""319"", ""319"", ""319"", ""CAMINATA""]",5.0,Av. Luis Vega Monrroy/Prol. del Cimatario,20.577607871928,-100.37310084685
3316,34.86875,332,C41,1,15,2,Con transbordo,332 → 355,C41 → C69,Río Querétaro,"[""3316"", ""3394"", ""2265"", ""5229"", ""2978"", ""2979"", ""2980"", ""2981"", ""3222"", ""3223"", ""3726"", ""3224"", ""2314"", ""2315"", ""ESTACION_CORREGIDORA_SUR""]","[""332"", ""332"", ""332"", ""332"", ""332"", ""332"", ""332"", ""355"", ""355"", ""355"", ""355"", ""355"", ""355"", ""CAMINATA""]",5.0,Carr. Lateral No. 57/Prol. Corregidora Sur,20.576495757034,-100.38758966891
2641,34.915,336,C46,1,28,2,Con transbordo,336 → 319,C46 → C24,Av. Tecnológico/José María Arteaga,"[""2641"", ""2258"", ""2259"", ""2260"", ""2261"", ""2262"", ""2263"", ""3023"", ""2264"", ""4393"", ""2199"", ""1762"", ""1763"", ""2200"", ""4430"", ""1764"", ""1765"", ""1766"", ""2201"", ""4241"", ""2310"", ""2311"", ""2312"", ""2313"", ""2314"", ""2315"", ""5194"", ""ESTACION_CORREGIDORA_SUR""]","[""336"", ""336"", ""336"", ""336"", ""336"", ""336"", ""336"", ""336"", ""336"", ""336"", ""336"", ""336"", ""336"", ""336"", ""336"", ""336"", ""336"", ""336"", ""336"", ""319"", ""319"", ""319"", ""319"", ""319"", ""319"", ""319"", ""CAMINATA""]",5.0,Calle Francisco Alcocer/Fernando Díaz Ramírez,20.54121716,-100.4032271
2540,34.915000000000006,326,C35,1,32,2,Con transbordo,326 → 319,C35 → C24,Corregidora/Luis M Vega y Monroy,"[""2540"", ""5184"", ""3601"", ""2541"", ""2542"", ""2543"", ""2544"", ""2545"", ""2546"", ""2303"", ""2304"", ""2305"", ""2306"", ""2307"", ""2308"", ""2028"", ""2029"", ""2030"", ""2031"", ""2309"", ""1919"", ""1920"", ""1921"", ""4241"", ""2310"", ""2311"", ""2312"", ""2313"", ""2314"", ""2315"", ""5194"", ""ESTACION_CORREGIDORA_SUR""]","[""326"", ""326"", ""326"", ""326"", ""326"", ""326"", ""326"", ""326"", ""326"", ""326"", ""326"", ""326"", ""326"", ""326"", ""319"", ""319"", ""319"", ""319"", ""319"", ""319"", ""319"", ""319"", ""319"", ""319"", ""319"", ""319"", ""319"", ""319"", ""319"", ""319"", ""CAMINATA""]",5.0,Prol. Calle 27/Blvd. Valle del Cimatario,20.55545147,-100.3874079
2475,35.00208333333333,321,C27,0,25,1,Directa,321,C27,,"[""2475"", ""2476"", ""2477"", ""2212"", ""2213"", ""2214"", ""2215"", ""2478"", ""2308"", ""2028"", ""2029"", ""2030"", ""2031"", ""2309"", ""1919"", ""1920"", ""1921"", ""4241"", ""2310"", ""2311"", ""2312"", ""2313"", ""2314"", ""2315"", ""ESTACION_CORREGIDORA_SUR""]","[""321"", ""321"", ""321"", ""321"", ""321"", ""321"", ""321"", ""321"", ""321"", ""321"", ""321"", ""321"", ""321"", ""321"", ""321"", ""321"", ""321"", ""321"", ""321"", ""321"", ""321"", ""321"", ""321"", ""CAMINATA""]",5.0,Lazaro Cardenas/Plutarco Elias Calles,20.557604144159,-100.37708838429
4154,35.098333333333336,98,C23,2,23,3,Con transbordo,98 → 138 → 319,C23 → C30 → C24,Cto Moises Solana/Paseo de Los Romancero (Prepa Sur) → Corregidora/Luis M Vega y Monroy,"[""4154"", ""2410"", ""2411"", ""2412"", ""2478"", ""2308"", ""2028"", ""2029"", ""2030"", ""2031"", ""2309"", ""1919"", ""1920"", ""1921"", ""4241"", ""2310"", ""2311"", ""2312"", ""2313"", ""2314"", ""2315"", ""5194"", ""ESTACION_CORREGIDORA_SUR""]","[""98"", ""98"", ""138"", ""138"", ""138"", ""319"", ""319"", ""319"", ""319"", ""319"", ""319"", ""319"", ""319"", ""319"", ""319"", ""319"", ""319"", ""319"", ""319"", ""319"", ""319"", ""CAMINATA""]",5.0,Cto. Moisés Solana/Pl. Capuchinas,20.572175161269,-100.37993556988
2891,35.102083333333326,341,C51,1,22,2,Con transbordo,341 → 334,C51 → C43,Cto Moisés Solana/Tomasa Estévez,"[""2891"", ""2231"", ""2232"", ""2629"", ""2478"", ""2308"", ""2028"", ""2029"", ""2030"", ""2031"", ""2309"", ""1919"", ""1920"", ""1921"", ""4241"", ""2310"", ""2311"", ""2312"", ""2313"", ""2314"", ""2315"", ""ESTACION_CORREGIDORA_SUR""]","[""341"", ""341"", ""334"", ""334"", ""334"", ""334"", ""334"", ""334"", ""334"", ""334"", ""334"", ""334"", ""334"", ""334"", ""334"", ""334"", ""334"", ""334"", ""334"", ""334"", ""CAMINATA""]",5.0,Prol. Corregidora Sur/General Lázaro Cárdenas,20.57879211,-100.386182
1424,35.11041666666666,90,L51,1,41,2,Con transbordo,90 → 97,L51 → C22,Constitución de 1917,"[""1424"", ""1352"", ""1372"", ""1441"", ""1373"", ""1442"", ""1443"", ""1374"", ""1375"", ""1444"", ""1362"", ""1363"", ""1364"", ""1445"", ""1365"", ""1446"", ""1366"", ""1447"", ""1367"", ""1431"", ""4111"", ""1300"", ""1301"", ""1302"", ""1761"", ""1303"", ""1304"", ""1305"", ""1306"", ""1432"", ""1433"", ""1434"", ""3297"", ""4241"", ""2310"", ""2311"", ""2312"", ""2313"", ""2314"", ""2315"", ""ESTACION_CORREGIDORA_SUR""]","[""90"", ""90"", ""90"", ""90"", ""90"", ""90"", ""90"", ""90"", ""90"", ""90"", ""90"", ""90"", ""90"", ""90"", ""90"", ""90"", ""90"", ""90"", ""90"", ""90"", ""90"", ""90"", ""90"", ""90"", ""90"", ""90"", ""90"", ""90"", ""90"", ""90"", ""90"", ""97"", ""97"", ""97"", ""97"", ""97"", ""97"", ""97"", ""97"", ""CAMINATA""]",5.0,Av. Paseo Constituyentes/Heroico Colegio Militar,20.532491122673,-100.43991532105
2510,35.16875,341,C51,0,31,1,Directa,341,C51,,"[""2510"", ""2511"", ""2512"", ""2513"", ""2514"", ""2515"", ""2516"", ""3686"", ""2517"", ""2214"", ""2215"", ""2216"", ""2217"", ""2218"", ""2219"", ""2032"", ""2023"", ""2024"", ""2856"", ""1918"", ""1919"", ""1920"", ""1921"", ""4241"", ""2310"", ""2311"", ""2312"", ""2313"", ""2314"", ""2315"", ""ESTACION_CORREGIDORA_SUR""]","[""341"", ""341"", ""341"", ""341"", ""341"", ""341"", ""341"", ""341"", ""341"", ""341"", ""341"", ""341"", ""341"", ""341"", ""341"", ""341"", ""341"", ""341"", ""341"", ""341"", ""341"", ""341"", ""341"", ""341"", ""341"", ""341"", ""341"", ""341"", ""341"", ""CAMINATA""]",5.0,Av. 26/Calle 35,20.56387973,-100.3932374
2599,35.35208333333333,341,C51,0,32,1,Directa,341,C51,,"[""2599"", ""2510"", ""2511"", ""2512"", ""2513"", ""2514"", ""2515"", ""2516"", ""3686"", ""2517"", ""2214"", ""2215"", ""2216"", ""2217"", ""2218"", ""2219"", ""2032"", ""2023"", ""2024"", ""2856"", ""1918"", ""1919"", ""1920"", ""1921"", ""4241"", ""2310"", ""2311"", ""2312"", ""2313"", ""2314"", ""2315"", ""ESTACION_CORREGIDORA_SUR""]","[""341"", ""341"", ""341"", ""341"", ""341"", ""341"", ""341"", ""341"", ""341"", ""341"", ""341"", ""341"", ""341"", ""341"", ""341"", ""341"", ""341"", ""341"", ""341"", ""341"", ""341"", ""341"", ""341"", ""341"", ""341"", ""341"", ""341"", ""341"", ""341"", ""341"", ""CAMINATA""]",5.0,Calle 37/Av. 26,20.56370113,-100.3936716
2234,35.36874999999999,331,C40,1,21,2,Con transbordo,331 → 321,C40 → C27,Prol. Luis Pasteur/Av. 26,"[""2234"", ""2214"", ""2215"", ""2478"", ""2308"", ""2028"", ""2029"", ""2030"", ""2031"", ""2309"", ""1919"", ""1920"", ""1921"", ""4241"", ""2310"", ""2311"", ""2312"", ""2313"", ""2314"", ""2315"", ""ESTACION_CORREGIDORA_SUR""]","[""331"", ""321"", ""321"", ""321"", ""321"", ""321"", ""321"", ""321"", ""321"", ""321"", ""321"", ""321"", ""321"", ""321"", ""321"", ""321"", ""321"", ""321"", ""321"", ""CAMINATA""]",5.0,Luis Pasteur Sur/Av. 24,20.567890712921,-100.38312848041
2471,35.41041666666667,136,C28,2,19,3,Con transbordo,136 → 326 → 344,C28 → C35 → C54,Independencia/Capuchinas → Av. Universidad/Hospital Sagrado Corazón de Jesús,"[""2471"", ""3596"", ""2021"", ""2450"", ""2451"", ""2452"", ""2453"", ""2547"", ""2548"", ""2549"", ""2550"", ""2551"", ""2956"", ""2552"", ""2393"", ""2394"", ""2316"", ""5200"", ""ESTACION_CORREGIDORA_SUR""]","[""136"", ""136"", ""136"", ""136"", ""136"", ""136"", ""326"", ""326"", ""326"", ""326"", ""326"", ""326"", ""326"", ""344"", ""344"", ""344"", ""344"", ""CAMINATA""]",5.0,Bernardo Quintana/Q7001,20.573410999676,-100.35961562965
5101,35.415000000000006,326,C35,1,33,2,Con transbordo,326 → 319,C35 → C24,Corregidora/Luis M Vega y Monroy,"[""5101"", ""2540"", ""5184"", ""3601"", ""2541"", ""2542"", ""2543"", ""2544"", ""2545"", ""2546"", ""2303"", ""2304"", ""2305"", ""2306"", ""2307"", ""2308"", ""2028"", ""2029"", ""2030"", ""2031"", ""2309"", ""1919"", ""1920"", ""1921"", ""4241"", ""2310"", ""2311"", ""2312"", ""2313"", ""2314"", ""2315"", ""5194"", ""ESTACION_CORREGIDORA_SUR""]","[""326"", ""326"", ""326"", ""326"", ""326"", ""326"", ""326"", ""326"", ""326"", ""326"", ""326"", ""326"", ""326"", ""326"", ""326"", ""319"", ""319"", ""319"", ""319"", ""319"", ""319"", ""319"", ""319"", ""319"", ""319"", ""319"", ""319"", ""319"", ""319"", ""319"", ""319"", ""CAMINATA""]",5.0,Prol. Calle 27/Santiago de Compostela,20.554063562025,-100.38685374137
2975,35.510416666666664,370,T02,1,19,2,Con transbordo,370 → 97,T02 → C22,El Pocito,"[""2975"", ""3620"", ""2976"", ""3621"", ""2977"", ""3622"", ""1306"", ""1432"", ""1433"", ""1434"", ""3297"", ""4241"", ""2310"", ""2311"", ""2312"", ""2313"", ""2314"", ""2315"", ""ESTACION_CORREGIDORA_SUR""]","[""370"", ""370"", ""370"", ""370"", ""370"", ""370"", ""97"", ""97"", ""97"", ""97"", ""97"", ""97"", ""97"", ""97"", ""97"", ""97"", ""97"", ""CAMINATA""]",5.0,Calle México Oriente/Calle San Luis Potosí Oriente,20.551200782399,-100.41258421831
2640,35.54833333333333,336,C46,1,29,2,Con transbordo,336 → 319,C46 → C24,Av. Tecnológico/José María Arteaga,"[""2640"", ""2641"", ""2258"", ""2259"", ""2260"", ""2261"", ""2262"", ""2263"", ""3023"", ""2264"", ""4393"", ""2199"", ""1762"", ""1763"", ""2200"", ""4430"", ""1764"", ""1765"", ""1766"", ""2201"", ""4241"", ""2310"", ""2311"", ""2312"", ""2313"", ""2314"", ""2315"", ""5194"", ""ESTACION_CORREGIDORA_SUR""]","[""336"", ""336"", ""336"", ""336"", ""336"", ""336"", ""336"", ""336"", ""336"", ""336"", ""336"", ""336"", ""336"", ""336"", ""336"", ""336"", ""336"", ""336"", ""336"", ""336"", ""319"", ""319"", ""319"", ""319"", ""319"", ""319"", ""319"", ""CAMINATA""]",5.0,Paseos del Mirador/Cto. Antonio Pérez Alcocer,20.539695,-100.404835
3893,35.59833333333333,341,C51,2,20,3,Con transbordo,341 → 338 → 319,C51 → C48 → C24,Blvd. de Las Américas/Calle Antonio Rivera de la Torre → Av. Tecnológico/José María Arteaga,"[""3893"", ""2668"", ""2669"", ""2294"", ""2295"", ""2296"", ""2418"", ""2419"", ""5180"", ""2672"", ""2201"", ""4241"", ""2310"", ""2311"", ""2312"", ""2313"", ""2314"", ""2315"", ""5194"", ""ESTACION_CORREGIDORA_SUR""]","[""341"", ""341"", ""341"", ""338"", ""338"", ""338"", ""338"", ""338"", ""338"", ""338"", ""338"", ""319"", ""319"", ""319"", ""319"", ""319"", ""319"", ""319"", ""CAMINATA""]",5.0,Calle Naranjo/Calle Antonio Acona,20.555332241299,-100.40127846013
1299,35.602083333333326,97,C22,2,21,3,Con transbordo,97 → 90 → 97,C22 → L51 → C22,Santa Bárbara → Constitución de 1917,"[""1299"", ""1300"", ""1301"", ""1302"", ""1761"", ""1303"", ""1304"", ""1305"", ""1306"", ""1432"", ""1433"", ""1434"", ""3297"", ""4241"", ""2310"", ""2311"", ""2312"", ""2313"", ""2314"", ""2315"", ""ESTACION_CORREGIDORA_SUR""]","[""97"", ""90"", ""90"", ""90"", ""90"", ""90"", ""90"", ""90"", ""90"", ""90"", ""90"", ""97"", ""97"", ""97"", ""97"", ""97"", ""97"", ""97"", ""97"", ""CAMINATA""]",5.0,Heroico Colegio Militar/Av. Paseo Constituyentes,20.532540202848,-100.44013727066
4097,35.70208333333333,356,L108,1,18,2,Con transbordo,356 → 333,L108 → C42,Prol. Zaragoza/Paseo 5 de Febrero,"[""4097"", ""4098"", ""4099"", ""2616"", ""4100"", ""1766"", ""2201"", ""4241"", ""2310"", ""3570"", ""3571"", ""3572"", ""2311"", ""2312"", ""2313"", ""2314"", ""2315"", ""ESTACION_CORREGIDORA_SUR""]","[""356"", ""356"", ""356"", ""356"", ""356"", ""333"", ""333"", ""333"", ""333"", ""333"", ""333"", ""333"", ""333"", ""333"", ""333"", ""333"", ""CAMINATA""]",5.0,Carr. Tlacote/Aurrera,20.588879224247,-100.4244545031
3301,35.91041666666666,255,T11,2,21,3,Con transbordo,255 → 90 → 97,T11 → L51 → C22,Santa Bárbara → Constitución de 1917,"[""3301"", ""1300"", ""1301"", ""1302"", ""1761"", ""1303"", ""1304"", ""1305"", ""1306"", ""1432"", ""1433"", ""1434"", ""3297"", ""4241"", ""2310"", ""2311"", ""2312"", ""2313"", ""2314"", ""2315"", ""ESTACION_CORREGIDORA_SUR""]","[""255"", ""90"", ""90"", ""90"", ""90"", ""90"", ""90"", ""90"", ""90"", ""90"", ""90"", ""97"", ""97"", ""97"", ""97"", ""97"", ""97"", ""97"", ""97"", ""CAMINATA""]",5.0,Av. Paseo Constituyentes/Prol. Cuauhtémoc,20.53189994,-100.4434721
1313,35.92708333333333,90,L51,1,42,2,Con transbordo,90 → 97,L51 → C22,Constitución de 1917,"[""1313"", ""1424"", ""1352"", ""1372"", ""1441"", ""1373"", ""1442"", ""1443"", ""1374"", ""1375"", ""1444"", ""1362"", ""1363"", ""1364"", ""1445"", ""1365"", ""1446"", ""1366"", ""1447"", ""1367"", ""1431"", ""4111"", ""1300"", ""1301"", ""1302"", ""1761"", ""1303"", ""1304"", ""1305"", ""1306"", ""1432"", ""1433"", ""1434"", ""3297"", ""4241"", ""2310"", ""2311"", ""2312"", ""2313"", ""2314"", ""2315"", ""ESTACION_CORREGIDORA_SUR""]","[""90"", ""90"", ""90"", ""90"", ""90"", ""90"", ""90"", ""90"", ""90"", ""90"", ""90"", ""90"", ""90"", ""90"", ""90"", ""90"", ""90"", ""90"", ""90"", ""90"", ""90"", ""90"", ""90"", ""90"", ""90"", ""90"", ""90"", ""90"", ""90"", ""90"", ""90"", ""90"", ""97"", ""97"", ""97"", ""97"", ""97"", ""97"", ""97"", ""97"", ""CAMINATA""]",5.0,Mega,20.537044713404,-100.43538130137
3577,35.93166666666668,333,C42,1,25,2,Con transbordo,333 → 319,C42 → C24,Vicente Guerrero,"[""3577"", ""5107"", ""2519"", ""3578"", ""2216"", ""2217"", ""2218"", ""2219"", ""2032"", ""2023"", ""2024"", ""2856"", ""1918"", ""1919"", ""1920"", ""1921"", ""4241"", ""2310"", ""2311"", ""2312"", ""2313"", ""2314"", ""2315"", ""5194"", ""ESTACION_CORREGIDORA_SUR""]","[""333"", ""333"", ""333"", ""333"", ""333"", ""333"", ""333"", ""333"", ""333"", ""333"", ""333"", ""333"", ""333"", ""319"", ""319"", ""319"", ""319"", ""319"", ""319"", ""319"", ""319"", ""319"", ""319"", ""CAMINATA""]",5.0,Av. del Parque/Plaza Sky Center,20.55977483,-100.37048
5078,35.96875,321,C27,0,26,1,Directa,321,C27,,"[""5078"", ""2475"", ""2476"", ""2477"", ""2212"", ""2213"", ""2214"", ""2215"", ""2478"", ""2308"", ""2028"", ""2029"", ""2030"", ""2031"", ""2309"", ""1919"", ""1920"", ""1921"", ""4241"", ""2310"", ""2311"", ""2312"", ""2313"", ""2314"", ""2315"", ""ESTACION_CORREGIDORA_SUR""]","[""321"", ""321"", ""321"", ""321"", ""321"", ""321"", ""321"", ""321"", ""321"", ""321"", ""321"", ""321"", ""321"", ""321"", ""321"", ""321"", ""321"", ""321"", ""321"", ""321"", ""321"", ""321"", ""321"", ""321"", ""CAMINATA""]",5.0,Cto. Lázaro Cárdenas/Fidel Velázquez,20.558482962501,-100.37459549525
2027,35.98541666666666,341,C51,1,23,2,Con transbordo,341 → 334,C51 → C43,Cto Moisés Solana/Tomasa Estévez,"[""2027"", ""2891"", ""2231"", ""2232"", ""2629"", ""2478"", ""2308"", ""2028"", ""2029"", ""2030"", ""2031"", ""2309"", ""1919"", ""1920"", ""1921"", ""4241"", ""2310"", ""2311"", ""2312"", ""2313"", ""2314"", ""2315"", ""ESTACION_CORREGIDORA_SUR""]","[""341"", ""341"", ""341"", ""334"", ""334"", ""334"", ""334"", ""334"", ""334"", ""334"", ""334"", ""334"", ""334"", ""334"", ""334"", ""334"", ""334"", ""334"", ""334"", ""334"", ""334"", ""CAMINATA""]",5.0,Corregidora Sur/Arroyo Seco,20.580918,-100.3869931
1298,35.99374999999999,97,C22,2,22,3,Con transbordo,97 → 90 → 97,C22 → L51 → C22,Santa Bárbara → Constitución de 1917,"[""1298"", ""1299"", ""1300"", ""1301"", ""1302"", ""1761"", ""1303"", ""1304"", ""1305"", ""1306"", ""1432"", ""1433"", ""1434"", ""3297"", ""4241"", ""2310"", ""2311"", ""2312"", ""2313"", ""2314"", ""2315"", ""ESTACION_CORREGIDORA_SUR""]","[""97"", ""97"", ""90"", ""90"", ""90"", ""90"", ""90"", ""90"", ""90"", ""90"", ""90"", ""90"", ""97"", ""97"", ""97"", ""97"", ""97"", ""97"", ""97"", ""97"", ""CAMINATA""]",5.0,Heroico Colegio Militar/Ignacio Allende,20.533641987767,-100.44032115654
3619,36.02708333333333,370,T02,1,20,2,Con transbordo,370 → 97,T02 → C22,El Pocito,"[""3619"", ""2975"", ""3620"", ""2976"", ""3621"", ""2977"", ""3622"", ""1306"", ""1432"", ""1433"", ""1434"", ""3297"", ""4241"", ""2310"", ""2311"", ""2312"", ""2313"", ""2314"", ""2315"", ""ESTACION_CORREGIDORA_SUR""]","[""370"", ""370"", ""370"", ""370"", ""370"", ""370"", ""370"", ""97"", ""97"", ""97"", ""97"", ""97"", ""97"", ""97"", ""97"", ""97"", ""97"", ""97"", ""CAMINATA""]",5.0,Calle México/ Calle Chiapas,20.55045402,-100.4140617
2539,36.065000000000005,326,C35,1,34,2,Con transbordo,326 → 319,C35 → C24,Corregidora/Luis M Vega y Monroy,"[""2539"", ""5101"", ""2540"", ""5184"", ""3601"", ""2541"", ""2542"", ""2543"", ""2544"", ""2545"", ""2546"", ""2303"", ""2304"", ""2305"", ""2306"", ""2307"", ""2308"", ""2028"", ""2029"", ""2030"", ""2031"", ""2309"", ""1919"", ""1920"", ""1921"", ""4241"", ""2310"", ""2311"", ""2312"", ""2313"", ""2314"", ""2315"", ""5194"", ""ESTACION_CORREGIDORA_SUR""]","[""326"", ""326"", ""326"", ""326"", ""326"", ""326"", ""326"", ""326"", ""326"", ""326"", ""326"", ""326"", ""326"", ""326"", ""326"", ""326"", ""319"", ""319"", ""319"", ""319"", ""319"", ""319"", ""319"", ""319"", ""319"", ""319"", ""319"", ""319"", ""319"", ""319"", ""319"", ""319"", ""CAMINATA""]",5.0,Prol. Calle 27/Calle 4,20.55220067,-100.3861224
2459,36.13166666666667,325,C34,1,29,2,Con transbordo,325 → 319,C34 → C24,Av. Tecnológico/Itq,"[""2459"", ""2245"", ""2038"", ""2039"", ""2246"", ""2017"", ""2018"", ""2019"", ""2020"", ""2021"", ""2450"", ""2451"", ""1471"", ""1470"", ""1469"", ""1439"", ""1438"", ""2537"", ""1920"", ""1921"", ""4241"", ""2310"", ""2311"", ""2312"", ""2313"", ""2314"", ""2315"", ""5194"", ""ESTACION_CORREGIDORA_SUR""]","[""325"", ""325"", ""325"", ""325"", ""325"", ""325"", ""325"", ""325"", ""325"", ""325"", ""325"", ""325"", ""325"", ""325"", ""325"", ""325"", ""325"", ""325"", ""325"", ""325"", ""325"", ""325"", ""325"", ""325"", ""319"", ""319"", ""319"", ""CAMINATA""]",5.0,Cerro del Cimatario/Juventino Castro Sánchez,20.581433017684,-100.37434811343
1312,36.21041666666666,90,L51,1,43,2,Con transbordo,90 → 97,L51 → C22,Constitución de 1917,"[""1312"", ""1313"", ""1424"", ""1352"", ""1372"", ""1441"", ""1373"", ""1442"", ""1443"", ""1374"", ""1375"", ""1444"", ""1362"", ""1363"", ""1364"", ""1445"", ""1365"", ""1446"", ""1366"", ""1447"", ""1367"", ""1431"", ""4111"", ""1300"", ""1301"", ""1302"", ""1761"", ""1303"", ""1304"", ""1305"", ""1306"", ""1432"", ""1433"", ""1434"", ""3297"", ""4241"", ""2310"", ""2311"", ""2312"", ""2313"", ""2314"", ""2315"", ""ESTACION_CORREGIDORA_SUR""]","[""90"", ""90"", ""90"", ""90"", ""90"", ""90"", ""90"", ""90"", ""90"", ""90"", ""90"", ""90"", ""90"", ""90"", ""90"", ""90"", ""90"", ""90"", ""90"", ""90"", ""90"", ""90"", ""90"", ""90"", ""90"", ""90"", ""90"", ""90"", ""90"", ""90"", ""90"", ""90"", ""90"", ""97"", ""97"", ""97"", ""97"", ""97"", ""97"", ""97"", ""97"", ""CAMINATA""]",5.0,El Pueblito,20.538743010666,-100.4340336215
4138,36.215,322,C29,2,21,3,Con transbordo,322 → 338 → 319,C29 → C48 → C24,Blvd. de Las Américas/Río Lerma → Av. Tecnológico/José María Arteaga,"[""4138"", ""2291"", ""2292"", ""2293"", ""2294"", ""2295"", ""2296"", ""2418"", ""2419"", ""5180"", ""2672"", ""2201"", ""4241"", ""2310"", ""2311"", ""2312"", ""2313"", ""2314"", ""2315"", ""5194"", ""ESTACION_CORREGIDORA_SUR""]","[""322"", ""338"", ""338"", ""338"", ""338"", ""338"", ""338"", ""338"", ""338"", ""338"", ""338"", ""338"", ""319"", ""319"", ""319"", ""319"", ""319"", ""319"", ""319"", ""CAMINATA""]",5.0,P/2528 Av. Candiles/Blvd. de Las Américas,20.547651598208,-100.39198219649
2751,36.26499999999999,352,C64,2,22,3,Con transbordo,352 → 325 → 319,C64 → C34 → C24,Bicentenario → Av. Tecnológico/Itq,"[""2751"", ""1473"", ""1474"", ""1476"", ""1472"", ""1471"", ""1470"", ""1469"", ""1439"", ""1438"", ""2537"", ""1920"", ""1921"", ""4241"", ""2310"", ""2311"", ""2312"", ""2313"", ""2314"", ""2315"", ""5194"", ""ESTACION_CORREGIDORA_SUR""]","[""352"", ""352"", ""325"", ""325"", ""325"", ""325"", ""325"", ""325"", ""325"", ""325"", ""325"", ""325"", ""325"", ""325"", ""325"", ""325"", ""325"", ""319"", ""319"", ""319"", ""CAMINATA""]",5.0,Lateral Querétaro A Mexico/Comercial Mexicana,20.57936161194,-100.37333956928
2598,36.28541666666666,341,C51,0,33,1,Directa,341,C51,,"[""2598"", ""2599"", ""2510"", ""2511"", ""2512"", ""2513"", ""2514"", ""2515"", ""2516"", ""3686"", ""2517"", ""2214"", ""2215"", ""2216"", ""2217"", ""2218"", ""2219"", ""2032"", ""2023"", ""2024"", ""2856"", ""1918"", ""1919"", ""1920"", ""1921"", ""4241"", ""2310"", ""2311"", ""2312"", ""2313"", ""2314"", ""2315"", ""ESTACION_CORREGIDORA_SUR""]","[""341"", ""341"", ""341"", ""341"", ""341"", ""341"", ""341"", ""341"", ""341"", ""341"", ""341"", ""341"", ""341"", ""341"", ""341"", ""341"", ""341"", ""341"", ""341"", ""341"", ""341"", ""341"", ""341"", ""341"", ""341"", ""341"", ""341"", ""341"", ""341"", ""341"", ""341"", ""CAMINATA""]",5.0,Calle 37/Calle 2,20.561428,-100.392997
5205,36.318749999999994,408,C73,2,22,3,Con transbordo,408 → 90 → 97,C73 → L51 → C22,Carr. Coroneo/Av. Paseo Constituyentes → Constitución de 1917,"[""5205"", ""4111"", ""1300"", ""1301"", ""1302"", ""1761"", ""1303"", ""1304"", ""1305"", ""1306"", ""1432"", ""1433"", ""1434"", ""3297"", ""4241"", ""2310"", ""2311"", ""2312"", ""2313"", ""2314"", ""2315"", ""ESTACION_CORREGIDORA_SUR""]","[""408"", ""90"", ""90"", ""90"", ""90"", ""90"", ""90"", ""90"", ""90"", ""90"", ""90"", ""90"", ""97"", ""97"", ""97"", ""97"", ""97"", ""97"", ""97"", ""97"", ""CAMINATA""]",5.0,Libramiento Surponiente/Embotelladora la Victoria,20.527674022185,-100.43927737547
2298,36.33166666666667,375,T07,1,29,2,Con transbordo,375 → 319,T07 → C24,Corregidora/Luis M Vega y Monroy,"[""2298"", ""2299"", ""2300"", ""2301"", ""3641"", ""2302"", ""2303"", ""2304"", ""2305"", ""2306"", ""2307"", ""2308"", ""2028"", ""2029"", ""2030"", ""2031"", ""2309"", ""1919"", ""1920"", ""1921"", ""4241"", ""2310"", ""2311"", ""2312"", ""2313"", ""2314"", ""2315"", ""5194"", ""ESTACION_CORREGIDORA_SUR""]","[""375"", ""375"", ""375"", ""375"", ""375"", ""375"", ""375"", ""375"", ""375"", ""375"", ""375"", ""319"", ""319"", ""319"", ""319"", ""319"", ""319"", ""319"", ""319"", ""319"", ""319"", ""319"", ""319"", ""319"", ""319"", ""319"", ""319"", ""CAMINATA""]",5.0,Serapio Rendón/Primaria Justo Sierra,20.563582,-100.395298
1339,36.35208333333333,98,C23,1,22,2,Con transbordo,98 → 333,C23 → C42,Av. Prol. Zaragoza/Av. Hilario Frías y Soto,"[""1339"", ""1340"", ""1341"", ""1762"", ""1763"", ""2200"", ""4430"", ""1764"", ""1765"", ""1766"", ""2201"", ""4241"", ""2310"", ""3570"", ""3571"", ""3572"", ""2311"", ""2312"", ""2313"", ""2314"", ""2315"", ""ESTACION_CORREGIDORA_SUR""]","[""98"", ""98"", ""98"", ""98"", ""98"", ""98"", ""333"", ""333"", ""333"", ""333"", ""333"", ""333"", ""333"", ""333"", ""333"", ""333"", ""333"", ""333"", ""333"", ""333"", ""CAMINATA""]",5.0,Blvd. Hacienda del Jacal/Walmart,20.560804,-100.427841
2675,36.38166666666666,341,C51,2,21,3,Con transbordo,341 → 338 → 319,C51 → C48 → C24,Blvd. de Las Américas/Calle Antonio Rivera de la Torre → Av. Tecnológico/José María Arteaga,"[""2675"", ""3893"", ""2668"", ""2669"", ""2294"", ""2295"", ""2296"", ""2418"", ""2419"", ""5180"", ""2672"", ""2201"", ""4241"", ""2310"", ""2311"", ""2312"", ""2313"", ""2314"", ""2315"", ""5194"", ""ESTACION_CORREGIDORA_SUR""]","[""341"", ""341"", ""341"", ""341"", ""338"", ""338"", ""338"", ""338"", ""338"", ""338"", ""338"", ""338"", ""319"", ""319"", ""319"", ""319"", ""319"", ""319"", ""319"", ""CAMINATA""]",5.0,Calle Naranjo/Anturio,20.55333772,-100.4013928
3231,36.41041666666666,331,C40,2,19,3,Con transbordo,331 → 353 → 345,C40 → C65 → C55,Hacienda Tequisquiapan/Hacienda Jaral de Penas → Carr. Campo Militar/Querétaro Park Iii,"[""3231"", ""3232"", ""3233"", ""3234"", ""3235"", ""3236"", ""2602"", ""4253"", ""3237"", ""3222"", ""3223"", ""3726"", ""3224"", ""2314"", ""2315"", ""5194"", ""2316"", ""5200"", ""ESTACION_CORREGIDORA_SUR""]","[""331"", ""353"", ""353"", ""353"", ""353"", ""353"", ""353"", ""345"", ""345"", ""345"", ""345"", ""345"", ""345"", ""345"", ""345"", ""345"", ""345"", ""CAMINATA""]",5.0,Hacienda Tequisquiapan/Hacienda Salitrillo,20.59995469,-100.430351
2639,36.464999999999996,336,C46,1,30,2,Con transbordo,336 → 319,C46 → C24,Av. Tecnológico/José María Arteaga,"[""2639"", ""2640"", ""2641"", ""2258"", ""2259"", ""2260"", ""2261"", ""2262"", ""2263"", ""3023"", ""2264"", ""4393"", ""2199"", ""1762"", ""1763"", ""2200"", ""4430"", ""1764"", ""1765"", ""1766"", ""2201"", ""4241"", ""2310"", ""2311"", ""2312"", ""2313"", ""2314"", ""2315"", ""5194"", ""ESTACION_CORREGIDORA_SUR""]","[""336"", ""336"", ""336"", ""336"", ""336"", ""336"", ""336"", ""336"", ""336"", ""336"", ""336"", ""336"", ""336"", ""336"", ""336"", ""336"", ""336"", ""336"", ""336"", ""336"", ""336"", ""319"", ""319"", ""319"", ""319"", ""319"", ""319"", ""319"", ""CAMINATA""]",5.0,Fresno/Maravillas,20.536710129288,-100.40409658337
3345,36.63166666666667,376,T08,1,28,2,Con transbordo,376 → 319,T08 → C24,Vicente Guerrero,"[""3345"", ""3346"", ""2446"", ""2447"", ""2518"", ""2519"", ""3578"", ""2216"", ""2217"", ""2218"", ""2219"", ""2032"", ""2023"", ""2024"", ""2856"", ""1918"", ""1919"", ""1920"", ""1921"", ""4241"", ""2310"", ""2311"", ""2312"", ""2313"", ""2314"", ""2315"", ""5194"", ""ESTACION_CORREGIDORA_SUR""]","[""376"", ""376"", ""376"", ""376"", ""376"", ""376"", ""376"", ""376"", ""376"", ""376"", ""376"", ""376"", ""376"", ""376"", ""376"", ""376"", ""319"", ""319"", ""319"", ""319"", ""319"", ""319"", ""319"", ""319"", ""319"", ""319"", ""CAMINATA""]",5.0,Av. Fray Diego de Landa/Av. Fray Luis de León,20.5694332,-100.3616696
2474,36.65208333333333,321,C27,0,27,1,Directa,321,C27,,"[""2474"", ""5078"", ""2475"", ""2476"", ""2477"", ""2212"", ""2213"", ""2214"", ""2215"", ""2478"", ""2308"", ""2028"", ""2029"", ""2030"", ""2031"", ""2309"", ""1919"", ""1920"", ""1921"", ""4241"", ""2310"", ""2311"", ""2312"", ""2313"", ""2314"", ""2315"", ""ESTACION_CORREGIDORA_SUR""]","[""321"", ""321"", ""321"", ""321"", ""321"", ""321"", ""321"", ""321"", ""321"", ""321"", ""321"", ""321"", ""321"", ""321"", ""321"", ""321"", ""321"", ""321"", ""321"", ""321"", ""321"", ""321"", ""321"", ""321"", ""321"", ""CAMINATA""]",5.0,Lázaro Cárdenas/Coba,20.559059991747,-100.37285388989
5209,36.66041666666666,90,L51,1,44,2,Con transbordo,90 → 97,L51 → C22,Constitución de 1917,"[""5209"", ""1312"", ""1313"", ""1424"", ""1352"", ""1372"", ""1441"", ""1373"", ""1442"", ""1443"", ""1374"", ""1375"", ""1444"", ""1362"", ""1363"", ""1364"", ""1445"", ""1365"", ""1446"", ""1366"", ""1447"", ""1367"", ""1431"", ""4111"", ""1300"", ""1301"", ""1302"", ""1761"", ""1303"", ""1304"", ""1305"", ""1306"", ""1432"", ""1433"", ""1434"", ""3297"", ""4241"", ""2310"", ""2311"", ""2312"", ""2313"", ""2314"", ""2315"", ""ESTACION_CORREGIDORA_SUR""]","[""90"", ""90"", ""90"", ""90"", ""90"", ""90"", ""90"", ""90"", ""90"", ""90"", ""90"", ""90"", ""90"", ""90"", ""90"", ""90"", ""90"", ""90"", ""90"", ""90"", ""90"", ""90"", ""90"", ""90"", ""90"", ""90"", ""90"", ""90"", ""90"", ""90"", ""90"", ""90"", ""90"", ""90"", ""97"", ""97"", ""97"", ""97"", ""97"", ""97"", ""97"", ""97"", ""CAMINATA""]",5.0,Av. Paseo Constituyentes/Josefa Ortiz de Domínguez,20.541427246152,-100.43177785702
2636,36.69833333333333,337,C47,2,20,3,Con transbordo,337 → 338 → 319,C47 → C48 → C24,Blvd. de Las Américas/Calle Antonio Rivera de la Torre → Av. Tecnológico/José María Arteaga,"[""2636"", ""2668"", ""2669"", ""2294"", ""2295"", ""2296"", ""2418"", ""2419"", ""5180"", ""2672"", ""2201"", ""4241"", ""2310"", ""2311"", ""2312"", ""2313"", ""2314"", ""2315"", ""5194"", ""ESTACION_CORREGIDORA_SUR""]","[""337"", ""337"", ""337"", ""338"", ""338"", ""338"", ""338"", ""338"", ""338"", ""338"", ""338"", ""319"", ""319"", ""319"", ""319"", ""319"", ""319"", ""319"", ""CAMINATA""]",5.0,Calle Antonio Acona/Calle Antonio Carranza,20.5554724,-100.4047553
2458,36.69833333333334,325,C34,1,30,2,Con transbordo,325 → 319,C34 → C24,Av. Tecnológico/Itq,"[""2458"", ""2459"", ""2245"", ""2038"", ""2039"", ""2246"", ""2017"", ""2018"", ""2019"", ""2020"", ""2021"", ""2450"", ""2451"", ""1471"", ""1470"", ""1469"", ""1439"", ""1438"", ""2537"", ""1920"", ""1921"", ""4241"", ""2310"", ""2311"", ""2312"", ""2313"", ""2314"", ""2315"", ""5194"", ""ESTACION_CORREGIDORA_SUR""]","[""325"", ""325"", ""325"", ""325"", ""325"", ""325"", ""325"", ""325"", ""325"", ""325"", ""325"", ""325"", ""325"", ""325"", ""325"", ""325"", ""325"", ""325"", ""325"", ""325"", ""325"", ""325"", ""325"", ""325"", ""325"", ""319"", ""319"", ""319"", ""CAMINATA""]",5.0,Av. Cimatario/Ingenieros,20.5832,-100.37444
2445,36.71500000000001,134,C26,1,29,2,Con transbordo,134 → 319,C26 → C24,Vicente Guerrero,"[""2445"", ""3346"", ""2446"", ""2447"", ""2448"", ""2449"", ""2404"", ""2405"", ""2020"", ""2021"", ""2450"", ""2451"", ""2452"", ""2453"", ""1881"", ""1879"", ""1918"", ""1919"", ""1920"", ""1921"", ""4241"", ""2310"", ""2311"", ""2312"", ""2313"", ""2314"", ""2315"", ""5194"", ""ESTACION_CORREGIDORA_SUR""]","[""134"", ""134"", ""134"", ""134"", ""134"", ""134"", ""134"", ""134"", ""134"", ""134"", ""134"", ""134"", ""134"", ""134"", ""134"", ""134"", ""134"", ""319"", ""319"", ""319"", ""319"", ""319"", ""319"", ""319"", ""319"", ""319"", ""319"", ""CAMINATA""]",5.0,Fray Luis de León/Manuel Gómez Morín,20.56117,-100.363047
1297,36.727083333333326,97,C22,2,23,3,Con transbordo,97 → 90 → 97,C22 → L51 → C22,Santa Bárbara → Constitución de 1917,"[""1297"", ""1298"", ""1299"", ""1300"", ""1301"", ""1302"", ""1761"", ""1303"", ""1304"", ""1305"", ""1306"", ""1432"", ""1433"", ""1434"", ""3297"", ""4241"", ""2310"", ""2311"", ""2312"", ""2313"", ""2314"", ""2315"", ""ESTACION_CORREGIDORA_SUR""]","[""97"", ""97"", ""97"", ""90"", ""90"", ""90"", ""90"", ""90"", ""90"", ""90"", ""90"", ""90"", ""90"", ""97"", ""97"", ""97"", ""97"", ""97"", ""97"", ""97"", ""97"", ""CAMINATA""]",5.0,Heroico Colegio Militar/Pipila,20.535731649042,-100.44058964394
2974,36.74375,370,T02,1,21,2,Con transbordo,370 → 97,T02 → C22,El Pocito,"[""2974"", ""3619"", ""2975"", ""3620"", ""2976"", ""3621"", ""2977"", ""3622"", ""1306"", ""1432"", ""1433"", ""1434"", ""3297"", ""4241"", ""2310"", ""2311"", ""2312"", ""2313"", ""2314"", ""2315"", ""ESTACION_CORREGIDORA_SUR""]","[""370"", ""370"", ""370"", ""370"", ""370"", ""370"", ""370"", ""370"", ""97"", ""97"", ""97"", ""97"", ""97"", ""97"", ""97"", ""97"", ""97"", ""97"", ""97"", ""CAMINATA""]",5.0,Calle Michoacán/Calle México,20.55048539,-100.4164182
2403,36.765,322,C29,2,24,3,Con transbordo,322 → 134 → 319,C29 → C26 → C24,Avenida Colinas del Cimatario/Cerro Blanco → Vicente Guerrero,"[""2403"", ""2404"", ""2405"", ""2020"", ""2021"", ""2450"", ""2451"", ""2452"", ""2453"", ""1881"", ""1879"", ""1918"", ""1919"", ""1920"", ""1921"", ""4241"", ""2310"", ""2311"", ""2312"", ""2313"", ""2314"", ""2315"", ""5194"", ""ESTACION_CORREGIDORA_SUR""]","[""322"", ""134"", ""134"", ""134"", ""134"", ""134"", ""134"", ""134"", ""134"", ""134"", ""134"", ""134"", ""319"", ""319"", ""319"", ""319"", ""319"", ""319"", ""319"", ""319"", ""319"", ""319"", ""CAMINATA""]",5.0,Plaza Zimapán/Cerro Blanco,20.572684669617,-100.37266703895
2256,36.781666666666666,336,C46,1,31,2,Con transbordo,336 → 319,C46 → C24,Av. Tecnológico/José María Arteaga,"[""2256"", ""2639"", ""2640"", ""2641"", ""2258"", ""2259"", ""2260"", ""2261"", ""2262"", ""2263"", ""3023"", ""2264"", ""4393"", ""2199"", ""1762"", ""1763"", ""2200"", ""4430"", ""1764"", ""1765"", ""1766"", ""2201"", ""4241"", ""2310"", ""2311"", ""2312"", ""2313"", ""2314"", ""2315"", ""5194"", ""ESTACION_CORREGIDORA_SUR""]","[""336"", ""336"", ""336"", ""336"", ""336"", ""336"", ""336"", ""336"", ""336"", ""336"", ""336"", ""336"", ""336"", ""336"", ""336"", ""336"", ""336"", ""336"", ""336"", ""336"", ""336"", ""336"", ""319"", ""319"", ""319"", ""319"", ""319"", ""319"", ""319"", ""CAMINATA""]",5.0,Calle Manzano/Fresno,20.536731105474,-100.40524168523
1430,36.860416666666666,366,L57,2,23,3,Con transbordo,366 → 90 → 97,L57 → L51 → C22,Benito Juárez/Gral. Guadalupe Victoria → Constitución de 1917,"[""1430"", ""1431"", ""4111"", ""1300"", ""1301"", ""1302"", ""1761"", ""1303"", ""1304"", ""1305"", ""1306"", ""1432"", ""1433"", ""1434"", ""3297"", ""4241"", ""2310"", ""2311"", ""2312"", ""2313"", ""2314"", ""2315"", ""ESTACION_CORREGIDORA_SUR""]","[""366"", ""90"", ""90"", ""90"", ""90"", ""90"", ""90"", ""90"", ""90"", ""90"", ""90"", ""90"", ""90"", ""97"", ""97"", ""97"", ""97"", ""97"", ""97"", ""97"", ""97"", ""CAMINATA""]",5.0,Benito Juárez/Calle Adolfo de la Huerta,20.524219033473,-100.44214803433
2442,36.927083333333336,136,C28,2,20,3,Con transbordo,136 → 326 → 344,C28 → C35 → C54,Independencia/Capuchinas → Av. Universidad/Hospital Sagrado Corazón de Jesús,"[""2442"", ""2471"", ""3596"", ""2021"", ""2450"", ""2451"", ""2452"", ""2453"", ""2547"", ""2548"", ""2549"", ""2550"", ""2551"", ""2956"", ""2552"", ""2393"", ""2394"", ""2316"", ""5200"", ""ESTACION_CORREGIDORA_SUR""]","[""136"", ""136"", ""136"", ""136"", ""136"", ""136"", ""136"", ""326"", ""326"", ""326"", ""326"", ""326"", ""326"", ""326"", ""344"", ""344"", ""344"", ""344"", ""CAMINATA""]",5.0,Fray Diego de Landa/Chedraui Centro Sur,20.569141666667,-100.36166111111
2198,36.943749999999994,370,T02,2,18,3,Con transbordo,370 → 90 → 97,T02 → L51 → C22,Tejeda → Constitución de 1917,"[""2198"", ""1308"", ""1309"", ""1304"", ""1305"", ""1306"", ""1432"", ""1433"", ""1434"", ""3297"", ""4241"", ""2310"", ""2311"", ""2312"", ""2313"", ""2314"", ""2315"", ""ESTACION_CORREGIDORA_SUR""]","[""370"", ""370"", ""370"", ""90"", ""90"", ""90"", ""90"", ""90"", ""97"", ""97"", ""97"", ""97"", ""97"", ""97"", ""97"", ""97"", ""CAMINATA""]",5.0,Av. Paseo Constituyentes/Justo Sierra,20.561311197098,-100.41554740826
2026,36.98541666666666,341,C51,1,24,2,Con transbordo,341 → 334,C51 → C43,Cto Moisés Solana/Tomasa Estévez,"[""2026"", ""2027"", ""2891"", ""2231"", ""2232"", ""2629"", ""2478"", ""2308"", ""2028"", ""2029"", ""2030"", ""2031"", ""2309"", ""1919"", ""1920"", ""1921"", ""4241"", ""2310"", ""2311"", ""2312"", ""2313"", ""2314"", ""2315"", ""ESTACION_CORREGIDORA_SUR""]","[""341"", ""341"", ""341"", ""341"", ""334"", ""334"", ""334"", ""334"", ""334"", ""334"", ""334"", ""334"", ""334"", ""334"", ""334"", ""334"", ""334"", ""334"", ""334"", ""334"", ""334"", ""334"", ""CAMINATA""]",5.0,Prol Corregidora Sur/Wenceslao Sanchez de la Barquera,20.583300873265,-100.38789420252
1311,37.02708333333333,90,L51,1,45,2,Con transbordo,90 → 97,L51 → C22,Constitución de 1917,"[""1311"", ""5209"", ""1312"", ""1313"", ""1424"", ""1352"", ""1372"", ""1441"", ""1373"", ""1442"", ""1443"", ""1374"", ""1375"", ""1444"", ""1362"", ""1363"", ""1364"", ""1445"", ""1365"", ""1446"", ""1366"", ""1447"", ""1367"", ""1431"", ""4111"", ""1300"", ""1301"", ""1302"", ""1761"", ""1303"", ""1304"", ""1305"", ""1306"", ""1432"", ""1433"", ""1434"", ""3297"", ""4241"", ""2310"", ""2311"", ""2312"", ""2313"", ""2314"", ""2315"", ""ESTACION_CORREGIDORA_SUR""]","[""90"", ""90"", ""90"", ""90"", ""90"", ""90"", ""90"", ""90"", ""90"", ""90"", ""90"", ""90"", ""90"", ""90"", ""90"", ""90"", ""90"", ""90"", ""90"", ""90"", ""90"", ""90"", ""90"", ""90"", ""90"", ""90"", ""90"", ""90"", ""90"", ""90"", ""90"", ""90"", ""90"", ""90"", ""90"", ""97"", ""97"", ""97"", ""97"", ""97"", ""97"", ""97"", ""97"", ""CAMINATA""]",5.0,Pueblo Nuevo,20.543662725819,-100.4299786079
3278,37.13166666666667,376,T08,1,29,2,Con transbordo,376 → 319,T08 → C24,Vicente Guerrero,"[""3278"", ""3345"", ""3346"", ""2446"", ""2447"", ""2518"", ""2519"", ""3578"", ""2216"", ""2217"", ""2218"", ""2219"", ""2032"", ""2023"", ""2024"", ""2856"", ""1918"", ""1919"", ""1920"", ""1921"", ""4241"", ""2310"", ""2311"", ""2312"", ""2313"", ""2314"", ""2315"", ""5194"", ""ESTACION_CORREGIDORA_SUR""]","[""376"", ""376"", ""376"", ""376"", ""376"", ""376"", ""376"", ""376"", ""376"", ""376"", ""376"", ""376"", ""376"", ""376"", ""376"", ""376"", ""376"", ""319"", ""319"", ""319"", ""319"", ""319"", ""319"", ""319"", ""319"", ""319"", ""319"", ""CAMINATA""]",5.0,Fray Diego de Landa/Chedraui,20.569968171234,-100.35994789064
5119,37.135416666666664,408,C73,2,23,3,Con transbordo,408 → 90 → 97,C73 → L51 → C22,Carr. Coroneo/Av. Paseo Constituyentes → Constitución de 1917,"[""5119"", ""5205"", ""4111"", ""1300"", ""1301"", ""1302"", ""1761"", ""1303"", ""1304"", ""1305"", ""1306"", ""1432"", ""1433"", ""1434"", ""3297"", ""4241"", ""2310"", ""2311"", ""2312"", ""2313"", ""2314"", ""2315"", ""ESTACION_CORREGIDORA_SUR""]","[""408"", ""408"", ""90"", ""90"", ""90"", ""90"", ""90"", ""90"", ""90"", ""90"", ""90"", ""90"", ""90"", ""97"", ""97"", ""97"", ""97"", ""97"", ""97"", ""97"", ""97"", ""CAMINATA""]",5.0,Libramiento Surponiente/Calle Hércules,20.52634146216,-100.43541525601
2190,37.16041666666666,255,T11,2,22,3,Con transbordo,255 → 90 → 97,T11 → L51 → C22,Santa Bárbara → Constitución de 1917,"[""2190"", ""3301"", ""1300"", ""1301"", ""1302"", ""1761"", ""1303"", ""1304"", ""1305"", ""1306"", ""1432"", ""1433"", ""1434"", ""3297"", ""4241"", ""2310"", ""2311"", ""2312"", ""2313"", ""2314"", ""2315"", ""ESTACION_CORREGIDORA_SUR""]","[""255"", ""255"", ""90"", ""90"", ""90"", ""90"", ""90"", ""90"", ""90"", ""90"", ""90"", ""90"", ""97"", ""97"", ""97"", ""97"", ""97"", ""97"", ""97"", ""97"", ""CAMINATA""]",5.0,Terminal Balvanera,20.532858120622,-100.44963555034
2509,37.165000000000006,322,C29,2,22,3,Con transbordo,322 → 338 → 319,C29 → C48 → C24,Blvd. de Las Américas/Río Lerma → Av. Tecnológico/José María Arteaga,"[""2509"", ""4138"", ""2291"", ""2292"", ""2293"", ""2294"", ""2295"", ""2296"", ""2418"", ""2419"", ""5180"", ""2672"", ""2201"", ""4241"", ""2310"", ""2311"", ""2312"", ""2313"", ""2314"", ""2315"", ""5194"", ""ESTACION_CORREGIDORA_SUR""]","[""322"", ""322"", ""338"", ""338"", ""338"", ""338"", ""338"", ""338"", ""338"", ""338"", ""338"", ""338"", ""338"", ""319"", ""319"", ""319"", ""319"", ""319"", ""319"", ""319"", ""CAMINATA""]",5.0,Av. Candiles/Plaza Candiles,20.54740611,-100.3948993
4129,37.23166666666667,326,C35,2,23,3,Con transbordo,326 → 338 → 319,C35 → C48 → C24,Blvd. de Las Américas/Cerro del Fraile → Av. Tecnológico/José María Arteaga,"[""4129"", ""2290"", ""3600"", ""2291"", ""2292"", ""2293"", ""2294"", ""2295"", ""2296"", ""2418"", ""2419"", ""5180"", ""2672"", ""2201"", ""4241"", ""2310"", ""2311"", ""2312"", ""2313"", ""2314"", ""2315"", ""5194"", ""ESTACION_CORREGIDORA_SUR""]","[""326"", ""338"", ""338"", ""338"", ""338"", ""338"", ""338"", ""338"", ""338"", ""338"", ""338"", ""338"", ""338"", ""338"", ""319"", ""319"", ""319"", ""319"", ""319"", ""319"", ""319"", ""CAMINATA""]",5.0,Blvd. de Las Américas/Calle Misioneros,20.544469630222,-100.39011944276
3659,37.24375,370,T02,1,22,2,Con transbordo,370 → 97,T02 → C22,El Pocito,"[""3659"", ""2974"", ""3619"", ""2975"", ""3620"", ""2976"", ""3621"", ""2977"", ""3622"", ""1306"", ""1432"", ""1433"", ""1434"", ""3297"", ""4241"", ""2310"", ""2311"", ""2312"", ""2313"", ""2314"", ""2315"", ""ESTACION_CORREGIDORA_SUR""]","[""370"", ""370"", ""370"", ""370"", ""370"", ""370"", ""370"", ""370"", ""370"", ""97"", ""97"", ""97"", ""97"", ""97"", ""97"", ""97"", ""97"", ""97"", ""97"", ""97"", ""CAMINATA""]",5.0,Michoacán/Chihuahua,20.551629955087,-100.41755937518
3024,37.25208333333333,332,C41,1,16,2,Con transbordo,332 → 355,C41 → C69,Río Querétaro,"[""3024"", ""3316"", ""3394"", ""2265"", ""5229"", ""2978"", ""2979"", ""2980"", ""2981"", ""3222"", ""3223"", ""3726"", ""3224"", ""2314"", ""2315"", ""ESTACION_CORREGIDORA_SUR""]","[""332"", ""332"", ""332"", ""332"", ""332"", ""332"", ""332"", ""332"", ""355"", ""355"", ""355"", ""355"", ""355"", ""355"", ""CAMINATA""]",5.0,Lateral Carr. Federal No. 57/Puente de Papanoa,20.575232748678,-100.39364593399
2297,37.265,375,T07,1,30,2,Con transbordo,375 → 319,T07 → C24,Corregidora/Luis M Vega y Monroy,"[""2297"", ""2298"", ""2299"", ""2300"", ""2301"", ""3641"", ""2302"", ""2303"", ""2304"", ""2305"", ""2306"", ""2307"", ""2308"", ""2028"", ""2029"", ""2030"", ""2031"", ""2309"", ""1919"", ""1920"", ""1921"", ""4241"", ""2310"", ""2311"", ""2312"", ""2313"", ""2314"", ""2315"", ""5194"", ""ESTACION_CORREGIDORA_SUR""]","[""375"", ""375"", ""375"", ""375"", ""375"", ""375"", ""375"", ""375"", ""375"", ""375"", ""375"", ""375"", ""319"", ""319"", ""319"", ""319"", ""319"", ""319"", ""319"", ""319"", ""319"", ""319"", ""319"", ""319"", ""319"", ""319"", ""319"", ""319"", ""CAMINATA""]",5.0,Enrique Rodiles/Francisco Arias,20.56207092,-100.3964379
2233,37.285416666666656,331,C40,1,22,2,Con transbordo,331 → 321,C40 → C27,Prol. Luis Pasteur/Av. 26,"[""2233"", ""2234"", ""2214"", ""2215"", ""2478"", ""2308"", ""2028"", ""2029"", ""2030"", ""2031"", ""2309"", ""1919"", ""1920"", ""1921"", ""4241"", ""2310"", ""2311"", ""2312"", ""2313"", ""2314"", ""2315"", ""ESTACION_CORREGIDORA_SUR""]","[""331"", ""331"", ""321"", ""321"", ""321"", ""321"", ""321"", ""321"", ""321"", ""321"", ""321"", ""321"", ""321"", ""321"", ""321"", ""321"", ""321"", ""321"", ""321"", ""321"", ""CAMINATA""]",5.0,C.San Diego de Los Padres/Matancillas,20.570800198098,-100.3847709752
3315,37.30208333333333,341,C51,0,34,1,Directa,341,C51,,"[""3315"", ""2598"", ""2599"", ""2510"", ""2511"", ""2512"", ""2513"", ""2514"", ""2515"", ""2516"", ""3686"", ""2517"", ""2214"", ""2215"", ""2216"", ""2217"", ""2218"", ""2219"", ""2032"", ""2023"", ""2024"", ""2856"", ""1918"", ""1919"", ""1920"", ""1921"", ""4241"", ""2310"", ""2311"", ""2312"", ""2313"", ""2314"", ""2315"", ""ESTACION_CORREGIDORA_SUR""]","[""341"", ""341"", ""341"", ""341"", ""341"", ""341"", ""341"", ""341"", ""341"", ""341"", ""341"", ""341"", ""341"", ""341"", ""341"", ""341"", ""341"", ""341"", ""341"", ""341"", ""341"", ""341"", ""341"", ""341"", ""341"", ""341"", ""341"", ""341"", ""341"", ""341"", ""341"", ""341"", ""CAMINATA""]",5.0,Calle Antonio de Carranza/República Dominicana,20.55893468,-100.3922429
4131,37.31499999999999,341,C51,2,22,3,Con transbordo,341 → 338 → 319,C51 → C48 → C24,Blvd. de Las Américas/Calle Antonio Rivera de la Torre → Av. Tecnológico/José María Arteaga,"[""4131"", ""2675"", ""3893"", ""2668"", ""2669"", ""2294"", ""2295"", ""2296"", ""2418"", ""2419"", ""5180"", ""2672"", ""2201"", ""4241"", ""2310"", ""2311"", ""2312"", ""2313"", ""2314"", ""2315"", ""5194"", ""ESTACION_CORREGIDORA_SUR""]","[""341"", ""341"", ""341"", ""341"", ""341"", ""338"", ""338"", ""338"", ""338"", ""338"", ""338"", ""338"", ""338"", ""319"", ""319"", ""319"", ""319"", ""319"", ""319"", ""319"", ""CAMINATA""]",5.0,Calle Naranjo/Calle Turquesa,20.550993339641,-100.40152079175
2473,37.33541666666666,321,C27,0,28,1,Directa,321,C27,,"[""2473"", ""2474"", ""5078"", ""2475"", ""2476"", ""2477"", ""2212"", ""2213"", ""2214"", ""2215"", ""2478"", ""2308"", ""2028"", ""2029"", ""2030"", ""2031"", ""2309"", ""1919"", ""1920"", ""1921"", ""4241"", ""2310"", ""2311"", ""2312"", ""2313"", ""2314"", ""2315"", ""ESTACION_CORREGIDORA_SUR""]","[""321"", ""321"", ""321"", ""321"", ""321"", ""321"", ""321"", ""321"", ""321"", ""321"", ""321"", ""321"", ""321"", ""321"", ""321"", ""321"", ""321"", ""321"", ""321"", ""321"", ""321"", ""321"", ""321"", ""321"", ""321"", ""321"", ""CAMINATA""]",5.0,Caoba/Rinconada de San Miguel,20.55792432509,-100.3714700284
5226,37.38166666666667,332,C41,2,27,3,Con transbordo,332 → 326 → 319,C41 → C35 → C24,Calle 25/Av. 12 → Corregidora/Luis M Vega y Monroy,"[""5226"", ""2600"", ""2545"", ""2546"", ""2303"", ""2304"", ""2305"", ""2306"", ""2307"", ""2308"", ""2028"", ""2029"", ""2030"", ""2031"", ""2309"", ""1919"", ""1920"", ""1921"", ""4241"", ""2310"", ""2311"", ""2312"", ""2313"", ""2314"", ""2315"", ""5194"", ""ESTACION_CORREGIDORA_SUR""]","[""332"", ""332"", ""326"", ""326"", ""326"", ""326"", ""326"", ""326"", ""326"", ""319"", ""319"", ""319"", ""319"", ""319"", ""319"", ""319"", ""319"", ""319"", ""319"", ""319"", ""319"", ""319"", ""319"", ""319"", ""319"", ""CAMINATA""]",5.0,Calle 37/Calle 24,20.565131636428,-100.39407429273
1429,37.427083333333336,366,L57,2,24,3,Con transbordo,366 → 90 → 97,L57 → L51 → C22,Benito Juárez/Gral. Guadalupe Victoria → Constitución de 1917,"[""1429"", ""1430"", ""1431"", ""4111"", ""1300"", ""1301"", ""1302"", ""1761"", ""1303"", ""1304"", ""1305"", ""1306"", ""1432"", ""1433"", ""1434"", ""3297"", ""4241"", ""2310"", ""2311"", ""2312"", ""2313"", ""2314"", ""2315"", ""ESTACION_CORREGIDORA_SUR""]","[""366"", ""366"", ""90"", ""90"", ""90"", ""90"", ""90"", ""90"", ""90"", ""90"", ""90"", ""90"", ""90"", ""90"", ""97"", ""97"", ""97"", ""97"", ""97"", ""97"", ""97"", ""97"", ""CAMINATA""]",5.0,Benito Juárez/Gral. Álvaro Obregón,20.522960631408,-100.44317584455
2402,37.465,322,C29,2,25,3,Con transbordo,322 → 134 → 319,C29 → C26 → C24,Avenida Colinas del Cimatario/Cerro Blanco → Vicente Guerrero,"[""2402"", ""2403"", ""2404"", ""2405"", ""2020"", ""2021"", ""2450"", ""2451"", ""2452"", ""2453"", ""1881"", ""1879"", ""1918"", ""1919"", ""1920"", ""1921"", ""4241"", ""2310"", ""2311"", ""2312"", ""2313"", ""2314"", ""2315"", ""5194"", ""ESTACION_CORREGIDORA_SUR""]","[""322"", ""322"", ""134"", ""134"", ""134"", ""134"", ""134"", ""134"", ""134"", ""134"", ""134"", ""134"", ""134"", ""319"", ""319"", ""319"", ""319"", ""319"", ""319"", ""319"", ""319"", ""319"", ""319"", ""CAMINATA""]",5.0,Pza. San Juan de Letrán/Plaza Carmelitas,20.570697500501,-100.37304951008
2289,37.51875,332,C41,1,17,2,Con transbordo,332 → 355,C41 → C69,Río Querétaro,"[""2289"", ""3024"", ""3316"", ""3394"", ""2265"", ""5229"", ""2978"", ""2979"", ""2980"", ""2981"", ""3222"", ""3223"", ""3726"", ""3224"", ""2314"", ""2315"", ""ESTACION_CORREGIDORA_SUR""]","[""332"", ""332"", ""332"", ""332"", ""332"", ""332"", ""332"", ""332"", ""332"", ""355"", ""355"", ""355"", ""355"", ""355"", ""355"", ""CAMINATA""]",5.0,Calle 25/Lateral Carr. Federal 57,20.57496742,-100.3942676
1310,37.52708333333333,90,L51,1,46,2,Con transbordo,90 → 97,L51 → C22,Constitución de 1917,"[""1310"", ""1311"", ""5209"", ""1312"", ""1313"", ""1424"", ""1352"", ""1372"", ""1441"", ""1373"", ""1442"", ""1443"", ""1374"", ""1375"", ""1444"", ""1362"", ""1363"", ""1364"", ""1445"", ""1365"", ""1446"", ""1366"", ""1447"", ""1367"", ""1431"", ""4111"", ""1300"", ""1301"", ""1302"", ""1761"", ""1303"", ""1304"", ""1305"", ""1306"", ""1432"", ""1433"", ""1434"", ""3297"", ""4241"", ""2310"", ""2311"", ""2312"", ""2313"", ""2314"", ""2315"", ""ESTACION_CORREGIDORA_SUR""]","[""90"", ""90"", ""90"", ""90"", ""90"", ""90"", ""90"", ""90"", ""90"", ""90"", ""90"", ""90"", ""90"", ""90"", ""90"", ""90"", ""90"", ""90"", ""90"", ""90"", ""90"", ""90"", ""90"", ""90"", ""90"", ""90"", ""90"", ""90"", ""90"", ""90"", ""90"", ""90"", ""90"", ""90"", ""90"", ""90"", ""97"", ""97"", ""97"", ""97"", ""97"", ""97"", ""97"", ""97"", ""CAMINATA""]",5.0,Av. Paseo Constituyentes/Josefa Ortiz de Domínguez,20.546611129845,-100.42752139427
2470,37.58166666666667,376,T08,1,30,2,Con transbordo,376 → 319,T08 → C24,Vicente Guerrero,"[""2470"", ""3278"", ""3345"", ""3346"", ""2446"", ""2447"", ""2518"", ""2519"", ""3578"", ""2216"", ""2217"", ""2218"", ""2219"", ""2032"", ""2023"", ""2024"", ""2856"", ""1918"", ""1919"", ""1920"", ""1921"", ""4241"", ""2310"", ""2311"", ""2312"", ""2313"", ""2314"", ""2315"", ""5194"", ""ESTACION_CORREGIDORA_SUR""]","[""376"", ""376"", ""376"", ""376"", ""376"", ""376"", ""376"", ""376"", ""376"", ""376"", ""376"", ""376"", ""376"", ""376"", ""376"", ""376"", ""376"", ""376"", ""319"", ""319"", ""319"", ""319"", ""319"", ""319"", ""319"", ""319"", ""319"", ""319"", ""CAMINATA""]",5.0,Blvd. Centro Sur/Chedraui,20.571387909631,-100.35945661147
1296,37.65208333333332,97,C22,2,24,3,Con transbordo,97 → 90 → 97,C22 → L51 → C22,Santa Bárbara → Constitución de 1917,"[""1296"", ""1297"", ""1298"", ""1299"", ""1300"", ""1301"", ""1302"", ""1761"", ""1303"", ""1304"", ""1305"", ""1306"", ""1432"", ""1433"", ""1434"", ""3297"", ""4241"", ""2310"", ""2311"", ""2312"", ""2313"", ""2314"", ""2315"", ""ESTACION_CORREGIDORA_SUR""]","[""97"", ""97"", ""97"", ""97"", ""90"", ""90"", ""90"", ""90"", ""90"", ""90"", ""90"", ""90"", ""90"", ""90"", ""97"", ""97"", ""97"", ""97"", ""97"", ""97"", ""97"", ""97"", ""CAMINATA""]",5.0,Heroico Colegio Militar/Lorenzo Angeles,20.538382489085,-100.44090325583
3618,37.74375,370,T02,1,23,2,Con transbordo,370 → 97,T02 → C22,El Pocito,"[""3618"", ""3659"", ""2974"", ""3619"", ""2975"", ""3620"", ""2976"", ""3621"", ""2977"", ""3622"", ""1306"", ""1432"", ""1433"", ""1434"", ""3297"", ""4241"", ""2310"", ""2311"", ""2312"", ""2313"", ""2314"", ""2315"", ""ESTACION_CORREGIDORA_SUR""]","[""370"", ""370"", ""370"", ""370"", ""370"", ""370"", ""370"", ""370"", ""370"", ""370"", ""97"", ""97"", ""97"", ""97"", ""97"", ""97"", ""97"", ""97"", ""97"", ""97"", ""97"", ""CAMINATA""]",5.0,Calle Jalisco/Calle Michoacán,20.55286639,-100.4185554
3651,37.74833333333334,134,C26,1,30,2,Con transbordo,134 → 319,C26 → C24,Vicente Guerrero,"[""3651"", ""2445"", ""3346"", ""2446"", ""2447"", ""2448"", ""2449"", ""2404"", ""2405"", ""2020"", ""2021"", ""2450"", ""2451"", ""2452"", ""2453"", ""1881"", ""1879"", ""1918"", ""1919"", ""1920"", ""1921"", ""4241"", ""2310"", ""2311"", ""2312"", ""2313"", ""2314"", ""2315"", ""5194"", ""ESTACION_CORREGIDORA_SUR""]","[""134"", ""134"", ""134"", ""134"", ""134"", ""134"", ""134"", ""134"", ""134"", ""134"", ""134"", ""134"", ""134"", ""134"", ""134"", ""134"", ""134"", ""134"", ""319"", ""319"", ""319"", ""319"", ""319"", ""319"", ""319"", ""319"", ""319"", ""319"", ""CAMINATA""]",5.0,Av. Fray Luis de León/Centro Civico Municipio de Querétaro,20.558186235016,-100.36150123236
1338,37.76875,98,C23,1,23,2,Con transbordo,98 → 333,C23 → C42,Av. Prol. Zaragoza/Av. Hilario Frías y Soto,"[""1338"", ""1339"", ""1340"", ""1341"", ""1762"", ""1763"", ""2200"", ""4430"", ""1764"", ""1765"", ""1766"", ""2201"", ""4241"", ""2310"", ""3570"", ""3571"", ""3572"", ""2311"", ""2312"", ""2313"", ""2314"", ""2315"", ""ESTACION_CORREGIDORA_SUR""]","[""98"", ""98"", ""98"", ""98"", ""98"", ""98"", ""98"", ""333"", ""333"", ""333"", ""333"", ""333"", ""333"", ""333"", ""333"", ""333"", ""333"", ""333"", ""333"", ""333"", ""333"", ""CAMINATA""]",5.0,Blvd. Hacienda del Jacal/Plaza El Jacal,20.559986549095,-100.43146601395
2457,37.78166666666666,352,C64,2,25,3,Con transbordo,352 → 325 → 319,C64 → C34 → C24,Bicentenario → Av. Tecnológico/Itq,"[""2457"", ""2458"", ""2459"", ""2751"", ""1473"", ""1474"", ""1476"", ""1472"", ""1471"", ""1470"", ""1469"", ""1439"", ""1438"", ""2537"", ""1920"", ""1921"", ""4241"", ""2310"", ""2311"", ""2312"", ""2313"", ""2314"", ""2315"", ""5194"", ""ESTACION_CORREGIDORA_SUR""]","[""352"", ""352"", ""352"", ""352"", ""352"", ""325"", ""325"", ""325"", ""325"", ""325"", ""325"", ""325"", ""325"", ""325"", ""325"", ""325"", ""325"", ""325"", ""325"", ""325"", ""319"", ""319"", ""319"", ""CAMINATA""]",5.0,Av. Cimatario/Constituyentes,20.586532791039,-100.37509013274
3230,37.793749999999996,331,C40,2,20,3,Con transbordo,331 → 353 → 345,C40 → C65 → C55,Hacienda Tequisquiapan/Hacienda Jaral de Penas → Carr. Campo Militar/Querétaro Park Iii,"[""3230"", ""3231"", ""3232"", ""3233"", ""3234"", ""3235"", ""3236"", ""2602"", ""4253"", ""3237"", ""3222"", ""3223"", ""3726"", ""3224"", ""2314"", ""2315"", ""5194"", ""2316"", ""5200"", ""ESTACION_CORREGIDORA_SUR""]","[""331"", ""331"", ""353"", ""353"", ""353"", ""353"", ""353"", ""353"", ""345"", ""345"", ""345"", ""345"", ""345"", ""345"", ""345"", ""345"", ""345"", ""345"", ""CAMINATA""]",5.0,Los Mendoza/Hacienda Tequisquiapan,20.59760435,-100.4307325
1460,37.81041666666667,366,L57,2,25,3,Con transbordo,366 → 90 → 97,L57 → L51 → C22,Benito Juárez/Gral. Guadalupe Victoria → Constitución de 1917,"[""1460"", ""1429"", ""1430"", ""1431"", ""4111"", ""1300"", ""1301"", ""1302"", ""1761"", ""1303"", ""1304"", ""1305"", ""1306"", ""1432"", ""1433"", ""1434"", ""3297"", ""4241"", ""2310"", ""2311"", ""2312"", ""2313"", ""2314"", ""2315"", ""ESTACION_CORREGIDORA_SUR""]","[""366"", ""366"", ""366"", ""90"", ""90"", ""90"", ""90"", ""90"", ""90"", ""90"", ""90"", ""90"", ""90"", ""90"", ""90"", ""97"", ""97"", ""97"", ""97"", ""97"", ""97"", ""97"", ""97"", ""CAMINATA""]",5.0,Benito Juárez/Miguel Alemán Valdez,20.522116,-100.44387
2365,37.88166666666667,326,C35,2,24,3,Con transbordo,326 → 338 → 319,C35 → C48 → C24,Blvd. de Las Américas/Cerro del Fraile → Av. Tecnológico/José María Arteaga,"[""2365"", ""4129"", ""2290"", ""3600"", ""2291"", ""2292"", ""2293"", ""2294"", ""2295"", ""2296"", ""2418"", ""2419"", ""5180"", ""2672"", ""2201"", ""4241"", ""2310"", ""2311"", ""2312"", ""2313"", ""2314"", ""2315"", ""5194"", ""ESTACION_CORREGIDORA_SUR""]","[""326"", ""326"", ""338"", ""338"", ""338"", ""338"", ""338"", ""338"", ""338"", ""338"", ""338"", ""338"", ""338"", ""338"", ""338"", ""319"", ""319"", ""319"", ""319"", ""319"", ""319"", ""319"", ""CAMINATA""]",5.0,Blvd. de Las Américas/Calle Cerro del Zamorano,20.546329388279,-100.39109997405
2025,37.91874999999999,341,C51,1,25,2,Con transbordo,341 → 334,C51 → C43,Cto Moisés Solana/Tomasa Estévez,"[""2025"", ""2026"", ""2027"", ""2891"", ""2231"", ""2232"", ""2629"", ""2478"", ""2308"", ""2028"", ""2029"", ""2030"", ""2031"", ""2309"", ""1919"", ""1920"", ""1921"", ""4241"", ""2310"", ""2311"", ""2312"", ""2313"", ""2314"", ""2315"", ""ESTACION_CORREGIDORA_SUR""]","[""341"", ""341"", ""341"", ""341"", ""341"", ""334"", ""334"", ""334"", ""334"", ""334"", ""334"", ""334"", ""334"", ""334"", ""334"", ""334"", ""334"", ""334"", ""334"", ""334"", ""334"", ""334"", ""334"", ""CAMINATA""]",5.0,Corregidora Sur/Zacarías Oñate,20.585528146045,-100.38874821756
1295,37.92708333333332,97,C22,2,25,3,Con transbordo,97 → 90 → 97,C22 → L51 → C22,Santa Bárbara → Constitución de 1917,"[""1295"", ""1296"", ""1297"", ""1298"", ""1299"", ""1300"", ""1301"", ""1302"", ""1761"", ""1303"", ""1304"", ""1305"", ""1306"", ""1432"", ""1433"", ""1434"", ""3297"", ""4241"", ""2310"", ""2311"", ""2312"", ""2313"", ""2314"", ""2315"", ""ESTACION_CORREGIDORA_SUR""]","[""97"", ""97"", ""97"", ""97"", ""97"", ""90"", ""90"", ""90"", ""90"", ""90"", ""90"", ""90"", ""90"", ""90"", ""90"", ""97"", ""97"", ""97"", ""97"", ""97"", ""97"", ""97"", ""97"", ""CAMINATA""]",5.0,Heroico Colegio Militar/Parroquia de San Francisco Galileo,20.539147910569,-100.44095677405
2472,37.96874999999999,321,C27,0,29,1,Directa,321,C27,,"[""2472"", ""2473"", ""2474"", ""5078"", ""2475"", ""2476"", ""2477"", ""2212"", ""2213"", ""2214"", ""2215"", ""2478"", ""2308"", ""2028"", ""2029"", ""2030"", ""2031"", ""2309"", ""1919"", ""1920"", ""1921"", ""4241"", ""2310"", ""2311"", ""2312"", ""2313"", ""2314"", ""2315"", ""ESTACION_CORREGIDORA_SUR""]","[""321"", ""321"", ""321"", ""321"", ""321"", ""321"", ""321"", ""321"", ""321"", ""321"", ""321"", ""321"", ""321"", ""321"", ""321"", ""321"", ""321"", ""321"", ""321"", ""321"", ""321"", ""321"", ""321"", ""321"", ""321"", ""321"", ""321"", ""CAMINATA""]",5.0,Cobá/Blvd de Los Gobernadores,20.556716027307,-100.37029715578
3344,37.993750000000006,136,C28,2,21,3,Con transbordo,136 → 326 → 344,C28 → C35 → C54,Independencia/Capuchinas → Av. Universidad/Hospital Sagrado Corazón de Jesús,"[""3344"", ""2442"", ""2471"", ""3596"", ""2021"", ""2450"", ""2451"", ""2452"", ""2453"", ""2547"", ""2548"", ""2549"", ""2550"", ""2551"", ""2956"", ""2552"", ""2393"", ""2394"", ""2316"", ""5200"", ""ESTACION_CORREGIDORA_SUR""]","[""136"", ""136"", ""136"", ""136"", ""136"", ""136"", ""136"", ""136"", ""326"", ""326"", ""326"", ""326"", ""326"", ""326"", ""326"", ""344"", ""344"", ""344"", ""344"", ""CAMINATA""]",5.0,Blvd. Centro Sur/Marqués de la Villa del Villar del Águila,20.565964262354,-100.36260803299
2211,38.01875,371,T03,1,23,2,Con transbordo,371 → 321,T03 → C27,Luis Pasteur/Calle 13,"[""2211"", ""2212"", ""2213"", ""2214"", ""2215"", ""2478"", ""2308"", ""2028"", ""2029"", ""2030"", ""2031"", ""2309"", ""1919"", ""1920"", ""1921"", ""4241"", ""2310"", ""2311"", ""2312"", ""2313"", ""2314"", ""2315"", ""ESTACION_CORREGIDORA_SUR""]","[""371"", ""321"", ""321"", ""321"", ""321"", ""321"", ""321"", ""321"", ""321"", ""321"", ""321"", ""321"", ""321"", ""321"", ""321"", ""321"", ""321"", ""321"", ""321"", ""321"", ""321"", ""CAMINATA""]",5.0,Prol. Luis Pasteur/Cto. Lázaro Cardenas,20.558041336253,-100.38315909998
2597,38.068749999999994,341,C51,0,35,1,Directa,341,C51,,"[""2597"", ""3315"", ""2598"", ""2599"", ""2510"", ""2511"", ""2512"", ""2513"", ""2514"", ""2515"", ""2516"", ""3686"", ""2517"", ""2214"", ""2215"", ""2216"", ""2217"", ""2218"", ""2219"", ""2032"", ""2023"", ""2024"", ""2856"", ""1918"", ""1919"", ""1920"", ""1921"", ""4241"", ""2310"", ""2311"", ""2312"", ""2313"", ""2314"", ""2315"", ""ESTACION_CORREGIDORA_SUR""]","[""341"", ""341"", ""341"", ""341"", ""341"", ""341"", ""341"", ""341"", ""341"", ""341"", ""341"", ""341"", ""341"", ""341"", ""341"", ""341"", ""341"", ""341"", ""341"", ""341"", ""341"", ""341"", ""341"", ""341"", ""341"", ""341"", ""341"", ""341"", ""341"", ""341"", ""341"", ""341"", ""341"", ""CAMINATA""]",5.0,Calle Antonio Carranza/Calle Manuel Castelazo,20.558638,-100.394309
1459,38.12708333333334,366,L57,2,26,3,Con transbordo,366 → 90 → 97,L57 → L51 → C22,Benito Juárez/Gral. Guadalupe Victoria → Constitución de 1917,"[""1459"", ""1460"", ""1429"", ""1430"", ""1431"", ""4111"", ""1300"", ""1301"", ""1302"", ""1761"", ""1303"", ""1304"", ""1305"", ""1306"", ""1432"", ""1433"", ""1434"", ""3297"", ""4241"", ""2310"", ""2311"", ""2312"", ""2313"", ""2314"", ""2315"", ""ESTACION_CORREGIDORA_SUR""]","[""366"", ""366"", ""366"", ""366"", ""90"", ""90"", ""90"", ""90"", ""90"", ""90"", ""90"", ""90"", ""90"", ""90"", ""90"", ""90"", ""97"", ""97"", ""97"", ""97"", ""97"", ""97"", ""97"", ""97"", ""CAMINATA""]",5.0,Benito Juárez/Lic. Gustavo Díaz Ordaz,20.521399290735,-100.44445708097
1450,38.148333333333326,99,T01,2,21,3,Con transbordo,99 → 325 → 319,T01 → C34 → C24,Bicentenario → Av. Tecnológico/Itq,"[""1450"", ""1475"", ""1476"", ""1472"", ""1471"", ""1470"", ""1469"", ""1439"", ""1438"", ""2537"", ""1920"", ""1921"", ""4241"", ""2310"", ""2311"", ""2312"", ""2313"", ""2314"", ""2315"", ""5194"", ""ESTACION_CORREGIDORA_SUR""]","[""99"", ""99"", ""325"", ""325"", ""325"", ""325"", ""325"", ""325"", ""325"", ""325"", ""325"", ""325"", ""325"", ""325"", ""325"", ""325"", ""319"", ""319"", ""319"", ""CAMINATA""]",5.0,Mirador,20.590450802299,-100.33560889683
2444,38.165000000000006,134,C26,1,31,2,Con transbordo,134 → 319,C26 → C24,Vicente Guerrero,"[""2444"", ""3651"", ""2445"", ""3346"", ""2446"", ""2447"", ""2448"", ""2449"", ""2404"", ""2405"", ""2020"", ""2021"", ""2450"", ""2451"", ""2452"", ""2453"", ""1881"", ""1879"", ""1918"", ""1919"", ""1920"", ""1921"", ""4241"", ""2310"", ""2311"", ""2312"", ""2313"", ""2314"", ""2315"", ""5194"", ""ESTACION_CORREGIDORA_SUR""]","[""134"", ""134"", ""134"", ""134"", ""134"", ""134"", ""134"", ""134"", ""134"", ""134"", ""134"", ""134"", ""134"", ""134"", ""134"", ""134"", ""134"", ""134"", ""134"", ""319"", ""319"", ""319"", ""319"", ""319"", ""319"", ""319"", ""319"", ""319"", ""319"", ""CAMINATA""]",5.0,Blvd. Bernardo Quintana/Fray Luis de León (Ccq),20.558284670042,-100.35999243406
2603,38.168749999999996,332,C41,1,18,2,Con transbordo,332 → 355,C41 → C69,Río Querétaro,"[""2603"", ""2289"", ""3024"", ""3316"", ""3394"", ""2265"", ""5229"", ""2978"", ""2979"", ""2980"", ""2981"", ""3222"", ""3223"", ""3726"", ""3224"", ""2314"", ""2315"", ""ESTACION_CORREGIDORA_SUR""]","[""332"", ""332"", ""332"", ""332"", ""332"", ""332"", ""332"", ""332"", ""332"", ""332"", ""355"", ""355"", ""355"", ""355"", ""355"", ""355"", ""CAMINATA""]",5.0,Calle 25/Av. 4,20.57346884,-100.3937327
2508,38.18166666666667,322,C29,2,23,3,Con transbordo,322 → 338 → 319,C29 → C48 → C24,Blvd. de Las Américas/Río Lerma → Av. Tecnológico/José María Arteaga,"[""2508"", ""2509"", ""4138"", ""2291"", ""2292"", ""2293"", ""2294"", ""2295"", ""2296"", ""2418"", ""2419"", ""5180"", ""2672"", ""2201"", ""4241"", ""2310"", ""2311"", ""2312"", ""2313"", ""2314"", ""2315"", ""5194"", ""ESTACION_CORREGIDORA_SUR""]","[""322"", ""322"", ""322"", ""338"", ""338"", ""338"", ""338"", ""338"", ""338"", ""338"", ""338"", ""338"", ""338"", ""338"", ""319"", ""319"", ""319"", ""319"", ""319"", ""319"", ""319"", ""CAMINATA""]",5.0,Av. Candiles/Plaza Candiles,20.54712239,-100.3979739
2197,38.227083333333326,370,T02,2,19,3,Con transbordo,370 → 90 → 97,T02 → L51 → C22,Tejeda → Constitución de 1917,"[""2197"", ""2198"", ""1308"", ""1309"", ""1304"", ""1305"", ""1306"", ""1432"", ""1433"", ""1434"", ""3297"", ""4241"", ""2310"", ""2311"", ""2312"", ""2313"", ""2314"", ""2315"", ""ESTACION_CORREGIDORA_SUR""]","[""370"", ""370"", ""370"", ""370"", ""90"", ""90"", ""90"", ""90"", ""90"", ""97"", ""97"", ""97"", ""97"", ""97"", ""97"", ""97"", ""97"", ""CAMINATA""]",5.0,Prol. Zaragoza/Hacienda Balvanera,20.564850001339,-100.4148747267
5104,38.281666666666666,352,C64,2,21,3,Con transbordo,352 → 325 → 319,C64 → C34 → C24,Alameda → Av. Tecnológico/Itq,"[""5104"", ""1475"", ""1476"", ""1472"", ""1471"", ""1470"", ""1469"", ""1439"", ""1438"", ""2537"", ""1920"", ""1921"", ""4241"", ""2310"", ""2311"", ""2312"", ""2313"", ""2314"", ""2315"", ""5194"", ""ESTACION_CORREGIDORA_SUR""]","[""352"", ""352"", ""352"", ""352"", ""352"", ""352"", ""352"", ""325"", ""325"", ""325"", ""325"", ""325"", ""325"", ""325"", ""325"", ""325"", ""319"", ""319"", ""319"", ""CAMINATA""]",5.0,Carretera Federal No. 57/Av. Conin,20.576281066446,-100.33123725734
2456,38.36500000000001,325,C34,1,32,2,Con transbordo,325 → 319,C34 → C24,Av. Tecnológico/Itq,"[""2456"", ""2457"", ""2458"", ""2459"", ""2245"", ""2038"", ""2039"", ""2246"", ""2017"", ""2018"", ""2019"", ""2020"", ""2021"", ""2450"", ""2451"", ""1471"", ""1470"", ""1469"", ""1439"", ""1438"", ""2537"", ""1920"", ""1921"", ""4241"", ""2310"", ""2311"", ""2312"", ""2313"", ""2314"", ""2315"", ""5194"", ""ESTACION_CORREGIDORA_SUR""]","[""325"", ""325"", ""325"", ""325"", ""325"", ""325"", ""325"", ""325"", ""325"", ""325"", ""325"", ""325"", ""325"", ""325"", ""325"", ""325"", ""325"", ""325"", ""325"", ""325"", ""325"", ""325"", ""325"", ""325"", ""325"", ""325"", ""325"", ""319"", ""319"", ""319"", ""CAMINATA""]",5.0,20 de Noviembre/Francisco Gonzalez de Cosio,20.587772068969,-100.37646571473
2507,38.415000000000006,322,C29,2,24,3,Con transbordo,322 → 338 → 319,C29 → C48 → C24,Blvd. de Las Américas/Río Lerma → Av. Tecnológico/José María Arteaga,"[""2507"", ""2508"", ""2509"", ""4138"", ""2291"", ""2292"", ""2293"", ""2294"", ""2295"", ""2296"", ""2418"", ""2419"", ""5180"", ""2672"", ""2201"", ""4241"", ""2310"", ""2311"", ""2312"", ""2313"", ""2314"", ""2315"", ""5194"", ""ESTACION_CORREGIDORA_SUR""]","[""322"", ""322"", ""322"", ""322"", ""338"", ""338"", ""338"", ""338"", ""338"", ""338"", ""338"", ""338"", ""338"", ""338"", ""338"", ""319"", ""319"", ""319"", ""319"", ""319"", ""319"", ""319"", ""CAMINATA""]",5.0,Av. Camino Real/Av. Candiles,20.54682359,-100.398618
2674,38.481666666666655,341,C51,2,23,3,Con transbordo,341 → 338 → 319,C51 → C48 → C24,Blvd. de Las Américas/Calle Antonio Rivera de la Torre → Av. Tecnológico/José María Arteaga,"[""2674"", ""4131"", ""2675"", ""3893"", ""2668"", ""2669"", ""2294"", ""2295"", ""2296"", ""2418"", ""2419"", ""5180"", ""2672"", ""2201"", ""4241"", ""2310"", ""2311"", ""2312"", ""2313"", ""2314"", ""2315"", ""5194"", ""ESTACION_CORREGIDORA_SUR""]","[""341"", ""341"", ""341"", ""341"", ""341"", ""341"", ""338"", ""338"", ""338"", ""338"", ""338"", ""338"", ""338"", ""338"", ""319"", ""319"", ""319"", ""319"", ""319"", ""319"", ""319"", ""CAMINATA""]",5.0,Av. Cumbres/Av. Camino Real,20.5510393,-100.3983774
4096,38.502083333333324,356,L108,1,19,2,Con transbordo,356 → 333,L108 → C42,Prol. Zaragoza/Paseo 5 de Febrero,"[""4096"", ""4097"", ""4098"", ""4099"", ""2616"", ""4100"", ""1766"", ""2201"", ""4241"", ""2310"", ""3570"", ""3571"", ""3572"", ""2311"", ""2312"", ""2313"", ""2314"", ""2315"", ""ESTACION_CORREGIDORA_SUR""]","[""356"", ""356"", ""356"", ""356"", ""356"", ""356"", ""333"", ""333"", ""333"", ""333"", ""333"", ""333"", ""333"", ""333"", ""333"", ""333"", ""333"", ""CAMINATA""]",5.0,Carr. Tlacote/Residencial Gema,20.589808015959,-100.42883671552
2401,38.53166666666667,322,C29,2,26,3,Con transbordo,322 → 134 → 319,C29 → C26 → C24,Avenida Colinas del Cimatario/Cerro Blanco → Vicente Guerrero,"[""2401"", ""2402"", ""2403"", ""2404"", ""2405"", ""2020"", ""2021"", ""2450"", ""2451"", ""2452"", ""2453"", ""1881"", ""1879"", ""1918"", ""1919"", ""1920"", ""1921"", ""4241"", ""2310"", ""2311"", ""2312"", ""2313"", ""2314"", ""2315"", ""5194"", ""ESTACION_CORREGIDORA_SUR""]","[""322"", ""322"", ""322"", ""134"", ""134"", ""134"", ""134"", ""134"", ""134"", ""134"", ""134"", ""134"", ""134"", ""134"", ""319"", ""319"", ""319"", ""319"", ""319"", ""319"", ""319"", ""319"", ""319"", ""319"", ""CAMINATA""]",5.0,Plaza San Juan de Letrán/Pza. San Joaquín,20.570127927248,-100.37626142629
1294,38.57708333333332,97,C22,2,26,3,Con transbordo,97 → 90 → 97,C22 → L51 → C22,Santa Bárbara → Constitución de 1917,"[""1294"", ""1295"", ""1296"", ""1297"", ""1298"", ""1299"", ""1300"", ""1301"", ""1302"", ""1761"", ""1303"", ""1304"", ""1305"", ""1306"", ""1432"", ""1433"", ""1434"", ""3297"", ""4241"", ""2310"", ""2311"", ""2312"", ""2313"", ""2314"", ""2315"", ""ESTACION_CORREGIDORA_SUR""]","[""97"", ""97"", ""97"", ""97"", ""97"", ""97"", ""90"", ""90"", ""90"", ""90"", ""90"", ""90"", ""90"", ""90"", ""90"", ""90"", ""97"", ""97"", ""97"", ""97"", ""97"", ""97"", ""97"", ""97"", ""CAMINATA""]",5.0,Miguel Hidalgo/Josefa Ortiz de Domínguez,20.540554088836,-100.43965508159
2465,38.665000000000006,134,C26,1,31,2,Con transbordo,134 → 319,C26 → C24,Vicente Guerrero,"[""2465"", ""3651"", ""2445"", ""3346"", ""2446"", ""2447"", ""2448"", ""2449"", ""2404"", ""2405"", ""2020"", ""2021"", ""2450"", ""2451"", ""2452"", ""2453"", ""1881"", ""1879"", ""1918"", ""1919"", ""1920"", ""1921"", ""4241"", ""2310"", ""2311"", ""2312"", ""2313"", ""2314"", ""2315"", ""5194"", ""ESTACION_CORREGIDORA_SUR""]","[""134"", ""134"", ""134"", ""134"", ""134"", ""134"", ""134"", ""134"", ""134"", ""134"", ""134"", ""134"", ""134"", ""134"", ""134"", ""134"", ""134"", ""134"", ""134"", ""319"", ""319"", ""319"", ""319"", ""319"", ""319"", ""319"", ""319"", ""319"", ""319"", ""CAMINATA""]",5.0,Fray Luis de Leon/Manuel Gomez Morin,20.560563605901,-100.36310220623
3229,38.727083333333326,331,C40,2,21,3,Con transbordo,331 → 353 → 345,C40 → C65 → C55,Hacienda Tequisquiapan/Hacienda Jaral de Penas → Carr. Campo Militar/Querétaro Park Iii,"[""3229"", ""3230"", ""3231"", ""3232"", ""3233"", ""3234"", ""3235"", ""3236"", ""2602"", ""4253"", ""3237"", ""3222"", ""3223"", ""3726"", ""3224"", ""2314"", ""2315"", ""5194"", ""2316"", ""5200"", ""ESTACION_CORREGIDORA_SUR""]","[""331"", ""331"", ""331"", ""353"", ""353"", ""353"", ""353"", ""353"", ""353"", ""345"", ""345"", ""345"", ""345"", ""345"", ""345"", ""345"", ""345"", ""345"", ""345"", ""CAMINATA""]",5.0,Calle San Germán/Calle Solidaridad,20.59604884,-100.4303286
3642,38.748333333333335,373,T05,2,27,3,Con transbordo,373 → 336 → 319,T05 → C46 → C24,Av. Candiles/Parque Candiles Skate Park → Av. Tecnológico/José María Arteaga,"[""3642"", ""2259"", ""2260"", ""2261"", ""2262"", ""2263"", ""3023"", ""2264"", ""4393"", ""2199"", ""1762"", ""1763"", ""2200"", ""4430"", ""1764"", ""1765"", ""1766"", ""2201"", ""4241"", ""2310"", ""2311"", ""2312"", ""2313"", ""2314"", ""2315"", ""5194"", ""ESTACION_CORREGIDORA_SUR""]","[""373"", ""336"", ""336"", ""336"", ""336"", ""336"", ""336"", ""336"", ""336"", ""336"", ""336"", ""336"", ""336"", ""336"", ""336"", ""336"", ""336"", ""336"", ""319"", ""319"", ""319"", ""319"", ""319"", ""319"", ""319"", ""CAMINATA""]",5.0,Fernando Díaz Ramírez/Av. Candiles,20.545504021965,-100.40511213203
2777,38.765,368,L61,1,35,2,Con transbordo,368 → 319,L61 → C24,Corregidora/Luis M Vega y Monroy,"[""2777"", ""2539"", ""5101"", ""2540"", ""5184"", ""3601"", ""2541"", ""2542"", ""2543"", ""2544"", ""2545"", ""2546"", ""2303"", ""2304"", ""2305"", ""2306"", ""2307"", ""2308"", ""2028"", ""2029"", ""2030"", ""2031"", ""2309"", ""1919"", ""1920"", ""1921"", ""4241"", ""2310"", ""2311"", ""2312"", ""2313"", ""2314"", ""2315"", ""5194"", ""ESTACION_CORREGIDORA_SUR""]","[""368"", ""368"", ""368"", ""368"", ""368"", ""368"", ""368"", ""368"", ""368"", ""368"", ""368"", ""368"", ""368"", ""368"", ""368"", ""368"", ""368"", ""319"", ""319"", ""319"", ""319"", ""319"", ""319"", ""319"", ""319"", ""319"", ""319"", ""319"", ""319"", ""319"", ""319"", ""319"", ""319"", ""CAMINATA""]",5.0,Prol. Calle 27/Calle 8,20.54996759,-100.3852216
2670,38.848333333333336,337,C47,2,30,3,Con transbordo,337 → 326 → 319,C47 → C35 → C24,Calle 27/Calle 13 → Corregidora/Luis M Vega y Monroy,"[""2670"", ""2541"", ""2542"", ""2543"", ""2544"", ""2545"", ""2546"", ""2303"", ""2304"", ""2305"", ""2306"", ""2307"", ""2308"", ""2028"", ""2029"", ""2030"", ""2031"", ""2309"", ""1919"", ""1920"", ""1921"", ""4241"", ""2310"", ""2311"", ""2312"", ""2313"", ""2314"", ""2315"", ""5194"", ""ESTACION_CORREGIDORA_SUR""]","[""337"", ""326"", ""326"", ""326"", ""326"", ""326"", ""326"", ""326"", ""326"", ""326"", ""326"", ""326"", ""319"", ""319"", ""319"", ""319"", ""319"", ""319"", ""319"", ""319"", ""319"", ""319"", ""319"", ""319"", ""319"", ""319"", ""319"", ""319"", ""CAMINATA""]",5.0,Andador 18/Calle 33,20.55931587,-100.3910775
2497,38.85208333333333,322,C29,1,24,2,Con transbordo,322 → 321,C29 → C27,Circ. Lázaro Cárdenas/Prol. Pasteur Sur,"[""2497"", ""2477"", ""2212"", ""2213"", ""2214"", ""2215"", ""2478"", ""2308"", ""2028"", ""2029"", ""2030"", ""2031"", ""2309"", ""1919"", ""1920"", ""1921"", ""4241"", ""2310"", ""2311"", ""2312"", ""2313"", ""2314"", ""2315"", ""ESTACION_CORREGIDORA_SUR""]","[""322"", ""321"", ""321"", ""321"", ""321"", ""321"", ""321"", ""321"", ""321"", ""321"", ""321"", ""321"", ""321"", ""321"", ""321"", ""321"", ""321"", ""321"", ""321"", ""321"", ""321"", ""321"", ""CAMINATA""]",5.0,Cto. Lazaro Cardenas/Ricardo Flores Magón,20.559878066462,-100.38081813847
2520,38.94833333333334,322,C29,2,27,3,Con transbordo,322 → 134 → 319,C29 → C26 → C24,Avenida Colinas del Cimatario/Cerro Blanco → Vicente Guerrero,"[""2520"", ""2401"", ""2402"", ""2403"", ""2404"", ""2405"", ""2020"", ""2021"", ""2450"", ""2451"", ""2452"", ""2453"", ""1881"", ""1879"", ""1918"", ""1919"", ""1920"", ""1921"", ""4241"", ""2310"", ""2311"", ""2312"", ""2313"", ""2314"", ""2315"", ""5194"", ""ESTACION_CORREGIDORA_SUR""]","[""322"", ""322"", ""322"", ""322"", ""134"", ""134"", ""134"", ""134"", ""134"", ""134"", ""134"", ""134"", ""134"", ""134"", ""134"", ""319"", ""319"", ""319"", ""319"", ""319"", ""319"", ""319"", ""319"", ""319"", ""319"", ""CAMINATA""]",5.0,Islas Aleutianas/Plaza. San Juan del Letrán,20.569765577444,-100.37746139388
3650,38.98166666666667,233,L113,2,23,3,Con transbordo,233 → 338 → 319,L113 → C48 → C24,Blvd. de Las Américas/Cerro del Fraile → Av. Tecnológico/José María Arteaga,"[""3650"", ""2290"", ""3600"", ""2291"", ""2292"", ""2293"", ""2294"", ""2295"", ""2296"", ""2418"", ""2419"", ""5180"", ""2672"", ""2201"", ""4241"", ""2310"", ""2311"", ""2312"", ""2313"", ""2314"", ""2315"", ""5194"", ""ESTACION_CORREGIDORA_SUR""]","[""233"", ""338"", ""338"", ""338"", ""338"", ""338"", ""338"", ""338"", ""338"", ""338"", ""338"", ""338"", ""338"", ""338"", ""319"", ""319"", ""319"", ""319"", ""319"", ""319"", ""319"", ""CAMINATA""]",5.0,Francisco Alcocer Pozo/Circuito del Sol,20.541257464378,-100.39563243422
2443,38.981666666666676,134,C26,1,32,2,Con transbordo,134 → 319,C26 → C24,Vicente Guerrero,"[""2443"", ""2444"", ""3651"", ""2445"", ""3346"", ""2446"", ""2447"", ""2448"", ""2449"", ""2404"", ""2405"", ""2020"", ""2021"", ""2450"", ""2451"", ""2452"", ""2453"", ""1881"", ""1879"", ""1918"", ""1919"", ""1920"", ""1921"", ""4241"", ""2310"", ""2311"", ""2312"", ""2313"", ""2314"", ""2315"", ""5194"", ""ESTACION_CORREGIDORA_SUR""]","[""134"", ""134"", ""134"", ""134"", ""134"", ""134"", ""134"", ""134"", ""134"", ""134"", ""134"", ""134"", ""134"", ""134"", ""134"", ""134"", ""134"", ""134"", ""134"", ""134"", ""319"", ""319"", ""319"", ""319"", ""319"", ""319"", ""319"", ""319"", ""319"", ""319"", ""CAMINATA""]",5.0,Lateral Bernardo Quintana/Manuel Gomez Morin,20.56054,-100.35819
2648,38.985416666666666,337,C47,2,22,3,Con transbordo,337 → 341 → 334,C47 → C51 → C43,Cto. Moisés Solana/San Martín → Cto Moisés Solana/Tomasa Estévez,"[""2648"", ""2231"", ""2232"", ""2629"", ""2478"", ""2308"", ""2028"", ""2029"", ""2030"", ""2031"", ""2309"", ""1919"", ""1920"", ""1921"", ""4241"", ""2310"", ""2311"", ""2312"", ""2313"", ""2314"", ""2315"", ""ESTACION_CORREGIDORA_SUR""]","[""337"", ""341"", ""334"", ""334"", ""334"", ""334"", ""334"", ""334"", ""334"", ""334"", ""334"", ""334"", ""334"", ""334"", ""334"", ""334"", ""334"", ""334"", ""334"", ""334"", ""CAMINATA""]",5.0,Av. Luis Vega Monrroy/Prol. Corregidora Sur,20.575723,-100.384261
3343,39.03166666666667,396,T16,2,26,3,Con transbordo,396 → 325 → 319,T16 → C34 → C24,Alameda → Av. Tecnológico/Itq,"[""3343"", ""3344"", ""2442"", ""2471"", ""3596"", ""1473"", ""1474"", ""1476"", ""1472"", ""1471"", ""1470"", ""1469"", ""1439"", ""1438"", ""2537"", ""1920"", ""1921"", ""4241"", ""2310"", ""2311"", ""2312"", ""2313"", ""2314"", ""2315"", ""5194"", ""ESTACION_CORREGIDORA_SUR""]","[""396"", ""396"", ""396"", ""396"", ""396"", ""396"", ""396"", ""396"", ""396"", ""396"", ""396"", ""396"", ""325"", ""325"", ""325"", ""325"", ""325"", ""325"", ""325"", ""325"", ""325"", ""319"", ""319"", ""319"", ""CAMINATA""]",5.0,Blvd. Centro Sur/Av. Fray Luis de León,20.5641081,-100.3654746
2596,39.03541666666666,341,C51,0,36,1,Directa,341,C51,,"[""2596"", ""2597"", ""3315"", ""2598"", ""2599"", ""2510"", ""2511"", ""2512"", ""2513"", ""2514"", ""2515"", ""2516"", ""3686"", ""2517"", ""2214"", ""2215"", ""2216"", ""2217"", ""2218"", ""2219"", ""2032"", ""2023"", ""2024"", ""2856"", ""1918"", ""1919"", ""1920"", ""1921"", ""4241"", ""2310"", ""2311"", ""2312"", ""2313"", ""2314"", ""2315"", ""ESTACION_CORREGIDORA_SUR""]","[""341"", ""341"", ""341"", ""341"", ""341"", ""341"", ""341"", ""341"", ""341"", ""341"", ""341"", ""341"", ""341"", ""341"", ""341"", ""341"", ""341"", ""341"", ""341"", ""341"", ""341"", ""341"", ""341"", ""341"", ""341"", ""341"", ""341"", ""341"", ""341"", ""341"", ""341"", ""341"", ""341"", ""341"", ""CAMINATA""]",5.0,Calle Antonio Carranza/Valentín del Llano,20.55870069,-100.396909
1370,39.09374999999999,255,T11,2,23,3,Con transbordo,255 → 90 → 97,T11 → L51 → C22,Santa Bárbara → Constitución de 1917,"[""1370"", ""2190"", ""3301"", ""1300"", ""1301"", ""1302"", ""1761"", ""1303"", ""1304"", ""1305"", ""1306"", ""1432"", ""1433"", ""1434"", ""3297"", ""4241"", ""2310"", ""2311"", ""2312"", ""2313"", ""2314"", ""2315"", ""ESTACION_CORREGIDORA_SUR""]","[""255"", ""255"", ""255"", ""90"", ""90"", ""90"", ""90"", ""90"", ""90"", ""90"", ""90"", ""90"", ""90"", ""97"", ""97"", ""97"", ""97"", ""97"", ""97"", ""97"", ""97"", ""CAMINATA""]",5.0,Industrial Balvanera,20.53573888699,-100.45773841026
1928,39.11874999999999,341,C51,1,26,2,Con transbordo,341 → 334,C51 → C43,Cto Moisés Solana/Tomasa Estévez,"[""1928"", ""2025"", ""2026"", ""2027"", ""2891"", ""2231"", ""2232"", ""2629"", ""2478"", ""2308"", ""2028"", ""2029"", ""2030"", ""2031"", ""2309"", ""1919"", ""1920"", ""1921"", ""4241"", ""2310"", ""2311"", ""2312"", ""2313"", ""2314"", ""2315"", ""ESTACION_CORREGIDORA_SUR""]","[""341"", ""341"", ""341"", ""341"", ""341"", ""341"", ""334"", ""334"", ""334"", ""334"", ""334"", ""334"", ""334"", ""334"", ""334"", ""334"", ""334"", ""334"", ""334"", ""334"", ""334"", ""334"", ""334"", ""334"", ""CAMINATA""]",5.0,Colon/Zaragoza (El Molino),20.58824043827,-100.39022277759
1337,39.11875,98,C23,1,24,2,Con transbordo,98 → 333,C23 → C42,Av. Prol. Zaragoza/Av. Hilario Frías y Soto,"[""1337"", ""1338"", ""1339"", ""1340"", ""1341"", ""1762"", ""1763"", ""2200"", ""4430"", ""1764"", ""1765"", ""1766"", ""2201"", ""4241"", ""2310"", ""3570"", ""3571"", ""3572"", ""2311"", ""2312"", ""2313"", ""2314"", ""2315"", ""ESTACION_CORREGIDORA_SUR""]","[""98"", ""98"", ""98"", ""98"", ""98"", ""98"", ""98"", ""98"", ""333"", ""333"", ""333"", ""333"", ""333"", ""333"", ""333"", ""333"", ""333"", ""333"", ""333"", ""333"", ""333"", ""333"", ""CAMINATA""]",5.0,5 de Mayo/Miguel Hidalgo,20.557308063332,-100.43351051521
2210,39.168749999999996,371,T03,1,24,2,Con transbordo,371 → 321,T03 → C27,Luis Pasteur/Calle 13,"[""2210"", ""2211"", ""2212"", ""2213"", ""2214"", ""2215"", ""2478"", ""2308"", ""2028"", ""2029"", ""2030"", ""2031"", ""2309"", ""1919"", ""1920"", ""1921"", ""4241"", ""2310"", ""2311"", ""2312"", ""2313"", ""2314"", ""2315"", ""ESTACION_CORREGIDORA_SUR""]","[""371"", ""371"", ""321"", ""321"", ""321"", ""321"", ""321"", ""321"", ""321"", ""321"", ""321"", ""321"", ""321"", ""321"", ""321"", ""321"", ""321"", ""321"", ""321"", ""321"", ""321"", ""321"", ""CAMINATA""]",5.0,Prol. Pasteur Sur/Santiago de Compostella,20.555518438655,-100.38324705703
2506,39.18166666666667,322,C29,2,25,3,Con transbordo,322 → 338 → 319,C29 → C48 → C24,Blvd. de Las Américas/Río Lerma → Av. Tecnológico/José María Arteaga,"[""2506"", ""2507"", ""2508"", ""2509"", ""4138"", ""2291"", ""2292"", ""2293"", ""2294"", ""2295"", ""2296"", ""2418"", ""2419"", ""5180"", ""2672"", ""2201"", ""4241"", ""2310"", ""2311"", ""2312"", ""2313"", ""2314"", ""2315"", ""5194"", ""ESTACION_CORREGIDORA_SUR""]","[""322"", ""322"", ""322"", ""322"", ""322"", ""338"", ""338"", ""338"", ""338"", ""338"", ""338"", ""338"", ""338"", ""338"", ""338"", ""338"", ""319"", ""319"", ""319"", ""319"", ""319"", ""319"", ""319"", ""CAMINATA""]",5.0,Av. Camino Real/Villa Tulipanes,20.544633,-100.398628
4275,39.193749999999994,408,C73,2,24,3,Con transbordo,408 → 90 → 97,C73 → L51 → C22,Carr. Coroneo/Av. Paseo Constituyentes → Constitución de 1917,"[""4275"", ""5119"", ""5205"", ""4111"", ""1300"", ""1301"", ""1302"", ""1761"", ""1303"", ""1304"", ""1305"", ""1306"", ""1432"", ""1433"", ""1434"", ""3297"", ""4241"", ""2310"", ""2311"", ""2312"", ""2313"", ""2314"", ""2315"", ""ESTACION_CORREGIDORA_SUR""]","[""408"", ""408"", ""408"", ""90"", ""90"", ""90"", ""90"", ""90"", ""90"", ""90"", ""90"", ""90"", ""90"", ""90"", ""97"", ""97"", ""97"", ""97"", ""97"", ""97"", ""97"", ""97"", ""CAMINATA""]",5.0,Libramiento Sur Poniente/Prol. Paseo de Amsterdam,20.525655239704,-100.42506415498
1401,39.227083333333326,255,T11,2,24,3,Con transbordo,255 → 90 → 97,T11 → L51 → C22,Santa Bárbara → Constitución de 1917,"[""1401"", ""1370"", ""2190"", ""3301"", ""1300"", ""1301"", ""1302"", ""1761"", ""1303"", ""1304"", ""1305"", ""1306"", ""1432"", ""1433"", ""1434"", ""3297"", ""4241"", ""2310"", ""2311"", ""2312"", ""2313"", ""2314"", ""2315"", ""ESTACION_CORREGIDORA_SUR""]","[""255"", ""255"", ""255"", ""255"", ""90"", ""90"", ""90"", ""90"", ""90"", ""90"", ""90"", ""90"", ""90"", ""90"", ""97"", ""97"", ""97"", ""97"", ""97"", ""97"", ""97"", ""97"", ""CAMINATA""]",5.0,Industrial Balvanera,20.536177764788,-100.45801268462
2455,39.231666666666676,325,C34,1,33,2,Con transbordo,325 → 319,C34 → C24,Av. Tecnológico/Itq,"[""2455"", ""2456"", ""2457"", ""2458"", ""2459"", ""2245"", ""2038"", ""2039"", ""2246"", ""2017"", ""2018"", ""2019"", ""2020"", ""2021"", ""2450"", ""2451"", ""1471"", ""1470"", ""1469"", ""1439"", ""1438"", ""2537"", ""1920"", ""1921"", ""4241"", ""2310"", ""2311"", ""2312"", ""2313"", ""2314"", ""2315"", ""5194"", ""ESTACION_CORREGIDORA_SUR""]","[""325"", ""325"", ""325"", ""325"", ""325"", ""325"", ""325"", ""325"", ""325"", ""325"", ""325"", ""325"", ""325"", ""325"", ""325"", ""325"", ""325"", ""325"", ""325"", ""325"", ""325"", ""325"", ""325"", ""325"", ""325"", ""325"", ""325"", ""325"", ""319"", ""319"", ""319"", ""CAMINATA""]",5.0,Av. 20 de Noviembre/Ejército Republicano,20.590433341935,-100.37658834045
1307,39.24374999999999,90,L51,3,18,4,Con transbordo,90 → 370 → 90 → 97,L51 → T02 → L51 → C22,Tejeda → Tejeda → Constitución de 1917,"[""1307"", ""1308"", ""1309"", ""1304"", ""1305"", ""1306"", ""1432"", ""1433"", ""1434"", ""3297"", ""4241"", ""2310"", ""2311"", ""2312"", ""2313"", ""2314"", ""2315"", ""ESTACION_CORREGIDORA_SUR""]","[""90"", ""90"", ""370"", ""90"", ""90"", ""90"", ""90"", ""90"", ""97"", ""97"", ""97"", ""97"", ""97"", ""97"", ""97"", ""97"", ""CAMINATA""]",5.0,El Pocito,20.562105888997,-100.4147920882
1293,39.29374999999999,97,C22,2,27,3,Con transbordo,97 → 90 → 97,C22 → L51 → C22,Santa Bárbara → Constitución de 1917,"[""1293"", ""1294"", ""1295"", ""1296"", ""1297"", ""1298"", ""1299"", ""1300"", ""1301"", ""1302"", ""1761"", ""1303"", ""1304"", ""1305"", ""1306"", ""1432"", ""1433"", ""1434"", ""3297"", ""4241"", ""2310"", ""2311"", ""2312"", ""2313"", ""2314"", ""2315"", ""ESTACION_CORREGIDORA_SUR""]","[""97"", ""97"", ""97"", ""97"", ""97"", ""97"", ""97"", ""90"", ""90"", ""90"", ""90"", ""90"", ""90"", ""90"", ""90"", ""90"", ""90"", ""97"", ""97"", ""97"", ""97"", ""97"", ""97"", ""97"", ""97"", ""CAMINATA""]",5.0,Miguel Hidalgo/Jardín Miguel Hidalgo,20.54257195815,-100.43991667117
1773,39.293749999999996,370,T02,2,20,3,Con transbordo,370 → 90 → 97,T02 → L51 → C22,Tejeda → Constitución de 1917,"[""1773"", ""2197"", ""2198"", ""1308"", ""1309"", ""1304"", ""1305"", ""1306"", ""1432"", ""1433"", ""1434"", ""3297"", ""4241"", ""2310"", ""2311"", ""2312"", ""2313"", ""2314"", ""2315"", ""ESTACION_CORREGIDORA_SUR""]","[""370"", ""370"", ""370"", ""370"", ""370"", ""90"", ""90"", ""90"", ""90"", ""90"", ""97"", ""97"", ""97"", ""97"", ""97"", ""97"", ""97"", ""97"", ""CAMINATA""]",5.0,Prol. Zaragoza/Plaza del Carmen,20.567811811517,-100.41505954054
2463,39.39833333333333,98,C23,2,25,3,Con transbordo,98 → 376 → 319,C23 → T08 → C24,Blvd. Centro Sur/Av. del Parque → Vicente Guerrero,"[""2463"", ""2518"", ""2519"", ""3578"", ""2216"", ""2217"", ""2218"", ""2219"", ""2032"", ""2023"", ""2024"", ""2856"", ""1918"", ""1919"", ""1920"", ""1921"", ""4241"", ""2310"", ""2311"", ""2312"", ""2313"", ""2314"", ""2315"", ""5194"", ""ESTACION_CORREGIDORA_SUR""]","[""98"", ""376"", ""376"", ""376"", ""376"", ""376"", ""376"", ""376"", ""376"", ""376"", ""376"", ""376"", ""376"", ""319"", ""319"", ""319"", ""319"", ""319"", ""319"", ""319"", ""319"", ""319"", ""319"", ""CAMINATA""]",5.0,Av. Colinas del Cimatario/Cerro del Peñón,20.564948715003,-100.36988816813
2464,39.39833333333334,396,T16,2,27,3,Con transbordo,396 → 325 → 319,T16 → C34 → C24,Alameda → Av. Tecnológico/Itq,"[""2464"", ""3343"", ""3344"", ""2442"", ""2471"", ""3596"", ""1473"", ""1474"", ""1476"", ""1472"", ""1471"", ""1470"", ""1469"", ""1439"", ""1438"", ""2537"", ""1920"", ""1921"", ""4241"", ""2310"", ""2311"", ""2312"", ""2313"", ""2314"", ""2315"", ""5194"", ""ESTACION_CORREGIDORA_SUR""]","[""396"", ""396"", ""396"", ""396"", ""396"", ""396"", ""396"", ""396"", ""396"", ""396"", ""396"", ""396"", ""396"", ""325"", ""325"", ""325"", ""325"", ""325"", ""325"", ""325"", ""325"", ""325"", ""319"", ""319"", ""319"", ""CAMINATA""]",5.0,Blvd. Centro Sur/Cerro de la Silla,20.563516639629,-100.36711210166
2626,39.498333333333335,337,C47,2,27,3,Con transbordo,337 → 336 → 319,C47 → C46 → C24,Av. Candiles/Parque Candiles Skate Park → Av. Tecnológico/José María Arteaga,"[""2626"", ""2259"", ""2260"", ""2261"", ""2262"", ""2263"", ""3023"", ""2264"", ""4393"", ""2199"", ""1762"", ""1763"", ""2200"", ""4430"", ""1764"", ""1765"", ""1766"", ""2201"", ""4241"", ""2310"", ""2311"", ""2312"", ""2313"", ""2314"", ""2315"", ""5194"", ""ESTACION_CORREGIDORA_SUR""]","[""337"", ""336"", ""336"", ""336"", ""336"", ""336"", ""336"", ""336"", ""336"", ""336"", ""336"", ""336"", ""336"", ""336"", ""336"", ""336"", ""336"", ""336"", ""319"", ""319"", ""319"", ""319"", ""319"", ""319"", ""319"", ""CAMINATA""]",5.0,Av. Candiles/Cto. Antonio Pérez Alcocer,20.545585,-100.402446
3485,39.56499999999999,99,T01,2,22,3,Con transbordo,99 → 325 → 319,T01 → C34 → C24,Bicentenario → Av. Tecnológico/Itq,"[""3485"", ""1450"", ""1475"", ""1476"", ""1472"", ""1471"", ""1470"", ""1469"", ""1439"", ""1438"", ""2537"", ""1920"", ""1921"", ""4241"", ""2310"", ""2311"", ""2312"", ""2313"", ""2314"", ""2315"", ""5194"", ""ESTACION_CORREGIDORA_SUR""]","[""99"", ""99"", ""99"", ""325"", ""325"", ""325"", ""325"", ""325"", ""325"", ""325"", ""325"", ""325"", ""325"", ""325"", ""325"", ""325"", ""325"", ""319"", ""319"", ""319"", ""CAMINATA""]",5.0,Prol. Constituyentes/Vía Catania,20.59140961,-100.329584
3228,39.57708333333333,331,C40,2,22,3,Con transbordo,331 → 353 → 345,C40 → C65 → C55,Hacienda Tequisquiapan/Hacienda Jaral de Penas → Carr. Campo Militar/Querétaro Park Iii,"[""3228"", ""3229"", ""3230"", ""3231"", ""3232"", ""3233"", ""3234"", ""3235"", ""3236"", ""2602"", ""4253"", ""3237"", ""3222"", ""3223"", ""3726"", ""3224"", ""2314"", ""2315"", ""5194"", ""2316"", ""5200"", ""ESTACION_CORREGIDORA_SUR""]","[""331"", ""331"", ""331"", ""331"", ""353"", ""353"", ""353"", ""353"", ""353"", ""353"", ""345"", ""345"", ""345"", ""345"", ""345"", ""345"", ""345"", ""345"", ""345"", ""345"", ""CAMINATA""]",5.0,Calle San Germán/Calle Santo Domingo,20.59623455,-100.4287902
3681,39.627083333333324,90,L51,3,19,4,Con transbordo,90 → 370 → 90 → 97,L51 → T02 → L51 → C22,Tejeda → Tejeda → Constitución de 1917,"[""3681"", ""1307"", ""1308"", ""1309"", ""1304"", ""1305"", ""1306"", ""1432"", ""1433"", ""1434"", ""3297"", ""4241"", ""2310"", ""2311"", ""2312"", ""2313"", ""2314"", ""2315"", ""ESTACION_CORREGIDORA_SUR""]","[""90"", ""90"", ""90"", ""370"", ""90"", ""90"", ""90"", ""90"", ""90"", ""97"", ""97"", ""97"", ""97"", ""97"", ""97"", ""97"", ""97"", ""CAMINATA""]",5.0,Av. Paseo Constituyentes/Hacienda Casa Blanca,20.564448296602,-100.41285213024
3813,39.64833333333333,352,C64,2,22,3,Con transbordo,352 → 325 → 319,C64 → C34 → C24,Alameda → Av. Tecnológico/Itq,"[""3813"", ""5104"", ""1475"", ""1476"", ""1472"", ""1471"", ""1470"", ""1469"", ""1439"", ""1438"", ""2537"", ""1920"", ""1921"", ""4241"", ""2310"", ""2311"", ""2312"", ""2313"", ""2314"", ""2315"", ""5194"", ""ESTACION_CORREGIDORA_SUR""]","[""352"", ""352"", ""352"", ""352"", ""352"", ""352"", ""352"", ""352"", ""325"", ""325"", ""325"", ""325"", ""325"", ""325"", ""325"", ""325"", ""325"", ""319"", ""319"", ""319"", ""CAMINATA""]",5.0,Segunda Secc. de Conín/Conín,20.57398664,-100.324508
4274,39.668749999999996,408,C73,2,25,3,Con transbordo,408 → 90 → 97,C73 → L51 → C22,Carr. Coroneo/Av. Paseo Constituyentes → Constitución de 1917,"[""4274"", ""4275"", ""5119"", ""5205"", ""4111"", ""1300"", ""1301"", ""1302"", ""1761"", ""1303"", ""1304"", ""1305"", ""1306"", ""1432"", ""1433"", ""1434"", ""3297"", ""4241"", ""2310"", ""2311"", ""2312"", ""2313"", ""2314"", ""2315"", ""ESTACION_CORREGIDORA_SUR""]","[""408"", ""408"", ""408"", ""408"", ""90"", ""90"", ""90"", ""90"", ""90"", ""90"", ""90"", ""90"", ""90"", ""90"", ""90"", ""97"", ""97"", ""97"", ""97"", ""97"", ""97"", ""97"", ""97"", ""CAMINATA""]",5.0,Libramiento Sur Poniente/Prol. de Bucareli,20.526520333926,-100.4229125363
2496,39.71875,322,C29,1,25,2,Con transbordo,322 → 321,C29 → C27,Circ. Lázaro Cárdenas/Prol. Pasteur Sur,"[""2496"", ""2497"", ""2477"", ""2212"", ""2213"", ""2214"", ""2215"", ""2478"", ""2308"", ""2028"", ""2029"", ""2030"", ""2031"", ""2309"", ""1919"", ""1920"", ""1921"", ""4241"", ""2310"", ""2311"", ""2312"", ""2313"", ""2314"", ""2315"", ""ESTACION_CORREGIDORA_SUR""]","[""322"", ""322"", ""321"", ""321"", ""321"", ""321"", ""321"", ""321"", ""321"", ""321"", ""321"", ""321"", ""321"", ""321"", ""321"", ""321"", ""321"", ""321"", ""321"", ""321"", ""321"", ""321"", ""321"", ""CAMINATA""]",5.0,Cto. Lázaro Cardenas/Plutarco Elías Calles,20.561269107824,-100.37909135053
2776,39.765,368,L61,1,36,2,Con transbordo,368 → 319,L61 → C24,Corregidora/Luis M Vega y Monroy,"[""2776"", ""2777"", ""2539"", ""5101"", ""2540"", ""5184"", ""3601"", ""2541"", ""2542"", ""2543"", ""2544"", ""2545"", ""2546"", ""2303"", ""2304"", ""2305"", ""2306"", ""2307"", ""2308"", ""2028"", ""2029"", ""2030"", ""2031"", ""2309"", ""1919"", ""1920"", ""1921"", ""4241"", ""2310"", ""2311"", ""2312"", ""2313"", ""2314"", ""2315"", ""5194"", ""ESTACION_CORREGIDORA_SUR""]","[""368"", ""368"", ""368"", ""368"", ""368"", ""368"", ""368"", ""368"", ""368"", ""368"", ""368"", ""368"", ""368"", ""368"", ""368"", ""368"", ""368"", ""368"", ""319"", ""319"", ""319"", ""319"", ""319"", ""319"", ""319"", ""319"", ""319"", ""319"", ""319"", ""319"", ""319"", ""319"", ""319"", ""319"", ""CAMINATA""]",5.0,Prol. Calle 27/Calle Nogal,20.547376,-100.385258
2486,39.79833333333333,322,C29,2,25,3,Con transbordo,322 → 376 → 319,C29 → T08 → C24,Av. del Parque/Home Depot → Vicente Guerrero,"[""2486"", ""5107"", ""2519"", ""3578"", ""2216"", ""2217"", ""2218"", ""2219"", ""2032"", ""2023"", ""2024"", ""2856"", ""1918"", ""1919"", ""1920"", ""1921"", ""4241"", ""2310"", ""2311"", ""2312"", ""2313"", ""2314"", ""2315"", ""5194"", ""ESTACION_CORREGIDORA_SUR""]","[""322"", ""322"", ""376"", ""376"", ""376"", ""376"", ""376"", ""376"", ""376"", ""376"", ""376"", ""376"", ""376"", ""319"", ""319"", ""319"", ""319"", ""319"", ""319"", ""319"", ""319"", ""319"", ""319"", ""CAMINATA""]",5.0,Carlos A. Madrazo/Ricardo Flores Magón,20.558803757589,-100.3802341302
2490,39.881666666666675,396,T16,2,28,3,Con transbordo,396 → 325 → 319,T16 → C34 → C24,Alameda → Av. Tecnológico/Itq,"[""2490"", ""2464"", ""3343"", ""3344"", ""2442"", ""2471"", ""3596"", ""1473"", ""1474"", ""1476"", ""1472"", ""1471"", ""1470"", ""1469"", ""1439"", ""1438"", ""2537"", ""1920"", ""1921"", ""4241"", ""2310"", ""2311"", ""2312"", ""2313"", ""2314"", ""2315"", ""5194"", ""ESTACION_CORREGIDORA_SUR""]","[""396"", ""396"", ""396"", ""396"", ""396"", ""396"", ""396"", ""396"", ""396"", ""396"", ""396"", ""396"", ""396"", ""396"", ""325"", ""325"", ""325"", ""325"", ""325"", ""325"", ""325"", ""325"", ""325"", ""319"", ""319"", ""319"", ""CAMINATA""]",5.0,Blvd. Centro Sur/Colinas del Cimatario,20.562818274026,-100.36935907918
2504,39.914999999999985,341,C51,2,24,3,Con transbordo,341 → 338 → 319,C51 → C48 → C24,Blvd. de Las Américas/Calle Antonio Rivera de la Torre → Av. Tecnológico/José María Arteaga,"[""2504"", ""2674"", ""4131"", ""2675"", ""3893"", ""2668"", ""2669"", ""2294"", ""2295"", ""2296"", ""2418"", ""2419"", ""5180"", ""2672"", ""2201"", ""4241"", ""2310"", ""2311"", ""2312"", ""2313"", ""2314"", ""2315"", ""5194"", ""ESTACION_CORREGIDORA_SUR""]","[""341"", ""341"", ""341"", ""341"", ""341"", ""341"", ""341"", ""338"", ""338"", ""338"", ""338"", ""338"", ""338"", ""338"", ""338"", ""319"", ""319"", ""319"", ""319"", ""319"", ""319"", ""319"", ""CAMINATA""]",5.0,Av. Candiles/Plaza Candiles,20.547427,-100.398107
4087,39.93166666666668,134,C26,1,33,2,Con transbordo,134 → 319,C26 → C24,Vicente Guerrero,"[""4087"", ""2443"", ""2444"", ""3651"", ""2445"", ""3346"", ""2446"", ""2447"", ""2448"", ""2449"", ""2404"", ""2405"", ""2020"", ""2021"", ""2450"", ""2451"", ""2452"", ""2453"", ""1881"", ""1879"", ""1918"", ""1919"", ""1920"", ""1921"", ""4241"", ""2310"", ""2311"", ""2312"", ""2313"", ""2314"", ""2315"", ""5194"", ""ESTACION_CORREGIDORA_SUR""]","[""134"", ""134"", ""134"", ""134"", ""134"", ""134"", ""134"", ""134"", ""134"", ""134"", ""134"", ""134"", ""134"", ""134"", ""134"", ""134"", ""134"", ""134"", ""134"", ""134"", ""134"", ""319"", ""319"", ""319"", ""319"", ""319"", ""319"", ""319"", ""319"", ""319"", ""319"", ""CAMINATA""]",5.0,Prol. Bernardo Quintana/Hospital Ángeles Centro Sur,20.563647222222,-100.35698888889
2627,39.965,334,C43,2,24,3,Con transbordo,334 → 338 → 319,C43 → C48 → C24,Blvd. de Las Américas/Río Lerma → Av. Tecnológico/José María Arteaga,"[""2627"", ""2508"", ""2509"", ""4138"", ""2291"", ""2292"", ""2293"", ""2294"", ""2295"", ""2296"", ""2418"", ""2419"", ""5180"", ""2672"", ""2201"", ""4241"", ""2310"", ""2311"", ""2312"", ""2313"", ""2314"", ""2315"", ""5194"", ""ESTACION_CORREGIDORA_SUR""]","[""334"", ""334"", ""334"", ""334"", ""338"", ""338"", ""338"", ""338"", ""338"", ""338"", ""338"", ""338"", ""338"", ""338"", ""338"", ""319"", ""319"", ""319"", ""319"", ""319"", ""319"", ""319"", ""CAMINATA""]",5.0,Av. Candiles/Cto. Antonio Pérez Alcocer,20.545419,-100.402282
1772,39.977083333333326,370,T02,2,21,3,Con transbordo,370 → 90 → 97,T02 → L51 → C22,Tejeda → Constitución de 1917,"[""1772"", ""1773"", ""2197"", ""2198"", ""1308"", ""1309"", ""1304"", ""1305"", ""1306"", ""1432"", ""1433"", ""1434"", ""3297"", ""4241"", ""2310"", ""2311"", ""2312"", ""2313"", ""2314"", ""2315"", ""ESTACION_CORREGIDORA_SUR""]","[""370"", ""370"", ""370"", ""370"", ""370"", ""370"", ""90"", ""90"", ""90"", ""90"", ""90"", ""97"", ""97"", ""97"", ""97"", ""97"", ""97"", ""97"", ""97"", ""CAMINATA""]",5.0,Prol. Zaragoza/Paseo de Las Plazas,20.569711227768,-100.41517170757
4404,39.998333333333335,352,C64,2,23,3,Con transbordo,352 → 325 → 319,C64 → C34 → C24,Alameda → Av. Tecnológico/Itq,"[""4404"", ""3813"", ""5104"", ""1475"", ""1476"", ""1472"", ""1471"", ""1470"", ""1469"", ""1439"", ""1438"", ""2537"", ""1920"", ""1921"", ""4241"", ""2310"", ""2311"", ""2312"", ""2313"", ""2314"", ""2315"", ""5194"", ""ESTACION_CORREGIDORA_SUR""]","[""352"", ""352"", ""352"", ""352"", ""352"", ""352"", ""352"", ""352"", ""352"", ""325"", ""325"", ""325"", ""325"", ""325"", ""325"", ""325"", ""325"", ""325"", ""319"", ""319"", ""319"", ""CAMINATA""]",5.0,Segunda Sección de Conín/Calle Chimapopoca,20.573359351049,-100.32284154072
2409,40.015,138,C30,3,23,4,Con transbordo,138 → 98 → 138 → 319,C30 → C23 → C30 → C24,Circ. Moisés Solana/Manuel Payno (Juzgados) → Cto Moises Solana/Paseo de Los Romancero (Prepa Sur) → Corregidora/Luis M Vega y Monroy,"[""2409"", ""2410"", ""2411"", ""2412"", ""2478"", ""2308"", ""2028"", ""2029"", ""2030"", ""2031"", ""2309"", ""1919"", ""1920"", ""1921"", ""4241"", ""2310"", ""2311"", ""2312"", ""2313"", ""2314"", ""2315"", ""5194"", ""ESTACION_CORREGIDORA_SUR""]","[""138"", ""98"", ""138"", ""138"", ""138"", ""319"", ""319"", ""319"", ""319"", ""319"", ""319"", ""319"", ""319"", ""319"", ""319"", ""319"", ""319"", ""319"", ""319"", ""319"", ""319"", ""CAMINATA""]",5.0,Capuchinas/Moises Solana,20.572110374465,-100.37966906933
3680,40.060416666666654,90,L51,3,20,4,Con transbordo,90 → 370 → 90 → 97,L51 → T02 → L51 → C22,Tejeda → Tejeda → Constitución de 1917,"[""3680"", ""3681"", ""1307"", ""1308"", ""1309"", ""1304"", ""1305"", ""1306"", ""1432"", ""1433"", ""1434"", ""3297"", ""4241"", ""2310"", ""2311"", ""2312"", ""2313"", ""2314"", ""2315"", ""ESTACION_CORREGIDORA_SUR""]","[""90"", ""90"", ""90"", ""90"", ""370"", ""90"", ""90"", ""90"", ""90"", ""90"", ""97"", ""97"", ""97"", ""97"", ""97"", ""97"", ""97"", ""97"", ""CAMINATA""]",5.0,Av. Paseo Constituyentes/Hacienda Escolásticas,20.567096900432,-100.41069310987
2614,40.165,337,C47,3,16,4,Con transbordo,337 → 234 → 338 → 319,C47 → L117 → C48 → C24,Calle Antonio Carranza/Blvd. de Las Américas → Blvd. de Las Américas/Carlos Esquerro → Av. Tecnológico/José María Arteaga,"[""2614"", ""2615"", ""2418"", ""2419"", ""5180"", ""2672"", ""2201"", ""4241"", ""2310"", ""2311"", ""2312"", ""2313"", ""2314"", ""2315"", ""5194"", ""ESTACION_CORREGIDORA_SUR""]","[""337"", ""234"", ""338"", ""338"", ""338"", ""338"", ""338"", ""319"", ""319"", ""319"", ""319"", ""319"", ""319"", ""319"", ""CAMINATA""]",5.0,Unidad Deportiva Reforma/Lomas,20.55879227,-100.3943911
2257,40.165,373,T05,2,28,3,Con transbordo,373 → 336 → 319,T05 → C46 → C24,Fernando Díaz Ramírez/José Ugalde Rodríguez → Av. Tecnológico/José María Arteaga,"[""2257"", ""2258"", ""2259"", ""2260"", ""2261"", ""2262"", ""2263"", ""3023"", ""2264"", ""4393"", ""2199"", ""1762"", ""1763"", ""2200"", ""4430"", ""1764"", ""1765"", ""1766"", ""2201"", ""4241"", ""2310"", ""2311"", ""2312"", ""2313"", ""2314"", ""2315"", ""5194"", ""ESTACION_CORREGIDORA_SUR""]","[""373"", ""336"", ""336"", ""336"", ""336"", ""336"", ""336"", ""336"", ""336"", ""336"", ""336"", ""336"", ""336"", ""336"", ""336"", ""336"", ""336"", ""336"", ""336"", ""319"", ""319"", ""319"", ""319"", ""319"", ""319"", ""319"", ""CAMINATA""]",5.0,Calle Francisco Alcocer/Fernando Díaz Ramírez,20.54132356,-100.4027299
5161,40.168749999999996,371,T03,1,25,2,Con transbordo,371 → 321,T03 → C27,Luis Pasteur/Calle 13,"[""5161"", ""2210"", ""2211"", ""2212"", ""2213"", ""2214"", ""2215"", ""2478"", ""2308"", ""2028"", ""2029"", ""2030"", ""2031"", ""2309"", ""1919"", ""1920"", ""1921"", ""4241"", ""2310"", ""2311"", ""2312"", ""2313"", ""2314"", ""2315"", ""ESTACION_CORREGIDORA_SUR""]","[""371"", ""371"", ""371"", ""321"", ""321"", ""321"", ""321"", ""321"", ""321"", ""321"", ""321"", ""321"", ""321"", ""321"", ""321"", ""321"", ""321"", ""321"", ""321"", ""321"", ""321"", ""321"", ""321"", ""CAMINATA""]",5.0,Av. Prol. Luis Pasteur Sur/Calle 4,20.553323077688,-100.38330728471
2565,40.19833333333334,326,C35,2,25,3,Con transbordo,326 → 338 → 319,C35 → C48 → C24,Blvd. de Las Américas/Cerro del Fraile → Av. Tecnológico/José María Arteaga,"[""2565"", ""2365"", ""4129"", ""2290"", ""3600"", ""2291"", ""2292"", ""2293"", ""2294"", ""2295"", ""2296"", ""2418"", ""2419"", ""5180"", ""2672"", ""2201"", ""4241"", ""2310"", ""2311"", ""2312"", ""2313"", ""2314"", ""2315"", ""5194"", ""ESTACION_CORREGIDORA_SUR""]","[""326"", ""326"", ""326"", ""338"", ""338"", ""338"", ""338"", ""338"", ""338"", ""338"", ""338"", ""338"", ""338"", ""338"", ""338"", ""338"", ""319"", ""319"", ""319"", ""319"", ""319"", ""319"", ""319"", ""CAMINATA""]",5.0,Prol. Calle 27/Calle 4,20.55238244,-100.3864202
4116,40.215,322,C29,2,26,3,Con transbordo,322 → 338 → 319,C29 → C48 → C24,Blvd. de Las Américas/Río Lerma → Av. Tecnológico/José María Arteaga,"[""4116"", ""2506"", ""2507"", ""2508"", ""2509"", ""4138"", ""2291"", ""2292"", ""2293"", ""2294"", ""2295"", ""2296"", ""2418"", ""2419"", ""5180"", ""2672"", ""2201"", ""4241"", ""2310"", ""2311"", ""2312"", ""2313"", ""2314"", ""2315"", ""5194"", ""ESTACION_CORREGIDORA_SUR""]","[""322"", ""322"", ""322"", ""322"", ""322"", ""322"", ""338"", ""338"", ""338"", ""338"", ""338"", ""338"", ""338"", ""338"", ""338"", ""338"", ""338"", ""319"", ""319"", ""319"", ""319"", ""319"", ""319"", ""319"", ""CAMINATA""]",5.0,Av. Camino Real/Primaria Bicentenario de la Independencia de México,20.54190475,-100.3998238
5087,40.365,233,L113,2,24,3,Con transbordo,233 → 338 → 319,L113 → C48 → C24,Blvd. de Las Américas/Cerro del Fraile → Av. Tecnológico/José María Arteaga,"[""5087"", ""3650"", ""2290"", ""3600"", ""2291"", ""2292"", ""2293"", ""2294"", ""2295"", ""2296"", ""2418"", ""2419"", ""5180"", ""2672"", ""2201"", ""4241"", ""2310"", ""2311"", ""2312"", ""2313"", ""2314"", ""2315"", ""5194"", ""ESTACION_CORREGIDORA_SUR""]","[""233"", ""233"", ""338"", ""338"", ""338"", ""338"", ""338"", ""338"", ""338"", ""338"", ""338"", ""338"", ""338"", ""338"", ""338"", ""319"", ""319"", ""319"", ""319"", ""319"", ""319"", ""319"", ""CAMINATA""]",5.0,Calle Mirador del Cimatario/Av. Camino Real,20.54091961,-100.4001348
2037,40.38166666666667,337,C47,2,29,3,Con transbordo,337 → 325 → 319,C47 → C34 → C24,Av. Luis Vega Monrroy/Prol. del Cimatario → Av. Tecnológico/Itq,"[""2037"", ""2245"", ""2038"", ""2039"", ""2246"", ""2017"", ""2018"", ""2019"", ""2020"", ""2021"", ""2450"", ""2451"", ""1471"", ""1470"", ""1469"", ""1439"", ""1438"", ""2537"", ""1920"", ""1921"", ""4241"", ""2310"", ""2311"", ""2312"", ""2313"", ""2314"", ""2315"", ""5194"", ""ESTACION_CORREGIDORA_SUR""]","[""337"", ""325"", ""325"", ""325"", ""325"", ""325"", ""325"", ""325"", ""325"", ""325"", ""325"", ""325"", ""325"", ""325"", ""325"", ""325"", ""325"", ""325"", ""325"", ""325"", ""325"", ""325"", ""325"", ""325"", ""319"", ""319"", ""319"", ""CAMINATA""]",5.0,Luis Vega y Monroy/Av. Cimatario,20.57731557701,-100.37458914672
1336,40.46875,98,C23,1,25,2,Con transbordo,98 → 333,C23 → C42,Av. Prol. Zaragoza/Av. Hilario Frías y Soto,"[""1336"", ""1337"", ""1338"", ""1339"", ""1340"", ""1341"", ""1762"", ""1763"", ""2200"", ""4430"", ""1764"", ""1765"", ""1766"", ""2201"", ""4241"", ""2310"", ""3570"", ""3571"", ""3572"", ""2311"", ""2312"", ""2313"", ""2314"", ""2315"", ""ESTACION_CORREGIDORA_SUR""]","[""98"", ""98"", ""98"", ""98"", ""98"", ""98"", ""98"", ""98"", ""98"", ""333"", ""333"", ""333"", ""333"", ""333"", ""333"", ""333"", ""333"", ""333"", ""333"", ""333"", ""333"", ""333"", ""333"", ""CAMINATA""]",5.0,Calle Norberto Aguirre/5 de Mayo,20.554034627402,-100.43393371425
3227,40.477083333333326,331,C40,2,23,3,Con transbordo,331 → 353 → 345,C40 → C65 → C55,Hacienda Tequisquiapan/Hacienda Jaral de Penas → Carr. Campo Militar/Querétaro Park Iii,"[""3227"", ""3228"", ""3229"", ""3230"", ""3231"", ""3232"", ""3233"", ""3234"", ""3235"", ""3236"", ""2602"", ""4253"", ""3237"", ""3222"", ""3223"", ""3726"", ""3224"", ""2314"", ""2315"", ""5194"", ""2316"", ""5200"", ""ESTACION_CORREGIDORA_SUR""]","[""331"", ""331"", ""331"", ""331"", ""331"", ""353"", ""353"", ""353"", ""353"", ""353"", ""353"", ""345"", ""345"", ""345"", ""345"", ""345"", ""345"", ""345"", ""345"", ""345"", ""345"", ""CAMINATA""]",5.0,Calle Santo Domingo/Calle Real,20.59502545,-100.4277827
2485,40.48166666666666,322,C29,2,26,3,Con transbordo,322 → 376 → 319,C29 → T08 → C24,Av. del Parque/Home Depot → Vicente Guerrero,"[""2485"", ""2486"", ""5107"", ""2519"", ""3578"", ""2216"", ""2217"", ""2218"", ""2219"", ""2032"", ""2023"", ""2024"", ""2856"", ""1918"", ""1919"", ""1920"", ""1921"", ""4241"", ""2310"", ""2311"", ""2312"", ""2313"", ""2314"", ""2315"", ""5194"", ""ESTACION_CORREGIDORA_SUR""]","[""322"", ""322"", ""322"", ""376"", ""376"", ""376"", ""376"", ""376"", ""376"", ""376"", ""376"", ""376"", ""376"", ""376"", ""319"", ""319"", ""319"", ""319"", ""319"", ""319"", ""319"", ""319"", ""319"", ""319"", ""CAMINATA""]",5.0,Carlos A. Madrazo/Emilio Portes Gil,20.557556320014,-100.38180397705
1449,40.56499999999999,99,T01,2,23,3,Con transbordo,99 → 325 → 319,T01 → C34 → C24,Bicentenario → Av. Tecnológico/Itq,"[""1449"", ""3485"", ""1450"", ""1475"", ""1476"", ""1472"", ""1471"", ""1470"", ""1469"", ""1439"", ""1438"", ""2537"", ""1920"", ""1921"", ""4241"", ""2310"", ""2311"", ""2312"", ""2313"", ""2314"", ""2315"", ""5194"", ""ESTACION_CORREGIDORA_SUR""]","[""99"", ""99"", ""99"", ""99"", ""325"", ""325"", ""325"", ""325"", ""325"", ""325"", ""325"", ""325"", ""325"", ""325"", ""325"", ""325"", ""325"", ""325"", ""319"", ""319"", ""319"", ""CAMINATA""]",5.0,Prol. Constituyentes/Zen House,20.592371,-100.325383
2468,40.565,134,C26,2,29,3,Con transbordo,134 → 325 → 319,C26 → C34 → C24,Terminal de Autobuses de Querétaro/Paradero → Av. Tecnológico/Itq,"[""2468"", ""2470"", ""2471"", ""3596"", ""2246"", ""2017"", ""2018"", ""2019"", ""2020"", ""2021"", ""2450"", ""2451"", ""1471"", ""1470"", ""1469"", ""1439"", ""1438"", ""2537"", ""1920"", ""1921"", ""4241"", ""2310"", ""2311"", ""2312"", ""2313"", ""2314"", ""2315"", ""5194"", ""ESTACION_CORREGIDORA_SUR""]","[""134"", ""134"", ""134"", ""134"", ""325"", ""325"", ""325"", ""325"", ""325"", ""325"", ""325"", ""325"", ""325"", ""325"", ""325"", ""325"", ""325"", ""325"", ""325"", ""325"", ""325"", ""325"", ""325"", ""325"", ""319"", ""319"", ""319"", ""CAMINATA""]",5.0,Cerro Blanco/Plan Vida,20.575630692297,-100.36353558704
3679,40.565000000000005,334,C43,2,25,3,Con transbordo,334 → 338 → 319,C43 → C48 → C24,Blvd. de Las Américas/Río Lerma → Av. Tecnológico/José María Arteaga,"[""3679"", ""2627"", ""2508"", ""2509"", ""4138"", ""2291"", ""2292"", ""2293"", ""2294"", ""2295"", ""2296"", ""2418"", ""2419"", ""5180"", ""2672"", ""2201"", ""4241"", ""2310"", ""2311"", ""2312"", ""2313"", ""2314"", ""2315"", ""5194"", ""ESTACION_CORREGIDORA_SUR""]","[""334"", ""334"", ""334"", ""334"", ""334"", ""338"", ""338"", ""338"", ""338"", ""338"", ""338"", ""338"", ""338"", ""338"", ""338"", ""338"", ""319"", ""319"", ""319"", ""319"", ""319"", ""319"", ""319"", ""CAMINATA""]",5.0,Av. Candiles/Luis G. Pastor,20.545491061729,-100.40399363868
2462,40.63166666666667,98,C23,2,26,3,Con transbordo,98 → 376 → 319,C23 → T08 → C24,Blvd. Centro Sur/Av. del Parque → Vicente Guerrero,"[""2462"", ""2463"", ""2518"", ""2519"", ""3578"", ""2216"", ""2217"", ""2218"", ""2219"", ""2032"", ""2023"", ""2024"", ""2856"", ""1918"", ""1919"", ""1920"", ""1921"", ""4241"", ""2310"", ""2311"", ""2312"", ""2313"", ""2314"", ""2315"", ""5194"", ""ESTACION_CORREGIDORA_SUR""]","[""98"", ""98"", ""376"", ""376"", ""376"", ""376"", ""376"", ""376"", ""376"", ""376"", ""376"", ""376"", ""376"", ""376"", ""319"", ""319"", ""319"", ""319"", ""319"", ""319"", ""319"", ""319"", ""319"", ""319"", ""CAMINATA""]",5.0,Av. Colinas del Cimatario/Cerro Libertad,20.56763880944,-100.37083491082
5223,40.665000000000006,322,C29,2,27,3,Con transbordo,322 → 338 → 319,C29 → C48 → C24,Blvd. de Las Américas/Río Lerma → Av. Tecnológico/José María Arteaga,"[""5223"", ""4116"", ""2506"", ""2507"", ""2508"", ""2509"", ""4138"", ""2291"", ""2292"", ""2293"", ""2294"", ""2295"", ""2296"", ""2418"", ""2419"", ""5180"", ""2672"", ""2201"", ""4241"", ""2310"", ""2311"", ""2312"", ""2313"", ""2314"", ""2315"", ""5194"", ""ESTACION_CORREGIDORA_SUR""]","[""322"", ""322"", ""322"", ""322"", ""322"", ""322"", ""322"", ""338"", ""338"", ""338"", ""338"", ""338"", ""338"", ""338"", ""338"", ""338"", ""338"", ""338"", ""319"", ""319"", ""319"", ""319"", ""319"", ""319"", ""319"", ""CAMINATA""]",5.0,Av. Camino Real/Calle Francisco Alcocer,20.540669444444,-100.39954
1292,40.67708333333332,97,C22,2,28,3,Con transbordo,97 → 90 → 97,C22 → L51 → C22,Santa Bárbara → Constitución de 1917,"[""1292"", ""1293"", ""1294"", ""1295"", ""1296"", ""1297"", ""1298"", ""1299"", ""1300"", ""1301"", ""1302"", ""1761"", ""1303"", ""1304"", ""1305"", ""1306"", ""1432"", ""1433"", ""1434"", ""3297"", ""4241"", ""2310"", ""2311"", ""2312"", ""2313"", ""2314"", ""2315"", ""ESTACION_CORREGIDORA_SUR""]","[""97"", ""97"", ""97"", ""97"", ""97"", ""97"", ""97"", ""97"", ""90"", ""90"", ""90"", ""90"", ""90"", ""90"", ""90"", ""90"", ""90"", ""90"", ""97"", ""97"", ""97"", ""97"", ""97"", ""97"", ""97"", ""97"", ""CAMINATA""]",5.0,Miguel Hidalgo/Juventud,20.546537503437,-100.43999051165
3617,40.67708333333333,370,T02,2,22,3,Con transbordo,370 → 90 → 97,T02 → L51 → C22,Tejeda → Constitución de 1917,"[""3617"", ""1772"", ""1773"", ""2197"", ""2198"", ""1308"", ""1309"", ""1304"", ""1305"", ""1306"", ""1432"", ""1433"", ""1434"", ""3297"", ""4241"", ""2310"", ""2311"", ""2312"", ""2313"", ""2314"", ""2315"", ""ESTACION_CORREGIDORA_SUR""]","[""370"", ""370"", ""370"", ""370"", ""370"", ""370"", ""370"", ""90"", ""90"", ""90"", ""90"", ""90"", ""97"", ""97"", ""97"", ""97"", ""97"", ""97"", ""97"", ""97"", ""CAMINATA""]",5.0,Hacienda Escolásticas/Prol. Av. Zaragoza,20.57166576,-100.4154308
2765,40.76874999999999,356,L108,1,20,2,Con transbordo,356 → 333,L108 → C42,Prol. Zaragoza/Paseo 5 de Febrero,"[""2765"", ""4096"", ""4097"", ""4098"", ""4099"", ""2616"", ""4100"", ""1766"", ""2201"", ""4241"", ""2310"", ""3570"", ""3571"", ""3572"", ""2311"", ""2312"", ""2313"", ""2314"", ""2315"", ""ESTACION_CORREGIDORA_SUR""]","[""356"", ""356"", ""356"", ""356"", ""356"", ""356"", ""356"", ""333"", ""333"", ""333"", ""333"", ""333"", ""333"", ""333"", ""333"", ""333"", ""333"", ""333"", ""CAMINATA""]",5.0,Carr. Tlacote/Santa Elena,20.5898525,-100.4324809
1400,40.77708333333332,255,T11,2,25,3,Con transbordo,255 → 90 → 97,T11 → L51 → C22,Santa Bárbara → Constitución de 1917,"[""1400"", ""1401"", ""1370"", ""2190"", ""3301"", ""1300"", ""1301"", ""1302"", ""1761"", ""1303"", ""1304"", ""1305"", ""1306"", ""1432"", ""1433"", ""1434"", ""3297"", ""4241"", ""2310"", ""2311"", ""2312"", ""2313"", ""2314"", ""2315"", ""ESTACION_CORREGIDORA_SUR""]","[""255"", ""255"", ""255"", ""255"", ""255"", ""90"", ""90"", ""90"", ""90"", ""90"", ""90"", ""90"", ""90"", ""90"", ""90"", ""97"", ""97"", ""97"", ""97"", ""97"", ""97"", ""97"", ""97"", ""CAMINATA""]",5.0,Pirámides,20.53445833,-100.4513417
5102,40.78166666666667,326,C35,2,26,3,Con transbordo,326 → 338 → 319,C35 → C48 → C24,Blvd. de Las Américas/Cerro del Fraile → Av. Tecnológico/José María Arteaga,"[""5102"", ""2565"", ""2365"", ""4129"", ""2290"", ""3600"", ""2291"", ""2292"", ""2293"", ""2294"", ""2295"", ""2296"", ""2418"", ""2419"", ""5180"", ""2672"", ""2201"", ""4241"", ""2310"", ""2311"", ""2312"", ""2313"", ""2314"", ""2315"", ""5194"", ""ESTACION_CORREGIDORA_SUR""]","[""326"", ""326"", ""326"", ""326"", ""338"", ""338"", ""338"", ""338"", ""338"", ""338"", ""338"", ""338"", ""338"", ""338"", ""338"", ""338"", ""338"", ""319"", ""319"", ""319"", ""319"", ""319"", ""319"", ""319"", ""CAMINATA""]",5.0,Prol. Calle 27/Calle Valle de Anahua,20.554106316033,-100.38712735434
3341,40.815000000000005,374,T06,2,29,3,Con transbordo,374 → 325 → 319,T06 → C34 → C24,Terminal de Autobuses de Querétaro/Paradero → Av. Tecnológico/Itq,"[""3341"", ""2245"", ""2038"", ""2039"", ""2246"", ""2017"", ""2018"", ""2019"", ""2020"", ""2021"", ""2450"", ""2451"", ""1471"", ""1470"", ""1469"", ""1439"", ""1438"", ""2537"", ""1920"", ""1921"", ""4241"", ""2310"", ""2311"", ""2312"", ""2313"", ""2314"", ""2315"", ""5194"", ""ESTACION_CORREGIDORA_SUR""]","[""374"", ""374"", ""374"", ""374"", ""325"", ""325"", ""325"", ""325"", ""325"", ""325"", ""325"", ""325"", ""325"", ""325"", ""325"", ""325"", ""325"", ""325"", ""325"", ""325"", ""325"", ""325"", ""325"", ""325"", ""319"", ""319"", ""319"", ""CAMINATA""]",5.0,Carr. Lateral No. 57/Prol. del Cimatario,20.578686360121,-100.37669475331
4114,40.84833333333333,373,T05,2,29,3,Con transbordo,373 → 336 → 319,T05 → C46 → C24,Fernando Díaz Ramírez/José Ugalde Rodríguez → Av. Tecnológico/José María Arteaga,"[""4114"", ""2257"", ""2258"", ""2259"", ""2260"", ""2261"", ""2262"", ""2263"", ""3023"", ""2264"", ""4393"", ""2199"", ""1762"", ""1763"", ""2200"", ""4430"", ""1764"", ""1765"", ""1766"", ""2201"", ""4241"", ""2310"", ""2311"", ""2312"", ""2313"", ""2314"", ""2315"", ""5194"", ""ESTACION_CORREGIDORA_SUR""]","[""373"", ""373"", ""336"", ""336"", ""336"", ""336"", ""336"", ""336"", ""336"", ""336"", ""336"", ""336"", ""336"", ""336"", ""336"", ""336"", ""336"", ""336"", ""336"", ""336"", ""319"", ""319"", ""319"", ""319"", ""319"", ""319"", ""319"", ""CAMINATA""]",5.0,Calle Francisco Alcocer/Pedro Mc. Cormick,20.541231295304,-100.40106540006
3812,40.965,352,C64,2,24,3,Con transbordo,352 → 325 → 319,C64 → C34 → C24,Alameda → Av. Tecnológico/Itq,"[""3812"", ""4404"", ""3813"", ""5104"", ""1475"", ""1476"", ""1472"", ""1471"", ""1470"", ""1469"", ""1439"", ""1438"", ""2537"", ""1920"", ""1921"", ""4241"", ""2310"", ""2311"", ""2312"", ""2313"", ""2314"", ""2315"", ""5194"", ""ESTACION_CORREGIDORA_SUR""]","[""352"", ""352"", ""352"", ""352"", ""352"", ""352"", ""352"", ""352"", ""352"", ""352"", ""325"", ""325"", ""325"", ""325"", ""325"", ""325"", ""325"", ""325"", ""325"", ""319"", ""319"", ""319"", ""CAMINATA""]",5.0,Carr. México/Querétaro/Jurica/San Juan del Río,20.57218571,-100.3179202
5195,40.98166666666666,134,C26,2,30,3,Con transbordo,134 → 325 → 319,C26 → C34 → C24,Terminal de Autobuses de Querétaro/Paradero → Av. Tecnológico/Itq,"[""5195"", ""2468"", ""2470"", ""2471"", ""3596"", ""2246"", ""2017"", ""2018"", ""2019"", ""2020"", ""2021"", ""2450"", ""2451"", ""1471"", ""1470"", ""1469"", ""1439"", ""1438"", ""2537"", ""1920"", ""1921"", ""4241"", ""2310"", ""2311"", ""2312"", ""2313"", ""2314"", ""2315"", ""5194"", ""ESTACION_CORREGIDORA_SUR""]","[""134"", ""134"", ""134"", ""134"", ""134"", ""325"", ""325"", ""325"", ""325"", ""325"", ""325"", ""325"", ""325"", ""325"", ""325"", ""325"", ""325"", ""325"", ""325"", ""325"", ""325"", ""325"", ""325"", ""325"", ""325"", ""319"", ""319"", ""319"", ""CAMINATA""]",5.0,Cerro Blanco/Colegio México Nuevo,20.575415902751,-100.36490355394
3327,40.98166666666666,341,C51,3,17,4,Con transbordo,341 → 234 → 338 → 319,C51 → L117 → C48 → C24,Calle Antonio Carranza/Blvd. de Las Américas → Blvd. de Las Américas/Carlos Esquerro → Av. Tecnológico/José María Arteaga,"[""3327"", ""2614"", ""2615"", ""2418"", ""2419"", ""5180"", ""2672"", ""2201"", ""4241"", ""2310"", ""2311"", ""2312"", ""2313"", ""2314"", ""2315"", ""5194"", ""ESTACION_CORREGIDORA_SUR""]","[""341"", ""341"", ""234"", ""338"", ""338"", ""338"", ""338"", ""338"", ""319"", ""319"", ""319"", ""319"", ""319"", ""319"", ""319"", ""CAMINATA""]",5.0,Calle 37/Calle Antonio de Carranza,20.55908154,-100.3922422
2240,41.08166666666666,322,C29,2,28,3,Con transbordo,322 → 376 → 319,C29 → T08 → C24,Av. del Parque/Home Depot → Vicente Guerrero,"[""2240"", ""2211"", ""2485"", ""2486"", ""5107"", ""2519"", ""3578"", ""2216"", ""2217"", ""2218"", ""2219"", ""2032"", ""2023"", ""2024"", ""2856"", ""1918"", ""1919"", ""1920"", ""1921"", ""4241"", ""2310"", ""2311"", ""2312"", ""2313"", ""2314"", ""2315"", ""5194"", ""ESTACION_CORREGIDORA_SUR""]","[""322"", ""322"", ""322"", ""322"", ""322"", ""376"", ""376"", ""376"", ""376"", ""376"", ""376"", ""376"", ""376"", ""376"", ""376"", ""376"", ""319"", ""319"", ""319"", ""319"", ""319"", ""319"", ""319"", ""319"", ""319"", ""319"", ""CAMINATA""]",5.0,Luis Pasteur Sur/Tenoch,20.558180481018,-100.38346259651
2972,41.08166666666667,337,C47,2,30,3,Con transbordo,337 → 325 → 319,C47 → C34 → C24,Av. Luis Vega Monrroy/Prol. del Cimatario → Av. Tecnológico/Itq,"[""2972"", ""2037"", ""2245"", ""2038"", ""2039"", ""2246"", ""2017"", ""2018"", ""2019"", ""2020"", ""2021"", ""2450"", ""2451"", ""1471"", ""1470"", ""1469"", ""1439"", ""1438"", ""2537"", ""1920"", ""1921"", ""4241"", ""2310"", ""2311"", ""2312"", ""2313"", ""2314"", ""2315"", ""5194"", ""ESTACION_CORREGIDORA_SUR""]","[""337"", ""337"", ""325"", ""325"", ""325"", ""325"", ""325"", ""325"", ""325"", ""325"", ""325"", ""325"", ""325"", ""325"", ""325"", ""325"", ""325"", ""325"", ""325"", ""325"", ""325"", ""325"", ""325"", ""325"", ""325"", ""319"", ""319"", ""319"", ""CAMINATA""]",5.0,Av. Luis Vega Monrroy/Pl. de Carmelitas,20.57693687,-100.3765685
2209,41.168749999999996,371,T03,1,26,2,Con transbordo,371 → 321,T03 → C27,Luis Pasteur/Calle 13,"[""2209"", ""5161"", ""2210"", ""2211"", ""2212"", ""2213"", ""2214"", ""2215"", ""2478"", ""2308"", ""2028"", ""2029"", ""2030"", ""2031"", ""2309"", ""1919"", ""1920"", ""1921"", ""4241"", ""2310"", ""2311"", ""2312"", ""2313"", ""2314"", ""2315"", ""ESTACION_CORREGIDORA_SUR""]","[""371"", ""371"", ""371"", ""371"", ""321"", ""321"", ""321"", ""321"", ""321"", ""321"", ""321"", ""321"", ""321"", ""321"", ""321"", ""321"", ""321"", ""321"", ""321"", ""321"", ""321"", ""321"", ""321"", ""321"", ""CAMINATA""]",5.0,Prol. Pasteur/Calle Espacio,20.551144218614,-100.38336905808
4142,41.17708333333332,97,C22,2,29,3,Con transbordo,97 → 90 → 97,C22 → L51 → C22,Santa Bárbara → Constitución de 1917,"[""4142"", ""1292"", ""1293"", ""1294"", ""1295"", ""1296"", ""1297"", ""1298"", ""1299"", ""1300"", ""1301"", ""1302"", ""1761"", ""1303"", ""1304"", ""1305"", ""1306"", ""1432"", ""1433"", ""1434"", ""3297"", ""4241"", ""2310"", ""2311"", ""2312"", ""2313"", ""2314"", ""2315"", ""ESTACION_CORREGIDORA_SUR""]","[""97"", ""97"", ""97"", ""97"", ""97"", ""97"", ""97"", ""97"", ""97"", ""90"", ""90"", ""90"", ""90"", ""90"", ""90"", ""90"", ""90"", ""90"", ""90"", ""97"", ""97"", ""97"", ""97"", ""97"", ""97"", ""97"", ""97"", ""CAMINATA""]",5.0,Miguel Hidalgo/Número 74,20.54796904,-100.4400292
2503,41.231666666666655,341,C51,2,25,3,Con transbordo,341 → 338 → 319,C51 → C48 → C24,Blvd. de Las Américas/Calle Antonio Rivera de la Torre → Av. Tecnológico/José María Arteaga,"[""2503"", ""2504"", ""2674"", ""4131"", ""2675"", ""3893"", ""2668"", ""2669"", ""2294"", ""2295"", ""2296"", ""2418"", ""2419"", ""5180"", ""2672"", ""2201"", ""4241"", ""2310"", ""2311"", ""2312"", ""2313"", ""2314"", ""2315"", ""5194"", ""ESTACION_CORREGIDORA_SUR""]","[""341"", ""341"", ""341"", ""341"", ""341"", ""341"", ""341"", ""341"", ""338"", ""338"", ""338"", ""338"", ""338"", ""338"", ""338"", ""338"", ""319"", ""319"", ""319"", ""319"", ""319"", ""319"", ""319"", ""CAMINATA""]",5.0,Av. Candiles/Cecyteq Corregidora,20.54770456,-100.3945263
4147,41.235416666666666,322,C29,1,26,2,Con transbordo,322 → 321,C29 → C27,Circ. Lázaro Cárdenas/Prol. Pasteur Sur,"[""4147"", ""2496"", ""2497"", ""2477"", ""2212"", ""2213"", ""2214"", ""2215"", ""2478"", ""2308"", ""2028"", ""2029"", ""2030"", ""2031"", ""2309"", ""1919"", ""1920"", ""1921"", ""4241"", ""2310"", ""2311"", ""2312"", ""2313"", ""2314"", ""2315"", ""ESTACION_CORREGIDORA_SUR""]","[""322"", ""322"", ""322"", ""321"", ""321"", ""321"", ""321"", ""321"", ""321"", ""321"", ""321"", ""321"", ""321"", ""321"", ""321"", ""321"", ""321"", ""321"", ""321"", ""321"", ""321"", ""321"", ""321"", ""321"", ""CAMINATA""]",5.0,Circuito Lázaro Cárdenas/Treviño,20.56060569,-100.3751404
4445,41.28166666666666,99,T01,2,24,3,Con transbordo,99 → 325 → 319,T01 → C34 → C24,Bicentenario → Av. Tecnológico/Itq,"[""4445"", ""1449"", ""3485"", ""1450"", ""1475"", ""1476"", ""1472"", ""1471"", ""1470"", ""1469"", ""1439"", ""1438"", ""2537"", ""1920"", ""1921"", ""4241"", ""2310"", ""2311"", ""2312"", ""2313"", ""2314"", ""2315"", ""5194"", ""ESTACION_CORREGIDORA_SUR""]","[""99"", ""99"", ""99"", ""99"", ""99"", ""325"", ""325"", ""325"", ""325"", ""325"", ""325"", ""325"", ""325"", ""325"", ""325"", ""325"", ""325"", ""325"", ""325"", ""319"", ""319"", ""319"", ""CAMINATA""]",5.0,Prol. Constituyentes Oriente/Camino Al Colegio Celse,20.592517934724,-100.32229580757
2563,41.39833333333333,337,C47,3,17,4,Con transbordo,337 → 234 → 338 → 319,C47 → L117 → C48 → C24,Calle Antonio Carranza/Blvd. de Las Américas → Blvd. de Las Américas/Carlos Esquerro → Av. Tecnológico/José María Arteaga,"[""2563"", ""2614"", ""2615"", ""2418"", ""2419"", ""5180"", ""2672"", ""2201"", ""4241"", ""2310"", ""2311"", ""2312"", ""2313"", ""2314"", ""2315"", ""5194"", ""ESTACION_CORREGIDORA_SUR""]","[""337"", ""337"", ""234"", ""338"", ""338"", ""338"", ""338"", ""338"", ""319"", ""319"", ""319"", ""319"", ""319"", ""319"", ""319"", ""CAMINATA""]",5.0,Calle 33/Andador 18,20.55947559,-100.3910849
3616,41.41041666666666,370,T02,2,23,3,Con transbordo,370 → 90 → 97,T02 → L51 → C22,Tejeda → Constitución de 1917,"[""3616"", ""3617"", ""1772"", ""1773"", ""2197"", ""2198"", ""1308"", ""1309"", ""1304"", ""1305"", ""1306"", ""1432"", ""1433"", ""1434"", ""3297"", ""4241"", ""2310"", ""2311"", ""2312"", ""2313"", ""2314"", ""2315"", ""ESTACION_CORREGIDORA_SUR""]","[""370"", ""370"", ""370"", ""370"", ""370"", ""370"", ""370"", ""370"", ""90"", ""90"", ""90"", ""90"", ""90"", ""97"", ""97"", ""97"", ""97"", ""97"", ""97"", ""97"", ""97"", ""CAMINATA""]",5.0,Hacienda Escolásticas/Hacienda Vegil,20.57293696,-100.4171662
2564,41.51500000000001,326,C35,2,27,3,Con transbordo,326 → 338 → 319,C35 → C48 → C24,Blvd. de Las Américas/Cerro del Fraile → Av. Tecnológico/José María Arteaga,"[""2564"", ""5102"", ""2565"", ""2365"", ""4129"", ""2290"", ""3600"", ""2291"", ""2292"", ""2293"", ""2294"", ""2295"", ""2296"", ""2418"", ""2419"", ""5180"", ""2672"", ""2201"", ""4241"", ""2310"", ""2311"", ""2312"", ""2313"", ""2314"", ""2315"", ""5194"", ""ESTACION_CORREGIDORA_SUR""]","[""326"", ""326"", ""326"", ""326"", ""326"", ""338"", ""338"", ""338"", ""338"", ""338"", ""338"", ""338"", ""338"", ""338"", ""338"", ""338"", ""338"", ""338"", ""319"", ""319"", ""319"", ""319"", ""319"", ""319"", ""319"", ""CAMINATA""]",5.0,Prol. Calle 27/Av. Valle del Cimatario,20.556318,-100.388009
2251,41.598333333333336,334,C43,2,26,3,Con transbordo,334 → 338 → 319,C43 → C48 → C24,Blvd. de Las Américas/Río Lerma → Av. Tecnológico/José María Arteaga,"[""2251"", ""3679"", ""2627"", ""2508"", ""2509"", ""4138"", ""2291"", ""2292"", ""2293"", ""2294"", ""2295"", ""2296"", ""2418"", ""2419"", ""5180"", ""2672"", ""2201"", ""4241"", ""2310"", ""2311"", ""2312"", ""2313"", ""2314"", ""2315"", ""5194"", ""ESTACION_CORREGIDORA_SUR""]","[""334"", ""334"", ""334"", ""334"", ""334"", ""334"", ""338"", ""338"", ""338"", ""338"", ""338"", ""338"", ""338"", ""338"", ""338"", ""338"", ""338"", ""319"", ""319"", ""319"", ""319"", ""319"", ""319"", ""319"", ""CAMINATA""]",5.0,Av. Candiles/Parroquia de Nuestra Señora de la Esperanza,20.54629727,-100.4068009
3022,41.61500000000001,322,C29,2,28,3,Con transbordo,322 → 338 → 319,C29 → C48 → C24,Blvd. de Las Américas/Río Lerma → Av. Tecnológico/José María Arteaga,"[""3022"", ""5223"", ""4116"", ""2506"", ""2507"", ""2508"", ""2509"", ""4138"", ""2291"", ""2292"", ""2293"", ""2294"", ""2295"", ""2296"", ""2418"", ""2419"", ""5180"", ""2672"", ""2201"", ""4241"", ""2310"", ""2311"", ""2312"", ""2313"", ""2314"", ""2315"", ""5194"", ""ESTACION_CORREGIDORA_SUR""]","[""322"", ""322"", ""322"", ""322"", ""322"", ""322"", ""322"", ""322"", ""338"", ""338"", ""338"", ""338"", ""338"", ""338"", ""338"", ""338"", ""338"", ""338"", ""338"", ""319"", ""319"", ""319"", ""319"", ""319"", ""319"", ""319"", ""CAMINATA""]",5.0,Av. Camino Real/Calle del Arcangel,20.53833137,-100.3980689
2239,41.681666666666665,322,C29,2,29,3,Con transbordo,322 → 376 → 319,C29 → T08 → C24,Av. del Parque/Home Depot → Vicente Guerrero,"[""2239"", ""2240"", ""2211"", ""2485"", ""2486"", ""5107"", ""2519"", ""3578"", ""2216"", ""2217"", ""2218"", ""2219"", ""2032"", ""2023"", ""2024"", ""2856"", ""1918"", ""1919"", ""1920"", ""1921"", ""4241"", ""2310"", ""2311"", ""2312"", ""2313"", ""2314"", ""2315"", ""5194"", ""ESTACION_CORREGIDORA_SUR""]","[""322"", ""322"", ""322"", ""322"", ""322"", ""322"", ""376"", ""376"", ""376"", ""376"", ""376"", ""376"", ""376"", ""376"", ""376"", ""376"", ""376"", ""319"", ""319"", ""319"", ""319"", ""319"", ""319"", ""319"", ""319"", ""319"", ""319"", ""CAMINATA""]",5.0,Prol. Luis Pasteur/Cuauhtémoc,20.559871419085,-100.38341157907
2495,41.702083333333334,322,C29,1,27,2,Con transbordo,322 → 321,C29 → C27,Circ. Lázaro Cárdenas/Prol. Pasteur Sur,"[""2495"", ""4147"", ""2496"", ""2497"", ""2477"", ""2212"", ""2213"", ""2214"", ""2215"", ""2478"", ""2308"", ""2028"", ""2029"", ""2030"", ""2031"", ""2309"", ""1919"", ""1920"", ""1921"", ""4241"", ""2310"", ""2311"", ""2312"", ""2313"", ""2314"", ""2315"", ""ESTACION_CORREGIDORA_SUR""]","[""322"", ""322"", ""322"", ""322"", ""321"", ""321"", ""321"", ""321"", ""321"", ""321"", ""321"", ""321"", ""321"", ""321"", ""321"", ""321"", ""321"", ""321"", ""321"", ""321"", ""321"", ""321"", ""321"", ""321"", ""321"", ""CAMINATA""]",5.0,Av. del Parque/Cto. Lázaro Cárdenas,20.561133514145,-100.3740671099
2255,41.79833333333333,233,L113,2,31,3,Con transbordo,233 → 336 → 319,L113 → C46 → C24,Fresno/Maravillas → Av. Tecnológico/José María Arteaga,"[""2255"", ""2639"", ""2640"", ""2641"", ""2258"", ""2259"", ""2260"", ""2261"", ""2262"", ""2263"", ""3023"", ""2264"", ""4393"", ""2199"", ""1762"", ""1763"", ""2200"", ""4430"", ""1764"", ""1765"", ""1766"", ""2201"", ""4241"", ""2310"", ""2311"", ""2312"", ""2313"", ""2314"", ""2315"", ""5194"", ""ESTACION_CORREGIDORA_SUR""]","[""233"", ""336"", ""336"", ""336"", ""336"", ""336"", ""336"", ""336"", ""336"", ""336"", ""336"", ""336"", ""336"", ""336"", ""336"", ""336"", ""336"", ""336"", ""336"", ""336"", ""336"", ""336"", ""319"", ""319"", ""319"", ""319"", ""319"", ""319"", ""319"", ""CAMINATA""]",5.0,Calle Manzano/Fresno,20.536368,-100.405108
2613,41.898333333333326,341,C51,3,18,4,Con transbordo,341 → 234 → 338 → 319,C51 → L117 → C48 → C24,Calle Antonio Carranza/Blvd. de Las Américas → Blvd. de Las Américas/Carlos Esquerro → Av. Tecnológico/José María Arteaga,"[""2613"", ""3327"", ""2614"", ""2615"", ""2418"", ""2419"", ""5180"", ""2672"", ""2201"", ""4241"", ""2310"", ""2311"", ""2312"", ""2313"", ""2314"", ""2315"", ""5194"", ""ESTACION_CORREGIDORA_SUR""]","[""341"", ""341"", ""341"", ""234"", ""338"", ""338"", ""338"", ""338"", ""338"", ""319"", ""319"", ""319"", ""319"", ""319"", ""319"", ""319"", ""CAMINATA""]",5.0,Calle 37/Calle 4,20.56125758,-100.3930444
3811,41.93166666666667,352,C64,2,25,3,Con transbordo,352 → 325 → 319,C64 → C34 → C24,Alameda → Av. Tecnológico/Itq,"[""3811"", ""3812"", ""4404"", ""3813"", ""5104"", ""1475"", ""1476"", ""1472"", ""1471"", ""1470"", ""1469"", ""1439"", ""1438"", ""2537"", ""1920"", ""1921"", ""4241"", ""2310"", ""2311"", ""2312"", ""2313"", ""2314"", ""2315"", ""5194"", ""ESTACION_CORREGIDORA_SUR""]","[""352"", ""352"", ""352"", ""352"", ""352"", ""352"", ""352"", ""352"", ""352"", ""352"", ""352"", ""325"", ""325"", ""325"", ""325"", ""325"", ""325"", ""325"", ""325"", ""325"", ""319"", ""319"", ""319"", ""CAMINATA""]",5.0,Carr. Federal No. 57/Anillo Vial Ii,20.570834926139,-100.31308176592
1351,41.968749999999986,97,C22,2,30,3,Con transbordo,97 → 90 → 97,C22 → L51 → C22,Santa Bárbara → Constitución de 1917,"[""1351"", ""4142"", ""1292"", ""1293"", ""1294"", ""1295"", ""1296"", ""1297"", ""1298"", ""1299"", ""1300"", ""1301"", ""1302"", ""1761"", ""1303"", ""1304"", ""1305"", ""1306"", ""1432"", ""1433"", ""1434"", ""3297"", ""4241"", ""2310"", ""2311"", ""2312"", ""2313"", ""2314"", ""2315"", ""ESTACION_CORREGIDORA_SUR""]","[""97"", ""97"", ""97"", ""97"", ""97"", ""97"", ""97"", ""97"", ""97"", ""97"", ""90"", ""90"", ""90"", ""90"", ""90"", ""90"", ""90"", ""90"", ""90"", ""90"", ""97"", ""97"", ""97"", ""97"", ""97"", ""97"", ""97"", ""97"", ""CAMINATA""]",5.0,Miguel Hidalgo/Av. Don Bosco,20.550230167523,-100.43999248518
1335,41.96875,98,C23,1,26,2,Con transbordo,98 → 333,C23 → C42,Av. Prol. Zaragoza/Av. Hilario Frías y Soto,"[""1335"", ""1336"", ""1337"", ""1338"", ""1339"", ""1340"", ""1341"", ""1762"", ""1763"", ""2200"", ""4430"", ""1764"", ""1765"", ""1766"", ""2201"", ""4241"", ""2310"", ""3570"", ""3571"", ""3572"", ""2311"", ""2312"", ""2313"", ""2314"", ""2315"", ""ESTACION_CORREGIDORA_SUR""]","[""98"", ""98"", ""98"", ""98"", ""98"", ""98"", ""98"", ""98"", ""98"", ""98"", ""333"", ""333"", ""333"", ""333"", ""333"", ""333"", ""333"", ""333"", ""333"", ""333"", ""333"", ""333"", ""333"", ""333"", ""CAMINATA""]",5.0,Calle Norberto Aguirre/Vicente Guerrero,20.553941490065,-100.4378798105
5069,42.00208333333333,335,C44,1,32,2,Con transbordo,335 → 321,C44 → C27,Prol. Luis Pasteur/Av. 26,"[""5069"", ""2297"", ""2298"", ""2510"", ""2511"", ""2512"", ""2513"", ""2514"", ""2515"", ""2516"", ""3686"", ""2517"", ""2214"", ""2215"", ""2478"", ""2308"", ""2028"", ""2029"", ""2030"", ""2031"", ""2309"", ""1919"", ""1920"", ""1921"", ""4241"", ""2310"", ""2311"", ""2312"", ""2313"", ""2314"", ""2315"", ""ESTACION_CORREGIDORA_SUR""]","[""335"", ""335"", ""335"", ""335"", ""335"", ""335"", ""335"", ""335"", ""335"", ""335"", ""335"", ""335"", ""321"", ""321"", ""321"", ""321"", ""321"", ""321"", ""321"", ""321"", ""321"", ""321"", ""321"", ""321"", ""321"", ""321"", ""321"", ""321"", ""321"", ""321"", ""CAMINATA""]",5.0,Enrique Rodiles/Blvd. de Las Américas,20.560983835958,-100.39885007372
2601,42.02708333333332,331,C40,2,24,3,Con transbordo,331 → 353 → 345,C40 → C65 → C55,Hacienda Tequisquiapan/Hacienda Jaral de Penas → Carr. Campo Militar/Querétaro Park Iii,"[""2601"", ""3227"", ""3228"", ""3229"", ""3230"", ""3231"", ""3232"", ""3233"", ""3234"", ""3235"", ""3236"", ""2602"", ""4253"", ""3237"", ""3222"", ""3223"", ""3726"", ""3224"", ""2314"", ""2315"", ""5194"", ""2316"", ""5200"", ""ESTACION_CORREGIDORA_SUR""]","[""331"", ""331"", ""331"", ""331"", ""331"", ""331"", ""353"", ""353"", ""353"", ""353"", ""353"", ""353"", ""345"", ""345"", ""345"", ""345"", ""345"", ""345"", ""345"", ""345"", ""345"", ""345"", ""CAMINATA""]",5.0,Calle Hacienda San Juan/Parque San Antonio del Maurel,20.59452085,-100.4249772
2238,42.04833333333333,322,C29,2,30,3,Con transbordo,322 → 376 → 319,C29 → T08 → C24,Av. del Parque/Home Depot → Vicente Guerrero,"[""2238"", ""2239"", ""2240"", ""2211"", ""2485"", ""2486"", ""5107"", ""2519"", ""3578"", ""2216"", ""2217"", ""2218"", ""2219"", ""2032"", ""2023"", ""2024"", ""2856"", ""1918"", ""1919"", ""1920"", ""1921"", ""4241"", ""2310"", ""2311"", ""2312"", ""2313"", ""2314"", ""2315"", ""5194"", ""ESTACION_CORREGIDORA_SUR""]","[""322"", ""322"", ""322"", ""322"", ""322"", ""322"", ""322"", ""376"", ""376"", ""376"", ""376"", ""376"", ""376"", ""376"", ""376"", ""376"", ""376"", ""376"", ""319"", ""319"", ""319"", ""319"", ""319"", ""319"", ""319"", ""319"", ""319"", ""319"", ""CAMINATA""]",5.0,Luis Pasteur Sur/Moctezuma Ilhuicamina,20.560920478146,-100.38337979412
2971,42.04833333333334,337,C47,2,31,3,Con transbordo,337 → 325 → 319,C47 → C34 → C24,Av. Luis Vega Monrroy/Prol. del Cimatario → Av. Tecnológico/Itq,"[""2971"", ""2972"", ""2037"", ""2245"", ""2038"", ""2039"", ""2246"", ""2017"", ""2018"", ""2019"", ""2020"", ""2021"", ""2450"", ""2451"", ""1471"", ""1470"", ""1469"", ""1439"", ""1438"", ""2537"", ""1920"", ""1921"", ""4241"", ""2310"", ""2311"", ""2312"", ""2313"", ""2314"", ""2315"", ""5194"", ""ESTACION_CORREGIDORA_SUR""]","[""337"", ""337"", ""337"", ""325"", ""325"", ""325"", ""325"", ""325"", ""325"", ""325"", ""325"", ""325"", ""325"", ""325"", ""325"", ""325"", ""325"", ""325"", ""325"", ""325"", ""325"", ""325"", ""325"", ""325"", ""325"", ""325"", ""319"", ""319"", ""319"", ""CAMINATA""]",5.0,Av. Luis Vega Monrroy/Paseo del Romancero,20.57644953,-100.3793192
1291,42.06041666666666,337,C47,2,30,3,Con transbordo,337 → 90 → 97,C47 → L51 → C22,Santa Bárbara → Constitución de 1917,"[""1291"", ""4142"", ""1292"", ""1293"", ""1294"", ""1295"", ""1296"", ""1297"", ""1298"", ""1299"", ""1300"", ""1301"", ""1302"", ""1761"", ""1303"", ""1304"", ""1305"", ""1306"", ""1432"", ""1433"", ""1434"", ""3297"", ""4241"", ""2310"", ""2311"", ""2312"", ""2313"", ""2314"", ""2315"", ""ESTACION_CORREGIDORA_SUR""]","[""337"", ""337"", ""337"", ""337"", ""337"", ""337"", ""337"", ""337"", ""337"", ""337"", ""90"", ""90"", ""90"", ""90"", ""90"", ""90"", ""90"", ""90"", ""90"", ""90"", ""97"", ""97"", ""97"", ""97"", ""97"", ""97"", ""97"", ""97"", ""CAMINATA""]",5.0,Camino Al Cerrito/Miguel Hidalgo,20.549298005161,-100.44022030747
2461,42.14833333333333,98,C23,2,27,3,Con transbordo,98 → 376 → 319,C23 → T08 → C24,Blvd. Centro Sur/Av. del Parque → Vicente Guerrero,"[""2461"", ""2462"", ""2463"", ""2518"", ""2519"", ""3578"", ""2216"", ""2217"", ""2218"", ""2219"", ""2032"", ""2023"", ""2024"", ""2856"", ""1918"", ""1919"", ""1920"", ""1921"", ""4241"", ""2310"", ""2311"", ""2312"", ""2313"", ""2314"", ""2315"", ""5194"", ""ESTACION_CORREGIDORA_SUR""]","[""98"", ""98"", ""98"", ""376"", ""376"", ""376"", ""376"", ""376"", ""376"", ""376"", ""376"", ""376"", ""376"", ""376"", ""376"", ""319"", ""319"", ""319"", ""319"", ""319"", ""319"", ""319"", ""319"", ""319"", ""319"", ""CAMINATA""]",5.0,Av. Colinas del Cimatario/Cerro Culiacán,20.570972313548,-100.37200102101
3727,42.17708333333333,370,T02,2,24,3,Con transbordo,370 → 90 → 97,T02 → L51 → C22,Tejeda → Constitución de 1917,"[""3727"", ""3616"", ""3617"", ""1772"", ""1773"", ""2197"", ""2198"", ""1308"", ""1309"", ""1304"", ""1305"", ""1306"", ""1432"", ""1433"", ""1434"", ""3297"", ""4241"", ""2310"", ""2311"", ""2312"", ""2313"", ""2314"", ""2315"", ""ESTACION_CORREGIDORA_SUR""]","[""370"", ""370"", ""370"", ""370"", ""370"", ""370"", ""370"", ""370"", ""370"", ""90"", ""90"", ""90"", ""90"", ""90"", ""97"", ""97"", ""97"", ""97"", ""97"", ""97"", ""97"", ""97"", ""CAMINATA""]",5.0,José Antonio García Jimeno/Blvd. Dolores del Río,20.573222520952,-100.41945692997
3602,42.18166666666667,326,C35,2,28,3,Con transbordo,326 → 338 → 319,C35 → C48 → C24,Blvd. de Las Américas/Cerro del Fraile → Av. Tecnológico/José María Arteaga,"[""3602"", ""2564"", ""5102"", ""2565"", ""2365"", ""4129"", ""2290"", ""3600"", ""2291"", ""2292"", ""2293"", ""2294"", ""2295"", ""2296"", ""2418"", ""2419"", ""5180"", ""2672"", ""2201"", ""4241"", ""2310"", ""2311"", ""2312"", ""2313"", ""2314"", ""2315"", ""5194"", ""ESTACION_CORREGIDORA_SUR""]","[""326"", ""326"", ""326"", ""326"", ""326"", ""326"", ""338"", ""338"", ""338"", ""338"", ""338"", ""338"", ""338"", ""338"", ""338"", ""338"", ""338"", ""338"", ""338"", ""319"", ""319"", ""319"", ""319"", ""319"", ""319"", ""319"", ""CAMINATA""]",5.0,Prol. Calle 27/República Mexicana,20.5583474,-100.3887725
2467,42.24833333333333,134,C26,2,31,3,Con transbordo,134 → 325 → 319,C26 → C34 → C24,Terminal de Autobuses de Querétaro/Paradero → Av. Tecnológico/Itq,"[""2467"", ""5195"", ""2468"", ""2470"", ""2471"", ""3596"", ""2246"", ""2017"", ""2018"", ""2019"", ""2020"", ""2021"", ""2450"", ""2451"", ""1471"", ""1470"", ""1469"", ""1439"", ""1438"", ""2537"", ""1920"", ""1921"", ""4241"", ""2310"", ""2311"", ""2312"", ""2313"", ""2314"", ""2315"", ""5194"", ""ESTACION_CORREGIDORA_SUR""]","[""134"", ""134"", ""134"", ""134"", ""134"", ""134"", ""325"", ""325"", ""325"", ""325"", ""325"", ""325"", ""325"", ""325"", ""325"", ""325"", ""325"", ""325"", ""325"", ""325"", ""325"", ""325"", ""325"", ""325"", ""325"", ""325"", ""319"", ""319"", ""319"", ""CAMINATA""]",5.0,Cerro Blanco/Fray Luis de León,20.574388003689,-100.36897939042
1419,42.31041666666666,95,L56,2,25,3,Con transbordo,95 → 90 → 97,L56 → L51 → C22,Santa Bárbara → Constitución de 1917,"[""1419"", ""1401"", ""1370"", ""2190"", ""3301"", ""1300"", ""1301"", ""1302"", ""1761"", ""1303"", ""1304"", ""1305"", ""1306"", ""1432"", ""1433"", ""1434"", ""3297"", ""4241"", ""2310"", ""2311"", ""2312"", ""2313"", ""2314"", ""2315"", ""ESTACION_CORREGIDORA_SUR""]","[""95"", ""95"", ""95"", ""95"", ""95"", ""90"", ""90"", ""90"", ""90"", ""90"", ""90"", ""90"", ""90"", ""90"", ""90"", ""97"", ""97"", ""97"", ""97"", ""97"", ""97"", ""97"", ""97"", ""CAMINATA""]",5.0,Av. Pirámides de la Luna/Blvd. Mediterráneo,20.540956974508,-100.45400412728
1350,42.37708333333332,97,C22,2,31,3,Con transbordo,97 → 90 → 97,C22 → L51 → C22,Santa Bárbara → Constitución de 1917,"[""1350"", ""1351"", ""4142"", ""1292"", ""1293"", ""1294"", ""1295"", ""1296"", ""1297"", ""1298"", ""1299"", ""1300"", ""1301"", ""1302"", ""1761"", ""1303"", ""1304"", ""1305"", ""1306"", ""1432"", ""1433"", ""1434"", ""3297"", ""4241"", ""2310"", ""2311"", ""2312"", ""2313"", ""2314"", ""2315"", ""ESTACION_CORREGIDORA_SUR""]","[""97"", ""97"", ""97"", ""97"", ""97"", ""97"", ""97"", ""97"", ""97"", ""97"", ""97"", ""90"", ""90"", ""90"", ""90"", ""90"", ""90"", ""90"", ""90"", ""90"", ""90"", ""97"", ""97"", ""97"", ""97"", ""97"", ""97"", ""97"", ""97"", ""CAMINATA""]",5.0,Miguel Hidalgo/Salvador Sánchez Bárcenas,20.551384250249,-100.44001570092
4130,42.41500000000001,98,C23,2,27,3,Con transbordo,98 → 134 → 319,C23 → C26 → C24,Av. Colinas del Cimatario/Cerro del Peñón → Vicente Guerrero,"[""4130"", ""2490"", ""2448"", ""2449"", ""2404"", ""2405"", ""2020"", ""2021"", ""2450"", ""2451"", ""2452"", ""2453"", ""1881"", ""1879"", ""1918"", ""1919"", ""1920"", ""1921"", ""4241"", ""2310"", ""2311"", ""2312"", ""2313"", ""2314"", ""2315"", ""5194"", ""ESTACION_CORREGIDORA_SUR""]","[""98"", ""98"", ""134"", ""134"", ""134"", ""134"", ""134"", ""134"", ""134"", ""134"", ""134"", ""134"", ""134"", ""134"", ""134"", ""319"", ""319"", ""319"", ""319"", ""319"", ""319"", ""319"", ""319"", ""319"", ""319"", ""CAMINATA""]",5.0,Av. del Parque/Torrecillas,20.563242496211,-100.37591769195
1314,42.44374999999999,255,T11,2,26,3,Con transbordo,255 → 90 → 97,T11 → L51 → C22,Santa Bárbara → Constitución de 1917,"[""1314"", ""1400"", ""1401"", ""1370"", ""2190"", ""3301"", ""1300"", ""1301"", ""1302"", ""1761"", ""1303"", ""1304"", ""1305"", ""1306"", ""1432"", ""1433"", ""1434"", ""3297"", ""4241"", ""2310"", ""2311"", ""2312"", ""2313"", ""2314"", ""2315"", ""ESTACION_CORREGIDORA_SUR""]","[""255"", ""255"", ""255"", ""255"", ""255"", ""255"", ""90"", ""90"", ""90"", ""90"", ""90"", ""90"", ""90"", ""90"", ""90"", ""90"", ""97"", ""97"", ""97"", ""97"", ""97"", ""97"", ""97"", ""97"", ""CAMINATA""]",5.0,Santa Bárbara,20.532404238038,-100.4441736623
3575,42.614999999999995,138,C30,3,25,4,Con transbordo,138 → 98 → 138 → 319,C30 → C23 → C30 → C24,Circ. Moisés Solana/Manuel Payno (Juzgados) → Cto Moises Solana/Paseo de Los Romancero (Prepa Sur) → Corregidora/Luis M Vega y Monroy,"[""3575"", ""2520"", ""2409"", ""2410"", ""2411"", ""2412"", ""2478"", ""2308"", ""2028"", ""2029"", ""2030"", ""2031"", ""2309"", ""1919"", ""1920"", ""1921"", ""4241"", ""2310"", ""2311"", ""2312"", ""2313"", ""2314"", ""2315"", ""5194"", ""ESTACION_CORREGIDORA_SUR""]","[""138"", ""138"", ""138"", ""98"", ""138"", ""138"", ""138"", ""319"", ""319"", ""319"", ""319"", ""319"", ""319"", ""319"", ""319"", ""319"", ""319"", ""319"", ""319"", ""319"", ""319"", ""319"", ""319"", ""CAMINATA""]",5.0,Av. del Parque/Piedras Negras,20.5680894,-100.3802589
3810,42.68166666666667,352,C64,2,26,3,Con transbordo,352 → 325 → 319,C64 → C34 → C24,Alameda → Av. Tecnológico/Itq,"[""3810"", ""3811"", ""3812"", ""4404"", ""3813"", ""5104"", ""1475"", ""1476"", ""1472"", ""1471"", ""1470"", ""1469"", ""1439"", ""1438"", ""2537"", ""1920"", ""1921"", ""4241"", ""2310"", ""2311"", ""2312"", ""2313"", ""2314"", ""2315"", ""5194"", ""ESTACION_CORREGIDORA_SUR""]","[""352"", ""352"", ""352"", ""352"", ""352"", ""352"", ""352"", ""352"", ""352"", ""352"", ""352"", ""352"", ""325"", ""325"", ""325"", ""325"", ""325"", ""325"", ""325"", ""325"", ""325"", ""319"", ""319"", ""319"", ""CAMINATA""]",5.0,Carr. Federal No. 57/Innovatelia,20.5700762056,-100.30924285758
2667,42.714999999999996,233,L113,2,32,3,Con transbordo,233 → 336 → 319,L113 → C46 → C24,Fresno/Maravillas → Av. Tecnológico/José María Arteaga,"[""2667"", ""2255"", ""2639"", ""2640"", ""2641"", ""2258"", ""2259"", ""2260"", ""2261"", ""2262"", ""2263"", ""3023"", ""2264"", ""4393"", ""2199"", ""1762"", ""1763"", ""2200"", ""4430"", ""1764"", ""1765"", ""1766"", ""2201"", ""4241"", ""2310"", ""2311"", ""2312"", ""2313"", ""2314"", ""2315"", ""5194"", ""ESTACION_CORREGIDORA_SUR""]","[""233"", ""233"", ""336"", ""336"", ""336"", ""336"", ""336"", ""336"", ""336"", ""336"", ""336"", ""336"", ""336"", ""336"", ""336"", ""336"", ""336"", ""336"", ""336"", ""336"", ""336"", ""336"", ""336"", ""319"", ""319"", ""319"", ""319"", ""319"", ""319"", ""319"", ""CAMINATA""]",5.0,Calle Cedro/Calle Sauce,20.53479311,-100.4075482
2237,42.748333333333335,322,C29,2,31,3,Con transbordo,322 → 376 → 319,C29 → T08 → C24,Av. del Parque/Home Depot → Vicente Guerrero,"[""2237"", ""2238"", ""2239"", ""2240"", ""2211"", ""2485"", ""2486"", ""5107"", ""2519"", ""3578"", ""2216"", ""2217"", ""2218"", ""2219"", ""2032"", ""2023"", ""2024"", ""2856"", ""1918"", ""1919"", ""1920"", ""1921"", ""4241"", ""2310"", ""2311"", ""2312"", ""2313"", ""2314"", ""2315"", ""5194"", ""ESTACION_CORREGIDORA_SUR""]","[""322"", ""322"", ""322"", ""322"", ""322"", ""322"", ""322"", ""322"", ""376"", ""376"", ""376"", ""376"", ""376"", ""376"", ""376"", ""376"", ""376"", ""376"", ""376"", ""319"", ""319"", ""319"", ""319"", ""319"", ""319"", ""319"", ""319"", ""319"", ""319"", ""CAMINATA""]",5.0,Luis Pasteur Sur/Adolfo de la Huerta,20.562908316913,-100.3833150005
1334,42.75208333333333,98,C23,1,27,2,Con transbordo,98 → 333,C23 → C42,Av. Prol. Zaragoza/Av. Hilario Frías y Soto,"[""1334"", ""1335"", ""1336"", ""1337"", ""1338"", ""1339"", ""1340"", ""1341"", ""1762"", ""1763"", ""2200"", ""4430"", ""1764"", ""1765"", ""1766"", ""2201"", ""4241"", ""2310"", ""3570"", ""3571"", ""3572"", ""2311"", ""2312"", ""2313"", ""2314"", ""2315"", ""ESTACION_CORREGIDORA_SUR""]","[""98"", ""98"", ""98"", ""98"", ""98"", ""98"", ""98"", ""98"", ""98"", ""98"", ""98"", ""333"", ""333"", ""333"", ""333"", ""333"", ""333"", ""333"", ""333"", ""333"", ""333"", ""333"", ""333"", ""333"", ""333"", ""CAMINATA""]",5.0,16 de Septiembre/Calle Norberto Aguirre,20.553835978848,-100.43992622883
1331,42.82708333333333,98,C23,3,22,4,Con transbordo,98 → 255 → 90 → 97,C23 → T11 → L51 → C22,Av. Paseo Constituyentes/Prol. Cuauhtémoc → Santa Bárbara → Constitución de 1917,"[""1331"", ""3301"", ""1300"", ""1301"", ""1302"", ""1761"", ""1303"", ""1304"", ""1305"", ""1306"", ""1432"", ""1433"", ""1434"", ""3297"", ""4241"", ""2310"", ""2311"", ""2312"", ""2313"", ""2314"", ""2315"", ""ESTACION_CORREGIDORA_SUR""]","[""98"", ""255"", ""90"", ""90"", ""90"", ""90"", ""90"", ""90"", ""90"", ""90"", ""90"", ""90"", ""97"", ""97"", ""97"", ""97"", ""97"", ""97"", ""97"", ""97"", ""CAMINATA""]",5.0,Geranios/Camino A la Negreta,20.530147018081,-100.44814738246
2612,42.831666666666656,341,C51,3,19,4,Con transbordo,341 → 234 → 338 → 319,C51 → L117 → C48 → C24,Calle Antonio Carranza/Blvd. de Las Américas → Blvd. de Las Américas/Carlos Esquerro → Av. Tecnológico/José María Arteaga,"[""2612"", ""2613"", ""3327"", ""2614"", ""2615"", ""2418"", ""2419"", ""5180"", ""2672"", ""2201"", ""4241"", ""2310"", ""2311"", ""2312"", ""2313"", ""2314"", ""2315"", ""5194"", ""ESTACION_CORREGIDORA_SUR""]","[""341"", ""341"", ""341"", ""341"", ""234"", ""338"", ""338"", ""338"", ""338"", ""338"", ""319"", ""319"", ""319"", ""319"", ""319"", ""319"", ""319"", ""CAMINATA""]",5.0,Calle 37/Av. 26,20.56352174,-100.3937214
5068,42.83541666666667,335,C44,1,33,2,Con transbordo,335 → 321,C44 → C27,Prol. Luis Pasteur/Av. 26,"[""5068"", ""5069"", ""2297"", ""2298"", ""2510"", ""2511"", ""2512"", ""2513"", ""2514"", ""2515"", ""2516"", ""3686"", ""2517"", ""2214"", ""2215"", ""2478"", ""2308"", ""2028"", ""2029"", ""2030"", ""2031"", ""2309"", ""1919"", ""1920"", ""1921"", ""4241"", ""2310"", ""2311"", ""2312"", ""2313"", ""2314"", ""2315"", ""ESTACION_CORREGIDORA_SUR""]","[""335"", ""335"", ""335"", ""335"", ""335"", ""335"", ""335"", ""335"", ""335"", ""335"", ""335"", ""335"", ""335"", ""321"", ""321"", ""321"", ""321"", ""321"", ""321"", ""321"", ""321"", ""321"", ""321"", ""321"", ""321"", ""321"", ""321"", ""321"", ""321"", ""321"", ""321"", ""CAMINATA""]",5.0,Heriberto Jara/Salvador Moreno,20.560491912065,-100.40075919519
3688,42.84374999999999,370,T02,2,25,3,Con transbordo,370 → 90 → 97,T02 → L51 → C22,Tejeda → Constitución de 1917,"[""3688"", ""3727"", ""3616"", ""3617"", ""1772"", ""1773"", ""2197"", ""2198"", ""1308"", ""1309"", ""1304"", ""1305"", ""1306"", ""1432"", ""1433"", ""1434"", ""3297"", ""4241"", ""2310"", ""2311"", ""2312"", ""2313"", ""2314"", ""2315"", ""ESTACION_CORREGIDORA_SUR""]","[""370"", ""370"", ""370"", ""370"", ""370"", ""370"", ""370"", ""370"", ""370"", ""370"", ""90"", ""90"", ""90"", ""90"", ""90"", ""97"", ""97"", ""97"", ""97"", ""97"", ""97"", ""97"", ""97"", ""CAMINATA""]",5.0,José Antonio García Jimeno/Blvd. Real de Catorce,20.572865830933,-100.42140942295
3661,42.88166666666666,134,C26,2,32,3,Con transbordo,134 → 325 → 319,C26 → C34 → C24,Terminal de Autobuses de Querétaro/Paradero → Av. Tecnológico/Itq,"[""3661"", ""2467"", ""5195"", ""2468"", ""2470"", ""2471"", ""3596"", ""2246"", ""2017"", ""2018"", ""2019"", ""2020"", ""2021"", ""2450"", ""2451"", ""1471"", ""1470"", ""1469"", ""1439"", ""1438"", ""2537"", ""1920"", ""1921"", ""4241"", ""2310"", ""2311"", ""2312"", ""2313"", ""2314"", ""2315"", ""5194"", ""ESTACION_CORREGIDORA_SUR""]","[""134"", ""134"", ""134"", ""134"", ""134"", ""134"", ""134"", ""325"", ""325"", ""325"", ""325"", ""325"", ""325"", ""325"", ""325"", ""325"", ""325"", ""325"", ""325"", ""325"", ""325"", ""325"", ""325"", ""325"", ""325"", ""325"", ""325"", ""319"", ""319"", ""319"", ""CAMINATA""]",5.0,Fray Luis de Leon/Congreso del Edo.,20.57249557,-100.3683954
3781,42.88166666666666,99,T01,2,25,3,Con transbordo,99 → 325 → 319,T01 → C34 → C24,Bicentenario → Av. Tecnológico/Itq,"[""3781"", ""4445"", ""1449"", ""3485"", ""1450"", ""1475"", ""1476"", ""1472"", ""1471"", ""1470"", ""1469"", ""1439"", ""1438"", ""2537"", ""1920"", ""1921"", ""4241"", ""2310"", ""2311"", ""2312"", ""2313"", ""2314"", ""2315"", ""5194"", ""ESTACION_CORREGIDORA_SUR""]","[""99"", ""99"", ""99"", ""99"", ""99"", ""99"", ""325"", ""325"", ""325"", ""325"", ""325"", ""325"", ""325"", ""325"", ""325"", ""325"", ""325"", ""325"", ""325"", ""325"", ""319"", ""319"", ""319"", ""CAMINATA""]",5.0,Prol. Constituyentes Oriente/ Acceso A Zen House I,20.596001366866,-100.31643316835
2855,42.985416666666666,371,T03,1,27,2,Con transbordo,371 → 321,T03 → C27,Luis Pasteur/Calle 13,"[""2855"", ""2209"", ""5161"", ""2210"", ""2211"", ""2212"", ""2213"", ""2214"", ""2215"", ""2478"", ""2308"", ""2028"", ""2029"", ""2030"", ""2031"", ""2309"", ""1919"", ""1920"", ""1921"", ""4241"", ""2310"", ""2311"", ""2312"", ""2313"", ""2314"", ""2315"", ""ESTACION_CORREGIDORA_SUR""]","[""371"", ""371"", ""371"", ""371"", ""371"", ""321"", ""321"", ""321"", ""321"", ""321"", ""321"", ""321"", ""321"", ""321"", ""321"", ""321"", ""321"", ""321"", ""321"", ""321"", ""321"", ""321"", ""321"", ""321"", ""321"", ""CAMINATA""]",5.0,Ezequiel Montes Sur/Blvd. de Los Gobernadores,20.54717884,-100.3834753
2460,43.04833333333333,98,C23,2,28,3,Con transbordo,98 → 376 → 319,C23 → T08 → C24,Blvd. Centro Sur/Av. del Parque → Vicente Guerrero,"[""2460"", ""2461"", ""2462"", ""2463"", ""2518"", ""2519"", ""3578"", ""2216"", ""2217"", ""2218"", ""2219"", ""2032"", ""2023"", ""2024"", ""2856"", ""1918"", ""1919"", ""1920"", ""1921"", ""4241"", ""2310"", ""2311"", ""2312"", ""2313"", ""2314"", ""2315"", ""5194"", ""ESTACION_CORREGIDORA_SUR""]","[""98"", ""98"", ""98"", ""98"", ""376"", ""376"", ""376"", ""376"", ""376"", ""376"", ""376"", ""376"", ""376"", ""376"", ""376"", ""376"", ""319"", ""319"", ""319"", ""319"", ""319"", ""319"", ""319"", ""319"", ""319"", ""319"", ""CAMINATA""]",5.0,Av. Magisterio (Cimatario)/Cerro Blanco,20.573012549105,-100.37242017703
2764,43.102083333333326,356,L108,1,21,2,Con transbordo,356 → 333,L108 → C42,Prol. Zaragoza/Paseo 5 de Febrero,"[""2764"", ""2765"", ""4096"", ""4097"", ""4098"", ""4099"", ""2616"", ""4100"", ""1766"", ""2201"", ""4241"", ""2310"", ""3570"", ""3571"", ""3572"", ""2311"", ""2312"", ""2313"", ""2314"", ""2315"", ""ESTACION_CORREGIDORA_SUR""]","[""356"", ""356"", ""356"", ""356"", ""356"", ""356"", ""356"", ""356"", ""333"", ""333"", ""333"", ""333"", ""333"", ""333"", ""333"", ""333"", ""333"", ""333"", ""333"", ""CAMINATA""]",5.0,Carr. Tlacote/La Querencia,20.58962812,-100.4362134
3655,43.177083333333314,97,C22,2,32,3,Con transbordo,97 → 90 → 97,C22 → L51 → C22,Santa Bárbara → Constitución de 1917,"[""3655"", ""1350"", ""1351"", ""4142"", ""1292"", ""1293"", ""1294"", ""1295"", ""1296"", ""1297"", ""1298"", ""1299"", ""1300"", ""1301"", ""1302"", ""1761"", ""1303"", ""1304"", ""1305"", ""1306"", ""1432"", ""1433"", ""1434"", ""3297"", ""4241"", ""2310"", ""2311"", ""2312"", ""2313"", ""2314"", ""2315"", ""ESTACION_CORREGIDORA_SUR""]","[""97"", ""97"", ""97"", ""97"", ""97"", ""97"", ""97"", ""97"", ""97"", ""97"", ""97"", ""97"", ""90"", ""90"", ""90"", ""90"", ""90"", ""90"", ""90"", ""90"", ""90"", ""90"", ""97"", ""97"", ""97"", ""97"", ""97"", ""97"", ""97"", ""97"", ""CAMINATA""]",5.0,Vicente Guerrero/Salvador Sánchez Bárcenas,20.55170117304,-100.43760395734
1417,43.21041666666666,95,L56,2,26,3,Con transbordo,95 → 90 → 97,L56 → L51 → C22,Santa Bárbara → Constitución de 1917,"[""1417"", ""1419"", ""1401"", ""1370"", ""2190"", ""3301"", ""1300"", ""1301"", ""1302"", ""1761"", ""1303"", ""1304"", ""1305"", ""1306"", ""1432"", ""1433"", ""1434"", ""3297"", ""4241"", ""2310"", ""2311"", ""2312"", ""2313"", ""2314"", ""2315"", ""ESTACION_CORREGIDORA_SUR""]","[""95"", ""95"", ""95"", ""95"", ""95"", ""95"", ""90"", ""90"", ""90"", ""90"", ""90"", ""90"", ""90"", ""90"", ""90"", ""90"", ""97"", ""97"", ""97"", ""97"", ""97"", ""97"", ""97"", ""97"", ""CAMINATA""]",5.0,Av. Paseo de la Pirámide del Pueblito/Condominio Chichen Itzá,20.54367222,-100.4525639
3540,43.25208333333333,98,C23,1,28,2,Con transbordo,98 → 333,C23 → C42,Av. Prol. Zaragoza/Av. Hilario Frías y Soto,"[""3540"", ""1334"", ""1335"", ""1336"", ""1337"", ""1338"", ""1339"", ""1340"", ""1341"", ""1762"", ""1763"", ""2200"", ""4430"", ""1764"", ""1765"", ""1766"", ""2201"", ""4241"", ""2310"", ""3570"", ""3571"", ""3572"", ""2311"", ""2312"", ""2313"", ""2314"", ""2315"", ""ESTACION_CORREGIDORA_SUR""]","[""98"", ""98"", ""98"", ""98"", ""98"", ""98"", ""98"", ""98"", ""98"", ""98"", ""98"", ""98"", ""333"", ""333"", ""333"", ""333"", ""333"", ""333"", ""333"", ""333"", ""333"", ""333"", ""333"", ""333"", ""333"", ""333"", ""CAMINATA""]",5.0,16 de Septiembre/Jardín Emiliano Zapata,20.55263897,-100.4399686
3574,43.26499999999999,138,C30,3,26,4,Con transbordo,138 → 98 → 138 → 319,C30 → C23 → C30 → C24,Circ. Moisés Solana/Manuel Payno (Juzgados) → Cto Moises Solana/Paseo de Los Romancero (Prepa Sur) → Corregidora/Luis M Vega y Monroy,"[""3574"", ""3575"", ""2520"", ""2409"", ""2410"", ""2411"", ""2412"", ""2478"", ""2308"", ""2028"", ""2029"", ""2030"", ""2031"", ""2309"", ""1919"", ""1920"", ""1921"", ""4241"", ""2310"", ""2311"", ""2312"", ""2313"", ""2314"", ""2315"", ""5194"", ""ESTACION_CORREGIDORA_SUR""]","[""138"", ""138"", ""138"", ""138"", ""98"", ""138"", ""138"", ""138"", ""319"", ""319"", ""319"", ""319"", ""319"", ""319"", ""319"", ""319"", ""319"", ""319"", ""319"", ""319"", ""319"", ""319"", ""319"", ""319"", ""CAMINATA""]",5.0,Av. del Parque/Calle la Laguna,20.56925076,-100.381326
4115,43.26500000000001,337,C47,2,31,3,Con transbordo,337 → 336 → 319,C47 → C46 → C24,Av. Candiles/Parque Candiles Skate Park → Av. Tecnológico/José María Arteaga,"[""4115"", ""4116"", ""2506"", ""2507"", ""2626"", ""2259"", ""2260"", ""2261"", ""2262"", ""2263"", ""3023"", ""2264"", ""4393"", ""2199"", ""1762"", ""1763"", ""2200"", ""4430"", ""1764"", ""1765"", ""1766"", ""2201"", ""4241"", ""2310"", ""2311"", ""2312"", ""2313"", ""2314"", ""2315"", ""5194"", ""ESTACION_CORREGIDORA_SUR""]","[""337"", ""337"", ""337"", ""337"", ""337"", ""336"", ""336"", ""336"", ""336"", ""336"", ""336"", ""336"", ""336"", ""336"", ""336"", ""336"", ""336"", ""336"", ""336"", ""336"", ""336"", ""336"", ""319"", ""319"", ""319"", ""319"", ""319"", ""319"", ""319"", ""CAMINATA""]",5.0,Calle Francisco Alcocer/Eulogio Marroquín,20.541074459751,-100.40077715212
2236,43.315000000000005,322,C29,2,32,3,Con transbordo,322 → 376 → 319,C29 → T08 → C24,Av. del Parque/Home Depot → Vicente Guerrero,"[""2236"", ""2237"", ""2238"", ""2239"", ""2240"", ""2211"", ""2485"", ""2486"", ""5107"", ""2519"", ""3578"", ""2216"", ""2217"", ""2218"", ""2219"", ""2032"", ""2023"", ""2024"", ""2856"", ""1918"", ""1919"", ""1920"", ""1921"", ""4241"", ""2310"", ""2311"", ""2312"", ""2313"", ""2314"", ""2315"", ""5194"", ""ESTACION_CORREGIDORA_SUR""]","[""322"", ""322"", ""322"", ""322"", ""322"", ""322"", ""322"", ""322"", ""322"", ""376"", ""376"", ""376"", ""376"", ""376"", ""376"", ""376"", ""376"", ""376"", ""376"", ""376"", ""319"", ""319"", ""319"", ""319"", ""319"", ""319"", ""319"", ""319"", ""319"", ""319"", ""CAMINATA""]",5.0,Prol. Luis Pasteur/Emilio Portes Gil,20.564508995623,-100.38326140518
2562,43.33166666666666,337,C47,3,18,4,Con transbordo,337 → 234 → 338 → 319,C47 → L117 → C48 → C24,Calle Antonio Carranza/Blvd. de Las Américas → Blvd. de Las Américas/Carlos Esquerro → Av. Tecnológico/José María Arteaga,"[""2562"", ""2563"", ""2614"", ""2615"", ""2418"", ""2419"", ""5180"", ""2672"", ""2201"", ""4241"", ""2310"", ""2311"", ""2312"", ""2313"", ""2314"", ""2315"", ""5194"", ""ESTACION_CORREGIDORA_SUR""]","[""337"", ""337"", ""337"", ""234"", ""338"", ""338"", ""338"", ""338"", ""338"", ""319"", ""319"", ""319"", ""319"", ""319"", ""319"", ""319"", ""CAMINATA""]",5.0,Calle 33/Av. 26,20.56419289,-100.3927894
2036,43.39833333333334,337,C47,2,32,3,Con transbordo,337 → 325 → 319,C47 → C34 → C24,Av. Luis Vega Monrroy/Prol. del Cimatario → Av. Tecnológico/Itq,"[""2036"", ""2971"", ""2972"", ""2037"", ""2245"", ""2038"", ""2039"", ""2246"", ""2017"", ""2018"", ""2019"", ""2020"", ""2021"", ""2450"", ""2451"", ""1471"", ""1470"", ""1469"", ""1439"", ""1438"", ""2537"", ""1920"", ""1921"", ""4241"", ""2310"", ""2311"", ""2312"", ""2313"", ""2314"", ""2315"", ""5194"", ""ESTACION_CORREGIDORA_SUR""]","[""337"", ""337"", ""337"", ""337"", ""325"", ""325"", ""325"", ""325"", ""325"", ""325"", ""325"", ""325"", ""325"", ""325"", ""325"", ""325"", ""325"", ""325"", ""325"", ""325"", ""325"", ""325"", ""325"", ""325"", ""325"", ""325"", ""325"", ""319"", ""319"", ""319"", ""CAMINATA""]",5.0,Avenida Luis Vega Monrroy/Av. Luis Pasteur Sur,20.575713730472,-100.3831101327
2493,43.46500000000001,98,C23,2,28,3,Con transbordo,98 → 134 → 319,C23 → C26 → C24,Av. Colinas del Cimatario/Cerro del Peñón → Vicente Guerrero,"[""2493"", ""4130"", ""2490"", ""2448"", ""2449"", ""2404"", ""2405"", ""2020"", ""2021"", ""2450"", ""2451"", ""2452"", ""2453"", ""1881"", ""1879"", ""1918"", ""1919"", ""1920"", ""1921"", ""4241"", ""2310"", ""2311"", ""2312"", ""2313"", ""2314"", ""2315"", ""5194"", ""ESTACION_CORREGIDORA_SUR""]","[""98"", ""98"", ""98"", ""134"", ""134"", ""134"", ""134"", ""134"", ""134"", ""134"", ""134"", ""134"", ""134"", ""134"", ""134"", ""134"", ""319"", ""319"", ""319"", ""319"", ""319"", ""319"", ""319"", ""319"", ""319"", ""319"", ""CAMINATA""]",5.0,Av. del Parque/Las Huertas,20.565202593312,-100.37767991492
4358,43.543749999999996,129,L101,2,46,3,Con transbordo,129 → 90 → 97,L101 → L51 → C22,Pueblo Nuevo → Constitución de 1917,"[""4358"", ""1311"", ""5209"", ""1312"", ""1313"", ""1424"", ""1352"", ""1372"", ""1441"", ""1373"", ""1442"", ""1443"", ""1374"", ""1375"", ""1444"", ""1362"", ""1363"", ""1364"", ""1445"", ""1365"", ""1446"", ""1366"", ""1447"", ""1367"", ""1431"", ""4111"", ""1300"", ""1301"", ""1302"", ""1761"", ""1303"", ""1304"", ""1305"", ""1306"", ""1432"", ""1433"", ""1434"", ""3297"", ""4241"", ""2310"", ""2311"", ""2312"", ""2313"", ""2314"", ""2315"", ""ESTACION_CORREGIDORA_SUR""]","[""129"", ""90"", ""90"", ""90"", ""90"", ""90"", ""90"", ""90"", ""90"", ""90"", ""90"", ""90"", ""90"", ""90"", ""90"", ""90"", ""90"", ""90"", ""90"", ""90"", ""90"", ""90"", ""90"", ""90"", ""90"", ""90"", ""90"", ""90"", ""90"", ""90"", ""90"", ""90"", ""90"", ""90"", ""90"", ""90"", ""97"", ""97"", ""97"", ""97"", ""97"", ""97"", ""97"", ""97"", ""CAMINATA""]",5.0,Av. Don Bosco/Plaza Don Bosco,20.549269490284,-100.42948828581
2355,43.548333333333325,341,C51,3,20,4,Con transbordo,341 → 234 → 338 → 319,C51 → L117 → C48 → C24,Calle Antonio Carranza/Blvd. de Las Américas → Blvd. de Las Américas/Carlos Esquerro → Av. Tecnológico/José María Arteaga,"[""2355"", ""2612"", ""2613"", ""3327"", ""2614"", ""2615"", ""2418"", ""2419"", ""5180"", ""2672"", ""2201"", ""4241"", ""2310"", ""2311"", ""2312"", ""2313"", ""2314"", ""2315"", ""5194"", ""ESTACION_CORREGIDORA_SUR""]","[""341"", ""341"", ""341"", ""341"", ""341"", ""234"", ""338"", ""338"", ""338"", ""338"", ""338"", ""319"", ""319"", ""319"", ""319"", ""319"", ""319"", ""319"", ""CAMINATA""]",5.0,Calle 24/Calle 37,20.565314,-100.394019
4137,43.598333333333336,341,C51,3,24,4,Con transbordo,341 → 322 → 338 → 319,C51 → C29 → C48 → C24,Av. Candiles/Plaza Candiles → Blvd. de Las Américas/Río Lerma → Av. Tecnológico/José María Arteaga,"[""4137"", ""2508"", ""2509"", ""4138"", ""2291"", ""2292"", ""2293"", ""2294"", ""2295"", ""2296"", ""2418"", ""2419"", ""5180"", ""2672"", ""2201"", ""4241"", ""2310"", ""2311"", ""2312"", ""2313"", ""2314"", ""2315"", ""5194"", ""ESTACION_CORREGIDORA_SUR""]","[""341"", ""322"", ""322"", ""322"", ""338"", ""338"", ""338"", ""338"", ""338"", ""338"", ""338"", ""338"", ""338"", ""338"", ""338"", ""319"", ""319"", ""319"", ""319"", ""319"", ""319"", ""319"", ""CAMINATA""]",5.0,Av. Camino Real/Av. Candiles,20.547715691161,-100.39888930806
5067,43.61875,335,C44,1,34,2,Con transbordo,335 → 321,C44 → C27,Prol. Luis Pasteur/Av. 26,"[""5067"", ""5068"", ""5069"", ""2297"", ""2298"", ""2510"", ""2511"", ""2512"", ""2513"", ""2514"", ""2515"", ""2516"", ""3686"", ""2517"", ""2214"", ""2215"", ""2478"", ""2308"", ""2028"", ""2029"", ""2030"", ""2031"", ""2309"", ""1919"", ""1920"", ""1921"", ""4241"", ""2310"", ""2311"", ""2312"", ""2313"", ""2314"", ""2315"", ""ESTACION_CORREGIDORA_SUR""]","[""335"", ""335"", ""335"", ""335"", ""335"", ""335"", ""335"", ""335"", ""335"", ""335"", ""335"", ""335"", ""335"", ""335"", ""321"", ""321"", ""321"", ""321"", ""321"", ""321"", ""321"", ""321"", ""321"", ""321"", ""321"", ""321"", ""321"", ""321"", ""321"", ""321"", ""321"", ""321"", ""CAMINATA""]",5.0,Antonio Carranza/Armando Ostos,20.558885171237,-100.40144711081
2854,43.71875,371,T03,1,28,2,Con transbordo,371 → 321,T03 → C27,Luis Pasteur/Calle 13,"[""2854"", ""2855"", ""2209"", ""5161"", ""2210"", ""2211"", ""2212"", ""2213"", ""2214"", ""2215"", ""2478"", ""2308"", ""2028"", ""2029"", ""2030"", ""2031"", ""2309"", ""1919"", ""1920"", ""1921"", ""4241"", ""2310"", ""2311"", ""2312"", ""2313"", ""2314"", ""2315"", ""ESTACION_CORREGIDORA_SUR""]","[""371"", ""371"", ""371"", ""371"", ""371"", ""371"", ""321"", ""321"", ""321"", ""321"", ""321"", ""321"", ""321"", ""321"", ""321"", ""321"", ""321"", ""321"", ""321"", ""321"", ""321"", ""321"", ""321"", ""321"", ""321"", ""321"", ""CAMINATA""]",5.0,Blvd. de Los Gobernadores/Calle 6,20.54753588,-100.3817996
3862,43.73166666666666,99,T01,2,26,3,Con transbordo,99 → 325 → 319,T01 → C34 → C24,Bicentenario → Av. Tecnológico/Itq,"[""3862"", ""3781"", ""4445"", ""1449"", ""3485"", ""1450"", ""1475"", ""1476"", ""1472"", ""1471"", ""1470"", ""1469"", ""1439"", ""1438"", ""2537"", ""1920"", ""1921"", ""4241"", ""2310"", ""2311"", ""2312"", ""2313"", ""2314"", ""2315"", ""5194"", ""ESTACION_CORREGIDORA_SUR""]","[""99"", ""99"", ""99"", ""99"", ""99"", ""99"", ""99"", ""325"", ""325"", ""325"", ""325"", ""325"", ""325"", ""325"", ""325"", ""325"", ""325"", ""325"", ""325"", ""325"", ""325"", ""319"", ""319"", ""319"", ""CAMINATA""]",5.0,Prol. Constituyentes Oriente/Cumbres del Marqués,20.59688231245,-100.31291569973
2364,43.748333333333335,233,L113,3,25,4,Con transbordo,233 → 326 → 338 → 319,L113 → C35 → C48 → C24,Blvd. de Las Américas/Calle Cerro del Zamorano → Blvd. de Las Américas/Cerro del Fraile → Av. Tecnológico/José María Arteaga,"[""2364"", ""2365"", ""4129"", ""2290"", ""3600"", ""2291"", ""2292"", ""2293"", ""2294"", ""2295"", ""2296"", ""2418"", ""2419"", ""5180"", ""2672"", ""2201"", ""4241"", ""2310"", ""2311"", ""2312"", ""2313"", ""2314"", ""2315"", ""5194"", ""ESTACION_CORREGIDORA_SUR""]","[""233"", ""326"", ""326"", ""338"", ""338"", ""338"", ""338"", ""338"", ""338"", ""338"", ""338"", ""338"", ""338"", ""338"", ""338"", ""338"", ""319"", ""319"", ""319"", ""319"", ""319"", ""319"", ""319"", ""CAMINATA""]",5.0,Blvd. de Las Américas/Río Mayo,20.54865982,-100.3923866
3809,43.76500000000001,352,C64,2,27,3,Con transbordo,352 → 325 → 319,C64 → C34 → C24,Alameda → Av. Tecnológico/Itq,"[""3809"", ""3810"", ""3811"", ""3812"", ""4404"", ""3813"", ""5104"", ""1475"", ""1476"", ""1472"", ""1471"", ""1470"", ""1469"", ""1439"", ""1438"", ""2537"", ""1920"", ""1921"", ""4241"", ""2310"", ""2311"", ""2312"", ""2313"", ""2314"", ""2315"", ""5194"", ""ESTACION_CORREGIDORA_SUR""]","[""352"", ""352"", ""352"", ""352"", ""352"", ""352"", ""352"", ""352"", ""352"", ""352"", ""352"", ""352"", ""352"", ""325"", ""325"", ""325"", ""325"", ""325"", ""325"", ""325"", ""325"", ""325"", ""319"", ""319"", ""319"", ""CAMINATA""]",5.0,Carr. Federal No. 57/Tum,20.569999518667,-100.30356776331
3019,43.793749999999996,408,C73,2,26,3,Con transbordo,408 → 90 → 97,C73 → L51 → C22,Carr. Coroneo/Av. Paseo Constituyentes → Constitución de 1917,"[""3019"", ""4274"", ""4275"", ""5119"", ""5205"", ""4111"", ""1300"", ""1301"", ""1302"", ""1761"", ""1303"", ""1304"", ""1305"", ""1306"", ""1432"", ""1433"", ""1434"", ""3297"", ""4241"", ""2310"", ""2311"", ""2312"", ""2313"", ""2314"", ""2315"", ""ESTACION_CORREGIDORA_SUR""]","[""408"", ""408"", ""408"", ""408"", ""408"", ""90"", ""90"", ""90"", ""90"", ""90"", ""90"", ""90"", ""90"", ""90"", ""90"", ""90"", ""97"", ""97"", ""97"", ""97"", ""97"", ""97"", ""97"", ""97"", ""CAMINATA""]",5.0,Libramiento Surponiente/Calle Camino Real,20.532190028627,-100.40292934322
1290,43.793749999999996,337,C47,2,31,3,Con transbordo,337 → 90 → 97,C47 → L51 → C22,Santa Bárbara → Constitución de 1917,"[""1290"", ""1291"", ""4142"", ""1292"", ""1293"", ""1294"", ""1295"", ""1296"", ""1297"", ""1298"", ""1299"", ""1300"", ""1301"", ""1302"", ""1761"", ""1303"", ""1304"", ""1305"", ""1306"", ""1432"", ""1433"", ""1434"", ""3297"", ""4241"", ""2310"", ""2311"", ""2312"", ""2313"", ""2314"", ""2315"", ""ESTACION_CORREGIDORA_SUR""]","[""337"", ""337"", ""337"", ""337"", ""337"", ""337"", ""337"", ""337"", ""337"", ""337"", ""337"", ""90"", ""90"", ""90"", ""90"", ""90"", ""90"", ""90"", ""90"", ""90"", ""90"", ""97"", ""97"", ""97"", ""97"", ""97"", ""97"", ""97"", ""97"", ""CAMINATA""]",5.0,Camino Al Cerrito/Av. Fray Eulalio Hernández Rivera,20.549909129603,-100.44517297442
2671,43.79833333333334,337,C47,2,33,3,Con transbordo,337 → 325 → 319,C47 → C34 → C24,Av. Luis Vega Monrroy/Prol. del Cimatario → Av. Tecnológico/Itq,"[""2671"", ""2036"", ""2971"", ""2972"", ""2037"", ""2245"", ""2038"", ""2039"", ""2246"", ""2017"", ""2018"", ""2019"", ""2020"", ""2021"", ""2450"", ""2451"", ""1471"", ""1470"", ""1469"", ""1439"", ""1438"", ""2537"", ""1920"", ""1921"", ""4241"", ""2310"", ""2311"", ""2312"", ""2313"", ""2314"", ""2315"", ""5194"", ""ESTACION_CORREGIDORA_SUR""]","[""337"", ""337"", ""337"", ""337"", ""337"", ""325"", ""325"", ""325"", ""325"", ""325"", ""325"", ""325"", ""325"", ""325"", ""325"", ""325"", ""325"", ""325"", ""325"", ""325"", ""325"", ""325"", ""325"", ""325"", ""325"", ""325"", ""325"", ""325"", ""319"", ""319"", ""319"", ""CAMINATA""]",5.0,Av. Luis Vega Monrroy/Prol. Corregidora Sur,20.57550716,-100.384206
4150,43.89833333333334,322,C29,2,29,3,Con transbordo,322 → 338 → 319,C29 → C48 → C24,Blvd. de Las Américas/Río Lerma → Av. Tecnológico/José María Arteaga,"[""4150"", ""3022"", ""5223"", ""4116"", ""2506"", ""2507"", ""2508"", ""2509"", ""4138"", ""2291"", ""2292"", ""2293"", ""2294"", ""2295"", ""2296"", ""2418"", ""2419"", ""5180"", ""2672"", ""2201"", ""4241"", ""2310"", ""2311"", ""2312"", ""2313"", ""2314"", ""2315"", ""5194"", ""ESTACION_CORREGIDORA_SUR""]","[""322"", ""322"", ""322"", ""322"", ""322"", ""322"", ""322"", ""322"", ""322"", ""338"", ""338"", ""338"", ""338"", ""338"", ""338"", ""338"", ""338"", ""338"", ""338"", ""338"", ""319"", ""319"", ""319"", ""319"", ""319"", ""319"", ""319"", ""CAMINATA""]",5.0,de Las Flores/Bosques de Sauce,20.53439575,-100.3924194
2235,43.915000000000006,322,C29,2,33,3,Con transbordo,322 → 376 → 319,C29 → T08 → C24,Av. del Parque/Home Depot → Vicente Guerrero,"[""2235"", ""2236"", ""2237"", ""2238"", ""2239"", ""2240"", ""2211"", ""2485"", ""2486"", ""5107"", ""2519"", ""3578"", ""2216"", ""2217"", ""2218"", ""2219"", ""2032"", ""2023"", ""2024"", ""2856"", ""1918"", ""1919"", ""1920"", ""1921"", ""4241"", ""2310"", ""2311"", ""2312"", ""2313"", ""2314"", ""2315"", ""5194"", ""ESTACION_CORREGIDORA_SUR""]","[""322"", ""322"", ""322"", ""322"", ""322"", ""322"", ""322"", ""322"", ""322"", ""322"", ""376"", ""376"", ""376"", ""376"", ""376"", ""376"", ""376"", ""376"", ""376"", ""376"", ""376"", ""319"", ""319"", ""319"", ""319"", ""319"", ""319"", ""319"", ""319"", ""319"", ""319"", ""CAMINATA""]",5.0,Luis Pasteur Sur/Av Presidentes,20.566214254513,-100.38320391968
3226,43.918749999999996,381,L155,1,20,2,Con transbordo,381 → 333,L155 → C42,Av. Prol. Zaragoza/Av. Hilario Frías y Soto,"[""3226"", ""4098"", ""4099"", ""3777"", ""4430"", ""1764"", ""1765"", ""1766"", ""2201"", ""4241"", ""2310"", ""3570"", ""3571"", ""3572"", ""2311"", ""2312"", ""2313"", ""2314"", ""2315"", ""ESTACION_CORREGIDORA_SUR""]","[""381"", ""381"", ""381"", ""381"", ""333"", ""333"", ""333"", ""333"", ""333"", ""333"", ""333"", ""333"", ""333"", ""333"", ""333"", ""333"", ""333"", ""333"", ""CAMINATA""]",5.0,Carr. Al Campo Militar/Kellogg'S México,20.594907325291,-100.42055160859
3687,43.92708333333333,370,T02,2,26,3,Con transbordo,370 → 90 → 97,T02 → L51 → C22,Tejeda → Constitución de 1917,"[""3687"", ""3688"", ""3727"", ""3616"", ""3617"", ""1772"", ""1773"", ""2197"", ""2198"", ""1308"", ""1309"", ""1304"", ""1305"", ""1306"", ""1432"", ""1433"", ""1434"", ""3297"", ""4241"", ""2310"", ""2311"", ""2312"", ""2313"", ""2314"", ""2315"", ""ESTACION_CORREGIDORA_SUR""]","[""370"", ""370"", ""370"", ""370"", ""370"", ""370"", ""370"", ""370"", ""370"", ""370"", ""370"", ""90"", ""90"", ""90"", ""90"", ""90"", ""97"", ""97"", ""97"", ""97"", ""97"", ""97"", ""97"", ""97"", ""CAMINATA""]",5.0,José Antonio García Jimeno/Albergue del Dif,20.573922427951,-100.41838805242
1349,44.00208333333332,97,C22,2,33,3,Con transbordo,97 → 90 → 97,C22 → L51 → C22,Santa Bárbara → Constitución de 1917,"[""1349"", ""3655"", ""1350"", ""1351"", ""4142"", ""1292"", ""1293"", ""1294"", ""1295"", ""1296"", ""1297"", ""1298"", ""1299"", ""1300"", ""1301"", ""1302"", ""1761"", ""1303"", ""1304"", ""1305"", ""1306"", ""1432"", ""1433"", ""1434"", ""3297"", ""4241"", ""2310"", ""2311"", ""2312"", ""2313"", ""2314"", ""2315"", ""ESTACION_CORREGIDORA_SUR""]","[""97"", ""97"", ""97"", ""97"", ""97"", ""97"", ""97"", ""97"", ""97"", ""97"", ""97"", ""97"", ""97"", ""90"", ""90"", ""90"", ""90"", ""90"", ""90"", ""90"", ""90"", ""90"", ""90"", ""97"", ""97"", ""97"", ""97"", ""97"", ""97"", ""97"", ""97"", ""CAMINATA""]",5.0,Vicente Guerrero/Calle Norberto Aguirre,20.554043394624,-100.43728431416
2407,44.065,98,C23,2,29,3,Con transbordo,98 → 376 → 319,C23 → T08 → C24,Blvd. Centro Sur/Av. del Parque → Vicente Guerrero,"[""2407"", ""2460"", ""2461"", ""2462"", ""2463"", ""2518"", ""2519"", ""3578"", ""2216"", ""2217"", ""2218"", ""2219"", ""2032"", ""2023"", ""2024"", ""2856"", ""1918"", ""1919"", ""1920"", ""1921"", ""4241"", ""2310"", ""2311"", ""2312"", ""2313"", ""2314"", ""2315"", ""5194"", ""ESTACION_CORREGIDORA_SUR""]","[""98"", ""98"", ""98"", ""98"", ""98"", ""376"", ""376"", ""376"", ""376"", ""376"", ""376"", ""376"", ""376"", ""376"", ""376"", ""376"", ""376"", ""319"", ""319"", ""319"", ""319"", ""319"", ""319"", ""319"", ""319"", ""319"", ""319"", ""CAMINATA""]",5.0,Av.Magisterio (Cimatario)/Pza. Santa Ana,20.575225021974,-100.37323603018
1399,44.07708333333333,92,L53,3,23,4,Con transbordo,92 → 255 → 90 → 97,L53 → T11 → L51 → C22,Terminal Balvanera → Santa Bárbara → Constitución de 1917,"[""1399"", ""2190"", ""3301"", ""1300"", ""1301"", ""1302"", ""1761"", ""1303"", ""1304"", ""1305"", ""1306"", ""1432"", ""1433"", ""1434"", ""3297"", ""4241"", ""2310"", ""2311"", ""2312"", ""2313"", ""2314"", ""2315"", ""ESTACION_CORREGIDORA_SUR""]","[""92"", ""255"", ""255"", ""90"", ""90"", ""90"", ""90"", ""90"", ""90"", ""90"", ""90"", ""90"", ""90"", ""97"", ""97"", ""97"", ""97"", ""97"", ""97"", ""97"", ""97"", ""CAMINATA""]",5.0,Libramiento Sur Poniente/Geranios,20.529821727001,-100.45232223694
2625,44.131666666666675,333,C42,1,26,2,Con transbordo,333 → 319,C42 → C24,Vicente Guerrero,"[""2625"", ""3577"", ""5107"", ""2519"", ""3578"", ""2216"", ""2217"", ""2218"", ""2219"", ""2032"", ""2023"", ""2024"", ""2856"", ""1918"", ""1919"", ""1920"", ""1921"", ""4241"", ""2310"", ""2311"", ""2312"", ""2313"", ""2314"", ""2315"", ""5194"", ""ESTACION_CORREGIDORA_SUR""]","[""333"", ""333"", ""333"", ""333"", ""333"", ""333"", ""333"", ""333"", ""333"", ""333"", ""333"", ""333"", ""333"", ""333"", ""319"", ""319"", ""319"", ""319"", ""319"", ""319"", ""319"", ""319"", ""319"", ""319"", ""CAMINATA""]",5.0,Cumbres del Cimatario,20.54627691,-100.3500702
1416,44.16041666666666,95,L56,2,27,3,Con transbordo,95 → 90 → 97,L56 → L51 → C22,Santa Bárbara → Constitución de 1917,"[""1416"", ""1417"", ""1419"", ""1401"", ""1370"", ""2190"", ""3301"", ""1300"", ""1301"", ""1302"", ""1761"", ""1303"", ""1304"", ""1305"", ""1306"", ""1432"", ""1433"", ""1434"", ""3297"", ""4241"", ""2310"", ""2311"", ""2312"", ""2313"", ""2314"", ""2315"", ""ESTACION_CORREGIDORA_SUR""]","[""95"", ""95"", ""95"", ""95"", ""95"", ""95"", ""95"", ""90"", ""90"", ""90"", ""90"", ""90"", ""90"", ""90"", ""90"", ""90"", ""90"", ""97"", ""97"", ""97"", ""97"", ""97"", ""97"", ""97"", ""97"", ""CAMINATA""]",5.0,Av. Paseo de la Pirámide del Pueblito/Privada Monte Albán,20.545381021625,-100.45545603913
2492,44.26875,322,C29,1,30,2,Con transbordo,322 → 321,C29 → C27,Circ. Lázaro Cárdenas/Prol. Pasteur Sur,"[""2492"", ""2493"", ""4130"", ""2495"", ""4147"", ""2496"", ""2497"", ""2477"", ""2212"", ""2213"", ""2214"", ""2215"", ""2478"", ""2308"", ""2028"", ""2029"", ""2030"", ""2031"", ""2309"", ""1919"", ""1920"", ""1921"", ""4241"", ""2310"", ""2311"", ""2312"", ""2313"", ""2314"", ""2315"", ""ESTACION_CORREGIDORA_SUR""]","[""322"", ""322"", ""322"", ""322"", ""322"", ""322"", ""322"", ""321"", ""321"", ""321"", ""321"", ""321"", ""321"", ""321"", ""321"", ""321"", ""321"", ""321"", ""321"", ""321"", ""321"", ""321"", ""321"", ""321"", ""321"", ""321"", ""321"", ""321"", ""CAMINATA""]",5.0,Plaza Zimapán/Av.Del Parque,20.56624893688,-100.37751823327
4149,44.28166666666667,322,C29,2,30,3,Con transbordo,322 → 338 → 319,C29 → C48 → C24,Blvd. de Las Américas/Río Lerma → Av. Tecnológico/José María Arteaga,"[""4149"", ""4150"", ""3022"", ""5223"", ""4116"", ""2506"", ""2507"", ""2508"", ""2509"", ""4138"", ""2291"", ""2292"", ""2293"", ""2294"", ""2295"", ""2296"", ""2418"", ""2419"", ""5180"", ""2672"", ""2201"", ""4241"", ""2310"", ""2311"", ""2312"", ""2313"", ""2314"", ""2315"", ""5194"", ""ESTACION_CORREGIDORA_SUR""]","[""322"", ""322"", ""322"", ""322"", ""322"", ""322"", ""322"", ""322"", ""322"", ""322"", ""338"", ""338"", ""338"", ""338"", ""338"", ""338"", ""338"", ""338"", ""338"", ""338"", ""338"", ""319"", ""319"", ""319"", ""319"", ""319"", ""319"", ""319"", ""CAMINATA""]",5.0,Bosques de Castañon/A El Paraíso,20.53332122,-100.3923976
2638,44.30208333333333,335,C44,1,35,2,Con transbordo,335 → 321,C44 → C27,Prol. Luis Pasteur/Av. 26,"[""2638"", ""5067"", ""5068"", ""5069"", ""2297"", ""2298"", ""2510"", ""2511"", ""2512"", ""2513"", ""2514"", ""2515"", ""2516"", ""3686"", ""2517"", ""2214"", ""2215"", ""2478"", ""2308"", ""2028"", ""2029"", ""2030"", ""2031"", ""2309"", ""1919"", ""1920"", ""1921"", ""4241"", ""2310"", ""2311"", ""2312"", ""2313"", ""2314"", ""2315"", ""ESTACION_CORREGIDORA_SUR""]","[""335"", ""335"", ""335"", ""335"", ""335"", ""335"", ""335"", ""335"", ""335"", ""335"", ""335"", ""335"", ""335"", ""335"", ""335"", ""321"", ""321"", ""321"", ""321"", ""321"", ""321"", ""321"", ""321"", ""321"", ""321"", ""321"", ""321"", ""321"", ""321"", ""321"", ""321"", ""321"", ""321"", ""CAMINATA""]",5.0,Av. Chabacano/Manuel González Rubio,20.55800134,-100.4027407
2489,44.318749999999994,139,C32,1,30,2,Con transbordo,139 → 321,C32 → C27,Cobá/Blvd de Los Gobernadores,"[""2489"", ""2472"", ""2473"", ""2474"", ""5078"", ""2475"", ""2476"", ""2477"", ""2212"", ""2213"", ""2214"", ""2215"", ""2478"", ""2308"", ""2028"", ""2029"", ""2030"", ""2031"", ""2309"", ""1919"", ""1920"", ""1921"", ""4241"", ""2310"", ""2311"", ""2312"", ""2313"", ""2314"", ""2315"", ""ESTACION_CORREGIDORA_SUR""]","[""139"", ""321"", ""321"", ""321"", ""321"", ""321"", ""321"", ""321"", ""321"", ""321"", ""321"", ""321"", ""321"", ""321"", ""321"", ""321"", ""321"", ""321"", ""321"", ""321"", ""321"", ""321"", ""321"", ""321"", ""321"", ""321"", ""321"", ""321"", ""CAMINATA""]",5.0,Blvd de Los Gobernadores/Labná,20.554379742526,-100.37166996017
2466,44.33166666666666,134,C26,2,33,3,Con transbordo,134 → 325 → 319,C26 → C34 → C24,Terminal de Autobuses de Querétaro/Paradero → Av. Tecnológico/Itq,"[""2466"", ""3661"", ""2467"", ""5195"", ""2468"", ""2470"", ""2471"", ""3596"", ""2246"", ""2017"", ""2018"", ""2019"", ""2020"", ""2021"", ""2450"", ""2451"", ""1471"", ""1470"", ""1469"", ""1439"", ""1438"", ""2537"", ""1920"", ""1921"", ""4241"", ""2310"", ""2311"", ""2312"", ""2313"", ""2314"", ""2315"", ""5194"", ""ESTACION_CORREGIDORA_SUR""]","[""134"", ""134"", ""134"", ""134"", ""134"", ""134"", ""134"", ""134"", ""325"", ""325"", ""325"", ""325"", ""325"", ""325"", ""325"", ""325"", ""325"", ""325"", ""325"", ""325"", ""325"", ""325"", ""325"", ""325"", ""325"", ""325"", ""325"", ""325"", ""319"", ""319"", ""319"", ""CAMINATA""]",5.0,Fray Luis de Leon/Plaza Centro Sur,20.568196655559,-100.36692240669
5106,44.36041666666667,134,C26,3,22,4,Con transbordo,134 → 136 → 326 → 344,C26 → C28 → C35 → C54,Fray Diego de Landa/Chedraui Centro Sur → Independencia/Capuchinas → Av. Universidad/Hospital Sagrado Corazón de Jesús,"[""5106"", ""3344"", ""2442"", ""2471"", ""3596"", ""2021"", ""2450"", ""2451"", ""2452"", ""2453"", ""2547"", ""2548"", ""2549"", ""2550"", ""2551"", ""2956"", ""2552"", ""2393"", ""2394"", ""2316"", ""5200"", ""ESTACION_CORREGIDORA_SUR""]","[""134"", ""134"", ""136"", ""136"", ""136"", ""136"", ""136"", ""136"", ""136"", ""326"", ""326"", ""326"", ""326"", ""326"", ""326"", ""326"", ""344"", ""344"", ""344"", ""344"", ""CAMINATA""]",5.0,Av. Fray Luis de León/Salón de Eventos Bleu,20.568547972671,-100.36737225363
1348,44.37708333333332,97,C22,2,34,3,Con transbordo,97 → 90 → 97,C22 → L51 → C22,Santa Bárbara → Constitución de 1917,"[""1348"", ""1349"", ""3655"", ""1350"", ""1351"", ""4142"", ""1292"", ""1293"", ""1294"", ""1295"", ""1296"", ""1297"", ""1298"", ""1299"", ""1300"", ""1301"", ""1302"", ""1761"", ""1303"", ""1304"", ""1305"", ""1306"", ""1432"", ""1433"", ""1434"", ""3297"", ""4241"", ""2310"", ""2311"", ""2312"", ""2313"", ""2314"", ""2315"", ""ESTACION_CORREGIDORA_SUR""]","[""97"", ""97"", ""97"", ""97"", ""97"", ""97"", ""97"", ""97"", ""97"", ""97"", ""97"", ""97"", ""97"", ""97"", ""90"", ""90"", ""90"", ""90"", ""90"", ""90"", ""90"", ""90"", ""90"", ""90"", ""97"", ""97"", ""97"", ""97"", ""97"", ""97"", ""97"", ""97"", ""CAMINATA""]",5.0,Calle Norberto Aguirre/Corregidora,20.554067381015,-100.43615810442
2666,44.431666666666665,233,L113,2,33,3,Con transbordo,233 → 336 → 319,L113 → C46 → C24,Fresno/Maravillas → Av. Tecnológico/José María Arteaga,"[""2666"", ""2667"", ""2255"", ""2639"", ""2640"", ""2641"", ""2258"", ""2259"", ""2260"", ""2261"", ""2262"", ""2263"", ""3023"", ""2264"", ""4393"", ""2199"", ""1762"", ""1763"", ""2200"", ""4430"", ""1764"", ""1765"", ""1766"", ""2201"", ""4241"", ""2310"", ""2311"", ""2312"", ""2313"", ""2314"", ""2315"", ""5194"", ""ESTACION_CORREGIDORA_SUR""]","[""233"", ""233"", ""233"", ""336"", ""336"", ""336"", ""336"", ""336"", ""336"", ""336"", ""336"", ""336"", ""336"", ""336"", ""336"", ""336"", ""336"", ""336"", ""336"", ""336"", ""336"", ""336"", ""336"", ""336"", ""319"", ""319"", ""319"", ""319"", ""319"", ""319"", ""319"", ""CAMINATA""]",5.0,Camino A Los Olvera/Av. Vallendar,20.53428917,-100.4131672
5079,44.44833333333333,335,C44,3,21,4,Con transbordo,335 → 337 → 338 → 319,C44 → C47 → C48 → C24,Calle Antonio Acona/Calle Antonio Carranza → Blvd. de Las Américas/Calle Antonio Rivera de la Torre → Av. Tecnológico/José María Arteaga,"[""5079"", ""2636"", ""2668"", ""2669"", ""2294"", ""2295"", ""2296"", ""2418"", ""2419"", ""5180"", ""2672"", ""2201"", ""4241"", ""2310"", ""2311"", ""2312"", ""2313"", ""2314"", ""2315"", ""5194"", ""ESTACION_CORREGIDORA_SUR""]","[""335"", ""337"", ""337"", ""337"", ""338"", ""338"", ""338"", ""338"", ""338"", ""338"", ""338"", ""338"", ""319"", ""319"", ""319"", ""319"", ""319"", ""319"", ""319"", ""CAMINATA""]",5.0,Av. Chabacano/Av. Candiles,20.551220036995,-100.40946410939
4086,44.51500000000001,378,T10,1,24,2,Con transbordo,378 → 319,T10 → C24,Vicente Guerrero,"[""4086"", ""2471"", ""3596"", ""2081"", ""1901"", ""2082"", ""2161"", ""1883"", ""1882"", ""1881"", ""1879"", ""1918"", ""1919"", ""1920"", ""1921"", ""4241"", ""2310"", ""2311"", ""2312"", ""2313"", ""2314"", ""2315"", ""5194"", ""ESTACION_CORREGIDORA_SUR""]","[""378"", ""378"", ""378"", ""378"", ""378"", ""378"", ""378"", ""378"", ""378"", ""378"", ""378"", ""378"", ""319"", ""319"", ""319"", ""319"", ""319"", ""319"", ""319"", ""319"", ""319"", ""319"", ""CAMINATA""]",5.0,Prol. Bernardo Quintana/Blvd. Centro Sur,20.56298543256,-100.35638179292
2363,44.565000000000005,233,L113,3,26,4,Con transbordo,233 → 326 → 338 → 319,L113 → C35 → C48 → C24,Blvd. de Las Américas/Calle Cerro del Zamorano → Blvd. de Las Américas/Cerro del Fraile → Av. Tecnológico/José María Arteaga,"[""2363"", ""2364"", ""2365"", ""4129"", ""2290"", ""3600"", ""2291"", ""2292"", ""2293"", ""2294"", ""2295"", ""2296"", ""2418"", ""2419"", ""5180"", ""2672"", ""2201"", ""4241"", ""2310"", ""2311"", ""2312"", ""2313"", ""2314"", ""2315"", ""5194"", ""ESTACION_CORREGIDORA_SUR""]","[""233"", ""233"", ""326"", ""326"", ""338"", ""338"", ""338"", ""338"", ""338"", ""338"", ""338"", ""338"", ""338"", ""338"", ""338"", ""338"", ""338"", ""319"", ""319"", ""319"", ""319"", ""319"", ""319"", ""319"", ""CAMINATA""]",5.0,Blvd. de Las Américas/Río Balsas,20.55088622,-100.3935428
2502,44.581666666666656,341,C51,3,21,4,Con transbordo,341 → 234 → 338 → 319,C51 → L117 → C48 → C24,Calle Antonio Carranza/Blvd. de Las Américas → Blvd. de Las Américas/Carlos Esquerro → Av. Tecnológico/José María Arteaga,"[""2502"", ""2355"", ""2612"", ""2613"", ""3327"", ""2614"", ""2615"", ""2418"", ""2419"", ""5180"", ""2672"", ""2201"", ""4241"", ""2310"", ""2311"", ""2312"", ""2313"", ""2314"", ""2315"", ""5194"", ""ESTACION_CORREGIDORA_SUR""]","[""341"", ""341"", ""341"", ""341"", ""341"", ""341"", ""234"", ""338"", ""338"", ""338"", ""338"", ""338"", ""319"", ""319"", ""319"", ""319"", ""319"", ""319"", ""319"", ""CAMINATA""]",5.0,Calle 24/Calle 27,20.566134,-100.391377
1771,44.59374999999999,370,T02,2,27,3,Con transbordo,370 → 90 → 97,T02 → L51 → C22,Tejeda → Constitución de 1917,"[""1771"", ""3687"", ""3688"", ""3727"", ""3616"", ""3617"", ""1772"", ""1773"", ""2197"", ""2198"", ""1308"", ""1309"", ""1304"", ""1305"", ""1306"", ""1432"", ""1433"", ""1434"", ""3297"", ""4241"", ""2310"", ""2311"", ""2312"", ""2313"", ""2314"", ""2315"", ""ESTACION_CORREGIDORA_SUR""]","[""370"", ""370"", ""370"", ""370"", ""370"", ""370"", ""370"", ""370"", ""370"", ""370"", ""370"", ""370"", ""90"", ""90"", ""90"", ""90"", ""90"", ""97"", ""97"", ""97"", ""97"", ""97"", ""97"", ""97"", ""97"", ""CAMINATA""]",5.0,Hospital General,20.574470039181,-100.41648107064
2406,44.63166666666667,98,C23,2,30,3,Con transbordo,98 → 376 → 319,C23 → T08 → C24,Blvd. Centro Sur/Av. del Parque → Vicente Guerrero,"[""2406"", ""2407"", ""2460"", ""2461"", ""2462"", ""2463"", ""2518"", ""2519"", ""3578"", ""2216"", ""2217"", ""2218"", ""2219"", ""2032"", ""2023"", ""2024"", ""2856"", ""1918"", ""1919"", ""1920"", ""1921"", ""4241"", ""2310"", ""2311"", ""2312"", ""2313"", ""2314"", ""2315"", ""5194"", ""ESTACION_CORREGIDORA_SUR""]","[""98"", ""98"", ""98"", ""98"", ""98"", ""98"", ""376"", ""376"", ""376"", ""376"", ""376"", ""376"", ""376"", ""376"", ""376"", ""376"", ""376"", ""376"", ""319"", ""319"", ""319"", ""319"", ""319"", ""319"", ""319"", ""319"", ""319"", ""319"", ""CAMINATA""]",5.0,Av. Cimatario/De Santa Teresita,20.576417789193,-100.37373948178
3808,44.665000000000006,352,C64,2,28,3,Con transbordo,352 → 325 → 319,C64 → C34 → C24,Alameda → Av. Tecnológico/Itq,"[""3808"", ""3809"", ""3810"", ""3811"", ""3812"", ""4404"", ""3813"", ""5104"", ""1475"", ""1476"", ""1472"", ""1471"", ""1470"", ""1469"", ""1439"", ""1438"", ""2537"", ""1920"", ""1921"", ""4241"", ""2310"", ""2311"", ""2312"", ""2313"", ""2314"", ""2315"", ""5194"", ""ESTACION_CORREGIDORA_SUR""]","[""352"", ""352"", ""352"", ""352"", ""352"", ""352"", ""352"", ""352"", ""352"", ""352"", ""352"", ""352"", ""352"", ""352"", ""325"", ""325"", ""325"", ""325"", ""325"", ""325"", ""325"", ""325"", ""325"", ""319"", ""319"", ""319"", ""CAMINATA""]",5.0,Parque Industrial la Noria/Transpormex,20.570313300453,-100.29884524174
3674,44.77708333333332,96,C21,2,32,3,Con transbordo,96 → 90 → 97,C21 → L51 → C22,Santa Bárbara → Constitución de 1917,"[""3674"", ""1350"", ""1351"", ""4142"", ""1292"", ""1293"", ""1294"", ""1295"", ""1296"", ""1297"", ""1298"", ""1299"", ""1300"", ""1301"", ""1302"", ""1761"", ""1303"", ""1304"", ""1305"", ""1306"", ""1432"", ""1433"", ""1434"", ""3297"", ""4241"", ""2310"", ""2311"", ""2312"", ""2313"", ""2314"", ""2315"", ""ESTACION_CORREGIDORA_SUR""]","[""96"", ""96"", ""96"", ""96"", ""96"", ""96"", ""96"", ""96"", ""96"", ""96"", ""96"", ""96"", ""90"", ""90"", ""90"", ""90"", ""90"", ""90"", ""90"", ""90"", ""90"", ""90"", ""97"", ""97"", ""97"", ""97"", ""97"", ""97"", ""97"", ""97"", ""CAMINATA""]",5.0,Av. Santa María del Pueblito/Privada de Enebro,20.55515687,-100.4441995
2678,44.865,341,C51,3,25,4,Con transbordo,341 → 322 → 338 → 319,C51 → C29 → C48 → C24,Av. Candiles/Plaza Candiles → Blvd. de Las Américas/Río Lerma → Av. Tecnológico/José María Arteaga,"[""2678"", ""4137"", ""2508"", ""2509"", ""4138"", ""2291"", ""2292"", ""2293"", ""2294"", ""2295"", ""2296"", ""2418"", ""2419"", ""5180"", ""2672"", ""2201"", ""4241"", ""2310"", ""2311"", ""2312"", ""2313"", ""2314"", ""2315"", ""5194"", ""ESTACION_CORREGIDORA_SUR""]","[""341"", ""341"", ""322"", ""322"", ""322"", ""338"", ""338"", ""338"", ""338"", ""338"", ""338"", ""338"", ""338"", ""338"", ""338"", ""338"", ""319"", ""319"", ""319"", ""319"", ""319"", ""319"", ""319"", ""CAMINATA""]",5.0,Av. Cumbres/Av. Camino Real,20.55090219,-100.3983596
2853,44.86875,371,T03,1,29,2,Con transbordo,371 → 321,T03 → C27,Luis Pasteur/Calle 13,"[""2853"", ""2854"", ""2855"", ""2209"", ""5161"", ""2210"", ""2211"", ""2212"", ""2213"", ""2214"", ""2215"", ""2478"", ""2308"", ""2028"", ""2029"", ""2030"", ""2031"", ""2309"", ""1919"", ""1920"", ""1921"", ""4241"", ""2310"", ""2311"", ""2312"", ""2313"", ""2314"", ""2315"", ""ESTACION_CORREGIDORA_SUR""]","[""371"", ""371"", ""371"", ""371"", ""371"", ""371"", ""371"", ""321"", ""321"", ""321"", ""321"", ""321"", ""321"", ""321"", ""321"", ""321"", ""321"", ""321"", ""321"", ""321"", ""321"", ""321"", ""321"", ""321"", ""321"", ""321"", ""321"", ""CAMINATA""]",5.0,Blvd. de Los Gobernadores/Calle Josefa Ortiz de Domínguez,20.54864459,-100.379381
4148,44.915000000000006,322,C29,2,31,3,Con transbordo,322 → 338 → 319,C29 → C48 → C24,Blvd. de Las Américas/Río Lerma → Av. Tecnológico/José María Arteaga,"[""4148"", ""4149"", ""4150"", ""3022"", ""5223"", ""4116"", ""2506"", ""2507"", ""2508"", ""2509"", ""4138"", ""2291"", ""2292"", ""2293"", ""2294"", ""2295"", ""2296"", ""2418"", ""2419"", ""5180"", ""2672"", ""2201"", ""4241"", ""2310"", ""2311"", ""2312"", ""2313"", ""2314"", ""2315"", ""5194"", ""ESTACION_CORREGIDORA_SUR""]","[""322"", ""322"", ""322"", ""322"", ""322"", ""322"", ""322"", ""322"", ""322"", ""322"", ""322"", ""338"", ""338"", ""338"", ""338"", ""338"", ""338"", ""338"", ""338"", ""338"", ""338"", ""338"", ""319"", ""319"", ""319"", ""319"", ""319"", ""319"", ""319"", ""CAMINATA""]",5.0,Bosques de Castañon/Bosques de Sauce,20.53431254,-100.39401
2354,44.94833333333333,332,C41,3,21,4,Con transbordo,332 → 234 → 338 → 319,C41 → L117 → C48 → C24,Calle Antonio Carranza/Blvd. de Las Américas → Blvd. de Las Américas/Carlos Esquerro → Av. Tecnológico/José María Arteaga,"[""2354"", ""2355"", ""2612"", ""2613"", ""3327"", ""2614"", ""2615"", ""2418"", ""2419"", ""5180"", ""2672"", ""2201"", ""4241"", ""2310"", ""2311"", ""2312"", ""2313"", ""2314"", ""2315"", ""5194"", ""ESTACION_CORREGIDORA_SUR""]","[""332"", ""332"", ""332"", ""332"", ""332"", ""332"", ""234"", ""338"", ""338"", ""338"", ""338"", ""338"", ""319"", ""319"", ""319"", ""319"", ""319"", ""319"", ""319"", ""CAMINATA""]",5.0,Calle 27/Calle 24,20.56610929,-100.3916847
1369,44.96041666666667,94,L55,3,24,4,Con transbordo,94 → 255 → 90 → 97,L55 → T11 → L51 → C22,Terminal Balvanera → Santa Bárbara → Constitución de 1917,"[""1369"", ""1370"", ""2190"", ""3301"", ""1300"", ""1301"", ""1302"", ""1761"", ""1303"", ""1304"", ""1305"", ""1306"", ""1432"", ""1433"", ""1434"", ""3297"", ""4241"", ""2310"", ""2311"", ""2312"", ""2313"", ""2314"", ""2315"", ""ESTACION_CORREGIDORA_SUR""]","[""94"", ""94"", ""255"", ""255"", ""90"", ""90"", ""90"", ""90"", ""90"", ""90"", ""90"", ""90"", ""90"", ""90"", ""97"", ""97"", ""97"", ""97"", ""97"", ""97"", ""97"", ""97"", ""CAMINATA""]",5.0,Don José/Arquitectura E Ingeniería,20.529442104286,-100.45875025366
2561,45.08166666666666,337,C47,3,19,4,Con transbordo,337 → 234 → 338 → 319,C47 → L117 → C48 → C24,Calle Antonio Carranza/Blvd. de Las Américas → Blvd. de Las Américas/Carlos Esquerro → Av. Tecnológico/José María Arteaga,"[""2561"", ""2562"", ""2563"", ""2614"", ""2615"", ""2418"", ""2419"", ""5180"", ""2672"", ""2201"", ""4241"", ""2310"", ""2311"", ""2312"", ""2313"", ""2314"", ""2315"", ""5194"", ""ESTACION_CORREGIDORA_SUR""]","[""337"", ""337"", ""337"", ""337"", ""234"", ""338"", ""338"", ""338"", ""338"", ""338"", ""319"", ""319"", ""319"", ""319"", ""319"", ""319"", ""319"", ""CAMINATA""]",5.0,Calle 33/Av. 14,20.56848527,-100.3943037
2637,45.08541666666666,335,C44,1,36,2,Con transbordo,335 → 321,C44 → C27,Prol. Luis Pasteur/Av. 26,"[""2637"", ""2638"", ""5067"", ""5068"", ""5069"", ""2297"", ""2298"", ""2510"", ""2511"", ""2512"", ""2513"", ""2514"", ""2515"", ""2516"", ""3686"", ""2517"", ""2214"", ""2215"", ""2478"", ""2308"", ""2028"", ""2029"", ""2030"", ""2031"", ""2309"", ""1919"", ""1920"", ""1921"", ""4241"", ""2310"", ""2311"", ""2312"", ""2313"", ""2314"", ""2315"", ""ESTACION_CORREGIDORA_SUR""]","[""335"", ""335"", ""335"", ""335"", ""335"", ""335"", ""335"", ""335"", ""335"", ""335"", ""335"", ""335"", ""335"", ""335"", ""335"", ""335"", ""321"", ""321"", ""321"", ""321"", ""321"", ""321"", ""321"", ""321"", ""321"", ""321"", ""321"", ""321"", ""321"", ""321"", ""321"", ""321"", ""321"", ""321"", ""CAMINATA""]",5.0,Calle Antonio Carranza/Calle Naranjo,20.55650902,-100.4036902
1457,45.09833333333333,99,T01,2,27,3,Con transbordo,99 → 325 → 319,T01 → C34 → C24,Bicentenario → Av. Tecnológico/Itq,"[""1457"", ""3862"", ""3781"", ""4445"", ""1449"", ""3485"", ""1450"", ""1475"", ""1476"", ""1472"", ""1471"", ""1470"", ""1469"", ""1439"", ""1438"", ""2537"", ""1920"", ""1921"", ""4241"", ""2310"", ""2311"", ""2312"", ""2313"", ""2314"", ""2315"", ""5194"", ""ESTACION_CORREGIDORA_SUR""]","[""99"", ""99"", ""99"", ""99"", ""99"", ""99"", ""99"", ""99"", ""325"", ""325"", ""325"", ""325"", ""325"", ""325"", ""325"", ""325"", ""325"", ""325"", ""325"", ""325"", ""325"", ""325"", ""319"", ""319"", ""319"", ""CAMINATA""]",5.0,Prol. Constituyentes/Zen Life Ii,20.597054107803,-100.30699326793
1347,45.16041666666665,97,C22,2,35,3,Con transbordo,97 → 90 → 97,C22 → L51 → C22,Santa Bárbara → Constitución de 1917,"[""1347"", ""1348"", ""1349"", ""3655"", ""1350"", ""1351"", ""4142"", ""1292"", ""1293"", ""1294"", ""1295"", ""1296"", ""1297"", ""1298"", ""1299"", ""1300"", ""1301"", ""1302"", ""1761"", ""1303"", ""1304"", ""1305"", ""1306"", ""1432"", ""1433"", ""1434"", ""3297"", ""4241"", ""2310"", ""2311"", ""2312"", ""2313"", ""2314"", ""2315"", ""ESTACION_CORREGIDORA_SUR""]","[""97"", ""97"", ""97"", ""97"", ""97"", ""97"", ""97"", ""97"", ""97"", ""97"", ""97"", ""97"", ""97"", ""97"", ""97"", ""90"", ""90"", ""90"", ""90"", ""90"", ""90"", ""90"", ""90"", ""90"", ""90"", ""97"", ""97"", ""97"", ""97"", ""97"", ""97"", ""97"", ""97"", ""CAMINATA""]",5.0,Calle 5 de Mayo/Calle Norberto Aguirre,20.554240732746,-100.43378371155
2501,45.18166666666666,341,C51,3,22,4,Con transbordo,341 → 234 → 338 → 319,C51 → L117 → C48 → C24,Calle Antonio Carranza/Blvd. de Las Américas → Blvd. de Las Américas/Carlos Esquerro → Av. Tecnológico/José María Arteaga,"[""2501"", ""2502"", ""2355"", ""2612"", ""2613"", ""3327"", ""2614"", ""2615"", ""2418"", ""2419"", ""5180"", ""2672"", ""2201"", ""4241"", ""2310"", ""2311"", ""2312"", ""2313"", ""2314"", ""2315"", ""5194"", ""ESTACION_CORREGIDORA_SUR""]","[""341"", ""341"", ""341"", ""341"", ""341"", ""341"", ""341"", ""234"", ""338"", ""338"", ""338"", ""338"", ""338"", ""319"", ""319"", ""319"", ""319"", ""319"", ""319"", ""319"", ""CAMINATA""]",5.0,Av. 22/Calle 21,20.566813,-100.389937
2491,45.20208333333333,322,C29,1,31,2,Con transbordo,322 → 321,C29 → C27,Circ. Lázaro Cárdenas/Prol. Pasteur Sur,"[""2491"", ""2492"", ""2493"", ""4130"", ""2495"", ""4147"", ""2496"", ""2497"", ""2477"", ""2212"", ""2213"", ""2214"", ""2215"", ""2478"", ""2308"", ""2028"", ""2029"", ""2030"", ""2031"", ""2309"", ""1919"", ""1920"", ""1921"", ""4241"", ""2310"", ""2311"", ""2312"", ""2313"", ""2314"", ""2315"", ""ESTACION_CORREGIDORA_SUR""]","[""322"", ""322"", ""322"", ""322"", ""322"", ""322"", ""322"", ""322"", ""321"", ""321"", ""321"", ""321"", ""321"", ""321"", ""321"", ""321"", ""321"", ""321"", ""321"", ""321"", ""321"", ""321"", ""321"", ""321"", ""321"", ""321"", ""321"", ""321"", ""321"", ""CAMINATA""]",5.0,Islas Aleutianas/De San Pedro,20.568132752901,-100.37608014525
1330,45.24374999999999,92,L53,3,24,4,Con transbordo,92 → 255 → 90 → 97,L53 → T11 → L51 → C22,Terminal Balvanera → Santa Bárbara → Constitución de 1917,"[""1330"", ""1399"", ""2190"", ""3301"", ""1300"", ""1301"", ""1302"", ""1761"", ""1303"", ""1304"", ""1305"", ""1306"", ""1432"", ""1433"", ""1434"", ""3297"", ""4241"", ""2310"", ""2311"", ""2312"", ""2313"", ""2314"", ""2315"", ""ESTACION_CORREGIDORA_SUR""]","[""92"", ""92"", ""255"", ""255"", ""90"", ""90"", ""90"", ""90"", ""90"", ""90"", ""90"", ""90"", ""90"", ""90"", ""97"", ""97"", ""97"", ""97"", ""97"", ""97"", ""97"", ""97"", ""CAMINATA""]",5.0,Geranios/Prol. Jazmín,20.52890450515,-100.45467188135
2441,45.32708333333334,134,C26,3,23,4,Con transbordo,134 → 136 → 326 → 344,C26 → C28 → C35 → C54,Fray Diego de Landa/Chedraui Centro Sur → Independencia/Capuchinas → Av. Universidad/Hospital Sagrado Corazón de Jesús,"[""2441"", ""5106"", ""3344"", ""2442"", ""2471"", ""3596"", ""2021"", ""2450"", ""2451"", ""2452"", ""2453"", ""2547"", ""2548"", ""2549"", ""2550"", ""2551"", ""2956"", ""2552"", ""2393"", ""2394"", ""2316"", ""5200"", ""ESTACION_CORREGIDORA_SUR""]","[""134"", ""134"", ""134"", ""136"", ""136"", ""136"", ""136"", ""136"", ""136"", ""136"", ""326"", ""326"", ""326"", ""326"", ""326"", ""326"", ""326"", ""344"", ""344"", ""344"", ""344"", ""CAMINATA""]",5.0,Fray Luis de Leon/Congreso del Edo.,20.571704940876,-100.36848975485
5077,45.33541666666666,139,C32,1,31,2,Con transbordo,139 → 321,C32 → C27,Cobá/Blvd de Los Gobernadores,"[""5077"", ""2489"", ""2472"", ""2473"", ""2474"", ""5078"", ""2475"", ""2476"", ""2477"", ""2212"", ""2213"", ""2214"", ""2215"", ""2478"", ""2308"", ""2028"", ""2029"", ""2030"", ""2031"", ""2309"", ""1919"", ""1920"", ""1921"", ""4241"", ""2310"", ""2311"", ""2312"", ""2313"", ""2314"", ""2315"", ""ESTACION_CORREGIDORA_SUR""]","[""139"", ""139"", ""321"", ""321"", ""321"", ""321"", ""321"", ""321"", ""321"", ""321"", ""321"", ""321"", ""321"", ""321"", ""321"", ""321"", ""321"", ""321"", ""321"", ""321"", ""321"", ""321"", ""321"", ""321"", ""321"", ""321"", ""321"", ""321"", ""321"", ""CAMINATA""]",5.0,Blvd. de Los Gobernadores/Av. Casa Blanca,20.553000591352,-100.37323670805
2362,45.465,233,L113,3,27,4,Con transbordo,233 → 326 → 338 → 319,L113 → C35 → C48 → C24,Blvd. de Las Américas/Calle Cerro del Zamorano → Blvd. de Las Américas/Cerro del Fraile → Av. Tecnológico/José María Arteaga,"[""2362"", ""2363"", ""2364"", ""2365"", ""4129"", ""2290"", ""3600"", ""2291"", ""2292"", ""2293"", ""2294"", ""2295"", ""2296"", ""2418"", ""2419"", ""5180"", ""2672"", ""2201"", ""4241"", ""2310"", ""2311"", ""2312"", ""2313"", ""2314"", ""2315"", ""5194"", ""ESTACION_CORREGIDORA_SUR""]","[""233"", ""233"", ""233"", ""326"", ""326"", ""338"", ""338"", ""338"", ""338"", ""338"", ""338"", ""338"", ""338"", ""338"", ""338"", ""338"", ""338"", ""338"", ""319"", ""319"", ""319"", ""319"", ""319"", ""319"", ""319"", ""CAMINATA""]",5.0,Blvd. de Las Américas/Bodega Aurrera,20.553351,-100.3948713
2635,45.565,335,C44,3,22,4,Con transbordo,335 → 337 → 338 → 319,C44 → C47 → C48 → C24,Calle Antonio Acona/Calle Antonio Carranza → Blvd. de Las Américas/Calle Antonio Rivera de la Torre → Av. Tecnológico/José María Arteaga,"[""2635"", ""5079"", ""2636"", ""2668"", ""2669"", ""2294"", ""2295"", ""2296"", ""2418"", ""2419"", ""5180"", ""2672"", ""2201"", ""4241"", ""2310"", ""2311"", ""2312"", ""2313"", ""2314"", ""2315"", ""5194"", ""ESTACION_CORREGIDORA_SUR""]","[""335"", ""335"", ""337"", ""337"", ""337"", ""338"", ""338"", ""338"", ""338"", ""338"", ""338"", ""338"", ""338"", ""319"", ""319"", ""319"", ""319"", ""319"", ""319"", ""319"", ""CAMINATA""]",5.0,Av. Chabacano/Arco,20.54936541,-100.4112329
2208,45.75208333333333,371,T03,1,30,2,Con transbordo,371 → 321,T03 → C27,Luis Pasteur/Calle 13,"[""2208"", ""2853"", ""2854"", ""2855"", ""2209"", ""5161"", ""2210"", ""2211"", ""2212"", ""2213"", ""2214"", ""2215"", ""2478"", ""2308"", ""2028"", ""2029"", ""2030"", ""2031"", ""2309"", ""1919"", ""1920"", ""1921"", ""4241"", ""2310"", ""2311"", ""2312"", ""2313"", ""2314"", ""2315"", ""ESTACION_CORREGIDORA_SUR""]","[""371"", ""371"", ""371"", ""371"", ""371"", ""371"", ""371"", ""371"", ""321"", ""321"", ""321"", ""321"", ""321"", ""321"", ""321"", ""321"", ""321"", ""321"", ""321"", ""321"", ""321"", ""321"", ""321"", ""321"", ""321"", ""321"", ""321"", ""321"", ""CAMINATA""]",5.0,Boulevard de Los Gobernadores/Luis Pasteur,20.5494845,-100.3775243
2560,45.76499999999999,337,C47,3,20,4,Con transbordo,337 → 234 → 338 → 319,C47 → L117 → C48 → C24,Calle Antonio Carranza/Blvd. de Las Américas → Blvd. de Las Américas/Carlos Esquerro → Av. Tecnológico/José María Arteaga,"[""2560"", ""2561"", ""2562"", ""2563"", ""2614"", ""2615"", ""2418"", ""2419"", ""5180"", ""2672"", ""2201"", ""4241"", ""2310"", ""2311"", ""2312"", ""2313"", ""2314"", ""2315"", ""5194"", ""ESTACION_CORREGIDORA_SUR""]","[""337"", ""337"", ""337"", ""337"", ""337"", ""234"", ""338"", ""338"", ""338"", ""338"", ""338"", ""319"", ""319"", ""319"", ""319"", ""319"", ""319"", ""319"", ""CAMINATA""]",5.0,Calle 33/Av. 10,20.57012582,-100.3948891
2414,45.86041666666666,98,C23,3,22,4,Con transbordo,98 → 370 → 90 → 97,C23 → T02 → L51 → C22,Prol. Zaragoza/Paseo de Las Plazas → Tejeda → Constitución de 1917,"[""2414"", ""1772"", ""1773"", ""2197"", ""2198"", ""1308"", ""1309"", ""1304"", ""1305"", ""1306"", ""1432"", ""1433"", ""1434"", ""3297"", ""4241"", ""2310"", ""2311"", ""2312"", ""2313"", ""2314"", ""2315"", ""ESTACION_CORREGIDORA_SUR""]","[""98"", ""370"", ""370"", ""370"", ""370"", ""370"", ""370"", ""90"", ""90"", ""90"", ""90"", ""90"", ""97"", ""97"", ""97"", ""97"", ""97"", ""97"", ""97"", ""97"", ""CAMINATA""]",5.0,Prol. Zaragoza/Hacienda Escolásticas,20.571734752043,-100.41532213689
2665,46.04833333333333,233,L113,2,34,3,Con transbordo,233 → 336 → 319,L113 → C46 → C24,Fresno/Maravillas → Av. Tecnológico/José María Arteaga,"[""2665"", ""2666"", ""2667"", ""2255"", ""2639"", ""2640"", ""2641"", ""2258"", ""2259"", ""2260"", ""2261"", ""2262"", ""2263"", ""3023"", ""2264"", ""4393"", ""2199"", ""1762"", ""1763"", ""2200"", ""4430"", ""1764"", ""1765"", ""1766"", ""2201"", ""4241"", ""2310"", ""2311"", ""2312"", ""2313"", ""2314"", ""2315"", ""5194"", ""ESTACION_CORREGIDORA_SUR""]","[""233"", ""233"", ""233"", ""233"", ""336"", ""336"", ""336"", ""336"", ""336"", ""336"", ""336"", ""336"", ""336"", ""336"", ""336"", ""336"", ""336"", ""336"", ""336"", ""336"", ""336"", ""336"", ""336"", ""336"", ""336"", ""319"", ""319"", ""319"", ""319"", ""319"", ""319"", ""319"", ""CAMINATA""]",5.0,Camino A Los Olvera/Aristóteles,20.53386746,-100.4184696
2408,46.05208333333333,322,C29,1,32,2,Con transbordo,322 → 321,C29 → C27,Circ. Lázaro Cárdenas/Prol. Pasteur Sur,"[""2408"", ""2491"", ""2492"", ""2493"", ""4130"", ""2495"", ""4147"", ""2496"", ""2497"", ""2477"", ""2212"", ""2213"", ""2214"", ""2215"", ""2478"", ""2308"", ""2028"", ""2029"", ""2030"", ""2031"", ""2309"", ""1919"", ""1920"", ""1921"", ""4241"", ""2310"", ""2311"", ""2312"", ""2313"", ""2314"", ""2315"", ""ESTACION_CORREGIDORA_SUR""]","[""322"", ""322"", ""322"", ""322"", ""322"", ""322"", ""322"", ""322"", ""322"", ""321"", ""321"", ""321"", ""321"", ""321"", ""321"", ""321"", ""321"", ""321"", ""321"", ""321"", ""321"", ""321"", ""321"", ""321"", ""321"", ""321"", ""321"", ""321"", ""321"", ""321"", ""CAMINATA""]",5.0,Plaza San Juan de Letran/Plaza San Joaquín,20.570230109939,-100.37632335488
3021,46.081666666666656,373,T05,2,32,3,Con transbordo,373 → 336 → 319,T05 → C46 → C24,Fernando Díaz Ramírez/José Ugalde Rodríguez → Av. Tecnológico/José María Arteaga,"[""3021"", ""3022"", ""5223"", ""4114"", ""2257"", ""2258"", ""2259"", ""2260"", ""2261"", ""2262"", ""2263"", ""3023"", ""2264"", ""4393"", ""2199"", ""1762"", ""1763"", ""2200"", ""4430"", ""1764"", ""1765"", ""1766"", ""2201"", ""4241"", ""2310"", ""2311"", ""2312"", ""2313"", ""2314"", ""2315"", ""5194"", ""ESTACION_CORREGIDORA_SUR""]","[""373"", ""373"", ""373"", ""373"", ""373"", ""336"", ""336"", ""336"", ""336"", ""336"", ""336"", ""336"", ""336"", ""336"", ""336"", ""336"", ""336"", ""336"", ""336"", ""336"", ""336"", ""336"", ""336"", ""319"", ""319"", ""319"", ""319"", ""319"", ""319"", ""319"", ""CAMINATA""]",5.0,Estatal 30 Libramiento Sur/Camino Real A Huimilpan,20.53175875,-100.4028062
4136,46.08166666666667,341,C51,3,26,4,Con transbordo,341 → 322 → 338 → 319,C51 → C29 → C48 → C24,Av. Candiles/Plaza Candiles → Blvd. de Las Américas/Río Lerma → Av. Tecnológico/José María Arteaga,"[""4136"", ""2678"", ""4137"", ""2508"", ""2509"", ""4138"", ""2291"", ""2292"", ""2293"", ""2294"", ""2295"", ""2296"", ""2418"", ""2419"", ""5180"", ""2672"", ""2201"", ""4241"", ""2310"", ""2311"", ""2312"", ""2313"", ""2314"", ""2315"", ""5194"", ""ESTACION_CORREGIDORA_SUR""]","[""341"", ""341"", ""341"", ""322"", ""322"", ""322"", ""338"", ""338"", ""338"", ""338"", ""338"", ""338"", ""338"", ""338"", ""338"", ""338"", ""338"", ""319"", ""319"", ""319"", ""319"", ""319"", ""319"", ""319"", ""CAMINATA""]",5.0,Calle Naranjo/Av. Cumbres,20.550617480816,-100.40166889757
2500,46.11499999999999,341,C51,3,23,4,Con transbordo,341 → 234 → 338 → 319,C51 → L117 → C48 → C24,Calle Antonio Carranza/Blvd. de Las Américas → Blvd. de Las Américas/Carlos Esquerro → Av. Tecnológico/José María Arteaga,"[""2500"", ""2501"", ""2502"", ""2355"", ""2612"", ""2613"", ""3327"", ""2614"", ""2615"", ""2418"", ""2419"", ""5180"", ""2672"", ""2201"", ""4241"", ""2310"", ""2311"", ""2312"", ""2313"", ""2314"", ""2315"", ""5194"", ""ESTACION_CORREGIDORA_SUR""]","[""341"", ""341"", ""341"", ""341"", ""341"", ""341"", ""341"", ""341"", ""234"", ""338"", ""338"", ""338"", ""338"", ""338"", ""319"", ""319"", ""319"", ""319"", ""319"", ""319"", ""319"", ""CAMINATA""]",5.0,Av. 22/Calle 11,20.56768167,-100.3875726
3296,46.127083333333324,96,C21,2,33,3,Con transbordo,96 → 90 → 97,C21 → L51 → C22,Santa Bárbara → Constitución de 1917,"[""3296"", ""3674"", ""1350"", ""1351"", ""4142"", ""1292"", ""1293"", ""1294"", ""1295"", ""1296"", ""1297"", ""1298"", ""1299"", ""1300"", ""1301"", ""1302"", ""1761"", ""1303"", ""1304"", ""1305"", ""1306"", ""1432"", ""1433"", ""1434"", ""3297"", ""4241"", ""2310"", ""2311"", ""2312"", ""2313"", ""2314"", ""2315"", ""ESTACION_CORREGIDORA_SUR""]","[""96"", ""96"", ""96"", ""96"", ""96"", ""96"", ""96"", ""96"", ""96"", ""96"", ""96"", ""96"", ""96"", ""90"", ""90"", ""90"", ""90"", ""90"", ""90"", ""90"", ""90"", ""90"", ""90"", ""97"", ""97"", ""97"", ""97"", ""97"", ""97"", ""97"", ""97"", ""CAMINATA""]",5.0,Av. Santa María del Pueblito/Parque Cam Corregidora,20.55247285,-100.4468582
2353,46.214999999999996,332,C41,3,22,4,Con transbordo,332 → 234 → 338 → 319,C41 → L117 → C48 → C24,Calle Antonio Carranza/Blvd. de Las Américas → Blvd. de Las Américas/Carlos Esquerro → Av. Tecnológico/José María Arteaga,"[""2353"", ""2354"", ""2355"", ""2612"", ""2613"", ""3327"", ""2614"", ""2615"", ""2418"", ""2419"", ""5180"", ""2672"", ""2201"", ""4241"", ""2310"", ""2311"", ""2312"", ""2313"", ""2314"", ""2315"", ""5194"", ""ESTACION_CORREGIDORA_SUR""]","[""332"", ""332"", ""332"", ""332"", ""332"", ""332"", ""332"", ""234"", ""338"", ""338"", ""338"", ""338"", ""338"", ""319"", ""319"", ""319"", ""319"", ""319"", ""319"", ""319"", ""CAMINATA""]",5.0,Calle 27/Av. 14,20.56890399,-100.3927277
2440,46.22708333333334,134,C26,3,24,4,Con transbordo,134 → 136 → 326 → 344,C26 → C28 → C35 → C54,Fray Diego de Landa/Chedraui Centro Sur → Independencia/Capuchinas → Av. Universidad/Hospital Sagrado Corazón de Jesús,"[""2440"", ""2441"", ""5106"", ""3344"", ""2442"", ""2471"", ""3596"", ""2021"", ""2450"", ""2451"", ""2452"", ""2453"", ""2547"", ""2548"", ""2549"", ""2550"", ""2551"", ""2956"", ""2552"", ""2393"", ""2394"", ""2316"", ""5200"", ""ESTACION_CORREGIDORA_SUR""]","[""134"", ""134"", ""134"", ""134"", ""136"", ""136"", ""136"", ""136"", ""136"", ""136"", ""136"", ""326"", ""326"", ""326"", ""326"", ""326"", ""326"", ""326"", ""344"", ""344"", ""344"", ""344"", ""CAMINATA""]",5.0,Cerro Blanco/Fray Luis de León,20.574790883987,-100.36879135119
1346,46.23541666666665,97,C22,2,36,3,Con transbordo,97 → 90 → 97,C22 → L51 → C22,Santa Bárbara → Constitución de 1917,"[""1346"", ""1347"", ""1348"", ""1349"", ""3655"", ""1350"", ""1351"", ""4142"", ""1292"", ""1293"", ""1294"", ""1295"", ""1296"", ""1297"", ""1298"", ""1299"", ""1300"", ""1301"", ""1302"", ""1761"", ""1303"", ""1304"", ""1305"", ""1306"", ""1432"", ""1433"", ""1434"", ""3297"", ""4241"", ""2310"", ""2311"", ""2312"", ""2313"", ""2314"", ""2315"", ""ESTACION_CORREGIDORA_SUR""]","[""97"", ""97"", ""97"", ""97"", ""97"", ""97"", ""97"", ""97"", ""97"", ""97"", ""97"", ""97"", ""97"", ""97"", ""97"", ""97"", ""90"", ""90"", ""90"", ""90"", ""90"", ""90"", ""90"", ""90"", ""90"", ""90"", ""97"", ""97"", ""97"", ""97"", ""97"", ""97"", ""97"", ""97"", ""CAMINATA""]",5.0,5 de Mayo,20.557318805199,-100.43359001494
1368,46.327083333333334,94,L55,3,25,4,Con transbordo,94 → 255 → 90 → 97,L55 → T11 → L51 → C22,Terminal Balvanera → Santa Bárbara → Constitución de 1917,"[""1368"", ""1369"", ""1370"", ""2190"", ""3301"", ""1300"", ""1301"", ""1302"", ""1761"", ""1303"", ""1304"", ""1305"", ""1306"", ""1432"", ""1433"", ""1434"", ""3297"", ""4241"", ""2310"", ""2311"", ""2312"", ""2313"", ""2314"", ""2315"", ""ESTACION_CORREGIDORA_SUR""]","[""94"", ""94"", ""94"", ""255"", ""255"", ""90"", ""90"", ""90"", ""90"", ""90"", ""90"", ""90"", ""90"", ""90"", ""90"", ""97"", ""97"", ""97"", ""97"", ""97"", ""97"", ""97"", ""97"", ""CAMINATA""]",5.0,Don José/Icateq Plantel Corregidora,20.531504625126,-100.45153375702
2521,46.352083333333326,139,C32,1,32,2,Con transbordo,139 → 321,C32 → C27,Cobá/Blvd de Los Gobernadores,"[""2521"", ""5077"", ""2489"", ""2472"", ""2473"", ""2474"", ""5078"", ""2475"", ""2476"", ""2477"", ""2212"", ""2213"", ""2214"", ""2215"", ""2478"", ""2308"", ""2028"", ""2029"", ""2030"", ""2031"", ""2309"", ""1919"", ""1920"", ""1921"", ""4241"", ""2310"", ""2311"", ""2312"", ""2313"", ""2314"", ""2315"", ""ESTACION_CORREGIDORA_SUR""]","[""139"", ""139"", ""139"", ""321"", ""321"", ""321"", ""321"", ""321"", ""321"", ""321"", ""321"", ""321"", ""321"", ""321"", ""321"", ""321"", ""321"", ""321"", ""321"", ""321"", ""321"", ""321"", ""321"", ""321"", ""321"", ""321"", ""321"", ""321"", ""321"", ""321"", ""CAMINATA""]",5.0,Boulevard de Los Gobernadores/Pastizales,20.55154835158,-100.37472017655
3020,46.49833333333332,373,T05,2,33,3,Con transbordo,373 → 336 → 319,T05 → C46 → C24,Fernando Díaz Ramírez/José Ugalde Rodríguez → Av. Tecnológico/José María Arteaga,"[""3020"", ""3021"", ""3022"", ""5223"", ""4114"", ""2257"", ""2258"", ""2259"", ""2260"", ""2261"", ""2262"", ""2263"", ""3023"", ""2264"", ""4393"", ""2199"", ""1762"", ""1763"", ""2200"", ""4430"", ""1764"", ""1765"", ""1766"", ""2201"", ""4241"", ""2310"", ""2311"", ""2312"", ""2313"", ""2314"", ""2315"", ""5194"", ""ESTACION_CORREGIDORA_SUR""]","[""373"", ""373"", ""373"", ""373"", ""373"", ""373"", ""336"", ""336"", ""336"", ""336"", ""336"", ""336"", ""336"", ""336"", ""336"", ""336"", ""336"", ""336"", ""336"", ""336"", ""336"", ""336"", ""336"", ""336"", ""319"", ""319"", ""319"", ""319"", ""319"", ""319"", ""319"", ""CAMINATA""]",5.0,Calle Camino Real/Universidad Tecmilenio,20.53256994,-100.4033222
1289,46.51041666666666,96,C21,2,34,3,Con transbordo,96 → 90 → 97,C21 → L51 → C22,Santa Bárbara → Constitución de 1917,"[""1289"", ""3296"", ""3674"", ""1350"", ""1351"", ""4142"", ""1292"", ""1293"", ""1294"", ""1295"", ""1296"", ""1297"", ""1298"", ""1299"", ""1300"", ""1301"", ""1302"", ""1761"", ""1303"", ""1304"", ""1305"", ""1306"", ""1432"", ""1433"", ""1434"", ""3297"", ""4241"", ""2310"", ""2311"", ""2312"", ""2313"", ""2314"", ""2315"", ""ESTACION_CORREGIDORA_SUR""]","[""96"", ""96"", ""96"", ""96"", ""96"", ""96"", ""96"", ""96"", ""96"", ""96"", ""96"", ""96"", ""96"", ""96"", ""90"", ""90"", ""90"", ""90"", ""90"", ""90"", ""90"", ""90"", ""90"", ""90"", ""97"", ""97"", ""97"", ""97"", ""97"", ""97"", ""97"", ""97"", ""CAMINATA""]",5.0,Av. Santa María del Pueblito/Rivera del Rio,20.552077777778,-100.44785833333
2559,46.548333333333325,337,C47,3,21,4,Con transbordo,337 → 234 → 338 → 319,C47 → L117 → C48 → C24,Calle Antonio Carranza/Blvd. de Las Américas → Blvd. de Las Américas/Carlos Esquerro → Av. Tecnológico/José María Arteaga,"[""2559"", ""2560"", ""2561"", ""2562"", ""2563"", ""2614"", ""2615"", ""2418"", ""2419"", ""5180"", ""2672"", ""2201"", ""4241"", ""2310"", ""2311"", ""2312"", ""2313"", ""2314"", ""2315"", ""5194"", ""ESTACION_CORREGIDORA_SUR""]","[""337"", ""337"", ""337"", ""337"", ""337"", ""337"", ""234"", ""338"", ""338"", ""338"", ""338"", ""338"", ""319"", ""319"", ""319"", ""319"", ""319"", ""319"", ""319"", ""CAMINATA""]",5.0,Av. 6/Calle 31,20.57209652,-100.3951087
2361,46.565000000000005,319,C24,3,28,4,Con transbordo,319 → 326 → 338 → 319,C24 → C35 → C48 → C24,Blvd. de Las Américas/Calle Cerro del Zamorano → Blvd. de Las Américas/Cerro del Fraile → Av. Tecnológico/José María Arteaga,"[""2361"", ""2362"", ""2363"", ""2364"", ""2365"", ""4129"", ""2290"", ""3600"", ""2291"", ""2292"", ""2293"", ""2294"", ""2295"", ""2296"", ""2418"", ""2419"", ""5180"", ""2672"", ""2201"", ""4241"", ""2310"", ""2311"", ""2312"", ""2313"", ""2314"", ""2315"", ""5194"", ""ESTACION_CORREGIDORA_SUR""]","[""319"", ""319"", ""319"", ""319"", ""326"", ""326"", ""338"", ""338"", ""338"", ""338"", ""338"", ""338"", ""338"", ""338"", ""338"", ""338"", ""338"", ""338"", ""338"", ""319"", ""319"", ""319"", ""319"", ""319"", ""319"", ""319"", ""CAMINATA""]",5.0,Blvd. de Las Américas/Calle Luis G. Malvaez,20.55592576,-100.3961704
1770,46.57708333333333,370,T02,2,28,3,Con transbordo,370 → 90 → 97,T02 → L51 → C22,Tejeda → Constitución de 1917,"[""1770"", ""1771"", ""3687"", ""3688"", ""3727"", ""3616"", ""3617"", ""1772"", ""1773"", ""2197"", ""2198"", ""1308"", ""1309"", ""1304"", ""1305"", ""1306"", ""1432"", ""1433"", ""1434"", ""3297"", ""4241"", ""2310"", ""2311"", ""2312"", ""2313"", ""2314"", ""2315"", ""ESTACION_CORREGIDORA_SUR""]","[""370"", ""370"", ""370"", ""370"", ""370"", ""370"", ""370"", ""370"", ""370"", ""370"", ""370"", ""370"", ""370"", ""90"", ""90"", ""90"", ""90"", ""90"", ""97"", ""97"", ""97"", ""97"", ""97"", ""97"", ""97"", ""97"", ""CAMINATA""]",5.0,Prol. Zaragoza/City Club,20.579741515718,-100.41455104574
2634,46.64833333333333,335,C44,3,23,4,Con transbordo,335 → 337 → 338 → 319,C44 → C47 → C48 → C24,Calle Antonio Acona/Calle Antonio Carranza → Blvd. de Las Américas/Calle Antonio Rivera de la Torre → Av. Tecnológico/José María Arteaga,"[""2634"", ""2635"", ""5079"", ""2636"", ""2668"", ""2669"", ""2294"", ""2295"", ""2296"", ""2418"", ""2419"", ""5180"", ""2672"", ""2201"", ""4241"", ""2310"", ""2311"", ""2312"", ""2313"", ""2314"", ""2315"", ""5194"", ""ESTACION_CORREGIDORA_SUR""]","[""335"", ""335"", ""335"", ""337"", ""337"", ""337"", ""338"", ""338"", ""338"", ""338"", ""338"", ""338"", ""338"", ""338"", ""319"", ""319"", ""319"", ""319"", ""319"", ""319"", ""319"", ""CAMINATA""]",5.0,Av. Chabacano/Yunque,20.5475767,-100.4129248
1329,46.693749999999994,98,C23,3,25,4,Con transbordo,98 → 255 → 90 → 97,C23 → T11 → L51 → C22,Av. Paseo Constituyentes/Prol. Cuauhtémoc → Santa Bárbara → Constitución de 1917,"[""1329"", ""1330"", ""1399"", ""1331"", ""3301"", ""1300"", ""1301"", ""1302"", ""1761"", ""1303"", ""1304"", ""1305"", ""1306"", ""1432"", ""1433"", ""1434"", ""3297"", ""4241"", ""2310"", ""2311"", ""2312"", ""2313"", ""2314"", ""2315"", ""ESTACION_CORREGIDORA_SUR""]","[""98"", ""98"", ""98"", ""98"", ""255"", ""90"", ""90"", ""90"", ""90"", ""90"", ""90"", ""90"", ""90"", ""90"", ""90"", ""97"", ""97"", ""97"", ""97"", ""97"", ""97"", ""97"", ""97"", ""CAMINATA""]",5.0,Av. Santa Ana/Libramiento Sur Poniente,20.52738303805,-100.45766574249
2499,46.69833333333332,341,C51,3,24,4,Con transbordo,341 → 234 → 338 → 319,C51 → L117 → C48 → C24,Calle Antonio Carranza/Blvd. de Las Américas → Blvd. de Las Américas/Carlos Esquerro → Av. Tecnológico/José María Arteaga,"[""2499"", ""2500"", ""2501"", ""2502"", ""2355"", ""2612"", ""2613"", ""3327"", ""2614"", ""2615"", ""2418"", ""2419"", ""5180"", ""2672"", ""2201"", ""4241"", ""2310"", ""2311"", ""2312"", ""2313"", ""2314"", ""2315"", ""5194"", ""ESTACION_CORREGIDORA_SUR""]","[""341"", ""341"", ""341"", ""341"", ""341"", ""341"", ""341"", ""341"", ""341"", ""234"", ""338"", ""338"", ""338"", ""338"", ""338"", ""319"", ""319"", ""319"", ""319"", ""319"", ""319"", ""319"", ""CAMINATA""]",5.0,Calle 27/Calle 9,20.567141,-100.386109
3171,46.78166666666667,378,T10,1,25,2,Con transbordo,378 → 319,T10 → C24,Vicente Guerrero,"[""3171"", ""4086"", ""2471"", ""3596"", ""2081"", ""1901"", ""2082"", ""2161"", ""1883"", ""1882"", ""1881"", ""1879"", ""1918"", ""1919"", ""1920"", ""1921"", ""4241"", ""2310"", ""2311"", ""2312"", ""2313"", ""2314"", ""2315"", ""5194"", ""ESTACION_CORREGIDORA_SUR""]","[""378"", ""378"", ""378"", ""378"", ""378"", ""378"", ""378"", ""378"", ""378"", ""378"", ""378"", ""378"", ""378"", ""319"", ""319"", ""319"", ""319"", ""319"", ""319"", ""319"", ""319"", ""319"", ""319"", ""CAMINATA""]",5.0,Bernardo Quintana/Ccq,20.55786290784,-100.35965036007
2413,46.84374999999999,98,C23,3,23,4,Con transbordo,98 → 370 → 90 → 97,C23 → T02 → L51 → C22,Prol. Zaragoza/Paseo de Las Plazas → Tejeda → Constitución de 1917,"[""2413"", ""2414"", ""1772"", ""1773"", ""2197"", ""2198"", ""1308"", ""1309"", ""1304"", ""1305"", ""1306"", ""1432"", ""1433"", ""1434"", ""3297"", ""4241"", ""2310"", ""2311"", ""2312"", ""2313"", ""2314"", ""2315"", ""ESTACION_CORREGIDORA_SUR""]","[""98"", ""98"", ""370"", ""370"", ""370"", ""370"", ""370"", ""370"", ""90"", ""90"", ""90"", ""90"", ""90"", ""97"", ""97"", ""97"", ""97"", ""97"", ""97"", ""97"", ""97"", ""CAMINATA""]",5.0,Prol. Zaragoza/Hacienda Vegil,20.574005372369,-100.41547174493
1320,46.985416666666666,98,C23,1,31,2,Con transbordo,98 → 333,C23 → C42,Av. Prol. Zaragoza/Av. Hilario Frías y Soto,"[""1320"", ""3296"", ""3674"", ""3540"", ""1334"", ""1335"", ""1336"", ""1337"", ""1338"", ""1339"", ""1340"", ""1341"", ""1762"", ""1763"", ""2200"", ""4430"", ""1764"", ""1765"", ""1766"", ""2201"", ""4241"", ""2310"", ""3570"", ""3571"", ""3572"", ""2311"", ""2312"", ""2313"", ""2314"", ""2315"", ""ESTACION_CORREGIDORA_SUR""]","[""98"", ""98"", ""98"", ""98"", ""98"", ""98"", ""98"", ""98"", ""98"", ""98"", ""98"", ""98"", ""98"", ""98"", ""98"", ""333"", ""333"", ""333"", ""333"", ""333"", ""333"", ""333"", ""333"", ""333"", ""333"", ""333"", ""333"", ""333"", ""333"", ""CAMINATA""]",5.0,Rivera del Rio/Parque Cam Corregidora,20.551880958242,-100.44738271458
2677,47.015,341,C51,3,27,4,Con transbordo,341 → 322 → 338 → 319,C51 → C29 → C48 → C24,Av. Candiles/Plaza Candiles → Blvd. de Las Américas/Río Lerma → Av. Tecnológico/José María Arteaga,"[""2677"", ""4136"", ""2678"", ""4137"", ""2508"", ""2509"", ""4138"", ""2291"", ""2292"", ""2293"", ""2294"", ""2295"", ""2296"", ""2418"", ""2419"", ""5180"", ""2672"", ""2201"", ""4241"", ""2310"", ""2311"", ""2312"", ""2313"", ""2314"", ""2315"", ""5194"", ""ESTACION_CORREGIDORA_SUR""]","[""341"", ""341"", ""341"", ""341"", ""322"", ""322"", ""322"", ""338"", ""338"", ""338"", ""338"", ""338"", ""338"", ""338"", ""338"", ""338"", ""338"", ""338"", ""319"", ""319"", ""319"", ""319"", ""319"", ""319"", ""319"", ""CAMINATA""]",5.0,Calle Naranjo/Av. Diamante,20.55298469,-100.4015206
3875,47.01500000000001,352,C64,2,29,3,Con transbordo,352 → 325 → 319,C64 → C34 → C24,Alameda → Av. Tecnológico/Itq,"[""3875"", ""3808"", ""3809"", ""3810"", ""3811"", ""3812"", ""4404"", ""3813"", ""5104"", ""1475"", ""1476"", ""1472"", ""1471"", ""1470"", ""1469"", ""1439"", ""1438"", ""2537"", ""1920"", ""1921"", ""4241"", ""2310"", ""2311"", ""2312"", ""2313"", ""2314"", ""2315"", ""5194"", ""ESTACION_CORREGIDORA_SUR""]","[""352"", ""352"", ""352"", ""352"", ""352"", ""352"", ""352"", ""352"", ""352"", ""352"", ""352"", ""352"", ""352"", ""352"", ""352"", ""325"", ""325"", ""325"", ""325"", ""325"", ""325"", ""325"", ""325"", ""325"", ""319"", ""319"", ""319"", ""CAMINATA""]",5.0,Carr. Federal No. 57/José Guadalupe Ramírez Álvarez,20.571499142402,-100.28655163574
2664,47.065,233,L113,2,35,3,Con transbordo,233 → 336 → 319,L113 → C46 → C24,Fresno/Maravillas → Av. Tecnológico/José María Arteaga,"[""2664"", ""2665"", ""2666"", ""2667"", ""2255"", ""2639"", ""2640"", ""2641"", ""2258"", ""2259"", ""2260"", ""2261"", ""2262"", ""2263"", ""3023"", ""2264"", ""4393"", ""2199"", ""1762"", ""1763"", ""2200"", ""4430"", ""1764"", ""1765"", ""1766"", ""2201"", ""4241"", ""2310"", ""2311"", ""2312"", ""2313"", ""2314"", ""2315"", ""5194"", ""ESTACION_CORREGIDORA_SUR""]","[""233"", ""233"", ""233"", ""233"", ""233"", ""336"", ""336"", ""336"", ""336"", ""336"", ""336"", ""336"", ""336"", ""336"", ""336"", ""336"", ""336"", ""336"", ""336"", ""336"", ""336"", ""336"", ""336"", ""336"", ""336"", ""336"", ""319"", ""319"", ""319"", ""319"", ""319"", ""319"", ""319"", ""CAMINATA""]",5.0,Camino A Los Olvera/Misión de Tilaco,20.53599375,-100.4209127
2360,47.065000000000005,319,C24,3,29,4,Con transbordo,319 → 326 → 338 → 319,C24 → C35 → C48 → C24,Blvd. de Las Américas/Calle Cerro del Zamorano → Blvd. de Las Américas/Cerro del Fraile → Av. Tecnológico/José María Arteaga,"[""2360"", ""2361"", ""2362"", ""2363"", ""2364"", ""2365"", ""4129"", ""2290"", ""3600"", ""2291"", ""2292"", ""2293"", ""2294"", ""2295"", ""2296"", ""2418"", ""2419"", ""5180"", ""2672"", ""2201"", ""4241"", ""2310"", ""2311"", ""2312"", ""2313"", ""2314"", ""2315"", ""5194"", ""ESTACION_CORREGIDORA_SUR""]","[""319"", ""319"", ""319"", ""319"", ""319"", ""326"", ""326"", ""338"", ""338"", ""338"", ""338"", ""338"", ""338"", ""338"", ""338"", ""338"", ""338"", ""338"", ""338"", ""338"", ""319"", ""319"", ""319"", ""319"", ""319"", ""319"", ""319"", ""CAMINATA""]",5.0,Blvd. de Las Américas/Calle Enrique Bordes Manguel,20.5572267,-100.3968404
4125,47.093749999999986,331,C40,2,26,3,Con transbordo,331 → 353 → 345,C40 → C65 → C55,Hacienda Tequisquiapan/Hacienda Jaral de Penas → Carr. Campo Militar/Querétaro Park Iii,"[""4125"", ""3226"", ""2601"", ""3227"", ""3228"", ""3229"", ""3230"", ""3231"", ""3232"", ""3233"", ""3234"", ""3235"", ""3236"", ""2602"", ""4253"", ""3237"", ""3222"", ""3223"", ""3726"", ""3224"", ""2314"", ""2315"", ""5194"", ""2316"", ""5200"", ""ESTACION_CORREGIDORA_SUR""]","[""331"", ""331"", ""331"", ""331"", ""331"", ""331"", ""331"", ""331"", ""353"", ""353"", ""353"", ""353"", ""353"", ""353"", ""345"", ""345"", ""345"", ""345"", ""345"", ""345"", ""345"", ""345"", ""345"", ""345"", ""CAMINATA""]",5.0,Carr. Campo Militar/Plaza del Manifiesto Social,20.595313523654,-100.41568324017
5118,47.110416666666666,408,C73,2,27,3,Con transbordo,408 → 90 → 97,C73 → L51 → C22,Carr. Coroneo/Av. Paseo Constituyentes → Constitución de 1917,"[""5118"", ""3019"", ""4274"", ""4275"", ""5119"", ""5205"", ""4111"", ""1300"", ""1301"", ""1302"", ""1761"", ""1303"", ""1304"", ""1305"", ""1306"", ""1432"", ""1433"", ""1434"", ""3297"", ""4241"", ""2310"", ""2311"", ""2312"", ""2313"", ""2314"", ""2315"", ""ESTACION_CORREGIDORA_SUR""]","[""408"", ""408"", ""408"", ""408"", ""408"", ""408"", ""90"", ""90"", ""90"", ""90"", ""90"", ""90"", ""90"", ""90"", ""90"", ""90"", ""90"", ""97"", ""97"", ""97"", ""97"", ""97"", ""97"", ""97"", ""97"", ""CAMINATA""]",5.0,Libramiento Surponiente/Blvd. de Las Américas,20.53956289215,-100.38812604954
2352,47.114999999999995,332,C41,3,23,4,Con transbordo,332 → 234 → 338 → 319,C41 → L117 → C48 → C24,Calle Antonio Carranza/Blvd. de Las Américas → Blvd. de Las Américas/Carlos Esquerro → Av. Tecnológico/José María Arteaga,"[""2352"", ""2353"", ""2354"", ""2355"", ""2612"", ""2613"", ""3327"", ""2614"", ""2615"", ""2418"", ""2419"", ""5180"", ""2672"", ""2201"", ""4241"", ""2310"", ""2311"", ""2312"", ""2313"", ""2314"", ""2315"", ""5194"", ""ESTACION_CORREGIDORA_SUR""]","[""332"", ""332"", ""332"", ""332"", ""332"", ""332"", ""332"", ""332"", ""234"", ""338"", ""338"", ""338"", ""338"", ""338"", ""319"", ""319"", ""319"", ""319"", ""319"", ""319"", ""319"", ""CAMINATA""]",5.0,Calle 25/Av. 10,20.570875,-100.393481
2505,47.181666666666665,337,C47,3,30,4,Con transbordo,337 → 373 → 336 → 319,C47 → T05 → C46 → C24,Calle Francisco Alcocer/Fernando Díaz Ramírez → Fernando Díaz Ramírez/José Ugalde Rodríguez → Av. Tecnológico/José María Arteaga,"[""2505"", ""4114"", ""2257"", ""2258"", ""2259"", ""2260"", ""2261"", ""2262"", ""2263"", ""3023"", ""2264"", ""4393"", ""2199"", ""1762"", ""1763"", ""2200"", ""4430"", ""1764"", ""1765"", ""1766"", ""2201"", ""4241"", ""2310"", ""2311"", ""2312"", ""2313"", ""2314"", ""2315"", ""5194"", ""ESTACION_CORREGIDORA_SUR""]","[""337"", ""337"", ""373"", ""336"", ""336"", ""336"", ""336"", ""336"", ""336"", ""336"", ""336"", ""336"", ""336"", ""336"", ""336"", ""336"", ""336"", ""336"", ""336"", ""336"", ""336"", ""319"", ""319"", ""319"", ""319"", ""319"", ""319"", ""319"", ""CAMINATA""]",5.0,Av. Camino Real/Villa Tulipanes,20.544273,-100.399042
2349,47.28166666666666,337,C47,3,22,4,Con transbordo,337 → 234 → 338 → 319,C47 → L117 → C48 → C24,Calle Antonio Carranza/Blvd. de Las Américas → Blvd. de Las Américas/Carlos Esquerro → Av. Tecnológico/José María Arteaga,"[""2349"", ""2559"", ""2560"", ""2561"", ""2562"", ""2563"", ""2614"", ""2615"", ""2418"", ""2419"", ""5180"", ""2672"", ""2201"", ""4241"", ""2310"", ""2311"", ""2312"", ""2313"", ""2314"", ""2315"", ""5194"", ""ESTACION_CORREGIDORA_SUR""]","[""337"", ""337"", ""337"", ""337"", ""337"", ""337"", ""337"", ""234"", ""338"", ""338"", ""338"", ""338"", ""338"", ""319"", ""319"", ""319"", ""319"", ""319"", ""319"", ""319"", ""CAMINATA""]",5.0,Av. 6/Calle 25,20.572599,-100.39317
1288,47.310416666666654,96,C21,2,35,3,Con transbordo,96 → 90 → 97,C21 → L51 → C22,Santa Bárbara → Constitución de 1917,"[""1288"", ""1289"", ""3296"", ""3674"", ""1350"", ""1351"", ""4142"", ""1292"", ""1293"", ""1294"", ""1295"", ""1296"", ""1297"", ""1298"", ""1299"", ""1300"", ""1301"", ""1302"", ""1761"", ""1303"", ""1304"", ""1305"", ""1306"", ""1432"", ""1433"", ""1434"", ""3297"", ""4241"", ""2310"", ""2311"", ""2312"", ""2313"", ""2314"", ""2315"", ""ESTACION_CORREGIDORA_SUR""]","[""96"", ""96"", ""96"", ""96"", ""96"", ""96"", ""96"", ""96"", ""96"", ""96"", ""96"", ""96"", ""96"", ""96"", ""96"", ""90"", ""90"", ""90"", ""90"", ""90"", ""90"", ""90"", ""90"", ""90"", ""90"", ""97"", ""97"", ""97"", ""97"", ""97"", ""97"", ""97"", ""97"", ""CAMINATA""]",5.0,Orquídeas/Av. Sta María del Pueblito,20.552540124632,-100.45008612022
2351,47.38166666666666,332,C41,3,24,4,Con transbordo,332 → 234 → 338 → 319,C41 → L117 → C48 → C24,Calle Antonio Carranza/Blvd. de Las Américas → Blvd. de Las Américas/Carlos Esquerro → Av. Tecnológico/José María Arteaga,"[""2351"", ""2352"", ""2353"", ""2354"", ""2355"", ""2612"", ""2613"", ""3327"", ""2614"", ""2615"", ""2418"", ""2419"", ""5180"", ""2672"", ""2201"", ""4241"", ""2310"", ""2311"", ""2312"", ""2313"", ""2314"", ""2315"", ""5194"", ""ESTACION_CORREGIDORA_SUR""]","[""332"", ""332"", ""332"", ""332"", ""332"", ""332"", ""332"", ""332"", ""332"", ""234"", ""338"", ""338"", ""338"", ""338"", ""338"", ""319"", ""319"", ""319"", ""319"", ""319"", ""319"", ""319"", ""CAMINATA""]",5.0,Calle 27/Av. 8,20.57146366,-100.3936791
5211,47.38166666666667,373,T05,3,32,4,Con transbordo,373 → 233 → 336 → 319,T05 → L113 → C46 → C24,Calle Manzano/Fresno → Fresno/Maravillas → Av. Tecnológico/José María Arteaga,"[""5211"", ""2255"", ""2639"", ""2640"", ""2641"", ""2258"", ""2259"", ""2260"", ""2261"", ""2262"", ""2263"", ""3023"", ""2264"", ""4393"", ""2199"", ""1762"", ""1763"", ""2200"", ""4430"", ""1764"", ""1765"", ""1766"", ""2201"", ""4241"", ""2310"", ""2311"", ""2312"", ""2313"", ""2314"", ""2315"", ""5194"", ""ESTACION_CORREGIDORA_SUR""]","[""373"", ""233"", ""336"", ""336"", ""336"", ""336"", ""336"", ""336"", ""336"", ""336"", ""336"", ""336"", ""336"", ""336"", ""336"", ""336"", ""336"", ""336"", ""336"", ""336"", ""336"", ""336"", ""336"", ""319"", ""319"", ""319"", ""319"", ""319"", ""319"", ""319"", ""CAMINATA""]",5.0,Calle Cedro Oriente/Calle Manzano,20.534933478684,-100.40484081891
2763,47.45208333333333,356,L108,1,22,2,Con transbordo,356 → 333,L108 → C42,Prol. Zaragoza/Paseo 5 de Febrero,"[""2763"", ""2764"", ""2765"", ""4096"", ""4097"", ""4098"", ""4099"", ""2616"", ""4100"", ""1766"", ""2201"", ""4241"", ""2310"", ""3570"", ""3571"", ""3572"", ""2311"", ""2312"", ""2313"", ""2314"", ""2315"", ""ESTACION_CORREGIDORA_SUR""]","[""356"", ""356"", ""356"", ""356"", ""356"", ""356"", ""356"", ""356"", ""356"", ""333"", ""333"", ""333"", ""333"", ""333"", ""333"", ""333"", ""333"", ""333"", ""333"", ""333"", ""CAMINATA""]",5.0,Carr. Tlacote/Av. del Quetzal,20.58972629,-100.4431908
1328,47.46041666666666,98,C23,3,26,4,Con transbordo,98 → 255 → 90 → 97,C23 → T11 → L51 → C22,Av. Paseo Constituyentes/Prol. Cuauhtémoc → Santa Bárbara → Constitución de 1917,"[""1328"", ""1329"", ""1330"", ""1399"", ""1331"", ""3301"", ""1300"", ""1301"", ""1302"", ""1761"", ""1303"", ""1304"", ""1305"", ""1306"", ""1432"", ""1433"", ""1434"", ""3297"", ""4241"", ""2310"", ""2311"", ""2312"", ""2313"", ""2314"", ""2315"", ""ESTACION_CORREGIDORA_SUR""]","[""98"", ""98"", ""98"", ""98"", ""98"", ""255"", ""90"", ""90"", ""90"", ""90"", ""90"", ""90"", ""90"", ""90"", ""90"", ""90"", ""97"", ""97"", ""97"", ""97"", ""97"", ""97"", ""97"", ""97"", ""CAMINATA""]",5.0,Av. Santa Ana/16 de Septiembre,20.52563034688,-100.45697962417
2439,47.643750000000004,134,C26,3,25,4,Con transbordo,134 → 136 → 326 → 344,C26 → C28 → C35 → C54,Fray Diego de Landa/Chedraui Centro Sur → Independencia/Capuchinas → Av. Universidad/Hospital Sagrado Corazón de Jesús,"[""2439"", ""2440"", ""2441"", ""5106"", ""3344"", ""2442"", ""2471"", ""3596"", ""2021"", ""2450"", ""2451"", ""2452"", ""2453"", ""2547"", ""2548"", ""2549"", ""2550"", ""2551"", ""2956"", ""2552"", ""2393"", ""2394"", ""2316"", ""5200"", ""ESTACION_CORREGIDORA_SUR""]","[""134"", ""134"", ""134"", ""134"", ""134"", ""136"", ""136"", ""136"", ""136"", ""136"", ""136"", ""136"", ""326"", ""326"", ""326"", ""326"", ""326"", ""326"", ""326"", ""344"", ""344"", ""344"", ""344"", ""CAMINATA""]",5.0,Cerro Blanco/Estadio,20.575824359565,-100.36362892515
2498,47.66499999999999,341,C51,3,25,4,Con transbordo,341 → 234 → 338 → 319,C51 → L117 → C48 → C24,Calle Antonio Carranza/Blvd. de Las Américas → Blvd. de Las Américas/Carlos Esquerro → Av. Tecnológico/José María Arteaga,"[""2498"", ""2499"", ""2500"", ""2501"", ""2502"", ""2355"", ""2612"", ""2613"", ""3327"", ""2614"", ""2615"", ""2418"", ""2419"", ""5180"", ""2672"", ""2201"", ""4241"", ""2310"", ""2311"", ""2312"", ""2313"", ""2314"", ""2315"", ""5194"", ""ESTACION_CORREGIDORA_SUR""]","[""341"", ""341"", ""341"", ""341"", ""341"", ""341"", ""341"", ""341"", ""341"", ""341"", ""234"", ""338"", ""338"", ""338"", ""338"", ""338"", ""319"", ""319"", ""319"", ""319"", ""319"", ""319"", ""319"", ""CAMINATA""]",5.0,Calle 24/Av. Luis Pasteur Sur,20.56708286,-100.3834981
4152,47.665000000000006,336,C46,3,27,4,Con transbordo,336 → 334 → 338 → 319,C46 → C43 → C48 → C24,Av. Candiles/Luis G. Pastor → Blvd. de Las Américas/Río Lerma → Av. Tecnológico/José María Arteaga,"[""4152"", ""2251"", ""3679"", ""2627"", ""2508"", ""2509"", ""4138"", ""2291"", ""2292"", ""2293"", ""2294"", ""2295"", ""2296"", ""2418"", ""2419"", ""5180"", ""2672"", ""2201"", ""4241"", ""2310"", ""2311"", ""2312"", ""2313"", ""2314"", ""2315"", ""5194"", ""ESTACION_CORREGIDORA_SUR""]","[""336"", ""336"", ""334"", ""334"", ""334"", ""334"", ""334"", ""338"", ""338"", ""338"", ""338"", ""338"", ""338"", ""338"", ""338"", ""338"", ""338"", ""338"", ""319"", ""319"", ""319"", ""319"", ""319"", ""319"", ""319"", ""CAMINATA""]",5.0,Av. Candiles/Calle Fortín,20.5496133,-100.4086076
2350,47.73166666666666,332,C41,3,25,4,Con transbordo,332 → 234 → 338 → 319,C41 → L117 → C48 → C24,Calle Antonio Carranza/Blvd. de Las Américas → Blvd. de Las Américas/Carlos Esquerro → Av. Tecnológico/José María Arteaga,"[""2350"", ""2351"", ""2352"", ""2353"", ""2354"", ""2355"", ""2612"", ""2613"", ""3327"", ""2614"", ""2615"", ""2418"", ""2419"", ""5180"", ""2672"", ""2201"", ""4241"", ""2310"", ""2311"", ""2312"", ""2313"", ""2314"", ""2315"", ""5194"", ""ESTACION_CORREGIDORA_SUR""]","[""332"", ""332"", ""332"", ""332"", ""332"", ""332"", ""332"", ""332"", ""332"", ""332"", ""234"", ""338"", ""338"", ""338"", ""338"", ""338"", ""319"", ""319"", ""319"", ""319"", ""319"", ""319"", ""319"", ""CAMINATA""]",5.0,Calle 27/Av. 6,20.572229,-100.393939
5212,47.78166666666665,373,T05,2,34,3,Con transbordo,373 → 336 → 319,T05 → C46 → C24,Fernando Díaz Ramírez/José Ugalde Rodríguez → Av. Tecnológico/José María Arteaga,"[""5212"", ""3020"", ""3021"", ""3022"", ""5223"", ""4114"", ""2257"", ""2258"", ""2259"", ""2260"", ""2261"", ""2262"", ""2263"", ""3023"", ""2264"", ""4393"", ""2199"", ""1762"", ""1763"", ""2200"", ""4430"", ""1764"", ""1765"", ""1766"", ""2201"", ""4241"", ""2310"", ""2311"", ""2312"", ""2313"", ""2314"", ""2315"", ""5194"", ""ESTACION_CORREGIDORA_SUR""]","[""373"", ""373"", ""373"", ""373"", ""373"", ""373"", ""373"", ""336"", ""336"", ""336"", ""336"", ""336"", ""336"", ""336"", ""336"", ""336"", ""336"", ""336"", ""336"", ""336"", ""336"", ""336"", ""336"", ""336"", ""336"", ""319"", ""319"", ""319"", ""319"", ""319"", ""319"", ""319"", ""CAMINATA""]",5.0,Calle Manzano/Calle Cedro Oriente,20.53498534963,-100.40518992465
2359,47.78166666666667,319,C24,3,30,4,Con transbordo,319 → 326 → 338 → 319,C24 → C35 → C48 → C24,Blvd. de Las Américas/Calle Cerro del Zamorano → Blvd. de Las Américas/Cerro del Fraile → Av. Tecnológico/José María Arteaga,"[""2359"", ""2360"", ""2361"", ""2362"", ""2363"", ""2364"", ""2365"", ""4129"", ""2290"", ""3600"", ""2291"", ""2292"", ""2293"", ""2294"", ""2295"", ""2296"", ""2418"", ""2419"", ""5180"", ""2672"", ""2201"", ""4241"", ""2310"", ""2311"", ""2312"", ""2313"", ""2314"", ""2315"", ""5194"", ""ESTACION_CORREGIDORA_SUR""]","[""319"", ""319"", ""319"", ""319"", ""319"", ""319"", ""326"", ""326"", ""338"", ""338"", ""338"", ""338"", ""338"", ""338"", ""338"", ""338"", ""338"", ""338"", ""338"", ""338"", ""338"", ""319"", ""319"", ""319"", ""319"", ""319"", ""319"", ""319"", ""CAMINATA""]",5.0,Blvd. de Las Américas/Calle Antonio Carranza,20.55910188,-100.3977929
3874,47.84833333333334,352,C64,2,30,3,Con transbordo,352 → 325 → 319,C64 → C34 → C24,Alameda → Av. Tecnológico/Itq,"[""3874"", ""3875"", ""3808"", ""3809"", ""3810"", ""3811"", ""3812"", ""4404"", ""3813"", ""5104"", ""1475"", ""1476"", ""1472"", ""1471"", ""1470"", ""1469"", ""1439"", ""1438"", ""2537"", ""1920"", ""1921"", ""4241"", ""2310"", ""2311"", ""2312"", ""2313"", ""2314"", ""2315"", ""5194"", ""ESTACION_CORREGIDORA_SUR""]","[""352"", ""352"", ""352"", ""352"", ""352"", ""352"", ""352"", ""352"", ""352"", ""352"", ""352"", ""352"", ""352"", ""352"", ""352"", ""352"", ""325"", ""325"", ""325"", ""325"", ""325"", ""325"", ""325"", ""325"", ""325"", ""319"", ""319"", ""319"", ""CAMINATA""]",5.0,Carr. Federal No. 57/El Carmen,20.57156927214,-100.28224784437
2663,47.89833333333333,233,L113,2,36,3,Con transbordo,233 → 336 → 319,L113 → C46 → C24,Fresno/Maravillas → Av. Tecnológico/José María Arteaga,"[""2663"", ""2664"", ""2665"", ""2666"", ""2667"", ""2255"", ""2639"", ""2640"", ""2641"", ""2258"", ""2259"", ""2260"", ""2261"", ""2262"", ""2263"", ""3023"", ""2264"", ""4393"", ""2199"", ""1762"", ""1763"", ""2200"", ""4430"", ""1764"", ""1765"", ""1766"", ""2201"", ""4241"", ""2310"", ""2311"", ""2312"", ""2313"", ""2314"", ""2315"", ""5194"", ""ESTACION_CORREGIDORA_SUR""]","[""233"", ""233"", ""233"", ""233"", ""233"", ""233"", ""336"", ""336"", ""336"", ""336"", ""336"", ""336"", ""336"", ""336"", ""336"", ""336"", ""336"", ""336"", ""336"", ""336"", ""336"", ""336"", ""336"", ""336"", ""336"", ""336"", ""336"", ""319"", ""319"", ""319"", ""319"", ""319"", ""319"", ""319"", ""CAMINATA""]",5.0,Camino A Los Olvera/Paseo de Amsterdam,20.53786035,-100.4227553
2595,47.965,368,L61,3,29,4,Con transbordo,368 → 326 → 338 → 319,L61 → C35 → C48 → C24,Prol. Calle 27/República Mexicana → Blvd. de Las Américas/Cerro del Fraile → Av. Tecnológico/José María Arteaga,"[""2595"", ""3602"", ""2564"", ""5102"", ""2565"", ""2365"", ""4129"", ""2290"", ""3600"", ""2291"", ""2292"", ""2293"", ""2294"", ""2295"", ""2296"", ""2418"", ""2419"", ""5180"", ""2672"", ""2201"", ""4241"", ""2310"", ""2311"", ""2312"", ""2313"", ""2314"", ""2315"", ""5194"", ""ESTACION_CORREGIDORA_SUR""]","[""368"", ""326"", ""326"", ""326"", ""326"", ""326"", ""326"", ""338"", ""338"", ""338"", ""338"", ""338"", ""338"", ""338"", ""338"", ""338"", ""338"", ""338"", ""338"", ""338"", ""319"", ""319"", ""319"", ""319"", ""319"", ""319"", ""319"", ""CAMINATA""]",5.0,Calle 27/Calle 17,20.560044,-100.389347
3892,47.998333333333335,341,C51,3,28,4,Con transbordo,341 → 322 → 338 → 319,C51 → C29 → C48 → C24,Av. Candiles/Plaza Candiles → Blvd. de Las Américas/Río Lerma → Av. Tecnológico/José María Arteaga,"[""3892"", ""2677"", ""4136"", ""2678"", ""4137"", ""2508"", ""2509"", ""4138"", ""2291"", ""2292"", ""2293"", ""2294"", ""2295"", ""2296"", ""2418"", ""2419"", ""5180"", ""2672"", ""2201"", ""4241"", ""2310"", ""2311"", ""2312"", ""2313"", ""2314"", ""2315"", ""5194"", ""ESTACION_CORREGIDORA_SUR""]","[""341"", ""341"", ""341"", ""341"", ""341"", ""322"", ""322"", ""322"", ""338"", ""338"", ""338"", ""338"", ""338"", ""338"", ""338"", ""338"", ""338"", ""338"", ""338"", ""319"", ""319"", ""319"", ""319"", ""319"", ""319"", ""319"", ""CAMINATA""]",5.0,Calle Antonio Acona/Calle Naranjo,20.555485209037,-100.40123589553
2348,48.01499999999999,337,C47,3,23,4,Con transbordo,337 → 234 → 338 → 319,C47 → L117 → C48 → C24,Calle Antonio Carranza/Blvd. de Las Américas → Blvd. de Las Américas/Carlos Esquerro → Av. Tecnológico/José María Arteaga,"[""2348"", ""2349"", ""2559"", ""2560"", ""2561"", ""2562"", ""2563"", ""2614"", ""2615"", ""2418"", ""2419"", ""5180"", ""2672"", ""2201"", ""4241"", ""2310"", ""2311"", ""2312"", ""2313"", ""2314"", ""2315"", ""5194"", ""ESTACION_CORREGIDORA_SUR""]","[""337"", ""337"", ""337"", ""337"", ""337"", ""337"", ""337"", ""337"", ""234"", ""338"", ""338"", ""338"", ""338"", ""338"", ""319"", ""319"", ""319"", ""319"", ""319"", ""319"", ""319"", ""CAMINATA""]",5.0,Av. 6/Calle 17,20.573085,-100.391226
1769,48.14375,370,T02,2,29,3,Con transbordo,370 → 90 → 97,T02 → L51 → C22,Tejeda → Constitución de 1917,"[""1769"", ""1770"", ""1771"", ""3687"", ""3688"", ""3727"", ""3616"", ""3617"", ""1772"", ""1773"", ""2197"", ""2198"", ""1308"", ""1309"", ""1304"", ""1305"", ""1306"", ""1432"", ""1433"", ""1434"", ""3297"", ""4241"", ""2310"", ""2311"", ""2312"", ""2313"", ""2314"", ""2315"", ""ESTACION_CORREGIDORA_SUR""]","[""370"", ""370"", ""370"", ""370"", ""370"", ""370"", ""370"", ""370"", ""370"", ""370"", ""370"", ""370"", ""370"", ""370"", ""90"", ""90"", ""90"", ""90"", ""90"", ""97"", ""97"", ""97"", ""97"", ""97"", ""97"", ""97"", ""97"", ""CAMINATA""]",5.0,Prol. Zaragoza/Cedros,20.580781428324,-100.40998775431
1319,48.15208333333333,98,C23,1,32,2,Con transbordo,98 → 333,C23 → C42,Av. Prol. Zaragoza/Av. Hilario Frías y Soto,"[""1319"", ""1320"", ""3296"", ""3674"", ""3540"", ""1334"", ""1335"", ""1336"", ""1337"", ""1338"", ""1339"", ""1340"", ""1341"", ""1762"", ""1763"", ""2200"", ""4430"", ""1764"", ""1765"", ""1766"", ""2201"", ""4241"", ""2310"", ""3570"", ""3571"", ""3572"", ""2311"", ""2312"", ""2313"", ""2314"", ""2315"", ""ESTACION_CORREGIDORA_SUR""]","[""98"", ""98"", ""98"", ""98"", ""98"", ""98"", ""98"", ""98"", ""98"", ""98"", ""98"", ""98"", ""98"", ""98"", ""98"", ""98"", ""333"", ""333"", ""333"", ""333"", ""333"", ""333"", ""333"", ""333"", ""333"", ""333"", ""333"", ""333"", ""333"", ""333"", ""CAMINATA""]",5.0,Av. Fray Eulalio Hernández Rivera/Camino Al Cerrito,20.5497444621,-100.44535895378
1333,48.18541666666666,97,C22,2,29,3,Con transbordo,97 → 98 → 333,C22 → C23 → C42,5 de Mayo/Miguel Hidalgo → Av. Prol. Zaragoza/Av. Hilario Frías y Soto,"[""1333"", ""3540"", ""1334"", ""1335"", ""1336"", ""1337"", ""1338"", ""1339"", ""1340"", ""1341"", ""1762"", ""1763"", ""2200"", ""4430"", ""1764"", ""1765"", ""1766"", ""2201"", ""4241"", ""2310"", ""3570"", ""3571"", ""3572"", ""2311"", ""2312"", ""2313"", ""2314"", ""2315"", ""ESTACION_CORREGIDORA_SUR""]","[""97"", ""97"", ""97"", ""97"", ""97"", ""98"", ""98"", ""98"", ""98"", ""98"", ""98"", ""98"", ""98"", ""333"", ""333"", ""333"", ""333"", ""333"", ""333"", ""333"", ""333"", ""333"", ""333"", ""333"", ""333"", ""333"", ""333"", ""CAMINATA""]",5.0,Miguel Hidalgo/Salvador Sánchez Bárcenas,20.551350735615,-100.43991159447
1456,48.214999999999996,99,T01,2,28,3,Con transbordo,99 → 325 → 319,T01 → C34 → C24,Bicentenario → Av. Tecnológico/Itq,"[""1456"", ""1457"", ""3862"", ""3781"", ""4445"", ""1449"", ""3485"", ""1450"", ""1475"", ""1476"", ""1472"", ""1471"", ""1470"", ""1469"", ""1439"", ""1438"", ""2537"", ""1920"", ""1921"", ""4241"", ""2310"", ""2311"", ""2312"", ""2313"", ""2314"", ""2315"", ""5194"", ""ESTACION_CORREGIDORA_SUR""]","[""99"", ""99"", ""99"", ""99"", ""99"", ""99"", ""99"", ""99"", ""99"", ""325"", ""325"", ""325"", ""325"", ""325"", ""325"", ""325"", ""325"", ""325"", ""325"", ""325"", ""325"", ""325"", ""325"", ""319"", ""319"", ""319"", ""CAMINATA""]",5.0,Prol. Constituyentes/Provenza,20.59828038141,-100.29349669885
2250,48.215,336,C46,3,28,4,Con transbordo,336 → 334 → 338 → 319,C46 → C43 → C48 → C24,Av. Candiles/Luis G. Pastor → Blvd. de Las Américas/Río Lerma → Av. Tecnológico/José María Arteaga,"[""2250"", ""4152"", ""2251"", ""3679"", ""2627"", ""2508"", ""2509"", ""4138"", ""2291"", ""2292"", ""2293"", ""2294"", ""2295"", ""2296"", ""2418"", ""2419"", ""5180"", ""2672"", ""2201"", ""4241"", ""2310"", ""2311"", ""2312"", ""2313"", ""2314"", ""2315"", ""5194"", ""ESTACION_CORREGIDORA_SUR""]","[""336"", ""336"", ""336"", ""334"", ""334"", ""334"", ""334"", ""334"", ""338"", ""338"", ""338"", ""338"", ""338"", ""338"", ""338"", ""338"", ""338"", ""338"", ""338"", ""319"", ""319"", ""319"", ""319"", ""319"", ""319"", ""319"", ""CAMINATA""]",5.0,Av. Candiles/Av. Chabacano,20.551188,-100.409296
3300,48.27708333333333,98,C23,3,27,4,Con transbordo,98 → 255 → 90 → 97,C23 → T11 → L51 → C22,Av. Paseo Constituyentes/Prol. Cuauhtémoc → Santa Bárbara → Constitución de 1917,"[""3300"", ""1328"", ""1329"", ""1330"", ""1399"", ""1331"", ""3301"", ""1300"", ""1301"", ""1302"", ""1761"", ""1303"", ""1304"", ""1305"", ""1306"", ""1432"", ""1433"", ""1434"", ""3297"", ""4241"", ""2310"", ""2311"", ""2312"", ""2313"", ""2314"", ""2315"", ""ESTACION_CORREGIDORA_SUR""]","[""98"", ""98"", ""98"", ""98"", ""98"", ""98"", ""255"", ""90"", ""90"", ""90"", ""90"", ""90"", ""90"", ""90"", ""90"", ""90"", ""90"", ""97"", ""97"", ""97"", ""97"", ""97"", ""97"", ""97"", ""97"", ""CAMINATA""]",5.0,Calle 16 de Diciembre/Calle 5 de Mayo,20.52614205,-100.454926
2417,48.565000000000005,319,C24,3,31,4,Con transbordo,319 → 326 → 338 → 319,C24 → C35 → C48 → C24,Blvd. de Las Américas/Calle Cerro del Zamorano → Blvd. de Las Américas/Cerro del Fraile → Av. Tecnológico/José María Arteaga,"[""2417"", ""2359"", ""2360"", ""2361"", ""2362"", ""2363"", ""2364"", ""2365"", ""4129"", ""2290"", ""3600"", ""2291"", ""2292"", ""2293"", ""2294"", ""2295"", ""2296"", ""2418"", ""2419"", ""5180"", ""2672"", ""2201"", ""4241"", ""2310"", ""2311"", ""2312"", ""2313"", ""2314"", ""2315"", ""5194"", ""ESTACION_CORREGIDORA_SUR""]","[""319"", ""319"", ""319"", ""319"", ""319"", ""319"", ""319"", ""326"", ""326"", ""338"", ""338"", ""338"", ""338"", ""338"", ""338"", ""338"", ""338"", ""338"", ""338"", ""338"", ""338"", ""338"", ""319"", ""319"", ""319"", ""319"", ""319"", ""319"", ""319"", ""CAMINATA""]",5.0,Blvd. de Las Américas/Enrique Rodiles,20.56115471,-100.3988669
2347,48.58166666666666,337,C47,3,24,4,Con transbordo,337 → 234 → 338 → 319,C47 → L117 → C48 → C24,Calle Antonio Carranza/Blvd. de Las Américas → Blvd. de Las Américas/Carlos Esquerro → Av. Tecnológico/José María Arteaga,"[""2347"", ""2348"", ""2349"", ""2559"", ""2560"", ""2561"", ""2562"", ""2563"", ""2614"", ""2615"", ""2418"", ""2419"", ""5180"", ""2672"", ""2201"", ""4241"", ""2310"", ""2311"", ""2312"", ""2313"", ""2314"", ""2315"", ""5194"", ""ESTACION_CORREGIDORA_SUR""]","[""337"", ""337"", ""337"", ""337"", ""337"", ""337"", ""337"", ""337"", ""337"", ""234"", ""338"", ""338"", ""338"", ""338"", ""338"", ""319"", ""319"", ""319"", ""319"", ""319"", ""319"", ""319"", ""CAMINATA""]",5.0,Av. 6/Calle 11,20.573445,-100.389747
4153,48.59375,408,C73,2,28,3,Con transbordo,408 → 90 → 97,C73 → L51 → C22,Carr. Coroneo/Av. Paseo Constituyentes → Constitución de 1917,"[""4153"", ""5118"", ""3019"", ""4274"", ""4275"", ""5119"", ""5205"", ""4111"", ""1300"", ""1301"", ""1302"", ""1761"", ""1303"", ""1304"", ""1305"", ""1306"", ""1432"", ""1433"", ""1434"", ""3297"", ""4241"", ""2310"", ""2311"", ""2312"", ""2313"", ""2314"", ""2315"", ""ESTACION_CORREGIDORA_SUR""]","[""408"", ""408"", ""408"", ""408"", ""408"", ""408"", ""408"", ""90"", ""90"", ""90"", ""90"", ""90"", ""90"", ""90"", ""90"", ""90"", ""90"", ""90"", ""97"", ""97"", ""97"", ""97"", ""97"", ""97"", ""97"", ""97"", ""CAMINATA""]",5.0,Ezequiel Montes Sur/Libramiento Sur Poniente,20.54526302575,-100.38379937644
3298,48.66874999999999,97,C22,2,37,3,Con transbordo,97 → 90 → 97,C22 → L51 → C22,Santa Bárbara → Constitución de 1917,"[""3298"", ""1346"", ""1347"", ""1348"", ""1349"", ""3655"", ""1350"", ""1351"", ""4142"", ""1292"", ""1293"", ""1294"", ""1295"", ""1296"", ""1297"", ""1298"", ""1299"", ""1300"", ""1301"", ""1302"", ""1761"", ""1303"", ""1304"", ""1305"", ""1306"", ""1432"", ""1433"", ""1434"", ""3297"", ""4241"", ""2310"", ""2311"", ""2312"", ""2313"", ""2314"", ""2315"", ""ESTACION_CORREGIDORA_SUR""]","[""97"", ""97"", ""97"", ""97"", ""97"", ""97"", ""97"", ""97"", ""97"", ""97"", ""97"", ""97"", ""97"", ""97"", ""97"", ""97"", ""97"", ""90"", ""90"", ""90"", ""90"", ""90"", ""90"", ""90"", ""90"", ""90"", ""90"", ""97"", ""97"", ""97"", ""97"", ""97"", ""97"", ""97"", ""97"", ""CAMINATA""]",5.0,Av. Prol. El Jacal/Calle Norberto Aguirre,20.55408215,-100.4402527
2662,48.781666666666666,233,L113,2,37,3,Con transbordo,233 → 336 → 319,L113 → C46 → C24,Fresno/Maravillas → Av. Tecnológico/José María Arteaga,"[""2662"", ""2663"", ""2664"", ""2665"", ""2666"", ""2667"", ""2255"", ""2639"", ""2640"", ""2641"", ""2258"", ""2259"", ""2260"", ""2261"", ""2262"", ""2263"", ""3023"", ""2264"", ""4393"", ""2199"", ""1762"", ""1763"", ""2200"", ""4430"", ""1764"", ""1765"", ""1766"", ""2201"", ""4241"", ""2310"", ""2311"", ""2312"", ""2313"", ""2314"", ""2315"", ""5194"", ""ESTACION_CORREGIDORA_SUR""]","[""233"", ""233"", ""233"", ""233"", ""233"", ""233"", ""233"", ""336"", ""336"", ""336"", ""336"", ""336"", ""336"", ""336"", ""336"", ""336"", ""336"", ""336"", ""336"", ""336"", ""336"", ""336"", ""336"", ""336"", ""336"", ""336"", ""336"", ""336"", ""319"", ""319"", ""319"", ""319"", ""319"", ""319"", ""319"", ""CAMINATA""]",5.0,Camino A Los Olvera/Universidad Corregidora de Querétaro,20.53967717,-100.4249123
4315,48.78166666666668,396,T16,2,27,3,Con transbordo,396 → 333 → 319,T16 → C42 → C24,Av. del Parque/Blvd. Centro Sur → Vicente Guerrero,"[""4315"", ""2625"", ""3577"", ""5107"", ""2519"", ""3578"", ""2216"", ""2217"", ""2218"", ""2219"", ""2032"", ""2023"", ""2024"", ""2856"", ""1918"", ""1919"", ""1920"", ""1921"", ""4241"", ""2310"", ""2311"", ""2312"", ""2313"", ""2314"", ""2315"", ""5194"", ""ESTACION_CORREGIDORA_SUR""]","[""396"", ""396"", ""396"", ""333"", ""333"", ""333"", ""333"", ""333"", ""333"", ""333"", ""333"", ""333"", ""333"", ""333"", ""333"", ""319"", ""319"", ""319"", ""319"", ""319"", ""319"", ""319"", ""319"", ""319"", ""319"", ""CAMINATA""]",5.0,Parque Nacional El Cimatario,20.533684178417,-100.34089725948
2594,48.83166666666667,368,L61,3,30,4,Con transbordo,368 → 326 → 338 → 319,L61 → C35 → C48 → C24,Prol. Calle 27/República Mexicana → Blvd. de Las Américas/Cerro del Fraile → Av. Tecnológico/José María Arteaga,"[""2594"", ""2595"", ""3602"", ""2564"", ""5102"", ""2565"", ""2365"", ""4129"", ""2290"", ""3600"", ""2291"", ""2292"", ""2293"", ""2294"", ""2295"", ""2296"", ""2418"", ""2419"", ""5180"", ""2672"", ""2201"", ""4241"", ""2310"", ""2311"", ""2312"", ""2313"", ""2314"", ""2315"", ""5194"", ""ESTACION_CORREGIDORA_SUR""]","[""368"", ""368"", ""326"", ""326"", ""326"", ""326"", ""326"", ""326"", ""338"", ""338"", ""338"", ""338"", ""338"", ""338"", ""338"", ""338"", ""338"", ""338"", ""338"", ""338"", ""338"", ""319"", ""319"", ""319"", ""319"", ""319"", ""319"", ""319"", ""CAMINATA""]",5.0,Calle 27/Calle 32,20.56192187,-100.3900877
1287,48.843749999999986,96,C21,2,36,3,Con transbordo,96 → 90 → 97,C21 → L51 → C22,Santa Bárbara → Constitución de 1917,"[""1287"", ""1288"", ""1289"", ""3296"", ""3674"", ""1350"", ""1351"", ""4142"", ""1292"", ""1293"", ""1294"", ""1295"", ""1296"", ""1297"", ""1298"", ""1299"", ""1300"", ""1301"", ""1302"", ""1761"", ""1303"", ""1304"", ""1305"", ""1306"", ""1432"", ""1433"", ""1434"", ""3297"", ""4241"", ""2310"", ""2311"", ""2312"", ""2313"", ""2314"", ""2315"", ""ESTACION_CORREGIDORA_SUR""]","[""96"", ""96"", ""96"", ""96"", ""96"", ""96"", ""96"", ""96"", ""96"", ""96"", ""96"", ""96"", ""96"", ""96"", ""96"", ""96"", ""90"", ""90"", ""90"", ""90"", ""90"", ""90"", ""90"", ""90"", ""90"", ""90"", ""97"", ""97"", ""97"", ""97"", ""97"", ""97"", ""97"", ""97"", ""CAMINATA""]",5.0,Rosas/Colegio George Müller,20.552388482972,-100.45454607122
2650,48.848333333333336,341,C51,3,29,4,Con transbordo,341 → 322 → 338 → 319,C51 → C29 → C48 → C24,Av. Candiles/Plaza Candiles → Blvd. de Las Américas/Río Lerma → Av. Tecnológico/José María Arteaga,"[""2650"", ""3892"", ""2677"", ""4136"", ""2678"", ""4137"", ""2508"", ""2509"", ""4138"", ""2291"", ""2292"", ""2293"", ""2294"", ""2295"", ""2296"", ""2418"", ""2419"", ""5180"", ""2672"", ""2201"", ""4241"", ""2310"", ""2311"", ""2312"", ""2313"", ""2314"", ""2315"", ""5194"", ""ESTACION_CORREGIDORA_SUR""]","[""341"", ""341"", ""341"", ""341"", ""341"", ""341"", ""322"", ""322"", ""322"", ""338"", ""338"", ""338"", ""338"", ""338"", ""338"", ""338"", ""338"", ""338"", ""338"", ""338"", ""319"", ""319"", ""319"", ""319"", ""319"", ""319"", ""319"", ""CAMINATA""]",5.0,Calle Antonio Acona/Calle Laureles,20.555413566353,-100.39894319895
4095,48.90208333333333,356,L108,1,23,2,Con transbordo,356 → 333,L108 → C42,Prol. Zaragoza/Paseo 5 de Febrero,"[""4095"", ""2763"", ""2764"", ""2765"", ""4096"", ""4097"", ""4098"", ""4099"", ""2616"", ""4100"", ""1766"", ""2201"", ""4241"", ""2310"", ""3570"", ""3571"", ""3572"", ""2311"", ""2312"", ""2313"", ""2314"", ""2315"", ""ESTACION_CORREGIDORA_SUR""]","[""356"", ""356"", ""356"", ""356"", ""356"", ""356"", ""356"", ""356"", ""356"", ""356"", ""333"", ""333"", ""333"", ""333"", ""333"", ""333"", ""333"", ""333"", ""333"", ""333"", ""333"", ""CAMINATA""]",5.0,Carr. Tlacote/Paseo de la Garza,20.590004611926,-100.44549414793
1386,48.977083333333326,92,L53,3,25,4,Con transbordo,92 → 255 → 90 → 97,L53 → T11 → L51 → C22,Terminal Balvanera → Santa Bárbara → Constitución de 1917,"[""1386"", ""1330"", ""1399"", ""2190"", ""3301"", ""1300"", ""1301"", ""1302"", ""1761"", ""1303"", ""1304"", ""1305"", ""1306"", ""1432"", ""1433"", ""1434"", ""3297"", ""4241"", ""2310"", ""2311"", ""2312"", ""2313"", ""2314"", ""2315"", ""ESTACION_CORREGIDORA_SUR""]","[""92"", ""92"", ""92"", ""255"", ""255"", ""90"", ""90"", ""90"", ""90"", ""90"", ""90"", ""90"", ""90"", ""90"", ""90"", ""97"", ""97"", ""97"", ""97"", ""97"", ""97"", ""97"", ""97"", ""CAMINATA""]",5.0,Geranios/Cedros,20.526639821454,-100.46254028446
2196,48.97708333333333,370,T02,2,30,3,Con transbordo,370 → 90 → 97,T02 → L51 → C22,Tejeda → Constitución de 1917,"[""2196"", ""1769"", ""1770"", ""1771"", ""3687"", ""3688"", ""3727"", ""3616"", ""3617"", ""1772"", ""1773"", ""2197"", ""2198"", ""1308"", ""1309"", ""1304"", ""1305"", ""1306"", ""1432"", ""1433"", ""1434"", ""3297"", ""4241"", ""2310"", ""2311"", ""2312"", ""2313"", ""2314"", ""2315"", ""ESTACION_CORREGIDORA_SUR""]","[""370"", ""370"", ""370"", ""370"", ""370"", ""370"", ""370"", ""370"", ""370"", ""370"", ""370"", ""370"", ""370"", ""370"", ""370"", ""90"", ""90"", ""90"", ""90"", ""90"", ""97"", ""97"", ""97"", ""97"", ""97"", ""97"", ""97"", ""97"", ""CAMINATA""]",5.0,Prol. Zaragoza/Paseo 5 de Febrero,20.58161739,-100.4076853
2644,48.98166666666667,336,C46,3,29,4,Con transbordo,336 → 334 → 338 → 319,C46 → C43 → C48 → C24,Av. Candiles/Luis G. Pastor → Blvd. de Las Américas/Río Lerma → Av. Tecnológico/José María Arteaga,"[""2644"", ""2250"", ""4152"", ""2251"", ""3679"", ""2627"", ""2508"", ""2509"", ""4138"", ""2291"", ""2292"", ""2293"", ""2294"", ""2295"", ""2296"", ""2418"", ""2419"", ""5180"", ""2672"", ""2201"", ""4241"", ""2310"", ""2311"", ""2312"", ""2313"", ""2314"", ""2315"", ""5194"", ""ESTACION_CORREGIDORA_SUR""]","[""336"", ""336"", ""336"", ""336"", ""334"", ""334"", ""334"", ""334"", ""334"", ""338"", ""338"", ""338"", ""338"", ""338"", ""338"", ""338"", ""338"", ""338"", ""338"", ""338"", ""319"", ""319"", ""319"", ""319"", ""319"", ""319"", ""319"", ""CAMINATA""]",5.0,Av. Candiles/Priv. Campestre,20.55333497,-100.4102847
3925,49.01875,97,C22,2,30,3,Con transbordo,97 → 98 → 333,C22 → C23 → C42,5 de Mayo/Miguel Hidalgo → Av. Prol. Zaragoza/Av. Hilario Frías y Soto,"[""3925"", ""1333"", ""3540"", ""1334"", ""1335"", ""1336"", ""1337"", ""1338"", ""1339"", ""1340"", ""1341"", ""1762"", ""1763"", ""2200"", ""4430"", ""1764"", ""1765"", ""1766"", ""2201"", ""4241"", ""2310"", ""3570"", ""3571"", ""3572"", ""2311"", ""2312"", ""2313"", ""2314"", ""2315"", ""ESTACION_CORREGIDORA_SUR""]","[""97"", ""97"", ""97"", ""97"", ""97"", ""97"", ""98"", ""98"", ""98"", ""98"", ""98"", ""98"", ""98"", ""98"", ""333"", ""333"", ""333"", ""333"", ""333"", ""333"", ""333"", ""333"", ""333"", ""333"", ""333"", ""333"", ""333"", ""333"", ""CAMINATA""]",5.0,Miguel Hidalgo/Camino Al Cerrito,20.549009622651,-100.43990287227
1318,49.08541666666666,98,C23,1,33,2,Con transbordo,98 → 333,C23 → C42,Av. Prol. Zaragoza/Av. Hilario Frías y Soto,"[""1318"", ""1319"", ""1320"", ""3296"", ""3674"", ""3540"", ""1334"", ""1335"", ""1336"", ""1337"", ""1338"", ""1339"", ""1340"", ""1341"", ""1762"", ""1763"", ""2200"", ""4430"", ""1764"", ""1765"", ""1766"", ""2201"", ""4241"", ""2310"", ""3570"", ""3571"", ""3572"", ""2311"", ""2312"", ""2313"", ""2314"", ""2315"", ""ESTACION_CORREGIDORA_SUR""]","[""98"", ""98"", ""98"", ""98"", ""98"", ""98"", ""98"", ""98"", ""98"", ""98"", ""98"", ""98"", ""98"", ""98"", ""98"", ""98"", ""98"", ""333"", ""333"", ""333"", ""333"", ""333"", ""333"", ""333"", ""333"", ""333"", ""333"", ""333"", ""333"", ""333"", ""333"", ""CAMINATA""]",5.0,Av. Fray Eulalio Hernández Rivera/Unidad Deportiva El Pueblito,20.547454003248,-100.44527139823
5100,49.12708333333333,129,L101,2,49,3,Con transbordo,129 → 90 → 97,L101 → L51 → C22,Pueblo Nuevo → Constitución de 1917,"[""5100"", ""1290"", ""1291"", ""4358"", ""1311"", ""5209"", ""1312"", ""1313"", ""1424"", ""1352"", ""1372"", ""1441"", ""1373"", ""1442"", ""1443"", ""1374"", ""1375"", ""1444"", ""1362"", ""1363"", ""1364"", ""1445"", ""1365"", ""1446"", ""1366"", ""1447"", ""1367"", ""1431"", ""4111"", ""1300"", ""1301"", ""1302"", ""1761"", ""1303"", ""1304"", ""1305"", ""1306"", ""1432"", ""1433"", ""1434"", ""3297"", ""4241"", ""2310"", ""2311"", ""2312"", ""2313"", ""2314"", ""2315"", ""ESTACION_CORREGIDORA_SUR""]","[""129"", ""129"", ""129"", ""129"", ""90"", ""90"", ""90"", ""90"", ""90"", ""90"", ""90"", ""90"", ""90"", ""90"", ""90"", ""90"", ""90"", ""90"", ""90"", ""90"", ""90"", ""90"", ""90"", ""90"", ""90"", ""90"", ""90"", ""90"", ""90"", ""90"", ""90"", ""90"", ""90"", ""90"", ""90"", ""90"", ""90"", ""90"", ""90"", ""97"", ""97"", ""97"", ""97"", ""97"", ""97"", ""97"", ""97"", ""CAMINATA""]",5.0,Av. Santuarios de Guadalupe/Cto. Andamaxei,20.555906788668,-100.4453301325
2631,49.13166666666667,337,C47,3,29,4,Con transbordo,337 → 334 → 338 → 319,C47 → C43 → C48 → C24,Av. Candiles/Parroquia de Nuestra Señora de la Esperanza → Blvd. de Las Américas/Río Lerma → Av. Tecnológico/José María Arteaga,"[""2631"", ""2250"", ""4152"", ""2251"", ""3679"", ""2627"", ""2508"", ""2509"", ""4138"", ""2291"", ""2292"", ""2293"", ""2294"", ""2295"", ""2296"", ""2418"", ""2419"", ""5180"", ""2672"", ""2201"", ""4241"", ""2310"", ""2311"", ""2312"", ""2313"", ""2314"", ""2315"", ""5194"", ""ESTACION_CORREGIDORA_SUR""]","[""337"", ""337"", ""337"", ""334"", ""334"", ""334"", ""334"", ""334"", ""334"", ""338"", ""338"", ""338"", ""338"", ""338"", ""338"", ""338"", ""338"", ""338"", ""338"", ""338"", ""319"", ""319"", ""319"", ""319"", ""319"", ""319"", ""319"", ""CAMINATA""]",5.0,Av. Chabacano/Av. Candiles,20.55219783,-100.4089047
2254,49.165000000000006,373,T05,3,32,4,Con transbordo,373 → 337 → 336 → 319,T05 → C47 → C46 → C24,Calle Francisco Alcocer/Eulogio Marroquín → Av. Candiles/Parque Candiles Skate Park → Av. Tecnológico/José María Arteaga,"[""2254"", ""4115"", ""4116"", ""2506"", ""2507"", ""2626"", ""2259"", ""2260"", ""2261"", ""2262"", ""2263"", ""3023"", ""2264"", ""4393"", ""2199"", ""1762"", ""1763"", ""2200"", ""4430"", ""1764"", ""1765"", ""1766"", ""2201"", ""4241"", ""2310"", ""2311"", ""2312"", ""2313"", ""2314"", ""2315"", ""5194"", ""ESTACION_CORREGIDORA_SUR""]","[""373"", ""337"", ""337"", ""337"", ""337"", ""337"", ""336"", ""336"", ""336"", ""336"", ""336"", ""336"", ""336"", ""336"", ""336"", ""336"", ""336"", ""336"", ""336"", ""336"", ""336"", ""336"", ""336"", ""319"", ""319"", ""319"", ""319"", ""319"", ""319"", ""319"", ""CAMINATA""]",5.0,Fernando Díaz Ramírez/Calle Francisco Alcocer,20.541415,-100.403122
5163,49.24375,98,C23,3,28,4,Con transbordo,98 → 255 → 90 → 97,C23 → T11 → L51 → C22,Av. Paseo Constituyentes/Prol. Cuauhtémoc → Santa Bárbara → Constitución de 1917,"[""5163"", ""3300"", ""1328"", ""1329"", ""1330"", ""1399"", ""1331"", ""3301"", ""1300"", ""1301"", ""1302"", ""1761"", ""1303"", ""1304"", ""1305"", ""1306"", ""1432"", ""1433"", ""1434"", ""3297"", ""4241"", ""2310"", ""2311"", ""2312"", ""2313"", ""2314"", ""2315"", ""ESTACION_CORREGIDORA_SUR""]","[""98"", ""98"", ""98"", ""98"", ""98"", ""98"", ""98"", ""255"", ""90"", ""90"", ""90"", ""90"", ""90"", ""90"", ""90"", ""90"", ""90"", ""90"", ""97"", ""97"", ""97"", ""97"", ""97"", ""97"", ""97"", ""97"", ""CAMINATA""]",5.0,P/0051 Prol. Jazmín/Calle Laureles,20.526804838937,-100.45252199091
2346,49.29833333333334,326,C35,2,37,3,Con transbordo,326 → 338 → 319,C35 → C48 → C24,Blvd. de Las Américas/Cerro del Fraile → Av. Tecnológico/José María Arteaga,"[""2346"", ""2347"", ""2348"", ""2349"", ""2559"", ""2560"", ""2561"", ""2562"", ""2563"", ""3602"", ""2564"", ""5102"", ""2565"", ""2365"", ""4129"", ""2290"", ""3600"", ""2291"", ""2292"", ""2293"", ""2294"", ""2295"", ""2296"", ""2418"", ""2419"", ""5180"", ""2672"", ""2201"", ""4241"", ""2310"", ""2311"", ""2312"", ""2313"", ""2314"", ""2315"", ""5194"", ""ESTACION_CORREGIDORA_SUR""]","[""326"", ""326"", ""326"", ""326"", ""326"", ""326"", ""326"", ""326"", ""326"", ""326"", ""326"", ""326"", ""326"", ""326"", ""326"", ""338"", ""338"", ""338"", ""338"", ""338"", ""338"", ""338"", ""338"", ""338"", ""338"", ""338"", ""338"", ""338"", ""319"", ""319"", ""319"", ""319"", ""319"", ""319"", ""319"", ""CAMINATA""]",5.0,Av. 6/Calle 3,20.573939,-100.387718
3016,49.415000000000006,373,T05,3,29,4,Con transbordo,373 → 334 → 338 → 319,T05 → C43 → C48 → C24,Av. Candiles/Parroquia de Nuestra Señora de la Esperanza → Blvd. de Las Américas/Río Lerma → Av. Tecnológico/José María Arteaga,"[""3016"", ""5079"", ""4152"", ""2251"", ""3679"", ""2627"", ""2508"", ""2509"", ""4138"", ""2291"", ""2292"", ""2293"", ""2294"", ""2295"", ""2296"", ""2418"", ""2419"", ""5180"", ""2672"", ""2201"", ""4241"", ""2310"", ""2311"", ""2312"", ""2313"", ""2314"", ""2315"", ""5194"", ""ESTACION_CORREGIDORA_SUR""]","[""373"", ""373"", ""373"", ""334"", ""334"", ""334"", ""334"", ""334"", ""334"", ""338"", ""338"", ""338"", ""338"", ""338"", ""338"", ""338"", ""338"", ""338"", ""338"", ""338"", ""319"", ""319"", ""319"", ""319"", ""319"", ""319"", ""319"", ""CAMINATA""]",5.0,Prol. Av. Zaragoza/Los Olivos,20.55142707,-100.4110383
5086,49.431666666666665,233,L113,2,38,3,Con transbordo,233 → 336 → 319,L113 → C46 → C24,Fresno/Maravillas → Av. Tecnológico/José María Arteaga,"[""5086"", ""2662"", ""2663"", ""2664"", ""2665"", ""2666"", ""2667"", ""2255"", ""2639"", ""2640"", ""2641"", ""2258"", ""2259"", ""2260"", ""2261"", ""2262"", ""2263"", ""3023"", ""2264"", ""4393"", ""2199"", ""1762"", ""1763"", ""2200"", ""4430"", ""1764"", ""1765"", ""1766"", ""2201"", ""4241"", ""2310"", ""2311"", ""2312"", ""2313"", ""2314"", ""2315"", ""5194"", ""ESTACION_CORREGIDORA_SUR""]","[""233"", ""233"", ""233"", ""233"", ""233"", ""233"", ""233"", ""233"", ""336"", ""336"", ""336"", ""336"", ""336"", ""336"", ""336"", ""336"", ""336"", ""336"", ""336"", ""336"", ""336"", ""336"", ""336"", ""336"", ""336"", ""336"", ""336"", ""336"", ""336"", ""319"", ""319"", ""319"", ""319"", ""319"", ""319"", ""319"", ""CAMINATA""]",5.0,Camino A Los Olvera/Fraccionamiento Las Fuentes,20.540492732133,-100.42685013284
2526,49.48541666666666,321,C27,2,31,3,Con transbordo,321 → 139 → 321,C27 → C32 → C27,Blvd de Los Gobernadores/Labná → Cobá/Blvd de Los Gobernadores,"[""2526"", ""2489"", ""2472"", ""2473"", ""2474"", ""5078"", ""2475"", ""2476"", ""2477"", ""2212"", ""2213"", ""2214"", ""2215"", ""2478"", ""2308"", ""2028"", ""2029"", ""2030"", ""2031"", ""2309"", ""1919"", ""1920"", ""1921"", ""4241"", ""2310"", ""2311"", ""2312"", ""2313"", ""2314"", ""2315"", ""ESTACION_CORREGIDORA_SUR""]","[""321"", ""139"", ""321"", ""321"", ""321"", ""321"", ""321"", ""321"", ""321"", ""321"", ""321"", ""321"", ""321"", ""321"", ""321"", ""321"", ""321"", ""321"", ""321"", ""321"", ""321"", ""321"", ""321"", ""321"", ""321"", ""321"", ""321"", ""321"", ""321"", ""CAMINATA""]",5.0,Blvd. de Los Gobernadores/Labná,20.554494984166,-100.37203315419
2416,49.498333333333335,319,C24,3,32,4,Con transbordo,319 → 326 → 338 → 319,C24 → C35 → C48 → C24,Blvd. de Las Américas/Calle Cerro del Zamorano → Blvd. de Las Américas/Cerro del Fraile → Av. Tecnológico/José María Arteaga,"[""2416"", ""2417"", ""2359"", ""2360"", ""2361"", ""2362"", ""2363"", ""2364"", ""2365"", ""4129"", ""2290"", ""3600"", ""2291"", ""2292"", ""2293"", ""2294"", ""2295"", ""2296"", ""2418"", ""2419"", ""5180"", ""2672"", ""2201"", ""4241"", ""2310"", ""2311"", ""2312"", ""2313"", ""2314"", ""2315"", ""5194"", ""ESTACION_CORREGIDORA_SUR""]","[""319"", ""319"", ""319"", ""319"", ""319"", ""319"", ""319"", ""319"", ""326"", ""326"", ""338"", ""338"", ""338"", ""338"", ""338"", ""338"", ""338"", ""338"", ""338"", ""338"", ""338"", ""338"", ""338"", ""319"", ""319"", ""319"", ""319"", ""319"", ""319"", ""319"", ""CAMINATA""]",5.0,Blvd. de Las Américas/G. Garmedia,20.56358044,-100.4001199
3676,49.56041666666666,129,L101,2,50,3,Con transbordo,129 → 90 → 97,L101 → L51 → C22,Pueblo Nuevo → Constitución de 1917,"[""3676"", ""5100"", ""1290"", ""1291"", ""4358"", ""1311"", ""5209"", ""1312"", ""1313"", ""1424"", ""1352"", ""1372"", ""1441"", ""1373"", ""1442"", ""1443"", ""1374"", ""1375"", ""1444"", ""1362"", ""1363"", ""1364"", ""1445"", ""1365"", ""1446"", ""1366"", ""1447"", ""1367"", ""1431"", ""4111"", ""1300"", ""1301"", ""1302"", ""1761"", ""1303"", ""1304"", ""1305"", ""1306"", ""1432"", ""1433"", ""1434"", ""3297"", ""4241"", ""2310"", ""2311"", ""2312"", ""2313"", ""2314"", ""2315"", ""ESTACION_CORREGIDORA_SUR""]","[""129"", ""129"", ""129"", ""129"", ""129"", ""90"", ""90"", ""90"", ""90"", ""90"", ""90"", ""90"", ""90"", ""90"", ""90"", ""90"", ""90"", ""90"", ""90"", ""90"", ""90"", ""90"", ""90"", ""90"", ""90"", ""90"", ""90"", ""90"", ""90"", ""90"", ""90"", ""90"", ""90"", ""90"", ""90"", ""90"", ""90"", ""90"", ""90"", ""90"", ""97"", ""97"", ""97"", ""97"", ""97"", ""97"", ""97"", ""97"", ""CAMINATA""]",5.0,Priv. de Enebro/Av. Santa María del Pueblito,20.555163503889,-100.44380607819
2649,49.73166666666667,341,C51,3,30,4,Con transbordo,341 → 322 → 338 → 319,C51 → C29 → C48 → C24,Av. Candiles/Plaza Candiles → Blvd. de Las Américas/Río Lerma → Av. Tecnológico/José María Arteaga,"[""2649"", ""2650"", ""3892"", ""2677"", ""4136"", ""2678"", ""4137"", ""2508"", ""2509"", ""4138"", ""2291"", ""2292"", ""2293"", ""2294"", ""2295"", ""2296"", ""2418"", ""2419"", ""5180"", ""2672"", ""2201"", ""4241"", ""2310"", ""2311"", ""2312"", ""2313"", ""2314"", ""2315"", ""5194"", ""ESTACION_CORREGIDORA_SUR""]","[""341"", ""341"", ""341"", ""341"", ""341"", ""341"", ""341"", ""322"", ""322"", ""322"", ""338"", ""338"", ""338"", ""338"", ""338"", ""338"", ""338"", ""338"", ""338"", ""338"", ""338"", ""319"", ""319"", ""319"", ""319"", ""319"", ""319"", ""319"", ""CAMINATA""]",5.0,Calle Antonio Acona/Blvd. de Las Américas,20.55532727,-100.3965772
3238,49.748333333333335,331,C40,3,28,4,Con transbordo,331 → 326 → 338 → 319,C40 → C35 → C48 → C24,Blvd. de Las Américas/Calle Cerro del Zamorano → Blvd. de Las Américas/Cerro del Fraile → Av. Tecnológico/José María Arteaga,"[""3238"", ""2362"", ""2363"", ""2364"", ""2365"", ""4129"", ""2290"", ""3600"", ""2291"", ""2292"", ""2293"", ""2294"", ""2295"", ""2296"", ""2418"", ""2419"", ""5180"", ""2672"", ""2201"", ""4241"", ""2310"", ""2311"", ""2312"", ""2313"", ""2314"", ""2315"", ""5194"", ""ESTACION_CORREGIDORA_SUR""]","[""331"", ""331"", ""331"", ""331"", ""326"", ""326"", ""338"", ""338"", ""338"", ""338"", ""338"", ""338"", ""338"", ""338"", ""338"", ""338"", ""338"", ""338"", ""338"", ""319"", ""319"", ""319"", ""319"", ""319"", ""319"", ""319"", ""CAMINATA""]",5.0,República Dominicana/Calle Valle Verde,20.555433408062,-100.3915111805
2399,49.76875,97,C22,2,31,3,Con transbordo,97 → 98 → 333,C22 → C23 → C42,5 de Mayo/Miguel Hidalgo → Av. Prol. Zaragoza/Av. Hilario Frías y Soto,"[""2399"", ""3925"", ""1333"", ""3540"", ""1334"", ""1335"", ""1336"", ""1337"", ""1338"", ""1339"", ""1340"", ""1341"", ""1762"", ""1763"", ""2200"", ""4430"", ""1764"", ""1765"", ""1766"", ""2201"", ""4241"", ""2310"", ""3570"", ""3571"", ""3572"", ""2311"", ""2312"", ""2313"", ""2314"", ""2315"", ""ESTACION_CORREGIDORA_SUR""]","[""97"", ""97"", ""97"", ""97"", ""97"", ""97"", ""97"", ""98"", ""98"", ""98"", ""98"", ""98"", ""98"", ""98"", ""98"", ""333"", ""333"", ""333"", ""333"", ""333"", ""333"", ""333"", ""333"", ""333"", ""333"", ""333"", ""333"", ""333"", ""333"", ""CAMINATA""]",5.0,Miguel Hidalgo/Juventud,20.546896,-100.439903
2593,49.865,368,L61,3,31,4,Con transbordo,368 → 326 → 338 → 319,L61 → C35 → C48 → C24,Prol. Calle 27/República Mexicana → Blvd. de Las Américas/Cerro del Fraile → Av. Tecnológico/José María Arteaga,"[""2593"", ""2594"", ""2595"", ""3602"", ""2564"", ""5102"", ""2565"", ""2365"", ""4129"", ""2290"", ""3600"", ""2291"", ""2292"", ""2293"", ""2294"", ""2295"", ""2296"", ""2418"", ""2419"", ""5180"", ""2672"", ""2201"", ""4241"", ""2310"", ""2311"", ""2312"", ""2313"", ""2314"", ""2315"", ""5194"", ""ESTACION_CORREGIDORA_SUR""]","[""368"", ""368"", ""368"", ""326"", ""326"", ""326"", ""326"", ""326"", ""326"", ""338"", ""338"", ""338"", ""338"", ""338"", ""338"", ""338"", ""338"", ""338"", ""338"", ""338"", ""338"", ""338"", ""319"", ""319"", ""319"", ""319"", ""319"", ""319"", ""319"", ""CAMINATA""]",5.0,Calle 27/Av. 26,20.564175,-100.390942
2253,49.89833333333334,373,T05,3,33,4,Con transbordo,373 → 337 → 336 → 319,T05 → C47 → C46 → C24,Calle Francisco Alcocer/Eulogio Marroquín → Av. Candiles/Parque Candiles Skate Park → Av. Tecnológico/José María Arteaga,"[""2253"", ""2254"", ""4115"", ""4116"", ""2506"", ""2507"", ""2626"", ""2259"", ""2260"", ""2261"", ""2262"", ""2263"", ""3023"", ""2264"", ""4393"", ""2199"", ""1762"", ""1763"", ""2200"", ""4430"", ""1764"", ""1765"", ""1766"", ""2201"", ""4241"", ""2310"", ""2311"", ""2312"", ""2313"", ""2314"", ""2315"", ""5194"", ""ESTACION_CORREGIDORA_SUR""]","[""373"", ""373"", ""337"", ""337"", ""337"", ""337"", ""337"", ""336"", ""336"", ""336"", ""336"", ""336"", ""336"", ""336"", ""336"", ""336"", ""336"", ""336"", ""336"", ""336"", ""336"", ""336"", ""336"", ""336"", ""319"", ""319"", ""319"", ""319"", ""319"", ""319"", ""319"", ""CAMINATA""]",5.0,Fernando Díaz Ramírez/José Ugalde Rodríguez,20.54303761,-100.4039776
3662,49.931666666666665,378,T10,2,35,3,Con transbordo,378 → 134 → 319,T10 → C26 → C24,Fray Luis de Leon/Manuel Gomez Morin → Vicente Guerrero,"[""3662"", ""2440"", ""2441"", ""5106"", ""2465"", ""3651"", ""2445"", ""3346"", ""2446"", ""2447"", ""2448"", ""2449"", ""2404"", ""2405"", ""2020"", ""2021"", ""2450"", ""2451"", ""2452"", ""2453"", ""1881"", ""1879"", ""1918"", ""1919"", ""1920"", ""1921"", ""4241"", ""2310"", ""2311"", ""2312"", ""2313"", ""2314"", ""2315"", ""5194"", ""ESTACION_CORREGIDORA_SUR""]","[""378"", ""378"", ""378"", ""378"", ""134"", ""134"", ""134"", ""134"", ""134"", ""134"", ""134"", ""134"", ""134"", ""134"", ""134"", ""134"", ""134"", ""134"", ""134"", ""134"", ""134"", ""134"", ""134"", ""319"", ""319"", ""319"", ""319"", ""319"", ""319"", ""319"", ""319"", ""319"", ""319"", ""CAMINATA""]",5.0,Plaza Comunitartia Inea Criq,20.57565905,-100.368033
2249,49.998333333333335,336,C46,3,30,4,Con transbordo,336 → 334 → 338 → 319,C46 → C43 → C48 → C24,Av. Candiles/Luis G. Pastor → Blvd. de Las Américas/Río Lerma → Av. Tecnológico/José María Arteaga,"[""2249"", ""2644"", ""2250"", ""4152"", ""2251"", ""3679"", ""2627"", ""2508"", ""2509"", ""4138"", ""2291"", ""2292"", ""2293"", ""2294"", ""2295"", ""2296"", ""2418"", ""2419"", ""5180"", ""2672"", ""2201"", ""4241"", ""2310"", ""2311"", ""2312"", ""2313"", ""2314"", ""2315"", ""5194"", ""ESTACION_CORREGIDORA_SUR""]","[""336"", ""336"", ""336"", ""336"", ""336"", ""334"", ""334"", ""334"", ""334"", ""334"", ""338"", ""338"", ""338"", ""338"", ""338"", ""338"", ""338"", ""338"", ""338"", ""338"", ""338"", ""319"", ""319"", ""319"", ""319"", ""319"", ""319"", ""319"", ""CAMINATA""]",5.0,Av. Candiles/Puebla,20.55599005,-100.4120146
1398,50.043749999999996,93,L54,4,24,5,Con transbordo,93 → 92 → 255 → 90 → 97,L54 → L53 → T11 → L51 → C22,Libramiento Sur Poniente/Geranios → Terminal Balvanera → Santa Bárbara → Constitución de 1917,"[""1398"", ""1399"", ""2190"", ""3301"", ""1300"", ""1301"", ""1302"", ""1761"", ""1303"", ""1304"", ""1305"", ""1306"", ""1432"", ""1433"", ""1434"", ""3297"", ""4241"", ""2310"", ""2311"", ""2312"", ""2313"", ""2314"", ""2315"", ""ESTACION_CORREGIDORA_SUR""]","[""93"", ""92"", ""255"", ""255"", ""90"", ""90"", ""90"", ""90"", ""90"", ""90"", ""90"", ""90"", ""90"", ""90"", ""97"", ""97"", ""97"", ""97"", ""97"", ""97"", ""97"", ""97"", ""CAMINATA""]",5.0,Prol. Jazmín/Geranios,20.528994785428,-100.45426173589
4423,50.18166666666668,396,T16,2,28,3,Con transbordo,396 → 333 → 319,T16 → C42 → C24,Av. del Parque/Blvd. Centro Sur → Vicente Guerrero,"[""4423"", ""4315"", ""2625"", ""3577"", ""5107"", ""2519"", ""3578"", ""2216"", ""2217"", ""2218"", ""2219"", ""2032"", ""2023"", ""2024"", ""2856"", ""1918"", ""1919"", ""1920"", ""1921"", ""4241"", ""2310"", ""2311"", ""2312"", ""2313"", ""2314"", ""2315"", ""5194"", ""ESTACION_CORREGIDORA_SUR""]","[""396"", ""396"", ""396"", ""396"", ""333"", ""333"", ""333"", ""333"", ""333"", ""333"", ""333"", ""333"", ""333"", ""333"", ""333"", ""333"", ""319"", ""319"", ""319"", ""319"", ""319"", ""319"", ""319"", ""319"", ""319"", ""319"", ""CAMINATA""]",5.0,Qro 400/Qro 420,20.528199668815,-100.33734628899
2760,50.20208333333334,140,L107,1,31,2,Con transbordo,140 → 321,L107 → C27,Luis Pasteur/Calle 13,"[""2760"", ""2208"", ""2853"", ""2854"", ""2855"", ""2209"", ""5161"", ""2210"", ""2211"", ""2212"", ""2213"", ""2214"", ""2215"", ""2478"", ""2308"", ""2028"", ""2029"", ""2030"", ""2031"", ""2309"", ""1919"", ""1920"", ""1921"", ""4241"", ""2310"", ""2311"", ""2312"", ""2313"", ""2314"", ""2315"", ""ESTACION_CORREGIDORA_SUR""]","[""140"", ""140"", ""140"", ""140"", ""140"", ""140"", ""140"", ""140"", ""140"", ""321"", ""321"", ""321"", ""321"", ""321"", ""321"", ""321"", ""321"", ""321"", ""321"", ""321"", ""321"", ""321"", ""321"", ""321"", ""321"", ""321"", ""321"", ""321"", ""321"", ""CAMINATA""]",5.0,Prol. Pasteur Sur/Blvd. de Los Gobernadores,20.549592903662,-100.37744860008
1359,50.21041666666667,98,C23,3,29,4,Con transbordo,98 → 255 → 90 → 97,C23 → T11 → L51 → C22,Av. Paseo Constituyentes/Prol. Cuauhtémoc → Santa Bárbara → Constitución de 1917,"[""1359"", ""5163"", ""3300"", ""1328"", ""1329"", ""1330"", ""1399"", ""1331"", ""3301"", ""1300"", ""1301"", ""1302"", ""1761"", ""1303"", ""1304"", ""1305"", ""1306"", ""1432"", ""1433"", ""1434"", ""3297"", ""4241"", ""2310"", ""2311"", ""2312"", ""2313"", ""2314"", ""2315"", ""ESTACION_CORREGIDORA_SUR""]","[""98"", ""98"", ""98"", ""98"", ""98"", ""98"", ""98"", ""98"", ""255"", ""90"", ""90"", ""90"", ""90"", ""90"", ""90"", ""90"", ""90"", ""90"", ""90"", ""97"", ""97"", ""97"", ""97"", ""97"", ""97"", ""97"", ""97"", ""CAMINATA""]",5.0,Prol. Jazmín/Revolución,20.524929679135,-100.45099492608
3299,50.46041666666666,129,L101,2,51,3,Con transbordo,129 → 90 → 97,L101 → L51 → C22,Pueblo Nuevo → Constitución de 1917,"[""3299"", ""3676"", ""5100"", ""1290"", ""1291"", ""4358"", ""1311"", ""5209"", ""1312"", ""1313"", ""1424"", ""1352"", ""1372"", ""1441"", ""1373"", ""1442"", ""1443"", ""1374"", ""1375"", ""1444"", ""1362"", ""1363"", ""1364"", ""1445"", ""1365"", ""1446"", ""1366"", ""1447"", ""1367"", ""1431"", ""4111"", ""1300"", ""1301"", ""1302"", ""1761"", ""1303"", ""1304"", ""1305"", ""1306"", ""1432"", ""1433"", ""1434"", ""3297"", ""4241"", ""2310"", ""2311"", ""2312"", ""2313"", ""2314"", ""2315"", ""ESTACION_CORREGIDORA_SUR""]","[""129"", ""129"", ""129"", ""129"", ""129"", ""129"", ""90"", ""90"", ""90"", ""90"", ""90"", ""90"", ""90"", ""90"", ""90"", ""90"", ""90"", ""90"", ""90"", ""90"", ""90"", ""90"", ""90"", ""90"", ""90"", ""90"", ""90"", ""90"", ""90"", ""90"", ""90"", ""90"", ""90"", ""90"", ""90"", ""90"", ""90"", ""90"", ""90"", ""90"", ""90"", ""97"", ""97"", ""97"", ""97"", ""97"", ""97"", ""97"", ""97"", ""CAMINATA""]",5.0,Av. Prol. El Jacal/Calle Norberto Aguirre,20.55397394,-100.4405104
3584,50.48541666666666,98,C23,1,34,2,Con transbordo,98 → 333,C23 → C42,Av. Prol. Zaragoza/Av. Hilario Frías y Soto,"[""3584"", ""1318"", ""1319"", ""1320"", ""3296"", ""3674"", ""3540"", ""1334"", ""1335"", ""1336"", ""1337"", ""1338"", ""1339"", ""1340"", ""1341"", ""1762"", ""1763"", ""2200"", ""4430"", ""1764"", ""1765"", ""1766"", ""2201"", ""4241"", ""2310"", ""3570"", ""3571"", ""3572"", ""2311"", ""2312"", ""2313"", ""2314"", ""2315"", ""ESTACION_CORREGIDORA_SUR""]","[""98"", ""98"", ""98"", ""98"", ""98"", ""98"", ""98"", ""98"", ""98"", ""98"", ""98"", ""98"", ""98"", ""98"", ""98"", ""98"", ""98"", ""98"", ""333"", ""333"", ""333"", ""333"", ""333"", ""333"", ""333"", ""333"", ""333"", ""333"", ""333"", ""333"", ""333"", ""333"", ""CAMINATA""]",5.0,Av. Fray Euliano Hernández Rivera/Callejon Haciendas del Pueblito,20.54405331,-100.4448674
1387,50.49374999999999,92,L53,3,26,4,Con transbordo,92 → 255 → 90 → 97,L53 → T11 → L51 → C22,Terminal Balvanera → Santa Bárbara → Constitución de 1917,"[""1387"", ""1386"", ""1330"", ""1399"", ""2190"", ""3301"", ""1300"", ""1301"", ""1302"", ""1761"", ""1303"", ""1304"", ""1305"", ""1306"", ""1432"", ""1433"", ""1434"", ""3297"", ""4241"", ""2310"", ""2311"", ""2312"", ""2313"", ""2314"", ""2315"", ""ESTACION_CORREGIDORA_SUR""]","[""92"", ""92"", ""92"", ""92"", ""255"", ""255"", ""90"", ""90"", ""90"", ""90"", ""90"", ""90"", ""90"", ""90"", ""90"", ""90"", ""97"", ""97"", ""97"", ""97"", ""97"", ""97"", ""97"", ""97"", ""CAMINATA""]",5.0,Josefa Vergara/Ignacio Pérez,20.525180427099,-100.46548860219
5204,50.510416666666664,408,C73,2,29,3,Con transbordo,408 → 90 → 97,C73 → L51 → C22,Carr. Coroneo/Av. Paseo Constituyentes → Constitución de 1917,"[""5204"", ""4153"", ""5118"", ""3019"", ""4274"", ""4275"", ""5119"", ""5205"", ""4111"", ""1300"", ""1301"", ""1302"", ""1761"", ""1303"", ""1304"", ""1305"", ""1306"", ""1432"", ""1433"", ""1434"", ""3297"", ""4241"", ""2310"", ""2311"", ""2312"", ""2313"", ""2314"", ""2315"", ""ESTACION_CORREGIDORA_SUR""]","[""408"", ""408"", ""408"", ""408"", ""408"", ""408"", ""408"", ""408"", ""90"", ""90"", ""90"", ""90"", ""90"", ""90"", ""90"", ""90"", ""90"", ""90"", ""90"", ""97"", ""97"", ""97"", ""97"", ""97"", ""97"", ""97"", ""97"", ""CAMINATA""]",5.0,Libramiento Surponiente,20.549287859354,-100.37509449076
2488,50.602083333333326,321,C27,2,32,3,Con transbordo,321 → 139 → 321,C27 → C32 → C27,Blvd de Los Gobernadores/Labná → Cobá/Blvd de Los Gobernadores,"[""2488"", ""2526"", ""2489"", ""2472"", ""2473"", ""2474"", ""5078"", ""2475"", ""2476"", ""2477"", ""2212"", ""2213"", ""2214"", ""2215"", ""2478"", ""2308"", ""2028"", ""2029"", ""2030"", ""2031"", ""2309"", ""1919"", ""1920"", ""1921"", ""4241"", ""2310"", ""2311"", ""2312"", ""2313"", ""2314"", ""2315"", ""ESTACION_CORREGIDORA_SUR""]","[""321"", ""321"", ""139"", ""321"", ""321"", ""321"", ""321"", ""321"", ""321"", ""321"", ""321"", ""321"", ""321"", ""321"", ""321"", ""321"", ""321"", ""321"", ""321"", ""321"", ""321"", ""321"", ""321"", ""321"", ""321"", ""321"", ""321"", ""321"", ""321"", ""321"", ""CAMINATA""]",5.0,Cobá/Blvd de Los Gobernadores,20.556378807637,-100.37004328427
2252,50.64833333333334,373,T05,3,34,4,Con transbordo,373 → 337 → 336 → 319,T05 → C47 → C46 → C24,Calle Francisco Alcocer/Eulogio Marroquín → Av. Candiles/Parque Candiles Skate Park → Av. Tecnológico/José María Arteaga,"[""2252"", ""2253"", ""2254"", ""4115"", ""4116"", ""2506"", ""2507"", ""2626"", ""2259"", ""2260"", ""2261"", ""2262"", ""2263"", ""3023"", ""2264"", ""4393"", ""2199"", ""1762"", ""1763"", ""2200"", ""4430"", ""1764"", ""1765"", ""1766"", ""2201"", ""4241"", ""2310"", ""2311"", ""2312"", ""2313"", ""2314"", ""2315"", ""5194"", ""ESTACION_CORREGIDORA_SUR""]","[""373"", ""373"", ""373"", ""337"", ""337"", ""337"", ""337"", ""337"", ""336"", ""336"", ""336"", ""336"", ""336"", ""336"", ""336"", ""336"", ""336"", ""336"", ""336"", ""336"", ""336"", ""336"", ""336"", ""336"", ""336"", ""319"", ""319"", ""319"", ""319"", ""319"", ""319"", ""319"", ""CAMINATA""]",5.0,José Guadalupe Velázquez/Lucio Olvera,20.54477027,-100.4032676
2661,50.748333333333335,233,L113,2,39,3,Con transbordo,233 → 336 → 319,L113 → C46 → C24,Fresno/Maravillas → Av. Tecnológico/José María Arteaga,"[""2661"", ""5086"", ""2662"", ""2663"", ""2664"", ""2665"", ""2666"", ""2667"", ""2255"", ""2639"", ""2640"", ""2641"", ""2258"", ""2259"", ""2260"", ""2261"", ""2262"", ""2263"", ""3023"", ""2264"", ""4393"", ""2199"", ""1762"", ""1763"", ""2200"", ""4430"", ""1764"", ""1765"", ""1766"", ""2201"", ""4241"", ""2310"", ""2311"", ""2312"", ""2313"", ""2314"", ""2315"", ""5194"", ""ESTACION_CORREGIDORA_SUR""]","[""233"", ""233"", ""233"", ""233"", ""233"", ""233"", ""233"", ""233"", ""233"", ""336"", ""336"", ""336"", ""336"", ""336"", ""336"", ""336"", ""336"", ""336"", ""336"", ""336"", ""336"", ""336"", ""336"", ""336"", ""336"", ""336"", ""336"", ""336"", ""336"", ""336"", ""319"", ""319"", ""319"", ""319"", ""319"", ""319"", ""319"", ""CAMINATA""]",5.0,Camino A Los Olvera/Av.Paseo Constituyentes,20.54114763,-100.4310796
2759,50.95208333333334,140,L107,1,32,2,Con transbordo,140 → 321,L107 → C27,Luis Pasteur/Calle 13,"[""2759"", ""2760"", ""2208"", ""2853"", ""2854"", ""2855"", ""2209"", ""5161"", ""2210"", ""2211"", ""2212"", ""2213"", ""2214"", ""2215"", ""2478"", ""2308"", ""2028"", ""2029"", ""2030"", ""2031"", ""2309"", ""1919"", ""1920"", ""1921"", ""4241"", ""2310"", ""2311"", ""2312"", ""2313"", ""2314"", ""2315"", ""ESTACION_CORREGIDORA_SUR""]","[""140"", ""140"", ""140"", ""140"", ""140"", ""140"", ""140"", ""140"", ""140"", ""140"", ""321"", ""321"", ""321"", ""321"", ""321"", ""321"", ""321"", ""321"", ""321"", ""321"", ""321"", ""321"", ""321"", ""321"", ""321"", ""321"", ""321"", ""321"", ""321"", ""321"", ""CAMINATA""]",5.0,Calle Luis Pasteur Sur/Bugambilias,20.550693338306,-100.37750096741
4396,51.015,331,C40,3,29,4,Con transbordo,331 → 326 → 338 → 319,C40 → C35 → C48 → C24,Blvd. de Las Américas/Calle Cerro del Zamorano → Blvd. de Las Américas/Cerro del Fraile → Av. Tecnológico/José María Arteaga,"[""4396"", ""3238"", ""2362"", ""2363"", ""2364"", ""2365"", ""4129"", ""2290"", ""3600"", ""2291"", ""2292"", ""2293"", ""2294"", ""2295"", ""2296"", ""2418"", ""2419"", ""5180"", ""2672"", ""2201"", ""4241"", ""2310"", ""2311"", ""2312"", ""2313"", ""2314"", ""2315"", ""5194"", ""ESTACION_CORREGIDORA_SUR""]","[""331"", ""331"", ""331"", ""331"", ""331"", ""326"", ""326"", ""338"", ""338"", ""338"", ""338"", ""338"", ""338"", ""338"", ""338"", ""338"", ""338"", ""338"", ""338"", ""338"", ""319"", ""319"", ""319"", ""319"", ""319"", ""319"", ""319"", ""CAMINATA""]",5.0,Calle Canadá/Calle República Mexicana,20.55749987,-100.3909332
3873,51.16500000000001,352,C64,2,31,3,Con transbordo,352 → 325 → 319,C64 → C34 → C24,Alameda → Av. Tecnológico/Itq,"[""3873"", ""3874"", ""3875"", ""3808"", ""3809"", ""3810"", ""3811"", ""3812"", ""4404"", ""3813"", ""5104"", ""1475"", ""1476"", ""1472"", ""1471"", ""1470"", ""1469"", ""1439"", ""1438"", ""2537"", ""1920"", ""1921"", ""4241"", ""2310"", ""2311"", ""2312"", ""2313"", ""2314"", ""2315"", ""5194"", ""ESTACION_CORREGIDORA_SUR""]","[""352"", ""352"", ""352"", ""352"", ""352"", ""352"", ""352"", ""352"", ""352"", ""352"", ""352"", ""352"", ""352"", ""352"", ""352"", ""352"", ""352"", ""325"", ""325"", ""325"", ""325"", ""325"", ""325"", ""325"", ""325"", ""325"", ""319"", ""319"", ""319"", ""CAMINATA""]",5.0,Carr. Federal No. 57/Elektron Querétaro,20.572038721193,-100.26480639222
5062,51.215,375,T07,3,31,4,Con transbordo,375 → 326 → 338 → 319,T07 → C35 → C48 → C24,Blvd. de Las Américas/Calle Cerro del Zamorano → Blvd. de Las Américas/Cerro del Fraile → Av. Tecnológico/José María Arteaga,"[""5062"", ""2359"", ""2360"", ""2361"", ""2362"", ""2363"", ""2364"", ""2365"", ""4129"", ""2290"", ""3600"", ""2291"", ""2292"", ""2293"", ""2294"", ""2295"", ""2296"", ""2418"", ""2419"", ""5180"", ""2672"", ""2201"", ""4241"", ""2310"", ""2311"", ""2312"", ""2313"", ""2314"", ""2315"", ""5194"", ""ESTACION_CORREGIDORA_SUR""]","[""375"", ""375"", ""375"", ""375"", ""375"", ""375"", ""375"", ""326"", ""326"", ""338"", ""338"", ""338"", ""338"", ""338"", ""338"", ""338"", ""338"", ""338"", ""338"", ""338"", ""338"", ""338"", ""319"", ""319"", ""319"", ""319"", ""319"", ""319"", ""319"", ""CAMINATA""]",5.0,Enrique Rodiles/Blvd. de Las Américas,20.561166797577,-100.39860160333
2651,51.248333333333335,337,C47,3,30,4,Con transbordo,337 → 334 → 338 → 319,C47 → C43 → C48 → C24,Av. Candiles/Parroquia de Nuestra Señora de la Esperanza → Blvd. de Las Américas/Río Lerma → Av. Tecnológico/José María Arteaga,"[""2651"", ""2631"", ""2250"", ""4152"", ""2251"", ""3679"", ""2627"", ""2508"", ""2509"", ""4138"", ""2291"", ""2292"", ""2293"", ""2294"", ""2295"", ""2296"", ""2418"", ""2419"", ""5180"", ""2672"", ""2201"", ""4241"", ""2310"", ""2311"", ""2312"", ""2313"", ""2314"", ""2315"", ""5194"", ""ESTACION_CORREGIDORA_SUR""]","[""337"", ""337"", ""337"", ""337"", ""334"", ""334"", ""334"", ""334"", ""334"", ""334"", ""338"", ""338"", ""338"", ""338"", ""338"", ""338"", ""338"", ""338"", ""338"", ""338"", ""338"", ""319"", ""319"", ""319"", ""319"", ""319"", ""319"", ""319"", ""CAMINATA""]",5.0,Calle Antonio Acona/Calle Antonio Carranza,20.555583,-100.404354
5085,51.315000000000005,233,L113,2,40,3,Con transbordo,233 → 336 → 319,L113 → C46 → C24,Fresno/Maravillas → Av. Tecnológico/José María Arteaga,"[""5085"", ""2661"", ""5086"", ""2662"", ""2663"", ""2664"", ""2665"", ""2666"", ""2667"", ""2255"", ""2639"", ""2640"", ""2641"", ""2258"", ""2259"", ""2260"", ""2261"", ""2262"", ""2263"", ""3023"", ""2264"", ""4393"", ""2199"", ""1762"", ""1763"", ""2200"", ""4430"", ""1764"", ""1765"", ""1766"", ""2201"", ""4241"", ""2310"", ""2311"", ""2312"", ""2313"", ""2314"", ""2315"", ""5194"", ""ESTACION_CORREGIDORA_SUR""]","[""233"", ""233"", ""233"", ""233"", ""233"", ""233"", ""233"", ""233"", ""233"", ""233"", ""336"", ""336"", ""336"", ""336"", ""336"", ""336"", ""336"", ""336"", ""336"", ""336"", ""336"", ""336"", ""336"", ""336"", ""336"", ""336"", ""336"", ""336"", ""336"", ""336"", ""336"", ""319"", ""319"", ""319"", ""319"", ""319"", ""319"", ""319"", ""CAMINATA""]",5.0,Josefa Ortiz de Domínguez,20.540981718645,-100.43291195963
1327,51.34374999999999,93,L54,4,25,5,Con transbordo,93 → 92 → 255 → 90 → 97,L54 → L53 → T11 → L51 → C22,Libramiento Sur Poniente/Geranios → Terminal Balvanera → Santa Bárbara → Constitución de 1917,"[""1327"", ""1398"", ""1399"", ""2190"", ""3301"", ""1300"", ""1301"", ""1302"", ""1761"", ""1303"", ""1304"", ""1305"", ""1306"", ""1432"", ""1433"", ""1434"", ""3297"", ""4241"", ""2310"", ""2311"", ""2312"", ""2313"", ""2314"", ""2315"", ""ESTACION_CORREGIDORA_SUR""]","[""93"", ""93"", ""92"", ""255"", ""255"", ""90"", ""90"", ""90"", ""90"", ""90"", ""90"", ""90"", ""90"", ""90"", ""90"", ""97"", ""97"", ""97"", ""97"", ""97"", ""97"", ""97"", ""97"", ""CAMINATA""]",5.0,Prol. Jazmín/Calle Laureles,20.526804838937,-100.45252199091
1325,51.41041666666667,98,C23,3,30,4,Con transbordo,98 → 255 → 90 → 97,C23 → T11 → L51 → C22,Av. Paseo Constituyentes/Prol. Cuauhtémoc → Santa Bárbara → Constitución de 1917,"[""1325"", ""1359"", ""5163"", ""3300"", ""1328"", ""1329"", ""1330"", ""1399"", ""1331"", ""3301"", ""1300"", ""1301"", ""1302"", ""1761"", ""1303"", ""1304"", ""1305"", ""1306"", ""1432"", ""1433"", ""1434"", ""3297"", ""4241"", ""2310"", ""2311"", ""2312"", ""2313"", ""2314"", ""2315"", ""ESTACION_CORREGIDORA_SUR""]","[""98"", ""98"", ""98"", ""98"", ""98"", ""98"", ""98"", ""98"", ""98"", ""255"", ""90"", ""90"", ""90"", ""90"", ""90"", ""90"", ""90"", ""90"", ""90"", ""90"", ""97"", ""97"", ""97"", ""97"", ""97"", ""97"", ""97"", ""97"", ""CAMINATA""]",5.0,Prol. Jazmín/Dalia,20.522153196673,-100.44990956993
2398,51.418749999999996,97,C22,2,32,3,Con transbordo,97 → 98 → 333,C22 → C23 → C42,5 de Mayo/Miguel Hidalgo → Av. Prol. Zaragoza/Av. Hilario Frías y Soto,"[""2398"", ""2399"", ""3925"", ""1333"", ""3540"", ""1334"", ""1335"", ""1336"", ""1337"", ""1338"", ""1339"", ""1340"", ""1341"", ""1762"", ""1763"", ""2200"", ""4430"", ""1764"", ""1765"", ""1766"", ""2201"", ""4241"", ""2310"", ""3570"", ""3571"", ""3572"", ""2311"", ""2312"", ""2313"", ""2314"", ""2315"", ""ESTACION_CORREGIDORA_SUR""]","[""97"", ""97"", ""97"", ""97"", ""97"", ""97"", ""97"", ""97"", ""98"", ""98"", ""98"", ""98"", ""98"", ""98"", ""98"", ""98"", ""333"", ""333"", ""333"", ""333"", ""333"", ""333"", ""333"", ""333"", ""333"", ""333"", ""333"", ""333"", ""333"", ""333"", ""CAMINATA""]",5.0,Miguel Hidalgo/Fray Sebastián Gallegos,20.54223346,-100.4397822
4094,51.46875,356,L108,1,24,2,Con transbordo,356 → 333,L108 → C42,Prol. Zaragoza/Paseo 5 de Febrero,"[""4094"", ""4095"", ""2763"", ""2764"", ""2765"", ""4096"", ""4097"", ""4098"", ""4099"", ""2616"", ""4100"", ""1766"", ""2201"", ""4241"", ""2310"", ""3570"", ""3571"", ""3572"", ""2311"", ""2312"", ""2313"", ""2314"", ""2315"", ""ESTACION_CORREGIDORA_SUR""]","[""356"", ""356"", ""356"", ""356"", ""356"", ""356"", ""356"", ""356"", ""356"", ""356"", ""356"", ""333"", ""333"", ""333"", ""333"", ""333"", ""333"", ""333"", ""333"", ""333"", ""333"", ""333"", ""CAMINATA""]",5.0,Carr. Tlacote/Paseo de la Garza,20.590505400703,-100.44957817515
3015,51.48166666666667,336,C46,3,31,4,Con transbordo,336 → 334 → 338 → 319,C46 → C43 → C48 → C24,Av. Candiles/Luis G. Pastor → Blvd. de Las Américas/Río Lerma → Av. Tecnológico/José María Arteaga,"[""3015"", ""2249"", ""2644"", ""2250"", ""4152"", ""2251"", ""3679"", ""2627"", ""2508"", ""2509"", ""4138"", ""2291"", ""2292"", ""2293"", ""2294"", ""2295"", ""2296"", ""2418"", ""2419"", ""5180"", ""2672"", ""2201"", ""4241"", ""2310"", ""2311"", ""2312"", ""2313"", ""2314"", ""2315"", ""5194"", ""ESTACION_CORREGIDORA_SUR""]","[""336"", ""336"", ""336"", ""336"", ""336"", ""336"", ""334"", ""334"", ""334"", ""334"", ""334"", ""338"", ""338"", ""338"", ""338"", ""338"", ""338"", ""338"", ""338"", ""338"", ""338"", ""338"", ""319"", ""319"", ""319"", ""319"", ""319"", ""319"", ""319"", ""CAMINATA""]",5.0,Prol. Av. Zaragoza/Villas Corregidora,20.56033945,-100.4135713
3583,51.568749999999994,98,C23,1,35,2,Con transbordo,98 → 333,C23 → C42,Av. Prol. Zaragoza/Av. Hilario Frías y Soto,"[""3583"", ""3584"", ""1318"", ""1319"", ""1320"", ""3296"", ""3674"", ""3540"", ""1334"", ""1335"", ""1336"", ""1337"", ""1338"", ""1339"", ""1340"", ""1341"", ""1762"", ""1763"", ""2200"", ""4430"", ""1764"", ""1765"", ""1766"", ""2201"", ""4241"", ""2310"", ""3570"", ""3571"", ""3572"", ""2311"", ""2312"", ""2313"", ""2314"", ""2315"", ""ESTACION_CORREGIDORA_SUR""]","[""98"", ""98"", ""98"", ""98"", ""98"", ""98"", ""98"", ""98"", ""98"", ""98"", ""98"", ""98"", ""98"", ""98"", ""98"", ""98"", ""98"", ""98"", ""98"", ""333"", ""333"", ""333"", ""333"", ""333"", ""333"", ""333"", ""333"", ""333"", ""333"", ""333"", ""333"", ""333"", ""333"", ""CAMINATA""]",5.0,Av. Fray Eulalio Hernández Rivera/Fray José Bermúdez,20.54200085,-100.4430579
5203,51.59375,408,C73,2,30,3,Con transbordo,408 → 90 → 97,C73 → L51 → C22,Carr. Coroneo/Av. Paseo Constituyentes → Constitución de 1917,"[""5203"", ""5204"", ""4153"", ""5118"", ""3019"", ""4274"", ""4275"", ""5119"", ""5205"", ""4111"", ""1300"", ""1301"", ""1302"", ""1761"", ""1303"", ""1304"", ""1305"", ""1306"", ""1432"", ""1433"", ""1434"", ""3297"", ""4241"", ""2310"", ""2311"", ""2312"", ""2313"", ""2314"", ""2315"", ""ESTACION_CORREGIDORA_SUR""]","[""408"", ""408"", ""408"", ""408"", ""408"", ""408"", ""408"", ""408"", ""408"", ""90"", ""90"", ""90"", ""90"", ""90"", ""90"", ""90"", ""90"", ""90"", ""90"", ""90"", ""97"", ""97"", ""97"", ""97"", ""97"", ""97"", ""97"", ""97"", ""CAMINATA""]",5.0,Libramiento Surponiente/Labná,20.552355494714,-100.37073735284
3018,51.68166666666667,373,T05,3,34,4,Con transbordo,373 → 233 → 336 → 319,T05 → L113 → C46 → C24,Calle Manzano/Fresno → Fresno/Maravillas → Av. Tecnológico/José María Arteaga,"[""3018"", ""3019"", ""5211"", ""2255"", ""2639"", ""2640"", ""2641"", ""2258"", ""2259"", ""2260"", ""2261"", ""2262"", ""2263"", ""3023"", ""2264"", ""4393"", ""2199"", ""1762"", ""1763"", ""2200"", ""4430"", ""1764"", ""1765"", ""1766"", ""2201"", ""4241"", ""2310"", ""2311"", ""2312"", ""2313"", ""2314"", ""2315"", ""5194"", ""ESTACION_CORREGIDORA_SUR""]","[""373"", ""373"", ""373"", ""233"", ""336"", ""336"", ""336"", ""336"", ""336"", ""336"", ""336"", ""336"", ""336"", ""336"", ""336"", ""336"", ""336"", ""336"", ""336"", ""336"", ""336"", ""336"", ""336"", ""336"", ""336"", ""319"", ""319"", ""319"", ""319"", ""319"", ""319"", ""319"", ""CAMINATA""]",5.0,Av. Camino Real/Calle del Arcangel,20.53814449,-100.3981345
1383,51.82708333333333,92,L53,3,27,4,Con transbordo,92 → 255 → 90 → 97,L53 → T11 → L51 → C22,Terminal Balvanera → Santa Bárbara → Constitución de 1917,"[""1383"", ""1387"", ""1386"", ""1330"", ""1399"", ""2190"", ""3301"", ""1300"", ""1301"", ""1302"", ""1761"", ""1303"", ""1304"", ""1305"", ""1306"", ""1432"", ""1433"", ""1434"", ""3297"", ""4241"", ""2310"", ""2311"", ""2312"", ""2313"", ""2314"", ""2315"", ""ESTACION_CORREGIDORA_SUR""]","[""92"", ""92"", ""92"", ""92"", ""92"", ""255"", ""255"", ""90"", ""90"", ""90"", ""90"", ""90"", ""90"", ""90"", ""90"", ""90"", ""90"", ""97"", ""97"", ""97"", ""97"", ""97"", ""97"", ""97"", ""97"", ""CAMINATA""]",5.0,Josefa Vergara/Ducis,20.523905780779,-100.46807361559
1414,51.94375,94,L55,3,28,4,Con transbordo,94 → 255 → 90 → 97,L55 → T11 → L51 → C22,Terminal Balvanera → Santa Bárbara → Constitución de 1917,"[""1414"", ""1330"", ""1399"", ""1368"", ""1369"", ""1370"", ""2190"", ""3301"", ""1300"", ""1301"", ""1302"", ""1761"", ""1303"", ""1304"", ""1305"", ""1306"", ""1432"", ""1433"", ""1434"", ""3297"", ""4241"", ""2310"", ""2311"", ""2312"", ""2313"", ""2314"", ""2315"", ""ESTACION_CORREGIDORA_SUR""]","[""94"", ""94"", ""94"", ""94"", ""94"", ""94"", ""255"", ""255"", ""90"", ""90"", ""90"", ""90"", ""90"", ""90"", ""90"", ""90"", ""90"", ""90"", ""97"", ""97"", ""97"", ""97"", ""97"", ""97"", ""97"", ""97"", ""CAMINATA""]",5.0,Glorieta Av. Moralta,20.525502078775,-100.48103055677
1324,51.96041666666667,98,C23,3,31,4,Con transbordo,98 → 255 → 90 → 97,C23 → T11 → L51 → C22,Av. Paseo Constituyentes/Prol. Cuauhtémoc → Santa Bárbara → Constitución de 1917,"[""1324"", ""1325"", ""1359"", ""5163"", ""3300"", ""1328"", ""1329"", ""1330"", ""1399"", ""1331"", ""3301"", ""1300"", ""1301"", ""1302"", ""1761"", ""1303"", ""1304"", ""1305"", ""1306"", ""1432"", ""1433"", ""1434"", ""3297"", ""4241"", ""2310"", ""2311"", ""2312"", ""2313"", ""2314"", ""2315"", ""ESTACION_CORREGIDORA_SUR""]","[""98"", ""98"", ""98"", ""98"", ""98"", ""98"", ""98"", ""98"", ""98"", ""98"", ""255"", ""90"", ""90"", ""90"", ""90"", ""90"", ""90"", ""90"", ""90"", ""90"", ""90"", ""97"", ""97"", ""97"", ""97"", ""97"", ""97"", ""97"", ""97"", ""CAMINATA""]",5.0,Calle Camelinas/Prol. Jazmín,20.5208417,-100.44972222222
2248,52.08166666666667,336,C46,3,32,4,Con transbordo,336 → 334 → 338 → 319,C46 → C43 → C48 → C24,Av. Candiles/Luis G. Pastor → Blvd. de Las Américas/Río Lerma → Av. Tecnológico/José María Arteaga,"[""2248"", ""3015"", ""2249"", ""2644"", ""2250"", ""4152"", ""2251"", ""3679"", ""2627"", ""2508"", ""2509"", ""4138"", ""2291"", ""2292"", ""2293"", ""2294"", ""2295"", ""2296"", ""2418"", ""2419"", ""5180"", ""2672"", ""2201"", ""4241"", ""2310"", ""2311"", ""2312"", ""2313"", ""2314"", ""2315"", ""5194"", ""ESTACION_CORREGIDORA_SUR""]","[""336"", ""336"", ""336"", ""336"", ""336"", ""336"", ""336"", ""334"", ""334"", ""334"", ""334"", ""334"", ""338"", ""338"", ""338"", ""338"", ""338"", ""338"", ""338"", ""338"", ""338"", ""338"", ""338"", ""319"", ""319"", ""319"", ""319"", ""319"", ""319"", ""319"", ""CAMINATA""]",5.0,Prol. Av. Zaragoza/Calle 20 de Noviembre,20.56206774,-100.4142264
1768,52.09375,129,L101,3,30,4,Con transbordo,129 → 370 → 90 → 97,L101 → T02 → L51 → C22,Prol. Zaragoza/Plaza del Carmen → Tejeda → Constitución de 1917,"[""1768"", ""1769"", ""1770"", ""1771"", ""3687"", ""3688"", ""3727"", ""3616"", ""3617"", ""1772"", ""1773"", ""2197"", ""2198"", ""1308"", ""1309"", ""1304"", ""1305"", ""1306"", ""1432"", ""1433"", ""1434"", ""3297"", ""4241"", ""2310"", ""2311"", ""2312"", ""2313"", ""2314"", ""2315"", ""ESTACION_CORREGIDORA_SUR""]","[""129"", ""129"", ""129"", ""129"", ""129"", ""129"", ""129"", ""129"", ""129"", ""129"", ""370"", ""370"", ""370"", ""370"", ""370"", ""90"", ""90"", ""90"", ""90"", ""90"", ""97"", ""97"", ""97"", ""97"", ""97"", ""97"", ""97"", ""97"", ""CAMINATA""]",5.0,Av. de Las Torres/Plaza Galerías,20.577451961827,-100.40762868309
2397,52.11875,97,C22,2,33,3,Con transbordo,97 → 98 → 333,C22 → C23 → C42,5 de Mayo/Miguel Hidalgo → Av. Prol. Zaragoza/Av. Hilario Frías y Soto,"[""2397"", ""2398"", ""2399"", ""3925"", ""1333"", ""3540"", ""1334"", ""1335"", ""1336"", ""1337"", ""1338"", ""1339"", ""1340"", ""1341"", ""1762"", ""1763"", ""2200"", ""4430"", ""1764"", ""1765"", ""1766"", ""2201"", ""4241"", ""2310"", ""3570"", ""3571"", ""3572"", ""2311"", ""2312"", ""2313"", ""2314"", ""2315"", ""ESTACION_CORREGIDORA_SUR""]","[""97"", ""97"", ""97"", ""97"", ""97"", ""97"", ""97"", ""97"", ""97"", ""98"", ""98"", ""98"", ""98"", ""98"", ""98"", ""98"", ""98"", ""333"", ""333"", ""333"", ""333"", ""333"", ""333"", ""333"", ""333"", ""333"", ""333"", ""333"", ""333"", ""333"", ""333"", ""CAMINATA""]",5.0,Josefa Ortiz de Domínguez/Miguel Hidalgo,20.540289,-100.439439
3675,52.17708333333333,129,L101,2,52,3,Con transbordo,129 → 90 → 97,L101 → L51 → C22,Pueblo Nuevo → Constitución de 1917,"[""3675"", ""3299"", ""3676"", ""5100"", ""1290"", ""1291"", ""4358"", ""1311"", ""5209"", ""1312"", ""1313"", ""1424"", ""1352"", ""1372"", ""1441"", ""1373"", ""1442"", ""1443"", ""1374"", ""1375"", ""1444"", ""1362"", ""1363"", ""1364"", ""1445"", ""1365"", ""1446"", ""1366"", ""1447"", ""1367"", ""1431"", ""4111"", ""1300"", ""1301"", ""1302"", ""1761"", ""1303"", ""1304"", ""1305"", ""1306"", ""1432"", ""1433"", ""1434"", ""3297"", ""4241"", ""2310"", ""2311"", ""2312"", ""2313"", ""2314"", ""2315"", ""ESTACION_CORREGIDORA_SUR""]","[""129"", ""129"", ""129"", ""129"", ""129"", ""129"", ""129"", ""90"", ""90"", ""90"", ""90"", ""90"", ""90"", ""90"", ""90"", ""90"", ""90"", ""90"", ""90"", ""90"", ""90"", ""90"", ""90"", ""90"", ""90"", ""90"", ""90"", ""90"", ""90"", ""90"", ""90"", ""90"", ""90"", ""90"", ""90"", ""90"", ""90"", ""90"", ""90"", ""90"", ""90"", ""90"", ""97"", ""97"", ""97"", ""97"", ""97"", ""97"", ""97"", ""97"", ""CAMINATA""]",5.0,Av. Prol. El Jacal/Calle 4,20.557976091822,-100.43525847036
2358,52.248333333333335,375,T07,3,32,4,Con transbordo,375 → 326 → 338 → 319,T07 → C35 → C48 → C24,Blvd. de Las Américas/Calle Cerro del Zamorano → Blvd. de Las Américas/Cerro del Fraile → Av. Tecnológico/José María Arteaga,"[""2358"", ""5062"", ""2359"", ""2360"", ""2361"", ""2362"", ""2363"", ""2364"", ""2365"", ""4129"", ""2290"", ""3600"", ""2291"", ""2292"", ""2293"", ""2294"", ""2295"", ""2296"", ""2418"", ""2419"", ""5180"", ""2672"", ""2201"", ""4241"", ""2310"", ""2311"", ""2312"", ""2313"", ""2314"", ""2315"", ""5194"", ""ESTACION_CORREGIDORA_SUR""]","[""375"", ""375"", ""375"", ""375"", ""375"", ""375"", ""375"", ""375"", ""326"", ""326"", ""338"", ""338"", ""338"", ""338"", ""338"", ""338"", ""338"", ""338"", ""338"", ""338"", ""338"", ""338"", ""338"", ""319"", ""319"", ""319"", ""319"", ""319"", ""319"", ""319"", ""CAMINATA""]",5.0,Enrique Rodiles/Francisco Arias,20.562073,-100.39665
5084,52.29833333333334,233,L113,2,41,3,Con transbordo,233 → 336 → 319,L113 → C46 → C24,Fresno/Maravillas → Av. Tecnológico/José María Arteaga,"[""5084"", ""5085"", ""2661"", ""5086"", ""2662"", ""2663"", ""2664"", ""2665"", ""2666"", ""2667"", ""2255"", ""2639"", ""2640"", ""2641"", ""2258"", ""2259"", ""2260"", ""2261"", ""2262"", ""2263"", ""3023"", ""2264"", ""4393"", ""2199"", ""1762"", ""1763"", ""2200"", ""4430"", ""1764"", ""1765"", ""1766"", ""2201"", ""4241"", ""2310"", ""2311"", ""2312"", ""2313"", ""2314"", ""2315"", ""5194"", ""ESTACION_CORREGIDORA_SUR""]","[""233"", ""233"", ""233"", ""233"", ""233"", ""233"", ""233"", ""233"", ""233"", ""233"", ""233"", ""336"", ""336"", ""336"", ""336"", ""336"", ""336"", ""336"", ""336"", ""336"", ""336"", ""336"", ""336"", ""336"", ""336"", ""336"", ""336"", ""336"", ""336"", ""336"", ""336"", ""336"", ""319"", ""319"", ""319"", ""319"", ""319"", ""319"", ""319"", ""CAMINATA""]",5.0,Josefa Ortiz de Domínguez,20.540591191502,-100.43609985363
1760,52.315000000000005,336,C46,3,33,4,Con transbordo,336 → 334 → 338 → 319,C46 → C43 → C48 → C24,Av. Candiles/Luis G. Pastor → Blvd. de Las Américas/Río Lerma → Av. Tecnológico/José María Arteaga,"[""1760"", ""2248"", ""3015"", ""2249"", ""2644"", ""2250"", ""4152"", ""2251"", ""3679"", ""2627"", ""2508"", ""2509"", ""4138"", ""2291"", ""2292"", ""2293"", ""2294"", ""2295"", ""2296"", ""2418"", ""2419"", ""5180"", ""2672"", ""2201"", ""4241"", ""2310"", ""2311"", ""2312"", ""2313"", ""2314"", ""2315"", ""5194"", ""ESTACION_CORREGIDORA_SUR""]","[""336"", ""336"", ""336"", ""336"", ""336"", ""336"", ""336"", ""336"", ""334"", ""334"", ""334"", ""334"", ""334"", ""338"", ""338"", ""338"", ""338"", ""338"", ""338"", ""338"", ""338"", ""338"", ""338"", ""338"", ""319"", ""319"", ""319"", ""319"", ""319"", ""319"", ""319"", ""CAMINATA""]",5.0,Prol. Av. Zaragoza/Av. Paseo Constituyentes,20.5627353,-100.4145215
5179,52.365,319,C24,3,33,4,Con transbordo,319 → 326 → 338 → 319,C24 → C35 → C48 → C24,Blvd. de Las Américas/Calle Cerro del Zamorano → Blvd. de Las Américas/Cerro del Fraile → Av. Tecnológico/José María Arteaga,"[""5179"", ""2416"", ""2417"", ""2359"", ""2360"", ""2361"", ""2362"", ""2363"", ""2364"", ""2365"", ""4129"", ""2290"", ""3600"", ""2291"", ""2292"", ""2293"", ""2294"", ""2295"", ""2296"", ""2418"", ""2419"", ""5180"", ""2672"", ""2201"", ""4241"", ""2310"", ""2311"", ""2312"", ""2313"", ""2314"", ""2315"", ""5194"", ""ESTACION_CORREGIDORA_SUR""]","[""319"", ""319"", ""319"", ""319"", ""319"", ""319"", ""319"", ""319"", ""319"", ""326"", ""326"", ""338"", ""338"", ""338"", ""338"", ""338"", ""338"", ""338"", ""338"", ""338"", ""338"", ""338"", ""338"", ""338"", ""319"", ""319"", ""319"", ""319"", ""319"", ""319"", ""319"", ""CAMINATA""]",5.0,Av. 4/Umaa Imss,20.571908210434,-100.39931878706
5083,52.39833333333334,233,L113,2,42,3,Con transbordo,233 → 336 → 319,L113 → C46 → C24,Fresno/Maravillas → Av. Tecnológico/José María Arteaga,"[""5083"", ""5084"", ""5085"", ""2661"", ""5086"", ""2662"", ""2663"", ""2664"", ""2665"", ""2666"", ""2667"", ""2255"", ""2639"", ""2640"", ""2641"", ""2258"", ""2259"", ""2260"", ""2261"", ""2262"", ""2263"", ""3023"", ""2264"", ""4393"", ""2199"", ""1762"", ""1763"", ""2200"", ""4430"", ""1764"", ""1765"", ""1766"", ""2201"", ""4241"", ""2310"", ""2311"", ""2312"", ""2313"", ""2314"", ""2315"", ""5194"", ""ESTACION_CORREGIDORA_SUR""]","[""233"", ""233"", ""233"", ""233"", ""233"", ""233"", ""233"", ""233"", ""233"", ""233"", ""233"", ""233"", ""336"", ""336"", ""336"", ""336"", ""336"", ""336"", ""336"", ""336"", ""336"", ""336"", ""336"", ""336"", ""336"", ""336"", ""336"", ""336"", ""336"", ""336"", ""336"", ""336"", ""336"", ""319"", ""319"", ""319"", ""319"", ""319"", ""319"", ""319"", ""CAMINATA""]",5.0,la Capilla/Josefa Ortiz de Domínguez,20.540775094457,-100.43634259639
1317,52.46874999999999,98,C23,1,36,2,Con transbordo,98 → 333,C23 → C42,Av. Prol. Zaragoza/Av. Hilario Frías y Soto,"[""1317"", ""3583"", ""3584"", ""1318"", ""1319"", ""1320"", ""3296"", ""3674"", ""3540"", ""1334"", ""1335"", ""1336"", ""1337"", ""1338"", ""1339"", ""1340"", ""1341"", ""1762"", ""1763"", ""2200"", ""4430"", ""1764"", ""1765"", ""1766"", ""2201"", ""4241"", ""2310"", ""3570"", ""3571"", ""3572"", ""2311"", ""2312"", ""2313"", ""2314"", ""2315"", ""ESTACION_CORREGIDORA_SUR""]","[""98"", ""98"", ""98"", ""98"", ""98"", ""98"", ""98"", ""98"", ""98"", ""98"", ""98"", ""98"", ""98"", ""98"", ""98"", ""98"", ""98"", ""98"", ""98"", ""98"", ""333"", ""333"", ""333"", ""333"", ""333"", ""333"", ""333"", ""333"", ""333"", ""333"", ""333"", ""333"", ""333"", ""333"", ""CAMINATA""]",5.0,Av. Fray Eulalio Hernández Rivera/Josefa Ortiz de Domínguez,20.539822796382,-100.44350223012
5071,52.63541666666666,321,C27,2,33,3,Con transbordo,321 → 139 → 321,C27 → C32 → C27,Blvd de Los Gobernadores/Labná → Cobá/Blvd de Los Gobernadores,"[""5071"", ""2488"", ""2526"", ""2489"", ""2472"", ""2473"", ""2474"", ""5078"", ""2475"", ""2476"", ""2477"", ""2212"", ""2213"", ""2214"", ""2215"", ""2478"", ""2308"", ""2028"", ""2029"", ""2030"", ""2031"", ""2309"", ""1919"", ""1920"", ""1921"", ""4241"", ""2310"", ""2311"", ""2312"", ""2313"", ""2314"", ""2315"", ""ESTACION_CORREGIDORA_SUR""]","[""321"", ""321"", ""321"", ""139"", ""321"", ""321"", ""321"", ""321"", ""321"", ""321"", ""321"", ""321"", ""321"", ""321"", ""321"", ""321"", ""321"", ""321"", ""321"", ""321"", ""321"", ""321"", ""321"", ""321"", ""321"", ""321"", ""321"", ""321"", ""321"", ""321"", ""321"", ""CAMINATA""]",5.0,Cto. Lázaro Cárdenas/Fidel Velázquez,20.558322195137,-100.37475122446
1382,52.67708333333333,92,L53,3,28,4,Con transbordo,92 → 255 → 90 → 97,L53 → T11 → L51 → C22,Terminal Balvanera → Santa Bárbara → Constitución de 1917,"[""1382"", ""1383"", ""1387"", ""1386"", ""1330"", ""1399"", ""2190"", ""3301"", ""1300"", ""1301"", ""1302"", ""1761"", ""1303"", ""1304"", ""1305"", ""1306"", ""1432"", ""1433"", ""1434"", ""3297"", ""4241"", ""2310"", ""2311"", ""2312"", ""2313"", ""2314"", ""2315"", ""ESTACION_CORREGIDORA_SUR""]","[""92"", ""92"", ""92"", ""92"", ""92"", ""92"", ""255"", ""255"", ""90"", ""90"", ""90"", ""90"", ""90"", ""90"", ""90"", ""90"", ""90"", ""90"", ""97"", ""97"", ""97"", ""97"", ""97"", ""97"", ""97"", ""97"", ""CAMINATA""]",5.0,Josefa Vergara/Valle Dorado,20.523332072742,-100.46983194099
1345,52.685416666666654,98,C23,3,37,4,Con transbordo,98 → 97 → 90 → 97,C23 → C22 → L51 → C22,5 de Mayo → Santa Bárbara → Constitución de 1917,"[""1345"", ""1346"", ""1347"", ""1348"", ""1349"", ""3655"", ""1350"", ""1351"", ""4142"", ""1292"", ""1293"", ""1294"", ""1295"", ""1296"", ""1297"", ""1298"", ""1299"", ""1300"", ""1301"", ""1302"", ""1761"", ""1303"", ""1304"", ""1305"", ""1306"", ""1432"", ""1433"", ""1434"", ""3297"", ""4241"", ""2310"", ""2311"", ""2312"", ""2313"", ""2314"", ""2315"", ""ESTACION_CORREGIDORA_SUR""]","[""98"", ""97"", ""97"", ""97"", ""97"", ""97"", ""97"", ""97"", ""97"", ""97"", ""97"", ""97"", ""97"", ""97"", ""97"", ""97"", ""97"", ""90"", ""90"", ""90"", ""90"", ""90"", ""90"", ""90"", ""90"", ""90"", ""90"", ""97"", ""97"", ""97"", ""97"", ""97"", ""97"", ""97"", ""97"", ""CAMINATA""]",5.0,Blvd. Hacienda del Jacal/Terranova Residencial,20.560185712438,-100.43179308766
5206,52.827083333333334,98,C23,3,32,4,Con transbordo,98 → 255 → 90 → 97,C23 → T11 → L51 → C22,Av. Paseo Constituyentes/Prol. Cuauhtémoc → Santa Bárbara → Constitución de 1917,"[""5206"", ""1324"", ""1325"", ""1359"", ""5163"", ""3300"", ""1328"", ""1329"", ""1330"", ""1399"", ""1331"", ""3301"", ""1300"", ""1301"", ""1302"", ""1761"", ""1303"", ""1304"", ""1305"", ""1306"", ""1432"", ""1433"", ""1434"", ""3297"", ""4241"", ""2310"", ""2311"", ""2312"", ""2313"", ""2314"", ""2315"", ""ESTACION_CORREGIDORA_SUR""]","[""98"", ""98"", ""98"", ""98"", ""98"", ""98"", ""98"", ""98"", ""98"", ""98"", ""98"", ""255"", ""90"", ""90"", ""90"", ""90"", ""90"", ""90"", ""90"", ""90"", ""90"", ""90"", ""97"", ""97"", ""97"", ""97"", ""97"", ""97"", ""97"", ""97"", ""CAMINATA""]",5.0,Calle Camelinas/La Negreta,20.518748760478,-100.44999856112
3017,52.865,373,T05,3,35,4,Con transbordo,373 → 233 → 336 → 319,T05 → L113 → C46 → C24,Calle Manzano/Fresno → Fresno/Maravillas → Av. Tecnológico/José María Arteaga,"[""3017"", ""3018"", ""3019"", ""5211"", ""2255"", ""2639"", ""2640"", ""2641"", ""2258"", ""2259"", ""2260"", ""2261"", ""2262"", ""2263"", ""3023"", ""2264"", ""4393"", ""2199"", ""1762"", ""1763"", ""2200"", ""4430"", ""1764"", ""1765"", ""1766"", ""2201"", ""4241"", ""2310"", ""2311"", ""2312"", ""2313"", ""2314"", ""2315"", ""5194"", ""ESTACION_CORREGIDORA_SUR""]","[""373"", ""373"", ""373"", ""373"", ""233"", ""336"", ""336"", ""336"", ""336"", ""336"", ""336"", ""336"", ""336"", ""336"", ""336"", ""336"", ""336"", ""336"", ""336"", ""336"", ""336"", ""336"", ""336"", ""336"", ""336"", ""336"", ""319"", ""319"", ""319"", ""319"", ""319"", ""319"", ""319"", ""CAMINATA""]",5.0,Av. Camino Real/Calle Mirador del Cimatario,20.54069809,-100.3997427
1381,52.99375,92,L53,3,29,4,Con transbordo,92 → 255 → 90 → 97,L53 → T11 → L51 → C22,Terminal Balvanera → Santa Bárbara → Constitución de 1917,"[""1381"", ""1382"", ""1383"", ""1387"", ""1386"", ""1330"", ""1399"", ""2190"", ""3301"", ""1300"", ""1301"", ""1302"", ""1761"", ""1303"", ""1304"", ""1305"", ""1306"", ""1432"", ""1433"", ""1434"", ""3297"", ""4241"", ""2310"", ""2311"", ""2312"", ""2313"", ""2314"", ""2315"", ""ESTACION_CORREGIDORA_SUR""]","[""92"", ""92"", ""92"", ""92"", ""92"", ""92"", ""92"", ""255"", ""255"", ""90"", ""90"", ""90"", ""90"", ""90"", ""90"", ""90"", ""90"", ""90"", ""90"", ""97"", ""97"", ""97"", ""97"", ""97"", ""97"", ""97"", ""97"", ""CAMINATA""]",5.0,Circuito 11 de Febrero/Vista Bella Residencial,20.522777480767,-100.47013694526
2660,53.135416666666664,337,C47,2,32,3,Con transbordo,337 → 98 → 333,C47 → C23 → C42,Rivera del Rio/Parque Cam Corregidora → Av. Prol. Zaragoza/Av. Hilario Frías y Soto,"[""2660"", ""1320"", ""3296"", ""3674"", ""3540"", ""1334"", ""1335"", ""1336"", ""1337"", ""1338"", ""1339"", ""1340"", ""1341"", ""1762"", ""1763"", ""2200"", ""4430"", ""1764"", ""1765"", ""1766"", ""2201"", ""4241"", ""2310"", ""3570"", ""3571"", ""3572"", ""2311"", ""2312"", ""2313"", ""2314"", ""2315"", ""ESTACION_CORREGIDORA_SUR""]","[""337"", ""98"", ""98"", ""98"", ""98"", ""98"", ""98"", ""98"", ""98"", ""98"", ""98"", ""98"", ""98"", ""98"", ""98"", ""98"", ""333"", ""333"", ""333"", ""333"", ""333"", ""333"", ""333"", ""333"", ""333"", ""333"", ""333"", ""333"", ""333"", ""333"", ""CAMINATA""]",5.0,Camino Al Cerrito/Fray Eulalio Hernández Rivera,20.54998264,-100.4449904
2396,53.21875,97,C22,2,34,3,Con transbordo,97 → 98 → 333,C22 → C23 → C42,5 de Mayo/Miguel Hidalgo → Av. Prol. Zaragoza/Av. Hilario Frías y Soto,"[""2396"", ""2397"", ""2398"", ""2399"", ""3925"", ""1333"", ""3540"", ""1334"", ""1335"", ""1336"", ""1337"", ""1338"", ""1339"", ""1340"", ""1341"", ""1762"", ""1763"", ""2200"", ""4430"", ""1764"", ""1765"", ""1766"", ""2201"", ""4241"", ""2310"", ""3570"", ""3571"", ""3572"", ""2311"", ""2312"", ""2313"", ""2314"", ""2315"", ""ESTACION_CORREGIDORA_SUR""]","[""97"", ""97"", ""97"", ""97"", ""97"", ""97"", ""97"", ""97"", ""97"", ""97"", ""98"", ""98"", ""98"", ""98"", ""98"", ""98"", ""98"", ""98"", ""333"", ""333"", ""333"", ""333"", ""333"", ""333"", ""333"", ""333"", ""333"", ""333"", ""333"", ""333"", ""333"", ""333"", ""CAMINATA""]",5.0,Josefa Ortiz de Domínguez/La Capilla,20.540700809546,-100.43614909017
5225,53.24833333333333,334,C43,2,38,3,Con transbordo,334 → 336 → 319,C43 → C46 → C24,Av. Candiles/Parque Candiles Skate Park → Av. Tecnológico/José María Arteaga,"[""5225"", ""2416"", ""2417"", ""2359"", ""2360"", ""2361"", ""2362"", ""2363"", ""2364"", ""2503"", ""2504"", ""2626"", ""2259"", ""2260"", ""2261"", ""2262"", ""2263"", ""3023"", ""2264"", ""4393"", ""2199"", ""1762"", ""1763"", ""2200"", ""4430"", ""1764"", ""1765"", ""1766"", ""2201"", ""4241"", ""2310"", ""2311"", ""2312"", ""2313"", ""2314"", ""2315"", ""5194"", ""ESTACION_CORREGIDORA_SUR""]","[""334"", ""334"", ""334"", ""334"", ""334"", ""334"", ""334"", ""334"", ""334"", ""334"", ""334"", ""334"", ""336"", ""336"", ""336"", ""336"", ""336"", ""336"", ""336"", ""336"", ""336"", ""336"", ""336"", ""336"", ""336"", ""336"", ""336"", ""336"", ""336"", ""319"", ""319"", ""319"", ""319"", ""319"", ""319"", ""319"", ""CAMINATA""]",5.0,Calle Rafael de la Mora/Calle 53,20.56578974475,-100.39799916244
3667,53.25208333333333,356,L108,1,25,2,Con transbordo,356 → 333,L108 → C42,Prol. Zaragoza/Paseo 5 de Febrero,"[""3667"", ""4094"", ""4095"", ""2763"", ""2764"", ""2765"", ""4096"", ""4097"", ""4098"", ""4099"", ""2616"", ""4100"", ""1766"", ""2201"", ""4241"", ""2310"", ""3570"", ""3571"", ""3572"", ""2311"", ""2312"", ""2313"", ""2314"", ""2315"", ""ESTACION_CORREGIDORA_SUR""]","[""356"", ""356"", ""356"", ""356"", ""356"", ""356"", ""356"", ""356"", ""356"", ""356"", ""356"", ""356"", ""333"", ""333"", ""333"", ""333"", ""333"", ""333"", ""333"", ""333"", ""333"", ""333"", ""333"", ""CAMINATA""]",5.0,Independencia/Prol. José Maria Morelos,20.59316097,-100.4499364
1316,53.28541666666666,98,C23,1,37,2,Con transbordo,98 → 333,C23 → C42,Av. Prol. Zaragoza/Av. Hilario Frías y Soto,"[""1316"", ""1317"", ""3583"", ""3584"", ""1318"", ""1319"", ""1320"", ""3296"", ""3674"", ""3540"", ""1334"", ""1335"", ""1336"", ""1337"", ""1338"", ""1339"", ""1340"", ""1341"", ""1762"", ""1763"", ""2200"", ""4430"", ""1764"", ""1765"", ""1766"", ""2201"", ""4241"", ""2310"", ""3570"", ""3571"", ""3572"", ""2311"", ""2312"", ""2313"", ""2314"", ""2315"", ""ESTACION_CORREGIDORA_SUR""]","[""98"", ""98"", ""98"", ""98"", ""98"", ""98"", ""98"", ""98"", ""98"", ""98"", ""98"", ""98"", ""98"", ""98"", ""98"", ""98"", ""98"", ""98"", ""98"", ""98"", ""98"", ""333"", ""333"", ""333"", ""333"", ""333"", ""333"", ""333"", ""333"", ""333"", ""333"", ""333"", ""333"", ""333"", ""333"", ""CAMINATA""]",5.0,Av. Fray Eulalio Hernández Rivera,20.538064341539,-100.44454037323
5178,53.29833333333333,319,C24,3,34,4,Con transbordo,319 → 326 → 338 → 319,C24 → C35 → C48 → C24,Blvd. de Las Américas/Calle Cerro del Zamorano → Blvd. de Las Américas/Cerro del Fraile → Av. Tecnológico/José María Arteaga,"[""5178"", ""5179"", ""2416"", ""2417"", ""2359"", ""2360"", ""2361"", ""2362"", ""2363"", ""2364"", ""2365"", ""4129"", ""2290"", ""3600"", ""2291"", ""2292"", ""2293"", ""2294"", ""2295"", ""2296"", ""2418"", ""2419"", ""5180"", ""2672"", ""2201"", ""4241"", ""2310"", ""2311"", ""2312"", ""2313"", ""2314"", ""2315"", ""5194"", ""ESTACION_CORREGIDORA_SUR""]","[""319"", ""319"", ""319"", ""319"", ""319"", ""319"", ""319"", ""319"", ""319"", ""319"", ""326"", ""326"", ""338"", ""338"", ""338"", ""338"", ""338"", ""338"", ""338"", ""338"", ""338"", ""338"", ""338"", ""338"", ""338"", ""319"", ""319"", ""319"", ""319"", ""319"", ""319"", ""319"", ""CAMINATA""]",5.0,Av. 4/Calle 37,20.573082095613,-100.39672151969
2415,53.464999999999996,368,L61,4,26,5,Con transbordo,368 → 332 → 234 → 338 → 319,L61 → C41 → L117 → C48 → C24,Calle 27/Av. 6 → Calle Antonio Carranza/Blvd. de Las Américas → Blvd. de Las Américas/Carlos Esquerro → Av. Tecnológico/José María Arteaga,"[""2415"", ""2350"", ""2351"", ""2352"", ""2353"", ""2354"", ""2355"", ""2612"", ""2613"", ""3327"", ""2614"", ""2615"", ""2418"", ""2419"", ""5180"", ""2672"", ""2201"", ""4241"", ""2310"", ""2311"", ""2312"", ""2313"", ""2314"", ""2315"", ""5194"", ""ESTACION_CORREGIDORA_SUR""]","[""368"", ""332"", ""332"", ""332"", ""332"", ""332"", ""332"", ""332"", ""332"", ""332"", ""332"", ""234"", ""338"", ""338"", ""338"", ""338"", ""338"", ""319"", ""319"", ""319"", ""319"", ""319"", ""319"", ""319"", ""CAMINATA""]",5.0,Av. 4/Calle 27,20.573871473759,-100.3935112448
2487,53.502083333333324,321,C27,2,34,3,Con transbordo,321 → 139 → 321,C27 → C32 → C27,Blvd de Los Gobernadores/Labná → Cobá/Blvd de Los Gobernadores,"[""2487"", ""5071"", ""2488"", ""2526"", ""2489"", ""2472"", ""2473"", ""2474"", ""5078"", ""2475"", ""2476"", ""2477"", ""2212"", ""2213"", ""2214"", ""2215"", ""2478"", ""2308"", ""2028"", ""2029"", ""2030"", ""2031"", ""2309"", ""1919"", ""1920"", ""1921"", ""4241"", ""2310"", ""2311"", ""2312"", ""2313"", ""2314"", ""2315"", ""ESTACION_CORREGIDORA_SUR""]","[""321"", ""321"", ""321"", ""321"", ""139"", ""321"", ""321"", ""321"", ""321"", ""321"", ""321"", ""321"", ""321"", ""321"", ""321"", ""321"", ""321"", ""321"", ""321"", ""321"", ""321"", ""321"", ""321"", ""321"", ""321"", ""321"", ""321"", ""321"", ""321"", ""321"", ""321"", ""321"", ""CAMINATA""]",5.0,Cto. Lázaro Cárdenes/Avenida Plutarco Elías Calles,20.557618578349,-100.37678316101
1397,53.543749999999996,93,L54,4,27,5,Con transbordo,93 → 92 → 255 → 90 → 97,L54 → L53 → T11 → L51 → C22,Libramiento Sur Poniente/Geranios → Terminal Balvanera → Santa Bárbara → Constitución de 1917,"[""1397"", ""1359"", ""1327"", ""1398"", ""1399"", ""2190"", ""3301"", ""1300"", ""1301"", ""1302"", ""1761"", ""1303"", ""1304"", ""1305"", ""1306"", ""1432"", ""1433"", ""1434"", ""3297"", ""4241"", ""2310"", ""2311"", ""2312"", ""2313"", ""2314"", ""2315"", ""ESTACION_CORREGIDORA_SUR""]","[""93"", ""93"", ""93"", ""93"", ""92"", ""255"", ""255"", ""90"", ""90"", ""90"", ""90"", ""90"", ""90"", ""90"", ""90"", ""90"", ""90"", ""97"", ""97"", ""97"", ""97"", ""97"", ""97"", ""97"", ""97"", ""CAMINATA""]",5.0,Independencia/Benito Juárez,20.523222213951,-100.45252043468
4127,53.548333333333346,396,T16,2,29,3,Con transbordo,396 → 333 → 319,T16 → C42 → C24,Av. del Parque/Blvd. Centro Sur → Vicente Guerrero,"[""4127"", ""4423"", ""4315"", ""2625"", ""3577"", ""5107"", ""2519"", ""3578"", ""2216"", ""2217"", ""2218"", ""2219"", ""2032"", ""2023"", ""2024"", ""2856"", ""1918"", ""1919"", ""1920"", ""1921"", ""4241"", ""2310"", ""2311"", ""2312"", ""2313"", ""2314"", ""2315"", ""5194"", ""ESTACION_CORREGIDORA_SUR""]","[""396"", ""396"", ""396"", ""396"", ""396"", ""333"", ""333"", ""333"", ""333"", ""333"", ""333"", ""333"", ""333"", ""333"", ""333"", ""333"", ""333"", ""319"", ""319"", ""319"", ""319"", ""319"", ""319"", ""319"", ""319"", ""319"", ""319"", ""CAMINATA""]",5.0,Panteón Privado Jardines de la Esperanza,20.515632481552,-100.32766539176
2357,53.615,375,T07,3,33,4,Con transbordo,375 → 326 → 338 → 319,T07 → C35 → C48 → C24,Blvd. de Las Américas/Calle Cerro del Zamorano → Blvd. de Las Américas/Cerro del Fraile → Av. Tecnológico/José María Arteaga,"[""2357"", ""2358"", ""5062"", ""2359"", ""2360"", ""2361"", ""2362"", ""2363"", ""2364"", ""2365"", ""4129"", ""2290"", ""3600"", ""2291"", ""2292"", ""2293"", ""2294"", ""2295"", ""2296"", ""2418"", ""2419"", ""5180"", ""2672"", ""2201"", ""4241"", ""2310"", ""2311"", ""2312"", ""2313"", ""2314"", ""2315"", ""5194"", ""ESTACION_CORREGIDORA_SUR""]","[""375"", ""375"", ""375"", ""375"", ""375"", ""375"", ""375"", ""375"", ""375"", ""326"", ""326"", ""338"", ""338"", ""338"", ""338"", ""338"", ""338"", ""338"", ""338"", ""338"", ""338"", ""338"", ""338"", ""338"", ""319"", ""319"", ""319"", ""319"", ""319"", ""319"", ""319"", ""CAMINATA""]",5.0,J. Novelo/Calle José Ma. Lozano,20.56451641,-100.3954098
1323,53.69375,98,C23,3,33,4,Con transbordo,98 → 255 → 90 → 97,C23 → T11 → L51 → C22,Av. Paseo Constituyentes/Prol. Cuauhtémoc → Santa Bárbara → Constitución de 1917,"[""1323"", ""5206"", ""1324"", ""1325"", ""1359"", ""5163"", ""3300"", ""1328"", ""1329"", ""1330"", ""1399"", ""1331"", ""3301"", ""1300"", ""1301"", ""1302"", ""1761"", ""1303"", ""1304"", ""1305"", ""1306"", ""1432"", ""1433"", ""1434"", ""3297"", ""4241"", ""2310"", ""2311"", ""2312"", ""2313"", ""2314"", ""2315"", ""ESTACION_CORREGIDORA_SUR""]","[""98"", ""98"", ""98"", ""98"", ""98"", ""98"", ""98"", ""98"", ""98"", ""98"", ""98"", ""98"", ""255"", ""90"", ""90"", ""90"", ""90"", ""90"", ""90"", ""90"", ""90"", ""90"", ""90"", ""97"", ""97"", ""97"", ""97"", ""97"", ""97"", ""97"", ""97"", ""CAMINATA""]",5.0,Av. del Divino Salvador/Cristo Rey,20.517098,-100.451425
5224,54.01499999999999,334,C43,2,39,3,Con transbordo,334 → 336 → 319,C43 → C46 → C24,Av. Candiles/Parque Candiles Skate Park → Av. Tecnológico/José María Arteaga,"[""5224"", ""5225"", ""2416"", ""2417"", ""2359"", ""2360"", ""2361"", ""2362"", ""2363"", ""2364"", ""2503"", ""2504"", ""2626"", ""2259"", ""2260"", ""2261"", ""2262"", ""2263"", ""3023"", ""2264"", ""4393"", ""2199"", ""1762"", ""1763"", ""2200"", ""4430"", ""1764"", ""1765"", ""1766"", ""2201"", ""4241"", ""2310"", ""2311"", ""2312"", ""2313"", ""2314"", ""2315"", ""5194"", ""ESTACION_CORREGIDORA_SUR""]","[""334"", ""334"", ""334"", ""334"", ""334"", ""334"", ""334"", ""334"", ""334"", ""334"", ""334"", ""334"", ""334"", ""336"", ""336"", ""336"", ""336"", ""336"", ""336"", ""336"", ""336"", ""336"", ""336"", ""336"", ""336"", ""336"", ""336"", ""336"", ""336"", ""336"", ""319"", ""319"", ""319"", ""319"", ""319"", ""319"", ""319"", ""CAMINATA""]",5.0,Rafael de la Mora/Calle 25,20.56576487983,-100.39622248187
5099,54.03541666666666,129,L101,2,25,3,Con transbordo,129 → 98 → 333,L101 → C23 → C42,Blvd. Hacienda del Jacal/Plaza El Jacal → Av. Prol. Zaragoza/Av. Hilario Frías y Soto,"[""5099"", ""3298"", ""1338"", ""1339"", ""1340"", ""1341"", ""1762"", ""1763"", ""2200"", ""4430"", ""1764"", ""1765"", ""1766"", ""2201"", ""4241"", ""2310"", ""3570"", ""3571"", ""3572"", ""2311"", ""2312"", ""2313"", ""2314"", ""2315"", ""ESTACION_CORREGIDORA_SUR""]","[""129"", ""129"", ""98"", ""98"", ""98"", ""98"", ""98"", ""98"", ""98"", ""333"", ""333"", ""333"", ""333"", ""333"", ""333"", ""333"", ""333"", ""333"", ""333"", ""333"", ""333"", ""333"", ""333"", ""CAMINATA""]",5.0,Av. Santuarios de Guadalupe/Cto. Andamaxei,20.555588187014,-100.44512475096
1413,54.04375,94,L55,3,29,4,Con transbordo,94 → 255 → 90 → 97,L55 → T11 → L51 → C22,Terminal Balvanera → Santa Bárbara → Constitución de 1917,"[""1413"", ""1414"", ""1330"", ""1399"", ""1368"", ""1369"", ""1370"", ""2190"", ""3301"", ""1300"", ""1301"", ""1302"", ""1761"", ""1303"", ""1304"", ""1305"", ""1306"", ""1432"", ""1433"", ""1434"", ""3297"", ""4241"", ""2310"", ""2311"", ""2312"", ""2313"", ""2314"", ""2315"", ""ESTACION_CORREGIDORA_SUR""]","[""94"", ""94"", ""94"", ""94"", ""94"", ""94"", ""94"", ""255"", ""255"", ""90"", ""90"", ""90"", ""90"", ""90"", ""90"", ""90"", ""90"", ""90"", ""90"", ""97"", ""97"", ""97"", ""97"", ""97"", ""97"", ""97"", ""97"", ""CAMINATA""]",5.0,San Miguel/San Marcos,20.534543457142,-100.48759933753
1390,54.14375,92,L53,3,30,4,Con transbordo,92 → 255 → 90 → 97,L53 → T11 → L51 → C22,Terminal Balvanera → Santa Bárbara → Constitución de 1917,"[""1390"", ""1381"", ""1382"", ""1383"", ""1387"", ""1386"", ""1330"", ""1399"", ""2190"", ""3301"", ""1300"", ""1301"", ""1302"", ""1761"", ""1303"", ""1304"", ""1305"", ""1306"", ""1432"", ""1433"", ""1434"", ""3297"", ""4241"", ""2310"", ""2311"", ""2312"", ""2313"", ""2314"", ""2315"", ""ESTACION_CORREGIDORA_SUR""]","[""92"", ""92"", ""92"", ""92"", ""92"", ""92"", ""92"", ""92"", ""255"", ""255"", ""90"", ""90"", ""90"", ""90"", ""90"", ""90"", ""90"", ""90"", ""90"", ""90"", ""97"", ""97"", ""97"", ""97"", ""97"", ""97"", ""97"", ""97"", ""CAMINATA""]",5.0,Circuito 11 de Febrero/Atardecer,20.521233839134,-100.47206336481
5208,54.26874999999999,321,C27,2,35,3,Con transbordo,321 → 139 → 321,C27 → C32 → C27,Blvd de Los Gobernadores/Labná → Cobá/Blvd de Los Gobernadores,"[""5208"", ""2487"", ""5071"", ""2488"", ""2526"", ""2489"", ""2472"", ""2473"", ""2474"", ""5078"", ""2475"", ""2476"", ""2477"", ""2212"", ""2213"", ""2214"", ""2215"", ""2478"", ""2308"", ""2028"", ""2029"", ""2030"", ""2031"", ""2309"", ""1919"", ""1920"", ""1921"", ""4241"", ""2310"", ""2311"", ""2312"", ""2313"", ""2314"", ""2315"", ""ESTACION_CORREGIDORA_SUR""]","[""321"", ""321"", ""321"", ""321"", ""321"", ""139"", ""321"", ""321"", ""321"", ""321"", ""321"", ""321"", ""321"", ""321"", ""321"", ""321"", ""321"", ""321"", ""321"", ""321"", ""321"", ""321"", ""321"", ""321"", ""321"", ""321"", ""321"", ""321"", ""321"", ""321"", ""321"", ""321"", ""321"", ""CAMINATA""]",5.0,Ricardo Flores Magón/Cto. Lázaro Cárdenas,20.557118507582,-100.37861609437
2356,54.365,375,T07,3,34,4,Con transbordo,375 → 326 → 338 → 319,T07 → C35 → C48 → C24,Blvd. de Las Américas/Calle Cerro del Zamorano → Blvd. de Las Américas/Cerro del Fraile → Av. Tecnológico/José María Arteaga,"[""2356"", ""2357"", ""2358"", ""5062"", ""2359"", ""2360"", ""2361"", ""2362"", ""2363"", ""2364"", ""2365"", ""4129"", ""2290"", ""3600"", ""2291"", ""2292"", ""2293"", ""2294"", ""2295"", ""2296"", ""2418"", ""2419"", ""5180"", ""2672"", ""2201"", ""4241"", ""2310"", ""2311"", ""2312"", ""2313"", ""2314"", ""2315"", ""5194"", ""ESTACION_CORREGIDORA_SUR""]","[""375"", ""375"", ""375"", ""375"", ""375"", ""375"", ""375"", ""375"", ""375"", ""375"", ""326"", ""326"", ""338"", ""338"", ""338"", ""338"", ""338"", ""338"", ""338"", ""338"", ""338"", ""338"", ""338"", ""338"", ""338"", ""319"", ""319"", ""319"", ""319"", ""319"", ""319"", ""319"", ""CAMINATA""]",5.0,Calle Rafael de la Mora/Calle 39,20.56574819,-100.3945453
2395,54.452083333333334,97,C22,2,35,3,Con transbordo,97 → 98 → 333,C22 → C23 → C42,5 de Mayo/Miguel Hidalgo → Av. Prol. Zaragoza/Av. Hilario Frías y Soto,"[""2395"", ""2396"", ""2397"", ""2398"", ""2399"", ""3925"", ""1333"", ""3540"", ""1334"", ""1335"", ""1336"", ""1337"", ""1338"", ""1339"", ""1340"", ""1341"", ""1762"", ""1763"", ""2200"", ""4430"", ""1764"", ""1765"", ""1766"", ""2201"", ""4241"", ""2310"", ""3570"", ""3571"", ""3572"", ""2311"", ""2312"", ""2313"", ""2314"", ""2315"", ""ESTACION_CORREGIDORA_SUR""]","[""97"", ""97"", ""97"", ""97"", ""97"", ""97"", ""97"", ""97"", ""97"", ""97"", ""97"", ""98"", ""98"", ""98"", ""98"", ""98"", ""98"", ""98"", ""98"", ""333"", ""333"", ""333"", ""333"", ""333"", ""333"", ""333"", ""333"", ""333"", ""333"", ""333"", ""333"", ""333"", ""333"", ""CAMINATA""]",5.0,Josefa Ortiz de Domínguez/Av. Paseo Constituyentes,20.541158178989,-100.43245669948
1344,54.46041666666667,129,L101,2,54,3,Con transbordo,129 → 90 → 97,L101 → L51 → C22,Pueblo Nuevo → Constitución de 1917,"[""1344"", ""1345"", ""3675"", ""3299"", ""3676"", ""5100"", ""1290"", ""1291"", ""4358"", ""1311"", ""5209"", ""1312"", ""1313"", ""1424"", ""1352"", ""1372"", ""1441"", ""1373"", ""1442"", ""1443"", ""1374"", ""1375"", ""1444"", ""1362"", ""1363"", ""1364"", ""1445"", ""1365"", ""1446"", ""1366"", ""1447"", ""1367"", ""1431"", ""4111"", ""1300"", ""1301"", ""1302"", ""1761"", ""1303"", ""1304"", ""1305"", ""1306"", ""1432"", ""1433"", ""1434"", ""3297"", ""4241"", ""2310"", ""2311"", ""2312"", ""2313"", ""2314"", ""2315"", ""ESTACION_CORREGIDORA_SUR""]","[""129"", ""129"", ""129"", ""129"", ""129"", ""129"", ""129"", ""129"", ""129"", ""90"", ""90"", ""90"", ""90"", ""90"", ""90"", ""90"", ""90"", ""90"", ""90"", ""90"", ""90"", ""90"", ""90"", ""90"", ""90"", ""90"", ""90"", ""90"", ""90"", ""90"", ""90"", ""90"", ""90"", ""90"", ""90"", ""90"", ""90"", ""90"", ""90"", ""90"", ""90"", ""90"", ""90"", ""90"", ""97"", ""97"", ""97"", ""97"", ""97"", ""97"", ""97"", ""97"", ""CAMINATA""]",5.0,Blvd. Hacienda del Jacal/Walmart,20.561230978545,-100.42712166984
3666,54.485416666666666,356,L108,1,26,2,Con transbordo,356 → 333,L108 → C42,Prol. Zaragoza/Paseo 5 de Febrero,"[""3666"", ""3667"", ""4094"", ""4095"", ""2763"", ""2764"", ""2765"", ""4096"", ""4097"", ""4098"", ""4099"", ""2616"", ""4100"", ""1766"", ""2201"", ""4241"", ""2310"", ""3570"", ""3571"", ""3572"", ""2311"", ""2312"", ""2313"", ""2314"", ""2315"", ""ESTACION_CORREGIDORA_SUR""]","[""356"", ""356"", ""356"", ""356"", ""356"", ""356"", ""356"", ""356"", ""356"", ""356"", ""356"", ""356"", ""356"", ""333"", ""333"", ""333"", ""333"", ""333"", ""333"", ""333"", ""333"", ""333"", ""333"", ""333"", ""CAMINATA""]",5.0,Independencia/San José,20.59297594,-100.4479828
4357,54.50208333333332,129,L101,3,31,4,Con transbordo,129 → 97 → 90 → 97,L101 → C22 → L51 → C22,Miguel Hidalgo/Av. Don Bosco → Santa Bárbara → Constitución de 1917,"[""4357"", ""1351"", ""4142"", ""1292"", ""1293"", ""1294"", ""1295"", ""1296"", ""1297"", ""1298"", ""1299"", ""1300"", ""1301"", ""1302"", ""1761"", ""1303"", ""1304"", ""1305"", ""1306"", ""1432"", ""1433"", ""1434"", ""3297"", ""4241"", ""2310"", ""2311"", ""2312"", ""2313"", ""2314"", ""2315"", ""ESTACION_CORREGIDORA_SUR""]","[""129"", ""97"", ""97"", ""97"", ""97"", ""97"", ""97"", ""97"", ""97"", ""97"", ""97"", ""90"", ""90"", ""90"", ""90"", ""90"", ""90"", ""90"", ""90"", ""90"", ""90"", ""97"", ""97"", ""97"", ""97"", ""97"", ""97"", ""97"", ""97"", ""CAMINATA""]",5.0,Av. Don Bosco/Plaza Don Bosco,20.549407422313,-100.42937043245
1412,54.577083333333334,94,L55,3,30,4,Con transbordo,94 → 255 → 90 → 97,L55 → T11 → L51 → C22,Terminal Balvanera → Santa Bárbara → Constitución de 1917,"[""1412"", ""1413"", ""1414"", ""1330"", ""1399"", ""1368"", ""1369"", ""1370"", ""2190"", ""3301"", ""1300"", ""1301"", ""1302"", ""1761"", ""1303"", ""1304"", ""1305"", ""1306"", ""1432"", ""1433"", ""1434"", ""3297"", ""4241"", ""2310"", ""2311"", ""2312"", ""2313"", ""2314"", ""2315"", ""ESTACION_CORREGIDORA_SUR""]","[""94"", ""94"", ""94"", ""94"", ""94"", ""94"", ""94"", ""94"", ""255"", ""255"", ""90"", ""90"", ""90"", ""90"", ""90"", ""90"", ""90"", ""90"", ""90"", ""90"", ""97"", ""97"", ""97"", ""97"", ""97"", ""97"", ""97"", ""97"", ""CAMINATA""]",5.0,San Miguel/San Javier,20.531787216854,-100.48793305725
2659,54.818749999999994,337,C47,2,33,3,Con transbordo,337 → 98 → 333,C47 → C23 → C42,Rivera del Rio/Parque Cam Corregidora → Av. Prol. Zaragoza/Av. Hilario Frías y Soto,"[""2659"", ""2660"", ""1320"", ""3296"", ""3674"", ""3540"", ""1334"", ""1335"", ""1336"", ""1337"", ""1338"", ""1339"", ""1340"", ""1341"", ""1762"", ""1763"", ""2200"", ""4430"", ""1764"", ""1765"", ""1766"", ""2201"", ""4241"", ""2310"", ""3570"", ""3571"", ""3572"", ""2311"", ""2312"", ""2313"", ""2314"", ""2315"", ""ESTACION_CORREGIDORA_SUR""]","[""337"", ""337"", ""98"", ""98"", ""98"", ""98"", ""98"", ""98"", ""98"", ""98"", ""98"", ""98"", ""98"", ""98"", ""98"", ""98"", ""98"", ""333"", ""333"", ""333"", ""333"", ""333"", ""333"", ""333"", ""333"", ""333"", ""333"", ""333"", ""333"", ""333"", ""333"", ""CAMINATA""]",5.0,Camino Al Cerrito/Los Nogales,20.54937277,-100.4404292
1396,54.82708333333333,93,L54,4,28,5,Con transbordo,93 → 92 → 255 → 90 → 97,L54 → L53 → T11 → L51 → C22,Libramiento Sur Poniente/Geranios → Terminal Balvanera → Santa Bárbara → Constitución de 1917,"[""1396"", ""1397"", ""1359"", ""1327"", ""1398"", ""1399"", ""2190"", ""3301"", ""1300"", ""1301"", ""1302"", ""1761"", ""1303"", ""1304"", ""1305"", ""1306"", ""1432"", ""1433"", ""1434"", ""3297"", ""4241"", ""2310"", ""2311"", ""2312"", ""2313"", ""2314"", ""2315"", ""ESTACION_CORREGIDORA_SUR""]","[""93"", ""93"", ""93"", ""93"", ""93"", ""92"", ""255"", ""255"", ""90"", ""90"", ""90"", ""90"", ""90"", ""90"", ""90"", ""90"", ""90"", ""90"", ""97"", ""97"", ""97"", ""97"", ""97"", ""97"", ""97"", ""97"", ""CAMINATA""]",5.0,Independencia/Jardines del Progreso,20.522236264571,-100.45517173418
1315,55.01875,98,C23,1,38,2,Con transbordo,98 → 333,C23 → C42,Av. Prol. Zaragoza/Av. Hilario Frías y Soto,"[""1315"", ""1316"", ""1317"", ""3583"", ""3584"", ""1318"", ""1319"", ""1320"", ""3296"", ""3674"", ""3540"", ""1334"", ""1335"", ""1336"", ""1337"", ""1338"", ""1339"", ""1340"", ""1341"", ""1762"", ""1763"", ""2200"", ""4430"", ""1764"", ""1765"", ""1766"", ""2201"", ""4241"", ""2310"", ""3570"", ""3571"", ""3572"", ""2311"", ""2312"", ""2313"", ""2314"", ""2315"", ""ESTACION_CORREGIDORA_SUR""]","[""98"", ""98"", ""98"", ""98"", ""98"", ""98"", ""98"", ""98"", ""98"", ""98"", ""98"", ""98"", ""98"", ""98"", ""98"", ""98"", ""98"", ""98"", ""98"", ""98"", ""98"", ""98"", ""333"", ""333"", ""333"", ""333"", ""333"", ""333"", ""333"", ""333"", ""333"", ""333"", ""333"", ""333"", ""333"", ""333"", ""CAMINATA""]",5.0,Av. Fray Eulalio Hernández Rivera/16 de Septiembre,20.533917437585,-100.44557143606
3807,55.13166666666668,352,C64,2,32,3,Con transbordo,352 → 325 → 319,C64 → C34 → C24,Alameda → Av. Tecnológico/Itq,"[""3807"", ""3873"", ""3874"", ""3875"", ""3808"", ""3809"", ""3810"", ""3811"", ""3812"", ""4404"", ""3813"", ""5104"", ""1475"", ""1476"", ""1472"", ""1471"", ""1470"", ""1469"", ""1439"", ""1438"", ""2537"", ""1920"", ""1921"", ""4241"", ""2310"", ""2311"", ""2312"", ""2313"", ""2314"", ""2315"", ""5194"", ""ESTACION_CORREGIDORA_SUR""]","[""352"", ""352"", ""352"", ""352"", ""352"", ""352"", ""352"", ""352"", ""352"", ""352"", ""352"", ""352"", ""352"", ""352"", ""352"", ""352"", ""352"", ""352"", ""325"", ""325"", ""325"", ""325"", ""325"", ""325"", ""325"", ""325"", ""325"", ""319"", ""319"", ""319"", ""CAMINATA""]",5.0,Lateral Carr. Querétaro/México/Cobaq 16 El Colorado,20.56551607,-100.2451504
3665,55.33541666666667,356,L108,1,27,2,Con transbordo,356 → 333,L108 → C42,Prol. Zaragoza/Paseo 5 de Febrero,"[""3665"", ""3666"", ""3667"", ""4094"", ""4095"", ""2763"", ""2764"", ""2765"", ""4096"", ""4097"", ""4098"", ""4099"", ""2616"", ""4100"", ""1766"", ""2201"", ""4241"", ""2310"", ""3570"", ""3571"", ""3572"", ""2311"", ""2312"", ""2313"", ""2314"", ""2315"", ""ESTACION_CORREGIDORA_SUR""]","[""356"", ""356"", ""356"", ""356"", ""356"", ""356"", ""356"", ""356"", ""356"", ""356"", ""356"", ""356"", ""356"", ""356"", ""333"", ""333"", ""333"", ""333"", ""333"", ""333"", ""333"", ""333"", ""333"", ""333"", ""333"", ""CAMINATA""]",5.0,Av. Miguel Hidalgo/Independencia,20.59293077,-100.4466235
2772,55.627083333333324,93,L54,4,29,5,Con transbordo,93 → 92 → 255 → 90 → 97,L54 → L53 → T11 → L51 → C22,Libramiento Sur Poniente/Geranios → Terminal Balvanera → Santa Bárbara → Constitución de 1917,"[""2772"", ""1396"", ""1397"", ""1359"", ""1327"", ""1398"", ""1399"", ""2190"", ""3301"", ""1300"", ""1301"", ""1302"", ""1761"", ""1303"", ""1304"", ""1305"", ""1306"", ""1432"", ""1433"", ""1434"", ""3297"", ""4241"", ""2310"", ""2311"", ""2312"", ""2313"", ""2314"", ""2315"", ""ESTACION_CORREGIDORA_SUR""]","[""93"", ""93"", ""93"", ""93"", ""93"", ""93"", ""92"", ""255"", ""255"", ""90"", ""90"", ""90"", ""90"", ""90"", ""90"", ""90"", ""90"", ""90"", ""90"", ""97"", ""97"", ""97"", ""97"", ""97"", ""97"", ""97"", ""97"", ""CAMINATA""]",5.0,Valle de Guadalupe/Valle del Bosque,20.522048163905,-100.45692834492
3604,55.89375,128,L100,3,24,4,Con transbordo,128 → 255 → 90 → 97,L100 → T11 → L51 → C22,Industrial Balvanera → Santa Bárbara → Constitución de 1917,"[""3604"", ""1370"", ""2190"", ""3301"", ""1300"", ""1301"", ""1302"", ""1761"", ""1303"", ""1304"", ""1305"", ""1306"", ""1432"", ""1433"", ""1434"", ""3297"", ""4241"", ""2310"", ""2311"", ""2312"", ""2313"", ""2314"", ""2315"", ""ESTACION_CORREGIDORA_SUR""]","[""128"", ""255"", ""255"", ""255"", ""90"", ""90"", ""90"", ""90"", ""90"", ""90"", ""90"", ""90"", ""90"", ""90"", ""97"", ""97"", ""97"", ""97"", ""97"", ""97"", ""97"", ""97"", ""CAMINATA""]",5.0,Lib. Norponiente/La Vida,20.54636364,-100.4809917
2658,56.04833333333334,233,L113,2,46,3,Con transbordo,233 → 336 → 319,L113 → C46 → C24,Fresno/Maravillas → Av. Tecnológico/José María Arteaga,"[""2658"", ""2395"", ""2396"", ""2397"", ""5083"", ""5084"", ""5085"", ""2661"", ""5086"", ""2662"", ""2663"", ""2664"", ""2665"", ""2666"", ""2667"", ""2255"", ""2639"", ""2640"", ""2641"", ""2258"", ""2259"", ""2260"", ""2261"", ""2262"", ""2263"", ""3023"", ""2264"", ""4393"", ""2199"", ""1762"", ""1763"", ""2200"", ""4430"", ""1764"", ""1765"", ""1766"", ""2201"", ""4241"", ""2310"", ""2311"", ""2312"", ""2313"", ""2314"", ""2315"", ""5194"", ""ESTACION_CORREGIDORA_SUR""]","[""233"", ""233"", ""233"", ""233"", ""233"", ""233"", ""233"", ""233"", ""233"", ""233"", ""233"", ""233"", ""233"", ""233"", ""233"", ""233"", ""336"", ""336"", ""336"", ""336"", ""336"", ""336"", ""336"", ""336"", ""336"", ""336"", ""336"", ""336"", ""336"", ""336"", ""336"", ""336"", ""336"", ""336"", ""336"", ""336"", ""336"", ""319"", ""319"", ""319"", ""319"", ""319"", ""319"", ""319"", ""CAMINATA""]",5.0,Camino A Los Olvera/Av.Paseo Constituyentes,20.54134475,-100.4307268
4084,56.21500000000001,396,T16,2,30,3,Con transbordo,396 → 333 → 319,T16 → C42 → C24,Av. del Parque/Blvd. Centro Sur → Vicente Guerrero,"[""4084"", ""4127"", ""4423"", ""4315"", ""2625"", ""3577"", ""5107"", ""2519"", ""3578"", ""2216"", ""2217"", ""2218"", ""2219"", ""2032"", ""2023"", ""2024"", ""2856"", ""1918"", ""1919"", ""1920"", ""1921"", ""4241"", ""2310"", ""2311"", ""2312"", ""2313"", ""2314"", ""2315"", ""5194"", ""ESTACION_CORREGIDORA_SUR""]","[""396"", ""396"", ""396"", ""396"", ""396"", ""396"", ""333"", ""333"", ""333"", ""333"", ""333"", ""333"", ""333"", ""333"", ""333"", ""333"", ""333"", ""333"", ""319"", ""319"", ""319"", ""319"", ""319"", ""319"", ""319"", ""319"", ""319"", ""319"", ""CAMINATA""]",5.0,Carr. 400/El Paraíso,20.507621175978,-100.31777283729
5066,56.33166666666667,335,C44,4,30,5,Con transbordo,335 → 337 → 334 → 338 → 319,C44 → C47 → C43 → C48 → C24,Av. Chabacano/Av. Candiles → Av. Candiles/Parroquia de Nuestra Señora de la Esperanza → Blvd. de Las Américas/Río Lerma → Av. Tecnológico/José María Arteaga,"[""5066"", ""2631"", ""2250"", ""4152"", ""2251"", ""3679"", ""2627"", ""2508"", ""2509"", ""4138"", ""2291"", ""2292"", ""2293"", ""2294"", ""2295"", ""2296"", ""2418"", ""2419"", ""5180"", ""2672"", ""2201"", ""4241"", ""2310"", ""2311"", ""2312"", ""2313"", ""2314"", ""2315"", ""5194"", ""ESTACION_CORREGIDORA_SUR""]","[""335"", ""337"", ""337"", ""337"", ""334"", ""334"", ""334"", ""334"", ""334"", ""334"", ""338"", ""338"", ""338"", ""338"", ""338"", ""338"", ""338"", ""338"", ""338"", ""338"", ""338"", ""319"", ""319"", ""319"", ""319"", ""319"", ""319"", ""319"", ""CAMINATA""]",5.0,Av. Chabacano/Calle Lima,20.555633707247,-100.40567195595
1395,56.34374999999999,93,L54,4,30,5,Con transbordo,93 → 92 → 255 → 90 → 97,L54 → L53 → T11 → L51 → C22,Libramiento Sur Poniente/Geranios → Terminal Balvanera → Santa Bárbara → Constitución de 1917,"[""1395"", ""2772"", ""1396"", ""1397"", ""1359"", ""1327"", ""1398"", ""1399"", ""2190"", ""3301"", ""1300"", ""1301"", ""1302"", ""1761"", ""1303"", ""1304"", ""1305"", ""1306"", ""1432"", ""1433"", ""1434"", ""3297"", ""4241"", ""2310"", ""2311"", ""2312"", ""2313"", ""2314"", ""2315"", ""ESTACION_CORREGIDORA_SUR""]","[""93"", ""93"", ""93"", ""93"", ""93"", ""93"", ""93"", ""92"", ""255"", ""255"", ""90"", ""90"", ""90"", ""90"", ""90"", ""90"", ""90"", ""90"", ""90"", ""90"", ""97"", ""97"", ""97"", ""97"", ""97"", ""97"", ""97"", ""97"", ""CAMINATA""]",5.0,Valle de Guadiana/Valle del Sol,20.521522145013,-100.4584213055
1379,56.39375,92,L53,3,31,4,Con transbordo,92 → 255 → 90 → 97,L53 → T11 → L51 → C22,Terminal Balvanera → Santa Bárbara → Constitución de 1917,"[""1379"", ""1390"", ""1381"", ""1382"", ""1383"", ""1387"", ""1386"", ""1330"", ""1399"", ""2190"", ""3301"", ""1300"", ""1301"", ""1302"", ""1761"", ""1303"", ""1304"", ""1305"", ""1306"", ""1432"", ""1433"", ""1434"", ""3297"", ""4241"", ""2310"", ""2311"", ""2312"", ""2313"", ""2314"", ""2315"", ""ESTACION_CORREGIDORA_SUR""]","[""92"", ""92"", ""92"", ""92"", ""92"", ""92"", ""92"", ""92"", ""92"", ""255"", ""255"", ""90"", ""90"", ""90"", ""90"", ""90"", ""90"", ""90"", ""90"", ""90"", ""90"", ""97"", ""97"", ""97"", ""97"", ""97"", ""97"", ""97"", ""97"", ""CAMINATA""]",5.0,Circuito 11 de Febrero/Pradera de San Mateo,20.517127276879,-100.4744208171
1343,56.49375,129,L101,2,55,3,Con transbordo,129 → 90 → 97,L101 → L51 → C22,Pueblo Nuevo → Constitución de 1917,"[""1343"", ""1344"", ""1345"", ""3675"", ""3299"", ""3676"", ""5100"", ""1290"", ""1291"", ""4358"", ""1311"", ""5209"", ""1312"", ""1313"", ""1424"", ""1352"", ""1372"", ""1441"", ""1373"", ""1442"", ""1443"", ""1374"", ""1375"", ""1444"", ""1362"", ""1363"", ""1364"", ""1445"", ""1365"", ""1446"", ""1366"", ""1447"", ""1367"", ""1431"", ""4111"", ""1300"", ""1301"", ""1302"", ""1761"", ""1303"", ""1304"", ""1305"", ""1306"", ""1432"", ""1433"", ""1434"", ""3297"", ""4241"", ""2310"", ""2311"", ""2312"", ""2313"", ""2314"", ""2315"", ""ESTACION_CORREGIDORA_SUR""]","[""129"", ""129"", ""129"", ""129"", ""129"", ""129"", ""129"", ""129"", ""129"", ""129"", ""90"", ""90"", ""90"", ""90"", ""90"", ""90"", ""90"", ""90"", ""90"", ""90"", ""90"", ""90"", ""90"", ""90"", ""90"", ""90"", ""90"", ""90"", ""90"", ""90"", ""90"", ""90"", ""90"", ""90"", ""90"", ""90"", ""90"", ""90"", ""90"", ""90"", ""90"", ""90"", ""90"", ""90"", ""90"", ""97"", ""97"", ""97"", ""97"", ""97"", ""97"", ""97"", ""97"", ""CAMINATA""]",5.0,Blvd. Hacienda del Jacal/Blvd. Dolores del Río,20.564571850812,-100.41986549818
3664,56.86875,356,L108,1,28,2,Con transbordo,356 → 333,L108 → C42,Prol. Zaragoza/Paseo 5 de Febrero,"[""3664"", ""3665"", ""3666"", ""3667"", ""4094"", ""4095"", ""2763"", ""2764"", ""2765"", ""4096"", ""4097"", ""4098"", ""4099"", ""2616"", ""4100"", ""1766"", ""2201"", ""4241"", ""2310"", ""3570"", ""3571"", ""3572"", ""2311"", ""2312"", ""2313"", ""2314"", ""2315"", ""ESTACION_CORREGIDORA_SUR""]","[""356"", ""356"", ""356"", ""356"", ""356"", ""356"", ""356"", ""356"", ""356"", ""356"", ""356"", ""356"", ""356"", ""356"", ""356"", ""333"", ""333"", ""333"", ""333"", ""333"", ""333"", ""333"", ""333"", ""333"", ""333"", ""333"", ""CAMINATA""]",5.0,Av. Miguel Hidalgo/Primera Privada de Perú,20.59518989,-100.446998
3644,56.88541666666666,359,L151,2,23,3,Con transbordo,359 → 356 → 333,L151 → L108 → C42,Carr. Tlacote/Av. del Quetzal → Prol. Zaragoza/Paseo 5 de Febrero,"[""3644"", ""2763"", ""2764"", ""2765"", ""4096"", ""4097"", ""4098"", ""4099"", ""2616"", ""4100"", ""1766"", ""2201"", ""4241"", ""2310"", ""3570"", ""3571"", ""3572"", ""2311"", ""2312"", ""2313"", ""2314"", ""2315"", ""ESTACION_CORREGIDORA_SUR""]","[""359"", ""356"", ""356"", ""356"", ""356"", ""356"", ""356"", ""356"", ""356"", ""356"", ""333"", ""333"", ""333"", ""333"", ""333"", ""333"", ""333"", ""333"", ""333"", ""333"", ""333"", ""CAMINATA""]",5.0,Independencia/Av. Miguel Hidalgo,20.59276454,-100.4463475
2771,56.92708333333333,93,L54,4,31,5,Con transbordo,93 → 92 → 255 → 90 → 97,L54 → L53 → T11 → L51 → C22,Libramiento Sur Poniente/Geranios → Terminal Balvanera → Santa Bárbara → Constitución de 1917,"[""2771"", ""1395"", ""2772"", ""1396"", ""1397"", ""1359"", ""1327"", ""1398"", ""1399"", ""2190"", ""3301"", ""1300"", ""1301"", ""1302"", ""1761"", ""1303"", ""1304"", ""1305"", ""1306"", ""1432"", ""1433"", ""1434"", ""3297"", ""4241"", ""2310"", ""2311"", ""2312"", ""2313"", ""2314"", ""2315"", ""ESTACION_CORREGIDORA_SUR""]","[""93"", ""93"", ""93"", ""93"", ""93"", ""93"", ""93"", ""93"", ""92"", ""255"", ""255"", ""90"", ""90"", ""90"", ""90"", ""90"", ""90"", ""90"", ""90"", ""90"", ""90"", ""97"", ""97"", ""97"", ""97"", ""97"", ""97"", ""97"", ""97"", ""CAMINATA""]",5.0,Valle del Sol/Calle Valle de Anáhuac,20.520354032279,-100.45808710887
2657,57.665000000000006,233,L113,2,47,3,Con transbordo,233 → 336 → 319,L113 → C46 → C24,Fresno/Maravillas → Av. Tecnológico/José María Arteaga,"[""2657"", ""2658"", ""2395"", ""2396"", ""2397"", ""5083"", ""5084"", ""5085"", ""2661"", ""5086"", ""2662"", ""2663"", ""2664"", ""2665"", ""2666"", ""2667"", ""2255"", ""2639"", ""2640"", ""2641"", ""2258"", ""2259"", ""2260"", ""2261"", ""2262"", ""2263"", ""3023"", ""2264"", ""4393"", ""2199"", ""1762"", ""1763"", ""2200"", ""4430"", ""1764"", ""1765"", ""1766"", ""2201"", ""4241"", ""2310"", ""2311"", ""2312"", ""2313"", ""2314"", ""2315"", ""5194"", ""ESTACION_CORREGIDORA_SUR""]","[""233"", ""233"", ""233"", ""233"", ""233"", ""233"", ""233"", ""233"", ""233"", ""233"", ""233"", ""233"", ""233"", ""233"", ""233"", ""233"", ""233"", ""336"", ""336"", ""336"", ""336"", ""336"", ""336"", ""336"", ""336"", ""336"", ""336"", ""336"", ""336"", ""336"", ""336"", ""336"", ""336"", ""336"", ""336"", ""336"", ""336"", ""336"", ""319"", ""319"", ""319"", ""319"", ""319"", ""319"", ""319"", ""CAMINATA""]",5.0,Camino A Los Olvera/Cobaq 3 Corregidora,20.540238,-100.425586
1342,57.69375,129,L101,2,56,3,Con transbordo,129 → 90 → 97,L101 → L51 → C22,Pueblo Nuevo → Constitución de 1917,"[""1342"", ""1343"", ""1344"", ""1345"", ""3675"", ""3299"", ""3676"", ""5100"", ""1290"", ""1291"", ""4358"", ""1311"", ""5209"", ""1312"", ""1313"", ""1424"", ""1352"", ""1372"", ""1441"", ""1373"", ""1442"", ""1443"", ""1374"", ""1375"", ""1444"", ""1362"", ""1363"", ""1364"", ""1445"", ""1365"", ""1446"", ""1366"", ""1447"", ""1367"", ""1431"", ""4111"", ""1300"", ""1301"", ""1302"", ""1761"", ""1303"", ""1304"", ""1305"", ""1306"", ""1432"", ""1433"", ""1434"", ""3297"", ""4241"", ""2310"", ""2311"", ""2312"", ""2313"", ""2314"", ""2315"", ""ESTACION_CORREGIDORA_SUR""]","[""129"", ""129"", ""129"", ""129"", ""129"", ""129"", ""129"", ""129"", ""129"", ""129"", ""129"", ""90"", ""90"", ""90"", ""90"", ""90"", ""90"", ""90"", ""90"", ""90"", ""90"", ""90"", ""90"", ""90"", ""90"", ""90"", ""90"", ""90"", ""90"", ""90"", ""90"", ""90"", ""90"", ""90"", ""90"", ""90"", ""90"", ""90"", ""90"", ""90"", ""90"", ""90"", ""90"", ""90"", ""90"", ""90"", ""97"", ""97"", ""97"", ""97"", ""97"", ""97"", ""97"", ""97"", ""CAMINATA""]",5.0,Blvd. Hacienda del Jacal/Hacienda Balvanera,20.566637223737,-100.41564627236
1378,57.74375,92,L53,3,32,4,Con transbordo,92 → 255 → 90 → 97,L53 → T11 → L51 → C22,Terminal Balvanera → Santa Bárbara → Constitución de 1917,"[""1378"", ""1379"", ""1390"", ""1381"", ""1382"", ""1383"", ""1387"", ""1386"", ""1330"", ""1399"", ""2190"", ""3301"", ""1300"", ""1301"", ""1302"", ""1761"", ""1303"", ""1304"", ""1305"", ""1306"", ""1432"", ""1433"", ""1434"", ""3297"", ""4241"", ""2310"", ""2311"", ""2312"", ""2313"", ""2314"", ""2315"", ""ESTACION_CORREGIDORA_SUR""]","[""92"", ""92"", ""92"", ""92"", ""92"", ""92"", ""92"", ""92"", ""92"", ""92"", ""255"", ""255"", ""90"", ""90"", ""90"", ""90"", ""90"", ""90"", ""90"", ""90"", ""90"", ""90"", ""97"", ""97"", ""97"", ""97"", ""97"", ""97"", ""97"", ""97"", ""CAMINATA""]",5.0,Circuito 11 de Febrero/Santa Clara,20.51465833,-100.4757667
2758,57.785416666666656,140,L107,3,33,4,Con transbordo,140 → 321 → 139 → 321,L107 → C27 → C32 → C27,Cobá/Blvd de Los Gobernadores → Blvd de Los Gobernadores/Labná → Cobá/Blvd de Los Gobernadores,"[""2758"", ""2488"", ""2526"", ""2489"", ""2472"", ""2473"", ""2474"", ""5078"", ""2475"", ""2476"", ""2477"", ""2212"", ""2213"", ""2214"", ""2215"", ""2478"", ""2308"", ""2028"", ""2029"", ""2030"", ""2031"", ""2309"", ""1919"", ""1920"", ""1921"", ""4241"", ""2310"", ""2311"", ""2312"", ""2313"", ""2314"", ""2315"", ""ESTACION_CORREGIDORA_SUR""]","[""140"", ""321"", ""321"", ""139"", ""321"", ""321"", ""321"", ""321"", ""321"", ""321"", ""321"", ""321"", ""321"", ""321"", ""321"", ""321"", ""321"", ""321"", ""321"", ""321"", ""321"", ""321"", ""321"", ""321"", ""321"", ""321"", ""321"", ""321"", ""321"", ""321"", ""321"", ""CAMINATA""]",5.0,Blvd. Bicentenario/Coba,20.558585912925,-100.37254400242
5065,58.14833333333334,335,C44,4,31,5,Con transbordo,335 → 337 → 334 → 338 → 319,C44 → C47 → C43 → C48 → C24,Av. Chabacano/Av. Candiles → Av. Candiles/Parroquia de Nuestra Señora de la Esperanza → Blvd. de Las Américas/Río Lerma → Av. Tecnológico/José María Arteaga,"[""5065"", ""5066"", ""2631"", ""2250"", ""4152"", ""2251"", ""3679"", ""2627"", ""2508"", ""2509"", ""4138"", ""2291"", ""2292"", ""2293"", ""2294"", ""2295"", ""2296"", ""2418"", ""2419"", ""5180"", ""2672"", ""2201"", ""4241"", ""2310"", ""2311"", ""2312"", ""2313"", ""2314"", ""2315"", ""5194"", ""ESTACION_CORREGIDORA_SUR""]","[""335"", ""335"", ""337"", ""337"", ""337"", ""334"", ""334"", ""334"", ""334"", ""334"", ""334"", ""338"", ""338"", ""338"", ""338"", ""338"", ""338"", ""338"", ""338"", ""338"", ""338"", ""338"", ""319"", ""319"", ""319"", ""319"", ""319"", ""319"", ""319"", ""CAMINATA""]",5.0,Av. Chabacano/Calle Mango,20.558459345246,-100.40296933856
2762,58.35208333333333,356,L108,1,29,2,Con transbordo,356 → 333,L108 → C42,Prol. Zaragoza/Paseo 5 de Febrero,"[""2762"", ""3664"", ""3665"", ""3666"", ""3667"", ""4094"", ""4095"", ""2763"", ""2764"", ""2765"", ""4096"", ""4097"", ""4098"", ""4099"", ""2616"", ""4100"", ""1766"", ""2201"", ""4241"", ""2310"", ""3570"", ""3571"", ""3572"", ""2311"", ""2312"", ""2313"", ""2314"", ""2315"", ""ESTACION_CORREGIDORA_SUR""]","[""356"", ""356"", ""356"", ""356"", ""356"", ""356"", ""356"", ""356"", ""356"", ""356"", ""356"", ""356"", ""356"", ""356"", ""356"", ""356"", ""333"", ""333"", ""333"", ""333"", ""333"", ""333"", ""333"", ""333"", ""333"", ""333"", ""333"", ""CAMINATA""]",5.0,Av. Miguel Hidalgo/Juárez,20.59738797,-100.4473587
5202,58.57333333333333,408,C73,2,30,3,Con transbordo,408 → 325 → 319,C73 → C34 → C24,Luis Vega y Monroy/Estadio → Av. Tecnológico/Itq,"[""5202"", ""3171"", ""4086"", ""2471"", ""3596"", ""2246"", ""2017"", ""2018"", ""2019"", ""2020"", ""2021"", ""2450"", ""2451"", ""1471"", ""1470"", ""1469"", ""1439"", ""1438"", ""2537"", ""1920"", ""1921"", ""4241"", ""2310"", ""2311"", ""2312"", ""2313"", ""2314"", ""2315"", ""5194"", ""ESTACION_CORREGIDORA_SUR""]","[""408"", ""408"", ""408"", ""408"", ""408"", ""408"", ""325"", ""325"", ""325"", ""325"", ""325"", ""325"", ""325"", ""325"", ""325"", ""325"", ""325"", ""325"", ""325"", ""325"", ""325"", ""325"", ""325"", ""325"", ""325"", ""319"", ""319"", ""319"", ""CAMINATA""]",5.0,Libramiento Surponiente/Calle Camino Dorado,20.549271597593,-100.37413639329
5091,58.64833333333334,333,C42,1,28,2,Con transbordo,333 → 319,C42 → C24,Vicente Guerrero,"[""5091"", ""4315"", ""2625"", ""3577"", ""5107"", ""2519"", ""3578"", ""2216"", ""2217"", ""2218"", ""2219"", ""2032"", ""2023"", ""2024"", ""2856"", ""1918"", ""1919"", ""1920"", ""1921"", ""4241"", ""2310"", ""2311"", ""2312"", ""2313"", ""2314"", ""2315"", ""5194"", ""ESTACION_CORREGIDORA_SUR""]","[""333"", ""333"", ""333"", ""333"", ""333"", ""333"", ""333"", ""333"", ""333"", ""333"", ""333"", ""333"", ""333"", ""333"", ""333"", ""333"", ""319"", ""319"", ""319"", ""319"", ""319"", ""319"", ""319"", ""319"", ""319"", ""319"", ""CAMINATA""]",5.0,Qro 420/Calle El Zapote,20.529182019677,-100.31341137483
2656,58.74833333333334,233,L113,2,48,3,Con transbordo,233 → 336 → 319,L113 → C46 → C24,Fresno/Maravillas → Av. Tecnológico/José María Arteaga,"[""2656"", ""2657"", ""2658"", ""2395"", ""2396"", ""2397"", ""5083"", ""5084"", ""5085"", ""2661"", ""5086"", ""2662"", ""2663"", ""2664"", ""2665"", ""2666"", ""2667"", ""2255"", ""2639"", ""2640"", ""2641"", ""2258"", ""2259"", ""2260"", ""2261"", ""2262"", ""2263"", ""3023"", ""2264"", ""4393"", ""2199"", ""1762"", ""1763"", ""2200"", ""4430"", ""1764"", ""1765"", ""1766"", ""2201"", ""4241"", ""2310"", ""2311"", ""2312"", ""2313"", ""2314"", ""2315"", ""5194"", ""ESTACION_CORREGIDORA_SUR""]","[""233"", ""233"", ""233"", ""233"", ""233"", ""233"", ""233"", ""233"", ""233"", ""233"", ""233"", ""233"", ""233"", ""233"", ""233"", ""233"", ""233"", ""233"", ""336"", ""336"", ""336"", ""336"", ""336"", ""336"", ""336"", ""336"", ""336"", ""336"", ""336"", ""336"", ""336"", ""336"", ""336"", ""336"", ""336"", ""336"", ""336"", ""336"", ""336"", ""319"", ""319"", ""319"", ""319"", ""319"", ""319"", ""319"", ""CAMINATA""]",5.0,Camino A Los Olvera/Paseo de Amsterdam,20.538231,-100.422777
3643,58.785416666666656,359,L151,2,24,3,Con transbordo,359 → 356 → 333,L151 → L108 → C42,Carr. Tlacote/Av. del Quetzal → Prol. Zaragoza/Paseo 5 de Febrero,"[""3643"", ""3644"", ""2763"", ""2764"", ""2765"", ""4096"", ""4097"", ""4098"", ""4099"", ""2616"", ""4100"", ""1766"", ""2201"", ""4241"", ""2310"", ""3570"", ""3571"", ""3572"", ""2311"", ""2312"", ""2313"", ""2314"", ""2315"", ""ESTACION_CORREGIDORA_SUR""]","[""359"", ""359"", ""356"", ""356"", ""356"", ""356"", ""356"", ""356"", ""356"", ""356"", ""356"", ""333"", ""333"", ""333"", ""333"", ""333"", ""333"", ""333"", ""333"", ""333"", ""333"", ""333"", ""CAMINATA""]",5.0,Independencia/San José,20.59294378,-100.4482718
1377,58.793749999999996,92,L53,3,33,4,Con transbordo,92 → 255 → 90 → 97,L53 → T11 → L51 → C22,Terminal Balvanera → Santa Bárbara → Constitución de 1917,"[""1377"", ""1378"", ""1379"", ""1390"", ""1381"", ""1382"", ""1383"", ""1387"", ""1386"", ""1330"", ""1399"", ""2190"", ""3301"", ""1300"", ""1301"", ""1302"", ""1761"", ""1303"", ""1304"", ""1305"", ""1306"", ""1432"", ""1433"", ""1434"", ""3297"", ""4241"", ""2310"", ""2311"", ""2312"", ""2313"", ""2314"", ""2315"", ""ESTACION_CORREGIDORA_SUR""]","[""92"", ""92"", ""92"", ""92"", ""92"", ""92"", ""92"", ""92"", ""92"", ""92"", ""92"", ""255"", ""255"", ""90"", ""90"", ""90"", ""90"", ""90"", ""90"", ""90"", ""90"", ""90"", ""90"", ""97"", ""97"", ""97"", ""97"", ""97"", ""97"", ""97"", ""97"", ""CAMINATA""]",5.0,Circuito 11 de Febrero/Calle Santa Isabel,20.513063435054,-100.47734053871
5064,58.99833333333334,335,C44,4,32,5,Con transbordo,335 → 337 → 334 → 338 → 319,C44 → C47 → C43 → C48 → C24,Av. Chabacano/Av. Candiles → Av. Candiles/Parroquia de Nuestra Señora de la Esperanza → Blvd. de Las Américas/Río Lerma → Av. Tecnológico/José María Arteaga,"[""5064"", ""5065"", ""5066"", ""2631"", ""2250"", ""4152"", ""2251"", ""3679"", ""2627"", ""2508"", ""2509"", ""4138"", ""2291"", ""2292"", ""2293"", ""2294"", ""2295"", ""2296"", ""2418"", ""2419"", ""5180"", ""2672"", ""2201"", ""4241"", ""2310"", ""2311"", ""2312"", ""2313"", ""2314"", ""2315"", ""5194"", ""ESTACION_CORREGIDORA_SUR""]","[""335"", ""335"", ""335"", ""337"", ""337"", ""337"", ""334"", ""334"", ""334"", ""334"", ""334"", ""334"", ""338"", ""338"", ""338"", ""338"", ""338"", ""338"", ""338"", ""338"", ""338"", ""338"", ""338"", ""319"", ""319"", ""319"", ""319"", ""319"", ""319"", ""319"", ""CAMINATA""]",5.0,Antonio Carranza/Armando Ostos,20.558976408119,-100.40117993882
2624,59.565000000000005,333,C42,1,29,2,Con transbordo,333 → 319,C42 → C24,Vicente Guerrero,"[""2624"", ""5091"", ""4315"", ""2625"", ""3577"", ""5107"", ""2519"", ""3578"", ""2216"", ""2217"", ""2218"", ""2219"", ""2032"", ""2023"", ""2024"", ""2856"", ""1918"", ""1919"", ""1920"", ""1921"", ""4241"", ""2310"", ""2311"", ""2312"", ""2313"", ""2314"", ""2315"", ""5194"", ""ESTACION_CORREGIDORA_SUR""]","[""333"", ""333"", ""333"", ""333"", ""333"", ""333"", ""333"", ""333"", ""333"", ""333"", ""333"", ""333"", ""333"", ""333"", ""333"", ""333"", ""333"", ""319"", ""319"", ""319"", ""319"", ""319"", ""319"", ""319"", ""319"", ""319"", ""319"", ""CAMINATA""]",5.0,Carr. Estatal 420/San Mateo,20.529545,-100.310662
2655,59.74833333333334,233,L113,2,49,3,Con transbordo,233 → 336 → 319,L113 → C46 → C24,Fresno/Maravillas → Av. Tecnológico/José María Arteaga,"[""2655"", ""2656"", ""2657"", ""2658"", ""2395"", ""2396"", ""2397"", ""5083"", ""5084"", ""5085"", ""2661"", ""5086"", ""2662"", ""2663"", ""2664"", ""2665"", ""2666"", ""2667"", ""2255"", ""2639"", ""2640"", ""2641"", ""2258"", ""2259"", ""2260"", ""2261"", ""2262"", ""2263"", ""3023"", ""2264"", ""4393"", ""2199"", ""1762"", ""1763"", ""2200"", ""4430"", ""1764"", ""1765"", ""1766"", ""2201"", ""4241"", ""2310"", ""2311"", ""2312"", ""2313"", ""2314"", ""2315"", ""5194"", ""ESTACION_CORREGIDORA_SUR""]","[""233"", ""233"", ""233"", ""233"", ""233"", ""233"", ""233"", ""233"", ""233"", ""233"", ""233"", ""233"", ""233"", ""233"", ""233"", ""233"", ""233"", ""233"", ""233"", ""336"", ""336"", ""336"", ""336"", ""336"", ""336"", ""336"", ""336"", ""336"", ""336"", ""336"", ""336"", ""336"", ""336"", ""336"", ""336"", ""336"", ""336"", ""336"", ""336"", ""336"", ""319"", ""319"", ""319"", ""319"", ""319"", ""319"", ""319"", ""CAMINATA""]",5.0,Camino A Los Olvera/Condominio la Herradura,20.53598903,-100.4205945
2525,59.76874999999999,139,C32,3,35,4,Con transbordo,139 → 321 → 139 → 321,C32 → C27 → C32 → C27,Cto. Lázaro Cárdenes/Avenida Plutarco Elías Calles → Blvd de Los Gobernadores/Labná → Cobá/Blvd de Los Gobernadores,"[""2525"", ""2487"", ""5071"", ""2488"", ""2526"", ""2489"", ""2472"", ""2473"", ""2474"", ""5078"", ""2475"", ""2476"", ""2477"", ""2212"", ""2213"", ""2214"", ""2215"", ""2478"", ""2308"", ""2028"", ""2029"", ""2030"", ""2031"", ""2309"", ""1919"", ""1920"", ""1921"", ""4241"", ""2310"", ""2311"", ""2312"", ""2313"", ""2314"", ""2315"", ""ESTACION_CORREGIDORA_SUR""]","[""139"", ""321"", ""321"", ""321"", ""321"", ""139"", ""321"", ""321"", ""321"", ""321"", ""321"", ""321"", ""321"", ""321"", ""321"", ""321"", ""321"", ""321"", ""321"", ""321"", ""321"", ""321"", ""321"", ""321"", ""321"", ""321"", ""321"", ""321"", ""321"", ""321"", ""321"", ""321"", ""321"", ""CAMINATA""]",5.0,Lic Jesus Reyes Heroles/Ricardo Flores Magón,20.558164801868,-100.3792540321
1376,59.89375,92,L53,3,34,4,Con transbordo,92 → 255 → 90 → 97,L53 → T11 → L51 → C22,Terminal Balvanera → Santa Bárbara → Constitución de 1917,"[""1376"", ""1377"", ""1378"", ""1379"", ""1390"", ""1381"", ""1382"", ""1383"", ""1387"", ""1386"", ""1330"", ""1399"", ""2190"", ""3301"", ""1300"", ""1301"", ""1302"", ""1761"", ""1303"", ""1304"", ""1305"", ""1306"", ""1432"", ""1433"", ""1434"", ""3297"", ""4241"", ""2310"", ""2311"", ""2312"", ""2313"", ""2314"", ""2315"", ""ESTACION_CORREGIDORA_SUR""]","[""92"", ""92"", ""92"", ""92"", ""92"", ""92"", ""92"", ""92"", ""92"", ""92"", ""92"", ""92"", ""255"", ""255"", ""90"", ""90"", ""90"", ""90"", ""90"", ""90"", ""90"", ""90"", ""90"", ""90"", ""97"", ""97"", ""97"", ""97"", ""97"", ""97"", ""97"", ""97"", ""CAMINATA""]",5.0,Circuito 11 de Febrero,20.511175925874,-100.47866860857
4083,60.03166666666668,396,T16,2,31,3,Con transbordo,396 → 333 → 319,T16 → C42 → C24,Av. del Parque/Blvd. Centro Sur → Vicente Guerrero,"[""4083"", ""4084"", ""4127"", ""4423"", ""4315"", ""2625"", ""3577"", ""5107"", ""2519"", ""3578"", ""2216"", ""2217"", ""2218"", ""2219"", ""2032"", ""2023"", ""2024"", ""2856"", ""1918"", ""1919"", ""1920"", ""1921"", ""4241"", ""2310"", ""2311"", ""2312"", ""2313"", ""2314"", ""2315"", ""5194"", ""ESTACION_CORREGIDORA_SUR""]","[""396"", ""396"", ""396"", ""396"", ""396"", ""396"", ""396"", ""333"", ""333"", ""333"", ""333"", ""333"", ""333"", ""333"", ""333"", ""333"", ""333"", ""333"", ""333"", ""319"", ""319"", ""319"", ""319"", ""319"", ""319"", ""319"", ""319"", ""319"", ""319"", ""CAMINATA""]",5.0,Carr. 400/San Fandila,20.491087728811,-100.31142718662
5063,60.04833333333334,335,C44,4,33,5,Con transbordo,335 → 337 → 334 → 338 → 319,C44 → C47 → C43 → C48 → C24,Av. Chabacano/Av. Candiles → Av. Candiles/Parroquia de Nuestra Señora de la Esperanza → Blvd. de Las Américas/Río Lerma → Av. Tecnológico/José María Arteaga,"[""5063"", ""5064"", ""5065"", ""5066"", ""2631"", ""2250"", ""4152"", ""2251"", ""3679"", ""2627"", ""2508"", ""2509"", ""4138"", ""2291"", ""2292"", ""2293"", ""2294"", ""2295"", ""2296"", ""2418"", ""2419"", ""5180"", ""2672"", ""2201"", ""4241"", ""2310"", ""2311"", ""2312"", ""2313"", ""2314"", ""2315"", ""5194"", ""ESTACION_CORREGIDORA_SUR""]","[""335"", ""335"", ""335"", ""335"", ""337"", ""337"", ""337"", ""334"", ""334"", ""334"", ""334"", ""334"", ""334"", ""338"", ""338"", ""338"", ""338"", ""338"", ""338"", ""338"", ""338"", ""338"", ""338"", ""338"", ""319"", ""319"", ""319"", ""319"", ""319"", ""319"", ""319"", ""CAMINATA""]",5.0,José Macias/Salvador Moreno,20.561156363439,-100.40087853353
2757,60.40208333333332,140,L107,3,34,4,Con transbordo,140 → 321 → 139 → 321,L107 → C27 → C32 → C27,Cobá/Blvd de Los Gobernadores → Blvd de Los Gobernadores/Labná → Cobá/Blvd de Los Gobernadores,"[""2757"", ""2758"", ""2488"", ""2526"", ""2489"", ""2472"", ""2473"", ""2474"", ""5078"", ""2475"", ""2476"", ""2477"", ""2212"", ""2213"", ""2214"", ""2215"", ""2478"", ""2308"", ""2028"", ""2029"", ""2030"", ""2031"", ""2309"", ""1919"", ""1920"", ""1921"", ""4241"", ""2310"", ""2311"", ""2312"", ""2313"", ""2314"", ""2315"", ""ESTACION_CORREGIDORA_SUR""]","[""140"", ""140"", ""321"", ""321"", ""139"", ""321"", ""321"", ""321"", ""321"", ""321"", ""321"", ""321"", ""321"", ""321"", ""321"", ""321"", ""321"", ""321"", ""321"", ""321"", ""321"", ""321"", ""321"", ""321"", ""321"", ""321"", ""321"", ""321"", ""321"", ""321"", ""321"", ""321"", ""CAMINATA""]",5.0,Blvd. Bicentenario/Plutarco Elías Calles,20.556166387898,-100.3757377073
1776,60.41041666666666,130,L102,4,29,5,Con transbordo,130 → 92 → 255 → 90 → 97,L102 → L53 → T11 → L51 → C22,Josefa Vergara/Valle Dorado → Terminal Balvanera → Santa Bárbara → Constitución de 1917,"[""1776"", ""1382"", ""1383"", ""1387"", ""1386"", ""1330"", ""1399"", ""2190"", ""3301"", ""1300"", ""1301"", ""1302"", ""1761"", ""1303"", ""1304"", ""1305"", ""1306"", ""1432"", ""1433"", ""1434"", ""3297"", ""4241"", ""2310"", ""2311"", ""2312"", ""2313"", ""2314"", ""2315"", ""ESTACION_CORREGIDORA_SUR""]","[""130"", ""92"", ""92"", ""92"", ""92"", ""92"", ""92"", ""255"", ""255"", ""90"", ""90"", ""90"", ""90"", ""90"", ""90"", ""90"", ""90"", ""90"", ""90"", ""97"", ""97"", ""97"", ""97"", ""97"", ""97"", ""97"", ""97"", ""CAMINATA""]",5.0,Valle Dorado/Don José,20.526258846431,-100.47009067622
2654,60.54833333333334,233,L113,2,50,3,Con transbordo,233 → 336 → 319,L113 → C46 → C24,Fresno/Maravillas → Av. Tecnológico/José María Arteaga,"[""2654"", ""2655"", ""2656"", ""2657"", ""2658"", ""2395"", ""2396"", ""2397"", ""5083"", ""5084"", ""5085"", ""2661"", ""5086"", ""2662"", ""2663"", ""2664"", ""2665"", ""2666"", ""2667"", ""2255"", ""2639"", ""2640"", ""2641"", ""2258"", ""2259"", ""2260"", ""2261"", ""2262"", ""2263"", ""3023"", ""2264"", ""4393"", ""2199"", ""1762"", ""1763"", ""2200"", ""4430"", ""1764"", ""1765"", ""1766"", ""2201"", ""4241"", ""2310"", ""2311"", ""2312"", ""2313"", ""2314"", ""2315"", ""5194"", ""ESTACION_CORREGIDORA_SUR""]","[""233"", ""233"", ""233"", ""233"", ""233"", ""233"", ""233"", ""233"", ""233"", ""233"", ""233"", ""233"", ""233"", ""233"", ""233"", ""233"", ""233"", ""233"", ""233"", ""233"", ""336"", ""336"", ""336"", ""336"", ""336"", ""336"", ""336"", ""336"", ""336"", ""336"", ""336"", ""336"", ""336"", ""336"", ""336"", ""336"", ""336"", ""336"", ""336"", ""336"", ""336"", ""319"", ""319"", ""319"", ""319"", ""319"", ""319"", ""319"", ""CAMINATA""]",5.0,Camino A Los Olvera/Teresa Santoyo,20.534271,-100.418738
5137,61.185416666666654,359,L151,2,25,3,Con transbordo,359 → 356 → 333,L151 → L108 → C42,Carr. Tlacote/Av. del Quetzal → Prol. Zaragoza/Paseo 5 de Febrero,"[""5137"", ""3643"", ""3644"", ""2763"", ""2764"", ""2765"", ""4096"", ""4097"", ""4098"", ""4099"", ""2616"", ""4100"", ""1766"", ""2201"", ""4241"", ""2310"", ""3570"", ""3571"", ""3572"", ""2311"", ""2312"", ""2313"", ""2314"", ""2315"", ""ESTACION_CORREGIDORA_SUR""]","[""359"", ""359"", ""359"", ""356"", ""356"", ""356"", ""356"", ""356"", ""356"", ""356"", ""356"", ""356"", ""333"", ""333"", ""333"", ""333"", ""333"", ""333"", ""333"", ""333"", ""333"", ""333"", ""333"", ""CAMINATA""]",5.0,Paseo de la Aurora/Prol. José Maria Morelos,20.594488876444,-100.4500819576
2755,61.56874999999999,140,L107,3,36,4,Con transbordo,140 → 321 → 139 → 321,L107 → C27 → C32 → C27,Ricardo Flores Magón/Cto. Lázaro Cárdenas → Blvd de Los Gobernadores/Labná → Cobá/Blvd de Los Gobernadores,"[""2755"", ""5208"", ""2487"", ""5071"", ""2488"", ""2526"", ""2489"", ""2472"", ""2473"", ""2474"", ""5078"", ""2475"", ""2476"", ""2477"", ""2212"", ""2213"", ""2214"", ""2215"", ""2478"", ""2308"", ""2028"", ""2029"", ""2030"", ""2031"", ""2309"", ""1919"", ""1920"", ""1921"", ""4241"", ""2310"", ""2311"", ""2312"", ""2313"", ""2314"", ""2315"", ""ESTACION_CORREGIDORA_SUR""]","[""140"", ""321"", ""321"", ""321"", ""321"", ""321"", ""139"", ""321"", ""321"", ""321"", ""321"", ""321"", ""321"", ""321"", ""321"", ""321"", ""321"", ""321"", ""321"", ""321"", ""321"", ""321"", ""321"", ""321"", ""321"", ""321"", ""321"", ""321"", ""321"", ""321"", ""321"", ""321"", ""321"", ""321"", ""CAMINATA""]",5.0,Lic. Jesús Reyes Heroles/Gral. Heriberto Jara,20.560117387272,-100.3769522489
5176,61.68166666666668,396,T16,2,32,3,Con transbordo,396 → 333 → 319,T16 → C42 → C24,Av. del Parque/Blvd. Centro Sur → Vicente Guerrero,"[""5176"", ""4083"", ""4084"", ""4127"", ""4423"", ""4315"", ""2625"", ""3577"", ""5107"", ""2519"", ""3578"", ""2216"", ""2217"", ""2218"", ""2219"", ""2032"", ""2023"", ""2024"", ""2856"", ""1918"", ""1919"", ""1920"", ""1921"", ""4241"", ""2310"", ""2311"", ""2312"", ""2313"", ""2314"", ""2315"", ""5194"", ""ESTACION_CORREGIDORA_SUR""]","[""396"", ""396"", ""396"", ""396"", ""396"", ""396"", ""396"", ""396"", ""333"", ""333"", ""333"", ""333"", ""333"", ""333"", ""333"", ""333"", ""333"", ""333"", ""333"", ""333"", ""319"", ""319"", ""319"", ""319"", ""319"", ""319"", ""319"", ""319"", ""319"", ""319"", ""CAMINATA""]",5.0,Qro 400/Kilómetro 15,20.483535863136,-100.31184635284
1775,61.760416666666664,130,L102,4,30,5,Con transbordo,130 → 92 → 255 → 90 → 97,L102 → L53 → T11 → L51 → C22,Josefa Vergara/Valle Dorado → Terminal Balvanera → Santa Bárbara → Constitución de 1917,"[""1775"", ""1776"", ""1382"", ""1383"", ""1387"", ""1386"", ""1330"", ""1399"", ""2190"", ""3301"", ""1300"", ""1301"", ""1302"", ""1761"", ""1303"", ""1304"", ""1305"", ""1306"", ""1432"", ""1433"", ""1434"", ""3297"", ""4241"", ""2310"", ""2311"", ""2312"", ""2313"", ""2314"", ""2315"", ""ESTACION_CORREGIDORA_SUR""]","[""130"", ""130"", ""92"", ""92"", ""92"", ""92"", ""92"", ""92"", ""255"", ""255"", ""90"", ""90"", ""90"", ""90"", ""90"", ""90"", ""90"", ""90"", ""90"", ""90"", ""97"", ""97"", ""97"", ""97"", ""97"", ""97"", ""97"", ""97"", ""CAMINATA""]",5.0,Valle Dorado/Valle de Las Flores,20.527713651217,-100.47007192824
2653,62.215,233,L113,2,51,3,Con transbordo,233 → 336 → 319,L113 → C46 → C24,Fresno/Maravillas → Av. Tecnológico/José María Arteaga,"[""2653"", ""2654"", ""2655"", ""2656"", ""2657"", ""2658"", ""2395"", ""2396"", ""2397"", ""5083"", ""5084"", ""5085"", ""2661"", ""5086"", ""2662"", ""2663"", ""2664"", ""2665"", ""2666"", ""2667"", ""2255"", ""2639"", ""2640"", ""2641"", ""2258"", ""2259"", ""2260"", ""2261"", ""2262"", ""2263"", ""3023"", ""2264"", ""4393"", ""2199"", ""1762"", ""1763"", ""2200"", ""4430"", ""1764"", ""1765"", ""1766"", ""2201"", ""4241"", ""2310"", ""2311"", ""2312"", ""2313"", ""2314"", ""2315"", ""5194"", ""ESTACION_CORREGIDORA_SUR""]","[""233"", ""233"", ""233"", ""233"", ""233"", ""233"", ""233"", ""233"", ""233"", ""233"", ""233"", ""233"", ""233"", ""233"", ""233"", ""233"", ""233"", ""233"", ""233"", ""233"", ""233"", ""336"", ""336"", ""336"", ""336"", ""336"", ""336"", ""336"", ""336"", ""336"", ""336"", ""336"", ""336"", ""336"", ""336"", ""336"", ""336"", ""336"", ""336"", ""336"", ""336"", ""336"", ""319"", ""319"", ""319"", ""319"", ""319"", ""319"", ""319"", ""CAMINATA""]",5.0,Camino A Los Olvera/Av. Vallendar,20.53442725,-100.4132594
4273,62.46499999999999,408,C73,3,33,4,Con transbordo,408 → 373 → 336 → 319,C73 → T05 → C46 → C24,Estatal 30 Libramiento Sur/Camino Real A Huimilpan → Fernando Díaz Ramírez/José Ugalde Rodríguez → Av. Tecnológico/José María Arteaga,"[""4273"", ""3021"", ""3022"", ""5223"", ""4114"", ""2257"", ""2258"", ""2259"", ""2260"", ""2261"", ""2262"", ""2263"", ""3023"", ""2264"", ""4393"", ""2199"", ""1762"", ""1763"", ""2200"", ""4430"", ""1764"", ""1765"", ""1766"", ""2201"", ""4241"", ""2310"", ""2311"", ""2312"", ""2313"", ""2314"", ""2315"", ""5194"", ""ESTACION_CORREGIDORA_SUR""]","[""408"", ""373"", ""373"", ""373"", ""373"", ""373"", ""336"", ""336"", ""336"", ""336"", ""336"", ""336"", ""336"", ""336"", ""336"", ""336"", ""336"", ""336"", ""336"", ""336"", ""336"", ""336"", ""336"", ""336"", ""319"", ""319"", ""319"", ""319"", ""319"", ""319"", ""319"", ""CAMINATA""]",5.0,Libramiento Surponiente/Bosque Versalles,20.525684004371,-100.42330624688
2756,62.46874999999999,140,L107,3,35,4,Con transbordo,140 → 321 → 139 → 321,L107 → C27 → C32 → C27,Cobá/Blvd de Los Gobernadores → Blvd de Los Gobernadores/Labná → Cobá/Blvd de Los Gobernadores,"[""2756"", ""2757"", ""2758"", ""2488"", ""2526"", ""2489"", ""2472"", ""2473"", ""2474"", ""5078"", ""2475"", ""2476"", ""2477"", ""2212"", ""2213"", ""2214"", ""2215"", ""2478"", ""2308"", ""2028"", ""2029"", ""2030"", ""2031"", ""2309"", ""1919"", ""1920"", ""1921"", ""4241"", ""2310"", ""2311"", ""2312"", ""2313"", ""2314"", ""2315"", ""ESTACION_CORREGIDORA_SUR""]","[""140"", ""140"", ""140"", ""321"", ""321"", ""139"", ""321"", ""321"", ""321"", ""321"", ""321"", ""321"", ""321"", ""321"", ""321"", ""321"", ""321"", ""321"", ""321"", ""321"", ""321"", ""321"", ""321"", ""321"", ""321"", ""321"", ""321"", ""321"", ""321"", ""321"", ""321"", ""321"", ""321"", ""CAMINATA""]",5.0,Blvd. Bicentenario/Genova Sur,20.555162276951,-100.37879250057
3872,62.614999999999995,382,T14,2,32,3,Con transbordo,382 → 325 → 319,T14 → C34 → C24,Bicentenario → Av. Tecnológico/Itq,"[""3872"", ""3807"", ""3873"", ""3874"", ""3875"", ""3808"", ""3809"", ""3810"", ""3811"", ""3812"", ""4404"", ""3813"", ""5104"", ""1476"", ""1472"", ""1471"", ""1470"", ""1469"", ""1439"", ""1438"", ""2537"", ""1920"", ""1921"", ""4241"", ""2310"", ""2311"", ""2312"", ""2313"", ""2314"", ""2315"", ""5194"", ""ESTACION_CORREGIDORA_SUR""]","[""382"", ""382"", ""382"", ""382"", ""382"", ""382"", ""382"", ""382"", ""382"", ""382"", ""382"", ""382"", ""382"", ""325"", ""325"", ""325"", ""325"", ""325"", ""325"", ""325"", ""325"", ""325"", ""325"", ""325"", ""325"", ""325"", ""325"", ""319"", ""319"", ""319"", ""CAMINATA""]",5.0,Carr. Federal No. 57/Hotel One Aeropuerto,20.555983333333,-100.22027222222
3522,62.96041666666666,128,L100,3,25,4,Con transbordo,128 → 255 → 90 → 97,L100 → T11 → L51 → C22,Industrial Balvanera → Santa Bárbara → Constitución de 1917,"[""3522"", ""3604"", ""1370"", ""2190"", ""3301"", ""1300"", ""1301"", ""1302"", ""1761"", ""1303"", ""1304"", ""1305"", ""1306"", ""1432"", ""1433"", ""1434"", ""3297"", ""4241"", ""2310"", ""2311"", ""2312"", ""2313"", ""2314"", ""2315"", ""ESTACION_CORREGIDORA_SUR""]","[""128"", ""128"", ""255"", ""255"", ""255"", ""90"", ""90"", ""90"", ""90"", ""90"", ""90"", ""90"", ""90"", ""90"", ""90"", ""97"", ""97"", ""97"", ""97"", ""97"", ""97"", ""97"", ""97"", ""CAMINATA""]",5.0,Libramiento Norponiente/Villas la Estancia,20.56075565,-100.4829722
2754,62.968749999999986,140,L107,3,37,4,Con transbordo,140 → 321 → 139 → 321,L107 → C27 → C32 → C27,Ricardo Flores Magón/Cto. Lázaro Cárdenas → Blvd de Los Gobernadores/Labná → Cobá/Blvd de Los Gobernadores,"[""2754"", ""2755"", ""5208"", ""2487"", ""5071"", ""2488"", ""2526"", ""2489"", ""2472"", ""2473"", ""2474"", ""5078"", ""2475"", ""2476"", ""2477"", ""2212"", ""2213"", ""2214"", ""2215"", ""2478"", ""2308"", ""2028"", ""2029"", ""2030"", ""2031"", ""2309"", ""1919"", ""1920"", ""1921"", ""4241"", ""2310"", ""2311"", ""2312"", ""2313"", ""2314"", ""2315"", ""ESTACION_CORREGIDORA_SUR""]","[""140"", ""140"", ""321"", ""321"", ""321"", ""321"", ""321"", ""139"", ""321"", ""321"", ""321"", ""321"", ""321"", ""321"", ""321"", ""321"", ""321"", ""321"", ""321"", ""321"", ""321"", ""321"", ""321"", ""321"", ""321"", ""321"", ""321"", ""321"", ""321"", ""321"", ""321"", ""321"", ""321"", ""321"", ""321"", ""CAMINATA""]",5.0,Cto. Lazaro Cardenas/San Antonio de Triana,20.5617138,-100.3783291
3671,62.96874999999999,356,L108,3,25,4,Con transbordo,356 → 359 → 356 → 333,L108 → L151 → L108 → C42,Independencia/Av. Miguel Hidalgo → Carr. Tlacote/Av. del Quetzal → Prol. Zaragoza/Paseo 5 de Febrero,"[""3671"", ""3643"", ""3644"", ""2763"", ""2764"", ""2765"", ""4096"", ""4097"", ""4098"", ""4099"", ""2616"", ""4100"", ""1766"", ""2201"", ""4241"", ""2310"", ""3570"", ""3571"", ""3572"", ""2311"", ""2312"", ""2313"", ""2314"", ""2315"", ""ESTACION_CORREGIDORA_SUR""]","[""356"", ""356"", ""359"", ""356"", ""356"", ""356"", ""356"", ""356"", ""356"", ""356"", ""356"", ""356"", ""333"", ""333"", ""333"", ""333"", ""333"", ""333"", ""333"", ""333"", ""333"", ""333"", ""333"", ""CAMINATA""]",5.0,Prol. José Maria Morelos/Independencia,20.5930431,-100.4499993
5136,63.06874999999999,359,L151,2,26,3,Con transbordo,359 → 356 → 333,L151 → L108 → C42,Carr. Tlacote/Av. del Quetzal → Prol. Zaragoza/Paseo 5 de Febrero,"[""5136"", ""5137"", ""3643"", ""3644"", ""2763"", ""2764"", ""2765"", ""4096"", ""4097"", ""4098"", ""4099"", ""2616"", ""4100"", ""1766"", ""2201"", ""4241"", ""2310"", ""3570"", ""3571"", ""3572"", ""2311"", ""2312"", ""2313"", ""2314"", ""2315"", ""ESTACION_CORREGIDORA_SUR""]","[""359"", ""359"", ""359"", ""359"", ""356"", ""356"", ""356"", ""356"", ""356"", ""356"", ""356"", ""356"", ""356"", ""333"", ""333"", ""333"", ""333"", ""333"", ""333"", ""333"", ""333"", ""333"", ""333"", ""333"", ""CAMINATA""]",5.0,Estrella Polar/Parque la Aurora,20.595645302617,-100.45154322018
1774,63.31041666666666,130,L102,4,31,5,Con transbordo,130 → 92 → 255 → 90 → 97,L102 → L53 → T11 → L51 → C22,Josefa Vergara/Valle Dorado → Terminal Balvanera → Santa Bárbara → Constitución de 1917,"[""1774"", ""1775"", ""1776"", ""1382"", ""1383"", ""1387"", ""1386"", ""1330"", ""1399"", ""2190"", ""3301"", ""1300"", ""1301"", ""1302"", ""1761"", ""1303"", ""1304"", ""1305"", ""1306"", ""1432"", ""1433"", ""1434"", ""3297"", ""4241"", ""2310"", ""2311"", ""2312"", ""2313"", ""2314"", ""2315"", ""ESTACION_CORREGIDORA_SUR""]","[""130"", ""130"", ""130"", ""92"", ""92"", ""92"", ""92"", ""92"", ""92"", ""255"", ""255"", ""90"", ""90"", ""90"", ""90"", ""90"", ""90"", ""90"", ""90"", ""90"", ""90"", ""97"", ""97"", ""97"", ""97"", ""97"", ""97"", ""97"", ""97"", ""CAMINATA""]",5.0,Valle de Las Flores/Valle de Guadalupe,20.527710313041,-100.47184069552
2652,63.33166666666667,233,L113,2,52,3,Con transbordo,233 → 336 → 319,L113 → C46 → C24,Fresno/Maravillas → Av. Tecnológico/José María Arteaga,"[""2652"", ""2653"", ""2654"", ""2655"", ""2656"", ""2657"", ""2658"", ""2395"", ""2396"", ""2397"", ""5083"", ""5084"", ""5085"", ""2661"", ""5086"", ""2662"", ""2663"", ""2664"", ""2665"", ""2666"", ""2667"", ""2255"", ""2639"", ""2640"", ""2641"", ""2258"", ""2259"", ""2260"", ""2261"", ""2262"", ""2263"", ""3023"", ""2264"", ""4393"", ""2199"", ""1762"", ""1763"", ""2200"", ""4430"", ""1764"", ""1765"", ""1766"", ""2201"", ""4241"", ""2310"", ""2311"", ""2312"", ""2313"", ""2314"", ""2315"", ""5194"", ""ESTACION_CORREGIDORA_SUR""]","[""233"", ""233"", ""233"", ""233"", ""233"", ""233"", ""233"", ""233"", ""233"", ""233"", ""233"", ""233"", ""233"", ""233"", ""233"", ""233"", ""233"", ""233"", ""233"", ""233"", ""233"", ""233"", ""336"", ""336"", ""336"", ""336"", ""336"", ""336"", ""336"", ""336"", ""336"", ""336"", ""336"", ""336"", ""336"", ""336"", ""336"", ""336"", ""336"", ""336"", ""336"", ""336"", ""336"", ""319"", ""319"", ""319"", ""319"", ""319"", ""319"", ""319"", ""CAMINATA""]",5.0,Calle Naranjo/Pino Norte,20.53544932,-100.4097534
5117,63.77333333333333,408,C73,2,31,3,Con transbordo,408 → 325 → 319,C73 → C34 → C24,Luis Vega y Monroy/Estadio → Av. Tecnológico/Itq,"[""5117"", ""5202"", ""3171"", ""4086"", ""2471"", ""3596"", ""2246"", ""2017"", ""2018"", ""2019"", ""2020"", ""2021"", ""2450"", ""2451"", ""1471"", ""1470"", ""1469"", ""1439"", ""1438"", ""2537"", ""1920"", ""1921"", ""4241"", ""2310"", ""2311"", ""2312"", ""2313"", ""2314"", ""2315"", ""5194"", ""ESTACION_CORREGIDORA_SUR""]","[""408"", ""408"", ""408"", ""408"", ""408"", ""408"", ""408"", ""325"", ""325"", ""325"", ""325"", ""325"", ""325"", ""325"", ""325"", ""325"", ""325"", ""325"", ""325"", ""325"", ""325"", ""325"", ""325"", ""325"", ""325"", ""325"", ""319"", ""319"", ""319"", ""CAMINATA""]",5.0,Calle Libramiento Surponiente/Pedregal del Cimatario,20.54399594806,-100.3821891902
4104,63.78541666666666,356,L108,3,26,4,Con transbordo,356 → 359 → 356 → 333,L108 → L151 → L108 → C42,Independencia/Av. Miguel Hidalgo → Carr. Tlacote/Av. del Quetzal → Prol. Zaragoza/Paseo 5 de Febrero,"[""4104"", ""3671"", ""3643"", ""3644"", ""2763"", ""2764"", ""2765"", ""4096"", ""4097"", ""4098"", ""4099"", ""2616"", ""4100"", ""1766"", ""2201"", ""4241"", ""2310"", ""3570"", ""3571"", ""3572"", ""2311"", ""2312"", ""2313"", ""2314"", ""2315"", ""ESTACION_CORREGIDORA_SUR""]","[""356"", ""356"", ""356"", ""359"", ""356"", ""356"", ""356"", ""356"", ""356"", ""356"", ""356"", ""356"", ""356"", ""333"", ""333"", ""333"", ""333"", ""333"", ""333"", ""333"", ""333"", ""333"", ""333"", ""333"", ""CAMINATA""]",5.0,Carr. Tlacote/Santa María Magdalena,20.590647788582,-100.44896322153
5215,64.215,233,L113,2,53,3,Con transbordo,233 → 336 → 319,L113 → C46 → C24,Fresno/Maravillas → Av. Tecnológico/José María Arteaga,"[""5215"", ""2652"", ""2653"", ""2654"", ""2655"", ""2656"", ""2657"", ""2658"", ""2395"", ""2396"", ""2397"", ""5083"", ""5084"", ""5085"", ""2661"", ""5086"", ""2662"", ""2663"", ""2664"", ""2665"", ""2666"", ""2667"", ""2255"", ""2639"", ""2640"", ""2641"", ""2258"", ""2259"", ""2260"", ""2261"", ""2262"", ""2263"", ""3023"", ""2264"", ""4393"", ""2199"", ""1762"", ""1763"", ""2200"", ""4430"", ""1764"", ""1765"", ""1766"", ""2201"", ""4241"", ""2310"", ""2311"", ""2312"", ""2313"", ""2314"", ""2315"", ""5194"", ""ESTACION_CORREGIDORA_SUR""]","[""233"", ""233"", ""233"", ""233"", ""233"", ""233"", ""233"", ""233"", ""233"", ""233"", ""233"", ""233"", ""233"", ""233"", ""233"", ""233"", ""233"", ""233"", ""233"", ""233"", ""233"", ""233"", ""233"", ""336"", ""336"", ""336"", ""336"", ""336"", ""336"", ""336"", ""336"", ""336"", ""336"", ""336"", ""336"", ""336"", ""336"", ""336"", ""336"", ""336"", ""336"", ""336"", ""336"", ""336"", ""319"", ""319"", ""319"", ""319"", ""319"", ""319"", ""319"", ""CAMINATA""]",5.0,Calle Naranjo/Calle Ahuehuete,20.535384785415,-100.40688478598
2767,65.40208333333332,356,L108,3,27,4,Con transbordo,356 → 359 → 356 → 333,L108 → L151 → L108 → C42,Independencia/Av. Miguel Hidalgo → Carr. Tlacote/Av. del Quetzal → Prol. Zaragoza/Paseo 5 de Febrero,"[""2767"", ""4104"", ""3671"", ""3643"", ""3644"", ""2763"", ""2764"", ""2765"", ""4096"", ""4097"", ""4098"", ""4099"", ""2616"", ""4100"", ""1766"", ""2201"", ""4241"", ""2310"", ""3570"", ""3571"", ""3572"", ""2311"", ""2312"", ""2313"", ""2314"", ""2315"", ""ESTACION_CORREGIDORA_SUR""]","[""356"", ""356"", ""356"", ""356"", ""359"", ""356"", ""356"", ""356"", ""356"", ""356"", ""356"", ""356"", ""356"", ""356"", ""333"", ""333"", ""333"", ""333"", ""333"", ""333"", ""333"", ""333"", ""333"", ""333"", ""333"", ""CAMINATA""]",5.0,Carr. Tlacote/Av. del Quetzal,20.59002279,-100.4434926
4082,65.665,396,T16,2,33,3,Con transbordo,396 → 333 → 319,T16 → C42 → C24,Av. del Parque/Blvd. Centro Sur → Vicente Guerrero,"[""4082"", ""5176"", ""4083"", ""4084"", ""4127"", ""4423"", ""4315"", ""2625"", ""3577"", ""5107"", ""2519"", ""3578"", ""2216"", ""2217"", ""2218"", ""2219"", ""2032"", ""2023"", ""2024"", ""2856"", ""1918"", ""1919"", ""1920"", ""1921"", ""4241"", ""2310"", ""2311"", ""2312"", ""2313"", ""2314"", ""2315"", ""5194"", ""ESTACION_CORREGIDORA_SUR""]","[""396"", ""396"", ""396"", ""396"", ""396"", ""396"", ""396"", ""396"", ""396"", ""333"", ""333"", ""333"", ""333"", ""333"", ""333"", ""333"", ""333"", ""333"", ""333"", ""333"", ""333"", ""319"", ""319"", ""319"", ""319"", ""319"", ""319"", ""319"", ""319"", ""319"", ""319"", ""CAMINATA""]",5.0,Calle Manuel Gómez Morín/Carr. 400,20.468069006849,-100.3013792898
3923,66.16500000000002,386,AIQ01,3,33,4,Con transbordo,386 → 352 → 325 → 319,AIQ01 → C64 → C34 → C24,Lateral Carr. Querétaro/México/Cobaq 16 El Colorado → Alameda → Av. Tecnológico/Itq,"[""3923"", ""3807"", ""3873"", ""3874"", ""3875"", ""3808"", ""3809"", ""3810"", ""3811"", ""3812"", ""4404"", ""3813"", ""5104"", ""1475"", ""1476"", ""1472"", ""1471"", ""1470"", ""1469"", ""1439"", ""1438"", ""2537"", ""1920"", ""1921"", ""4241"", ""2310"", ""2311"", ""2312"", ""2313"", ""2314"", ""2315"", ""5194"", ""ESTACION_CORREGIDORA_SUR""]","[""386"", ""352"", ""352"", ""352"", ""352"", ""352"", ""352"", ""352"", ""352"", ""352"", ""352"", ""352"", ""352"", ""352"", ""352"", ""352"", ""352"", ""352"", ""352"", ""325"", ""325"", ""325"", ""325"", ""325"", ""325"", ""325"", ""325"", ""325"", ""319"", ""319"", ""319"", ""CAMINATA""]",5.0,Carr. Colorado/El Paraíso,20.56315785956,-100.22093856978
3871,66.39833333333333,382,T14,2,33,3,Con transbordo,382 → 325 → 319,T14 → C34 → C24,Bicentenario → Av. Tecnológico/Itq,"[""3871"", ""3872"", ""3807"", ""3873"", ""3874"", ""3875"", ""3808"", ""3809"", ""3810"", ""3811"", ""3812"", ""4404"", ""3813"", ""5104"", ""1476"", ""1472"", ""1471"", ""1470"", ""1469"", ""1439"", ""1438"", ""2537"", ""1920"", ""1921"", ""4241"", ""2310"", ""2311"", ""2312"", ""2313"", ""2314"", ""2315"", ""5194"", ""ESTACION_CORREGIDORA_SUR""]","[""382"", ""382"", ""382"", ""382"", ""382"", ""382"", ""382"", ""382"", ""382"", ""382"", ""382"", ""382"", ""382"", ""382"", ""325"", ""325"", ""325"", ""325"", ""325"", ""325"", ""325"", ""325"", ""325"", ""325"", ""325"", ""325"", ""325"", ""325"", ""319"", ""319"", ""319"", ""CAMINATA""]",5.0,Carr. Federal No. 57/Calle Michoacán,20.545896379867,-100.20525415825
4306,66.61500000000001,396,T16,2,34,3,Con transbordo,396 → 333 → 319,T16 → C42 → C24,Av. del Parque/Blvd. Centro Sur → Vicente Guerrero,"[""4306"", ""4082"", ""5176"", ""4083"", ""4084"", ""4127"", ""4423"", ""4315"", ""2625"", ""3577"", ""5107"", ""2519"", ""3578"", ""2216"", ""2217"", ""2218"", ""2219"", ""2032"", ""2023"", ""2024"", ""2856"", ""1918"", ""1919"", ""1920"", ""1921"", ""4241"", ""2310"", ""2311"", ""2312"", ""2313"", ""2314"", ""2315"", ""5194"", ""ESTACION_CORREGIDORA_SUR""]","[""396"", ""396"", ""396"", ""396"", ""396"", ""396"", ""396"", ""396"", ""396"", ""396"", ""333"", ""333"", ""333"", ""333"", ""333"", ""333"", ""333"", ""333"", ""333"", ""333"", ""333"", ""333"", ""319"", ""319"", ""319"", ""319"", ""319"", ""319"", ""319"", ""319"", ""319"", ""319"", ""CAMINATA""]",5.0,Manuel Gómez Morín/José María Morelos y Pavón,20.465074637464,-100.29806373551
5082,66.915,233,L113,2,54,3,Con transbordo,233 → 336 → 319,L113 → C46 → C24,Fresno/Maravillas → Av. Tecnológico/José María Arteaga,"[""5082"", ""5215"", ""2652"", ""2653"", ""2654"", ""2655"", ""2656"", ""2657"", ""2658"", ""2395"", ""2396"", ""2397"", ""5083"", ""5084"", ""5085"", ""2661"", ""5086"", ""2662"", ""2663"", ""2664"", ""2665"", ""2666"", ""2667"", ""2255"", ""2639"", ""2640"", ""2641"", ""2258"", ""2259"", ""2260"", ""2261"", ""2262"", ""2263"", ""3023"", ""2264"", ""4393"", ""2199"", ""1762"", ""1763"", ""2200"", ""4430"", ""1764"", ""1765"", ""1766"", ""2201"", ""4241"", ""2310"", ""2311"", ""2312"", ""2313"", ""2314"", ""2315"", ""5194"", ""ESTACION_CORREGIDORA_SUR""]","[""233"", ""233"", ""233"", ""233"", ""233"", ""233"", ""233"", ""233"", ""233"", ""233"", ""233"", ""233"", ""233"", ""233"", ""233"", ""233"", ""233"", ""233"", ""233"", ""233"", ""233"", ""233"", ""233"", ""233"", ""336"", ""336"", ""336"", ""336"", ""336"", ""336"", ""336"", ""336"", ""336"", ""336"", ""336"", ""336"", ""336"", ""336"", ""336"", ""336"", ""336"", ""336"", ""336"", ""336"", ""336"", ""319"", ""319"", ""319"", ""319"", ""319"", ""319"", ""319"", ""CAMINATA""]",5.0,Calle Mirador del Cimatario/Av. Camino Real,20.54101032,-100.4003407
4305,67.215,396,T16,2,35,3,Con transbordo,396 → 333 → 319,T16 → C42 → C24,Av. del Parque/Blvd. Centro Sur → Vicente Guerrero,"[""4305"", ""4306"", ""4082"", ""5176"", ""4083"", ""4084"", ""4127"", ""4423"", ""4315"", ""2625"", ""3577"", ""5107"", ""2519"", ""3578"", ""2216"", ""2217"", ""2218"", ""2219"", ""2032"", ""2023"", ""2024"", ""2856"", ""1918"", ""1919"", ""1920"", ""1921"", ""4241"", ""2310"", ""2311"", ""2312"", ""2313"", ""2314"", ""2315"", ""5194"", ""ESTACION_CORREGIDORA_SUR""]","[""396"", ""396"", ""396"", ""396"", ""396"", ""396"", ""396"", ""396"", ""396"", ""396"", ""396"", ""333"", ""333"", ""333"", ""333"", ""333"", ""333"", ""333"", ""333"", ""333"", ""333"", ""333"", ""333"", ""319"", ""319"", ""319"", ""319"", ""319"", ""319"", ""319"", ""319"", ""319"", ""319"", ""CAMINATA""]",5.0,Calle Manuel Gómez Morín/Calle Ignacio Allende,20.463186632629,-100.295974024
4272,67.46499999999999,408,C73,3,34,4,Con transbordo,408 → 373 → 336 → 319,C73 → T05 → C46 → C24,Estatal 30 Libramiento Sur/Camino Real A Huimilpan → Fernando Díaz Ramírez/José Ugalde Rodríguez → Av. Tecnológico/José María Arteaga,"[""4272"", ""4273"", ""3021"", ""3022"", ""5223"", ""4114"", ""2257"", ""2258"", ""2259"", ""2260"", ""2261"", ""2262"", ""2263"", ""3023"", ""2264"", ""4393"", ""2199"", ""1762"", ""1763"", ""2200"", ""4430"", ""1764"", ""1765"", ""1766"", ""2201"", ""4241"", ""2310"", ""2311"", ""2312"", ""2313"", ""2314"", ""2315"", ""5194"", ""ESTACION_CORREGIDORA_SUR""]","[""408"", ""408"", ""373"", ""373"", ""373"", ""373"", ""373"", ""336"", ""336"", ""336"", ""336"", ""336"", ""336"", ""336"", ""336"", ""336"", ""336"", ""336"", ""336"", ""336"", ""336"", ""336"", ""336"", ""336"", ""336"", ""319"", ""319"", ""319"", ""319"", ""319"", ""319"", ""319"", ""CAMINATA""]",5.0,Libramiento Surponiente/Blvd. Esmeralda,20.524869362865,-100.43271329752
3922,67.71500000000002,386,AIQ01,3,34,4,Con transbordo,386 → 352 → 325 → 319,AIQ01 → C64 → C34 → C24,Lateral Carr. Querétaro/México/Cobaq 16 El Colorado → Alameda → Av. Tecnológico/Itq,"[""3922"", ""3923"", ""3807"", ""3873"", ""3874"", ""3875"", ""3808"", ""3809"", ""3810"", ""3811"", ""3812"", ""4404"", ""3813"", ""5104"", ""1475"", ""1476"", ""1472"", ""1471"", ""1470"", ""1469"", ""1439"", ""1438"", ""2537"", ""1920"", ""1921"", ""4241"", ""2310"", ""2311"", ""2312"", ""2313"", ""2314"", ""2315"", ""5194"", ""ESTACION_CORREGIDORA_SUR""]","[""386"", ""386"", ""352"", ""352"", ""352"", ""352"", ""352"", ""352"", ""352"", ""352"", ""352"", ""352"", ""352"", ""352"", ""352"", ""352"", ""352"", ""352"", ""352"", ""352"", ""325"", ""325"", ""325"", ""325"", ""325"", ""325"", ""325"", ""325"", ""325"", ""319"", ""319"", ""319"", ""CAMINATA""]",5.0,Carr. Colorado/Campo de Futbol El Paraíso,20.566907750549,-100.21618249075
4103,67.71874999999999,356,L108,3,28,4,Con transbordo,356 → 359 → 356 → 333,L108 → L151 → L108 → C42,Independencia/Av. Miguel Hidalgo → Carr. Tlacote/Av. del Quetzal → Prol. Zaragoza/Paseo 5 de Febrero,"[""4103"", ""2767"", ""4104"", ""3671"", ""3643"", ""3644"", ""2763"", ""2764"", ""2765"", ""4096"", ""4097"", ""4098"", ""4099"", ""2616"", ""4100"", ""1766"", ""2201"", ""4241"", ""2310"", ""3570"", ""3571"", ""3572"", ""2311"", ""2312"", ""2313"", ""2314"", ""2315"", ""ESTACION_CORREGIDORA_SUR""]","[""356"", ""356"", ""356"", ""356"", ""356"", ""359"", ""356"", ""356"", ""356"", ""356"", ""356"", ""356"", ""356"", ""356"", ""356"", ""333"", ""333"", ""333"", ""333"", ""333"", ""333"", ""333"", ""333"", ""333"", ""333"", ""333"", ""CAMINATA""]",5.0,Carr. Tlacote/Zona Militar,20.589923080231,-100.43563147204
5116,67.80666666666667,408,C73,2,32,3,Con transbordo,408 → 325 → 319,C73 → C34 → C24,Luis Vega y Monroy/Estadio → Av. Tecnológico/Itq,"[""5116"", ""5117"", ""5202"", ""3171"", ""4086"", ""2471"", ""3596"", ""2246"", ""2017"", ""2018"", ""2019"", ""2020"", ""2021"", ""2450"", ""2451"", ""1471"", ""1470"", ""1469"", ""1439"", ""1438"", ""2537"", ""1920"", ""1921"", ""4241"", ""2310"", ""2311"", ""2312"", ""2313"", ""2314"", ""2315"", ""5194"", ""ESTACION_CORREGIDORA_SUR""]","[""408"", ""408"", ""408"", ""408"", ""408"", ""408"", ""408"", ""408"", ""325"", ""325"", ""325"", ""325"", ""325"", ""325"", ""325"", ""325"", ""325"", ""325"", ""325"", ""325"", ""325"", ""325"", ""325"", ""325"", ""325"", ""325"", ""325"", ""319"", ""319"", ""319"", ""CAMINATA""]",5.0,Libramiento Surponiente/Av. José María Truchuelo,20.539295142427,-100.38790702723
3647,68.45208333333332,356,L108,3,29,4,Con transbordo,356 → 359 → 356 → 333,L108 → L151 → L108 → C42,Independencia/Av. Miguel Hidalgo → Carr. Tlacote/Av. del Quetzal → Prol. Zaragoza/Paseo 5 de Febrero,"[""3647"", ""4103"", ""2767"", ""4104"", ""3671"", ""3643"", ""3644"", ""2763"", ""2764"", ""2765"", ""4096"", ""4097"", ""4098"", ""4099"", ""2616"", ""4100"", ""1766"", ""2201"", ""4241"", ""2310"", ""3570"", ""3571"", ""3572"", ""2311"", ""2312"", ""2313"", ""2314"", ""2315"", ""ESTACION_CORREGIDORA_SUR""]","[""356"", ""356"", ""356"", ""356"", ""356"", ""356"", ""359"", ""356"", ""356"", ""356"", ""356"", ""356"", ""356"", ""356"", ""356"", ""356"", ""333"", ""333"", ""333"", ""333"", ""333"", ""333"", ""333"", ""333"", ""333"", ""333"", ""333"", ""CAMINATA""]",5.0,Av. Tlacote/Camino A Tlacote,20.59003717,-100.4331543
4356,68.515,333,C42,1,30,2,Con transbordo,333 → 319,C42 → C24,Vicente Guerrero,"[""4356"", ""2624"", ""5091"", ""4315"", ""2625"", ""3577"", ""5107"", ""2519"", ""3578"", ""2216"", ""2217"", ""2218"", ""2219"", ""2032"", ""2023"", ""2024"", ""2856"", ""1918"", ""1919"", ""1920"", ""1921"", ""4241"", ""2310"", ""2311"", ""2312"", ""2313"", ""2314"", ""2315"", ""5194"", ""ESTACION_CORREGIDORA_SUR""]","[""333"", ""333"", ""333"", ""333"", ""333"", ""333"", ""333"", ""333"", ""333"", ""333"", ""333"", ""333"", ""333"", ""333"", ""333"", ""333"", ""333"", ""333"", ""319"", ""319"", ""319"", ""319"", ""319"", ""319"", ""319"", ""319"", ""319"", ""319"", ""CAMINATA""]",5.0,Qro 420/Ciudad Marqués,20.538164058816,-100.28501068106
3649,68.54833333333335,233,L113,2,55,3,Con transbordo,233 → 336 → 319,L113 → C46 → C24,Fresno/Maravillas → Av. Tecnológico/José María Arteaga,"[""3649"", ""5082"", ""5215"", ""2652"", ""2653"", ""2654"", ""2655"", ""2656"", ""2657"", ""2658"", ""2395"", ""2396"", ""2397"", ""5083"", ""5084"", ""5085"", ""2661"", ""5086"", ""2662"", ""2663"", ""2664"", ""2665"", ""2666"", ""2667"", ""2255"", ""2639"", ""2640"", ""2641"", ""2258"", ""2259"", ""2260"", ""2261"", ""2262"", ""2263"", ""3023"", ""2264"", ""4393"", ""2199"", ""1762"", ""1763"", ""2200"", ""4430"", ""1764"", ""1765"", ""1766"", ""2201"", ""4241"", ""2310"", ""2311"", ""2312"", ""2313"", ""2314"", ""2315"", ""5194"", ""ESTACION_CORREGIDORA_SUR""]","[""233"", ""233"", ""233"", ""233"", ""233"", ""233"", ""233"", ""233"", ""233"", ""233"", ""233"", ""233"", ""233"", ""233"", ""233"", ""233"", ""233"", ""233"", ""233"", ""233"", ""233"", ""233"", ""233"", ""233"", ""233"", ""336"", ""336"", ""336"", ""336"", ""336"", ""336"", ""336"", ""336"", ""336"", ""336"", ""336"", ""336"", ""336"", ""336"", ""336"", ""336"", ""336"", ""336"", ""336"", ""336"", ""336"", ""319"", ""319"", ""319"", ""319"", ""319"", ""319"", ""319"", ""CAMINATA""]",5.0,Francisco Alcocer Pozo/Calle Maristas,20.541418931988,-100.3949916477
5115,69.14833333333333,408,C73,3,35,4,Con transbordo,408 → 373 → 336 → 319,C73 → T05 → C46 → C24,Estatal 30 Libramiento Sur/Camino Real A Huimilpan → Fernando Díaz Ramírez/José Ugalde Rodríguez → Av. Tecnológico/José María Arteaga,"[""5115"", ""4272"", ""4273"", ""3021"", ""3022"", ""5223"", ""4114"", ""2257"", ""2258"", ""2259"", ""2260"", ""2261"", ""2262"", ""2263"", ""3023"", ""2264"", ""4393"", ""2199"", ""1762"", ""1763"", ""2200"", ""4430"", ""1764"", ""1765"", ""1766"", ""2201"", ""4241"", ""2310"", ""2311"", ""2312"", ""2313"", ""2314"", ""2315"", ""5194"", ""ESTACION_CORREGIDORA_SUR""]","[""408"", ""408"", ""408"", ""373"", ""373"", ""373"", ""373"", ""373"", ""336"", ""336"", ""336"", ""336"", ""336"", ""336"", ""336"", ""336"", ""336"", ""336"", ""336"", ""336"", ""336"", ""336"", ""336"", ""336"", ""336"", ""336"", ""319"", ""319"", ""319"", ""319"", ""319"", ""319"", ""319"", ""CAMINATA""]",5.0,Libramiento Surponiente/Calle Hércules,20.526131347673,-100.43556923682
4304,69.63166666666667,418,C74,3,36,4,Con transbordo,418 → 396 → 333 → 319,C74 → T16 → C42 → C24,Carr. 400/San Fandila → Av. del Parque/Blvd. Centro Sur → Vicente Guerrero,"[""4304"", ""4305"", ""4306"", ""4082"", ""5176"", ""4083"", ""4084"", ""4127"", ""4423"", ""4315"", ""2625"", ""3577"", ""5107"", ""2519"", ""3578"", ""2216"", ""2217"", ""2218"", ""2219"", ""2032"", ""2023"", ""2024"", ""2856"", ""1918"", ""1919"", ""1920"", ""1921"", ""4241"", ""2310"", ""2311"", ""2312"", ""2313"", ""2314"", ""2315"", ""5194"", ""ESTACION_CORREGIDORA_SUR""]","[""418"", ""418"", ""418"", ""418"", ""418"", ""396"", ""396"", ""396"", ""396"", ""396"", ""396"", ""396"", ""333"", ""333"", ""333"", ""333"", ""333"", ""333"", ""333"", ""333"", ""333"", ""333"", ""333"", ""333"", ""319"", ""319"", ""319"", ""319"", ""319"", ""319"", ""319"", ""319"", ""319"", ""319"", ""CAMINATA""]",5.0,Manuel Gómez Morín/Bernardo Quintana,20.461884837101,-100.29450339671
3870,69.64833333333333,382,T14,2,34,3,Con transbordo,382 → 325 → 319,T14 → C34 → C24,Bicentenario → Av. Tecnológico/Itq,"[""3870"", ""3871"", ""3872"", ""3807"", ""3873"", ""3874"", ""3875"", ""3808"", ""3809"", ""3810"", ""3811"", ""3812"", ""4404"", ""3813"", ""5104"", ""1476"", ""1472"", ""1471"", ""1470"", ""1469"", ""1439"", ""1438"", ""2537"", ""1920"", ""1921"", ""4241"", ""2310"", ""2311"", ""2312"", ""2313"", ""2314"", ""2315"", ""5194"", ""ESTACION_CORREGIDORA_SUR""]","[""382"", ""382"", ""382"", ""382"", ""382"", ""382"", ""382"", ""382"", ""382"", ""382"", ""382"", ""382"", ""382"", ""382"", ""382"", ""325"", ""325"", ""325"", ""325"", ""325"", ""325"", ""325"", ""325"", ""325"", ""325"", ""325"", ""325"", ""325"", ""325"", ""319"", ""319"", ""319"", ""CAMINATA""]",5.0,Carr. Federal No. 57/San Valentín El Monte,20.537271266756,-100.19228062921
4303,70.00666666666667,418,C74,3,37,4,Con transbordo,418 → 396 → 333 → 319,C74 → T16 → C42 → C24,Carr. 400/San Fandila → Av. del Parque/Blvd. Centro Sur → Vicente Guerrero,"[""4303"", ""4304"", ""4305"", ""4306"", ""4082"", ""5176"", ""4083"", ""4084"", ""4127"", ""4423"", ""4315"", ""2625"", ""3577"", ""5107"", ""2519"", ""3578"", ""2216"", ""2217"", ""2218"", ""2219"", ""2032"", ""2023"", ""2024"", ""2856"", ""1918"", ""1919"", ""1920"", ""1921"", ""4241"", ""2310"", ""2311"", ""2312"", ""2313"", ""2314"", ""2315"", ""5194"", ""ESTACION_CORREGIDORA_SUR""]","[""418"", ""418"", ""418"", ""418"", ""418"", ""418"", ""396"", ""396"", ""396"", ""396"", ""396"", ""396"", ""396"", ""333"", ""333"", ""333"", ""333"", ""333"", ""333"", ""333"", ""333"", ""333"", ""333"", ""333"", ""333"", ""319"", ""319"", ""319"", ""319"", ""319"", ""319"", ""319"", ""319"", ""319"", ""319"", ""CAMINATA""]",5.0,Manuel Gómez Morín/Delegación Lagunillas Sección 3,20.459716952361,-100.29256444927
3646,70.08541666666666,356,L108,3,30,4,Con transbordo,356 → 359 → 356 → 333,L108 → L151 → L108 → C42,Independencia/Av. Miguel Hidalgo → Carr. Tlacote/Av. del Quetzal → Prol. Zaragoza/Paseo 5 de Febrero,"[""3646"", ""3647"", ""4103"", ""2767"", ""4104"", ""3671"", ""3643"", ""3644"", ""2763"", ""2764"", ""2765"", ""4096"", ""4097"", ""4098"", ""4099"", ""2616"", ""4100"", ""1766"", ""2201"", ""4241"", ""2310"", ""3570"", ""3571"", ""3572"", ""2311"", ""2312"", ""2313"", ""2314"", ""2315"", ""ESTACION_CORREGIDORA_SUR""]","[""356"", ""356"", ""356"", ""356"", ""356"", ""356"", ""356"", ""359"", ""356"", ""356"", ""356"", ""356"", ""356"", ""356"", ""356"", ""356"", ""356"", ""333"", ""333"", ""333"", ""333"", ""333"", ""333"", ""333"", ""333"", ""333"", ""333"", ""333"", ""CAMINATA""]",5.0,Av. Tlacote/Blvd. Hacienda la Gloria,20.58983158,-100.4276224
4302,70.33166666666668,418,C74,3,38,4,Con transbordo,418 → 396 → 333 → 319,C74 → T16 → C42 → C24,Carr. 400/San Fandila → Av. del Parque/Blvd. Centro Sur → Vicente Guerrero,"[""4302"", ""4303"", ""4304"", ""4305"", ""4306"", ""4082"", ""5176"", ""4083"", ""4084"", ""4127"", ""4423"", ""4315"", ""2625"", ""3577"", ""5107"", ""2519"", ""3578"", ""2216"", ""2217"", ""2218"", ""2219"", ""2032"", ""2023"", ""2024"", ""2856"", ""1918"", ""1919"", ""1920"", ""1921"", ""4241"", ""2310"", ""2311"", ""2312"", ""2313"", ""2314"", ""2315"", ""5194"", ""ESTACION_CORREGIDORA_SUR""]","[""418"", ""418"", ""418"", ""418"", ""418"", ""418"", ""418"", ""396"", ""396"", ""396"", ""396"", ""396"", ""396"", ""396"", ""333"", ""333"", ""333"", ""333"", ""333"", ""333"", ""333"", ""333"", ""333"", ""333"", ""333"", ""333"", ""319"", ""319"", ""319"", ""319"", ""319"", ""319"", ""319"", ""319"", ""319"", ""319"", ""CAMINATA""]",5.0,Manuel Gómez Morín/José María Morelos y Pavón,20.462110638451,-100.29200096676
2647,70.53166666666667,337,C47,3,54,4,Con transbordo,337 → 233 → 336 → 319,C47 → L113 → C46 → C24,Calle Naranjo/Calle Ahuehuete → Fresno/Maravillas → Av. Tecnológico/José María Arteaga,"[""2647"", ""5215"", ""2652"", ""2653"", ""2654"", ""2655"", ""2656"", ""2657"", ""2658"", ""2395"", ""2396"", ""2397"", ""5083"", ""5084"", ""5085"", ""2661"", ""5086"", ""2662"", ""2663"", ""2664"", ""2665"", ""2666"", ""2667"", ""2255"", ""2639"", ""2640"", ""2641"", ""2258"", ""2259"", ""2260"", ""2261"", ""2262"", ""2263"", ""3023"", ""2264"", ""4393"", ""2199"", ""1762"", ""1763"", ""2200"", ""4430"", ""1764"", ""1765"", ""1766"", ""2201"", ""4241"", ""2310"", ""2311"", ""2312"", ""2313"", ""2314"", ""2315"", ""5194"", ""ESTACION_CORREGIDORA_SUR""]","[""337"", ""233"", ""233"", ""233"", ""233"", ""233"", ""233"", ""233"", ""233"", ""233"", ""233"", ""233"", ""233"", ""233"", ""233"", ""233"", ""233"", ""233"", ""233"", ""233"", ""233"", ""233"", ""233"", ""233"", ""336"", ""336"", ""336"", ""336"", ""336"", ""336"", ""336"", ""336"", ""336"", ""336"", ""336"", ""336"", ""336"", ""336"", ""336"", ""336"", ""336"", ""336"", ""336"", ""336"", ""336"", ""319"", ""319"", ""319"", ""319"", ""319"", ""319"", ""319"", ""CAMINATA""]",5.0,Maravillas/Fresno,20.536855630515,-100.40363985066
2766,70.90208333333332,356,L108,3,31,4,Con transbordo,356 → 359 → 356 → 333,L108 → L151 → L108 → C42,Independencia/Av. Miguel Hidalgo → Carr. Tlacote/Av. del Quetzal → Prol. Zaragoza/Paseo 5 de Febrero,"[""2766"", ""3646"", ""3647"", ""4103"", ""2767"", ""4104"", ""3671"", ""3643"", ""3644"", ""2763"", ""2764"", ""2765"", ""4096"", ""4097"", ""4098"", ""4099"", ""2616"", ""4100"", ""1766"", ""2201"", ""4241"", ""2310"", ""3570"", ""3571"", ""3572"", ""2311"", ""2312"", ""2313"", ""2314"", ""2315"", ""ESTACION_CORREGIDORA_SUR""]","[""356"", ""356"", ""356"", ""356"", ""356"", ""356"", ""356"", ""356"", ""359"", ""356"", ""356"", ""356"", ""356"", ""356"", ""356"", ""356"", ""356"", ""356"", ""333"", ""333"", ""333"", ""333"", ""333"", ""333"", ""333"", ""333"", ""333"", ""333"", ""333"", ""CAMINATA""]",5.0,Carr. Tlacote/Aurrera,20.58931945,-100.4249135
4301,71.04,418,C74,3,39,4,Con transbordo,418 → 396 → 333 → 319,C74 → T16 → C42 → C24,Carr. 400/San Fandila → Av. del Parque/Blvd. Centro Sur → Vicente Guerrero,"[""4301"", ""4302"", ""4303"", ""4304"", ""4305"", ""4306"", ""4082"", ""5176"", ""4083"", ""4084"", ""4127"", ""4423"", ""4315"", ""2625"", ""3577"", ""5107"", ""2519"", ""3578"", ""2216"", ""2217"", ""2218"", ""2219"", ""2032"", ""2023"", ""2024"", ""2856"", ""1918"", ""1919"", ""1920"", ""1921"", ""4241"", ""2310"", ""2311"", ""2312"", ""2313"", ""2314"", ""2315"", ""5194"", ""ESTACION_CORREGIDORA_SUR""]","[""418"", ""418"", ""418"", ""418"", ""418"", ""418"", ""418"", ""418"", ""396"", ""396"", ""396"", ""396"", ""396"", ""396"", ""396"", ""333"", ""333"", ""333"", ""333"", ""333"", ""333"", ""333"", ""333"", ""333"", ""333"", ""333"", ""333"", ""319"", ""319"", ""319"", ""319"", ""319"", ""319"", ""319"", ""319"", ""319"", ""319"", ""CAMINATA""]",5.0,Manuel Gómez Morín/Qro 400,20.467434609858,-100.29191705614
5201,71.26499999999999,408,C73,3,36,4,Con transbordo,408 → 373 → 336 → 319,C73 → T05 → C46 → C24,Estatal 30 Libramiento Sur/Camino Real A Huimilpan → Fernando Díaz Ramírez/José Ugalde Rodríguez → Av. Tecnológico/José María Arteaga,"[""5201"", ""5115"", ""4272"", ""4273"", ""3021"", ""3022"", ""5223"", ""4114"", ""2257"", ""2258"", ""2259"", ""2260"", ""2261"", ""2262"", ""2263"", ""3023"", ""2264"", ""4393"", ""2199"", ""1762"", ""1763"", ""2200"", ""4430"", ""1764"", ""1765"", ""1766"", ""2201"", ""4241"", ""2310"", ""2311"", ""2312"", ""2313"", ""2314"", ""2315"", ""5194"", ""ESTACION_CORREGIDORA_SUR""]","[""408"", ""408"", ""408"", ""408"", ""373"", ""373"", ""373"", ""373"", ""373"", ""336"", ""336"", ""336"", ""336"", ""336"", ""336"", ""336"", ""336"", ""336"", ""336"", ""336"", ""336"", ""336"", ""336"", ""336"", ""336"", ""336"", ""336"", ""319"", ""319"", ""319"", ""319"", ""319"", ""319"", ""319"", ""CAMINATA""]",5.0,Libramiento Surponiente,20.527350250709,-100.43933601462
2646,71.715,337,C47,3,55,4,Con transbordo,337 → 233 → 336 → 319,C47 → L113 → C46 → C24,Calle Naranjo/Calle Ahuehuete → Fresno/Maravillas → Av. Tecnológico/José María Arteaga,"[""2646"", ""2647"", ""5215"", ""2652"", ""2653"", ""2654"", ""2655"", ""2656"", ""2657"", ""2658"", ""2395"", ""2396"", ""2397"", ""5083"", ""5084"", ""5085"", ""2661"", ""5086"", ""2662"", ""2663"", ""2664"", ""2665"", ""2666"", ""2667"", ""2255"", ""2639"", ""2640"", ""2641"", ""2258"", ""2259"", ""2260"", ""2261"", ""2262"", ""2263"", ""3023"", ""2264"", ""4393"", ""2199"", ""1762"", ""1763"", ""2200"", ""4430"", ""1764"", ""1765"", ""1766"", ""2201"", ""4241"", ""2310"", ""2311"", ""2312"", ""2313"", ""2314"", ""2315"", ""5194"", ""ESTACION_CORREGIDORA_SUR""]","[""337"", ""337"", ""233"", ""233"", ""233"", ""233"", ""233"", ""233"", ""233"", ""233"", ""233"", ""233"", ""233"", ""233"", ""233"", ""233"", ""233"", ""233"", ""233"", ""233"", ""233"", ""233"", ""233"", ""233"", ""233"", ""336"", ""336"", ""336"", ""336"", ""336"", ""336"", ""336"", ""336"", ""336"", ""336"", ""336"", ""336"", ""336"", ""336"", ""336"", ""336"", ""336"", ""336"", ""336"", ""336"", ""336"", ""319"", ""319"", ""319"", ""319"", ""319"", ""319"", ""319"", ""CAMINATA""]",5.0,Mirador del Cubilete/Paseos del Mirador,20.539581,-100.405041
5114,72.31499999999998,408,C73,3,37,4,Con transbordo,408 → 373 → 336 → 319,C73 → T05 → C46 → C24,Estatal 30 Libramiento Sur/Camino Real A Huimilpan → Fernando Díaz Ramírez/José Ugalde Rodríguez → Av. Tecnológico/José María Arteaga,"[""5114"", ""5201"", ""5115"", ""4272"", ""4273"", ""3021"", ""3022"", ""5223"", ""4114"", ""2257"", ""2258"", ""2259"", ""2260"", ""2261"", ""2262"", ""2263"", ""3023"", ""2264"", ""4393"", ""2199"", ""1762"", ""1763"", ""2200"", ""4430"", ""1764"", ""1765"", ""1766"", ""2201"", ""4241"", ""2310"", ""2311"", ""2312"", ""2313"", ""2314"", ""2315"", ""5194"", ""ESTACION_CORREGIDORA_SUR""]","[""408"", ""408"", ""408"", ""408"", ""408"", ""373"", ""373"", ""373"", ""373"", ""373"", ""336"", ""336"", ""336"", ""336"", ""336"", ""336"", ""336"", ""336"", ""336"", ""336"", ""336"", ""336"", ""336"", ""336"", ""336"", ""336"", ""336"", ""336"", ""319"", ""319"", ""319"", ""319"", ""319"", ""319"", ""319"", ""CAMINATA""]",5.0,Carr. Huimilpan/Coroneo,20.527999206404,-100.44117641831
2645,72.48166666666667,337,C47,3,56,4,Con transbordo,337 → 233 → 336 → 319,C47 → L113 → C46 → C24,Calle Naranjo/Calle Ahuehuete → Fresno/Maravillas → Av. Tecnológico/José María Arteaga,"[""2645"", ""2646"", ""2647"", ""5215"", ""2652"", ""2653"", ""2654"", ""2655"", ""2656"", ""2657"", ""2658"", ""2395"", ""2396"", ""2397"", ""5083"", ""5084"", ""5085"", ""2661"", ""5086"", ""2662"", ""2663"", ""2664"", ""2665"", ""2666"", ""2667"", ""2255"", ""2639"", ""2640"", ""2641"", ""2258"", ""2259"", ""2260"", ""2261"", ""2262"", ""2263"", ""3023"", ""2264"", ""4393"", ""2199"", ""1762"", ""1763"", ""2200"", ""4430"", ""1764"", ""1765"", ""1766"", ""2201"", ""4241"", ""2310"", ""2311"", ""2312"", ""2313"", ""2314"", ""2315"", ""5194"", ""ESTACION_CORREGIDORA_SUR""]","[""337"", ""337"", ""337"", ""233"", ""233"", ""233"", ""233"", ""233"", ""233"", ""233"", ""233"", ""233"", ""233"", ""233"", ""233"", ""233"", ""233"", ""233"", ""233"", ""233"", ""233"", ""233"", ""233"", ""233"", ""233"", ""233"", ""336"", ""336"", ""336"", ""336"", ""336"", ""336"", ""336"", ""336"", ""336"", ""336"", ""336"", ""336"", ""336"", ""336"", ""336"", ""336"", ""336"", ""336"", ""336"", ""336"", ""336"", ""319"", ""319"", ""319"", ""319"", ""319"", ""319"", ""319"", ""CAMINATA""]",5.0,Calle Francisco Alcocer/Antonio Pérez Alcocer,20.54149691,-100.4055476
4102,72.63541666666666,356,L108,3,32,4,Con transbordo,356 → 359 → 356 → 333,L108 → L151 → L108 → C42,Independencia/Av. Miguel Hidalgo → Carr. Tlacote/Av. del Quetzal → Prol. Zaragoza/Paseo 5 de Febrero,"[""4102"", ""2766"", ""3646"", ""3647"", ""4103"", ""2767"", ""4104"", ""3671"", ""3643"", ""3644"", ""2763"", ""2764"", ""2765"", ""4096"", ""4097"", ""4098"", ""4099"", ""2616"", ""4100"", ""1766"", ""2201"", ""4241"", ""2310"", ""3570"", ""3571"", ""3572"", ""2311"", ""2312"", ""2313"", ""2314"", ""2315"", ""ESTACION_CORREGIDORA_SUR""]","[""356"", ""356"", ""356"", ""356"", ""356"", ""356"", ""356"", ""356"", ""356"", ""359"", ""356"", ""356"", ""356"", ""356"", ""356"", ""356"", ""356"", ""356"", ""356"", ""333"", ""333"", ""333"", ""333"", ""333"", ""333"", ""333"", ""333"", ""333"", ""333"", ""333"", ""CAMINATA""]",5.0,Carr. Tlacote/Bolonia,20.58800292477,-100.41920400948
2623,73.13166666666666,333,C42,1,31,2,Con transbordo,333 → 319,C42 → C24,Vicente Guerrero,"[""2623"", ""4356"", ""2624"", ""5091"", ""4315"", ""2625"", ""3577"", ""5107"", ""2519"", ""3578"", ""2216"", ""2217"", ""2218"", ""2219"", ""2032"", ""2023"", ""2024"", ""2856"", ""1918"", ""1919"", ""1920"", ""1921"", ""4241"", ""2310"", ""2311"", ""2312"", ""2313"", ""2314"", ""2315"", ""5194"", ""ESTACION_CORREGIDORA_SUR""]","[""333"", ""333"", ""333"", ""333"", ""333"", ""333"", ""333"", ""333"", ""333"", ""333"", ""333"", ""333"", ""333"", ""333"", ""333"", ""333"", ""333"", ""333"", ""333"", ""319"", ""319"", ""319"", ""319"", ""319"", ""319"", ""319"", ""319"", ""319"", ""319"", ""CAMINATA""]",5.0,Universidad Politécnica de Querétaro,20.54604126,-100.2737341
5073,74.35208333333333,356,L108,3,33,4,Con transbordo,356 → 359 → 356 → 333,L108 → L151 → L108 → C42,Independencia/Av. Miguel Hidalgo → Carr. Tlacote/Av. del Quetzal → Prol. Zaragoza/Paseo 5 de Febrero,"[""5073"", ""4102"", ""2766"", ""3646"", ""3647"", ""4103"", ""2767"", ""4104"", ""3671"", ""3643"", ""3644"", ""2763"", ""2764"", ""2765"", ""4096"", ""4097"", ""4098"", ""4099"", ""2616"", ""4100"", ""1766"", ""2201"", ""4241"", ""2310"", ""3570"", ""3571"", ""3572"", ""2311"", ""2312"", ""2313"", ""2314"", ""2315"", ""ESTACION_CORREGIDORA_SUR""]","[""356"", ""356"", ""356"", ""356"", ""356"", ""356"", ""356"", ""356"", ""356"", ""356"", ""359"", ""356"", ""356"", ""356"", ""356"", ""356"", ""356"", ""356"", ""356"", ""356"", ""333"", ""333"", ""333"", ""333"", ""333"", ""333"", ""333"", ""333"", ""333"", ""333"", ""333"", ""CAMINATA""]",5.0,Lateral Av. Tlacote/Paseo 5 de Febrero,20.586618253525,-100.41358500647
3869,74.93166666666666,382,T14,2,35,3,Con transbordo,382 → 325 → 319,T14 → C34 → C24,Bicentenario → Av. Tecnológico/Itq,"[""3869"", ""3870"", ""3871"", ""3872"", ""3807"", ""3873"", ""3874"", ""3875"", ""3808"", ""3809"", ""3810"", ""3811"", ""3812"", ""4404"", ""3813"", ""5104"", ""1476"", ""1472"", ""1471"", ""1470"", ""1469"", ""1439"", ""1438"", ""2537"", ""1920"", ""1921"", ""4241"", ""2310"", ""2311"", ""2312"", ""2313"", ""2314"", ""2315"", ""5194"", ""ESTACION_CORREGIDORA_SUR""]","[""382"", ""382"", ""382"", ""382"", ""382"", ""382"", ""382"", ""382"", ""382"", ""382"", ""382"", ""382"", ""382"", ""382"", ""382"", ""382"", ""325"", ""325"", ""325"", ""325"", ""325"", ""325"", ""325"", ""325"", ""325"", ""325"", ""325"", ""325"", ""325"", ""325"", ""319"", ""319"", ""319"", ""CAMINATA""]",5.0,Carr. Federal No. 57/Carr. No. 240,20.523220934277,-100.17117978023
3670,75.35208333333333,356,L108,3,34,4,Con transbordo,356 → 359 → 356 → 333,L108 → L151 → L108 → C42,Independencia/Av. Miguel Hidalgo → Carr. Tlacote/Av. del Quetzal → Prol. Zaragoza/Paseo 5 de Febrero,"[""3670"", ""5073"", ""4102"", ""2766"", ""3646"", ""3647"", ""4103"", ""2767"", ""4104"", ""3671"", ""3643"", ""3644"", ""2763"", ""2764"", ""2765"", ""4096"", ""4097"", ""4098"", ""4099"", ""2616"", ""4100"", ""1766"", ""2201"", ""4241"", ""2310"", ""3570"", ""3571"", ""3572"", ""2311"", ""2312"", ""2313"", ""2314"", ""2315"", ""ESTACION_CORREGIDORA_SUR""]","[""356"", ""356"", ""356"", ""356"", ""356"", ""356"", ""356"", ""356"", ""356"", ""356"", ""356"", ""359"", ""356"", ""356"", ""356"", ""356"", ""356"", ""356"", ""356"", ""356"", ""356"", ""333"", ""333"", ""333"", ""333"", ""333"", ""333"", ""333"", ""333"", ""333"", ""333"", ""333"", ""CAMINATA""]",5.0,Hidalgo/Calle 13 de Septiembre,20.58969095,-100.4127165
4355,75.66499999999999,333,C42,1,32,2,Con transbordo,333 → 319,C42 → C24,Vicente Guerrero,"[""4355"", ""2623"", ""4356"", ""2624"", ""5091"", ""4315"", ""2625"", ""3577"", ""5107"", ""2519"", ""3578"", ""2216"", ""2217"", ""2218"", ""2219"", ""2032"", ""2023"", ""2024"", ""2856"", ""1918"", ""1919"", ""1920"", ""1921"", ""4241"", ""2310"", ""2311"", ""2312"", ""2313"", ""2314"", ""2315"", ""5194"", ""ESTACION_CORREGIDORA_SUR""]","[""333"", ""333"", ""333"", ""333"", ""333"", ""333"", ""333"", ""333"", ""333"", ""333"", ""333"", ""333"", ""333"", ""333"", ""333"", ""333"", ""333"", ""333"", ""333"", ""333"", ""319"", ""319"", ""319"", ""319"", ""319"", ""319"", ""319"", ""319"", ""319"", ""319"", ""CAMINATA""]",5.0,Qro 420/Qro 431,20.550297091042,-100.26754134778
3669,76.55208333333333,356,L108,3,35,4,Con transbordo,356 → 359 → 356 → 333,L108 → L151 → L108 → C42,Independencia/Av. Miguel Hidalgo → Carr. Tlacote/Av. del Quetzal → Prol. Zaragoza/Paseo 5 de Febrero,"[""3669"", ""3670"", ""5073"", ""4102"", ""2766"", ""3646"", ""3647"", ""4103"", ""2767"", ""4104"", ""3671"", ""3643"", ""3644"", ""2763"", ""2764"", ""2765"", ""4096"", ""4097"", ""4098"", ""4099"", ""2616"", ""4100"", ""1766"", ""2201"", ""4241"", ""2310"", ""3570"", ""3571"", ""3572"", ""2311"", ""2312"", ""2313"", ""2314"", ""2315"", ""ESTACION_CORREGIDORA_SUR""]","[""356"", ""356"", ""356"", ""356"", ""356"", ""356"", ""356"", ""356"", ""356"", ""356"", ""356"", ""356"", ""359"", ""356"", ""356"", ""356"", ""356"", ""356"", ""356"", ""356"", ""356"", ""356"", ""333"", ""333"", ""333"", ""333"", ""333"", ""333"", ""333"", ""333"", ""333"", ""333"", ""333"", ""CAMINATA""]",5.0,Hidalgo/Secundaria General 1,20.58938739,-100.4086597
3668,77.38541666666666,356,L108,3,36,4,Con transbordo,356 → 359 → 356 → 333,L108 → L151 → L108 → C42,Independencia/Av. Miguel Hidalgo → Carr. Tlacote/Av. del Quetzal → Prol. Zaragoza/Paseo 5 de Febrero,"[""3668"", ""3669"", ""3670"", ""5073"", ""4102"", ""2766"", ""3646"", ""3647"", ""4103"", ""2767"", ""4104"", ""3671"", ""3643"", ""3644"", ""2763"", ""2764"", ""2765"", ""4096"", ""4097"", ""4098"", ""4099"", ""2616"", ""4100"", ""1766"", ""2201"", ""4241"", ""2310"", ""3570"", ""3571"", ""3572"", ""2311"", ""2312"", ""2313"", ""2314"", ""2315"", ""ESTACION_CORREGIDORA_SUR""]","[""356"", ""356"", ""356"", ""356"", ""356"", ""356"", ""356"", ""356"", ""356"", ""356"", ""356"", ""356"", ""356"", ""359"", ""356"", ""356"", ""356"", ""356"", ""356"", ""356"", ""356"", ""356"", ""356"", ""333"", ""333"", ""333"", ""333"", ""333"", ""333"", ""333"", ""333"", ""333"", ""333"", ""333"", ""CAMINATA""]",5.0,Hidalgo/Calle J. de la Barrera,20.59015376,-100.4059667
3868,77.53166666666665,382,T14,2,36,3,Con transbordo,382 → 325 → 319,T14 → C34 → C24,Bicentenario → Av. Tecnológico/Itq,"[""3868"", ""3869"", ""3870"", ""3871"", ""3872"", ""3807"", ""3873"", ""3874"", ""3875"", ""3808"", ""3809"", ""3810"", ""3811"", ""3812"", ""4404"", ""3813"", ""5104"", ""1476"", ""1472"", ""1471"", ""1470"", ""1469"", ""1439"", ""1438"", ""2537"", ""1920"", ""1921"", ""4241"", ""2310"", ""2311"", ""2312"", ""2313"", ""2314"", ""2315"", ""5194"", ""ESTACION_CORREGIDORA_SUR""]","[""382"", ""382"", ""382"", ""382"", ""382"", ""382"", ""382"", ""382"", ""382"", ""382"", ""382"", ""382"", ""382"", ""382"", ""382"", ""382"", ""382"", ""325"", ""325"", ""325"", ""325"", ""325"", ""325"", ""325"", ""325"", ""325"", ""325"", ""325"", ""325"", ""325"", ""325"", ""319"", ""319"", ""319"", ""CAMINATA""]",5.0,Carr. Federal No. 57/Parque Industrial Cantera,20.515781873356,-100.16123591345
2622,77.59833333333333,333,C42,1,33,2,Con transbordo,333 → 319,C42 → C24,Vicente Guerrero,"[""2622"", ""4355"", ""2623"", ""4356"", ""2624"", ""5091"", ""4315"", ""2625"", ""3577"", ""5107"", ""2519"", ""3578"", ""2216"", ""2217"", ""2218"", ""2219"", ""2032"", ""2023"", ""2024"", ""2856"", ""1918"", ""1919"", ""1920"", ""1921"", ""4241"", ""2310"", ""2311"", ""2312"", ""2313"", ""2314"", ""2315"", ""5194"", ""ESTACION_CORREGIDORA_SUR""]","[""333"", ""333"", ""333"", ""333"", ""333"", ""333"", ""333"", ""333"", ""333"", ""333"", ""333"", ""333"", ""333"", ""333"", ""333"", ""333"", ""333"", ""333"", ""333"", ""333"", ""333"", ""319"", ""319"", ""319"", ""319"", ""319"", ""319"", ""319"", ""319"", ""319"", ""319"", ""CAMINATA""]",5.0,Parque Tecnológico Innovación Querétaro,20.55578098,-100.2673383
4354,78.39833333333333,333,C42,1,34,2,Con transbordo,333 → 319,C42 → C24,Vicente Guerrero,"[""4354"", ""2622"", ""4355"", ""2623"", ""4356"", ""2624"", ""5091"", ""4315"", ""2625"", ""3577"", ""5107"", ""2519"", ""3578"", ""2216"", ""2217"", ""2218"", ""2219"", ""2032"", ""2023"", ""2024"", ""2856"", ""1918"", ""1919"", ""1920"", ""1921"", ""4241"", ""2310"", ""2311"", ""2312"", ""2313"", ""2314"", ""2315"", ""5194"", ""ESTACION_CORREGIDORA_SUR""]","[""333"", ""333"", ""333"", ""333"", ""333"", ""333"", ""333"", ""333"", ""333"", ""333"", ""333"", ""333"", ""333"", ""333"", ""333"", ""333"", ""333"", ""333"", ""333"", ""333"", ""333"", ""333"", ""319"", ""319"", ""319"", ""319"", ""319"", ""319"", ""319"", ""319"", ""319"", ""319"", ""CAMINATA""]",5.0,Qro 431/Europark Ii,20.558057091507,-100.26750477026
3645,79.48541666666665,359,L151,4,33,5,Con transbordo,359 → 356 → 359 → 356 → 333,L151 → L108 → L151 → L108 → C42,Carr. Tlacote/Bolonia → Independencia/Av. Miguel Hidalgo → Carr. Tlacote/Av. del Quetzal → Prol. Zaragoza/Paseo 5 de Febrero,"[""3645"", ""4102"", ""2766"", ""3646"", ""3647"", ""4103"", ""2767"", ""4104"", ""3671"", ""3643"", ""3644"", ""2763"", ""2764"", ""2765"", ""4096"", ""4097"", ""4098"", ""4099"", ""2616"", ""4100"", ""1766"", ""2201"", ""4241"", ""2310"", ""3570"", ""3571"", ""3572"", ""2311"", ""2312"", ""2313"", ""2314"", ""2315"", ""ESTACION_CORREGIDORA_SUR""]","[""359"", ""356"", ""356"", ""356"", ""356"", ""356"", ""356"", ""356"", ""356"", ""356"", ""359"", ""356"", ""356"", ""356"", ""356"", ""356"", ""356"", ""356"", ""356"", ""356"", ""333"", ""333"", ""333"", ""333"", ""333"", ""333"", ""333"", ""333"", ""333"", ""333"", ""333"", ""CAMINATA""]",5.0,Av. de Las Galindas/Calle El Charro,20.58506553,-100.4160146
3867,79.76499999999999,382,T14,2,37,3,Con transbordo,382 → 325 → 319,T14 → C34 → C24,Bicentenario → Av. Tecnológico/Itq,"[""3867"", ""3868"", ""3869"", ""3870"", ""3871"", ""3872"", ""3807"", ""3873"", ""3874"", ""3875"", ""3808"", ""3809"", ""3810"", ""3811"", ""3812"", ""4404"", ""3813"", ""5104"", ""1476"", ""1472"", ""1471"", ""1470"", ""1469"", ""1439"", ""1438"", ""2537"", ""1920"", ""1921"", ""4241"", ""2310"", ""2311"", ""2312"", ""2313"", ""2314"", ""2315"", ""5194"", ""ESTACION_CORREGIDORA_SUR""]","[""382"", ""382"", ""382"", ""382"", ""382"", ""382"", ""382"", ""382"", ""382"", ""382"", ""382"", ""382"", ""382"", ""382"", ""382"", ""382"", ""382"", ""382"", ""325"", ""325"", ""325"", ""325"", ""325"", ""325"", ""325"", ""325"", ""325"", ""325"", ""325"", ""325"", ""325"", ""325"", ""319"", ""319"", ""319"", ""CAMINATA""]",5.0,Av. Panamericana/Blvd. Bicentenario,20.508703041904,-100.15333894277
4353,80.08166666666666,333,C42,1,35,2,Con transbordo,333 → 319,C42 → C24,Vicente Guerrero,"[""4353"", ""4354"", ""2622"", ""4355"", ""2623"", ""4356"", ""2624"", ""5091"", ""4315"", ""2625"", ""3577"", ""5107"", ""2519"", ""3578"", ""2216"", ""2217"", ""2218"", ""2219"", ""2032"", ""2023"", ""2024"", ""2856"", ""1918"", ""1919"", ""1920"", ""1921"", ""4241"", ""2310"", ""2311"", ""2312"", ""2313"", ""2314"", ""2315"", ""5194"", ""ESTACION_CORREGIDORA_SUR""]","[""333"", ""333"", ""333"", ""333"", ""333"", ""333"", ""333"", ""333"", ""333"", ""333"", ""333"", ""333"", ""333"", ""333"", ""333"", ""333"", ""333"", ""333"", ""333"", ""333"", ""333"", ""333"", ""333"", ""319"", ""319"", ""319"", ""319"", ""319"", ""319"", ""319"", ""319"", ""319"", ""319"", ""CAMINATA""]",5.0,Qro 431/Av. Las Misiones,20.562829595871,-100.26785846671
3806,80.29833333333332,382,T14,2,38,3,Con transbordo,382 → 325 → 319,T14 → C34 → C24,Bicentenario → Av. Tecnológico/Itq,"[""3806"", ""3867"", ""3868"", ""3869"", ""3870"", ""3871"", ""3872"", ""3807"", ""3873"", ""3874"", ""3875"", ""3808"", ""3809"", ""3810"", ""3811"", ""3812"", ""4404"", ""3813"", ""5104"", ""1476"", ""1472"", ""1471"", ""1470"", ""1469"", ""1439"", ""1438"", ""2537"", ""1920"", ""1921"", ""4241"", ""2310"", ""2311"", ""2312"", ""2313"", ""2314"", ""2315"", ""5194"", ""ESTACION_CORREGIDORA_SUR""]","[""382"", ""382"", ""382"", ""382"", ""382"", ""382"", ""382"", ""382"", ""382"", ""382"", ""382"", ""382"", ""382"", ""382"", ""382"", ""382"", ""382"", ""382"", ""382"", ""325"", ""325"", ""325"", ""325"", ""325"", ""325"", ""325"", ""325"", ""325"", ""325"", ""325"", ""325"", ""325"", ""325"", ""319"", ""319"", ""319"", ""CAMINATA""]",5.0,Av. Panamericana/Francisco Javier Mina,20.507097617781,-100.15137191669
3805,80.88166666666665,382,T14,2,39,3,Con transbordo,382 → 325 → 319,T14 → C34 → C24,Bicentenario → Av. Tecnológico/Itq,"[""3805"", ""3806"", ""3867"", ""3868"", ""3869"", ""3870"", ""3871"", ""3872"", ""3807"", ""3873"", ""3874"", ""3875"", ""3808"", ""3809"", ""3810"", ""3811"", ""3812"", ""4404"", ""3813"", ""5104"", ""1476"", ""1472"", ""1471"", ""1470"", ""1469"", ""1439"", ""1438"", ""2537"", ""1920"", ""1921"", ""4241"", ""2310"", ""2311"", ""2312"", ""2313"", ""2314"", ""2315"", ""5194"", ""ESTACION_CORREGIDORA_SUR""]","[""382"", ""382"", ""382"", ""382"", ""382"", ""382"", ""382"", ""382"", ""382"", ""382"", ""382"", ""382"", ""382"", ""382"", ""382"", ""382"", ""382"", ""382"", ""382"", ""382"", ""325"", ""325"", ""325"", ""325"", ""325"", ""325"", ""325"", ""325"", ""325"", ""325"", ""325"", ""325"", ""325"", ""325"", ""319"", ""319"", ""319"", ""CAMINATA""]",5.0,Av. Panamericana/Independencia,20.505417,-100.149228
4300,81.065,418,C74,3,40,4,Con transbordo,418 → 396 → 333 → 319,C74 → T16 → C42 → C24,Carr. 400/San Fandila → Av. del Parque/Blvd. Centro Sur → Vicente Guerrero,"[""4300"", ""4301"", ""4302"", ""4303"", ""4304"", ""4305"", ""4306"", ""4082"", ""5176"", ""4083"", ""4084"", ""4127"", ""4423"", ""4315"", ""2625"", ""3577"", ""5107"", ""2519"", ""3578"", ""2216"", ""2217"", ""2218"", ""2219"", ""2032"", ""2023"", ""2024"", ""2856"", ""1918"", ""1919"", ""1920"", ""1921"", ""4241"", ""2310"", ""2311"", ""2312"", ""2313"", ""2314"", ""2315"", ""5194"", ""ESTACION_CORREGIDORA_SUR""]","[""418"", ""418"", ""418"", ""418"", ""418"", ""418"", ""418"", ""418"", ""418"", ""396"", ""396"", ""396"", ""396"", ""396"", ""396"", ""396"", ""333"", ""333"", ""333"", ""333"", ""333"", ""333"", ""333"", ""333"", ""333"", ""333"", ""333"", ""333"", ""319"", ""319"", ""319"", ""319"", ""319"", ""319"", ""319"", ""319"", ""319"", ""319"", ""CAMINATA""]",5.0,Qro 400/Nicolás de San Luis Montañez,20.393951284489,-100.26892862834
4299,81.44833333333334,418,C74,3,41,4,Con transbordo,418 → 396 → 333 → 319,C74 → T16 → C42 → C24,Carr. 400/San Fandila → Av. del Parque/Blvd. Centro Sur → Vicente Guerrero,"[""4299"", ""4300"", ""4301"", ""4302"", ""4303"", ""4304"", ""4305"", ""4306"", ""4082"", ""5176"", ""4083"", ""4084"", ""4127"", ""4423"", ""4315"", ""2625"", ""3577"", ""5107"", ""2519"", ""3578"", ""2216"", ""2217"", ""2218"", ""2219"", ""2032"", ""2023"", ""2024"", ""2856"", ""1918"", ""1919"", ""1920"", ""1921"", ""4241"", ""2310"", ""2311"", ""2312"", ""2313"", ""2314"", ""2315"", ""5194"", ""ESTACION_CORREGIDORA_SUR""]","[""418"", ""418"", ""418"", ""418"", ""418"", ""418"", ""418"", ""418"", ""418"", ""418"", ""396"", ""396"", ""396"", ""396"", ""396"", ""396"", ""396"", ""333"", ""333"", ""333"", ""333"", ""333"", ""333"", ""333"", ""333"", ""333"", ""333"", ""333"", ""333"", ""319"", ""319"", ""319"", ""319"", ""319"", ""319"", ""319"", ""319"", ""319"", ""319"", ""CAMINATA""]",5.0,Qro 400/Calle Coahuila,20.391260807886,-100.26796536869
3804,81.58166666666665,382,T14,2,40,3,Con transbordo,382 → 325 → 319,T14 → C34 → C24,Bicentenario → Av. Tecnológico/Itq,"[""3804"", ""3805"", ""3806"", ""3867"", ""3868"", ""3869"", ""3870"", ""3871"", ""3872"", ""3807"", ""3873"", ""3874"", ""3875"", ""3808"", ""3809"", ""3810"", ""3811"", ""3812"", ""4404"", ""3813"", ""5104"", ""1476"", ""1472"", ""1471"", ""1470"", ""1469"", ""1439"", ""1438"", ""2537"", ""1920"", ""1921"", ""4241"", ""2310"", ""2311"", ""2312"", ""2313"", ""2314"", ""2315"", ""5194"", ""ESTACION_CORREGIDORA_SUR""]","[""382"", ""382"", ""382"", ""382"", ""382"", ""382"", ""382"", ""382"", ""382"", ""382"", ""382"", ""382"", ""382"", ""382"", ""382"", ""382"", ""382"", ""382"", ""382"", ""382"", ""382"", ""325"", ""325"", ""325"", ""325"", ""325"", ""325"", ""325"", ""325"", ""325"", ""325"", ""325"", ""325"", ""325"", ""325"", ""319"", ""319"", ""319"", ""CAMINATA""]",5.0,Av. Panamericana/Plaza Principal Alvaro Tejeida,20.503368415112,-100.14662246067
4298,81.99833333333333,418,C74,3,42,4,Con transbordo,418 → 396 → 333 → 319,C74 → T16 → C42 → C24,Carr. 400/San Fandila → Av. del Parque/Blvd. Centro Sur → Vicente Guerrero,"[""4298"", ""4299"", ""4300"", ""4301"", ""4302"", ""4303"", ""4304"", ""4305"", ""4306"", ""4082"", ""5176"", ""4083"", ""4084"", ""4127"", ""4423"", ""4315"", ""2625"", ""3577"", ""5107"", ""2519"", ""3578"", ""2216"", ""2217"", ""2218"", ""2219"", ""2032"", ""2023"", ""2024"", ""2856"", ""1918"", ""1919"", ""1920"", ""1921"", ""4241"", ""2310"", ""2311"", ""2312"", ""2313"", ""2314"", ""2315"", ""5194"", ""ESTACION_CORREGIDORA_SUR""]","[""418"", ""418"", ""418"", ""418"", ""418"", ""418"", ""418"", ""418"", ""418"", ""418"", ""418"", ""396"", ""396"", ""396"", ""396"", ""396"", ""396"", ""396"", ""333"", ""333"", ""333"", ""333"", ""333"", ""333"", ""333"", ""333"", ""333"", ""333"", ""333"", ""333"", ""319"", ""319"", ""319"", ""319"", ""319"", ""319"", ""319"", ""319"", ""319"", ""319"", ""CAMINATA""]",5.0,Qro 400/ Calle Estado de México,20.387332576063,-100.26643479371
3803,82.03166666666665,382,T14,2,41,3,Con transbordo,382 → 325 → 319,T14 → C34 → C24,Bicentenario → Av. Tecnológico/Itq,"[""3803"", ""3804"", ""3805"", ""3806"", ""3867"", ""3868"", ""3869"", ""3870"", ""3871"", ""3872"", ""3807"", ""3873"", ""3874"", ""3875"", ""3808"", ""3809"", ""3810"", ""3811"", ""3812"", ""4404"", ""3813"", ""5104"", ""1476"", ""1472"", ""1471"", ""1470"", ""1469"", ""1439"", ""1438"", ""2537"", ""1920"", ""1921"", ""4241"", ""2310"", ""2311"", ""2312"", ""2313"", ""2314"", ""2315"", ""5194"", ""ESTACION_CORREGIDORA_SUR""]","[""382"", ""382"", ""382"", ""382"", ""382"", ""382"", ""382"", ""382"", ""382"", ""382"", ""382"", ""382"", ""382"", ""382"", ""382"", ""382"", ""382"", ""382"", ""382"", ""382"", ""382"", ""382"", ""325"", ""325"", ""325"", ""325"", ""325"", ""325"", ""325"", ""325"", ""325"", ""325"", ""325"", ""325"", ""325"", ""325"", ""319"", ""319"", ""319"", ""CAMINATA""]",5.0,Av. Panamericana/Blvd. Reforma,20.502058892985,-100.14492055663
4352,82.48166666666667,333,C42,1,36,2,Con transbordo,333 → 319,C42 → C24,Vicente Guerrero,"[""4352"", ""4353"", ""4354"", ""2622"", ""4355"", ""2623"", ""4356"", ""2624"", ""5091"", ""4315"", ""2625"", ""3577"", ""5107"", ""2519"", ""3578"", ""2216"", ""2217"", ""2218"", ""2219"", ""2032"", ""2023"", ""2024"", ""2856"", ""1918"", ""1919"", ""1920"", ""1921"", ""4241"", ""2310"", ""2311"", ""2312"", ""2313"", ""2314"", ""2315"", ""5194"", ""ESTACION_CORREGIDORA_SUR""]","[""333"", ""333"", ""333"", ""333"", ""333"", ""333"", ""333"", ""333"", ""333"", ""333"", ""333"", ""333"", ""333"", ""333"", ""333"", ""333"", ""333"", ""333"", ""333"", ""333"", ""333"", ""333"", ""333"", ""333"", ""319"", ""319"", ""319"", ""319"", ""319"", ""319"", ""319"", ""319"", ""319"", ""319"", ""CAMINATA""]",5.0,Qro 431/Av. del Marqués,20.568429843312,-100.26368658224
4297,82.59833333333333,418,C74,3,43,4,Con transbordo,418 → 396 → 333 → 319,C74 → T16 → C42 → C24,Carr. 400/San Fandila → Av. del Parque/Blvd. Centro Sur → Vicente Guerrero,"[""4297"", ""4298"", ""4299"", ""4300"", ""4301"", ""4302"", ""4303"", ""4304"", ""4305"", ""4306"", ""4082"", ""5176"", ""4083"", ""4084"", ""4127"", ""4423"", ""4315"", ""2625"", ""3577"", ""5107"", ""2519"", ""3578"", ""2216"", ""2217"", ""2218"", ""2219"", ""2032"", ""2023"", ""2024"", ""2856"", ""1918"", ""1919"", ""1920"", ""1921"", ""4241"", ""2310"", ""2311"", ""2312"", ""2313"", ""2314"", ""2315"", ""5194"", ""ESTACION_CORREGIDORA_SUR""]","[""418"", ""418"", ""418"", ""418"", ""418"", ""418"", ""418"", ""418"", ""418"", ""418"", ""418"", ""418"", ""396"", ""396"", ""396"", ""396"", ""396"", ""396"", ""396"", ""333"", ""333"", ""333"", ""333"", ""333"", ""333"", ""333"", ""333"", ""333"", ""333"", ""333"", ""333"", ""319"", ""319"", ""319"", ""319"", ""319"", ""319"", ""319"", ""319"", ""319"", ""319"", ""CAMINATA""]",5.0,Qro 400/Calle Miguel Hidalgo,20.383074609506,-100.264922002
3802,82.61499999999998,382,T14,2,42,3,Con transbordo,382 → 325 → 319,T14 → C34 → C24,Bicentenario → Av. Tecnológico/Itq,"[""3802"", ""3803"", ""3804"", ""3805"", ""3806"", ""3867"", ""3868"", ""3869"", ""3870"", ""3871"", ""3872"", ""3807"", ""3873"", ""3874"", ""3875"", ""3808"", ""3809"", ""3810"", ""3811"", ""3812"", ""4404"", ""3813"", ""5104"", ""1476"", ""1472"", ""1471"", ""1470"", ""1469"", ""1439"", ""1438"", ""2537"", ""1920"", ""1921"", ""4241"", ""2310"", ""2311"", ""2312"", ""2313"", ""2314"", ""2315"", ""5194"", ""ESTACION_CORREGIDORA_SUR""]","[""382"", ""382"", ""382"", ""382"", ""382"", ""382"", ""382"", ""382"", ""382"", ""382"", ""382"", ""382"", ""382"", ""382"", ""382"", ""382"", ""382"", ""382"", ""382"", ""382"", ""382"", ""382"", ""382"", ""325"", ""325"", ""325"", ""325"", ""325"", ""325"", ""325"", ""325"", ""325"", ""325"", ""325"", ""325"", ""325"", ""325"", ""319"", ""319"", ""319"", ""CAMINATA""]",5.0,Av. Panamericana/Caja Bienestar,20.500376290043,-100.14276301058
4059,82.99833333333332,352,C64,2,35,3,Con transbordo,352 → 333 → 319,C64 → C42 → C24,Universidad Politécnica de Querétaro → Vicente Guerrero,"[""4059"", ""4354"", ""2622"", ""4355"", ""2623"", ""4356"", ""2624"", ""5091"", ""4315"", ""2625"", ""3577"", ""5107"", ""2519"", ""3578"", ""2216"", ""2217"", ""2218"", ""2219"", ""2032"", ""2023"", ""2024"", ""2856"", ""1918"", ""1919"", ""1920"", ""1921"", ""4241"", ""2310"", ""2311"", ""2312"", ""2313"", ""2314"", ""2315"", ""5194"", ""ESTACION_CORREGIDORA_SUR""]","[""352"", ""352"", ""352"", ""352"", ""333"", ""333"", ""333"", ""333"", ""333"", ""333"", ""333"", ""333"", ""333"", ""333"", ""333"", ""333"", ""333"", ""333"", ""333"", ""333"", ""333"", ""333"", ""333"", ""319"", ""319"", ""319"", ""319"", ""319"", ""319"", ""319"", ""319"", ""319"", ""319"", ""CAMINATA""]",5.0,Av. de Las Misiones/Misión de Bucareli,20.56075965,-100.2768058
3801,83.03166666666665,382,T14,2,43,3,Con transbordo,382 → 325 → 319,T14 → C34 → C24,Bicentenario → Av. Tecnológico/Itq,"[""3801"", ""3802"", ""3803"", ""3804"", ""3805"", ""3806"", ""3867"", ""3868"", ""3869"", ""3870"", ""3871"", ""3872"", ""3807"", ""3873"", ""3874"", ""3875"", ""3808"", ""3809"", ""3810"", ""3811"", ""3812"", ""4404"", ""3813"", ""5104"", ""1476"", ""1472"", ""1471"", ""1470"", ""1469"", ""1439"", ""1438"", ""2537"", ""1920"", ""1921"", ""4241"", ""2310"", ""2311"", ""2312"", ""2313"", ""2314"", ""2315"", ""5194"", ""ESTACION_CORREGIDORA_SUR""]","[""382"", ""382"", ""382"", ""382"", ""382"", ""382"", ""382"", ""382"", ""382"", ""382"", ""382"", ""382"", ""382"", ""382"", ""382"", ""382"", ""382"", ""382"", ""382"", ""382"", ""382"", ""382"", ""382"", ""382"", ""325"", ""325"", ""325"", ""325"", ""325"", ""325"", ""325"", ""325"", ""325"", ""325"", ""325"", ""325"", ""325"", ""325"", ""319"", ""319"", ""319"", ""CAMINATA""]",5.0,de la Eta/Los Pinos,20.498821016034,-100.14394444276
4296,83.24,418,C74,3,44,4,Con transbordo,418 → 396 → 333 → 319,C74 → T16 → C42 → C24,Carr. 400/San Fandila → Av. del Parque/Blvd. Centro Sur → Vicente Guerrero,"[""4296"", ""4297"", ""4298"", ""4299"", ""4300"", ""4301"", ""4302"", ""4303"", ""4304"", ""4305"", ""4306"", ""4082"", ""5176"", ""4083"", ""4084"", ""4127"", ""4423"", ""4315"", ""2625"", ""3577"", ""5107"", ""2519"", ""3578"", ""2216"", ""2217"", ""2218"", ""2219"", ""2032"", ""2023"", ""2024"", ""2856"", ""1918"", ""1919"", ""1920"", ""1921"", ""4241"", ""2310"", ""2311"", ""2312"", ""2313"", ""2314"", ""2315"", ""5194"", ""ESTACION_CORREGIDORA_SUR""]","[""418"", ""418"", ""418"", ""418"", ""418"", ""418"", ""418"", ""418"", ""418"", ""418"", ""418"", ""418"", ""418"", ""396"", ""396"", ""396"", ""396"", ""396"", ""396"", ""396"", ""333"", ""333"", ""333"", ""333"", ""333"", ""333"", ""333"", ""333"", ""333"", ""333"", ""333"", ""333"", ""319"", ""319"", ""319"", ""319"", ""319"", ""319"", ""319"", ""319"", ""319"", ""319"", ""CAMINATA""]",5.0,Qro 400/Calle Nayarit,20.378394255406,-100.26362990294
3800,83.34833333333331,382,T14,2,44,3,Con transbordo,382 → 325 → 319,T14 → C34 → C24,Bicentenario → Av. Tecnológico/Itq,"[""3800"", ""3801"", ""3802"", ""3803"", ""3804"", ""3805"", ""3806"", ""3867"", ""3868"", ""3869"", ""3870"", ""3871"", ""3872"", ""3807"", ""3873"", ""3874"", ""3875"", ""3808"", ""3809"", ""3810"", ""3811"", ""3812"", ""4404"", ""3813"", ""5104"", ""1476"", ""1472"", ""1471"", ""1470"", ""1469"", ""1439"", ""1438"", ""2537"", ""1920"", ""1921"", ""4241"", ""2310"", ""2311"", ""2312"", ""2313"", ""2314"", ""2315"", ""5194"", ""ESTACION_CORREGIDORA_SUR""]","[""382"", ""382"", ""382"", ""382"", ""382"", ""382"", ""382"", ""382"", ""382"", ""382"", ""382"", ""382"", ""382"", ""382"", ""382"", ""382"", ""382"", ""382"", ""382"", ""382"", ""382"", ""382"", ""382"", ""382"", ""382"", ""325"", ""325"", ""325"", ""325"", ""325"", ""325"", ""325"", ""325"", ""325"", ""325"", ""325"", ""325"", ""325"", ""325"", ""319"", ""319"", ""319"", ""CAMINATA""]",5.0,14 de Febrero/De la Eta,20.499674793392,-100.14517351276
4295,83.66499999999999,418,C74,3,45,4,Con transbordo,418 → 396 → 333 → 319,C74 → T16 → C42 → C24,Carr. 400/San Fandila → Av. del Parque/Blvd. Centro Sur → Vicente Guerrero,"[""4295"", ""4296"", ""4297"", ""4298"", ""4299"", ""4300"", ""4301"", ""4302"", ""4303"", ""4304"", ""4305"", ""4306"", ""4082"", ""5176"", ""4083"", ""4084"", ""4127"", ""4423"", ""4315"", ""2625"", ""3577"", ""5107"", ""2519"", ""3578"", ""2216"", ""2217"", ""2218"", ""2219"", ""2032"", ""2023"", ""2024"", ""2856"", ""1918"", ""1919"", ""1920"", ""1921"", ""4241"", ""2310"", ""2311"", ""2312"", ""2313"", ""2314"", ""2315"", ""5194"", ""ESTACION_CORREGIDORA_SUR""]","[""418"", ""418"", ""418"", ""418"", ""418"", ""418"", ""418"", ""418"", ""418"", ""418"", ""418"", ""418"", ""418"", ""418"", ""396"", ""396"", ""396"", ""396"", ""396"", ""396"", ""396"", ""333"", ""333"", ""333"", ""333"", ""333"", ""333"", ""333"", ""333"", ""333"", ""333"", ""333"", ""333"", ""319"", ""319"", ""319"", ""319"", ""319"", ""319"", ""319"", ""319"", ""319"", ""319"", ""CAMINATA""]",5.0,Calle Reforma Oriente,20.377641233702,-100.26691330963
3799,83.76499999999999,382,T14,2,45,3,Con transbordo,382 → 325 → 319,T14 → C34 → C24,Bicentenario → Av. Tecnológico/Itq,"[""3799"", ""3800"", ""3801"", ""3802"", ""3803"", ""3804"", ""3805"", ""3806"", ""3867"", ""3868"", ""3869"", ""3870"", ""3871"", ""3872"", ""3807"", ""3873"", ""3874"", ""3875"", ""3808"", ""3809"", ""3810"", ""3811"", ""3812"", ""4404"", ""3813"", ""5104"", ""1476"", ""1472"", ""1471"", ""1470"", ""1469"", ""1439"", ""1438"", ""2537"", ""1920"", ""1921"", ""4241"", ""2310"", ""2311"", ""2312"", ""2313"", ""2314"", ""2315"", ""5194"", ""ESTACION_CORREGIDORA_SUR""]","[""382"", ""382"", ""382"", ""382"", ""382"", ""382"", ""382"", ""382"", ""382"", ""382"", ""382"", ""382"", ""382"", ""382"", ""382"", ""382"", ""382"", ""382"", ""382"", ""382"", ""382"", ""382"", ""382"", ""382"", ""382"", ""382"", ""325"", ""325"", ""325"", ""325"", ""325"", ""325"", ""325"", ""325"", ""325"", ""325"", ""325"", ""325"", ""325"", ""325"", ""319"", ""319"", ""319"", ""CAMINATA""]",5.0,14 de Febrero/Cedros,20.497929485568,-100.14587353281
4058,83.98166666666665,352,C64,2,36,3,Con transbordo,352 → 333 → 319,C64 → C42 → C24,Universidad Politécnica de Querétaro → Vicente Guerrero,"[""4058"", ""4059"", ""4354"", ""2622"", ""4355"", ""2623"", ""4356"", ""2624"", ""5091"", ""4315"", ""2625"", ""3577"", ""5107"", ""2519"", ""3578"", ""2216"", ""2217"", ""2218"", ""2219"", ""2032"", ""2023"", ""2024"", ""2856"", ""1918"", ""1919"", ""1920"", ""1921"", ""4241"", ""2310"", ""2311"", ""2312"", ""2313"", ""2314"", ""2315"", ""5194"", ""ESTACION_CORREGIDORA_SUR""]","[""352"", ""352"", ""352"", ""352"", ""352"", ""333"", ""333"", ""333"", ""333"", ""333"", ""333"", ""333"", ""333"", ""333"", ""333"", ""333"", ""333"", ""333"", ""333"", ""333"", ""333"", ""333"", ""333"", ""333"", ""319"", ""319"", ""319"", ""319"", ""319"", ""319"", ""319"", ""319"", ""319"", ""319"", ""CAMINATA""]",5.0,Av. del Marqués/Av. Las Misiones,20.562247,-100.281778
4294,84.12333333333332,418,C74,3,46,4,Con transbordo,418 → 396 → 333 → 319,C74 → T16 → C42 → C24,Carr. 400/San Fandila → Av. del Parque/Blvd. Centro Sur → Vicente Guerrero,"[""4294"", ""4295"", ""4296"", ""4297"", ""4298"", ""4299"", ""4300"", ""4301"", ""4302"", ""4303"", ""4304"", ""4305"", ""4306"", ""4082"", ""5176"", ""4083"", ""4084"", ""4127"", ""4423"", ""4315"", ""2625"", ""3577"", ""5107"", ""2519"", ""3578"", ""2216"", ""2217"", ""2218"", ""2219"", ""2032"", ""2023"", ""2024"", ""2856"", ""1918"", ""1919"", ""1920"", ""1921"", ""4241"", ""2310"", ""2311"", ""2312"", ""2313"", ""2314"", ""2315"", ""5194"", ""ESTACION_CORREGIDORA_SUR""]","[""418"", ""418"", ""418"", ""418"", ""418"", ""418"", ""418"", ""418"", ""418"", ""418"", ""418"", ""418"", ""418"", ""418"", ""418"", ""396"", ""396"", ""396"", ""396"", ""396"", ""396"", ""396"", ""333"", ""333"", ""333"", ""333"", ""333"", ""333"", ""333"", ""333"", ""333"", ""333"", ""333"", ""333"", ""319"", ""319"", ""319"", ""319"", ""319"", ""319"", ""319"", ""319"", ""319"", ""319"", ""CAMINATA""]",5.0,Calle Reforma Oriente/Centro de Salud Huimilpan,20.376237149554,-100.27024937756
3798,84.61499999999998,382,T14,2,46,3,Con transbordo,382 → 325 → 319,T14 → C34 → C24,Bicentenario → Av. Tecnológico/Itq,"[""3798"", ""3799"", ""3800"", ""3801"", ""3802"", ""3803"", ""3804"", ""3805"", ""3806"", ""3867"", ""3868"", ""3869"", ""3870"", ""3871"", ""3872"", ""3807"", ""3873"", ""3874"", ""3875"", ""3808"", ""3809"", ""3810"", ""3811"", ""3812"", ""4404"", ""3813"", ""5104"", ""1476"", ""1472"", ""1471"", ""1470"", ""1469"", ""1439"", ""1438"", ""2537"", ""1920"", ""1921"", ""4241"", ""2310"", ""2311"", ""2312"", ""2313"", ""2314"", ""2315"", ""5194"", ""ESTACION_CORREGIDORA_SUR""]","[""382"", ""382"", ""382"", ""382"", ""382"", ""382"", ""382"", ""382"", ""382"", ""382"", ""382"", ""382"", ""382"", ""382"", ""382"", ""382"", ""382"", ""382"", ""382"", ""382"", ""382"", ""382"", ""382"", ""382"", ""382"", ""382"", ""382"", ""325"", ""325"", ""325"", ""325"", ""325"", ""325"", ""325"", ""325"", ""325"", ""325"", ""325"", ""325"", ""325"", ""325"", ""319"", ""319"", ""319"", ""CAMINATA""]",5.0,Libramiento Sur/Unidad Médica Familiar No. 5,20.494168769288,-100.14483506601
4057,85.01499999999999,352,C64,2,37,3,Con transbordo,352 → 333 → 319,C64 → C42 → C24,Universidad Politécnica de Querétaro → Vicente Guerrero,"[""4057"", ""4058"", ""4059"", ""4354"", ""2622"", ""4355"", ""2623"", ""4356"", ""2624"", ""5091"", ""4315"", ""2625"", ""3577"", ""5107"", ""2519"", ""3578"", ""2216"", ""2217"", ""2218"", ""2219"", ""2032"", ""2023"", ""2024"", ""2856"", ""1918"", ""1919"", ""1920"", ""1921"", ""4241"", ""2310"", ""2311"", ""2312"", ""2313"", ""2314"", ""2315"", ""5194"", ""ESTACION_CORREGIDORA_SUR""]","[""352"", ""352"", ""352"", ""352"", ""352"", ""352"", ""333"", ""333"", ""333"", ""333"", ""333"", ""333"", ""333"", ""333"", ""333"", ""333"", ""333"", ""333"", ""333"", ""333"", ""333"", ""333"", ""333"", ""333"", ""333"", ""319"", ""319"", ""319"", ""319"", ""319"", ""319"", ""319"", ""319"", ""319"", ""319"", ""CAMINATA""]",5.0,Av. del Marqués/Misión de Bucareli,20.56317299,-100.2764158
3797,85.03166666666665,382,T14,2,47,3,Con transbordo,382 → 325 → 319,T14 → C34 → C24,Bicentenario → Av. Tecnológico/Itq,"[""3797"", ""3798"", ""3799"", ""3800"", ""3801"", ""3802"", ""3803"", ""3804"", ""3805"", ""3806"", ""3867"", ""3868"", ""3869"", ""3870"", ""3871"", ""3872"", ""3807"", ""3873"", ""3874"", ""3875"", ""3808"", ""3809"", ""3810"", ""3811"", ""3812"", ""4404"", ""3813"", ""5104"", ""1476"", ""1472"", ""1471"", ""1470"", ""1469"", ""1439"", ""1438"", ""2537"", ""1920"", ""1921"", ""4241"", ""2310"", ""2311"", ""2312"", ""2313"", ""2314"", ""2315"", ""5194"", ""ESTACION_CORREGIDORA_SUR""]","[""382"", ""382"", ""382"", ""382"", ""382"", ""382"", ""382"", ""382"", ""382"", ""382"", ""382"", ""382"", ""382"", ""382"", ""382"", ""382"", ""382"", ""382"", ""382"", ""382"", ""382"", ""382"", ""382"", ""382"", ""382"", ""382"", ""382"", ""382"", ""325"", ""325"", ""325"", ""325"", ""325"", ""325"", ""325"", ""325"", ""325"", ""325"", ""325"", ""325"", ""325"", ""325"", ""319"", ""319"", ""319"", ""CAMINATA""]",5.0,Libramiento Sur/Camino A Lira,20.494949817509,-100.14666599062
4351,85.08166666666666,333,C42,1,37,2,Con transbordo,333 → 319,C42 → C24,Vicente Guerrero,"[""4351"", ""4352"", ""4353"", ""4354"", ""2622"", ""4355"", ""2623"", ""4356"", ""2624"", ""5091"", ""4315"", ""2625"", ""3577"", ""5107"", ""2519"", ""3578"", ""2216"", ""2217"", ""2218"", ""2219"", ""2032"", ""2023"", ""2024"", ""2856"", ""1918"", ""1919"", ""1920"", ""1921"", ""4241"", ""2310"", ""2311"", ""2312"", ""2313"", ""2314"", ""2315"", ""5194"", ""ESTACION_CORREGIDORA_SUR""]","[""333"", ""333"", ""333"", ""333"", ""333"", ""333"", ""333"", ""333"", ""333"", ""333"", ""333"", ""333"", ""333"", ""333"", ""333"", ""333"", ""333"", ""333"", ""333"", ""333"", ""333"", ""333"", ""333"", ""333"", ""333"", ""319"", ""319"", ""319"", ""319"", ""319"", ""319"", ""319"", ""319"", ""319"", ""319"", ""CAMINATA""]",5.0,Qro 210/Qro 431,20.574124915591,-100.2586412019
3905,85.69833333333332,382,T14,2,48,3,Con transbordo,382 → 325 → 319,T14 → C34 → C24,Bicentenario → Av. Tecnológico/Itq,"[""3905"", ""3797"", ""3798"", ""3799"", ""3800"", ""3801"", ""3802"", ""3803"", ""3804"", ""3805"", ""3806"", ""3867"", ""3868"", ""3869"", ""3870"", ""3871"", ""3872"", ""3807"", ""3873"", ""3874"", ""3875"", ""3808"", ""3809"", ""3810"", ""3811"", ""3812"", ""4404"", ""3813"", ""5104"", ""1476"", ""1472"", ""1471"", ""1470"", ""1469"", ""1439"", ""1438"", ""2537"", ""1920"", ""1921"", ""4241"", ""2310"", ""2311"", ""2312"", ""2313"", ""2314"", ""2315"", ""5194"", ""ESTACION_CORREGIDORA_SUR""]","[""382"", ""382"", ""382"", ""382"", ""382"", ""382"", ""382"", ""382"", ""382"", ""382"", ""382"", ""382"", ""382"", ""382"", ""382"", ""382"", ""382"", ""382"", ""382"", ""382"", ""382"", ""382"", ""382"", ""382"", ""382"", ""382"", ""382"", ""382"", ""382"", ""325"", ""325"", ""325"", ""325"", ""325"", ""325"", ""325"", ""325"", ""325"", ""325"", ""325"", ""325"", ""325"", ""325"", ""319"", ""319"", ""319"", ""CAMINATA""]",5.0,Camino A la Lira/Cecyteq 89,20.492010965416,-100.14747390494
3904,86.21499999999999,382,T14,2,49,3,Con transbordo,382 → 325 → 319,T14 → C34 → C24,Bicentenario → Av. Tecnológico/Itq,"[""3904"", ""3905"", ""3797"", ""3798"", ""3799"", ""3800"", ""3801"", ""3802"", ""3803"", ""3804"", ""3805"", ""3806"", ""3867"", ""3868"", ""3869"", ""3870"", ""3871"", ""3872"", ""3807"", ""3873"", ""3874"", ""3875"", ""3808"", ""3809"", ""3810"", ""3811"", ""3812"", ""4404"", ""3813"", ""5104"", ""1476"", ""1472"", ""1471"", ""1470"", ""1469"", ""1439"", ""1438"", ""2537"", ""1920"", ""1921"", ""4241"", ""2310"", ""2311"", ""2312"", ""2313"", ""2314"", ""2315"", ""5194"", ""ESTACION_CORREGIDORA_SUR""]","[""382"", ""382"", ""382"", ""382"", ""382"", ""382"", ""382"", ""382"", ""382"", ""382"", ""382"", ""382"", ""382"", ""382"", ""382"", ""382"", ""382"", ""382"", ""382"", ""382"", ""382"", ""382"", ""382"", ""382"", ""382"", ""382"", ""382"", ""382"", ""382"", ""382"", ""325"", ""325"", ""325"", ""325"", ""325"", ""325"", ""325"", ""325"", ""325"", ""325"", ""325"", ""325"", ""325"", ""325"", ""319"", ""319"", ""319"", ""CAMINATA""]",5.0,Camino A la Lira/La Avenida San Pedro,20.489733943108,-100.14811578477
4056,86.29833333333332,352,C64,2,38,3,Con transbordo,352 → 333 → 319,C64 → C42 → C24,Universidad Politécnica de Querétaro → Vicente Guerrero,"[""4056"", ""4057"", ""4058"", ""4059"", ""4354"", ""2622"", ""4355"", ""2623"", ""4356"", ""2624"", ""5091"", ""4315"", ""2625"", ""3577"", ""5107"", ""2519"", ""3578"", ""2216"", ""2217"", ""2218"", ""2219"", ""2032"", ""2023"", ""2024"", ""2856"", ""1918"", ""1919"", ""1920"", ""1921"", ""4241"", ""2310"", ""2311"", ""2312"", ""2313"", ""2314"", ""2315"", ""5194"", ""ESTACION_CORREGIDORA_SUR""]","[""352"", ""352"", ""352"", ""352"", ""352"", ""352"", ""352"", ""333"", ""333"", ""333"", ""333"", ""333"", ""333"", ""333"", ""333"", ""333"", ""333"", ""333"", ""333"", ""333"", ""333"", ""333"", ""333"", ""333"", ""333"", ""333"", ""319"", ""319"", ""319"", ""319"", ""319"", ""319"", ""319"", ""319"", ""319"", ""319"", ""CAMINATA""]",5.0,Av. la Cañada/Av. Acueducto,20.56740071,-100.2713663
2621,86.29833333333333,333,C42,1,38,2,Con transbordo,333 → 319,C42 → C24,Vicente Guerrero,"[""2621"", ""4351"", ""4352"", ""4353"", ""4354"", ""2622"", ""4355"", ""2623"", ""4356"", ""2624"", ""5091"", ""4315"", ""2625"", ""3577"", ""5107"", ""2519"", ""3578"", ""2216"", ""2217"", ""2218"", ""2219"", ""2032"", ""2023"", ""2024"", ""2856"", ""1918"", ""1919"", ""1920"", ""1921"", ""4241"", ""2310"", ""2311"", ""2312"", ""2313"", ""2314"", ""2315"", ""5194"", ""ESTACION_CORREGIDORA_SUR""]","[""333"", ""333"", ""333"", ""333"", ""333"", ""333"", ""333"", ""333"", ""333"", ""333"", ""333"", ""333"", ""333"", ""333"", ""333"", ""333"", ""333"", ""333"", ""333"", ""333"", ""333"", ""333"", ""333"", ""333"", ""333"", ""333"", ""319"", ""319"", ""319"", ""319"", ""319"", ""319"", ""319"", ""319"", ""319"", ""319"", ""CAMINATA""]",5.0,Carr. Estatal 210/Calle Arroyo Seco,20.57706908,-100.2567248
3796,86.74833333333332,382,T14,2,47,3,Con transbordo,382 → 325 → 319,T14 → C34 → C24,Bicentenario → Av. Tecnológico/Itq,"[""3796"", ""3798"", ""3799"", ""3800"", ""3801"", ""3802"", ""3803"", ""3804"", ""3805"", ""3806"", ""3867"", ""3868"", ""3869"", ""3870"", ""3871"", ""3872"", ""3807"", ""3873"", ""3874"", ""3875"", ""3808"", ""3809"", ""3810"", ""3811"", ""3812"", ""4404"", ""3813"", ""5104"", ""1476"", ""1472"", ""1471"", ""1470"", ""1469"", ""1439"", ""1438"", ""2537"", ""1920"", ""1921"", ""4241"", ""2310"", ""2311"", ""2312"", ""2313"", ""2314"", ""2315"", ""5194"", ""ESTACION_CORREGIDORA_SUR""]","[""382"", ""382"", ""382"", ""382"", ""382"", ""382"", ""382"", ""382"", ""382"", ""382"", ""382"", ""382"", ""382"", ""382"", ""382"", ""382"", ""382"", ""382"", ""382"", ""382"", ""382"", ""382"", ""382"", ""382"", ""382"", ""382"", ""382"", ""382"", ""325"", ""325"", ""325"", ""325"", ""325"", ""325"", ""325"", ""325"", ""325"", ""325"", ""325"", ""325"", ""325"", ""325"", ""319"", ""319"", ""319"", ""CAMINATA""]",5.0,14 de Febrero/Fresno,20.497780687665,-100.14606192017
4350,87.14833333333333,333,C42,1,39,2,Con transbordo,333 → 319,C42 → C24,Vicente Guerrero,"[""4350"", ""2621"", ""4351"", ""4352"", ""4353"", ""4354"", ""2622"", ""4355"", ""2623"", ""4356"", ""2624"", ""5091"", ""4315"", ""2625"", ""3577"", ""5107"", ""2519"", ""3578"", ""2216"", ""2217"", ""2218"", ""2219"", ""2032"", ""2023"", ""2024"", ""2856"", ""1918"", ""1919"", ""1920"", ""1921"", ""4241"", ""2310"", ""2311"", ""2312"", ""2313"", ""2314"", ""2315"", ""5194"", ""ESTACION_CORREGIDORA_SUR""]","[""333"", ""333"", ""333"", ""333"", ""333"", ""333"", ""333"", ""333"", ""333"", ""333"", ""333"", ""333"", ""333"", ""333"", ""333"", ""333"", ""333"", ""333"", ""333"", ""333"", ""333"", ""333"", ""333"", ""333"", ""333"", ""333"", ""333"", ""319"", ""319"", ""319"", ""319"", ""319"", ""319"", ""319"", ""319"", ""319"", ""319"", ""CAMINATA""]",5.0,Qro 210/San Joaquín,20.579143478873,-100.2554589826
4055,87.71499999999999,352,C64,2,39,3,Con transbordo,352 → 333 → 319,C64 → C42 → C24,Universidad Politécnica de Querétaro → Vicente Guerrero,"[""4055"", ""4056"", ""4057"", ""4058"", ""4059"", ""4354"", ""2622"", ""4355"", ""2623"", ""4356"", ""2624"", ""5091"", ""4315"", ""2625"", ""3577"", ""5107"", ""2519"", ""3578"", ""2216"", ""2217"", ""2218"", ""2219"", ""2032"", ""2023"", ""2024"", ""2856"", ""1918"", ""1919"", ""1920"", ""1921"", ""4241"", ""2310"", ""2311"", ""2312"", ""2313"", ""2314"", ""2315"", ""5194"", ""ESTACION_CORREGIDORA_SUR""]","[""352"", ""352"", ""352"", ""352"", ""352"", ""352"", ""352"", ""352"", ""333"", ""333"", ""333"", ""333"", ""333"", ""333"", ""333"", ""333"", ""333"", ""333"", ""333"", ""333"", ""333"", ""333"", ""333"", ""333"", ""333"", ""333"", ""333"", ""319"", ""319"", ""319"", ""319"", ""319"", ""319"", ""319"", ""319"", ""319"", ""319"", ""CAMINATA""]",5.0,Av. la Cañada/H&J Evamex,20.56717537,-100.2788857
3903,87.83166666666665,382,T14,2,50,3,Con transbordo,382 → 325 → 319,T14 → C34 → C24,Bicentenario → Av. Tecnológico/Itq,"[""3903"", ""3904"", ""3905"", ""3797"", ""3798"", ""3799"", ""3800"", ""3801"", ""3802"", ""3803"", ""3804"", ""3805"", ""3806"", ""3867"", ""3868"", ""3869"", ""3870"", ""3871"", ""3872"", ""3807"", ""3873"", ""3874"", ""3875"", ""3808"", ""3809"", ""3810"", ""3811"", ""3812"", ""4404"", ""3813"", ""5104"", ""1476"", ""1472"", ""1471"", ""1470"", ""1469"", ""1439"", ""1438"", ""2537"", ""1920"", ""1921"", ""4241"", ""2310"", ""2311"", ""2312"", ""2313"", ""2314"", ""2315"", ""5194"", ""ESTACION_CORREGIDORA_SUR""]","[""382"", ""382"", ""382"", ""382"", ""382"", ""382"", ""382"", ""382"", ""382"", ""382"", ""382"", ""382"", ""382"", ""382"", ""382"", ""382"", ""382"", ""382"", ""382"", ""382"", ""382"", ""382"", ""382"", ""382"", ""382"", ""382"", ""382"", ""382"", ""382"", ""382"", ""382"", ""325"", ""325"", ""325"", ""325"", ""325"", ""325"", ""325"", ""325"", ""325"", ""325"", ""325"", ""325"", ""325"", ""325"", ""319"", ""319"", ""319"", ""CAMINATA""]",5.0,Camino A la Lira/La Roma,20.482560212694,-100.15002172416
4349,87.94833333333332,333,C42,1,40,2,Con transbordo,333 → 319,C42 → C24,Vicente Guerrero,"[""4349"", ""4350"", ""2621"", ""4351"", ""4352"", ""4353"", ""4354"", ""2622"", ""4355"", ""2623"", ""4356"", ""2624"", ""5091"", ""4315"", ""2625"", ""3577"", ""5107"", ""2519"", ""3578"", ""2216"", ""2217"", ""2218"", ""2219"", ""2032"", ""2023"", ""2024"", ""2856"", ""1918"", ""1919"", ""1920"", ""1921"", ""4241"", ""2310"", ""2311"", ""2312"", ""2313"", ""2314"", ""2315"", ""5194"", ""ESTACION_CORREGIDORA_SUR""]","[""333"", ""333"", ""333"", ""333"", ""333"", ""333"", ""333"", ""333"", ""333"", ""333"", ""333"", ""333"", ""333"", ""333"", ""333"", ""333"", ""333"", ""333"", ""333"", ""333"", ""333"", ""333"", ""333"", ""333"", ""333"", ""333"", ""333"", ""333"", ""319"", ""319"", ""319"", ""319"", ""319"", ""319"", ""319"", ""319"", ""319"", ""319"", ""CAMINATA""]",5.0,Qro 210/Av. Guadalupe,20.581004630931,-100.25408881172
3795,88.06499999999998,382,T14,2,48,3,Con transbordo,382 → 325 → 319,T14 → C34 → C24,Bicentenario → Av. Tecnológico/Itq,"[""3795"", ""3796"", ""3798"", ""3799"", ""3800"", ""3801"", ""3802"", ""3803"", ""3804"", ""3805"", ""3806"", ""3867"", ""3868"", ""3869"", ""3870"", ""3871"", ""3872"", ""3807"", ""3873"", ""3874"", ""3875"", ""3808"", ""3809"", ""3810"", ""3811"", ""3812"", ""4404"", ""3813"", ""5104"", ""1476"", ""1472"", ""1471"", ""1470"", ""1469"", ""1439"", ""1438"", ""2537"", ""1920"", ""1921"", ""4241"", ""2310"", ""2311"", ""2312"", ""2313"", ""2314"", ""2315"", ""5194"", ""ESTACION_CORREGIDORA_SUR""]","[""382"", ""382"", ""382"", ""382"", ""382"", ""382"", ""382"", ""382"", ""382"", ""382"", ""382"", ""382"", ""382"", ""382"", ""382"", ""382"", ""382"", ""382"", ""382"", ""382"", ""382"", ""382"", ""382"", ""382"", ""382"", ""382"", ""382"", ""382"", ""382"", ""325"", ""325"", ""325"", ""325"", ""325"", ""325"", ""325"", ""325"", ""325"", ""325"", ""325"", ""325"", ""325"", ""325"", ""319"", ""319"", ""319"", ""CAMINATA""]",5.0,14 de Febrero/De la Eta,20.499913376358,-100.1450371096
4348,88.53166666666665,333,C42,1,41,2,Con transbordo,333 → 319,C42 → C24,Vicente Guerrero,"[""4348"", ""4349"", ""4350"", ""2621"", ""4351"", ""4352"", ""4353"", ""4354"", ""2622"", ""4355"", ""2623"", ""4356"", ""2624"", ""5091"", ""4315"", ""2625"", ""3577"", ""5107"", ""2519"", ""3578"", ""2216"", ""2217"", ""2218"", ""2219"", ""2032"", ""2023"", ""2024"", ""2856"", ""1918"", ""1919"", ""1920"", ""1921"", ""4241"", ""2310"", ""2311"", ""2312"", ""2313"", ""2314"", ""2315"", ""5194"", ""ESTACION_CORREGIDORA_SUR""]","[""333"", ""333"", ""333"", ""333"", ""333"", ""333"", ""333"", ""333"", ""333"", ""333"", ""333"", ""333"", ""333"", ""333"", ""333"", ""333"", ""333"", ""333"", ""333"", ""333"", ""333"", ""333"", ""333"", ""333"", ""333"", ""333"", ""333"", ""333"", ""333"", ""319"", ""319"", ""319"", ""319"", ""319"", ""319"", ""319"", ""319"", ""319"", ""319"", ""CAMINATA""]",5.0,Colinas del Lago,20.582210504562,-100.25286355375
4054,88.56499999999998,352,C64,2,40,3,Con transbordo,352 → 333 → 319,C64 → C42 → C24,Universidad Politécnica de Querétaro → Vicente Guerrero,"[""4054"", ""4055"", ""4056"", ""4057"", ""4058"", ""4059"", ""4354"", ""2622"", ""4355"", ""2623"", ""4356"", ""2624"", ""5091"", ""4315"", ""2625"", ""3577"", ""5107"", ""2519"", ""3578"", ""2216"", ""2217"", ""2218"", ""2219"", ""2032"", ""2023"", ""2024"", ""2856"", ""1918"", ""1919"", ""1920"", ""1921"", ""4241"", ""2310"", ""2311"", ""2312"", ""2313"", ""2314"", ""2315"", ""5194"", ""ESTACION_CORREGIDORA_SUR""]","[""352"", ""352"", ""352"", ""352"", ""352"", ""352"", ""352"", ""352"", ""352"", ""333"", ""333"", ""333"", ""333"", ""333"", ""333"", ""333"", ""333"", ""333"", ""333"", ""333"", ""333"", ""333"", ""333"", ""333"", ""333"", ""333"", ""333"", ""333"", ""319"", ""319"", ""319"", ""319"", ""319"", ""319"", ""319"", ""319"", ""319"", ""319"", ""CAMINATA""]",5.0,Av. la Cañada/Av. Santa Rosa de Viterbo,20.56613277,-100.2832247
3794,88.94833333333332,382,T14,2,49,3,Con transbordo,382 → 325 → 319,T14 → C34 → C24,Bicentenario → Av. Tecnológico/Itq,"[""3794"", ""3795"", ""3796"", ""3798"", ""3799"", ""3800"", ""3801"", ""3802"", ""3803"", ""3804"", ""3805"", ""3806"", ""3867"", ""3868"", ""3869"", ""3870"", ""3871"", ""3872"", ""3807"", ""3873"", ""3874"", ""3875"", ""3808"", ""3809"", ""3810"", ""3811"", ""3812"", ""4404"", ""3813"", ""5104"", ""1476"", ""1472"", ""1471"", ""1470"", ""1469"", ""1439"", ""1438"", ""2537"", ""1920"", ""1921"", ""4241"", ""2310"", ""2311"", ""2312"", ""2313"", ""2314"", ""2315"", ""5194"", ""ESTACION_CORREGIDORA_SUR""]","[""382"", ""382"", ""382"", ""382"", ""382"", ""382"", ""382"", ""382"", ""382"", ""382"", ""382"", ""382"", ""382"", ""382"", ""382"", ""382"", ""382"", ""382"", ""382"", ""382"", ""382"", ""382"", ""382"", ""382"", ""382"", ""382"", ""382"", ""382"", ""382"", ""382"", ""325"", ""325"", ""325"", ""325"", ""325"", ""325"", ""325"", ""325"", ""325"", ""325"", ""325"", ""325"", ""325"", ""325"", ""319"", ""319"", ""319"", ""CAMINATA""]",5.0,Prol. Cuauhtémoc/Jardín Reforma,20.501430851274,-100.14539037569
4053,89.08166666666665,352,C64,2,41,3,Con transbordo,352 → 333 → 319,C64 → C42 → C24,Universidad Politécnica de Querétaro → Vicente Guerrero,"[""4053"", ""4054"", ""4055"", ""4056"", ""4057"", ""4058"", ""4059"", ""4354"", ""2622"", ""4355"", ""2623"", ""4356"", ""2624"", ""5091"", ""4315"", ""2625"", ""3577"", ""5107"", ""2519"", ""3578"", ""2216"", ""2217"", ""2218"", ""2219"", ""2032"", ""2023"", ""2024"", ""2856"", ""1918"", ""1919"", ""1920"", ""1921"", ""4241"", ""2310"", ""2311"", ""2312"", ""2313"", ""2314"", ""2315"", ""5194"", ""ESTACION_CORREGIDORA_SUR""]","[""352"", ""352"", ""352"", ""352"", ""352"", ""352"", ""352"", ""352"", ""352"", ""352"", ""333"", ""333"", ""333"", ""333"", ""333"", ""333"", ""333"", ""333"", ""333"", ""333"", ""333"", ""333"", ""333"", ""333"", ""333"", ""333"", ""333"", ""333"", ""333"", ""319"", ""319"", ""319"", ""319"", ""319"", ""319"", ""319"", ""319"", ""319"", ""319"", ""CAMINATA""]",5.0,Av. Santa Rosa de Viterbo/Erreka,20.56399842,-100.2846565
4347,89.18166666666666,333,C42,1,42,2,Con transbordo,333 → 319,C42 → C24,Vicente Guerrero,"[""4347"", ""4348"", ""4349"", ""4350"", ""2621"", ""4351"", ""4352"", ""4353"", ""4354"", ""2622"", ""4355"", ""2623"", ""4356"", ""2624"", ""5091"", ""4315"", ""2625"", ""3577"", ""5107"", ""2519"", ""3578"", ""2216"", ""2217"", ""2218"", ""2219"", ""2032"", ""2023"", ""2024"", ""2856"", ""1918"", ""1919"", ""1920"", ""1921"", ""4241"", ""2310"", ""2311"", ""2312"", ""2313"", ""2314"", ""2315"", ""5194"", ""ESTACION_CORREGIDORA_SUR""]","[""333"", ""333"", ""333"", ""333"", ""333"", ""333"", ""333"", ""333"", ""333"", ""333"", ""333"", ""333"", ""333"", ""333"", ""333"", ""333"", ""333"", ""333"", ""333"", ""333"", ""333"", ""333"", ""333"", ""333"", ""333"", ""333"", ""333"", ""333"", ""333"", ""333"", ""319"", ""319"", ""319"", ""319"", ""319"", ""319"", ""319"", ""319"", ""319"", ""319"", ""CAMINATA""]",5.0,Qro 210/Calle Dolores,20.580530814421,-100.25422972642
4052,89.53166666666665,352,C64,2,42,3,Con transbordo,352 → 333 → 319,C64 → C42 → C24,Universidad Politécnica de Querétaro → Vicente Guerrero,"[""4052"", ""4053"", ""4054"", ""4055"", ""4056"", ""4057"", ""4058"", ""4059"", ""4354"", ""2622"", ""4355"", ""2623"", ""4356"", ""2624"", ""5091"", ""4315"", ""2625"", ""3577"", ""5107"", ""2519"", ""3578"", ""2216"", ""2217"", ""2218"", ""2219"", ""2032"", ""2023"", ""2024"", ""2856"", ""1918"", ""1919"", ""1920"", ""1921"", ""4241"", ""2310"", ""2311"", ""2312"", ""2313"", ""2314"", ""2315"", ""5194"", ""ESTACION_CORREGIDORA_SUR""]","[""352"", ""352"", ""352"", ""352"", ""352"", ""352"", ""352"", ""352"", ""352"", ""352"", ""352"", ""333"", ""333"", ""333"", ""333"", ""333"", ""333"", ""333"", ""333"", ""333"", ""333"", ""333"", ""333"", ""333"", ""333"", ""333"", ""333"", ""333"", ""333"", ""333"", ""319"", ""319"", ""319"", ""319"", ""319"", ""319"", ""319"", ""319"", ""319"", ""319"", ""CAMINATA""]",5.0,Av. C.P. Rafael Sesma Huerta/Nexteer,20.56511745,-100.2867129
4455,89.81499999999998,382,T14,2,51,3,Con transbordo,382 → 325 → 319,T14 → C34 → C24,Bicentenario → Av. Tecnológico/Itq,"[""4455"", ""3903"", ""3904"", ""3905"", ""3797"", ""3798"", ""3799"", ""3800"", ""3801"", ""3802"", ""3803"", ""3804"", ""3805"", ""3806"", ""3867"", ""3868"", ""3869"", ""3870"", ""3871"", ""3872"", ""3807"", ""3873"", ""3874"", ""3875"", ""3808"", ""3809"", ""3810"", ""3811"", ""3812"", ""4404"", ""3813"", ""5104"", ""1476"", ""1472"", ""1471"", ""1470"", ""1469"", ""1439"", ""1438"", ""2537"", ""1920"", ""1921"", ""4241"", ""2310"", ""2311"", ""2312"", ""2313"", ""2314"", ""2315"", ""5194"", ""ESTACION_CORREGIDORA_SUR""]","[""382"", ""382"", ""382"", ""382"", ""382"", ""382"", ""382"", ""382"", ""382"", ""382"", ""382"", ""382"", ""382"", ""382"", ""382"", ""382"", ""382"", ""382"", ""382"", ""382"", ""382"", ""382"", ""382"", ""382"", ""382"", ""382"", ""382"", ""382"", ""382"", ""382"", ""382"", ""382"", ""325"", ""325"", ""325"", ""325"", ""325"", ""325"", ""325"", ""325"", ""325"", ""325"", ""325"", ""325"", ""325"", ""325"", ""319"", ""319"", ""319"", ""CAMINATA""]",5.0,Camino A la Lira/Calle Juan Aldama,20.473785656511,-100.1525065801
4346,89.865,333,C42,1,43,2,Con transbordo,333 → 319,C42 → C24,Vicente Guerrero,"[""4346"", ""4347"", ""4348"", ""4349"", ""4350"", ""2621"", ""4351"", ""4352"", ""4353"", ""4354"", ""2622"", ""4355"", ""2623"", ""4356"", ""2624"", ""5091"", ""4315"", ""2625"", ""3577"", ""5107"", ""2519"", ""3578"", ""2216"", ""2217"", ""2218"", ""2219"", ""2032"", ""2023"", ""2024"", ""2856"", ""1918"", ""1919"", ""1920"", ""1921"", ""4241"", ""2310"", ""2311"", ""2312"", ""2313"", ""2314"", ""2315"", ""5194"", ""ESTACION_CORREGIDORA_SUR""]","[""333"", ""333"", ""333"", ""333"", ""333"", ""333"", ""333"", ""333"", ""333"", ""333"", ""333"", ""333"", ""333"", ""333"", ""333"", ""333"", ""333"", ""333"", ""333"", ""333"", ""333"", ""333"", ""333"", ""333"", ""333"", ""333"", ""333"", ""333"", ""333"", ""333"", ""333"", ""319"", ""319"", ""319"", ""319"", ""319"", ""319"", ""319"", ""319"", ""319"", ""319"", ""CAMINATA""]",5.0,Qro 210/Calle Amealco,20.578665373283,-100.25548445245
4051,90.18166666666666,352,C64,2,43,3,Con transbordo,352 → 333 → 319,C64 → C42 → C24,Universidad Politécnica de Querétaro → Vicente Guerrero,"[""4051"", ""4052"", ""4053"", ""4054"", ""4055"", ""4056"", ""4057"", ""4058"", ""4059"", ""4354"", ""2622"", ""4355"", ""2623"", ""4356"", ""2624"", ""5091"", ""4315"", ""2625"", ""3577"", ""5107"", ""2519"", ""3578"", ""2216"", ""2217"", ""2218"", ""2219"", ""2032"", ""2023"", ""2024"", ""2856"", ""1918"", ""1919"", ""1920"", ""1921"", ""4241"", ""2310"", ""2311"", ""2312"", ""2313"", ""2314"", ""2315"", ""5194"", ""ESTACION_CORREGIDORA_SUR""]","[""352"", ""352"", ""352"", ""352"", ""352"", ""352"", ""352"", ""352"", ""352"", ""352"", ""352"", ""352"", ""333"", ""333"", ""333"", ""333"", ""333"", ""333"", ""333"", ""333"", ""333"", ""333"", ""333"", ""333"", ""333"", ""333"", ""333"", ""333"", ""333"", ""333"", ""333"", ""319"", ""319"", ""319"", ""319"", ""319"", ""319"", ""319"", ""319"", ""319"", ""319"", ""CAMINATA""]",5.0,Av. C.P. Rafael Sesma Huerta/Printpack,20.56831194,-100.287179
3793,90.23166666666665,382,T14,2,50,3,Con transbordo,382 → 325 → 319,T14 → C34 → C24,Bicentenario → Av. Tecnológico/Itq,"[""3793"", ""3794"", ""3795"", ""3796"", ""3798"", ""3799"", ""3800"", ""3801"", ""3802"", ""3803"", ""3804"", ""3805"", ""3806"", ""3867"", ""3868"", ""3869"", ""3870"", ""3871"", ""3872"", ""3807"", ""3873"", ""3874"", ""3875"", ""3808"", ""3809"", ""3810"", ""3811"", ""3812"", ""4404"", ""3813"", ""5104"", ""1476"", ""1472"", ""1471"", ""1470"", ""1469"", ""1439"", ""1438"", ""2537"", ""1920"", ""1921"", ""4241"", ""2310"", ""2311"", ""2312"", ""2313"", ""2314"", ""2315"", ""5194"", ""ESTACION_CORREGIDORA_SUR""]","[""382"", ""382"", ""382"", ""382"", ""382"", ""382"", ""382"", ""382"", ""382"", ""382"", ""382"", ""382"", ""382"", ""382"", ""382"", ""382"", ""382"", ""382"", ""382"", ""382"", ""382"", ""382"", ""382"", ""382"", ""382"", ""382"", ""382"", ""382"", ""382"", ""382"", ""382"", ""325"", ""325"", ""325"", ""325"", ""325"", ""325"", ""325"", ""325"", ""325"", ""325"", ""325"", ""325"", ""325"", ""325"", ""319"", ""319"", ""319"", ""CAMINATA""]",5.0,Prol. Cuauhtémoc/Niños Héroes,20.502886205808,-100.14727584885
4050,90.41499999999999,352,C64,2,44,3,Con transbordo,352 → 333 → 319,C64 → C42 → C24,Universidad Politécnica de Querétaro → Vicente Guerrero,"[""4050"", ""4051"", ""4052"", ""4053"", ""4054"", ""4055"", ""4056"", ""4057"", ""4058"", ""4059"", ""4354"", ""2622"", ""4355"", ""2623"", ""4356"", ""2624"", ""5091"", ""4315"", ""2625"", ""3577"", ""5107"", ""2519"", ""3578"", ""2216"", ""2217"", ""2218"", ""2219"", ""2032"", ""2023"", ""2024"", ""2856"", ""1918"", ""1919"", ""1920"", ""1921"", ""4241"", ""2310"", ""2311"", ""2312"", ""2313"", ""2314"", ""2315"", ""5194"", ""ESTACION_CORREGIDORA_SUR""]","[""352"", ""352"", ""352"", ""352"", ""352"", ""352"", ""352"", ""352"", ""352"", ""352"", ""352"", ""352"", ""352"", ""333"", ""333"", ""333"", ""333"", ""333"", ""333"", ""333"", ""333"", ""333"", ""333"", ""333"", ""333"", ""333"", ""333"", ""333"", ""333"", ""333"", ""333"", ""333"", ""319"", ""319"", ""319"", ""319"", ""319"", ""319"", ""319"", ""319"", ""319"", ""319"", ""CAMINATA""]",5.0,Av. de Las Fuentes/Av. C.P. Rafael Sesma Huerta,20.56937755,-100.2867747
2620,90.96499999999999,333,C42,1,44,2,Con transbordo,333 → 319,C42 → C24,Vicente Guerrero,"[""2620"", ""4346"", ""4347"", ""4348"", ""4349"", ""4350"", ""2621"", ""4351"", ""4352"", ""4353"", ""4354"", ""2622"", ""4355"", ""2623"", ""4356"", ""2624"", ""5091"", ""4315"", ""2625"", ""3577"", ""5107"", ""2519"", ""3578"", ""2216"", ""2217"", ""2218"", ""2219"", ""2032"", ""2023"", ""2024"", ""2856"", ""1918"", ""1919"", ""1920"", ""1921"", ""4241"", ""2310"", ""2311"", ""2312"", ""2313"", ""2314"", ""2315"", ""5194"", ""ESTACION_CORREGIDORA_SUR""]","[""333"", ""333"", ""333"", ""333"", ""333"", ""333"", ""333"", ""333"", ""333"", ""333"", ""333"", ""333"", ""333"", ""333"", ""333"", ""333"", ""333"", ""333"", ""333"", ""333"", ""333"", ""333"", ""333"", ""333"", ""333"", ""333"", ""333"", ""333"", ""333"", ""333"", ""333"", ""333"", ""319"", ""319"", ""319"", ""319"", ""319"", ""319"", ""319"", ""319"", ""319"", ""319"", ""CAMINATA""]",5.0,Carr. Estatal 210/Ruta 122,20.57558511,-100.2574327
3902,91.14833333333331,382,T14,2,52,3,Con transbordo,382 → 325 → 319,T14 → C34 → C24,Bicentenario → Av. Tecnológico/Itq,"[""3902"", ""4455"", ""3903"", ""3904"", ""3905"", ""3797"", ""3798"", ""3799"", ""3800"", ""3801"", ""3802"", ""3803"", ""3804"", ""3805"", ""3806"", ""3867"", ""3868"", ""3869"", ""3870"", ""3871"", ""3872"", ""3807"", ""3873"", ""3874"", ""3875"", ""3808"", ""3809"", ""3810"", ""3811"", ""3812"", ""4404"", ""3813"", ""5104"", ""1476"", ""1472"", ""1471"", ""1470"", ""1469"", ""1439"", ""1438"", ""2537"", ""1920"", ""1921"", ""4241"", ""2310"", ""2311"", ""2312"", ""2313"", ""2314"", ""2315"", ""5194"", ""ESTACION_CORREGIDORA_SUR""]","[""382"", ""382"", ""382"", ""382"", ""382"", ""382"", ""382"", ""382"", ""382"", ""382"", ""382"", ""382"", ""382"", ""382"", ""382"", ""382"", ""382"", ""382"", ""382"", ""382"", ""382"", ""382"", ""382"", ""382"", ""382"", ""382"", ""382"", ""382"", ""382"", ""382"", ""382"", ""382"", ""382"", ""325"", ""325"", ""325"", ""325"", ""325"", ""325"", ""325"", ""325"", ""325"", ""325"", ""325"", ""325"", ""325"", ""325"", ""319"", ""319"", ""319"", ""CAMINATA""]",5.0,Camino A la Lira/La Lira,20.472246585441,-100.15875237812
4049,91.26499999999999,352,C64,2,45,3,Con transbordo,352 → 333 → 319,C64 → C42 → C24,Universidad Politécnica de Querétaro → Vicente Guerrero,"[""4049"", ""4050"", ""4051"", ""4052"", ""4053"", ""4054"", ""4055"", ""4056"", ""4057"", ""4058"", ""4059"", ""4354"", ""2622"", ""4355"", ""2623"", ""4356"", ""2624"", ""5091"", ""4315"", ""2625"", ""3577"", ""5107"", ""2519"", ""3578"", ""2216"", ""2217"", ""2218"", ""2219"", ""2032"", ""2023"", ""2024"", ""2856"", ""1918"", ""1919"", ""1920"", ""1921"", ""4241"", ""2310"", ""2311"", ""2312"", ""2313"", ""2314"", ""2315"", ""5194"", ""ESTACION_CORREGIDORA_SUR""]","[""352"", ""352"", ""352"", ""352"", ""352"", ""352"", ""352"", ""352"", ""352"", ""352"", ""352"", ""352"", ""352"", ""352"", ""333"", ""333"", ""333"", ""333"", ""333"", ""333"", ""333"", ""333"", ""333"", ""333"", ""333"", ""333"", ""333"", ""333"", ""333"", ""333"", ""333"", ""333"", ""333"", ""319"", ""319"", ""319"", ""319"", ""319"", ""319"", ""319"", ""319"", ""319"", ""319"", ""CAMINATA""]",5.0,Av. de Las Fuentes/Av. Los Arcos,20.56987014,-100.2822897
3792,91.365,382,T14,2,51,3,Con transbordo,382 → 325 → 319,T14 → C34 → C24,Bicentenario → Av. Tecnológico/Itq,"[""3792"", ""3793"", ""3794"", ""3795"", ""3796"", ""3798"", ""3799"", ""3800"", ""3801"", ""3802"", ""3803"", ""3804"", ""3805"", ""3806"", ""3867"", ""3868"", ""3869"", ""3870"", ""3871"", ""3872"", ""3807"", ""3873"", ""3874"", ""3875"", ""3808"", ""3809"", ""3810"", ""3811"", ""3812"", ""4404"", ""3813"", ""5104"", ""1476"", ""1472"", ""1471"", ""1470"", ""1469"", ""1439"", ""1438"", ""2537"", ""1920"", ""1921"", ""4241"", ""2310"", ""2311"", ""2312"", ""2313"", ""2314"", ""2315"", ""5194"", ""ESTACION_CORREGIDORA_SUR""]","[""382"", ""382"", ""382"", ""382"", ""382"", ""382"", ""382"", ""382"", ""382"", ""382"", ""382"", ""382"", ""382"", ""382"", ""382"", ""382"", ""382"", ""382"", ""382"", ""382"", ""382"", ""382"", ""382"", ""382"", ""382"", ""382"", ""382"", ""382"", ""382"", ""382"", ""382"", ""382"", ""325"", ""325"", ""325"", ""325"", ""325"", ""325"", ""325"", ""325"", ""325"", ""325"", ""325"", ""325"", ""325"", ""325"", ""319"", ""319"", ""319"", ""CAMINATA""]",5.0,Prol. Cuauhtémoc/De la Eta,20.5041845936,-100.14890757661
3901,91.61499999999998,382,T14,2,53,3,Con transbordo,382 → 325 → 319,T14 → C34 → C24,Bicentenario → Av. Tecnológico/Itq,"[""3901"", ""3902"", ""4455"", ""3903"", ""3904"", ""3905"", ""3797"", ""3798"", ""3799"", ""3800"", ""3801"", ""3802"", ""3803"", ""3804"", ""3805"", ""3806"", ""3867"", ""3868"", ""3869"", ""3870"", ""3871"", ""3872"", ""3807"", ""3873"", ""3874"", ""3875"", ""3808"", ""3809"", ""3810"", ""3811"", ""3812"", ""4404"", ""3813"", ""5104"", ""1476"", ""1472"", ""1471"", ""1470"", ""1469"", ""1439"", ""1438"", ""2537"", ""1920"", ""1921"", ""4241"", ""2310"", ""2311"", ""2312"", ""2313"", ""2314"", ""2315"", ""5194"", ""ESTACION_CORREGIDORA_SUR""]","[""382"", ""382"", ""382"", ""382"", ""382"", ""382"", ""382"", ""382"", ""382"", ""382"", ""382"", ""382"", ""382"", ""382"", ""382"", ""382"", ""382"", ""382"", ""382"", ""382"", ""382"", ""382"", ""382"", ""382"", ""382"", ""382"", ""382"", ""382"", ""382"", ""382"", ""382"", ""382"", ""382"", ""382"", ""325"", ""325"", ""325"", ""325"", ""325"", ""325"", ""325"", ""325"", ""325"", ""325"", ""325"", ""325"", ""325"", ""325"", ""319"", ""319"", ""319"", ""CAMINATA""]",5.0,Niños Héroes/Calle Nicolas Bravo,20.472869688642,-100.16086513946
4454,91.89833333333331,382,T14,2,54,3,Con transbordo,382 → 325 → 319,T14 → C34 → C24,Bicentenario → Av. Tecnológico/Itq,"[""4454"", ""3901"", ""3902"", ""4455"", ""3903"", ""3904"", ""3905"", ""3797"", ""3798"", ""3799"", ""3800"", ""3801"", ""3802"", ""3803"", ""3804"", ""3805"", ""3806"", ""3867"", ""3868"", ""3869"", ""3870"", ""3871"", ""3872"", ""3807"", ""3873"", ""3874"", ""3875"", ""3808"", ""3809"", ""3810"", ""3811"", ""3812"", ""4404"", ""3813"", ""5104"", ""1476"", ""1472"", ""1471"", ""1470"", ""1469"", ""1439"", ""1438"", ""2537"", ""1920"", ""1921"", ""4241"", ""2310"", ""2311"", ""2312"", ""2313"", ""2314"", ""2315"", ""5194"", ""ESTACION_CORREGIDORA_SUR""]","[""382"", ""382"", ""382"", ""382"", ""382"", ""382"", ""382"", ""382"", ""382"", ""382"", ""382"", ""382"", ""382"", ""382"", ""382"", ""382"", ""382"", ""382"", ""382"", ""382"", ""382"", ""382"", ""382"", ""382"", ""382"", ""382"", ""382"", ""382"", ""382"", ""382"", ""382"", ""382"", ""382"", ""382"", ""382"", ""325"", ""325"", ""325"", ""325"", ""325"", ""325"", ""325"", ""325"", ""325"", ""325"", ""325"", ""325"", ""325"", ""325"", ""319"", ""319"", ""319"", ""CAMINATA""]",5.0,Niños Héroes/Av. 16 de Septiembre,20.473079335457,-100.16216674347
3791,91.98166666666665,382,T14,2,52,3,Con transbordo,382 → 325 → 319,T14 → C34 → C24,Bicentenario → Av. Tecnológico/Itq,"[""3791"", ""3792"", ""3793"", ""3794"", ""3795"", ""3796"", ""3798"", ""3799"", ""3800"", ""3801"", ""3802"", ""3803"", ""3804"", ""3805"", ""3806"", ""3867"", ""3868"", ""3869"", ""3870"", ""3871"", ""3872"", ""3807"", ""3873"", ""3874"", ""3875"", ""3808"", ""3809"", ""3810"", ""3811"", ""3812"", ""4404"", ""3813"", ""5104"", ""1476"", ""1472"", ""1471"", ""1470"", ""1469"", ""1439"", ""1438"", ""2537"", ""1920"", ""1921"", ""4241"", ""2310"", ""2311"", ""2312"", ""2313"", ""2314"", ""2315"", ""5194"", ""ESTACION_CORREGIDORA_SUR""]","[""382"", ""382"", ""382"", ""382"", ""382"", ""382"", ""382"", ""382"", ""382"", ""382"", ""382"", ""382"", ""382"", ""382"", ""382"", ""382"", ""382"", ""382"", ""382"", ""382"", ""382"", ""382"", ""382"", ""382"", ""382"", ""382"", ""382"", ""382"", ""382"", ""382"", ""382"", ""382"", ""382"", ""325"", ""325"", ""325"", ""325"", ""325"", ""325"", ""325"", ""325"", ""325"", ""325"", ""325"", ""325"", ""325"", ""325"", ""319"", ""319"", ""319"", ""CAMINATA""]",5.0,Av. Panamericana/Independencia,20.505218465839,-100.14927522213
4453,92.33166666666665,382,T14,2,55,3,Con transbordo,382 → 325 → 319,T14 → C34 → C24,Bicentenario → Av. Tecnológico/Itq,"[""4453"", ""4454"", ""3901"", ""3902"", ""4455"", ""3903"", ""3904"", ""3905"", ""3797"", ""3798"", ""3799"", ""3800"", ""3801"", ""3802"", ""3803"", ""3804"", ""3805"", ""3806"", ""3867"", ""3868"", ""3869"", ""3870"", ""3871"", ""3872"", ""3807"", ""3873"", ""3874"", ""3875"", ""3808"", ""3809"", ""3810"", ""3811"", ""3812"", ""4404"", ""3813"", ""5104"", ""1476"", ""1472"", ""1471"", ""1470"", ""1469"", ""1439"", ""1438"", ""2537"", ""1920"", ""1921"", ""4241"", ""2310"", ""2311"", ""2312"", ""2313"", ""2314"", ""2315"", ""5194"", ""ESTACION_CORREGIDORA_SUR""]","[""382"", ""382"", ""382"", ""382"", ""382"", ""382"", ""382"", ""382"", ""382"", ""382"", ""382"", ""382"", ""382"", ""382"", ""382"", ""382"", ""382"", ""382"", ""382"", ""382"", ""382"", ""382"", ""382"", ""382"", ""382"", ""382"", ""382"", ""382"", ""382"", ""382"", ""382"", ""382"", ""382"", ""382"", ""382"", ""382"", ""325"", ""325"", ""325"", ""325"", ""325"", ""325"", ""325"", ""325"", ""325"", ""325"", ""325"", ""325"", ""325"", ""325"", ""319"", ""319"", ""319"", ""CAMINATA""]",5.0,Calle Josefa Ortiz de Domínguez/Camino A la Lira,20.473554313597,-100.1641943779
4452,92.81499999999998,382,T14,2,56,3,Con transbordo,382 → 325 → 319,T14 → C34 → C24,Bicentenario → Av. Tecnológico/Itq,"[""4452"", ""4453"", ""4454"", ""3901"", ""3902"", ""4455"", ""3903"", ""3904"", ""3905"", ""3797"", ""3798"", ""3799"", ""3800"", ""3801"", ""3802"", ""3803"", ""3804"", ""3805"", ""3806"", ""3867"", ""3868"", ""3869"", ""3870"", ""3871"", ""3872"", ""3807"", ""3873"", ""3874"", ""3875"", ""3808"", ""3809"", ""3810"", ""3811"", ""3812"", ""4404"", ""3813"", ""5104"", ""1476"", ""1472"", ""1471"", ""1470"", ""1469"", ""1439"", ""1438"", ""2537"", ""1920"", ""1921"", ""4241"", ""2310"", ""2311"", ""2312"", ""2313"", ""2314"", ""2315"", ""5194"", ""ESTACION_CORREGIDORA_SUR""]","[""382"", ""382"", ""382"", ""382"", ""382"", ""382"", ""382"", ""382"", ""382"", ""382"", ""382"", ""382"", ""382"", ""382"", ""382"", ""382"", ""382"", ""382"", ""382"", ""382"", ""382"", ""382"", ""382"", ""382"", ""382"", ""382"", ""382"", ""382"", ""382"", ""382"", ""382"", ""382"", ""382"", ""382"", ""382"", ""382"", ""382"", ""325"", ""325"", ""325"", ""325"", ""325"", ""325"", ""325"", ""325"", ""325"", ""325"", ""325"", ""325"", ""325"", ""325"", ""319"", ""319"", ""319"", ""CAMINATA""]",5.0,Calle Josefa Ortiz de Domínguez/Calle Mariano Matamoros,20.475706570641,-100.16406300927
4451,93.41499999999998,382,T14,2,57,3,Con transbordo,382 → 325 → 319,T14 → C34 → C24,Bicentenario → Av. Tecnológico/Itq,"[""4451"", ""4452"", ""4453"", ""4454"", ""3901"", ""3902"", ""4455"", ""3903"", ""3904"", ""3905"", ""3797"", ""3798"", ""3799"", ""3800"", ""3801"", ""3802"", ""3803"", ""3804"", ""3805"", ""3806"", ""3867"", ""3868"", ""3869"", ""3870"", ""3871"", ""3872"", ""3807"", ""3873"", ""3874"", ""3875"", ""3808"", ""3809"", ""3810"", ""3811"", ""3812"", ""4404"", ""3813"", ""5104"", ""1476"", ""1472"", ""1471"", ""1470"", ""1469"", ""1439"", ""1438"", ""2537"", ""1920"", ""1921"", ""4241"", ""2310"", ""2311"", ""2312"", ""2313"", ""2314"", ""2315"", ""5194"", ""ESTACION_CORREGIDORA_SUR""]","[""382"", ""382"", ""382"", ""382"", ""382"", ""382"", ""382"", ""382"", ""382"", ""382"", ""382"", ""382"", ""382"", ""382"", ""382"", ""382"", ""382"", ""382"", ""382"", ""382"", ""382"", ""382"", ""382"", ""382"", ""382"", ""382"", ""382"", ""382"", ""382"", ""382"", ""382"", ""382"", ""382"", ""382"", ""382"", ""382"", ""382"", ""382"", ""325"", ""325"", ""325"", ""325"", ""325"", ""325"", ""325"", ""325"", ""325"", ""325"", ""325"", ""325"", ""325"", ""325"", ""319"", ""319"", ""319"", ""CAMINATA""]",5.0,Calle Josefa Ortiz de Domínguez/Calle Primera 16 de Septiembre,20.478416605101,-100.16392347098
3790,94.115,382,T14,2,53,3,Con transbordo,382 → 325 → 319,T14 → C34 → C24,Bicentenario → Av. Tecnológico/Itq,"[""3790"", ""3791"", ""3792"", ""3793"", ""3794"", ""3795"", ""3796"", ""3798"", ""3799"", ""3800"", ""3801"", ""3802"", ""3803"", ""3804"", ""3805"", ""3806"", ""3867"", ""3868"", ""3869"", ""3870"", ""3871"", ""3872"", ""3807"", ""3873"", ""3874"", ""3875"", ""3808"", ""3809"", ""3810"", ""3811"", ""3812"", ""4404"", ""3813"", ""5104"", ""1476"", ""1472"", ""1471"", ""1470"", ""1469"", ""1439"", ""1438"", ""2537"", ""1920"", ""1921"", ""4241"", ""2310"", ""2311"", ""2312"", ""2313"", ""2314"", ""2315"", ""5194"", ""ESTACION_CORREGIDORA_SUR""]","[""382"", ""382"", ""382"", ""382"", ""382"", ""382"", ""382"", ""382"", ""382"", ""382"", ""382"", ""382"", ""382"", ""382"", ""382"", ""382"", ""382"", ""382"", ""382"", ""382"", ""382"", ""382"", ""382"", ""382"", ""382"", ""382"", ""382"", ""382"", ""382"", ""382"", ""382"", ""382"", ""382"", ""382"", ""325"", ""325"", ""325"", ""325"", ""325"", ""325"", ""325"", ""325"", ""325"", ""325"", ""325"", ""325"", ""325"", ""325"", ""319"", ""319"", ""319"", ""CAMINATA""]",5.0,Av. Panamericana/Calle Juan Landeros,20.50764085173,-100.15236830346
4345,94.16499999999999,333,C42,1,45,2,Con transbordo,333 → 319,C42 → C24,Vicente Guerrero,"[""4345"", ""2620"", ""4346"", ""4347"", ""4348"", ""4349"", ""4350"", ""2621"", ""4351"", ""4352"", ""4353"", ""4354"", ""2622"", ""4355"", ""2623"", ""4356"", ""2624"", ""5091"", ""4315"", ""2625"", ""3577"", ""5107"", ""2519"", ""3578"", ""2216"", ""2217"", ""2218"", ""2219"", ""2032"", ""2023"", ""2024"", ""2856"", ""1918"", ""1919"", ""1920"", ""1921"", ""4241"", ""2310"", ""2311"", ""2312"", ""2313"", ""2314"", ""2315"", ""5194"", ""ESTACION_CORREGIDORA_SUR""]","[""333"", ""333"", ""333"", ""333"", ""333"", ""333"", ""333"", ""333"", ""333"", ""333"", ""333"", ""333"", ""333"", ""333"", ""333"", ""333"", ""333"", ""333"", ""333"", ""333"", ""333"", ""333"", ""333"", ""333"", ""333"", ""333"", ""333"", ""333"", ""333"", ""333"", ""333"", ""333"", ""333"", ""319"", ""319"", ""319"", ""319"", ""319"", ""319"", ""319"", ""319"", ""319"", ""319"", ""CAMINATA""]",5.0,Qro 431/Av. del Marqués,20.567551664922,-100.26455009081
3785,94.63166666666665,352,C64,2,46,3,Con transbordo,352 → 333 → 319,C64 → C42 → C24,Universidad Politécnica de Querétaro → Vicente Guerrero,"[""3785"", ""4049"", ""4050"", ""4051"", ""4052"", ""4053"", ""4054"", ""4055"", ""4056"", ""4057"", ""4058"", ""4059"", ""4354"", ""2622"", ""4355"", ""2623"", ""4356"", ""2624"", ""5091"", ""4315"", ""2625"", ""3577"", ""5107"", ""2519"", ""3578"", ""2216"", ""2217"", ""2218"", ""2219"", ""2032"", ""2023"", ""2024"", ""2856"", ""1918"", ""1919"", ""1920"", ""1921"", ""4241"", ""2310"", ""2311"", ""2312"", ""2313"", ""2314"", ""2315"", ""5194"", ""ESTACION_CORREGIDORA_SUR""]","[""352"", ""352"", ""352"", ""352"", ""352"", ""352"", ""352"", ""352"", ""352"", ""352"", ""352"", ""352"", ""352"", ""352"", ""352"", ""333"", ""333"", ""333"", ""333"", ""333"", ""333"", ""333"", ""333"", ""333"", ""333"", ""333"", ""333"", ""333"", ""333"", ""333"", ""333"", ""333"", ""333"", ""333"", ""319"", ""319"", ""319"", ""319"", ""319"", ""319"", ""319"", ""319"", ""319"", ""319"", ""CAMINATA""]",5.0,Carr. México/Querétaro/Parque Industrial la Noria,20.56927518,-100.3001694
3789,95.29833333333333,382,T14,2,54,3,Con transbordo,382 → 325 → 319,T14 → C34 → C24,Bicentenario → Av. Tecnológico/Itq,"[""3789"", ""3790"", ""3791"", ""3792"", ""3793"", ""3794"", ""3795"", ""3796"", ""3798"", ""3799"", ""3800"", ""3801"", ""3802"", ""3803"", ""3804"", ""3805"", ""3806"", ""3867"", ""3868"", ""3869"", ""3870"", ""3871"", ""3872"", ""3807"", ""3873"", ""3874"", ""3875"", ""3808"", ""3809"", ""3810"", ""3811"", ""3812"", ""4404"", ""3813"", ""5104"", ""1476"", ""1472"", ""1471"", ""1470"", ""1469"", ""1439"", ""1438"", ""2537"", ""1920"", ""1921"", ""4241"", ""2310"", ""2311"", ""2312"", ""2313"", ""2314"", ""2315"", ""5194"", ""ESTACION_CORREGIDORA_SUR""]","[""382"", ""382"", ""382"", ""382"", ""382"", ""382"", ""382"", ""382"", ""382"", ""382"", ""382"", ""382"", ""382"", ""382"", ""382"", ""382"", ""382"", ""382"", ""382"", ""382"", ""382"", ""382"", ""382"", ""382"", ""382"", ""382"", ""382"", ""382"", ""382"", ""382"", ""382"", ""382"", ""382"", ""382"", ""382"", ""325"", ""325"", ""325"", ""325"", ""325"", ""325"", ""325"", ""325"", ""325"", ""325"", ""325"", ""325"", ""325"", ""325"", ""319"", ""319"", ""319"", ""CAMINATA""]",5.0,Av. Panamericana/Blvd. Bicentenario,20.508973381187,-100.15409060587
4344,95.98166666666665,333,C42,1,46,2,Con transbordo,333 → 319,C42 → C24,Vicente Guerrero,"[""4344"", ""4345"", ""2620"", ""4346"", ""4347"", ""4348"", ""4349"", ""4350"", ""2621"", ""4351"", ""4352"", ""4353"", ""4354"", ""2622"", ""4355"", ""2623"", ""4356"", ""2624"", ""5091"", ""4315"", ""2625"", ""3577"", ""5107"", ""2519"", ""3578"", ""2216"", ""2217"", ""2218"", ""2219"", ""2032"", ""2023"", ""2024"", ""2856"", ""1918"", ""1919"", ""1920"", ""1921"", ""4241"", ""2310"", ""2311"", ""2312"", ""2313"", ""2314"", ""2315"", ""5194"", ""ESTACION_CORREGIDORA_SUR""]","[""333"", ""333"", ""333"", ""333"", ""333"", ""333"", ""333"", ""333"", ""333"", ""333"", ""333"", ""333"", ""333"", ""333"", ""333"", ""333"", ""333"", ""333"", ""333"", ""333"", ""333"", ""333"", ""333"", ""333"", ""333"", ""333"", ""333"", ""333"", ""333"", ""333"", ""333"", ""333"", ""333"", ""333"", ""319"", ""319"", ""319"", ""319"", ""319"", ""319"", ""319"", ""319"", ""319"", ""319"", ""CAMINATA""]",5.0,Qro 431/Av. Las Misiones,20.562376201775,-100.26754492723
5300,96.03166666666665,352,C64,2,47,3,Con transbordo,352 → 333 → 319,C64 → C42 → C24,Universidad Politécnica de Querétaro → Vicente Guerrero,"[""5300"", ""3785"", ""4049"", ""4050"", ""4051"", ""4052"", ""4053"", ""4054"", ""4055"", ""4056"", ""4057"", ""4058"", ""4059"", ""4354"", ""2622"", ""4355"", ""2623"", ""4356"", ""2624"", ""5091"", ""4315"", ""2625"", ""3577"", ""5107"", ""2519"", ""3578"", ""2216"", ""2217"", ""2218"", ""2219"", ""2032"", ""2023"", ""2024"", ""2856"", ""1918"", ""1919"", ""1920"", ""1921"", ""4241"", ""2310"", ""2311"", ""2312"", ""2313"", ""2314"", ""2315"", ""5194"", ""ESTACION_CORREGIDORA_SUR""]","[""352"", ""352"", ""352"", ""352"", ""352"", ""352"", ""352"", ""352"", ""352"", ""352"", ""352"", ""352"", ""352"", ""352"", ""352"", ""352"", ""333"", ""333"", ""333"", ""333"", ""333"", ""333"", ""333"", ""333"", ""333"", ""333"", ""333"", ""333"", ""333"", ""333"", ""333"", ""333"", ""333"", ""333"", ""333"", ""319"", ""319"", ""319"", ""319"", ""319"", ""319"", ""319"", ""319"", ""319"", ""319"", ""CAMINATA""]",5.0,Carr. Federal No. 57/Acceso Euro Business Park,20.5692806,-100.30755555556
3576,97.66499999999999,333,C42,1,47,2,Con transbordo,333 → 319,C42 → C24,Vicente Guerrero,"[""3576"", ""4344"", ""4345"", ""2620"", ""4346"", ""4347"", ""4348"", ""4349"", ""4350"", ""2621"", ""4351"", ""4352"", ""4353"", ""4354"", ""2622"", ""4355"", ""2623"", ""4356"", ""2624"", ""5091"", ""4315"", ""2625"", ""3577"", ""5107"", ""2519"", ""3578"", ""2216"", ""2217"", ""2218"", ""2219"", ""2032"", ""2023"", ""2024"", ""2856"", ""1918"", ""1919"", ""1920"", ""1921"", ""4241"", ""2310"", ""2311"", ""2312"", ""2313"", ""2314"", ""2315"", ""5194"", ""ESTACION_CORREGIDORA_SUR""]","[""333"", ""333"", ""333"", ""333"", ""333"", ""333"", ""333"", ""333"", ""333"", ""333"", ""333"", ""333"", ""333"", ""333"", ""333"", ""333"", ""333"", ""333"", ""333"", ""333"", ""333"", ""333"", ""333"", ""333"", ""333"", ""333"", ""333"", ""333"", ""333"", ""333"", ""333"", ""333"", ""333"", ""333"", ""333"", ""319"", ""319"", ""319"", ""319"", ""319"", ""319"", ""319"", ""319"", ""319"", ""319"", ""CAMINATA""]",5.0,"Carr. 431, Los Cues/Parque Industrial El Marqués",20.55693494,-100.2671467
5299,98.98166666666665,352,C64,2,48,3,Con transbordo,352 → 333 → 319,C64 → C42 → C24,Universidad Politécnica de Querétaro → Vicente Guerrero,"[""5299"", ""5300"", ""3785"", ""4049"", ""4050"", ""4051"", ""4052"", ""4053"", ""4054"", ""4055"", ""4056"", ""4057"", ""4058"", ""4059"", ""4354"", ""2622"", ""4355"", ""2623"", ""4356"", ""2624"", ""5091"", ""4315"", ""2625"", ""3577"", ""5107"", ""2519"", ""3578"", ""2216"", ""2217"", ""2218"", ""2219"", ""2032"", ""2023"", ""2024"", ""2856"", ""1918"", ""1919"", ""1920"", ""1921"", ""4241"", ""2310"", ""2311"", ""2312"", ""2313"", ""2314"", ""2315"", ""5194"", ""ESTACION_CORREGIDORA_SUR""]","[""352"", ""352"", ""352"", ""352"", ""352"", ""352"", ""352"", ""352"", ""352"", ""352"", ""352"", ""352"", ""352"", ""352"", ""352"", ""352"", ""352"", ""333"", ""333"", ""333"", ""333"", ""333"", ""333"", ""333"", ""333"", ""333"", ""333"", ""333"", ""333"", ""333"", ""333"", ""333"", ""333"", ""333"", ""333"", ""333"", ""319"", ""319"", ""319"", ""319"", ""319"", ""319"", ""319"", ""319"", ""319"", ""319"", ""CAMINATA""]",5.0,Segunda Sección de Conín/Calle Chimapopoca,20.573202576449,-100.32264038901
5298,99.33166666666665,352,C64,2,49,3,Con transbordo,352 → 333 → 319,C64 → C42 → C24,Universidad Politécnica de Querétaro → Vicente Guerrero,"[""5298"", ""5299"", ""5300"", ""3785"", ""4049"", ""4050"", ""4051"", ""4052"", ""4053"", ""4054"", ""4055"", ""4056"", ""4057"", ""4058"", ""4059"", ""4354"", ""2622"", ""4355"", ""2623"", ""4356"", ""2624"", ""5091"", ""4315"", ""2625"", ""3577"", ""5107"", ""2519"", ""3578"", ""2216"", ""2217"", ""2218"", ""2219"", ""2032"", ""2023"", ""2024"", ""2856"", ""1918"", ""1919"", ""1920"", ""1921"", ""4241"", ""2310"", ""2311"", ""2312"", ""2313"", ""2314"", ""2315"", ""5194"", ""ESTACION_CORREGIDORA_SUR""]","[""352"", ""352"", ""352"", ""352"", ""352"", ""352"", ""352"", ""352"", ""352"", ""352"", ""352"", ""352"", ""352"", ""352"", ""352"", ""352"", ""352"", ""352"", ""333"", ""333"", ""333"", ""333"", ""333"", ""333"", ""333"", ""333"", ""333"", ""333"", ""333"", ""333"", ""333"", ""333"", ""333"", ""333"", ""333"", ""333"", ""333"", ""319"", ""319"", ""319"", ""319"", ""319"", ""319"", ""319"", ""319"", ""319"", ""319"", ""CAMINATA""]",5.0,Segunda Sección de Conín/Conín,20.573790274557,-100.32432436987
4343,99.49833333333332,333,C42,1,48,2,Con transbordo,333 → 319,C42 → C24,Vicente Guerrero,"[""4343"", ""3576"", ""4344"", ""4345"", ""2620"", ""4346"", ""4347"", ""4348"", ""4349"", ""4350"", ""2621"", ""4351"", ""4352"", ""4353"", ""4354"", ""2622"", ""4355"", ""2623"", ""4356"", ""2624"", ""5091"", ""4315"", ""2625"", ""3577"", ""5107"", ""2519"", ""3578"", ""2216"", ""2217"", ""2218"", ""2219"", ""2032"", ""2023"", ""2024"", ""2856"", ""1918"", ""1919"", ""1920"", ""1921"", ""4241"", ""2310"", ""2311"", ""2312"", ""2313"", ""2314"", ""2315"", ""5194"", ""ESTACION_CORREGIDORA_SUR""]","[""333"", ""333"", ""333"", ""333"", ""333"", ""333"", ""333"", ""333"", ""333"", ""333"", ""333"", ""333"", ""333"", ""333"", ""333"", ""333"", ""333"", ""333"", ""333"", ""333"", ""333"", ""333"", ""333"", ""333"", ""333"", ""333"", ""333"", ""333"", ""333"", ""333"", ""333"", ""333"", ""333"", ""333"", ""333"", ""333"", ""319"", ""319"", ""319"", ""319"", ""319"", ""319"", ""319"", ""319"", ""319"", ""319"", ""CAMINATA""]",5.0,Qro 431/Qro 420,20.55099571314,-100.2666252524
5297,100.89833333333331,352,C64,2,50,3,Con transbordo,352 → 333 → 319,C64 → C42 → C24,Universidad Politécnica de Querétaro → Vicente Guerrero,"[""5297"", ""5298"", ""5299"", ""5300"", ""3785"", ""4049"", ""4050"", ""4051"", ""4052"", ""4053"", ""4054"", ""4055"", ""4056"", ""4057"", ""4058"", ""4059"", ""4354"", ""2622"", ""4355"", ""2623"", ""4356"", ""2624"", ""5091"", ""4315"", ""2625"", ""3577"", ""5107"", ""2519"", ""3578"", ""2216"", ""2217"", ""2218"", ""2219"", ""2032"", ""2023"", ""2024"", ""2856"", ""1918"", ""1919"", ""1920"", ""1921"", ""4241"", ""2310"", ""2311"", ""2312"", ""2313"", ""2314"", ""2315"", ""5194"", ""ESTACION_CORREGIDORA_SUR""]","[""352"", ""352"", ""352"", ""352"", ""352"", ""352"", ""352"", ""352"", ""352"", ""352"", ""352"", ""352"", ""352"", ""352"", ""352"", ""352"", ""352"", ""352"", ""352"", ""333"", ""333"", ""333"", ""333"", ""333"", ""333"", ""333"", ""333"", ""333"", ""333"", ""333"", ""333"", ""333"", ""333"", ""333"", ""333"", ""333"", ""333"", ""333"", ""319"", ""319"", ""319"", ""319"", ""319"", ""319"", ""319"", ""319"", ""319"", ""319"", ""CAMINATA""]",5.0,Segunda Sección de Conín/Conín,20.576258694353,-100.33219835167
2619,102.01499999999999,333,C42,1,49,2,Con transbordo,333 → 319,C42 → C24,Vicente Guerrero,"[""2619"", ""4343"", ""3576"", ""4344"", ""4345"", ""2620"", ""4346"", ""4347"", ""4348"", ""4349"", ""4350"", ""2621"", ""4351"", ""4352"", ""4353"", ""4354"", ""2622"", ""4355"", ""2623"", ""4356"", ""2624"", ""5091"", ""4315"", ""2625"", ""3577"", ""5107"", ""2519"", ""3578"", ""2216"", ""2217"", ""2218"", ""2219"", ""2032"", ""2023"", ""2024"", ""2856"", ""1918"", ""1919"", ""1920"", ""1921"", ""4241"", ""2310"", ""2311"", ""2312"", ""2313"", ""2314"", ""2315"", ""5194"", ""ESTACION_CORREGIDORA_SUR""]","[""333"", ""333"", ""333"", ""333"", ""333"", ""333"", ""333"", ""333"", ""333"", ""333"", ""333"", ""333"", ""333"", ""333"", ""333"", ""333"", ""333"", ""333"", ""333"", ""333"", ""333"", ""333"", ""333"", ""333"", ""333"", ""333"", ""333"", ""333"", ""333"", ""333"", ""333"", ""333"", ""333"", ""333"", ""333"", ""333"", ""333"", ""319"", ""319"", ""319"", ""319"", ""319"", ""319"", ""319"", ""319"", ""319"", ""319"", ""CAMINATA""]",5.0,Universidad Politécnica de Querétaro,20.54591531,-100.2734812
3864,103.51499999999999,386,AIQ01,3,48,4,Con transbordo,386 → 352 → 333 → 319,AIQ01 → C64 → C42 → C24,Carr. Federal No. 57/Acceso Euro Business Park → Universidad Politécnica de Querétaro → Vicente Guerrero,"[""3864"", ""5300"", ""3785"", ""4049"", ""4050"", ""4051"", ""4052"", ""4053"", ""4054"", ""4055"", ""4056"", ""4057"", ""4058"", ""4059"", ""4354"", ""2622"", ""4355"", ""2623"", ""4356"", ""2624"", ""5091"", ""4315"", ""2625"", ""3577"", ""5107"", ""2519"", ""3578"", ""2216"", ""2217"", ""2218"", ""2219"", ""2032"", ""2023"", ""2024"", ""2856"", ""1918"", ""1919"", ""1920"", ""1921"", ""4241"", ""2310"", ""2311"", ""2312"", ""2313"", ""2314"", ""2315"", ""5194"", ""ESTACION_CORREGIDORA_SUR""]","[""386"", ""352"", ""352"", ""352"", ""352"", ""352"", ""352"", ""352"", ""352"", ""352"", ""352"", ""352"", ""352"", ""352"", ""352"", ""352"", ""352"", ""333"", ""333"", ""333"", ""333"", ""333"", ""333"", ""333"", ""333"", ""333"", ""333"", ""333"", ""333"", ""333"", ""333"", ""333"", ""333"", ""333"", ""333"", ""333"", ""319"", ""319"", ""319"", ""319"", ""319"", ""319"", ""319"", ""319"", ""319"", ""319"", ""CAMINATA""]",5.0,Carr. Federal No. 57/Distrito Federal,20.571232111896,-100.31850479656
3784,104.61499999999998,386,AIQ01,3,49,4,Con transbordo,386 → 352 → 333 → 319,AIQ01 → C64 → C42 → C24,Carr. Federal No. 57/Acceso Euro Business Park → Universidad Politécnica de Querétaro → Vicente Guerrero,"[""3784"", ""3864"", ""5300"", ""3785"", ""4049"", ""4050"", ""4051"", ""4052"", ""4053"", ""4054"", ""4055"", ""4056"", ""4057"", ""4058"", ""4059"", ""4354"", ""2622"", ""4355"", ""2623"", ""4356"", ""2624"", ""5091"", ""4315"", ""2625"", ""3577"", ""5107"", ""2519"", ""3578"", ""2216"", ""2217"", ""2218"", ""2219"", ""2032"", ""2023"", ""2024"", ""2856"", ""1918"", ""1919"", ""1920"", ""1921"", ""4241"", ""2310"", ""2311"", ""2312"", ""2313"", ""2314"", ""2315"", ""5194"", ""ESTACION_CORREGIDORA_SUR""]","[""386"", ""386"", ""352"", ""352"", ""352"", ""352"", ""352"", ""352"", ""352"", ""352"", ""352"", ""352"", ""352"", ""352"", ""352"", ""352"", ""352"", ""352"", ""333"", ""333"", ""333"", ""333"", ""333"", ""333"", ""333"", ""333"", ""333"", ""333"", ""333"", ""333"", ""333"", ""333"", ""333"", ""333"", ""333"", ""333"", ""333"", ""319"", ""319"", ""319"", ""319"", ""319"", ""319"", ""319"", ""319"", ""319"", ""319"", ""CAMINATA""]",5.0,Carr. Federal No. 57/Calle Jalisco,20.572487009731,-100.32322314589
5213,105.16499999999998,386,AIQ01,3,50,4,Con transbordo,386 → 352 → 333 → 319,AIQ01 → C64 → C42 → C24,Carr. Federal No. 57/Acceso Euro Business Park → Universidad Politécnica de Querétaro → Vicente Guerrero,"[""5213"", ""3784"", ""3864"", ""5300"", ""3785"", ""4049"", ""4050"", ""4051"", ""4052"", ""4053"", ""4054"", ""4055"", ""4056"", ""4057"", ""4058"", ""4059"", ""4354"", ""2622"", ""4355"", ""2623"", ""4356"", ""2624"", ""5091"", ""4315"", ""2625"", ""3577"", ""5107"", ""2519"", ""3578"", ""2216"", ""2217"", ""2218"", ""2219"", ""2032"", ""2023"", ""2024"", ""2856"", ""1918"", ""1919"", ""1920"", ""1921"", ""4241"", ""2310"", ""2311"", ""2312"", ""2313"", ""2314"", ""2315"", ""5194"", ""ESTACION_CORREGIDORA_SUR""]","[""386"", ""386"", ""386"", ""352"", ""352"", ""352"", ""352"", ""352"", ""352"", ""352"", ""352"", ""352"", ""352"", ""352"", ""352"", ""352"", ""352"", ""352"", ""352"", ""333"", ""333"", ""333"", ""333"", ""333"", ""333"", ""333"", ""333"", ""333"", ""333"", ""333"", ""333"", ""333"", ""333"", ""333"", ""333"", ""333"", ""333"", ""333"", ""319"", ""319"", ""319"", ""319"", ""319"", ""319"", ""319"", ""319"", ""319"", ""319"", ""CAMINATA""]",5.0,Av. Estado de México/Av. Aguascalientes,20.572985586319,-100.32556757659
4342,106.06499999999998,333,C42,1,50,2,Con transbordo,333 → 319,C42 → C24,Vicente Guerrero,"[""4342"", ""2619"", ""4343"", ""3576"", ""4344"", ""4345"", ""2620"", ""4346"", ""4347"", ""4348"", ""4349"", ""4350"", ""2621"", ""4351"", ""4352"", ""4353"", ""4354"", ""2622"", ""4355"", ""2623"", ""4356"", ""2624"", ""5091"", ""4315"", ""2625"", ""3577"", ""5107"", ""2519"", ""3578"", ""2216"", ""2217"", ""2218"", ""2219"", ""2032"", ""2023"", ""2024"", ""2856"", ""1918"", ""1919"", ""1920"", ""1921"", ""4241"", ""2310"", ""2311"", ""2312"", ""2313"", ""2314"", ""2315"", ""5194"", ""ESTACION_CORREGIDORA_SUR""]","[""333"", ""333"", ""333"", ""333"", ""333"", ""333"", ""333"", ""333"", ""333"", ""333"", ""333"", ""333"", ""333"", ""333"", ""333"", ""333"", ""333"", ""333"", ""333"", ""333"", ""333"", ""333"", ""333"", ""333"", ""333"", ""333"", ""333"", ""333"", ""333"", ""333"", ""333"", ""333"", ""333"", ""333"", ""333"", ""333"", ""333"", ""333"", ""319"", ""319"", ""319"", ""319"", ""319"", ""319"", ""319"", ""319"", ""319"", ""319"", ""CAMINATA""]",5.0,Qro 420/Ciudad Marqués,20.537953399502,-100.28472407411
3863,106.18166666666664,386,AIQ01,3,51,4,Con transbordo,386 → 352 → 333 → 319,AIQ01 → C64 → C42 → C24,Carr. Federal No. 57/Acceso Euro Business Park → Universidad Politécnica de Querétaro → Vicente Guerrero,"[""3863"", ""5213"", ""3784"", ""3864"", ""5300"", ""3785"", ""4049"", ""4050"", ""4051"", ""4052"", ""4053"", ""4054"", ""4055"", ""4056"", ""4057"", ""4058"", ""4059"", ""4354"", ""2622"", ""4355"", ""2623"", ""4356"", ""2624"", ""5091"", ""4315"", ""2625"", ""3577"", ""5107"", ""2519"", ""3578"", ""2216"", ""2217"", ""2218"", ""2219"", ""2032"", ""2023"", ""2024"", ""2856"", ""1918"", ""1919"", ""1920"", ""1921"", ""4241"", ""2310"", ""2311"", ""2312"", ""2313"", ""2314"", ""2315"", ""5194"", ""ESTACION_CORREGIDORA_SUR""]","[""386"", ""386"", ""386"", ""386"", ""352"", ""352"", ""352"", ""352"", ""352"", ""352"", ""352"", ""352"", ""352"", ""352"", ""352"", ""352"", ""352"", ""352"", ""352"", ""352"", ""333"", ""333"", ""333"", ""333"", ""333"", ""333"", ""333"", ""333"", ""333"", ""333"", ""333"", ""333"", ""333"", ""333"", ""333"", ""333"", ""333"", ""333"", ""333"", ""319"", ""319"", ""319"", ""319"", ""319"", ""319"", ""319"", ""319"", ""319"", ""319"", ""CAMINATA""]",5.0,Carr. Federal No. 57/Calle San Ignacio,20.574117424065,-100.32993327557
3783,108.2983333333333,386,AIQ01,3,52,4,Con transbordo,386 → 352 → 333 → 319,AIQ01 → C64 → C42 → C24,Carr. Federal No. 57/Acceso Euro Business Park → Universidad Politécnica de Querétaro → Vicente Guerrero,"[""3783"", ""3863"", ""5213"", ""3784"", ""3864"", ""5300"", ""3785"", ""4049"", ""4050"", ""4051"", ""4052"", ""4053"", ""4054"", ""4055"", ""4056"", ""4057"", ""4058"", ""4059"", ""4354"", ""2622"", ""4355"", ""2623"", ""4356"", ""2624"", ""5091"", ""4315"", ""2625"", ""3577"", ""5107"", ""2519"", ""3578"", ""2216"", ""2217"", ""2218"", ""2219"", ""2032"", ""2023"", ""2024"", ""2856"", ""1918"", ""1919"", ""1920"", ""1921"", ""4241"", ""2310"", ""2311"", ""2312"", ""2313"", ""2314"", ""2315"", ""5194"", ""ESTACION_CORREGIDORA_SUR""]","[""386"", ""386"", ""386"", ""386"", ""386"", ""352"", ""352"", ""352"", ""352"", ""352"", ""352"", ""352"", ""352"", ""352"", ""352"", ""352"", ""352"", ""352"", ""352"", ""352"", ""352"", ""333"", ""333"", ""333"", ""333"", ""333"", ""333"", ""333"", ""333"", ""333"", ""333"", ""333"", ""333"", ""333"", ""333"", ""333"", ""333"", ""333"", ""333"", ""333"", ""319"", ""319"", ""319"", ""319"", ""319"", ""319"", ""319"", ""319"", ""319"", ""319"", ""CAMINATA""]",5.0,San Isidro Miranda/Autopista México/Querétaro,20.576808097512,-100.33901231302
2618,114.06499999999998,333,C42,1,51,2,Con transbordo,333 → 319,C42 → C24,Vicente Guerrero,"[""2618"", ""4342"", ""2619"", ""4343"", ""3576"", ""4344"", ""4345"", ""2620"", ""4346"", ""4347"", ""4348"", ""4349"", ""4350"", ""2621"", ""4351"", ""4352"", ""4353"", ""4354"", ""2622"", ""4355"", ""2623"", ""4356"", ""2624"", ""5091"", ""4315"", ""2625"", ""3577"", ""5107"", ""2519"", ""3578"", ""2216"", ""2217"", ""2218"", ""2219"", ""2032"", ""2023"", ""2024"", ""2856"", ""1918"", ""1919"", ""1920"", ""1921"", ""4241"", ""2310"", ""2311"", ""2312"", ""2313"", ""2314"", ""2315"", ""5194"", ""ESTACION_CORREGIDORA_SUR""]","[""333"", ""333"", ""333"", ""333"", ""333"", ""333"", ""333"", ""333"", ""333"", ""333"", ""333"", ""333"", ""333"", ""333"", ""333"", ""333"", ""333"", ""333"", ""333"", ""333"", ""333"", ""333"", ""333"", ""333"", ""333"", ""333"", ""333"", ""333"", ""333"", ""333"", ""333"", ""333"", ""333"", ""333"", ""333"", ""333"", ""333"", ""333"", ""333"", ""319"", ""319"", ""319"", ""319"", ""319"", ""319"", ""319"", ""319"", ""319"", ""319"", ""CAMINATA""]",5.0,Carr. Estatal 420/San Mateo,20.529209960081,-100.31098813289
5090,120.66499999999998,333,C42,1,52,2,Con transbordo,333 → 319,C42 → C24,Vicente Guerrero,"[""5090"", ""2618"", ""4342"", ""2619"", ""4343"", ""3576"", ""4344"", ""4345"", ""2620"", ""4346"", ""4347"", ""4348"", ""4349"", ""4350"", ""2621"", ""4351"", ""4352"", ""4353"", ""4354"", ""2622"", ""4355"", ""2623"", ""4356"", ""2624"", ""5091"", ""4315"", ""2625"", ""3577"", ""5107"", ""2519"", ""3578"", ""2216"", ""2217"", ""2218"", ""2219"", ""2032"", ""2023"", ""2024"", ""2856"", ""1918"", ""1919"", ""1920"", ""1921"", ""4241"", ""2310"", ""2311"", ""2312"", ""2313"", ""2314"", ""2315"", ""5194"", ""ESTACION_CORREGIDORA_SUR""]","[""333"", ""333"", ""333"", ""333"", ""333"", ""333"", ""333"", ""333"", ""333"", ""333"", ""333"", ""333"", ""333"", ""333"", ""333"", ""333"", ""333"", ""333"", ""333"", ""333"", ""333"", ""333"", ""333"", ""333"", ""333"", ""333"", ""333"", ""333"", ""333"", ""333"", ""333"", ""333"", ""333"", ""333"", ""333"", ""333"", ""333"", ""333"", ""333"", ""333"", ""319"", ""319"", ""319"", ""319"", ""319"", ""319"", ""319"", ""319"", ""319"", ""319"", ""CAMINATA""]",5.0,Mallorca Residencial,20.527418651134,-100.33391343434
3782,120.68166666666664,382,T14,4,53,5,Con transbordo,382 → 386 → 352 → 333 → 319,T14 → AIQ01 → C64 → C42 → C24,San Isidro Miranda/Autopista México/Querétaro → Carr. Federal No. 57/Acceso Euro Business Park → Universidad Politécnica de Querétaro → Vicente Guerrero,"[""3782"", ""3783"", ""3863"", ""5213"", ""3784"", ""3864"", ""5300"", ""3785"", ""4049"", ""4050"", ""4051"", ""4052"", ""4053"", ""4054"", ""4055"", ""4056"", ""4057"", ""4058"", ""4059"", ""4354"", ""2622"", ""4355"", ""2623"", ""4356"", ""2624"", ""5091"", ""4315"", ""2625"", ""3577"", ""5107"", ""2519"", ""3578"", ""2216"", ""2217"", ""2218"", ""2219"", ""2032"", ""2023"", ""2024"", ""2856"", ""1918"", ""1919"", ""1920"", ""1921"", ""4241"", ""2310"", ""2311"", ""2312"", ""2313"", ""2314"", ""2315"", ""5194"", ""ESTACION_CORREGIDORA_SUR""]","[""382"", ""386"", ""386"", ""386"", ""386"", ""386"", ""352"", ""352"", ""352"", ""352"", ""352"", ""352"", ""352"", ""352"", ""352"", ""352"", ""352"", ""352"", ""352"", ""352"", ""352"", ""352"", ""333"", ""333"", ""333"", ""333"", ""333"", ""333"", ""333"", ""333"", ""333"", ""333"", ""333"", ""333"", ""333"", ""333"", ""333"", ""333"", ""333"", ""333"", ""333"", ""319"", ""319"", ""319"", ""319"", ""319"", ""319"", ""319"", ""319"", ""319"", ""319"", ""CAMINATA""]",5.0,Av. Paseo Monte Miranda Oriente/Casa Inn Querétaro,20.586932240048,-100.34797351598
4088,123.4983333333333,333,C42,1,53,2,Con transbordo,333 → 319,C42 → C24,Vicente Guerrero,"[""4088"", ""5090"", ""2618"", ""4342"", ""2619"", ""4343"", ""3576"", ""4344"", ""4345"", ""2620"", ""4346"", ""4347"", ""4348"", ""4349"", ""4350"", ""2621"", ""4351"", ""4352"", ""4353"", ""4354"", ""2622"", ""4355"", ""2623"", ""4356"", ""2624"", ""5091"", ""4315"", ""2625"", ""3577"", ""5107"", ""2519"", ""3578"", ""2216"", ""2217"", ""2218"", ""2219"", ""2032"", ""2023"", ""2024"", ""2856"", ""1918"", ""1919"", ""1920"", ""1921"", ""4241"", ""2310"", ""2311"", ""2312"", ""2313"", ""2314"", ""2315"", ""5194"", ""ESTACION_CORREGIDORA_SUR""]","[""333"", ""333"", ""333"", ""333"", ""333"", ""333"", ""333"", ""333"", ""333"", ""333"", ""333"", ""333"", ""333"", ""333"", ""333"", ""333"", ""333"", ""333"", ""333"", ""333"", ""333"", ""333"", ""333"", ""333"", ""333"", ""333"", ""333"", ""333"", ""333"", ""333"", ""333"", ""333"", ""333"", ""333"", ""333"", ""333"", ""333"", ""333"", ""333"", ""333"", ""333"", ""319"", ""319"", ""319"", ""319"", ""319"", ""319"", ""319"", ""319"", ""319"", ""319"", ""CAMINATA""]",5.0,Parque Nacional El Cimatario,20.533632372969,-100.34120202107
2617,128.0983333333333,333,C42,1,54,2,Con transbordo,333 → 319,C42 → C24,Vicente Guerrero,"[""2617"", ""4088"", ""5090"", ""2618"", ""4342"", ""2619"", ""4343"", ""3576"", ""4344"", ""4345"", ""2620"", ""4346"", ""4347"", ""4348"", ""4349"", ""4350"", ""2621"", ""4351"", ""4352"", ""4353"", ""4354"", ""2622"", ""4355"", ""2623"", ""4356"", ""2624"", ""5091"", ""4315"", ""2625"", ""3577"", ""5107"", ""2519"", ""3578"", ""2216"", ""2217"", ""2218"", ""2219"", ""2032"", ""2023"", ""2024"", ""2856"", ""1918"", ""1919"", ""1920"", ""1921"", ""4241"", ""2310"", ""2311"", ""2312"", ""2313"", ""2314"", ""2315"", ""5194"", ""ESTACION_CORREGIDORA_SUR""]","[""333"", ""333"", ""333"", ""333"", ""333"", ""333"", ""333"", ""333"", ""333"", ""333"", ""333"", ""333"", ""333"", ""333"", ""333"", ""333"", ""333"", ""333"", ""333"", ""333"", ""333"", ""333"", ""333"", ""333"", ""333"", ""333"", ""333"", ""333"", ""333"", ""333"", ""333"", ""333"", ""333"", ""333"", ""333"", ""333"", ""333"", ""333"", ""333"", ""333"", ""333"", ""333"", ""319"", ""319"", ""319"", ""319"", ""319"", ""319"", ""319"", ""319"", ""319"", ""319"", ""CAMINATA""]",5.0,Cumbres del Cimatario,20.54600453,-100.3502251
5301,135.03166666666664,333,C42,1,55,2,Con transbordo,333 → 319,C42 → C24,Vicente Guerrero,"[""5301"", ""2617"", ""4088"", ""5090"", ""2618"", ""4342"", ""2619"", ""4343"", ""3576"", ""4344"", ""4345"", ""2620"", ""4346"", ""4347"", ""4348"", ""4349"", ""4350"", ""2621"", ""4351"", ""4352"", ""4353"", ""4354"", ""2622"", ""4355"", ""2623"", ""4356"", ""2624"", ""5091"", ""4315"", ""2625"", ""3577"", ""5107"", ""2519"", ""3578"", ""2216"", ""2217"", ""2218"", ""2219"", ""2032"", ""2023"", ""2024"", ""2856"", ""1918"", ""1919"", ""1920"", ""1921"", ""4241"", ""2310"", ""2311"", ""2312"", ""2313"", ""2314"", ""2315"", ""5194"", ""ESTACION_CORREGIDORA_SUR""]","[""333"", ""333"", ""333"", ""333"", ""333"", ""333"", ""333"", ""333"", ""333"", ""333"", ""333"", ""333"", ""333"", ""333"", ""333"", ""333"", ""333"", ""333"", ""333"", ""333"", ""333"", ""333"", ""333"", ""333"", ""333"", ""333"", ""333"", ""333"", ""333"", ""333"", ""333"", ""333"", ""333"", ""333"", ""333"", ""333"", ""333"", ""333"", ""333"", ""333"", ""333"", ""333"", ""333"", ""319"", ""319"", ""319"", ""319"", ""319"", ""319"", ""319"", ""319"", ""319"", ""319"", ""CAMINATA""]",5.0,Av. del Parque/Qro 400,20.559110242396,-100.36989682563
3866,137.68166666666667,382,T14,2,55,3,Con transbordo,382 → 325 → 319,T14 → C34 → C24,Bicentenario → Av. Tecnológico/Itq,"[""3866"", ""3789"", ""3790"", ""3791"", ""3792"", ""3793"", ""3794"", ""3795"", ""3796"", ""3798"", ""3799"", ""3800"", ""3801"", ""3802"", ""3803"", ""3804"", ""3805"", ""3806"", ""3867"", ""3868"", ""3869"", ""3870"", ""3871"", ""3872"", ""3807"", ""3873"", ""3874"", ""3875"", ""3808"", ""3809"", ""3810"", ""3811"", ""3812"", ""4404"", ""3813"", ""5104"", ""1476"", ""1472"", ""1471"", ""1470"", ""1469"", ""1439"", ""1438"", ""2537"", ""1920"", ""1921"", ""4241"", ""2310"", ""2311"", ""2312"", ""2313"", ""2314"", ""2315"", ""5194"", ""ESTACION_CORREGIDORA_SUR""]","[""382"", ""382"", ""382"", ""382"", ""382"", ""382"", ""382"", ""382"", ""382"", ""382"", ""382"", ""382"", ""382"", ""382"", ""382"", ""382"", ""382"", ""382"", ""382"", ""382"", ""382"", ""382"", ""382"", ""382"", ""382"", ""382"", ""382"", ""382"", ""382"", ""382"", ""382"", ""382"", ""382"", ""382"", ""382"", ""382"", ""325"", ""325"", ""325"", ""325"", ""325"", ""325"", ""325"", ""325"", ""325"", ""325"", ""325"", ""325"", ""325"", ""325"", ""319"", ""319"", ""319"", ""CAMINATA""]",5.0,Carr. Federal No. 57/Trucktrade,20.554221052531,-100.2187525369
3865,149.48166666666668,382,T14,2,56,3,Con transbordo,382 → 325 → 319,T14 → C34 → C24,Bicentenario → Av. Tecnológico/Itq,"[""3865"", ""3866"", ""3789"", ""3790"", ""3791"", ""3792"", ""3793"", ""3794"", ""3795"", ""3796"", ""3798"", ""3799"", ""3800"", ""3801"", ""3802"", ""3803"", ""3804"", ""3805"", ""3806"", ""3867"", ""3868"", ""3869"", ""3870"", ""3871"", ""3872"", ""3807"", ""3873"", ""3874"", ""3875"", ""3808"", ""3809"", ""3810"", ""3811"", ""3812"", ""4404"", ""3813"", ""5104"", ""1476"", ""1472"", ""1471"", ""1470"", ""1469"", ""1439"", ""1438"", ""2537"", ""1920"", ""1921"", ""4241"", ""2310"", ""2311"", ""2312"", ""2313"", ""2314"", ""2315"", ""5194"", ""ESTACION_CORREGIDORA_SUR""]","[""382"", ""382"", ""382"", ""382"", ""382"", ""382"", ""382"", ""382"", ""382"", ""382"", ""382"", ""382"", ""382"", ""382"", ""382"", ""382"", ""382"", ""382"", ""382"", ""382"", ""382"", ""382"", ""382"", ""382"", ""382"", ""382"", ""382"", ""382"", ""382"", ""382"", ""382"", ""382"", ""382"", ""382"", ""382"", ""382"", ""382"", ""325"", ""325"", ""325"", ""325"", ""325"", ""325"", ""325"", ""325"", ""325"", ""325"", ""325"", ""325"", ""325"", ""325"", ""319"", ""319"", ""319"", ""CAMINATA""]",5.0,Carr. Federal No. 57/The Latit Hotels & Resorts,20.562739251244,-100.23927596986
3788,152.965,382,T14,2,57,3,Con transbordo,382 → 325 → 319,T14 → C34 → C24,Bicentenario → Av. Tecnológico/Itq,"[""3788"", ""3865"", ""3866"", ""3789"", ""3790"", ""3791"", ""3792"", ""3793"", ""3794"", ""3795"", ""3796"", ""3798"", ""3799"", ""3800"", ""3801"", ""3802"", ""3803"", ""3804"", ""3805"", ""3806"", ""3867"", ""3868"", ""3869"", ""3870"", ""3871"", ""3872"", ""3807"", ""3873"", ""3874"", ""3875"", ""3808"", ""3809"", ""3810"", ""3811"", ""3812"", ""4404"", ""3813"", ""5104"", ""1476"", ""1472"", ""1471"", ""1470"", ""1469"", ""1439"", ""1438"", ""2537"", ""1920"", ""1921"", ""4241"", ""2310"", ""2311"", ""2312"", ""2313"", ""2314"", ""2315"", ""5194"", ""ESTACION_CORREGIDORA_SUR""]","[""382"", ""382"", ""382"", ""382"", ""382"", ""382"", ""382"", ""382"", ""382"", ""382"", ""382"", ""382"", ""382"", ""382"", ""382"", ""382"", ""382"", ""382"", ""382"", ""382"", ""382"", ""382"", ""382"", ""382"", ""382"", ""382"", ""382"", ""382"", ""382"", ""382"", ""382"", ""382"", ""382"", ""382"", ""382"", ""382"", ""382"", ""382"", ""325"", ""325"", ""325"", ""325"", ""325"", ""325"", ""325"", ""325"", ""325"", ""325"", ""325"", ""325"", ""325"", ""325"", ""319"", ""319"", ""319"", ""CAMINATA""]",5.0,Lateral Carr. Querétaro/México/Calle Ignacio Zaragza,20.56473065,-100.2455379
3787,157.165,382,T14,2,58,3,Con transbordo,382 → 325 → 319,T14 → C34 → C24,Bicentenario → Av. Tecnológico/Itq,"[""3787"", ""3788"", ""3865"", ""3866"", ""3789"", ""3790"", ""3791"", ""3792"", ""3793"", ""3794"", ""3795"", ""3796"", ""3798"", ""3799"", ""3800"", ""3801"", ""3802"", ""3803"", ""3804"", ""3805"", ""3806"", ""3867"", ""3868"", ""3869"", ""3870"", ""3871"", ""3872"", ""3807"", ""3873"", ""3874"", ""3875"", ""3808"", ""3809"", ""3810"", ""3811"", ""3812"", ""4404"", ""3813"", ""5104"", ""1476"", ""1472"", ""1471"", ""1470"", ""1469"", ""1439"", ""1438"", ""2537"", ""1920"", ""1921"", ""4241"", ""2310"", ""2311"", ""2312"", ""2313"", ""2314"", ""2315"", ""5194"", ""ESTACION_CORREGIDORA_SUR""]","[""382"", ""382"", ""382"", ""382"", ""382"", ""382"", ""382"", ""382"", ""382"", ""382"", ""382"", ""382"", ""382"", ""382"", ""382"", ""382"", ""382"", ""382"", ""382"", ""382"", ""382"", ""382"", ""382"", ""382"", ""382"", ""382"", ""382"", ""382"", ""382"", ""382"", ""382"", ""382"", ""382"", ""382"", ""382"", ""382"", ""382"", ""382"", ""382"", ""325"", ""325"", ""325"", ""325"", ""325"", ""325"", ""325"", ""325"", ""325"", ""325"", ""325"", ""325"", ""325"", ""325"", ""319"", ""319"", ""319"", ""CAMINATA""]",5.0,Carr. Querétaro/México/Parque Industrial El Marqués,20.56858061,-100.2523748
4068,160.365,352,C64,3,59,4,Con transbordo,352 → 382 → 325 → 319,C64 → T14 → C34 → C24,Lateral Carr. Querétaro/México/Calle Ignacio Zaragza → Bicentenario → Av. Tecnológico/Itq,"[""4068"", ""3787"", ""3788"", ""3865"", ""3866"", ""3789"", ""3790"", ""3791"", ""3792"", ""3793"", ""3794"", ""3795"", ""3796"", ""3798"", ""3799"", ""3800"", ""3801"", ""3802"", ""3803"", ""3804"", ""3805"", ""3806"", ""3867"", ""3868"", ""3869"", ""3870"", ""3871"", ""3872"", ""3807"", ""3873"", ""3874"", ""3875"", ""3808"", ""3809"", ""3810"", ""3811"", ""3812"", ""4404"", ""3813"", ""5104"", ""1476"", ""1472"", ""1471"", ""1470"", ""1469"", ""1439"", ""1438"", ""2537"", ""1920"", ""1921"", ""4241"", ""2310"", ""2311"", ""2312"", ""2313"", ""2314"", ""2315"", ""5194"", ""ESTACION_CORREGIDORA_SUR""]","[""352"", ""352"", ""382"", ""382"", ""382"", ""382"", ""382"", ""382"", ""382"", ""382"", ""382"", ""382"", ""382"", ""382"", ""382"", ""382"", ""382"", ""382"", ""382"", ""382"", ""382"", ""382"", ""382"", ""382"", ""382"", ""382"", ""382"", ""382"", ""382"", ""382"", ""382"", ""382"", ""382"", ""382"", ""382"", ""382"", ""382"", ""382"", ""382"", ""382"", ""325"", ""325"", ""325"", ""325"", ""325"", ""325"", ""325"", ""325"", ""325"", ""325"", ""325"", ""325"", ""325"", ""325"", ""319"", ""319"", ""319"", ""CAMINATA""]",5.0,Cto. El Marqués Sur/Inland Trailer Planta 2,20.56451321,-100.2541141
4067,160.94833333333335,352,C64,3,60,4,Con transbordo,352 → 382 → 325 → 319,C64 → T14 → C34 → C24,Lateral Carr. Querétaro/México/Calle Ignacio Zaragza → Bicentenario → Av. Tecnológico/Itq,"[""4067"", ""4068"", ""3787"", ""3788"", ""3865"", ""3866"", ""3789"", ""3790"", ""3791"", ""3792"", ""3793"", ""3794"", ""3795"", ""3796"", ""3798"", ""3799"", ""3800"", ""3801"", ""3802"", ""3803"", ""3804"", ""3805"", ""3806"", ""3867"", ""3868"", ""3869"", ""3870"", ""3871"", ""3872"", ""3807"", ""3873"", ""3874"", ""3875"", ""3808"", ""3809"", ""3810"", ""3811"", ""3812"", ""4404"", ""3813"", ""5104"", ""1476"", ""1472"", ""1471"", ""1470"", ""1469"", ""1439"", ""1438"", ""2537"", ""1920"", ""1921"", ""4241"", ""2310"", ""2311"", ""2312"", ""2313"", ""2314"", ""2315"", ""5194"", ""ESTACION_CORREGIDORA_SUR""]","[""352"", ""352"", ""352"", ""382"", ""382"", ""382"", ""382"", ""382"", ""382"", ""382"", ""382"", ""382"", ""382"", ""382"", ""382"", ""382"", ""382"", ""382"", ""382"", ""382"", ""382"", ""382"", ""382"", ""382"", ""382"", ""382"", ""382"", ""382"", ""382"", ""382"", ""382"", ""382"", ""382"", ""382"", ""382"", ""382"", ""382"", ""382"", ""382"", ""382"", ""382"", ""325"", ""325"", ""325"", ""325"", ""325"", ""325"", ""325"", ""325"", ""325"", ""325"", ""325"", ""325"", ""325"", ""325"", ""319"", ""319"", ""319"", ""CAMINATA""]",5.0,Cto. El Marqués Norte/Ciinova,20.56740827,-100.2542003
4066,161.49833333333336,352,C64,3,61,4,Con transbordo,352 → 382 → 325 → 319,C64 → T14 → C34 → C24,Lateral Carr. Querétaro/México/Calle Ignacio Zaragza → Bicentenario → Av. Tecnológico/Itq,"[""4066"", ""4067"", ""4068"", ""3787"", ""3788"", ""3865"", ""3866"", ""3789"", ""3790"", ""3791"", ""3792"", ""3793"", ""3794"", ""3795"", ""3796"", ""3798"", ""3799"", ""3800"", ""3801"", ""3802"", ""3803"", ""3804"", ""3805"", ""3806"", ""3867"", ""3868"", ""3869"", ""3870"", ""3871"", ""3872"", ""3807"", ""3873"", ""3874"", ""3875"", ""3808"", ""3809"", ""3810"", ""3811"", ""3812"", ""4404"", ""3813"", ""5104"", ""1476"", ""1472"", ""1471"", ""1470"", ""1469"", ""1439"", ""1438"", ""2537"", ""1920"", ""1921"", ""4241"", ""2310"", ""2311"", ""2312"", ""2313"", ""2314"", ""2315"", ""5194"", ""ESTACION_CORREGIDORA_SUR""]","[""352"", ""352"", ""352"", ""352"", ""382"", ""382"", ""382"", ""382"", ""382"", ""382"", ""382"", ""382"", ""382"", ""382"", ""382"", ""382"", ""382"", ""382"", ""382"", ""382"", ""382"", ""382"", ""382"", ""382"", ""382"", ""382"", ""382"", ""382"", ""382"", ""382"", ""382"", ""382"", ""382"", ""382"", ""382"", ""382"", ""382"", ""382"", ""382"", ""382"", ""382"", ""382"", ""325"", ""325"", ""325"", ""325"", ""325"", ""325"", ""325"", ""325"", ""325"", ""325"", ""325"", ""325"", ""325"", ""325"", ""319"", ""319"", ""319"", ""CAMINATA""]",5.0,Cto. El Marqués Norte/Aspel Querétaro,20.56903559,-100.2565224
4065,163.19833333333335,352,C64,3,62,4,Con transbordo,352 → 382 → 325 → 319,C64 → T14 → C34 → C24,Lateral Carr. Querétaro/México/Calle Ignacio Zaragza → Bicentenario → Av. Tecnológico/Itq,"[""4065"", ""4066"", ""4067"", ""4068"", ""3787"", ""3788"", ""3865"", ""3866"", ""3789"", ""3790"", ""3791"", ""3792"", ""3793"", ""3794"", ""3795"", ""3796"", ""3798"", ""3799"", ""3800"", ""3801"", ""3802"", ""3803"", ""3804"", ""3805"", ""3806"", ""3867"", ""3868"", ""3869"", ""3870"", ""3871"", ""3872"", ""3807"", ""3873"", ""3874"", ""3875"", ""3808"", ""3809"", ""3810"", ""3811"", ""3812"", ""4404"", ""3813"", ""5104"", ""1476"", ""1472"", ""1471"", ""1470"", ""1469"", ""1439"", ""1438"", ""2537"", ""1920"", ""1921"", ""4241"", ""2310"", ""2311"", ""2312"", ""2313"", ""2314"", ""2315"", ""5194"", ""ESTACION_CORREGIDORA_SUR""]","[""352"", ""352"", ""352"", ""352"", ""352"", ""382"", ""382"", ""382"", ""382"", ""382"", ""382"", ""382"", ""382"", ""382"", ""382"", ""382"", ""382"", ""382"", ""382"", ""382"", ""382"", ""382"", ""382"", ""382"", ""382"", ""382"", ""382"", ""382"", ""382"", ""382"", ""382"", ""382"", ""382"", ""382"", ""382"", ""382"", ""382"", ""382"", ""382"", ""382"", ""382"", ""382"", ""382"", ""325"", ""325"", ""325"", ""325"", ""325"", ""325"", ""325"", ""325"", ""325"", ""325"", ""325"", ""325"", ""325"", ""325"", ""319"", ""319"", ""319"", ""CAMINATA""]",5.0,Cto. El Marqués Norte/Aptar Querétaro,20.56195371,-100.2613755
4064,163.68166666666667,352,C64,3,63,4,Con transbordo,352 → 382 → 325 → 319,C64 → T14 → C34 → C24,Lateral Carr. Querétaro/México/Calle Ignacio Zaragza → Bicentenario → Av. Tecnológico/Itq,"[""4064"", ""4065"", ""4066"", ""4067"", ""4068"", ""3787"", ""3788"", ""3865"", ""3866"", ""3789"", ""3790"", ""3791"", ""3792"", ""3793"", ""3794"", ""3795"", ""3796"", ""3798"", ""3799"", ""3800"", ""3801"", ""3802"", ""3803"", ""3804"", ""3805"", ""3806"", ""3867"", ""3868"", ""3869"", ""3870"", ""3871"", ""3872"", ""3807"", ""3873"", ""3874"", ""3875"", ""3808"", ""3809"", ""3810"", ""3811"", ""3812"", ""4404"", ""3813"", ""5104"", ""1476"", ""1472"", ""1471"", ""1470"", ""1469"", ""1439"", ""1438"", ""2537"", ""1920"", ""1921"", ""4241"", ""2310"", ""2311"", ""2312"", ""2313"", ""2314"", ""2315"", ""5194"", ""ESTACION_CORREGIDORA_SUR""]","[""352"", ""352"", ""352"", ""352"", ""352"", ""352"", ""382"", ""382"", ""382"", ""382"", ""382"", ""382"", ""382"", ""382"", ""382"", ""382"", ""382"", ""382"", ""382"", ""382"", ""382"", ""382"", ""382"", ""382"", ""382"", ""382"", ""382"", ""382"", ""382"", ""382"", ""382"", ""382"", ""382"", ""382"", ""382"", ""382"", ""382"", ""382"", ""382"", ""382"", ""382"", ""382"", ""382"", ""382"", ""325"", ""325"", ""325"", ""325"", ""325"", ""325"", ""325"", ""325"", ""325"", ""325"", ""325"", ""325"", ""325"", ""325"", ""319"", ""319"", ""319"", ""CAMINATA""]",5.0,Av. del Conde/Msa de México,20.55960241,-100.2613435
4061,163.74833333333333,352,C64,3,64,4,Con transbordo,352 → 382 → 325 → 319,C64 → T14 → C34 → C24,Lateral Carr. Querétaro/México/Calle Ignacio Zaragza → Bicentenario → Av. Tecnológico/Itq,"[""4061"", ""4064"", ""4065"", ""4066"", ""4067"", ""4068"", ""3787"", ""3788"", ""3865"", ""3866"", ""3789"", ""3790"", ""3791"", ""3792"", ""3793"", ""3794"", ""3795"", ""3796"", ""3798"", ""3799"", ""3800"", ""3801"", ""3802"", ""3803"", ""3804"", ""3805"", ""3806"", ""3867"", ""3868"", ""3869"", ""3870"", ""3871"", ""3872"", ""3807"", ""3873"", ""3874"", ""3875"", ""3808"", ""3809"", ""3810"", ""3811"", ""3812"", ""4404"", ""3813"", ""5104"", ""1476"", ""1472"", ""1471"", ""1470"", ""1469"", ""1439"", ""1438"", ""2537"", ""1920"", ""1921"", ""4241"", ""2310"", ""2311"", ""2312"", ""2313"", ""2314"", ""2315"", ""5194"", ""ESTACION_CORREGIDORA_SUR""]","[""352"", ""352"", ""352"", ""352"", ""352"", ""352"", ""352"", ""382"", ""382"", ""382"", ""382"", ""382"", ""382"", ""382"", ""382"", ""382"", ""382"", ""382"", ""382"", ""382"", ""382"", ""382"", ""382"", ""382"", ""382"", ""382"", ""382"", ""382"", ""382"", ""382"", ""382"", ""382"", ""382"", ""382"", ""382"", ""382"", ""382"", ""382"", ""382"", ""382"", ""382"", ""382"", ""382"", ""382"", ""382"", ""325"", ""325"", ""325"", ""325"", ""325"", ""325"", ""325"", ""325"", ""325"", ""325"", ""325"", ""325"", ""325"", ""325"", ""319"", ""319"", ""319"", ""CAMINATA""]",5.0,Av. del Conde/Ferrandiz,20.55954112,-100.2616713
3786,164.24833333333333,386,AIQ01,3,59,4,Con transbordo,386 → 382 → 325 → 319,AIQ01 → T14 → C34 → C24,Carr. Federal No. 57/The Latit Hotels & Resorts → Bicentenario → Av. Tecnológico/Itq,"[""3786"", ""3787"", ""3788"", ""3865"", ""3866"", ""3789"", ""3790"", ""3791"", ""3792"", ""3793"", ""3794"", ""3795"", ""3796"", ""3798"", ""3799"", ""3800"", ""3801"", ""3802"", ""3803"", ""3804"", ""3805"", ""3806"", ""3867"", ""3868"", ""3869"", ""3870"", ""3871"", ""3872"", ""3807"", ""3873"", ""3874"", ""3875"", ""3808"", ""3809"", ""3810"", ""3811"", ""3812"", ""4404"", ""3813"", ""5104"", ""1476"", ""1472"", ""1471"", ""1470"", ""1469"", ""1439"", ""1438"", ""2537"", ""1920"", ""1921"", ""4241"", ""2310"", ""2311"", ""2312"", ""2313"", ""2314"", ""2315"", ""5194"", ""ESTACION_CORREGIDORA_SUR""]","[""386"", ""386"", ""386"", ""382"", ""382"", ""382"", ""382"", ""382"", ""382"", ""382"", ""382"", ""382"", ""382"", ""382"", ""382"", ""382"", ""382"", ""382"", ""382"", ""382"", ""382"", ""382"", ""382"", ""382"", ""382"", ""382"", ""382"", ""382"", ""382"", ""382"", ""382"", ""382"", ""382"", ""382"", ""382"", ""382"", ""382"", ""382"", ""382"", ""382"", ""325"", ""325"", ""325"", ""325"", ""325"", ""325"", ""325"", ""325"", ""325"", ""325"", ""325"", ""325"", ""325"", ""325"", ""319"", ""319"", ""319"", ""CAMINATA""]",5.0,Carr. Federal No. 57/Av. Los Arcos,20.571098149011,-100.28148805156
4060,164.54833333333335,352,C64,3,65,4,Con transbordo,352 → 382 → 325 → 319,C64 → T14 → C34 → C24,Lateral Carr. Querétaro/México/Calle Ignacio Zaragza → Bicentenario → Av. Tecnológico/Itq,"[""4060"", ""4061"", ""4064"", ""4065"", ""4066"", ""4067"", ""4068"", ""3787"", ""3788"", ""3865"", ""3866"", ""3789"", ""3790"", ""3791"", ""3792"", ""3793"", ""3794"", ""3795"", ""3796"", ""3798"", ""3799"", ""3800"", ""3801"", ""3802"", ""3803"", ""3804"", ""3805"", ""3806"", ""3867"", ""3868"", ""3869"", ""3870"", ""3871"", ""3872"", ""3807"", ""3873"", ""3874"", ""3875"", ""3808"", ""3809"", ""3810"", ""3811"", ""3812"", ""4404"", ""3813"", ""5104"", ""1476"", ""1472"", ""1471"", ""1470"", ""1469"", ""1439"", ""1438"", ""2537"", ""1920"", ""1921"", ""4241"", ""2310"", ""2311"", ""2312"", ""2313"", ""2314"", ""2315"", ""5194"", ""ESTACION_CORREGIDORA_SUR""]","[""352"", ""352"", ""352"", ""352"", ""352"", ""352"", ""352"", ""352"", ""382"", ""382"", ""382"", ""382"", ""382"", ""382"", ""382"", ""382"", ""382"", ""382"", ""382"", ""382"", ""382"", ""382"", ""382"", ""382"", ""382"", ""382"", ""382"", ""382"", ""382"", ""382"", ""382"", ""382"", ""382"", ""382"", ""382"", ""382"", ""382"", ""382"", ""382"", ""382"", ""382"", ""382"", ""382"", ""382"", ""382"", ""382"", ""325"", ""325"", ""325"", ""325"", ""325"", ""325"", ""325"", ""325"", ""325"", ""325"", ""325"", ""325"", ""325"", ""325"", ""319"", ""319"", ""319"", ""CAMINATA""]",5.0,Cto. El Marqués Norte/Privada del Conde,20.55731802,-100.2651507
