observed_at_utc,departure_time_utc,stop_id,route_id_principal,tiempo_gtfs_min,google_eta_min,google_distance_m,condition,status_code,status_message
2026-09-14T16:47:07.157796+00:00,2026-09-14T16:47:06.911508Z,2982,255.0,14.65,17.733333333333334,3397,ROUTE_EXISTS,0,
2026-09-14T16:47:07.157796+00:00,2026-09-14T16:47:06.911508Z,2981,355.0,15.083333333333332,14.5,2360,ROUTE_EXISTS,0,
2026-09-14T16:47:07.157796+00:00,2026-09-14T16:47:06.911508Z,3297,97.0,15.583333333333332,16.6,2956,ROUTE_EXISTS,0,
2026-09-14T16:47:07.157796+00:00,2026-09-14T16:47:06.911508Z,3222,323.0,14.766666666666666,14.016666666666667,2187,ROUTE_EXISTS,0,
2026-09-14T16:47:07.157796+00:00,2026-09-14T16:47:06.911508Z,3294,344.0,3.5833333333333335,13.283333333333333,1375,ROUTE_EXISTS,0,
2026-09-14T16:47:07.157796+00:00,2026-09-14T16:47:06.911508Z,3284,324.0,7.65,21.0,2090,ROUTE_EXISTS,0,
2026-09-14T16:47:07.157796+00:00,2026-09-14T16:47:06.911508Z,3571,336.0,14.499999999999998,14.466666666666667,2372,ROUTE_EXISTS,0,
2026-09-14T16:47:07.157796+00:00,2026-09-14T16:47:06.911508Z,1920,325.0,16.0,19.5,3404,ROUTE_EXISTS,0,
2026-09-14T16:47:07.157796+00:00,2026-09-14T16:47:06.911508Z,3295,344.0,2.216666666666667,5.466666666666667,1049,ROUTE_EXISTS,0,
2026-09-14T16:47:07.157796+00:00,2026-09-14T16:47:06.911508Z,5196,326.0,13.783333333333335,23.533333333333335,4701,ROUTE_EXISTS,0,
2026-09-14T16:47:07.157796+00:00,2026-09-14T16:47:06.911508Z,2340,344.0,2.7333333333333334,6.2,1221,ROUTE_EXISTS,0,
2026-09-14T16:47:07.157796+00:00,2026-09-14T16:47:06.911508Z,2338,344.0,4.7,15.333333333333334,1723,ROUTE_EXISTS,0,
2026-09-14T16:47:07.157796+00:00,2026-09-14T16:47:06.911508Z,3237,345.0,15.266666666666666,16.35,2483,ROUTE_EXISTS,0,
2026-09-14T16:47:07.157796+00:00,2026-09-14T16:47:06.911508Z,3491,342.0,12.083333333333332,16.7,2412,ROUTE_EXISTS,0,
2026-09-14T16:47:07.157796+00:00,2026-09-14T16:47:06.911508Z,3773,342.0,11.299999999999999,15.666666666666666,2179,ROUTE_EXISTS,0,
2026-09-14T16:47:07.157796+00:00,2026-09-14T16:47:06.911508Z,2339,344.0,4.2,14.4,1569,ROUTE_EXISTS,0,
2026-09-14T16:47:07.157796+00:00,2026-09-14T16:47:06.911508Z,2341,344.0,1.5333333333333334,4.55,837,ROUTE_EXISTS,0,
2026-09-14T16:47:07.157796+00:00,2026-09-14T16:47:06.911508Z,4143,324.0,8.25,18.466666666666665,1991,ROUTE_EXISTS,0,
2026-09-14T16:47:07.157796+00:00,2026-09-14T16:47:06.911508Z,3057,345.0,15.9,29.283333333333335,5675,ROUTE_EXISTS,0,
2026-09-14T16:47:07.157796+00:00,2026-09-14T16:47:06.911508Z,2201,338.0,15.683333333333332,19.383333333333333,4315,ROUTE_EXISTS,0,
2026-09-14T16:47:07.157796+00:00,2026-09-14T16:47:06.911508Z,3492,380.0,10.633333333333333,14.766666666666667,1981,ROUTE_EXISTS,0,
2026-09-14T16:47:07.157796+00:00,2026-09-14T16:47:06.911508Z,3061,160.0,13.533333333333335,25.35,4815,ROUTE_EXISTS,0,
2026-09-14T16:47:07.157796+00:00,2026-09-14T16:47:06.911508Z,3283,324.0,11.033333333333333,10.5,766,ROUTE_EXISTS,0,
2026-09-14T16:47:07.157796+00:00,2026-09-14T16:47:06.911508Z,3490,342.0,12.733333333333333,17.583333333333332,2603,ROUTE_EXISTS,0,
2026-09-14T16:47:07.157796+00:00,2026-09-14T16:47:06.911508Z,2334,347.0,12.266666666666667,25.866666666666667,3884,ROUTE_EXISTS,0,
2026-09-14T16:47:07.157796+00:00,2026-09-14T16:47:06.911508Z,1982,326.0,12.916666666666668,22.3,4398,ROUTE_EXISTS,0,
2026-09-14T16:47:07.157796+00:00,2026-09-14T16:47:06.911508Z,3935,342.0,13.666666666666666,18.766666666666666,2881,ROUTE_EXISTS,0,
2026-09-14T16:47:07.157796+00:00,2026-09-14T16:47:06.911508Z,2013,336.0,14.166666666666668,29.033333333333335,4948,ROUTE_EXISTS,0,
2026-09-14T16:47:07.157796+00:00,2026-09-14T16:47:06.911508Z,3572,336.0,13.583333333333332,15.633333333333333,2117,ROUTE_EXISTS,0,
2026-09-14T16:47:07.157796+00:00,2026-09-14T16:47:06.911508Z,2012,336.0,14.883333333333335,34.3,7652,ROUTE_EXISTS,0,
2026-09-14T16:47:07.157796+00:00,2026-09-14T16:47:06.911508Z,3060,345.0,13.816666666666668,25.9,4921,ROUTE_EXISTS,0,
2026-09-14T16:47:07.157796+00:00,2026-09-14T16:47:06.911508Z,5157,160.0,15.750000000000004,31.25,6502,ROUTE_EXISTS,0,
2026-09-14T16:47:07.157796+00:00,2026-09-14T16:47:06.911508Z,4256,344.0,5.366666666666667,9.766666666666667,2071,ROUTE_EXISTS,0,
2026-09-14T16:47:07.157796+00:00,2026-09-14T16:47:06.911508Z,5197,324.0,9.433333333333334,10.9,1526,ROUTE_EXISTS,0,
2026-09-14T16:47:07.157796+00:00,2026-09-14T16:47:06.911508Z,2335,347.0,10.233333333333334,22.416666666666668,3223,ROUTE_EXISTS,0,
2026-09-14T16:47:07.157796+00:00,2026-09-14T16:47:06.911508Z,2011,336.0,15.600000000000001,33.416666666666664,7764,ROUTE_EXISTS,0,
2026-09-14T16:47:07.157796+00:00,2026-09-14T16:47:06.911508Z,2861,336.0,14.799999999999999,25.366666666666667,5427,ROUTE_EXISTS,0,
2026-09-14T16:47:07.157796+00:00,2026-09-14T16:47:06.911508Z,3058,345.0,15.083333333333334,28.0,5382,ROUTE_EXISTS,0,
2026-09-14T16:47:07.157796+00:00,2026-09-14T16:47:06.911508Z,5174,336.0,15.633333333333331,26.716666666666665,5745,ROUTE_EXISTS,0,
2026-09-14T16:47:07.157796+00:00,2026-09-14T16:47:06.911508Z,2312,325.0,12.883333333333333,12.116666666666667,1806,ROUTE_EXISTS,0,
2026-09-14T16:47:07.157796+00:00,2026-09-14T16:47:06.911508Z,3363,344.0,8.033333333333333,12.866666666666667,3131,ROUTE_EXISTS,0,
2026-09-14T16:47:07.157796+00:00,2026-09-14T16:47:06.911508Z,2313,324.0,12.25,11.083333333333334,1495,ROUTE_EXISTS,0,
2026-09-14T16:47:07.157796+00:00,2026-09-14T16:47:06.911508Z,2860,325.0,8.516666666666667,24.733333333333334,4254,ROUTE_EXISTS,0,
2026-09-14T16:47:07.157796+00:00,2026-09-14T16:47:06.911508Z,5159,160.0,14.41666666666667,30.983333333333334,5328,ROUTE_EXISTS,0,
2026-09-14T16:47:07.157796+00:00,2026-09-14T16:47:06.911508Z,3059,345.0,14.766666666666667,27.383333333333333,5269,ROUTE_EXISTS,0,
2026-09-14T16:47:07.157796+00:00,2026-09-14T16:47:06.911508Z,2014,160.0,13.133333333333335,24.466666666666665,4592,ROUTE_EXISTS,0,
2026-09-14T16:47:07.157796+00:00,2026-09-14T16:47:06.911508Z,1921,325.0,14.883333333333333,17.516666666666666,2853,ROUTE_EXISTS,0,
2026-09-14T16:47:07.157796+00:00,2026-09-14T16:47:06.911508Z,3538,348.0,13.266666666666666,15.183333333333334,1879,ROUTE_EXISTS,0,
2026-09-14T16:47:07.157796+00:00,2026-09-14T16:47:06.911508Z,5158,160.0,14.983333333333336,31.233333333333334,6137,ROUTE_EXISTS,0,
2026-09-14T16:47:07.157796+00:00,2026-09-14T16:47:06.911508Z,4113,326.0,15.950000000000003,25.333333333333332,5634,ROUTE_EXISTS,0,
2026-09-14T16:47:07.157796+00:00,2026-09-14T16:47:06.911508Z,2015,160.0,12.666666666666668,23.433333333333334,4365,ROUTE_EXISTS,0,
2026-09-14T16:47:07.157796+00:00,2026-09-14T16:47:06.911508Z,3570,336.0,15.166666666666664,15.35,2782,ROUTE_EXISTS,0,
2026-09-14T16:47:07.157796+00:00,2026-09-14T16:47:06.911508Z,2923,354.0,13.416666666666668,30.083333333333332,5516,ROUTE_EXISTS,0,
2026-09-14T16:47:07.157796+00:00,2026-09-14T16:47:06.911508Z,2223,96.0,15.95,25.85,3492,ROUTE_EXISTS,0,
2026-09-14T16:47:07.157796+00:00,2026-09-14T16:47:06.911508Z,2884,336.0,15.133333333333333,26.666666666666668,5337,ROUTE_EXISTS,0,
2026-09-14T16:47:07.157796+00:00,2026-09-14T16:47:06.911508Z,2080,358.0,14.166666666666668,26.683333333333334,6288,ROUTE_EXISTS,0,
2026-09-14T16:47:07.157796+00:00,2026-09-14T16:47:06.911508Z,4135,341.0,15.016666666666667,36.583333333333336,8022,ROUTE_EXISTS,0,
2026-09-14T16:47:07.157796+00:00,2026-09-14T16:47:06.911508Z,1981,326.0,14.716666666666669,24.35,4814,ROUTE_EXISTS,0,
2026-09-14T16:47:07.157796+00:00,2026-09-14T16:47:06.911508Z,2310,325.0,14.133333333333333,15.8,2423,ROUTE_EXISTS,0,
2026-09-14T16:47:07.157796+00:00,2026-09-14T16:47:06.911508Z,3099,344.0,15.033333333333333,21.933333333333334,5601,ROUTE_EXISTS,0,
2026-09-14T16:47:07.157796+00:00,2026-09-14T16:47:06.911508Z,2999,342.0,14.733333333333333,21.566666666666666,3380,ROUTE_EXISTS,0,
2026-09-14T16:47:07.157796+00:00,2026-09-14T16:47:06.911508Z,1915,160.0,11.55,20.066666666666666,3844,ROUTE_EXISTS,0,
2026-09-14T16:47:07.157796+00:00,2026-09-14T16:47:06.911508Z,2224,371.0,15.133333333333333,32.733333333333334,7304,ROUTE_EXISTS,0,
2026-09-14T16:47:07.157796+00:00,2026-09-14T16:47:06.911508Z,2983,255.0,12.950000000000001,20.483333333333334,4279,ROUTE_EXISTS,0,
2026-09-14T16:47:07.157796+00:00,2026-09-14T16:47:06.911508Z,3281,319.0,13.15,21.733333333333334,4601,ROUTE_EXISTS,0,
2026-09-14T16:47:07.157796+00:00,2026-09-14T16:47:06.911508Z,3122,341.0,13.65,26.116666666666667,4950,ROUTE_EXISTS,0,
2026-09-14T16:47:07.157796+00:00,2026-09-14T16:47:06.911508Z,2333,350.0,13.0,27.266666666666666,4147,ROUTE_EXISTS,0,
2026-09-14T16:47:07.157796+00:00,2026-09-14T16:47:06.911508Z,1983,160.0,12.066666666666668,21.083333333333332,4096,ROUTE_EXISTS,0,
2026-09-14T16:47:07.157796+00:00,2026-09-14T16:47:06.911508Z,2883,336.0,15.549999999999999,42.05,5230,ROUTE_EXISTS,0,
2026-09-14T16:47:07.157796+00:00,2026-09-14T16:47:06.911508Z,2311,325.0,13.333333333333332,13.9,2024,ROUTE_EXISTS,0,
2026-09-14T16:47:07.157796+00:00,2026-09-14T16:47:06.911508Z,5166,336.0,16.083333333333332,33.61666666666667,4371,ROUTE_EXISTS,0,
2026-09-14T16:47:07.157796+00:00,2026-09-14T16:47:06.911508Z,1952,319.0,15.5,24.25,5645,ROUTE_EXISTS,0,
2026-09-14T16:47:07.157796+00:00,2026-09-14T16:47:06.911508Z,5160,160.0,13.833333333333336,27.583333333333332,4977,ROUTE_EXISTS,0,
2026-09-14T16:47:07.157796+00:00,2026-09-14T16:47:06.911508Z,3121,341.0,14.616666666666667,22.05,4676,ROUTE_EXISTS,0,
2026-09-14T16:47:07.157796+00:00,2026-09-14T16:47:06.911508Z,2331,350.0,15.366666666666667,34.13333333333333,8222,ROUTE_EXISTS,0,
2026-09-14T16:47:07.157796+00:00,2026-09-14T16:47:06.911508Z,2862,350.0,14.216666666666665,24.5,5208,ROUTE_EXISTS,0,
2026-09-14T16:47:07.157796+00:00,2026-09-14T16:47:06.911508Z,3100,344.0,14.666666666666666,21.35,5457,ROUTE_EXISTS,0,
2026-09-14T16:47:07.157796+00:00,2026-09-14T16:47:06.911508Z,5167,336.0,14.999999999999998,25.783333333333335,5517,ROUTE_EXISTS,0,
2026-09-14T16:47:07.157796+00:00,2026-09-14T16:47:06.911508Z,2220,351.0,7.75,26.616666666666667,5138,ROUTE_EXISTS,0,
2026-09-14T16:47:07.157796+00:00,2026-09-14T16:47:06.911508Z,2332,350.0,13.866666666666667,32.25,7704,ROUTE_EXISTS,0,
2026-09-14T16:47:07.157796+00:00,2026-09-14T16:47:06.911508Z,2392,324.0,11.0,19.9,3547,ROUTE_EXISTS,0,
2026-09-14T16:47:07.157796+00:00,2026-09-14T16:47:06.911508Z,2337,375.0,7.0,18.0,2385,ROUTE_EXISTS,0,
2026-09-14T16:47:07.157796+00:00,2026-09-14T16:47:06.911508Z,1811,347.0,15.5,26.583333333333332,3729,ROUTE_EXISTS,0,
2026-09-14T16:47:07.157796+00:00,2026-09-14T16:47:06.911508Z,2890,350.0,13.25,31.866666666666667,6347,ROUTE_EXISTS,0,
2026-09-14T16:47:07.157796+00:00,2026-09-14T16:47:06.911508Z,2858,325.0,10.5,23.316666666666666,4592,ROUTE_EXISTS,0,
2026-09-14T16:47:07.157796+00:00,2026-09-14T16:47:06.911508Z,3362,344.0,9.2,14.316666666666666,3498,ROUTE_EXISTS,0,
2026-09-14T16:47:07.157796+00:00,2026-09-14T16:47:06.911508Z,2886,350.0,13.049999999999999,19.4,4762,ROUTE_EXISTS,0,
2026-09-14T16:47:07.157796+00:00,2026-09-14T16:47:06.911508Z,2336,375.0,9.15,20.5,2864,ROUTE_EXISTS,0,
2026-09-14T16:47:07.157796+00:00,2026-09-14T16:47:06.911508Z,2924,354.0,12.350000000000001,25.866666666666667,5206,ROUTE_EXISTS,0,
2026-09-14T16:47:07.157796+00:00,2026-09-14T16:47:06.911508Z,2885,371.0,14.333333333333332,23.15,5062,ROUTE_EXISTS,0,
2026-09-14T16:47:07.157796+00:00,2026-09-14T16:47:06.911508Z,2984,325.0,11.583333333333334,25.583333333333332,5318,ROUTE_EXISTS,0,
2026-09-14T16:47:07.157796+00:00,2026-09-14T16:47:06.911508Z,3120,341.0,15.283333333333333,19.266666666666666,4490,ROUTE_EXISTS,0,
2026-09-14T16:47:07.157796+00:00,2026-09-14T16:47:06.911508Z,4241,325.0,14.516666666666666,16.666666666666668,2608,ROUTE_EXISTS,0,
2026-09-14T16:47:07.157796+00:00,2026-09-14T16:47:06.911508Z,2887,350.0,12.799999999999999,18.933333333333334,4679,ROUTE_EXISTS,0,
2026-09-14T16:47:07.157796+00:00,2026-09-14T16:47:06.911508Z,2859,325.0,9.233333333333334,20.266666666666666,3967,ROUTE_EXISTS,0,
2026-09-14T16:47:07.157796+00:00,2026-09-14T16:47:06.911508Z,2888,350.0,11.899999999999999,17.683333333333334,4387,ROUTE_EXISTS,0,
2026-09-14T16:47:07.157796+00:00,2026-09-14T16:47:06.911508Z,2889,344.0,11.266666666666666,16.766666666666666,4157,ROUTE_EXISTS,0,
2026-09-14T16:47:07.157796+00:00,2026-09-14T16:47:06.911508Z,2966,358.0,15.0,47.05,6435,ROUTE_EXISTS,0,
2026-09-14T16:47:07.157796+00:00,2026-09-14T16:47:06.911508Z,4447,379.0,15.333333333333334,31.75,5314,ROUTE_EXISTS,0,
2026-09-14T16:47:07.157796+00:00,2026-09-14T16:47:06.911508Z,2922,354.0,14.900000000000002,39.03333333333333,8886,ROUTE_EXISTS,0,
2026-09-14T16:47:08.611611+00:00,2026-09-14T16:47:06.911508Z,1999,325.0,17.0,23.533333333333335,4701,ROUTE_EXISTS,0,
2026-09-14T16:47:08.611611+00:00,2026-09-14T16:47:06.911508Z,2579,354.0,18.01666666666667,32.28333333333333,6541,ROUTE_EXISTS,0,
2026-09-14T16:47:08.611611+00:00,2026-09-14T16:47:06.911508Z,2390,325.0,18.833333333333332,29.25,6708,ROUTE_EXISTS,0,
2026-09-14T16:47:08.611611+00:00,2026-09-14T16:47:06.911508Z,2537,325.0,16.233333333333334,21.55,3539,ROUTE_EXISTS,0,
2026-09-14T16:47:08.611611+00:00,2026-09-14T16:47:06.911508Z,2919,341.0,17.45,33.43333333333333,6264,ROUTE_EXISTS,0,
2026-09-14T16:47:08.611611+00:00,2026-09-14T16:47:06.911508Z,2998,342.0,16.183333333333334,20.066666666666666,4368,ROUTE_EXISTS,0,
2026-09-14T16:47:08.611611+00:00,2026-09-14T16:47:06.911508Z,1919,134.0,16.783333333333335,20.766666666666666,3704,ROUTE_EXISTS,0,
2026-09-14T16:47:08.611611+00:00,2026-09-14T16:47:06.911508Z,4253,345.0,16.28333333333333,20.783333333333335,2780,ROUTE_EXISTS,0,
2026-09-14T16:47:08.611611+00:00,2026-09-14T16:47:06.911508Z,5072,325.0,16.800000000000004,35.13333333333333,6677,ROUTE_EXISTS,0,
2026-09-14T16:47:08.611611+00:00,2026-09-14T16:47:06.911508Z,2000,325.0,17.283333333333335,24.55,4225,ROUTE_EXISTS,0,
2026-09-14T16:47:08.611611+00:00,2026-09-14T16:47:06.911508Z,3007,350.0,18.183333333333337,30.683333333333334,5854,ROUTE_EXISTS,0,
2026-09-14T16:47:08.611611+00:00,2026-09-14T16:47:06.911508Z,1977,160.0,16.81666666666667,29.35,6666,ROUTE_EXISTS,0,
2026-09-14T16:47:08.611611+00:00,2026-09-14T16:47:06.911508Z,2921,354.0,16.083333333333336,38.416666666666664,6921,ROUTE_EXISTS,0,
2026-09-14T16:47:08.611611+00:00,2026-09-14T16:47:06.911508Z,2979,255.0,17.03333333333333,23.6,3736,ROUTE_EXISTS,0,
2026-09-14T16:47:08.611611+00:00,2026-09-14T16:47:06.911508Z,3172,349.0,16.983333333333334,34.5,6303,ROUTE_EXISTS,0,
2026-09-14T16:47:08.611611+00:00,2026-09-14T16:47:06.911508Z,2920,354.0,16.733333333333334,39.25,7110,ROUTE_EXISTS,0,
2026-09-14T16:47:08.611611+00:00,2026-09-14T16:47:06.911508Z,1437,90.0,17.333333333333332,24.183333333333334,3893,ROUTE_EXISTS,0,
2026-09-14T16:47:08.611611+00:00,2026-09-14T16:47:06.911508Z,2980,255.0,16.316666666666666,22.55,3365,ROUTE_EXISTS,0,
2026-09-14T16:47:08.611611+00:00,2026-09-14T16:47:06.911508Z,3055,321.0,17.45,31.4,6142,ROUTE_EXISTS,0,
2026-09-14T16:47:08.611611+00:00,2026-09-14T16:47:06.911508Z,2957,345.0,17.65,10.933333333333334,799,ROUTE_EXISTS,0,
2026-09-14T16:47:08.611611+00:00,2026-09-14T16:47:06.911508Z,1978,326.0,16.650000000000002,26.3,5880,ROUTE_EXISTS,0,
2026-09-14T16:47:08.611611+00:00,2026-09-14T16:47:06.911508Z,2001,325.0,17.950000000000003,23.5,4249,ROUTE_EXISTS,0,
2026-09-14T16:47:08.611611+00:00,2026-09-14T16:47:06.911508Z,2391,325.0,18.366666666666667,28.566666666666666,6544,ROUTE_EXISTS,0,
2026-09-14T16:47:08.611611+00:00,2026-09-14T16:47:06.911508Z,2856,98.0,18.4,24.566666666666666,4661,ROUTE_EXISTS,0,
2026-09-14T16:47:08.611611+00:00,2026-09-14T16:47:06.911508Z,2345,336.0,16.349999999999998,21.416666666666668,3556,ROUTE_EXISTS,0,
2026-09-14T16:47:08.611611+00:00,2026-09-14T16:47:06.911508Z,1979,160.0,17.750000000000004,31.033333333333335,7209,ROUTE_EXISTS,0,
2026-09-14T16:47:08.611611+00:00,2026-09-14T16:47:06.911508Z,2681,325.0,16.75,11.95,1191,ROUTE_EXISTS,0,
2026-09-14T16:47:08.611611+00:00,2026-09-14T16:47:06.911508Z,2343,333.0,17.9,14.466666666666667,1042,ROUTE_EXISTS,0,
2026-09-14T16:47:08.611611+00:00,2026-09-14T16:47:06.911508Z,1433,90.0,18.124999999999996,20.966666666666665,4405,ROUTE_EXISTS,0,
2026-09-14T16:47:08.611611+00:00,2026-09-14T16:47:06.911508Z,1440,360.0,16.78333333333333,25.433333333333334,3565,ROUTE_EXISTS,0,
2026-09-14T16:47:08.611611+00:00,2026-09-14T16:47:06.911508Z,1766,336.0,16.383333333333333,20.283333333333335,4580,ROUTE_EXISTS,0,
2026-09-14T16:47:08.611611+00:00,2026-09-14T16:47:06.911508Z,3056,345.0,16.516666666666666,30.3,5897,ROUTE_EXISTS,0,
2026-09-14T16:47:08.611611+00:00,2026-09-14T16:47:06.911508Z,3084,345.0,17.166666666666664,32.4,8720,ROUTE_EXISTS,0,
2026-09-14T16:47:08.611611+00:00,2026-09-14T16:47:06.911508Z,1764,336.0,17.916666666666664,27.333333333333332,4893,ROUTE_EXISTS,0,
2026-09-14T16:47:08.611611+00:00,2026-09-14T16:47:06.911508Z,3008,350.0,17.51666666666667,32.03333333333333,5958,ROUTE_EXISTS,0,
2026-09-14T16:47:08.611611+00:00,2026-09-14T16:47:06.911508Z,2195,376.0,16.966666666666665,23.75,3156,ROUTE_EXISTS,0,
2026-09-14T16:47:08.611611+00:00,2026-09-14T16:47:06.911508Z,1469,352.0,18.516666666666666,22.866666666666667,5483,ROUTE_EXISTS,0,
2026-09-14T16:47:08.611611+00:00,2026-09-14T16:47:06.911508Z,2965,358.0,16.6,22.816666666666666,2726,ROUTE_EXISTS,0,
2026-09-14T16:47:08.611611+00:00,2026-09-14T16:47:06.911508Z,1976,160.0,16.16666666666667,28.383333333333333,6328,ROUTE_EXISTS,0,
2026-09-14T16:47:08.611611+00:00,2026-09-14T16:47:06.911508Z,3626,380.0,18.616666666666667,23.933333333333334,5159,ROUTE_EXISTS,0,
2026-09-14T16:47:08.611611+00:00,2026-09-14T16:47:06.911508Z,1477,256.0,18.666666666666668,27.75,3514,ROUTE_EXISTS,0,
2026-09-14T16:47:08.611611+00:00,2026-09-14T16:47:06.911508Z,2344,333.0,17.116666666666664,18.333333333333332,1324,ROUTE_EXISTS,0,
2026-09-14T16:47:08.611611+00:00,2026-09-14T16:47:06.911508Z,1975,326.0,17.616666666666667,27.566666666666666,6286,ROUTE_EXISTS,0,
2026-09-14T16:47:08.611611+00:00,2026-09-14T16:47:06.911508Z,2002,325.0,18.250000000000004,21.083333333333332,4096,ROUTE_EXISTS,0,
2026-09-14T16:47:08.611611+00:00,2026-09-14T16:47:06.911508Z,4435,160.0,18.21666666666667,31.883333333333333,7450,ROUTE_EXISTS,0,
2026-09-14T16:47:08.611611+00:00,2026-09-14T16:47:06.911508Z,3545,336.0,17.216666666666665,35.7,7754,ROUTE_EXISTS,0,
2026-09-14T16:47:08.611611+00:00,2026-09-14T16:47:06.911508Z,5210,345.0,18.716666666666665,22.883333333333333,4569,ROUTE_EXISTS,0,
2026-09-14T16:47:08.611611+00:00,2026-09-14T16:47:06.911508Z,3083,345.0,17.466666666666665,32.9,8827,ROUTE_EXISTS,0,
2026-09-14T16:47:08.611611+00:00,2026-09-14T16:47:06.911508Z,3282,349.0,17.133333333333333,17.716666666666665,3363,ROUTE_EXISTS,0,
2026-09-14T16:47:08.611611+00:00,2026-09-14T16:47:06.911508Z,2309,319.0,17.81666666666667,22.0,4199,ROUTE_EXISTS,0,
2026-09-14T16:47:08.611611+00:00,2026-09-14T16:47:06.911508Z,2204,347.0,18.750000000000004,19.566666666666666,3492,ROUTE_EXISTS,0,
2026-09-14T16:47:08.611611+00:00,2026-09-14T16:47:06.911508Z,2058,357.0,17.933333333333334,16.433333333333334,2481,ROUTE_EXISTS,0,
2026-09-14T16:47:08.611611+00:00,2026-09-14T16:47:06.911508Z,2672,338.0,18.78333333333333,22.7,4753,ROUTE_EXISTS,0,
2026-09-14T16:47:08.611611+00:00,2026-09-14T16:47:06.911508Z,4430,336.0,18.4,28.116666666666667,5068,ROUTE_EXISTS,0,
2026-09-14T16:47:08.611611+00:00,2026-09-14T16:47:06.911508Z,2643,358.0,18.383333333333336,30.6,5770,ROUTE_EXISTS,0,
2026-09-14T16:47:08.611611+00:00,2026-09-14T16:47:06.911508Z,1995,325.0,17.200000000000003,31.283333333333335,5768,ROUTE_EXISTS,0,
2026-09-14T16:47:08.611611+00:00,2026-09-14T16:47:06.911508Z,3082,345.0,18.116666666666664,33.766666666666666,9061,ROUTE_EXISTS,0,
2026-09-14T16:47:08.611611+00:00,2026-09-14T16:47:06.911508Z,3546,336.0,17.633333333333333,36.016666666666666,7773,ROUTE_EXISTS,0,
2026-09-14T16:47:08.611611+00:00,2026-09-14T16:47:06.911508Z,2881,336.0,17.416666666666664,42.6,10310,ROUTE_EXISTS,0,
2026-09-14T16:47:08.611611+00:00,2026-09-14T16:47:06.911508Z,2010,336.0,16.683333333333334,35.13333333333333,7456,ROUTE_EXISTS,0,
2026-09-14T16:47:08.611611+00:00,2026-09-14T16:47:06.911508Z,1767,256.0,18.791666666666664,24.35,4867,ROUTE_EXISTS,0,
2026-09-14T16:47:08.611611+00:00,2026-09-14T16:47:06.911508Z,2061,357.0,18.075,14.633333333333333,2373,ROUTE_EXISTS,0,
2026-09-14T16:47:08.611611+00:00,2026-09-14T16:47:06.911508Z,1924,98.0,18.65,21.033333333333335,3498,ROUTE_EXISTS,0,
2026-09-14T16:47:08.611611+00:00,2026-09-14T16:47:06.911508Z,2329,350.0,17.566666666666666,37.016666666666666,8976,ROUTE_EXISTS,0,
2026-09-14T16:47:08.611611+00:00,2026-09-14T16:47:06.911508Z,5165,336.0,16.883333333333333,35.55,7907,ROUTE_EXISTS,0,
2026-09-14T16:47:08.611611+00:00,2026-09-14T16:47:06.911508Z,1434,97.0,17.174999999999997,18.316666666666666,3587,ROUTE_EXISTS,0,
2026-09-14T16:47:08.611611+00:00,2026-09-14T16:47:06.911508Z,1438,325.0,17.066666666666666,25.933333333333334,4851,ROUTE_EXISTS,0,
2026-09-14T16:47:08.611611+00:00,2026-09-14T16:47:06.911508Z,2288,255.0,16.416666666666668,29.916666666666668,7348,ROUTE_EXISTS,0,
2026-09-14T16:47:08.611611+00:00,2026-09-14T16:47:06.911508Z,3118,346.0,18.55,36.15,8316,ROUTE_EXISTS,0,
2026-09-14T16:47:08.611611+00:00,2026-09-14T16:47:06.911508Z,1951,319.0,17.4,26.316666666666666,6279,ROUTE_EXISTS,0,
2026-09-14T16:47:08.611611+00:00,2026-09-14T16:47:06.911508Z,3081,345.0,18.466666666666665,34.31666666666667,9192,ROUTE_EXISTS,0,
2026-09-14T16:47:08.611611+00:00,2026-09-14T16:47:06.911508Z,2222,96.0,17.066666666666666,23.583333333333332,3291,ROUTE_EXISTS,0,
2026-09-14T16:47:08.611611+00:00,2026-09-14T16:47:06.911508Z,2996,345.0,18.25,22.466666666666665,5054,ROUTE_EXISTS,0,
2026-09-14T16:47:08.611611+00:00,2026-09-14T16:47:06.911508Z,2997,345.0,17.566666666666666,21.616666666666667,4837,ROUTE_EXISTS,0,
2026-09-14T16:47:08.611611+00:00,2026-09-14T16:47:06.911508Z,2060,357.0,18.775,15.833333333333334,2759,ROUTE_EXISTS,0,
2026-09-14T16:47:08.611611+00:00,2026-09-14T16:47:06.911508Z,1964,328.0,17.633333333333333,28.8,4240,ROUTE_EXISTS,0,
2026-09-14T16:47:08.611611+00:00,2026-09-14T16:47:06.911508Z,1765,336.0,17.516666666666666,26.666666666666668,4739,ROUTE_EXISTS,0,
2026-09-14T16:47:08.611611+00:00,2026-09-14T16:47:06.911508Z,1914,325.0,18.750000000000004,20.016666666666666,4033,ROUTE_EXISTS,0,
2026-09-14T16:47:08.611611+00:00,2026-09-14T16:47:06.911508Z,2604,323.0,18.76666666666667,36.28333333333333,8493,ROUTE_EXISTS,0,
2026-09-14T16:47:08.611611+00:00,2026-09-14T16:47:06.911508Z,2880,336.0,18.18333333333333,43.666666666666664,10572,ROUTE_EXISTS,0,
2026-09-14T16:47:08.611611+00:00,2026-09-14T16:47:06.911508Z,1432,90.0,18.691666666666663,22.583333333333332,4871,ROUTE_EXISTS,0,
2026-09-14T16:47:08.611611+00:00,2026-09-14T16:47:06.911508Z,3355,351.0,17.533333333333335,31.9,7484,ROUTE_EXISTS,0,
2026-09-14T16:47:08.611611+00:00,2026-09-14T16:47:06.911508Z,1980,160.0,17.333333333333336,30.266666666666666,7011,ROUTE_EXISTS,0,
2026-09-14T16:47:08.611611+00:00,2026-09-14T16:47:06.911508Z,1998,164.0,16.3,24.866666666666667,5235,ROUTE_EXISTS,0,
2026-09-14T16:47:08.611611+00:00,2026-09-14T16:47:06.911508Z,2009,336.0,17.616666666666667,26.816666666666666,5351,ROUTE_EXISTS,0,
2026-09-14T16:47:08.611611+00:00,2026-09-14T16:47:06.911508Z,2057,319.0,18.566666666666666,17.9,2223,ROUTE_EXISTS,0,
2026-09-14T16:47:08.611611+00:00,2026-09-14T16:47:06.911508Z,2978,376.0,16.316666666666666,26.683333333333334,4401,ROUTE_EXISTS,0,
2026-09-14T16:47:08.611611+00:00,2026-09-14T16:47:06.911508Z,2031,319.0,18.550000000000004,23.166666666666668,4478,ROUTE_EXISTS,0,
2026-09-14T16:47:08.611611+00:00,2026-09-14T16:47:06.911508Z,2606,255.0,18.416666666666668,32.81666666666667,8289,ROUTE_EXISTS,0,
2026-09-14T16:47:08.611611+00:00,2026-09-14T16:47:06.911508Z,2074,374.0,17.76666666666667,38.0,7492,ROUTE_EXISTS,0,
2026-09-14T16:47:08.611611+00:00,2026-09-14T16:47:06.911508Z,1439,90.0,17.7,23.633333333333333,4722,ROUTE_EXISTS,0,
2026-09-14T16:47:08.611611+00:00,2026-09-14T16:47:06.911508Z,1918,134.0,18.366666666666667,23.4,4316,ROUTE_EXISTS,0,
2026-09-14T16:47:08.611611+00:00,2026-09-14T16:47:06.911508Z,2053,164.0,18.05,29.716666666666665,5569,ROUTE_EXISTS,0,
2026-09-14T16:47:08.611611+00:00,2026-09-14T16:47:06.911508Z,2882,336.0,16.299999999999997,41.13333333333333,9929,ROUTE_EXISTS,0,
2026-09-14T16:47:08.611611+00:00,2026-09-14T16:47:06.911508Z,3489,323.0,18.366666666666667,44.7,8873,ROUTE_EXISTS,0,
2026-09-14T16:47:08.611611+00:00,2026-09-14T16:47:06.911508Z,2330,350.0,16.433333333333334,35.53333333333333,8585,ROUTE_EXISTS,0,
2026-09-14T16:47:08.611611+00:00,2026-09-14T16:47:06.911508Z,2221,96.0,18.25,24.316666666666666,2829,ROUTE_EXISTS,0,
2026-09-14T16:47:08.611611+00:00,2026-09-14T16:47:06.911508Z,3280,379.0,16.083333333333336,32.766666666666666,5554,ROUTE_EXISTS,0,
2026-09-14T16:47:08.611611+00:00,2026-09-14T16:47:06.911508Z,3054,346.0,18.566666666666666,32.766666666666666,6458,ROUTE_EXISTS,0,
2026-09-14T16:47:08.611611+00:00,2026-09-14T16:47:06.911508Z,3682,325.0,16.45,15.566666666666666,1094,ROUTE_EXISTS,0,
2026-09-14T16:47:09.286590+00:00,2026-09-14T16:47:06.911508Z,3263,343.0,20.499999999999996,6.65,486,ROUTE_EXISTS,0,
2026-09-14T16:47:09.286590+00:00,2026-09-14T16:47:06.911508Z,2602,353.0,19.48333333333333,24.15,3385,ROUTE_EXISTS,0,
2026-09-14T16:47:09.286590+00:00,2026-09-14T16:47:06.911508Z,2522,323.0,19.349999999999998,15.916666666666666,1477,ROUTE_EXISTS,0,
2026-09-14T16:47:09.286590+00:00,2026-09-14T16:47:06.911508Z,2394,345.0,19.53333333333333,8.9,633,ROUTE_EXISTS,0,
2026-09-14T16:47:09.286590+00:00,2026-09-14T16:47:06.911508Z,2315,333.0,19.28333333333333,8.983333333333333,639,ROUTE_EXISTS,0,
2026-09-14T16:47:09.286590+00:00,2026-09-14T16:47:06.911508Z,5193,343.0,19.549999999999997,6.916666666666667,510,ROUTE_EXISTS,0,
2026-09-14T16:47:09.286590+00:00,2026-09-14T16:47:06.911508Z,3132,341.0,20.53333333333333,46.11666666666667,10524,ROUTE_EXISTS,0,
2026-09-14T16:47:09.286590+00:00,2026-09-14T16:47:06.911508Z,2265,374.0,20.566666666666666,28.116666666666667,4320,ROUTE_EXISTS,0,
2026-09-14T16:47:09.286590+00:00,2026-09-14T16:47:06.911508Z,1974,160.0,19.116666666666667,33.36666666666667,8015,ROUTE_EXISTS,0,
2026-09-14T16:47:09.286590+00:00,2026-09-14T16:47:06.911508Z,2056,319.0,19.616666666666667,14.033333333333333,1780,ROUTE_EXISTS,0,
2026-09-14T16:47:09.286590+00:00,2026-09-14T16:47:06.911508Z,2552,326.0,20.783333333333335,10.566666666666666,1180,ROUTE_EXISTS,0,
2026-09-14T16:47:09.286590+00:00,2026-09-14T16:47:06.911508Z,4100,356.0,20.733333333333334,26.033333333333335,2999,ROUTE_EXISTS,0,
2026-09-14T16:47:09.286590+00:00,2026-09-14T16:47:06.911508Z,2055,319.0,20.5,12.5,1319,ROUTE_EXISTS,0,
2026-09-14T16:47:09.286590+00:00,2026-09-14T16:47:06.911508Z,1306,90.0,20.00833333333333,26.166666666666668,6005,ROUTE_EXISTS,0,
2026-09-14T16:47:09.286590+00:00,2026-09-14T16:47:06.911508Z,2680,345.0,18.883333333333333,7.333333333333333,541,ROUTE_EXISTS,0,
2026-09-14T16:47:09.286590+00:00,2026-09-14T16:47:06.911508Z,2314,319.0,20.383333333333333,10.25,1181,ROUTE_EXISTS,0,
2026-09-14T16:47:09.286590+00:00,2026-09-14T16:47:06.911508Z,2342,333.0,18.916666666666664,9.416666666666666,674,ROUTE_EXISTS,0,
2026-09-14T16:47:09.286590+00:00,2026-09-14T16:47:06.911508Z,3340,374.0,20.1,44.95,9210,ROUTE_EXISTS,0,
2026-09-14T16:47:09.286590+00:00,2026-09-14T16:47:06.911508Z,3376,160.0,19.950000000000003,22.8,4452,ROUTE_EXISTS,0,
2026-09-14T16:47:09.286590+00:00,2026-09-14T16:47:06.911508Z,3006,350.0,18.86666666666667,31.783333333333335,6213,ROUTE_EXISTS,0,
2026-09-14T16:47:09.286590+00:00,2026-09-14T16:47:06.911508Z,4242,358.0,19.750000000000004,25.483333333333334,4965,ROUTE_EXISTS,0,
2026-09-14T16:47:09.286590+00:00,2026-09-14T16:47:06.911508Z,3080,345.0,18.849999999999998,34.9,9330,ROUTE_EXISTS,0,
2026-09-14T16:47:09.286590+00:00,2026-09-14T16:47:06.911508Z,3170,342.0,20.533333333333335,35.38333333333333,7277,ROUTE_EXISTS,0,
2026-09-14T16:47:09.286590+00:00,2026-09-14T16:47:06.911508Z,3053,346.0,19.35,33.78333333333333,6682,ROUTE_EXISTS,0,
2026-09-14T16:47:09.286590+00:00,2026-09-14T16:47:06.911508Z,1436,338.0,18.991666666666664,24.35,4976,ROUTE_EXISTS,0,
2026-09-14T16:47:09.286590+00:00,2026-09-14T16:47:06.911508Z,1470,352.0,19.633333333333333,24.333333333333332,6099,ROUTE_EXISTS,0,
2026-09-14T16:47:09.286590+00:00,2026-09-14T16:47:06.911508Z,2200,336.0,20.0,32.78333333333333,4958,ROUTE_EXISTS,0,
2026-09-14T16:47:09.286590+00:00,2026-09-14T16:47:06.911508Z,2229,350.0,18.9,38.05,6161,ROUTE_EXISTS,0,
2026-09-14T16:47:09.286590+00:00,2026-09-14T16:47:06.911508Z,2578,342.0,19.51666666666667,34.1,6976,ROUTE_EXISTS,0,
2026-09-14T16:47:09.286590+00:00,2026-09-14T16:47:06.911508Z,2029,319.0,20.03333333333334,25.516666666666666,5052,ROUTE_EXISTS,0,
2026-09-14T16:47:09.286590+00:00,2026-09-14T16:47:06.911508Z,2735,255.0,19.166666666666668,34.0,8636,ROUTE_EXISTS,0,
2026-09-14T16:47:09.286590+00:00,2026-09-14T16:47:06.911508Z,1973,160.0,20.116666666666667,35.0,8497,ROUTE_EXISTS,0,
2026-09-14T16:47:09.286590+00:00,2026-09-14T16:47:06.911508Z,3314,327.0,19.858333333333334,20.533333333333335,3051,ROUTE_EXISTS,0,
2026-09-14T16:47:09.286590+00:00,2026-09-14T16:47:06.911508Z,3117,346.0,19.283333333333335,35.35,8469,ROUTE_EXISTS,0,
2026-09-14T16:47:09.286590+00:00,2026-09-14T16:47:06.911508Z,3569,333.0,19.916666666666664,24.666666666666668,6178,ROUTE_EXISTS,0,
2026-09-14T16:47:09.286590+00:00,2026-09-14T16:47:06.911508Z,2024,376.0,19.116666666666664,25.733333333333334,4929,ROUTE_EXISTS,0,
2026-09-14T16:47:09.286590+00:00,2026-09-14T16:47:06.911508Z,2995,349.0,19.833333333333336,28.466666666666665,5744,ROUTE_EXISTS,0,
2026-09-14T16:47:09.286590+00:00,2026-09-14T16:47:06.911508Z,5229,374.0,19.983333333333334,27.166666666666668,4276,ROUTE_EXISTS,0,
2026-09-14T16:47:09.286590+00:00,2026-09-14T16:47:06.911508Z,2642,358.0,20.76666666666667,19.9,3547,ROUTE_EXISTS,0,
2026-09-14T16:47:09.286590+00:00,2026-09-14T16:47:06.911508Z,1901,370.0,20.350000000000005,27.666666666666668,3896,ROUTE_EXISTS,0,
2026-09-14T16:47:09.286590+00:00,2026-09-14T16:47:06.911508Z,3052,346.0,19.916666666666668,34.56666666666667,6844,ROUTE_EXISTS,0,
2026-09-14T16:47:09.286590+00:00,2026-09-14T16:47:06.911508Z,2064,342.0,20.716666666666665,12.116666666666667,1346,ROUTE_EXISTS,0,
2026-09-14T16:47:09.286590+00:00,2026-09-14T16:47:06.911508Z,2734,255.0,19.71666666666667,34.916666666666664,8888,ROUTE_EXISTS,0,
2026-09-14T16:47:09.286590+00:00,2026-09-14T16:47:06.911508Z,3354,351.0,19.416666666666668,40.7,8299,ROUTE_EXISTS,0,
2026-09-14T16:47:09.286590+00:00,2026-09-14T16:47:06.911508Z,2917,377.0,20.683333333333334,46.11666666666667,10524,ROUTE_EXISTS,0,
2026-09-14T16:47:09.286590+00:00,2026-09-14T16:47:06.911508Z,2379,160.0,19.483333333333338,20.216666666666665,4296,ROUTE_EXISTS,0,
2026-09-14T16:47:09.286590+00:00,2026-09-14T16:47:06.911508Z,2810,364.0,20.016666666666666,41.81666666666667,9178,ROUTE_EXISTS,0,
2026-09-14T16:47:09.286590+00:00,2026-09-14T16:47:06.911508Z,2393,345.0,20.28333333333333,9.733333333333333,920,ROUTE_EXISTS,0,
2026-09-14T16:47:09.286590+00:00,2026-09-14T16:47:06.911508Z,3678,163.0,19.11666666666667,44.05,8528,ROUTE_EXISTS,0,
2026-09-14T16:47:09.286590+00:00,2026-09-14T16:47:06.911508Z,3079,345.0,19.549999999999997,35.81666666666667,9584,ROUTE_EXISTS,0,
2026-09-14T16:47:09.286590+00:00,2026-09-14T16:47:06.911508Z,2752,245.0,20.183333333333334,61.21666666666667,12285,ROUTE_EXISTS,0,
2026-09-14T16:47:09.286590+00:00,2026-09-14T16:47:06.911508Z,2028,319.0,20.66666666666667,23.166666666666668,5302,ROUTE_EXISTS,0,
2026-09-14T16:47:09.286590+00:00,2026-09-14T16:47:06.911508Z,3005,350.0,19.350000000000005,30.033333333333335,5845,ROUTE_EXISTS,0,
2026-09-14T16:47:09.286590+00:00,2026-09-14T16:47:06.911508Z,3289,332.0,20.316666666666666,40.86666666666667,9749,ROUTE_EXISTS,0,
2026-09-14T16:47:09.286590+00:00,2026-09-14T16:47:06.911508Z,2963,319.0,20.466666666666665,19.683333333333334,4502,ROUTE_EXISTS,0,
2026-09-14T16:47:09.286590+00:00,2026-09-14T16:47:06.911508Z,2954,326.0,19.633333333333336,26.583333333333332,3548,ROUTE_EXISTS,0,
2026-09-14T16:47:09.286590+00:00,2026-09-14T16:47:06.911508Z,1881,369.0,20.083333333333336,26.933333333333334,4636,ROUTE_EXISTS,0,
2026-09-14T16:47:09.286590+00:00,2026-09-14T16:47:06.911508Z,3095,325.0,20.166666666666668,21.05,4678,ROUTE_EXISTS,0,
2026-09-14T16:47:09.286590+00:00,2026-09-14T16:47:06.911508Z,2953,326.0,20.550000000000004,20.483333333333334,3322,ROUTE_EXISTS,0,
2026-09-14T16:47:09.286590+00:00,2026-09-14T16:47:06.911508Z,3511,163.0,19.81666666666667,36.3,7825,ROUTE_EXISTS,0,
2026-09-14T16:47:09.286590+00:00,2026-09-14T16:47:06.911508Z,3290,332.0,19.0,36.6,8521,ROUTE_EXISTS,0,
2026-09-14T16:47:09.286590+00:00,2026-09-14T16:47:06.911508Z,2611,245.0,20.683333333333337,41.166666666666664,8749,ROUTE_EXISTS,0,
2026-09-14T16:47:09.286590+00:00,2026-09-14T16:47:06.911508Z,1923,134.0,19.616666666666664,20.383333333333333,3046,ROUTE_EXISTS,0,
2026-09-14T16:47:09.286590+00:00,2026-09-14T16:47:06.911508Z,2918,341.0,19.65,36.266666666666666,7799,ROUTE_EXISTS,0,
2026-09-14T16:47:09.286590+00:00,2026-09-14T16:47:06.911508Z,1966,319.0,19.316666666666666,28.35,5906,ROUTE_EXISTS,0,
2026-09-14T16:47:09.286590+00:00,2026-09-14T16:47:06.911508Z,3510,163.0,20.433333333333337,32.266666666666666,7524,ROUTE_EXISTS,0,
2026-09-14T16:47:09.286590+00:00,2026-09-14T16:47:06.911508Z,3116,346.0,20.183333333333334,32.15,7233,ROUTE_EXISTS,0,
2026-09-14T16:47:09.286590+00:00,2026-09-14T16:47:06.911508Z,1879,134.0,19.1,26.916666666666668,4600,ROUTE_EXISTS,0,
2026-09-14T16:47:09.286590+00:00,2026-09-14T16:47:06.911508Z,2023,386.0,20.03333333333333,27.3,5310,ROUTE_EXISTS,0,
2026-09-14T16:47:09.286590+00:00,2026-09-14T16:47:06.911508Z,3236,353.0,20.566666666666663,25.4,3589,ROUTE_EXISTS,0,
2026-09-14T16:47:09.286590+00:00,2026-09-14T16:47:06.911508Z,2228,336.0,20.333333333333332,40.53333333333333,9922,ROUTE_EXISTS,0,
2026-09-14T16:47:09.286590+00:00,2026-09-14T16:47:06.911508Z,1922,134.0,20.48333333333333,18.316666666666666,2784,ROUTE_EXISTS,0,
2026-09-14T16:47:09.286590+00:00,2026-09-14T16:47:06.911508Z,3353,351.0,20.76666666666667,42.06666666666667,8682,ROUTE_EXISTS,0,
2026-09-14T16:47:09.286590+00:00,2026-09-14T16:47:06.911508Z,2321,375.0,19.933333333333334,26.933333333333334,5016,ROUTE_EXISTS,0,
2026-09-14T16:47:09.286590+00:00,2026-09-14T16:47:06.911508Z,2008,346.0,19.400000000000002,19.816666666666666,4726,ROUTE_EXISTS,0,
2026-09-14T16:47:09.286590+00:00,2026-09-14T16:47:06.911508Z,3004,350.0,20.03333333333334,27.166666666666668,5388,ROUTE_EXISTS,0,
2026-09-14T16:47:09.286590+00:00,2026-09-14T16:47:06.911508Z,2082,370.0,20.100000000000005,28.05,3955,ROUTE_EXISTS,0,
2026-09-14T16:47:09.286590+00:00,2026-09-14T16:47:06.911508Z,2071,336.0,19.666666666666664,45.1,10615,ROUTE_EXISTS,0,
2026-09-14T16:47:09.286590+00:00,2026-09-14T16:47:06.911508Z,2030,319.0,19.28333333333334,24.333333333333332,4766,ROUTE_EXISTS,0,
2026-09-14T16:47:09.286590+00:00,2026-09-14T16:47:06.911508Z,2187,336.0,20.566666666666663,40.7,7242,ROUTE_EXISTS,0,
2026-09-14T16:47:09.286590+00:00,2026-09-14T16:47:06.911508Z,1959,319.0,19.583333333333332,27.133333333333333,5807,ROUTE_EXISTS,0,
2026-09-14T16:47:09.286590+00:00,2026-09-14T16:47:06.911508Z,2004,325.0,19.450000000000003,19.683333333333334,4253,ROUTE_EXISTS,0,
2026-09-14T16:47:09.286590+00:00,2026-09-14T16:47:06.911508Z,2267,255.0,20.166666666666668,33.28333333333333,7529,ROUTE_EXISTS,0,
2026-09-14T16:47:09.286590+00:00,2026-09-14T16:47:06.911508Z,2032,386.0,20.4,28.033333333333335,5458,ROUTE_EXISTS,0,
2026-09-14T16:47:09.286590+00:00,2026-09-14T16:47:06.911508Z,2524,139.0,20.183333333333334,20.0,3047,ROUTE_EXISTS,0,
2026-09-14T16:47:09.286590+00:00,2026-09-14T16:47:06.911508Z,2189,163.0,19.066666666666666,59.93333333333333,11903,ROUTE_EXISTS,0,
2026-09-14T16:47:09.286590+00:00,2026-09-14T16:47:06.911508Z,2389,325.0,20.166666666666664,30.9,7167,ROUTE_EXISTS,0,
2026-09-14T16:47:09.286590+00:00,2026-09-14T16:47:06.911508Z,1830,342.0,20.633333333333333,43.333333333333336,10094,ROUTE_EXISTS,0,
2026-09-14T16:47:09.286590+00:00,2026-09-14T16:47:06.911508Z,1967,319.0,18.9,30.35,6069,ROUTE_EXISTS,0,
2026-09-14T16:47:09.286590+00:00,2026-09-14T16:47:06.911508Z,2243,349.0,19.166666666666668,26.3,5329,ROUTE_EXISTS,0,
2026-09-14T16:47:09.286590+00:00,2026-09-14T16:47:06.911508Z,1471,352.0,20.433333333333334,25.433333333333334,6537,ROUTE_EXISTS,0,
2026-09-14T16:47:09.286590+00:00,2026-09-14T16:47:06.911508Z,1900,369.0,20.700000000000006,28.483333333333334,3985,ROUTE_EXISTS,0,
2026-09-14T16:47:09.286590+00:00,2026-09-14T16:47:06.911508Z,2589,351.0,19.76666666666667,22.283333333333335,3448,ROUTE_EXISTS,0,
2026-09-14T16:47:09.286590+00:00,2026-09-14T16:47:06.911508Z,3078,345.0,20.049999999999997,36.516666666666666,9778,ROUTE_EXISTS,0,
2026-09-14T16:47:09.286590+00:00,2026-09-14T16:47:06.911508Z,2007,339.0,20.500000000000004,18.95,4457,ROUTE_EXISTS,0,
2026-09-14T16:47:09.286590+00:00,2026-09-14T16:47:06.911508Z,2191,90.0,19.70833333333333,28.716666666666665,5103,ROUTE_EXISTS,0,
2026-09-14T16:47:09.286590+00:00,2026-09-14T16:47:06.911508Z,3475,345.0,20.066666666666666,24.466666666666665,5696,ROUTE_EXISTS,0,
2026-09-14T16:47:09.286590+00:00,2026-09-14T16:47:06.911508Z,2052,164.0,20.116666666666667,34.53333333333333,5869,ROUTE_EXISTS,0,
2026-09-14T16:47:09.286590+00:00,2026-09-14T16:47:06.911508Z,5296,323.0,19.45,48.65,9163,ROUTE_EXISTS,0,
2026-09-14T16:47:09.286590+00:00,2026-09-14T16:47:06.911508Z,1884,347.0,19.750000000000004,27.233333333333334,3788,ROUTE_EXISTS,0,
2026-09-14T16:47:09.792714+00:00,2026-09-14T16:47:06.911508Z,3002,345.0,21.61666666666667,21.616666666666667,4837,ROUTE_EXISTS,0,
2026-09-14T16:47:09.792714+00:00,2026-09-14T16:47:06.911508Z,5070,343.0,21.266666666666662,7.766666666666667,722,ROUTE_EXISTS,0,
2026-09-14T16:47:09.792714+00:00,2026-09-14T16:47:06.911508Z,5180,338.0,20.816666666666663,30.933333333333334,7994,ROUTE_EXISTS,0,
2026-09-14T16:47:09.792714+00:00,2026-09-14T16:47:06.911508Z,3291,345.0,22.183333333333337,23.766666666666666,4628,ROUTE_EXISTS,0,
2026-09-14T16:47:09.792714+00:00,2026-09-14T16:47:06.911508Z,2199,336.0,22.28333333333333,31.966666666666665,6927,ROUTE_EXISTS,0,
2026-09-14T16:47:09.792714+00:00,2026-09-14T16:47:06.911508Z,2063,326.0,22.049999999999997,12.25,1687,ROUTE_EXISTS,0,
2026-09-14T16:47:09.792714+00:00,2026-09-14T16:47:06.911508Z,3262,343.0,21.93333333333333,8.9,937,ROUTE_EXISTS,0,
2026-09-14T16:47:09.792714+00:00,2026-09-14T16:47:06.911508Z,2412,98.0,22.249999999999996,30.883333333333333,5943,ROUTE_EXISTS,0,
2026-09-14T16:47:09.792714+00:00,2026-09-14T16:47:06.911508Z,3472,345.0,22.0,26.916666666666668,6358,ROUTE_EXISTS,0,
2026-09-14T16:47:09.792714+00:00,2026-09-14T16:47:06.911508Z,2308,319.0,21.56666666666667,24.3,5652,ROUTE_EXISTS,0,
2026-09-14T16:47:09.792714+00:00,2026-09-14T16:47:06.911508Z,1304,90.0,21.824999999999996,31.2,7562,ROUTE_EXISTS,0,
2026-09-14T16:47:09.792714+00:00,2026-09-14T16:47:06.911508Z,1762,336.0,21.216666666666665,30.55,6524,ROUTE_EXISTS,0,
2026-09-14T16:47:09.792714+00:00,2026-09-14T16:47:06.911508Z,3568,333.0,21.016666666666666,25.966666666666665,6577,ROUTE_EXISTS,0,
2026-09-14T16:47:09.792714+00:00,2026-09-14T16:47:06.911508Z,2044,160.0,20.783333333333335,39.833333333333336,8852,ROUTE_EXISTS,0,
2026-09-14T16:47:09.792714+00:00,2026-09-14T16:47:06.911508Z,3003,350.0,20.983333333333338,22.466666666666665,5054,ROUTE_EXISTS,0,
2026-09-14T16:47:09.792714+00:00,2026-09-14T16:47:06.911508Z,2523,139.0,22.166666666666668,20.716666666666665,2503,ROUTE_EXISTS,0,
2026-09-14T16:47:09.792714+00:00,2026-09-14T16:47:06.911508Z,2577,342.0,21.533333333333335,36.65,7580,ROUTE_EXISTS,0,
2026-09-14T16:47:09.792714+00:00,2026-09-14T16:47:06.911508Z,2429,320.0,22.166666666666664,36.78333333333333,8778,ROUTE_EXISTS,0,
2026-09-14T16:47:09.792714+00:00,2026-09-14T16:47:06.911508Z,3622,370.0,22.241666666666664,28.8,6822,ROUTE_EXISTS,0,
2026-09-14T16:47:09.792714+00:00,2026-09-14T16:47:06.911508Z,1305,90.0,20.95833333333333,28.8,6822,ROUTE_EXISTS,0,
2026-09-14T16:47:09.792714+00:00,2026-09-14T16:47:06.911508Z,2970,354.0,22.23333333333333,32.15,5900,ROUTE_EXISTS,0,
2026-09-14T16:47:09.792714+00:00,2026-09-14T16:47:06.911508Z,3726,355.0,22.066666666666666,12.266666666666667,1662,ROUTE_EXISTS,0,
2026-09-14T16:47:09.792714+00:00,2026-09-14T16:47:06.911508Z,2178,160.0,22.283333333333335,46.95,9457,ROUTE_EXISTS,0,
2026-09-14T16:47:09.792714+00:00,2026-09-14T16:47:06.911508Z,2184,163.0,22.2,42.85,7189,ROUTE_EXISTS,0,
2026-09-14T16:47:09.792714+00:00,2026-09-14T16:47:06.911508Z,2478,334.0,22.133333333333336,29.25,5859,ROUTE_EXISTS,0,
2026-09-14T16:47:09.792714+00:00,2026-09-14T16:47:06.911508Z,3030,96.0,22.266666666666666,39.8,7557,ROUTE_EXISTS,0,
2026-09-14T16:47:09.792714+00:00,2026-09-14T16:47:06.911508Z,3474,345.0,20.983333333333334,25.55,5989,ROUTE_EXISTS,0,
2026-09-14T16:47:09.792714+00:00,2026-09-14T16:47:06.911508Z,5192,323.0,20.833333333333332,15.533333333333333,2109,ROUTE_EXISTS,0,
2026-09-14T16:47:09.792714+00:00,2026-09-14T16:47:06.911508Z,2582,328.0,22.03333333333333,37.78333333333333,5762,ROUTE_EXISTS,0,
2026-09-14T16:47:09.792714+00:00,2026-09-14T16:47:06.911508Z,3625,380.0,21.033333333333335,31.783333333333335,5329,ROUTE_EXISTS,0,
2026-09-14T16:47:09.792714+00:00,2026-09-14T16:47:06.911508Z,2419,319.0,21.666666666666664,25.816666666666666,5933,ROUTE_EXISTS,0,
2026-09-14T16:47:09.792714+00:00,2026-09-14T16:47:06.911508Z,5150,342.0,22.25,12.25,1687,ROUTE_EXISTS,0,
2026-09-14T16:47:09.792714+00:00,2026-09-14T16:47:06.911508Z,3711,319.0,21.98333333333333,24.233333333333334,4961,ROUTE_EXISTS,0,
2026-09-14T16:47:09.792714+00:00,2026-09-14T16:47:06.911508Z,2536,324.0,21.366666666666667,39.016666666666666,6702,ROUTE_EXISTS,0,
2026-09-14T16:47:09.792714+00:00,2026-09-14T16:47:06.911508Z,3473,345.0,21.35,26.083333333333332,6147,ROUTE_EXISTS,0,
2026-09-14T16:47:09.792714+00:00,2026-09-14T16:47:06.911508Z,2218,376.0,22.099999999999998,31.316666666666666,5968,ROUTE_EXISTS,0,
2026-09-14T16:47:09.792714+00:00,2026-09-14T16:47:06.911508Z,3375,160.0,21.383333333333336,13.983333333333333,2187,ROUTE_EXISTS,0,
2026-09-14T16:47:09.792714+00:00,2026-09-14T16:47:06.911508Z,1898,369.0,22.216666666666672,27.25,4858,ROUTE_EXISTS,0,
2026-09-14T16:47:09.792714+00:00,2026-09-14T16:47:06.911508Z,2043,160.0,21.21666666666667,47.78333333333333,9676,ROUTE_EXISTS,0,
2026-09-14T16:47:09.792714+00:00,2026-09-14T16:47:06.911508Z,3094,325.0,22.2,24.766666666666666,5687,ROUTE_EXISTS,0,
2026-09-14T16:47:09.792714+00:00,2026-09-14T16:47:06.911508Z,2809,364.0,21.099999999999998,45.71666666666667,9465,ROUTE_EXISTS,0,
2026-09-14T16:47:09.792714+00:00,2026-09-14T16:47:06.911508Z,2558,326.0,21.500000000000004,16.183333333333334,2972,ROUTE_EXISTS,0,
2026-09-14T16:47:09.792714+00:00,2026-09-14T16:47:06.911508Z,3051,346.0,20.8,35.7,7095,ROUTE_EXISTS,0,
2026-09-14T16:47:09.792714+00:00,2026-09-14T16:47:06.911508Z,2616,356.0,21.816666666666666,27.583333333333332,3110,ROUTE_EXISTS,0,
2026-09-14T16:47:09.792714+00:00,2026-09-14T16:47:06.911508Z,2388,325.0,21.65,34.46666666666667,7688,ROUTE_EXISTS,0,
2026-09-14T16:47:09.792714+00:00,2026-09-14T16:47:06.911508Z,1950,319.0,21.266666666666666,30.35,8350,ROUTE_EXISTS,0,
2026-09-14T16:47:09.792714+00:00,2026-09-14T16:47:06.911508Z,1894,369.0,21.933333333333337,39.88333333333333,7079,ROUTE_EXISTS,0,
2026-09-14T16:47:09.792714+00:00,2026-09-14T16:47:06.911508Z,4134,341.0,22.016666666666666,48.083333333333336,10939,ROUTE_EXISTS,0,
2026-09-14T16:47:09.792714+00:00,2026-09-14T16:47:06.911508Z,2081,347.0,21.36666666666667,27.533333333333335,4603,ROUTE_EXISTS,0,
2026-09-14T16:47:09.792714+00:00,2026-09-14T16:47:06.911508Z,2878,245.0,21.866666666666667,46.71666666666667,10527,ROUTE_EXISTS,0,
2026-09-14T16:47:09.792714+00:00,2026-09-14T16:47:06.911508Z,3224,355.0,21.216666666666665,13.366666666666667,1468,ROUTE_EXISTS,0,
2026-09-14T16:47:09.792714+00:00,2026-09-14T16:47:06.911508Z,2993,342.0,21.783333333333335,31.283333333333335,6325,ROUTE_EXISTS,0,
2026-09-14T16:47:09.792714+00:00,2026-09-14T16:47:06.911508Z,2453,134.0,21.26666666666667,26.566666666666666,4941,ROUTE_EXISTS,0,
2026-09-14T16:47:09.792714+00:00,2026-09-14T16:47:06.911508Z,1882,369.0,21.11666666666667,26.9,4858,ROUTE_EXISTS,0,
2026-09-14T16:47:09.792714+00:00,2026-09-14T16:47:06.911508Z,5194,319.0,22.28333333333333,8.483333333333333,590,ROUTE_EXISTS,0,
2026-09-14T16:47:09.792714+00:00,2026-09-14T16:47:06.911508Z,2454,326.0,21.733333333333334,24.3,4049,ROUTE_EXISTS,0,
2026-09-14T16:47:09.792714+00:00,2026-09-14T16:47:06.911508Z,2676,325.0,21.316666666666666,23.133333333333333,5252,ROUTE_EXISTS,0,
2026-09-14T16:47:09.792714+00:00,2026-09-14T16:47:06.911508Z,2610,245.0,21.650000000000002,42.31666666666667,9083,ROUTE_EXISTS,0,
2026-09-14T16:47:09.792714+00:00,2026-09-14T16:47:06.911508Z,3109,346.0,21.866666666666667,33.766666666666666,9061,ROUTE_EXISTS,0,
2026-09-14T16:47:09.792714+00:00,2026-09-14T16:47:06.911508Z,2042,160.0,21.55,42.8,9105,ROUTE_EXISTS,0,
2026-09-14T16:47:09.792714+00:00,2026-09-14T16:47:06.911508Z,2994,349.0,21.033333333333335,30.166666666666668,6104,ROUTE_EXISTS,0,
2026-09-14T16:47:09.792714+00:00,2026-09-14T16:47:06.911508Z,1905,369.0,21.250000000000004,29.283333333333335,4221,ROUTE_EXISTS,0,
2026-09-14T16:47:09.792714+00:00,2026-09-14T16:47:06.911508Z,2483,350.0,21.78333333333333,42.36666666666667,10417,ROUTE_EXISTS,0,
2026-09-14T16:47:09.792714+00:00,2026-09-14T16:47:06.911508Z,3105,345.0,21.599999999999998,37.3,8693,ROUTE_EXISTS,0,
2026-09-14T16:47:09.792714+00:00,2026-09-14T16:47:06.911508Z,5303,350.0,21.916666666666668,44.666666666666664,7950,ROUTE_EXISTS,0,
2026-09-14T16:47:09.792714+00:00,2026-09-14T16:47:06.911508Z,2733,255.0,21.633333333333336,37.7,9788,ROUTE_EXISTS,0,
2026-09-14T16:47:09.792714+00:00,2026-09-14T16:47:06.911508Z,2287,374.0,21.866666666666667,47.85,9844,ROUTE_EXISTS,0,
2026-09-14T16:47:09.792714+00:00,2026-09-14T16:47:06.911508Z,1972,326.0,21.650000000000002,36.833333333333336,9123,ROUTE_EXISTS,0,
2026-09-14T16:47:09.792714+00:00,2026-09-14T16:47:06.911508Z,1763,336.0,20.816666666666666,29.916666666666668,6378,ROUTE_EXISTS,0,
2026-09-14T16:47:09.792714+00:00,2026-09-14T16:47:06.911508Z,2879,245.0,21.133333333333333,46.95,10743,ROUTE_EXISTS,0,
2026-09-14T16:47:09.792714+00:00,2026-09-14T16:47:06.911508Z,3422,340.0,20.96666666666667,39.266666666666666,7348,ROUTE_EXISTS,0,
2026-09-14T16:47:09.792714+00:00,2026-09-14T16:47:06.911508Z,3115,346.0,21.05,36.71666666666667,9323,ROUTE_EXISTS,0,
2026-09-14T16:47:09.792714+00:00,2026-09-14T16:47:06.911508Z,2576,342.0,22.21666666666667,37.56666666666667,7784,ROUTE_EXISTS,0,
2026-09-14T16:47:09.792714+00:00,2026-09-14T16:47:06.911508Z,3031,346.0,21.8,36.0,8129,ROUTE_EXISTS,0,
2026-09-14T16:47:09.792714+00:00,2026-09-14T16:47:06.911508Z,1472,352.0,21.116666666666667,26.4,6905,ROUTE_EXISTS,0,
2026-09-14T16:47:09.792714+00:00,2026-09-14T16:47:06.911508Z,3931,341.0,21.383333333333333,36.3,7801,ROUTE_EXISTS,0,
2026-09-14T16:47:09.792714+00:00,2026-09-14T16:47:06.911508Z,2219,386.0,20.849999999999998,28.883333333333333,5641,ROUTE_EXISTS,0,
2026-09-14T16:47:09.792714+00:00,2026-09-14T16:47:06.911508Z,3050,346.0,21.25,36.36666666666667,7223,ROUTE_EXISTS,0,
2026-09-14T16:47:09.792714+00:00,2026-09-14T16:47:06.911508Z,2588,351.0,21.666666666666668,16.033333333333335,2565,ROUTE_EXISTS,0,
2026-09-14T16:47:09.792714+00:00,2026-09-14T16:47:06.911508Z,4124,160.0,21.883333333333336,14.1,1970,ROUTE_EXISTS,0,
2026-09-14T16:47:09.792714+00:00,2026-09-14T16:47:06.911508Z,2956,345.0,21.85,11.85,1571,ROUTE_EXISTS,0,
2026-09-14T16:47:09.792714+00:00,2026-09-14T16:47:06.911508Z,3288,332.0,21.933333333333334,40.38333333333333,9260,ROUTE_EXISTS,0,
2026-09-14T16:47:09.792714+00:00,2026-09-14T16:47:06.911508Z,2059,319.0,21.483333333333338,19.983333333333334,2627,ROUTE_EXISTS,0,
2026-09-14T16:47:09.792714+00:00,2026-09-14T16:47:06.911508Z,2451,325.0,20.933333333333334,28.433333333333334,6345,ROUTE_EXISTS,0,
2026-09-14T16:47:09.792714+00:00,2026-09-14T16:47:06.911508Z,2450,325.0,21.75,34.083333333333336,6592,ROUTE_EXISTS,0,
2026-09-14T16:47:09.792714+00:00,2026-09-14T16:47:06.911508Z,1806,357.0,22.133333333333333,24.9,3604,ROUTE_EXISTS,0,
2026-09-14T16:47:09.792714+00:00,2026-09-14T16:47:06.911508Z,1309,370.0,22.124999999999996,39.333333333333336,7572,ROUTE_EXISTS,0,
2026-09-14T16:47:09.792714+00:00,2026-09-14T16:47:06.911508Z,2557,326.0,22.11666666666667,14.383333333333333,2227,ROUTE_EXISTS,0,
2026-09-14T16:47:09.792714+00:00,2026-09-14T16:47:06.911508Z,3062,345.0,21.549999999999997,47.18333333333333,11216,ROUTE_EXISTS,0,
2026-09-14T16:47:09.792714+00:00,2026-09-14T16:47:06.911508Z,5191,323.0,21.683333333333334,18.1,2357,ROUTE_EXISTS,0,
2026-09-14T16:47:09.792714+00:00,2026-09-14T16:47:06.911508Z,3077,345.0,21.083333333333332,36.61666666666667,5492,ROUTE_EXISTS,0,
2026-09-14T16:47:09.792714+00:00,2026-09-14T16:47:06.911508Z,2916,377.0,21.45,49.28333333333333,10758,ROUTE_EXISTS,0,
2026-09-14T16:47:09.792714+00:00,2026-09-14T16:47:06.911508Z,2378,319.0,21.266666666666666,13.1,934,ROUTE_EXISTS,0,
2026-09-14T16:47:09.792714+00:00,2026-09-14T16:47:06.911508Z,2548,326.0,22.116666666666667,23.333333333333332,4282,ROUTE_EXISTS,0,
2026-09-14T16:47:09.792714+00:00,2026-09-14T16:47:06.911508Z,2186,336.0,21.533333333333328,42.28333333333333,7572,ROUTE_EXISTS,0,
2026-09-14T16:47:09.792714+00:00,2026-09-14T16:47:06.911508Z,3063,334.0,21.166666666666664,46.53333333333333,11025,ROUTE_EXISTS,0,
2026-09-14T16:47:09.792714+00:00,2026-09-14T16:47:06.911508Z,1899,369.0,21.750000000000007,27.216666666666665,3784,ROUTE_EXISTS,0,
2026-09-14T16:47:09.792714+00:00,2026-09-14T16:47:06.911508Z,3114,346.0,21.28333333333334,21.816666666666666,4678,ROUTE_EXISTS,0,
2026-09-14T16:47:09.792714+00:00,2026-09-14T16:47:06.911508Z,2549,329.0,21.400000000000002,20.966666666666665,3197,ROUTE_EXISTS,0,
2026-09-14T16:47:09.792714+00:00,2026-09-14T16:47:06.911508Z,1883,369.0,21.950000000000003,28.766666666666666,3923,ROUTE_EXISTS,0,
2026-09-14T16:47:10.283593+00:00,2026-09-14T16:47:06.911508Z,3235,353.0,22.316666666666663,27.316666666666666,3926,ROUTE_EXISTS,0,
2026-09-14T16:47:10.283593+00:00,2026-09-14T16:47:06.911508Z,2019,325.0,22.96666666666667,35.4,7036,ROUTE_EXISTS,0,
2026-09-14T16:47:10.283593+00:00,2026-09-14T16:47:06.911508Z,2535,324.0,22.46666666666667,41.71666666666667,9166,ROUTE_EXISTS,0,
2026-09-14T16:47:10.283593+00:00,2026-09-14T16:47:06.911508Z,2217,376.0,22.566666666666663,32.43333333333333,6053,ROUTE_EXISTS,0,
2026-09-14T16:47:10.283593+00:00,2026-09-14T16:47:06.911508Z,2530,324.0,23.1,48.45,8390,ROUTE_EXISTS,0,
2026-09-14T16:47:10.283593+00:00,2026-09-14T16:47:06.911508Z,2969,337.0,23.166666666666664,35.05,6166,ROUTE_EXISTS,0,
2026-09-14T16:47:10.283593+00:00,2026-09-14T16:47:06.911508Z,4393,336.0,23.016666666666666,31.183333333333334,6325,ROUTE_EXISTS,0,
2026-09-14T16:47:10.283593+00:00,2026-09-14T16:47:06.911508Z,1308,90.0,22.874999999999996,30.666666666666668,6932,ROUTE_EXISTS,0,
2026-09-14T16:47:10.283593+00:00,2026-09-14T16:47:06.911508Z,2306,326.0,23.000000000000004,32.916666666666664,6906,ROUTE_EXISTS,0,
2026-09-14T16:47:10.283593+00:00,2026-09-14T16:47:06.911508Z,3471,345.0,22.816666666666666,27.916666666666668,6621,ROUTE_EXISTS,0,
2026-09-14T16:47:10.283593+00:00,2026-09-14T16:47:06.911508Z,3293,345.0,23.450000000000003,13.283333333333333,1375,ROUTE_EXISTS,0,
2026-09-14T16:47:10.283593+00:00,2026-09-14T16:47:06.911508Z,1761,90.0,23.424999999999997,35.68333333333333,8913,ROUTE_EXISTS,0,
2026-09-14T16:47:10.283593+00:00,2026-09-14T16:47:06.911508Z,3107,345.0,22.849999999999998,32.4,8720,ROUTE_EXISTS,0,
2026-09-14T16:47:10.283593+00:00,2026-09-14T16:47:06.911508Z,4120,345.0,23.083333333333336,21.466666666666665,4444,ROUTE_EXISTS,0,
2026-09-14T16:47:10.283593+00:00,2026-09-14T16:47:06.911508Z,2534,324.0,23.06666666666667,42.86666666666667,9220,ROUTE_EXISTS,0,
2026-09-14T16:47:10.283593+00:00,2026-09-14T16:47:06.911508Z,3223,355.0,22.45,12.833333333333334,1795,ROUTE_EXISTS,0,
2026-09-14T16:47:10.283593+00:00,2026-09-14T16:47:06.911508Z,3131,341.0,22.95,49.28333333333333,11242,ROUTE_EXISTS,0,
2026-09-14T16:47:10.283593+00:00,2026-09-14T16:47:06.911508Z,3394,374.0,22.716666666666665,26.7,5526,ROUTE_EXISTS,0,
2026-09-14T16:47:10.283593+00:00,2026-09-14T16:47:06.911508Z,2411,138.0,23.21666666666666,33.733333333333334,6226,ROUTE_EXISTS,0,
2026-09-14T16:47:10.283593+00:00,2026-09-14T16:47:06.911508Z,2062,326.0,22.966666666666665,13.45,2047,ROUTE_EXISTS,0,
2026-09-14T16:47:10.283593+00:00,2026-09-14T16:47:06.911508Z,2575,245.0,23.250000000000004,45.36666666666667,9633,ROUTE_EXISTS,0,
2026-09-14T16:47:10.283593+00:00,2026-09-14T16:47:06.911508Z,3352,351.0,22.283333333333335,41.81666666666667,8262,ROUTE_EXISTS,0,
2026-09-14T16:47:10.283593+00:00,2026-09-14T16:47:06.911508Z,2035,333.0,23.533333333333335,32.03333333333333,5664,ROUTE_EXISTS,0,
2026-09-14T16:47:10.283593+00:00,2026-09-14T16:47:06.911508Z,1897,134.0,22.6,28.233333333333334,4703,ROUTE_EXISTS,0,
2026-09-14T16:47:10.283593+00:00,2026-09-14T16:47:06.911508Z,2551,351.0,22.450000000000003,13.166666666666666,1976,ROUTE_EXISTS,0,
2026-09-14T16:47:10.283593+00:00,2026-09-14T16:47:06.911508Z,3108,345.0,22.583333333333332,32.9,8827,ROUTE_EXISTS,0,
2026-09-14T16:47:10.283593+00:00,2026-09-14T16:47:06.911508Z,2382,325.0,23.48333333333333,34.68333333333333,7719,ROUTE_EXISTS,0,
2026-09-14T16:47:10.283593+00:00,2026-09-14T16:47:06.911508Z,3029,96.0,22.916666666666664,42.53333333333333,7979,ROUTE_EXISTS,0,
2026-09-14T16:47:10.283593+00:00,2026-09-14T16:47:06.911508Z,3044,345.0,23.266666666666666,31.4,6142,ROUTE_EXISTS,0,
2026-09-14T16:47:10.283593+00:00,2026-09-14T16:47:06.911508Z,2383,324.0,23.03333333333333,43.53333333333333,8069,ROUTE_EXISTS,0,
2026-09-14T16:47:10.283593+00:00,2026-09-14T16:47:06.911508Z,2418,319.0,22.48333333333333,26.866666666666667,6250,ROUTE_EXISTS,0,
2026-09-14T16:47:10.283593+00:00,2026-09-14T16:47:06.911508Z,2977,370.0,22.75833333333333,32.03333333333333,7050,ROUTE_EXISTS,0,
2026-09-14T16:47:10.283593+00:00,2026-09-14T16:47:06.911508Z,2914,341.0,23.466666666666665,53.03333333333333,12091,ROUTE_EXISTS,0,
2026-09-14T16:47:10.283593+00:00,2026-09-14T16:47:06.911508Z,2177,160.0,22.8,47.55,12289,ROUTE_EXISTS,0,
2026-09-14T16:47:10.283593+00:00,2026-09-14T16:47:06.911508Z,3028,96.0,23.216666666666665,42.733333333333334,8831,ROUTE_EXISTS,0,
2026-09-14T16:47:10.283593+00:00,2026-09-14T16:47:06.911508Z,4270,332.0,23.5,44.46666666666667,10772,ROUTE_EXISTS,0,
2026-09-14T16:47:10.283593+00:00,2026-09-14T16:47:06.911508Z,3419,340.0,23.35,47.65,7923,ROUTE_EXISTS,0,
2026-09-14T16:47:10.283593+00:00,2026-09-14T16:47:06.911508Z,2319,345.0,22.85,14.4,1569,ROUTE_EXISTS,0,
2026-09-14T16:47:10.283593+00:00,2026-09-14T16:47:06.911508Z,2679,350.0,23.2,44.166666666666664,10955,ROUTE_EXISTS,0,
2026-09-14T16:47:10.283593+00:00,2026-09-14T16:47:06.911508Z,3316,332.0,23.25,33.56666666666667,6023,ROUTE_EXISTS,0,
2026-09-14T16:47:10.283593+00:00,2026-09-14T16:47:06.911508Z,1341,98.0,22.65,34.06666666666667,7060,ROUTE_EXISTS,0,
2026-09-14T16:47:10.283593+00:00,2026-09-14T16:47:06.911508Z,2320,375.0,22.3,15.333333333333334,1723,ROUTE_EXISTS,0,
2026-09-14T16:47:10.283593+00:00,2026-09-14T16:47:06.911508Z,4123,160.0,22.383333333333336,11.8,1796,ROUTE_EXISTS,0,
2026-09-14T16:47:10.283593+00:00,2026-09-14T16:47:06.911508Z,3342,375.0,23.05,43.93333333333333,7386,ROUTE_EXISTS,0,
2026-09-14T16:47:10.283593+00:00,2026-09-14T16:47:06.911508Z,3497,342.0,22.783333333333335,14.3,1478,ROUTE_EXISTS,0,
2026-09-14T16:47:10.283593+00:00,2026-09-14T16:47:06.911508Z,2587,329.0,23.53333333333333,26.316666666666666,3986,ROUTE_EXISTS,0,
2026-09-14T16:47:10.283593+00:00,2026-09-14T16:47:06.911508Z,2915,341.0,22.75,52.06666666666667,11888,ROUTE_EXISTS,0,
2026-09-14T16:47:10.283593+00:00,2026-09-14T16:47:06.911508Z,2550,345.0,23.250000000000004,14.166666666666666,2264,ROUTE_EXISTS,0,
2026-09-14T16:47:10.283593+00:00,2026-09-14T16:47:06.911508Z,2226,336.0,23.516666666666666,42.0,10000,ROUTE_EXISTS,0,
2026-09-14T16:47:10.283593+00:00,2026-09-14T16:47:06.911508Z,3168,351.0,22.8,39.56666666666667,8254,ROUTE_EXISTS,0,
2026-09-14T16:47:10.283593+00:00,2026-09-14T16:47:06.911508Z,2162,163.0,22.96666666666666,43.28333333333333,9993,ROUTE_EXISTS,0,
2026-09-14T16:47:10.283593+00:00,2026-09-14T16:47:06.911508Z,3113,346.0,22.400000000000006,25.666666666666668,4983,ROUTE_EXISTS,0,
2026-09-14T16:47:10.283593+00:00,2026-09-14T16:47:06.911508Z,2375,325.0,22.466666666666665,37.55,10239,ROUTE_EXISTS,0,
2026-09-14T16:47:10.283593+00:00,2026-09-14T16:47:06.911508Z,2163,334.0,22.38333333333333,43.4,9713,ROUTE_EXISTS,0,
2026-09-14T16:47:10.283593+00:00,2026-09-14T16:47:06.911508Z,2897,374.0,22.96666666666667,49.733333333333334,10240,ROUTE_EXISTS,0,
2026-09-14T16:47:10.283593+00:00,2026-09-14T16:47:06.911508Z,2176,160.0,23.333333333333336,46.88333333333333,12255,ROUTE_EXISTS,0,
2026-09-14T16:47:10.283593+00:00,2026-09-14T16:47:06.911508Z,2183,163.0,23.483333333333334,46.71666666666667,7569,ROUTE_EXISTS,0,
2026-09-14T16:47:10.283593+00:00,2026-09-14T16:47:06.911508Z,2164,348.0,23.416666666666664,41.93333333333333,9996,ROUTE_EXISTS,0,
2026-09-14T16:47:10.283593+00:00,2026-09-14T16:47:06.911508Z,2732,255.0,23.083333333333336,39.833333333333336,10453,ROUTE_EXISTS,0,
2026-09-14T16:47:10.283593+00:00,2026-09-14T16:47:06.911508Z,2185,336.0,22.649999999999995,41.7,9585,ROUTE_EXISTS,0,
2026-09-14T16:47:10.283593+00:00,2026-09-14T16:47:06.911508Z,2876,245.0,23.066666666666666,45.4,7644,ROUTE_EXISTS,0,
2026-09-14T16:47:10.283593+00:00,2026-09-14T16:47:06.911508Z,2400,326.0,22.333333333333336,30.483333333333334,5953,ROUTE_EXISTS,0,
2026-09-14T16:47:10.283593+00:00,2026-09-14T16:47:06.911508Z,1891,369.0,23.216666666666672,42.2,7660,ROUTE_EXISTS,0,
2026-09-14T16:47:10.283593+00:00,2026-09-14T16:47:06.911508Z,3169,342.0,23.083333333333336,38.68333333333333,8061,ROUTE_EXISTS,0,
2026-09-14T16:47:10.283593+00:00,2026-09-14T16:47:06.911508Z,4119,345.0,23.46666666666667,23.333333333333332,4584,ROUTE_EXISTS,0,
2026-09-14T16:47:10.283593+00:00,2026-09-14T16:47:06.911508Z,3165,323.0,22.96666666666667,44.38333333333333,9527,ROUTE_EXISTS,0,
2026-09-14T16:47:10.283593+00:00,2026-09-14T16:47:06.911508Z,2955,351.0,23.066666666666666,15.316666666666666,2782,ROUTE_EXISTS,0,
2026-09-14T16:47:10.283593+00:00,2026-09-14T16:47:06.911508Z,3420,340.0,22.700000000000003,45.483333333333334,7801,ROUTE_EXISTS,0,
2026-09-14T16:47:10.283593+00:00,2026-09-14T16:47:06.911508Z,3090,342.0,23.05,50.06666666666667,7728,ROUTE_EXISTS,0,
2026-09-14T16:47:10.283593+00:00,2026-09-14T16:47:06.911508Z,1474,396.0,23.183333333333334,29.116666666666667,8123,ROUTE_EXISTS,0,
2026-09-14T16:47:10.283593+00:00,2026-09-14T16:47:06.911508Z,2808,364.0,22.80833333333333,47.483333333333334,9633,ROUTE_EXISTS,0,
2026-09-14T16:47:10.283593+00:00,2026-09-14T16:47:06.911508Z,3001,342.0,23.450000000000003,21.666666666666668,4450,ROUTE_EXISTS,0,
2026-09-14T16:47:10.283593+00:00,2026-09-14T16:47:06.911508Z,1896,369.0,23.083333333333336,26.216666666666665,4582,ROUTE_EXISTS,0,
2026-09-14T16:47:10.283593+00:00,2026-09-14T16:47:06.911508Z,1971,326.0,23.3,38.78333333333333,9719,ROUTE_EXISTS,0,
2026-09-14T16:47:10.283593+00:00,2026-09-14T16:47:06.911508Z,2021,325.0,22.383333333333333,35.11666666666667,6904,ROUTE_EXISTS,0,
2026-09-14T16:47:10.283593+00:00,2026-09-14T16:47:06.911508Z,3421,340.0,22.333333333333336,43.88333333333333,7683,ROUTE_EXISTS,0,
2026-09-14T16:47:10.283593+00:00,2026-09-14T16:47:06.911508Z,2020,325.0,22.733333333333334,35.75,7076,ROUTE_EXISTS,0,
2026-09-14T16:47:10.283593+00:00,2026-09-14T16:47:06.911508Z,3624,380.0,22.55,28.716666666666665,6005,ROUTE_EXISTS,0,
2026-09-14T16:47:10.283593+00:00,2026-09-14T16:47:06.911508Z,2629,334.0,23.433333333333337,30.816666666666666,6321,ROUTE_EXISTS,0,
2026-09-14T16:47:10.283593+00:00,2026-09-14T16:47:06.911508Z,2547,326.0,23.45,25.566666666666666,4763,ROUTE_EXISTS,0,
2026-09-14T16:47:10.283593+00:00,2026-09-14T16:47:06.911508Z,3037,96.0,22.6,47.45,10718,ROUTE_EXISTS,0,
2026-09-14T16:47:10.283593+00:00,2026-09-14T16:47:06.911508Z,2296,319.0,23.366666666666664,28.0,6592,ROUTE_EXISTS,0,
2026-09-14T16:47:10.283593+00:00,2026-09-14T16:47:06.911508Z,5190,323.0,22.75,17.366666666666667,2054,ROUTE_EXISTS,0,
2026-09-14T16:47:10.283593+00:00,2026-09-14T16:47:06.911508Z,2484,346.0,22.733333333333334,38.31666666666667,7661,ROUTE_EXISTS,0,
2026-09-14T16:47:10.283593+00:00,2026-09-14T16:47:06.911508Z,2264,336.0,23.55,29.1,6201,ROUTE_EXISTS,0,
2026-09-14T16:47:10.283593+00:00,2026-09-14T16:47:06.911508Z,1303,90.0,22.991666666666664,34.38333333333333,8552,ROUTE_EXISTS,0,
2026-09-14T16:47:10.283593+00:00,2026-09-14T16:47:06.911508Z,3702,350.0,23.1,46.18333333333333,8862,ROUTE_EXISTS,0,
2026-09-14T16:47:10.283593+00:00,2026-09-14T16:47:06.911508Z,1825,96.0,23.5,42.85,7189,ROUTE_EXISTS,0,
2026-09-14T16:47:10.283593+00:00,2026-09-14T16:47:06.911508Z,2266,255.0,22.416666666666668,27.916666666666668,6356,ROUTE_EXISTS,0,
2026-09-14T16:47:10.283593+00:00,2026-09-14T16:47:06.911508Z,2877,245.0,22.433333333333334,47.45,10718,ROUTE_EXISTS,0,
2026-09-14T16:47:10.283593+00:00,2026-09-14T16:47:06.911508Z,2305,326.0,23.41666666666667,33.583333333333336,7046,ROUTE_EXISTS,0,
2026-09-14T16:47:10.283593+00:00,2026-09-14T16:47:06.911508Z,3640,369.0,22.550000000000004,41.0,7395,ROUTE_EXISTS,0,
2026-09-14T16:47:10.283593+00:00,2026-09-14T16:47:06.911508Z,3349,379.0,22.900000000000002,29.85,4724,ROUTE_EXISTS,0,
2026-09-14T16:47:10.283593+00:00,2026-09-14T16:47:06.911508Z,2161,369.0,22.61666666666667,27.483333333333334,3939,ROUTE_EXISTS,0,
2026-09-14T16:47:10.283593+00:00,2026-09-14T16:47:06.911508Z,3104,345.0,22.48333333333333,39.2,5746,ROUTE_EXISTS,0,
2026-09-14T16:47:10.283593+00:00,2026-09-14T16:47:06.911508Z,2991,349.0,22.733333333333334,30.483333333333334,6051,ROUTE_EXISTS,0,
2026-09-14T16:47:10.283593+00:00,2026-09-14T16:47:06.911508Z,2051,164.0,22.416666666666668,42.21666666666667,8479,ROUTE_EXISTS,0,
2026-09-14T16:47:10.283593+00:00,2026-09-14T16:47:06.911508Z,2307,326.0,22.56666666666667,35.266666666666666,6319,ROUTE_EXISTS,0,
2026-09-14T16:47:10.283593+00:00,2026-09-14T16:47:06.911508Z,2452,134.0,22.400000000000002,27.75,6341,ROUTE_EXISTS,0,
2026-09-14T16:47:10.283593+00:00,2026-09-14T16:47:06.911508Z,1476,352.0,22.666666666666668,28.383333333333333,7763,ROUTE_EXISTS,0,
2026-09-14T16:47:10.781852+00:00,2026-09-14T16:47:06.911508Z,3261,375.0,24.416666666666664,12.633333333333333,1649,ROUTE_EXISTS,0,
2026-09-14T16:47:10.781852+00:00,2026-09-14T16:47:06.911508Z,1969,160.0,24.416666666666668,47.38333333333333,10433,ROUTE_EXISTS,0,
2026-09-14T16:47:10.781852+00:00,2026-09-14T16:47:06.911508Z,2556,326.0,23.56666666666667,14.216666666666667,1423,ROUTE_EXISTS,0,
2026-09-14T16:47:10.781852+00:00,2026-09-14T16:47:06.911508Z,3043,345.0,23.966666666666665,30.3,5897,ROUTE_EXISTS,0,
2026-09-14T16:47:10.781852+00:00,2026-09-14T16:47:06.911508Z,2244,329.0,24.433333333333334,27.066666666666666,4822,ROUTE_EXISTS,0,
2026-09-14T16:47:10.781852+00:00,2026-09-14T16:47:06.911508Z,2669,337.0,24.549999999999997,32.3,7088,ROUTE_EXISTS,0,
2026-09-14T16:47:10.781852+00:00,2026-09-14T16:47:06.911508Z,1302,90.0,23.75833333333333,36.7,9200,ROUTE_EXISTS,0,
2026-09-14T16:47:10.781852+00:00,2026-09-14T16:47:06.911508Z,3167,342.0,24.1,41.166666666666664,8705,ROUTE_EXISTS,0,
2026-09-14T16:47:10.781852+00:00,2026-09-14T16:47:06.911508Z,2295,319.0,23.766666666666662,28.616666666666667,6751,ROUTE_EXISTS,0,
2026-09-14T16:47:10.781852+00:00,2026-09-14T16:47:06.911508Z,3470,345.0,23.6,28.866666666666667,6898,ROUTE_EXISTS,0,
2026-09-14T16:47:10.781852+00:00,2026-09-14T16:47:06.911508Z,3495,342.0,24.616666666666667,15.716666666666667,1180,ROUTE_EXISTS,0,
2026-09-14T16:47:10.781852+00:00,2026-09-14T16:47:06.911508Z,3680,90.0,24.741666666666664,28.4,5275,ROUTE_EXISTS,0,
2026-09-14T16:47:10.781852+00:00,2026-09-14T16:47:06.911508Z,2215,341.0,24.566666666666663,31.733333333333334,7116,ROUTE_EXISTS,0,
2026-09-14T16:47:10.781852+00:00,2026-09-14T16:47:06.911508Z,2216,376.0,23.566666666666663,33.166666666666664,6717,ROUTE_EXISTS,0,
2026-09-14T16:47:10.781852+00:00,2026-09-14T16:47:06.911508Z,2318,345.0,24.233333333333338,6.2,1221,ROUTE_EXISTS,0,
2026-09-14T16:47:10.781852+00:00,2026-09-14T16:47:06.911508Z,2006,339.0,24.6,14.966666666666667,3270,ROUTE_EXISTS,0,
2026-09-14T16:47:10.781852+00:00,2026-09-14T16:47:06.911508Z,1970,326.0,24.783333333333335,40.03333333333333,10287,ROUTE_EXISTS,0,
2026-09-14T16:47:10.781852+00:00,2026-09-14T16:47:06.911508Z,5214,326.0,24.033333333333335,42.7,10020,ROUTE_EXISTS,0,
2026-09-14T16:47:10.781852+00:00,2026-09-14T16:47:06.911508Z,3681,90.0,24.30833333333333,32.63333333333333,6431,ROUTE_EXISTS,0,
2026-09-14T16:47:10.781852+00:00,2026-09-14T16:47:06.911508Z,4099,356.0,23.833333333333332,37.61666666666667,5971,ROUTE_EXISTS,0,
2026-09-14T16:47:10.781852+00:00,2026-09-14T16:47:06.911508Z,2304,326.0,23.81666666666667,34.233333333333334,7178,ROUTE_EXISTS,0,
2026-09-14T16:47:10.781852+00:00,2026-09-14T16:47:06.911508Z,5183,319.0,23.96666666666667,27.05,6616,ROUTE_EXISTS,0,
2026-09-14T16:47:10.781852+00:00,2026-09-14T16:47:06.911508Z,3777,381.0,24.333333333333332,30.583333333333332,6621,ROUTE_EXISTS,0,
2026-09-14T16:47:10.781852+00:00,2026-09-14T16:47:06.911508Z,2380,324.0,24.183333333333337,34.56666666666667,6716,ROUTE_EXISTS,0,
2026-09-14T16:47:10.781852+00:00,2026-09-14T16:47:06.911508Z,2673,343.0,23.78333333333333,10.266666666666667,1491,ROUTE_EXISTS,0,
2026-09-14T16:47:10.781852+00:00,2026-09-14T16:47:06.911508Z,2976,370.0,24.074999999999996,38.6,7549,ROUTE_EXISTS,0,
2026-09-14T16:47:10.781852+00:00,2026-09-14T16:47:06.911508Z,3042,345.0,24.666666666666664,29.283333333333335,5675,ROUTE_EXISTS,0,
2026-09-14T16:47:10.781852+00:00,2026-09-14T16:47:06.911508Z,2405,134.0,23.85,37.11666666666667,7513,ROUTE_EXISTS,0,
2026-09-14T16:47:10.781852+00:00,2026-09-14T16:47:06.911508Z,3088,339.0,24.716666666666665,43.25,9492,ROUTE_EXISTS,0,
2026-09-14T16:47:10.781852+00:00,2026-09-14T16:47:06.911508Z,3469,345.0,24.283333333333335,29.733333333333334,7154,ROUTE_EXISTS,0,
2026-09-14T16:47:10.781852+00:00,2026-09-14T16:47:06.911508Z,1885,347.0,24.683333333333337,28.166666666666668,3966,ROUTE_EXISTS,0,
2026-09-14T16:47:10.781852+00:00,2026-09-14T16:47:06.911508Z,2403,322.0,24.65,39.43333333333333,7822,ROUTE_EXISTS,0,
2026-09-14T16:47:10.781852+00:00,2026-09-14T16:47:06.911508Z,2546,326.0,24.750000000000004,35.71666666666667,7515,ROUTE_EXISTS,0,
2026-09-14T16:47:10.781852+00:00,2026-09-14T16:47:06.911508Z,3621,370.0,23.641666666666662,36.61666666666667,7398,ROUTE_EXISTS,0,
2026-09-14T16:47:10.781852+00:00,2026-09-14T16:47:06.911508Z,2232,334.0,24.383333333333336,32.0,6653,ROUTE_EXISTS,0,
2026-09-14T16:47:10.781852+00:00,2026-09-14T16:47:06.911508Z,2913,341.0,24.383333333333333,54.21666666666667,12345,ROUTE_EXISTS,0,
2026-09-14T16:47:10.781852+00:00,2026-09-14T16:47:06.911508Z,5302,350.0,24.433333333333334,58.43333333333333,12611,ROUTE_EXISTS,0,
2026-09-14T16:47:10.781852+00:00,2026-09-14T16:47:06.911508Z,2230,336.0,23.93333333333333,39.03333333333333,6232,ROUTE_EXISTS,0,
2026-09-14T16:47:10.781852+00:00,2026-09-14T16:47:06.911508Z,2175,163.0,23.900000000000002,46.45,10116,ROUTE_EXISTS,0,
2026-09-14T16:47:10.781852+00:00,2026-09-14T16:47:06.911508Z,1895,369.0,23.6,27.216666666666665,4593,ROUTE_EXISTS,0,
2026-09-14T16:47:10.781852+00:00,2026-09-14T16:47:06.911508Z,2381,325.0,24.549999999999997,35.13333333333333,7327,ROUTE_EXISTS,0,
2026-09-14T16:47:10.781852+00:00,2026-09-14T16:47:06.911508Z,2404,134.0,24.433333333333334,37.9,7735,ROUTE_EXISTS,0,
2026-09-14T16:47:10.781852+00:00,2026-09-14T16:47:06.911508Z,3634,381.0,24.75,33.516666666666666,7405,ROUTE_EXISTS,0,
2026-09-14T16:47:10.781852+00:00,2026-09-14T16:47:06.911508Z,5182,319.0,24.81666666666667,28.133333333333333,6952,ROUTE_EXISTS,0,
2026-09-14T16:47:10.781852+00:00,2026-09-14T16:47:06.911508Z,2294,319.0,24.18333333333333,29.233333333333334,6909,ROUTE_EXISTS,0,
2026-09-14T16:47:10.781852+00:00,2026-09-14T16:47:06.911508Z,2807,364.0,24.299999999999997,49.333333333333336,10140,ROUTE_EXISTS,0,
2026-09-14T16:47:10.781852+00:00,2026-09-14T16:47:06.911508Z,3623,380.0,23.916666666666668,29.633333333333333,6286,ROUTE_EXISTS,0,
2026-09-14T16:47:10.781852+00:00,2026-09-14T16:47:06.911508Z,3620,370.0,24.75833333333333,42.11666666666667,8164,ROUTE_EXISTS,0,
2026-09-14T16:47:10.781852+00:00,2026-09-14T16:47:06.911508Z,2328,375.0,24.25,45.4,7644,ROUTE_EXISTS,0,
2026-09-14T16:47:10.781852+00:00,2026-09-14T16:47:06.911508Z,3578,376.0,24.499999999999996,34.733333333333334,7085,ROUTE_EXISTS,0,
2026-09-14T16:47:10.781852+00:00,2026-09-14T16:47:06.911508Z,3496,342.0,23.733333333333334,15.516666666666667,1776,ROUTE_EXISTS,0,
2026-09-14T16:47:10.781852+00:00,2026-09-14T16:47:06.911508Z,1340,98.0,24.75,38.9,6907,ROUTE_EXISTS,0,
2026-09-14T16:47:10.781852+00:00,2026-09-14T16:47:06.911508Z,3026,338.0,24.716666666666665,44.583333333333336,9842,ROUTE_EXISTS,0,
2026-09-14T16:47:10.781852+00:00,2026-09-14T16:47:06.911508Z,3076,338.0,23.833333333333332,48.45,11435,ROUTE_EXISTS,0,
2026-09-14T16:47:10.781852+00:00,2026-09-14T16:47:06.911508Z,2968,354.0,24.166666666666664,40.03333333333333,6776,ROUTE_EXISTS,0,
2026-09-14T16:47:10.781852+00:00,2026-09-14T16:47:06.911508Z,2070,163.0,23.66666666666666,41.46666666666667,7299,ROUTE_EXISTS,0,
2026-09-14T16:47:10.781852+00:00,2026-09-14T16:47:06.911508Z,2034,386.0,23.983333333333334,27.35,5424,ROUTE_EXISTS,0,
2026-09-14T16:47:10.781852+00:00,2026-09-14T16:47:06.911508Z,2967,337.0,24.766666666666666,34.5,6839,ROUTE_EXISTS,0,
2026-09-14T16:47:10.781852+00:00,2026-09-14T16:47:06.911508Z,1307,90.0,23.924999999999997,28.016666666666666,6119,ROUTE_EXISTS,0,
2026-09-14T16:47:10.781852+00:00,2026-09-14T16:47:06.911508Z,2050,164.0,24.283333333333335,42.1,6480,ROUTE_EXISTS,0,
2026-09-14T16:47:10.781852+00:00,2026-09-14T16:47:06.911508Z,3606,346.0,24.566666666666666,40.46666666666667,8181,ROUTE_EXISTS,0,
2026-09-14T16:47:10.781852+00:00,2026-09-14T16:47:06.911508Z,3075,338.0,24.599999999999998,49.61666666666667,7697,ROUTE_EXISTS,0,
2026-09-14T16:47:10.781852+00:00,2026-09-14T16:47:06.911508Z,3418,340.0,24.166666666666668,47.55,7927,ROUTE_EXISTS,0,
2026-09-14T16:47:10.781852+00:00,2026-09-14T16:47:06.911508Z,3023,336.0,24.283333333333335,32.8,6477,ROUTE_EXISTS,0,
2026-09-14T16:47:10.781852+00:00,2026-09-14T16:47:06.911508Z,2286,374.0,23.900000000000002,53.35,10545,ROUTE_EXISTS,0,
2026-09-14T16:47:10.781852+00:00,2026-09-14T16:47:06.911508Z,2574,245.0,24.600000000000005,47.31666666666667,10104,ROUTE_EXISTS,0,
2026-09-14T16:47:10.781852+00:00,2026-09-14T16:47:06.911508Z,2731,255.0,24.400000000000002,41.8,11071,ROUTE_EXISTS,0,
2026-09-14T16:47:10.781852+00:00,2026-09-14T16:47:06.911508Z,2303,326.0,24.31666666666667,35.016666666666666,7346,ROUTE_EXISTS,0,
2026-09-14T16:47:10.781852+00:00,2026-09-14T16:47:06.911508Z,2018,325.0,23.733333333333334,36.96666666666667,7406,ROUTE_EXISTS,0,
2026-09-14T16:47:10.781852+00:00,2026-09-14T16:47:06.911508Z,1301,90.0,24.141666666666662,37.85,9524,ROUTE_EXISTS,0,
2026-09-14T16:47:10.781852+00:00,2026-09-14T16:47:06.911508Z,2174,163.0,24.400000000000002,43.766666666666666,9939,ROUTE_EXISTS,0,
2026-09-14T16:47:10.781852+00:00,2026-09-14T16:47:06.911508Z,4118,345.0,24.1,24.066666666666666,3567,ROUTE_EXISTS,0,
2026-09-14T16:47:10.781852+00:00,2026-09-14T16:47:06.911508Z,1475,352.0,24.566666666666666,41.2,8951,ROUTE_EXISTS,0,
2026-09-14T16:47:10.781852+00:00,2026-09-14T16:47:06.911508Z,2529,324.0,24.066666666666666,46.28333333333333,7400,ROUTE_EXISTS,0,
2026-09-14T16:47:10.781852+00:00,2026-09-14T16:47:06.911508Z,3483,354.0,24.183333333333337,47.28333333333333,9881,ROUTE_EXISTS,0,
2026-09-14T16:47:10.781852+00:00,2026-09-14T16:47:06.911508Z,3605,334.0,24.599999999999998,42.31666666666667,9643,ROUTE_EXISTS,0,
2026-09-14T16:47:10.781852+00:00,2026-09-14T16:47:06.911508Z,2964,370.0,24.716666666666672,16.016666666666666,3285,ROUTE_EXISTS,0,
2026-09-14T16:47:10.781852+00:00,2026-09-14T16:47:06.911508Z,2962,350.0,24.066666666666666,48.766666666666666,10406,ROUTE_EXISTS,0,
2026-09-14T16:47:10.781852+00:00,2026-09-14T16:47:06.911508Z,2203,134.0,24.26666666666667,26.65,4504,ROUTE_EXISTS,0,
2026-09-14T16:47:10.781852+00:00,2026-09-14T16:47:06.911508Z,3027,338.0,24.03333333333333,42.63333333333333,8943,ROUTE_EXISTS,0,
2026-09-14T16:47:10.781852+00:00,2026-09-14T16:47:06.911508Z,2482,343.0,24.383333333333333,45.516666666666666,11754,ROUTE_EXISTS,0,
2026-09-14T16:47:10.781852+00:00,2026-09-14T16:47:06.911508Z,2182,245.0,23.883333333333333,46.833333333333336,7924,ROUTE_EXISTS,0,
2026-09-14T16:47:10.781852+00:00,2026-09-14T16:47:06.911508Z,1473,352.0,23.633333333333333,29.816666666666666,8391,ROUTE_EXISTS,0,
2026-09-14T16:47:10.781852+00:00,2026-09-14T16:47:06.911508Z,4045,342.0,24.51666666666667,46.416666666666664,10051,ROUTE_EXISTS,0,
2026-09-14T16:47:10.781852+00:00,2026-09-14T16:47:06.911508Z,2960,350.0,24.8,52.78333333333333,10659,ROUTE_EXISTS,0,
2026-09-14T16:47:10.781852+00:00,2026-09-14T16:47:06.911508Z,3164,342.0,23.633333333333336,45.28333333333333,9720,ROUTE_EXISTS,0,
2026-09-14T16:47:10.781852+00:00,2026-09-14T16:47:06.911508Z,2077,163.0,24.249999999999996,46.083333333333336,10341,ROUTE_EXISTS,0,
2026-09-14T16:47:10.781852+00:00,2026-09-14T16:47:06.911508Z,2072,163.0,24.36666666666666,46.13333333333333,10686,ROUTE_EXISTS,0,
2026-09-14T16:47:10.781852+00:00,2026-09-14T16:47:06.911508Z,3573,386.0,24.35,32.13333333333333,5497,ROUTE_EXISTS,0,
2026-09-14T16:47:10.781852+00:00,2026-09-14T16:47:06.911508Z,2961,350.0,24.383333333333333,50.36666666666667,10520,ROUTE_EXISTS,0,
2026-09-14T16:47:10.781852+00:00,2026-09-14T16:47:06.911508Z,2481,343.0,24.433333333333334,45.516666666666666,11754,ROUTE_EXISTS,0,
2026-09-14T16:47:10.781852+00:00,2026-09-14T16:47:06.911508Z,3036,96.0,24.433333333333334,45.78333333333333,9919,ROUTE_EXISTS,0,
2026-09-14T16:47:10.781852+00:00,2026-09-14T16:47:06.911508Z,3087,339.0,24.266666666666662,45.56666666666667,9837,ROUTE_EXISTS,0,
2026-09-14T16:47:10.781852+00:00,2026-09-14T16:47:06.911508Z,3085,342.0,24.55,52.266666666666666,11357,ROUTE_EXISTS,0,
2026-09-14T16:47:10.781852+00:00,2026-09-14T16:47:06.911508Z,2875,245.0,24.65,48.28333333333333,8185,ROUTE_EXISTS,0,
2026-09-14T16:47:10.781852+00:00,2026-09-14T16:47:06.911508Z,3089,342.0,23.683333333333334,48.45,11435,ROUTE_EXISTS,0,
2026-09-14T16:47:10.781852+00:00,2026-09-14T16:47:06.911508Z,2078,245.0,23.699999999999996,44.35,10206,ROUTE_EXISTS,0,
2026-09-14T16:47:10.781852+00:00,2026-09-14T16:47:06.911508Z,3103,345.0,23.866666666666664,41.3,11291,ROUTE_EXISTS,0,
2026-09-14T16:47:10.781852+00:00,2026-09-14T16:47:06.911508Z,2410,98.0,24.16666666666666,39.583333333333336,6852,ROUTE_EXISTS,0,
2026-09-14T16:47:10.781852+00:00,2026-09-14T16:47:06.911508Z,2188,245.0,23.96666666666667,39.833333333333336,6592,ROUTE_EXISTS,0,
2026-09-14T16:47:11.360449+00:00,2026-09-14T16:47:06.911508Z,3364,343.0,25.933333333333334,12.75,2140,ROUTE_EXISTS,0,
2026-09-14T16:47:11.360449+00:00,2026-09-14T16:47:06.911508Z,2213,321.0,25.949999999999996,33.45,7507,ROUTE_EXISTS,0,
2026-09-14T16:47:11.360449+00:00,2026-09-14T16:47:06.911508Z,2231,341.0,25.083333333333336,32.416666666666664,6064,ROUTE_EXISTS,0,
2026-09-14T16:47:11.360449+00:00,2026-09-14T16:47:06.911508Z,2975,370.0,25.474999999999994,43.06666666666667,8425,ROUTE_EXISTS,0,
2026-09-14T16:47:11.360449+00:00,2026-09-14T16:47:06.911508Z,2614,337.0,25.916666666666664,32.666666666666664,6931,ROUTE_EXISTS,0,
2026-09-14T16:47:11.360449+00:00,2026-09-14T16:47:06.911508Z,3435,350.0,25.700000000000003,39.2,7347,ROUTE_EXISTS,0,
2026-09-14T16:47:11.360449+00:00,2026-09-14T16:47:06.911508Z,2292,319.0,25.699999999999996,31.216666666666665,7500,ROUTE_EXISTS,0,
2026-09-14T16:47:11.360449+00:00,2026-09-14T16:47:06.911508Z,5181,319.0,25.900000000000002,29.466666666666665,7393,ROUTE_EXISTS,0,
2026-09-14T16:47:11.360449+00:00,2026-09-14T16:47:06.911508Z,3639,342.0,25.083333333333332,15.133333333333333,1840,ROUTE_EXISTS,0,
2026-09-14T16:47:11.360449+00:00,2026-09-14T16:47:06.911508Z,2603,332.0,25.966666666666665,27.05,6616,ROUTE_EXISTS,0,
2026-09-14T16:47:11.360449+00:00,2026-09-14T16:47:06.911508Z,2302,375.0,25.200000000000003,36.666666666666664,7571,ROUTE_EXISTS,0,
2026-09-14T16:47:11.360449+00:00,2026-09-14T16:47:06.911508Z,2293,319.0,24.899999999999995,30.183333333333334,7192,ROUTE_EXISTS,0,
2026-09-14T16:47:11.360449+00:00,2026-09-14T16:47:06.911508Z,2169,163.0,26.033333333333335,46.95,10130,ROUTE_EXISTS,0,
2026-09-14T16:47:11.360449+00:00,2026-09-14T16:47:06.911508Z,2555,326.0,25.700000000000003,41.36666666666667,11945,ROUTE_EXISTS,0,
2026-09-14T16:47:11.360449+00:00,2026-09-14T16:47:06.911508Z,3260,342.0,26.066666666666666,13.216666666666667,971,ROUTE_EXISTS,0,
2026-09-14T16:47:11.360449+00:00,2026-09-14T16:47:06.911508Z,2615,234.0,24.93333333333333,29.0,6653,ROUTE_EXISTS,0,
2026-09-14T16:47:11.360449+00:00,2026-09-14T16:47:06.911508Z,2648,337.0,25.650000000000002,24.3,5652,ROUTE_EXISTS,0,
2026-09-14T16:47:11.360449+00:00,2026-09-14T16:47:06.911508Z,2449,134.0,25.75,39.483333333333334,8248,ROUTE_EXISTS,0,
2026-09-14T16:47:11.360449+00:00,2026-09-14T16:47:06.911508Z,2198,370.0,25.34166666666666,29.65,6239,ROUTE_EXISTS,0,
2026-09-14T16:47:11.360449+00:00,2026-09-14T16:47:06.911508Z,2935,283.0,25.166666666666668,57.233333333333334,12502,ROUTE_EXISTS,0,
2026-09-14T16:47:11.360449+00:00,2026-09-14T16:47:06.911508Z,2668,337.0,25.266666666666662,42.21666666666667,9741,ROUTE_EXISTS,0,
2026-09-14T16:47:11.360449+00:00,2026-09-14T16:47:06.911508Z,4098,356.0,25.316666666666666,34.25,6879,ROUTE_EXISTS,0,
2026-09-14T16:47:11.360449+00:00,2026-09-14T16:47:06.911508Z,3619,370.0,25.99166666666666,43.78333333333333,8599,ROUTE_EXISTS,0,
2026-09-14T16:47:11.360449+00:00,2026-09-14T16:47:06.911508Z,2263,336.0,25.51666666666667,38.333333333333336,7899,ROUTE_EXISTS,0,
2026-09-14T16:47:11.360449+00:00,2026-09-14T16:47:06.911508Z,2317,345.0,25.350000000000005,5.716666666666667,913,ROUTE_EXISTS,0,
2026-09-14T16:47:11.360449+00:00,2026-09-14T16:47:06.911508Z,3166,342.0,25.35,42.7,9169,ROUTE_EXISTS,0,
2026-09-14T16:47:11.360449+00:00,2026-09-14T16:47:06.911508Z,3535,160.0,25.21666666666667,40.733333333333334,10010,ROUTE_EXISTS,0,
2026-09-14T16:47:11.360449+00:00,2026-09-14T16:47:06.911508Z,2289,332.0,25.316666666666666,30.5,6804,ROUTE_EXISTS,0,
2026-09-14T16:47:11.360449+00:00,2026-09-14T16:47:06.911508Z,2374,325.0,24.849999999999998,40.11666666666667,11190,ROUTE_EXISTS,0,
2026-09-14T16:47:11.360449+00:00,2026-09-14T16:47:06.911508Z,3024,374.0,25.05,29.633333333333333,4430,ROUTE_EXISTS,0,
2026-09-14T16:47:11.360449+00:00,2026-09-14T16:47:06.911508Z,4254,345.0,25.95,23.033333333333335,2934,ROUTE_EXISTS,0,
2026-09-14T16:47:11.360449+00:00,2026-09-14T16:47:06.911508Z,2234,331.0,26.049999999999997,35.4,7473,ROUTE_EXISTS,0,
2026-09-14T16:47:11.360449+00:00,2026-09-14T16:47:06.911508Z,3000,342.0,24.86666666666667,22.2,3415,ROUTE_EXISTS,0,
2026-09-14T16:47:11.360449+00:00,2026-09-14T16:47:06.911508Z,2517,341.0,25.4,33.56666666666667,7352,ROUTE_EXISTS,0,
2026-09-14T16:47:11.360449+00:00,2026-09-14T16:47:06.911508Z,3657,326.0,25.200000000000003,40.65,11766,ROUTE_EXISTS,0,
2026-09-14T16:47:11.360449+00:00,2026-09-14T16:47:06.911508Z,3660,342.0,26.0,43.583333333333336,9361,ROUTE_EXISTS,0,
2026-09-14T16:47:11.360449+00:00,2026-09-14T16:47:06.911508Z,2170,163.0,25.983333333333334,42.766666666666666,11935,ROUTE_EXISTS,0,
2026-09-14T16:47:11.360449+00:00,2026-09-14T16:47:06.911508Z,3041,345.0,25.566666666666663,28.0,5382,ROUTE_EXISTS,0,
2026-09-14T16:47:11.360449+00:00,2026-09-14T16:47:06.911508Z,1299,97.0,25.283333333333328,40.7,10625,ROUTE_EXISTS,0,
2026-09-14T16:47:11.360449+00:00,2026-09-14T16:47:06.911508Z,1298,97.0,25.674999999999994,41.25,10749,ROUTE_EXISTS,0,
2026-09-14T16:47:11.360449+00:00,2026-09-14T16:47:06.911508Z,1367,90.0,25.908333333333328,36.916666666666664,12491,ROUTE_EXISTS,0,
2026-09-14T16:47:11.360449+00:00,2026-09-14T16:47:06.911508Z,4133,341.0,25.416666666666668,55.53333333333333,12661,ROUTE_EXISTS,0,
2026-09-14T16:47:11.360449+00:00,2026-09-14T16:47:06.911508Z,2528,324.0,25.25,59.666666666666664,8091,ROUTE_EXISTS,0,
2026-09-14T16:47:11.360449+00:00,2026-09-14T16:47:06.911508Z,3701,349.0,26.05,46.53333333333333,10079,ROUTE_EXISTS,0,
2026-09-14T16:47:11.360449+00:00,2026-09-14T16:47:06.911508Z,3040,345.0,25.93333333333333,27.383333333333333,5269,ROUTE_EXISTS,0,
2026-09-14T16:47:11.360449+00:00,2026-09-14T16:47:06.911508Z,4174,349.0,24.983333333333334,44.7,9736,ROUTE_EXISTS,0,
2026-09-14T16:47:11.360449+00:00,2026-09-14T16:47:06.911508Z,2545,326.0,25.450000000000003,36.733333333333334,7750,ROUTE_EXISTS,0,
2026-09-14T16:47:11.360449+00:00,2026-09-14T16:47:06.911508Z,2171,163.0,25.533333333333335,41.96666666666667,11711,ROUTE_EXISTS,0,
2026-09-14T16:47:11.360449+00:00,2026-09-14T16:47:06.911508Z,3778,345.0,25.183333333333334,17.716666666666665,3363,ROUTE_EXISTS,0,
2026-09-14T16:47:11.360449+00:00,2026-09-14T16:47:06.911508Z,2366,325.0,25.433333333333334,41.38333333333333,9413,ROUTE_EXISTS,0,
2026-09-14T16:47:11.360449+00:00,2026-09-14T16:47:06.911508Z,4159,343.0,24.883333333333333,11.533333333333333,1819,ROUTE_EXISTS,0,
2026-09-14T16:47:11.360449+00:00,2026-09-14T16:47:06.911508Z,3686,322.0,25.883333333333333,35.75,7505,ROUTE_EXISTS,0,
2026-09-14T16:47:11.360449+00:00,2026-09-14T16:47:06.911508Z,3233,353.0,26.08333333333333,31.416666666666668,4828,ROUTE_EXISTS,0,
2026-09-14T16:47:11.360449+00:00,2026-09-14T16:47:06.911508Z,1890,369.0,24.86666666666667,43.766666666666666,6130,ROUTE_EXISTS,0,
2026-09-14T16:47:11.360449+00:00,2026-09-14T16:47:06.911508Z,2730,255.0,25.133333333333336,42.95,11406,ROUTE_EXISTS,0,
2026-09-14T16:47:11.360449+00:00,2026-09-14T16:47:06.911508Z,2373,326.0,25.866666666666667,41.65,10249,ROUTE_EXISTS,0,
2026-09-14T16:47:11.360449+00:00,2026-09-14T16:47:06.911508Z,3234,353.0,25.21666666666666,30.383333333333333,4663,ROUTE_EXISTS,0,
2026-09-14T16:47:11.360449+00:00,2026-09-14T16:47:06.911508Z,3092,343.0,25.81666666666667,47.45,12257,ROUTE_EXISTS,0,
2026-09-14T16:47:11.360449+00:00,2026-09-14T16:47:06.911508Z,2214,321.0,25.23333333333333,32.56666666666667,7301,ROUTE_EXISTS,0,
2026-09-14T16:47:11.360449+00:00,2026-09-14T16:47:06.911508Z,2409,138.0,25.199999999999996,36.166666666666664,6594,ROUTE_EXISTS,0,
2026-09-14T16:47:11.360449+00:00,2026-09-14T16:47:06.911508Z,2519,376.0,25.93333333333333,36.18333333333333,7640,ROUTE_EXISTS,0,
2026-09-14T16:47:11.360449+00:00,2026-09-14T16:47:06.911508Z,1431,90.0,25.874999999999993,36.916666666666664,12491,ROUTE_EXISTS,0,
2026-09-14T16:47:11.360449+00:00,2026-09-14T16:47:06.911508Z,3339,374.0,25.000000000000004,58.45,10937,ROUTE_EXISTS,0,
2026-09-14T16:47:11.360449+00:00,2026-09-14T16:47:06.911508Z,4175,349.0,24.866666666666667,44.7,9736,ROUTE_EXISTS,0,
2026-09-14T16:47:11.360449+00:00,2026-09-14T16:47:06.911508Z,2173,325.0,24.983333333333334,40.483333333333334,9383,ROUTE_EXISTS,0,
2026-09-14T16:47:11.360449+00:00,2026-09-14T16:47:06.911508Z,1904,369.0,25.91666666666667,47.2,6569,ROUTE_EXISTS,0,
2026-09-14T16:47:11.360449+00:00,2026-09-14T16:47:06.911508Z,3163,342.0,25.46666666666667,47.63333333333333,10331,ROUTE_EXISTS,0,
2026-09-14T16:47:11.360449+00:00,2026-09-14T16:47:06.911508Z,3468,345.0,25.033333333333335,30.666666666666668,7400,ROUTE_EXISTS,0,
2026-09-14T16:47:11.360449+00:00,2026-09-14T16:47:06.911508Z,2605,332.0,25.383333333333333,38.03333333333333,9068,ROUTE_EXISTS,0,
2026-09-14T16:47:11.360449+00:00,2026-09-14T16:47:06.911508Z,1926,333.0,25.750000000000004,22.983333333333334,3867,ROUTE_EXISTS,0,
2026-09-14T16:47:11.360449+00:00,2026-09-14T16:47:06.911508Z,2869,336.0,25.483333333333327,40.36666666666667,6621,ROUTE_EXISTS,0,
2026-09-14T16:47:11.360449+00:00,2026-09-14T16:47:06.911508Z,2573,245.0,25.83333333333334,51.1,10534,ROUTE_EXISTS,0,
2026-09-14T16:47:11.360449+00:00,2026-09-14T16:47:06.911508Z,2033,386.0,25.25,28.35,4892,ROUTE_EXISTS,0,
2026-09-14T16:47:11.360449+00:00,2026-09-14T16:47:06.911508Z,4249,354.0,25.86666666666667,51.666666666666664,10625,ROUTE_EXISTS,0,
2026-09-14T16:47:11.360449+00:00,2026-09-14T16:47:06.911508Z,2480,350.0,25.783333333333335,44.166666666666664,10955,ROUTE_EXISTS,0,
2026-09-14T16:47:11.360449+00:00,2026-09-14T16:47:06.911508Z,2874,245.0,25.083333333333332,49.18333333333333,8371,ROUTE_EXISTS,0,
2026-09-14T16:47:11.360449+00:00,2026-09-14T16:47:06.911508Z,3035,96.0,25.166666666666668,42.63333333333333,8943,ROUTE_EXISTS,0,
2026-09-14T16:47:11.360449+00:00,2026-09-14T16:47:06.911508Z,1300,90.0,25.00833333333333,31.866666666666667,10295,ROUTE_EXISTS,0,
2026-09-14T16:47:11.360449+00:00,2026-09-14T16:47:06.911508Z,3292,345.0,24.850000000000005,5.466666666666667,1049,ROUTE_EXISTS,0,
2026-09-14T16:47:11.360449+00:00,2026-09-14T16:47:06.911508Z,3112,345.0,25.699999999999992,42.8,6769,ROUTE_EXISTS,0,
2026-09-14T16:47:11.360449+00:00,2026-09-14T16:47:06.911508Z,3093,343.0,25.033333333333335,46.5,11979,ROUTE_EXISTS,0,
2026-09-14T16:47:11.360449+00:00,2026-09-14T16:47:06.911508Z,2172,163.0,25.05,41.11666666666667,11478,ROUTE_EXISTS,0,
2026-09-14T16:47:11.360449+00:00,2026-09-14T16:47:06.911508Z,4111,90.0,25.158333333333328,36.016666666666666,11824,ROUTE_EXISTS,0,
2026-09-14T16:47:11.360449+00:00,2026-09-14T16:47:06.911508Z,1968,160.0,25.1,42.45,10100,ROUTE_EXISTS,0,
2026-09-14T16:47:11.360449+00:00,2026-09-14T16:47:06.911508Z,2402,322.0,25.349999999999998,42.56666666666667,8067,ROUTE_EXISTS,0,
2026-09-14T16:47:11.360449+00:00,2026-09-14T16:47:06.911508Z,4250,354.0,24.850000000000005,49.4,10285,ROUTE_EXISTS,0,
2026-09-14T16:47:11.360449+00:00,2026-09-14T16:47:06.911508Z,5205,408.0,25.999999999999993,42.78333333333333,12353,ROUTE_EXISTS,0,
2026-09-14T16:47:11.360449+00:00,2026-09-14T16:47:06.911508Z,2806,364.0,25.791666666666664,51.18333333333333,10651,ROUTE_EXISTS,0,
2026-09-14T16:47:11.360449+00:00,2026-09-14T16:47:06.911508Z,2326,348.0,25.333333333333332,46.15,8398,ROUTE_EXISTS,0,
2026-09-14T16:47:11.360449+00:00,2026-09-14T16:47:06.911508Z,2225,336.0,24.849999999999998,40.45,9273,ROUTE_EXISTS,0,
2026-09-14T16:47:11.360449+00:00,2026-09-14T16:47:06.911508Z,2581,328.0,25.266666666666666,36.18333333333333,7038,ROUTE_EXISTS,0,
2026-09-14T16:47:11.360449+00:00,2026-09-14T16:47:06.911508Z,2246,408.0,26.075000000000003,41.78333333333333,8745,ROUTE_EXISTS,0,
2026-09-14T16:47:11.360449+00:00,2026-09-14T16:47:06.911508Z,2017,325.0,24.833333333333336,39.18333333333333,7955,ROUTE_EXISTS,0,
2026-09-14T16:47:11.360449+00:00,2026-09-14T16:47:06.911508Z,3301,255.0,25.59166666666666,36.166666666666664,10593,ROUTE_EXISTS,0,
2026-09-14T16:47:11.360449+00:00,2026-09-14T16:47:06.911508Z,2076,163.0,25.049999999999994,39.71666666666667,6606,ROUTE_EXISTS,0,
2026-09-14T16:47:11.360449+00:00,2026-09-14T16:47:06.911508Z,2285,374.0,25.450000000000003,58.083333333333336,11123,ROUTE_EXISTS,0,
2026-09-14T16:47:11.360449+00:00,2026-09-14T16:47:06.911508Z,2586,329.0,24.966666666666665,27.766666666666666,4295,ROUTE_EXISTS,0,
2026-09-14T16:47:11.360449+00:00,2026-09-14T16:47:06.911508Z,2630,347.0,25.766666666666666,39.13333333333333,7730,ROUTE_EXISTS,0,
2026-09-14T16:47:11.360449+00:00,2026-09-14T16:47:06.911508Z,4154,98.0,25.283333333333328,35.75,6560,ROUTE_EXISTS,0,
2026-09-14T16:47:11.360449+00:00,2026-09-14T16:47:06.911508Z,2079,245.0,25.7,50.38333333333333,8575,ROUTE_EXISTS,0,
2026-09-14T16:47:11.840367+00:00,2026-09-14T16:47:06.911508Z,5149,342.0,27.250000000000004,15.133333333333333,1840,ROUTE_EXISTS,0,
2026-09-14T16:47:11.840367+00:00,2026-09-14T16:47:06.911508Z,3893,341.0,26.266666666666662,37.6,7609,ROUTE_EXISTS,0,
2026-09-14T16:47:11.840367+00:00,2026-09-14T16:47:06.911508Z,2544,326.0,26.583333333333336,41.7,8136,ROUTE_EXISTS,0,
2026-09-14T16:47:11.840367+00:00,2026-09-14T16:47:06.911508Z,5228,334.0,27.33333333333334,41.416666666666664,8376,ROUTE_EXISTS,0,
2026-09-14T16:47:11.840367+00:00,2026-09-14T16:47:06.911508Z,2197,370.0,26.624999999999996,32.18333333333333,6412,ROUTE_EXISTS,0,
2026-09-14T16:47:11.840367+00:00,2026-09-14T16:47:06.911508Z,1949,112.0,26.799999999999997,36.75,10425,ROUTE_EXISTS,0,
2026-09-14T16:47:11.840367+00:00,2026-09-14T16:47:06.911508Z,3600,319.0,26.866666666666664,38.9,10399,ROUTE_EXISTS,0,
2026-09-14T16:47:11.840367+00:00,2026-09-14T16:47:06.911508Z,3494,342.0,26.56666666666667,11.833333333333334,1172,ROUTE_EXISTS,0,
2026-09-14T16:47:11.840367+00:00,2026-09-14T16:47:06.911508Z,4138,322.0,26.88333333333333,38.9,10399,ROUTE_EXISTS,0,
2026-09-14T16:47:11.840367+00:00,2026-09-14T16:47:06.911508Z,5093,326.0,26.683333333333334,42.75,10538,ROUTE_EXISTS,0,
2026-09-14T16:47:11.840367+00:00,2026-09-14T16:47:06.911508Z,2301,375.0,26.700000000000003,42.35,7418,ROUTE_EXISTS,0,
2026-09-14T16:47:11.840367+00:00,2026-09-14T16:47:06.911508Z,2516,322.0,26.5,39.9,8912,ROUTE_EXISTS,0,
2026-09-14T16:47:11.840367+00:00,2026-09-14T16:47:06.911508Z,2291,319.0,26.549999999999997,32.31666666666667,7833,ROUTE_EXISTS,0,
2026-09-14T16:47:11.840367+00:00,2026-09-14T16:47:06.911508Z,2543,326.0,27.05,39.31666666666667,7701,ROUTE_EXISTS,0,
2026-09-14T16:47:11.840367+00:00,2026-09-14T16:47:06.911508Z,2261,336.0,27.21666666666667,40.78333333333333,8574,ROUTE_EXISTS,0,
2026-09-14T16:47:11.840367+00:00,2026-09-14T16:47:06.911508Z,5120,369.0,27.266666666666673,51.55,7112,ROUTE_EXISTS,0,
2026-09-14T16:47:11.840367+00:00,2026-09-14T16:47:06.911508Z,3641,375.0,26.083333333333336,41.53333333333333,7262,ROUTE_EXISTS,0,
2026-09-14T16:47:11.840367+00:00,2026-09-14T16:47:06.911508Z,3279,350.0,26.96666666666667,40.666666666666664,8098,ROUTE_EXISTS,0,
2026-09-14T16:47:11.840367+00:00,2026-09-14T16:47:06.911508Z,3086,339.0,26.733333333333327,41.38333333333333,9645,ROUTE_EXISTS,0,
2026-09-14T16:47:11.840367+00:00,2026-09-14T16:47:06.911508Z,3106,345.0,27.03333333333333,25.9,4921,ROUTE_EXISTS,0,
2026-09-14T16:47:11.840367+00:00,2026-09-14T16:47:06.911508Z,2912,377.0,26.616666666666667,57.05,9143,ROUTE_EXISTS,0,
2026-09-14T16:47:11.840367+00:00,2026-09-14T16:47:06.911508Z,5200,345.0,26.78333333333334,5.0,353,ROUTE_EXISTS,0,
2026-09-14T16:47:11.840367+00:00,2026-09-14T16:47:06.911508Z,2751,352.0,26.683333333333334,37.666666666666664,7213,ROUTE_EXISTS,0,
2026-09-14T16:47:11.840367+00:00,2026-09-14T16:47:06.911508Z,2459,352.0,27.15,36.93333333333333,6775,ROUTE_EXISTS,0,
2026-09-14T16:47:11.840367+00:00,2026-09-14T16:47:06.911508Z,3659,370.0,27.208333333333325,37.0,7443,ROUTE_EXISTS,0,
2026-09-14T16:47:11.840367+00:00,2026-09-14T16:47:06.911508Z,2515,322.0,26.85,40.46666666666667,9020,ROUTE_EXISTS,0,
2026-09-14T16:47:11.840367+00:00,2026-09-14T16:47:06.911508Z,3467,345.0,26.75,32.55,8012,ROUTE_EXISTS,0,
2026-09-14T16:47:11.840367+00:00,2026-09-14T16:47:06.911508Z,1365,90.0,26.79166666666666,38.666666666666664,13268,ROUTE_EXISTS,0,
2026-09-14T16:47:11.840367+00:00,2026-09-14T16:47:06.911508Z,1297,97.0,26.408333333333328,42.13333333333333,10983,ROUTE_EXISTS,0,
2026-09-14T16:47:11.840367+00:00,2026-09-14T16:47:06.911508Z,4255,325.0,26.7,47.1,8367,ROUTE_EXISTS,0,
2026-09-14T16:47:11.840367+00:00,2026-09-14T16:47:06.911508Z,2569,315.0,26.500000000000004,44.233333333333334,8578,ROUTE_EXISTS,0,
2026-09-14T16:47:11.840367+00:00,2026-09-14T16:47:06.911508Z,2675,341.0,27.049999999999997,38.583333333333336,7832,ROUTE_EXISTS,0,
2026-09-14T16:47:11.840367+00:00,2026-09-14T16:47:06.911508Z,3466,345.0,27.316666666666666,33.28333333333333,8185,ROUTE_EXISTS,0,
2026-09-14T16:47:11.840367+00:00,2026-09-14T16:47:06.911508Z,1447,90.0,26.141666666666662,37.516666666666666,12714,ROUTE_EXISTS,0,
2026-09-14T16:47:11.840367+00:00,2026-09-14T16:47:06.911508Z,3327,341.0,26.716666666666665,42.03333333333333,9624,ROUTE_EXISTS,0,
2026-09-14T16:47:11.840367+00:00,2026-09-14T16:47:06.911508Z,2520,138.0,26.499999999999996,40.7,7543,ROUTE_EXISTS,0,
2026-09-14T16:47:11.840367+00:00,2026-09-14T16:47:06.911508Z,3488,332.0,27.216666666666672,61.0,12264,ROUTE_EXISTS,0,
2026-09-14T16:47:11.840367+00:00,2026-09-14T16:47:06.911508Z,2572,245.0,26.850000000000005,57.11666666666667,11958,ROUTE_EXISTS,0,
2026-09-14T16:47:11.840367+00:00,2026-09-14T16:47:06.911508Z,1429,366.0,27.108333333333327,41.78333333333333,12877,ROUTE_EXISTS,0,
2026-09-14T16:47:11.840367+00:00,2026-09-14T16:47:06.911508Z,3350,351.0,27.133333333333333,47.05,9729,ROUTE_EXISTS,0,
2026-09-14T16:47:11.840367+00:00,2026-09-14T16:47:06.911508Z,3039,345.0,26.616666666666664,28.016666666666666,5078,ROUTE_EXISTS,0,
2026-09-14T16:47:11.840367+00:00,2026-09-14T16:47:06.911508Z,2600,334.0,26.483333333333338,38.016666666666666,8120,ROUTE_EXISTS,0,
2026-09-14T16:47:11.840367+00:00,2026-09-14T16:47:06.911508Z,2372,326.0,27.283333333333335,43.6,10778,ROUTE_EXISTS,0,
2026-09-14T16:47:11.840367+00:00,2026-09-14T16:47:06.911508Z,1366,90.0,26.408333333333328,37.95,12935,ROUTE_EXISTS,0,
2026-09-14T16:47:11.840367+00:00,2026-09-14T16:47:06.911508Z,3434,350.0,26.450000000000003,41.833333333333336,7532,ROUTE_EXISTS,0,
2026-09-14T16:47:11.840367+00:00,2026-09-14T16:47:06.911508Z,1925,333.0,26.400000000000002,22.833333333333332,3850,ROUTE_EXISTS,0,
2026-09-14T16:47:11.840367+00:00,2026-09-14T16:47:06.911508Z,2933,377.0,27.383333333333333,49.93333333333333,10787,ROUTE_EXISTS,0,
2026-09-14T16:47:11.840367+00:00,2026-09-14T16:47:06.911508Z,3439,283.0,26.35,47.68333333333333,8474,ROUTE_EXISTS,0,
2026-09-14T16:47:11.840367+00:00,2026-09-14T16:47:06.911508Z,2233,341.0,27.349999999999998,35.05,6900,ROUTE_EXISTS,0,
2026-09-14T16:47:11.840367+00:00,2026-09-14T16:47:06.911508Z,5304,283.0,26.15,57.916666666666664,12579,ROUTE_EXISTS,0,
2026-09-14T16:47:11.840367+00:00,2026-09-14T16:47:06.911508Z,2934,377.0,26.55,54.833333333333336,11814,ROUTE_EXISTS,0,
2026-09-14T16:47:11.840367+00:00,2026-09-14T16:47:06.911508Z,5305,283.0,26.183333333333334,44.2,7921,ROUTE_EXISTS,0,
2026-09-14T16:47:11.840367+00:00,2026-09-14T16:47:06.911508Z,5119,408.0,26.81666666666666,57.766666666666666,11571,ROUTE_EXISTS,0,
2026-09-14T16:47:11.840367+00:00,2026-09-14T16:47:06.911508Z,2168,163.0,26.833333333333336,47.68333333333333,9974,ROUTE_EXISTS,0,
2026-09-14T16:47:11.840367+00:00,2026-09-14T16:47:06.911508Z,3416,340.0,27.0,54.233333333333334,10252,ROUTE_EXISTS,0,
2026-09-14T16:47:11.840367+00:00,2026-09-14T16:47:06.911508Z,2563,337.0,27.15,48.45,10417,ROUTE_EXISTS,0,
2026-09-14T16:47:11.840367+00:00,2026-09-14T16:47:06.911508Z,3351,351.0,26.25,50.0,10058,ROUTE_EXISTS,0,
2026-09-14T16:47:11.840367+00:00,2026-09-14T16:47:06.911508Z,2514,322.0,27.366666666666667,41.233333333333334,9181,ROUTE_EXISTS,0,
2026-09-14T16:47:11.840367+00:00,2026-09-14T16:47:06.911508Z,4265,255.0,26.31666666666667,44.733333333333334,11957,ROUTE_EXISTS,0,
2026-09-14T16:47:11.840367+00:00,2026-09-14T16:47:06.911508Z,2448,134.0,26.816666666666666,40.8,8655,ROUTE_EXISTS,0,
2026-09-14T16:47:11.840367+00:00,2026-09-14T16:47:06.911508Z,3700,349.0,26.650000000000002,47.46666666666667,10280,ROUTE_EXISTS,0,
2026-09-14T16:47:11.840367+00:00,2026-09-14T16:47:06.911508Z,3111,345.0,27.333333333333325,37.21666666666667,5601,ROUTE_EXISTS,0,
2026-09-14T16:47:11.840367+00:00,2026-09-14T16:47:06.911508Z,2401,322.0,26.416666666666664,42.43333333333333,7666,ROUTE_EXISTS,0,
2026-09-14T16:47:11.840367+00:00,2026-09-14T16:47:06.911508Z,2190,128.0,26.49166666666666,49.96666666666667,12981,ROUTE_EXISTS,0,
2026-09-14T16:47:11.840367+00:00,2026-09-14T16:47:06.911508Z,2262,336.0,26.950000000000003,40.28333333333333,8476,ROUTE_EXISTS,0,
2026-09-14T16:47:11.840367+00:00,2026-09-14T16:47:06.911508Z,3417,340.0,26.416666666666668,47.63333333333333,8449,ROUTE_EXISTS,0,
2026-09-14T16:47:11.840367+00:00,2026-09-14T16:47:06.911508Z,3038,345.0,27.383333333333333,25.35,4815,ROUTE_EXISTS,0,
2026-09-14T16:47:11.840367+00:00,2026-09-14T16:47:06.911508Z,1430,366.0,26.54166666666666,39.5,12700,ROUTE_EXISTS,0,
2026-09-14T16:47:11.840367+00:00,2026-09-14T16:47:06.911508Z,2974,370.0,26.708333333333325,39.15,7618,ROUTE_EXISTS,0,
2026-09-14T16:47:11.840367+00:00,2026-09-14T16:47:06.911508Z,3927,341.0,26.433333333333334,56.81666666666667,12950,ROUTE_EXISTS,0,
2026-09-14T16:47:11.840367+00:00,2026-09-14T16:47:06.911508Z,5107,322.0,27.016666666666662,37.3,8007,ROUTE_EXISTS,0,
2026-09-14T16:47:11.840367+00:00,2026-09-14T16:47:06.911508Z,2527,324.0,26.266666666666666,48.93333333333333,9910,ROUTE_EXISTS,0,
2026-09-14T16:47:11.840367+00:00,2026-09-14T16:47:06.911508Z,3162,342.0,26.3,48.71666666666667,10575,ROUTE_EXISTS,0,
2026-09-14T16:47:11.840367+00:00,2026-09-14T16:47:06.911508Z,1445,90.0,26.924999999999994,38.983333333333334,13380,ROUTE_EXISTS,0,
2026-09-14T16:47:11.840367+00:00,2026-09-14T16:47:06.911508Z,2479,350.0,27.166666666666668,43.733333333333334,10520,ROUTE_EXISTS,0,
2026-09-14T16:47:11.840367+00:00,2026-09-14T16:47:06.911508Z,2518,376.0,26.73333333333333,36.36666666666667,7956,ROUTE_EXISTS,0,
2026-09-14T16:47:11.840367+00:00,2026-09-14T16:47:06.911508Z,1296,97.0,27.33333333333333,43.2,11278,ROUTE_EXISTS,0,
2026-09-14T16:47:11.840367+00:00,2026-09-14T16:47:06.911508Z,1364,90.0,27.074999999999992,39.3,13500,ROUTE_EXISTS,0,
2026-09-14T16:47:11.840367+00:00,2026-09-14T16:47:06.911508Z,4248,354.0,27.200000000000003,57.31666666666667,11251,ROUTE_EXISTS,0,
2026-09-14T16:47:11.840367+00:00,2026-09-14T16:47:06.911508Z,3034,96.0,26.133333333333333,42.733333333333334,8830,ROUTE_EXISTS,0,
2026-09-14T16:47:11.840367+00:00,2026-09-14T16:47:06.911508Z,1446,90.0,26.54166666666666,38.25,13056,ROUTE_EXISTS,0,
2026-09-14T16:47:11.840367+00:00,2026-09-14T16:47:06.911508Z,2471,396.0,27.133333333333333,41.266666666666666,10416,ROUTE_EXISTS,0,
2026-09-14T16:47:11.840367+00:00,2026-09-14T16:47:06.911508Z,3032,96.0,27.183333333333334,39.733333333333334,7554,ROUTE_EXISTS,0,
2026-09-14T16:47:11.840367+00:00,2026-09-14T16:47:06.911508Z,3091,343.0,26.750000000000004,48.55,12608,ROUTE_EXISTS,0,
2026-09-14T16:47:11.840367+00:00,2026-09-14T16:47:06.911508Z,4266,255.0,26.116666666666667,38.25,8648,ROUTE_EXISTS,0,
2026-09-14T16:47:11.840367+00:00,2026-09-14T16:47:06.911508Z,2283,316.0,26.81666666666667,60.583333333333336,11639,ROUTE_EXISTS,0,
2026-09-14T16:47:11.840367+00:00,2026-09-14T16:47:06.911508Z,2039,382.0,27.308333333333337,40.15,8005,ROUTE_EXISTS,0,
2026-09-14T16:47:11.840367+00:00,2026-09-14T16:47:06.911508Z,4437,358.0,26.433333333333337,47.85,12259,ROUTE_EXISTS,0,
2026-09-14T16:47:11.840367+00:00,2026-09-14T16:47:06.911508Z,2284,374.0,26.500000000000004,59.88333333333333,11519,ROUTE_EXISTS,0,
2026-09-14T16:47:11.840367+00:00,2026-09-14T16:47:06.911508Z,2868,336.0,26.149999999999995,37.06666666666667,6158,ROUTE_EXISTS,0,
2026-09-14T16:47:11.840367+00:00,2026-09-14T16:47:06.911508Z,3033,96.0,26.333333333333332,41.78333333333333,8552,ROUTE_EXISTS,0,
2026-09-14T16:47:11.840367+00:00,2026-09-14T16:47:06.911508Z,1363,90.0,27.341666666666658,39.733333333333334,13775,ROUTE_EXISTS,0,
2026-09-14T16:47:11.840367+00:00,2026-09-14T16:47:06.911508Z,3049,321.0,27.183333333333334,36.36666666666667,7223,ROUTE_EXISTS,0,
2026-09-14T16:47:11.840367+00:00,2026-09-14T16:47:06.911508Z,2325,338.0,26.48333333333333,36.983333333333334,5778,ROUTE_EXISTS,0,
2026-09-14T16:47:11.840367+00:00,2026-09-14T16:47:06.911508Z,3776,342.0,26.91666666666667,17.583333333333332,2603,ROUTE_EXISTS,0,
2026-09-14T16:47:11.840367+00:00,2026-09-14T16:47:06.911508Z,3710,283.0,26.400000000000002,61.4,11351,ROUTE_EXISTS,0,
2026-09-14T16:47:11.840367+00:00,2026-09-14T16:47:06.911508Z,4125,345.0,27.15,15.85,2459,ROUTE_EXISTS,0,
2026-09-14T16:47:11.840367+00:00,2026-09-14T16:47:06.911508Z,2891,341.0,26.76666666666667,25.733333333333334,5298,ROUTE_EXISTS,0,
2026-09-14T16:47:11.840367+00:00,2026-09-14T16:47:06.911508Z,3596,396.0,26.45,41.85,9402,ROUTE_EXISTS,0,
2026-09-14T16:47:11.840367+00:00,2026-09-14T16:47:06.911508Z,2867,336.0,26.849999999999994,33.96666666666667,5894,ROUTE_EXISTS,0,
2026-09-14T16:47:12.379539+00:00,2026-09-14T16:47:06.911508Z,4131,341.0,27.98333333333333,39.71666666666667,8093,ROUTE_EXISTS,0,
2026-09-14T16:47:12.379539+00:00,2026-09-14T16:47:06.911508Z,2300,375.0,27.85,43.7,7856,ROUTE_EXISTS,0,
2026-09-14T16:47:12.379539+00:00,2026-09-14T16:47:06.911508Z,2509,322.0,27.83333333333333,50.75,11598,ROUTE_EXISTS,0,
2026-09-14T16:47:12.379539+00:00,2026-09-14T16:47:06.911508Z,2513,322.0,27.733333333333334,41.833333333333336,9299,ROUTE_EXISTS,0,
2026-09-14T16:47:12.379539+00:00,2026-09-14T16:47:06.911508Z,2542,326.0,27.95,40.45,8006,ROUTE_EXISTS,0,
2026-09-14T16:47:12.379539+00:00,2026-09-14T16:47:06.911508Z,2931,350.0,28.200000000000003,38.71666666666667,7959,ROUTE_EXISTS,0,
2026-09-14T16:47:12.379539+00:00,2026-09-14T16:47:06.911508Z,2636,337.0,27.41666666666666,40.86666666666667,7461,ROUTE_EXISTS,0,
2026-09-14T16:47:12.379539+00:00,2026-09-14T16:47:06.911508Z,1459,366.0,27.808333333333326,40.916666666666664,14351,ROUTE_EXISTS,0,
2026-09-14T16:47:12.379539+00:00,2026-09-14T16:47:06.911508Z,2613,341.0,27.633333333333333,45.1,9974,ROUTE_EXISTS,0,
2026-09-14T16:47:12.379539+00:00,2026-09-14T16:47:06.911508Z,4129,326.0,27.9,41.516666666666666,10792,ROUTE_EXISTS,0,
2026-09-14T16:47:12.379539+00:00,2026-09-14T16:47:06.911508Z,3415,340.0,27.983333333333334,55.36666666666667,10527,ROUTE_EXISTS,0,
2026-09-14T16:47:12.379539+00:00,2026-09-14T16:47:06.911508Z,2743,361.0,27.41666666666667,56.55,11925,ROUTE_EXISTS,0,
2026-09-14T16:47:12.379539+00:00,2026-09-14T16:47:06.911508Z,3412,349.0,28.133333333333336,49.53333333333333,10819,ROUTE_EXISTS,0,
2026-09-14T16:47:12.379539+00:00,2026-09-14T16:47:06.911508Z,3575,138.0,27.799999999999997,38.31666666666667,7964,ROUTE_EXISTS,0,
2026-09-14T16:47:12.379539+00:00,2026-09-14T16:47:06.911508Z,3160,342.0,28.233333333333334,51.18333333333333,11140,ROUTE_EXISTS,0,
2026-09-14T16:47:12.379539+00:00,2026-09-14T16:47:06.911508Z,1772,129.0,28.108333333333327,35.483333333333334,7001,ROUTE_EXISTS,0,
2026-09-14T16:47:12.379539+00:00,2026-09-14T16:47:06.911508Z,5097,353.0,28.416666666666664,34.083333333333336,5396,ROUTE_EXISTS,0,
2026-09-14T16:47:12.379539+00:00,2026-09-14T16:47:06.911508Z,3775,342.0,27.58333333333334,18.766666666666666,2542,ROUTE_EXISTS,0,
2026-09-14T16:47:12.379539+00:00,2026-09-14T16:47:06.911508Z,2599,332.0,28.266666666666673,43.96666666666667,9712,ROUTE_EXISTS,0,
2026-09-14T16:47:12.379539+00:00,2026-09-14T16:47:06.911508Z,1443,90.0,28.37499999999999,41.61666666666667,14673,ROUTE_EXISTS,0,
2026-09-14T16:47:12.379539+00:00,2026-09-14T16:47:06.911508Z,2027,319.0,27.550000000000004,23.366666666666667,5100,ROUTE_EXISTS,0,
2026-09-14T16:47:12.379539+00:00,2026-09-14T16:47:06.911508Z,2512,322.0,28.1,42.43333333333333,9416,ROUTE_EXISTS,0,
2026-09-14T16:47:12.379539+00:00,2026-09-14T16:47:06.911508Z,2932,350.0,27.533333333333335,37.85,7892,ROUTE_EXISTS,0,
2026-09-14T16:47:12.379539+00:00,2026-09-14T16:47:06.911508Z,1460,366.0,27.49166666666666,42.583333333333336,14474,ROUTE_EXISTS,0,
2026-09-14T16:47:12.379539+00:00,2026-09-14T16:47:06.911508Z,1399,92.0,28.408333333333328,51.166666666666664,12388,ROUTE_EXISTS,0,
2026-09-14T16:47:12.379539+00:00,2026-09-14T16:47:06.911508Z,2290,319.0,27.53333333333333,39.78333333333333,10655,ROUTE_EXISTS,0,
2026-09-14T16:47:12.379539+00:00,2026-09-14T16:47:06.911508Z,2477,321.0,28.449999999999996,36.28333333333333,8253,ROUTE_EXISTS,0,
2026-09-14T16:47:12.379539+00:00,2026-09-14T16:47:06.911508Z,3692,377.0,28.2,47.18333333333333,10577,ROUTE_EXISTS,0,
2026-09-14T16:47:12.379539+00:00,2026-09-14T16:47:06.911508Z,3232,353.0,27.499999999999996,33.0,5219,ROUTE_EXISTS,0,
2026-09-14T16:47:12.379539+00:00,2026-09-14T16:47:06.911508Z,3493,342.0,28.050000000000004,12.433333333333334,1655,ROUTE_EXISTS,0,
2026-09-14T16:47:12.379539+00:00,2026-09-14T16:47:06.911508Z,2316,345.0,27.433333333333337,7.916666666666667,561,ROUTE_EXISTS,0,
2026-09-14T16:47:12.379539+00:00,2026-09-14T16:47:06.911508Z,2568,379.0,27.46666666666667,41.916666666666664,8256,ROUTE_EXISTS,0,
2026-09-14T16:47:12.379539+00:00,2026-09-14T16:47:06.911508Z,1374,90.0,28.258333333333322,41.333333333333336,14579,ROUTE_EXISTS,0,
2026-09-14T16:47:12.379539+00:00,2026-09-14T16:47:06.911508Z,1375,90.0,28.008333333333322,40.916666666666664,14351,ROUTE_EXISTS,0,
2026-09-14T16:47:12.379539+00:00,2026-09-14T16:47:06.911508Z,5092,326.0,28.15,46.68333333333333,10795,ROUTE_EXISTS,0,
2026-09-14T16:47:12.379539+00:00,2026-09-14T16:47:06.911508Z,2324,96.0,27.849999999999998,37.083333333333336,8674,ROUTE_EXISTS,0,
2026-09-14T16:47:12.379539+00:00,2026-09-14T16:47:06.911508Z,3438,340.0,27.833333333333336,43.96666666666667,7905,ROUTE_EXISTS,0,
2026-09-14T16:47:12.379539+00:00,2026-09-14T16:47:06.911508Z,3130,341.0,27.5,58.15,13248,ROUTE_EXISTS,0,
2026-09-14T16:47:12.379539+00:00,2026-09-14T16:47:06.911508Z,2212,321.0,27.549999999999997,35.21666666666667,7966,ROUTE_EXISTS,0,
2026-09-14T16:47:12.379539+00:00,2026-09-14T16:47:06.911508Z,2458,352.0,27.516666666666666,35.46666666666667,6666,ROUTE_EXISTS,0,
2026-09-14T16:47:12.379539+00:00,2026-09-14T16:47:06.911508Z,3498,342.0,28.116666666666667,13.316666666666666,993,ROUTE_EXISTS,0,
2026-09-14T16:47:12.379539+00:00,2026-09-14T16:47:06.911508Z,3161,342.0,27.433333333333334,50.13333333333333,10908,ROUTE_EXISTS,0,
2026-09-14T16:47:12.379539+00:00,2026-09-14T16:47:06.911508Z,5227,334.0,27.983333333333338,41.78333333333333,8925,ROUTE_EXISTS,0,
2026-09-14T16:47:12.379539+00:00,2026-09-14T16:47:06.911508Z,4269,345.0,27.633333333333333,27.033333333333335,4925,ROUTE_EXISTS,0,
2026-09-14T16:47:12.379539+00:00,2026-09-14T16:47:06.911508Z,1773,336.0,27.59166666666666,35.03333333333333,7106,ROUTE_EXISTS,0,
2026-09-14T16:47:12.379539+00:00,2026-09-14T16:47:06.911508Z,1362,90.0,27.558333333333323,40.11666666666667,13977,ROUTE_EXISTS,0,
2026-09-14T16:47:12.379539+00:00,2026-09-14T16:47:06.911508Z,2753,163.0,27.549999999999994,56.9,13649,ROUTE_EXISTS,0,
2026-09-14T16:47:12.379539+00:00,2026-09-14T16:47:06.911508Z,5226,332.0,27.650000000000006,42.1,8436,ROUTE_EXISTS,0,
2026-09-14T16:47:12.379539+00:00,2026-09-14T16:47:06.911508Z,1331,98.0,27.50833333333333,49.38333333333333,11916,ROUTE_EXISTS,0,
2026-09-14T16:47:12.379539+00:00,2026-09-14T16:47:06.911508Z,1450,99.0,28.2,39.483333333333334,10583,ROUTE_EXISTS,0,
2026-09-14T16:47:12.379539+00:00,2026-09-14T16:47:06.911508Z,3446,349.0,28.450000000000006,52.7,11503,ROUTE_EXISTS,0,
2026-09-14T16:47:12.379539+00:00,2026-09-14T16:47:06.911508Z,3618,370.0,27.708333333333325,35.416666666666664,7304,ROUTE_EXISTS,0,
2026-09-14T16:47:12.379539+00:00,2026-09-14T16:47:06.911508Z,2447,134.0,27.433333333333334,37.9,8552,ROUTE_EXISTS,0,
2026-09-14T16:47:12.379539+00:00,2026-09-14T16:47:06.911508Z,2260,336.0,27.833333333333336,41.71666666666667,8803,ROUTE_EXISTS,0,
2026-09-14T16:47:12.379539+00:00,2026-09-14T16:47:06.911508Z,3574,333.0,28.28333333333333,36.166666666666664,7793,ROUTE_EXISTS,0,
2026-09-14T16:47:12.379539+00:00,2026-09-14T16:47:06.911508Z,2005,344.0,27.46666666666667,14.716666666666667,2714,ROUTE_EXISTS,0,
2026-09-14T16:47:12.379539+00:00,2026-09-14T16:47:06.911508Z,5152,341.0,28.233333333333334,59.13333333333333,13485,ROUTE_EXISTS,0,
2026-09-14T16:47:12.379539+00:00,2026-09-14T16:47:06.911508Z,3073,338.0,28.03333333333333,38.63333333333333,5637,ROUTE_EXISTS,0,
2026-09-14T16:47:12.379539+00:00,2026-09-14T16:47:06.911508Z,2026,319.0,28.41666666666667,25.533333333333335,4834,ROUTE_EXISTS,0,
2026-09-14T16:47:12.379539+00:00,2026-09-14T16:47:06.911508Z,1339,98.0,27.916666666666668,41.666666666666664,7280,ROUTE_EXISTS,0,
2026-09-14T16:47:12.379539+00:00,2026-09-14T16:47:06.911508Z,3341,386.0,27.45,40.983333333333334,7419,ROUTE_EXISTS,0,
2026-09-14T16:47:12.379539+00:00,2026-09-14T16:47:06.911508Z,2533,324.0,27.999999999999996,42.583333333333336,9202,ROUTE_EXISTS,0,
2026-09-14T16:47:12.379539+00:00,2026-09-14T16:47:06.911508Z,3577,396.0,27.91666666666666,42.31666666666667,8471,ROUTE_EXISTS,0,
2026-09-14T16:47:12.379539+00:00,2026-09-14T16:47:06.911508Z,1294,97.0,28.258333333333326,44.43333333333333,11642,ROUTE_EXISTS,0,
2026-09-14T16:47:12.379539+00:00,2026-09-14T16:47:06.911508Z,3358,379.0,27.96666666666667,43.25,8356,ROUTE_EXISTS,0,
2026-09-14T16:47:12.379539+00:00,2026-09-14T16:47:06.911508Z,4247,354.0,28.450000000000003,54.95,11322,ROUTE_EXISTS,0,
2026-09-14T16:47:12.379539+00:00,2026-09-14T16:47:06.911508Z,1444,90.0,27.741666666666656,40.483333333333334,14130,ROUTE_EXISTS,0,
2026-09-14T16:47:12.379539+00:00,2026-09-14T16:47:06.911508Z,4268,338.0,28.316666666666666,28.4,4473,ROUTE_EXISTS,0,
2026-09-14T16:47:12.379539+00:00,2026-09-14T16:47:06.911508Z,2470,134.0,27.78333333333333,42.13333333333333,10161,ROUTE_EXISTS,0,
2026-09-14T16:47:12.379539+00:00,2026-09-14T16:47:06.911508Z,2511,322.0,28.46666666666667,43.016666666666666,9528,ROUTE_EXISTS,0,
2026-09-14T16:47:12.379539+00:00,2026-09-14T16:47:06.911508Z,3326,332.0,28.150000000000006,60.56666666666667,12243,ROUTE_EXISTS,0,
2026-09-14T16:47:12.379539+00:00,2026-09-14T16:47:06.911508Z,2069,163.0,28.11666666666667,50.38333333333333,8575,ROUTE_EXISTS,0,
2026-09-14T16:47:12.379539+00:00,2026-09-14T16:47:06.911508Z,3175,354.0,27.81666666666667,41.35,8225,ROUTE_EXISTS,0,
2026-09-14T16:47:12.379539+00:00,2026-09-14T16:47:06.911508Z,4264,255.0,27.600000000000005,46.65,12554,ROUTE_EXISTS,0,
2026-09-14T16:47:12.379539+00:00,2026-09-14T16:47:06.911508Z,2490,98.0,27.8,39.416666666666664,8618,ROUTE_EXISTS,0,
2026-09-14T16:47:12.379539+00:00,2026-09-14T16:47:06.911508Z,4112,96.0,27.633333333333333,37.55,10239,ROUTE_EXISTS,0,
2026-09-14T16:47:12.379539+00:00,2026-09-14T16:47:06.911508Z,1295,97.0,27.608333333333327,43.63333333333333,11367,ROUTE_EXISTS,0,
2026-09-14T16:47:12.379539+00:00,2026-09-14T16:47:06.911508Z,2038,382.0,28.39166666666667,40.06666666666667,7610,ROUTE_EXISTS,0,
2026-09-14T16:47:12.379539+00:00,2026-09-14T16:47:06.911508Z,2368,324.0,27.5,46.06666666666667,10788,ROUTE_EXISTS,0,
2026-09-14T16:47:12.379539+00:00,2026-09-14T16:47:06.911508Z,2866,336.0,27.61666666666666,30.233333333333334,5608,ROUTE_EXISTS,0,
2026-09-14T16:47:12.379539+00:00,2026-09-14T16:47:06.911508Z,3509,281.0,27.76666666666667,52.36666666666667,10448,ROUTE_EXISTS,0,
2026-09-14T16:47:12.379539+00:00,2026-09-14T16:47:06.911508Z,3047,321.0,28.416666666666668,34.56666666666667,6844,ROUTE_EXISTS,0,
2026-09-14T16:47:12.379539+00:00,2026-09-14T16:47:06.911508Z,2457,352.0,28.2,27.916666666666668,6338,ROUTE_EXISTS,0,
2026-09-14T16:47:12.379539+00:00,2026-09-14T16:47:06.911508Z,2699,358.0,27.500000000000004,49.13333333333333,13059,ROUTE_EXISTS,0,
2026-09-14T16:47:12.379539+00:00,2026-09-14T16:47:06.911508Z,1370,94.0,28.058333333333326,55.95,12351,ROUTE_EXISTS,0,
2026-09-14T16:47:12.379539+00:00,2026-09-14T16:47:06.911508Z,3447,340.0,27.516666666666673,53.96666666666667,11756,ROUTE_EXISTS,0,
2026-09-14T16:47:12.379539+00:00,2026-09-14T16:47:06.911508Z,3465,345.0,28.083333333333332,34.233333333333334,8438,ROUTE_EXISTS,0,
2026-09-14T16:47:12.379539+00:00,2026-09-14T16:47:06.911508Z,3110,338.0,27.43333333333333,37.03333333333333,8675,ROUTE_EXISTS,0,
2026-09-14T16:47:12.379539+00:00,2026-09-14T16:47:06.911508Z,2282,316.0,27.500000000000004,61.9,11902,ROUTE_EXISTS,0,
2026-09-14T16:47:12.379539+00:00,2026-09-14T16:47:06.911508Z,2805,364.0,27.691666666666663,53.483333333333334,11319,ROUTE_EXISTS,0,
2026-09-14T16:47:12.379539+00:00,2026-09-14T16:47:06.911508Z,3594,283.0,27.96666666666667,61.88333333333333,12414,ROUTE_EXISTS,0,
2026-09-14T16:47:12.379539+00:00,2026-09-14T16:47:06.911508Z,2442,396.0,28.15,42.483333333333334,11131,ROUTE_EXISTS,0,
2026-09-14T16:47:12.379539+00:00,2026-09-14T16:47:06.911508Z,3325,332.0,28.41666666666667,61.7,12330,ROUTE_EXISTS,0,
2026-09-14T16:47:12.379539+00:00,2026-09-14T16:47:06.911508Z,1401,408.0,28.16666666666666,59.43333333333333,12537,ROUTE_EXISTS,0,
2026-09-14T16:47:12.379539+00:00,2026-09-14T16:47:06.911508Z,4097,356.0,28.433333333333334,36.81666666666667,4571,ROUTE_EXISTS,0,
2026-09-14T16:47:12.379539+00:00,2026-09-14T16:47:06.911508Z,2281,316.0,28.250000000000004,63.35,12198,ROUTE_EXISTS,0,
2026-09-14T16:47:12.379539+00:00,2026-09-14T16:47:06.911508Z,3048,321.0,27.616666666666667,35.7,7095,ROUTE_EXISTS,0,
2026-09-14T16:47:12.379539+00:00,2026-09-14T16:47:06.911508Z,2446,396.0,27.866666666666667,38.61666666666667,8780,ROUTE_EXISTS,0,
2026-09-14T16:47:12.379539+00:00,2026-09-14T16:47:06.911508Z,2742,245.0,28.06666666666667,55.21666666666667,12036,ROUTE_EXISTS,0,
2026-09-14T16:47:12.379539+00:00,2026-09-14T16:47:06.911508Z,3346,396.0,28.183333333333334,39.166666666666664,8946,ROUTE_EXISTS,0,
2026-09-14T16:47:12.918101+00:00,2026-09-14T16:47:06.911508Z,3860,335.0,29.400000000000006,17.533333333333335,2162,ROUTE_EXISTS,0,
2026-09-14T16:47:12.918101+00:00,2026-09-14T16:47:06.911508Z,2497,322.0,29.533333333333328,40.61666666666667,8921,ROUTE_EXISTS,0,
2026-09-14T16:47:12.918101+00:00,2026-09-14T16:47:06.911508Z,1441,90.0,28.891666666666655,42.65,15089,ROUTE_EXISTS,0,
2026-09-14T16:47:12.918101+00:00,2026-09-14T16:47:06.911508Z,5104,352.0,29.21666666666667,41.53333333333333,12319,ROUTE_EXISTS,0,
2026-09-14T16:47:12.918101+00:00,2026-09-14T16:47:06.911508Z,1373,90.0,28.70833333333332,42.3,14944,ROUTE_EXISTS,0,
2026-09-14T16:47:12.918101+00:00,2026-09-14T16:47:06.911508Z,3508,281.0,29.416666666666668,53.85,10706,ROUTE_EXISTS,0,
2026-09-14T16:47:12.918101+00:00,2026-09-14T16:47:06.911508Z,4137,341.0,29.266666666666662,41.333333333333336,8803,ROUTE_EXISTS,0,
2026-09-14T16:47:12.918101+00:00,2026-09-14T16:47:06.911508Z,2729,255.0,28.86666666666667,51.15,13527,ROUTE_EXISTS,0,
2026-09-14T16:47:12.918101+00:00,2026-09-14T16:47:06.911508Z,2299,375.0,28.76666666666667,44.81666666666667,8057,ROUTE_EXISTS,0,
2026-09-14T16:47:12.918101+00:00,2026-09-14T16:47:06.911508Z,3485,91.0,29.433333333333334,41.233333333333334,11261,ROUTE_EXISTS,0,
2026-09-14T16:47:12.918101+00:00,2026-09-14T16:47:06.911508Z,2239,322.0,29.416666666666664,36.93333333333333,8078,ROUTE_EXISTS,0,
2026-09-14T16:47:12.918101+00:00,2026-09-14T16:47:06.911508Z,3499,342.0,29.200000000000006,14.766666666666667,1981,ROUTE_EXISTS,0,
2026-09-14T16:47:12.918101+00:00,2026-09-14T16:47:06.911508Z,2598,341.0,29.200000000000006,45.1,9974,ROUTE_EXISTS,0,
2026-09-14T16:47:12.918101+00:00,2026-09-14T16:47:06.911508Z,2371,326.0,28.5,49.766666666666666,15027,ROUTE_EXISTS,0,
2026-09-14T16:47:12.918101+00:00,2026-09-14T16:47:06.911508Z,3642,373.0,29.483333333333338,50.81666666666667,9655,ROUTE_EXISTS,0,
2026-09-14T16:47:12.918101+00:00,2026-09-14T16:47:06.911508Z,2562,326.0,28.7,44.88333333333333,8663,ROUTE_EXISTS,0,
2026-09-14T16:47:12.918101+00:00,2026-09-14T16:47:06.911508Z,3616,129.0,29.20833333333333,37.25,7459,ROUTE_EXISTS,0,
2026-09-14T16:47:12.918101+00:00,2026-09-14T16:47:06.911508Z,2741,128.0,29.100000000000005,55.4,11742,ROUTE_EXISTS,0,
2026-09-14T16:47:12.918101+00:00,2026-09-14T16:47:06.911508Z,2486,322.0,29.283333333333328,37.65,8718,ROUTE_EXISTS,0,
2026-09-14T16:47:12.918101+00:00,2026-09-14T16:47:06.911508Z,1948,112.0,29.38333333333333,39.833333333333336,11380,ROUTE_EXISTS,0,
2026-09-14T16:47:12.918101+00:00,2026-09-14T16:47:06.911508Z,2670,337.0,29.233333333333334,47.96666666666667,10394,ROUTE_EXISTS,0,
2026-09-14T16:47:12.918101+00:00,2026-09-14T16:47:06.911508Z,2510,322.0,28.833333333333336,43.61666666666667,9646,ROUTE_EXISTS,0,
2026-09-14T16:47:12.918101+00:00,2026-09-14T16:47:06.911508Z,3072,338.0,28.633333333333333,36.516666666666666,9778,ROUTE_EXISTS,0,
2026-09-14T16:47:12.918101+00:00,2026-09-14T16:47:06.911508Z,2541,326.0,28.5,41.2,8241,ROUTE_EXISTS,0,
2026-09-14T16:47:12.918101+00:00,2026-09-14T16:47:06.911508Z,4267,338.0,28.866666666666667,24.2,3941,ROUTE_EXISTS,0,
2026-09-14T16:47:12.918101+00:00,2026-09-14T16:47:06.911508Z,2456,134.0,28.78333333333333,26.216666666666665,6242,ROUTE_EXISTS,0,
2026-09-14T16:47:12.918101+00:00,2026-09-14T16:47:06.911508Z,2508,322.0,28.849999999999994,52.083333333333336,11919,ROUTE_EXISTS,0,
2026-09-14T16:47:12.918101+00:00,2026-09-14T16:47:06.911508Z,4274,408.0,29.349999999999994,73.01666666666667,14879,ROUTE_EXISTS,0,
2026-09-14T16:47:12.918101+00:00,2026-09-14T16:47:06.911508Z,2240,322.0,28.816666666666663,38.36666666666667,8382,ROUTE_EXISTS,0,
2026-09-14T16:47:12.918101+00:00,2026-09-14T16:47:06.911508Z,2247,350.0,29.36666666666667,35.95,6805,ROUTE_EXISTS,0,
2026-09-14T16:47:12.918101+00:00,2026-09-14T16:47:06.911508Z,1398,93.0,29.374999999999993,52.31666666666667,12657,ROUTE_EXISTS,0,
2026-09-14T16:47:12.918101+00:00,2026-09-14T16:47:06.911508Z,3437,340.0,28.783333333333335,44.11666666666667,7700,ROUTE_EXISTS,0,
2026-09-14T16:47:12.918101+00:00,2026-09-14T16:47:06.911508Z,2465,136.0,29.53333333333333,48.11666666666667,9494,ROUTE_EXISTS,0,
2026-09-14T16:47:12.918101+00:00,2026-09-14T16:47:06.911508Z,1903,373.0,28.716666666666672,51.85,9723,ROUTE_EXISTS,0,
2026-09-14T16:47:12.918101+00:00,2026-09-14T16:47:06.911508Z,2367,325.0,28.7,45.05,10308,ROUTE_EXISTS,0,
2026-09-14T16:47:12.918101+00:00,2026-09-14T16:47:06.911508Z,2211,371.0,28.699999999999996,36.28333333333333,8253,ROUTE_EXISTS,0,
2026-09-14T16:47:12.918101+00:00,2026-09-14T16:47:06.911508Z,3129,341.0,28.783333333333335,59.916666666666664,13647,ROUTE_EXISTS,0,
2026-09-14T16:47:12.918101+00:00,2026-09-14T16:47:06.911508Z,3411,349.0,29.06666666666667,50.88333333333333,11078,ROUTE_EXISTS,0,
2026-09-14T16:47:12.918101+00:00,2026-09-14T16:47:06.911508Z,3414,340.0,28.71666666666667,52.016666666666666,10588,ROUTE_EXISTS,0,
2026-09-14T16:47:12.918101+00:00,2026-09-14T16:47:06.911508Z,2532,324.0,29.21666666666666,41.483333333333334,9079,ROUTE_EXISTS,0,
2026-09-14T16:47:12.918101+00:00,2026-09-14T16:47:06.911508Z,1293,97.0,28.97499999999999,45.3,11870,ROUTE_EXISTS,0,
2026-09-14T16:47:12.918101+00:00,2026-09-14T16:47:06.911508Z,3774,342.0,28.516666666666673,17.733333333333334,2172,ROUTE_EXISTS,0,
2026-09-14T16:47:12.918101+00:00,2026-09-14T16:47:06.911508Z,3395,342.0,29.083333333333332,15.55,1167,ROUTE_EXISTS,0,
2026-09-14T16:47:12.918101+00:00,2026-09-14T16:47:06.911508Z,2355,341.0,29.28333333333333,42.016666666666666,8442,ROUTE_EXISTS,0,
2026-09-14T16:47:12.918101+00:00,2026-09-14T16:47:06.911508Z,4275,408.0,28.874999999999993,68.35,11842,ROUTE_EXISTS,0,
2026-09-14T16:47:12.918101+00:00,2026-09-14T16:47:06.911508Z,3601,326.0,29.15,42.06666666666667,8464,ROUTE_EXISTS,0,
2026-09-14T16:47:12.918101+00:00,2026-09-14T16:47:06.911508Z,3617,129.0,28.641666666666662,31.0,6432,ROUTE_EXISTS,0,
2026-09-14T16:47:12.918101+00:00,2026-09-14T16:47:06.911508Z,2364,233.0,29.416666666666664,40.833333333333336,10418,ROUTE_EXISTS,0,
2026-09-14T16:47:12.918101+00:00,2026-09-14T16:47:06.911508Z,1330,94.0,28.874999999999993,52.31666666666667,12657,ROUTE_EXISTS,0,
2026-09-14T16:47:12.918101+00:00,2026-09-14T16:47:06.911508Z,3159,378.0,29.5,57.06666666666667,11722,ROUTE_EXISTS,0,
2026-09-14T16:47:12.918101+00:00,2026-09-14T16:47:06.911508Z,3389,342.0,28.883333333333333,52.06666666666667,11415,ROUTE_EXISTS,0,
2026-09-14T16:47:12.918101+00:00,2026-09-14T16:47:06.911508Z,3520,283.0,29.300000000000004,60.583333333333336,12238,ROUTE_EXISTS,0,
2026-09-14T16:47:12.918101+00:00,2026-09-14T16:47:06.911508Z,2269,354.0,29.06666666666667,61.233333333333334,11239,ROUTE_EXISTS,0,
2026-09-14T16:47:12.918101+00:00,2026-09-14T16:47:06.911508Z,2612,341.0,28.566666666666666,43.96666666666667,9712,ROUTE_EXISTS,0,
2026-09-14T16:47:12.918101+00:00,2026-09-14T16:47:06.911508Z,2628,334.0,28.58333333333334,31.733333333333334,6347,ROUTE_EXISTS,0,
2026-09-14T16:47:12.918101+00:00,2026-09-14T16:47:06.911508Z,2911,377.0,28.55,59.45,9658,ROUTE_EXISTS,0,
2026-09-14T16:47:12.918101+00:00,2026-09-14T16:47:06.911508Z,2387,325.0,28.483333333333334,45.083333333333336,11489,ROUTE_EXISTS,0,
2026-09-14T16:47:12.918101+00:00,2026-09-14T16:47:06.911508Z,3345,396.0,29.46666666666667,40.95,9747,ROUTE_EXISTS,0,
2026-09-14T16:47:12.918101+00:00,2026-09-14T16:47:06.911508Z,1369,94.0,29.29166666666666,57.35,13180,ROUTE_EXISTS,0,
2026-09-14T16:47:12.918101+00:00,2026-09-14T16:47:06.911508Z,5173,327.0,28.500000000000004,59.3,12155,ROUTE_EXISTS,0,
2026-09-14T16:47:12.918101+00:00,2026-09-14T16:47:06.911508Z,1338,98.0,29.333333333333336,43.28333333333333,7668,ROUTE_EXISTS,0,
2026-09-14T16:47:12.918101+00:00,2026-09-14T16:47:06.911508Z,2908,349.0,28.550000000000004,56.0,12217,ROUTE_EXISTS,0,
2026-09-14T16:47:12.918101+00:00,2026-09-14T16:47:06.911508Z,4173,283.0,29.1,51.916666666666664,10593,ROUTE_EXISTS,0,
2026-09-14T16:47:12.918101+00:00,2026-09-14T16:47:06.911508Z,3344,396.0,28.866666666666664,46.46666666666667,9303,ROUTE_EXISTS,0,
2026-09-14T16:47:12.918101+00:00,2026-09-14T16:47:06.911508Z,3593,361.0,28.8,59.1,11930,ROUTE_EXISTS,0,
2026-09-14T16:47:12.918101+00:00,2026-09-14T16:47:06.911508Z,2384,325.0,28.7,52.13333333333333,15525,ROUTE_EXISTS,0,
2026-09-14T16:47:12.918101+00:00,2026-09-14T16:47:06.911508Z,3119,163.0,29.183333333333337,49.43333333333333,8119,ROUTE_EXISTS,0,
2026-09-14T16:47:12.918101+00:00,2026-09-14T16:47:06.911508Z,3534,325.0,29.28333333333333,41.733333333333334,10053,ROUTE_EXISTS,0,
2026-09-14T16:47:12.918101+00:00,2026-09-14T16:47:06.911508Z,2280,316.0,29.133333333333336,65.0,12550,ROUTE_EXISTS,0,
2026-09-14T16:47:12.918101+00:00,2026-09-14T16:47:06.911508Z,2609,245.0,28.516666666666673,54.11666666666667,11271,ROUTE_EXISTS,0,
2026-09-14T16:47:12.918101+00:00,2026-09-14T16:47:06.911508Z,2463,98.0,28.88333333333333,40.8,8655,ROUTE_EXISTS,0,
2026-09-14T16:47:12.918101+00:00,2026-09-14T16:47:06.911508Z,2414,98.0,28.99166666666666,30.966666666666665,6430,ROUTE_EXISTS,0,
2026-09-14T16:47:12.918101+00:00,2026-09-14T16:47:06.911508Z,2804,364.0,28.80833333333333,54.9,11697,ROUTE_EXISTS,0,
2026-09-14T16:47:12.918101+00:00,2026-09-14T16:47:06.911508Z,2674,341.0,29.15,39.733333333333334,8049,ROUTE_EXISTS,0,
2026-09-14T16:47:12.918101+00:00,2026-09-14T16:47:06.911508Z,1442,90.0,28.524999999999988,41.93333333333333,14790,ROUTE_EXISTS,0,
2026-09-14T16:47:12.918101+00:00,2026-09-14T16:47:06.911508Z,3396,342.0,28.7,15.083333333333334,1121,ROUTE_EXISTS,0,
2026-09-14T16:47:12.918101+00:00,2026-09-14T16:47:06.911508Z,3046,321.0,29.0,33.78333333333333,6682,ROUTE_EXISTS,0,
2026-09-14T16:47:12.918101+00:00,2026-09-14T16:47:06.911508Z,3071,338.0,29.466666666666665,36.916666666666664,9465,ROUTE_EXISTS,0,
2026-09-14T16:47:12.918101+00:00,2026-09-14T16:47:06.911508Z,2259,336.0,28.86666666666667,43.166666666666664,9200,ROUTE_EXISTS,0,
2026-09-14T16:47:12.918101+00:00,2026-09-14T16:47:06.911508Z,1400,128.0,29.16666666666666,59.483333333333334,12084,ROUTE_EXISTS,0,
2026-09-14T16:47:12.918101+00:00,2026-09-14T16:47:06.911508Z,3709,283.0,29.33333333333334,59.45,11587,ROUTE_EXISTS,0,
2026-09-14T16:47:12.918101+00:00,2026-09-14T16:47:06.911508Z,3592,361.0,29.516666666666666,59.483333333333334,11350,ROUTE_EXISTS,0,
2026-09-14T16:47:12.918101+00:00,2026-09-14T16:47:06.911508Z,2365,326.0,28.549999999999997,40.86666666666667,10558,ROUTE_EXISTS,0,
2026-09-14T16:47:12.918101+00:00,2026-09-14T16:47:06.911508Z,2865,336.0,28.61666666666666,25.766666666666666,5236,ROUTE_EXISTS,0,
2026-09-14T16:47:12.918101+00:00,2026-09-14T16:47:06.911508Z,2952,245.0,28.850000000000005,59.65,12301,ROUTE_EXISTS,0,
2026-09-14T16:47:12.918101+00:00,2026-09-14T16:47:06.911508Z,3652,274.0,29.099999999999998,50.28333333333333,9965,ROUTE_EXISTS,0,
2026-09-14T16:47:12.918101+00:00,2026-09-14T16:47:06.911508Z,1372,90.0,29.008333333333322,42.93333333333333,15186,ROUTE_EXISTS,0,
2026-09-14T16:47:12.918101+00:00,2026-09-14T16:47:06.911508Z,2167,163.0,28.750000000000004,49.18333333333333,8371,ROUTE_EXISTS,0,
2026-09-14T16:47:12.918101+00:00,2026-09-14T16:47:06.911508Z,2445,134.0,29.333333333333332,47.8,9452,ROUTE_EXISTS,0,
2026-09-14T16:47:12.918101+00:00,2026-09-14T16:47:06.911508Z,2864,336.0,28.899999999999995,24.45,5134,ROUTE_EXISTS,0,
2026-09-14T16:47:12.918101+00:00,2026-09-14T16:47:06.911508Z,2245,382.0,29.058333333333337,39.45,7327,ROUTE_EXISTS,0,
2026-09-14T16:47:12.918101+00:00,2026-09-14T16:47:06.911508Z,2025,319.0,29.233333333333338,24.733333333333334,4570,ROUTE_EXISTS,0,
2026-09-14T16:47:12.918101+00:00,2026-09-14T16:47:06.911508Z,3480,350.0,29.016666666666666,54.3,10825,ROUTE_EXISTS,0,
2026-09-14T16:47:12.918101+00:00,2026-09-14T16:47:06.911508Z,2298,322.0,29.51666666666667,46.53333333333333,8482,ROUTE_EXISTS,0,
2026-09-14T16:47:12.918101+00:00,2026-09-14T16:47:06.911508Z,2323,96.0,29.099999999999998,35.7,8320,ROUTE_EXISTS,0,
2026-09-14T16:47:12.918101+00:00,2026-09-14T16:47:06.911508Z,1352,90.0,29.45833333333332,38.88333333333333,12014,ROUTE_EXISTS,0,
2026-09-14T16:47:12.918101+00:00,2026-09-14T16:47:06.911508Z,2863,336.0,29.483333333333327,21.733333333333334,4919,ROUTE_EXISTS,0,
2026-09-14T16:47:12.918101+00:00,2026-09-14T16:47:06.911508Z,2507,322.0,29.08333333333333,55.03333333333333,12126,ROUTE_EXISTS,0,
2026-09-14T16:47:12.918101+00:00,2026-09-14T16:47:06.911508Z,3501,163.0,28.600000000000005,49.46666666666667,8396,ROUTE_EXISTS,0,
2026-09-14T16:47:12.918101+00:00,2026-09-14T16:47:06.911508Z,3231,331.0,29.33333333333333,36.7,5591,ROUTE_EXISTS,0,
2026-09-14T16:47:13.422871+00:00,2026-09-14T16:47:06.911508Z,2238,322.0,29.78333333333333,37.016666666666666,8065,ROUTE_EXISTS,0,
2026-09-14T16:47:13.422871+00:00,2026-09-14T16:47:06.911508Z,3357,379.0,29.8,43.1,8467,ROUTE_EXISTS,0,
2026-09-14T16:47:13.422871+00:00,2026-09-14T16:47:06.911508Z,2907,351.0,29.850000000000005,60.8,12888,ROUTE_EXISTS,0,
2026-09-14T16:47:13.422871+00:00,2026-09-14T16:47:06.911508Z,2485,322.0,29.96666666666666,40.11666666666667,8536,ROUTE_EXISTS,0,
2026-09-14T16:47:13.422871+00:00,2026-09-14T16:47:06.911508Z,3727,129.0,29.79166666666666,38.18333333333333,7758,ROUTE_EXISTS,0,
2026-09-14T16:47:13.422871+00:00,2026-09-14T16:47:06.911508Z,4181,367.0,29.8,55.166666666666664,11650,ROUTE_EXISTS,0,
2026-09-14T16:47:13.422871+00:00,2026-09-14T16:47:06.911508Z,2227,245.0,29.716666666666672,46.833333333333336,7924,ROUTE_EXISTS,0,
2026-09-14T16:47:13.422871+00:00,2026-09-14T16:47:06.911508Z,2698,255.0,29.550000000000004,42.5,10620,ROUTE_EXISTS,0,
2026-09-14T16:47:13.422871+00:00,2026-09-14T16:47:06.911508Z,2728,255.0,29.61666666666667,52.11666666666667,13877,ROUTE_EXISTS,0,
2026-09-14T16:47:13.422871+00:00,2026-09-14T16:47:06.911508Z,1424,90.0,29.791666666666654,40.7,10625,ROUTE_EXISTS,0,
2026-09-14T16:47:13.422871+00:00,2026-09-14T16:47:06.911508Z,3408,316.0,29.549999999999997,50.68333333333333,10140,ROUTE_EXISTS,0,
2026-09-14T16:47:13.422871+00:00,2026-09-14T16:47:06.911508Z,2462,134.0,29.799999999999997,41.4,8376,ROUTE_EXISTS,0,
2026-09-14T16:47:13.422871+00:00,2026-09-14T16:47:06.911508Z,3650,233.0,29.65,54.38333333333333,11714,ROUTE_EXISTS,0,
2026-09-14T16:47:13.422871+00:00,2026-09-14T16:47:06.911508Z,2037,337.0,29.591666666666672,36.983333333333334,6998,ROUTE_EXISTS,0,
2026-09-14T16:47:13.422871+00:00,2026-09-14T16:47:06.911508Z,2166,163.0,29.56666666666667,46.833333333333336,7924,ROUTE_EXISTS,0,
2026-09-14T16:47:13.422871+00:00,2026-09-14T16:47:06.911508Z,3436,340.0,29.916666666666668,40.36666666666667,7425,ROUTE_EXISTS,0,
2026-09-14T16:47:13.422871+00:00,2026-09-14T16:47:06.911508Z,4130,376.0,29.783333333333335,40.166666666666664,8184,ROUTE_EXISTS,0,
2026-09-14T16:47:13.422871+00:00,2026-09-14T16:47:06.911508Z,2210,371.0,29.849999999999994,40.2,8560,ROUTE_EXISTS,0,
2026-09-14T16:47:13.422871+00:00,2026-09-14T16:47:06.911508Z,5148,342.0,29.700000000000006,18.6,1982,ROUTE_EXISTS,0,
2026-09-14T16:47:13.422871+00:00,2026-09-14T16:47:06.911508Z,2455,134.0,29.65,26.6,3876,ROUTE_EXISTS,0,
2026-09-14T16:47:13.422871+00:00,2026-09-14T16:47:06.911508Z,5184,326.0,29.73333333333333,45.21666666666667,8658,ROUTE_EXISTS,0,
2026-09-14T16:47:13.422871+00:00,2026-09-14T16:47:06.911508Z,1984,326.0,29.666666666666664,42.55,10105,ROUTE_EXISTS,0,
2026-09-14T16:47:13.422871+00:00,2026-09-14T16:47:06.911508Z,3370,349.0,29.950000000000003,57.95,12717,ROUTE_EXISTS,0,
2026-09-14T16:47:13.422871+00:00,2026-09-14T16:47:06.911508Z,3174,378.0,29.550000000000004,40.416666666666664,7628,ROUTE_EXISTS,0,
2026-09-14T16:47:13.422871+00:00,2026-09-14T16:47:06.911508Z,2740,128.0,29.86666666666667,62.13333333333333,15520,ROUTE_EXISTS,0,
2026-09-14T16:47:13.422871+00:00,2026-09-14T16:47:06.911508Z,2571,245.0,29.78333333333334,54.333333333333336,10173,ROUTE_EXISTS,0,
2026-09-14T16:47:13.422871+00:00,2026-09-14T16:47:06.911508Z,2468,134.0,29.616666666666664,45.06666666666667,11548,ROUTE_EXISTS,0,
2026-09-14T16:47:13.422871+00:00,2026-09-14T16:47:06.911508Z,3445,349.0,29.58333333333334,50.88333333333333,11078,ROUTE_EXISTS,0,
2026-09-14T16:47:13.422871+00:00,2026-09-14T16:47:06.911508Z,5096,353.0,29.583333333333332,35.416666666666664,5616,ROUTE_EXISTS,0,
2026-09-14T16:47:13.422871+00:00,2026-09-14T16:47:06.911508Z,2506,322.0,29.849999999999994,43.766666666666666,8997,ROUTE_EXISTS,0,
2026-09-14T16:47:13.422871+00:00,2026-09-14T16:47:06.911508Z,3045,321.0,29.8,32.766666666666666,6458,ROUTE_EXISTS,0,
2026-09-14T16:47:13.422871+00:00,2026-09-14T16:47:06.911508Z,3324,332.0,29.883333333333336,56.483333333333334,12015,ROUTE_EXISTS,0,
2026-09-14T16:47:13.422871+00:00,2026-09-14T16:47:06.911508Z,3343,396.0,29.58333333333333,41.31666666666667,8960,ROUTE_EXISTS,0,
2026-09-14T16:47:13.422871+00:00,2026-09-14T16:47:06.911508Z,3070,338.0,29.799999999999997,34.9,9330,ROUTE_EXISTS,0,
2026-09-14T16:47:13.422871+00:00,2026-09-14T16:47:06.911508Z,2990,372.0,29.966666666666672,60.916666666666664,12647,ROUTE_EXISTS,0,
2026-09-14T16:47:13.422871+00:00,2026-09-14T16:47:06.911508Z,3413,340.0,29.55,50.833333333333336,10513,ROUTE_EXISTS,0,
2026-09-14T16:47:13.422871+00:00,2026-09-14T16:47:06.911508Z,3278,396.0,29.833333333333336,41.56666666666667,9936,ROUTE_EXISTS,0,
2026-09-14T16:47:13.422871+00:00,2026-09-14T16:47:06.911508Z,2476,321.0,29.649999999999995,37.65,8718,ROUTE_EXISTS,0,
2026-09-14T16:47:13.422871+00:00,2026-09-14T16:47:06.911508Z,2370,326.0,29.55,51.06666666666667,15417,ROUTE_EXISTS,0,
2026-09-14T16:47:13.422871+00:00,2026-09-14T16:47:06.911508Z,3315,337.0,29.666666666666668,41.6,9604,ROUTE_EXISTS,0,
2026-09-14T16:47:13.422871+00:00,2026-09-14T16:47:06.911508Z,1419,95.0,29.949999999999996,65.46666666666667,15437,ROUTE_EXISTS,0,
2026-09-14T16:47:13.422871+00:00,2026-09-14T16:47:06.911508Z,2464,396.0,29.949999999999996,39.583333333333336,8827,ROUTE_EXISTS,0,
2026-09-14T16:47:13.422871+00:00,2026-09-14T16:47:06.911508Z,2413,98.0,29.974999999999994,30.433333333333334,6169,ROUTE_EXISTS,0,
