stop_id,tiempo_red_min,route_id_principal,route_short_name,num_transbordos,num_paradas_camino,num_rutas_camino,tipo_conexion,itinerario_route_ids,itinerario_rutas,paradas_transbordo,camino_stop_ids,rutas_por_segmento,penalizacion_transbordo_config_min,stop_name,stop_lat,stop_lon
ESTACION_CORREGIDORA_SUR,0.0,,,0,1,0,Destino,,,,"[""ESTACION_CORREGIDORA_SUR""]",[],5.0,Estación Corregidora (acceso sur),20.600611,-100.402184
3025,2.6320546338822166,CAMINATA,Caminata,0,2,0,Solo caminata,,,,"[""3025"", ""ESTACION_CORREGIDORA_SUR""]","[""CAMINATA""]",5.0,Estío/Calle Dr. Manuel Domínguez,20.599573,-100.400492
5200,4.425832427998967,CAMINATA,Caminata,0,2,0,Solo caminata,,,,"[""5200"", ""ESTACION_CORREGIDORA_SUR""]","[""CAMINATA""]",5.0,Calle Nicolás Bravo/Calle Primavera,20.599984539434,-100.39884877864
3263,4.837344582985146,CAMINATA,Caminata,0,2,0,Solo caminata,,,,"[""3263"", ""ESTACION_CORREGIDORA_SUR""]","[""CAMINATA""]",5.0,San Agustín del Retablo/Salvador Galván,20.59716437,-100.4026996
2316,5.075832427998967,345,C55,0,3,1,Directa,345,C55,,"[""2316"", ""5200"", ""ESTACION_CORREGIDORA_SUR""]","[""345"", ""CAMINATA""]",5.0,Calle Nicolás Bravo/Calle Segunda de Las Rosas,20.59813919,-100.3985727
5194,5.542499094665634,345,C55,0,4,1,Directa,345,C55,,"[""5194"", ""2316"", ""5200"", ""ESTACION_CORREGIDORA_SUR""]","[""345"", ""345"", ""CAMINATA""]",5.0,Av. Universidad/Calle Rafael Osuna,20.596931215598,-100.39921999251
2394,5.5591657613323004,344,C54,0,4,1,Directa,344,C54,,"[""2394"", ""2316"", ""5200"", ""ESTACION_CORREGIDORA_SUR""]","[""344"", ""344"", ""CAMINATA""]",5.0,Av. Universidad/Calle Nicolás Bravo,20.59797668,-100.3982517
5193,5.570852252439656,CAMINATA,Caminata,0,2,0,Solo caminata,,,,"[""5193"", ""ESTACION_CORREGIDORA_SUR""]","[""CAMINATA""]",5.0,San Agustín del Retablo/Estio,20.597155987139,-100.40001379128
5070,5.604011249651813,343,C53,0,3,1,Directa,343,C53,,"[""5070"", ""3263"", ""ESTACION_CORREGIDORA_SUR""]","[""343"", ""CAMINATA""]",5.0,San Agustín del Retablo,20.59737550726,-100.40484280263
2680,5.795790550820748,CAMINATA,Caminata,0,2,0,Solo caminata,,,,"[""2680"", ""ESTACION_CORREGIDORA_SUR""]","[""CAMINATA""]",5.0,Av. Universidad/Calle Ezequiel Montes,20.59689889,-100.4001549
2315,6.009165761332301,345,C55,0,5,1,Directa,345,C55,,"[""2315"", ""5194"", ""2316"", ""5200"", ""ESTACION_CORREGIDORA_SUR""]","[""345"", ""345"", ""345"", ""CAMINATA""]",5.0,Av. Universidad/San Andrés,20.59623573,-100.400419
3262,6.27067791631848,343,C53,0,4,1,Directa,343,C53,,"[""3262"", ""5070"", ""3263"", ""ESTACION_CORREGIDORA_SUR""]","[""343"", ""343"", ""CAMINATA""]",5.0,José Amilcar Vidal/San Agustín del Retablo,20.59778014,-100.4066642
3283,6.306147275660807,CAMINATA,Caminata,0,2,0,Solo caminata,,,,"[""3283"", ""ESTACION_CORREGIDORA_SUR""]","[""CAMINATA""]",5.0,José Amilcar Vidal/San Agustín del Retablo,20.59854242,-100.4064978
2393,6.792499094665634,344,C54,0,5,1,Directa,344,C54,,"[""2393"", ""2394"", ""2316"", ""5200"", ""ESTACION_CORREGIDORA_SUR""]","[""344"", ""344"", ""344"", ""CAMINATA""]",5.0,Av. Universidad/Calle Emiliano Carranza,20.59820852,-100.395666
2957,6.841223480366255,CAMINATA,Caminata,0,2,0,Solo caminata,,,,"[""2957"", ""ESTACION_CORREGIDORA_SUR""]","[""CAMINATA""]",5.0,Av. Universidad/Tecnológico Nacional de México Campus Ciidet,20.59613182,-100.4043636
2314,7.359165761332301,345,C55,0,6,1,Directa,345,C55,,"[""2314"", ""2315"", ""5194"", ""2316"", ""5200"", ""ESTACION_CORREGIDORA_SUR""]","[""345"", ""345"", ""345"", ""345"", ""CAMINATA""]",5.0,Av. Universidad/Itq,20.59573778,-100.4045384
2313,7.522813942327474,324,C33,0,3,1,Directa,324,C33,,"[""2313"", ""3283"", ""ESTACION_CORREGIDORA_SUR""]","[""324"", ""CAMINATA""]",5.0,Av. Tecnológico/Itq,20.59517201,-100.4067738
2552,7.724789611195202,345,C55,0,4,1,Directa,345,C55,,"[""2552"", ""2393"", ""2394"", ""ESTACION_CORREGIDORA_SUR""]","[""345"", ""345"", ""CAMINATA""]",5.0,Av. Universidad/Hospital Sagrado Corazón de Jesús,20.59905128,-100.393487
2064,7.808122944528535,319,C24,0,4,1,Directa,319,C24,,"[""2064"", ""2393"", ""2394"", ""ESTACION_CORREGIDORA_SUR""]","[""319"", ""319"", ""CAMINATA""]",5.0,Av. Corregidora Norte/Av. Universidad,20.599336576579,-100.39392597365
2342,7.900087865930798,CAMINATA,Caminata,0,2,0,Solo caminata,,,,"[""2342"", ""ESTACION_CORREGIDORA_SUR""]","[""CAMINATA""]",5.0,Ezequiel Montes/Mariano Escobedo,20.59558055,-100.3993576
3224,8.242499094665634,345,C55,0,7,1,Directa,345,C55,,"[""3224"", ""2314"", ""2315"", ""5194"", ""2316"", ""5200"", ""ESTACION_CORREGIDORA_SUR""]","[""345"", ""345"", ""345"", ""345"", ""345"", ""CAMINATA""]",5.0,Río Ayutla/Av. Tecnológico,20.59546946,-100.4072638
2312,8.522813942327474,324,C33,0,4,1,Directa,324,C33,,"[""2312"", ""2313"", ""3283"", ""ESTACION_CORREGIDORA_SUR""]","[""324"", ""324"", ""CAMINATA""]",5.0,Av. Tecnológico/Calle Mariano Escobedo,20.592562,-100.405659
3538,8.53948060899414,348,C60,0,3,1,Directa,348,C60,,"[""3538"", ""3283"", ""ESTACION_CORREGIDORA_SUR""]","[""348"", ""CAMINATA""]",5.0,Calle Gabino Barreda/Uaq Centro Universitario,20.5951945,-100.4105692
2956,8.791456277861869,345,C55,0,5,1,Directa,345,C55,,"[""2956"", ""2552"", ""2393"", ""2394"", ""ESTACION_CORREGIDORA_SUR""]","[""345"", ""345"", ""345"", ""CAMINATA""]",5.0,Av. Universidad/Calle Ignacio López Rayón,20.59876706,-100.3897758
3726,9.117280362571565,355,C69,0,4,1,Directa,355,C69,,"[""3726"", ""3224"", ""2314"", ""ESTACION_CORREGIDORA_SUR""]","[""355"", ""355"", ""CAMINATA""]",5.0,Río Ayutla/Calle la Piedad,20.59611074,-100.409955
2311,9.222813942327473,324,C33,0,5,1,Directa,324,C33,,"[""2311"", ""2312"", ""2313"", ""3283"", ""ESTACION_CORREGIDORA_SUR""]","[""324"", ""324"", ""324"", ""CAMINATA""]",5.0,Av Tecnológico/Miguel Hidalgo,20.590732462797,-100.40488505147
2681,9.38099726802928,CAMINATA,Caminata,0,2,0,Solo caminata,,,,"[""2681"", ""ESTACION_CORREGIDORA_SUR""]","[""CAMINATA""]",5.0,Av. Universidad/Prol. Tecnológico Norte,20.59602337,-100.4074724
3223,9.500613695904898,355,C69,0,5,1,Directa,355,C69,,"[""3223"", ""3726"", ""3224"", ""2314"", ""ESTACION_CORREGIDORA_SUR""]","[""355"", ""355"", ""355"", ""CAMINATA""]",5.0,Río Ayutla/Calle la Piedad,20.59602873,-100.4112172
2378,9.587311515878834,CAMINATA,Caminata,0,2,0,Solo caminata,,,,"[""2378"", ""ESTACION_CORREGIDORA_SUR""]","[""CAMINATA""]",5.0,Av. Universidad/Auditorio Arteaga,20.59772505,-100.3954912
3572,9.850613695904899,333,C42,0,6,1,Directa,333,C42,,"[""3572"", ""2311"", ""2312"", ""2313"", ""2314"", ""ESTACION_CORREGIDORA_SUR""]","[""333"", ""333"", ""333"", ""333"", ""CAMINATA""]",5.0,Hidalgo/Av. Tecnológico,20.59018432,-100.4055537
2551,9.891456277861868,345,C55,0,6,1,Directa,345,C55,,"[""2551"", ""2956"", ""2552"", ""2393"", ""2394"", ""ESTACION_CORREGIDORA_SUR""]","[""345"", ""345"", ""345"", ""345"", ""CAMINATA""]",5.0,Av. Universidad/Universidad Marista,20.60056589,-100.3864768
3222,10.122813942327474,348,C60,0,4,1,Directa,348,C60,,"[""3222"", ""3538"", ""3283"", ""ESTACION_CORREGIDORA_SUR""]","[""348"", ""348"", ""CAMINATA""]",5.0,Río Ayutla/Plaza del Mariachi,20.59518524,-100.4143937
2310,10.433947029238233,319,C24,0,6,1,Directa,319,C24,,"[""2310"", ""2311"", ""2312"", ""2313"", ""2314"", ""ESTACION_CORREGIDORA_SUR""]","[""319"", ""319"", ""319"", ""319"", ""CAMINATA""]",5.0,Av. Tecnológico/José María Pino Suarez,20.587451669693,-100.40336165095
2550,10.69145627786187,345,C55,0,7,1,Directa,345,C55,,"[""2550"", ""2551"", ""2956"", ""2552"", ""2393"", ""2394"", ""ESTACION_CORREGIDORA_SUR""]","[""345"", ""345"", ""345"", ""345"", ""345"", ""CAMINATA""]",5.0,Av. Universidad/Escuela Normal,20.60142299,-100.3838546
3237,10.756147275660807,348,C60,0,5,1,Directa,348,C60,,"[""3237"", ""3222"", ""3538"", ""3283"", ""ESTACION_CORREGIDORA_SUR""]","[""348"", ""348"", ""348"", ""CAMINATA""]",5.0,Carr. Al Campo Militar/Paseo 5 de Febrero,20.595094188005,-100.41592969344
3571,10.800613695904898,333,C42,0,7,1,Directa,333,C42,,"[""3571"", ""3572"", ""2311"", ""2312"", ""2313"", ""2314"", ""ESTACION_CORREGIDORA_SUR""]","[""333"", ""333"", ""333"", ""333"", ""333"", ""CAMINATA""]",5.0,Hidalgo/Monumento A Los Niños Héroes de Chapultepec,20.58926442,-100.4086763
2981,10.817280362571564,355,C69,0,7,1,Directa,355,C69,,"[""2981"", ""3222"", ""3223"", ""3726"", ""3224"", ""2314"", ""ESTACION_CORREGIDORA_SUR""]","[""355"", ""355"", ""355"", ""355"", ""355"", ""CAMINATA""]",5.0,Río Querétaro,20.59583114,-100.4151744
4241,10.933947029238233,319,C24,0,7,1,Directa,319,C24,,"[""4241"", ""2310"", ""2311"", ""2312"", ""2313"", ""2314"", ""ESTACION_CORREGIDORA_SUR""]","[""319"", ""319"", ""319"", ""319"", ""319"", ""CAMINATA""]",5.0,Av. Tecnológico/José María Arteaga,20.585878216212,-100.40264045185
1921,11.4006136959049,319,C24,0,8,1,Directa,319,C24,,"[""1921"", ""4241"", ""2310"", ""2311"", ""2312"", ""2313"", ""2314"", ""ESTACION_CORREGIDORA_SUR""]","[""319"", ""319"", ""319"", ""319"", ""319"", ""319"", ""CAMINATA""]",5.0,Avenida Ignacio Zaragoza/Comercial Mexicana,20.5853,-100.401
3570,11.500613695904898,333,C42,0,8,1,Directa,333,C42,,"[""3570"", ""3571"", ""3572"", ""2311"", ""2312"", ""2313"", ""2314"", ""ESTACION_CORREGIDORA_SUR""]","[""333"", ""333"", ""333"", ""333"", ""333"", ""333"", ""CAMINATA""]",5.0,Calle Francisco Márquez/Calle Juan Escutia,20.5870714,-100.40915
2955,11.558122944528535,349,C61,0,7,1,Directa,349,C61,,"[""2955"", ""2551"", ""2956"", ""2552"", ""2393"", ""2394"", ""ESTACION_CORREGIDORA_SUR""]","[""349"", ""349"", ""349"", ""349"", ""349"", ""CAMINATA""]",5.0,Calle 15 de Mayo/Calle Damián Carmona,20.59791629,-100.3846781
2558,12.141456277861868,349,C61,0,8,1,Directa,349,C61,,"[""2558"", ""2955"", ""2551"", ""2956"", ""2552"", ""2393"", ""2394"", ""ESTACION_CORREGIDORA_SUR""]","[""349"", ""349"", ""349"", ""349"", ""349"", ""349"", ""CAMINATA""]",5.0,Manuel Gutiérrez Nájera/Waldos,20.597879647899,-100.38642251324
4253,12.142499094665634,345,C55,0,12,1,Directa,345,C55,,"[""4253"", ""3237"", ""3222"", ""3223"", ""3726"", ""3224"", ""2314"", ""2315"", ""5194"", ""2316"", ""5200"", ""ESTACION_CORREGIDORA_SUR""]","[""345"", ""345"", ""345"", ""345"", ""345"", ""345"", ""345"", ""345"", ""345"", ""345"", ""CAMINATA""]",5.0,Carr. Campo Militar/Querétaro Park Iii,20.594869630356,-100.41906071024
3682,12.567280362571564,355,C69,0,8,1,Directa,355,C69,,"[""3682"", ""2981"", ""3222"", ""3223"", ""3726"", ""3224"", ""2314"", ""ESTACION_CORREGIDORA_SUR""]","[""355"", ""355"", ""355"", ""355"", ""355"", ""355"", ""CAMINATA""]",5.0,Río Ayutla/Calle la Piedad,20.59650277,-100.4087533
3297,12.767280362571563,97,C22,0,8,1,Directa,97,C22,,"[""3297"", ""4241"", ""2310"", ""2311"", ""2312"", ""2313"", ""2314"", ""ESTACION_CORREGIDORA_SUR""]","[""97"", ""97"", ""97"", ""97"", ""97"", ""97"", ""CAMINATA""]",5.0,Av. Tecnológico/Fernando Loyola,20.58323779,-100.4009753
1920,12.8006136959049,319,C24,0,9,1,Directa,319,C24,,"[""1920"", ""1921"", ""4241"", ""2310"", ""2311"", ""2312"", ""2313"", ""2314"", ""ESTACION_CORREGIDORA_SUR""]","[""319"", ""319"", ""319"", ""319"", ""319"", ""319"", ""319"", ""CAMINATA""]",5.0,Santa Rosa de Viterbo,20.587017932931,-100.39606674584
2964,12.808122944528536,345,C55,0,8,1,Directa,345,C55,,"[""2964"", ""2550"", ""2551"", ""2956"", ""2552"", ""2393"", ""2394"", ""ESTACION_CORREGIDORA_SUR""]","[""345"", ""345"", ""345"", ""345"", ""345"", ""345"", ""CAMINATA""]",5.0,Blvd. Bernardo Quintana/Av. Universidad,20.60125358,-100.376461
2557,12.891456277861868,349,C61,0,9,1,Directa,349,C61,,"[""2557"", ""2558"", ""2955"", ""2551"", ""2956"", ""2552"", ""2393"", ""2394"", ""ESTACION_CORREGIDORA_SUR""]","[""349"", ""349"", ""349"", ""349"", ""349"", ""349"", ""349"", ""CAMINATA""]",5.0,Av. Universidad/Manuel Gutiérrez Nájera,20.59982031,-100.3868995
3282,12.972813942327473,348,C60,0,6,1,Directa,348,C60,,"[""3282"", ""3237"", ""3222"", ""3538"", ""3283"", ""ESTACION_CORREGIDORA_SUR""]","[""348"", ""348"", ""348"", ""348"", ""CAMINATA""]",5.0,Benito Juárez/Uo Querétaro,20.59813916795,-100.42021550797
1919,13.583947029238233,319,C24,0,10,1,Directa,319,C24,,"[""1919"", ""1920"", ""1921"", ""4241"", ""2310"", ""2311"", ""2312"", ""2313"", ""2314"", ""ESTACION_CORREGIDORA_SUR""]","[""319"", ""319"", ""319"", ""319"", ""319"", ""319"", ""319"", ""319"", ""CAMINATA""]",5.0,Vicente Guerrero,20.587914,-100.393329
2537,13.614330601362612,325,C34,0,10,1,Directa,325,C34,,"[""2537"", ""1920"", ""1921"", ""4241"", ""2310"", ""2311"", ""2312"", ""2313"", ""2681"", ""ESTACION_CORREGIDORA_SUR""]","[""325"", ""325"", ""325"", ""325"", ""325"", ""325"", ""325"", ""325"", ""CAMINATA""]",5.0,Calle Melchor Ocampo/Colegio Salesiano,20.58695224,-100.3949721
2201,13.717275783703966,338,C48,0,7,1,Directa,338,C48,,"[""2201"", ""4241"", ""2310"", ""2311"", ""2312"", ""2313"", ""ESTACION_CORREGIDORA_SUR""]","[""338"", ""338"", ""338"", ""338"", ""338"", ""CAMINATA""]",5.0,Ignacio Zaragoza/Imss,20.583093496308,-100.40575894032
1434,14.35894702923823,97,C22,0,9,1,Directa,97,C22,,"[""1434"", ""3297"", ""4241"", ""2310"", ""2311"", ""2312"", ""2313"", ""2314"", ""ESTACION_CORREGIDORA_SUR""]","[""97"", ""97"", ""97"", ""97"", ""97"", ""97"", ""97"", ""CAMINATA""]",5.0,Constitución de 1917,20.578685986011,-100.40069151785
1438,14.447663934695946,325,C34,0,11,1,Directa,325,C34,,"[""1438"", ""2537"", ""1920"", ""1921"", ""4241"", ""2310"", ""2311"", ""2312"", ""2313"", ""2681"", ""ESTACION_CORREGIDORA_SUR""]","[""325"", ""325"", ""325"", ""325"", ""325"", ""325"", ""325"", ""325"", ""325"", ""CAMINATA""]",5.0,Escobedo,20.584872921105,-100.3917267937
2309,14.617280362571567,319,C24,0,11,1,Directa,319,C24,,"[""2309"", ""1919"", ""1920"", ""1921"", ""4241"", ""2310"", ""2311"", ""2312"", ""2313"", ""2314"", ""ESTACION_CORREGIDORA_SUR""]","[""319"", ""319"", ""319"", ""319"", ""319"", ""319"", ""319"", ""319"", ""319"", ""CAMINATA""]",5.0,Alameda/Corregidora,20.587935805543,-100.38947399082
2556,14.624789611195201,349,C61,0,10,1,Directa,349,C61,,"[""2556"", ""2557"", ""2558"", ""2955"", ""2551"", ""2956"", ""2552"", ""2393"", ""2394"", ""ESTACION_CORREGIDORA_SUR""]","[""349"", ""349"", ""349"", ""349"", ""349"", ""349"", ""349"", ""349"", ""CAMINATA""]",5.0,Av. Universidad/Notaria 17,20.59826924,-100.3916237
2031,15.350613695904899,319,C24,0,12,1,Directa,319,C24,,"[""2031"", ""2309"", ""1919"", ""1920"", ""1921"", ""4241"", ""2310"", ""2311"", ""2312"", ""2313"", ""2314"", ""ESTACION_CORREGIDORA_SUR""]","[""319"", ""319"", ""319"", ""319"", ""319"", ""319"", ""319"", ""319"", ""319"", ""319"", ""CAMINATA""]",5.0,Avenida Corregidora/Avenida Constituyentes,20.585538725373,-100.38853402681
1439,15.53099726802928,325,C34,0,12,1,Directa,325,C34,,"[""1439"", ""1438"", ""2537"", ""1920"", ""1921"", ""4241"", ""2310"", ""2311"", ""2312"", ""2313"", ""2681"", ""ESTACION_CORREGIDORA_SUR""]","[""325"", ""325"", ""325"", ""325"", ""325"", ""325"", ""325"", ""325"", ""325"", ""325"", ""CAMINATA""]",5.0,Alameda,20.586623063708,-100.3869311369
1766,15.667280362571564,333,C42,0,12,1,Directa,333,C42,,"[""1766"", ""2201"", ""4241"", ""2310"", ""3570"", ""3571"", ""3572"", ""2311"", ""2312"", ""2313"", ""2314"", ""ESTACION_CORREGIDORA_SUR""]","[""333"", ""333"", ""333"", ""333"", ""333"", ""333"", ""333"", ""333"", ""333"", ""333"", ""CAMINATA""]",5.0,Prol. Zaragoza/Paseo 5 de Febrero,20.58138467,-100.4074439
2030,16.08394702923823,319,C24,0,13,1,Directa,319,C24,,"[""2030"", ""2031"", ""2309"", ""1919"", ""1920"", ""1921"", ""4241"", ""2310"", ""2311"", ""2312"", ""2313"", ""2314"", ""ESTACION_CORREGIDORA_SUR""]","[""319"", ""319"", ""319"", ""319"", ""319"", ""319"", ""319"", ""319"", ""319"", ""319"", ""319"", ""CAMINATA""]",5.0,Prol. Corregidora Sur/ C. Wenceslao Sánchez,20.5831303,-100.3876044
1918,16.406147275660807,324,C33,0,11,1,Directa,324,C33,,"[""1918"", ""1919"", ""1920"", ""1921"", ""4241"", ""2310"", ""2311"", ""2312"", ""2313"", ""3283"", ""ESTACION_CORREGIDORA_SUR""]","[""324"", ""324"", ""324"", ""324"", ""324"", ""324"", ""324"", ""324"", ""324"", ""CAMINATA""]",5.0,Vergara,20.58979,-100.38781
1469,16.43099726802928,325,C34,0,13,1,Directa,325,C34,,"[""1469"", ""1439"", ""1438"", ""2537"", ""1920"", ""1921"", ""4241"", ""2310"", ""2311"", ""2312"", ""2313"", ""2681"", ""ESTACION_CORREGIDORA_SUR""]","[""325"", ""325"", ""325"", ""325"", ""325"", ""325"", ""325"", ""325"", ""325"", ""325"", ""325"", ""CAMINATA""]",5.0,San Francisquito,20.586617,-100.382653
2672,16.817275783703966,338,C48,0,8,1,Directa,338,C48,,"[""2672"", ""2201"", ""4241"", ""2310"", ""2311"", ""2312"", ""2313"", ""ESTACION_CORREGIDORA_SUR""]","[""338"", ""338"", ""338"", ""338"", ""338"", ""338"", ""CAMINATA""]",5.0,Blvd. de Las Américas/Costa Rica,20.57240213,-100.4047726
2029,16.83394702923823,319,C24,0,14,1,Directa,319,C24,,"[""2029"", ""2030"", ""2031"", ""2309"", ""1919"", ""1920"", ""1921"", ""4241"", ""2310"", ""2311"", ""2312"", ""2313"", ""2314"", ""ESTACION_CORREGIDORA_SUR""]","[""319"", ""319"", ""319"", ""319"", ""319"", ""319"", ""319"", ""319"", ""319"", ""319"", ""319"", ""319"", ""CAMINATA""]",5.0,Corregidora/Fray F. Galindo,20.5806849,-100.3866671
1765,16.850613695904897,333,C42,0,13,1,Directa,333,C42,,"[""1765"", ""1766"", ""2201"", ""4241"", ""2310"", ""3570"", ""3571"", ""3572"", ""2311"", ""2312"", ""2313"", ""2314"", ""ESTACION_CORREGIDORA_SUR""]","[""333"", ""333"", ""333"", ""333"", ""333"", ""333"", ""333"", ""333"", ""333"", ""333"", ""333"", ""CAMINATA""]",5.0,Prol. Zaragoza/Odontología Uaq,20.58013267,-100.411317
1433,16.90894702923823,97,C22,0,10,1,Directa,97,C22,,"[""1433"", ""1434"", ""3297"", ""4241"", ""2310"", ""2311"", ""2312"", ""2313"", ""2314"", ""ESTACION_CORREGIDORA_SUR""]","[""97"", ""97"", ""97"", ""97"", ""97"", ""97"", ""97"", ""97"", ""CAMINATA""]",5.0,Plaza de Toros,20.572864944686,-100.40545758225
1437,16.950609117037303,355,C69,0,11,1,Directa,355,C69,,"[""1437"", ""1438"", ""2537"", ""1920"", ""1921"", ""4241"", ""2310"", ""2311"", ""2312"", ""2313"", ""ESTACION_CORREGIDORA_SUR""]","[""355"", ""355"", ""355"", ""355"", ""355"", ""355"", ""355"", ""355"", ""355"", ""CAMINATA""]",5.0,Ezequiel Montes,20.583615,-100.395037
2549,17.024789611195203,326,C35,1,8,2,Con transbordo,326 → 345,C35 → C55,Av. Universidad/Escuela Normal,"[""2549"", ""2550"", ""2551"", ""2956"", ""2552"", ""2393"", ""2394"", ""ESTACION_CORREGIDORA_SUR""]","[""326"", ""345"", ""345"", ""345"", ""345"", ""345"", ""CAMINATA""]",5.0,Calle Mariano Arista/Priv. del Sol,20.598408152958,-100.38099663743
2980,17.050613695904897,255,T11,1,8,2,Con transbordo,255 → 355,T11 → C69,Río Querétaro,"[""2980"", ""2981"", ""3222"", ""3223"", ""3726"", ""3224"", ""2314"", ""ESTACION_CORREGIDORA_SUR""]","[""255"", ""355"", ""355"", ""355"", ""355"", ""355"", ""CAMINATA""]",5.0,Universidad,20.59025185,-100.4135882
1764,17.267280362571565,333,C42,0,14,1,Directa,333,C42,,"[""1764"", ""1765"", ""1766"", ""2201"", ""4241"", ""2310"", ""3570"", ""3571"", ""3572"", ""2311"", ""2312"", ""2313"", ""2314"", ""ESTACION_CORREGIDORA_SUR""]","[""333"", ""333"", ""333"", ""333"", ""333"", ""333"", ""333"", ""333"", ""333"", ""333"", ""333"", ""333"", ""CAMINATA""]",5.0,Prol. Zaragoza/City Club,20.579773047757,-100.41271130433
1879,17.322813942327475,324,C33,0,12,1,Directa,324,C33,,"[""1879"", ""1918"", ""1919"", ""1920"", ""1921"", ""4241"", ""2310"", ""2311"", ""2312"", ""2313"", ""3283"", ""ESTACION_CORREGIDORA_SUR""]","[""324"", ""324"", ""324"", ""324"", ""324"", ""324"", ""324"", ""324"", ""324"", ""324"", ""CAMINATA""]",5.0,Ignacio Zaragoza/Dr. Lucio,20.590734003313,-100.38526826234
2028,17.467280362571564,319,C24,0,15,1,Directa,319,C24,,"[""2028"", ""2029"", ""2030"", ""2031"", ""2309"", ""1919"", ""1920"", ""1921"", ""4241"", ""2310"", ""2311"", ""2312"", ""2313"", ""2314"", ""ESTACION_CORREGIDORA_SUR""]","[""319"", ""319"", ""319"", ""319"", ""319"", ""319"", ""319"", ""319"", ""319"", ""319"", ""319"", ""319"", ""319"", ""CAMINATA""]",5.0,Corregidora Sur/José Sotelo,20.578618858421,-100.38583872773
1470,17.647663934695945,325,C34,0,14,1,Directa,325,C34,,"[""1470"", ""1469"", ""1439"", ""1438"", ""2537"", ""1920"", ""1921"", ""4241"", ""2310"", ""2311"", ""2312"", ""2313"", ""2681"", ""ESTACION_CORREGIDORA_SUR""]","[""325"", ""325"", ""325"", ""325"", ""325"", ""325"", ""325"", ""325"", ""325"", ""325"", ""325"", ""325"", ""CAMINATA""]",5.0,Auditorio,20.586777,-100.376851
2548,17.741456277861868,326,C35,1,9,2,Con transbordo,326 → 345,C35 → C55,Av. Universidad/Escuela Normal,"[""2548"", ""2549"", ""2550"", ""2551"", ""2956"", ""2552"", ""2393"", ""2394"", ""ESTACION_CORREGIDORA_SUR""]","[""326"", ""326"", ""345"", ""345"", ""345"", ""345"", ""345"", ""CAMINATA""]",5.0,Av. Circunvalación/Parque Jardines de Querétaro,20.596219523095,-100.38087332724
2979,17.76728036257156,255,T11,1,9,2,Con transbordo,255 → 355,T11 → C69,Río Querétaro,"[""2979"", ""2980"", ""2981"", ""3222"", ""3223"", ""3726"", ""3224"", ""2314"", ""ESTACION_CORREGIDORA_SUR""]","[""255"", ""255"", ""355"", ""355"", ""355"", ""355"", ""355"", ""CAMINATA""]",5.0,Tlacote,20.58706617,-100.4125469
4430,17.78394702923823,333,C42,0,15,1,Directa,333,C42,,"[""4430"", ""1764"", ""1765"", ""1766"", ""2201"", ""4241"", ""2310"", ""3570"", ""3571"", ""3572"", ""2311"", ""2312"", ""2313"", ""2314"", ""ESTACION_CORREGIDORA_SUR""]","[""333"", ""333"", ""333"", ""333"", ""333"", ""333"", ""333"", ""333"", ""333"", ""333"", ""333"", ""333"", ""333"", ""CAMINATA""]",5.0,Av. Prol. Zaragoza/Av. Hilario Frías y Soto,20.579435424622,-100.4144223002
2345,17.867280362571567,336,C46,1,9,2,Con transbordo,336 → 319,C46 → C24,Avenida Ignacio Zaragoza/Comercial Mexicana,"[""2345"", ""1921"", ""4241"", ""2310"", ""2311"", ""2312"", ""2313"", ""2314"", ""ESTACION_CORREGIDORA_SUR""]","[""336"", ""319"", ""319"", ""319"", ""319"", ""319"", ""319"", ""CAMINATA""]",5.0,Ezequiel Montes/Templo de Santa Rosa de Viterbo,20.58757724,-100.3968362
2308,18.367280362571563,319,C24,0,16,1,Directa,319,C24,,"[""2308"", ""2028"", ""2029"", ""2030"", ""2031"", ""2309"", ""1919"", ""1920"", ""1921"", ""4241"", ""2310"", ""2311"", ""2312"", ""2313"", ""2314"", ""ESTACION_CORREGIDORA_SUR""]","[""319"", ""319"", ""319"", ""319"", ""319"", ""319"", ""319"", ""319"", ""319"", ""319"", ""319"", ""319"", ""319"", ""319"", ""CAMINATA""]",5.0,Corregidora/Luis M Vega y Monroy,20.575667879351,-100.38470466348
1432,18.392280362571565,97,C22,0,11,1,Directa,97,C22,,"[""1432"", ""1433"", ""1434"", ""3297"", ""4241"", ""2310"", ""2311"", ""2312"", ""2313"", ""2314"", ""ESTACION_CORREGIDORA_SUR""]","[""97"", ""97"", ""97"", ""97"", ""97"", ""97"", ""97"", ""97"", ""97"", ""CAMINATA""]",5.0,Jardines,20.569495072147,-100.40824828897
1471,18.530997268029278,325,C34,0,15,1,Directa,325,C34,,"[""1471"", ""1470"", ""1469"", ""1439"", ""1438"", ""2537"", ""1920"", ""1921"", ""4241"", ""2310"", ""2311"", ""2312"", ""2313"", ""2681"", ""ESTACION_CORREGIDORA_SUR""]","[""325"", ""325"", ""325"", ""325"", ""325"", ""325"", ""325"", ""325"", ""325"", ""325"", ""325"", ""325"", ""325"", ""CAMINATA""]",5.0,Ejercito Republicano,20.587451,-100.372731
1881,18.58948060899414,324,C33,0,13,1,Directa,324,C33,,"[""1881"", ""1879"", ""1918"", ""1919"", ""1920"", ""1921"", ""4241"", ""2310"", ""2311"", ""2312"", ""2313"", ""3283"", ""ESTACION_CORREGIDORA_SUR""]","[""324"", ""324"", ""324"", ""324"", ""324"", ""324"", ""324"", ""324"", ""324"", ""324"", ""324"", ""CAMINATA""]",5.0,Ignacio Zaragoza/Insurgentes Queretanos,20.5915098,-100.3815527
2344,18.683947029238233,336,C46,1,10,2,Con transbordo,336 → 319,C46 → C24,Avenida Ignacio Zaragoza/Comercial Mexicana,"[""2344"", ""2345"", ""1921"", ""4241"", ""2310"", ""2311"", ""2312"", ""2313"", ""2314"", ""ESTACION_CORREGIDORA_SUR""]","[""336"", ""336"", ""319"", ""319"", ""319"", ""319"", ""319"", ""319"", ""CAMINATA""]",5.0,Ezequiel Montes/Calle Francisco I. Madero,20.58997654,-100.3975753
2602,18.717280362571564,353,C65,0,9,1,Directa,353,C65,,"[""2602"", ""4253"", ""3237"", ""3222"", ""3223"", ""3726"", ""3224"", ""2314"", ""ESTACION_CORREGIDORA_SUR""]","[""353"", ""353"", ""353"", ""353"", ""353"", ""353"", ""353"", ""CAMINATA""]",5.0,Calle Hacienda San Juan/Calle Oceáno Indico,20.5944155,-100.4249161
5180,18.8506091170373,338,C48,0,9,1,Directa,338,C48,,"[""5180"", ""2672"", ""2201"", ""4241"", ""2310"", ""2311"", ""2312"", ""2313"", ""ESTACION_CORREGIDORA_SUR""]","[""338"", ""338"", ""338"", ""338"", ""338"", ""338"", ""338"", ""CAMINATA""]",5.0,Calle 59/Av. 12,20.566902864663,-100.40007070857
1440,18.967280362571564,360,L152,1,9,2,Con transbordo,360 → 97,L152 → C22,Av. Tecnológico/Fernando Loyola,"[""1440"", ""3297"", ""4241"", ""2310"", ""2311"", ""2312"", ""2313"", ""2314"", ""ESTACION_CORREGIDORA_SUR""]","[""360"", ""97"", ""97"", ""97"", ""97"", ""97"", ""97"", ""CAMINATA""]",5.0,Tecnológico,20.581211619986,-100.39867608739
2451,19.030997268029278,325,C34,0,16,1,Directa,325,C34,,"[""2451"", ""1471"", ""1470"", ""1469"", ""1439"", ""1438"", ""2537"", ""1920"", ""1921"", ""4241"", ""2310"", ""2311"", ""2312"", ""2313"", ""2681"", ""ESTACION_CORREGIDORA_SUR""]","[""325"", ""325"", ""325"", ""325"", ""325"", ""325"", ""325"", ""325"", ""325"", ""325"", ""325"", ""325"", ""325"", ""325"", ""CAMINATA""]",5.0,Av. Cimatario/Constituyentes,20.586619722597,-100.37492801215
2856,19.03394702923823,341,C51,0,12,1,Directa,341,C51,,"[""2856"", ""1918"", ""1919"", ""1920"", ""1921"", ""4241"", ""2310"", ""2311"", ""2312"", ""2313"", ""2314"", ""ESTACION_CORREGIDORA_SUR""]","[""341"", ""341"", ""341"", ""341"", ""341"", ""341"", ""341"", ""341"", ""341"", ""341"", ""CAMINATA""]",5.0,Av. Luis Pasteur Sur/Calle Jalisco,20.58799221,-100.3860359
2547,19.0747896111952,326,C35,1,10,2,Con transbordo,326 → 345,C35 → C55,Av. Universidad/Escuela Normal,"[""2547"", ""2548"", ""2549"", ""2550"", ""2551"", ""2956"", ""2552"", ""2393"", ""2394"", ""ESTACION_CORREGIDORA_SUR""]","[""326"", ""326"", ""326"", ""345"", ""345"", ""345"", ""345"", ""345"", ""CAMINATA""]",5.0,Calle Independencia/Calz. de Los Arcos,20.592860095958,-100.37846466122
2978,19.233947029238227,255,T11,1,10,2,Con transbordo,255 → 355,T11 → C69,Río Querétaro,"[""2978"", ""2979"", ""2980"", ""2981"", ""3222"", ""3223"", ""3726"", ""3224"", ""2314"", ""ESTACION_CORREGIDORA_SUR""]","[""255"", ""255"", ""255"", ""355"", ""355"", ""355"", ""355"", ""355"", ""CAMINATA""]",5.0,Zaragoza,20.58210462,-100.4075288
1472,19.280997268029278,325,C34,0,16,1,Directa,325,C34,,"[""1472"", ""1471"", ""1470"", ""1469"", ""1439"", ""1438"", ""2537"", ""1920"", ""1921"", ""4241"", ""2310"", ""2311"", ""2312"", ""2313"", ""2681"", ""ESTACION_CORREGIDORA_SUR""]","[""325"", ""325"", ""325"", ""325"", ""325"", ""325"", ""325"", ""325"", ""325"", ""325"", ""325"", ""325"", ""325"", ""325"", ""CAMINATA""]",5.0,Carretas,20.588051,-100.369241
3569,19.300613695904897,333,C42,0,16,1,Directa,333,C42,,"[""3569"", ""4430"", ""1764"", ""1765"", ""1766"", ""2201"", ""4241"", ""2310"", ""3570"", ""3571"", ""3572"", ""2311"", ""2312"", ""2313"", ""2314"", ""ESTACION_CORREGIDORA_SUR""]","[""333"", ""333"", ""333"", ""333"", ""333"", ""333"", ""333"", ""333"", ""333"", ""333"", ""333"", ""333"", ""333"", ""333"", ""CAMINATA""]",5.0,Prol. Pino Suárez/Del Pueblito,20.5826702,-100.4184031
2343,19.517280362571565,336,C46,1,11,2,Con transbordo,336 → 319,C46 → C24,Avenida Ignacio Zaragoza/Comercial Mexicana,"[""2343"", ""2344"", ""2345"", ""1921"", ""4241"", ""2310"", ""2311"", ""2312"", ""2313"", ""2314"", ""ESTACION_CORREGIDORA_SUR""]","[""336"", ""336"", ""336"", ""319"", ""319"", ""319"", ""319"", ""319"", ""319"", ""CAMINATA""]",5.0,Av. Universidad/Hidalgo,20.59240038,-100.3983805
2453,19.6247896111952,326,C35,1,11,2,Con transbordo,326 → 345,C35 → C55,Av. Universidad/Escuela Normal,"[""2453"", ""2547"", ""2548"", ""2549"", ""2550"", ""2551"", ""2956"", ""2552"", ""2393"", ""2394"", ""ESTACION_CORREGIDORA_SUR""]","[""326"", ""326"", ""326"", ""326"", ""345"", ""345"", ""345"", ""345"", ""345"", ""CAMINATA""]",5.0,Independencia/Capuchinas,20.591751165759,-100.37717618681
2419,19.700609117037303,338,C48,0,10,1,Directa,338,C48,,"[""2419"", ""5180"", ""2672"", ""2201"", ""4241"", ""2310"", ""2311"", ""2312"", ""2313"", ""ESTACION_CORREGIDORA_SUR""]","[""338"", ""338"", ""338"", ""338"", ""338"", ""338"", ""338"", ""338"", ""CAMINATA""]",5.0,Blvd. de Las Américas/Calle José Ma. Lozano,20.56395233,-100.4000577
3236,19.800613695904897,353,C65,0,10,1,Directa,353,C65,,"[""3236"", ""2602"", ""4253"", ""3237"", ""3222"", ""3223"", ""3726"", ""3224"", ""2314"", ""ESTACION_CORREGIDORA_SUR""]","[""353"", ""353"", ""353"", ""353"", ""353"", ""353"", ""353"", ""353"", ""CAMINATA""]",5.0,Hacienda San José/Calle Mar de Tazmania,20.59443112,-100.4268955
2450,19.847663934695944,325,C34,0,17,1,Directa,325,C34,,"[""2450"", ""2451"", ""1471"", ""1470"", ""1469"", ""1439"", ""1438"", ""2537"", ""1920"", ""1921"", ""4241"", ""2310"", ""2311"", ""2312"", ""2313"", ""2681"", ""ESTACION_CORREGIDORA_SUR""]","[""325"", ""325"", ""325"", ""325"", ""325"", ""325"", ""325"", ""325"", ""325"", ""325"", ""325"", ""325"", ""325"", ""325"", ""325"", ""CAMINATA""]",5.0,Av Cimatario/Ingenieros,20.5830514,-100.3742962
2195,19.967280362571564,356,L108,1,8,2,Con transbordo,356 → 333,L108 → C42,Hidalgo/Monumento A Los Niños Héroes de Chapultepec,"[""2195"", ""3571"", ""3572"", ""2311"", ""2312"", ""2313"", ""2314"", ""ESTACION_CORREGIDORA_SUR""]","[""356"", ""333"", ""333"", ""333"", ""333"", ""333"", ""CAMINATA""]",5.0,Ignacio Zaragoza/Telmex,20.583600540017,-100.40579200795
2024,19.98394702923823,341,C51,0,13,1,Directa,341,C51,,"[""2024"", ""2856"", ""1918"", ""1919"", ""1920"", ""1921"", ""4241"", ""2310"", ""2311"", ""2312"", ""2313"", ""2314"", ""ESTACION_CORREGIDORA_SUR""]","[""341"", ""341"", ""341"", ""341"", ""341"", ""341"", ""341"", ""341"", ""341"", ""341"", ""341"", ""CAMINATA""]",5.0,Prol. Luis Pasteur/Centro Educativo Manuel Gomez,20.585698741389,-100.38521892816
2454,20.091456277861866,326,C35,1,12,2,Con transbordo,326 → 345,C35 → C55,Av. Universidad/Escuela Normal,"[""2454"", ""2453"", ""2547"", ""2548"", ""2549"", ""2550"", ""2551"", ""2956"", ""2552"", ""2393"", ""2394"", ""ESTACION_CORREGIDORA_SUR""]","[""326"", ""326"", ""326"", ""326"", ""326"", ""345"", ""345"", ""345"", ""345"", ""345"", ""CAMINATA""]",5.0,Ejército Republicano/12b,20.591644063671,-100.37865890173
3568,20.400613695904898,333,C42,0,17,1,Directa,333,C42,,"[""3568"", ""3569"", ""4430"", ""1764"", ""1765"", ""1766"", ""2201"", ""4241"", ""2310"", ""3570"", ""3571"", ""3572"", ""2311"", ""2312"", ""2313"", ""2314"", ""ESTACION_CORREGIDORA_SUR""]","[""333"", ""333"", ""333"", ""333"", ""333"", ""333"", ""333"", ""333"", ""333"", ""333"", ""333"", ""333"", ""333"", ""333"", ""333"", ""CAMINATA""]",5.0,Prol. Pino Suárez/Jardín Ejido Modelo,20.58201396,-100.4221638
2021,20.480997268029277,325,C34,0,18,1,Directa,325,C34,,"[""2021"", ""2450"", ""2451"", ""1471"", ""1470"", ""1469"", ""1439"", ""1438"", ""2537"", ""1920"", ""1921"", ""4241"", ""2310"", ""2311"", ""2312"", ""2313"", ""2681"", ""ESTACION_CORREGIDORA_SUR""]","[""325"", ""325"", ""325"", ""325"", ""325"", ""325"", ""325"", ""325"", ""325"", ""325"", ""325"", ""325"", ""325"", ""325"", ""325"", ""325"", ""CAMINATA""]",5.0,Plaza del Cimatario/Abogados,20.58025984566,-100.37404018612
2200,20.51727578370397,336,C46,0,15,1,Directa,336,C46,,"[""2200"", ""4430"", ""1764"", ""1765"", ""1766"", ""2201"", ""4241"", ""2310"", ""3570"", ""3571"", ""3572"", ""2311"", ""2312"", ""2313"", ""ESTACION_CORREGIDORA_SUR""]","[""336"", ""336"", ""336"", ""336"", ""336"", ""336"", ""336"", ""336"", ""336"", ""336"", ""336"", ""336"", ""336"", ""CAMINATA""]",5.0,Prol. Av. Zaragoza/Hacienda Vegil,20.5740986,-100.4152541
2418,20.533942450370635,338,C48,0,11,1,Directa,338,C48,,"[""2418"", ""2419"", ""5180"", ""2672"", ""2201"", ""4241"", ""2310"", ""2311"", ""2312"", ""2313"", ""ESTACION_CORREGIDORA_SUR""]","[""338"", ""338"", ""338"", ""338"", ""338"", ""338"", ""338"", ""338"", ""338"", ""CAMINATA""]",5.0,Blvd. de Las Américas/Carlos Esquerro,20.56138989,-100.398738
5183,20.76728036257156,319,C24,0,17,1,Directa,319,C24,,"[""5183"", ""2308"", ""2028"", ""2029"", ""2030"", ""2031"", ""2309"", ""1919"", ""1920"", ""1921"", ""4241"", ""2310"", ""2311"", ""2312"", ""2313"", ""2314"", ""ESTACION_CORREGIDORA_SUR""]","[""319"", ""319"", ""319"", ""319"", ""319"", ""319"", ""319"", ""319"", ""319"", ""319"", ""319"", ""319"", ""319"", ""319"", ""319"", ""CAMINATA""]",5.0,Av. 4/Calle 25,20.573650631947,-100.39349063845
2020,20.83099726802928,325,C34,0,19,1,Directa,325,C34,,"[""2020"", ""2021"", ""2450"", ""2451"", ""1471"", ""1470"", ""1469"", ""1439"", ""1438"", ""2537"", ""1920"", ""1921"", ""4241"", ""2310"", ""2311"", ""2312"", ""2313"", ""2681"", ""ESTACION_CORREGIDORA_SUR""]","[""325"", ""325"", ""325"", ""325"", ""325"", ""325"", ""325"", ""325"", ""325"", ""325"", ""325"", ""325"", ""325"", ""325"", ""325"", ""325"", ""325"", ""CAMINATA""]",5.0,Avenida Cimatario/Mega Comercial,20.5787666,-100.373988
1897,20.9747896111952,326,C35,1,13,2,Con transbordo,326 → 345,C35 → C55,Av. Universidad/Escuela Normal,"[""1897"", ""2454"", ""2453"", ""2547"", ""2548"", ""2549"", ""2550"", ""2551"", ""2956"", ""2552"", ""2393"", ""2394"", ""ESTACION_CORREGIDORA_SUR""]","[""326"", ""326"", ""326"", ""326"", ""326"", ""326"", ""345"", ""345"", ""345"", ""345"", ""345"", ""CAMINATA""]",5.0,Ignacio Zaragoza/Insurgentes Queretanos,20.591248974767,-100.38151559305
1767,20.975613695904897,256,T12,1,10,2,Con transbordo,256 → 97,T12 → C22,Constitución de 1917,"[""1767"", ""1434"", ""3297"", ""4241"", ""2310"", ""2311"", ""2312"", ""2313"", ""2314"", ""ESTACION_CORREGIDORA_SUR""]","[""256"", ""97"", ""97"", ""97"", ""97"", ""97"", ""97"", ""97"", ""CAMINATA""]",5.0,Hospital General/Paseo 5 de Febrero,20.580031791579,-100.4057036974
1476,20.997663934695943,325,C34,0,17,1,Directa,325,C34,,"[""1476"", ""1472"", ""1471"", ""1470"", ""1469"", ""1439"", ""1438"", ""2537"", ""1920"", ""1921"", ""4241"", ""2310"", ""2311"", ""2312"", ""2313"", ""2681"", ""ESTACION_CORREGIDORA_SUR""]","[""325"", ""325"", ""325"", ""325"", ""325"", ""325"", ""325"", ""325"", ""325"", ""325"", ""325"", ""325"", ""325"", ""325"", ""325"", ""CAMINATA""]",5.0,Bicentenario,20.589589837778,-100.36127427823
2019,21.064330601362613,325,C34,0,20,1,Directa,325,C34,,"[""2019"", ""2020"", ""2021"", ""2450"", ""2451"", ""1471"", ""1470"", ""1469"", ""1439"", ""1438"", ""2537"", ""1920"", ""1921"", ""4241"", ""2310"", ""2311"", ""2312"", ""2313"", ""2681"", ""ESTACION_CORREGIDORA_SUR""]","[""325"", ""325"", ""325"", ""325"", ""325"", ""325"", ""325"", ""325"", ""325"", ""325"", ""325"", ""325"", ""325"", ""325"", ""325"", ""325"", ""325"", ""325"", ""CAMINATA""]",5.0,Luis Vega y Monroy/ Mega Comercial,20.57781,-100.37374
1763,21.333942450370635,336,C46,0,16,1,Directa,336,C46,,"[""1763"", ""2200"", ""4430"", ""1764"", ""1765"", ""1766"", ""2201"", ""4241"", ""2310"", ""3570"", ""3571"", ""3572"", ""2311"", ""2312"", ""2313"", ""ESTACION_CORREGIDORA_SUR""]","[""336"", ""336"", ""336"", ""336"", ""336"", ""336"", ""336"", ""336"", ""336"", ""336"", ""336"", ""336"", ""336"", ""336"", ""CAMINATA""]",5.0,Prol. Zaragoza/Hacienda Escolásticas,20.571329354558,-100.41507975546
2023,21.33394702923823,341,C51,0,14,1,Directa,341,C51,,"[""2023"", ""2024"", ""2856"", ""1918"", ""1919"", ""1920"", ""1921"", ""4241"", ""2310"", ""2311"", ""2312"", ""2313"", ""2314"", ""ESTACION_CORREGIDORA_SUR""]","[""341"", ""341"", ""341"", ""341"", ""341"", ""341"", ""341"", ""341"", ""341"", ""341"", ""341"", ""341"", ""CAMINATA""]",5.0,Prol. Luis Pasteur/Jose Antonio Bustamanete,20.58248883756,-100.38398500747
2296,21.433942450370633,338,C48,0,12,1,Directa,338,C48,,"[""2296"", ""2418"", ""2419"", ""5180"", ""2672"", ""2201"", ""4241"", ""2310"", ""2311"", ""2312"", ""2313"", ""ESTACION_CORREGIDORA_SUR""]","[""338"", ""338"", ""338"", ""338"", ""338"", ""338"", ""338"", ""338"", ""338"", ""338"", ""CAMINATA""]",5.0,Blvd. de Las Américas/Calle Antonio Carranza,20.5585882,-100.3972941
1474,21.530997268029278,325,C34,0,18,1,Directa,325,C34,,"[""1474"", ""1476"", ""1472"", ""1471"", ""1470"", ""1469"", ""1439"", ""1438"", ""2537"", ""1920"", ""1921"", ""4241"", ""2310"", ""2311"", ""2312"", ""2313"", ""2681"", ""ESTACION_CORREGIDORA_SUR""]","[""325"", ""325"", ""325"", ""325"", ""325"", ""325"", ""325"", ""325"", ""325"", ""325"", ""325"", ""325"", ""325"", ""325"", ""325"", ""325"", ""CAMINATA""]",5.0,Bicentenario,20.58921746773,-100.35881826912
3235,21.550613695904897,353,C65,0,11,1,Directa,353,C65,,"[""3235"", ""3236"", ""2602"", ""4253"", ""3237"", ""3222"", ""3223"", ""3726"", ""3224"", ""2314"", ""ESTACION_CORREGIDORA_SUR""]","[""353"", ""353"", ""353"", ""353"", ""353"", ""353"", ""353"", ""353"", ""353"", ""CAMINATA""]",5.0,Hacienda San José/Calle Puentes,20.59404451,-100.4300826
1896,21.5747896111952,326,C35,1,14,2,Con transbordo,326 → 345,C35 → C55,Av. Universidad/Escuela Normal,"[""1896"", ""1897"", ""2454"", ""2453"", ""2547"", ""2548"", ""2549"", ""2550"", ""2551"", ""2956"", ""2552"", ""2393"", ""2394"", ""ESTACION_CORREGIDORA_SUR""]","[""326"", ""326"", ""326"", ""326"", ""326"", ""326"", ""326"", ""345"", ""345"", ""345"", ""345"", ""345"", ""CAMINATA""]",5.0,Ignacio Zaragoza/Manuel Acuña,20.591033,-100.383425
5182,21.617280362571563,319,C24,0,18,1,Directa,319,C24,,"[""5182"", ""5183"", ""2308"", ""2028"", ""2029"", ""2030"", ""2031"", ""2309"", ""1919"", ""1920"", ""1921"", ""4241"", ""2310"", ""2311"", ""2312"", ""2313"", ""2314"", ""ESTACION_CORREGIDORA_SUR""]","[""319"", ""319"", ""319"", ""319"", ""319"", ""319"", ""319"", ""319"", ""319"", ""319"", ""319"", ""319"", ""319"", ""319"", ""319"", ""319"", ""CAMINATA""]",5.0,Av. 4/Calle 37,20.57294176346,-100.39661078984
1762,21.733942450370634,336,C46,0,17,1,Directa,336,C46,,"[""1762"", ""1763"", ""2200"", ""4430"", ""1764"", ""1765"", ""1766"", ""2201"", ""4241"", ""2310"", ""3570"", ""3571"", ""3572"", ""2311"", ""2312"", ""2313"", ""ESTACION_CORREGIDORA_SUR""]","[""336"", ""336"", ""336"", ""336"", ""336"", ""336"", ""336"", ""336"", ""336"", ""336"", ""336"", ""336"", ""336"", ""336"", ""336"", ""CAMINATA""]",5.0,Prol. Zaragoza/Paseo de Las Plazas,20.569997332138,-100.41499627584
2018,21.83099726802928,325,C34,0,21,1,Directa,325,C34,,"[""2018"", ""2019"", ""2020"", ""2021"", ""2450"", ""2451"", ""1471"", ""1470"", ""1469"", ""1439"", ""1438"", ""2537"", ""1920"", ""1921"", ""4241"", ""2310"", ""2311"", ""2312"", ""2313"", ""2681"", ""ESTACION_CORREGIDORA_SUR""]","[""325"", ""325"", ""325"", ""325"", ""325"", ""325"", ""325"", ""325"", ""325"", ""325"", ""325"", ""325"", ""325"", ""325"", ""325"", ""325"", ""325"", ""325"", ""325"", ""CAMINATA""]",5.0,Luis Vega y Monroy/Hospital de Especialidades,20.578626098981,-100.37025626864
2295,21.8506091170373,338,C48,0,13,1,Directa,338,C48,,"[""2295"", ""2296"", ""2418"", ""2419"", ""5180"", ""2672"", ""2201"", ""4241"", ""2310"", ""2311"", ""2312"", ""2313"", ""ESTACION_CORREGIDORA_SUR""]","[""338"", ""338"", ""338"", ""338"", ""338"", ""338"", ""338"", ""338"", ""338"", ""338"", ""338"", ""CAMINATA""]",5.0,Blvd. de Las Américas/Calle Enrique Bordes Manguel,20.557316,-100.39664
2032,21.867280362571567,341,C51,0,15,1,Directa,341,C51,,"[""2032"", ""2023"", ""2024"", ""2856"", ""1918"", ""1919"", ""1920"", ""1921"", ""4241"", ""2310"", ""2311"", ""2312"", ""2313"", ""2314"", ""ESTACION_CORREGIDORA_SUR""]","[""341"", ""341"", ""341"", ""341"", ""341"", ""341"", ""341"", ""341"", ""341"", ""341"", ""341"", ""341"", ""341"", ""CAMINATA""]",5.0,Prol. Luis Pasteur/1ra Calle del Laurel,20.581210342497,-100.38349773657
1306,21.90894702923823,97,C22,0,12,1,Directa,97,C22,,"[""1306"", ""1432"", ""1433"", ""1434"", ""3297"", ""4241"", ""2310"", ""2311"", ""2312"", ""2313"", ""2314"", ""ESTACION_CORREGIDORA_SUR""]","[""97"", ""97"", ""97"", ""97"", ""97"", ""97"", ""97"", ""97"", ""97"", ""97"", ""CAMINATA""]",5.0,El Pocito,20.561447965259,-100.41484626886
1473,22.030997268029278,325,C34,0,19,1,Directa,325,C34,,"[""1473"", ""1474"", ""1476"", ""1472"", ""1471"", ""1470"", ""1469"", ""1439"", ""1438"", ""2537"", ""1920"", ""1921"", ""4241"", ""2310"", ""2311"", ""2312"", ""2313"", ""2681"", ""ESTACION_CORREGIDORA_SUR""]","[""325"", ""325"", ""325"", ""325"", ""325"", ""325"", ""325"", ""325"", ""325"", ""325"", ""325"", ""325"", ""325"", ""325"", ""325"", ""325"", ""325"", ""CAMINATA""]",5.0,Prol. Constituyentes Oriente/Monte Sinaí,20.589359628197,-100.36116527451
1924,22.067280362571566,360,L152,1,11,2,Con transbordo,360 → 97,L152 → C22,Av. Tecnológico/Fernando Loyola,"[""1924"", ""1437"", ""1440"", ""3297"", ""4241"", ""2310"", ""2311"", ""2312"", ""2313"", ""2314"", ""ESTACION_CORREGIDORA_SUR""]","[""360"", ""360"", ""360"", ""97"", ""97"", ""97"", ""97"", ""97"", ""97"", ""CAMINATA""]",5.0,Ignacio Zaragoza/Ezequiel Montes,20.586463888889,-100.39668187025
1895,22.2247896111952,326,C35,1,15,2,Con transbordo,326 → 345,C35 → C55,Av. Universidad/Escuela Normal,"[""1895"", ""1896"", ""1897"", ""2454"", ""2453"", ""2547"", ""2548"", ""2549"", ""2550"", ""2551"", ""2956"", ""2552"", ""2393"", ""2394"", ""ESTACION_CORREGIDORA_SUR""]","[""326"", ""326"", ""326"", ""326"", ""326"", ""326"", ""326"", ""326"", ""345"", ""345"", ""345"", ""345"", ""345"", ""CAMINATA""]",5.0,Avenida Ignacio Zaragoza/Calle Manuel Altamirano,20.590364,-100.385377
2478,22.23394702923823,334,C43,0,17,1,Directa,334,C43,,"[""2478"", ""2308"", ""2028"", ""2029"", ""2030"", ""2031"", ""2309"", ""1919"", ""1920"", ""1921"", ""4241"", ""2310"", ""2311"", ""2312"", ""2313"", ""2314"", ""ESTACION_CORREGIDORA_SUR""]","[""334"", ""334"", ""334"", ""334"", ""334"", ""334"", ""334"", ""334"", ""334"", ""334"", ""334"", ""334"", ""334"", ""334"", ""334"", ""CAMINATA""]",5.0,Cto Mosés Solana/Luis Pasteur Asupizo,20.574984317411,-100.38328846169
2294,22.26727578370397,338,C48,0,14,1,Directa,338,C48,,"[""2294"", ""2295"", ""2296"", ""2418"", ""2419"", ""5180"", ""2672"", ""2201"", ""4241"", ""2310"", ""2311"", ""2312"", ""2313"", ""ESTACION_CORREGIDORA_SUR""]","[""338"", ""338"", ""338"", ""338"", ""338"", ""338"", ""338"", ""338"", ""338"", ""338"", ""338"", ""338"", ""CAMINATA""]",5.0,Blvd. de Las Américas/Calle Antonio Rivera de la Torre,20.55603713,-100.3959843
2954,22.467280362571568,338,C48,1,13,2,Con transbordo,338 → 319,C48 → C24,Vicente Guerrero,"[""2954"", ""1879"", ""1918"", ""1919"", ""1920"", ""1921"", ""4241"", ""2310"", ""2311"", ""2312"", ""2313"", ""2314"", ""ESTACION_CORREGIDORA_SUR""]","[""338"", ""338"", ""338"", ""319"", ""319"", ""319"", ""319"", ""319"", ""319"", ""319"", ""319"", ""CAMINATA""]",5.0,Calle Manuel Acuña/Av. 20 de Noviembre,20.59221846,-100.3843739
2219,22.517280362571565,341,C51,0,16,1,Directa,341,C51,,"[""2219"", ""2032"", ""2023"", ""2024"", ""2856"", ""1918"", ""1919"", ""1920"", ""1921"", ""4241"", ""2310"", ""2311"", ""2312"", ""2313"", ""2314"", ""ESTACION_CORREGIDORA_SUR""]","[""341"", ""341"", ""341"", ""341"", ""341"", ""341"", ""341"", ""341"", ""341"", ""341"", ""341"", ""341"", ""341"", ""341"", ""CAMINATA""]",5.0,Prol. Luis Pasteur/Palenque,20.579655788488,-100.38290965332
2204,22.624789611195204,409,L164,1,8,2,Con transbordo,409 → 345,L164 → C55,Av. Universidad/Escuela Normal,"[""2204"", ""2550"", ""2551"", ""2956"", ""2552"", ""2393"", ""2394"", ""ESTACION_CORREGIDORA_SUR""]","[""409"", ""345"", ""345"", ""345"", ""345"", ""345"", ""CAMINATA""]",5.0,Blvd. Bernardo Quintana/Calle de la Peñita Ote.,20.60004134,-100.3753248
5181,22.700613695904895,319,C24,0,19,1,Directa,319,C24,,"[""5181"", ""5182"", ""5183"", ""2308"", ""2028"", ""2029"", ""2030"", ""2031"", ""2309"", ""1919"", ""1920"", ""1921"", ""4241"", ""2310"", ""2311"", ""2312"", ""2313"", ""2314"", ""ESTACION_CORREGIDORA_SUR""]","[""319"", ""319"", ""319"", ""319"", ""319"", ""319"", ""319"", ""319"", ""319"", ""319"", ""319"", ""319"", ""319"", ""319"", ""319"", ""319"", ""319"", ""CAMINATA""]",5.0,Av. 4/Unidad Deportiva José María Truchuelo,20.571151528329,-100.400223362
2199,22.8006091170373,336,C46,0,18,1,Directa,336,C46,,"[""2199"", ""1762"", ""1763"", ""2200"", ""4430"", ""1764"", ""1765"", ""1766"", ""2201"", ""4241"", ""2310"", ""3570"", ""3571"", ""3572"", ""2311"", ""2312"", ""2313"", ""ESTACION_CORREGIDORA_SUR""]","[""336"", ""336"", ""336"", ""336"", ""336"", ""336"", ""336"", ""336"", ""336"", ""336"", ""336"", ""336"", ""336"", ""336"", ""336"", ""336"", ""CAMINATA""]",5.0,Prol. Zaragoza/Blvd. Hacienda del Jacal,20.56638051,-100.4147615
2203,22.908122944528532,326,C35,1,16,2,Con transbordo,326 → 345,C35 → C55,Av. Universidad/Escuela Normal,"[""2203"", ""1895"", ""1896"", ""1897"", ""2454"", ""2453"", ""2547"", ""2548"", ""2549"", ""2550"", ""2551"", ""2956"", ""2552"", ""2393"", ""2394"", ""ESTACION_CORREGIDORA_SUR""]","[""326"", ""326"", ""326"", ""326"", ""326"", ""326"", ""326"", ""326"", ""326"", ""345"", ""345"", ""345"", ""345"", ""345"", ""CAMINATA""]",5.0,Alameda,20.589621654784,-100.38742654734
2017,22.93099726802928,325,C34,0,22,1,Directa,325,C34,,"[""2017"", ""2018"", ""2019"", ""2020"", ""2021"", ""2450"", ""2451"", ""1471"", ""1470"", ""1469"", ""1439"", ""1438"", ""2537"", ""1920"", ""1921"", ""4241"", ""2310"", ""2311"", ""2312"", ""2313"", ""2681"", ""ESTACION_CORREGIDORA_SUR""]","[""325"", ""325"", ""325"", ""325"", ""325"", ""325"", ""325"", ""325"", ""325"", ""325"", ""325"", ""325"", ""325"", ""325"", ""325"", ""325"", ""325"", ""325"", ""325"", ""325"", ""CAMINATA""]",5.0,Luis Vega y Monroy/Estadio,20.580373403637,-100.36536069772
2293,23.000609117037303,338,C48,0,15,1,Directa,338,C48,,"[""2293"", ""2294"", ""2295"", ""2296"", ""2418"", ""2419"", ""5180"", ""2672"", ""2201"", ""4241"", ""2310"", ""2311"", ""2312"", ""2313"", ""ESTACION_CORREGIDORA_SUR""]","[""338"", ""338"", ""338"", ""338"", ""338"", ""338"", ""338"", ""338"", ""338"", ""338"", ""338"", ""338"", ""338"", ""CAMINATA""]",5.0,Blvd. de Las Américas/Soriana Mercado,20.55379378,-100.3947507
1305,23.14228036257156,90,L51,1,13,2,Con transbordo,90 → 97,L51 → C22,Constitución de 1917,"[""1305"", ""1306"", ""1432"", ""1433"", ""1434"", ""3297"", ""4241"", ""2310"", ""2311"", ""2312"", ""2313"", ""2314"", ""ESTACION_CORREGIDORA_SUR""]","[""90"", ""90"", ""90"", ""90"", ""97"", ""97"", ""97"", ""97"", ""97"", ""97"", ""97"", ""CAMINATA""]",5.0,Deportivo,20.555694483731,-100.41961630112
1923,23.347663934695944,98,C23,1,14,2,Con transbordo,98 → 325,C23 → C34,Escobedo,"[""1923"", ""1924"", ""1437"", ""1438"", ""2537"", ""1920"", ""1921"", ""4241"", ""2310"", ""2311"", ""2312"", ""2313"", ""2681"", ""ESTACION_CORREGIDORA_SUR""]","[""98"", ""98"", ""98"", ""325"", ""325"", ""325"", ""325"", ""325"", ""325"", ""325"", ""325"", ""325"", ""CAMINATA""]",5.0,Ignacio Zaragoza/Ignacio Perez,20.585446759438,-100.39968092471
1477,23.500613695904896,256,T12,1,11,2,Con transbordo,256 → 355,T12 → C69,Río Querétaro,"[""1477"", ""2978"", ""2979"", ""2980"", ""2981"", ""3222"", ""3223"", ""3726"", ""3224"", ""2314"", ""ESTACION_CORREGIDORA_SUR""]","[""256"", ""256"", ""256"", ""256"", ""355"", ""355"", ""355"", ""355"", ""355"", ""CAMINATA""]",5.0,Constitución de 1917,20.5792526773,-100.40065588896
4393,23.533942450370635,336,C46,0,19,1,Directa,336,C46,,"[""4393"", ""2199"", ""1762"", ""1763"", ""2200"", ""4430"", ""1764"", ""1765"", ""1766"", ""2201"", ""4241"", ""2310"", ""3570"", ""3571"", ""3572"", ""2311"", ""2312"", ""2313"", ""ESTACION_CORREGIDORA_SUR""]","[""336"", ""336"", ""336"", ""336"", ""336"", ""336"", ""336"", ""336"", ""336"", ""336"", ""336"", ""336"", ""336"", ""336"", ""336"", ""336"", ""336"", ""CAMINATA""]",5.0,Prol. Av. Zaragoza/Hacienda de San Idelfonso,20.563900505256,-100.41460539654
2629,23.53394702923823,334,C43,0,18,1,Directa,334,C43,,"[""2629"", ""2478"", ""2308"", ""2028"", ""2029"", ""2030"", ""2031"", ""2309"", ""1919"", ""1920"", ""1921"", ""4241"", ""2310"", ""2311"", ""2312"", ""2313"", ""2314"", ""ESTACION_CORREGIDORA_SUR""]","[""334"", ""334"", ""334"", ""334"", ""334"", ""334"", ""334"", ""334"", ""334"", ""334"", ""334"", ""334"", ""334"", ""334"", ""334"", ""334"", ""CAMINATA""]",5.0,Cto. Moisés Solana/Mimiahuapan,20.57151195,-100.3833044
2953,23.633947029238236,338,C48,1,14,2,Con transbordo,338 → 319,C48 → C24,Vicente Guerrero,"[""2953"", ""2954"", ""1879"", ""1918"", ""1919"", ""1920"", ""1921"", ""4241"", ""2310"", ""2311"", ""2312"", ""2313"", ""2314"", ""ESTACION_CORREGIDORA_SUR""]","[""338"", ""338"", ""338"", ""338"", ""319"", ""319"", ""319"", ""319"", ""319"", ""319"", ""319"", ""319"", ""CAMINATA""]",5.0,Calle Manuel Gutiérrez Nájera/Calle 5 de Mayo,20.59492053,-100.3855932
1436,23.692280362571566,338,C48,1,12,2,Con transbordo,338 → 97,C48 → C22,Jardines,"[""1436"", ""1432"", ""1433"", ""1434"", ""3297"", ""4241"", ""2310"", ""2311"", ""2312"", ""2313"", ""2314"", ""ESTACION_CORREGIDORA_SUR""]","[""338"", ""97"", ""97"", ""97"", ""97"", ""97"", ""97"", ""97"", ""97"", ""97"", ""CAMINATA""]",5.0,Jardines,20.570235158914,-100.40812665466
2292,23.81727578370397,338,C48,0,16,1,Directa,338,C48,,"[""2292"", ""2293"", ""2294"", ""2295"", ""2296"", ""2418"", ""2419"", ""5180"", ""2672"", ""2201"", ""4241"", ""2310"", ""2311"", ""2312"", ""2313"", ""ESTACION_CORREGIDORA_SUR""]","[""338"", ""338"", ""338"", ""338"", ""338"", ""338"", ""338"", ""338"", ""338"", ""338"", ""338"", ""338"", ""338"", ""338"", ""CAMINATA""]",5.0,Blvd. de Las Américas/Río Támesis,20.55126444,-100.3935026
1304,24.00894702923823,90,L51,1,14,2,Con transbordo,90 → 97,L51 → C22,Constitución de 1917,"[""1304"", ""1305"", ""1306"", ""1432"", ""1433"", ""1434"", ""3297"", ""4241"", ""2310"", ""2311"", ""2312"", ""2313"", ""2314"", ""ESTACION_CORREGIDORA_SUR""]","[""90"", ""90"", ""90"", ""90"", ""90"", ""97"", ""97"", ""97"", ""97"", ""97"", ""97"", ""97"", ""CAMINATA""]",5.0,Tejeda,20.550430606221,-100.42388883063
1882,24.0506136959049,370,T02,1,14,2,Con transbordo,370 → 319,T02 → C24,Vicente Guerrero,"[""1882"", ""1881"", ""1879"", ""1918"", ""1919"", ""1920"", ""1921"", ""4241"", ""2310"", ""2311"", ""2312"", ""2313"", ""2314"", ""ESTACION_CORREGIDORA_SUR""]","[""370"", ""370"", ""370"", ""370"", ""319"", ""319"", ""319"", ""319"", ""319"", ""319"", ""319"", ""319"", ""CAMINATA""]",5.0,Calz. de Los Arcos/Notaría Pública 4,20.592850267804,-100.37782767496
2264,24.06727578370397,336,C46,0,20,1,Directa,336,C46,,"[""2264"", ""4393"", ""2199"", ""1762"", ""1763"", ""2200"", ""4430"", ""1764"", ""1765"", ""1766"", ""2201"", ""4241"", ""2310"", ""3570"", ""3571"", ""3572"", ""2311"", ""2312"", ""2313"", ""ESTACION_CORREGIDORA_SUR""]","[""336"", ""336"", ""336"", ""336"", ""336"", ""336"", ""336"", ""336"", ""336"", ""336"", ""336"", ""336"", ""336"", ""336"", ""336"", ""336"", ""336"", ""336"", ""CAMINATA""]",5.0,Calle Río Usumacinta/Calle 20 de Noviembre,20.562331,-100.41364
2452,24.13394245037063,377,T09,0,14,1,Directa,377,T09,,"[""2452"", ""2453"", ""1881"", ""1879"", ""1918"", ""1919"", ""1920"", ""1921"", ""4241"", ""2310"", ""2311"", ""2312"", ""2313"", ""ESTACION_CORREGIDORA_SUR""]","[""377"", ""377"", ""377"", ""377"", ""377"", ""377"", ""377"", ""377"", ""377"", ""377"", ""377"", ""377"", ""CAMINATA""]",5.0,Francisco Gonzalez de Cosio/20 de Noviembre,20.587960705761,-100.3759883183
5229,24.167280362571564,374,T06,1,11,2,Con transbordo,374 → 355,T06 → C69,Río Querétaro,"[""5229"", ""2978"", ""2979"", ""2980"", ""2981"", ""3222"", ""3223"", ""3726"", ""3224"", ""2314"", ""ESTACION_CORREGIDORA_SUR""]","[""374"", ""374"", ""374"", ""374"", ""355"", ""355"", ""355"", ""355"", ""355"", ""CAMINATA""]",5.0,Lateral Carr. Federal 57/Calle Reforma Agraria,20.57529187607,-100.39632100984
2218,24.183947029238233,341,C51,0,17,1,Directa,341,C51,,"[""2218"", ""2219"", ""2032"", ""2023"", ""2024"", ""2856"", ""1918"", ""1919"", ""1920"", ""1921"", ""4241"", ""2310"", ""2311"", ""2312"", ""2313"", ""2314"", ""ESTACION_CORREGIDORA_SUR""]","[""341"", ""341"", ""341"", ""341"", ""341"", ""341"", ""341"", ""341"", ""341"", ""341"", ""341"", ""341"", ""341"", ""341"", ""341"", ""CAMINATA""]",5.0,Pasteur Sur/Luis Vega y Monroy,20.575445110065,-100.38260235373
2246,24.247663934695947,325,C34,0,23,1,Directa,325,C34,,"[""2246"", ""2017"", ""2018"", ""2019"", ""2020"", ""2021"", ""2450"", ""2451"", ""1471"", ""1470"", ""1469"", ""1439"", ""1438"", ""2537"", ""1920"", ""1921"", ""4241"", ""2310"", ""2311"", ""2312"", ""2313"", ""2681"", ""ESTACION_CORREGIDORA_SUR""]","[""325"", ""325"", ""325"", ""325"", ""325"", ""325"", ""325"", ""325"", ""325"", ""325"", ""325"", ""325"", ""325"", ""325"", ""325"", ""325"", ""325"", ""325"", ""325"", ""325"", ""325"", ""CAMINATA""]",5.0,Terminal de Autobuses de Querétaro/Paradero,20.581149,-100.359176
2412,24.250613695904896,138,C30,1,18,2,Con transbordo,138 → 319,C30 → C24,Corregidora/Luis M Vega y Monroy,"[""2412"", ""2478"", ""2308"", ""2028"", ""2029"", ""2030"", ""2031"", ""2309"", ""1919"", ""1920"", ""1921"", ""4241"", ""2310"", ""2311"", ""2312"", ""2313"", ""2314"", ""ESTACION_CORREGIDORA_SUR""]","[""138"", ""138"", ""319"", ""319"", ""319"", ""319"", ""319"", ""319"", ""319"", ""319"", ""319"", ""319"", ""319"", ""319"", ""319"", ""319"", ""CAMINATA""]",5.0,Circ. Moisés Solana/Pasteur Sur Bbva,20.575153408719,-100.38248439685
2307,24.367280362571563,326,C35,1,17,2,Con transbordo,326 → 319,C35 → C24,Corregidora/Luis M Vega y Monroy,"[""2307"", ""2308"", ""2028"", ""2029"", ""2030"", ""2031"", ""2309"", ""1919"", ""1920"", ""1921"", ""4241"", ""2310"", ""2311"", ""2312"", ""2313"", ""2314"", ""ESTACION_CORREGIDORA_SUR""]","[""326"", ""319"", ""319"", ""319"", ""319"", ""319"", ""319"", ""319"", ""319"", ""319"", ""319"", ""319"", ""319"", ""319"", ""319"", ""CAMINATA""]",5.0,Calle 1/San Mateo Atenco,20.57409496,-100.3874526
1922,24.447663934695946,98,C23,1,15,2,Con transbordo,98 → 325,C23 → C34,Escobedo,"[""1922"", ""1923"", ""1924"", ""1437"", ""1438"", ""2537"", ""1920"", ""1921"", ""4241"", ""2310"", ""2311"", ""2312"", ""2313"", ""2681"", ""ESTACION_CORREGIDORA_SUR""]","[""98"", ""98"", ""98"", ""98"", ""325"", ""325"", ""325"", ""325"", ""325"", ""325"", ""325"", ""325"", ""325"", ""CAMINATA""]",5.0,Ignacio Zaragoza/Tecnologico,20.584491148286,-100.40237715444
3234,24.450613695904895,353,C65,0,12,1,Directa,353,C65,,"[""3234"", ""3235"", ""3236"", ""2602"", ""4253"", ""3237"", ""3222"", ""3223"", ""3726"", ""3224"", ""2314"", ""ESTACION_CORREGIDORA_SUR""]","[""353"", ""353"", ""353"", ""353"", ""353"", ""353"", ""353"", ""353"", ""353"", ""353"", ""CAMINATA""]",5.0,Hacienda San Juan/Segunda Privada de San Germán,20.59622793,-100.4348668
2232,24.48394702923823,334,C43,0,19,1,Directa,334,C43,,"[""2232"", ""2629"", ""2478"", ""2308"", ""2028"", ""2029"", ""2030"", ""2031"", ""2309"", ""1919"", ""1920"", ""1921"", ""4241"", ""2310"", ""2311"", ""2312"", ""2313"", ""2314"", ""ESTACION_CORREGIDORA_SUR""]","[""334"", ""334"", ""334"", ""334"", ""334"", ""334"", ""334"", ""334"", ""334"", ""334"", ""334"", ""334"", ""334"", ""334"", ""334"", ""334"", ""334"", ""CAMINATA""]",5.0,Cto Moisés Solana/Tomasa Estévez,20.572887477048,-100.38558241697
4100,24.617275783703967,356,L108,1,9,2,Con transbordo,356 → 338,L108 → C48,Ignacio Zaragoza/Imss,"[""4100"", ""1766"", ""2201"", ""4241"", ""2310"", ""2311"", ""2312"", ""2313"", ""ESTACION_CORREGIDORA_SUR""]","[""356"", ""356"", ""338"", ""338"", ""338"", ""338"", ""338"", ""CAMINATA""]",5.0,Las Torres,20.585835574472,-100.41257870457
2291,24.683942450370637,338,C48,0,17,1,Directa,338,C48,,"[""2291"", ""2292"", ""2293"", ""2294"", ""2295"", ""2296"", ""2418"", ""2419"", ""5180"", ""2672"", ""2201"", ""4241"", ""2310"", ""2311"", ""2312"", ""2313"", ""ESTACION_CORREGIDORA_SUR""]","[""338"", ""338"", ""338"", ""338"", ""338"", ""338"", ""338"", ""338"", ""338"", ""338"", ""338"", ""338"", ""338"", ""338"", ""338"", ""CAMINATA""]",5.0,Blvd. de Las Américas/Río Lerma,20.54858099,-100.3921053
2265,24.750613695904896,374,T06,1,12,2,Con transbordo,374 → 355,T06 → C69,Río Querétaro,"[""2265"", ""5229"", ""2978"", ""2979"", ""2980"", ""2981"", ""3222"", ""3223"", ""3726"", ""3224"", ""2314"", ""ESTACION_CORREGIDORA_SUR""]","[""374"", ""374"", ""374"", ""374"", ""374"", ""355"", ""355"", ""355"", ""355"", ""355"", ""CAMINATA""]",5.0,Lateral Carr. Federal 57/Roque Rubio,20.575699,-100.394279
3023,24.800609117037304,336,C46,0,21,1,Directa,336,C46,,"[""3023"", ""2264"", ""4393"", ""2199"", ""1762"", ""1763"", ""2200"", ""4430"", ""1764"", ""1765"", ""1766"", ""2201"", ""4241"", ""2310"", ""3570"", ""3571"", ""3572"", ""2311"", ""2312"", ""2313"", ""ESTACION_CORREGIDORA_SUR""]","[""336"", ""336"", ""336"", ""336"", ""336"", ""336"", ""336"", ""336"", ""336"", ""336"", ""336"", ""336"", ""336"", ""336"", ""336"", ""336"", ""336"", ""336"", ""336"", ""CAMINATA""]",5.0,Av. Candiles/Itq Unidad Deportiva,20.56049014,-100.4118995
2306,24.800613695904897,326,C35,1,18,2,Con transbordo,326 → 319,C35 → C24,Corregidora/Luis M Vega y Monroy,"[""2306"", ""2307"", ""2308"", ""2028"", ""2029"", ""2030"", ""2031"", ""2309"", ""1919"", ""1920"", ""1921"", ""4241"", ""2310"", ""2311"", ""2312"", ""2313"", ""2314"", ""ESTACION_CORREGIDORA_SUR""]","[""326"", ""326"", ""319"", ""319"", ""319"", ""319"", ""319"", ""319"", ""319"", ""319"", ""319"", ""319"", ""319"", ""319"", ""319"", ""319"", ""CAMINATA""]",5.0,Av. 8/Calle 3,20.57279897,-100.3875642
2217,24.8006136959049,341,C51,0,18,1,Directa,341,C51,,"[""2217"", ""2218"", ""2219"", ""2032"", ""2023"", ""2024"", ""2856"", ""1918"", ""1919"", ""1920"", ""1921"", ""4241"", ""2310"", ""2311"", ""2312"", ""2313"", ""2314"", ""ESTACION_CORREGIDORA_SUR""]","[""341"", ""341"", ""341"", ""341"", ""341"", ""341"", ""341"", ""341"", ""341"", ""341"", ""341"", ""341"", ""341"", ""341"", ""341"", ""341"", ""CAMINATA""]",5.0,Av. Luis Pasteur Sur/Calle Manuela Medina,20.57387997,-100.382646
3600,25.000609117037303,338,C48,0,18,1,Directa,338,C48,,"[""3600"", ""2291"", ""2292"", ""2293"", ""2294"", ""2295"", ""2296"", ""2418"", ""2419"", ""5180"", ""2672"", ""2201"", ""4241"", ""2310"", ""2311"", ""2312"", ""2313"", ""ESTACION_CORREGIDORA_SUR""]","[""338"", ""338"", ""338"", ""338"", ""338"", ""338"", ""338"", ""338"", ""338"", ""338"", ""338"", ""338"", ""338"", ""338"", ""338"", ""338"", ""CAMINATA""]",5.0,Blvd. de Las Américas/Av. Candiles,20.54761509,-100.3915605
2522,25.083947029238235,356,L108,1,12,2,Con transbordo,356 → 319,L108 → C24,Avenida Ignacio Zaragoza/Comercial Mexicana,"[""2522"", ""2343"", ""2344"", ""2345"", ""1921"", ""4241"", ""2310"", ""2311"", ""2312"", ""2313"", ""2314"", ""ESTACION_CORREGIDORA_SUR""]","[""356"", ""356"", ""356"", ""356"", ""319"", ""319"", ""319"", ""319"", ""319"", ""319"", ""CAMINATA""]",5.0,Miguel Hidalgo/Ignacio Pérez,20.591573603724,-100.40197816756
1883,25.117280362571567,370,T02,1,15,2,Con transbordo,370 → 319,T02 → C24,Vicente Guerrero,"[""1883"", ""1882"", ""1881"", ""1879"", ""1918"", ""1919"", ""1920"", ""1921"", ""4241"", ""2310"", ""2311"", ""2312"", ""2313"", ""2314"", ""ESTACION_CORREGIDORA_SUR""]","[""370"", ""370"", ""370"", ""370"", ""370"", ""319"", ""319"", ""319"", ""319"", ""319"", ""319"", ""319"", ""319"", ""CAMINATA""]",5.0,Calz. de Los Arcos/Rodríguez Familiar,20.5946968,-100.3753213
1303,25.175613695904897,90,L51,1,15,2,Con transbordo,90 → 97,L51 → C22,Constitución de 1917,"[""1303"", ""1304"", ""1305"", ""1306"", ""1432"", ""1433"", ""1434"", ""3297"", ""4241"", ""2310"", ""2311"", ""2312"", ""2313"", ""2314"", ""ESTACION_CORREGIDORA_SUR""]","[""90"", ""90"", ""90"", ""90"", ""90"", ""90"", ""97"", ""97"", ""97"", ""97"", ""97"", ""97"", ""97"", ""CAMINATA""]",5.0,Pueblo Nuevo,20.543366740993,-100.42972318897
2411,25.21728036257156,138,C30,1,19,2,Con transbordo,138 → 319,C30 → C24,Corregidora/Luis M Vega y Monroy,"[""2411"", ""2412"", ""2478"", ""2308"", ""2028"", ""2029"", ""2030"", ""2031"", ""2309"", ""1919"", ""1920"", ""1921"", ""4241"", ""2310"", ""2311"", ""2312"", ""2313"", ""2314"", ""ESTACION_CORREGIDORA_SUR""]","[""138"", ""138"", ""138"", ""319"", ""319"", ""319"", ""319"", ""319"", ""319"", ""319"", ""319"", ""319"", ""319"", ""319"", ""319"", ""319"", ""319"", ""CAMINATA""]",5.0,Cto Moises Solana/Paseo de Los Romancero (Prepa Sur),20.575663164237,-100.37984289469
2305,25.217280362571564,326,C35,1,19,2,Con transbordo,326 → 319,C35 → C24,Corregidora/Luis M Vega y Monroy,"[""2305"", ""2306"", ""2307"", ""2308"", ""2028"", ""2029"", ""2030"", ""2031"", ""2309"", ""1919"", ""1920"", ""1921"", ""4241"", ""2310"", ""2311"", ""2312"", ""2313"", ""2314"", ""ESTACION_CORREGIDORA_SUR""]","[""326"", ""326"", ""326"", ""319"", ""319"", ""319"", ""319"", ""319"", ""319"", ""319"", ""319"", ""319"", ""319"", ""319"", ""319"", ""319"", ""319"", ""CAMINATA""]",5.0,Av. 8/Calle 9,20.5724842,-100.3888586
3233,25.317280362571562,353,C65,0,13,1,Directa,353,C65,,"[""3233"", ""3234"", ""3235"", ""3236"", ""2602"", ""4253"", ""3237"", ""3222"", ""3223"", ""3726"", ""3224"", ""2314"", ""ESTACION_CORREGIDORA_SUR""]","[""353"", ""353"", ""353"", ""353"", ""353"", ""353"", ""353"", ""353"", ""353"", ""353"", ""353"", ""CAMINATA""]",5.0,Hacienda San Juan/Hacienda Parian,20.59770605,-100.4349637
2215,25.583947029238225,321,C27,0,18,1,Directa,321,C27,,"[""2215"", ""2478"", ""2308"", ""2028"", ""2029"", ""2030"", ""2031"", ""2309"", ""1919"", ""1920"", ""1921"", ""4241"", ""2310"", ""2311"", ""2312"", ""2313"", ""2314"", ""ESTACION_CORREGIDORA_SUR""]","[""321"", ""321"", ""321"", ""321"", ""321"", ""321"", ""321"", ""321"", ""321"", ""321"", ""321"", ""321"", ""321"", ""321"", ""321"", ""321"", ""CAMINATA""]",5.0,Luis Pasteur Sur/San Diego de Los Padres,20.568179595443,-100.38283297192
1761,25.60894702923823,90,L51,1,16,2,Con transbordo,90 → 97,L51 → C22,Constitución de 1917,"[""1761"", ""1303"", ""1304"", ""1305"", ""1306"", ""1432"", ""1433"", ""1434"", ""3297"", ""4241"", ""2310"", ""2311"", ""2312"", ""2313"", ""2314"", ""ESTACION_CORREGIDORA_SUR""]","[""90"", ""90"", ""90"", ""90"", ""90"", ""90"", ""90"", ""97"", ""97"", ""97"", ""97"", ""97"", ""97"", ""97"", ""CAMINATA""]",5.0,Av. Paseo Constituyentes/Camino A Los Olvera,20.540737386294,-100.43189466371
2304,25.617280362571563,326,C35,1,20,2,Con transbordo,326 → 319,C35 → C24,Corregidora/Luis M Vega y Monroy,"[""2304"", ""2305"", ""2306"", ""2307"", ""2308"", ""2028"", ""2029"", ""2030"", ""2031"", ""2309"", ""1919"", ""1920"", ""1921"", ""4241"", ""2310"", ""2311"", ""2312"", ""2313"", ""2314"", ""ESTACION_CORREGIDORA_SUR""]","[""326"", ""326"", ""326"", ""326"", ""319"", ""319"", ""319"", ""319"", ""319"", ""319"", ""319"", ""319"", ""319"", ""319"", ""319"", ""319"", ""319"", ""319"", ""CAMINATA""]",5.0,Av. 8/Calle 13,20.57217331,-100.3900836
2290,25.66727578370397,338,C48,0,19,1,Directa,338,C48,,"[""2290"", ""3600"", ""2291"", ""2292"", ""2293"", ""2294"", ""2295"", ""2296"", ""2418"", ""2419"", ""5180"", ""2672"", ""2201"", ""4241"", ""2310"", ""2311"", ""2312"", ""2313"", ""ESTACION_CORREGIDORA_SUR""]","[""338"", ""338"", ""338"", ""338"", ""338"", ""338"", ""338"", ""338"", ""338"", ""338"", ""338"", ""338"", ""338"", ""338"", ""338"", ""338"", ""338"", ""CAMINATA""]",5.0,Blvd. de Las Américas/Cerro del Fraile,20.54556934,-100.3904289
2616,25.7006091170373,356,L108,1,10,2,Con transbordo,356 → 338,L108 → C48,Ignacio Zaragoza/Imss,"[""2616"", ""4100"", ""1766"", ""2201"", ""4241"", ""2310"", ""2311"", ""2312"", ""2313"", ""ESTACION_CORREGIDORA_SUR""]","[""356"", ""356"", ""356"", ""338"", ""338"", ""338"", ""338"", ""338"", ""CAMINATA""]",5.0,Carr. Tlacote/Av. de Las Torres,20.58645248,-100.4141889
2161,25.839480608994144,369,L62,1,16,2,Con transbordo,369 → 324,L62 → C33,Ignacio Zaragoza/Dr. Lucio,"[""2161"", ""1883"", ""1882"", ""1881"", ""1879"", ""1918"", ""1919"", ""1920"", ""1921"", ""4241"", ""2310"", ""2311"", ""2312"", ""2313"", ""3283"", ""ESTACION_CORREGIDORA_SUR""]","[""369"", ""369"", ""369"", ""369"", ""324"", ""324"", ""324"", ""324"", ""324"", ""324"", ""324"", ""324"", ""324"", ""324"", ""CAMINATA""]",5.0,Calz. de Los Arcos/Blvd. Bernardo Quintana,20.59616294,-100.3732742
1884,25.85812294452854,409,L164,1,9,2,Con transbordo,409 → 345,L164 → C55,Av. Universidad/Escuela Normal,"[""1884"", ""2204"", ""2550"", ""2551"", ""2956"", ""2552"", ""2393"", ""2394"", ""ESTACION_CORREGIDORA_SUR""]","[""409"", ""409"", ""345"", ""345"", ""345"", ""345"", ""345"", ""CAMINATA""]",5.0,Bernardo Quintana/Calz. de Los Arcos,20.597343572806,-100.37252488222
2191,25.8756136959049,338,C48,1,13,2,Con transbordo,338 → 97,C48 → C22,Jardines,"[""2191"", ""1436"", ""1432"", ""1433"", ""1434"", ""3297"", ""4241"", ""2310"", ""2311"", ""2312"", ""2313"", ""2314"", ""ESTACION_CORREGIDORA_SUR""]","[""338"", ""338"", ""97"", ""97"", ""97"", ""97"", ""97"", ""97"", ""97"", ""97"", ""97"", ""CAMINATA""]",5.0,Plaza de Toros,20.574612667898,-100.40455977625
1302,25.942280362571562,90,L51,1,17,2,Con transbordo,90 → 97,L51 → C22,Constitución de 1917,"[""1302"", ""1761"", ""1303"", ""1304"", ""1305"", ""1306"", ""1432"", ""1433"", ""1434"", ""3297"", ""4241"", ""2310"", ""2311"", ""2312"", ""2313"", ""2314"", ""ESTACION_CORREGIDORA_SUR""]","[""90"", ""90"", ""90"", ""90"", ""90"", ""90"", ""90"", ""90"", ""97"", ""97"", ""97"", ""97"", ""97"", ""97"", ""97"", ""CAMINATA""]",5.0,El Pueblito,20.538767598995,-100.43350684651
2263,26.03394245037064,336,C46,0,22,1,Directa,336,C46,,"[""2263"", ""3023"", ""2264"", ""4393"", ""2199"", ""1762"", ""1763"", ""2200"", ""4430"", ""1764"", ""1765"", ""1766"", ""2201"", ""4241"", ""2310"", ""3570"", ""3571"", ""3572"", ""2311"", ""2312"", ""2313"", ""ESTACION_CORREGIDORA_SUR""]","[""336"", ""336"", ""336"", ""336"", ""336"", ""336"", ""336"", ""336"", ""336"", ""336"", ""336"", ""336"", ""336"", ""336"", ""336"", ""336"", ""336"", ""336"", ""336"", ""336"", ""CAMINATA""]",5.0,Av. Candiles/La Ampliación,20.55635,-100.4119093
2039,26.047663934695947,325,C34,0,24,1,Directa,325,C34,,"[""2039"", ""2246"", ""2017"", ""2018"", ""2019"", ""2020"", ""2021"", ""2450"", ""2451"", ""1471"", ""1470"", ""1469"", ""1439"", ""1438"", ""2537"", ""1920"", ""1921"", ""4241"", ""2310"", ""2311"", ""2312"", ""2313"", ""2681"", ""ESTACION_CORREGIDORA_SUR""]","[""325"", ""325"", ""325"", ""325"", ""325"", ""325"", ""325"", ""325"", ""325"", ""325"", ""325"", ""325"", ""325"", ""325"", ""325"", ""325"", ""325"", ""325"", ""325"", ""325"", ""325"", ""325"", ""CAMINATA""]",5.0,Luis Vega y Monroy/Estadio,20.580096332807,-100.3650521994
3349,26.064330601362613,379,T13,1,17,2,Con transbordo,379 → 325,T13 → C34,Carretas,"[""3349"", ""1472"", ""1471"", ""1470"", ""1469"", ""1439"", ""1438"", ""2537"", ""1920"", ""1921"", ""4241"", ""2310"", ""2311"", ""2312"", ""2313"", ""2681"", ""ESTACION_CORREGIDORA_SUR""]","[""379"", ""325"", ""325"", ""325"", ""325"", ""325"", ""325"", ""325"", ""325"", ""325"", ""325"", ""325"", ""325"", ""325"", ""325"", ""CAMINATA""]",5.0,Prol. Bernardo Quintana/Av. de la Acordada,20.592460851968,-100.36846295977
2303,26.117280362571563,326,C35,1,21,2,Con transbordo,326 → 319,C35 → C24,Corregidora/Luis M Vega y Monroy,"[""2303"", ""2304"", ""2305"", ""2306"", ""2307"", ""2308"", ""2028"", ""2029"", ""2030"", ""2031"", ""2309"", ""1919"", ""1920"", ""1921"", ""4241"", ""2310"", ""2311"", ""2312"", ""2313"", ""2314"", ""ESTACION_CORREGIDORA_SUR""]","[""326"", ""326"", ""326"", ""326"", ""326"", ""319"", ""319"", ""319"", ""319"", ""319"", ""319"", ""319"", ""319"", ""319"", ""319"", ""319"", ""319"", ""319"", ""319"", ""CAMINATA""]",5.0,Av. 8/Calle 19,20.57178464,-100.39165
2216,26.1506136959049,341,C51,0,19,1,Directa,341,C51,,"[""2216"", ""2217"", ""2218"", ""2219"", ""2032"", ""2023"", ""2024"", ""2856"", ""1918"", ""1919"", ""1920"", ""1921"", ""4241"", ""2310"", ""2311"", ""2312"", ""2313"", ""2314"", ""ESTACION_CORREGIDORA_SUR""]","[""341"", ""341"", ""341"", ""341"", ""341"", ""341"", ""341"", ""341"", ""341"", ""341"", ""341"", ""341"", ""341"", ""341"", ""341"", ""341"", ""341"", ""CAMINATA""]",5.0,Av. del Parque/Terranova Iv,20.570554672822,-100.38183052466
2214,26.250613695904892,321,C27,0,19,1,Directa,321,C27,,"[""2214"", ""2215"", ""2478"", ""2308"", ""2028"", ""2029"", ""2030"", ""2031"", ""2309"", ""1919"", ""1920"", ""1921"", ""4241"", ""2310"", ""2311"", ""2312"", ""2313"", ""2314"", ""ESTACION_CORREGIDORA_SUR""]","[""321"", ""321"", ""321"", ""321"", ""321"", ""321"", ""321"", ""321"", ""321"", ""321"", ""321"", ""321"", ""321"", ""321"", ""321"", ""321"", ""321"", ""CAMINATA""]",5.0,Prol. Luis Pasteur/Av. 26,20.5665,-100.3829
1301,26.325613695904895,90,L51,1,18,2,Con transbordo,90 → 97,L51 → C22,Constitución de 1917,"[""1301"", ""1302"", ""1761"", ""1303"", ""1304"", ""1305"", ""1306"", ""1432"", ""1433"", ""1434"", ""3297"", ""4241"", ""2310"", ""2311"", ""2312"", ""2313"", ""2314"", ""ESTACION_CORREGIDORA_SUR""]","[""90"", ""90"", ""90"", ""90"", ""90"", ""90"", ""90"", ""90"", ""90"", ""97"", ""97"", ""97"", ""97"", ""97"", ""97"", ""97"", ""CAMINATA""]",5.0,Mega,20.5364697986,-100.43539509151
2082,26.45614727566081,369,L62,1,17,2,Con transbordo,369 → 324,L62 → C33,Ignacio Zaragoza/Dr. Lucio,"[""2082"", ""2161"", ""1883"", ""1882"", ""1881"", ""1879"", ""1918"", ""1919"", ""1920"", ""1921"", ""4241"", ""2310"", ""2311"", ""2312"", ""2313"", ""3283"", ""ESTACION_CORREGIDORA_SUR""]","[""369"", ""369"", ""369"", ""369"", ""369"", ""324"", ""324"", ""324"", ""324"", ""324"", ""324"", ""324"", ""324"", ""324"", ""324"", ""CAMINATA""]",5.0,Calzada de Los Arcos/Bernardo Quintana,20.597525195274,-100.37141491627
2970,26.48394702923823,354,C68,1,17,2,Con transbordo,354 → 319,C68 → C24,Vicente Guerrero,"[""2970"", ""2219"", ""2032"", ""2023"", ""2024"", ""2856"", ""1918"", ""1919"", ""1920"", ""1921"", ""4241"", ""2310"", ""2311"", ""2312"", ""2313"", ""2314"", ""ESTACION_CORREGIDORA_SUR""]","[""354"", ""354"", ""354"", ""354"", ""354"", ""354"", ""354"", ""319"", ""319"", ""319"", ""319"", ""319"", ""319"", ""319"", ""319"", ""CAMINATA""]",5.0,Av. Luis Vega Monrroy/Prol. Luis Pasteur,20.57610435,-100.3823596
2546,26.550613695904897,326,C35,1,22,2,Con transbordo,326 → 319,C35 → C24,Corregidora/Luis M Vega y Monroy,"[""2546"", ""2303"", ""2304"", ""2305"", ""2306"", ""2307"", ""2308"", ""2028"", ""2029"", ""2030"", ""2031"", ""2309"", ""1919"", ""1920"", ""1921"", ""4241"", ""2310"", ""2311"", ""2312"", ""2313"", ""2314"", ""ESTACION_CORREGIDORA_SUR""]","[""326"", ""326"", ""326"", ""326"", ""326"", ""326"", ""319"", ""319"", ""319"", ""319"", ""319"", ""319"", ""319"", ""319"", ""319"", ""319"", ""319"", ""319"", ""319"", ""319"", ""CAMINATA""]",5.0,Calle 25/Av. 8,20.571361,-100.392992
3232,26.73394702923823,353,C65,0,14,1,Directa,353,C65,,"[""3232"", ""3233"", ""3234"", ""3235"", ""3236"", ""2602"", ""4253"", ""3237"", ""3222"", ""3223"", ""3726"", ""3224"", ""2314"", ""ESTACION_CORREGIDORA_SUR""]","[""353"", ""353"", ""353"", ""353"", ""353"", ""353"", ""353"", ""353"", ""353"", ""353"", ""353"", ""353"", ""CAMINATA""]",5.0,Hacienda Tequisquiapan/Hacienda Jaral de Penas,20.59981913,-100.4337106
3394,26.900613695904894,374,T06,1,13,2,Con transbordo,374 → 355,T06 → C69,Río Querétaro,"[""3394"", ""2265"", ""5229"", ""2978"", ""2979"", ""2980"", ""2981"", ""3222"", ""3223"", ""3726"", ""3224"", ""2314"", ""ESTACION_CORREGIDORA_SUR""]","[""374"", ""374"", ""374"", ""374"", ""374"", ""374"", ""355"", ""355"", ""355"", ""355"", ""355"", ""CAMINATA""]",5.0,Carr. Lateral No. 57/Zona Comercial Zoco,20.57742391,-100.3866523
2405,26.947663934695946,134,C26,1,20,2,Con transbordo,134 → 325,C26 → C34,Avenida Cimatario/Mega Comercial,"[""2405"", ""2020"", ""2021"", ""2450"", ""2451"", ""1471"", ""1470"", ""1469"", ""1439"", ""1438"", ""2537"", ""1920"", ""1921"", ""4241"", ""2310"", ""2311"", ""2312"", ""2313"", ""2681"", ""ESTACION_CORREGIDORA_SUR""]","[""134"", ""325"", ""325"", ""325"", ""325"", ""325"", ""325"", ""325"", ""325"", ""325"", ""325"", ""325"", ""325"", ""325"", ""325"", ""325"", ""325"", ""325"", ""CAMINATA""]",5.0,Av. Magisterio (Cimatario)/Julio Ma. Cervantes,20.575016302348,-100.37290547791
2213,26.967280362571557,321,C27,0,20,1,Directa,321,C27,,"[""2213"", ""2214"", ""2215"", ""2478"", ""2308"", ""2028"", ""2029"", ""2030"", ""2031"", ""2309"", ""1919"", ""1920"", ""1921"", ""4241"", ""2310"", ""2311"", ""2312"", ""2313"", ""2314"", ""ESTACION_CORREGIDORA_SUR""]","[""321"", ""321"", ""321"", ""321"", ""321"", ""321"", ""321"", ""321"", ""321"", ""321"", ""321"", ""321"", ""321"", ""321"", ""321"", ""321"", ""321"", ""321"", ""CAMINATA""]",5.0,Prol. Luis Pasteur/Calle 5,20.564665461077,-100.38295194832
1300,27.192280362571562,90,L51,1,19,2,Con transbordo,90 → 97,L51 → C22,Constitución de 1917,"[""1300"", ""1301"", ""1302"", ""1761"", ""1303"", ""1304"", ""1305"", ""1306"", ""1432"", ""1433"", ""1434"", ""3297"", ""4241"", ""2310"", ""2311"", ""2312"", ""2313"", ""2314"", ""ESTACION_CORREGIDORA_SUR""]","[""90"", ""90"", ""90"", ""90"", ""90"", ""90"", ""90"", ""90"", ""90"", ""90"", ""97"", ""97"", ""97"", ""97"", ""97"", ""97"", ""97"", ""CAMINATA""]",5.0,Santa Bárbara,20.531918626296,-100.44061970847
3578,27.200613695904895,376,T08,1,20,2,Con transbordo,376 → 319,T08 → C24,Vicente Guerrero,"[""3578"", ""2216"", ""2217"", ""2218"", ""2219"", ""2032"", ""2023"", ""2024"", ""2856"", ""1918"", ""1919"", ""1920"", ""1921"", ""4241"", ""2310"", ""2311"", ""2312"", ""2313"", ""2314"", ""ESTACION_CORREGIDORA_SUR""]","[""376"", ""376"", ""376"", ""376"", ""376"", ""376"", ""376"", ""376"", ""376"", ""376"", ""319"", ""319"", ""319"", ""319"", ""319"", ""319"", ""319"", ""319"", ""CAMINATA""]",5.0,Av. del Parque/Garis S.A de C.V,20.56812637,-100.3796463
2545,27.250613695904896,326,C35,1,23,2,Con transbordo,326 → 319,C35 → C24,Corregidora/Luis M Vega y Monroy,"[""2545"", ""2546"", ""2303"", ""2304"", ""2305"", ""2306"", ""2307"", ""2308"", ""2028"", ""2029"", ""2030"", ""2031"", ""2309"", ""1919"", ""1920"", ""1921"", ""4241"", ""2310"", ""2311"", ""2312"", ""2313"", ""2314"", ""ESTACION_CORREGIDORA_SUR""]","[""326"", ""326"", ""326"", ""326"", ""326"", ""326"", ""326"", ""319"", ""319"", ""319"", ""319"", ""319"", ""319"", ""319"", ""319"", ""319"", ""319"", ""319"", ""319"", ""319"", ""319"", ""CAMINATA""]",5.0,Calle 25/Av. 12,20.56938785,-100.3922179
4111,27.34228036257156,90,L51,1,20,2,Con transbordo,90 → 97,L51 → C22,Constitución de 1917,"[""4111"", ""1300"", ""1301"", ""1302"", ""1761"", ""1303"", ""1304"", ""1305"", ""1306"", ""1432"", ""1433"", ""1434"", ""3297"", ""4241"", ""2310"", ""2311"", ""2312"", ""2313"", ""2314"", ""ESTACION_CORREGIDORA_SUR""]","[""90"", ""90"", ""90"", ""90"", ""90"", ""90"", ""90"", ""90"", ""90"", ""90"", ""90"", ""97"", ""97"", ""97"", ""97"", ""97"", ""97"", ""97"", ""CAMINATA""]",5.0,Carr. Coroneo/Av. Paseo Constituyentes,20.531106123699,-100.44136594948
1475,27.39766393469595,352,C64,1,18,2,Con transbordo,352 → 325,C64 → C34,Alameda,"[""1475"", ""1476"", ""1472"", ""1471"", ""1470"", ""1469"", ""1439"", ""1438"", ""2537"", ""1920"", ""1921"", ""4241"", ""2310"", ""2311"", ""2312"", ""2313"", ""2681"", ""ESTACION_CORREGIDORA_SUR""]","[""352"", ""352"", ""352"", ""352"", ""352"", ""352"", ""325"", ""325"", ""325"", ""325"", ""325"", ""325"", ""325"", ""325"", ""325"", ""325"", ""CAMINATA""]",5.0,Milenio,20.589308545676,-100.35136037723
2969,27.417280362571564,354,C68,1,18,2,Con transbordo,354 → 319,C68 → C24,Vicente Guerrero,"[""2969"", ""2970"", ""2219"", ""2032"", ""2023"", ""2024"", ""2856"", ""1918"", ""1919"", ""1920"", ""1921"", ""4241"", ""2310"", ""2311"", ""2312"", ""2313"", ""2314"", ""ESTACION_CORREGIDORA_SUR""]","[""354"", ""354"", ""354"", ""354"", ""354"", ""354"", ""354"", ""354"", ""319"", ""319"", ""319"", ""319"", ""319"", ""319"", ""319"", ""319"", ""CAMINATA""]",5.0,Av. Luis Vega Monrroy/Paseo de Los Cisnes,20.57658249,-100.3798639
2400,27.43394702923823,326,C35,1,18,2,Con transbordo,326 → 334,C35 → C43,Cto Mosés Solana/Luis Pasteur Asupizo,"[""2400"", ""2478"", ""2308"", ""2028"", ""2029"", ""2030"", ""2031"", ""2309"", ""1919"", ""1920"", ""1921"", ""4241"", ""2310"", ""2311"", ""2312"", ""2313"", ""2314"", ""ESTACION_CORREGIDORA_SUR""]","[""326"", ""334"", ""334"", ""334"", ""334"", ""334"", ""334"", ""334"", ""334"", ""334"", ""334"", ""334"", ""334"", ""334"", ""334"", ""334"", ""CAMINATA""]",5.0,Pasteur Sur/Luis Vega y Monroy,20.575440192711,-100.38287631475
5192,27.4506136959049,323,C31,2,13,3,Con transbordo,323 → 336 → 319,C31 → C46 → C24,Av. Universidad/Hidalgo → Avenida Ignacio Zaragoza/Comercial Mexicana,"[""5192"", ""2522"", ""2343"", ""2344"", ""2345"", ""1921"", ""4241"", ""2310"", ""2311"", ""2312"", ""2313"", ""2314"", ""ESTACION_CORREGIDORA_SUR""]","[""323"", ""323"", ""336"", ""336"", ""336"", ""319"", ""319"", ""319"", ""319"", ""319"", ""319"", ""CAMINATA""]",5.0,G. Garfias/Facultad de Artes (Uaq),20.590811877003,-100.40570559136
2262,27.467275783703972,336,C46,0,23,1,Directa,336,C46,,"[""2262"", ""2263"", ""3023"", ""2264"", ""4393"", ""2199"", ""1762"", ""1763"", ""2200"", ""4430"", ""1764"", ""1765"", ""1766"", ""2201"", ""4241"", ""2310"", ""3570"", ""3571"", ""3572"", ""2311"", ""2312"", ""2313"", ""ESTACION_CORREGIDORA_SUR""]","[""336"", ""336"", ""336"", ""336"", ""336"", ""336"", ""336"", ""336"", ""336"", ""336"", ""336"", ""336"", ""336"", ""336"", ""336"", ""336"", ""336"", ""336"", ""336"", ""336"", ""336"", ""CAMINATA""]",5.0,Av. Candiles/Av. Chabacano,20.552212,-100.409277
2404,27.530997268029278,134,C26,1,21,2,Con transbordo,134 → 325,C26 → C34,Avenida Cimatario/Mega Comercial,"[""2404"", ""2405"", ""2020"", ""2021"", ""2450"", ""2451"", ""1471"", ""1470"", ""1469"", ""1439"", ""1438"", ""2537"", ""1920"", ""1921"", ""4241"", ""2310"", ""2311"", ""2312"", ""2313"", ""2681"", ""ESTACION_CORREGIDORA_SUR""]","[""134"", ""134"", ""325"", ""325"", ""325"", ""325"", ""325"", ""325"", ""325"", ""325"", ""325"", ""325"", ""325"", ""325"", ""325"", ""325"", ""325"", ""325"", ""325"", ""CAMINATA""]",5.0,Avenida Colinas del Cimatario/Cerro Blanco,20.57313343416,-100.37223217717
1901,27.600613695904908,378,T10,1,18,2,Con transbordo,378 → 319,T10 → C24,Vicente Guerrero,"[""1901"", ""2082"", ""2161"", ""1883"", ""1882"", ""1881"", ""1879"", ""1918"", ""1919"", ""1920"", ""1921"", ""4241"", ""2310"", ""2311"", ""2312"", ""2313"", ""2314"", ""ESTACION_CORREGIDORA_SUR""]","[""378"", ""378"", ""378"", ""378"", ""378"", ""378"", ""378"", ""378"", ""319"", ""319"", ""319"", ""319"", ""319"", ""319"", ""319"", ""319"", ""CAMINATA""]",5.0,Calz. de Los Arcos/Bernardo Quintana,20.59688,-100.37181
1905,27.60614727566081,369,L62,1,18,2,Con transbordo,369 → 324,L62 → C33,Ignacio Zaragoza/Dr. Lucio,"[""1905"", ""2082"", ""2161"", ""1883"", ""1882"", ""1881"", ""1879"", ""1918"", ""1919"", ""1920"", ""1921"", ""4241"", ""2310"", ""2311"", ""2312"", ""2313"", ""3283"", ""ESTACION_CORREGIDORA_SUR""]","[""369"", ""369"", ""369"", ""369"", ""369"", ""369"", ""324"", ""324"", ""324"", ""324"", ""324"", ""324"", ""324"", ""324"", ""324"", ""324"", ""CAMINATA""]",5.0,Av. Hércules Poniente/Calle de Las Delicias,20.600821822971,-100.36866941897
2038,27.63099726802928,325,C34,0,25,1,Directa,325,C34,,"[""2038"", ""2039"", ""2246"", ""2017"", ""2018"", ""2019"", ""2020"", ""2021"", ""2450"", ""2451"", ""1471"", ""1470"", ""1469"", ""1439"", ""1438"", ""2537"", ""1920"", ""1921"", ""4241"", ""2310"", ""2311"", ""2312"", ""2313"", ""2681"", ""ESTACION_CORREGIDORA_SUR""]","[""325"", ""325"", ""325"", ""325"", ""325"", ""325"", ""325"", ""325"", ""325"", ""325"", ""325"", ""325"", ""325"", ""325"", ""325"", ""325"", ""325"", ""325"", ""325"", ""325"", ""325"", ""325"", ""325"", ""CAMINATA""]",5.0,Luis Vega/Monroy Hospital de Especialidades,20.578438800109,-100.36998195477
2669,27.633942450370636,337,C47,1,15,2,Con transbordo,337 → 338,C47 → C48,Blvd. de Las Américas/Calle Antonio Rivera de la Torre,"[""2669"", ""2294"", ""2295"", ""2296"", ""2418"", ""2419"", ""5180"", ""2672"", ""2201"", ""4241"", ""2310"", ""2311"", ""2312"", ""2313"", ""ESTACION_CORREGIDORA_SUR""]","[""337"", ""338"", ""338"", ""338"", ""338"", ""338"", ""338"", ""338"", ""338"", ""338"", ""338"", ""338"", ""338"", ""CAMINATA""]",5.0,Calle Antonio Acona/Blvd. de Las Américas,20.55521583,-100.3965327
5097,27.650613695904898,353,C65,0,15,1,Directa,353,C65,,"[""5097"", ""3232"", ""3233"", ""3234"", ""3235"", ""3236"", ""2602"", ""4253"", ""3237"", ""3222"", ""3223"", ""3726"", ""3224"", ""2314"", ""ESTACION_CORREGIDORA_SUR""]","[""353"", ""353"", ""353"", ""353"", ""353"", ""353"", ""353"", ""353"", ""353"", ""353"", ""353"", ""353"", ""353"", ""CAMINATA""]",5.0,Hacienda José Julián Llaguno/Hacienda Tequisquiapan,20.599746577808,-100.43204014092
4099,27.717275783703965,356,L108,1,11,2,Con transbordo,356 → 338,L108 → C48,Ignacio Zaragoza/Imss,"[""4099"", ""2616"", ""4100"", ""1766"", ""2201"", ""4241"", ""2310"", ""2311"", ""2312"", ""2313"", ""ESTACION_CORREGIDORA_SUR""]","[""356"", ""356"", ""356"", ""356"", ""338"", ""338"", ""338"", ""338"", ""338"", ""CAMINATA""]",5.0,Carr. Tlacote/Av. de Las Galindas,20.587199127686,-100.41730819906
2261,27.733942450370638,336,C46,0,24,1,Directa,336,C46,,"[""2261"", ""2262"", ""2263"", ""3023"", ""2264"", ""4393"", ""2199"", ""1762"", ""1763"", ""2200"", ""4430"", ""1764"", ""1765"", ""1766"", ""2201"", ""4241"", ""2310"", ""3570"", ""3571"", ""3572"", ""2311"", ""2312"", ""2313"", ""ESTACION_CORREGIDORA_SUR""]","[""336"", ""336"", ""336"", ""336"", ""336"", ""336"", ""336"", ""336"", ""336"", ""336"", ""336"", ""336"", ""336"", ""336"", ""336"", ""336"", ""336"", ""336"", ""336"", ""336"", ""336"", ""336"", ""CAMINATA""]",5.0,Av. Candiles/Mar de la Tranquilidad,20.551386,-100.408913
1341,27.767275783703965,98,C23,1,15,2,Con transbordo,98 → 338,C23 → C48,Ignacio Zaragoza/Imss,"[""1341"", ""1762"", ""1763"", ""2200"", ""4430"", ""1764"", ""1765"", ""1766"", ""2201"", ""4241"", ""2310"", ""2311"", ""2312"", ""2313"", ""ESTACION_CORREGIDORA_SUR""]","[""98"", ""98"", ""98"", ""98"", ""98"", ""98"", ""98"", ""98"", ""338"", ""338"", ""338"", ""338"", ""338"", ""CAMINATA""]",5.0,Blvd. Hacienda del Jacal/Prol. Zaragoza,20.566518231595,-100.41544995548
1926,27.774789611195203,340,C50,1,17,2,Con transbordo,340 → 345,C50 → C55,Av. Universidad/Escuela Normal,"[""1926"", ""2203"", ""1895"", ""1896"", ""1897"", ""2454"", ""2453"", ""2547"", ""2548"", ""2549"", ""2550"", ""2551"", ""2956"", ""2552"", ""2393"", ""2394"", ""ESTACION_CORREGIDORA_SUR""]","[""340"", ""340"", ""340"", ""340"", ""340"", ""340"", ""340"", ""340"", ""340"", ""340"", ""345"", ""345"", ""345"", ""345"", ""345"", ""CAMINATA""]",5.0,Ignacio Zaragoza/Ignacio Allende,20.587967,-100.3922565
2615,27.983942450370634,234,L117,1,12,2,Con transbordo,234 → 338,L117 → C48,Blvd. de Las Américas/Carlos Esquerro,"[""2615"", ""2418"", ""2419"", ""5180"", ""2672"", ""2201"", ""4241"", ""2310"", ""2311"", ""2312"", ""2313"", ""ESTACION_CORREGIDORA_SUR""]","[""234"", ""338"", ""338"", ""338"", ""338"", ""338"", ""338"", ""338"", ""338"", ""338"", ""CAMINATA""]",5.0,Calle Antonio Carranza/Blvd. de Las Américas,20.55879258,-100.3970862
2517,27.983947029238237,341,C51,0,22,1,Directa,341,C51,,"[""2517"", ""2214"", ""2215"", ""2216"", ""2217"", ""2218"", ""2219"", ""2032"", ""2023"", ""2024"", ""2856"", ""1918"", ""1919"", ""1920"", ""1921"", ""4241"", ""2310"", ""2311"", ""2312"", ""2313"", ""2314"", ""ESTACION_CORREGIDORA_SUR""]","[""341"", ""341"", ""341"", ""341"", ""341"", ""341"", ""341"", ""341"", ""341"", ""341"", ""341"", ""341"", ""341"", ""341"", ""341"", ""341"", ""341"", ""341"", ""341"", ""341"", ""CAMINATA""]",5.0,Av. 26/Calle Gustavo Díaz Ordaz,20.56628743,-100.3832707
2244,28.05812294452853,329,C38,2,16,3,Con transbordo,329 → 326 → 345,C38 → C35 → C55,Avenida Ignacio Zaragoza/Calle Manuel Altamirano → Av. Universidad/Escuela Normal,"[""2244"", ""1895"", ""1896"", ""1897"", ""2454"", ""2453"", ""2547"", ""2548"", ""2549"", ""2550"", ""2551"", ""2956"", ""2552"", ""2393"", ""2394"", ""ESTACION_CORREGIDORA_SUR""]","[""329"", ""326"", ""326"", ""326"", ""326"", ""326"", ""326"", ""326"", ""326"", ""345"", ""345"", ""345"", ""345"", ""345"", ""CAMINATA""]",5.0,Alameda/Pasteur,20.589134589937,-100.38677806857
1431,28.058947029238226,90,L51,1,21,2,Con transbordo,90 → 97,L51 → C22,Constitución de 1917,"[""1431"", ""4111"", ""1300"", ""1301"", ""1302"", ""1761"", ""1303"", ""1304"", ""1305"", ""1306"", ""1432"", ""1433"", ""1434"", ""3297"", ""4241"", ""2310"", ""2311"", ""2312"", ""2313"", ""2314"", ""ESTACION_CORREGIDORA_SUR""]","[""90"", ""90"", ""90"", ""90"", ""90"", ""90"", ""90"", ""90"", ""90"", ""90"", ""90"", ""90"", ""97"", ""97"", ""97"", ""97"", ""97"", ""97"", ""97"", ""CAMINATA""]",5.0,Benito Juárez/Gral. Guadalupe Victoria,20.525701885178,-100.44090920308
1367,28.09228036257156,90,L51,1,22,2,Con transbordo,90 → 97,L51 → C22,Constitución de 1917,"[""1367"", ""1431"", ""4111"", ""1300"", ""1301"", ""1302"", ""1761"", ""1303"", ""1304"", ""1305"", ""1306"", ""1432"", ""1433"", ""1434"", ""3297"", ""4241"", ""2310"", ""2311"", ""2312"", ""2313"", ""2314"", ""ESTACION_CORREGIDORA_SUR""]","[""90"", ""90"", ""90"", ""90"", ""90"", ""90"", ""90"", ""90"", ""90"", ""90"", ""90"", ""90"", ""90"", ""97"", ""97"", ""97"", ""97"", ""97"", ""97"", ""97"", ""CAMINATA""]",5.0,Gral. Guadalupe Victoria/Benito Juárez,20.525561578034,-100.44096882335
1885,28.147663934695945,379,T13,1,18,2,Con transbordo,379 → 325,T13 → C34,Carretas,"[""1885"", ""3349"", ""1472"", ""1471"", ""1470"", ""1469"", ""1439"", ""1438"", ""2537"", ""1920"", ""1921"", ""4241"", ""2310"", ""2311"", ""2312"", ""2313"", ""2681"", ""ESTACION_CORREGIDORA_SUR""]","[""379"", ""379"", ""325"", ""325"", ""325"", ""325"", ""325"", ""325"", ""325"", ""325"", ""325"", ""325"", ""325"", ""325"", ""325"", ""325"", ""CAMINATA""]",5.0,Bernardo Quintana/Calzada de Los Arcos,20.596179492011,-100.37239060751
1894,28.289480608994143,369,L62,1,19,2,Con transbordo,369 → 324,L62 → C33,Ignacio Zaragoza/Dr. Lucio,"[""1894"", ""1905"", ""2082"", ""2161"", ""1883"", ""1882"", ""1881"", ""1879"", ""1918"", ""1919"", ""1920"", ""1921"", ""4241"", ""2310"", ""2311"", ""2312"", ""2313"", ""3283"", ""ESTACION_CORREGIDORA_SUR""]","[""369"", ""369"", ""369"", ""369"", ""369"", ""369"", ""369"", ""324"", ""324"", ""324"", ""324"", ""324"", ""324"", ""324"", ""324"", ""324"", ""324"", ""CAMINATA""]",5.0,Av. Hércules Poniente/Del Deporte,20.60194664624,-100.36631993012
5191,28.3006136959049,323,C31,2,14,3,Con transbordo,323 → 336 → 319,C31 → C46 → C24,Av. Universidad/Hidalgo → Avenida Ignacio Zaragoza/Comercial Mexicana,"[""5191"", ""5192"", ""2522"", ""2343"", ""2344"", ""2345"", ""1921"", ""4241"", ""2310"", ""2311"", ""2312"", ""2313"", ""2314"", ""ESTACION_CORREGIDORA_SUR""]","[""323"", ""323"", ""323"", ""336"", ""336"", ""336"", ""319"", ""319"", ""319"", ""319"", ""319"", ""319"", ""CAMINATA""]",5.0,Universidad/Cerro de Las Campanas,20.59188044274,-100.40753258295
1447,28.325613695904895,90,L51,1,23,2,Con transbordo,90 → 97,L51 → C22,Constitución de 1917,"[""1447"", ""1367"", ""1431"", ""4111"", ""1300"", ""1301"", ""1302"", ""1761"", ""1303"", ""1304"", ""1305"", ""1306"", ""1432"", ""1433"", ""1434"", ""3297"", ""4241"", ""2310"", ""2311"", ""2312"", ""2313"", ""2314"", ""ESTACION_CORREGIDORA_SUR""]","[""90"", ""90"", ""90"", ""90"", ""90"", ""90"", ""90"", ""90"", ""90"", ""90"", ""90"", ""90"", ""90"", ""90"", ""97"", ""97"", ""97"", ""97"", ""97"", ""97"", ""97"", ""CAMINATA""]",5.0,Guadalupe Victoria/Francisco León de la Barra,20.524481422252,-100.43949261619
2668,28.3506091170373,337,C47,1,16,2,Con transbordo,337 → 338,C47 → C48,Blvd. de Las Américas/Calle Antonio Rivera de la Torre,"[""2668"", ""2669"", ""2294"", ""2295"", ""2296"", ""2418"", ""2419"", ""5180"", ""2672"", ""2201"", ""4241"", ""2310"", ""2311"", ""2312"", ""2313"", ""ESTACION_CORREGIDORA_SUR""]","[""337"", ""337"", ""338"", ""338"", ""338"", ""338"", ""338"", ""338"", ""338"", ""338"", ""338"", ""338"", ""338"", ""338"", ""CAMINATA""]",5.0,Calle Antonio Acona/Fresno,20.555284362014,-100.3985751475
2260,28.350609117037305,336,C46,0,25,1,Directa,336,C46,,"[""2260"", ""2261"", ""2262"", ""2263"", ""3023"", ""2264"", ""4393"", ""2199"", ""1762"", ""1763"", ""2200"", ""4430"", ""1764"", ""1765"", ""1766"", ""2201"", ""4241"", ""2310"", ""3570"", ""3571"", ""3572"", ""2311"", ""2312"", ""2313"", ""ESTACION_CORREGIDORA_SUR""]","[""336"", ""336"", ""336"", ""336"", ""336"", ""336"", ""336"", ""336"", ""336"", ""336"", ""336"", ""336"", ""336"", ""336"", ""336"", ""336"", ""336"", ""336"", ""336"", ""336"", ""336"", ""336"", ""336"", ""CAMINATA""]",5.0,Av. Candiles/Mar Copérnico,20.54949527,-100.4080396
2544,28.38394702923823,326,C35,1,24,2,Con transbordo,326 → 319,C35 → C24,Corregidora/Luis M Vega y Monroy,"[""2544"", ""2545"", ""2546"", ""2303"", ""2304"", ""2305"", ""2306"", ""2307"", ""2308"", ""2028"", ""2029"", ""2030"", ""2031"", ""2309"", ""1919"", ""1920"", ""1921"", ""4241"", ""2310"", ""2311"", ""2312"", ""2313"", ""2314"", ""ESTACION_CORREGIDORA_SUR""]","[""326"", ""326"", ""326"", ""326"", ""326"", ""326"", ""326"", ""326"", ""319"", ""319"", ""319"", ""319"", ""319"", ""319"", ""319"", ""319"", ""319"", ""319"", ""319"", ""319"", ""319"", ""319"", ""CAMINATA""]",5.0,Calle 25/Calle 24,20.56612939,-100.39095
2968,28.417280362571564,354,C68,1,19,2,Con transbordo,354 → 319,C68 → C24,Vicente Guerrero,"[""2968"", ""2969"", ""2970"", ""2219"", ""2032"", ""2023"", ""2024"", ""2856"", ""1918"", ""1919"", ""1920"", ""1921"", ""4241"", ""2310"", ""2311"", ""2312"", ""2313"", ""2314"", ""ESTACION_CORREGIDORA_SUR""]","[""354"", ""354"", ""354"", ""354"", ""354"", ""354"", ""354"", ""354"", ""354"", ""319"", ""319"", ""319"", ""319"", ""319"", ""319"", ""319"", ""319"", ""CAMINATA""]",5.0,Av. Luis Vega Monrroy/Pl. del Calvario,20.57711624,-100.3771523
2302,28.4506136959049,375,T07,1,22,2,Con transbordo,375 → 319,T07 → C24,Corregidora/Luis M Vega y Monroy,"[""2302"", ""2303"", ""2304"", ""2305"", ""2306"", ""2307"", ""2308"", ""2028"", ""2029"", ""2030"", ""2031"", ""2309"", ""1919"", ""1920"", ""1921"", ""4241"", ""2310"", ""2311"", ""2312"", ""2313"", ""2314"", ""ESTACION_CORREGIDORA_SUR""]","[""375"", ""375"", ""375"", ""375"", ""375"", ""375"", ""319"", ""319"", ""319"", ""319"", ""319"", ""319"", ""319"", ""319"", ""319"", ""319"", ""319"", ""319"", ""319"", ""319"", ""CAMINATA""]",5.0,Av. 8/Calle 27,20.57134584,-100.393434
3686,28.533947029238238,341,C51,0,23,1,Directa,341,C51,,"[""3686"", ""2517"", ""2214"", ""2215"", ""2216"", ""2217"", ""2218"", ""2219"", ""2032"", ""2023"", ""2024"", ""2856"", ""1918"", ""1919"", ""1920"", ""1921"", ""4241"", ""2310"", ""2311"", ""2312"", ""2313"", ""2314"", ""ESTACION_CORREGIDORA_SUR""]","[""341"", ""341"", ""341"", ""341"", ""341"", ""341"", ""341"", ""341"", ""341"", ""341"", ""341"", ""341"", ""341"", ""341"", ""341"", ""341"", ""341"", ""341"", ""341"", ""341"", ""341"", ""CAMINATA""]",5.0,Av. Presidentes/Miguel Alemán Valdés,20.566336057449,-100.38473349935
2212,28.56728036257156,321,C27,0,21,1,Directa,321,C27,,"[""2212"", ""2213"", ""2214"", ""2215"", ""2478"", ""2308"", ""2028"", ""2029"", ""2030"", ""2031"", ""2309"", ""1919"", ""1920"", ""1921"", ""4241"", ""2310"", ""2311"", ""2312"", ""2313"", ""2314"", ""ESTACION_CORREGIDORA_SUR""]","[""321"", ""321"", ""321"", ""321"", ""321"", ""321"", ""321"", ""321"", ""321"", ""321"", ""321"", ""321"", ""321"", ""321"", ""321"", ""321"", ""321"", ""321"", ""321"", ""CAMINATA""]",5.0,Luis Pasteur/Calle 13,20.560536623048,-100.38307601315
1366,28.59228036257156,90,L51,1,24,2,Con transbordo,90 → 97,L51 → C22,Constitución de 1917,"[""1366"", ""1447"", ""1367"", ""1431"", ""4111"", ""1300"", ""1301"", ""1302"", ""1761"", ""1303"", ""1304"", ""1305"", ""1306"", ""1432"", ""1433"", ""1434"", ""3297"", ""4241"", ""2310"", ""2311"", ""2312"", ""2313"", ""2314"", ""ESTACION_CORREGIDORA_SUR""]","[""90"", ""90"", ""90"", ""90"", ""90"", ""90"", ""90"", ""90"", ""90"", ""90"", ""90"", ""90"", ""90"", ""90"", ""90"", ""97"", ""97"", ""97"", ""97"", ""97"", ""97"", ""97"", ""CAMINATA""]",5.0,Lic. Luis Echeverría Álvarez/Gral. Guadalupe Victoria,20.523212088793,-100.43791040999
2524,28.6006136959049,139,C32,2,12,3,Con transbordo,139 → 360 → 97,C32 → L152 → C22,Ignacio Zaragoza/Ezequiel Montes → Av. Tecnológico/Fernando Loyola,"[""2524"", ""1924"", ""1437"", ""1440"", ""3297"", ""4241"", ""2310"", ""2311"", ""2312"", ""2313"", ""2314"", ""ESTACION_CORREGIDORA_SUR""]","[""139"", ""360"", ""360"", ""360"", ""97"", ""97"", ""97"", ""97"", ""97"", ""97"", ""CAMINATA""]",5.0,Ignacio Pérez/Av. Ignacio Zaragoza,20.586041,-100.399755
2245,28.614330601362614,325,C34,0,26,1,Directa,325,C34,,"[""2245"", ""2038"", ""2039"", ""2246"", ""2017"", ""2018"", ""2019"", ""2020"", ""2021"", ""2450"", ""2451"", ""1471"", ""1470"", ""1469"", ""1439"", ""1438"", ""2537"", ""1920"", ""1921"", ""4241"", ""2310"", ""2311"", ""2312"", ""2313"", ""2681"", ""ESTACION_CORREGIDORA_SUR""]","[""325"", ""325"", ""325"", ""325"", ""325"", ""325"", ""325"", ""325"", ""325"", ""325"", ""325"", ""325"", ""325"", ""325"", ""325"", ""325"", ""325"", ""325"", ""325"", ""325"", ""325"", ""325"", ""325"", ""325"", ""CAMINATA""]",5.0,Av. Luis Vega Monrroy/Prol. del Cimatario,20.577607871928,-100.37310084685
2519,28.63394702923823,376,T08,1,21,2,Con transbordo,376 → 319,T08 → C24,Vicente Guerrero,"[""2519"", ""3578"", ""2216"", ""2217"", ""2218"", ""2219"", ""2032"", ""2023"", ""2024"", ""2856"", ""1918"", ""1919"", ""1920"", ""1921"", ""4241"", ""2310"", ""2311"", ""2312"", ""2313"", ""2314"", ""ESTACION_CORREGIDORA_SUR""]","[""376"", ""376"", ""376"", ""376"", ""376"", ""376"", ""376"", ""376"", ""376"", ""376"", ""376"", ""319"", ""319"", ""319"", ""319"", ""319"", ""319"", ""319"", ""319"", ""CAMINATA""]",5.0,Av. del Parque/Home Depot,20.5644431354,-100.37624285485
2035,28.650613695904894,326,C35,1,19,2,Con transbordo,326 → 334,C35 → C43,Cto Mosés Solana/Luis Pasteur Asupizo,"[""2035"", ""2400"", ""2478"", ""2308"", ""2028"", ""2029"", ""2030"", ""2031"", ""2309"", ""1919"", ""1920"", ""1921"", ""4241"", ""2310"", ""2311"", ""2312"", ""2313"", ""2314"", ""ESTACION_CORREGIDORA_SUR""]","[""326"", ""326"", ""334"", ""334"", ""334"", ""334"", ""334"", ""334"", ""334"", ""334"", ""334"", ""334"", ""334"", ""334"", ""334"", ""334"", ""334"", ""CAMINATA""]",5.0,Prol. Luis Pasteur/José Sotelo,20.579348675446,-100.38300295118
3777,28.717280362571564,381,L155,1,16,2,Con transbordo,381 → 333,L155 → C42,Av. Prol. Zaragoza/Av. Hilario Frías y Soto,"[""3777"", ""4430"", ""1764"", ""1765"", ""1766"", ""2201"", ""4241"", ""2310"", ""3570"", ""3571"", ""3572"", ""2311"", ""2312"", ""2313"", ""2314"", ""ESTACION_CORREGIDORA_SUR""]","[""381"", ""333"", ""333"", ""333"", ""333"", ""333"", ""333"", ""333"", ""333"", ""333"", ""333"", ""333"", ""333"", ""333"", ""CAMINATA""]",5.0,Av. de Las Galindas/El Charro,20.58496256,-100.4162232
1925,28.724789611195202,340,C50,1,18,2,Con transbordo,340 → 345,C50 → C55,Av. Universidad/Escuela Normal,"[""1925"", ""1926"", ""2203"", ""1895"", ""1896"", ""1897"", ""2454"", ""2453"", ""2547"", ""2548"", ""2549"", ""2550"", ""2551"", ""2956"", ""2552"", ""2393"", ""2394"", ""ESTACION_CORREGIDORA_SUR""]","[""340"", ""340"", ""340"", ""340"", ""340"", ""340"", ""340"", ""340"", ""340"", ""340"", ""340"", ""345"", ""345"", ""345"", ""345"", ""345"", ""CAMINATA""]",5.0,Ignacio Zaragoza/Vicente Guerrero Salesiano,20.5872676,-100.3943766
1446,28.725613695904894,90,L51,1,25,2,Con transbordo,90 → 97,L51 → C22,Constitución de 1917,"[""1446"", ""1366"", ""1447"", ""1367"", ""1431"", ""4111"", ""1300"", ""1301"", ""1302"", ""1761"", ""1303"", ""1304"", ""1305"", ""1306"", ""1432"", ""1433"", ""1434"", ""3297"", ""4241"", ""2310"", ""2311"", ""2312"", ""2313"", ""2314"", ""ESTACION_CORREGIDORA_SUR""]","[""90"", ""90"", ""90"", ""90"", ""90"", ""90"", ""90"", ""90"", ""90"", ""90"", ""90"", ""90"", ""90"", ""90"", ""90"", ""90"", ""97"", ""97"", ""97"", ""97"", ""97"", ""97"", ""97"", ""CAMINATA""]",5.0,Emilio Portes Gil/Lic. Luis Echeverría Álvarez,20.522411,-100.438496
5096,28.817280362571566,353,C65,0,16,1,Directa,353,C65,,"[""5096"", ""5097"", ""3232"", ""3233"", ""3234"", ""3235"", ""3236"", ""2602"", ""4253"", ""3237"", ""3222"", ""3223"", ""3726"", ""3224"", ""2314"", ""ESTACION_CORREGIDORA_SUR""]","[""353"", ""353"", ""353"", ""353"", ""353"", ""353"", ""353"", ""353"", ""353"", ""353"", ""353"", ""353"", ""353"", ""353"", ""CAMINATA""]",5.0,Hacienda José Julián Llaguno/Hacienda Las Teresas,20.597789,-100.431587
2449,28.847663934695944,134,C26,1,22,2,Con transbordo,134 → 325,C26 → C34,Avenida Cimatario/Mega Comercial,"[""2449"", ""2404"", ""2405"", ""2020"", ""2021"", ""2450"", ""2451"", ""1471"", ""1470"", ""1469"", ""1439"", ""1438"", ""2537"", ""1920"", ""1921"", ""4241"", ""2310"", ""2311"", ""2312"", ""2313"", ""2681"", ""ESTACION_CORREGIDORA_SUR""]","[""134"", ""134"", ""134"", ""325"", ""325"", ""325"", ""325"", ""325"", ""325"", ""325"", ""325"", ""325"", ""325"", ""325"", ""325"", ""325"", ""325"", ""325"", ""325"", ""325"", ""CAMINATA""]",5.0,Av. Colinas del Cimatario/Cerro del Tesoro,20.56868489113,-100.37099598933
2543,28.850613695904894,326,C35,1,25,2,Con transbordo,326 → 319,C35 → C24,Corregidora/Luis M Vega y Monroy,"[""2543"", ""2544"", ""2545"", ""2546"", ""2303"", ""2304"", ""2305"", ""2306"", ""2307"", ""2308"", ""2028"", ""2029"", ""2030"", ""2031"", ""2309"", ""1919"", ""1920"", ""1921"", ""4241"", ""2310"", ""2311"", ""2312"", ""2313"", ""2314"", ""ESTACION_CORREGIDORA_SUR""]","[""326"", ""326"", ""326"", ""326"", ""326"", ""326"", ""326"", ""326"", ""326"", ""319"", ""319"", ""319"", ""319"", ""319"", ""319"", ""319"", ""319"", ""319"", ""319"", ""319"", ""319"", ""319"", ""319"", ""CAMINATA""]",5.0,Calle 25/Av. 26,20.564779,-100.39047
3640,28.90614727566081,369,L62,1,20,2,Con transbordo,369 → 324,L62 → C33,Ignacio Zaragoza/Dr. Lucio,"[""3640"", ""1894"", ""1905"", ""2082"", ""2161"", ""1883"", ""1882"", ""1881"", ""1879"", ""1918"", ""1919"", ""1920"", ""1921"", ""4241"", ""2310"", ""2311"", ""2312"", ""2313"", ""3283"", ""ESTACION_CORREGIDORA_SUR""]","[""369"", ""369"", ""369"", ""369"", ""369"", ""369"", ""369"", ""369"", ""324"", ""324"", ""324"", ""324"", ""324"", ""324"", ""324"", ""324"", ""324"", ""324"", ""CAMINATA""]",5.0,Emeterio González/Del Deporte,20.603991584179,-100.36548133284
1365,28.975613695904894,90,L51,1,26,2,Con transbordo,90 → 97,L51 → C22,Constitución de 1917,"[""1365"", ""1446"", ""1366"", ""1447"", ""1367"", ""1431"", ""4111"", ""1300"", ""1301"", ""1302"", ""1761"", ""1303"", ""1304"", ""1305"", ""1306"", ""1432"", ""1433"", ""1434"", ""3297"", ""4241"", ""2310"", ""2311"", ""2312"", ""2313"", ""2314"", ""ESTACION_CORREGIDORA_SUR""]","[""90"", ""90"", ""90"", ""90"", ""90"", ""90"", ""90"", ""90"", ""90"", ""90"", ""90"", ""90"", ""90"", ""90"", ""90"", ""90"", ""90"", ""97"", ""97"", ""97"", ""97"", ""97"", ""97"", ""97"", ""CAMINATA""]",5.0,Gral. Ávila Camacho/Emilio Portes Gil,20.52117873662,-100.43705268669
2600,28.98394702923823,334,C43,0,26,1,Directa,334,C43,,"[""2600"", ""2545"", ""2546"", ""2303"", ""2304"", ""2305"", ""2306"", ""2232"", ""2629"", ""2478"", ""2308"", ""2028"", ""2029"", ""2030"", ""2031"", ""2309"", ""1919"", ""1920"", ""1921"", ""4241"", ""2310"", ""2311"", ""2312"", ""2313"", ""2314"", ""ESTACION_CORREGIDORA_SUR""]","[""334"", ""334"", ""334"", ""334"", ""334"", ""334"", ""334"", ""334"", ""334"", ""334"", ""334"", ""334"", ""334"", ""334"", ""334"", ""334"", ""334"", ""334"", ""334"", ""334"", ""334"", ""334"", ""334"", ""334"", ""CAMINATA""]",5.0,Calle 37/Av. 14,20.567909,-100.394742
2967,29.017280362571565,354,C68,1,20,2,Con transbordo,354 → 319,C68 → C24,Vicente Guerrero,"[""2967"", ""2968"", ""2969"", ""2970"", ""2219"", ""2032"", ""2023"", ""2024"", ""2856"", ""1918"", ""1919"", ""1920"", ""1921"", ""4241"", ""2310"", ""2311"", ""2312"", ""2313"", ""2314"", ""ESTACION_CORREGIDORA_SUR""]","[""354"", ""354"", ""354"", ""354"", ""354"", ""354"", ""354"", ""354"", ""354"", ""354"", ""319"", ""319"", ""319"", ""319"", ""319"", ""319"", ""319"", ""319"", ""CAMINATA""]",5.0,Av Luis Vega Monrroy/Pl. San José,20.57741696,-100.3755454
1445,29.108947029238227,90,L51,1,27,2,Con transbordo,90 → 97,L51 → C22,Constitución de 1917,"[""1445"", ""1365"", ""1446"", ""1366"", ""1447"", ""1367"", ""1431"", ""4111"", ""1300"", ""1301"", ""1302"", ""1761"", ""1303"", ""1304"", ""1305"", ""1306"", ""1432"", ""1433"", ""1434"", ""3297"", ""4241"", ""2310"", ""2311"", ""2312"", ""2313"", ""2314"", ""ESTACION_CORREGIDORA_SUR""]","[""90"", ""90"", ""90"", ""90"", ""90"", ""90"", ""90"", ""90"", ""90"", ""90"", ""90"", ""90"", ""90"", ""90"", ""90"", ""90"", ""90"", ""90"", ""97"", ""97"", ""97"", ""97"", ""97"", ""97"", ""97"", ""CAMINATA""]",5.0,Gral. Ávila Camacho/Calle Francisco Carbajal,20.520380119134,-100.43770301884
2410,29.114330601362614,98,C23,1,21,2,Con transbordo,98 → 325,C23 → C34,Alameda,"[""2410"", ""2411"", ""2412"", ""2218"", ""2219"", ""2032"", ""2023"", ""2024"", ""2856"", ""1439"", ""1438"", ""2537"", ""1920"", ""1921"", ""4241"", ""2310"", ""2311"", ""2312"", ""2313"", ""2681"", ""ESTACION_CORREGIDORA_SUR""]","[""98"", ""98"", ""98"", ""98"", ""98"", ""98"", ""98"", ""98"", ""98"", ""325"", ""325"", ""325"", ""325"", ""325"", ""325"", ""325"", ""325"", ""325"", ""325"", ""CAMINATA""]",5.0,Circ. Moisés Solana/Manuel Payno (Juzgados),20.57413898094,-100.37816333913
3622,29.142280362571565,370,T02,1,13,2,Con transbordo,370 → 97,T02 → C22,El Pocito,"[""3622"", ""1306"", ""1432"", ""1433"", ""1434"", ""3297"", ""4241"", ""2310"", ""2311"", ""2312"", ""2313"", ""2314"", ""ESTACION_CORREGIDORA_SUR""]","[""370"", ""97"", ""97"", ""97"", ""97"", ""97"", ""97"", ""97"", ""97"", ""97"", ""97"", ""CAMINATA""]",5.0,Sonora/Av. Paseo Constituyentes,20.55578952,-100.4192266
4098,29.2006091170373,356,L108,1,12,2,Con transbordo,356 → 338,L108 → C48,Ignacio Zaragoza/Imss,"[""4098"", ""4099"", ""2616"", ""4100"", ""1766"", ""2201"", ""4241"", ""2310"", ""2311"", ""2312"", ""2313"", ""ESTACION_CORREGIDORA_SUR""]","[""356"", ""356"", ""356"", ""356"", ""356"", ""338"", ""338"", ""338"", ""338"", ""338"", ""CAMINATA""]",5.0,Carr. Tlacote/Colegio Oakland,20.587752331091,-100.41960107821
2034,29.233947029238227,326,C35,1,20,2,Con transbordo,326 → 334,C35 → C43,Cto Mosés Solana/Luis Pasteur Asupizo,"[""2034"", ""2035"", ""2400"", ""2478"", ""2308"", ""2028"", ""2029"", ""2030"", ""2031"", ""2309"", ""1919"", ""1920"", ""1921"", ""4241"", ""2310"", ""2311"", ""2312"", ""2313"", ""2314"", ""ESTACION_CORREGIDORA_SUR""]","[""326"", ""326"", ""326"", ""334"", ""334"", ""334"", ""334"", ""334"", ""334"", ""334"", ""334"", ""334"", ""334"", ""334"", ""334"", ""334"", ""334"", ""334"", ""CAMINATA""]",5.0,Prol. Luis Pasteu /Chichén Itzá,20.581112743099,-100.38369419899
2516,29.233947029238237,341,C51,0,24,1,Directa,341,C51,,"[""2516"", ""3686"", ""2517"", ""2214"", ""2215"", ""2216"", ""2217"", ""2218"", ""2219"", ""2032"", ""2023"", ""2024"", ""2856"", ""1918"", ""1919"", ""1920"", ""1921"", ""4241"", ""2310"", ""2311"", ""2312"", ""2313"", ""2314"", ""ESTACION_CORREGIDORA_SUR""]","[""341"", ""341"", ""341"", ""341"", ""341"", ""341"", ""341"", ""341"", ""341"", ""341"", ""341"", ""341"", ""341"", ""341"", ""341"", ""341"", ""341"", ""341"", ""341"", ""341"", ""341"", ""341"", ""CAMINATA""]",5.0,Av. 26/Calle 9,20.56617134,-100.3866291
1364,29.258947029238225,90,L51,1,28,2,Con transbordo,90 → 97,L51 → C22,Constitución de 1917,"[""1364"", ""1445"", ""1365"", ""1446"", ""1366"", ""1447"", ""1367"", ""1431"", ""4111"", ""1300"", ""1301"", ""1302"", ""1761"", ""1303"", ""1304"", ""1305"", ""1306"", ""1432"", ""1433"", ""1434"", ""3297"", ""4241"", ""2310"", ""2311"", ""2312"", ""2313"", ""2314"", ""ESTACION_CORREGIDORA_SUR""]","[""90"", ""90"", ""90"", ""90"", ""90"", ""90"", ""90"", ""90"", ""90"", ""90"", ""90"", ""90"", ""90"", ""90"", ""90"", ""90"", ""90"", ""90"", ""90"", ""97"", ""97"", ""97"", ""97"", ""97"", ""97"", ""97"", ""CAMINATA""]",5.0,Gral. Ávila Camacho/Gral. Pascual Ortiz Rubio,20.519514231088,-100.43841356157
1309,29.30894702923823,370,T02,2,15,3,Con transbordo,370 → 90 → 97,T02 → L51 → C22,Tejeda → Constitución de 1917,"[""1309"", ""1304"", ""1305"", ""1306"", ""1432"", ""1433"", ""1434"", ""3297"", ""4241"", ""2310"", ""2311"", ""2312"", ""2313"", ""2314"", ""ESTACION_CORREGIDORA_SUR""]","[""370"", ""90"", ""90"", ""90"", ""90"", ""90"", ""97"", ""97"", ""97"", ""97"", ""97"", ""97"", ""97"", ""CAMINATA""]",5.0,Tejeda,20.551225790248,-100.42374940359
3641,29.33394702923823,375,T07,1,23,2,Con transbordo,375 → 319,T07 → C24,Corregidora/Luis M Vega y Monroy,"[""3641"", ""2302"", ""2303"", ""2304"", ""2305"", ""2306"", ""2307"", ""2308"", ""2028"", ""2029"", ""2030"", ""2031"", ""2309"", ""1919"", ""1920"", ""1921"", ""4241"", ""2310"", ""2311"", ""2312"", ""2313"", ""2314"", ""ESTACION_CORREGIDORA_SUR""]","[""375"", ""375"", ""375"", ""375"", ""375"", ""375"", ""375"", ""319"", ""319"", ""319"", ""319"", ""319"", ""319"", ""319"", ""319"", ""319"", ""319"", ""319"", ""319"", ""319"", ""319"", ""CAMINATA""]",5.0,Av. 8/Calle 33,20.570887701107,-100.39522628375
5190,29.367280362571567,323,C31,2,15,3,Con transbordo,323 → 336 → 319,C31 → C46 → C24,Av. Universidad/Hidalgo → Avenida Ignacio Zaragoza/Comercial Mexicana,"[""5190"", ""5191"", ""5192"", ""2522"", ""2343"", ""2344"", ""2345"", ""1921"", ""4241"", ""2310"", ""2311"", ""2312"", ""2313"", ""2314"", ""ESTACION_CORREGIDORA_SUR""]","[""323"", ""323"", ""323"", ""323"", ""336"", ""336"", ""336"", ""319"", ""319"", ""319"", ""319"", ""319"", ""319"", ""CAMINATA""]",5.0,Cerro de Las Campanas/Calle Gabino Barreda,20.593932649179,-100.4091787455
2259,29.38394245037064,336,C46,0,26,1,Directa,336,C46,,"[""2259"", ""2260"", ""2261"", ""2262"", ""2263"", ""3023"", ""2264"", ""4393"", ""2199"", ""1762"", ""1763"", ""2200"", ""4430"", ""1764"", ""1765"", ""1766"", ""2201"", ""4241"", ""2310"", ""3570"", ""3571"", ""3572"", ""2311"", ""2312"", ""2313"", ""ESTACION_CORREGIDORA_SUR""]","[""336"", ""336"", ""336"", ""336"", ""336"", ""336"", ""336"", ""336"", ""336"", ""336"", ""336"", ""336"", ""336"", ""336"", ""336"", ""336"", ""336"", ""336"", ""336"", ""336"", ""336"", ""336"", ""336"", ""336"", ""CAMINATA""]",5.0,Av. Candiles/Parque Candiles Skate Park,20.546424969556,-100.40628237537
3893,29.400609117037302,341,C51,1,17,2,Con transbordo,341 → 338,C51 → C48,Blvd. de Las Américas/Calle Antonio Rivera de la Torre,"[""3893"", ""2668"", ""2669"", ""2294"", ""2295"", ""2296"", ""2418"", ""2419"", ""5180"", ""2672"", ""2201"", ""4241"", ""2310"", ""2311"", ""2312"", ""2313"", ""ESTACION_CORREGIDORA_SUR""]","[""341"", ""341"", ""341"", ""338"", ""338"", ""338"", ""338"", ""338"", ""338"", ""338"", ""338"", ""338"", ""338"", ""338"", ""338"", ""CAMINATA""]",5.0,Calle Naranjo/Calle Antonio Acona,20.555332241299,-100.40127846013
2518,29.43394702923823,376,T08,1,22,2,Con transbordo,376 → 319,T08 → C24,Vicente Guerrero,"[""2518"", ""2519"", ""3578"", ""2216"", ""2217"", ""2218"", ""2219"", ""2032"", ""2023"", ""2024"", ""2856"", ""1918"", ""1919"", ""1920"", ""1921"", ""4241"", ""2310"", ""2311"", ""2312"", ""2313"", ""2314"", ""ESTACION_CORREGIDORA_SUR""]","[""376"", ""376"", ""376"", ""376"", ""376"", ""376"", ""376"", ""376"", ""376"", ""376"", ""376"", ""376"", ""319"", ""319"", ""319"", ""319"", ""319"", ""319"", ""319"", ""319"", ""CAMINATA""]",5.0,Blvd. Centro Sur/Av. del Parque,20.562368297401,-100.3744269192
2477,29.467280362571557,321,C27,0,22,1,Directa,321,C27,,"[""2477"", ""2212"", ""2213"", ""2214"", ""2215"", ""2478"", ""2308"", ""2028"", ""2029"", ""2030"", ""2031"", ""2309"", ""1919"", ""1920"", ""1921"", ""4241"", ""2310"", ""2311"", ""2312"", ""2313"", ""2314"", ""ESTACION_CORREGIDORA_SUR""]","[""321"", ""321"", ""321"", ""321"", ""321"", ""321"", ""321"", ""321"", ""321"", ""321"", ""321"", ""321"", ""321"", ""321"", ""321"", ""321"", ""321"", ""321"", ""321"", ""321"", ""CAMINATA""]",5.0,Circ. Lázaro Cárdenas/Prol. Pasteur Sur,20.558212393063,-100.38304398393
1363,29.52561369590489,90,L51,1,29,2,Con transbordo,90 → 97,L51 → C22,Constitución de 1917,"[""1363"", ""1364"", ""1445"", ""1365"", ""1446"", ""1366"", ""1447"", ""1367"", ""1431"", ""4111"", ""1300"", ""1301"", ""1302"", ""1761"", ""1303"", ""1304"", ""1305"", ""1306"", ""1432"", ""1433"", ""1434"", ""3297"", ""4241"", ""2310"", ""2311"", ""2312"", ""2313"", ""2314"", ""ESTACION_CORREGIDORA_SUR""]","[""90"", ""90"", ""90"", ""90"", ""90"", ""90"", ""90"", ""90"", ""90"", ""90"", ""90"", ""90"", ""90"", ""90"", ""90"", ""90"", ""90"", ""90"", ""90"", ""90"", ""97"", ""97"", ""97"", ""97"", ""97"", ""97"", ""97"", ""CAMINATA""]",5.0,Lic. Luis Echeverría Álvarez/Gral. Abelardo Rodríguez,20.520250082825,-100.44033312899
2081,29.600613695904908,378,T10,1,19,2,Con transbordo,378 → 319,T10 → C24,Vicente Guerrero,"[""2081"", ""1901"", ""2082"", ""2161"", ""1883"", ""1882"", ""1881"", ""1879"", ""1918"", ""1919"", ""1920"", ""1921"", ""4241"", ""2310"", ""2311"", ""2312"", ""2313"", ""2314"", ""ESTACION_CORREGIDORA_SUR""]","[""378"", ""378"", ""378"", ""378"", ""378"", ""378"", ""378"", ""378"", ""378"", ""319"", ""319"", ""319"", ""319"", ""319"", ""319"", ""319"", ""319"", ""CAMINATA""]",5.0,Boulevard Bernardo Quintana/Calle Paso Loma Dorada,20.592868053563,-100.36813782605
2515,29.61728036257157,341,C51,0,25,1,Directa,341,C51,,"[""2515"", ""2516"", ""3686"", ""2517"", ""2214"", ""2215"", ""2216"", ""2217"", ""2218"", ""2219"", ""2032"", ""2023"", ""2024"", ""2856"", ""1918"", ""1919"", ""1920"", ""1921"", ""4241"", ""2310"", ""2311"", ""2312"", ""2313"", ""2314"", ""ESTACION_CORREGIDORA_SUR""]","[""341"", ""341"", ""341"", ""341"", ""341"", ""341"", ""341"", ""341"", ""341"", ""341"", ""341"", ""341"", ""341"", ""341"", ""341"", ""341"", ""341"", ""341"", ""341"", ""341"", ""341"", ""341"", ""341"", ""CAMINATA""]",5.0,Av. 26/Calle 13,20.56582156,-100.3875903
2977,29.65894702923823,370,T02,1,14,2,Con transbordo,370 → 97,T02 → C22,El Pocito,"[""2977"", ""3622"", ""1306"", ""1432"", ""1433"", ""1434"", ""3297"", ""4241"", ""2310"", ""2311"", ""2312"", ""2313"", ""2314"", ""ESTACION_CORREGIDORA_SUR""]","[""370"", ""370"", ""97"", ""97"", ""97"", ""97"", ""97"", ""97"", ""97"", ""97"", ""97"", ""97"", ""CAMINATA""]",5.0,Calle Sonora/Calle Monterrey,20.55478931,-100.417913
3596,29.664330601362618,396,T16,1,20,2,Con transbordo,396 → 325,T16 → C34,Alameda,"[""3596"", ""1473"", ""1474"", ""1476"", ""1472"", ""1471"", ""1470"", ""1469"", ""1439"", ""1438"", ""2537"", ""1920"", ""1921"", ""4241"", ""2310"", ""2311"", ""2312"", ""2313"", ""2681"", ""ESTACION_CORREGIDORA_SUR""]","[""396"", ""396"", ""396"", ""396"", ""396"", ""396"", ""396"", ""396"", ""325"", ""325"", ""325"", ""325"", ""325"", ""325"", ""325"", ""325"", ""325"", ""325"", ""CAMINATA""]",5.0,Prol. Bernardo Quintana/Centro de Conciliación Laboral del Estado de Querétaro,20.57642214,-100.3606021
3573,29.70061369590489,326,C35,1,21,2,Con transbordo,326 → 334,C35 → C43,Cto Mosés Solana/Luis Pasteur Asupizo,"[""3573"", ""2034"", ""2035"", ""2400"", ""2478"", ""2308"", ""2028"", ""2029"", ""2030"", ""2031"", ""2309"", ""1919"", ""1920"", ""1921"", ""4241"", ""2310"", ""2311"", ""2312"", ""2313"", ""2314"", ""ESTACION_CORREGIDORA_SUR""]","[""326"", ""326"", ""326"", ""326"", ""334"", ""334"", ""334"", ""334"", ""334"", ""334"", ""334"", ""334"", ""334"", ""334"", ""334"", ""334"", ""334"", ""334"", ""334"", ""CAMINATA""]",5.0,Av. Luis Pateur Sur/José A. Bustamante,20.58250765,-100.3842245
1362,29.742280362571556,90,L51,1,30,2,Con transbordo,90 → 97,L51 → C22,Constitución de 1917,"[""1362"", ""1363"", ""1364"", ""1445"", ""1365"", ""1446"", ""1366"", ""1447"", ""1367"", ""1431"", ""4111"", ""1300"", ""1301"", ""1302"", ""1761"", ""1303"", ""1304"", ""1305"", ""1306"", ""1432"", ""1433"", ""1434"", ""3297"", ""4241"", ""2310"", ""2311"", ""2312"", ""2313"", ""2314"", ""ESTACION_CORREGIDORA_SUR""]","[""90"", ""90"", ""90"", ""90"", ""90"", ""90"", ""90"", ""90"", ""90"", ""90"", ""90"", ""90"", ""90"", ""90"", ""90"", ""90"", ""90"", ""90"", ""90"", ""90"", ""90"", ""97"", ""97"", ""97"", ""97"", ""97"", ""97"", ""97"", ""CAMINATA""]",5.0,Lic. Gustavo Díaz Ordaz/Lic. Luis Echeverría Álvarez,20.519358773937,-100.44182569296
2542,29.750613695904892,326,C35,1,26,2,Con transbordo,326 → 319,C35 → C24,Corregidora/Luis M Vega y Monroy,"[""2542"", ""2543"", ""2544"", ""2545"", ""2546"", ""2303"", ""2304"", ""2305"", ""2306"", ""2307"", ""2308"", ""2028"", ""2029"", ""2030"", ""2031"", ""2309"", ""1919"", ""1920"", ""1921"", ""4241"", ""2310"", ""2311"", ""2312"", ""2313"", ""2314"", ""ESTACION_CORREGIDORA_SUR""]","[""326"", ""326"", ""326"", ""326"", ""326"", ""326"", ""326"", ""326"", ""326"", ""326"", ""319"", ""319"", ""319"", ""319"", ""319"", ""319"", ""319"", ""319"", ""319"", ""319"", ""319"", ""319"", ""319"", ""319"", ""CAMINATA""]",5.0,Calle 25/Calle 32,20.56218858,-100.389475
5228,29.83394702923823,334,C43,0,27,1,Directa,334,C43,,"[""5228"", ""2600"", ""2545"", ""2546"", ""2303"", ""2304"", ""2305"", ""2306"", ""2232"", ""2629"", ""2478"", ""2308"", ""2028"", ""2029"", ""2030"", ""2031"", ""2309"", ""1919"", ""1920"", ""1921"", ""4241"", ""2310"", ""2311"", ""2312"", ""2313"", ""2314"", ""ESTACION_CORREGIDORA_SUR""]","[""334"", ""334"", ""334"", ""334"", ""334"", ""334"", ""334"", ""334"", ""334"", ""334"", ""334"", ""334"", ""334"", ""334"", ""334"", ""334"", ""334"", ""334"", ""334"", ""334"", ""334"", ""334"", ""334"", ""334"", ""334"", ""CAMINATA""]",5.0,P/2627 Calle Rafael de la Mora/Calle 37,20.565648837356,-100.39435225878
1900,29.841456277861873,370,T02,2,12,3,Con transbordo,370 → 409 → 345,T02 → L164 → C55,Blvd. Bernardo Quintana/Calle de la Peñita Ote. → Av. Universidad/Escuela Normal,"[""1900"", ""1901"", ""2082"", ""1884"", ""2204"", ""2550"", ""2551"", ""2956"", ""2552"", ""2393"", ""2394"", ""ESTACION_CORREGIDORA_SUR""]","[""370"", ""370"", ""370"", ""370"", ""409"", ""345"", ""345"", ""345"", ""345"", ""345"", ""CAMINATA""]",5.0,Calzada de Los Arcos/Bernardo Quintana,20.59612148541,-100.37291083121
1340,29.867275783703967,98,C23,1,16,2,Con transbordo,98 → 338,C23 → C48,Ignacio Zaragoza/Imss,"[""1340"", ""1341"", ""1762"", ""1763"", ""2200"", ""4430"", ""1764"", ""1765"", ""1766"", ""2201"", ""4241"", ""2310"", ""2311"", ""2312"", ""2313"", ""ESTACION_CORREGIDORA_SUR""]","[""98"", ""98"", ""98"", ""98"", ""98"", ""98"", ""98"", ""98"", ""98"", ""338"", ""338"", ""338"", ""338"", ""338"", ""CAMINATA""]",5.0,Blvd. Hacienda del Jacal/Dolores del Rio,20.564129416431,-100.42032950843
2459,29.89766393469595,325,C34,0,27,1,Directa,325,C34,,"[""2459"", ""2245"", ""2038"", ""2039"", ""2246"", ""2017"", ""2018"", ""2019"", ""2020"", ""2021"", ""2450"", ""2451"", ""1471"", ""1470"", ""1469"", ""1439"", ""1438"", ""2537"", ""1920"", ""1921"", ""4241"", ""2310"", ""2311"", ""2312"", ""2313"", ""2681"", ""ESTACION_CORREGIDORA_SUR""]","[""325"", ""325"", ""325"", ""325"", ""325"", ""325"", ""325"", ""325"", ""325"", ""325"", ""325"", ""325"", ""325"", ""325"", ""325"", ""325"", ""325"", ""325"", ""325"", ""325"", ""325"", ""325"", ""325"", ""325"", ""325"", ""CAMINATA""]",5.0,Cerro del Cimatario/Juventino Castro Sánchez,20.581433017684,-100.37434811343
2448,29.91433060136261,134,C26,1,23,2,Con transbordo,134 → 325,C26 → C34,Avenida Cimatario/Mega Comercial,"[""2448"", ""2449"", ""2404"", ""2405"", ""2020"", ""2021"", ""2450"", ""2451"", ""1471"", ""1470"", ""1469"", ""1439"", ""1438"", ""2537"", ""1920"", ""1921"", ""4241"", ""2310"", ""2311"", ""2312"", ""2313"", ""2681"", ""ESTACION_CORREGIDORA_SUR""]","[""134"", ""134"", ""134"", ""134"", ""325"", ""325"", ""325"", ""325"", ""325"", ""325"", ""325"", ""325"", ""325"", ""325"", ""325"", ""325"", ""325"", ""325"", ""325"", ""325"", ""325"", ""CAMINATA""]",5.0,Av. Colinas del Cimatario/Cerro del Peñón,20.56518096121,-100.36975774062
1444,29.92561369590489,90,L51,1,31,2,Con transbordo,90 → 97,L51 → C22,Constitución de 1917,"[""1444"", ""1362"", ""1363"", ""1364"", ""1445"", ""1365"", ""1446"", ""1366"", ""1447"", ""1367"", ""1431"", ""4111"", ""1300"", ""1301"", ""1302"", ""1761"", ""1303"", ""1304"", ""1305"", ""1306"", ""1432"", ""1433"", ""1434"", ""3297"", ""4241"", ""2310"", ""2311"", ""2312"", ""2313"", ""2314"", ""ESTACION_CORREGIDORA_SUR""]","[""90"", ""90"", ""90"", ""90"", ""90"", ""90"", ""90"", ""90"", ""90"", ""90"", ""90"", ""90"", ""90"", ""90"", ""90"", ""90"", ""90"", ""90"", ""90"", ""90"", ""90"", ""90"", ""97"", ""97"", ""97"", ""97"", ""97"", ""97"", ""97"", ""CAMINATA""]",5.0,Gustavo Díaz Ordaz/Francisco León de la Barra,20.520225771744,-100.44299924665
2301,29.9506136959049,375,T07,1,24,2,Con transbordo,375 → 319,T07 → C24,Corregidora/Luis M Vega y Monroy,"[""2301"", ""3641"", ""2302"", ""2303"", ""2304"", ""2305"", ""2306"", ""2307"", ""2308"", ""2028"", ""2029"", ""2030"", ""2031"", ""2309"", ""1919"", ""1920"", ""1921"", ""4241"", ""2310"", ""2311"", ""2312"", ""2313"", ""2314"", ""ESTACION_CORREGIDORA_SUR""]","[""375"", ""375"", ""375"", ""375"", ""375"", ""375"", ""375"", ""375"", ""319"", ""319"", ""319"", ""319"", ""319"", ""319"", ""319"", ""319"", ""319"", ""319"", ""319"", ""319"", ""319"", ""319"", ""CAMINATA""]",5.0,Calle 41/Av. 8,20.57045758,-100.3964362
4138,30.01727578370397,322,C29,1,18,2,Con transbordo,322 → 338,C29 → C48,Blvd. de Las Américas/Río Lerma,"[""4138"", ""2291"", ""2292"", ""2293"", ""2294"", ""2295"", ""2296"", ""2418"", ""2419"", ""5180"", ""2672"", ""2201"", ""4241"", ""2310"", ""2311"", ""2312"", ""2313"", ""ESTACION_CORREGIDORA_SUR""]","[""322"", ""338"", ""338"", ""338"", ""338"", ""338"", ""338"", ""338"", ""338"", ""338"", ""338"", ""338"", ""338"", ""338"", ""338"", ""338"", ""CAMINATA""]",5.0,P/2528 Av. Candiles/Blvd. de Las Américas,20.547651598208,-100.39198219649
2751,30.030997268029278,352,C64,1,20,2,Con transbordo,352 → 325,C64 → C34,Bicentenario,"[""2751"", ""1473"", ""1474"", ""1476"", ""1472"", ""1471"", ""1470"", ""1469"", ""1439"", ""1438"", ""2537"", ""1920"", ""1921"", ""4241"", ""2310"", ""2311"", ""2312"", ""2313"", ""2681"", ""ESTACION_CORREGIDORA_SUR""]","[""352"", ""352"", ""325"", ""325"", ""325"", ""325"", ""325"", ""325"", ""325"", ""325"", ""325"", ""325"", ""325"", ""325"", ""325"", ""325"", ""325"", ""325"", ""CAMINATA""]",5.0,Lateral Querétaro A Mexico/Comercial Mexicana,20.57936161194,-100.37333956928
2675,30.183942450370637,341,C51,1,18,2,Con transbordo,341 → 338,C51 → C48,Blvd. de Las Américas/Calle Antonio Rivera de la Torre,"[""2675"", ""3893"", ""2668"", ""2669"", ""2294"", ""2295"", ""2296"", ""2418"", ""2419"", ""5180"", ""2672"", ""2201"", ""4241"", ""2310"", ""2311"", ""2312"", ""2313"", ""ESTACION_CORREGIDORA_SUR""]","[""341"", ""341"", ""341"", ""341"", ""338"", ""338"", ""338"", ""338"", ""338"", ""338"", ""338"", ""338"", ""338"", ""338"", ""338"", ""338"", ""CAMINATA""]",5.0,Calle Naranjo/Anturio,20.55333772,-100.4013928
2231,30.18394702923823,341,C51,1,20,2,Con transbordo,341 → 334,C51 → C43,Cto Moisés Solana/Tomasa Estévez,"[""2231"", ""2232"", ""2629"", ""2478"", ""2308"", ""2028"", ""2029"", ""2030"", ""2031"", ""2309"", ""1919"", ""1920"", ""1921"", ""4241"", ""2310"", ""2311"", ""2312"", ""2313"", ""2314"", ""ESTACION_CORREGIDORA_SUR""]","[""341"", ""334"", ""334"", ""334"", ""334"", ""334"", ""334"", ""334"", ""334"", ""334"", ""334"", ""334"", ""334"", ""334"", ""334"", ""334"", ""334"", ""334"", ""CAMINATA""]",5.0,Cto. Moisés Solana/San Martín,20.574620153812,-100.3852197208
1375,30.192280362571555,90,L51,1,32,2,Con transbordo,90 → 97,L51 → C22,Constitución de 1917,"[""1375"", ""1444"", ""1362"", ""1363"", ""1364"", ""1445"", ""1365"", ""1446"", ""1366"", ""1447"", ""1367"", ""1431"", ""4111"", ""1300"", ""1301"", ""1302"", ""1761"", ""1303"", ""1304"", ""1305"", ""1306"", ""1432"", ""1433"", ""1434"", ""3297"", ""4241"", ""2310"", ""2311"", ""2312"", ""2313"", ""2314"", ""ESTACION_CORREGIDORA_SUR""]","[""90"", ""90"", ""90"", ""90"", ""90"", ""90"", ""90"", ""90"", ""90"", ""90"", ""90"", ""90"", ""90"", ""90"", ""90"", ""90"", ""90"", ""90"", ""90"", ""90"", ""90"", ""90"", ""90"", ""97"", ""97"", ""97"", ""97"", ""97"", ""97"", ""97"", ""CAMINATA""]",5.0,Lic. Gustavo Díaz Ordaz/Benito Juárez,20.521442429489,-100.44467843709
2514,30.200613695904902,341,C51,0,26,1,Directa,341,C51,,"[""2514"", ""2515"", ""2516"", ""3686"", ""2517"", ""2214"", ""2215"", ""2216"", ""2217"", ""2218"", ""2219"", ""2032"", ""2023"", ""2024"", ""2856"", ""1918"", ""1919"", ""1920"", ""1921"", ""4241"", ""2310"", ""2311"", ""2312"", ""2313"", ""2314"", ""ESTACION_CORREGIDORA_SUR""]","[""341"", ""341"", ""341"", ""341"", ""341"", ""341"", ""341"", ""341"", ""341"", ""341"", ""341"", ""341"", ""341"", ""341"", ""341"", ""341"", ""341"", ""341"", ""341"", ""341"", ""341"", ""341"", ""341"", ""341"", ""CAMINATA""]",5.0,Av. 26/Calle 19,20.56530804,-100.3890532
4154,30.23099726802928,98,C23,1,22,2,Con transbordo,98 → 325,C23 → C34,Alameda,"[""4154"", ""2410"", ""2411"", ""2412"", ""2218"", ""2219"", ""2032"", ""2023"", ""2024"", ""2856"", ""1439"", ""1438"", ""2537"", ""1920"", ""1921"", ""4241"", ""2310"", ""2311"", ""2312"", ""2313"", ""2681"", ""ESTACION_CORREGIDORA_SUR""]","[""98"", ""98"", ""98"", ""98"", ""98"", ""98"", ""98"", ""98"", ""98"", ""98"", ""325"", ""325"", ""325"", ""325"", ""325"", ""325"", ""325"", ""325"", ""325"", ""325"", ""CAMINATA""]",5.0,Cto. Moisés Solana/Pl. Capuchinas,20.572175161269,-100.37993556988
2541,30.300613695904893,326,C35,1,27,2,Con transbordo,326 → 319,C35 → C24,Corregidora/Luis M Vega y Monroy,"[""2541"", ""2542"", ""2543"", ""2544"", ""2545"", ""2546"", ""2303"", ""2304"", ""2305"", ""2306"", ""2307"", ""2308"", ""2028"", ""2029"", ""2030"", ""2031"", ""2309"", ""1919"", ""1920"", ""1921"", ""4241"", ""2310"", ""2311"", ""2312"", ""2313"", ""2314"", ""ESTACION_CORREGIDORA_SUR""]","[""326"", ""326"", ""326"", ""326"", ""326"", ""326"", ""326"", ""326"", ""326"", ""326"", ""326"", ""319"", ""319"", ""319"", ""319"", ""319"", ""319"", ""319"", ""319"", ""319"", ""319"", ""319"", ""319"", ""319"", ""319"", ""CAMINATA""]",5.0,Calle 27/Calle 13,20.56053535,-100.3894489
2471,30.34766393469595,396,T16,1,21,2,Con transbordo,396 → 325,T16 → C34,Alameda,"[""2471"", ""3596"", ""1473"", ""1474"", ""1476"", ""1472"", ""1471"", ""1470"", ""1469"", ""1439"", ""1438"", ""2537"", ""1920"", ""1921"", ""4241"", ""2310"", ""2311"", ""2312"", ""2313"", ""2681"", ""ESTACION_CORREGIDORA_SUR""]","[""396"", ""396"", ""396"", ""396"", ""396"", ""396"", ""396"", ""396"", ""396"", ""325"", ""325"", ""325"", ""325"", ""325"", ""325"", ""325"", ""325"", ""325"", ""325"", ""CAMINATA""]",5.0,Bernardo Quintana/Q7001,20.573410999676,-100.35961562965
1374,30.442280362571555,90,L51,1,33,2,Con transbordo,90 → 97,L51 → C22,Constitución de 1917,"[""1374"", ""1375"", ""1444"", ""1362"", ""1363"", ""1364"", ""1445"", ""1365"", ""1446"", ""1366"", ""1447"", ""1367"", ""1431"", ""4111"", ""1300"", ""1301"", ""1302"", ""1761"", ""1303"", ""1304"", ""1305"", ""1306"", ""1432"", ""1433"", ""1434"", ""3297"", ""4241"", ""2310"", ""2311"", ""2312"", ""2313"", ""2314"", ""ESTACION_CORREGIDORA_SUR""]","[""90"", ""90"", ""90"", ""90"", ""90"", ""90"", ""90"", ""90"", ""90"", ""90"", ""90"", ""90"", ""90"", ""90"", ""90"", ""90"", ""90"", ""90"", ""90"", ""90"", ""90"", ""90"", ""90"", ""90"", ""97"", ""97"", ""97"", ""97"", ""97"", ""97"", ""97"", ""CAMINATA""]",5.0,Francisco I. Madero/Lic. Adolfo López Mateos,20.52279161,-100.4460064
2458,30.464330601362615,325,C34,0,28,1,Directa,325,C34,,"[""2458"", ""2459"", ""2245"", ""2038"", ""2039"", ""2246"", ""2017"", ""2018"", ""2019"", ""2020"", ""2021"", ""2450"", ""2451"", ""1471"", ""1470"", ""1469"", ""1439"", ""1438"", ""2537"", ""1920"", ""1921"", ""4241"", ""2310"", ""2311"", ""2312"", ""2313"", ""2681"", ""ESTACION_CORREGIDORA_SUR""]","[""325"", ""325"", ""325"", ""325"", ""325"", ""325"", ""325"", ""325"", ""325"", ""325"", ""325"", ""325"", ""325"", ""325"", ""325"", ""325"", ""325"", ""325"", ""325"", ""325"", ""325"", ""325"", ""325"", ""325"", ""325"", ""325"", ""CAMINATA""]",5.0,Av. Cimatario/Ingenieros,20.5832,-100.37444
5227,30.48394702923823,334,C43,0,28,1,Directa,334,C43,,"[""5227"", ""5228"", ""2600"", ""2545"", ""2546"", ""2303"", ""2304"", ""2305"", ""2306"", ""2232"", ""2629"", ""2478"", ""2308"", ""2028"", ""2029"", ""2030"", ""2031"", ""2309"", ""1919"", ""1920"", ""1921"", ""4241"", ""2310"", ""2311"", ""2312"", ""2313"", ""2314"", ""ESTACION_CORREGIDORA_SUR""]","[""334"", ""334"", ""334"", ""334"", ""334"", ""334"", ""334"", ""334"", ""334"", ""334"", ""334"", ""334"", ""334"", ""334"", ""334"", ""334"", ""334"", ""334"", ""334"", ""334"", ""334"", ""334"", ""334"", ""334"", ""334"", ""334"", ""CAMINATA""]",5.0,Rafael de la Mora/Govea,20.565676161633,-100.39618627264
2636,30.5006091170373,337,C47,1,17,2,Con transbordo,337 → 338,C47 → C48,Blvd. de Las Américas/Calle Antonio Rivera de la Torre,"[""2636"", ""2668"", ""2669"", ""2294"", ""2295"", ""2296"", ""2418"", ""2419"", ""5180"", ""2672"", ""2201"", ""4241"", ""2310"", ""2311"", ""2312"", ""2313"", ""ESTACION_CORREGIDORA_SUR""]","[""337"", ""337"", ""337"", ""338"", ""338"", ""338"", ""338"", ""338"", ""338"", ""338"", ""338"", ""338"", ""338"", ""338"", ""338"", ""CAMINATA""]",5.0,Calle Antonio Acona/Calle Antonio Carranza,20.5554724,-100.4047553
2447,30.530997268029278,134,C26,1,24,2,Con transbordo,134 → 325,C26 → C34,Avenida Cimatario/Mega Comercial,"[""2447"", ""2448"", ""2449"", ""2404"", ""2405"", ""2020"", ""2021"", ""2450"", ""2451"", ""1471"", ""1470"", ""1469"", ""1439"", ""1438"", ""2537"", ""1920"", ""1921"", ""4241"", ""2310"", ""2311"", ""2312"", ""2313"", ""2681"", ""ESTACION_CORREGIDORA_SUR""]","[""134"", ""134"", ""134"", ""134"", ""134"", ""325"", ""325"", ""325"", ""325"", ""325"", ""325"", ""325"", ""325"", ""325"", ""325"", ""325"", ""325"", ""325"", ""325"", ""325"", ""325"", ""325"", ""CAMINATA""]",5.0,Blvd. Centro Sur/Colinas del Cimatario,20.56319588179,-100.36900108441
3621,30.542280362571564,370,T02,1,15,2,Con transbordo,370 → 97,T02 → C22,El Pocito,"[""3621"", ""2977"", ""3622"", ""1306"", ""1432"", ""1433"", ""1434"", ""3297"", ""4241"", ""2310"", ""2311"", ""2312"", ""2313"", ""2314"", ""ESTACION_CORREGIDORA_SUR""]","[""370"", ""370"", ""370"", ""97"", ""97"", ""97"", ""97"", ""97"", ""97"", ""97"", ""97"", ""97"", ""97"", ""CAMINATA""]",5.0,Calle Río Lerma/Calle Colima,20.55528692,-100.4150391
1443,30.558947029238222,90,L51,1,34,2,Con transbordo,90 → 97,L51 → C22,Constitución de 1917,"[""1443"", ""1374"", ""1375"", ""1444"", ""1362"", ""1363"", ""1364"", ""1445"", ""1365"", ""1446"", ""1366"", ""1447"", ""1367"", ""1431"", ""4111"", ""1300"", ""1301"", ""1302"", ""1761"", ""1303"", ""1304"", ""1305"", ""1306"", ""1432"", ""1433"", ""1434"", ""3297"", ""4241"", ""2310"", ""2311"", ""2312"", ""2313"", ""2314"", ""ESTACION_CORREGIDORA_SUR""]","[""90"", ""90"", ""90"", ""90"", ""90"", ""90"", ""90"", ""90"", ""90"", ""90"", ""90"", ""90"", ""90"", ""90"", ""90"", ""90"", ""90"", ""90"", ""90"", ""90"", ""90"", ""90"", ""90"", ""90"", ""90"", ""97"", ""97"", ""97"", ""97"", ""97"", ""97"", ""97"", ""CAMINATA""]",5.0,Francisco I. Madero/Miguel Alemán Valdez,20.523456475966,-100.44545590107
2523,30.583947029238235,139,C32,2,13,3,Con transbordo,139 → 360 → 97,C32 → L152 → C22,Ignacio Zaragoza/Ezequiel Montes → Av. Tecnológico/Fernando Loyola,"[""2523"", ""2524"", ""1924"", ""1437"", ""1440"", ""3297"", ""4241"", ""2310"", ""2311"", ""2312"", ""2313"", ""2314"", ""ESTACION_CORREGIDORA_SUR""]","[""139"", ""139"", ""360"", ""360"", ""360"", ""97"", ""97"", ""97"", ""97"", ""97"", ""97"", ""CAMINATA""]",5.0,Ignacio Pérez/Francisco I. Madero,20.589585112548,-100.40106438272
2513,30.61728036257157,341,C51,0,27,1,Directa,341,C51,,"[""2513"", ""2514"", ""2515"", ""2516"", ""3686"", ""2517"", ""2214"", ""2215"", ""2216"", ""2217"", ""2218"", ""2219"", ""2032"", ""2023"", ""2024"", ""2856"", ""1918"", ""1919"", ""1920"", ""1921"", ""4241"", ""2310"", ""2311"", ""2312"", ""2313"", ""2314"", ""ESTACION_CORREGIDORA_SUR""]","[""341"", ""341"", ""341"", ""341"", ""341"", ""341"", ""341"", ""341"", ""341"", ""341"", ""341"", ""341"", ""341"", ""341"", ""341"", ""341"", ""341"", ""341"", ""341"", ""341"", ""341"", ""341"", ""341"", ""341"", ""341"", ""CAMINATA""]",5.0,Av. 26/Calle 23,20.56494752,-100.3901154
2258,30.667275783703975,336,C46,0,27,1,Directa,336,C46,,"[""2258"", ""2259"", ""2260"", ""2261"", ""2262"", ""2263"", ""3023"", ""2264"", ""4393"", ""2199"", ""1762"", ""1763"", ""2200"", ""4430"", ""1764"", ""1765"", ""1766"", ""2201"", ""4241"", ""2310"", ""3570"", ""3571"", ""3572"", ""2311"", ""2312"", ""2313"", ""ESTACION_CORREGIDORA_SUR""]","[""336"", ""336"", ""336"", ""336"", ""336"", ""336"", ""336"", ""336"", ""336"", ""336"", ""336"", ""336"", ""336"", ""336"", ""336"", ""336"", ""336"", ""336"", ""336"", ""336"", ""336"", ""336"", ""336"", ""336"", ""336"", ""CAMINATA""]",5.0,Fernando Díaz Ramírez/José Ugalde Rodríguez,20.54281789,-100.4037029
2476,30.667280362571557,321,C27,0,23,1,Directa,321,C27,,"[""2476"", ""2477"", ""2212"", ""2213"", ""2214"", ""2215"", ""2478"", ""2308"", ""2028"", ""2029"", ""2030"", ""2031"", ""2309"", ""1919"", ""1920"", ""1921"", ""4241"", ""2310"", ""2311"", ""2312"", ""2313"", ""2314"", ""ESTACION_CORREGIDORA_SUR""]","[""321"", ""321"", ""321"", ""321"", ""321"", ""321"", ""321"", ""321"", ""321"", ""321"", ""321"", ""321"", ""321"", ""321"", ""321"", ""321"", ""321"", ""321"", ""321"", ""321"", ""321"", ""CAMINATA""]",5.0,Ricardo Flores Magón/Primaria Jose Morales Lira,20.558508718956,-100.37974811507
1442,30.70894702923822,90,L51,1,35,2,Con transbordo,90 → 97,L51 → C22,Constitución de 1917,"[""1442"", ""1443"", ""1374"", ""1375"", ""1444"", ""1362"", ""1363"", ""1364"", ""1445"", ""1365"", ""1446"", ""1366"", ""1447"", ""1367"", ""1431"", ""4111"", ""1300"", ""1301"", ""1302"", ""1761"", ""1303"", ""1304"", ""1305"", ""1306"", ""1432"", ""1433"", ""1434"", ""3297"", ""4241"", ""2310"", ""2311"", ""2312"", ""2313"", ""2314"", ""ESTACION_CORREGIDORA_SUR""]","[""90"", ""90"", ""90"", ""90"", ""90"", ""90"", ""90"", ""90"", ""90"", ""90"", ""90"", ""90"", ""90"", ""90"", ""90"", ""90"", ""90"", ""90"", ""90"", ""90"", ""90"", ""90"", ""90"", ""90"", ""90"", ""90"", ""97"", ""97"", ""97"", ""97"", ""97"", ""97"", ""97"", ""CAMINATA""]",5.0,Francisco I. Madero/Gral. Pascual Ortiz Rubio,20.524304454054,-100.44476911407
2033,30.883947029238225,326,C35,1,22,2,Con transbordo,326 → 334,C35 → C43,Cto Mosés Solana/Luis Pasteur Asupizo,"[""2033"", ""3573"", ""2034"", ""2035"", ""2400"", ""2478"", ""2308"", ""2028"", ""2029"", ""2030"", ""2031"", ""2309"", ""1919"", ""1920"", ""1921"", ""4241"", ""2310"", ""2311"", ""2312"", ""2313"", ""2314"", ""ESTACION_CORREGIDORA_SUR""]","[""326"", ""326"", ""326"", ""326"", ""326"", ""334"", ""334"", ""334"", ""334"", ""334"", ""334"", ""334"", ""334"", ""334"", ""334"", ""334"", ""334"", ""334"", ""334"", ""334"", ""CAMINATA""]",5.0,Prol. Luis Pasteur/Constituyentes,20.586067243389,-100.38561972374
1373,30.892280362571555,90,L51,1,36,2,Con transbordo,90 → 97,L51 → C22,Constitución de 1917,"[""1373"", ""1442"", ""1443"", ""1374"", ""1375"", ""1444"", ""1362"", ""1363"", ""1364"", ""1445"", ""1365"", ""1446"", ""1366"", ""1447"", ""1367"", ""1431"", ""4111"", ""1300"", ""1301"", ""1302"", ""1761"", ""1303"", ""1304"", ""1305"", ""1306"", ""1432"", ""1433"", ""1434"", ""3297"", ""4241"", ""2310"", ""2311"", ""2312"", ""2313"", ""2314"", ""ESTACION_CORREGIDORA_SUR""]","[""90"", ""90"", ""90"", ""90"", ""90"", ""90"", ""90"", ""90"", ""90"", ""90"", ""90"", ""90"", ""90"", ""90"", ""90"", ""90"", ""90"", ""90"", ""90"", ""90"", ""90"", ""90"", ""90"", ""90"", ""90"", ""90"", ""90"", ""97"", ""97"", ""97"", ""97"", ""97"", ""97"", ""97"", ""CAMINATA""]",5.0,Francisco I. Madero/Calle Adolfo de la Huerta,20.525392735208,-100.44387966712
3601,30.95061369590489,326,C35,1,28,2,Con transbordo,326 → 319,C35 → C24,Corregidora/Luis M Vega y Monroy,"[""3601"", ""2541"", ""2542"", ""2543"", ""2544"", ""2545"", ""2546"", ""2303"", ""2304"", ""2305"", ""2306"", ""2307"", ""2308"", ""2028"", ""2029"", ""2030"", ""2031"", ""2309"", ""1919"", ""1920"", ""1921"", ""4241"", ""2310"", ""2311"", ""2312"", ""2313"", ""2314"", ""ESTACION_CORREGIDORA_SUR""]","[""326"", ""326"", ""326"", ""326"", ""326"", ""326"", ""326"", ""326"", ""326"", ""326"", ""326"", ""326"", ""319"", ""319"", ""319"", ""319"", ""319"", ""319"", ""319"", ""319"", ""319"", ""319"", ""319"", ""319"", ""319"", ""319"", ""CAMINATA""]",5.0,Prol. Calle 27/Calle Nicaragua,20.55870516,-100.3886614
2509,30.96727578370397,322,C29,1,19,2,Con transbordo,322 → 338,C29 → C48,Blvd. de Las Américas/Río Lerma,"[""2509"", ""4138"", ""2291"", ""2292"", ""2293"", ""2294"", ""2295"", ""2296"", ""2418"", ""2419"", ""5180"", ""2672"", ""2201"", ""4241"", ""2310"", ""2311"", ""2312"", ""2313"", ""ESTACION_CORREGIDORA_SUR""]","[""322"", ""322"", ""338"", ""338"", ""338"", ""338"", ""338"", ""338"", ""338"", ""338"", ""338"", ""338"", ""338"", ""338"", ""338"", ""338"", ""338"", ""CAMINATA""]",5.0,Av. Candiles/Plaza Candiles,20.54740611,-100.3948993
2976,30.975613695904897,370,T02,1,16,2,Con transbordo,370 → 97,T02 → C22,El Pocito,"[""2976"", ""3621"", ""2977"", ""3622"", ""1306"", ""1432"", ""1433"", ""1434"", ""3297"", ""4241"", ""2310"", ""2311"", ""2312"", ""2313"", ""2314"", ""ESTACION_CORREGIDORA_SUR""]","[""370"", ""370"", ""370"", ""370"", ""97"", ""97"", ""97"", ""97"", ""97"", ""97"", ""97"", ""97"", ""97"", ""97"", ""CAMINATA""]",5.0,Calle Tlaxcala/Calle Río Lerma,20.55510815,-100.4136284
4129,31.03394245037064,326,C35,1,20,2,Con transbordo,326 → 338,C35 → C48,Blvd. de Las Américas/Cerro del Fraile,"[""4129"", ""2290"", ""3600"", ""2291"", ""2292"", ""2293"", ""2294"", ""2295"", ""2296"", ""2418"", ""2419"", ""5180"", ""2672"", ""2201"", ""4241"", ""2310"", ""2311"", ""2312"", ""2313"", ""ESTACION_CORREGIDORA_SUR""]","[""326"", ""338"", ""338"", ""338"", ""338"", ""338"", ""338"", ""338"", ""338"", ""338"", ""338"", ""338"", ""338"", ""338"", ""338"", ""338"", ""338"", ""338"", ""CAMINATA""]",5.0,Blvd. de Las Américas/Calle Misioneros,20.544469630222,-100.39011944276
2512,31.033947029238238,341,C51,0,28,1,Directa,341,C51,,"[""2512"", ""2513"", ""2514"", ""2515"", ""2516"", ""3686"", ""2517"", ""2214"", ""2215"", ""2216"", ""2217"", ""2218"", ""2219"", ""2032"", ""2023"", ""2024"", ""2856"", ""1918"", ""1919"", ""1920"", ""1921"", ""4241"", ""2310"", ""2311"", ""2312"", ""2313"", ""2314"", ""ESTACION_CORREGIDORA_SUR""]","[""341"", ""341"", ""341"", ""341"", ""341"", ""341"", ""341"", ""341"", ""341"", ""341"", ""341"", ""341"", ""341"", ""341"", ""341"", ""341"", ""341"", ""341"", ""341"", ""341"", ""341"", ""341"", ""341"", ""341"", ""341"", ""341"", ""CAMINATA""]",5.0,Av. 26/Calle 27,20.56457914,-100.3911592
1441,31.075613695904888,90,L51,1,37,2,Con transbordo,90 → 97,L51 → C22,Constitución de 1917,"[""1441"", ""1373"", ""1442"", ""1443"", ""1374"", ""1375"", ""1444"", ""1362"", ""1363"", ""1364"", ""1445"", ""1365"", ""1446"", ""1366"", ""1447"", ""1367"", ""1431"", ""4111"", ""1300"", ""1301"", ""1302"", ""1761"", ""1303"", ""1304"", ""1305"", ""1306"", ""1432"", ""1433"", ""1434"", ""3297"", ""4241"", ""2310"", ""2311"", ""2312"", ""2313"", ""2314"", ""ESTACION_CORREGIDORA_SUR""]","[""90"", ""90"", ""90"", ""90"", ""90"", ""90"", ""90"", ""90"", ""90"", ""90"", ""90"", ""90"", ""90"", ""90"", ""90"", ""90"", ""90"", ""90"", ""90"", ""90"", ""90"", ""90"", ""90"", ""90"", ""90"", ""90"", ""90"", ""90"", ""97"", ""97"", ""97"", ""97"", ""97"", ""97"", ""97"", ""CAMINATA""]",5.0,Francisco I. Madero/Venustiano Carranza,20.526419669925,-100.44303613732
2628,31.08394702923823,334,C43,0,29,1,Directa,334,C43,,"[""2628"", ""5227"", ""5228"", ""2600"", ""2545"", ""2546"", ""2303"", ""2304"", ""2305"", ""2306"", ""2232"", ""2629"", ""2478"", ""2308"", ""2028"", ""2029"", ""2030"", ""2031"", ""2309"", ""1919"", ""1920"", ""1921"", ""4241"", ""2310"", ""2311"", ""2312"", ""2313"", ""2314"", ""ESTACION_CORREGIDORA_SUR""]","[""334"", ""334"", ""334"", ""334"", ""334"", ""334"", ""334"", ""334"", ""334"", ""334"", ""334"", ""334"", ""334"", ""334"", ""334"", ""334"", ""334"", ""334"", ""334"", ""334"", ""334"", ""334"", ""334"", ""334"", ""334"", ""334"", ""334"", ""CAMINATA""]",5.0,Calle Rafael de la Mora/F. Rivera,20.56568983,-100.3979136
2300,31.100613695904897,375,T07,1,25,2,Con transbordo,375 → 319,T07 → C24,Corregidora/Luis M Vega y Monroy,"[""2300"", ""2301"", ""3641"", ""2302"", ""2303"", ""2304"", ""2305"", ""2306"", ""2307"", ""2308"", ""2028"", ""2029"", ""2030"", ""2031"", ""2309"", ""1919"", ""1920"", ""1921"", ""4241"", ""2310"", ""2311"", ""2312"", ""2313"", ""2314"", ""ESTACION_CORREGIDORA_SUR""]","[""375"", ""375"", ""375"", ""375"", ""375"", ""375"", ""375"", ""375"", ""375"", ""319"", ""319"", ""319"", ""319"", ""319"", ""319"", ""319"", ""319"", ""319"", ""319"", ""319"", ""319"", ""319"", ""319"", ""CAMINATA""]",5.0,Calle 41/Av. 12,20.56825551,-100.3959322
4131,31.11727578370397,341,C51,1,19,2,Con transbordo,341 → 338,C51 → C48,Blvd. de Las Américas/Calle Antonio Rivera de la Torre,"[""4131"", ""2675"", ""3893"", ""2668"", ""2669"", ""2294"", ""2295"", ""2296"", ""2418"", ""2419"", ""5180"", ""2672"", ""2201"", ""4241"", ""2310"", ""2311"", ""2312"", ""2313"", ""ESTACION_CORREGIDORA_SUR""]","[""341"", ""341"", ""341"", ""341"", ""341"", ""338"", ""338"", ""338"", ""338"", ""338"", ""338"", ""338"", ""338"", ""338"", ""338"", ""338"", ""338"", ""CAMINATA""]",5.0,Calle Naranjo/Calle Turquesa,20.550993339641,-100.40152079175
1899,31.124789611195208,370,T02,2,13,3,Con transbordo,370 → 409 → 345,T02 → L164 → C55,Blvd. Bernardo Quintana/Calle de la Peñita Ote. → Av. Universidad/Escuela Normal,"[""1899"", ""1900"", ""1901"", ""2082"", ""1884"", ""2204"", ""2550"", ""2551"", ""2956"", ""2552"", ""2393"", ""2394"", ""ESTACION_CORREGIDORA_SUR""]","[""370"", ""370"", ""370"", ""370"", ""370"", ""409"", ""345"", ""345"", ""345"", ""345"", ""345"", ""CAMINATA""]",5.0,Calzada de Los Arcos/Av. Plateros,20.593638454284,-100.37628647905
2446,31.13099726802928,134,C26,1,25,2,Con transbordo,134 → 325,C26 → C34,Avenida Cimatario/Mega Comercial,"[""2446"", ""2447"", ""2448"", ""2449"", ""2404"", ""2405"", ""2020"", ""2021"", ""2450"", ""2451"", ""1471"", ""1470"", ""1469"", ""1439"", ""1438"", ""2537"", ""1920"", ""1921"", ""4241"", ""2310"", ""2311"", ""2312"", ""2313"", ""2681"", ""ESTACION_CORREGIDORA_SUR""]","[""134"", ""134"", ""134"", ""134"", ""134"", ""134"", ""325"", ""325"", ""325"", ""325"", ""325"", ""325"", ""325"", ""325"", ""325"", ""325"", ""325"", ""325"", ""325"", ""325"", ""325"", ""325"", ""325"", ""CAMINATA""]",5.0,Blvd. Centro Sur/Cerro de la Silla,20.563841800225,-100.36690630908
2641,31.167275783703975,336,C46,0,28,1,Directa,336,C46,,"[""2641"", ""2258"", ""2259"", ""2260"", ""2261"", ""2262"", ""2263"", ""3023"", ""2264"", ""4393"", ""2199"", ""1762"", ""1763"", ""2200"", ""4430"", ""1764"", ""1765"", ""1766"", ""2201"", ""4241"", ""2310"", ""3570"", ""3571"", ""3572"", ""2311"", ""2312"", ""2313"", ""ESTACION_CORREGIDORA_SUR""]","[""336"", ""336"", ""336"", ""336"", ""336"", ""336"", ""336"", ""336"", ""336"", ""336"", ""336"", ""336"", ""336"", ""336"", ""336"", ""336"", ""336"", ""336"", ""336"", ""336"", ""336"", ""336"", ""336"", ""336"", ""336"", ""336"", ""CAMINATA""]",5.0,Calle Francisco Alcocer/Fernando Díaz Ramírez,20.54121716,-100.4032271
1372,31.192280362571555,90,L51,1,38,2,Con transbordo,90 → 97,L51 → C22,Constitución de 1917,"[""1372"", ""1441"", ""1373"", ""1442"", ""1443"", ""1374"", ""1375"", ""1444"", ""1362"", ""1363"", ""1364"", ""1445"", ""1365"", ""1446"", ""1366"", ""1447"", ""1367"", ""1431"", ""4111"", ""1300"", ""1301"", ""1302"", ""1761"", ""1303"", ""1304"", ""1305"", ""1306"", ""1432"", ""1433"", ""1434"", ""3297"", ""4241"", ""2310"", ""2311"", ""2312"", ""2313"", ""2314"", ""ESTACION_CORREGIDORA_SUR""]","[""90"", ""90"", ""90"", ""90"", ""90"", ""90"", ""90"", ""90"", ""90"", ""90"", ""90"", ""90"", ""90"", ""90"", ""90"", ""90"", ""90"", ""90"", ""90"", ""90"", ""90"", ""90"", ""90"", ""90"", ""90"", ""90"", ""90"", ""90"", ""90"", ""97"", ""97"", ""97"", ""97"", ""97"", ""97"", ""97"", ""CAMINATA""]",5.0,Francisco I. Madero/Gral. Pedro Lascurain,20.527123804359,-100.44246135697
1308,31.342280362571564,370,T02,2,16,3,Con transbordo,370 → 90 → 97,T02 → L51 → C22,Tejeda → Constitución de 1917,"[""1308"", ""1309"", ""1304"", ""1305"", ""1306"", ""1432"", ""1433"", ""1434"", ""3297"", ""4241"", ""2310"", ""2311"", ""2312"", ""2313"", ""2314"", ""ESTACION_CORREGIDORA_SUR""]","[""370"", ""370"", ""90"", ""90"", ""90"", ""90"", ""90"", ""97"", ""97"", ""97"", ""97"", ""97"", ""97"", ""97"", ""CAMINATA""]",5.0,Deportivo,20.555767246531,-100.42003456243
2442,31.364330601362617,396,T16,1,22,2,Con transbordo,396 → 325,T16 → C34,Alameda,"[""2442"", ""2471"", ""3596"", ""1473"", ""1474"", ""1476"", ""1472"", ""1471"", ""1470"", ""1469"", ""1439"", ""1438"", ""2537"", ""1920"", ""1921"", ""4241"", ""2310"", ""2311"", ""2312"", ""2313"", ""2681"", ""ESTACION_CORREGIDORA_SUR""]","[""396"", ""396"", ""396"", ""396"", ""396"", ""396"", ""396"", ""396"", ""396"", ""396"", ""325"", ""325"", ""325"", ""325"", ""325"", ""325"", ""325"", ""325"", ""325"", ""325"", ""CAMINATA""]",5.0,Fray Diego de Landa/Chedraui Centro Sur,20.569141666667,-100.36166111111
2511,31.433947029238237,341,C51,0,29,1,Directa,341,C51,,"[""2511"", ""2512"", ""2513"", ""2514"", ""2515"", ""2516"", ""3686"", ""2517"", ""2214"", ""2215"", ""2216"", ""2217"", ""2218"", ""2219"", ""2032"", ""2023"", ""2024"", ""2856"", ""1918"", ""1919"", ""1920"", ""1921"", ""4241"", ""2310"", ""2311"", ""2312"", ""2313"", ""2314"", ""ESTACION_CORREGIDORA_SUR""]","[""341"", ""341"", ""341"", ""341"", ""341"", ""341"", ""341"", ""341"", ""341"", ""341"", ""341"", ""341"", ""341"", ""341"", ""341"", ""341"", ""341"", ""341"", ""341"", ""341"", ""341"", ""341"", ""341"", ""341"", ""341"", ""341"", ""341"", ""CAMINATA""]",5.0,Av. 26/Calle 31,20.56422606,-100.3921761
5184,31.533947029238224,326,C35,1,29,2,Con transbordo,326 → 319,C35 → C24,Corregidora/Luis M Vega y Monroy,"[""5184"", ""3601"", ""2541"", ""2542"", ""2543"", ""2544"", ""2545"", ""2546"", ""2303"", ""2304"", ""2305"", ""2306"", ""2307"", ""2308"", ""2028"", ""2029"", ""2030"", ""2031"", ""2309"", ""1919"", ""1920"", ""1921"", ""4241"", ""2310"", ""2311"", ""2312"", ""2313"", ""2314"", ""ESTACION_CORREGIDORA_SUR""]","[""326"", ""326"", ""326"", ""326"", ""326"", ""326"", ""326"", ""326"", ""326"", ""326"", ""326"", ""326"", ""326"", ""319"", ""319"", ""319"", ""319"", ""319"", ""319"", ""319"", ""319"", ""319"", ""319"", ""319"", ""319"", ""319"", ""319"", ""CAMINATA""]",5.0,Prol. Calle 27/Calle Puerto Rico,20.557021371188,-100.38805893794
2457,31.547663934695944,352,C64,1,23,2,Con transbordo,352 → 325,C64 → C34,Bicentenario,"[""2457"", ""2458"", ""2459"", ""2751"", ""1473"", ""1474"", ""1476"", ""1472"", ""1471"", ""1470"", ""1469"", ""1439"", ""1438"", ""2537"", ""1920"", ""1921"", ""4241"", ""2310"", ""2311"", ""2312"", ""2313"", ""2681"", ""ESTACION_CORREGIDORA_SUR""]","[""352"", ""352"", ""352"", ""352"", ""352"", ""325"", ""325"", ""325"", ""325"", ""325"", ""325"", ""325"", ""325"", ""325"", ""325"", ""325"", ""325"", ""325"", ""325"", ""325"", ""325"", ""CAMINATA""]",5.0,Av. Cimatario/Constituyentes,20.586532791039,-100.37509013274
3346,31.547663934695947,134,C26,1,26,2,Con transbordo,134 → 325,C26 → C34,Avenida Cimatario/Mega Comercial,"[""3346"", ""2446"", ""2447"", ""2448"", ""2449"", ""2404"", ""2405"", ""2020"", ""2021"", ""2450"", ""2451"", ""1471"", ""1470"", ""1469"", ""1439"", ""1438"", ""2537"", ""1920"", ""1921"", ""4241"", ""2310"", ""2311"", ""2312"", ""2313"", ""2681"", ""ESTACION_CORREGIDORA_SUR""]","[""134"", ""134"", ""134"", ""134"", ""134"", ""134"", ""134"", ""325"", ""325"", ""325"", ""325"", ""325"", ""325"", ""325"", ""325"", ""325"", ""325"", ""325"", ""325"", ""325"", ""325"", ""325"", ""325"", ""325"", ""CAMINATA""]",5.0,Blvd. Centro Sur/Av. Fray Luis de León,20.5644306,-100.3654911
1352,31.642280362571555,90,L51,1,39,2,Con transbordo,90 → 97,L51 → C22,Constitución de 1917,"[""1352"", ""1372"", ""1441"", ""1373"", ""1442"", ""1443"", ""1374"", ""1375"", ""1444"", ""1362"", ""1363"", ""1364"", ""1445"", ""1365"", ""1446"", ""1366"", ""1447"", ""1367"", ""1431"", ""4111"", ""1300"", ""1301"", ""1302"", ""1761"", ""1303"", ""1304"", ""1305"", ""1306"", ""1432"", ""1433"", ""1434"", ""3297"", ""4241"", ""2310"", ""2311"", ""2312"", ""2313"", ""2314"", ""ESTACION_CORREGIDORA_SUR""]","[""90"", ""90"", ""90"", ""90"", ""90"", ""90"", ""90"", ""90"", ""90"", ""90"", ""90"", ""90"", ""90"", ""90"", ""90"", ""90"", ""90"", ""90"", ""90"", ""90"", ""90"", ""90"", ""90"", ""90"", ""90"", ""90"", ""90"", ""90"", ""90"", ""90"", ""97"", ""97"", ""97"", ""97"", ""97"", ""97"", ""97"", ""CAMINATA""]",5.0,Blvd. Metropolitano/Pirámides de Egipto,20.530484554613,-100.4416241503
3620,31.65894702923823,370,T02,1,17,2,Con transbordo,370 → 97,T02 → C22,El Pocito,"[""3620"", ""2976"", ""3621"", ""2977"", ""3622"", ""1306"", ""1432"", ""1433"", ""1434"", ""3297"", ""4241"", ""2310"", ""2311"", ""2312"", ""2313"", ""2314"", ""ESTACION_CORREGIDORA_SUR""]","[""370"", ""370"", ""370"", ""370"", ""370"", ""97"", ""97"", ""97"", ""97"", ""97"", ""97"", ""97"", ""97"", ""97"", ""97"", ""CAMINATA""]",5.0,Calle Hidalgo/Calle Tlaxcala,20.55342466,-100.4122275
5107,31.66728036257157,333,C42,1,22,2,Con transbordo,333 → 319,C42 → C24,Vicente Guerrero,"[""5107"", ""2519"", ""3578"", ""2216"", ""2217"", ""2218"", ""2219"", ""2032"", ""2023"", ""2024"", ""2856"", ""1918"", ""1919"", ""1920"", ""1921"", ""4241"", ""2310"", ""2311"", ""2312"", ""2313"", ""2314"", ""ESTACION_CORREGIDORA_SUR""]","[""333"", ""333"", ""333"", ""333"", ""333"", ""333"", ""333"", ""333"", ""333"", ""333"", ""333"", ""333"", ""319"", ""319"", ""319"", ""319"", ""319"", ""319"", ""319"", ""319"", ""CAMINATA""]",5.0,Av. del Parque/Blvd. Centro Sur,20.562011445296,-100.3741538794
2365,31.683942450370637,326,C35,1,21,2,Con transbordo,326 → 338,C35 → C48,Blvd. de Las Américas/Cerro del Fraile,"[""2365"", ""4129"", ""2290"", ""3600"", ""2291"", ""2292"", ""2293"", ""2294"", ""2295"", ""2296"", ""2418"", ""2419"", ""5180"", ""2672"", ""2201"", ""4241"", ""2310"", ""2311"", ""2312"", ""2313"", ""ESTACION_CORREGIDORA_SUR""]","[""326"", ""326"", ""338"", ""338"", ""338"", ""338"", ""338"", ""338"", ""338"", ""338"", ""338"", ""338"", ""338"", ""338"", ""338"", ""338"", ""338"", ""338"", ""338"", ""CAMINATA""]",5.0,Blvd. de Las Américas/Calle Cerro del Zamorano,20.546329388279,-100.39109997405
1898,31.691456277861874,370,T02,2,14,3,Con transbordo,370 → 409 → 345,T02 → L164 → C55,Blvd. Bernardo Quintana/Calle de la Peñita Ote. → Av. Universidad/Escuela Normal,"[""1898"", ""1899"", ""1900"", ""1901"", ""2082"", ""1884"", ""2204"", ""2550"", ""2551"", ""2956"", ""2552"", ""2393"", ""2394"", ""ESTACION_CORREGIDORA_SUR""]","[""370"", ""370"", ""370"", ""370"", ""370"", ""370"", ""409"", ""345"", ""345"", ""345"", ""345"", ""345"", ""CAMINATA""]",5.0,Calz. de Los Arcos/Independencia,20.592561226818,-100.37774335365
2475,31.70061369590489,321,C27,0,24,1,Directa,321,C27,,"[""2475"", ""2476"", ""2477"", ""2212"", ""2213"", ""2214"", ""2215"", ""2478"", ""2308"", ""2028"", ""2029"", ""2030"", ""2031"", ""2309"", ""1919"", ""1920"", ""1921"", ""4241"", ""2310"", ""2311"", ""2312"", ""2313"", ""2314"", ""ESTACION_CORREGIDORA_SUR""]","[""321"", ""321"", ""321"", ""321"", ""321"", ""321"", ""321"", ""321"", ""321"", ""321"", ""321"", ""321"", ""321"", ""321"", ""321"", ""321"", ""321"", ""321"", ""321"", ""321"", ""321"", ""321"", ""CAMINATA""]",5.0,Lazaro Cardenas/Plutarco Elias Calles,20.557604144159,-100.37708838429
3316,31.783947029238227,234,L117,1,11,2,Con transbordo,234 → 97,L117 → C22,Av. Tecnológico/Fernando Loyola,"[""3316"", ""2265"", ""5229"", ""3297"", ""4241"", ""2310"", ""2311"", ""2312"", ""2313"", ""2314"", ""ESTACION_CORREGIDORA_SUR""]","[""234"", ""234"", ""234"", ""97"", ""97"", ""97"", ""97"", ""97"", ""97"", ""CAMINATA""]",5.0,Carr. Lateral No. 57/Prol. Corregidora Sur,20.576495757034,-100.38758966891
2640,31.800609117037308,336,C46,0,29,1,Directa,336,C46,,"[""2640"", ""2641"", ""2258"", ""2259"", ""2260"", ""2261"", ""2262"", ""2263"", ""3023"", ""2264"", ""4393"", ""2199"", ""1762"", ""1763"", ""2200"", ""4430"", ""1764"", ""1765"", ""1766"", ""2201"", ""4241"", ""2310"", ""3570"", ""3571"", ""3572"", ""2311"", ""2312"", ""2313"", ""ESTACION_CORREGIDORA_SUR""]","[""336"", ""336"", ""336"", ""336"", ""336"", ""336"", ""336"", ""336"", ""336"", ""336"", ""336"", ""336"", ""336"", ""336"", ""336"", ""336"", ""336"", ""336"", ""336"", ""336"", ""336"", ""336"", ""336"", ""336"", ""336"", ""336"", ""336"", ""CAMINATA""]",5.0,Paseos del Mirador/Cto. Antonio Pérez Alcocer,20.539695,-100.404835
2510,31.850613695904904,341,C51,0,30,1,Directa,341,C51,,"[""2510"", ""2511"", ""2512"", ""2513"", ""2514"", ""2515"", ""2516"", ""3686"", ""2517"", ""2214"", ""2215"", ""2216"", ""2217"", ""2218"", ""2219"", ""2032"", ""2023"", ""2024"", ""2856"", ""1918"", ""1919"", ""1920"", ""1921"", ""4241"", ""2310"", ""2311"", ""2312"", ""2313"", ""2314"", ""ESTACION_CORREGIDORA_SUR""]","[""341"", ""341"", ""341"", ""341"", ""341"", ""341"", ""341"", ""341"", ""341"", ""341"", ""341"", ""341"", ""341"", ""341"", ""341"", ""341"", ""341"", ""341"", ""341"", ""341"", ""341"", ""341"", ""341"", ""341"", ""341"", ""341"", ""341"", ""341"", ""CAMINATA""]",5.0,Av. 26/Calle 35,20.56387973,-100.3932374
2891,31.867280362571563,341,C51,1,21,2,Con transbordo,341 → 334,C51 → C43,Cto Moisés Solana/Tomasa Estévez,"[""2891"", ""2231"", ""2232"", ""2629"", ""2478"", ""2308"", ""2028"", ""2029"", ""2030"", ""2031"", ""2309"", ""1919"", ""1920"", ""1921"", ""4241"", ""2310"", ""2311"", ""2312"", ""2313"", ""2314"", ""ESTACION_CORREGIDORA_SUR""]","[""341"", ""341"", ""334"", ""334"", ""334"", ""334"", ""334"", ""334"", ""334"", ""334"", ""334"", ""334"", ""334"", ""334"", ""334"", ""334"", ""334"", ""334"", ""334"", ""CAMINATA""]",5.0,Prol. Corregidora Sur/General Lázaro Cárdenas,20.57879211,-100.386182
1450,31.914330601362607,99,T01,1,19,2,Con transbordo,99 → 325,T01 → C34,Bicentenario,"[""1450"", ""1475"", ""1476"", ""1472"", ""1471"", ""1470"", ""1469"", ""1439"", ""1438"", ""2537"", ""1920"", ""1921"", ""4241"", ""2310"", ""2311"", ""2312"", ""2313"", ""2681"", ""ESTACION_CORREGIDORA_SUR""]","[""99"", ""99"", ""325"", ""325"", ""325"", ""325"", ""325"", ""325"", ""325"", ""325"", ""325"", ""325"", ""325"", ""325"", ""325"", ""325"", ""325"", ""CAMINATA""]",5.0,Mirador,20.590450802299,-100.33560889683
1424,31.975613695904887,90,L51,1,40,2,Con transbordo,90 → 97,L51 → C22,Constitución de 1917,"[""1424"", ""1352"", ""1372"", ""1441"", ""1373"", ""1442"", ""1443"", ""1374"", ""1375"", ""1444"", ""1362"", ""1363"", ""1364"", ""1445"", ""1365"", ""1446"", ""1366"", ""1447"", ""1367"", ""1431"", ""4111"", ""1300"", ""1301"", ""1302"", ""1761"", ""1303"", ""1304"", ""1305"", ""1306"", ""1432"", ""1433"", ""1434"", ""3297"", ""4241"", ""2310"", ""2311"", ""2312"", ""2313"", ""2314"", ""ESTACION_CORREGIDORA_SUR""]","[""90"", ""90"", ""90"", ""90"", ""90"", ""90"", ""90"", ""90"", ""90"", ""90"", ""90"", ""90"", ""90"", ""90"", ""90"", ""90"", ""90"", ""90"", ""90"", ""90"", ""90"", ""90"", ""90"", ""90"", ""90"", ""90"", ""90"", ""90"", ""90"", ""90"", ""90"", ""97"", ""97"", ""97"", ""97"", ""97"", ""97"", ""97"", ""CAMINATA""]",5.0,Av. Paseo Constituyentes/Heroico Colegio Militar,20.532491122673,-100.43991532105
2508,31.983942450370634,322,C29,1,20,2,Con transbordo,322 → 338,C29 → C48,Blvd. de Las Américas/Río Lerma,"[""2508"", ""2509"", ""4138"", ""2291"", ""2292"", ""2293"", ""2294"", ""2295"", ""2296"", ""2418"", ""2419"", ""5180"", ""2672"", ""2201"", ""4241"", ""2310"", ""2311"", ""2312"", ""2313"", ""ESTACION_CORREGIDORA_SUR""]","[""322"", ""322"", ""322"", ""338"", ""338"", ""338"", ""338"", ""338"", ""338"", ""338"", ""338"", ""338"", ""338"", ""338"", ""338"", ""338"", ""338"", ""338"", ""CAMINATA""]",5.0,Av. Candiles/Plaza Candiles,20.54712239,-100.3979739
2299,32.01728036257156,375,T07,1,26,2,Con transbordo,375 → 319,T07 → C24,Corregidora/Luis M Vega y Monroy,"[""2299"", ""2300"", ""2301"", ""3641"", ""2302"", ""2303"", ""2304"", ""2305"", ""2306"", ""2307"", ""2308"", ""2028"", ""2029"", ""2030"", ""2031"", ""2309"", ""1919"", ""1920"", ""1921"", ""4241"", ""2310"", ""2311"", ""2312"", ""2313"", ""2314"", ""ESTACION_CORREGIDORA_SUR""]","[""375"", ""375"", ""375"", ""375"", ""375"", ""375"", ""375"", ""375"", ""375"", ""375"", ""319"", ""319"", ""319"", ""319"", ""319"", ""319"", ""319"", ""319"", ""319"", ""319"", ""319"", ""319"", ""319"", ""319"", ""CAMINATA""]",5.0,Calle 41/Calle 18,20.56652405,-100.3954022
2599,32.033947029238234,341,C51,0,31,1,Directa,341,C51,,"[""2599"", ""2510"", ""2511"", ""2512"", ""2513"", ""2514"", ""2515"", ""2516"", ""3686"", ""2517"", ""2214"", ""2215"", ""2216"", ""2217"", ""2218"", ""2219"", ""2032"", ""2023"", ""2024"", ""2856"", ""1918"", ""1919"", ""1920"", ""1921"", ""4241"", ""2310"", ""2311"", ""2312"", ""2313"", ""2314"", ""ESTACION_CORREGIDORA_SUR""]","[""341"", ""341"", ""341"", ""341"", ""341"", ""341"", ""341"", ""341"", ""341"", ""341"", ""341"", ""341"", ""341"", ""341"", ""341"", ""341"", ""341"", ""341"", ""341"", ""341"", ""341"", ""341"", ""341"", ""341"", ""341"", ""341"", ""341"", ""341"", ""341"", ""CAMINATA""]",5.0,Calle 37/Av. 26,20.56370113,-100.3936716
5104,32.04766393469595,352,C64,1,19,2,Con transbordo,352 → 325,C64 → C34,Alameda,"[""5104"", ""1475"", ""1476"", ""1472"", ""1471"", ""1470"", ""1469"", ""1439"", ""1438"", ""2537"", ""1920"", ""1921"", ""4241"", ""2310"", ""2311"", ""2312"", ""2313"", ""2681"", ""ESTACION_CORREGIDORA_SUR""]","[""352"", ""352"", ""352"", ""352"", ""352"", ""352"", ""352"", ""325"", ""325"", ""325"", ""325"", ""325"", ""325"", ""325"", ""325"", ""325"", ""325"", ""CAMINATA""]",5.0,Carretera Federal No. 57/Av. Conin,20.576281066446,-100.33123725734
2234,32.06728036257156,331,C40,1,20,2,Con transbordo,331 → 321,C40 → C27,Prol. Luis Pasteur/Av. 26,"[""2234"", ""2214"", ""2215"", ""2478"", ""2308"", ""2028"", ""2029"", ""2030"", ""2031"", ""2309"", ""1919"", ""1920"", ""1921"", ""4241"", ""2310"", ""2311"", ""2312"", ""2313"", ""2314"", ""ESTACION_CORREGIDORA_SUR""]","[""331"", ""321"", ""321"", ""321"", ""321"", ""321"", ""321"", ""321"", ""321"", ""321"", ""321"", ""321"", ""321"", ""321"", ""321"", ""321"", ""321"", ""321"", ""CAMINATA""]",5.0,Luis Pasteur Sur/Av. 24,20.567890712921,-100.38312848041
3344,32.080997268029286,396,T16,1,23,2,Con transbordo,396 → 325,T16 → C34,Alameda,"[""3344"", ""2442"", ""2471"", ""3596"", ""1473"", ""1474"", ""1476"", ""1472"", ""1471"", ""1470"", ""1469"", ""1439"", ""1438"", ""2537"", ""1920"", ""1921"", ""4241"", ""2310"", ""2311"", ""2312"", ""2313"", ""2681"", ""ESTACION_CORREGIDORA_SUR""]","[""396"", ""396"", ""396"", ""396"", ""396"", ""396"", ""396"", ""396"", ""396"", ""396"", ""396"", ""325"", ""325"", ""325"", ""325"", ""325"", ""325"", ""325"", ""325"", ""325"", ""325"", ""CAMINATA""]",5.0,Blvd. Centro Sur/Marqués de la Villa del Villar del Águila,20.565964262354,-100.36260803299
2540,32.10061369590489,326,C35,1,30,2,Con transbordo,326 → 319,C35 → C24,Corregidora/Luis M Vega y Monroy,"[""2540"", ""5184"", ""3601"", ""2541"", ""2542"", ""2543"", ""2544"", ""2545"", ""2546"", ""2303"", ""2304"", ""2305"", ""2306"", ""2307"", ""2308"", ""2028"", ""2029"", ""2030"", ""2031"", ""2309"", ""1919"", ""1920"", ""1921"", ""4241"", ""2310"", ""2311"", ""2312"", ""2313"", ""2314"", ""ESTACION_CORREGIDORA_SUR""]","[""326"", ""326"", ""326"", ""326"", ""326"", ""326"", ""326"", ""326"", ""326"", ""326"", ""326"", ""326"", ""326"", ""326"", ""319"", ""319"", ""319"", ""319"", ""319"", ""319"", ""319"", ""319"", ""319"", ""319"", ""319"", ""319"", ""319"", ""319"", ""CAMINATA""]",5.0,Prol. Calle 27/Blvd. Valle del Cimatario,20.55545147,-100.3874079
2456,32.13099726802928,325,C34,0,30,1,Directa,325,C34,,"[""2456"", ""2457"", ""2458"", ""2459"", ""2245"", ""2038"", ""2039"", ""2246"", ""2017"", ""2018"", ""2019"", ""2020"", ""2021"", ""2450"", ""2451"", ""1471"", ""1470"", ""1469"", ""1439"", ""1438"", ""2537"", ""1920"", ""1921"", ""4241"", ""2310"", ""2311"", ""2312"", ""2313"", ""2681"", ""ESTACION_CORREGIDORA_SUR""]","[""325"", ""325"", ""325"", ""325"", ""325"", ""325"", ""325"", ""325"", ""325"", ""325"", ""325"", ""325"", ""325"", ""325"", ""325"", ""325"", ""325"", ""325"", ""325"", ""325"", ""325"", ""325"", ""325"", ""325"", ""325"", ""325"", ""325"", ""325"", ""CAMINATA""]",5.0,20 de Noviembre/Francisco Gonzalez de Cosio,20.587772068969,-100.37646571473
2507,32.21727578370397,322,C29,1,21,2,Con transbordo,322 → 338,C29 → C48,Blvd. de Las Américas/Río Lerma,"[""2507"", ""2508"", ""2509"", ""4138"", ""2291"", ""2292"", ""2293"", ""2294"", ""2295"", ""2296"", ""2418"", ""2419"", ""5180"", ""2672"", ""2201"", ""4241"", ""2310"", ""2311"", ""2312"", ""2313"", ""ESTACION_CORREGIDORA_SUR""]","[""322"", ""322"", ""322"", ""322"", ""338"", ""338"", ""338"", ""338"", ""338"", ""338"", ""338"", ""338"", ""338"", ""338"", ""338"", ""338"", ""338"", ""338"", ""338"", ""CAMINATA""]",5.0,Av. Camino Real/Av. Candiles,20.54682359,-100.398618
2674,32.28394245037064,341,C51,1,20,2,Con transbordo,341 → 338,C51 → C48,Blvd. de Las Américas/Calle Antonio Rivera de la Torre,"[""2674"", ""4131"", ""2675"", ""3893"", ""2668"", ""2669"", ""2294"", ""2295"", ""2296"", ""2418"", ""2419"", ""5180"", ""2672"", ""2201"", ""4241"", ""2310"", ""2311"", ""2312"", ""2313"", ""ESTACION_CORREGIDORA_SUR""]","[""341"", ""341"", ""341"", ""341"", ""341"", ""341"", ""338"", ""338"", ""338"", ""338"", ""338"", ""338"", ""338"", ""338"", ""338"", ""338"", ""338"", ""338"", ""CAMINATA""]",5.0,Av. Cumbres/Av. Camino Real,20.5510393,-100.3983774
4097,32.31727578370396,356,L108,1,13,2,Con transbordo,356 → 338,L108 → C48,Ignacio Zaragoza/Imss,"[""4097"", ""4098"", ""4099"", ""2616"", ""4100"", ""1766"", ""2201"", ""4241"", ""2310"", ""2311"", ""2312"", ""2313"", ""ESTACION_CORREGIDORA_SUR""]","[""356"", ""356"", ""356"", ""356"", ""356"", ""356"", ""338"", ""338"", ""338"", ""338"", ""338"", ""CAMINATA""]",5.0,Carr. Tlacote/Aurrera,20.588879224247,-100.4244545031
2975,32.375613695904896,370,T02,1,18,2,Con transbordo,370 → 97,T02 → C22,El Pocito,"[""2975"", ""3620"", ""2976"", ""3621"", ""2977"", ""3622"", ""1306"", ""1432"", ""1433"", ""1434"", ""3297"", ""4241"", ""2310"", ""2311"", ""2312"", ""2313"", ""2314"", ""ESTACION_CORREGIDORA_SUR""]","[""370"", ""370"", ""370"", ""370"", ""370"", ""370"", ""97"", ""97"", ""97"", ""97"", ""97"", ""97"", ""97"", ""97"", ""97"", ""97"", ""CAMINATA""]",5.0,Calle México Oriente/Calle San Luis Potosí Oriente,20.551200782399,-100.41258421831
1299,32.46728036257156,97,C22,2,20,3,Con transbordo,97 → 90 → 97,C22 → L51 → C22,Santa Bárbara → Constitución de 1917,"[""1299"", ""1300"", ""1301"", ""1302"", ""1761"", ""1303"", ""1304"", ""1305"", ""1306"", ""1432"", ""1433"", ""1434"", ""3297"", ""4241"", ""2310"", ""2311"", ""2312"", ""2313"", ""2314"", ""ESTACION_CORREGIDORA_SUR""]","[""97"", ""90"", ""90"", ""90"", ""90"", ""90"", ""90"", ""90"", ""90"", ""90"", ""90"", ""97"", ""97"", ""97"", ""97"", ""97"", ""97"", ""97"", ""CAMINATA""]",5.0,Heroico Colegio Militar/Av. Paseo Constituyentes,20.532540202848,-100.44013727066
2470,32.49766393469594,134,C26,1,26,2,Con transbordo,134 → 325,C26 → C34,Terminal de Autobuses de Querétaro/Paradero,"[""2470"", ""2471"", ""3596"", ""2246"", ""2017"", ""2018"", ""2019"", ""2020"", ""2021"", ""2450"", ""2451"", ""1471"", ""1470"", ""1469"", ""1439"", ""1438"", ""2537"", ""1920"", ""1921"", ""4241"", ""2310"", ""2311"", ""2312"", ""2313"", ""2681"", ""ESTACION_CORREGIDORA_SUR""]","[""134"", ""134"", ""134"", ""325"", ""325"", ""325"", ""325"", ""325"", ""325"", ""325"", ""325"", ""325"", ""325"", ""325"", ""325"", ""325"", ""325"", ""325"", ""325"", ""325"", ""325"", ""325"", ""325"", ""325"", ""CAMINATA""]",5.0,Blvd. Centro Sur/Chedraui,20.571387909631,-100.35945661147
5101,32.60061369590489,326,C35,1,31,2,Con transbordo,326 → 319,C35 → C24,Corregidora/Luis M Vega y Monroy,"[""5101"", ""2540"", ""5184"", ""3601"", ""2541"", ""2542"", ""2543"", ""2544"", ""2545"", ""2546"", ""2303"", ""2304"", ""2305"", ""2306"", ""2307"", ""2308"", ""2028"", ""2029"", ""2030"", ""2031"", ""2309"", ""1919"", ""1920"", ""1921"", ""4241"", ""2310"", ""2311"", ""2312"", ""2313"", ""2314"", ""ESTACION_CORREGIDORA_SUR""]","[""326"", ""326"", ""326"", ""326"", ""326"", ""326"", ""326"", ""326"", ""326"", ""326"", ""326"", ""326"", ""326"", ""326"", ""326"", ""319"", ""319"", ""319"", ""319"", ""319"", ""319"", ""319"", ""319"", ""319"", ""319"", ""319"", ""319"", ""319"", ""319"", ""CAMINATA""]",5.0,Prol. Calle 27/Santiago de Compostela,20.554063562025,-100.38685374137
5078,32.66728036257156,321,C27,0,25,1,Directa,321,C27,,"[""5078"", ""2475"", ""2476"", ""2477"", ""2212"", ""2213"", ""2214"", ""2215"", ""2478"", ""2308"", ""2028"", ""2029"", ""2030"", ""2031"", ""2309"", ""1919"", ""1920"", ""1921"", ""4241"", ""2310"", ""2311"", ""2312"", ""2313"", ""2314"", ""ESTACION_CORREGIDORA_SUR""]","[""321"", ""321"", ""321"", ""321"", ""321"", ""321"", ""321"", ""321"", ""321"", ""321"", ""321"", ""321"", ""321"", ""321"", ""321"", ""321"", ""321"", ""321"", ""321"", ""321"", ""321"", ""321"", ""321"", ""CAMINATA""]",5.0,Cto. Lázaro Cárdenas/Fidel Velázquez,20.558482962501,-100.37459549525
2445,32.697663934695946,134,C26,1,27,2,Con transbordo,134 → 325,C26 → C34,Avenida Cimatario/Mega Comercial,"[""2445"", ""3346"", ""2446"", ""2447"", ""2448"", ""2449"", ""2404"", ""2405"", ""2020"", ""2021"", ""2450"", ""2451"", ""1471"", ""1470"", ""1469"", ""1439"", ""1438"", ""2537"", ""1920"", ""1921"", ""4241"", ""2310"", ""2311"", ""2312"", ""2313"", ""2681"", ""ESTACION_CORREGIDORA_SUR""]","[""134"", ""134"", ""134"", ""134"", ""134"", ""134"", ""134"", ""134"", ""325"", ""325"", ""325"", ""325"", ""325"", ""325"", ""325"", ""325"", ""325"", ""325"", ""325"", ""325"", ""325"", ""325"", ""325"", ""325"", ""325"", ""CAMINATA""]",5.0,Fray Luis de León/Manuel Gómez Morín,20.56117,-100.363047
2639,32.717275783703975,336,C46,0,30,1,Directa,336,C46,,"[""2639"", ""2640"", ""2641"", ""2258"", ""2259"", ""2260"", ""2261"", ""2262"", ""2263"", ""3023"", ""2264"", ""4393"", ""2199"", ""1762"", ""1763"", ""2200"", ""4430"", ""1764"", ""1765"", ""1766"", ""2201"", ""4241"", ""2310"", ""3570"", ""3571"", ""3572"", ""2311"", ""2312"", ""2313"", ""ESTACION_CORREGIDORA_SUR""]","[""336"", ""336"", ""336"", ""336"", ""336"", ""336"", ""336"", ""336"", ""336"", ""336"", ""336"", ""336"", ""336"", ""336"", ""336"", ""336"", ""336"", ""336"", ""336"", ""336"", ""336"", ""336"", ""336"", ""336"", ""336"", ""336"", ""336"", ""336"", ""CAMINATA""]",5.0,Fresno/Maravillas,20.536710129288,-100.40409658337
2403,32.74766393469594,322,C29,2,22,3,Con transbordo,322 → 134 → 325,C29 → C26 → C34,Avenida Colinas del Cimatario/Cerro Blanco → Avenida Cimatario/Mega Comercial,"[""2403"", ""2404"", ""2405"", ""2020"", ""2021"", ""2450"", ""2451"", ""1471"", ""1470"", ""1469"", ""1439"", ""1438"", ""2537"", ""1920"", ""1921"", ""4241"", ""2310"", ""2311"", ""2312"", ""2313"", ""2681"", ""ESTACION_CORREGIDORA_SUR""]","[""322"", ""134"", ""134"", ""325"", ""325"", ""325"", ""325"", ""325"", ""325"", ""325"", ""325"", ""325"", ""325"", ""325"", ""325"", ""325"", ""325"", ""325"", ""325"", ""325"", ""CAMINATA""]",5.0,Plaza Zimapán/Cerro Blanco,20.572684669617,-100.37266703895
2027,32.750613695904896,341,C51,1,22,2,Con transbordo,341 → 334,C51 → C43,Cto Moisés Solana/Tomasa Estévez,"[""2027"", ""2891"", ""2231"", ""2232"", ""2629"", ""2478"", ""2308"", ""2028"", ""2029"", ""2030"", ""2031"", ""2309"", ""1919"", ""1920"", ""1921"", ""4241"", ""2310"", ""2311"", ""2312"", ""2313"", ""2314"", ""ESTACION_CORREGIDORA_SUR""]","[""341"", ""341"", ""341"", ""334"", ""334"", ""334"", ""334"", ""334"", ""334"", ""334"", ""334"", ""334"", ""334"", ""334"", ""334"", ""334"", ""334"", ""334"", ""334"", ""334"", ""CAMINATA""]",5.0,Corregidora Sur/Arroyo Seco,20.580918,-100.3869931
3301,32.775613695904894,255,T11,2,20,3,Con transbordo,255 → 90 → 97,T11 → L51 → C22,Santa Bárbara → Constitución de 1917,"[""3301"", ""1300"", ""1301"", ""1302"", ""1761"", ""1303"", ""1304"", ""1305"", ""1306"", ""1432"", ""1433"", ""1434"", ""3297"", ""4241"", ""2310"", ""2311"", ""2312"", ""2313"", ""2314"", ""ESTACION_CORREGIDORA_SUR""]","[""255"", ""90"", ""90"", ""90"", ""90"", ""90"", ""90"", ""90"", ""90"", ""90"", ""90"", ""97"", ""97"", ""97"", ""97"", ""97"", ""97"", ""97"", ""CAMINATA""]",5.0,Av. Paseo Constituyentes/Prol. Cuauhtémoc,20.53189994,-100.4434721
3650,32.78394245037064,233,L113,1,20,2,Con transbordo,233 → 338,L113 → C48,Blvd. de Las Américas/Cerro del Fraile,"[""3650"", ""2290"", ""3600"", ""2291"", ""2292"", ""2293"", ""2294"", ""2295"", ""2296"", ""2418"", ""2419"", ""5180"", ""2672"", ""2201"", ""4241"", ""2310"", ""2311"", ""2312"", ""2313"", ""ESTACION_CORREGIDORA_SUR""]","[""233"", ""338"", ""338"", ""338"", ""338"", ""338"", ""338"", ""338"", ""338"", ""338"", ""338"", ""338"", ""338"", ""338"", ""338"", ""338"", ""338"", ""338"", ""CAMINATA""]",5.0,Francisco Alcocer Pozo/Circuito del Sol,20.541257464378,-100.39563243422
1313,32.79228036257155,90,L51,1,41,2,Con transbordo,90 → 97,L51 → C22,Constitución de 1917,"[""1313"", ""1424"", ""1352"", ""1372"", ""1441"", ""1373"", ""1442"", ""1443"", ""1374"", ""1375"", ""1444"", ""1362"", ""1363"", ""1364"", ""1445"", ""1365"", ""1446"", ""1366"", ""1447"", ""1367"", ""1431"", ""4111"", ""1300"", ""1301"", ""1302"", ""1761"", ""1303"", ""1304"", ""1305"", ""1306"", ""1432"", ""1433"", ""1434"", ""3297"", ""4241"", ""2310"", ""2311"", ""2312"", ""2313"", ""2314"", ""ESTACION_CORREGIDORA_SUR""]","[""90"", ""90"", ""90"", ""90"", ""90"", ""90"", ""90"", ""90"", ""90"", ""90"", ""90"", ""90"", ""90"", ""90"", ""90"", ""90"", ""90"", ""90"", ""90"", ""90"", ""90"", ""90"", ""90"", ""90"", ""90"", ""90"", ""90"", ""90"", ""90"", ""90"", ""90"", ""90"", ""97"", ""97"", ""97"", ""97"", ""97"", ""97"", ""97"", ""CAMINATA""]",5.0,Mega,20.537044713404,-100.43538130137
3343,32.797663934695954,396,T16,1,24,2,Con transbordo,396 → 325,T16 → C34,Alameda,"[""3343"", ""3344"", ""2442"", ""2471"", ""3596"", ""1473"", ""1474"", ""1476"", ""1472"", ""1471"", ""1470"", ""1469"", ""1439"", ""1438"", ""2537"", ""1920"", ""1921"", ""4241"", ""2310"", ""2311"", ""2312"", ""2313"", ""2681"", ""ESTACION_CORREGIDORA_SUR""]","[""396"", ""396"", ""396"", ""396"", ""396"", ""396"", ""396"", ""396"", ""396"", ""396"", ""396"", ""396"", ""325"", ""325"", ""325"", ""325"", ""325"", ""325"", ""325"", ""325"", ""325"", ""325"", ""CAMINATA""]",5.0,Blvd. Centro Sur/Av. Fray Luis de León,20.5641081,-100.3654746
1298,32.85894702923822,97,C22,2,21,3,Con transbordo,97 → 90 → 97,C22 → L51 → C22,Santa Bárbara → Constitución de 1917,"[""1298"", ""1299"", ""1300"", ""1301"", ""1302"", ""1761"", ""1303"", ""1304"", ""1305"", ""1306"", ""1432"", ""1433"", ""1434"", ""3297"", ""4241"", ""2310"", ""2311"", ""2312"", ""2313"", ""2314"", ""ESTACION_CORREGIDORA_SUR""]","[""97"", ""97"", ""90"", ""90"", ""90"", ""90"", ""90"", ""90"", ""90"", ""90"", ""90"", ""90"", ""97"", ""97"", ""97"", ""97"", ""97"", ""97"", ""97"", ""CAMINATA""]",5.0,Heroico Colegio Militar/Ignacio Allende,20.533641987767,-100.44032115654
3619,32.89228036257156,370,T02,1,19,2,Con transbordo,370 → 97,T02 → C22,El Pocito,"[""3619"", ""2975"", ""3620"", ""2976"", ""3621"", ""2977"", ""3622"", ""1306"", ""1432"", ""1433"", ""1434"", ""3297"", ""4241"", ""2310"", ""2311"", ""2312"", ""2313"", ""2314"", ""ESTACION_CORREGIDORA_SUR""]","[""370"", ""370"", ""370"", ""370"", ""370"", ""370"", ""370"", ""97"", ""97"", ""97"", ""97"", ""97"", ""97"", ""97"", ""97"", ""97"", ""97"", ""CAMINATA""]",5.0,Calle México/ Calle Chiapas,20.55045402,-100.4140617
2598,32.967280362571564,341,C51,0,32,1,Directa,341,C51,,"[""2598"", ""2599"", ""2510"", ""2511"", ""2512"", ""2513"", ""2514"", ""2515"", ""2516"", ""3686"", ""2517"", ""2214"", ""2215"", ""2216"", ""2217"", ""2218"", ""2219"", ""2032"", ""2023"", ""2024"", ""2856"", ""1918"", ""1919"", ""1920"", ""1921"", ""4241"", ""2310"", ""2311"", ""2312"", ""2313"", ""2314"", ""ESTACION_CORREGIDORA_SUR""]","[""341"", ""341"", ""341"", ""341"", ""341"", ""341"", ""341"", ""341"", ""341"", ""341"", ""341"", ""341"", ""341"", ""341"", ""341"", ""341"", ""341"", ""341"", ""341"", ""341"", ""341"", ""341"", ""341"", ""341"", ""341"", ""341"", ""341"", ""341"", ""341"", ""341"", ""CAMINATA""]",5.0,Calle 37/Calle 2,20.561428,-100.392997
2506,32.983942450370634,322,C29,1,22,2,Con transbordo,322 → 338,C29 → C48,Blvd. de Las Américas/Río Lerma,"[""2506"", ""2507"", ""2508"", ""2509"", ""4138"", ""2291"", ""2292"", ""2293"", ""2294"", ""2295"", ""2296"", ""2418"", ""2419"", ""5180"", ""2672"", ""2201"", ""4241"", ""2310"", ""2311"", ""2312"", ""2313"", ""ESTACION_CORREGIDORA_SUR""]","[""322"", ""322"", ""322"", ""322"", ""322"", ""338"", ""338"", ""338"", ""338"", ""338"", ""338"", ""338"", ""338"", ""338"", ""338"", ""338"", ""338"", ""338"", ""338"", ""338"", ""CAMINATA""]",5.0,Av. Camino Real/Villa Tulipanes,20.544633,-100.398628
2455,32.99766393469595,325,C34,0,31,1,Directa,325,C34,,"[""2455"", ""2456"", ""2457"", ""2458"", ""2459"", ""2245"", ""2038"", ""2039"", ""2246"", ""2017"", ""2018"", ""2019"", ""2020"", ""2021"", ""2450"", ""2451"", ""1471"", ""1470"", ""1469"", ""1439"", ""1438"", ""2537"", ""1920"", ""1921"", ""4241"", ""2310"", ""2311"", ""2312"", ""2313"", ""2681"", ""ESTACION_CORREGIDORA_SUR""]","[""325"", ""325"", ""325"", ""325"", ""325"", ""325"", ""325"", ""325"", ""325"", ""325"", ""325"", ""325"", ""325"", ""325"", ""325"", ""325"", ""325"", ""325"", ""325"", ""325"", ""325"", ""325"", ""325"", ""325"", ""325"", ""325"", ""325"", ""325"", ""325"", ""CAMINATA""]",5.0,Av. 20 de Noviembre/Ejército Republicano,20.590433341935,-100.37658834045
1339,33.03394245037063,98,C23,1,17,2,Con transbordo,98 → 338,C23 → C48,Ignacio Zaragoza/Imss,"[""1339"", ""1340"", ""1341"", ""1762"", ""1763"", ""2200"", ""4430"", ""1764"", ""1765"", ""1766"", ""2201"", ""4241"", ""2310"", ""2311"", ""2312"", ""2313"", ""ESTACION_CORREGIDORA_SUR""]","[""98"", ""98"", ""98"", ""98"", ""98"", ""98"", ""98"", ""98"", ""98"", ""98"", ""338"", ""338"", ""338"", ""338"", ""338"", ""CAMINATA""]",5.0,Blvd. Hacienda del Jacal/Walmart,20.560804,-100.427841
2256,33.033942450370645,336,C46,0,31,1,Directa,336,C46,,"[""2256"", ""2639"", ""2640"", ""2641"", ""2258"", ""2259"", ""2260"", ""2261"", ""2262"", ""2263"", ""3023"", ""2264"", ""4393"", ""2199"", ""1762"", ""1763"", ""2200"", ""4430"", ""1764"", ""1765"", ""1766"", ""2201"", ""4241"", ""2310"", ""3570"", ""3571"", ""3572"", ""2311"", ""2312"", ""2313"", ""ESTACION_CORREGIDORA_SUR""]","[""336"", ""336"", ""336"", ""336"", ""336"", ""336"", ""336"", ""336"", ""336"", ""336"", ""336"", ""336"", ""336"", ""336"", ""336"", ""336"", ""336"", ""336"", ""336"", ""336"", ""336"", ""336"", ""336"", ""336"", ""336"", ""336"", ""336"", ""336"", ""336"", ""CAMINATA""]",5.0,Calle Manzano/Fresno,20.536731105474,-100.40524168523
1312,33.075613695904885,90,L51,1,42,2,Con transbordo,90 → 97,L51 → C22,Constitución de 1917,"[""1312"", ""1313"", ""1424"", ""1352"", ""1372"", ""1441"", ""1373"", ""1442"", ""1443"", ""1374"", ""1375"", ""1444"", ""1362"", ""1363"", ""1364"", ""1445"", ""1365"", ""1446"", ""1366"", ""1447"", ""1367"", ""1431"", ""4111"", ""1300"", ""1301"", ""1302"", ""1761"", ""1303"", ""1304"", ""1305"", ""1306"", ""1432"", ""1433"", ""1434"", ""3297"", ""4241"", ""2310"", ""2311"", ""2312"", ""2313"", ""2314"", ""ESTACION_CORREGIDORA_SUR""]","[""90"", ""90"", ""90"", ""90"", ""90"", ""90"", ""90"", ""90"", ""90"", ""90"", ""90"", ""90"", ""90"", ""90"", ""90"", ""90"", ""90"", ""90"", ""90"", ""90"", ""90"", ""90"", ""90"", ""90"", ""90"", ""90"", ""90"", ""90"", ""90"", ""90"", ""90"", ""90"", ""90"", ""97"", ""97"", ""97"", ""97"", ""97"", ""97"", ""97"", ""CAMINATA""]",5.0,El Pueblito,20.538743010666,-100.4340336215
3577,33.11728036257157,333,C42,1,23,2,Con transbordo,333 → 319,C42 → C24,Vicente Guerrero,"[""3577"", ""5107"", ""2519"", ""3578"", ""2216"", ""2217"", ""2218"", ""2219"", ""2032"", ""2023"", ""2024"", ""2856"", ""1918"", ""1919"", ""1920"", ""1921"", ""4241"", ""2310"", ""2311"", ""2312"", ""2313"", ""2314"", ""ESTACION_CORREGIDORA_SUR""]","[""333"", ""333"", ""333"", ""333"", ""333"", ""333"", ""333"", ""333"", ""333"", ""333"", ""333"", ""333"", ""333"", ""319"", ""319"", ""319"", ""319"", ""319"", ""319"", ""319"", ""319"", ""CAMINATA""]",5.0,Av. del Parque/Plaza Sky Center,20.55977483,-100.37048
2464,33.16433060136262,396,T16,1,25,2,Con transbordo,396 → 325,T16 → C34,Alameda,"[""2464"", ""3343"", ""3344"", ""2442"", ""2471"", ""3596"", ""1473"", ""1474"", ""1476"", ""1472"", ""1471"", ""1470"", ""1469"", ""1439"", ""1438"", ""2537"", ""1920"", ""1921"", ""4241"", ""2310"", ""2311"", ""2312"", ""2313"", ""2681"", ""ESTACION_CORREGIDORA_SUR""]","[""396"", ""396"", ""396"", ""396"", ""396"", ""396"", ""396"", ""396"", ""396"", ""396"", ""396"", ""396"", ""396"", ""325"", ""325"", ""325"", ""325"", ""325"", ""325"", ""325"", ""325"", ""325"", ""325"", ""CAMINATA""]",5.0,Blvd. Centro Sur/Cerro de la Silla,20.563516639629,-100.36711210166
5205,33.183947029238226,408,C73,2,21,3,Con transbordo,408 → 90 → 97,C73 → L51 → C22,Carr. Coroneo/Av. Paseo Constituyentes → Constitución de 1917,"[""5205"", ""4111"", ""1300"", ""1301"", ""1302"", ""1761"", ""1303"", ""1304"", ""1305"", ""1306"", ""1432"", ""1433"", ""1434"", ""3297"", ""4241"", ""2310"", ""2311"", ""2312"", ""2313"", ""2314"", ""ESTACION_CORREGIDORA_SUR""]","[""408"", ""90"", ""90"", ""90"", ""90"", ""90"", ""90"", ""90"", ""90"", ""90"", ""90"", ""90"", ""97"", ""97"", ""97"", ""97"", ""97"", ""97"", ""97"", ""CAMINATA""]",5.0,Libramiento Surponiente/Embotelladora la Victoria,20.527674022185,-100.43927737547
2539,33.25061369590489,326,C35,1,32,2,Con transbordo,326 → 319,C35 → C24,Corregidora/Luis M Vega y Monroy,"[""2539"", ""5101"", ""2540"", ""5184"", ""3601"", ""2541"", ""2542"", ""2543"", ""2544"", ""2545"", ""2546"", ""2303"", ""2304"", ""2305"", ""2306"", ""2307"", ""2308"", ""2028"", ""2029"", ""2030"", ""2031"", ""2309"", ""1919"", ""1920"", ""1921"", ""4241"", ""2310"", ""2311"", ""2312"", ""2313"", ""2314"", ""ESTACION_CORREGIDORA_SUR""]","[""326"", ""326"", ""326"", ""326"", ""326"", ""326"", ""326"", ""326"", ""326"", ""326"", ""326"", ""326"", ""326"", ""326"", ""326"", ""326"", ""319"", ""319"", ""319"", ""319"", ""319"", ""319"", ""319"", ""319"", ""319"", ""319"", ""319"", ""319"", ""319"", ""319"", ""CAMINATA""]",5.0,Prol. Calle 27/Calle 4,20.55220067,-100.3861224
3485,33.33099726802927,99,T01,1,20,2,Con transbordo,99 → 325,T01 → C34,Bicentenario,"[""3485"", ""1450"", ""1475"", ""1476"", ""1472"", ""1471"", ""1470"", ""1469"", ""1439"", ""1438"", ""2537"", ""1920"", ""1921"", ""4241"", ""2310"", ""2311"", ""2312"", ""2313"", ""2681"", ""ESTACION_CORREGIDORA_SUR""]","[""99"", ""99"", ""99"", ""325"", ""325"", ""325"", ""325"", ""325"", ""325"", ""325"", ""325"", ""325"", ""325"", ""325"", ""325"", ""325"", ""325"", ""325"", ""CAMINATA""]",5.0,Prol. Constituyentes/Vía Catania,20.59140961,-100.329584
2474,33.35061369590489,321,C27,0,26,1,Directa,321,C27,,"[""2474"", ""5078"", ""2475"", ""2476"", ""2477"", ""2212"", ""2213"", ""2214"", ""2215"", ""2478"", ""2308"", ""2028"", ""2029"", ""2030"", ""2031"", ""2309"", ""1919"", ""1920"", ""1921"", ""4241"", ""2310"", ""2311"", ""2312"", ""2313"", ""2314"", ""ESTACION_CORREGIDORA_SUR""]","[""321"", ""321"", ""321"", ""321"", ""321"", ""321"", ""321"", ""321"", ""321"", ""321"", ""321"", ""321"", ""321"", ""321"", ""321"", ""321"", ""321"", ""321"", ""321"", ""321"", ""321"", ""321"", ""321"", ""321"", ""CAMINATA""]",5.0,Lázaro Cárdenas/Coba,20.559059991747,-100.37285388989
3813,33.414330601362614,352,C64,1,20,2,Con transbordo,352 → 325,C64 → C34,Alameda,"[""3813"", ""5104"", ""1475"", ""1476"", ""1472"", ""1471"", ""1470"", ""1469"", ""1439"", ""1438"", ""2537"", ""1920"", ""1921"", ""4241"", ""2310"", ""2311"", ""2312"", ""2313"", ""2681"", ""ESTACION_CORREGIDORA_SUR""]","[""352"", ""352"", ""352"", ""352"", ""352"", ""352"", ""352"", ""352"", ""325"", ""325"", ""325"", ""325"", ""325"", ""325"", ""325"", ""325"", ""325"", ""325"", ""CAMINATA""]",5.0,Segunda Secc. de Conín/Conín,20.57398664,-100.324508
2402,33.447663934695946,322,C29,2,23,3,Con transbordo,322 → 134 → 325,C29 → C26 → C34,Avenida Colinas del Cimatario/Cerro Blanco → Avenida Cimatario/Mega Comercial,"[""2402"", ""2403"", ""2404"", ""2405"", ""2020"", ""2021"", ""2450"", ""2451"", ""1471"", ""1470"", ""1469"", ""1439"", ""1438"", ""2537"", ""1920"", ""1921"", ""4241"", ""2310"", ""2311"", ""2312"", ""2313"", ""2681"", ""ESTACION_CORREGIDORA_SUR""]","[""322"", ""322"", ""134"", ""134"", ""325"", ""325"", ""325"", ""325"", ""325"", ""325"", ""325"", ""325"", ""325"", ""325"", ""325"", ""325"", ""325"", ""325"", ""325"", ""325"", ""325"", ""CAMINATA""]",5.0,Pza. San Juan de Letrán/Plaza Carmelitas,20.570697500501,-100.37304951008
2298,33.51728036257156,375,T07,1,27,2,Con transbordo,375 → 319,T07 → C24,Corregidora/Luis M Vega y Monroy,"[""2298"", ""2299"", ""2300"", ""2301"", ""3641"", ""2302"", ""2303"", ""2304"", ""2305"", ""2306"", ""2307"", ""2308"", ""2028"", ""2029"", ""2030"", ""2031"", ""2309"", ""1919"", ""1920"", ""1921"", ""4241"", ""2310"", ""2311"", ""2312"", ""2313"", ""2314"", ""ESTACION_CORREGIDORA_SUR""]","[""375"", ""375"", ""375"", ""375"", ""375"", ""375"", ""375"", ""375"", ""375"", ""375"", ""375"", ""319"", ""319"", ""319"", ""319"", ""319"", ""319"", ""319"", ""319"", ""319"", ""319"", ""319"", ""319"", ""319"", ""319"", ""CAMINATA""]",5.0,Serapio Rendón/Primaria Justo Sierra,20.563582,-100.395298
5209,33.52561369590489,90,L51,1,43,2,Con transbordo,90 → 97,L51 → C22,Constitución de 1917,"[""5209"", ""1312"", ""1313"", ""1424"", ""1352"", ""1372"", ""1441"", ""1373"", ""1442"", ""1443"", ""1374"", ""1375"", ""1444"", ""1362"", ""1363"", ""1364"", ""1445"", ""1365"", ""1446"", ""1366"", ""1447"", ""1367"", ""1431"", ""4111"", ""1300"", ""1301"", ""1302"", ""1761"", ""1303"", ""1304"", ""1305"", ""1306"", ""1432"", ""1433"", ""1434"", ""3297"", ""4241"", ""2310"", ""2311"", ""2312"", ""2313"", ""2314"", ""ESTACION_CORREGIDORA_SUR""]","[""90"", ""90"", ""90"", ""90"", ""90"", ""90"", ""90"", ""90"", ""90"", ""90"", ""90"", ""90"", ""90"", ""90"", ""90"", ""90"", ""90"", ""90"", ""90"", ""90"", ""90"", ""90"", ""90"", ""90"", ""90"", ""90"", ""90"", ""90"", ""90"", ""90"", ""90"", ""90"", ""90"", ""90"", ""97"", ""97"", ""97"", ""97"", ""97"", ""97"", ""97"", ""CAMINATA""]",5.0,Av. Paseo Constituyentes/Josefa Ortiz de Domínguez,20.541427246152,-100.43177785702
3231,33.567280362571566,331,C40,1,15,2,Con transbordo,331 → 353,C40 → C65,Hacienda Tequisquiapan/Hacienda Jaral de Penas,"[""3231"", ""3232"", ""3233"", ""3234"", ""3235"", ""3236"", ""2602"", ""4253"", ""3237"", ""3222"", ""3223"", ""3726"", ""3224"", ""2314"", ""ESTACION_CORREGIDORA_SUR""]","[""331"", ""353"", ""353"", ""353"", ""353"", ""353"", ""353"", ""353"", ""353"", ""353"", ""353"", ""353"", ""353"", ""CAMINATA""]",5.0,Hacienda Tequisquiapan/Hacienda Salitrillo,20.59995469,-100.430351
1297,33.59228036257156,97,C22,2,22,3,Con transbordo,97 → 90 → 97,C22 → L51 → C22,Santa Bárbara → Constitución de 1917,"[""1297"", ""1298"", ""1299"", ""1300"", ""1301"", ""1302"", ""1761"", ""1303"", ""1304"", ""1305"", ""1306"", ""1432"", ""1433"", ""1434"", ""3297"", ""4241"", ""2310"", ""2311"", ""2312"", ""2313"", ""2314"", ""ESTACION_CORREGIDORA_SUR""]","[""97"", ""97"", ""97"", ""90"", ""90"", ""90"", ""90"", ""90"", ""90"", ""90"", ""90"", ""90"", ""90"", ""97"", ""97"", ""97"", ""97"", ""97"", ""97"", ""97"", ""CAMINATA""]",5.0,Heroico Colegio Militar/Pipila,20.535731649042,-100.44058964394
2974,33.60894702923823,370,T02,1,20,2,Con transbordo,370 → 97,T02 → C22,El Pocito,"[""2974"", ""3619"", ""2975"", ""3620"", ""2976"", ""3621"", ""2977"", ""3622"", ""1306"", ""1432"", ""1433"", ""1434"", ""3297"", ""4241"", ""2310"", ""2311"", ""2312"", ""2313"", ""2314"", ""ESTACION_CORREGIDORA_SUR""]","[""370"", ""370"", ""370"", ""370"", ""370"", ""370"", ""370"", ""370"", ""97"", ""97"", ""97"", ""97"", ""97"", ""97"", ""97"", ""97"", ""97"", ""97"", ""CAMINATA""]",5.0,Calle Michoacán/Calle México,20.55048539,-100.4164182
2490,33.647663934695956,396,T16,1,26,2,Con transbordo,396 → 325,T16 → C34,Alameda,"[""2490"", ""2464"", ""3343"", ""3344"", ""2442"", ""2471"", ""3596"", ""1473"", ""1474"", ""1476"", ""1472"", ""1471"", ""1470"", ""1469"", ""1439"", ""1438"", ""2537"", ""1920"", ""1921"", ""4241"", ""2310"", ""2311"", ""2312"", ""2313"", ""2681"", ""ESTACION_CORREGIDORA_SUR""]","[""396"", ""396"", ""396"", ""396"", ""396"", ""396"", ""396"", ""396"", ""396"", ""396"", ""396"", ""396"", ""396"", ""396"", ""325"", ""325"", ""325"", ""325"", ""325"", ""325"", ""325"", ""325"", ""325"", ""325"", ""CAMINATA""]",5.0,Blvd. Centro Sur/Colinas del Cimatario,20.562818274026,-100.36935907918
2504,33.71727578370397,341,C51,1,21,2,Con transbordo,341 → 338,C51 → C48,Blvd. de Las Américas/Calle Antonio Rivera de la Torre,"[""2504"", ""2674"", ""4131"", ""2675"", ""3893"", ""2668"", ""2669"", ""2294"", ""2295"", ""2296"", ""2418"", ""2419"", ""5180"", ""2672"", ""2201"", ""4241"", ""2310"", ""2311"", ""2312"", ""2313"", ""ESTACION_CORREGIDORA_SUR""]","[""341"", ""341"", ""341"", ""341"", ""341"", ""341"", ""341"", ""338"", ""338"", ""338"", ""338"", ""338"", ""338"", ""338"", ""338"", ""338"", ""338"", ""338"", ""338"", ""CAMINATA""]",5.0,Av. Candiles/Plaza Candiles,20.547427,-100.398107
1430,33.7256136959049,366,L57,2,22,3,Con transbordo,366 → 90 → 97,L57 → L51 → C22,Benito Juárez/Gral. Guadalupe Victoria → Constitución de 1917,"[""1430"", ""1431"", ""4111"", ""1300"", ""1301"", ""1302"", ""1761"", ""1303"", ""1304"", ""1305"", ""1306"", ""1432"", ""1433"", ""1434"", ""3297"", ""4241"", ""2310"", ""2311"", ""2312"", ""2313"", ""2314"", ""ESTACION_CORREGIDORA_SUR""]","[""366"", ""90"", ""90"", ""90"", ""90"", ""90"", ""90"", ""90"", ""90"", ""90"", ""90"", ""90"", ""90"", ""97"", ""97"", ""97"", ""97"", ""97"", ""97"", ""97"", ""CAMINATA""]",5.0,Benito Juárez/Calle Adolfo de la Huerta,20.524219033473,-100.44214803433
3651,33.73099726802928,134,C26,1,28,2,Con transbordo,134 → 325,C26 → C34,Avenida Cimatario/Mega Comercial,"[""3651"", ""2445"", ""3346"", ""2446"", ""2447"", ""2448"", ""2449"", ""2404"", ""2405"", ""2020"", ""2021"", ""2450"", ""2451"", ""1471"", ""1470"", ""1469"", ""1439"", ""1438"", ""2537"", ""1920"", ""1921"", ""4241"", ""2310"", ""2311"", ""2312"", ""2313"", ""2681"", ""ESTACION_CORREGIDORA_SUR""]","[""134"", ""134"", ""134"", ""134"", ""134"", ""134"", ""134"", ""134"", ""134"", ""325"", ""325"", ""325"", ""325"", ""325"", ""325"", ""325"", ""325"", ""325"", ""325"", ""325"", ""325"", ""325"", ""325"", ""325"", ""325"", ""325"", ""CAMINATA""]",5.0,Av. Fray Luis de León/Centro Civico Municipio de Querétaro,20.558186235016,-100.36150123236
2026,33.750613695904896,341,C51,1,23,2,Con transbordo,341 → 334,C51 → C43,Cto Moisés Solana/Tomasa Estévez,"[""2026"", ""2027"", ""2891"", ""2231"", ""2232"", ""2629"", ""2478"", ""2308"", ""2028"", ""2029"", ""2030"", ""2031"", ""2309"", ""1919"", ""1920"", ""1921"", ""4241"", ""2310"", ""2311"", ""2312"", ""2313"", ""2314"", ""ESTACION_CORREGIDORA_SUR""]","[""341"", ""341"", ""341"", ""341"", ""334"", ""334"", ""334"", ""334"", ""334"", ""334"", ""334"", ""334"", ""334"", ""334"", ""334"", ""334"", ""334"", ""334"", ""334"", ""334"", ""334"", ""CAMINATA""]",5.0,Prol Corregidora Sur/Wenceslao Sanchez de la Barquera,20.583300873265,-100.38789420252
4404,33.764330601362616,352,C64,1,21,2,Con transbordo,352 → 325,C64 → C34,Alameda,"[""4404"", ""3813"", ""5104"", ""1475"", ""1476"", ""1472"", ""1471"", ""1470"", ""1469"", ""1439"", ""1438"", ""2537"", ""1920"", ""1921"", ""4241"", ""2310"", ""2311"", ""2312"", ""2313"", ""2681"", ""ESTACION_CORREGIDORA_SUR""]","[""352"", ""352"", ""352"", ""352"", ""352"", ""352"", ""352"", ""352"", ""352"", ""325"", ""325"", ""325"", ""325"", ""325"", ""325"", ""325"", ""325"", ""325"", ""325"", ""CAMINATA""]",5.0,Segunda Sección de Conín/Calle Chimapopoca,20.573359351049,-100.32284154072
2627,33.76727578370397,334,C43,1,21,2,Con transbordo,334 → 338,C43 → C48,Blvd. de Las Américas/Río Lerma,"[""2627"", ""2508"", ""2509"", ""4138"", ""2291"", ""2292"", ""2293"", ""2294"", ""2295"", ""2296"", ""2418"", ""2419"", ""5180"", ""2672"", ""2201"", ""4241"", ""2310"", ""2311"", ""2312"", ""2313"", ""ESTACION_CORREGIDORA_SUR""]","[""334"", ""334"", ""334"", ""334"", ""338"", ""338"", ""338"", ""338"", ""338"", ""338"", ""338"", ""338"", ""338"", ""338"", ""338"", ""338"", ""338"", ""338"", ""338"", ""CAMINATA""]",5.0,Av. Candiles/Cto. Antonio Pérez Alcocer,20.545419,-100.402282
2198,33.80894702923823,370,T02,2,17,3,Con transbordo,370 → 90 → 97,T02 → L51 → C22,Tejeda → Constitución de 1917,"[""2198"", ""1308"", ""1309"", ""1304"", ""1305"", ""1306"", ""1432"", ""1433"", ""1434"", ""3297"", ""4241"", ""2310"", ""2311"", ""2312"", ""2313"", ""2314"", ""ESTACION_CORREGIDORA_SUR""]","[""370"", ""370"", ""370"", ""90"", ""90"", ""90"", ""90"", ""90"", ""97"", ""97"", ""97"", ""97"", ""97"", ""97"", ""97"", ""CAMINATA""]",5.0,Av. Paseo Constituyentes/Justo Sierra,20.561311197098,-100.41554740826
3345,33.817280362571566,376,T08,1,26,2,Con transbordo,376 → 319,T08 → C24,Vicente Guerrero,"[""3345"", ""3346"", ""2446"", ""2447"", ""2518"", ""2519"", ""3578"", ""2216"", ""2217"", ""2218"", ""2219"", ""2032"", ""2023"", ""2024"", ""2856"", ""1918"", ""1919"", ""1920"", ""1921"", ""4241"", ""2310"", ""2311"", ""2312"", ""2313"", ""2314"", ""ESTACION_CORREGIDORA_SUR""]","[""376"", ""376"", ""376"", ""376"", ""376"", ""376"", ""376"", ""376"", ""376"", ""376"", ""376"", ""376"", ""376"", ""376"", ""376"", ""376"", ""319"", ""319"", ""319"", ""319"", ""319"", ""319"", ""319"", ""319"", ""CAMINATA""]",5.0,Av. Fray Diego de Landa/Av. Fray Luis de León,20.5694332,-100.3616696
1311,33.892280362571555,90,L51,1,44,2,Con transbordo,90 → 97,L51 → C22,Constitución de 1917,"[""1311"", ""5209"", ""1312"", ""1313"", ""1424"", ""1352"", ""1372"", ""1441"", ""1373"", ""1442"", ""1443"", ""1374"", ""1375"", ""1444"", ""1362"", ""1363"", ""1364"", ""1445"", ""1365"", ""1446"", ""1366"", ""1447"", ""1367"", ""1431"", ""4111"", ""1300"", ""1301"", ""1302"", ""1761"", ""1303"", ""1304"", ""1305"", ""1306"", ""1432"", ""1433"", ""1434"", ""3297"", ""4241"", ""2310"", ""2311"", ""2312"", ""2313"", ""2314"", ""ESTACION_CORREGIDORA_SUR""]","[""90"", ""90"", ""90"", ""90"", ""90"", ""90"", ""90"", ""90"", ""90"", ""90"", ""90"", ""90"", ""90"", ""90"", ""90"", ""90"", ""90"", ""90"", ""90"", ""90"", ""90"", ""90"", ""90"", ""90"", ""90"", ""90"", ""90"", ""90"", ""90"", ""90"", ""90"", ""90"", ""90"", ""90"", ""90"", ""97"", ""97"", ""97"", ""97"", ""97"", ""97"", ""97"", ""CAMINATA""]",5.0,Pueblo Nuevo,20.543662725819,-100.4299786079
2614,33.96727578370397,337,C47,2,13,3,Con transbordo,337 → 234 → 338,C47 → L117 → C48,Calle Antonio Carranza/Blvd. de Las Américas → Blvd. de Las Américas/Carlos Esquerro,"[""2614"", ""2615"", ""2418"", ""2419"", ""5180"", ""2672"", ""2201"", ""4241"", ""2310"", ""2311"", ""2312"", ""2313"", ""ESTACION_CORREGIDORA_SUR""]","[""337"", ""234"", ""338"", ""338"", ""338"", ""338"", ""338"", ""338"", ""338"", ""338"", ""338"", ""CAMINATA""]",5.0,Unidad Deportiva Reforma/Lomas,20.55879227,-100.3943911
2233,33.98394702923822,331,C40,1,21,2,Con transbordo,331 → 321,C40 → C27,Prol. Luis Pasteur/Av. 26,"[""2233"", ""2234"", ""2214"", ""2215"", ""2478"", ""2308"", ""2028"", ""2029"", ""2030"", ""2031"", ""2309"", ""1919"", ""1920"", ""1921"", ""4241"", ""2310"", ""2311"", ""2312"", ""2313"", ""2314"", ""ESTACION_CORREGIDORA_SUR""]","[""331"", ""331"", ""321"", ""321"", ""321"", ""321"", ""321"", ""321"", ""321"", ""321"", ""321"", ""321"", ""321"", ""321"", ""321"", ""321"", ""321"", ""321"", ""321"", ""CAMINATA""]",5.0,C.San Diego de Los Padres/Matancillas,20.570800198098,-100.3847709752
3315,33.98394702923823,341,C51,0,33,1,Directa,341,C51,,"[""3315"", ""2598"", ""2599"", ""2510"", ""2511"", ""2512"", ""2513"", ""2514"", ""2515"", ""2516"", ""3686"", ""2517"", ""2214"", ""2215"", ""2216"", ""2217"", ""2218"", ""2219"", ""2032"", ""2023"", ""2024"", ""2856"", ""1918"", ""1919"", ""1920"", ""1921"", ""4241"", ""2310"", ""2311"", ""2312"", ""2313"", ""2314"", ""ESTACION_CORREGIDORA_SUR""]","[""341"", ""341"", ""341"", ""341"", ""341"", ""341"", ""341"", ""341"", ""341"", ""341"", ""341"", ""341"", ""341"", ""341"", ""341"", ""341"", ""341"", ""341"", ""341"", ""341"", ""341"", ""341"", ""341"", ""341"", ""341"", ""341"", ""341"", ""341"", ""341"", ""341"", ""341"", ""CAMINATA""]",5.0,Calle Antonio de Carranza/República Dominicana,20.55893468,-100.3922429
2565,34.00060911703731,326,C35,1,22,2,Con transbordo,326 → 338,C35 → C48,Blvd. de Las Américas/Cerro del Fraile,"[""2565"", ""2365"", ""4129"", ""2290"", ""3600"", ""2291"", ""2292"", ""2293"", ""2294"", ""2295"", ""2296"", ""2418"", ""2419"", ""5180"", ""2672"", ""2201"", ""4241"", ""2310"", ""2311"", ""2312"", ""2313"", ""ESTACION_CORREGIDORA_SUR""]","[""326"", ""326"", ""326"", ""338"", ""338"", ""338"", ""338"", ""338"", ""338"", ""338"", ""338"", ""338"", ""338"", ""338"", ""338"", ""338"", ""338"", ""338"", ""338"", ""338"", ""CAMINATA""]",5.0,Prol. Calle 27/Calle 4,20.55238244,-100.3864202
5119,34.000613695904896,408,C73,2,22,3,Con transbordo,408 → 90 → 97,C73 → L51 → C22,Carr. Coroneo/Av. Paseo Constituyentes → Constitución de 1917,"[""5119"", ""5205"", ""4111"", ""1300"", ""1301"", ""1302"", ""1761"", ""1303"", ""1304"", ""1305"", ""1306"", ""1432"", ""1433"", ""1434"", ""3297"", ""4241"", ""2310"", ""2311"", ""2312"", ""2313"", ""2314"", ""ESTACION_CORREGIDORA_SUR""]","[""408"", ""408"", ""90"", ""90"", ""90"", ""90"", ""90"", ""90"", ""90"", ""90"", ""90"", ""90"", ""90"", ""97"", ""97"", ""97"", ""97"", ""97"", ""97"", ""97"", ""CAMINATA""]",5.0,Libramiento Surponiente/Calle Hércules,20.52634146216,-100.43541525601
4116,34.017275783703965,322,C29,1,23,2,Con transbordo,322 → 338,C29 → C48,Blvd. de Las Américas/Río Lerma,"[""4116"", ""2506"", ""2507"", ""2508"", ""2509"", ""4138"", ""2291"", ""2292"", ""2293"", ""2294"", ""2295"", ""2296"", ""2418"", ""2419"", ""5180"", ""2672"", ""2201"", ""4241"", ""2310"", ""2311"", ""2312"", ""2313"", ""ESTACION_CORREGIDORA_SUR""]","[""322"", ""322"", ""322"", ""322"", ""322"", ""322"", ""338"", ""338"", ""338"", ""338"", ""338"", ""338"", ""338"", ""338"", ""338"", ""338"", ""338"", ""338"", ""338"", ""338"", ""338"", ""CAMINATA""]",5.0,Av. Camino Real/Primaria Bicentenario de la Independencia de México,20.54190475,-100.3998238
2190,34.025613695904894,255,T11,2,21,3,Con transbordo,255 → 90 → 97,T11 → L51 → C22,Santa Bárbara → Constitución de 1917,"[""2190"", ""3301"", ""1300"", ""1301"", ""1302"", ""1761"", ""1303"", ""1304"", ""1305"", ""1306"", ""1432"", ""1433"", ""1434"", ""3297"", ""4241"", ""2310"", ""2311"", ""2312"", ""2313"", ""2314"", ""ESTACION_CORREGIDORA_SUR""]","[""255"", ""255"", ""90"", ""90"", ""90"", ""90"", ""90"", ""90"", ""90"", ""90"", ""90"", ""90"", ""97"", ""97"", ""97"", ""97"", ""97"", ""97"", ""97"", ""CAMINATA""]",5.0,Terminal Balvanera,20.532858120622,-100.44963555034
2473,34.03394702923822,321,C27,0,27,1,Directa,321,C27,,"[""2473"", ""2474"", ""5078"", ""2475"", ""2476"", ""2477"", ""2212"", ""2213"", ""2214"", ""2215"", ""2478"", ""2308"", ""2028"", ""2029"", ""2030"", ""2031"", ""2309"", ""1919"", ""1920"", ""1921"", ""4241"", ""2310"", ""2311"", ""2312"", ""2313"", ""2314"", ""ESTACION_CORREGIDORA_SUR""]","[""321"", ""321"", ""321"", ""321"", ""321"", ""321"", ""321"", ""321"", ""321"", ""321"", ""321"", ""321"", ""321"", ""321"", ""321"", ""321"", ""321"", ""321"", ""321"", ""321"", ""321"", ""321"", ""321"", ""321"", ""321"", ""CAMINATA""]",5.0,Caoba/Rinconada de San Miguel,20.55792432509,-100.3714700284
3659,34.10894702923823,370,T02,1,21,2,Con transbordo,370 → 97,T02 → C22,El Pocito,"[""3659"", ""2974"", ""3619"", ""2975"", ""3620"", ""2976"", ""3621"", ""2977"", ""3622"", ""1306"", ""1432"", ""1433"", ""1434"", ""3297"", ""4241"", ""2310"", ""2311"", ""2312"", ""2313"", ""2314"", ""ESTACION_CORREGIDORA_SUR""]","[""370"", ""370"", ""370"", ""370"", ""370"", ""370"", ""370"", ""370"", ""370"", ""97"", ""97"", ""97"", ""97"", ""97"", ""97"", ""97"", ""97"", ""97"", ""97"", ""CAMINATA""]",5.0,Michoacán/Chihuahua,20.551629955087,-100.41755937518
2444,34.14766393469594,134,C26,1,29,2,Con transbordo,134 → 325,C26 → C34,Avenida Cimatario/Mega Comercial,"[""2444"", ""3651"", ""2445"", ""3346"", ""2446"", ""2447"", ""2448"", ""2449"", ""2404"", ""2405"", ""2020"", ""2021"", ""2450"", ""2451"", ""1471"", ""1470"", ""1469"", ""1439"", ""1438"", ""2537"", ""1920"", ""1921"", ""4241"", ""2310"", ""2311"", ""2312"", ""2313"", ""2681"", ""ESTACION_CORREGIDORA_SUR""]","[""134"", ""134"", ""134"", ""134"", ""134"", ""134"", ""134"", ""134"", ""134"", ""134"", ""325"", ""325"", ""325"", ""325"", ""325"", ""325"", ""325"", ""325"", ""325"", ""325"", ""325"", ""325"", ""325"", ""325"", ""325"", ""325"", ""325"", ""CAMINATA""]",5.0,Blvd. Bernardo Quintana/Fray Luis de León (Ccq),20.558284670042,-100.35999243406
2037,34.14766393469595,337,C47,1,27,2,Con transbordo,337 → 325,C47 → C34,Av. Luis Vega Monrroy/Prol. del Cimatario,"[""2037"", ""2245"", ""2038"", ""2039"", ""2246"", ""2017"", ""2018"", ""2019"", ""2020"", ""2021"", ""2450"", ""2451"", ""1471"", ""1470"", ""1469"", ""1439"", ""1438"", ""2537"", ""1920"", ""1921"", ""4241"", ""2310"", ""2311"", ""2312"", ""2313"", ""2681"", ""ESTACION_CORREGIDORA_SUR""]","[""337"", ""325"", ""325"", ""325"", ""325"", ""325"", ""325"", ""325"", ""325"", ""325"", ""325"", ""325"", ""325"", ""325"", ""325"", ""325"", ""325"", ""325"", ""325"", ""325"", ""325"", ""325"", ""325"", ""325"", ""325"", ""CAMINATA""]",5.0,Luis Vega y Monroy/Av. Cimatario,20.57731557701,-100.37458914672
5087,34.16727578370397,233,L113,1,21,2,Con transbordo,233 → 338,L113 → C48,Blvd. de Las Américas/Cerro del Fraile,"[""5087"", ""3650"", ""2290"", ""3600"", ""2291"", ""2292"", ""2293"", ""2294"", ""2295"", ""2296"", ""2418"", ""2419"", ""5180"", ""2672"", ""2201"", ""4241"", ""2310"", ""2311"", ""2312"", ""2313"", ""ESTACION_CORREGIDORA_SUR""]","[""233"", ""233"", ""338"", ""338"", ""338"", ""338"", ""338"", ""338"", ""338"", ""338"", ""338"", ""338"", ""338"", ""338"", ""338"", ""338"", ""338"", ""338"", ""338"", ""CAMINATA""]",5.0,Calle Mirador del Cimatario/Av. Camino Real,20.54091961,-100.4001348
3024,34.21728036257157,332,C41,1,15,2,Con transbordo,332 → 355,C41 → C69,Río Querétaro,"[""3024"", ""3316"", ""3394"", ""2265"", ""5229"", ""2978"", ""2979"", ""2980"", ""2981"", ""3222"", ""3223"", ""3726"", ""3224"", ""2314"", ""ESTACION_CORREGIDORA_SUR""]","[""332"", ""332"", ""332"", ""332"", ""332"", ""332"", ""332"", ""332"", ""355"", ""355"", ""355"", ""355"", ""355"", ""CAMINATA""]",5.0,Lateral Carr. Federal No. 57/Puente de Papanoa,20.575232748678,-100.39364593399
1429,34.29228036257157,366,L57,2,23,3,Con transbordo,366 → 90 → 97,L57 → L51 → C22,Benito Juárez/Gral. Guadalupe Victoria → Constitución de 1917,"[""1429"", ""1430"", ""1431"", ""4111"", ""1300"", ""1301"", ""1302"", ""1761"", ""1303"", ""1304"", ""1305"", ""1306"", ""1432"", ""1433"", ""1434"", ""3297"", ""4241"", ""2310"", ""2311"", ""2312"", ""2313"", ""2314"", ""ESTACION_CORREGIDORA_SUR""]","[""366"", ""366"", ""90"", ""90"", ""90"", ""90"", ""90"", ""90"", ""90"", ""90"", ""90"", ""90"", ""90"", ""90"", ""97"", ""97"", ""97"", ""97"", ""97"", ""97"", ""97"", ""CAMINATA""]",5.0,Benito Juárez/Gral. Álvaro Obregón,20.522960631408,-100.44317584455
3278,34.317280362571566,376,T08,1,27,2,Con transbordo,376 → 319,T08 → C24,Vicente Guerrero,"[""3278"", ""3345"", ""3346"", ""2446"", ""2447"", ""2518"", ""2519"", ""3578"", ""2216"", ""2217"", ""2218"", ""2219"", ""2032"", ""2023"", ""2024"", ""2856"", ""1918"", ""1919"", ""1920"", ""1921"", ""4241"", ""2310"", ""2311"", ""2312"", ""2313"", ""2314"", ""ESTACION_CORREGIDORA_SUR""]","[""376"", ""376"", ""376"", ""376"", ""376"", ""376"", ""376"", ""376"", ""376"", ""376"", ""376"", ""376"", ""376"", ""376"", ""376"", ""376"", ""376"", ""319"", ""319"", ""319"", ""319"", ""319"", ""319"", ""319"", ""319"", ""CAMINATA""]",5.0,Fray Diego de Landa/Chedraui,20.569968171234,-100.35994789064
1449,34.33099726802927,99,T01,1,21,2,Con transbordo,99 → 325,T01 → C34,Bicentenario,"[""1449"", ""3485"", ""1450"", ""1475"", ""1476"", ""1472"", ""1471"", ""1470"", ""1469"", ""1439"", ""1438"", ""2537"", ""1920"", ""1921"", ""4241"", ""2310"", ""2311"", ""2312"", ""2313"", ""2681"", ""ESTACION_CORREGIDORA_SUR""]","[""99"", ""99"", ""99"", ""99"", ""325"", ""325"", ""325"", ""325"", ""325"", ""325"", ""325"", ""325"", ""325"", ""325"", ""325"", ""325"", ""325"", ""325"", ""325"", ""CAMINATA""]",5.0,Prol. Constituyentes/Zen House,20.592371,-100.325383
2468,34.33099726802928,134,C26,1,27,2,Con transbordo,134 → 325,C26 → C34,Terminal de Autobuses de Querétaro/Paradero,"[""2468"", ""2470"", ""2471"", ""3596"", ""2246"", ""2017"", ""2018"", ""2019"", ""2020"", ""2021"", ""2450"", ""2451"", ""1471"", ""1470"", ""1469"", ""1439"", ""1438"", ""2537"", ""1920"", ""1921"", ""4241"", ""2310"", ""2311"", ""2312"", ""2313"", ""2681"", ""ESTACION_CORREGIDORA_SUR""]","[""134"", ""134"", ""134"", ""134"", ""325"", ""325"", ""325"", ""325"", ""325"", ""325"", ""325"", ""325"", ""325"", ""325"", ""325"", ""325"", ""325"", ""325"", ""325"", ""325"", ""325"", ""325"", ""325"", ""325"", ""325"", ""CAMINATA""]",5.0,Cerro Blanco/Plan Vida,20.575630692297,-100.36353558704
3679,34.367275783703974,334,C43,1,22,2,Con transbordo,334 → 338,C43 → C48,Blvd. de Las Américas/Río Lerma,"[""3679"", ""2627"", ""2508"", ""2509"", ""4138"", ""2291"", ""2292"", ""2293"", ""2294"", ""2295"", ""2296"", ""2418"", ""2419"", ""5180"", ""2672"", ""2201"", ""4241"", ""2310"", ""2311"", ""2312"", ""2313"", ""ESTACION_CORREGIDORA_SUR""]","[""334"", ""334"", ""334"", ""334"", ""334"", ""338"", ""338"", ""338"", ""338"", ""338"", ""338"", ""338"", ""338"", ""338"", ""338"", ""338"", ""338"", ""338"", ""338"", ""338"", ""CAMINATA""]",5.0,Av. Candiles/Luis G. Pastor,20.545491061729,-100.40399363868
1310,34.392280362571555,90,L51,1,45,2,Con transbordo,90 → 97,L51 → C22,Constitución de 1917,"[""1310"", ""1311"", ""5209"", ""1312"", ""1313"", ""1424"", ""1352"", ""1372"", ""1441"", ""1373"", ""1442"", ""1443"", ""1374"", ""1375"", ""1444"", ""1362"", ""1363"", ""1364"", ""1445"", ""1365"", ""1446"", ""1366"", ""1447"", ""1367"", ""1431"", ""4111"", ""1300"", ""1301"", ""1302"", ""1761"", ""1303"", ""1304"", ""1305"", ""1306"", ""1432"", ""1433"", ""1434"", ""3297"", ""4241"", ""2310"", ""2311"", ""2312"", ""2313"", ""2314"", ""ESTACION_CORREGIDORA_SUR""]","[""90"", ""90"", ""90"", ""90"", ""90"", ""90"", ""90"", ""90"", ""90"", ""90"", ""90"", ""90"", ""90"", ""90"", ""90"", ""90"", ""90"", ""90"", ""90"", ""90"", ""90"", ""90"", ""90"", ""90"", ""90"", ""90"", ""90"", ""90"", ""90"", ""90"", ""90"", ""90"", ""90"", ""90"", ""90"", ""90"", ""97"", ""97"", ""97"", ""97"", ""97"", ""97"", ""97"", ""CAMINATA""]",5.0,Av. Paseo Constituyentes/Josefa Ortiz de Domínguez,20.546611129845,-100.42752139427
1338,34.450609117037295,98,C23,1,18,2,Con transbordo,98 → 338,C23 → C48,Ignacio Zaragoza/Imss,"[""1338"", ""1339"", ""1340"", ""1341"", ""1762"", ""1763"", ""2200"", ""4430"", ""1764"", ""1765"", ""1766"", ""2201"", ""4241"", ""2310"", ""2311"", ""2312"", ""2313"", ""ESTACION_CORREGIDORA_SUR""]","[""98"", ""98"", ""98"", ""98"", ""98"", ""98"", ""98"", ""98"", ""98"", ""98"", ""98"", ""338"", ""338"", ""338"", ""338"", ""338"", ""CAMINATA""]",5.0,Blvd. Hacienda del Jacal/Plaza El Jacal,20.559986549095,-100.43146601395
2297,34.45061369590489,375,T07,1,28,2,Con transbordo,375 → 319,T07 → C24,Corregidora/Luis M Vega y Monroy,"[""2297"", ""2298"", ""2299"", ""2300"", ""2301"", ""3641"", ""2302"", ""2303"", ""2304"", ""2305"", ""2306"", ""2307"", ""2308"", ""2028"", ""2029"", ""2030"", ""2031"", ""2309"", ""1919"", ""1920"", ""1921"", ""4241"", ""2310"", ""2311"", ""2312"", ""2313"", ""2314"", ""ESTACION_CORREGIDORA_SUR""]","[""375"", ""375"", ""375"", ""375"", ""375"", ""375"", ""375"", ""375"", ""375"", ""375"", ""375"", ""375"", ""319"", ""319"", ""319"", ""319"", ""319"", ""319"", ""319"", ""319"", ""319"", ""319"", ""319"", ""319"", ""319"", ""319"", ""CAMINATA""]",5.0,Enrique Rodiles/Francisco Arias,20.56207092,-100.3964379
5223,34.46727578370397,322,C29,1,24,2,Con transbordo,322 → 338,C29 → C48,Blvd. de Las Américas/Río Lerma,"[""5223"", ""4116"", ""2506"", ""2507"", ""2508"", ""2509"", ""4138"", ""2291"", ""2292"", ""2293"", ""2294"", ""2295"", ""2296"", ""2418"", ""2419"", ""5180"", ""2672"", ""2201"", ""4241"", ""2310"", ""2311"", ""2312"", ""2313"", ""ESTACION_CORREGIDORA_SUR""]","[""322"", ""322"", ""322"", ""322"", ""322"", ""322"", ""322"", ""338"", ""338"", ""338"", ""338"", ""338"", ""338"", ""338"", ""338"", ""338"", ""338"", ""338"", ""338"", ""338"", ""338"", ""338"", ""CAMINATA""]",5.0,Av. Camino Real/Calle Francisco Alcocer,20.540669444444,-100.39954
2289,34.48394702923824,332,C41,1,16,2,Con transbordo,332 → 355,C41 → C69,Río Querétaro,"[""2289"", ""3024"", ""3316"", ""3394"", ""2265"", ""5229"", ""2978"", ""2979"", ""2980"", ""2981"", ""3222"", ""3223"", ""3726"", ""3224"", ""2314"", ""ESTACION_CORREGIDORA_SUR""]","[""332"", ""332"", ""332"", ""332"", ""332"", ""332"", ""332"", ""332"", ""332"", ""355"", ""355"", ""355"", ""355"", ""355"", ""CAMINATA""]",5.0,Calle 25/Lateral Carr. Federal 57,20.57496742,-100.3942676
2401,34.514330601362616,322,C29,2,24,3,Con transbordo,322 → 134 → 325,C29 → C26 → C34,Avenida Colinas del Cimatario/Cerro Blanco → Avenida Cimatario/Mega Comercial,"[""2401"", ""2402"", ""2403"", ""2404"", ""2405"", ""2020"", ""2021"", ""2450"", ""2451"", ""1471"", ""1470"", ""1469"", ""1439"", ""1438"", ""2537"", ""1920"", ""1921"", ""4241"", ""2310"", ""2311"", ""2312"", ""2313"", ""2681"", ""ESTACION_CORREGIDORA_SUR""]","[""322"", ""322"", ""322"", ""134"", ""134"", ""325"", ""325"", ""325"", ""325"", ""325"", ""325"", ""325"", ""325"", ""325"", ""325"", ""325"", ""325"", ""325"", ""325"", ""325"", ""325"", ""325"", ""CAMINATA""]",5.0,Plaza San Juan de Letrán/Pza. San Joaquín,20.570127927248,-100.37626142629
1296,34.517280362571555,97,C22,2,23,3,Con transbordo,97 → 90 → 97,C22 → L51 → C22,Santa Bárbara → Constitución de 1917,"[""1296"", ""1297"", ""1298"", ""1299"", ""1300"", ""1301"", ""1302"", ""1761"", ""1303"", ""1304"", ""1305"", ""1306"", ""1432"", ""1433"", ""1434"", ""3297"", ""4241"", ""2310"", ""2311"", ""2312"", ""2313"", ""2314"", ""ESTACION_CORREGIDORA_SUR""]","[""97"", ""97"", ""97"", ""97"", ""90"", ""90"", ""90"", ""90"", ""90"", ""90"", ""90"", ""90"", ""90"", ""90"", ""97"", ""97"", ""97"", ""97"", ""97"", ""97"", ""97"", ""CAMINATA""]",5.0,Heroico Colegio Militar/Lorenzo Angeles,20.538382489085,-100.44090325583
5226,34.56728036257156,332,C41,2,25,3,Con transbordo,332 → 326 → 319,C41 → C35 → C24,Calle 25/Av. 12 → Corregidora/Luis M Vega y Monroy,"[""5226"", ""2600"", ""2545"", ""2546"", ""2303"", ""2304"", ""2305"", ""2306"", ""2307"", ""2308"", ""2028"", ""2029"", ""2030"", ""2031"", ""2309"", ""1919"", ""1920"", ""1921"", ""4241"", ""2310"", ""2311"", ""2312"", ""2313"", ""2314"", ""ESTACION_CORREGIDORA_SUR""]","[""332"", ""332"", ""326"", ""326"", ""326"", ""326"", ""326"", ""326"", ""326"", ""319"", ""319"", ""319"", ""319"", ""319"", ""319"", ""319"", ""319"", ""319"", ""319"", ""319"", ""319"", ""319"", ""319"", ""CAMINATA""]",5.0,Calle 37/Calle 24,20.565131636428,-100.39407429273
3341,34.580997268029286,374,T06,1,27,2,Con transbordo,374 → 325,T06 → C34,Terminal de Autobuses de Querétaro/Paradero,"[""3341"", ""2245"", ""2038"", ""2039"", ""2246"", ""2017"", ""2018"", ""2019"", ""2020"", ""2021"", ""2450"", ""2451"", ""1471"", ""1470"", ""1469"", ""1439"", ""1438"", ""2537"", ""1920"", ""1921"", ""4241"", ""2310"", ""2311"", ""2312"", ""2313"", ""2681"", ""ESTACION_CORREGIDORA_SUR""]","[""374"", ""374"", ""374"", ""374"", ""325"", ""325"", ""325"", ""325"", ""325"", ""325"", ""325"", ""325"", ""325"", ""325"", ""325"", ""325"", ""325"", ""325"", ""325"", ""325"", ""325"", ""325"", ""325"", ""325"", ""325"", ""CAMINATA""]",5.0,Carr. Lateral No. 57/Prol. del Cimatario,20.578686360121,-100.37669475331
5102,34.58394245037064,326,C35,1,23,2,Con transbordo,326 → 338,C35 → C48,Blvd. de Las Américas/Cerro del Fraile,"[""5102"", ""2565"", ""2365"", ""4129"", ""2290"", ""3600"", ""2291"", ""2292"", ""2293"", ""2294"", ""2295"", ""2296"", ""2418"", ""2419"", ""5180"", ""2672"", ""2201"", ""4241"", ""2310"", ""2311"", ""2312"", ""2313"", ""ESTACION_CORREGIDORA_SUR""]","[""326"", ""326"", ""326"", ""326"", ""338"", ""338"", ""338"", ""338"", ""338"", ""338"", ""338"", ""338"", ""338"", ""338"", ""338"", ""338"", ""338"", ""338"", ""338"", ""338"", ""338"", ""CAMINATA""]",5.0,Prol. Calle 27/Calle Valle de Anahua,20.554106316033,-100.38712735434
3618,34.60894702923823,370,T02,1,22,2,Con transbordo,370 → 97,T02 → C22,El Pocito,"[""3618"", ""3659"", ""2974"", ""3619"", ""2975"", ""3620"", ""2976"", ""3621"", ""2977"", ""3622"", ""1306"", ""1432"", ""1433"", ""1434"", ""3297"", ""4241"", ""2310"", ""2311"", ""2312"", ""2313"", ""2314"", ""ESTACION_CORREGIDORA_SUR""]","[""370"", ""370"", ""370"", ""370"", ""370"", ""370"", ""370"", ""370"", ""370"", ""370"", ""97"", ""97"", ""97"", ""97"", ""97"", ""97"", ""97"", ""97"", ""97"", ""97"", ""CAMINATA""]",5.0,Calle Jalisco/Calle Michoacán,20.55286639,-100.4185554
2465,34.64766393469594,134,C26,1,29,2,Con transbordo,134 → 325,C26 → C34,Avenida Cimatario/Mega Comercial,"[""2465"", ""3651"", ""2445"", ""3346"", ""2446"", ""2447"", ""2448"", ""2449"", ""2404"", ""2405"", ""2020"", ""2021"", ""2450"", ""2451"", ""1471"", ""1470"", ""1469"", ""1439"", ""1438"", ""2537"", ""1920"", ""1921"", ""4241"", ""2310"", ""2311"", ""2312"", ""2313"", ""2681"", ""ESTACION_CORREGIDORA_SUR""]","[""134"", ""134"", ""134"", ""134"", ""134"", ""134"", ""134"", ""134"", ""134"", ""134"", ""325"", ""325"", ""325"", ""325"", ""325"", ""325"", ""325"", ""325"", ""325"", ""325"", ""325"", ""325"", ""325"", ""325"", ""325"", ""325"", ""325"", ""CAMINATA""]",5.0,Fray Luis de Leon/Manuel Gomez Morin,20.560563605901,-100.36310220623
2472,34.66728036257155,321,C27,0,28,1,Directa,321,C27,,"[""2472"", ""2473"", ""2474"", ""5078"", ""2475"", ""2476"", ""2477"", ""2212"", ""2213"", ""2214"", ""2215"", ""2478"", ""2308"", ""2028"", ""2029"", ""2030"", ""2031"", ""2309"", ""1919"", ""1920"", ""1921"", ""4241"", ""2310"", ""2311"", ""2312"", ""2313"", ""2314"", ""ESTACION_CORREGIDORA_SUR""]","[""321"", ""321"", ""321"", ""321"", ""321"", ""321"", ""321"", ""321"", ""321"", ""321"", ""321"", ""321"", ""321"", ""321"", ""321"", ""321"", ""321"", ""321"", ""321"", ""321"", ""321"", ""321"", ""321"", ""321"", ""321"", ""321"", ""CAMINATA""]",5.0,Cobá/Blvd de Los Gobernadores,20.556716027307,-100.37029715578
1460,34.6756136959049,366,L57,2,24,3,Con transbordo,366 → 90 → 97,L57 → L51 → C22,Benito Juárez/Gral. Guadalupe Victoria → Constitución de 1917,"[""1460"", ""1429"", ""1430"", ""1431"", ""4111"", ""1300"", ""1301"", ""1302"", ""1761"", ""1303"", ""1304"", ""1305"", ""1306"", ""1432"", ""1433"", ""1434"", ""3297"", ""4241"", ""2310"", ""2311"", ""2312"", ""2313"", ""2314"", ""ESTACION_CORREGIDORA_SUR""]","[""366"", ""366"", ""366"", ""90"", ""90"", ""90"", ""90"", ""90"", ""90"", ""90"", ""90"", ""90"", ""90"", ""90"", ""90"", ""97"", ""97"", ""97"", ""97"", ""97"", ""97"", ""97"", ""CAMINATA""]",5.0,Benito Juárez/Miguel Alemán Valdez,20.522116,-100.44387
2025,34.683947029238226,341,C51,1,24,2,Con transbordo,341 → 334,C51 → C43,Cto Moisés Solana/Tomasa Estévez,"[""2025"", ""2026"", ""2027"", ""2891"", ""2231"", ""2232"", ""2629"", ""2478"", ""2308"", ""2028"", ""2029"", ""2030"", ""2031"", ""2309"", ""1919"", ""1920"", ""1921"", ""4241"", ""2310"", ""2311"", ""2312"", ""2313"", ""2314"", ""ESTACION_CORREGIDORA_SUR""]","[""341"", ""341"", ""341"", ""341"", ""341"", ""334"", ""334"", ""334"", ""334"", ""334"", ""334"", ""334"", ""334"", ""334"", ""334"", ""334"", ""334"", ""334"", ""334"", ""334"", ""334"", ""334"", ""CAMINATA""]",5.0,Corregidora Sur/Zacarías Oñate,20.585528146045,-100.38874821756
2211,34.71728036257156,371,T03,1,22,2,Con transbordo,371 → 321,T03 → C27,Luis Pasteur/Calle 13,"[""2211"", ""2212"", ""2213"", ""2214"", ""2215"", ""2478"", ""2308"", ""2028"", ""2029"", ""2030"", ""2031"", ""2309"", ""1919"", ""1920"", ""1921"", ""4241"", ""2310"", ""2311"", ""2312"", ""2313"", ""2314"", ""ESTACION_CORREGIDORA_SUR""]","[""371"", ""321"", ""321"", ""321"", ""321"", ""321"", ""321"", ""321"", ""321"", ""321"", ""321"", ""321"", ""321"", ""321"", ""321"", ""321"", ""321"", ""321"", ""321"", ""321"", ""CAMINATA""]",5.0,Prol. Luis Pasteur/Cto. Lázaro Cardenas,20.558041336253,-100.38315909998
3812,34.730997268029284,352,C64,1,22,2,Con transbordo,352 → 325,C64 → C34,Alameda,"[""3812"", ""4404"", ""3813"", ""5104"", ""1475"", ""1476"", ""1472"", ""1471"", ""1470"", ""1469"", ""1439"", ""1438"", ""2537"", ""1920"", ""1921"", ""4241"", ""2310"", ""2311"", ""2312"", ""2313"", ""2681"", ""ESTACION_CORREGIDORA_SUR""]","[""352"", ""352"", ""352"", ""352"", ""352"", ""352"", ""352"", ""352"", ""352"", ""352"", ""325"", ""325"", ""325"", ""325"", ""325"", ""325"", ""325"", ""325"", ""325"", ""325"", ""CAMINATA""]",5.0,Carr. México/Querétaro/Jurica/San Juan del Río,20.57218571,-100.3179202
5195,34.74766393469594,134,C26,1,28,2,Con transbordo,134 → 325,C26 → C34,Terminal de Autobuses de Querétaro/Paradero,"[""5195"", ""2468"", ""2470"", ""2471"", ""3596"", ""2246"", ""2017"", ""2018"", ""2019"", ""2020"", ""2021"", ""2450"", ""2451"", ""1471"", ""1470"", ""1469"", ""1439"", ""1438"", ""2537"", ""1920"", ""1921"", ""4241"", ""2310"", ""2311"", ""2312"", ""2313"", ""2681"", ""ESTACION_CORREGIDORA_SUR""]","[""134"", ""134"", ""134"", ""134"", ""134"", ""325"", ""325"", ""325"", ""325"", ""325"", ""325"", ""325"", ""325"", ""325"", ""325"", ""325"", ""325"", ""325"", ""325"", ""325"", ""325"", ""325"", ""325"", ""325"", ""325"", ""325"", ""CAMINATA""]",5.0,Cerro Blanco/Colegio México Nuevo,20.575415902751,-100.36490355394
2597,34.750613695904896,341,C51,0,34,1,Directa,341,C51,,"[""2597"", ""3315"", ""2598"", ""2599"", ""2510"", ""2511"", ""2512"", ""2513"", ""2514"", ""2515"", ""2516"", ""3686"", ""2517"", ""2214"", ""2215"", ""2216"", ""2217"", ""2218"", ""2219"", ""2032"", ""2023"", ""2024"", ""2856"", ""1918"", ""1919"", ""1920"", ""1921"", ""4241"", ""2310"", ""2311"", ""2312"", ""2313"", ""2314"", ""ESTACION_CORREGIDORA_SUR""]","[""341"", ""341"", ""341"", ""341"", ""341"", ""341"", ""341"", ""341"", ""341"", ""341"", ""341"", ""341"", ""341"", ""341"", ""341"", ""341"", ""341"", ""341"", ""341"", ""341"", ""341"", ""341"", ""341"", ""341"", ""341"", ""341"", ""341"", ""341"", ""341"", ""341"", ""341"", ""341"", ""CAMINATA""]",5.0,Calle Antonio Carranza/Calle Manuel Castelazo,20.558638,-100.394309
3327,34.78394245037063,341,C51,2,14,3,Con transbordo,341 → 234 → 338,C51 → L117 → C48,Calle Antonio Carranza/Blvd. de Las Américas → Blvd. de Las Américas/Carlos Esquerro,"[""3327"", ""2614"", ""2615"", ""2418"", ""2419"", ""5180"", ""2672"", ""2201"", ""4241"", ""2310"", ""2311"", ""2312"", ""2313"", ""ESTACION_CORREGIDORA_SUR""]","[""341"", ""341"", ""234"", ""338"", ""338"", ""338"", ""338"", ""338"", ""338"", ""338"", ""338"", ""338"", ""CAMINATA""]",5.0,Calle 37/Calle Antonio de Carranza,20.55908154,-100.3922422
1295,34.79228036257155,97,C22,2,24,3,Con transbordo,97 → 90 → 97,C22 → L51 → C22,Santa Bárbara → Constitución de 1917,"[""1295"", ""1296"", ""1297"", ""1298"", ""1299"", ""1300"", ""1301"", ""1302"", ""1761"", ""1303"", ""1304"", ""1305"", ""1306"", ""1432"", ""1433"", ""1434"", ""3297"", ""4241"", ""2310"", ""2311"", ""2312"", ""2313"", ""2314"", ""ESTACION_CORREGIDORA_SUR""]","[""97"", ""97"", ""97"", ""97"", ""97"", ""90"", ""90"", ""90"", ""90"", ""90"", ""90"", ""90"", ""90"", ""90"", ""90"", ""97"", ""97"", ""97"", ""97"", ""97"", ""97"", ""97"", ""CAMINATA""]",5.0,Heroico Colegio Militar/Parroquia de San Francisco Galileo,20.539147910569,-100.44095677405
2972,34.84766393469595,337,C47,1,28,2,Con transbordo,337 → 325,C47 → C34,Av. Luis Vega Monrroy/Prol. del Cimatario,"[""2972"", ""2037"", ""2245"", ""2038"", ""2039"", ""2246"", ""2017"", ""2018"", ""2019"", ""2020"", ""2021"", ""2450"", ""2451"", ""1471"", ""1470"", ""1469"", ""1439"", ""1438"", ""2537"", ""1920"", ""1921"", ""4241"", ""2310"", ""2311"", ""2312"", ""2313"", ""2681"", ""ESTACION_CORREGIDORA_SUR""]","[""337"", ""337"", ""325"", ""325"", ""325"", ""325"", ""325"", ""325"", ""325"", ""325"", ""325"", ""325"", ""325"", ""325"", ""325"", ""325"", ""325"", ""325"", ""325"", ""325"", ""325"", ""325"", ""325"", ""325"", ""325"", ""325"", ""CAMINATA""]",5.0,Av. Luis Vega Monrroy/Pl. de Carmelitas,20.57693687,-100.3765685
2520,34.93099726802928,322,C29,2,25,3,Con transbordo,322 → 134 → 325,C29 → C26 → C34,Avenida Colinas del Cimatario/Cerro Blanco → Avenida Cimatario/Mega Comercial,"[""2520"", ""2401"", ""2402"", ""2403"", ""2404"", ""2405"", ""2020"", ""2021"", ""2450"", ""2451"", ""1471"", ""1470"", ""1469"", ""1439"", ""1438"", ""2537"", ""1920"", ""1921"", ""4241"", ""2310"", ""2311"", ""2312"", ""2313"", ""2681"", ""ESTACION_CORREGIDORA_SUR""]","[""322"", ""322"", ""322"", ""322"", ""134"", ""134"", ""325"", ""325"", ""325"", ""325"", ""325"", ""325"", ""325"", ""325"", ""325"", ""325"", ""325"", ""325"", ""325"", ""325"", ""325"", ""325"", ""325"", ""CAMINATA""]",5.0,Islas Aleutianas/Plaza. San Juan del Letrán,20.569765577444,-100.37746139388
3230,34.9506136959049,331,C40,1,16,2,Con transbordo,331 → 353,C40 → C65,Hacienda Tequisquiapan/Hacienda Jaral de Penas,"[""3230"", ""3231"", ""3232"", ""3233"", ""3234"", ""3235"", ""3236"", ""2602"", ""4253"", ""3237"", ""3222"", ""3223"", ""3726"", ""3224"", ""2314"", ""ESTACION_CORREGIDORA_SUR""]","[""331"", ""331"", ""353"", ""353"", ""353"", ""353"", ""353"", ""353"", ""353"", ""353"", ""353"", ""353"", ""353"", ""353"", ""CAMINATA""]",5.0,Los Mendoza/Hacienda Tequisquiapan,20.59760435,-100.4307325
2443,34.96433060136261,134,C26,1,30,2,Con transbordo,134 → 325,C26 → C34,Avenida Cimatario/Mega Comercial,"[""2443"", ""2444"", ""3651"", ""2445"", ""3346"", ""2446"", ""2447"", ""2448"", ""2449"", ""2404"", ""2405"", ""2020"", ""2021"", ""2450"", ""2451"", ""1471"", ""1470"", ""1469"", ""1439"", ""1438"", ""2537"", ""1920"", ""1921"", ""4241"", ""2310"", ""2311"", ""2312"", ""2313"", ""2681"", ""ESTACION_CORREGIDORA_SUR""]","[""134"", ""134"", ""134"", ""134"", ""134"", ""134"", ""134"", ""134"", ""134"", ""134"", ""134"", ""325"", ""325"", ""325"", ""325"", ""325"", ""325"", ""325"", ""325"", ""325"", ""325"", ""325"", ""325"", ""325"", ""325"", ""325"", ""325"", ""325"", ""CAMINATA""]",5.0,Lateral Bernardo Quintana/Manuel Gomez Morin,20.56054,-100.35819
1459,34.99228036257157,366,L57,2,25,3,Con transbordo,366 → 90 → 97,L57 → L51 → C22,Benito Juárez/Gral. Guadalupe Victoria → Constitución de 1917,"[""1459"", ""1460"", ""1429"", ""1430"", ""1431"", ""4111"", ""1300"", ""1301"", ""1302"", ""1761"", ""1303"", ""1304"", ""1305"", ""1306"", ""1432"", ""1433"", ""1434"", ""3297"", ""4241"", ""2310"", ""2311"", ""2312"", ""2313"", ""2314"", ""ESTACION_CORREGIDORA_SUR""]","[""366"", ""366"", ""366"", ""366"", ""90"", ""90"", ""90"", ""90"", ""90"", ""90"", ""90"", ""90"", ""90"", ""90"", ""90"", ""90"", ""97"", ""97"", ""97"", ""97"", ""97"", ""97"", ""97"", ""CAMINATA""]",5.0,Benito Juárez/Lic. Gustavo Díaz Ordaz,20.521399290735,-100.44445708097
3642,35.00060911703731,373,T05,1,27,2,Con transbordo,373 → 336,T05 → C46,Av. Candiles/Parque Candiles Skate Park,"[""3642"", ""2259"", ""2260"", ""2261"", ""2262"", ""2263"", ""3023"", ""2264"", ""4393"", ""2199"", ""1762"", ""1763"", ""2200"", ""4430"", ""1764"", ""1765"", ""1766"", ""2201"", ""4241"", ""2310"", ""3570"", ""3571"", ""3572"", ""2311"", ""2312"", ""2313"", ""ESTACION_CORREGIDORA_SUR""]","[""373"", ""336"", ""336"", ""336"", ""336"", ""336"", ""336"", ""336"", ""336"", ""336"", ""336"", ""336"", ""336"", ""336"", ""336"", ""336"", ""336"", ""336"", ""336"", ""336"", ""336"", ""336"", ""336"", ""336"", ""336"", ""CAMINATA""]",5.0,Fernando Díaz Ramírez/Av. Candiles,20.545504021965,-100.40511213203
2503,35.03394245037064,341,C51,1,22,2,Con transbordo,341 → 338,C51 → C48,Blvd. de Las Américas/Calle Antonio Rivera de la Torre,"[""2503"", ""2504"", ""2674"", ""4131"", ""2675"", ""3893"", ""2668"", ""2669"", ""2294"", ""2295"", ""2296"", ""2418"", ""2419"", ""5180"", ""2672"", ""2201"", ""4241"", ""2310"", ""2311"", ""2312"", ""2313"", ""ESTACION_CORREGIDORA_SUR""]","[""341"", ""341"", ""341"", ""341"", ""341"", ""341"", ""341"", ""341"", ""338"", ""338"", ""338"", ""338"", ""338"", ""338"", ""338"", ""338"", ""338"", ""338"", ""338"", ""338"", ""CAMINATA""]",5.0,Av. Candiles/Cecyteq Corregidora,20.54770456,-100.3945263
4445,35.04766393469594,99,T01,1,22,2,Con transbordo,99 → 325,T01 → C34,Bicentenario,"[""4445"", ""1449"", ""3485"", ""1450"", ""1475"", ""1476"", ""1472"", ""1471"", ""1470"", ""1469"", ""1439"", ""1438"", ""2537"", ""1920"", ""1921"", ""4241"", ""2310"", ""2311"", ""2312"", ""2313"", ""2681"", ""ESTACION_CORREGIDORA_SUR""]","[""99"", ""99"", ""99"", ""99"", ""99"", ""325"", ""325"", ""325"", ""325"", ""325"", ""325"", ""325"", ""325"", ""325"", ""325"", ""325"", ""325"", ""325"", ""325"", ""325"", ""CAMINATA""]",5.0,Prol. Constituyentes Oriente/Camino Al Colegio Celse,20.592517934724,-100.32229580757
2197,35.092280362571564,370,T02,2,18,3,Con transbordo,370 → 90 → 97,T02 → L51 → C22,Tejeda → Constitución de 1917,"[""2197"", ""2198"", ""1308"", ""1309"", ""1304"", ""1305"", ""1306"", ""1432"", ""1433"", ""1434"", ""3297"", ""4241"", ""2310"", ""2311"", ""2312"", ""2313"", ""2314"", ""ESTACION_CORREGIDORA_SUR""]","[""370"", ""370"", ""370"", ""370"", ""90"", ""90"", ""90"", ""90"", ""90"", ""97"", ""97"", ""97"", ""97"", ""97"", ""97"", ""97"", ""CAMINATA""]",5.0,Prol. Zaragoza/Hacienda Balvanera,20.564850001339,-100.4148747267
4096,35.11727578370396,356,L108,1,14,2,Con transbordo,356 → 338,L108 → C48,Ignacio Zaragoza/Imss,"[""4096"", ""4097"", ""4098"", ""4099"", ""2616"", ""4100"", ""1766"", ""2201"", ""4241"", ""2310"", ""2311"", ""2312"", ""2313"", ""ESTACION_CORREGIDORA_SUR""]","[""356"", ""356"", ""356"", ""356"", ""356"", ""356"", ""356"", ""338"", ""338"", ""338"", ""338"", ""338"", ""CAMINATA""]",5.0,Carr. Tlacote/Residencial Gema,20.589808015959,-100.42883671552
2603,35.133947029238236,332,C41,1,17,2,Con transbordo,332 → 355,C41 → C69,Río Querétaro,"[""2603"", ""2289"", ""3024"", ""3316"", ""3394"", ""2265"", ""5229"", ""2978"", ""2979"", ""2980"", ""2981"", ""3222"", ""3223"", ""3726"", ""3224"", ""2314"", ""ESTACION_CORREGIDORA_SUR""]","[""332"", ""332"", ""332"", ""332"", ""332"", ""332"", ""332"", ""332"", ""332"", ""332"", ""355"", ""355"", ""355"", ""355"", ""355"", ""CAMINATA""]",5.0,Calle 25/Av. 4,20.57346884,-100.3937327
2409,35.14766393469595,138,C30,2,22,3,Con transbordo,138 → 98 → 325,C30 → C23 → C34,Circ. Moisés Solana/Manuel Payno (Juzgados) → Alameda,"[""2409"", ""2410"", ""2411"", ""2412"", ""2218"", ""2219"", ""2032"", ""2023"", ""2024"", ""2856"", ""1439"", ""1438"", ""2537"", ""1920"", ""1921"", ""4241"", ""2310"", ""2311"", ""2312"", ""2313"", ""2681"", ""ESTACION_CORREGIDORA_SUR""]","[""138"", ""98"", ""98"", ""98"", ""98"", ""98"", ""98"", ""98"", ""98"", ""98"", ""325"", ""325"", ""325"", ""325"", ""325"", ""325"", ""325"", ""325"", ""325"", ""325"", ""CAMINATA""]",5.0,Capuchinas/Moises Solana,20.572110374465,-100.37966906933
2563,35.2006091170373,337,C47,2,14,3,Con transbordo,337 → 234 → 338,C47 → L117 → C48,Calle Antonio Carranza/Blvd. de Las Américas → Blvd. de Las Américas/Carlos Esquerro,"[""2563"", ""2614"", ""2615"", ""2418"", ""2419"", ""5180"", ""2672"", ""2201"", ""4241"", ""2310"", ""2311"", ""2312"", ""2313"", ""ESTACION_CORREGIDORA_SUR""]","[""337"", ""337"", ""234"", ""338"", ""338"", ""338"", ""338"", ""338"", ""338"", ""338"", ""338"", ""338"", ""CAMINATA""]",5.0,Calle 33/Andador 18,20.55947559,-100.3910849
2564,35.31727578370398,326,C35,1,24,2,Con transbordo,326 → 338,C35 → C48,Blvd. de Las Américas/Cerro del Fraile,"[""2564"", ""5102"", ""2565"", ""2365"", ""4129"", ""2290"", ""3600"", ""2291"", ""2292"", ""2293"", ""2294"", ""2295"", ""2296"", ""2418"", ""2419"", ""5180"", ""2672"", ""2201"", ""4241"", ""2310"", ""2311"", ""2312"", ""2313"", ""ESTACION_CORREGIDORA_SUR""]","[""326"", ""326"", ""326"", ""326"", ""326"", ""338"", ""338"", ""338"", ""338"", ""338"", ""338"", ""338"", ""338"", ""338"", ""338"", ""338"", ""338"", ""338"", ""338"", ""338"", ""338"", ""338"", ""CAMINATA""]",5.0,Prol. Calle 27/Av. Valle del Cimatario,20.556318,-100.388009
2251,35.400609117037305,334,C43,1,23,2,Con transbordo,334 → 338,C43 → C48,Blvd. de Las Américas/Río Lerma,"[""2251"", ""3679"", ""2627"", ""2508"", ""2509"", ""4138"", ""2291"", ""2292"", ""2293"", ""2294"", ""2295"", ""2296"", ""2418"", ""2419"", ""5180"", ""2672"", ""2201"", ""4241"", ""2310"", ""2311"", ""2312"", ""2313"", ""ESTACION_CORREGIDORA_SUR""]","[""334"", ""334"", ""334"", ""334"", ""334"", ""334"", ""338"", ""338"", ""338"", ""338"", ""338"", ""338"", ""338"", ""338"", ""338"", ""338"", ""338"", ""338"", ""338"", ""338"", ""338"", ""CAMINATA""]",5.0,Av. Candiles/Parroquia de Nuestra Señora de la Esperanza,20.54629727,-100.4068009
3022,35.41727578370397,322,C29,1,25,2,Con transbordo,322 → 338,C29 → C48,Blvd. de Las Américas/Río Lerma,"[""3022"", ""5223"", ""4116"", ""2506"", ""2507"", ""2508"", ""2509"", ""4138"", ""2291"", ""2292"", ""2293"", ""2294"", ""2295"", ""2296"", ""2418"", ""2419"", ""5180"", ""2672"", ""2201"", ""4241"", ""2310"", ""2311"", ""2312"", ""2313"", ""ESTACION_CORREGIDORA_SUR""]","[""322"", ""322"", ""322"", ""322"", ""322"", ""322"", ""322"", ""322"", ""338"", ""338"", ""338"", ""338"", ""338"", ""338"", ""338"", ""338"", ""338"", ""338"", ""338"", ""338"", ""338"", ""338"", ""338"", ""CAMINATA""]",5.0,Av. Camino Real/Calle del Arcangel,20.53833137,-100.3980689
1294,35.44228036257155,97,C22,2,25,3,Con transbordo,97 → 90 → 97,C22 → L51 → C22,Santa Bárbara → Constitución de 1917,"[""1294"", ""1295"", ""1296"", ""1297"", ""1298"", ""1299"", ""1300"", ""1301"", ""1302"", ""1761"", ""1303"", ""1304"", ""1305"", ""1306"", ""1432"", ""1433"", ""1434"", ""3297"", ""4241"", ""2310"", ""2311"", ""2312"", ""2313"", ""2314"", ""ESTACION_CORREGIDORA_SUR""]","[""97"", ""97"", ""97"", ""97"", ""97"", ""97"", ""90"", ""90"", ""90"", ""90"", ""90"", ""90"", ""90"", ""90"", ""90"", ""90"", ""97"", ""97"", ""97"", ""97"", ""97"", ""97"", ""97"", ""CAMINATA""]",5.0,Miguel Hidalgo/Josefa Ortiz de Domínguez,20.540554088836,-100.43965508159
2497,35.550613695904886,322,C29,1,23,2,Con transbordo,322 → 321,C29 → C27,Circ. Lázaro Cárdenas/Prol. Pasteur Sur,"[""2497"", ""2477"", ""2212"", ""2213"", ""2214"", ""2215"", ""2478"", ""2308"", ""2028"", ""2029"", ""2030"", ""2031"", ""2309"", ""1919"", ""1920"", ""1921"", ""4241"", ""2310"", ""2311"", ""2312"", ""2313"", ""2314"", ""ESTACION_CORREGIDORA_SUR""]","[""322"", ""321"", ""321"", ""321"", ""321"", ""321"", ""321"", ""321"", ""321"", ""321"", ""321"", ""321"", ""321"", ""321"", ""321"", ""321"", ""321"", ""321"", ""321"", ""321"", ""321"", ""CAMINATA""]",5.0,Cto. Lazaro Cardenas/Ricardo Flores Magón,20.559878066462,-100.38081813847
3811,35.69766393469595,352,C64,1,23,2,Con transbordo,352 → 325,C64 → C34,Alameda,"[""3811"", ""3812"", ""4404"", ""3813"", ""5104"", ""1475"", ""1476"", ""1472"", ""1471"", ""1470"", ""1469"", ""1439"", ""1438"", ""2537"", ""1920"", ""1921"", ""4241"", ""2310"", ""2311"", ""2312"", ""2313"", ""2681"", ""ESTACION_CORREGIDORA_SUR""]","[""352"", ""352"", ""352"", ""352"", ""352"", ""352"", ""352"", ""352"", ""352"", ""352"", ""352"", ""325"", ""325"", ""325"", ""325"", ""325"", ""325"", ""325"", ""325"", ""325"", ""325"", ""CAMINATA""]",5.0,Carr. Federal No. 57/Anillo Vial Ii,20.570834926139,-100.31308176592
2613,35.700609117037295,341,C51,2,15,3,Con transbordo,341 → 234 → 338,C51 → L117 → C48,Calle Antonio Carranza/Blvd. de Las Américas → Blvd. de Las Américas/Carlos Esquerro,"[""2613"", ""3327"", ""2614"", ""2615"", ""2418"", ""2419"", ""5180"", ""2672"", ""2201"", ""4241"", ""2310"", ""2311"", ""2312"", ""2313"", ""ESTACION_CORREGIDORA_SUR""]","[""341"", ""341"", ""341"", ""234"", ""338"", ""338"", ""338"", ""338"", ""338"", ""338"", ""338"", ""338"", ""338"", ""CAMINATA""]",5.0,Calle 37/Calle 4,20.56125758,-100.3930444
2596,35.717280362571564,341,C51,0,35,1,Directa,341,C51,,"[""2596"", ""2597"", ""3315"", ""2598"", ""2599"", ""2510"", ""2511"", ""2512"", ""2513"", ""2514"", ""2515"", ""2516"", ""3686"", ""2517"", ""2214"", ""2215"", ""2216"", ""2217"", ""2218"", ""2219"", ""2032"", ""2023"", ""2024"", ""2856"", ""1918"", ""1919"", ""1920"", ""1921"", ""4241"", ""2310"", ""2311"", ""2312"", ""2313"", ""2314"", ""ESTACION_CORREGIDORA_SUR""]","[""341"", ""341"", ""341"", ""341"", ""341"", ""341"", ""341"", ""341"", ""341"", ""341"", ""341"", ""341"", ""341"", ""341"", ""341"", ""341"", ""341"", ""341"", ""341"", ""341"", ""341"", ""341"", ""341"", ""341"", ""341"", ""341"", ""341"", ""341"", ""341"", ""341"", ""341"", ""341"", ""341"", ""CAMINATA""]",5.0,Calle Antonio Carranza/Valentín del Llano,20.55870069,-100.396909
2626,35.75060911703731,337,C47,1,27,2,Con transbordo,337 → 336,C47 → C46,Av. Candiles/Parque Candiles Skate Park,"[""2626"", ""2259"", ""2260"", ""2261"", ""2262"", ""2263"", ""3023"", ""2264"", ""4393"", ""2199"", ""1762"", ""1763"", ""2200"", ""4430"", ""1764"", ""1765"", ""1766"", ""2201"", ""4241"", ""2310"", ""3570"", ""3571"", ""3572"", ""2311"", ""2312"", ""2313"", ""ESTACION_CORREGIDORA_SUR""]","[""337"", ""336"", ""336"", ""336"", ""336"", ""336"", ""336"", ""336"", ""336"", ""336"", ""336"", ""336"", ""336"", ""336"", ""336"", ""336"", ""336"", ""336"", ""336"", ""336"", ""336"", ""336"", ""336"", ""336"", ""336"", ""CAMINATA""]",5.0,Av. Candiles/Cto. Antonio Pérez Alcocer,20.545585,-100.402446
2648,35.750613695904896,337,C47,2,21,3,Con transbordo,337 → 341 → 334,C47 → C51 → C43,Cto. Moisés Solana/San Martín → Cto Moisés Solana/Tomasa Estévez,"[""2648"", ""2231"", ""2232"", ""2629"", ""2478"", ""2308"", ""2028"", ""2029"", ""2030"", ""2031"", ""2309"", ""1919"", ""1920"", ""1921"", ""4241"", ""2310"", ""2311"", ""2312"", ""2313"", ""2314"", ""ESTACION_CORREGIDORA_SUR""]","[""337"", ""341"", ""334"", ""334"", ""334"", ""334"", ""334"", ""334"", ""334"", ""334"", ""334"", ""334"", ""334"", ""334"", ""334"", ""334"", ""334"", ""334"", ""334"", ""CAMINATA""]",5.0,Av. Luis Vega Monrroy/Prol. Corregidora Sur,20.575723,-100.384261
1337,35.8006091170373,98,C23,1,19,2,Con transbordo,98 → 338,C23 → C48,Ignacio Zaragoza/Imss,"[""1337"", ""1338"", ""1339"", ""1340"", ""1341"", ""1762"", ""1763"", ""2200"", ""4430"", ""1764"", ""1765"", ""1766"", ""2201"", ""4241"", ""2310"", ""2311"", ""2312"", ""2313"", ""ESTACION_CORREGIDORA_SUR""]","[""98"", ""98"", ""98"", ""98"", ""98"", ""98"", ""98"", ""98"", ""98"", ""98"", ""98"", ""98"", ""338"", ""338"", ""338"", ""338"", ""338"", ""CAMINATA""]",5.0,5 de Mayo/Miguel Hidalgo,20.557308063332,-100.43351051521
2971,35.81433060136262,337,C47,1,29,2,Con transbordo,337 → 325,C47 → C34,Av. Luis Vega Monrroy/Prol. del Cimatario,"[""2971"", ""2972"", ""2037"", ""2245"", ""2038"", ""2039"", ""2246"", ""2017"", ""2018"", ""2019"", ""2020"", ""2021"", ""2450"", ""2451"", ""1471"", ""1470"", ""1469"", ""1439"", ""1438"", ""2537"", ""1920"", ""1921"", ""4241"", ""2310"", ""2311"", ""2312"", ""2313"", ""2681"", ""ESTACION_CORREGIDORA_SUR""]","[""337"", ""337"", ""337"", ""325"", ""325"", ""325"", ""325"", ""325"", ""325"", ""325"", ""325"", ""325"", ""325"", ""325"", ""325"", ""325"", ""325"", ""325"", ""325"", ""325"", ""325"", ""325"", ""325"", ""325"", ""325"", ""325"", ""325"", ""CAMINATA""]",5.0,Av. Luis Vega Monrroy/Paseo del Romancero,20.57644953,-100.3793192
2210,35.867280362571556,371,T03,1,23,2,Con transbordo,371 → 321,T03 → C27,Luis Pasteur/Calle 13,"[""2210"", ""2211"", ""2212"", ""2213"", ""2214"", ""2215"", ""2478"", ""2308"", ""2028"", ""2029"", ""2030"", ""2031"", ""2309"", ""1919"", ""1920"", ""1921"", ""4241"", ""2310"", ""2311"", ""2312"", ""2313"", ""2314"", ""ESTACION_CORREGIDORA_SUR""]","[""371"", ""371"", ""321"", ""321"", ""321"", ""321"", ""321"", ""321"", ""321"", ""321"", ""321"", ""321"", ""321"", ""321"", ""321"", ""321"", ""321"", ""321"", ""321"", ""321"", ""321"", ""CAMINATA""]",5.0,Prol. Pasteur Sur/Santiago de Compostella,20.555518438655,-100.38324705703
1928,35.88394702923823,341,C51,1,25,2,Con transbordo,341 → 334,C51 → C43,Cto Moisés Solana/Tomasa Estévez,"[""1928"", ""2025"", ""2026"", ""2027"", ""2891"", ""2231"", ""2232"", ""2629"", ""2478"", ""2308"", ""2028"", ""2029"", ""2030"", ""2031"", ""2309"", ""1919"", ""1920"", ""1921"", ""4241"", ""2310"", ""2311"", ""2312"", ""2313"", ""2314"", ""ESTACION_CORREGIDORA_SUR""]","[""341"", ""341"", ""341"", ""341"", ""341"", ""341"", ""334"", ""334"", ""334"", ""334"", ""334"", ""334"", ""334"", ""334"", ""334"", ""334"", ""334"", ""334"", ""334"", ""334"", ""334"", ""334"", ""334"", ""CAMINATA""]",5.0,Colon/Zaragoza (El Molino),20.58824043827,-100.39022277759
3229,35.88394702923823,331,C40,1,17,2,Con transbordo,331 → 353,C40 → C65,Hacienda Tequisquiapan/Hacienda Jaral de Penas,"[""3229"", ""3230"", ""3231"", ""3232"", ""3233"", ""3234"", ""3235"", ""3236"", ""2602"", ""4253"", ""3237"", ""3222"", ""3223"", ""3726"", ""3224"", ""2314"", ""ESTACION_CORREGIDORA_SUR""]","[""331"", ""331"", ""331"", ""353"", ""353"", ""353"", ""353"", ""353"", ""353"", ""353"", ""353"", ""353"", ""353"", ""353"", ""353"", ""CAMINATA""]",5.0,Calle San Germán/Calle Solidaridad,20.59604884,-100.4303286
4087,35.914330601362614,134,C26,1,31,2,Con transbordo,134 → 325,C26 → C34,Avenida Cimatario/Mega Comercial,"[""4087"", ""2443"", ""2444"", ""3651"", ""2445"", ""3346"", ""2446"", ""2447"", ""2448"", ""2449"", ""2404"", ""2405"", ""2020"", ""2021"", ""2450"", ""2451"", ""1471"", ""1470"", ""1469"", ""1439"", ""1438"", ""2537"", ""1920"", ""1921"", ""4241"", ""2310"", ""2311"", ""2312"", ""2313"", ""2681"", ""ESTACION_CORREGIDORA_SUR""]","[""134"", ""134"", ""134"", ""134"", ""134"", ""134"", ""134"", ""134"", ""134"", ""134"", ""134"", ""134"", ""325"", ""325"", ""325"", ""325"", ""325"", ""325"", ""325"", ""325"", ""325"", ""325"", ""325"", ""325"", ""325"", ""325"", ""325"", ""325"", ""325"", ""CAMINATA""]",5.0,Prol. Bernardo Quintana/Hospital Ángeles Centro Sur,20.563647222222,-100.35698888889
2777,35.9506136959049,368,L61,1,33,2,Con transbordo,368 → 319,L61 → C24,Corregidora/Luis M Vega y Monroy,"[""2777"", ""2539"", ""5101"", ""2540"", ""5184"", ""3601"", ""2541"", ""2542"", ""2543"", ""2544"", ""2545"", ""2546"", ""2303"", ""2304"", ""2305"", ""2306"", ""2307"", ""2308"", ""2028"", ""2029"", ""2030"", ""2031"", ""2309"", ""1919"", ""1920"", ""1921"", ""4241"", ""2310"", ""2311"", ""2312"", ""2313"", ""2314"", ""ESTACION_CORREGIDORA_SUR""]","[""368"", ""368"", ""368"", ""368"", ""368"", ""368"", ""368"", ""368"", ""368"", ""368"", ""368"", ""368"", ""368"", ""368"", ""368"", ""368"", ""368"", ""319"", ""319"", ""319"", ""319"", ""319"", ""319"", ""319"", ""319"", ""319"", ""319"", ""319"", ""319"", ""319"", ""319"", ""CAMINATA""]",5.0,Prol. Calle 27/Calle 8,20.54996759,-100.3852216
1370,35.958947029238225,255,T11,2,22,3,Con transbordo,255 → 90 → 97,T11 → L51 → C22,Santa Bárbara → Constitución de 1917,"[""1370"", ""2190"", ""3301"", ""1300"", ""1301"", ""1302"", ""1761"", ""1303"", ""1304"", ""1305"", ""1306"", ""1432"", ""1433"", ""1434"", ""3297"", ""4241"", ""2310"", ""2311"", ""2312"", ""2313"", ""2314"", ""ESTACION_CORREGIDORA_SUR""]","[""255"", ""255"", ""255"", ""90"", ""90"", ""90"", ""90"", ""90"", ""90"", ""90"", ""90"", ""90"", ""90"", ""97"", ""97"", ""97"", ""97"", ""97"", ""97"", ""97"", ""CAMINATA""]",5.0,Industrial Balvanera,20.53573888699,-100.45773841026
3602,35.98394245037064,326,C35,1,25,2,Con transbordo,326 → 338,C35 → C48,Blvd. de Las Américas/Cerro del Fraile,"[""3602"", ""2564"", ""5102"", ""2565"", ""2365"", ""4129"", ""2290"", ""3600"", ""2291"", ""2292"", ""2293"", ""2294"", ""2295"", ""2296"", ""2418"", ""2419"", ""5180"", ""2672"", ""2201"", ""4241"", ""2310"", ""2311"", ""2312"", ""2313"", ""ESTACION_CORREGIDORA_SUR""]","[""326"", ""326"", ""326"", ""326"", ""326"", ""326"", ""338"", ""338"", ""338"", ""338"", ""338"", ""338"", ""338"", ""338"", ""338"", ""338"", ""338"", ""338"", ""338"", ""338"", ""338"", ""338"", ""338"", ""CAMINATA""]",5.0,Prol. Calle 27/República Mexicana,20.5583474,-100.3887725
2467,36.01433060136261,134,C26,1,29,2,Con transbordo,134 → 325,C26 → C34,Terminal de Autobuses de Querétaro/Paradero,"[""2467"", ""5195"", ""2468"", ""2470"", ""2471"", ""3596"", ""2246"", ""2017"", ""2018"", ""2019"", ""2020"", ""2021"", ""2450"", ""2451"", ""1471"", ""1470"", ""1469"", ""1439"", ""1438"", ""2537"", ""1920"", ""1921"", ""4241"", ""2310"", ""2311"", ""2312"", ""2313"", ""2681"", ""ESTACION_CORREGIDORA_SUR""]","[""134"", ""134"", ""134"", ""134"", ""134"", ""134"", ""325"", ""325"", ""325"", ""325"", ""325"", ""325"", ""325"", ""325"", ""325"", ""325"", ""325"", ""325"", ""325"", ""325"", ""325"", ""325"", ""325"", ""325"", ""325"", ""325"", ""325"", ""CAMINATA""]",5.0,Cerro Blanco/Fray Luis de León,20.574388003689,-100.36897939042
2670,36.03394702923823,337,C47,2,28,3,Con transbordo,337 → 326 → 319,C47 → C35 → C24,Calle 27/Calle 13 → Corregidora/Luis M Vega y Monroy,"[""2670"", ""2541"", ""2542"", ""2543"", ""2544"", ""2545"", ""2546"", ""2303"", ""2304"", ""2305"", ""2306"", ""2307"", ""2308"", ""2028"", ""2029"", ""2030"", ""2031"", ""2309"", ""1919"", ""1920"", ""1921"", ""4241"", ""2310"", ""2311"", ""2312"", ""2313"", ""2314"", ""ESTACION_CORREGIDORA_SUR""]","[""337"", ""326"", ""326"", ""326"", ""326"", ""326"", ""326"", ""326"", ""326"", ""326"", ""326"", ""326"", ""319"", ""319"", ""319"", ""319"", ""319"", ""319"", ""319"", ""319"", ""319"", ""319"", ""319"", ""319"", ""319"", ""319"", ""CAMINATA""]",5.0,Andador 18/Calle 33,20.55931587,-100.3910775
4275,36.058947029238226,408,C73,2,23,3,Con transbordo,408 → 90 → 97,C73 → L51 → C22,Carr. Coroneo/Av. Paseo Constituyentes → Constitución de 1917,"[""4275"", ""5119"", ""5205"", ""4111"", ""1300"", ""1301"", ""1302"", ""1761"", ""1303"", ""1304"", ""1305"", ""1306"", ""1432"", ""1433"", ""1434"", ""3297"", ""4241"", ""2310"", ""2311"", ""2312"", ""2313"", ""2314"", ""ESTACION_CORREGIDORA_SUR""]","[""408"", ""408"", ""408"", ""90"", ""90"", ""90"", ""90"", ""90"", ""90"", ""90"", ""90"", ""90"", ""90"", ""90"", ""97"", ""97"", ""97"", ""97"", ""97"", ""97"", ""97"", ""CAMINATA""]",5.0,Libramiento Sur Poniente/Prol. Paseo de Amsterdam,20.525655239704,-100.42506415498
1401,36.09228036257156,255,T11,2,23,3,Con transbordo,255 → 90 → 97,T11 → L51 → C22,Santa Bárbara → Constitución de 1917,"[""1401"", ""1370"", ""2190"", ""3301"", ""1300"", ""1301"", ""1302"", ""1761"", ""1303"", ""1304"", ""1305"", ""1306"", ""1432"", ""1433"", ""1434"", ""3297"", ""4241"", ""2310"", ""2311"", ""2312"", ""2313"", ""2314"", ""ESTACION_CORREGIDORA_SUR""]","[""255"", ""255"", ""255"", ""255"", ""90"", ""90"", ""90"", ""90"", ""90"", ""90"", ""90"", ""90"", ""90"", ""90"", ""97"", ""97"", ""97"", ""97"", ""97"", ""97"", ""97"", ""CAMINATA""]",5.0,Industrial Balvanera,20.536177764788,-100.45801268462
1307,36.10894702923822,90,L51,3,17,4,Con transbordo,90 → 370 → 90 → 97,L51 → T02 → L51 → C22,Tejeda → Tejeda → Constitución de 1917,"[""1307"", ""1308"", ""1309"", ""1304"", ""1305"", ""1306"", ""1432"", ""1433"", ""1434"", ""3297"", ""4241"", ""2310"", ""2311"", ""2312"", ""2313"", ""2314"", ""ESTACION_CORREGIDORA_SUR""]","[""90"", ""90"", ""370"", ""90"", ""90"", ""90"", ""90"", ""90"", ""97"", ""97"", ""97"", ""97"", ""97"", ""97"", ""97"", ""CAMINATA""]",5.0,El Pocito,20.562105888997,-100.4147920882
1293,36.15894702923822,97,C22,2,26,3,Con transbordo,97 → 90 → 97,C22 → L51 → C22,Santa Bárbara → Constitución de 1917,"[""1293"", ""1294"", ""1295"", ""1296"", ""1297"", ""1298"", ""1299"", ""1300"", ""1301"", ""1302"", ""1761"", ""1303"", ""1304"", ""1305"", ""1306"", ""1432"", ""1433"", ""1434"", ""3297"", ""4241"", ""2310"", ""2311"", ""2312"", ""2313"", ""2314"", ""ESTACION_CORREGIDORA_SUR""]","[""97"", ""97"", ""97"", ""97"", ""97"", ""97"", ""97"", ""90"", ""90"", ""90"", ""90"", ""90"", ""90"", ""90"", ""90"", ""90"", ""90"", ""97"", ""97"", ""97"", ""97"", ""97"", ""97"", ""97"", ""CAMINATA""]",5.0,Miguel Hidalgo/Jardín Miguel Hidalgo,20.54257195815,-100.43991667117
1773,36.158947029238234,370,T02,2,19,3,Con transbordo,370 → 90 → 97,T02 → L51 → C22,Tejeda → Constitución de 1917,"[""1773"", ""2197"", ""2198"", ""1308"", ""1309"", ""1304"", ""1305"", ""1306"", ""1432"", ""1433"", ""1434"", ""3297"", ""4241"", ""2310"", ""2311"", ""2312"", ""2313"", ""2314"", ""ESTACION_CORREGIDORA_SUR""]","[""370"", ""370"", ""370"", ""370"", ""370"", ""90"", ""90"", ""90"", ""90"", ""90"", ""97"", ""97"", ""97"", ""97"", ""97"", ""97"", ""97"", ""CAMINATA""]",5.0,Prol. Zaragoza/Plaza del Carmen,20.567811811517,-100.41505954054
2255,36.33394245037064,233,L113,1,23,2,Con transbordo,233 → 338,L113 → C48,Blvd. de Las Américas/Cerro del Fraile,"[""2255"", ""2639"", ""5087"", ""3650"", ""2290"", ""3600"", ""2291"", ""2292"", ""2293"", ""2294"", ""2295"", ""2296"", ""2418"", ""2419"", ""5180"", ""2672"", ""2201"", ""4241"", ""2310"", ""2311"", ""2312"", ""2313"", ""ESTACION_CORREGIDORA_SUR""]","[""233"", ""233"", ""233"", ""233"", ""338"", ""338"", ""338"", ""338"", ""338"", ""338"", ""338"", ""338"", ""338"", ""338"", ""338"", ""338"", ""338"", ""338"", ""338"", ""338"", ""338"", ""CAMINATA""]",5.0,Calle Manzano/Fresno,20.536368,-100.405108
2257,36.41727578370397,373,T05,1,28,2,Con transbordo,373 → 336,T05 → C46,Fernando Díaz Ramírez/José Ugalde Rodríguez,"[""2257"", ""2258"", ""2259"", ""2260"", ""2261"", ""2262"", ""2263"", ""3023"", ""2264"", ""4393"", ""2199"", ""1762"", ""1763"", ""2200"", ""4430"", ""1764"", ""1765"", ""1766"", ""2201"", ""4241"", ""2310"", ""3570"", ""3571"", ""3572"", ""2311"", ""2312"", ""2313"", ""ESTACION_CORREGIDORA_SUR""]","[""373"", ""336"", ""336"", ""336"", ""336"", ""336"", ""336"", ""336"", ""336"", ""336"", ""336"", ""336"", ""336"", ""336"", ""336"", ""336"", ""336"", ""336"", ""336"", ""336"", ""336"", ""336"", ""336"", ""336"", ""336"", ""336"", ""CAMINATA""]",5.0,Calle Francisco Alcocer/Fernando Díaz Ramírez,20.54132356,-100.4027299
2496,36.41728036257155,322,C29,1,24,2,Con transbordo,322 → 321,C29 → C27,Circ. Lázaro Cárdenas/Prol. Pasteur Sur,"[""2496"", ""2497"", ""2477"", ""2212"", ""2213"", ""2214"", ""2215"", ""2478"", ""2308"", ""2028"", ""2029"", ""2030"", ""2031"", ""2309"", ""1919"", ""1920"", ""1921"", ""4241"", ""2310"", ""2311"", ""2312"", ""2313"", ""2314"", ""ESTACION_CORREGIDORA_SUR""]","[""322"", ""322"", ""321"", ""321"", ""321"", ""321"", ""321"", ""321"", ""321"", ""321"", ""321"", ""321"", ""321"", ""321"", ""321"", ""321"", ""321"", ""321"", ""321"", ""321"", ""321"", ""321"", ""CAMINATA""]",5.0,Cto. Lázaro Cardenas/Plutarco Elías Calles,20.561269107824,-100.37909135053
3810,36.44766393469595,352,C64,1,24,2,Con transbordo,352 → 325,C64 → C34,Alameda,"[""3810"", ""3811"", ""3812"", ""4404"", ""3813"", ""5104"", ""1475"", ""1476"", ""1472"", ""1471"", ""1470"", ""1469"", ""1439"", ""1438"", ""2537"", ""1920"", ""1921"", ""4241"", ""2310"", ""2311"", ""2312"", ""2313"", ""2681"", ""ESTACION_CORREGIDORA_SUR""]","[""352"", ""352"", ""352"", ""352"", ""352"", ""352"", ""352"", ""352"", ""352"", ""352"", ""352"", ""352"", ""325"", ""325"", ""325"", ""325"", ""325"", ""325"", ""325"", ""325"", ""325"", ""325"", ""CAMINATA""]",5.0,Carr. Federal No. 57/Innovatelia,20.5700762056,-100.30924285758
3681,36.492280362571556,90,L51,3,18,4,Con transbordo,90 → 370 → 90 → 97,L51 → T02 → L51 → C22,Tejeda → Tejeda → Constitución de 1917,"[""3681"", ""1307"", ""1308"", ""1309"", ""1304"", ""1305"", ""1306"", ""1432"", ""1433"", ""1434"", ""3297"", ""4241"", ""2310"", ""2311"", ""2312"", ""2313"", ""2314"", ""ESTACION_CORREGIDORA_SUR""]","[""90"", ""90"", ""90"", ""370"", ""90"", ""90"", ""90"", ""90"", ""90"", ""97"", ""97"", ""97"", ""97"", ""97"", ""97"", ""97"", ""CAMINATA""]",5.0,Av. Paseo Constituyentes/Hacienda Casa Blanca,20.564448296602,-100.41285213024
4274,36.53394702923823,408,C73,2,24,3,Con transbordo,408 → 90 → 97,C73 → L51 → C22,Carr. Coroneo/Av. Paseo Constituyentes → Constitución de 1917,"[""4274"", ""4275"", ""5119"", ""5205"", ""4111"", ""1300"", ""1301"", ""1302"", ""1761"", ""1303"", ""1304"", ""1305"", ""1306"", ""1432"", ""1433"", ""1434"", ""3297"", ""4241"", ""2310"", ""2311"", ""2312"", ""2313"", ""2314"", ""ESTACION_CORREGIDORA_SUR""]","[""408"", ""408"", ""408"", ""408"", ""90"", ""90"", ""90"", ""90"", ""90"", ""90"", ""90"", ""90"", ""90"", ""90"", ""90"", ""97"", ""97"", ""97"", ""97"", ""97"", ""97"", ""97"", ""CAMINATA""]",5.0,Libramiento Sur Poniente/Prol. de Bucareli,20.526520333926,-100.4229125363
2463,36.58394702923823,98,C23,2,23,3,Con transbordo,98 → 376 → 319,C23 → T08 → C24,Blvd. Centro Sur/Av. del Parque → Vicente Guerrero,"[""2463"", ""2518"", ""2519"", ""3578"", ""2216"", ""2217"", ""2218"", ""2219"", ""2032"", ""2023"", ""2024"", ""2856"", ""1918"", ""1919"", ""1920"", ""1921"", ""4241"", ""2310"", ""2311"", ""2312"", ""2313"", ""2314"", ""ESTACION_CORREGIDORA_SUR""]","[""98"", ""376"", ""376"", ""376"", ""376"", ""376"", ""376"", ""376"", ""376"", ""376"", ""376"", ""376"", ""376"", ""319"", ""319"", ""319"", ""319"", ""319"", ""319"", ""319"", ""319"", ""CAMINATA""]",5.0,Av. Colinas del Cimatario/Cerro del Peñón,20.564948715003,-100.36988816813
2612,36.633942450370625,341,C51,2,16,3,Con transbordo,341 → 234 → 338,C51 → L117 → C48,Calle Antonio Carranza/Blvd. de Las Américas → Blvd. de Las Américas/Carlos Esquerro,"[""2612"", ""2613"", ""3327"", ""2614"", ""2615"", ""2418"", ""2419"", ""5180"", ""2672"", ""2201"", ""4241"", ""2310"", ""2311"", ""2312"", ""2313"", ""ESTACION_CORREGIDORA_SUR""]","[""341"", ""341"", ""341"", ""341"", ""234"", ""338"", ""338"", ""338"", ""338"", ""338"", ""338"", ""338"", ""338"", ""338"", ""CAMINATA""]",5.0,Calle 37/Av. 26,20.56352174,-100.3937214
3781,36.64766393469594,99,T01,1,23,2,Con transbordo,99 → 325,T01 → C34,Bicentenario,"[""3781"", ""4445"", ""1449"", ""3485"", ""1450"", ""1475"", ""1476"", ""1472"", ""1471"", ""1470"", ""1469"", ""1439"", ""1438"", ""2537"", ""1920"", ""1921"", ""4241"", ""2310"", ""2311"", ""2312"", ""2313"", ""2681"", ""ESTACION_CORREGIDORA_SUR""]","[""99"", ""99"", ""99"", ""99"", ""99"", ""99"", ""325"", ""325"", ""325"", ""325"", ""325"", ""325"", ""325"", ""325"", ""325"", ""325"", ""325"", ""325"", ""325"", ""325"", ""325"", ""CAMINATA""]",5.0,Prol. Constituyentes Oriente/ Acceso A Zen House I,20.596001366866,-100.31643316835
3661,36.64766393469594,134,C26,1,30,2,Con transbordo,134 → 325,C26 → C34,Terminal de Autobuses de Querétaro/Paradero,"[""3661"", ""2467"", ""5195"", ""2468"", ""2470"", ""2471"", ""3596"", ""2246"", ""2017"", ""2018"", ""2019"", ""2020"", ""2021"", ""2450"", ""2451"", ""1471"", ""1470"", ""1469"", ""1439"", ""1438"", ""2537"", ""1920"", ""1921"", ""4241"", ""2310"", ""2311"", ""2312"", ""2313"", ""2681"", ""ESTACION_CORREGIDORA_SUR""]","[""134"", ""134"", ""134"", ""134"", ""134"", ""134"", ""134"", ""325"", ""325"", ""325"", ""325"", ""325"", ""325"", ""325"", ""325"", ""325"", ""325"", ""325"", ""325"", ""325"", ""325"", ""325"", ""325"", ""325"", ""325"", ""325"", ""325"", ""325"", ""CAMINATA""]",5.0,Fray Luis de Leon/Congreso del Edo.,20.57249557,-100.3683954
3228,36.73394702923823,331,C40,1,18,2,Con transbordo,331 → 353,C40 → C65,Hacienda Tequisquiapan/Hacienda Jaral de Penas,"[""3228"", ""3229"", ""3230"", ""3231"", ""3232"", ""3233"", ""3234"", ""3235"", ""3236"", ""2602"", ""4253"", ""3237"", ""3222"", ""3223"", ""3726"", ""3224"", ""2314"", ""ESTACION_CORREGIDORA_SUR""]","[""331"", ""331"", ""331"", ""331"", ""353"", ""353"", ""353"", ""353"", ""353"", ""353"", ""353"", ""353"", ""353"", ""353"", ""353"", ""353"", ""CAMINATA""]",5.0,Calle San Germán/Calle Santo Domingo,20.59623455,-100.4287902
1772,36.842280362571564,370,T02,2,20,3,Con transbordo,370 → 90 → 97,T02 → L51 → C22,Tejeda → Constitución de 1917,"[""1772"", ""1773"", ""2197"", ""2198"", ""1308"", ""1309"", ""1304"", ""1305"", ""1306"", ""1432"", ""1433"", ""1434"", ""3297"", ""4241"", ""2310"", ""2311"", ""2312"", ""2313"", ""2314"", ""ESTACION_CORREGIDORA_SUR""]","[""370"", ""370"", ""370"", ""370"", ""370"", ""370"", ""90"", ""90"", ""90"", ""90"", ""90"", ""97"", ""97"", ""97"", ""97"", ""97"", ""97"", ""97"", ""CAMINATA""]",5.0,Prol. Zaragoza/Paseo de Las Plazas,20.569711227768,-100.41517170757
5161,36.867280362571556,371,T03,1,24,2,Con transbordo,371 → 321,T03 → C27,Luis Pasteur/Calle 13,"[""5161"", ""2210"", ""2211"", ""2212"", ""2213"", ""2214"", ""2215"", ""2478"", ""2308"", ""2028"", ""2029"", ""2030"", ""2031"", ""2309"", ""1919"", ""1920"", ""1921"", ""4241"", ""2310"", ""2311"", ""2312"", ""2313"", ""2314"", ""ESTACION_CORREGIDORA_SUR""]","[""371"", ""371"", ""371"", ""321"", ""321"", ""321"", ""321"", ""321"", ""321"", ""321"", ""321"", ""321"", ""321"", ""321"", ""321"", ""321"", ""321"", ""321"", ""321"", ""321"", ""321"", ""321"", ""CAMINATA""]",5.0,Av. Prol. Luis Pasteur Sur/Calle 4,20.553323077688,-100.38330728471
3680,36.925613695904886,90,L51,3,19,4,Con transbordo,90 → 370 → 90 → 97,L51 → T02 → L51 → C22,Tejeda → Tejeda → Constitución de 1917,"[""3680"", ""3681"", ""1307"", ""1308"", ""1309"", ""1304"", ""1305"", ""1306"", ""1432"", ""1433"", ""1434"", ""3297"", ""4241"", ""2310"", ""2311"", ""2312"", ""2313"", ""2314"", ""ESTACION_CORREGIDORA_SUR""]","[""90"", ""90"", ""90"", ""90"", ""370"", ""90"", ""90"", ""90"", ""90"", ""90"", ""97"", ""97"", ""97"", ""97"", ""97"", ""97"", ""97"", ""CAMINATA""]",5.0,Av. Paseo Constituyentes/Hacienda Escolásticas,20.567096900432,-100.41069310987
2776,36.9506136959049,368,L61,1,34,2,Con transbordo,368 → 319,L61 → C24,Corregidora/Luis M Vega y Monroy,"[""2776"", ""2777"", ""2539"", ""5101"", ""2540"", ""5184"", ""3601"", ""2541"", ""2542"", ""2543"", ""2544"", ""2545"", ""2546"", ""2303"", ""2304"", ""2305"", ""2306"", ""2307"", ""2308"", ""2028"", ""2029"", ""2030"", ""2031"", ""2309"", ""1919"", ""1920"", ""1921"", ""4241"", ""2310"", ""2311"", ""2312"", ""2313"", ""2314"", ""ESTACION_CORREGIDORA_SUR""]","[""368"", ""368"", ""368"", ""368"", ""368"", ""368"", ""368"", ""368"", ""368"", ""368"", ""368"", ""368"", ""368"", ""368"", ""368"", ""368"", ""368"", ""368"", ""319"", ""319"", ""319"", ""319"", ""319"", ""319"", ""319"", ""319"", ""319"", ""319"", ""319"", ""319"", ""319"", ""319"", ""CAMINATA""]",5.0,Prol. Calle 27/Calle Nogal,20.547376,-100.385258
2486,36.98394702923822,322,C29,2,23,3,Con transbordo,322 → 376 → 319,C29 → T08 → C24,Av. del Parque/Home Depot → Vicente Guerrero,"[""2486"", ""5107"", ""2519"", ""3578"", ""2216"", ""2217"", ""2218"", ""2219"", ""2032"", ""2023"", ""2024"", ""2856"", ""1918"", ""1919"", ""1920"", ""1921"", ""4241"", ""2310"", ""2311"", ""2312"", ""2313"", ""2314"", ""ESTACION_CORREGIDORA_SUR""]","[""322"", ""322"", ""376"", ""376"", ""376"", ""376"", ""376"", ""376"", ""376"", ""376"", ""376"", ""376"", ""376"", ""319"", ""319"", ""319"", ""319"", ""319"", ""319"", ""319"", ""319"", ""CAMINATA""]",5.0,Carlos A. Madrazo/Ricardo Flores Magón,20.558803757589,-100.3802341302
4114,37.1006091170373,373,T05,1,29,2,Con transbordo,373 → 336,T05 → C46,Fernando Díaz Ramírez/José Ugalde Rodríguez,"[""4114"", ""2257"", ""2258"", ""2259"", ""2260"", ""2261"", ""2262"", ""2263"", ""3023"", ""2264"", ""4393"", ""2199"", ""1762"", ""1763"", ""2200"", ""4430"", ""1764"", ""1765"", ""1766"", ""2201"", ""4241"", ""2310"", ""3570"", ""3571"", ""3572"", ""2311"", ""2312"", ""2313"", ""ESTACION_CORREGIDORA_SUR""]","[""373"", ""373"", ""336"", ""336"", ""336"", ""336"", ""336"", ""336"", ""336"", ""336"", ""336"", ""336"", ""336"", ""336"", ""336"", ""336"", ""336"", ""336"", ""336"", ""336"", ""336"", ""336"", ""336"", ""336"", ""336"", ""336"", ""336"", ""CAMINATA""]",5.0,Calle Francisco Alcocer/Pedro Mc. Cormick,20.541231295304,-100.40106540006
2562,37.13394245037063,337,C47,2,15,3,Con transbordo,337 → 234 → 338,C47 → L117 → C48,Calle Antonio Carranza/Blvd. de Las Américas → Blvd. de Las Américas/Carlos Esquerro,"[""2562"", ""2563"", ""2614"", ""2615"", ""2418"", ""2419"", ""5180"", ""2672"", ""2201"", ""4241"", ""2310"", ""2311"", ""2312"", ""2313"", ""ESTACION_CORREGIDORA_SUR""]","[""337"", ""337"", ""337"", ""234"", ""338"", ""338"", ""338"", ""338"", ""338"", ""338"", ""338"", ""338"", ""338"", ""CAMINATA""]",5.0,Calle 33/Av. 26,20.56419289,-100.3927894
1336,37.1506091170373,98,C23,1,20,2,Con transbordo,98 → 338,C23 → C48,Ignacio Zaragoza/Imss,"[""1336"", ""1337"", ""1338"", ""1339"", ""1340"", ""1341"", ""1762"", ""1763"", ""2200"", ""4430"", ""1764"", ""1765"", ""1766"", ""2201"", ""4241"", ""2310"", ""2311"", ""2312"", ""2313"", ""ESTACION_CORREGIDORA_SUR""]","[""98"", ""98"", ""98"", ""98"", ""98"", ""98"", ""98"", ""98"", ""98"", ""98"", ""98"", ""98"", ""98"", ""338"", ""338"", ""338"", ""338"", ""338"", ""CAMINATA""]",5.0,Calle Norberto Aguirre/5 de Mayo,20.554034627402,-100.43393371425
2036,37.16433060136262,337,C47,1,30,2,Con transbordo,337 → 325,C47 → C34,Av. Luis Vega Monrroy/Prol. del Cimatario,"[""2036"", ""2971"", ""2972"", ""2037"", ""2245"", ""2038"", ""2039"", ""2246"", ""2017"", ""2018"", ""2019"", ""2020"", ""2021"", ""2450"", ""2451"", ""1471"", ""1470"", ""1469"", ""1439"", ""1438"", ""2537"", ""1920"", ""1921"", ""4241"", ""2310"", ""2311"", ""2312"", ""2313"", ""2681"", ""ESTACION_CORREGIDORA_SUR""]","[""337"", ""337"", ""337"", ""337"", ""325"", ""325"", ""325"", ""325"", ""325"", ""325"", ""325"", ""325"", ""325"", ""325"", ""325"", ""325"", ""325"", ""325"", ""325"", ""325"", ""325"", ""325"", ""325"", ""325"", ""325"", ""325"", ""325"", ""325"", ""CAMINATA""]",5.0,Avenida Luis Vega Monrroy/Av. Luis Pasteur Sur,20.575713730472,-100.3831101327
2667,37.25060911703731,233,L113,1,24,2,Con transbordo,233 → 338,L113 → C48,Blvd. de Las Américas/Cerro del Fraile,"[""2667"", ""2255"", ""2639"", ""5087"", ""3650"", ""2290"", ""3600"", ""2291"", ""2292"", ""2293"", ""2294"", ""2295"", ""2296"", ""2418"", ""2419"", ""5180"", ""2672"", ""2201"", ""4241"", ""2310"", ""2311"", ""2312"", ""2313"", ""ESTACION_CORREGIDORA_SUR""]","[""233"", ""233"", ""233"", ""233"", ""233"", ""338"", ""338"", ""338"", ""338"", ""338"", ""338"", ""338"", ""338"", ""338"", ""338"", ""338"", ""338"", ""338"", ""338"", ""338"", ""338"", ""338"", ""CAMINATA""]",5.0,Calle Cedro/Calle Sauce,20.53479311,-100.4075482
2355,37.350609117037294,341,C51,2,17,3,Con transbordo,341 → 234 → 338,C51 → L117 → C48,Calle Antonio Carranza/Blvd. de Las Américas → Blvd. de Las Américas/Carlos Esquerro,"[""2355"", ""2612"", ""2613"", ""3327"", ""2614"", ""2615"", ""2418"", ""2419"", ""5180"", ""2672"", ""2201"", ""4241"", ""2310"", ""2311"", ""2312"", ""2313"", ""ESTACION_CORREGIDORA_SUR""]","[""341"", ""341"", ""341"", ""341"", ""341"", ""234"", ""338"", ""338"", ""338"", ""338"", ""338"", ""338"", ""338"", ""338"", ""338"", ""CAMINATA""]",5.0,Calle 24/Calle 37,20.565314,-100.394019
2765,37.383942450370625,356,L108,1,15,2,Con transbordo,356 → 338,L108 → C48,Ignacio Zaragoza/Imss,"[""2765"", ""4096"", ""4097"", ""4098"", ""4099"", ""2616"", ""4100"", ""1766"", ""2201"", ""4241"", ""2310"", ""2311"", ""2312"", ""2313"", ""ESTACION_CORREGIDORA_SUR""]","[""356"", ""356"", ""356"", ""356"", ""356"", ""356"", ""356"", ""356"", ""338"", ""338"", ""338"", ""338"", ""338"", ""CAMINATA""]",5.0,Carr. Tlacote/Santa Elena,20.5898525,-100.4324809
4137,37.4006091170373,341,C51,2,21,3,Con transbordo,341 → 322 → 338,C51 → C29 → C48,Av. Candiles/Plaza Candiles → Blvd. de Las Américas/Río Lerma,"[""4137"", ""2508"", ""2509"", ""4138"", ""2291"", ""2292"", ""2293"", ""2294"", ""2295"", ""2296"", ""2418"", ""2419"", ""5180"", ""2672"", ""2201"", ""4241"", ""2310"", ""2311"", ""2312"", ""2313"", ""ESTACION_CORREGIDORA_SUR""]","[""341"", ""322"", ""322"", ""322"", ""338"", ""338"", ""338"", ""338"", ""338"", ""338"", ""338"", ""338"", ""338"", ""338"", ""338"", ""338"", ""338"", ""338"", ""338"", ""CAMINATA""]",5.0,Av. Camino Real/Av. Candiles,20.547715691161,-100.39888930806
3862,37.49766393469594,99,T01,1,24,2,Con transbordo,99 → 325,T01 → C34,Bicentenario,"[""3862"", ""3781"", ""4445"", ""1449"", ""3485"", ""1450"", ""1475"", ""1476"", ""1472"", ""1471"", ""1470"", ""1469"", ""1439"", ""1438"", ""2537"", ""1920"", ""1921"", ""4241"", ""2310"", ""2311"", ""2312"", ""2313"", ""2681"", ""ESTACION_CORREGIDORA_SUR""]","[""99"", ""99"", ""99"", ""99"", ""99"", ""99"", ""99"", ""325"", ""325"", ""325"", ""325"", ""325"", ""325"", ""325"", ""325"", ""325"", ""325"", ""325"", ""325"", ""325"", ""325"", ""325"", ""CAMINATA""]",5.0,Prol. Constituyentes Oriente/Cumbres del Marqués,20.59688231245,-100.31291569973
3809,37.53099726802929,352,C64,1,25,2,Con transbordo,352 → 325,C64 → C34,Alameda,"[""3809"", ""3810"", ""3811"", ""3812"", ""4404"", ""3813"", ""5104"", ""1475"", ""1476"", ""1472"", ""1471"", ""1470"", ""1469"", ""1439"", ""1438"", ""2537"", ""1920"", ""1921"", ""4241"", ""2310"", ""2311"", ""2312"", ""2313"", ""2681"", ""ESTACION_CORREGIDORA_SUR""]","[""352"", ""352"", ""352"", ""352"", ""352"", ""352"", ""352"", ""352"", ""352"", ""352"", ""352"", ""352"", ""352"", ""325"", ""325"", ""325"", ""325"", ""325"", ""325"", ""325"", ""325"", ""325"", ""325"", ""CAMINATA""]",5.0,Carr. Federal No. 57/Tum,20.569999518667,-100.30356776331
1292,37.54228036257155,97,C22,2,27,3,Con transbordo,97 → 90 → 97,C22 → L51 → C22,Santa Bárbara → Constitución de 1917,"[""1292"", ""1293"", ""1294"", ""1295"", ""1296"", ""1297"", ""1298"", ""1299"", ""1300"", ""1301"", ""1302"", ""1761"", ""1303"", ""1304"", ""1305"", ""1306"", ""1432"", ""1433"", ""1434"", ""3297"", ""4241"", ""2310"", ""2311"", ""2312"", ""2313"", ""2314"", ""ESTACION_CORREGIDORA_SUR""]","[""97"", ""97"", ""97"", ""97"", ""97"", ""97"", ""97"", ""97"", ""90"", ""90"", ""90"", ""90"", ""90"", ""90"", ""90"", ""90"", ""90"", ""90"", ""97"", ""97"", ""97"", ""97"", ""97"", ""97"", ""97"", ""CAMINATA""]",5.0,Miguel Hidalgo/Juventud,20.546537503437,-100.43999051165
3617,37.54228036257157,370,T02,2,21,3,Con transbordo,370 → 90 → 97,T02 → L51 → C22,Tejeda → Constitución de 1917,"[""3617"", ""1772"", ""1773"", ""2197"", ""2198"", ""1308"", ""1309"", ""1304"", ""1305"", ""1306"", ""1432"", ""1433"", ""1434"", ""3297"", ""4241"", ""2310"", ""2311"", ""2312"", ""2313"", ""2314"", ""ESTACION_CORREGIDORA_SUR""]","[""370"", ""370"", ""370"", ""370"", ""370"", ""370"", ""370"", ""90"", ""90"", ""90"", ""90"", ""90"", ""97"", ""97"", ""97"", ""97"", ""97"", ""97"", ""97"", ""CAMINATA""]",5.0,Hacienda Escolásticas/Prol. Av. Zaragoza,20.57166576,-100.4154308
2364,37.550609117037304,233,L113,2,22,3,Con transbordo,233 → 326 → 338,L113 → C35 → C48,Blvd. de Las Américas/Calle Cerro del Zamorano → Blvd. de Las Américas/Cerro del Fraile,"[""2364"", ""2365"", ""4129"", ""2290"", ""3600"", ""2291"", ""2292"", ""2293"", ""2294"", ""2295"", ""2296"", ""2418"", ""2419"", ""5180"", ""2672"", ""2201"", ""4241"", ""2310"", ""2311"", ""2312"", ""2313"", ""ESTACION_CORREGIDORA_SUR""]","[""233"", ""326"", ""326"", ""338"", ""338"", ""338"", ""338"", ""338"", ""338"", ""338"", ""338"", ""338"", ""338"", ""338"", ""338"", ""338"", ""338"", ""338"", ""338"", ""338"", ""CAMINATA""]",5.0,Blvd. de Las Américas/Río Mayo,20.54865982,-100.3923866
2671,37.56433060136262,337,C47,1,31,2,Con transbordo,337 → 325,C47 → C34,Av. Luis Vega Monrroy/Prol. del Cimatario,"[""2671"", ""2036"", ""2971"", ""2972"", ""2037"", ""2245"", ""2038"", ""2039"", ""2246"", ""2017"", ""2018"", ""2019"", ""2020"", ""2021"", ""2450"", ""2451"", ""1471"", ""1470"", ""1469"", ""1439"", ""1438"", ""2537"", ""1920"", ""1921"", ""4241"", ""2310"", ""2311"", ""2312"", ""2313"", ""2681"", ""ESTACION_CORREGIDORA_SUR""]","[""337"", ""337"", ""337"", ""337"", ""337"", ""325"", ""325"", ""325"", ""325"", ""325"", ""325"", ""325"", ""325"", ""325"", ""325"", ""325"", ""325"", ""325"", ""325"", ""325"", ""325"", ""325"", ""325"", ""325"", ""325"", ""325"", ""325"", ""325"", ""325"", ""CAMINATA""]",5.0,Av. Luis Vega Monrroy/Prol. Corregidora Sur,20.57550716,-100.384206
3227,37.63394702923823,331,C40,1,19,2,Con transbordo,331 → 353,C40 → C65,Hacienda Tequisquiapan/Hacienda Jaral de Penas,"[""3227"", ""3228"", ""3229"", ""3230"", ""3231"", ""3232"", ""3233"", ""3234"", ""3235"", ""3236"", ""2602"", ""4253"", ""3237"", ""3222"", ""3223"", ""3726"", ""3224"", ""2314"", ""ESTACION_CORREGIDORA_SUR""]","[""331"", ""331"", ""331"", ""331"", ""331"", ""353"", ""353"", ""353"", ""353"", ""353"", ""353"", ""353"", ""353"", ""353"", ""353"", ""353"", ""353"", ""CAMINATA""]",5.0,Calle Santo Domingo/Calle Real,20.59502545,-100.4277827
1400,37.642280362571555,255,T11,2,24,3,Con transbordo,255 → 90 → 97,T11 → L51 → C22,Santa Bárbara → Constitución de 1917,"[""1400"", ""1401"", ""1370"", ""2190"", ""3301"", ""1300"", ""1301"", ""1302"", ""1761"", ""1303"", ""1304"", ""1305"", ""1306"", ""1432"", ""1433"", ""1434"", ""3297"", ""4241"", ""2310"", ""2311"", ""2312"", ""2313"", ""2314"", ""ESTACION_CORREGIDORA_SUR""]","[""255"", ""255"", ""255"", ""255"", ""255"", ""90"", ""90"", ""90"", ""90"", ""90"", ""90"", ""90"", ""90"", ""90"", ""90"", ""97"", ""97"", ""97"", ""97"", ""97"", ""97"", ""97"", ""CAMINATA""]",5.0,Pirámides,20.53445833,-100.4513417
2485,37.66728036257155,322,C29,2,24,3,Con transbordo,322 → 376 → 319,C29 → T08 → C24,Av. del Parque/Home Depot → Vicente Guerrero,"[""2485"", ""2486"", ""5107"", ""2519"", ""3578"", ""2216"", ""2217"", ""2218"", ""2219"", ""2032"", ""2023"", ""2024"", ""2856"", ""1918"", ""1919"", ""1920"", ""1921"", ""4241"", ""2310"", ""2311"", ""2312"", ""2313"", ""2314"", ""ESTACION_CORREGIDORA_SUR""]","[""322"", ""322"", ""322"", ""376"", ""376"", ""376"", ""376"", ""376"", ""376"", ""376"", ""376"", ""376"", ""376"", ""376"", ""319"", ""319"", ""319"", ""319"", ""319"", ""319"", ""319"", ""319"", ""CAMINATA""]",5.0,Carlos A. Madrazo/Emilio Portes Gil,20.557556320014,-100.38180397705
4150,37.7006091170373,322,C29,1,26,2,Con transbordo,322 → 338,C29 → C48,Blvd. de Las Américas/Río Lerma,"[""4150"", ""3022"", ""5223"", ""4116"", ""2506"", ""2507"", ""2508"", ""2509"", ""4138"", ""2291"", ""2292"", ""2293"", ""2294"", ""2295"", ""2296"", ""2418"", ""2419"", ""5180"", ""2672"", ""2201"", ""4241"", ""2310"", ""2311"", ""2312"", ""2313"", ""ESTACION_CORREGIDORA_SUR""]","[""322"", ""322"", ""322"", ""322"", ""322"", ""322"", ""322"", ""322"", ""322"", ""338"", ""338"", ""338"", ""338"", ""338"", ""338"", ""338"", ""338"", ""338"", ""338"", ""338"", ""338"", ""338"", ""338"", ""338"", ""CAMINATA""]",5.0,de Las Flores/Bosques de Sauce,20.53439575,-100.3924194
3575,37.74766393469594,138,C30,2,24,3,Con transbordo,138 → 98 → 325,C30 → C23 → C34,Circ. Moisés Solana/Manuel Payno (Juzgados) → Alameda,"[""3575"", ""2520"", ""2409"", ""2410"", ""2411"", ""2412"", ""2218"", ""2219"", ""2032"", ""2023"", ""2024"", ""2856"", ""1439"", ""1438"", ""2537"", ""1920"", ""1921"", ""4241"", ""2310"", ""2311"", ""2312"", ""2313"", ""2681"", ""ESTACION_CORREGIDORA_SUR""]","[""138"", ""138"", ""138"", ""98"", ""98"", ""98"", ""98"", ""98"", ""98"", ""98"", ""98"", ""98"", ""325"", ""325"", ""325"", ""325"", ""325"", ""325"", ""325"", ""325"", ""325"", ""325"", ""CAMINATA""]",5.0,Av. del Parque/Piedras Negras,20.5680894,-100.3802589
2462,37.817280362571566,98,C23,2,24,3,Con transbordo,98 → 376 → 319,C23 → T08 → C24,Blvd. Centro Sur/Av. del Parque → Vicente Guerrero,"[""2462"", ""2463"", ""2518"", ""2519"", ""3578"", ""2216"", ""2217"", ""2218"", ""2219"", ""2032"", ""2023"", ""2024"", ""2856"", ""1918"", ""1919"", ""1920"", ""1921"", ""4241"", ""2310"", ""2311"", ""2312"", ""2313"", ""2314"", ""ESTACION_CORREGIDORA_SUR""]","[""98"", ""98"", ""376"", ""376"", ""376"", ""376"", ""376"", ""376"", ""376"", ""376"", ""376"", ""376"", ""376"", ""376"", ""319"", ""319"", ""319"", ""319"", ""319"", ""319"", ""319"", ""319"", ""CAMINATA""]",5.0,Av. Colinas del Cimatario/Cerro Libertad,20.56763880944,-100.37083491082
2209,37.867280362571556,371,T03,1,25,2,Con transbordo,371 → 321,T03 → C27,Luis Pasteur/Calle 13,"[""2209"", ""5161"", ""2210"", ""2211"", ""2212"", ""2213"", ""2214"", ""2215"", ""2478"", ""2308"", ""2028"", ""2029"", ""2030"", ""2031"", ""2309"", ""1919"", ""1920"", ""1921"", ""4241"", ""2310"", ""2311"", ""2312"", ""2313"", ""2314"", ""ESTACION_CORREGIDORA_SUR""]","[""371"", ""371"", ""371"", ""371"", ""321"", ""321"", ""321"", ""321"", ""321"", ""321"", ""321"", ""321"", ""321"", ""321"", ""321"", ""321"", ""321"", ""321"", ""321"", ""321"", ""321"", ""321"", ""321"", ""CAMINATA""]",5.0,Prol. Pasteur/Calle Espacio,20.551144218614,-100.38336905808
4147,37.93394702923822,322,C29,1,25,2,Con transbordo,322 → 321,C29 → C27,Circ. Lázaro Cárdenas/Prol. Pasteur Sur,"[""4147"", ""2496"", ""2497"", ""2477"", ""2212"", ""2213"", ""2214"", ""2215"", ""2478"", ""2308"", ""2028"", ""2029"", ""2030"", ""2031"", ""2309"", ""1919"", ""1920"", ""1921"", ""4241"", ""2310"", ""2311"", ""2312"", ""2313"", ""2314"", ""ESTACION_CORREGIDORA_SUR""]","[""322"", ""322"", ""322"", ""321"", ""321"", ""321"", ""321"", ""321"", ""321"", ""321"", ""321"", ""321"", ""321"", ""321"", ""321"", ""321"", ""321"", ""321"", ""321"", ""321"", ""321"", ""321"", ""321"", ""CAMINATA""]",5.0,Circuito Lázaro Cárdenas/Treviño,20.56060569,-100.3751404
4142,38.04228036257155,97,C22,2,28,3,Con transbordo,97 → 90 → 97,C22 → L51 → C22,Santa Bárbara → Constitución de 1917,"[""4142"", ""1292"", ""1293"", ""1294"", ""1295"", ""1296"", ""1297"", ""1298"", ""1299"", ""1300"", ""1301"", ""1302"", ""1761"", ""1303"", ""1304"", ""1305"", ""1306"", ""1432"", ""1433"", ""1434"", ""3297"", ""4241"", ""2310"", ""2311"", ""2312"", ""2313"", ""2314"", ""ESTACION_CORREGIDORA_SUR""]","[""97"", ""97"", ""97"", ""97"", ""97"", ""97"", ""97"", ""97"", ""97"", ""90"", ""90"", ""90"", ""90"", ""90"", ""90"", ""90"", ""90"", ""90"", ""90"", ""97"", ""97"", ""97"", ""97"", ""97"", ""97"", ""97"", ""CAMINATA""]",5.0,Miguel Hidalgo/Número 74,20.54796904,-100.4400292
4149,38.083942450370635,322,C29,1,27,2,Con transbordo,322 → 338,C29 → C48,Blvd. de Las Américas/Río Lerma,"[""4149"", ""4150"", ""3022"", ""5223"", ""4116"", ""2506"", ""2507"", ""2508"", ""2509"", ""4138"", ""2291"", ""2292"", ""2293"", ""2294"", ""2295"", ""2296"", ""2418"", ""2419"", ""5180"", ""2672"", ""2201"", ""4241"", ""2310"", ""2311"", ""2312"", ""2313"", ""ESTACION_CORREGIDORA_SUR""]","[""322"", ""322"", ""322"", ""322"", ""322"", ""322"", ""322"", ""322"", ""322"", ""322"", ""338"", ""338"", ""338"", ""338"", ""338"", ""338"", ""338"", ""338"", ""338"", ""338"", ""338"", ""338"", ""338"", ""338"", ""338"", ""CAMINATA""]",5.0,Bosques de Castañon/A El Paraíso,20.53332122,-100.3923976
2466,38.097663934695944,134,C26,1,31,2,Con transbordo,134 → 325,C26 → C34,Terminal de Autobuses de Querétaro/Paradero,"[""2466"", ""3661"", ""2467"", ""5195"", ""2468"", ""2470"", ""2471"", ""3596"", ""2246"", ""2017"", ""2018"", ""2019"", ""2020"", ""2021"", ""2450"", ""2451"", ""1471"", ""1470"", ""1469"", ""1439"", ""1438"", ""2537"", ""1920"", ""1921"", ""4241"", ""2310"", ""2311"", ""2312"", ""2313"", ""2681"", ""ESTACION_CORREGIDORA_SUR""]","[""134"", ""134"", ""134"", ""134"", ""134"", ""134"", ""134"", ""134"", ""325"", ""325"", ""325"", ""325"", ""325"", ""325"", ""325"", ""325"", ""325"", ""325"", ""325"", ""325"", ""325"", ""325"", ""325"", ""325"", ""325"", ""325"", ""325"", ""325"", ""325"", ""CAMINATA""]",5.0,Fray Luis de Leon/Plaza Centro Sur,20.568196655559,-100.36692240669
5079,38.2506091170373,335,C44,2,18,3,Con transbordo,335 → 337 → 338,C44 → C47 → C48,Calle Antonio Acona/Calle Antonio Carranza → Blvd. de Las Américas/Calle Antonio Rivera de la Torre,"[""5079"", ""2636"", ""2668"", ""2669"", ""2294"", ""2295"", ""2296"", ""2418"", ""2419"", ""5180"", ""2672"", ""2201"", ""4241"", ""2310"", ""2311"", ""2312"", ""2313"", ""ESTACION_CORREGIDORA_SUR""]","[""335"", ""337"", ""337"", ""337"", ""338"", ""338"", ""338"", ""338"", ""338"", ""338"", ""338"", ""338"", ""338"", ""338"", ""338"", ""338"", ""CAMINATA""]",5.0,Av. Chabacano/Av. Candiles,20.551220036995,-100.40946410939
2240,38.267280362571555,322,C29,2,26,3,Con transbordo,322 → 376 → 319,C29 → T08 → C24,Av. del Parque/Home Depot → Vicente Guerrero,"[""2240"", ""2211"", ""2485"", ""2486"", ""5107"", ""2519"", ""3578"", ""2216"", ""2217"", ""2218"", ""2219"", ""2032"", ""2023"", ""2024"", ""2856"", ""1918"", ""1919"", ""1920"", ""1921"", ""4241"", ""2310"", ""2311"", ""2312"", ""2313"", ""2314"", ""ESTACION_CORREGIDORA_SUR""]","[""322"", ""322"", ""322"", ""322"", ""322"", ""376"", ""376"", ""376"", ""376"", ""376"", ""376"", ""376"", ""376"", ""376"", ""376"", ""376"", ""319"", ""319"", ""319"", ""319"", ""319"", ""319"", ""319"", ""319"", ""CAMINATA""]",5.0,Luis Pasteur Sur/Tenoch,20.558180481018,-100.38346259651
3616,38.2756136959049,370,T02,2,22,3,Con transbordo,370 → 90 → 97,T02 → L51 → C22,Tejeda → Constitución de 1917,"[""3616"", ""3617"", ""1772"", ""1773"", ""2197"", ""2198"", ""1308"", ""1309"", ""1304"", ""1305"", ""1306"", ""1432"", ""1433"", ""1434"", ""3297"", ""4241"", ""2310"", ""2311"", ""2312"", ""2313"", ""2314"", ""ESTACION_CORREGIDORA_SUR""]","[""370"", ""370"", ""370"", ""370"", ""370"", ""370"", ""370"", ""370"", ""90"", ""90"", ""90"", ""90"", ""90"", ""97"", ""97"", ""97"", ""97"", ""97"", ""97"", ""97"", ""CAMINATA""]",5.0,Hacienda Escolásticas/Hacienda Vegil,20.57293696,-100.4171662
2363,38.367275783703974,233,L113,2,23,3,Con transbordo,233 → 326 → 338,L113 → C35 → C48,Blvd. de Las Américas/Calle Cerro del Zamorano → Blvd. de Las Américas/Cerro del Fraile,"[""2363"", ""2364"", ""2365"", ""4129"", ""2290"", ""3600"", ""2291"", ""2292"", ""2293"", ""2294"", ""2295"", ""2296"", ""2418"", ""2419"", ""5180"", ""2672"", ""2201"", ""4241"", ""2310"", ""2311"", ""2312"", ""2313"", ""ESTACION_CORREGIDORA_SUR""]","[""233"", ""233"", ""326"", ""326"", ""338"", ""338"", ""338"", ""338"", ""338"", ""338"", ""338"", ""338"", ""338"", ""338"", ""338"", ""338"", ""338"", ""338"", ""338"", ""338"", ""338"", ""CAMINATA""]",5.0,Blvd. de Las Américas/Río Balsas,20.55088622,-100.3935428
2502,38.383942450370625,341,C51,2,18,3,Con transbordo,341 → 234 → 338,C51 → L117 → C48,Calle Antonio Carranza/Blvd. de Las Américas → Blvd. de Las Américas/Carlos Esquerro,"[""2502"", ""2355"", ""2612"", ""2613"", ""3327"", ""2614"", ""2615"", ""2418"", ""2419"", ""5180"", ""2672"", ""2201"", ""4241"", ""2310"", ""2311"", ""2312"", ""2313"", ""ESTACION_CORREGIDORA_SUR""]","[""341"", ""341"", ""341"", ""341"", ""341"", ""341"", ""234"", ""338"", ""338"", ""338"", ""338"", ""338"", ""338"", ""338"", ""338"", ""338"", ""CAMINATA""]",5.0,Calle 24/Calle 27,20.566134,-100.391377
3574,38.39766393469594,138,C30,2,25,3,Con transbordo,138 → 98 → 325,C30 → C23 → C34,Circ. Moisés Solana/Manuel Payno (Juzgados) → Alameda,"[""3574"", ""3575"", ""2520"", ""2409"", ""2410"", ""2411"", ""2412"", ""2218"", ""2219"", ""2032"", ""2023"", ""2024"", ""2856"", ""1439"", ""1438"", ""2537"", ""1920"", ""1921"", ""4241"", ""2310"", ""2311"", ""2312"", ""2313"", ""2681"", ""ESTACION_CORREGIDORA_SUR""]","[""138"", ""138"", ""138"", ""138"", ""98"", ""98"", ""98"", ""98"", ""98"", ""98"", ""98"", ""98"", ""98"", ""325"", ""325"", ""325"", ""325"", ""325"", ""325"", ""325"", ""325"", ""325"", ""325"", ""CAMINATA""]",5.0,Av. del Parque/Calle la Laguna,20.56925076,-100.381326
4130,38.39766393469594,98,C23,2,25,3,Con transbordo,98 → 134 → 325,C23 → C26 → C34,Av. Colinas del Cimatario/Cerro del Peñón → Avenida Cimatario/Mega Comercial,"[""4130"", ""2490"", ""2448"", ""2449"", ""2404"", ""2405"", ""2020"", ""2021"", ""2450"", ""2451"", ""1471"", ""1470"", ""1469"", ""1439"", ""1438"", ""2537"", ""1920"", ""1921"", ""4241"", ""2310"", ""2311"", ""2312"", ""2313"", ""2681"", ""ESTACION_CORREGIDORA_SUR""]","[""98"", ""98"", ""134"", ""134"", ""134"", ""134"", ""325"", ""325"", ""325"", ""325"", ""325"", ""325"", ""325"", ""325"", ""325"", ""325"", ""325"", ""325"", ""325"", ""325"", ""325"", ""325"", ""325"", ""CAMINATA""]",5.0,Av. del Parque/Torrecillas,20.563242496211,-100.37591769195
2495,38.40061369590489,322,C29,1,26,2,Con transbordo,322 → 321,C29 → C27,Circ. Lázaro Cárdenas/Prol. Pasteur Sur,"[""2495"", ""4147"", ""2496"", ""2497"", ""2477"", ""2212"", ""2213"", ""2214"", ""2215"", ""2478"", ""2308"", ""2028"", ""2029"", ""2030"", ""2031"", ""2309"", ""1919"", ""1920"", ""1921"", ""4241"", ""2310"", ""2311"", ""2312"", ""2313"", ""2314"", ""ESTACION_CORREGIDORA_SUR""]","[""322"", ""322"", ""322"", ""322"", ""321"", ""321"", ""321"", ""321"", ""321"", ""321"", ""321"", ""321"", ""321"", ""321"", ""321"", ""321"", ""321"", ""321"", ""321"", ""321"", ""321"", ""321"", ""321"", ""321"", ""CAMINATA""]",5.0,Av. del Parque/Cto. Lázaro Cárdenas,20.561133514145,-100.3740671099
3808,38.43099726802929,352,C64,1,26,2,Con transbordo,352 → 325,C64 → C34,Alameda,"[""3808"", ""3809"", ""3810"", ""3811"", ""3812"", ""4404"", ""3813"", ""5104"", ""1475"", ""1476"", ""1472"", ""1471"", ""1470"", ""1469"", ""1439"", ""1438"", ""2537"", ""1920"", ""1921"", ""4241"", ""2310"", ""2311"", ""2312"", ""2313"", ""2681"", ""ESTACION_CORREGIDORA_SUR""]","[""352"", ""352"", ""352"", ""352"", ""352"", ""352"", ""352"", ""352"", ""352"", ""352"", ""352"", ""352"", ""352"", ""352"", ""325"", ""325"", ""325"", ""325"", ""325"", ""325"", ""325"", ""325"", ""325"", ""325"", ""CAMINATA""]",5.0,Parque Industrial la Noria/Transpormex,20.570313300453,-100.29884524174
5106,38.56433060136262,134,C26,2,24,3,Con transbordo,134 → 396 → 325,C26 → T16 → C34,Blvd. Centro Sur/Marqués de la Villa del Villar del Águila → Alameda,"[""5106"", ""3344"", ""2442"", ""2471"", ""3596"", ""1473"", ""1474"", ""1476"", ""1472"", ""1471"", ""1470"", ""1469"", ""1439"", ""1438"", ""2537"", ""1920"", ""1921"", ""4241"", ""2310"", ""2311"", ""2312"", ""2313"", ""2681"", ""ESTACION_CORREGIDORA_SUR""]","[""134"", ""396"", ""396"", ""396"", ""396"", ""396"", ""396"", ""396"", ""396"", ""396"", ""396"", ""396"", ""325"", ""325"", ""325"", ""325"", ""325"", ""325"", ""325"", ""325"", ""325"", ""325"", ""CAMINATA""]",5.0,Av. Fray Luis de León/Salón de Eventos Bleu,20.568547972671,-100.36737225363
1335,38.6506091170373,98,C23,1,21,2,Con transbordo,98 → 338,C23 → C48,Ignacio Zaragoza/Imss,"[""1335"", ""1336"", ""1337"", ""1338"", ""1339"", ""1340"", ""1341"", ""1762"", ""1763"", ""2200"", ""4430"", ""1764"", ""1765"", ""1766"", ""2201"", ""4241"", ""2310"", ""2311"", ""2312"", ""2313"", ""ESTACION_CORREGIDORA_SUR""]","[""98"", ""98"", ""98"", ""98"", ""98"", ""98"", ""98"", ""98"", ""98"", ""98"", ""98"", ""98"", ""98"", ""98"", ""338"", ""338"", ""338"", ""338"", ""338"", ""CAMINATA""]",5.0,Calle Norberto Aguirre/Vicente Guerrero,20.553941490065,-100.4378798105
2678,38.667275783703964,341,C51,2,22,3,Con transbordo,341 → 322 → 338,C51 → C29 → C48,Av. Candiles/Plaza Candiles → Blvd. de Las Américas/Río Lerma,"[""2678"", ""4137"", ""2508"", ""2509"", ""4138"", ""2291"", ""2292"", ""2293"", ""2294"", ""2295"", ""2296"", ""2418"", ""2419"", ""5180"", ""2672"", ""2201"", ""4241"", ""2310"", ""2311"", ""2312"", ""2313"", ""ESTACION_CORREGIDORA_SUR""]","[""341"", ""341"", ""322"", ""322"", ""322"", ""338"", ""338"", ""338"", ""338"", ""338"", ""338"", ""338"", ""338"", ""338"", ""338"", ""338"", ""338"", ""338"", ""338"", ""338"", ""CAMINATA""]",5.0,Av. Cumbres/Av. Camino Real,20.55090219,-100.3983596
5069,38.70061369590489,335,C44,1,31,2,Con transbordo,335 → 321,C44 → C27,Prol. Luis Pasteur/Av. 26,"[""5069"", ""2297"", ""2298"", ""2510"", ""2511"", ""2512"", ""2513"", ""2514"", ""2515"", ""2516"", ""3686"", ""2517"", ""2214"", ""2215"", ""2478"", ""2308"", ""2028"", ""2029"", ""2030"", ""2031"", ""2309"", ""1919"", ""1920"", ""1921"", ""4241"", ""2310"", ""2311"", ""2312"", ""2313"", ""2314"", ""ESTACION_CORREGIDORA_SUR""]","[""335"", ""335"", ""335"", ""335"", ""335"", ""335"", ""335"", ""335"", ""335"", ""335"", ""335"", ""335"", ""321"", ""321"", ""321"", ""321"", ""321"", ""321"", ""321"", ""321"", ""321"", ""321"", ""321"", ""321"", ""321"", ""321"", ""321"", ""321"", ""321"", ""CAMINATA""]",5.0,Enrique Rodiles/Blvd. de Las Américas,20.560983835958,-100.39885007372
4148,38.71727578370397,322,C29,1,28,2,Con transbordo,322 → 338,C29 → C48,Blvd. de Las Américas/Río Lerma,"[""4148"", ""4149"", ""4150"", ""3022"", ""5223"", ""4116"", ""2506"", ""2507"", ""2508"", ""2509"", ""4138"", ""2291"", ""2292"", ""2293"", ""2294"", ""2295"", ""2296"", ""2418"", ""2419"", ""5180"", ""2672"", ""2201"", ""4241"", ""2310"", ""2311"", ""2312"", ""2313"", ""ESTACION_CORREGIDORA_SUR""]","[""322"", ""322"", ""322"", ""322"", ""322"", ""322"", ""322"", ""322"", ""322"", ""322"", ""322"", ""338"", ""338"", ""338"", ""338"", ""338"", ""338"", ""338"", ""338"", ""338"", ""338"", ""338"", ""338"", ""338"", ""338"", ""338"", ""CAMINATA""]",5.0,Bosques de Castañon/Bosques de Sauce,20.53431254,-100.39401
2354,38.75060911703729,332,C41,2,18,3,Con transbordo,332 → 234 → 338,C41 → L117 → C48,Calle Antonio Carranza/Blvd. de Las Américas → Blvd. de Las Américas/Carlos Esquerro,"[""2354"", ""2355"", ""2612"", ""2613"", ""3327"", ""2614"", ""2615"", ""2418"", ""2419"", ""5180"", ""2672"", ""2201"", ""4241"", ""2310"", ""2311"", ""2312"", ""2313"", ""ESTACION_CORREGIDORA_SUR""]","[""332"", ""332"", ""332"", ""332"", ""332"", ""332"", ""234"", ""338"", ""338"", ""338"", ""338"", ""338"", ""338"", ""338"", ""338"", ""338"", ""CAMINATA""]",5.0,Calle 27/Calle 24,20.56610929,-100.3916847
1351,38.83394702923822,97,C22,2,29,3,Con transbordo,97 → 90 → 97,C22 → L51 → C22,Santa Bárbara → Constitución de 1917,"[""1351"", ""4142"", ""1292"", ""1293"", ""1294"", ""1295"", ""1296"", ""1297"", ""1298"", ""1299"", ""1300"", ""1301"", ""1302"", ""1761"", ""1303"", ""1304"", ""1305"", ""1306"", ""1432"", ""1433"", ""1434"", ""3297"", ""4241"", ""2310"", ""2311"", ""2312"", ""2313"", ""2314"", ""ESTACION_CORREGIDORA_SUR""]","[""97"", ""97"", ""97"", ""97"", ""97"", ""97"", ""97"", ""97"", ""97"", ""97"", ""90"", ""90"", ""90"", ""90"", ""90"", ""90"", ""90"", ""90"", ""90"", ""90"", ""97"", ""97"", ""97"", ""97"", ""97"", ""97"", ""97"", ""CAMINATA""]",5.0,Miguel Hidalgo/Av. Don Bosco,20.550230167523,-100.43999248518
1457,38.86433060136261,99,T01,1,25,2,Con transbordo,99 → 325,T01 → C34,Bicentenario,"[""1457"", ""3862"", ""3781"", ""4445"", ""1449"", ""3485"", ""1450"", ""1475"", ""1476"", ""1472"", ""1471"", ""1470"", ""1469"", ""1439"", ""1438"", ""2537"", ""1920"", ""1921"", ""4241"", ""2310"", ""2311"", ""2312"", ""2313"", ""2681"", ""ESTACION_CORREGIDORA_SUR""]","[""99"", ""99"", ""99"", ""99"", ""99"", ""99"", ""99"", ""99"", ""325"", ""325"", ""325"", ""325"", ""325"", ""325"", ""325"", ""325"", ""325"", ""325"", ""325"", ""325"", ""325"", ""325"", ""325"", ""CAMINATA""]",5.0,Prol. Constituyentes/Zen Life Ii,20.597054107803,-100.30699326793
2239,38.867280362571556,322,C29,2,27,3,Con transbordo,322 → 376 → 319,C29 → T08 → C24,Av. del Parque/Home Depot → Vicente Guerrero,"[""2239"", ""2240"", ""2211"", ""2485"", ""2486"", ""5107"", ""2519"", ""3578"", ""2216"", ""2217"", ""2218"", ""2219"", ""2032"", ""2023"", ""2024"", ""2856"", ""1918"", ""1919"", ""1920"", ""1921"", ""4241"", ""2310"", ""2311"", ""2312"", ""2313"", ""2314"", ""ESTACION_CORREGIDORA_SUR""]","[""322"", ""322"", ""322"", ""322"", ""322"", ""322"", ""376"", ""376"", ""376"", ""376"", ""376"", ""376"", ""376"", ""376"", ""376"", ""376"", ""376"", ""319"", ""319"", ""319"", ""319"", ""319"", ""319"", ""319"", ""319"", ""CAMINATA""]",5.0,Prol. Luis Pasteur/Cuauhtémoc,20.559871419085,-100.38341157907
2561,38.88394245037063,337,C47,2,16,3,Con transbordo,337 → 234 → 338,C47 → L117 → C48,Calle Antonio Carranza/Blvd. de Las Américas → Blvd. de Las Américas/Carlos Esquerro,"[""2561"", ""2562"", ""2563"", ""2614"", ""2615"", ""2418"", ""2419"", ""5180"", ""2672"", ""2201"", ""4241"", ""2310"", ""2311"", ""2312"", ""2313"", ""ESTACION_CORREGIDORA_SUR""]","[""337"", ""337"", ""337"", ""337"", ""234"", ""338"", ""338"", ""338"", ""338"", ""338"", ""338"", ""338"", ""338"", ""338"", ""CAMINATA""]",5.0,Calle 33/Av. 14,20.56848527,-100.3943037
1291,38.92561369590489,337,C47,2,29,3,Con transbordo,337 → 90 → 97,C47 → L51 → C22,Santa Bárbara → Constitución de 1917,"[""1291"", ""4142"", ""1292"", ""1293"", ""1294"", ""1295"", ""1296"", ""1297"", ""1298"", ""1299"", ""1300"", ""1301"", ""1302"", ""1761"", ""1303"", ""1304"", ""1305"", ""1306"", ""1432"", ""1433"", ""1434"", ""3297"", ""4241"", ""2310"", ""2311"", ""2312"", ""2313"", ""2314"", ""ESTACION_CORREGIDORA_SUR""]","[""337"", ""337"", ""337"", ""337"", ""337"", ""337"", ""337"", ""337"", ""337"", ""337"", ""90"", ""90"", ""90"", ""90"", ""90"", ""90"", ""90"", ""90"", ""90"", ""90"", ""97"", ""97"", ""97"", ""97"", ""97"", ""97"", ""97"", ""CAMINATA""]",5.0,Camino Al Cerrito/Miguel Hidalgo,20.549298005161,-100.44022030747
2666,38.967275783703975,233,L113,1,25,2,Con transbordo,233 → 338,L113 → C48,Blvd. de Las Américas/Cerro del Fraile,"[""2666"", ""2667"", ""2255"", ""2639"", ""5087"", ""3650"", ""2290"", ""3600"", ""2291"", ""2292"", ""2293"", ""2294"", ""2295"", ""2296"", ""2418"", ""2419"", ""5180"", ""2672"", ""2201"", ""4241"", ""2310"", ""2311"", ""2312"", ""2313"", ""ESTACION_CORREGIDORA_SUR""]","[""233"", ""233"", ""233"", ""233"", ""233"", ""233"", ""338"", ""338"", ""338"", ""338"", ""338"", ""338"", ""338"", ""338"", ""338"", ""338"", ""338"", ""338"", ""338"", ""338"", ""338"", ""338"", ""338"", ""CAMINATA""]",5.0,Camino A Los Olvera/Av. Vallendar,20.53428917,-100.4131672
2501,38.98394245037063,341,C51,2,19,3,Con transbordo,341 → 234 → 338,C51 → L117 → C48,Calle Antonio Carranza/Blvd. de Las Américas → Blvd. de Las Américas/Carlos Esquerro,"[""2501"", ""2502"", ""2355"", ""2612"", ""2613"", ""3327"", ""2614"", ""2615"", ""2418"", ""2419"", ""5180"", ""2672"", ""2201"", ""4241"", ""2310"", ""2311"", ""2312"", ""2313"", ""ESTACION_CORREGIDORA_SUR""]","[""341"", ""341"", ""341"", ""341"", ""341"", ""341"", ""341"", ""234"", ""338"", ""338"", ""338"", ""338"", ""338"", ""338"", ""338"", ""338"", ""338"", ""CAMINATA""]",5.0,Av. 22/Calle 21,20.566813,-100.389937
3727,39.04228036257157,370,T02,2,23,3,Con transbordo,370 → 90 → 97,T02 → L51 → C22,Tejeda → Constitución de 1917,"[""3727"", ""3616"", ""3617"", ""1772"", ""1773"", ""2197"", ""2198"", ""1308"", ""1309"", ""1304"", ""1305"", ""1306"", ""1432"", ""1433"", ""1434"", ""3297"", ""4241"", ""2310"", ""2311"", ""2312"", ""2313"", ""2314"", ""ESTACION_CORREGIDORA_SUR""]","[""370"", ""370"", ""370"", ""370"", ""370"", ""370"", ""370"", ""370"", ""370"", ""90"", ""90"", ""90"", ""90"", ""90"", ""97"", ""97"", ""97"", ""97"", ""97"", ""97"", ""97"", ""CAMINATA""]",5.0,José Antonio García Jimeno/Blvd. Dolores del Río,20.573222520952,-100.41945692997
1419,39.17561369590489,95,L56,2,24,3,Con transbordo,95 → 90 → 97,L56 → L51 → C22,Santa Bárbara → Constitución de 1917,"[""1419"", ""1401"", ""1370"", ""2190"", ""3301"", ""1300"", ""1301"", ""1302"", ""1761"", ""1303"", ""1304"", ""1305"", ""1306"", ""1432"", ""1433"", ""1434"", ""3297"", ""4241"", ""2310"", ""2311"", ""2312"", ""2313"", ""2314"", ""ESTACION_CORREGIDORA_SUR""]","[""95"", ""95"", ""95"", ""95"", ""95"", ""90"", ""90"", ""90"", ""90"", ""90"", ""90"", ""90"", ""90"", ""90"", ""90"", ""97"", ""97"", ""97"", ""97"", ""97"", ""97"", ""97"", ""CAMINATA""]",5.0,Av. Pirámides de la Luna/Blvd. Mediterráneo,20.540956974508,-100.45400412728
2601,39.183947029238226,331,C40,1,20,2,Con transbordo,331 → 353,C40 → C65,Hacienda Tequisquiapan/Hacienda Jaral de Penas,"[""2601"", ""3227"", ""3228"", ""3229"", ""3230"", ""3231"", ""3232"", ""3233"", ""3234"", ""3235"", ""3236"", ""2602"", ""4253"", ""3237"", ""3222"", ""3223"", ""3726"", ""3224"", ""2314"", ""ESTACION_CORREGIDORA_SUR""]","[""331"", ""331"", ""331"", ""331"", ""331"", ""331"", ""353"", ""353"", ""353"", ""353"", ""353"", ""353"", ""353"", ""353"", ""353"", ""353"", ""353"", ""353"", ""CAMINATA""]",5.0,Calle Hacienda San Juan/Parque San Antonio del Maurel,20.59452085,-100.4249772
2238,39.23394702923822,322,C29,2,28,3,Con transbordo,322 → 376 → 319,C29 → T08 → C24,Av. del Parque/Home Depot → Vicente Guerrero,"[""2238"", ""2239"", ""2240"", ""2211"", ""2485"", ""2486"", ""5107"", ""2519"", ""3578"", ""2216"", ""2217"", ""2218"", ""2219"", ""2032"", ""2023"", ""2024"", ""2856"", ""1918"", ""1919"", ""1920"", ""1921"", ""4241"", ""2310"", ""2311"", ""2312"", ""2313"", ""2314"", ""ESTACION_CORREGIDORA_SUR""]","[""322"", ""322"", ""322"", ""322"", ""322"", ""322"", ""322"", ""376"", ""376"", ""376"", ""376"", ""376"", ""376"", ""376"", ""376"", ""376"", ""376"", ""376"", ""319"", ""319"", ""319"", ""319"", ""319"", ""319"", ""319"", ""319"", ""CAMINATA""]",5.0,Luis Pasteur Sur/Moctezuma Ilhuicamina,20.560920478146,-100.38337979412
1350,39.24228036257155,97,C22,2,30,3,Con transbordo,97 → 90 → 97,C22 → L51 → C22,Santa Bárbara → Constitución de 1917,"[""1350"", ""1351"", ""4142"", ""1292"", ""1293"", ""1294"", ""1295"", ""1296"", ""1297"", ""1298"", ""1299"", ""1300"", ""1301"", ""1302"", ""1761"", ""1303"", ""1304"", ""1305"", ""1306"", ""1432"", ""1433"", ""1434"", ""3297"", ""4241"", ""2310"", ""2311"", ""2312"", ""2313"", ""2314"", ""ESTACION_CORREGIDORA_SUR""]","[""97"", ""97"", ""97"", ""97"", ""97"", ""97"", ""97"", ""97"", ""97"", ""97"", ""97"", ""90"", ""90"", ""90"", ""90"", ""90"", ""90"", ""90"", ""90"", ""90"", ""90"", ""97"", ""97"", ""97"", ""97"", ""97"", ""97"", ""97"", ""CAMINATA""]",5.0,Miguel Hidalgo/Salvador Sánchez Bárcenas,20.551384250249,-100.44001570092
2362,39.26727578370397,233,L113,2,24,3,Con transbordo,233 → 326 → 338,L113 → C35 → C48,Blvd. de Las Américas/Calle Cerro del Zamorano → Blvd. de Las Américas/Cerro del Fraile,"[""2362"", ""2363"", ""2364"", ""2365"", ""4129"", ""2290"", ""3600"", ""2291"", ""2292"", ""2293"", ""2294"", ""2295"", ""2296"", ""2418"", ""2419"", ""5180"", ""2672"", ""2201"", ""4241"", ""2310"", ""2311"", ""2312"", ""2313"", ""ESTACION_CORREGIDORA_SUR""]","[""233"", ""233"", ""233"", ""326"", ""326"", ""338"", ""338"", ""338"", ""338"", ""338"", ""338"", ""338"", ""338"", ""338"", ""338"", ""338"", ""338"", ""338"", ""338"", ""338"", ""338"", ""338"", ""CAMINATA""]",5.0,Blvd. de Las Américas/Bodega Aurrera,20.553351,-100.3948713
1314,39.30894702923822,255,T11,2,25,3,Con transbordo,255 → 90 → 97,T11 → L51 → C22,Santa Bárbara → Constitución de 1917,"[""1314"", ""1400"", ""1401"", ""1370"", ""2190"", ""3301"", ""1300"", ""1301"", ""1302"", ""1761"", ""1303"", ""1304"", ""1305"", ""1306"", ""1432"", ""1433"", ""1434"", ""3297"", ""4241"", ""2310"", ""2311"", ""2312"", ""2313"", ""2314"", ""ESTACION_CORREGIDORA_SUR""]","[""255"", ""255"", ""255"", ""255"", ""255"", ""255"", ""90"", ""90"", ""90"", ""90"", ""90"", ""90"", ""90"", ""90"", ""90"", ""90"", ""97"", ""97"", ""97"", ""97"", ""97"", ""97"", ""97"", ""CAMINATA""]",5.0,Santa Bárbara,20.532404238038,-100.4441736623
2461,39.33394702923823,98,C23,2,25,3,Con transbordo,98 → 376 → 319,C23 → T08 → C24,Blvd. Centro Sur/Av. del Parque → Vicente Guerrero,"[""2461"", ""2462"", ""2463"", ""2518"", ""2519"", ""3578"", ""2216"", ""2217"", ""2218"", ""2219"", ""2032"", ""2023"", ""2024"", ""2856"", ""1918"", ""1919"", ""1920"", ""1921"", ""4241"", ""2310"", ""2311"", ""2312"", ""2313"", ""2314"", ""ESTACION_CORREGIDORA_SUR""]","[""98"", ""98"", ""98"", ""376"", ""376"", ""376"", ""376"", ""376"", ""376"", ""376"", ""376"", ""376"", ""376"", ""376"", ""376"", ""319"", ""319"", ""319"", ""319"", ""319"", ""319"", ""319"", ""319"", ""CAMINATA""]",5.0,Av. Colinas del Cimatario/Cerro Culiacán,20.570972313548,-100.37200102101
2635,39.36727578370397,335,C44,2,19,3,Con transbordo,335 → 337 → 338,C44 → C47 → C48,Calle Antonio Acona/Calle Antonio Carranza → Blvd. de Las Américas/Calle Antonio Rivera de la Torre,"[""2635"", ""5079"", ""2636"", ""2668"", ""2669"", ""2294"", ""2295"", ""2296"", ""2418"", ""2419"", ""5180"", ""2672"", ""2201"", ""4241"", ""2310"", ""2311"", ""2312"", ""2313"", ""ESTACION_CORREGIDORA_SUR""]","[""335"", ""335"", ""337"", ""337"", ""337"", ""338"", ""338"", ""338"", ""338"", ""338"", ""338"", ""338"", ""338"", ""338"", ""338"", ""338"", ""338"", ""CAMINATA""]",5.0,Av. Chabacano/Arco,20.54936541,-100.4112329
1334,39.43394245037063,98,C23,1,22,2,Con transbordo,98 → 338,C23 → C48,Ignacio Zaragoza/Imss,"[""1334"", ""1335"", ""1336"", ""1337"", ""1338"", ""1339"", ""1340"", ""1341"", ""1762"", ""1763"", ""2200"", ""4430"", ""1764"", ""1765"", ""1766"", ""2201"", ""4241"", ""2310"", ""2311"", ""2312"", ""2313"", ""ESTACION_CORREGIDORA_SUR""]","[""98"", ""98"", ""98"", ""98"", ""98"", ""98"", ""98"", ""98"", ""98"", ""98"", ""98"", ""98"", ""98"", ""98"", ""98"", ""338"", ""338"", ""338"", ""338"", ""338"", ""CAMINATA""]",5.0,16 de Septiembre/Calle Norberto Aguirre,20.553835978848,-100.43992622883
2493,39.44766393469594,98,C23,2,26,3,Con transbordo,98 → 134 → 325,C23 → C26 → C34,Av. Colinas del Cimatario/Cerro del Peñón → Avenida Cimatario/Mega Comercial,"[""2493"", ""4130"", ""2490"", ""2448"", ""2449"", ""2404"", ""2405"", ""2020"", ""2021"", ""2450"", ""2451"", ""1471"", ""1470"", ""1469"", ""1439"", ""1438"", ""2537"", ""1920"", ""1921"", ""4241"", ""2310"", ""2311"", ""2312"", ""2313"", ""2681"", ""ESTACION_CORREGIDORA_SUR""]","[""98"", ""98"", ""98"", ""134"", ""134"", ""134"", ""134"", ""325"", ""325"", ""325"", ""325"", ""325"", ""325"", ""325"", ""325"", ""325"", ""325"", ""325"", ""325"", ""325"", ""325"", ""325"", ""325"", ""325"", ""CAMINATA""]",5.0,Av. del Parque/Las Huertas,20.565202593312,-100.37767991492
4086,39.46433060136262,378,T10,2,22,3,Con transbordo,378 → 396 → 325,T10 → T16 → C34,Bernardo Quintana/Q7001 → Alameda,"[""4086"", ""2471"", ""3596"", ""1473"", ""1474"", ""1476"", ""1472"", ""1471"", ""1470"", ""1469"", ""1439"", ""1438"", ""2537"", ""1920"", ""1921"", ""4241"", ""2310"", ""2311"", ""2312"", ""2313"", ""2681"", ""ESTACION_CORREGIDORA_SUR""]","[""378"", ""396"", ""396"", ""396"", ""396"", ""396"", ""396"", ""396"", ""396"", ""396"", ""325"", ""325"", ""325"", ""325"", ""325"", ""325"", ""325"", ""325"", ""325"", ""325"", ""CAMINATA""]",5.0,Prol. Bernardo Quintana/Blvd. Centro Sur,20.56298543256,-100.35638179292
4115,39.46727578370397,337,C47,2,24,3,Con transbordo,337 → 322 → 338,C47 → C29 → C48,Av. Camino Real/Primaria Bicentenario de la Independencia de México → Blvd. de Las Américas/Río Lerma,"[""4115"", ""4116"", ""2506"", ""2507"", ""2508"", ""2509"", ""4138"", ""2291"", ""2292"", ""2293"", ""2294"", ""2295"", ""2296"", ""2418"", ""2419"", ""5180"", ""2672"", ""2201"", ""4241"", ""2310"", ""2311"", ""2312"", ""2313"", ""ESTACION_CORREGIDORA_SUR""]","[""337"", ""322"", ""322"", ""322"", ""322"", ""322"", ""322"", ""338"", ""338"", ""338"", ""338"", ""338"", ""338"", ""338"", ""338"", ""338"", ""338"", ""338"", ""338"", ""338"", ""338"", ""338"", ""CAMINATA""]",5.0,Calle Francisco Alcocer/Eulogio Marroquín,20.541074459751,-100.40077715212
2441,39.53099726802929,134,C26,2,25,3,Con transbordo,134 → 396 → 325,C26 → T16 → C34,Blvd. Centro Sur/Marqués de la Villa del Villar del Águila → Alameda,"[""2441"", ""5106"", ""3344"", ""2442"", ""2471"", ""3596"", ""1473"", ""1474"", ""1476"", ""1472"", ""1471"", ""1470"", ""1469"", ""1439"", ""1438"", ""2537"", ""1920"", ""1921"", ""4241"", ""2310"", ""2311"", ""2312"", ""2313"", ""2681"", ""ESTACION_CORREGIDORA_SUR""]","[""134"", ""134"", ""396"", ""396"", ""396"", ""396"", ""396"", ""396"", ""396"", ""396"", ""396"", ""396"", ""396"", ""325"", ""325"", ""325"", ""325"", ""325"", ""325"", ""325"", ""325"", ""325"", ""325"", ""CAMINATA""]",5.0,Fray Luis de Leon/Congreso del Edo.,20.571704940876,-100.36848975485
5068,39.53394702923823,335,C44,1,32,2,Con transbordo,335 → 321,C44 → C27,Prol. Luis Pasteur/Av. 26,"[""5068"", ""5069"", ""2297"", ""2298"", ""2510"", ""2511"", ""2512"", ""2513"", ""2514"", ""2515"", ""2516"", ""3686"", ""2517"", ""2214"", ""2215"", ""2478"", ""2308"", ""2028"", ""2029"", ""2030"", ""2031"", ""2309"", ""1919"", ""1920"", ""1921"", ""4241"", ""2310"", ""2311"", ""2312"", ""2313"", ""2314"", ""ESTACION_CORREGIDORA_SUR""]","[""335"", ""335"", ""335"", ""335"", ""335"", ""335"", ""335"", ""335"", ""335"", ""335"", ""335"", ""335"", ""335"", ""321"", ""321"", ""321"", ""321"", ""321"", ""321"", ""321"", ""321"", ""321"", ""321"", ""321"", ""321"", ""321"", ""321"", ""321"", ""321"", ""321"", ""CAMINATA""]",5.0,Heriberto Jara/Salvador Moreno,20.560491912065,-100.40075919519
2560,39.56727578370396,337,C47,2,17,3,Con transbordo,337 → 234 → 338,C47 → L117 → C48,Calle Antonio Carranza/Blvd. de Las Américas → Blvd. de Las Américas/Carlos Esquerro,"[""2560"", ""2561"", ""2562"", ""2563"", ""2614"", ""2615"", ""2418"", ""2419"", ""5180"", ""2672"", ""2201"", ""4241"", ""2310"", ""2311"", ""2312"", ""2313"", ""ESTACION_CORREGIDORA_SUR""]","[""337"", ""337"", ""337"", ""337"", ""337"", ""234"", ""338"", ""338"", ""338"", ""338"", ""338"", ""338"", ""338"", ""338"", ""338"", ""CAMINATA""]",5.0,Calle 33/Av. 10,20.57012582,-100.3948891
2855,39.683947029238226,371,T03,1,26,2,Con transbordo,371 → 321,T03 → C27,Luis Pasteur/Calle 13,"[""2855"", ""2209"", ""5161"", ""2210"", ""2211"", ""2212"", ""2213"", ""2214"", ""2215"", ""2478"", ""2308"", ""2028"", ""2029"", ""2030"", ""2031"", ""2309"", ""1919"", ""1920"", ""1921"", ""4241"", ""2310"", ""2311"", ""2312"", ""2313"", ""2314"", ""ESTACION_CORREGIDORA_SUR""]","[""371"", ""371"", ""371"", ""371"", ""371"", ""321"", ""321"", ""321"", ""321"", ""321"", ""321"", ""321"", ""321"", ""321"", ""321"", ""321"", ""321"", ""321"", ""321"", ""321"", ""321"", ""321"", ""321"", ""321"", ""CAMINATA""]",5.0,Ezequiel Montes Sur/Blvd. de Los Gobernadores,20.54717884,-100.3834753
1331,39.69228036257156,98,C23,3,21,4,Con transbordo,98 → 255 → 90 → 97,C23 → T11 → L51 → C22,Av. Paseo Constituyentes/Prol. Cuauhtémoc → Santa Bárbara → Constitución de 1917,"[""1331"", ""3301"", ""1300"", ""1301"", ""1302"", ""1761"", ""1303"", ""1304"", ""1305"", ""1306"", ""1432"", ""1433"", ""1434"", ""3297"", ""4241"", ""2310"", ""2311"", ""2312"", ""2313"", ""2314"", ""ESTACION_CORREGIDORA_SUR""]","[""98"", ""255"", ""90"", ""90"", ""90"", ""90"", ""90"", ""90"", ""90"", ""90"", ""90"", ""90"", ""97"", ""97"", ""97"", ""97"", ""97"", ""97"", ""97"", ""CAMINATA""]",5.0,Geranios/Camino A la Negreta,20.530147018081,-100.44814738246
3688,39.70894702923823,370,T02,2,24,3,Con transbordo,370 → 90 → 97,T02 → L51 → C22,Tejeda → Constitución de 1917,"[""3688"", ""3727"", ""3616"", ""3617"", ""1772"", ""1773"", ""2197"", ""2198"", ""1308"", ""1309"", ""1304"", ""1305"", ""1306"", ""1432"", ""1433"", ""1434"", ""3297"", ""4241"", ""2310"", ""2311"", ""2312"", ""2313"", ""2314"", ""ESTACION_CORREGIDORA_SUR""]","[""370"", ""370"", ""370"", ""370"", ""370"", ""370"", ""370"", ""370"", ""370"", ""370"", ""90"", ""90"", ""90"", ""90"", ""90"", ""97"", ""97"", ""97"", ""97"", ""97"", ""97"", ""97"", ""CAMINATA""]",5.0,José Antonio García Jimeno/Blvd. Real de Catorce,20.572865830933,-100.42140942295
2764,39.71727578370396,356,L108,1,16,2,Con transbordo,356 → 338,L108 → C48,Ignacio Zaragoza/Imss,"[""2764"", ""2765"", ""4096"", ""4097"", ""4098"", ""4099"", ""2616"", ""4100"", ""1766"", ""2201"", ""4241"", ""2310"", ""2311"", ""2312"", ""2313"", ""ESTACION_CORREGIDORA_SUR""]","[""356"", ""356"", ""356"", ""356"", ""356"", ""356"", ""356"", ""356"", ""356"", ""338"", ""338"", ""338"", ""338"", ""338"", ""CAMINATA""]",5.0,Carr. Tlacote/La Querencia,20.58962812,-100.4362134
4136,39.88394245037063,341,C51,2,23,3,Con transbordo,341 → 322 → 338,C51 → C29 → C48,Av. Candiles/Plaza Candiles → Blvd. de Las Américas/Río Lerma,"[""4136"", ""2678"", ""4137"", ""2508"", ""2509"", ""4138"", ""2291"", ""2292"", ""2293"", ""2294"", ""2295"", ""2296"", ""2418"", ""2419"", ""5180"", ""2672"", ""2201"", ""4241"", ""2310"", ""2311"", ""2312"", ""2313"", ""ESTACION_CORREGIDORA_SUR""]","[""341"", ""341"", ""341"", ""322"", ""322"", ""322"", ""338"", ""338"", ""338"", ""338"", ""338"", ""338"", ""338"", ""338"", ""338"", ""338"", ""338"", ""338"", ""338"", ""338"", ""338"", ""CAMINATA""]",5.0,Calle Naranjo/Av. Cumbres,20.550617480816,-100.40166889757
2500,39.91727578370396,341,C51,2,20,3,Con transbordo,341 → 234 → 338,C51 → L117 → C48,Calle Antonio Carranza/Blvd. de Las Américas → Blvd. de Las Américas/Carlos Esquerro,"[""2500"", ""2501"", ""2502"", ""2355"", ""2612"", ""2613"", ""3327"", ""2614"", ""2615"", ""2418"", ""2419"", ""5180"", ""2672"", ""2201"", ""4241"", ""2310"", ""2311"", ""2312"", ""2313"", ""ESTACION_CORREGIDORA_SUR""]","[""341"", ""341"", ""341"", ""341"", ""341"", ""341"", ""341"", ""341"", ""234"", ""338"", ""338"", ""338"", ""338"", ""338"", ""338"", ""338"", ""338"", ""338"", ""CAMINATA""]",5.0,Av. 22/Calle 11,20.56768167,-100.3875726
3540,39.93394245037063,98,C23,1,23,2,Con transbordo,98 → 338,C23 → C48,Ignacio Zaragoza/Imss,"[""3540"", ""1334"", ""1335"", ""1336"", ""1337"", ""1338"", ""1339"", ""1340"", ""1341"", ""1762"", ""1763"", ""2200"", ""4430"", ""1764"", ""1765"", ""1766"", ""2201"", ""4241"", ""2310"", ""2311"", ""2312"", ""2313"", ""ESTACION_CORREGIDORA_SUR""]","[""98"", ""98"", ""98"", ""98"", ""98"", ""98"", ""98"", ""98"", ""98"", ""98"", ""98"", ""98"", ""98"", ""98"", ""98"", ""98"", ""338"", ""338"", ""338"", ""338"", ""338"", ""CAMINATA""]",5.0,16 de Septiembre/Jardín Emiliano Zapata,20.55263897,-100.4399686
2237,39.933947029238226,322,C29,2,29,3,Con transbordo,322 → 376 → 319,C29 → T08 → C24,Av. del Parque/Home Depot → Vicente Guerrero,"[""2237"", ""2238"", ""2239"", ""2240"", ""2211"", ""2485"", ""2486"", ""5107"", ""2519"", ""3578"", ""2216"", ""2217"", ""2218"", ""2219"", ""2032"", ""2023"", ""2024"", ""2856"", ""1918"", ""1919"", ""1920"", ""1921"", ""4241"", ""2310"", ""2311"", ""2312"", ""2313"", ""2314"", ""ESTACION_CORREGIDORA_SUR""]","[""322"", ""322"", ""322"", ""322"", ""322"", ""322"", ""322"", ""322"", ""376"", ""376"", ""376"", ""376"", ""376"", ""376"", ""376"", ""376"", ""376"", ""376"", ""376"", ""319"", ""319"", ""319"", ""319"", ""319"", ""319"", ""319"", ""319"", ""CAMINATA""]",5.0,Luis Pasteur Sur/Adolfo de la Huerta,20.562908316913,-100.3833150005
2353,40.01727578370396,332,C41,2,19,3,Con transbordo,332 → 234 → 338,C41 → L117 → C48,Calle Antonio Carranza/Blvd. de Las Américas → Blvd. de Las Américas/Carlos Esquerro,"[""2353"", ""2354"", ""2355"", ""2612"", ""2613"", ""3327"", ""2614"", ""2615"", ""2418"", ""2419"", ""5180"", ""2672"", ""2201"", ""4241"", ""2310"", ""2311"", ""2312"", ""2313"", ""ESTACION_CORREGIDORA_SUR""]","[""332"", ""332"", ""332"", ""332"", ""332"", ""332"", ""332"", ""234"", ""338"", ""338"", ""338"", ""338"", ""338"", ""338"", ""338"", ""338"", ""338"", ""CAMINATA""]",5.0,Calle 27/Av. 14,20.56890399,-100.3927277
3655,40.042280362571546,97,C22,2,31,3,Con transbordo,97 → 90 → 97,C22 → L51 → C22,Santa Bárbara → Constitución de 1917,"[""3655"", ""1350"", ""1351"", ""4142"", ""1292"", ""1293"", ""1294"", ""1295"", ""1296"", ""1297"", ""1298"", ""1299"", ""1300"", ""1301"", ""1302"", ""1761"", ""1303"", ""1304"", ""1305"", ""1306"", ""1432"", ""1433"", ""1434"", ""3297"", ""4241"", ""2310"", ""2311"", ""2312"", ""2313"", ""2314"", ""ESTACION_CORREGIDORA_SUR""]","[""97"", ""97"", ""97"", ""97"", ""97"", ""97"", ""97"", ""97"", ""97"", ""97"", ""97"", ""97"", ""90"", ""90"", ""90"", ""90"", ""90"", ""90"", ""90"", ""90"", ""90"", ""90"", ""97"", ""97"", ""97"", ""97"", ""97"", ""97"", ""97"", ""CAMINATA""]",5.0,Vicente Guerrero/Salvador Sánchez Bárcenas,20.55170117304,-100.43760395734
1417,40.07561369590489,95,L56,2,25,3,Con transbordo,95 → 90 → 97,L56 → L51 → C22,Santa Bárbara → Constitución de 1917,"[""1417"", ""1419"", ""1401"", ""1370"", ""2190"", ""3301"", ""1300"", ""1301"", ""1302"", ""1761"", ""1303"", ""1304"", ""1305"", ""1306"", ""1432"", ""1433"", ""1434"", ""3297"", ""4241"", ""2310"", ""2311"", ""2312"", ""2313"", ""2314"", ""ESTACION_CORREGIDORA_SUR""]","[""95"", ""95"", ""95"", ""95"", ""95"", ""95"", ""90"", ""90"", ""90"", ""90"", ""90"", ""90"", ""90"", ""90"", ""90"", ""90"", ""97"", ""97"", ""97"", ""97"", ""97"", ""97"", ""97"", ""CAMINATA""]",5.0,Av. Paseo de la Pirámide del Pueblito/Condominio Chichen Itzá,20.54367222,-100.4525639
2460,40.214330601362605,134,C26,1,35,2,Con transbordo,134 → 325,C26 → C34,Avenida Cimatario/Mega Comercial,"[""2460"", ""2461"", ""2462"", ""2463"", ""2464"", ""3343"", ""2465"", ""3651"", ""2445"", ""3346"", ""2446"", ""2447"", ""2448"", ""2449"", ""2404"", ""2405"", ""2020"", ""2021"", ""2450"", ""2451"", ""1471"", ""1470"", ""1469"", ""1439"", ""1438"", ""2537"", ""1920"", ""1921"", ""4241"", ""2310"", ""2311"", ""2312"", ""2313"", ""2681"", ""ESTACION_CORREGIDORA_SUR""]","[""134"", ""134"", ""134"", ""134"", ""134"", ""134"", ""134"", ""134"", ""134"", ""134"", ""134"", ""134"", ""134"", ""134"", ""134"", ""134"", ""325"", ""325"", ""325"", ""325"", ""325"", ""325"", ""325"", ""325"", ""325"", ""325"", ""325"", ""325"", ""325"", ""325"", ""325"", ""325"", ""325"", ""CAMINATA""]",5.0,Av. Magisterio (Cimatario)/Cerro Blanco,20.573012549105,-100.37242017703
5067,40.31728036257156,335,C44,1,33,2,Con transbordo,335 → 321,C44 → C27,Prol. Luis Pasteur/Av. 26,"[""5067"", ""5068"", ""5069"", ""2297"", ""2298"", ""2510"", ""2511"", ""2512"", ""2513"", ""2514"", ""2515"", ""2516"", ""3686"", ""2517"", ""2214"", ""2215"", ""2478"", ""2308"", ""2028"", ""2029"", ""2030"", ""2031"", ""2309"", ""1919"", ""1920"", ""1921"", ""4241"", ""2310"", ""2311"", ""2312"", ""2313"", ""2314"", ""ESTACION_CORREGIDORA_SUR""]","[""335"", ""335"", ""335"", ""335"", ""335"", ""335"", ""335"", ""335"", ""335"", ""335"", ""335"", ""335"", ""335"", ""335"", ""321"", ""321"", ""321"", ""321"", ""321"", ""321"", ""321"", ""321"", ""321"", ""321"", ""321"", ""321"", ""321"", ""321"", ""321"", ""321"", ""321"", ""CAMINATA""]",5.0,Antonio Carranza/Armando Ostos,20.558885171237,-100.40144711081
2559,40.350609117037294,337,C47,2,18,3,Con transbordo,337 → 234 → 338,C47 → L117 → C48,Calle Antonio Carranza/Blvd. de Las Américas → Blvd. de Las Américas/Carlos Esquerro,"[""2559"", ""2560"", ""2561"", ""2562"", ""2563"", ""2614"", ""2615"", ""2418"", ""2419"", ""5180"", ""2672"", ""2201"", ""4241"", ""2310"", ""2311"", ""2312"", ""2313"", ""ESTACION_CORREGIDORA_SUR""]","[""337"", ""337"", ""337"", ""337"", ""337"", ""337"", ""234"", ""338"", ""338"", ""338"", ""338"", ""338"", ""338"", ""338"", ""338"", ""338"", ""CAMINATA""]",5.0,Av. 6/Calle 31,20.57209652,-100.3951087
2361,40.367275783703974,319,C24,2,25,3,Con transbordo,319 → 326 → 338,C24 → C35 → C48,Blvd. de Las Américas/Calle Cerro del Zamorano → Blvd. de Las Américas/Cerro del Fraile,"[""2361"", ""2362"", ""2363"", ""2364"", ""2365"", ""4129"", ""2290"", ""3600"", ""2291"", ""2292"", ""2293"", ""2294"", ""2295"", ""2296"", ""2418"", ""2419"", ""5180"", ""2672"", ""2201"", ""4241"", ""2310"", ""2311"", ""2312"", ""2313"", ""ESTACION_CORREGIDORA_SUR""]","[""319"", ""319"", ""319"", ""319"", ""326"", ""326"", ""338"", ""338"", ""338"", ""338"", ""338"", ""338"", ""338"", ""338"", ""338"", ""338"", ""338"", ""338"", ""338"", ""338"", ""338"", ""338"", ""338"", ""CAMINATA""]",5.0,Blvd. de Las Américas/Calle Luis G. Malvaez,20.55592576,-100.3961704
4358,40.40894702923822,129,L101,2,45,3,Con transbordo,129 → 90 → 97,L101 → L51 → C22,Pueblo Nuevo → Constitución de 1917,"[""4358"", ""1311"", ""5209"", ""1312"", ""1313"", ""1424"", ""1352"", ""1372"", ""1441"", ""1373"", ""1442"", ""1443"", ""1374"", ""1375"", ""1444"", ""1362"", ""1363"", ""1364"", ""1445"", ""1365"", ""1446"", ""1366"", ""1447"", ""1367"", ""1431"", ""4111"", ""1300"", ""1301"", ""1302"", ""1761"", ""1303"", ""1304"", ""1305"", ""1306"", ""1432"", ""1433"", ""1434"", ""3297"", ""4241"", ""2310"", ""2311"", ""2312"", ""2313"", ""2314"", ""ESTACION_CORREGIDORA_SUR""]","[""129"", ""90"", ""90"", ""90"", ""90"", ""90"", ""90"", ""90"", ""90"", ""90"", ""90"", ""90"", ""90"", ""90"", ""90"", ""90"", ""90"", ""90"", ""90"", ""90"", ""90"", ""90"", ""90"", ""90"", ""90"", ""90"", ""90"", ""90"", ""90"", ""90"", ""90"", ""90"", ""90"", ""90"", ""90"", ""90"", ""97"", ""97"", ""97"", ""97"", ""97"", ""97"", ""97"", ""CAMINATA""]",5.0,Av. Don Bosco/Plaza Don Bosco,20.549269490284,-100.42948828581
2854,40.41728036257156,371,T03,1,27,2,Con transbordo,371 → 321,T03 → C27,Luis Pasteur/Calle 13,"[""2854"", ""2855"", ""2209"", ""5161"", ""2210"", ""2211"", ""2212"", ""2213"", ""2214"", ""2215"", ""2478"", ""2308"", ""2028"", ""2029"", ""2030"", ""2031"", ""2309"", ""1919"", ""1920"", ""1921"", ""4241"", ""2310"", ""2311"", ""2312"", ""2313"", ""2314"", ""ESTACION_CORREGIDORA_SUR""]","[""371"", ""371"", ""371"", ""371"", ""371"", ""371"", ""321"", ""321"", ""321"", ""321"", ""321"", ""321"", ""321"", ""321"", ""321"", ""321"", ""321"", ""321"", ""321"", ""321"", ""321"", ""321"", ""321"", ""321"", ""321"", ""CAMINATA""]",5.0,Blvd. de Los Gobernadores/Calle 6,20.54753588,-100.3817996
2440,40.43099726802929,134,C26,2,26,3,Con transbordo,134 → 396 → 325,C26 → T16 → C34,Blvd. Centro Sur/Marqués de la Villa del Villar del Águila → Alameda,"[""2440"", ""2441"", ""5106"", ""3344"", ""2442"", ""2471"", ""3596"", ""1473"", ""1474"", ""1476"", ""1472"", ""1471"", ""1470"", ""1469"", ""1439"", ""1438"", ""2537"", ""1920"", ""1921"", ""4241"", ""2310"", ""2311"", ""2312"", ""2313"", ""2681"", ""ESTACION_CORREGIDORA_SUR""]","[""134"", ""134"", ""134"", ""396"", ""396"", ""396"", ""396"", ""396"", ""396"", ""396"", ""396"", ""396"", ""396"", ""396"", ""325"", ""325"", ""325"", ""325"", ""325"", ""325"", ""325"", ""325"", ""325"", ""325"", ""CAMINATA""]",5.0,Cerro Blanco/Fray Luis de León,20.574790883987,-100.36879135119
2634,40.4506091170373,335,C44,2,20,3,Con transbordo,335 → 337 → 338,C44 → C47 → C48,Calle Antonio Acona/Calle Antonio Carranza → Blvd. de Las Américas/Calle Antonio Rivera de la Torre,"[""2634"", ""2635"", ""5079"", ""2636"", ""2668"", ""2669"", ""2294"", ""2295"", ""2296"", ""2418"", ""2419"", ""5180"", ""2672"", ""2201"", ""4241"", ""2310"", ""2311"", ""2312"", ""2313"", ""ESTACION_CORREGIDORA_SUR""]","[""335"", ""335"", ""335"", ""337"", ""337"", ""337"", ""338"", ""338"", ""338"", ""338"", ""338"", ""338"", ""338"", ""338"", ""338"", ""338"", ""338"", ""338"", ""CAMINATA""]",5.0,Av. Chabacano/Yunque,20.5475767,-100.4129248
2499,40.50060911703729,341,C51,2,21,3,Con transbordo,341 → 234 → 338,C51 → L117 → C48,Calle Antonio Carranza/Blvd. de Las Américas → Blvd. de Las Américas/Carlos Esquerro,"[""2499"", ""2500"", ""2501"", ""2502"", ""2355"", ""2612"", ""2613"", ""3327"", ""2614"", ""2615"", ""2418"", ""2419"", ""5180"", ""2672"", ""2201"", ""4241"", ""2310"", ""2311"", ""2312"", ""2313"", ""ESTACION_CORREGIDORA_SUR""]","[""341"", ""341"", ""341"", ""341"", ""341"", ""341"", ""341"", ""341"", ""341"", ""234"", ""338"", ""338"", ""338"", ""338"", ""338"", ""338"", ""338"", ""338"", ""338"", ""CAMINATA""]",5.0,Calle 27/Calle 9,20.567141,-100.386109
2236,40.500613695904896,322,C29,2,30,3,Con transbordo,322 → 376 → 319,C29 → T08 → C24,Av. del Parque/Home Depot → Vicente Guerrero,"[""2236"", ""2237"", ""2238"", ""2239"", ""2240"", ""2211"", ""2485"", ""2486"", ""5107"", ""2519"", ""3578"", ""2216"", ""2217"", ""2218"", ""2219"", ""2032"", ""2023"", ""2024"", ""2856"", ""1918"", ""1919"", ""1920"", ""1921"", ""4241"", ""2310"", ""2311"", ""2312"", ""2313"", ""2314"", ""ESTACION_CORREGIDORA_SUR""]","[""322"", ""322"", ""322"", ""322"", ""322"", ""322"", ""322"", ""322"", ""322"", ""376"", ""376"", ""376"", ""376"", ""376"", ""376"", ""376"", ""376"", ""376"", ""376"", ""376"", ""319"", ""319"", ""319"", ""319"", ""319"", ""319"", ""319"", ""319"", ""CAMINATA""]",5.0,Prol. Luis Pasteur/Emilio Portes Gil,20.564508995623,-100.38326140518
2665,40.58394245037064,233,L113,1,26,2,Con transbordo,233 → 338,L113 → C48,Blvd. de Las Américas/Cerro del Fraile,"[""2665"", ""2666"", ""2667"", ""2255"", ""2639"", ""5087"", ""3650"", ""2290"", ""3600"", ""2291"", ""2292"", ""2293"", ""2294"", ""2295"", ""2296"", ""2418"", ""2419"", ""5180"", ""2672"", ""2201"", ""4241"", ""2310"", ""2311"", ""2312"", ""2313"", ""ESTACION_CORREGIDORA_SUR""]","[""233"", ""233"", ""233"", ""233"", ""233"", ""233"", ""233"", ""338"", ""338"", ""338"", ""338"", ""338"", ""338"", ""338"", ""338"", ""338"", ""338"", ""338"", ""338"", ""338"", ""338"", ""338"", ""338"", ""338"", ""CAMINATA""]",5.0,Camino A Los Olvera/Aristóteles,20.53386746,-100.4184696
2625,40.63099726802929,396,T16,1,29,2,Con transbordo,396 → 325,T16 → C34,Alameda,"[""2625"", ""3577"", ""5107"", ""2490"", ""2464"", ""3343"", ""3344"", ""2442"", ""2471"", ""3596"", ""1473"", ""1474"", ""1476"", ""1472"", ""1471"", ""1470"", ""1469"", ""1439"", ""1438"", ""2537"", ""1920"", ""1921"", ""4241"", ""2310"", ""2311"", ""2312"", ""2313"", ""2681"", ""ESTACION_CORREGIDORA_SUR""]","[""396"", ""396"", ""396"", ""396"", ""396"", ""396"", ""396"", ""396"", ""396"", ""396"", ""396"", ""396"", ""396"", ""396"", ""396"", ""396"", ""396"", ""325"", ""325"", ""325"", ""325"", ""325"", ""325"", ""325"", ""325"", ""325"", ""325"", ""CAMINATA""]",5.0,Cumbres del Cimatario,20.54627691,-100.3500702
1290,40.65894702923823,337,C47,2,30,3,Con transbordo,337 → 90 → 97,C47 → L51 → C22,Santa Bárbara → Constitución de 1917,"[""1290"", ""1291"", ""4142"", ""1292"", ""1293"", ""1294"", ""1295"", ""1296"", ""1297"", ""1298"", ""1299"", ""1300"", ""1301"", ""1302"", ""1761"", ""1303"", ""1304"", ""1305"", ""1306"", ""1432"", ""1433"", ""1434"", ""3297"", ""4241"", ""2310"", ""2311"", ""2312"", ""2313"", ""2314"", ""ESTACION_CORREGIDORA_SUR""]","[""337"", ""337"", ""337"", ""337"", ""337"", ""337"", ""337"", ""337"", ""337"", ""337"", ""337"", ""90"", ""90"", ""90"", ""90"", ""90"", ""90"", ""90"", ""90"", ""90"", ""90"", ""97"", ""97"", ""97"", ""97"", ""97"", ""97"", ""97"", ""CAMINATA""]",5.0,Camino Al Cerrito/Av. Fray Eulalio Hernández Rivera,20.549909129603,-100.44517297442
3019,40.65894702923823,408,C73,2,25,3,Con transbordo,408 → 90 → 97,C73 → L51 → C22,Carr. Coroneo/Av. Paseo Constituyentes → Constitución de 1917,"[""3019"", ""4274"", ""4275"", ""5119"", ""5205"", ""4111"", ""1300"", ""1301"", ""1302"", ""1761"", ""1303"", ""1304"", ""1305"", ""1306"", ""1432"", ""1433"", ""1434"", ""3297"", ""4241"", ""2310"", ""2311"", ""2312"", ""2313"", ""2314"", ""ESTACION_CORREGIDORA_SUR""]","[""408"", ""408"", ""408"", ""408"", ""408"", ""90"", ""90"", ""90"", ""90"", ""90"", ""90"", ""90"", ""90"", ""90"", ""90"", ""90"", ""97"", ""97"", ""97"", ""97"", ""97"", ""97"", ""97"", ""CAMINATA""]",5.0,Libramiento Surponiente/Calle Camino Real,20.532190028627,-100.40292934322
3875,40.78099726802929,352,C64,1,27,2,Con transbordo,352 → 325,C64 → C34,Alameda,"[""3875"", ""3808"", ""3809"", ""3810"", ""3811"", ""3812"", ""4404"", ""3813"", ""5104"", ""1475"", ""1476"", ""1472"", ""1471"", ""1470"", ""1469"", ""1439"", ""1438"", ""2537"", ""1920"", ""1921"", ""4241"", ""2310"", ""2311"", ""2312"", ""2313"", ""2681"", ""ESTACION_CORREGIDORA_SUR""]","[""352"", ""352"", ""352"", ""352"", ""352"", ""352"", ""352"", ""352"", ""352"", ""352"", ""352"", ""352"", ""352"", ""352"", ""352"", ""325"", ""325"", ""325"", ""325"", ""325"", ""325"", ""325"", ""325"", ""325"", ""325"", ""CAMINATA""]",5.0,Carr. Federal No. 57/José Guadalupe Ramírez Álvarez,20.571499142402,-100.28655163574
3687,40.79228036257157,370,T02,2,25,3,Con transbordo,370 → 90 → 97,T02 → L51 → C22,Tejeda → Constitución de 1917,"[""3687"", ""3688"", ""3727"", ""3616"", ""3617"", ""1772"", ""1773"", ""2197"", ""2198"", ""1308"", ""1309"", ""1304"", ""1305"", ""1306"", ""1432"", ""1433"", ""1434"", ""3297"", ""4241"", ""2310"", ""2311"", ""2312"", ""2313"", ""2314"", ""ESTACION_CORREGIDORA_SUR""]","[""370"", ""370"", ""370"", ""370"", ""370"", ""370"", ""370"", ""370"", ""370"", ""370"", ""370"", ""90"", ""90"", ""90"", ""90"", ""90"", ""97"", ""97"", ""97"", ""97"", ""97"", ""97"", ""97"", ""CAMINATA""]",5.0,José Antonio García Jimeno/Albergue del Dif,20.573922427951,-100.41838805242
2677,40.81727578370396,341,C51,2,24,3,Con transbordo,341 → 322 → 338,C51 → C29 → C48,Av. Candiles/Plaza Candiles → Blvd. de Las Américas/Río Lerma,"[""2677"", ""4136"", ""2678"", ""4137"", ""2508"", ""2509"", ""4138"", ""2291"", ""2292"", ""2293"", ""2294"", ""2295"", ""2296"", ""2418"", ""2419"", ""5180"", ""2672"", ""2201"", ""4241"", ""2310"", ""2311"", ""2312"", ""2313"", ""ESTACION_CORREGIDORA_SUR""]","[""341"", ""341"", ""341"", ""341"", ""322"", ""322"", ""322"", ""338"", ""338"", ""338"", ""338"", ""338"", ""338"", ""338"", ""338"", ""338"", ""338"", ""338"", ""338"", ""338"", ""338"", ""338"", ""CAMINATA""]",5.0,Calle Naranjo/Av. Diamante,20.55298469,-100.4015206
2360,40.867275783703974,319,C24,2,26,3,Con transbordo,319 → 326 → 338,C24 → C35 → C48,Blvd. de Las Américas/Calle Cerro del Zamorano → Blvd. de Las Américas/Cerro del Fraile,"[""2360"", ""2361"", ""2362"", ""2363"", ""2364"", ""2365"", ""4129"", ""2290"", ""3600"", ""2291"", ""2292"", ""2293"", ""2294"", ""2295"", ""2296"", ""2418"", ""2419"", ""5180"", ""2672"", ""2201"", ""4241"", ""2310"", ""2311"", ""2312"", ""2313"", ""ESTACION_CORREGIDORA_SUR""]","[""319"", ""319"", ""319"", ""319"", ""319"", ""326"", ""326"", ""338"", ""338"", ""338"", ""338"", ""338"", ""338"", ""338"", ""338"", ""338"", ""338"", ""338"", ""338"", ""338"", ""338"", ""338"", ""338"", ""338"", ""CAMINATA""]",5.0,Blvd. de Las Américas/Calle Enrique Bordes Manguel,20.5572267,-100.3968404
1349,40.86728036257155,97,C22,2,32,3,Con transbordo,97 → 90 → 97,C22 → L51 → C22,Santa Bárbara → Constitución de 1917,"[""1349"", ""3655"", ""1350"", ""1351"", ""4142"", ""1292"", ""1293"", ""1294"", ""1295"", ""1296"", ""1297"", ""1298"", ""1299"", ""1300"", ""1301"", ""1302"", ""1761"", ""1303"", ""1304"", ""1305"", ""1306"", ""1432"", ""1433"", ""1434"", ""3297"", ""4241"", ""2310"", ""2311"", ""2312"", ""2313"", ""2314"", ""ESTACION_CORREGIDORA_SUR""]","[""97"", ""97"", ""97"", ""97"", ""97"", ""97"", ""97"", ""97"", ""97"", ""97"", ""97"", ""97"", ""97"", ""90"", ""90"", ""90"", ""90"", ""90"", ""90"", ""90"", ""90"", ""90"", ""90"", ""97"", ""97"", ""97"", ""97"", ""97"", ""97"", ""97"", ""CAMINATA""]",5.0,Vicente Guerrero/Calle Norberto Aguirre,20.554043394624,-100.43728431416
2352,40.91727578370396,332,C41,2,20,3,Con transbordo,332 → 234 → 338,C41 → L117 → C48,Calle Antonio Carranza/Blvd. de Las Américas → Blvd. de Las Américas/Carlos Esquerro,"[""2352"", ""2353"", ""2354"", ""2355"", ""2612"", ""2613"", ""3327"", ""2614"", ""2615"", ""2418"", ""2419"", ""5180"", ""2672"", ""2201"", ""4241"", ""2310"", ""2311"", ""2312"", ""2313"", ""ESTACION_CORREGIDORA_SUR""]","[""332"", ""332"", ""332"", ""332"", ""332"", ""332"", ""332"", ""332"", ""234"", ""338"", ""338"", ""338"", ""338"", ""338"", ""338"", ""338"", ""338"", ""338"", ""CAMINATA""]",5.0,Calle 25/Av. 10,20.570875,-100.393481
3226,40.933947029238226,381,L155,1,19,2,Con transbordo,381 → 333,L155 → C42,Av. Prol. Zaragoza/Av. Hilario Frías y Soto,"[""3226"", ""4098"", ""4099"", ""3777"", ""4430"", ""1764"", ""1765"", ""1766"", ""2201"", ""4241"", ""2310"", ""3570"", ""3571"", ""3572"", ""2311"", ""2312"", ""2313"", ""2314"", ""ESTACION_CORREGIDORA_SUR""]","[""381"", ""381"", ""381"", ""381"", ""333"", ""333"", ""333"", ""333"", ""333"", ""333"", ""333"", ""333"", ""333"", ""333"", ""333"", ""333"", ""333"", ""CAMINATA""]",5.0,Carr. Al Campo Militar/Kellogg'S México,20.594907325291,-100.42055160859
1399,40.94228036257156,92,L53,3,22,4,Con transbordo,92 → 255 → 90 → 97,L53 → T11 → L51 → C22,Terminal Balvanera → Santa Bárbara → Constitución de 1917,"[""1399"", ""2190"", ""3301"", ""1300"", ""1301"", ""1302"", ""1761"", ""1303"", ""1304"", ""1305"", ""1306"", ""1432"", ""1433"", ""1434"", ""3297"", ""4241"", ""2310"", ""2311"", ""2312"", ""2313"", ""2314"", ""ESTACION_CORREGIDORA_SUR""]","[""92"", ""255"", ""255"", ""90"", ""90"", ""90"", ""90"", ""90"", ""90"", ""90"", ""90"", ""90"", ""90"", ""97"", ""97"", ""97"", ""97"", ""97"", ""97"", ""97"", ""CAMINATA""]",5.0,Libramiento Sur Poniente/Geranios,20.529821727001,-100.45232223694
2407,40.964330601362605,134,C26,1,36,2,Con transbordo,134 → 325,C26 → C34,Avenida Cimatario/Mega Comercial,"[""2407"", ""2460"", ""2461"", ""2462"", ""2463"", ""2464"", ""3343"", ""2465"", ""3651"", ""2445"", ""3346"", ""2446"", ""2447"", ""2448"", ""2449"", ""2404"", ""2405"", ""2020"", ""2021"", ""2450"", ""2451"", ""1471"", ""1470"", ""1469"", ""1439"", ""1438"", ""2537"", ""1920"", ""1921"", ""4241"", ""2310"", ""2311"", ""2312"", ""2313"", ""2681"", ""ESTACION_CORREGIDORA_SUR""]","[""134"", ""134"", ""134"", ""134"", ""134"", ""134"", ""134"", ""134"", ""134"", ""134"", ""134"", ""134"", ""134"", ""134"", ""134"", ""134"", ""134"", ""325"", ""325"", ""325"", ""325"", ""325"", ""325"", ""325"", ""325"", ""325"", ""325"", ""325"", ""325"", ""325"", ""325"", ""325"", ""325"", ""325"", ""CAMINATA""]",5.0,Av.Magisterio (Cimatario)/Pza. Santa Ana,20.575225021974,-100.37323603018
2492,40.96728036257155,322,C29,1,29,2,Con transbordo,322 → 321,C29 → C27,Circ. Lázaro Cárdenas/Prol. Pasteur Sur,"[""2492"", ""2493"", ""4130"", ""2495"", ""4147"", ""2496"", ""2497"", ""2477"", ""2212"", ""2213"", ""2214"", ""2215"", ""2478"", ""2308"", ""2028"", ""2029"", ""2030"", ""2031"", ""2309"", ""1919"", ""1920"", ""1921"", ""4241"", ""2310"", ""2311"", ""2312"", ""2313"", ""2314"", ""ESTACION_CORREGIDORA_SUR""]","[""322"", ""322"", ""322"", ""322"", ""322"", ""322"", ""322"", ""321"", ""321"", ""321"", ""321"", ""321"", ""321"", ""321"", ""321"", ""321"", ""321"", ""321"", ""321"", ""321"", ""321"", ""321"", ""321"", ""321"", ""321"", ""321"", ""321"", ""CAMINATA""]",5.0,Plaza Zimapán/Av.Del Parque,20.56624893688,-100.37751823327
2638,41.00061369590489,335,C44,1,34,2,Con transbordo,335 → 321,C44 → C27,Prol. Luis Pasteur/Av. 26,"[""2638"", ""5067"", ""5068"", ""5069"", ""2297"", ""2298"", ""2510"", ""2511"", ""2512"", ""2513"", ""2514"", ""2515"", ""2516"", ""3686"", ""2517"", ""2214"", ""2215"", ""2478"", ""2308"", ""2028"", ""2029"", ""2030"", ""2031"", ""2309"", ""1919"", ""1920"", ""1921"", ""4241"", ""2310"", ""2311"", ""2312"", ""2313"", ""2314"", ""ESTACION_CORREGIDORA_SUR""]","[""335"", ""335"", ""335"", ""335"", ""335"", ""335"", ""335"", ""335"", ""335"", ""335"", ""335"", ""335"", ""335"", ""335"", ""335"", ""321"", ""321"", ""321"", ""321"", ""321"", ""321"", ""321"", ""321"", ""321"", ""321"", ""321"", ""321"", ""321"", ""321"", ""321"", ""321"", ""321"", ""CAMINATA""]",5.0,Av. Chabacano/Manuel González Rubio,20.55800134,-100.4027407
2489,41.017280362571555,139,C32,1,29,2,Con transbordo,139 → 321,C32 → C27,Cobá/Blvd de Los Gobernadores,"[""2489"", ""2472"", ""2473"", ""2474"", ""5078"", ""2475"", ""2476"", ""2477"", ""2212"", ""2213"", ""2214"", ""2215"", ""2478"", ""2308"", ""2028"", ""2029"", ""2030"", ""2031"", ""2309"", ""1919"", ""1920"", ""1921"", ""4241"", ""2310"", ""2311"", ""2312"", ""2313"", ""2314"", ""ESTACION_CORREGIDORA_SUR""]","[""139"", ""321"", ""321"", ""321"", ""321"", ""321"", ""321"", ""321"", ""321"", ""321"", ""321"", ""321"", ""321"", ""321"", ""321"", ""321"", ""321"", ""321"", ""321"", ""321"", ""321"", ""321"", ""321"", ""321"", ""321"", ""321"", ""321"", ""CAMINATA""]",5.0,Blvd de Los Gobernadores/Labná,20.554379742526,-100.37166996017
1416,41.025613695904894,95,L56,2,26,3,Con transbordo,95 → 90 → 97,L56 → L51 → C22,Santa Bárbara → Constitución de 1917,"[""1416"", ""1417"", ""1419"", ""1401"", ""1370"", ""2190"", ""3301"", ""1300"", ""1301"", ""1302"", ""1761"", ""1303"", ""1304"", ""1305"", ""1306"", ""1432"", ""1433"", ""1434"", ""3297"", ""4241"", ""2310"", ""2311"", ""2312"", ""2313"", ""2314"", ""ESTACION_CORREGIDORA_SUR""]","[""95"", ""95"", ""95"", ""95"", ""95"", ""95"", ""95"", ""90"", ""90"", ""90"", ""90"", ""90"", ""90"", ""90"", ""90"", ""90"", ""90"", ""97"", ""97"", ""97"", ""97"", ""97"", ""97"", ""97"", ""CAMINATA""]",5.0,Av. Paseo de la Pirámide del Pueblito/Privada Monte Albán,20.545381021625,-100.45545603913
2349,41.08394245037063,337,C47,2,19,3,Con transbordo,337 → 234 → 338,C47 → L117 → C48,Calle Antonio Carranza/Blvd. de Las Américas → Blvd. de Las Américas/Carlos Esquerro,"[""2349"", ""2559"", ""2560"", ""2561"", ""2562"", ""2563"", ""2614"", ""2615"", ""2418"", ""2419"", ""5180"", ""2672"", ""2201"", ""4241"", ""2310"", ""2311"", ""2312"", ""2313"", ""ESTACION_CORREGIDORA_SUR""]","[""337"", ""337"", ""337"", ""337"", ""337"", ""337"", ""337"", ""234"", ""338"", ""338"", ""338"", ""338"", ""338"", ""338"", ""338"", ""338"", ""338"", ""CAMINATA""]",5.0,Av. 6/Calle 25,20.572599,-100.39317
2235,41.1006136959049,322,C29,2,31,3,Con transbordo,322 → 376 → 319,C29 → T08 → C24,Av. del Parque/Home Depot → Vicente Guerrero,"[""2235"", ""2236"", ""2237"", ""2238"", ""2239"", ""2240"", ""2211"", ""2485"", ""2486"", ""5107"", ""2519"", ""3578"", ""2216"", ""2217"", ""2218"", ""2219"", ""2032"", ""2023"", ""2024"", ""2856"", ""1918"", ""1919"", ""1920"", ""1921"", ""4241"", ""2310"", ""2311"", ""2312"", ""2313"", ""2314"", ""ESTACION_CORREGIDORA_SUR""]","[""322"", ""322"", ""322"", ""322"", ""322"", ""322"", ""322"", ""322"", ""322"", ""322"", ""376"", ""376"", ""376"", ""376"", ""376"", ""376"", ""376"", ""376"", ""376"", ""376"", ""376"", ""319"", ""319"", ""319"", ""319"", ""319"", ""319"", ""319"", ""319"", ""CAMINATA""]",5.0,Luis Pasteur Sur/Av Presidentes,20.566214254513,-100.38320391968
2351,41.18394245037062,332,C41,2,21,3,Con transbordo,332 → 234 → 338,C41 → L117 → C48,Calle Antonio Carranza/Blvd. de Las Américas → Blvd. de Las Américas/Carlos Esquerro,"[""2351"", ""2352"", ""2353"", ""2354"", ""2355"", ""2612"", ""2613"", ""3327"", ""2614"", ""2615"", ""2418"", ""2419"", ""5180"", ""2672"", ""2201"", ""4241"", ""2310"", ""2311"", ""2312"", ""2313"", ""ESTACION_CORREGIDORA_SUR""]","[""332"", ""332"", ""332"", ""332"", ""332"", ""332"", ""332"", ""332"", ""332"", ""234"", ""338"", ""338"", ""338"", ""338"", ""338"", ""338"", ""338"", ""338"", ""338"", ""CAMINATA""]",5.0,Calle 27/Av. 8,20.57146366,-100.3936791
1348,41.24228036257155,97,C22,2,33,3,Con transbordo,97 → 90 → 97,C22 → L51 → C22,Santa Bárbara → Constitución de 1917,"[""1348"", ""1349"", ""3655"", ""1350"", ""1351"", ""4142"", ""1292"", ""1293"", ""1294"", ""1295"", ""1296"", ""1297"", ""1298"", ""1299"", ""1300"", ""1301"", ""1302"", ""1761"", ""1303"", ""1304"", ""1305"", ""1306"", ""1432"", ""1433"", ""1434"", ""3297"", ""4241"", ""2310"", ""2311"", ""2312"", ""2313"", ""2314"", ""ESTACION_CORREGIDORA_SUR""]","[""97"", ""97"", ""97"", ""97"", ""97"", ""97"", ""97"", ""97"", ""97"", ""97"", ""97"", ""97"", ""97"", ""97"", ""90"", ""90"", ""90"", ""90"", ""90"", ""90"", ""90"", ""90"", ""90"", ""90"", ""97"", ""97"", ""97"", ""97"", ""97"", ""97"", ""97"", ""CAMINATA""]",5.0,Calle Norberto Aguirre/Corregidora,20.554067381015,-100.43615810442
2406,41.38099726802927,134,C26,1,37,2,Con transbordo,134 → 325,C26 → C34,Avenida Cimatario/Mega Comercial,"[""2406"", ""2407"", ""2460"", ""2461"", ""2462"", ""2463"", ""2464"", ""3343"", ""2465"", ""3651"", ""2445"", ""3346"", ""2446"", ""2447"", ""2448"", ""2449"", ""2404"", ""2405"", ""2020"", ""2021"", ""2450"", ""2451"", ""1471"", ""1470"", ""1469"", ""1439"", ""1438"", ""2537"", ""1920"", ""1921"", ""4241"", ""2310"", ""2311"", ""2312"", ""2313"", ""2681"", ""ESTACION_CORREGIDORA_SUR""]","[""134"", ""134"", ""134"", ""134"", ""134"", ""134"", ""134"", ""134"", ""134"", ""134"", ""134"", ""134"", ""134"", ""134"", ""134"", ""134"", ""134"", ""134"", ""325"", ""325"", ""325"", ""325"", ""325"", ""325"", ""325"", ""325"", ""325"", ""325"", ""325"", ""325"", ""325"", ""325"", ""325"", ""325"", ""325"", ""CAMINATA""]",5.0,Av. Cimatario/De Santa Teresita,20.576417789193,-100.37373948178
1771,41.45894702923823,370,T02,2,26,3,Con transbordo,370 → 90 → 97,T02 → L51 → C22,Tejeda → Constitución de 1917,"[""1771"", ""3687"", ""3688"", ""3727"", ""3616"", ""3617"", ""1772"", ""1773"", ""2197"", ""2198"", ""1308"", ""1309"", ""1304"", ""1305"", ""1306"", ""1432"", ""1433"", ""1434"", ""3297"", ""4241"", ""2310"", ""2311"", ""2312"", ""2313"", ""2314"", ""ESTACION_CORREGIDORA_SUR""]","[""370"", ""370"", ""370"", ""370"", ""370"", ""370"", ""370"", ""370"", ""370"", ""370"", ""370"", ""370"", ""90"", ""90"", ""90"", ""90"", ""90"", ""97"", ""97"", ""97"", ""97"", ""97"", ""97"", ""97"", ""CAMINATA""]",5.0,Hospital General,20.574470039181,-100.41648107064
2498,41.46727578370396,341,C51,2,22,3,Con transbordo,341 → 234 → 338,C51 → L117 → C48,Calle Antonio Carranza/Blvd. de Las Américas → Blvd. de Las Américas/Carlos Esquerro,"[""2498"", ""2499"", ""2500"", ""2501"", ""2502"", ""2355"", ""2612"", ""2613"", ""3327"", ""2614"", ""2615"", ""2418"", ""2419"", ""5180"", ""2672"", ""2201"", ""4241"", ""2310"", ""2311"", ""2312"", ""2313"", ""ESTACION_CORREGIDORA_SUR""]","[""341"", ""341"", ""341"", ""341"", ""341"", ""341"", ""341"", ""341"", ""341"", ""341"", ""234"", ""338"", ""338"", ""338"", ""338"", ""338"", ""338"", ""338"", ""338"", ""338"", ""CAMINATA""]",5.0,Calle 24/Av. Luis Pasteur Sur,20.56708286,-100.3834981
4152,41.467275783703975,336,C46,2,24,3,Con transbordo,336 → 334 → 338,C46 → C43 → C48,Av. Candiles/Luis G. Pastor → Blvd. de Las Américas/Río Lerma,"[""4152"", ""2251"", ""3679"", ""2627"", ""2508"", ""2509"", ""4138"", ""2291"", ""2292"", ""2293"", ""2294"", ""2295"", ""2296"", ""2418"", ""2419"", ""5180"", ""2672"", ""2201"", ""4241"", ""2310"", ""2311"", ""2312"", ""2313"", ""ESTACION_CORREGIDORA_SUR""]","[""336"", ""336"", ""334"", ""334"", ""334"", ""334"", ""334"", ""338"", ""338"", ""338"", ""338"", ""338"", ""338"", ""338"", ""338"", ""338"", ""338"", ""338"", ""338"", ""338"", ""338"", ""338"", ""CAMINATA""]",5.0,Av. Candiles/Calle Fortín,20.5496133,-100.4086076
2350,41.533942450370624,332,C41,2,22,3,Con transbordo,332 → 234 → 338,C41 → L117 → C48,Calle Antonio Carranza/Blvd. de Las Américas → Blvd. de Las Américas/Carlos Esquerro,"[""2350"", ""2351"", ""2352"", ""2353"", ""2354"", ""2355"", ""2612"", ""2613"", ""3327"", ""2614"", ""2615"", ""2418"", ""2419"", ""5180"", ""2672"", ""2201"", ""4241"", ""2310"", ""2311"", ""2312"", ""2313"", ""ESTACION_CORREGIDORA_SUR""]","[""332"", ""332"", ""332"", ""332"", ""332"", ""332"", ""332"", ""332"", ""332"", ""332"", ""234"", ""338"", ""338"", ""338"", ""338"", ""338"", ""338"", ""338"", ""338"", ""338"", ""CAMINATA""]",5.0,Calle 27/Av. 6,20.572229,-100.393939
2853,41.56728036257156,371,T03,1,28,2,Con transbordo,371 → 321,T03 → C27,Luis Pasteur/Calle 13,"[""2853"", ""2854"", ""2855"", ""2209"", ""5161"", ""2210"", ""2211"", ""2212"", ""2213"", ""2214"", ""2215"", ""2478"", ""2308"", ""2028"", ""2029"", ""2030"", ""2031"", ""2309"", ""1919"", ""1920"", ""1921"", ""4241"", ""2310"", ""2311"", ""2312"", ""2313"", ""2314"", ""ESTACION_CORREGIDORA_SUR""]","[""371"", ""371"", ""371"", ""371"", ""371"", ""371"", ""371"", ""321"", ""321"", ""321"", ""321"", ""321"", ""321"", ""321"", ""321"", ""321"", ""321"", ""321"", ""321"", ""321"", ""321"", ""321"", ""321"", ""321"", ""321"", ""321"", ""CAMINATA""]",5.0,Blvd. de Los Gobernadores/Calle Josefa Ortiz de Domínguez,20.54864459,-100.379381
2359,41.58394245037064,319,C24,2,27,3,Con transbordo,319 → 326 → 338,C24 → C35 → C48,Blvd. de Las Américas/Calle Cerro del Zamorano → Blvd. de Las Américas/Cerro del Fraile,"[""2359"", ""2360"", ""2361"", ""2362"", ""2363"", ""2364"", ""2365"", ""4129"", ""2290"", ""3600"", ""2291"", ""2292"", ""2293"", ""2294"", ""2295"", ""2296"", ""2418"", ""2419"", ""5180"", ""2672"", ""2201"", ""4241"", ""2310"", ""2311"", ""2312"", ""2313"", ""ESTACION_CORREGIDORA_SUR""]","[""319"", ""319"", ""319"", ""319"", ""319"", ""319"", ""326"", ""326"", ""338"", ""338"", ""338"", ""338"", ""338"", ""338"", ""338"", ""338"", ""338"", ""338"", ""338"", ""338"", ""338"", ""338"", ""338"", ""338"", ""338"", ""CAMINATA""]",5.0,Blvd. de Las Américas/Calle Antonio Carranza,20.55910188,-100.3977929
2664,41.60060911703731,233,L113,1,27,2,Con transbordo,233 → 338,L113 → C48,Blvd. de Las Américas/Cerro del Fraile,"[""2664"", ""2665"", ""2666"", ""2667"", ""2255"", ""2639"", ""5087"", ""3650"", ""2290"", ""3600"", ""2291"", ""2292"", ""2293"", ""2294"", ""2295"", ""2296"", ""2418"", ""2419"", ""5180"", ""2672"", ""2201"", ""4241"", ""2310"", ""2311"", ""2312"", ""2313"", ""ESTACION_CORREGIDORA_SUR""]","[""233"", ""233"", ""233"", ""233"", ""233"", ""233"", ""233"", ""233"", ""338"", ""338"", ""338"", ""338"", ""338"", ""338"", ""338"", ""338"", ""338"", ""338"", ""338"", ""338"", ""338"", ""338"", ""338"", ""338"", ""338"", ""CAMINATA""]",5.0,Camino A Los Olvera/Misión de Tilaco,20.53599375,-100.4209127
3874,41.614330601362624,352,C64,1,28,2,Con transbordo,352 → 325,C64 → C34,Alameda,"[""3874"", ""3875"", ""3808"", ""3809"", ""3810"", ""3811"", ""3812"", ""4404"", ""3813"", ""5104"", ""1475"", ""1476"", ""1472"", ""1471"", ""1470"", ""1469"", ""1439"", ""1438"", ""2537"", ""1920"", ""1921"", ""4241"", ""2310"", ""2311"", ""2312"", ""2313"", ""2681"", ""ESTACION_CORREGIDORA_SUR""]","[""352"", ""352"", ""352"", ""352"", ""352"", ""352"", ""352"", ""352"", ""352"", ""352"", ""352"", ""352"", ""352"", ""352"", ""352"", ""352"", ""325"", ""325"", ""325"", ""325"", ""325"", ""325"", ""325"", ""325"", ""325"", ""325"", ""CAMINATA""]",5.0,Carr. Federal No. 57/El Carmen,20.57156927214,-100.28224784437
3674,41.642280362571555,96,C21,2,31,3,Con transbordo,96 → 90 → 97,C21 → L51 → C22,Santa Bárbara → Constitución de 1917,"[""3674"", ""1350"", ""1351"", ""4142"", ""1292"", ""1293"", ""1294"", ""1295"", ""1296"", ""1297"", ""1298"", ""1299"", ""1300"", ""1301"", ""1302"", ""1761"", ""1303"", ""1304"", ""1305"", ""1306"", ""1432"", ""1433"", ""1434"", ""3297"", ""4241"", ""2310"", ""2311"", ""2312"", ""2313"", ""2314"", ""ESTACION_CORREGIDORA_SUR""]","[""96"", ""96"", ""96"", ""96"", ""96"", ""96"", ""96"", ""96"", ""96"", ""96"", ""96"", ""96"", ""90"", ""90"", ""90"", ""90"", ""90"", ""90"", ""90"", ""90"", ""90"", ""90"", ""97"", ""97"", ""97"", ""97"", ""97"", ""97"", ""97"", ""CAMINATA""]",5.0,Av. Santa María del Pueblito/Privada de Enebro,20.55515687,-100.4441995
3021,41.71727578370397,322,C29,1,29,2,Con transbordo,322 → 338,C29 → C48,Blvd. de Las Américas/Río Lerma,"[""3021"", ""4148"", ""4149"", ""4150"", ""3022"", ""5223"", ""4116"", ""2506"", ""2507"", ""2508"", ""2509"", ""4138"", ""2291"", ""2292"", ""2293"", ""2294"", ""2295"", ""2296"", ""2418"", ""2419"", ""5180"", ""2672"", ""2201"", ""4241"", ""2310"", ""2311"", ""2312"", ""2313"", ""ESTACION_CORREGIDORA_SUR""]","[""322"", ""322"", ""322"", ""322"", ""322"", ""322"", ""322"", ""322"", ""322"", ""322"", ""322"", ""322"", ""338"", ""338"", ""338"", ""338"", ""338"", ""338"", ""338"", ""338"", ""338"", ""338"", ""338"", ""338"", ""338"", ""338"", ""338"", ""CAMINATA""]",5.0,Estatal 30 Libramiento Sur/Camino Real A Huimilpan,20.53175875,-100.4028062
3171,41.730997268029284,378,T10,2,23,3,Con transbordo,378 → 396 → 325,T10 → T16 → C34,Bernardo Quintana/Q7001 → Alameda,"[""3171"", ""4086"", ""2471"", ""3596"", ""1473"", ""1474"", ""1476"", ""1472"", ""1471"", ""1470"", ""1469"", ""1439"", ""1438"", ""2537"", ""1920"", ""1921"", ""4241"", ""2310"", ""2311"", ""2312"", ""2313"", ""2681"", ""ESTACION_CORREGIDORA_SUR""]","[""378"", ""378"", ""396"", ""396"", ""396"", ""396"", ""396"", ""396"", ""396"", ""396"", ""396"", ""325"", ""325"", ""325"", ""325"", ""325"", ""325"", ""325"", ""325"", ""325"", ""325"", ""CAMINATA""]",5.0,Bernardo Quintana/Ccq,20.55786290784,-100.35965036007
2595,41.76727578370397,368,L61,2,26,3,Con transbordo,368 → 326 → 338,L61 → C35 → C48,Prol. Calle 27/República Mexicana → Blvd. de Las Américas/Cerro del Fraile,"[""2595"", ""3602"", ""2564"", ""5102"", ""2565"", ""2365"", ""4129"", ""2290"", ""3600"", ""2291"", ""2292"", ""2293"", ""2294"", ""2295"", ""2296"", ""2418"", ""2419"", ""5180"", ""2672"", ""2201"", ""4241"", ""2310"", ""2311"", ""2312"", ""2313"", ""ESTACION_CORREGIDORA_SUR""]","[""368"", ""326"", ""326"", ""326"", ""326"", ""326"", ""326"", ""338"", ""338"", ""338"", ""338"", ""338"", ""338"", ""338"", ""338"", ""338"", ""338"", ""338"", ""338"", ""338"", ""338"", ""338"", ""338"", ""338"", ""CAMINATA""]",5.0,Calle 27/Calle 17,20.560044,-100.389347
2637,41.78394702923822,335,C44,1,35,2,Con transbordo,335 → 321,C44 → C27,Prol. Luis Pasteur/Av. 26,"[""2637"", ""2638"", ""5067"", ""5068"", ""5069"", ""2297"", ""2298"", ""2510"", ""2511"", ""2512"", ""2513"", ""2514"", ""2515"", ""2516"", ""3686"", ""2517"", ""2214"", ""2215"", ""2478"", ""2308"", ""2028"", ""2029"", ""2030"", ""2031"", ""2309"", ""1919"", ""1920"", ""1921"", ""4241"", ""2310"", ""2311"", ""2312"", ""2313"", ""2314"", ""ESTACION_CORREGIDORA_SUR""]","[""335"", ""335"", ""335"", ""335"", ""335"", ""335"", ""335"", ""335"", ""335"", ""335"", ""335"", ""335"", ""335"", ""335"", ""335"", ""335"", ""321"", ""321"", ""321"", ""321"", ""321"", ""321"", ""321"", ""321"", ""321"", ""321"", ""321"", ""321"", ""321"", ""321"", ""321"", ""321"", ""321"", ""CAMINATA""]",5.0,Calle Antonio Carranza/Calle Naranjo,20.55650902,-100.4036902
3892,41.8006091170373,341,C51,2,25,3,Con transbordo,341 → 322 → 338,C51 → C29 → C48,Av. Candiles/Plaza Candiles → Blvd. de Las Américas/Río Lerma,"[""3892"", ""2677"", ""4136"", ""2678"", ""4137"", ""2508"", ""2509"", ""4138"", ""2291"", ""2292"", ""2293"", ""2294"", ""2295"", ""2296"", ""2418"", ""2419"", ""5180"", ""2672"", ""2201"", ""4241"", ""2310"", ""2311"", ""2312"", ""2313"", ""ESTACION_CORREGIDORA_SUR""]","[""341"", ""341"", ""341"", ""341"", ""341"", ""322"", ""322"", ""322"", ""338"", ""338"", ""338"", ""338"", ""338"", ""338"", ""338"", ""338"", ""338"", ""338"", ""338"", ""338"", ""338"", ""338"", ""338"", ""CAMINATA""]",5.0,Calle Antonio Acona/Calle Naranjo,20.555485209037,-100.40123589553
2348,41.81727578370396,337,C47,2,20,3,Con transbordo,337 → 234 → 338,C47 → L117 → C48,Calle Antonio Carranza/Blvd. de Las Américas → Blvd. de Las Américas/Carlos Esquerro,"[""2348"", ""2349"", ""2559"", ""2560"", ""2561"", ""2562"", ""2563"", ""2614"", ""2615"", ""2418"", ""2419"", ""5180"", ""2672"", ""2201"", ""4241"", ""2310"", ""2311"", ""2312"", ""2313"", ""ESTACION_CORREGIDORA_SUR""]","[""337"", ""337"", ""337"", ""337"", ""337"", ""337"", ""337"", ""337"", ""234"", ""338"", ""338"", ""338"", ""338"", ""338"", ""338"", ""338"", ""338"", ""338"", ""CAMINATA""]",5.0,Av. 6/Calle 17,20.573085,-100.391226
1369,41.8256136959049,94,L55,3,23,4,Con transbordo,94 → 255 → 90 → 97,L55 → T11 → L51 → C22,Terminal Balvanera → Santa Bárbara → Constitución de 1917,"[""1369"", ""1370"", ""2190"", ""3301"", ""1300"", ""1301"", ""1302"", ""1761"", ""1303"", ""1304"", ""1305"", ""1306"", ""1432"", ""1433"", ""1434"", ""3297"", ""4241"", ""2310"", ""2311"", ""2312"", ""2313"", ""2314"", ""ESTACION_CORREGIDORA_SUR""]","[""94"", ""94"", ""255"", ""255"", ""90"", ""90"", ""90"", ""90"", ""90"", ""90"", ""90"", ""90"", ""90"", ""90"", ""97"", ""97"", ""97"", ""97"", ""97"", ""97"", ""97"", ""CAMINATA""]",5.0,Don José/Arquitectura E Ingeniería,20.529442104286,-100.45875025366
2439,41.84766393469595,134,C26,2,27,3,Con transbordo,134 → 396 → 325,C26 → T16 → C34,Blvd. Centro Sur/Marqués de la Villa del Villar del Águila → Alameda,"[""2439"", ""2440"", ""2441"", ""5106"", ""3344"", ""2442"", ""2471"", ""3596"", ""1473"", ""1474"", ""1476"", ""1472"", ""1471"", ""1470"", ""1469"", ""1439"", ""1438"", ""2537"", ""1920"", ""1921"", ""4241"", ""2310"", ""2311"", ""2312"", ""2313"", ""2681"", ""ESTACION_CORREGIDORA_SUR""]","[""134"", ""134"", ""134"", ""134"", ""396"", ""396"", ""396"", ""396"", ""396"", ""396"", ""396"", ""396"", ""396"", ""396"", ""396"", ""325"", ""325"", ""325"", ""325"", ""325"", ""325"", ""325"", ""325"", ""325"", ""325"", ""CAMINATA""]",5.0,Cerro Blanco/Estadio,20.575824359565,-100.36362892515
2491,41.90061369590488,322,C29,1,30,2,Con transbordo,322 → 321,C29 → C27,Circ. Lázaro Cárdenas/Prol. Pasteur Sur,"[""2491"", ""2492"", ""2493"", ""4130"", ""2495"", ""4147"", ""2496"", ""2497"", ""2477"", ""2212"", ""2213"", ""2214"", ""2215"", ""2478"", ""2308"", ""2028"", ""2029"", ""2030"", ""2031"", ""2309"", ""1919"", ""1920"", ""1921"", ""4241"", ""2310"", ""2311"", ""2312"", ""2313"", ""2314"", ""ESTACION_CORREGIDORA_SUR""]","[""322"", ""322"", ""322"", ""322"", ""322"", ""322"", ""322"", ""322"", ""321"", ""321"", ""321"", ""321"", ""321"", ""321"", ""321"", ""321"", ""321"", ""321"", ""321"", ""321"", ""321"", ""321"", ""321"", ""321"", ""321"", ""321"", ""321"", ""321"", ""CAMINATA""]",5.0,Islas Aleutianas/De San Pedro,20.568132752901,-100.37608014525
5211,41.91727578370398,373,T05,2,24,3,Con transbordo,373 → 233 → 338,T05 → L113 → C48,Calle Manzano/Fresno → Blvd. de Las Américas/Cerro del Fraile,"[""5211"", ""2255"", ""2639"", ""5087"", ""3650"", ""2290"", ""3600"", ""2291"", ""2292"", ""2293"", ""2294"", ""2295"", ""2296"", ""2418"", ""2419"", ""5180"", ""2672"", ""2201"", ""4241"", ""2310"", ""2311"", ""2312"", ""2313"", ""ESTACION_CORREGIDORA_SUR""]","[""373"", ""233"", ""233"", ""233"", ""233"", ""338"", ""338"", ""338"", ""338"", ""338"", ""338"", ""338"", ""338"", ""338"", ""338"", ""338"", ""338"", ""338"", ""338"", ""338"", ""338"", ""338"", ""CAMINATA""]",5.0,Calle Cedro Oriente/Calle Manzano,20.534933478684,-100.40484081891
1456,41.98099726802928,99,T01,1,26,2,Con transbordo,99 → 325,T01 → C34,Bicentenario,"[""1456"", ""1457"", ""3862"", ""3781"", ""4445"", ""1449"", ""3485"", ""1450"", ""1475"", ""1476"", ""1472"", ""1471"", ""1470"", ""1469"", ""1439"", ""1438"", ""2537"", ""1920"", ""1921"", ""4241"", ""2310"", ""2311"", ""2312"", ""2313"", ""2681"", ""ESTACION_CORREGIDORA_SUR""]","[""99"", ""99"", ""99"", ""99"", ""99"", ""99"", ""99"", ""99"", ""99"", ""325"", ""325"", ""325"", ""325"", ""325"", ""325"", ""325"", ""325"", ""325"", ""325"", ""325"", ""325"", ""325"", ""325"", ""325"", ""CAMINATA""]",5.0,Prol. Constituyentes/Provenza,20.59828038141,-100.29349669885
2250,42.01727578370397,336,C46,2,25,3,Con transbordo,336 → 334 → 338,C46 → C43 → C48,Av. Candiles/Luis G. Pastor → Blvd. de Las Américas/Río Lerma,"[""2250"", ""4152"", ""2251"", ""3679"", ""2627"", ""2508"", ""2509"", ""4138"", ""2291"", ""2292"", ""2293"", ""2294"", ""2295"", ""2296"", ""2418"", ""2419"", ""5180"", ""2672"", ""2201"", ""4241"", ""2310"", ""2311"", ""2312"", ""2313"", ""ESTACION_CORREGIDORA_SUR""]","[""336"", ""336"", ""336"", ""334"", ""334"", ""334"", ""334"", ""334"", ""338"", ""338"", ""338"", ""338"", ""338"", ""338"", ""338"", ""338"", ""338"", ""338"", ""338"", ""338"", ""338"", ""338"", ""338"", ""CAMINATA""]",5.0,Av. Candiles/Av. Chabacano,20.551188,-100.409296
1347,42.02561369590488,97,C22,2,34,3,Con transbordo,97 → 90 → 97,C22 → L51 → C22,Santa Bárbara → Constitución de 1917,"[""1347"", ""1348"", ""1349"", ""3655"", ""1350"", ""1351"", ""4142"", ""1292"", ""1293"", ""1294"", ""1295"", ""1296"", ""1297"", ""1298"", ""1299"", ""1300"", ""1301"", ""1302"", ""1761"", ""1303"", ""1304"", ""1305"", ""1306"", ""1432"", ""1433"", ""1434"", ""3297"", ""4241"", ""2310"", ""2311"", ""2312"", ""2313"", ""2314"", ""ESTACION_CORREGIDORA_SUR""]","[""97"", ""97"", ""97"", ""97"", ""97"", ""97"", ""97"", ""97"", ""97"", ""97"", ""97"", ""97"", ""97"", ""97"", ""97"", ""90"", ""90"", ""90"", ""90"", ""90"", ""90"", ""90"", ""90"", ""90"", ""90"", ""97"", ""97"", ""97"", ""97"", ""97"", ""97"", ""97"", ""CAMINATA""]",5.0,Calle 5 de Mayo/Calle Norberto Aguirre,20.554240732746,-100.43378371155
5077,42.03394702923822,139,C32,1,30,2,Con transbordo,139 → 321,C32 → C27,Cobá/Blvd de Los Gobernadores,"[""5077"", ""2489"", ""2472"", ""2473"", ""2474"", ""5078"", ""2475"", ""2476"", ""2477"", ""2212"", ""2213"", ""2214"", ""2215"", ""2478"", ""2308"", ""2028"", ""2029"", ""2030"", ""2031"", ""2309"", ""1919"", ""1920"", ""1921"", ""4241"", ""2310"", ""2311"", ""2312"", ""2313"", ""2314"", ""ESTACION_CORREGIDORA_SUR""]","[""139"", ""139"", ""321"", ""321"", ""321"", ""321"", ""321"", ""321"", ""321"", ""321"", ""321"", ""321"", ""321"", ""321"", ""321"", ""321"", ""321"", ""321"", ""321"", ""321"", ""321"", ""321"", ""321"", ""321"", ""321"", ""321"", ""321"", ""321"", ""CAMINATA""]",5.0,Blvd. de Los Gobernadores/Av. Casa Blanca,20.553000591352,-100.37323670805
3020,42.050609117037304,322,C29,1,30,2,Con transbordo,322 → 338,C29 → C48,Blvd. de Las Américas/Río Lerma,"[""3020"", ""3021"", ""4148"", ""4149"", ""4150"", ""3022"", ""5223"", ""4116"", ""2506"", ""2507"", ""2508"", ""2509"", ""4138"", ""2291"", ""2292"", ""2293"", ""2294"", ""2295"", ""2296"", ""2418"", ""2419"", ""5180"", ""2672"", ""2201"", ""4241"", ""2310"", ""2311"", ""2312"", ""2313"", ""ESTACION_CORREGIDORA_SUR""]","[""322"", ""322"", ""322"", ""322"", ""322"", ""322"", ""322"", ""322"", ""322"", ""322"", ""322"", ""322"", ""322"", ""338"", ""338"", ""338"", ""338"", ""338"", ""338"", ""338"", ""338"", ""338"", ""338"", ""338"", ""338"", ""338"", ""338"", ""338"", ""CAMINATA""]",5.0,Calle Camino Real/Universidad Tecmilenio,20.53256994,-100.4033222
1330,42.10894702923822,92,L53,3,23,4,Con transbordo,92 → 255 → 90 → 97,L53 → T11 → L51 → C22,Terminal Balvanera → Santa Bárbara → Constitución de 1917,"[""1330"", ""1399"", ""2190"", ""3301"", ""1300"", ""1301"", ""1302"", ""1761"", ""1303"", ""1304"", ""1305"", ""1306"", ""1432"", ""1433"", ""1434"", ""3297"", ""4241"", ""2310"", ""2311"", ""2312"", ""2313"", ""2314"", ""ESTACION_CORREGIDORA_SUR""]","[""92"", ""92"", ""255"", ""255"", ""90"", ""90"", ""90"", ""90"", ""90"", ""90"", ""90"", ""90"", ""90"", ""90"", ""97"", ""97"", ""97"", ""97"", ""97"", ""97"", ""97"", ""CAMINATA""]",5.0,Geranios/Prol. Jazmín,20.52890450515,-100.45467188135
2417,42.367275783703974,319,C24,2,28,3,Con transbordo,319 → 326 → 338,C24 → C35 → C48,Blvd. de Las Américas/Calle Cerro del Zamorano → Blvd. de Las Américas/Cerro del Fraile,"[""2417"", ""2359"", ""2360"", ""2361"", ""2362"", ""2363"", ""2364"", ""2365"", ""4129"", ""2290"", ""3600"", ""2291"", ""2292"", ""2293"", ""2294"", ""2295"", ""2296"", ""2418"", ""2419"", ""5180"", ""2672"", ""2201"", ""4241"", ""2310"", ""2311"", ""2312"", ""2313"", ""ESTACION_CORREGIDORA_SUR""]","[""319"", ""319"", ""319"", ""319"", ""319"", ""319"", ""319"", ""326"", ""326"", ""338"", ""338"", ""338"", ""338"", ""338"", ""338"", ""338"", ""338"", ""338"", ""338"", ""338"", ""338"", ""338"", ""338"", ""338"", ""338"", ""338"", ""CAMINATA""]",5.0,Blvd. de Las Américas/Enrique Rodiles,20.56115471,-100.3988669
2347,42.38394245037063,337,C47,2,21,3,Con transbordo,337 → 234 → 338,C47 → L117 → C48,Calle Antonio Carranza/Blvd. de Las Américas → Blvd. de Las Américas/Carlos Esquerro,"[""2347"", ""2348"", ""2349"", ""2559"", ""2560"", ""2561"", ""2562"", ""2563"", ""2614"", ""2615"", ""2418"", ""2419"", ""5180"", ""2672"", ""2201"", ""4241"", ""2310"", ""2311"", ""2312"", ""2313"", ""ESTACION_CORREGIDORA_SUR""]","[""337"", ""337"", ""337"", ""337"", ""337"", ""337"", ""337"", ""337"", ""337"", ""234"", ""338"", ""338"", ""338"", ""338"", ""338"", ""338"", ""338"", ""338"", ""338"", ""CAMINATA""]",5.0,Av. 6/Calle 11,20.573445,-100.389747
2663,42.433942450370644,233,L113,1,28,2,Con transbordo,233 → 338,L113 → C48,Blvd. de Las Américas/Cerro del Fraile,"[""2663"", ""2664"", ""2665"", ""2666"", ""2667"", ""2255"", ""2639"", ""5087"", ""3650"", ""2290"", ""3600"", ""2291"", ""2292"", ""2293"", ""2294"", ""2295"", ""2296"", ""2418"", ""2419"", ""5180"", ""2672"", ""2201"", ""4241"", ""2310"", ""2311"", ""2312"", ""2313"", ""ESTACION_CORREGIDORA_SUR""]","[""233"", ""233"", ""233"", ""233"", ""233"", ""233"", ""233"", ""233"", ""233"", ""338"", ""338"", ""338"", ""338"", ""338"", ""338"", ""338"", ""338"", ""338"", ""338"", ""338"", ""338"", ""338"", ""338"", ""338"", ""338"", ""338"", ""CAMINATA""]",5.0,Camino A Los Olvera/Paseo de Amsterdam,20.53786035,-100.4227553
2208,42.45061369590489,371,T03,1,29,2,Con transbordo,371 → 321,T03 → C27,Luis Pasteur/Calle 13,"[""2208"", ""2853"", ""2854"", ""2855"", ""2209"", ""5161"", ""2210"", ""2211"", ""2212"", ""2213"", ""2214"", ""2215"", ""2478"", ""2308"", ""2028"", ""2029"", ""2030"", ""2031"", ""2309"", ""1919"", ""1920"", ""1921"", ""4241"", ""2310"", ""2311"", ""2312"", ""2313"", ""2314"", ""ESTACION_CORREGIDORA_SUR""]","[""371"", ""371"", ""371"", ""371"", ""371"", ""371"", ""371"", ""371"", ""321"", ""321"", ""321"", ""321"", ""321"", ""321"", ""321"", ""321"", ""321"", ""321"", ""321"", ""321"", ""321"", ""321"", ""321"", ""321"", ""321"", ""321"", ""321"", ""CAMINATA""]",5.0,Boulevard de Los Gobernadores/Luis Pasteur,20.5494845,-100.3775243
2594,42.63394245037064,368,L61,2,27,3,Con transbordo,368 → 326 → 338,L61 → C35 → C48,Prol. Calle 27/República Mexicana → Blvd. de Las Américas/Cerro del Fraile,"[""2594"", ""2595"", ""3602"", ""2564"", ""5102"", ""2565"", ""2365"", ""4129"", ""2290"", ""3600"", ""2291"", ""2292"", ""2293"", ""2294"", ""2295"", ""2296"", ""2418"", ""2419"", ""5180"", ""2672"", ""2201"", ""4241"", ""2310"", ""2311"", ""2312"", ""2313"", ""ESTACION_CORREGIDORA_SUR""]","[""368"", ""368"", ""326"", ""326"", ""326"", ""326"", ""326"", ""326"", ""338"", ""338"", ""338"", ""338"", ""338"", ""338"", ""338"", ""338"", ""338"", ""338"", ""338"", ""338"", ""338"", ""338"", ""338"", ""338"", ""338"", ""CAMINATA""]",5.0,Calle 27/Calle 32,20.56192187,-100.3900877
2650,42.6506091170373,341,C51,2,26,3,Con transbordo,341 → 322 → 338,C51 → C29 → C48,Av. Candiles/Plaza Candiles → Blvd. de Las Américas/Río Lerma,"[""2650"", ""3892"", ""2677"", ""4136"", ""2678"", ""4137"", ""2508"", ""2509"", ""4138"", ""2291"", ""2292"", ""2293"", ""2294"", ""2295"", ""2296"", ""2418"", ""2419"", ""5180"", ""2672"", ""2201"", ""4241"", ""2310"", ""2311"", ""2312"", ""2313"", ""ESTACION_CORREGIDORA_SUR""]","[""341"", ""341"", ""341"", ""341"", ""341"", ""341"", ""322"", ""322"", ""322"", ""338"", ""338"", ""338"", ""338"", ""338"", ""338"", ""338"", ""338"", ""338"", ""338"", ""338"", ""338"", ""338"", ""338"", ""338"", ""CAMINATA""]",5.0,Calle Antonio Acona/Calle Laureles,20.555413566353,-100.39894319895
2414,42.7256136959049,98,C23,3,21,4,Con transbordo,98 → 370 → 90 → 97,C23 → T02 → L51 → C22,Prol. Zaragoza/Paseo de Las Plazas → Tejeda → Constitución de 1917,"[""2414"", ""1772"", ""1773"", ""2197"", ""2198"", ""1308"", ""1309"", ""1304"", ""1305"", ""1306"", ""1432"", ""1433"", ""1434"", ""3297"", ""4241"", ""2310"", ""2311"", ""2312"", ""2313"", ""2314"", ""ESTACION_CORREGIDORA_SUR""]","[""98"", ""370"", ""370"", ""370"", ""370"", ""370"", ""370"", ""90"", ""90"", ""90"", ""90"", ""90"", ""97"", ""97"", ""97"", ""97"", ""97"", ""97"", ""97"", ""CAMINATA""]",5.0,Prol. Zaragoza/Hacienda Escolásticas,20.571734752043,-100.41532213689
2408,42.75061369590488,322,C29,1,31,2,Con transbordo,322 → 321,C29 → C27,Circ. Lázaro Cárdenas/Prol. Pasteur Sur,"[""2408"", ""2491"", ""2492"", ""2493"", ""4130"", ""2495"", ""4147"", ""2496"", ""2497"", ""2477"", ""2212"", ""2213"", ""2214"", ""2215"", ""2478"", ""2308"", ""2028"", ""2029"", ""2030"", ""2031"", ""2309"", ""1919"", ""1920"", ""1921"", ""4241"", ""2310"", ""2311"", ""2312"", ""2313"", ""2314"", ""ESTACION_CORREGIDORA_SUR""]","[""322"", ""322"", ""322"", ""322"", ""322"", ""322"", ""322"", ""322"", ""322"", ""321"", ""321"", ""321"", ""321"", ""321"", ""321"", ""321"", ""321"", ""321"", ""321"", ""321"", ""321"", ""321"", ""321"", ""321"", ""321"", ""321"", ""321"", ""321"", ""321"", ""CAMINATA""]",5.0,Plaza San Juan de Letran/Plaza San Joaquín,20.570230109939,-100.37632335488
2644,42.78394245037064,336,C46,2,26,3,Con transbordo,336 → 334 → 338,C46 → C43 → C48,Av. Candiles/Luis G. Pastor → Blvd. de Las Américas/Río Lerma,"[""2644"", ""2250"", ""4152"", ""2251"", ""3679"", ""2627"", ""2508"", ""2509"", ""4138"", ""2291"", ""2292"", ""2293"", ""2294"", ""2295"", ""2296"", ""2418"", ""2419"", ""5180"", ""2672"", ""2201"", ""4241"", ""2310"", ""2311"", ""2312"", ""2313"", ""ESTACION_CORREGIDORA_SUR""]","[""336"", ""336"", ""336"", ""336"", ""334"", ""334"", ""334"", ""334"", ""334"", ""338"", ""338"", ""338"", ""338"", ""338"", ""338"", ""338"", ""338"", ""338"", ""338"", ""338"", ""338"", ""338"", ""338"", ""338"", ""CAMINATA""]",5.0,Av. Candiles/Priv. Campestre,20.55333497,-100.4102847
2631,42.93394245037064,337,C47,2,26,3,Con transbordo,337 → 334 → 338,C47 → C43 → C48,Av. Candiles/Parroquia de Nuestra Señora de la Esperanza → Blvd. de Las Américas/Río Lerma,"[""2631"", ""2250"", ""4152"", ""2251"", ""3679"", ""2627"", ""2508"", ""2509"", ""4138"", ""2291"", ""2292"", ""2293"", ""2294"", ""2295"", ""2296"", ""2418"", ""2419"", ""5180"", ""2672"", ""2201"", ""4241"", ""2310"", ""2311"", ""2312"", ""2313"", ""ESTACION_CORREGIDORA_SUR""]","[""337"", ""337"", ""337"", ""334"", ""334"", ""334"", ""334"", ""334"", ""334"", ""338"", ""338"", ""338"", ""338"", ""338"", ""338"", ""338"", ""338"", ""338"", ""338"", ""338"", ""338"", ""338"", ""338"", ""338"", ""CAMINATA""]",5.0,Av. Chabacano/Av. Candiles,20.55219783,-100.4089047
3296,42.992280362571556,96,C21,2,32,3,Con transbordo,96 → 90 → 97,C21 → L51 → C22,Santa Bárbara → Constitución de 1917,"[""3296"", ""3674"", ""1350"", ""1351"", ""4142"", ""1292"", ""1293"", ""1294"", ""1295"", ""1296"", ""1297"", ""1298"", ""1299"", ""1300"", ""1301"", ""1302"", ""1761"", ""1303"", ""1304"", ""1305"", ""1306"", ""1432"", ""1433"", ""1434"", ""3297"", ""4241"", ""2310"", ""2311"", ""2312"", ""2313"", ""2314"", ""ESTACION_CORREGIDORA_SUR""]","[""96"", ""96"", ""96"", ""96"", ""96"", ""96"", ""96"", ""96"", ""96"", ""96"", ""96"", ""96"", ""96"", ""90"", ""90"", ""90"", ""90"", ""90"", ""90"", ""90"", ""90"", ""90"", ""90"", ""97"", ""97"", ""97"", ""97"", ""97"", ""97"", ""97"", ""CAMINATA""]",5.0,Av. Santa María del Pueblito/Parque Cam Corregidora,20.55247285,-100.4468582
2521,43.050613695904886,139,C32,1,31,2,Con transbordo,139 → 321,C32 → C27,Cobá/Blvd de Los Gobernadores,"[""2521"", ""5077"", ""2489"", ""2472"", ""2473"", ""2474"", ""5078"", ""2475"", ""2476"", ""2477"", ""2212"", ""2213"", ""2214"", ""2215"", ""2478"", ""2308"", ""2028"", ""2029"", ""2030"", ""2031"", ""2309"", ""1919"", ""1920"", ""1921"", ""4241"", ""2310"", ""2311"", ""2312"", ""2313"", ""2314"", ""ESTACION_CORREGIDORA_SUR""]","[""139"", ""139"", ""139"", ""321"", ""321"", ""321"", ""321"", ""321"", ""321"", ""321"", ""321"", ""321"", ""321"", ""321"", ""321"", ""321"", ""321"", ""321"", ""321"", ""321"", ""321"", ""321"", ""321"", ""321"", ""321"", ""321"", ""321"", ""321"", ""321"", ""CAMINATA""]",5.0,Boulevard de Los Gobernadores/Pastizales,20.55154835158,-100.37472017655
5212,43.083942450370635,322,C29,1,31,2,Con transbordo,322 → 338,C29 → C48,Blvd. de Las Américas/Río Lerma,"[""5212"", ""3020"", ""3021"", ""4148"", ""4149"", ""4150"", ""3022"", ""5223"", ""4116"", ""2506"", ""2507"", ""2508"", ""2509"", ""4138"", ""2291"", ""2292"", ""2293"", ""2294"", ""2295"", ""2296"", ""2418"", ""2419"", ""5180"", ""2672"", ""2201"", ""4241"", ""2310"", ""2311"", ""2312"", ""2313"", ""ESTACION_CORREGIDORA_SUR""]","[""322"", ""322"", ""322"", ""322"", ""322"", ""322"", ""322"", ""322"", ""322"", ""322"", ""322"", ""322"", ""322"", ""322"", ""338"", ""338"", ""338"", ""338"", ""338"", ""338"", ""338"", ""338"", ""338"", ""338"", ""338"", ""338"", ""338"", ""338"", ""338"", ""CAMINATA""]",5.0,Calle Manzano/Calle Cedro Oriente,20.53498534963,-100.40518992465
2346,43.10060911703731,326,C35,1,34,2,Con transbordo,326 → 338,C35 → C48,Blvd. de Las Américas/Cerro del Fraile,"[""2346"", ""2347"", ""2348"", ""2349"", ""2559"", ""2560"", ""2561"", ""2562"", ""2563"", ""3602"", ""2564"", ""5102"", ""2565"", ""2365"", ""4129"", ""2290"", ""3600"", ""2291"", ""2292"", ""2293"", ""2294"", ""2295"", ""2296"", ""2418"", ""2419"", ""5180"", ""2672"", ""2201"", ""4241"", ""2310"", ""2311"", ""2312"", ""2313"", ""ESTACION_CORREGIDORA_SUR""]","[""326"", ""326"", ""326"", ""326"", ""326"", ""326"", ""326"", ""326"", ""326"", ""326"", ""326"", ""326"", ""326"", ""326"", ""326"", ""338"", ""338"", ""338"", ""338"", ""338"", ""338"", ""338"", ""338"", ""338"", ""338"", ""338"", ""338"", ""338"", ""338"", ""338"", ""338"", ""338"", ""CAMINATA""]",5.0,Av. 6/Calle 3,20.573939,-100.387718
1346,43.10061369590488,97,C22,2,35,3,Con transbordo,97 → 90 → 97,C22 → L51 → C22,Santa Bárbara → Constitución de 1917,"[""1346"", ""1347"", ""1348"", ""1349"", ""3655"", ""1350"", ""1351"", ""4142"", ""1292"", ""1293"", ""1294"", ""1295"", ""1296"", ""1297"", ""1298"", ""1299"", ""1300"", ""1301"", ""1302"", ""1761"", ""1303"", ""1304"", ""1305"", ""1306"", ""1432"", ""1433"", ""1434"", ""3297"", ""4241"", ""2310"", ""2311"", ""2312"", ""2313"", ""2314"", ""ESTACION_CORREGIDORA_SUR""]","[""97"", ""97"", ""97"", ""97"", ""97"", ""97"", ""97"", ""97"", ""97"", ""97"", ""97"", ""97"", ""97"", ""97"", ""97"", ""97"", ""90"", ""90"", ""90"", ""90"", ""90"", ""90"", ""90"", ""90"", ""90"", ""90"", ""97"", ""97"", ""97"", ""97"", ""97"", ""97"", ""97"", ""CAMINATA""]",5.0,5 de Mayo,20.557318805199,-100.43359001494
1368,43.192280362571566,94,L55,3,24,4,Con transbordo,94 → 255 → 90 → 97,L55 → T11 → L51 → C22,Terminal Balvanera → Santa Bárbara → Constitución de 1917,"[""1368"", ""1369"", ""1370"", ""2190"", ""3301"", ""1300"", ""1301"", ""1302"", ""1761"", ""1303"", ""1304"", ""1305"", ""1306"", ""1432"", ""1433"", ""1434"", ""3297"", ""4241"", ""2310"", ""2311"", ""2312"", ""2313"", ""2314"", ""ESTACION_CORREGIDORA_SUR""]","[""94"", ""94"", ""94"", ""255"", ""255"", ""90"", ""90"", ""90"", ""90"", ""90"", ""90"", ""90"", ""90"", ""90"", ""90"", ""97"", ""97"", ""97"", ""97"", ""97"", ""97"", ""97"", ""CAMINATA""]",5.0,Don José/Icateq Plantel Corregidora,20.531504625126,-100.45153375702
3016,43.217275783703975,373,T05,2,26,3,Con transbordo,373 → 334 → 338,T05 → C43 → C48,Av. Candiles/Parroquia de Nuestra Señora de la Esperanza → Blvd. de Las Américas/Río Lerma,"[""3016"", ""5079"", ""4152"", ""2251"", ""3679"", ""2627"", ""2508"", ""2509"", ""4138"", ""2291"", ""2292"", ""2293"", ""2294"", ""2295"", ""2296"", ""2418"", ""2419"", ""5180"", ""2672"", ""2201"", ""4241"", ""2310"", ""2311"", ""2312"", ""2313"", ""ESTACION_CORREGIDORA_SUR""]","[""373"", ""373"", ""373"", ""334"", ""334"", ""334"", ""334"", ""334"", ""334"", ""338"", ""338"", ""338"", ""338"", ""338"", ""338"", ""338"", ""338"", ""338"", ""338"", ""338"", ""338"", ""338"", ""338"", ""338"", ""CAMINATA""]",5.0,Prol. Av. Zaragoza/Los Olivos,20.55142707,-100.4110383
2416,43.300609117037304,319,C24,2,29,3,Con transbordo,319 → 326 → 338,C24 → C35 → C48,Blvd. de Las Américas/Calle Cerro del Zamorano → Blvd. de Las Américas/Cerro del Fraile,"[""2416"", ""2417"", ""2359"", ""2360"", ""2361"", ""2362"", ""2363"", ""2364"", ""2365"", ""4129"", ""2290"", ""3600"", ""2291"", ""2292"", ""2293"", ""2294"", ""2295"", ""2296"", ""2418"", ""2419"", ""5180"", ""2672"", ""2201"", ""4241"", ""2310"", ""2311"", ""2312"", ""2313"", ""ESTACION_CORREGIDORA_SUR""]","[""319"", ""319"", ""319"", ""319"", ""319"", ""319"", ""319"", ""319"", ""326"", ""326"", ""338"", ""338"", ""338"", ""338"", ""338"", ""338"", ""338"", ""338"", ""338"", ""338"", ""338"", ""338"", ""338"", ""338"", ""338"", ""338"", ""338"", ""CAMINATA""]",5.0,Blvd. de Las Américas/G. Garmedia,20.56358044,-100.4001199
2662,43.31727578370398,233,L113,1,29,2,Con transbordo,233 → 338,L113 → C48,Blvd. de Las Américas/Cerro del Fraile,"[""2662"", ""2663"", ""2664"", ""2665"", ""2666"", ""2667"", ""2255"", ""2639"", ""5087"", ""3650"", ""2290"", ""3600"", ""2291"", ""2292"", ""2293"", ""2294"", ""2295"", ""2296"", ""2418"", ""2419"", ""5180"", ""2672"", ""2201"", ""4241"", ""2310"", ""2311"", ""2312"", ""2313"", ""ESTACION_CORREGIDORA_SUR""]","[""233"", ""233"", ""233"", ""233"", ""233"", ""233"", ""233"", ""233"", ""233"", ""233"", ""338"", ""338"", ""338"", ""338"", ""338"", ""338"", ""338"", ""338"", ""338"", ""338"", ""338"", ""338"", ""338"", ""338"", ""338"", ""338"", ""338"", ""CAMINATA""]",5.0,Camino A Los Olvera/Universidad Corregidora de Querétaro,20.53967717,-100.4249123
1289,43.37561369590489,96,C21,2,33,3,Con transbordo,96 → 90 → 97,C21 → L51 → C22,Santa Bárbara → Constitución de 1917,"[""1289"", ""3296"", ""3674"", ""1350"", ""1351"", ""4142"", ""1292"", ""1293"", ""1294"", ""1295"", ""1296"", ""1297"", ""1298"", ""1299"", ""1300"", ""1301"", ""1302"", ""1761"", ""1303"", ""1304"", ""1305"", ""1306"", ""1432"", ""1433"", ""1434"", ""3297"", ""4241"", ""2310"", ""2311"", ""2312"", ""2313"", ""2314"", ""ESTACION_CORREGIDORA_SUR""]","[""96"", ""96"", ""96"", ""96"", ""96"", ""96"", ""96"", ""96"", ""96"", ""96"", ""96"", ""96"", ""96"", ""96"", ""90"", ""90"", ""90"", ""90"", ""90"", ""90"", ""90"", ""90"", ""90"", ""90"", ""97"", ""97"", ""97"", ""97"", ""97"", ""97"", ""97"", ""CAMINATA""]",5.0,Av. Santa María del Pueblito/Rivera del Rio,20.552077777778,-100.44785833333
2505,43.43394245037064,337,C47,2,30,3,Con transbordo,337 → 373 → 336,C47 → T05 → C46,Calle Francisco Alcocer/Fernando Díaz Ramírez → Fernando Díaz Ramírez/José Ugalde Rodríguez,"[""2505"", ""4114"", ""2257"", ""2258"", ""2259"", ""2260"", ""2261"", ""2262"", ""2263"", ""3023"", ""2264"", ""4393"", ""2199"", ""1762"", ""1763"", ""2200"", ""4430"", ""1764"", ""1765"", ""1766"", ""2201"", ""4241"", ""2310"", ""3570"", ""3571"", ""3572"", ""2311"", ""2312"", ""2313"", ""ESTACION_CORREGIDORA_SUR""]","[""337"", ""337"", ""373"", ""336"", ""336"", ""336"", ""336"", ""336"", ""336"", ""336"", ""336"", ""336"", ""336"", ""336"", ""336"", ""336"", ""336"", ""336"", ""336"", ""336"", ""336"", ""336"", ""336"", ""336"", ""336"", ""336"", ""336"", ""336"", ""CAMINATA""]",5.0,Av. Camino Real/Villa Tulipanes,20.544273,-100.399042
1770,43.442280362571566,370,T02,2,27,3,Con transbordo,370 → 90 → 97,T02 → L51 → C22,Tejeda → Constitución de 1917,"[""1770"", ""1771"", ""3687"", ""3688"", ""3727"", ""3616"", ""3617"", ""1772"", ""1773"", ""2197"", ""2198"", ""1308"", ""1309"", ""1304"", ""1305"", ""1306"", ""1432"", ""1433"", ""1434"", ""3297"", ""4241"", ""2310"", ""2311"", ""2312"", ""2313"", ""2314"", ""ESTACION_CORREGIDORA_SUR""]","[""370"", ""370"", ""370"", ""370"", ""370"", ""370"", ""370"", ""370"", ""370"", ""370"", ""370"", ""370"", ""370"", ""90"", ""90"", ""90"", ""90"", ""90"", ""97"", ""97"", ""97"", ""97"", ""97"", ""97"", ""97"", ""CAMINATA""]",5.0,Prol. Zaragoza/City Club,20.579741515718,-100.41455104574
2649,43.53394245037063,341,C51,2,27,3,Con transbordo,341 → 322 → 338,C51 → C29 → C48,Av. Candiles/Plaza Candiles → Blvd. de Las Américas/Río Lerma,"[""2649"", ""2650"", ""3892"", ""2677"", ""4136"", ""2678"", ""4137"", ""2508"", ""2509"", ""4138"", ""2291"", ""2292"", ""2293"", ""2294"", ""2295"", ""2296"", ""2418"", ""2419"", ""5180"", ""2672"", ""2201"", ""4241"", ""2310"", ""2311"", ""2312"", ""2313"", ""ESTACION_CORREGIDORA_SUR""]","[""341"", ""341"", ""341"", ""341"", ""341"", ""341"", ""341"", ""322"", ""322"", ""322"", ""338"", ""338"", ""338"", ""338"", ""338"", ""338"", ""338"", ""338"", ""338"", ""338"", ""338"", ""338"", ""338"", ""338"", ""338"", ""CAMINATA""]",5.0,Calle Antonio Acona/Blvd. de Las Américas,20.55532727,-100.3965772
3238,43.550609117037304,331,C40,2,25,3,Con transbordo,331 → 326 → 338,C40 → C35 → C48,Blvd. de Las Américas/Calle Cerro del Zamorano → Blvd. de Las Américas/Cerro del Fraile,"[""3238"", ""2362"", ""2363"", ""2364"", ""2365"", ""4129"", ""2290"", ""3600"", ""2291"", ""2292"", ""2293"", ""2294"", ""2295"", ""2296"", ""2418"", ""2419"", ""5180"", ""2672"", ""2201"", ""4241"", ""2310"", ""2311"", ""2312"", ""2313"", ""ESTACION_CORREGIDORA_SUR""]","[""331"", ""331"", ""331"", ""331"", ""326"", ""326"", ""338"", ""338"", ""338"", ""338"", ""338"", ""338"", ""338"", ""338"", ""338"", ""338"", ""338"", ""338"", ""338"", ""338"", ""338"", ""338"", ""338"", ""CAMINATA""]",5.0,República Dominicana/Calle Valle Verde,20.555433408062,-100.3915111805
1329,43.558947029238226,98,C23,3,24,4,Con transbordo,98 → 255 → 90 → 97,C23 → T11 → L51 → C22,Av. Paseo Constituyentes/Prol. Cuauhtémoc → Santa Bárbara → Constitución de 1917,"[""1329"", ""1330"", ""1399"", ""1331"", ""3301"", ""1300"", ""1301"", ""1302"", ""1761"", ""1303"", ""1304"", ""1305"", ""1306"", ""1432"", ""1433"", ""1434"", ""3297"", ""4241"", ""2310"", ""2311"", ""2312"", ""2313"", ""2314"", ""ESTACION_CORREGIDORA_SUR""]","[""98"", ""98"", ""98"", ""98"", ""255"", ""90"", ""90"", ""90"", ""90"", ""90"", ""90"", ""90"", ""90"", ""90"", ""90"", ""97"", ""97"", ""97"", ""97"", ""97"", ""97"", ""97"", ""CAMINATA""]",5.0,Av. Santa Ana/Libramiento Sur Poniente,20.52738303805,-100.45766574249
1320,43.667275783703964,98,C23,1,26,2,Con transbordo,98 → 338,C23 → C48,Ignacio Zaragoza/Imss,"[""1320"", ""3296"", ""3674"", ""3540"", ""1334"", ""1335"", ""1336"", ""1337"", ""1338"", ""1339"", ""1340"", ""1341"", ""1762"", ""1763"", ""2200"", ""4430"", ""1764"", ""1765"", ""1766"", ""2201"", ""4241"", ""2310"", ""2311"", ""2312"", ""2313"", ""ESTACION_CORREGIDORA_SUR""]","[""98"", ""98"", ""98"", ""98"", ""98"", ""98"", ""98"", ""98"", ""98"", ""98"", ""98"", ""98"", ""98"", ""98"", ""98"", ""98"", ""98"", ""98"", ""98"", ""338"", ""338"", ""338"", ""338"", ""338"", ""CAMINATA""]",5.0,Rivera del Rio/Parque Cam Corregidora,20.551880958242,-100.44738271458
2593,43.66727578370397,368,L61,2,28,3,Con transbordo,368 → 326 → 338,L61 → C35 → C48,Prol. Calle 27/República Mexicana → Blvd. de Las Américas/Cerro del Fraile,"[""2593"", ""2594"", ""2595"", ""3602"", ""2564"", ""5102"", ""2565"", ""2365"", ""4129"", ""2290"", ""3600"", ""2291"", ""2292"", ""2293"", ""2294"", ""2295"", ""2296"", ""2418"", ""2419"", ""5180"", ""2672"", ""2201"", ""4241"", ""2310"", ""2311"", ""2312"", ""2313"", ""ESTACION_CORREGIDORA_SUR""]","[""368"", ""368"", ""368"", ""326"", ""326"", ""326"", ""326"", ""326"", ""326"", ""338"", ""338"", ""338"", ""338"", ""338"", ""338"", ""338"", ""338"", ""338"", ""338"", ""338"", ""338"", ""338"", ""338"", ""338"", ""338"", ""338"", ""CAMINATA""]",5.0,Calle 27/Av. 26,20.564175,-100.390942
2413,43.70894702923823,98,C23,3,22,4,Con transbordo,98 → 370 → 90 → 97,C23 → T02 → L51 → C22,Prol. Zaragoza/Paseo de Las Plazas → Tejeda → Constitución de 1917,"[""2413"", ""2414"", ""1772"", ""1773"", ""2197"", ""2198"", ""1308"", ""1309"", ""1304"", ""1305"", ""1306"", ""1432"", ""1433"", ""1434"", ""3297"", ""4241"", ""2310"", ""2311"", ""2312"", ""2313"", ""2314"", ""ESTACION_CORREGIDORA_SUR""]","[""98"", ""98"", ""370"", ""370"", ""370"", ""370"", ""370"", ""370"", ""90"", ""90"", ""90"", ""90"", ""90"", ""97"", ""97"", ""97"", ""97"", ""97"", ""97"", ""97"", ""CAMINATA""]",5.0,Prol. Zaragoza/Hacienda Vegil,20.574005372369,-100.41547174493
2249,43.800609117037304,336,C46,2,27,3,Con transbordo,336 → 334 → 338,C46 → C43 → C48,Av. Candiles/Luis G. Pastor → Blvd. de Las Américas/Río Lerma,"[""2249"", ""2644"", ""2250"", ""4152"", ""2251"", ""3679"", ""2627"", ""2508"", ""2509"", ""4138"", ""2291"", ""2292"", ""2293"", ""2294"", ""2295"", ""2296"", ""2418"", ""2419"", ""5180"", ""2672"", ""2201"", ""4241"", ""2310"", ""2311"", ""2312"", ""2313"", ""ESTACION_CORREGIDORA_SUR""]","[""336"", ""336"", ""336"", ""336"", ""336"", ""334"", ""334"", ""334"", ""334"", ""334"", ""338"", ""338"", ""338"", ""338"", ""338"", ""338"", ""338"", ""338"", ""338"", ""338"", ""338"", ""338"", ""338"", ""338"", ""338"", ""CAMINATA""]",5.0,Av. Candiles/Puebla,20.55599005,-100.4120146
4315,43.94766393469596,396,T16,1,30,2,Con transbordo,396 → 325,T16 → C34,Alameda,"[""4315"", ""2625"", ""3577"", ""5107"", ""2490"", ""2464"", ""3343"", ""3344"", ""2442"", ""2471"", ""3596"", ""1473"", ""1474"", ""1476"", ""1472"", ""1471"", ""1470"", ""1469"", ""1439"", ""1438"", ""2537"", ""1920"", ""1921"", ""4241"", ""2310"", ""2311"", ""2312"", ""2313"", ""2681"", ""ESTACION_CORREGIDORA_SUR""]","[""396"", ""396"", ""396"", ""396"", ""396"", ""396"", ""396"", ""396"", ""396"", ""396"", ""396"", ""396"", ""396"", ""396"", ""396"", ""396"", ""396"", ""396"", ""325"", ""325"", ""325"", ""325"", ""325"", ""325"", ""325"", ""325"", ""325"", ""325"", ""CAMINATA""]",5.0,Parque Nacional El Cimatario,20.533684178417,-100.34089725948
5086,43.967275783703975,233,L113,1,30,2,Con transbordo,233 → 338,L113 → C48,Blvd. de Las Américas/Cerro del Fraile,"[""5086"", ""2662"", ""2663"", ""2664"", ""2665"", ""2666"", ""2667"", ""2255"", ""2639"", ""5087"", ""3650"", ""2290"", ""3600"", ""2291"", ""2292"", ""2293"", ""2294"", ""2295"", ""2296"", ""2418"", ""2419"", ""5180"", ""2672"", ""2201"", ""4241"", ""2310"", ""2311"", ""2312"", ""2313"", ""ESTACION_CORREGIDORA_SUR""]","[""233"", ""233"", ""233"", ""233"", ""233"", ""233"", ""233"", ""233"", ""233"", ""233"", ""233"", ""338"", ""338"", ""338"", ""338"", ""338"", ""338"", ""338"", ""338"", ""338"", ""338"", ""338"", ""338"", ""338"", ""338"", ""338"", ""338"", ""338"", ""CAMINATA""]",5.0,Camino A Los Olvera/Fraccionamiento Las Fuentes,20.540492732133,-100.42685013284
5118,43.9756136959049,408,C73,2,26,3,Con transbordo,408 → 90 → 97,C73 → L51 → C22,Carr. Coroneo/Av. Paseo Constituyentes → Constitución de 1917,"[""5118"", ""3019"", ""4274"", ""4275"", ""5119"", ""5205"", ""4111"", ""1300"", ""1301"", ""1302"", ""1761"", ""1303"", ""1304"", ""1305"", ""1306"", ""1432"", ""1433"", ""1434"", ""3297"", ""4241"", ""2310"", ""2311"", ""2312"", ""2313"", ""2314"", ""ESTACION_CORREGIDORA_SUR""]","[""408"", ""408"", ""408"", ""408"", ""408"", ""408"", ""90"", ""90"", ""90"", ""90"", ""90"", ""90"", ""90"", ""90"", ""90"", ""90"", ""90"", ""97"", ""97"", ""97"", ""97"", ""97"", ""97"", ""97"", ""CAMINATA""]",5.0,Libramiento Surponiente/Blvd. de Las Américas,20.53956289215,-100.38812604954
2763,44.06727578370396,356,L108,1,17,2,Con transbordo,356 → 338,L108 → C48,Ignacio Zaragoza/Imss,"[""2763"", ""2764"", ""2765"", ""4096"", ""4097"", ""4098"", ""4099"", ""2616"", ""4100"", ""1766"", ""2201"", ""4241"", ""2310"", ""2311"", ""2312"", ""2313"", ""ESTACION_CORREGIDORA_SUR""]","[""356"", ""356"", ""356"", ""356"", ""356"", ""356"", ""356"", ""356"", ""356"", ""356"", ""338"", ""338"", ""338"", ""338"", ""338"", ""CAMINATA""]",5.0,Carr. Tlacote/Av. del Quetzal,20.58972629,-100.4431908
1288,44.175613695904886,96,C21,2,34,3,Con transbordo,96 → 90 → 97,C21 → L51 → C22,Santa Bárbara → Constitución de 1917,"[""1288"", ""1289"", ""3296"", ""3674"", ""1350"", ""1351"", ""4142"", ""1292"", ""1293"", ""1294"", ""1295"", ""1296"", ""1297"", ""1298"", ""1299"", ""1300"", ""1301"", ""1302"", ""1761"", ""1303"", ""1304"", ""1305"", ""1306"", ""1432"", ""1433"", ""1434"", ""3297"", ""4241"", ""2310"", ""2311"", ""2312"", ""2313"", ""2314"", ""ESTACION_CORREGIDORA_SUR""]","[""96"", ""96"", ""96"", ""96"", ""96"", ""96"", ""96"", ""96"", ""96"", ""96"", ""96"", ""96"", ""96"", ""96"", ""96"", ""90"", ""90"", ""90"", ""90"", ""90"", ""90"", ""90"", ""90"", ""90"", ""90"", ""97"", ""97"", ""97"", ""97"", ""97"", ""97"", ""97"", ""CAMINATA""]",5.0,Orquídeas/Av. Sta María del Pueblito,20.552540124632,-100.45008612022
4125,44.25061369590489,331,C40,1,22,2,Con transbordo,331 → 353,C40 → C65,Hacienda Tequisquiapan/Hacienda Jaral de Penas,"[""4125"", ""3226"", ""2601"", ""3227"", ""3228"", ""3229"", ""3230"", ""3231"", ""3232"", ""3233"", ""3234"", ""3235"", ""3236"", ""2602"", ""4253"", ""3237"", ""3222"", ""3223"", ""3726"", ""3224"", ""2314"", ""ESTACION_CORREGIDORA_SUR""]","[""331"", ""331"", ""331"", ""331"", ""331"", ""331"", ""331"", ""331"", ""353"", ""353"", ""353"", ""353"", ""353"", ""353"", ""353"", ""353"", ""353"", ""353"", ""353"", ""353"", ""CAMINATA""]",5.0,Carr. Campo Militar/Plaza del Manifiesto Social,20.595313523654,-100.41568324017
1328,44.32561369590489,98,C23,3,25,4,Con transbordo,98 → 255 → 90 → 97,C23 → T11 → L51 → C22,Av. Paseo Constituyentes/Prol. Cuauhtémoc → Santa Bárbara → Constitución de 1917,"[""1328"", ""1329"", ""1330"", ""1399"", ""1331"", ""3301"", ""1300"", ""1301"", ""1302"", ""1761"", ""1303"", ""1304"", ""1305"", ""1306"", ""1432"", ""1433"", ""1434"", ""3297"", ""4241"", ""2310"", ""2311"", ""2312"", ""2313"", ""2314"", ""ESTACION_CORREGIDORA_SUR""]","[""98"", ""98"", ""98"", ""98"", ""98"", ""255"", ""90"", ""90"", ""90"", ""90"", ""90"", ""90"", ""90"", ""90"", ""90"", ""90"", ""97"", ""97"", ""97"", ""97"", ""97"", ""97"", ""97"", ""CAMINATA""]",5.0,Av. Santa Ana/16 de Septiembre,20.52563034688,-100.45697962417
4396,44.81727578370397,331,C40,2,26,3,Con transbordo,331 → 326 → 338,C40 → C35 → C48,Blvd. de Las Américas/Calle Cerro del Zamorano → Blvd. de Las Américas/Cerro del Fraile,"[""4396"", ""3238"", ""2362"", ""2363"", ""2364"", ""2365"", ""4129"", ""2290"", ""3600"", ""2291"", ""2292"", ""2293"", ""2294"", ""2295"", ""2296"", ""2418"", ""2419"", ""5180"", ""2672"", ""2201"", ""4241"", ""2310"", ""2311"", ""2312"", ""2313"", ""ESTACION_CORREGIDORA_SUR""]","[""331"", ""331"", ""331"", ""331"", ""331"", ""326"", ""326"", ""338"", ""338"", ""338"", ""338"", ""338"", ""338"", ""338"", ""338"", ""338"", ""338"", ""338"", ""338"", ""338"", ""338"", ""338"", ""338"", ""338"", ""CAMINATA""]",5.0,Calle Canadá/Calle República Mexicana,20.55749987,-100.3909332
1319,44.83394245037063,98,C23,1,27,2,Con transbordo,98 → 338,C23 → C48,Ignacio Zaragoza/Imss,"[""1319"", ""1320"", ""3296"", ""3674"", ""3540"", ""1334"", ""1335"", ""1336"", ""1337"", ""1338"", ""1339"", ""1340"", ""1341"", ""1762"", ""1763"", ""2200"", ""4430"", ""1764"", ""1765"", ""1766"", ""2201"", ""4241"", ""2310"", ""2311"", ""2312"", ""2313"", ""ESTACION_CORREGIDORA_SUR""]","[""98"", ""98"", ""98"", ""98"", ""98"", ""98"", ""98"", ""98"", ""98"", ""98"", ""98"", ""98"", ""98"", ""98"", ""98"", ""98"", ""98"", ""98"", ""98"", ""98"", ""338"", ""338"", ""338"", ""338"", ""338"", ""CAMINATA""]",5.0,Av. Fray Eulalio Hernández Rivera/Camino Al Cerrito,20.5497444621,-100.44535895378
1333,44.86727578370396,97,C22,2,24,3,Con transbordo,97 → 98 → 338,C22 → C23 → C48,5 de Mayo/Miguel Hidalgo → Ignacio Zaragoza/Imss,"[""1333"", ""3540"", ""1334"", ""1335"", ""1336"", ""1337"", ""1338"", ""1339"", ""1340"", ""1341"", ""1762"", ""1763"", ""2200"", ""4430"", ""1764"", ""1765"", ""1766"", ""2201"", ""4241"", ""2310"", ""2311"", ""2312"", ""2313"", ""ESTACION_CORREGIDORA_SUR""]","[""97"", ""97"", ""97"", ""97"", ""97"", ""98"", ""98"", ""98"", ""98"", ""98"", ""98"", ""98"", ""98"", ""98"", ""98"", ""98"", ""98"", ""338"", ""338"", ""338"", ""338"", ""338"", ""CAMINATA""]",5.0,Miguel Hidalgo/Salvador Sánchez Bárcenas,20.551350735615,-100.43991159447
3873,44.930997268029294,352,C64,1,29,2,Con transbordo,352 → 325,C64 → C34,Alameda,"[""3873"", ""3874"", ""3875"", ""3808"", ""3809"", ""3810"", ""3811"", ""3812"", ""4404"", ""3813"", ""5104"", ""1475"", ""1476"", ""1472"", ""1471"", ""1470"", ""1469"", ""1439"", ""1438"", ""2537"", ""1920"", ""1921"", ""4241"", ""2310"", ""2311"", ""2312"", ""2313"", ""2681"", ""ESTACION_CORREGIDORA_SUR""]","[""352"", ""352"", ""352"", ""352"", ""352"", ""352"", ""352"", ""352"", ""352"", ""352"", ""352"", ""352"", ""352"", ""352"", ""352"", ""352"", ""352"", ""325"", ""325"", ""325"", ""325"", ""325"", ""325"", ""325"", ""325"", ""325"", ""325"", ""CAMINATA""]",5.0,Carr. Federal No. 57/Elektron Querétaro,20.572038721193,-100.26480639222
1769,45.008947029238236,370,T02,2,28,3,Con transbordo,370 → 90 → 97,T02 → L51 → C22,Tejeda → Constitución de 1917,"[""1769"", ""1770"", ""1771"", ""3687"", ""3688"", ""3727"", ""3616"", ""3617"", ""1772"", ""1773"", ""2197"", ""2198"", ""1308"", ""1309"", ""1304"", ""1305"", ""1306"", ""1432"", ""1433"", ""1434"", ""3297"", ""4241"", ""2310"", ""2311"", ""2312"", ""2313"", ""2314"", ""ESTACION_CORREGIDORA_SUR""]","[""370"", ""370"", ""370"", ""370"", ""370"", ""370"", ""370"", ""370"", ""370"", ""370"", ""370"", ""370"", ""370"", ""370"", ""90"", ""90"", ""90"", ""90"", ""90"", ""97"", ""97"", ""97"", ""97"", ""97"", ""97"", ""97"", ""CAMINATA""]",5.0,Prol. Zaragoza/Cedros,20.580781428324,-100.40998775431
5062,45.01727578370397,375,T07,2,28,3,Con transbordo,375 → 326 → 338,T07 → C35 → C48,Blvd. de Las Américas/Calle Cerro del Zamorano → Blvd. de Las Américas/Cerro del Fraile,"[""5062"", ""2359"", ""2360"", ""2361"", ""2362"", ""2363"", ""2364"", ""2365"", ""4129"", ""2290"", ""3600"", ""2291"", ""2292"", ""2293"", ""2294"", ""2295"", ""2296"", ""2418"", ""2419"", ""5180"", ""2672"", ""2201"", ""4241"", ""2310"", ""2311"", ""2312"", ""2313"", ""ESTACION_CORREGIDORA_SUR""]","[""375"", ""375"", ""375"", ""375"", ""375"", ""375"", ""375"", ""326"", ""326"", ""338"", ""338"", ""338"", ""338"", ""338"", ""338"", ""338"", ""338"", ""338"", ""338"", ""338"", ""338"", ""338"", ""338"", ""338"", ""338"", ""338"", ""CAMINATA""]",5.0,Enrique Rodiles/Blvd. de Las Américas,20.561166797577,-100.39860160333
2651,45.050609117037304,337,C47,2,27,3,Con transbordo,337 → 334 → 338,C47 → C43 → C48,Av. Candiles/Parroquia de Nuestra Señora de la Esperanza → Blvd. de Las Américas/Río Lerma,"[""2651"", ""2631"", ""2250"", ""4152"", ""2251"", ""3679"", ""2627"", ""2508"", ""2509"", ""4138"", ""2291"", ""2292"", ""2293"", ""2294"", ""2295"", ""2296"", ""2418"", ""2419"", ""5180"", ""2672"", ""2201"", ""4241"", ""2310"", ""2311"", ""2312"", ""2313"", ""ESTACION_CORREGIDORA_SUR""]","[""337"", ""337"", ""337"", ""337"", ""334"", ""334"", ""334"", ""334"", ""334"", ""334"", ""338"", ""338"", ""338"", ""338"", ""338"", ""338"", ""338"", ""338"", ""338"", ""338"", ""338"", ""338"", ""338"", ""338"", ""338"", ""CAMINATA""]",5.0,Calle Antonio Acona/Calle Antonio Carranza,20.555583,-100.404354
3300,45.14228036257156,98,C23,3,26,4,Con transbordo,98 → 255 → 90 → 97,C23 → T11 → L51 → C22,Av. Paseo Constituyentes/Prol. Cuauhtémoc → Santa Bárbara → Constitución de 1917,"[""3300"", ""1328"", ""1329"", ""1330"", ""1399"", ""1331"", ""3301"", ""1300"", ""1301"", ""1302"", ""1761"", ""1303"", ""1304"", ""1305"", ""1306"", ""1432"", ""1433"", ""1434"", ""3297"", ""4241"", ""2310"", ""2311"", ""2312"", ""2313"", ""2314"", ""ESTACION_CORREGIDORA_SUR""]","[""98"", ""98"", ""98"", ""98"", ""98"", ""98"", ""255"", ""90"", ""90"", ""90"", ""90"", ""90"", ""90"", ""90"", ""90"", ""90"", ""90"", ""97"", ""97"", ""97"", ""97"", ""97"", ""97"", ""97"", ""CAMINATA""]",5.0,Calle 16 de Diciembre/Calle 5 de Mayo,20.52614205,-100.454926
3015,45.28394245037064,336,C46,2,28,3,Con transbordo,336 → 334 → 338,C46 → C43 → C48,Av. Candiles/Luis G. Pastor → Blvd. de Las Américas/Río Lerma,"[""3015"", ""2249"", ""2644"", ""2250"", ""4152"", ""2251"", ""3679"", ""2627"", ""2508"", ""2509"", ""4138"", ""2291"", ""2292"", ""2293"", ""2294"", ""2295"", ""2296"", ""2418"", ""2419"", ""5180"", ""2672"", ""2201"", ""4241"", ""2310"", ""2311"", ""2312"", ""2313"", ""ESTACION_CORREGIDORA_SUR""]","[""336"", ""336"", ""336"", ""336"", ""336"", ""336"", ""334"", ""334"", ""334"", ""334"", ""334"", ""338"", ""338"", ""338"", ""338"", ""338"", ""338"", ""338"", ""338"", ""338"", ""338"", ""338"", ""338"", ""338"", ""338"", ""338"", ""CAMINATA""]",5.0,Prol. Av. Zaragoza/Villas Corregidora,20.56033945,-100.4135713
2661,45.283942450370645,233,L113,1,31,2,Con transbordo,233 → 338,L113 → C48,Blvd. de Las Américas/Cerro del Fraile,"[""2661"", ""5086"", ""2662"", ""2663"", ""2664"", ""2665"", ""2666"", ""2667"", ""2255"", ""2639"", ""5087"", ""3650"", ""2290"", ""3600"", ""2291"", ""2292"", ""2293"", ""2294"", ""2295"", ""2296"", ""2418"", ""2419"", ""5180"", ""2672"", ""2201"", ""4241"", ""2310"", ""2311"", ""2312"", ""2313"", ""ESTACION_CORREGIDORA_SUR""]","[""233"", ""233"", ""233"", ""233"", ""233"", ""233"", ""233"", ""233"", ""233"", ""233"", ""233"", ""233"", ""338"", ""338"", ""338"", ""338"", ""338"", ""338"", ""338"", ""338"", ""338"", ""338"", ""338"", ""338"", ""338"", ""338"", ""338"", ""338"", ""338"", ""CAMINATA""]",5.0,Camino A Los Olvera/Av.Paseo Constituyentes,20.54114763,-100.4310796
4423,45.34766393469596,396,T16,1,31,2,Con transbordo,396 → 325,T16 → C34,Alameda,"[""4423"", ""4315"", ""2625"", ""3577"", ""5107"", ""2490"", ""2464"", ""3343"", ""3344"", ""2442"", ""2471"", ""3596"", ""1473"", ""1474"", ""1476"", ""1472"", ""1471"", ""1470"", ""1469"", ""1439"", ""1438"", ""2537"", ""1920"", ""1921"", ""4241"", ""2310"", ""2311"", ""2312"", ""2313"", ""2681"", ""ESTACION_CORREGIDORA_SUR""]","[""396"", ""396"", ""396"", ""396"", ""396"", ""396"", ""396"", ""396"", ""396"", ""396"", ""396"", ""396"", ""396"", ""396"", ""396"", ""396"", ""396"", ""396"", ""396"", ""325"", ""325"", ""325"", ""325"", ""325"", ""325"", ""325"", ""325"", ""325"", ""325"", ""CAMINATA""]",5.0,Qro 400/Qro 420,20.528199668815,-100.33734628899
2254,45.36727578370397,373,T05,3,25,4,Con transbordo,373 → 337 → 322 → 338,T05 → C47 → C29 → C48,Calle Francisco Alcocer/Eulogio Marroquín → Av. Camino Real/Primaria Bicentenario de la Independencia de México → Blvd. de Las Américas/Río Lerma,"[""2254"", ""4115"", ""4116"", ""2506"", ""2507"", ""2508"", ""2509"", ""4138"", ""2291"", ""2292"", ""2293"", ""2294"", ""2295"", ""2296"", ""2418"", ""2419"", ""5180"", ""2672"", ""2201"", ""4241"", ""2310"", ""2311"", ""2312"", ""2313"", ""ESTACION_CORREGIDORA_SUR""]","[""373"", ""337"", ""322"", ""322"", ""322"", ""322"", ""322"", ""322"", ""338"", ""338"", ""338"", ""338"", ""338"", ""338"", ""338"", ""338"", ""338"", ""338"", ""338"", ""338"", ""338"", ""338"", ""338"", ""CAMINATA""]",5.0,Fernando Díaz Ramírez/Calle Francisco Alcocer,20.541415,-100.403122
4153,45.45894702923823,408,C73,2,27,3,Con transbordo,408 → 90 → 97,C73 → L51 → C22,Carr. Coroneo/Av. Paseo Constituyentes → Constitución de 1917,"[""4153"", ""5118"", ""3019"", ""4274"", ""4275"", ""5119"", ""5205"", ""4111"", ""1300"", ""1301"", ""1302"", ""1761"", ""1303"", ""1304"", ""1305"", ""1306"", ""1432"", ""1433"", ""1434"", ""3297"", ""4241"", ""2310"", ""2311"", ""2312"", ""2313"", ""2314"", ""ESTACION_CORREGIDORA_SUR""]","[""408"", ""408"", ""408"", ""408"", ""408"", ""408"", ""408"", ""90"", ""90"", ""90"", ""90"", ""90"", ""90"", ""90"", ""90"", ""90"", ""90"", ""90"", ""97"", ""97"", ""97"", ""97"", ""97"", ""97"", ""97"", ""CAMINATA""]",5.0,Ezequiel Montes Sur/Libramiento Sur Poniente,20.54526302575,-100.38379937644
4095,45.517275783703965,356,L108,1,18,2,Con transbordo,356 → 338,L108 → C48,Ignacio Zaragoza/Imss,"[""4095"", ""2763"", ""2764"", ""2765"", ""4096"", ""4097"", ""4098"", ""4099"", ""2616"", ""4100"", ""1766"", ""2201"", ""4241"", ""2310"", ""2311"", ""2312"", ""2313"", ""ESTACION_CORREGIDORA_SUR""]","[""356"", ""356"", ""356"", ""356"", ""356"", ""356"", ""356"", ""356"", ""356"", ""356"", ""356"", ""338"", ""338"", ""338"", ""338"", ""338"", ""CAMINATA""]",5.0,Carr. Tlacote/Paseo de la Garza,20.590004611926,-100.44549414793
3298,45.53394702923822,97,C22,2,36,3,Con transbordo,97 → 90 → 97,C22 → L51 → C22,Santa Bárbara → Constitución de 1917,"[""3298"", ""1346"", ""1347"", ""1348"", ""1349"", ""3655"", ""1350"", ""1351"", ""4142"", ""1292"", ""1293"", ""1294"", ""1295"", ""1296"", ""1297"", ""1298"", ""1299"", ""1300"", ""1301"", ""1302"", ""1761"", ""1303"", ""1304"", ""1305"", ""1306"", ""1432"", ""1433"", ""1434"", ""3297"", ""4241"", ""2310"", ""2311"", ""2312"", ""2313"", ""2314"", ""ESTACION_CORREGIDORA_SUR""]","[""97"", ""97"", ""97"", ""97"", ""97"", ""97"", ""97"", ""97"", ""97"", ""97"", ""97"", ""97"", ""97"", ""97"", ""97"", ""97"", ""97"", ""90"", ""90"", ""90"", ""90"", ""90"", ""90"", ""90"", ""90"", ""90"", ""90"", ""97"", ""97"", ""97"", ""97"", ""97"", ""97"", ""97"", ""CAMINATA""]",5.0,Av. Prol. El Jacal/Calle Norberto Aguirre,20.55408215,-100.4402527
3925,45.700609117037295,97,C22,2,25,3,Con transbordo,97 → 98 → 338,C22 → C23 → C48,5 de Mayo/Miguel Hidalgo → Ignacio Zaragoza/Imss,"[""3925"", ""1333"", ""3540"", ""1334"", ""1335"", ""1336"", ""1337"", ""1338"", ""1339"", ""1340"", ""1341"", ""1762"", ""1763"", ""2200"", ""4430"", ""1764"", ""1765"", ""1766"", ""2201"", ""4241"", ""2310"", ""2311"", ""2312"", ""2313"", ""ESTACION_CORREGIDORA_SUR""]","[""97"", ""97"", ""97"", ""97"", ""97"", ""97"", ""98"", ""98"", ""98"", ""98"", ""98"", ""98"", ""98"", ""98"", ""98"", ""98"", ""98"", ""98"", ""338"", ""338"", ""338"", ""338"", ""338"", ""CAMINATA""]",5.0,Miguel Hidalgo/Camino Al Cerrito,20.549009622651,-100.43990287227
1287,45.70894702923822,96,C21,2,35,3,Con transbordo,96 → 90 → 97,C21 → L51 → C22,Santa Bárbara → Constitución de 1917,"[""1287"", ""1288"", ""1289"", ""3296"", ""3674"", ""1350"", ""1351"", ""4142"", ""1292"", ""1293"", ""1294"", ""1295"", ""1296"", ""1297"", ""1298"", ""1299"", ""1300"", ""1301"", ""1302"", ""1761"", ""1303"", ""1304"", ""1305"", ""1306"", ""1432"", ""1433"", ""1434"", ""3297"", ""4241"", ""2310"", ""2311"", ""2312"", ""2313"", ""2314"", ""ESTACION_CORREGIDORA_SUR""]","[""96"", ""96"", ""96"", ""96"", ""96"", ""96"", ""96"", ""96"", ""96"", ""96"", ""96"", ""96"", ""96"", ""96"", ""96"", ""96"", ""90"", ""90"", ""90"", ""90"", ""90"", ""90"", ""90"", ""90"", ""90"", ""90"", ""97"", ""97"", ""97"", ""97"", ""97"", ""97"", ""97"", ""CAMINATA""]",5.0,Rosas/Colegio George Müller,20.552388482972,-100.45454607122
1318,45.76727578370396,98,C23,1,28,2,Con transbordo,98 → 338,C23 → C48,Ignacio Zaragoza/Imss,"[""1318"", ""1319"", ""1320"", ""3296"", ""3674"", ""3540"", ""1334"", ""1335"", ""1336"", ""1337"", ""1338"", ""1339"", ""1340"", ""1341"", ""1762"", ""1763"", ""2200"", ""4430"", ""1764"", ""1765"", ""1766"", ""2201"", ""4241"", ""2310"", ""2311"", ""2312"", ""2313"", ""ESTACION_CORREGIDORA_SUR""]","[""98"", ""98"", ""98"", ""98"", ""98"", ""98"", ""98"", ""98"", ""98"", ""98"", ""98"", ""98"", ""98"", ""98"", ""98"", ""98"", ""98"", ""98"", ""98"", ""98"", ""98"", ""338"", ""338"", ""338"", ""338"", ""338"", ""CAMINATA""]",5.0,Av. Fray Eulalio Hernández Rivera/Unidad Deportiva El Pueblito,20.547454003248,-100.44527139823
1386,45.84228036257156,92,L53,3,24,4,Con transbordo,92 → 255 → 90 → 97,L53 → T11 → L51 → C22,Terminal Balvanera → Santa Bárbara → Constitución de 1917,"[""1386"", ""1330"", ""1399"", ""2190"", ""3301"", ""1300"", ""1301"", ""1302"", ""1761"", ""1303"", ""1304"", ""1305"", ""1306"", ""1432"", ""1433"", ""1434"", ""3297"", ""4241"", ""2310"", ""2311"", ""2312"", ""2313"", ""2314"", ""ESTACION_CORREGIDORA_SUR""]","[""92"", ""92"", ""92"", ""255"", ""255"", ""90"", ""90"", ""90"", ""90"", ""90"", ""90"", ""90"", ""90"", ""90"", ""90"", ""97"", ""97"", ""97"", ""97"", ""97"", ""97"", ""97"", ""CAMINATA""]",5.0,Geranios/Cedros,20.526639821454,-100.46254028446
2196,45.84228036257157,370,T02,2,29,3,Con transbordo,370 → 90 → 97,T02 → L51 → C22,Tejeda → Constitución de 1917,"[""2196"", ""1769"", ""1770"", ""1771"", ""3687"", ""3688"", ""3727"", ""3616"", ""3617"", ""1772"", ""1773"", ""2197"", ""2198"", ""1308"", ""1309"", ""1304"", ""1305"", ""1306"", ""1432"", ""1433"", ""1434"", ""3297"", ""4241"", ""2310"", ""2311"", ""2312"", ""2313"", ""2314"", ""ESTACION_CORREGIDORA_SUR""]","[""370"", ""370"", ""370"", ""370"", ""370"", ""370"", ""370"", ""370"", ""370"", ""370"", ""370"", ""370"", ""370"", ""370"", ""370"", ""90"", ""90"", ""90"", ""90"", ""90"", ""97"", ""97"", ""97"", ""97"", ""97"", ""97"", ""97"", ""CAMINATA""]",5.0,Prol. Zaragoza/Paseo 5 de Febrero,20.58161739,-100.4076853
5085,45.850609117037315,233,L113,1,32,2,Con transbordo,233 → 338,L113 → C48,Blvd. de Las Américas/Cerro del Fraile,"[""5085"", ""2661"", ""5086"", ""2662"", ""2663"", ""2664"", ""2665"", ""2666"", ""2667"", ""2255"", ""2639"", ""5087"", ""3650"", ""2290"", ""3600"", ""2291"", ""2292"", ""2293"", ""2294"", ""2295"", ""2296"", ""2418"", ""2419"", ""5180"", ""2672"", ""2201"", ""4241"", ""2310"", ""2311"", ""2312"", ""2313"", ""ESTACION_CORREGIDORA_SUR""]","[""233"", ""233"", ""233"", ""233"", ""233"", ""233"", ""233"", ""233"", ""233"", ""233"", ""233"", ""233"", ""233"", ""338"", ""338"", ""338"", ""338"", ""338"", ""338"", ""338"", ""338"", ""338"", ""338"", ""338"", ""338"", ""338"", ""338"", ""338"", ""338"", ""338"", ""CAMINATA""]",5.0,Josefa Ortiz de Domínguez,20.540981718645,-100.43291195963
3662,45.86433060136262,378,T10,3,27,4,Con transbordo,378 → 134 → 396 → 325,T10 → C26 → T16 → C34,Cerro Blanco/Fray Luis de León → Blvd. Centro Sur/Marqués de la Villa del Villar del Águila → Alameda,"[""3662"", ""2440"", ""2441"", ""5106"", ""3344"", ""2442"", ""2471"", ""3596"", ""1473"", ""1474"", ""1476"", ""1472"", ""1471"", ""1470"", ""1469"", ""1439"", ""1438"", ""2537"", ""1920"", ""1921"", ""4241"", ""2310"", ""2311"", ""2312"", ""2313"", ""2681"", ""ESTACION_CORREGIDORA_SUR""]","[""378"", ""134"", ""134"", ""134"", ""396"", ""396"", ""396"", ""396"", ""396"", ""396"", ""396"", ""396"", ""396"", ""396"", ""396"", ""325"", ""325"", ""325"", ""325"", ""325"", ""325"", ""325"", ""325"", ""325"", ""325"", ""CAMINATA""]",5.0,Plaza Comunitartia Inea Criq,20.57565905,-100.368033
2248,45.88394245037064,336,C46,2,29,3,Con transbordo,336 → 334 → 338,C46 → C43 → C48,Av. Candiles/Luis G. Pastor → Blvd. de Las Américas/Río Lerma,"[""2248"", ""3015"", ""2249"", ""2644"", ""2250"", ""4152"", ""2251"", ""3679"", ""2627"", ""2508"", ""2509"", ""4138"", ""2291"", ""2292"", ""2293"", ""2294"", ""2295"", ""2296"", ""2418"", ""2419"", ""5180"", ""2672"", ""2201"", ""4241"", ""2310"", ""2311"", ""2312"", ""2313"", ""ESTACION_CORREGIDORA_SUR""]","[""336"", ""336"", ""336"", ""336"", ""336"", ""336"", ""336"", ""334"", ""334"", ""334"", ""334"", ""334"", ""338"", ""338"", ""338"", ""338"", ""338"", ""338"", ""338"", ""338"", ""338"", ""338"", ""338"", ""338"", ""338"", ""338"", ""338"", ""CAMINATA""]",5.0,Prol. Av. Zaragoza/Calle 20 de Noviembre,20.56206774,-100.4142264
5100,45.992280362571556,129,L101,2,48,3,Con transbordo,129 → 90 → 97,L101 → L51 → C22,Pueblo Nuevo → Constitución de 1917,"[""5100"", ""1290"", ""1291"", ""4358"", ""1311"", ""5209"", ""1312"", ""1313"", ""1424"", ""1352"", ""1372"", ""1441"", ""1373"", ""1442"", ""1443"", ""1374"", ""1375"", ""1444"", ""1362"", ""1363"", ""1364"", ""1445"", ""1365"", ""1446"", ""1366"", ""1447"", ""1367"", ""1431"", ""4111"", ""1300"", ""1301"", ""1302"", ""1761"", ""1303"", ""1304"", ""1305"", ""1306"", ""1432"", ""1433"", ""1434"", ""3297"", ""4241"", ""2310"", ""2311"", ""2312"", ""2313"", ""2314"", ""ESTACION_CORREGIDORA_SUR""]","[""129"", ""129"", ""129"", ""129"", ""90"", ""90"", ""90"", ""90"", ""90"", ""90"", ""90"", ""90"", ""90"", ""90"", ""90"", ""90"", ""90"", ""90"", ""90"", ""90"", ""90"", ""90"", ""90"", ""90"", ""90"", ""90"", ""90"", ""90"", ""90"", ""90"", ""90"", ""90"", ""90"", ""90"", ""90"", ""90"", ""90"", ""90"", ""90"", ""97"", ""97"", ""97"", ""97"", ""97"", ""97"", ""97"", ""CAMINATA""]",5.0,Av. Santuarios de Guadalupe/Cto. Andamaxei,20.555906788668,-100.4453301325
2358,46.050609117037304,375,T07,2,29,3,Con transbordo,375 → 326 → 338,T07 → C35 → C48,Blvd. de Las Américas/Calle Cerro del Zamorano → Blvd. de Las Américas/Cerro del Fraile,"[""2358"", ""5062"", ""2359"", ""2360"", ""2361"", ""2362"", ""2363"", ""2364"", ""2365"", ""4129"", ""2290"", ""3600"", ""2291"", ""2292"", ""2293"", ""2294"", ""2295"", ""2296"", ""2418"", ""2419"", ""5180"", ""2672"", ""2201"", ""4241"", ""2310"", ""2311"", ""2312"", ""2313"", ""ESTACION_CORREGIDORA_SUR""]","[""375"", ""375"", ""375"", ""375"", ""375"", ""375"", ""375"", ""375"", ""326"", ""326"", ""338"", ""338"", ""338"", ""338"", ""338"", ""338"", ""338"", ""338"", ""338"", ""338"", ""338"", ""338"", ""338"", ""338"", ""338"", ""338"", ""338"", ""CAMINATA""]",5.0,Enrique Rodiles/Francisco Arias,20.562073,-100.39665
2253,46.1006091170373,373,T05,3,26,4,Con transbordo,373 → 337 → 322 → 338,T05 → C47 → C29 → C48,Calle Francisco Alcocer/Eulogio Marroquín → Av. Camino Real/Primaria Bicentenario de la Independencia de México → Blvd. de Las Américas/Río Lerma,"[""2253"", ""2254"", ""4115"", ""4116"", ""2506"", ""2507"", ""2508"", ""2509"", ""4138"", ""2291"", ""2292"", ""2293"", ""2294"", ""2295"", ""2296"", ""2418"", ""2419"", ""5180"", ""2672"", ""2201"", ""4241"", ""2310"", ""2311"", ""2312"", ""2313"", ""ESTACION_CORREGIDORA_SUR""]","[""373"", ""373"", ""337"", ""322"", ""322"", ""322"", ""322"", ""322"", ""322"", ""338"", ""338"", ""338"", ""338"", ""338"", ""338"", ""338"", ""338"", ""338"", ""338"", ""338"", ""338"", ""338"", ""338"", ""338"", ""CAMINATA""]",5.0,Fernando Díaz Ramírez/José Ugalde Rodríguez,20.54303761,-100.4039776
5163,46.10894702923823,98,C23,3,27,4,Con transbordo,98 → 255 → 90 → 97,C23 → T11 → L51 → C22,Av. Paseo Constituyentes/Prol. Cuauhtémoc → Santa Bárbara → Constitución de 1917,"[""5163"", ""3300"", ""1328"", ""1329"", ""1330"", ""1399"", ""1331"", ""3301"", ""1300"", ""1301"", ""1302"", ""1761"", ""1303"", ""1304"", ""1305"", ""1306"", ""1432"", ""1433"", ""1434"", ""3297"", ""4241"", ""2310"", ""2311"", ""2312"", ""2313"", ""2314"", ""ESTACION_CORREGIDORA_SUR""]","[""98"", ""98"", ""98"", ""98"", ""98"", ""98"", ""98"", ""255"", ""90"", ""90"", ""90"", ""90"", ""90"", ""90"", ""90"", ""90"", ""90"", ""90"", ""97"", ""97"", ""97"", ""97"", ""97"", ""97"", ""97"", ""CAMINATA""]",5.0,P/0051 Prol. Jazmín/Calle Laureles,20.526804838937,-100.45252199091
1760,46.117275783703974,336,C46,2,30,3,Con transbordo,336 → 334 → 338,C46 → C43 → C48,Av. Candiles/Luis G. Pastor → Blvd. de Las Américas/Río Lerma,"[""1760"", ""2248"", ""3015"", ""2249"", ""2644"", ""2250"", ""4152"", ""2251"", ""3679"", ""2627"", ""2508"", ""2509"", ""4138"", ""2291"", ""2292"", ""2293"", ""2294"", ""2295"", ""2296"", ""2418"", ""2419"", ""5180"", ""2672"", ""2201"", ""4241"", ""2310"", ""2311"", ""2312"", ""2313"", ""ESTACION_CORREGIDORA_SUR""]","[""336"", ""336"", ""336"", ""336"", ""336"", ""336"", ""336"", ""336"", ""334"", ""334"", ""334"", ""334"", ""334"", ""338"", ""338"", ""338"", ""338"", ""338"", ""338"", ""338"", ""338"", ""338"", ""338"", ""338"", ""338"", ""338"", ""338"", ""338"", ""CAMINATA""]",5.0,Prol. Av. Zaragoza/Av. Paseo Constituyentes,20.5627353,-100.4145215
5179,46.16727578370397,319,C24,2,30,3,Con transbordo,319 → 326 → 338,C24 → C35 → C48,Blvd. de Las Américas/Calle Cerro del Zamorano → Blvd. de Las Américas/Cerro del Fraile,"[""5179"", ""2416"", ""2417"", ""2359"", ""2360"", ""2361"", ""2362"", ""2363"", ""2364"", ""2365"", ""4129"", ""2290"", ""3600"", ""2291"", ""2292"", ""2293"", ""2294"", ""2295"", ""2296"", ""2418"", ""2419"", ""5180"", ""2672"", ""2201"", ""4241"", ""2310"", ""2311"", ""2312"", ""2313"", ""ESTACION_CORREGIDORA_SUR""]","[""319"", ""319"", ""319"", ""319"", ""319"", ""319"", ""319"", ""319"", ""319"", ""326"", ""326"", ""338"", ""338"", ""338"", ""338"", ""338"", ""338"", ""338"", ""338"", ""338"", ""338"", ""338"", ""338"", ""338"", ""338"", ""338"", ""338"", ""338"", ""CAMINATA""]",5.0,Av. 4/Umaa Imss,20.571908210434,-100.39931878706
2526,46.18394702923822,321,C27,2,30,3,Con transbordo,321 → 139 → 321,C27 → C32 → C27,Blvd de Los Gobernadores/Labná → Cobá/Blvd de Los Gobernadores,"[""2526"", ""2489"", ""2472"", ""2473"", ""2474"", ""5078"", ""2475"", ""2476"", ""2477"", ""2212"", ""2213"", ""2214"", ""2215"", ""2478"", ""2308"", ""2028"", ""2029"", ""2030"", ""2031"", ""2309"", ""1919"", ""1920"", ""1921"", ""4241"", ""2310"", ""2311"", ""2312"", ""2313"", ""2314"", ""ESTACION_CORREGIDORA_SUR""]","[""321"", ""139"", ""321"", ""321"", ""321"", ""321"", ""321"", ""321"", ""321"", ""321"", ""321"", ""321"", ""321"", ""321"", ""321"", ""321"", ""321"", ""321"", ""321"", ""321"", ""321"", ""321"", ""321"", ""321"", ""321"", ""321"", ""321"", ""321"", ""CAMINATA""]",5.0,Blvd. de Los Gobernadores/Labná,20.554494984166,-100.37203315419
3018,46.21727578370398,373,T05,2,26,3,Con transbordo,373 → 233 → 338,T05 → L113 → C48,Calle Manzano/Fresno → Blvd. de Las Américas/Cerro del Fraile,"[""3018"", ""3019"", ""5211"", ""2255"", ""2639"", ""5087"", ""3650"", ""2290"", ""3600"", ""2291"", ""2292"", ""2293"", ""2294"", ""2295"", ""2296"", ""2418"", ""2419"", ""5180"", ""2672"", ""2201"", ""4241"", ""2310"", ""2311"", ""2312"", ""2313"", ""ESTACION_CORREGIDORA_SUR""]","[""373"", ""373"", ""373"", ""233"", ""233"", ""233"", ""233"", ""338"", ""338"", ""338"", ""338"", ""338"", ""338"", ""338"", ""338"", ""338"", ""338"", ""338"", ""338"", ""338"", ""338"", ""338"", ""338"", ""338"", ""CAMINATA""]",5.0,Av. Camino Real/Calle del Arcangel,20.53814449,-100.3981345
3676,46.425613695904886,129,L101,2,49,3,Con transbordo,129 → 90 → 97,L101 → L51 → C22,Pueblo Nuevo → Constitución de 1917,"[""3676"", ""5100"", ""1290"", ""1291"", ""4358"", ""1311"", ""5209"", ""1312"", ""1313"", ""1424"", ""1352"", ""1372"", ""1441"", ""1373"", ""1442"", ""1443"", ""1374"", ""1375"", ""1444"", ""1362"", ""1363"", ""1364"", ""1445"", ""1365"", ""1446"", ""1366"", ""1447"", ""1367"", ""1431"", ""4111"", ""1300"", ""1301"", ""1302"", ""1761"", ""1303"", ""1304"", ""1305"", ""1306"", ""1432"", ""1433"", ""1434"", ""3297"", ""4241"", ""2310"", ""2311"", ""2312"", ""2313"", ""2314"", ""ESTACION_CORREGIDORA_SUR""]","[""129"", ""129"", ""129"", ""129"", ""129"", ""90"", ""90"", ""90"", ""90"", ""90"", ""90"", ""90"", ""90"", ""90"", ""90"", ""90"", ""90"", ""90"", ""90"", ""90"", ""90"", ""90"", ""90"", ""90"", ""90"", ""90"", ""90"", ""90"", ""90"", ""90"", ""90"", ""90"", ""90"", ""90"", ""90"", ""90"", ""90"", ""90"", ""90"", ""90"", ""97"", ""97"", ""97"", ""97"", ""97"", ""97"", ""97"", ""CAMINATA""]",5.0,Priv. de Enebro/Av. Santa María del Pueblito,20.555163503889,-100.44380607819
2399,46.450609117037295,97,C22,2,26,3,Con transbordo,97 → 98 → 338,C22 → C23 → C48,5 de Mayo/Miguel Hidalgo → Ignacio Zaragoza/Imss,"[""2399"", ""3925"", ""1333"", ""3540"", ""1334"", ""1335"", ""1336"", ""1337"", ""1338"", ""1339"", ""1340"", ""1341"", ""1762"", ""1763"", ""2200"", ""4430"", ""1764"", ""1765"", ""1766"", ""2201"", ""4241"", ""2310"", ""2311"", ""2312"", ""2313"", ""ESTACION_CORREGIDORA_SUR""]","[""97"", ""97"", ""97"", ""97"", ""97"", ""97"", ""97"", ""98"", ""98"", ""98"", ""98"", ""98"", ""98"", ""98"", ""98"", ""98"", ""98"", ""98"", ""98"", ""338"", ""338"", ""338"", ""338"", ""338"", ""CAMINATA""]",5.0,Miguel Hidalgo/Juventud,20.546896,-100.439903
5084,46.83394245037065,233,L113,1,33,2,Con transbordo,233 → 338,L113 → C48,Blvd. de Las Américas/Cerro del Fraile,"[""5084"", ""5085"", ""2661"", ""5086"", ""2662"", ""2663"", ""2664"", ""2665"", ""2666"", ""2667"", ""2255"", ""2639"", ""5087"", ""3650"", ""2290"", ""3600"", ""2291"", ""2292"", ""2293"", ""2294"", ""2295"", ""2296"", ""2418"", ""2419"", ""5180"", ""2672"", ""2201"", ""4241"", ""2310"", ""2311"", ""2312"", ""2313"", ""ESTACION_CORREGIDORA_SUR""]","[""233"", ""233"", ""233"", ""233"", ""233"", ""233"", ""233"", ""233"", ""233"", ""233"", ""233"", ""233"", ""233"", ""233"", ""338"", ""338"", ""338"", ""338"", ""338"", ""338"", ""338"", ""338"", ""338"", ""338"", ""338"", ""338"", ""338"", ""338"", ""338"", ""338"", ""338"", ""CAMINATA""]",5.0,Josefa Ortiz de Domínguez,20.540591191502,-100.43609985363
2252,46.8506091170373,373,T05,3,27,4,Con transbordo,373 → 337 → 322 → 338,T05 → C47 → C29 → C48,Calle Francisco Alcocer/Eulogio Marroquín → Av. Camino Real/Primaria Bicentenario de la Independencia de México → Blvd. de Las Américas/Río Lerma,"[""2252"", ""2253"", ""2254"", ""4115"", ""4116"", ""2506"", ""2507"", ""2508"", ""2509"", ""4138"", ""2291"", ""2292"", ""2293"", ""2294"", ""2295"", ""2296"", ""2418"", ""2419"", ""5180"", ""2672"", ""2201"", ""4241"", ""2310"", ""2311"", ""2312"", ""2313"", ""ESTACION_CORREGIDORA_SUR""]","[""373"", ""373"", ""373"", ""337"", ""322"", ""322"", ""322"", ""322"", ""322"", ""322"", ""338"", ""338"", ""338"", ""338"", ""338"", ""338"", ""338"", ""338"", ""338"", ""338"", ""338"", ""338"", ""338"", ""338"", ""338"", ""CAMINATA""]",5.0,José Guadalupe Velázquez/Lucio Olvera,20.54477027,-100.4032676
2760,46.9006136959049,140,L107,1,30,2,Con transbordo,140 → 321,L107 → C27,Luis Pasteur/Calle 13,"[""2760"", ""2208"", ""2853"", ""2854"", ""2855"", ""2209"", ""5161"", ""2210"", ""2211"", ""2212"", ""2213"", ""2214"", ""2215"", ""2478"", ""2308"", ""2028"", ""2029"", ""2030"", ""2031"", ""2309"", ""1919"", ""1920"", ""1921"", ""4241"", ""2310"", ""2311"", ""2312"", ""2313"", ""2314"", ""ESTACION_CORREGIDORA_SUR""]","[""140"", ""140"", ""140"", ""140"", ""140"", ""140"", ""140"", ""140"", ""140"", ""321"", ""321"", ""321"", ""321"", ""321"", ""321"", ""321"", ""321"", ""321"", ""321"", ""321"", ""321"", ""321"", ""321"", ""321"", ""321"", ""321"", ""321"", ""321"", ""CAMINATA""]",5.0,Prol. Pasteur Sur/Blvd. de Los Gobernadores,20.549592903662,-100.37744860008
1398,46.90894702923823,93,L54,4,23,5,Con transbordo,93 → 92 → 255 → 90 → 97,L54 → L53 → T11 → L51 → C22,Libramiento Sur Poniente/Geranios → Terminal Balvanera → Santa Bárbara → Constitución de 1917,"[""1398"", ""1399"", ""2190"", ""3301"", ""1300"", ""1301"", ""1302"", ""1761"", ""1303"", ""1304"", ""1305"", ""1306"", ""1432"", ""1433"", ""1434"", ""3297"", ""4241"", ""2310"", ""2311"", ""2312"", ""2313"", ""2314"", ""ESTACION_CORREGIDORA_SUR""]","[""93"", ""92"", ""255"", ""255"", ""90"", ""90"", ""90"", ""90"", ""90"", ""90"", ""90"", ""90"", ""90"", ""90"", ""97"", ""97"", ""97"", ""97"", ""97"", ""97"", ""97"", ""CAMINATA""]",5.0,Prol. Jazmín/Geranios,20.528994785428,-100.45426173589
5083,46.93394245037065,233,L113,1,34,2,Con transbordo,233 → 338,L113 → C48,Blvd. de Las Américas/Cerro del Fraile,"[""5083"", ""5084"", ""5085"", ""2661"", ""5086"", ""2662"", ""2663"", ""2664"", ""2665"", ""2666"", ""2667"", ""2255"", ""2639"", ""5087"", ""3650"", ""2290"", ""3600"", ""2291"", ""2292"", ""2293"", ""2294"", ""2295"", ""2296"", ""2418"", ""2419"", ""5180"", ""2672"", ""2201"", ""4241"", ""2310"", ""2311"", ""2312"", ""2313"", ""ESTACION_CORREGIDORA_SUR""]","[""233"", ""233"", ""233"", ""233"", ""233"", ""233"", ""233"", ""233"", ""233"", ""233"", ""233"", ""233"", ""233"", ""233"", ""233"", ""338"", ""338"", ""338"", ""338"", ""338"", ""338"", ""338"", ""338"", ""338"", ""338"", ""338"", ""338"", ""338"", ""338"", ""338"", ""338"", ""338"", ""CAMINATA""]",5.0,la Capilla/Josefa Ortiz de Domínguez,20.540775094457,-100.43634259639
1359,47.0756136959049,98,C23,3,28,4,Con transbordo,98 → 255 → 90 → 97,C23 → T11 → L51 → C22,Av. Paseo Constituyentes/Prol. Cuauhtémoc → Santa Bárbara → Constitución de 1917,"[""1359"", ""5163"", ""3300"", ""1328"", ""1329"", ""1330"", ""1399"", ""1331"", ""3301"", ""1300"", ""1301"", ""1302"", ""1761"", ""1303"", ""1304"", ""1305"", ""1306"", ""1432"", ""1433"", ""1434"", ""3297"", ""4241"", ""2310"", ""2311"", ""2312"", ""2313"", ""2314"", ""ESTACION_CORREGIDORA_SUR""]","[""98"", ""98"", ""98"", ""98"", ""98"", ""98"", ""98"", ""98"", ""255"", ""90"", ""90"", ""90"", ""90"", ""90"", ""90"", ""90"", ""90"", ""90"", ""90"", ""97"", ""97"", ""97"", ""97"", ""97"", ""97"", ""97"", ""CAMINATA""]",5.0,Prol. Jazmín/Revolución,20.524929679135,-100.45099492608
5178,47.1006091170373,319,C24,2,31,3,Con transbordo,319 → 326 → 338,C24 → C35 → C48,Blvd. de Las Américas/Calle Cerro del Zamorano → Blvd. de Las Américas/Cerro del Fraile,"[""5178"", ""5179"", ""2416"", ""2417"", ""2359"", ""2360"", ""2361"", ""2362"", ""2363"", ""2364"", ""2365"", ""4129"", ""2290"", ""3600"", ""2291"", ""2292"", ""2293"", ""2294"", ""2295"", ""2296"", ""2418"", ""2419"", ""5180"", ""2672"", ""2201"", ""4241"", ""2310"", ""2311"", ""2312"", ""2313"", ""ESTACION_CORREGIDORA_SUR""]","[""319"", ""319"", ""319"", ""319"", ""319"", ""319"", ""319"", ""319"", ""319"", ""319"", ""326"", ""326"", ""338"", ""338"", ""338"", ""338"", ""338"", ""338"", ""338"", ""338"", ""338"", ""338"", ""338"", ""338"", ""338"", ""338"", ""338"", ""338"", ""338"", ""CAMINATA""]",5.0,Av. 4/Calle 37,20.573082095613,-100.39672151969
3584,47.16727578370396,98,C23,1,29,2,Con transbordo,98 → 338,C23 → C48,Ignacio Zaragoza/Imss,"[""3584"", ""1318"", ""1319"", ""1320"", ""3296"", ""3674"", ""3540"", ""1334"", ""1335"", ""1336"", ""1337"", ""1338"", ""1339"", ""1340"", ""1341"", ""1762"", ""1763"", ""2200"", ""4430"", ""1764"", ""1765"", ""1766"", ""2201"", ""4241"", ""2310"", ""2311"", ""2312"", ""2313"", ""ESTACION_CORREGIDORA_SUR""]","[""98"", ""98"", ""98"", ""98"", ""98"", ""98"", ""98"", ""98"", ""98"", ""98"", ""98"", ""98"", ""98"", ""98"", ""98"", ""98"", ""98"", ""98"", ""98"", ""98"", ""98"", ""98"", ""338"", ""338"", ""338"", ""338"", ""338"", ""CAMINATA""]",5.0,Av. Fray Euliano Hernández Rivera/Callejon Haciendas del Pueblito,20.54405331,-100.4448674
2415,47.26727578370396,368,L61,3,23,4,Con transbordo,368 → 332 → 234 → 338,L61 → C41 → L117 → C48,Calle 27/Av. 6 → Calle Antonio Carranza/Blvd. de Las Américas → Blvd. de Las Américas/Carlos Esquerro,"[""2415"", ""2350"", ""2351"", ""2352"", ""2353"", ""2354"", ""2355"", ""2612"", ""2613"", ""3327"", ""2614"", ""2615"", ""2418"", ""2419"", ""5180"", ""2672"", ""2201"", ""4241"", ""2310"", ""2311"", ""2312"", ""2313"", ""ESTACION_CORREGIDORA_SUR""]","[""368"", ""332"", ""332"", ""332"", ""332"", ""332"", ""332"", ""332"", ""332"", ""332"", ""332"", ""234"", ""338"", ""338"", ""338"", ""338"", ""338"", ""338"", ""338"", ""338"", ""338"", ""CAMINATA""]",5.0,Av. 4/Calle 27,20.573871473759,-100.3935112448
2488,47.300613695904886,321,C27,2,31,3,Con transbordo,321 → 139 → 321,C27 → C32 → C27,Blvd de Los Gobernadores/Labná → Cobá/Blvd de Los Gobernadores,"[""2488"", ""2526"", ""2489"", ""2472"", ""2473"", ""2474"", ""5078"", ""2475"", ""2476"", ""2477"", ""2212"", ""2213"", ""2214"", ""2215"", ""2478"", ""2308"", ""2028"", ""2029"", ""2030"", ""2031"", ""2309"", ""1919"", ""1920"", ""1921"", ""4241"", ""2310"", ""2311"", ""2312"", ""2313"", ""2314"", ""ESTACION_CORREGIDORA_SUR""]","[""321"", ""321"", ""139"", ""321"", ""321"", ""321"", ""321"", ""321"", ""321"", ""321"", ""321"", ""321"", ""321"", ""321"", ""321"", ""321"", ""321"", ""321"", ""321"", ""321"", ""321"", ""321"", ""321"", ""321"", ""321"", ""321"", ""321"", ""321"", ""321"", ""CAMINATA""]",5.0,Cobá/Blvd de Los Gobernadores,20.556378807637,-100.37004328427
3299,47.325613695904885,129,L101,2,50,3,Con transbordo,129 → 90 → 97,L101 → L51 → C22,Pueblo Nuevo → Constitución de 1917,"[""3299"", ""3676"", ""5100"", ""1290"", ""1291"", ""4358"", ""1311"", ""5209"", ""1312"", ""1313"", ""1424"", ""1352"", ""1372"", ""1441"", ""1373"", ""1442"", ""1443"", ""1374"", ""1375"", ""1444"", ""1362"", ""1363"", ""1364"", ""1445"", ""1365"", ""1446"", ""1366"", ""1447"", ""1367"", ""1431"", ""4111"", ""1300"", ""1301"", ""1302"", ""1761"", ""1303"", ""1304"", ""1305"", ""1306"", ""1432"", ""1433"", ""1434"", ""3297"", ""4241"", ""2310"", ""2311"", ""2312"", ""2313"", ""2314"", ""ESTACION_CORREGIDORA_SUR""]","[""129"", ""129"", ""129"", ""129"", ""129"", ""129"", ""90"", ""90"", ""90"", ""90"", ""90"", ""90"", ""90"", ""90"", ""90"", ""90"", ""90"", ""90"", ""90"", ""90"", ""90"", ""90"", ""90"", ""90"", ""90"", ""90"", ""90"", ""90"", ""90"", ""90"", ""90"", ""90"", ""90"", ""90"", ""90"", ""90"", ""90"", ""90"", ""90"", ""90"", ""90"", ""97"", ""97"", ""97"", ""97"", ""97"", ""97"", ""97"", ""CAMINATA""]",5.0,Av. Prol. El Jacal/Calle Norberto Aguirre,20.55397394,-100.4405104
1387,47.35894702923822,92,L53,3,25,4,Con transbordo,92 → 255 → 90 → 97,L53 → T11 → L51 → C22,Terminal Balvanera → Santa Bárbara → Constitución de 1917,"[""1387"", ""1386"", ""1330"", ""1399"", ""2190"", ""3301"", ""1300"", ""1301"", ""1302"", ""1761"", ""1303"", ""1304"", ""1305"", ""1306"", ""1432"", ""1433"", ""1434"", ""3297"", ""4241"", ""2310"", ""2311"", ""2312"", ""2313"", ""2314"", ""ESTACION_CORREGIDORA_SUR""]","[""92"", ""92"", ""92"", ""92"", ""255"", ""255"", ""90"", ""90"", ""90"", ""90"", ""90"", ""90"", ""90"", ""90"", ""90"", ""90"", ""97"", ""97"", ""97"", ""97"", ""97"", ""97"", ""97"", ""CAMINATA""]",5.0,Josefa Vergara/Ignacio Pérez,20.525180427099,-100.46548860219
5204,47.375613695904896,408,C73,2,28,3,Con transbordo,408 → 90 → 97,C73 → L51 → C22,Carr. Coroneo/Av. Paseo Constituyentes → Constitución de 1917,"[""5204"", ""4153"", ""5118"", ""3019"", ""4274"", ""4275"", ""5119"", ""5205"", ""4111"", ""1300"", ""1301"", ""1302"", ""1761"", ""1303"", ""1304"", ""1305"", ""1306"", ""1432"", ""1433"", ""1434"", ""3297"", ""4241"", ""2310"", ""2311"", ""2312"", ""2313"", ""2314"", ""ESTACION_CORREGIDORA_SUR""]","[""408"", ""408"", ""408"", ""408"", ""408"", ""408"", ""408"", ""408"", ""90"", ""90"", ""90"", ""90"", ""90"", ""90"", ""90"", ""90"", ""90"", ""90"", ""90"", ""97"", ""97"", ""97"", ""97"", ""97"", ""97"", ""97"", ""CAMINATA""]",5.0,Libramiento Surponiente,20.549287859354,-100.37509449076
3017,47.40060911703731,373,T05,2,27,3,Con transbordo,373 → 233 → 338,T05 → L113 → C48,Calle Manzano/Fresno → Blvd. de Las Américas/Cerro del Fraile,"[""3017"", ""3018"", ""3019"", ""5211"", ""2255"", ""2639"", ""5087"", ""3650"", ""2290"", ""3600"", ""2291"", ""2292"", ""2293"", ""2294"", ""2295"", ""2296"", ""2418"", ""2419"", ""5180"", ""2672"", ""2201"", ""4241"", ""2310"", ""2311"", ""2312"", ""2313"", ""ESTACION_CORREGIDORA_SUR""]","[""373"", ""373"", ""373"", ""373"", ""233"", ""233"", ""233"", ""233"", ""338"", ""338"", ""338"", ""338"", ""338"", ""338"", ""338"", ""338"", ""338"", ""338"", ""338"", ""338"", ""338"", ""338"", ""338"", ""338"", ""338"", ""CAMINATA""]",5.0,Av. Camino Real/Calle Mirador del Cimatario,20.54069809,-100.3997427
2357,47.41727578370397,375,T07,2,30,3,Con transbordo,375 → 326 → 338,T07 → C35 → C48,Blvd. de Las Américas/Calle Cerro del Zamorano → Blvd. de Las Américas/Cerro del Fraile,"[""2357"", ""2358"", ""5062"", ""2359"", ""2360"", ""2361"", ""2362"", ""2363"", ""2364"", ""2365"", ""4129"", ""2290"", ""3600"", ""2291"", ""2292"", ""2293"", ""2294"", ""2295"", ""2296"", ""2418"", ""2419"", ""5180"", ""2672"", ""2201"", ""4241"", ""2310"", ""2311"", ""2312"", ""2313"", ""ESTACION_CORREGIDORA_SUR""]","[""375"", ""375"", ""375"", ""375"", ""375"", ""375"", ""375"", ""375"", ""375"", ""326"", ""326"", ""338"", ""338"", ""338"", ""338"", ""338"", ""338"", ""338"", ""338"", ""338"", ""338"", ""338"", ""338"", ""338"", ""338"", ""338"", ""338"", ""338"", ""CAMINATA""]",5.0,J. Novelo/Calle José Ma. Lozano,20.56451641,-100.3954098
2759,47.6506136959049,140,L107,1,31,2,Con transbordo,140 → 321,L107 → C27,Luis Pasteur/Calle 13,"[""2759"", ""2760"", ""2208"", ""2853"", ""2854"", ""2855"", ""2209"", ""5161"", ""2210"", ""2211"", ""2212"", ""2213"", ""2214"", ""2215"", ""2478"", ""2308"", ""2028"", ""2029"", ""2030"", ""2031"", ""2309"", ""1919"", ""1920"", ""1921"", ""4241"", ""2310"", ""2311"", ""2312"", ""2313"", ""2314"", ""ESTACION_CORREGIDORA_SUR""]","[""140"", ""140"", ""140"", ""140"", ""140"", ""140"", ""140"", ""140"", ""140"", ""140"", ""321"", ""321"", ""321"", ""321"", ""321"", ""321"", ""321"", ""321"", ""321"", ""321"", ""321"", ""321"", ""321"", ""321"", ""321"", ""321"", ""321"", ""321"", ""321"", ""CAMINATA""]",5.0,Calle Luis Pasteur Sur/Bugambilias,20.550693338306,-100.37750096741
2397,47.90060911703732,233,L113,1,35,2,Con transbordo,233 → 338,L113 → C48,Blvd. de Las Américas/Cerro del Fraile,"[""2397"", ""5083"", ""5084"", ""5085"", ""2661"", ""5086"", ""2662"", ""2663"", ""2664"", ""2665"", ""2666"", ""2667"", ""2255"", ""2639"", ""5087"", ""3650"", ""2290"", ""3600"", ""2291"", ""2292"", ""2293"", ""2294"", ""2295"", ""2296"", ""2418"", ""2419"", ""5180"", ""2672"", ""2201"", ""4241"", ""2310"", ""2311"", ""2312"", ""2313"", ""ESTACION_CORREGIDORA_SUR""]","[""233"", ""233"", ""233"", ""233"", ""233"", ""233"", ""233"", ""233"", ""233"", ""233"", ""233"", ""233"", ""233"", ""233"", ""233"", ""233"", ""338"", ""338"", ""338"", ""338"", ""338"", ""338"", ""338"", ""338"", ""338"", ""338"", ""338"", ""338"", ""338"", ""338"", ""338"", ""338"", ""338"", ""CAMINATA""]",5.0,Josefa Ortiz de Domínguez/Miguel Hidalgo,20.540289,-100.439439
4094,48.083942450370635,356,L108,1,19,2,Con transbordo,356 → 338,L108 → C48,Ignacio Zaragoza/Imss,"[""4094"", ""4095"", ""2763"", ""2764"", ""2765"", ""4096"", ""4097"", ""4098"", ""4099"", ""2616"", ""4100"", ""1766"", ""2201"", ""4241"", ""2310"", ""2311"", ""2312"", ""2313"", ""ESTACION_CORREGIDORA_SUR""]","[""356"", ""356"", ""356"", ""356"", ""356"", ""356"", ""356"", ""356"", ""356"", ""356"", ""356"", ""356"", ""338"", ""338"", ""338"", ""338"", ""338"", ""CAMINATA""]",5.0,Carr. Tlacote/Paseo de la Garza,20.590505400703,-100.44957817515
2398,48.100609117037294,97,C22,2,27,3,Con transbordo,97 → 98 → 338,C22 → C23 → C48,5 de Mayo/Miguel Hidalgo → Ignacio Zaragoza/Imss,"[""2398"", ""2399"", ""3925"", ""1333"", ""3540"", ""1334"", ""1335"", ""1336"", ""1337"", ""1338"", ""1339"", ""1340"", ""1341"", ""1762"", ""1763"", ""2200"", ""4430"", ""1764"", ""1765"", ""1766"", ""2201"", ""4241"", ""2310"", ""2311"", ""2312"", ""2313"", ""ESTACION_CORREGIDORA_SUR""]","[""97"", ""97"", ""97"", ""97"", ""97"", ""97"", ""97"", ""97"", ""98"", ""98"", ""98"", ""98"", ""98"", ""98"", ""98"", ""98"", ""98"", ""98"", ""98"", ""98"", ""338"", ""338"", ""338"", ""338"", ""338"", ""CAMINATA""]",5.0,Miguel Hidalgo/Fray Sebastián Gallegos,20.54223346,-100.4397822
2356,48.16727578370397,375,T07,2,31,3,Con transbordo,375 → 326 → 338,T07 → C35 → C48,Blvd. de Las Américas/Calle Cerro del Zamorano → Blvd. de Las Américas/Cerro del Fraile,"[""2356"", ""2357"", ""2358"", ""5062"", ""2359"", ""2360"", ""2361"", ""2362"", ""2363"", ""2364"", ""2365"", ""4129"", ""2290"", ""3600"", ""2291"", ""2292"", ""2293"", ""2294"", ""2295"", ""2296"", ""2418"", ""2419"", ""5180"", ""2672"", ""2201"", ""4241"", ""2310"", ""2311"", ""2312"", ""2313"", ""ESTACION_CORREGIDORA_SUR""]","[""375"", ""375"", ""375"", ""375"", ""375"", ""375"", ""375"", ""375"", ""375"", ""375"", ""326"", ""326"", ""338"", ""338"", ""338"", ""338"", ""338"", ""338"", ""338"", ""338"", ""338"", ""338"", ""338"", ""338"", ""338"", ""338"", ""338"", ""338"", ""338"", ""CAMINATA""]",5.0,Calle Rafael de la Mora/Calle 39,20.56574819,-100.3945453
1327,48.208947029238225,93,L54,4,24,5,Con transbordo,93 → 92 → 255 → 90 → 97,L54 → L53 → T11 → L51 → C22,Libramiento Sur Poniente/Geranios → Terminal Balvanera → Santa Bárbara → Constitución de 1917,"[""1327"", ""1398"", ""1399"", ""2190"", ""3301"", ""1300"", ""1301"", ""1302"", ""1761"", ""1303"", ""1304"", ""1305"", ""1306"", ""1432"", ""1433"", ""1434"", ""3297"", ""4241"", ""2310"", ""2311"", ""2312"", ""2313"", ""2314"", ""ESTACION_CORREGIDORA_SUR""]","[""93"", ""93"", ""92"", ""255"", ""255"", ""90"", ""90"", ""90"", ""90"", ""90"", ""90"", ""90"", ""90"", ""90"", ""90"", ""97"", ""97"", ""97"", ""97"", ""97"", ""97"", ""97"", ""CAMINATA""]",5.0,Prol. Jazmín/Calle Laureles,20.526804838937,-100.45252199091
3583,48.25060911703729,98,C23,1,30,2,Con transbordo,98 → 338,C23 → C48,Ignacio Zaragoza/Imss,"[""3583"", ""3584"", ""1318"", ""1319"", ""1320"", ""3296"", ""3674"", ""3540"", ""1334"", ""1335"", ""1336"", ""1337"", ""1338"", ""1339"", ""1340"", ""1341"", ""1762"", ""1763"", ""2200"", ""4430"", ""1764"", ""1765"", ""1766"", ""2201"", ""4241"", ""2310"", ""2311"", ""2312"", ""2313"", ""ESTACION_CORREGIDORA_SUR""]","[""98"", ""98"", ""98"", ""98"", ""98"", ""98"", ""98"", ""98"", ""98"", ""98"", ""98"", ""98"", ""98"", ""98"", ""98"", ""98"", ""98"", ""98"", ""98"", ""98"", ""98"", ""98"", ""98"", ""338"", ""338"", ""338"", ""338"", ""338"", ""CAMINATA""]",5.0,Av. Fray Eulalio Hernández Rivera/Fray José Bermúdez,20.54200085,-100.4430579
1325,48.2756136959049,98,C23,3,29,4,Con transbordo,98 → 255 → 90 → 97,C23 → T11 → L51 → C22,Av. Paseo Constituyentes/Prol. Cuauhtémoc → Santa Bárbara → Constitución de 1917,"[""1325"", ""1359"", ""5163"", ""3300"", ""1328"", ""1329"", ""1330"", ""1399"", ""1331"", ""3301"", ""1300"", ""1301"", ""1302"", ""1761"", ""1303"", ""1304"", ""1305"", ""1306"", ""1432"", ""1433"", ""1434"", ""3297"", ""4241"", ""2310"", ""2311"", ""2312"", ""2313"", ""2314"", ""ESTACION_CORREGIDORA_SUR""]","[""98"", ""98"", ""98"", ""98"", ""98"", ""98"", ""98"", ""98"", ""98"", ""255"", ""90"", ""90"", ""90"", ""90"", ""90"", ""90"", ""90"", ""90"", ""90"", ""90"", ""97"", ""97"", ""97"", ""97"", ""97"", ""97"", ""97"", ""CAMINATA""]",5.0,Prol. Jazmín/Dalia,20.522153196673,-100.44990956993
5203,48.45894702923823,408,C73,2,29,3,Con transbordo,408 → 90 → 97,C73 → L51 → C22,Carr. Coroneo/Av. Paseo Constituyentes → Constitución de 1917,"[""5203"", ""5204"", ""4153"", ""5118"", ""3019"", ""4274"", ""4275"", ""5119"", ""5205"", ""4111"", ""1300"", ""1301"", ""1302"", ""1761"", ""1303"", ""1304"", ""1305"", ""1306"", ""1432"", ""1433"", ""1434"", ""3297"", ""4241"", ""2310"", ""2311"", ""2312"", ""2313"", ""2314"", ""ESTACION_CORREGIDORA_SUR""]","[""408"", ""408"", ""408"", ""408"", ""408"", ""408"", ""408"", ""408"", ""408"", ""90"", ""90"", ""90"", ""90"", ""90"", ""90"", ""90"", ""90"", ""90"", ""90"", ""90"", ""97"", ""97"", ""97"", ""97"", ""97"", ""97"", ""97"", ""CAMINATA""]",5.0,Libramiento Surponiente/Labná,20.552355494714,-100.37073735284
1383,48.69228036257156,92,L53,3,26,4,Con transbordo,92 → 255 → 90 → 97,L53 → T11 → L51 → C22,Terminal Balvanera → Santa Bárbara → Constitución de 1917,"[""1383"", ""1387"", ""1386"", ""1330"", ""1399"", ""2190"", ""3301"", ""1300"", ""1301"", ""1302"", ""1761"", ""1303"", ""1304"", ""1305"", ""1306"", ""1432"", ""1433"", ""1434"", ""3297"", ""4241"", ""2310"", ""2311"", ""2312"", ""2313"", ""2314"", ""ESTACION_CORREGIDORA_SUR""]","[""92"", ""92"", ""92"", ""92"", ""92"", ""255"", ""255"", ""90"", ""90"", ""90"", ""90"", ""90"", ""90"", ""90"", ""90"", ""90"", ""90"", ""97"", ""97"", ""97"", ""97"", ""97"", ""97"", ""97"", ""CAMINATA""]",5.0,Josefa Vergara/Ducis,20.523905780779,-100.46807361559
4127,48.714330601362626,396,T16,1,32,2,Con transbordo,396 → 325,T16 → C34,Alameda,"[""4127"", ""4423"", ""4315"", ""2625"", ""3577"", ""5107"", ""2490"", ""2464"", ""3343"", ""3344"", ""2442"", ""2471"", ""3596"", ""1473"", ""1474"", ""1476"", ""1472"", ""1471"", ""1470"", ""1469"", ""1439"", ""1438"", ""2537"", ""1920"", ""1921"", ""4241"", ""2310"", ""2311"", ""2312"", ""2313"", ""2681"", ""ESTACION_CORREGIDORA_SUR""]","[""396"", ""396"", ""396"", ""396"", ""396"", ""396"", ""396"", ""396"", ""396"", ""396"", ""396"", ""396"", ""396"", ""396"", ""396"", ""396"", ""396"", ""396"", ""396"", ""396"", ""325"", ""325"", ""325"", ""325"", ""325"", ""325"", ""325"", ""325"", ""325"", ""325"", ""CAMINATA""]",5.0,Panteón Privado Jardines de la Esperanza,20.515632481552,-100.32766539176
1414,48.80894702923823,94,L55,3,27,4,Con transbordo,94 → 255 → 90 → 97,L55 → T11 → L51 → C22,Terminal Balvanera → Santa Bárbara → Constitución de 1917,"[""1414"", ""1330"", ""1399"", ""1368"", ""1369"", ""1370"", ""2190"", ""3301"", ""1300"", ""1301"", ""1302"", ""1761"", ""1303"", ""1304"", ""1305"", ""1306"", ""1432"", ""1433"", ""1434"", ""3297"", ""4241"", ""2310"", ""2311"", ""2312"", ""2313"", ""2314"", ""ESTACION_CORREGIDORA_SUR""]","[""94"", ""94"", ""94"", ""94"", ""94"", ""94"", ""255"", ""255"", ""90"", ""90"", ""90"", ""90"", ""90"", ""90"", ""90"", ""90"", ""90"", ""90"", ""97"", ""97"", ""97"", ""97"", ""97"", ""97"", ""97"", ""CAMINATA""]",5.0,Glorieta Av. Moralta,20.525502078775,-100.48103055677
5225,48.81727578370398,322,C29,2,31,3,Con transbordo,322 → 341 → 338,C29 → C51 → C48,Av. Candiles/Cecyteq Corregidora → Blvd. de Las Américas/Calle Antonio Rivera de la Torre,"[""5225"", ""2416"", ""2417"", ""2359"", ""2360"", ""2361"", ""2362"", ""2363"", ""2364"", ""2503"", ""2504"", ""2674"", ""4131"", ""2675"", ""3893"", ""2668"", ""2669"", ""2294"", ""2295"", ""2296"", ""2418"", ""2419"", ""5180"", ""2672"", ""2201"", ""4241"", ""2310"", ""2311"", ""2312"", ""2313"", ""ESTACION_CORREGIDORA_SUR""]","[""322"", ""322"", ""322"", ""322"", ""322"", ""322"", ""322"", ""322"", ""322"", ""341"", ""341"", ""341"", ""341"", ""341"", ""341"", ""341"", ""341"", ""338"", ""338"", ""338"", ""338"", ""338"", ""338"", ""338"", ""338"", ""338"", ""338"", ""338"", ""338"", ""CAMINATA""]",5.0,Calle Rafael de la Mora/Calle 53,20.56578974475,-100.39799916244
1324,48.8256136959049,98,C23,3,30,4,Con transbordo,98 → 255 → 90 → 97,C23 → T11 → L51 → C22,Av. Paseo Constituyentes/Prol. Cuauhtémoc → Santa Bárbara → Constitución de 1917,"[""1324"", ""1325"", ""1359"", ""5163"", ""3300"", ""1328"", ""1329"", ""1330"", ""1399"", ""1331"", ""3301"", ""1300"", ""1301"", ""1302"", ""1761"", ""1303"", ""1304"", ""1305"", ""1306"", ""1432"", ""1433"", ""1434"", ""3297"", ""4241"", ""2310"", ""2311"", ""2312"", ""2313"", ""2314"", ""ESTACION_CORREGIDORA_SUR""]","[""98"", ""98"", ""98"", ""98"", ""98"", ""98"", ""98"", ""98"", ""98"", ""98"", ""255"", ""90"", ""90"", ""90"", ""90"", ""90"", ""90"", ""90"", ""90"", ""90"", ""90"", ""97"", ""97"", ""97"", ""97"", ""97"", ""97"", ""97"", ""CAMINATA""]",5.0,Calle Camelinas/Prol. Jazmín,20.5208417,-100.44972222222
3807,48.89766393469596,352,C64,1,30,2,Con transbordo,352 → 325,C64 → C34,Alameda,"[""3807"", ""3873"", ""3874"", ""3875"", ""3808"", ""3809"", ""3810"", ""3811"", ""3812"", ""4404"", ""3813"", ""5104"", ""1475"", ""1476"", ""1472"", ""1471"", ""1470"", ""1469"", ""1439"", ""1438"", ""2537"", ""1920"", ""1921"", ""4241"", ""2310"", ""2311"", ""2312"", ""2313"", ""2681"", ""ESTACION_CORREGIDORA_SUR""]","[""352"", ""352"", ""352"", ""352"", ""352"", ""352"", ""352"", ""352"", ""352"", ""352"", ""352"", ""352"", ""352"", ""352"", ""352"", ""352"", ""352"", ""352"", ""325"", ""325"", ""325"", ""325"", ""325"", ""325"", ""325"", ""325"", ""325"", ""325"", ""CAMINATA""]",5.0,Lateral Carr. Querétaro/México/Cobaq 16 El Colorado,20.56551607,-100.2451504
2396,48.917275783703985,233,L113,1,36,2,Con transbordo,233 → 338,L113 → C48,Blvd. de Las Américas/Cerro del Fraile,"[""2396"", ""2397"", ""5083"", ""5084"", ""5085"", ""2661"", ""5086"", ""2662"", ""2663"", ""2664"", ""2665"", ""2666"", ""2667"", ""2255"", ""2639"", ""5087"", ""3650"", ""2290"", ""3600"", ""2291"", ""2292"", ""2293"", ""2294"", ""2295"", ""2296"", ""2418"", ""2419"", ""5180"", ""2672"", ""2201"", ""4241"", ""2310"", ""2311"", ""2312"", ""2313"", ""ESTACION_CORREGIDORA_SUR""]","[""233"", ""233"", ""233"", ""233"", ""233"", ""233"", ""233"", ""233"", ""233"", ""233"", ""233"", ""233"", ""233"", ""233"", ""233"", ""233"", ""233"", ""338"", ""338"", ""338"", ""338"", ""338"", ""338"", ""338"", ""338"", ""338"", ""338"", ""338"", ""338"", ""338"", ""338"", ""338"", ""338"", ""338"", ""CAMINATA""]",5.0,Josefa Ortiz de Domínguez/La Capilla,20.540700809546,-100.43614909017
1768,48.95894702923824,129,L101,3,29,4,Con transbordo,129 → 370 → 90 → 97,L101 → T02 → L51 → C22,Prol. Zaragoza/Plaza del Carmen → Tejeda → Constitución de 1917,"[""1768"", ""1769"", ""1770"", ""1771"", ""3687"", ""3688"", ""3727"", ""3616"", ""3617"", ""1772"", ""1773"", ""2197"", ""2198"", ""1308"", ""1309"", ""1304"", ""1305"", ""1306"", ""1432"", ""1433"", ""1434"", ""3297"", ""4241"", ""2310"", ""2311"", ""2312"", ""2313"", ""2314"", ""ESTACION_CORREGIDORA_SUR""]","[""129"", ""129"", ""129"", ""129"", ""129"", ""129"", ""129"", ""129"", ""129"", ""129"", ""370"", ""370"", ""370"", ""370"", ""370"", ""90"", ""90"", ""90"", ""90"", ""90"", ""97"", ""97"", ""97"", ""97"", ""97"", ""97"", ""97"", ""CAMINATA""]",5.0,Av. de Las Torres/Plaza Galerías,20.577451961827,-100.40762868309
3675,49.04228036257155,129,L101,2,51,3,Con transbordo,129 → 90 → 97,L101 → L51 → C22,Pueblo Nuevo → Constitución de 1917,"[""3675"", ""3299"", ""3676"", ""5100"", ""1290"", ""1291"", ""4358"", ""1311"", ""5209"", ""1312"", ""1313"", ""1424"", ""1352"", ""1372"", ""1441"", ""1373"", ""1442"", ""1443"", ""1374"", ""1375"", ""1444"", ""1362"", ""1363"", ""1364"", ""1445"", ""1365"", ""1446"", ""1366"", ""1447"", ""1367"", ""1431"", ""4111"", ""1300"", ""1301"", ""1302"", ""1761"", ""1303"", ""1304"", ""1305"", ""1306"", ""1432"", ""1433"", ""1434"", ""3297"", ""4241"", ""2310"", ""2311"", ""2312"", ""2313"", ""2314"", ""ESTACION_CORREGIDORA_SUR""]","[""129"", ""129"", ""129"", ""129"", ""129"", ""129"", ""129"", ""90"", ""90"", ""90"", ""90"", ""90"", ""90"", ""90"", ""90"", ""90"", ""90"", ""90"", ""90"", ""90"", ""90"", ""90"", ""90"", ""90"", ""90"", ""90"", ""90"", ""90"", ""90"", ""90"", ""90"", ""90"", ""90"", ""90"", ""90"", ""90"", ""90"", ""90"", ""90"", ""90"", ""90"", ""90"", ""97"", ""97"", ""97"", ""97"", ""97"", ""97"", ""97"", ""CAMINATA""]",5.0,Av. Prol. El Jacal/Calle 4,20.557976091822,-100.43525847036
1317,49.15060911703729,98,C23,1,31,2,Con transbordo,98 → 338,C23 → C48,Ignacio Zaragoza/Imss,"[""1317"", ""3583"", ""3584"", ""1318"", ""1319"", ""1320"", ""3296"", ""3674"", ""3540"", ""1334"", ""1335"", ""1336"", ""1337"", ""1338"", ""1339"", ""1340"", ""1341"", ""1762"", ""1763"", ""2200"", ""4430"", ""1764"", ""1765"", ""1766"", ""2201"", ""4241"", ""2310"", ""2311"", ""2312"", ""2313"", ""ESTACION_CORREGIDORA_SUR""]","[""98"", ""98"", ""98"", ""98"", ""98"", ""98"", ""98"", ""98"", ""98"", ""98"", ""98"", ""98"", ""98"", ""98"", ""98"", ""98"", ""98"", ""98"", ""98"", ""98"", ""98"", ""98"", ""98"", ""98"", ""338"", ""338"", ""338"", ""338"", ""338"", ""CAMINATA""]",5.0,Av. Fray Eulalio Hernández Rivera/Josefa Ortiz de Domínguez,20.539822796382,-100.44350223012
5071,49.33394702923822,321,C27,2,32,3,Con transbordo,321 → 139 → 321,C27 → C32 → C27,Blvd de Los Gobernadores/Labná → Cobá/Blvd de Los Gobernadores,"[""5071"", ""2488"", ""2526"", ""2489"", ""2472"", ""2473"", ""2474"", ""5078"", ""2475"", ""2476"", ""2477"", ""2212"", ""2213"", ""2214"", ""2215"", ""2478"", ""2308"", ""2028"", ""2029"", ""2030"", ""2031"", ""2309"", ""1919"", ""1920"", ""1921"", ""4241"", ""2310"", ""2311"", ""2312"", ""2313"", ""2314"", ""ESTACION_CORREGIDORA_SUR""]","[""321"", ""321"", ""321"", ""139"", ""321"", ""321"", ""321"", ""321"", ""321"", ""321"", ""321"", ""321"", ""321"", ""321"", ""321"", ""321"", ""321"", ""321"", ""321"", ""321"", ""321"", ""321"", ""321"", ""321"", ""321"", ""321"", ""321"", ""321"", ""321"", ""321"", ""CAMINATA""]",5.0,Cto. Lázaro Cárdenas/Fidel Velázquez,20.558322195137,-100.37475122446
5224,49.50060911703731,322,C29,2,32,3,Con transbordo,322 → 341 → 338,C29 → C51 → C48,Av. Candiles/Cecyteq Corregidora → Blvd. de Las Américas/Calle Antonio Rivera de la Torre,"[""5224"", ""5225"", ""2416"", ""2417"", ""2359"", ""2360"", ""2361"", ""2362"", ""2363"", ""2364"", ""2503"", ""2504"", ""2674"", ""4131"", ""2675"", ""3893"", ""2668"", ""2669"", ""2294"", ""2295"", ""2296"", ""2418"", ""2419"", ""5180"", ""2672"", ""2201"", ""4241"", ""2310"", ""2311"", ""2312"", ""2313"", ""ESTACION_CORREGIDORA_SUR""]","[""322"", ""322"", ""322"", ""322"", ""322"", ""322"", ""322"", ""322"", ""322"", ""322"", ""341"", ""341"", ""341"", ""341"", ""341"", ""341"", ""341"", ""341"", ""338"", ""338"", ""338"", ""338"", ""338"", ""338"", ""338"", ""338"", ""338"", ""338"", ""338"", ""338"", ""CAMINATA""]",5.0,Rafael de la Mora/Calle 25,20.56576487983,-100.39622248187
1382,49.54228036257156,92,L53,3,27,4,Con transbordo,92 → 255 → 90 → 97,L53 → T11 → L51 → C22,Terminal Balvanera → Santa Bárbara → Constitución de 1917,"[""1382"", ""1383"", ""1387"", ""1386"", ""1330"", ""1399"", ""2190"", ""3301"", ""1300"", ""1301"", ""1302"", ""1761"", ""1303"", ""1304"", ""1305"", ""1306"", ""1432"", ""1433"", ""1434"", ""3297"", ""4241"", ""2310"", ""2311"", ""2312"", ""2313"", ""2314"", ""ESTACION_CORREGIDORA_SUR""]","[""92"", ""92"", ""92"", ""92"", ""92"", ""92"", ""255"", ""255"", ""90"", ""90"", ""90"", ""90"", ""90"", ""90"", ""90"", ""90"", ""90"", ""90"", ""97"", ""97"", ""97"", ""97"", ""97"", ""97"", ""97"", ""CAMINATA""]",5.0,Josefa Vergara/Valle Dorado,20.523332072742,-100.46983194099
1345,49.550613695904886,98,C23,3,36,4,Con transbordo,98 → 97 → 90 → 97,C23 → C22 → L51 → C22,5 de Mayo → Santa Bárbara → Constitución de 1917,"[""1345"", ""1346"", ""1347"", ""1348"", ""1349"", ""3655"", ""1350"", ""1351"", ""4142"", ""1292"", ""1293"", ""1294"", ""1295"", ""1296"", ""1297"", ""1298"", ""1299"", ""1300"", ""1301"", ""1302"", ""1761"", ""1303"", ""1304"", ""1305"", ""1306"", ""1432"", ""1433"", ""1434"", ""3297"", ""4241"", ""2310"", ""2311"", ""2312"", ""2313"", ""2314"", ""ESTACION_CORREGIDORA_SUR""]","[""98"", ""97"", ""97"", ""97"", ""97"", ""97"", ""97"", ""97"", ""97"", ""97"", ""97"", ""97"", ""97"", ""97"", ""97"", ""97"", ""97"", ""90"", ""90"", ""90"", ""90"", ""90"", ""90"", ""90"", ""90"", ""90"", ""90"", ""97"", ""97"", ""97"", ""97"", ""97"", ""97"", ""97"", ""CAMINATA""]",5.0,Blvd. Hacienda del Jacal/Terranova Residencial,20.560185712438,-100.43179308766
5206,49.692280362571566,98,C23,3,31,4,Con transbordo,98 → 255 → 90 → 97,C23 → T11 → L51 → C22,Av. Paseo Constituyentes/Prol. Cuauhtémoc → Santa Bárbara → Constitución de 1917,"[""5206"", ""1324"", ""1325"", ""1359"", ""5163"", ""3300"", ""1328"", ""1329"", ""1330"", ""1399"", ""1331"", ""3301"", ""1300"", ""1301"", ""1302"", ""1761"", ""1303"", ""1304"", ""1305"", ""1306"", ""1432"", ""1433"", ""1434"", ""3297"", ""4241"", ""2310"", ""2311"", ""2312"", ""2313"", ""2314"", ""ESTACION_CORREGIDORA_SUR""]","[""98"", ""98"", ""98"", ""98"", ""98"", ""98"", ""98"", ""98"", ""98"", ""98"", ""98"", ""255"", ""90"", ""90"", ""90"", ""90"", ""90"", ""90"", ""90"", ""90"", ""90"", ""90"", ""97"", ""97"", ""97"", ""97"", ""97"", ""97"", ""97"", ""CAMINATA""]",5.0,Calle Camelinas/La Negreta,20.518748760478,-100.44999856112
2660,49.81727578370396,337,C47,2,27,3,Con transbordo,337 → 98 → 338,C47 → C23 → C48,Rivera del Rio/Parque Cam Corregidora → Ignacio Zaragoza/Imss,"[""2660"", ""1320"", ""3296"", ""3674"", ""3540"", ""1334"", ""1335"", ""1336"", ""1337"", ""1338"", ""1339"", ""1340"", ""1341"", ""1762"", ""1763"", ""2200"", ""4430"", ""1764"", ""1765"", ""1766"", ""2201"", ""4241"", ""2310"", ""2311"", ""2312"", ""2313"", ""ESTACION_CORREGIDORA_SUR""]","[""337"", ""98"", ""98"", ""98"", ""98"", ""98"", ""98"", ""98"", ""98"", ""98"", ""98"", ""98"", ""98"", ""98"", ""98"", ""98"", ""98"", ""98"", ""98"", ""98"", ""338"", ""338"", ""338"", ""338"", ""338"", ""CAMINATA""]",5.0,Camino Al Cerrito/Fray Eulalio Hernández Rivera,20.54998264,-100.4449904
1381,49.85894702923823,92,L53,3,28,4,Con transbordo,92 → 255 → 90 → 97,L53 → T11 → L51 → C22,Terminal Balvanera → Santa Bárbara → Constitución de 1917,"[""1381"", ""1382"", ""1383"", ""1387"", ""1386"", ""1330"", ""1399"", ""2190"", ""3301"", ""1300"", ""1301"", ""1302"", ""1761"", ""1303"", ""1304"", ""1305"", ""1306"", ""1432"", ""1433"", ""1434"", ""3297"", ""4241"", ""2310"", ""2311"", ""2312"", ""2313"", ""2314"", ""ESTACION_CORREGIDORA_SUR""]","[""92"", ""92"", ""92"", ""92"", ""92"", ""92"", ""92"", ""255"", ""255"", ""90"", ""90"", ""90"", ""90"", ""90"", ""90"", ""90"", ""90"", ""90"", ""90"", ""97"", ""97"", ""97"", ""97"", ""97"", ""97"", ""97"", ""CAMINATA""]",5.0,Circuito 11 de Febrero/Vista Bella Residencial,20.522777480767,-100.47013694526
3667,49.86727578370397,356,L108,1,20,2,Con transbordo,356 → 338,L108 → C48,Ignacio Zaragoza/Imss,"[""3667"", ""4094"", ""4095"", ""2763"", ""2764"", ""2765"", ""4096"", ""4097"", ""4098"", ""4099"", ""2616"", ""4100"", ""1766"", ""2201"", ""4241"", ""2310"", ""2311"", ""2312"", ""2313"", ""ESTACION_CORREGIDORA_SUR""]","[""356"", ""356"", ""356"", ""356"", ""356"", ""356"", ""356"", ""356"", ""356"", ""356"", ""356"", ""356"", ""356"", ""338"", ""338"", ""338"", ""338"", ""338"", ""CAMINATA""]",5.0,Independencia/Prol. José Maria Morelos,20.59316097,-100.4499364
1316,49.96727578370396,98,C23,1,32,2,Con transbordo,98 → 338,C23 → C48,Ignacio Zaragoza/Imss,"[""1316"", ""1317"", ""3583"", ""3584"", ""1318"", ""1319"", ""1320"", ""3296"", ""3674"", ""3540"", ""1334"", ""1335"", ""1336"", ""1337"", ""1338"", ""1339"", ""1340"", ""1341"", ""1762"", ""1763"", ""2200"", ""4430"", ""1764"", ""1765"", ""1766"", ""2201"", ""4241"", ""2310"", ""2311"", ""2312"", ""2313"", ""ESTACION_CORREGIDORA_SUR""]","[""98"", ""98"", ""98"", ""98"", ""98"", ""98"", ""98"", ""98"", ""98"", ""98"", ""98"", ""98"", ""98"", ""98"", ""98"", ""98"", ""98"", ""98"", ""98"", ""98"", ""98"", ""98"", ""98"", ""98"", ""98"", ""338"", ""338"", ""338"", ""338"", ""338"", ""CAMINATA""]",5.0,Av. Fray Eulalio Hernández Rivera,20.538064341539,-100.44454037323
2395,50.05060911703732,233,L113,1,37,2,Con transbordo,233 → 338,L113 → C48,Blvd. de Las Américas/Cerro del Fraile,"[""2395"", ""2396"", ""2397"", ""5083"", ""5084"", ""5085"", ""2661"", ""5086"", ""2662"", ""2663"", ""2664"", ""2665"", ""2666"", ""2667"", ""2255"", ""2639"", ""5087"", ""3650"", ""2290"", ""3600"", ""2291"", ""2292"", ""2293"", ""2294"", ""2295"", ""2296"", ""2418"", ""2419"", ""5180"", ""2672"", ""2201"", ""4241"", ""2310"", ""2311"", ""2312"", ""2313"", ""ESTACION_CORREGIDORA_SUR""]","[""233"", ""233"", ""233"", ""233"", ""233"", ""233"", ""233"", ""233"", ""233"", ""233"", ""233"", ""233"", ""233"", ""233"", ""233"", ""233"", ""233"", ""233"", ""338"", ""338"", ""338"", ""338"", ""338"", ""338"", ""338"", ""338"", ""338"", ""338"", ""338"", ""338"", ""338"", ""338"", ""338"", ""338"", ""338"", ""CAMINATA""]",5.0,Josefa Ortiz de Domínguez/Av. Paseo Constituyentes,20.541158178989,-100.43245669948
5066,50.13394245037064,335,C44,3,27,4,Con transbordo,335 → 337 → 334 → 338,C44 → C47 → C43 → C48,Av. Chabacano/Av. Candiles → Av. Candiles/Parroquia de Nuestra Señora de la Esperanza → Blvd. de Las Américas/Río Lerma,"[""5066"", ""2631"", ""2250"", ""4152"", ""2251"", ""3679"", ""2627"", ""2508"", ""2509"", ""4138"", ""2291"", ""2292"", ""2293"", ""2294"", ""2295"", ""2296"", ""2418"", ""2419"", ""5180"", ""2672"", ""2201"", ""4241"", ""2310"", ""2311"", ""2312"", ""2313"", ""ESTACION_CORREGIDORA_SUR""]","[""335"", ""337"", ""337"", ""337"", ""334"", ""334"", ""334"", ""334"", ""334"", ""334"", ""338"", ""338"", ""338"", ""338"", ""338"", ""338"", ""338"", ""338"", ""338"", ""338"", ""338"", ""338"", ""338"", ""338"", ""338"", ""CAMINATA""]",5.0,Av. Chabacano/Calle Lima,20.555633707247,-100.40567195595
2487,50.200613695904885,321,C27,2,33,3,Con transbordo,321 → 139 → 321,C27 → C32 → C27,Blvd de Los Gobernadores/Labná → Cobá/Blvd de Los Gobernadores,"[""2487"", ""5071"", ""2488"", ""2526"", ""2489"", ""2472"", ""2473"", ""2474"", ""5078"", ""2475"", ""2476"", ""2477"", ""2212"", ""2213"", ""2214"", ""2215"", ""2478"", ""2308"", ""2028"", ""2029"", ""2030"", ""2031"", ""2309"", ""1919"", ""1920"", ""1921"", ""4241"", ""2310"", ""2311"", ""2312"", ""2313"", ""2314"", ""ESTACION_CORREGIDORA_SUR""]","[""321"", ""321"", ""321"", ""321"", ""139"", ""321"", ""321"", ""321"", ""321"", ""321"", ""321"", ""321"", ""321"", ""321"", ""321"", ""321"", ""321"", ""321"", ""321"", ""321"", ""321"", ""321"", ""321"", ""321"", ""321"", ""321"", ""321"", ""321"", ""321"", ""321"", ""321"", ""CAMINATA""]",5.0,Cto. Lázaro Cárdenes/Avenida Plutarco Elías Calles,20.557618578349,-100.37678316101
1397,50.40894702923823,93,L54,4,26,5,Con transbordo,93 → 92 → 255 → 90 → 97,L54 → L53 → T11 → L51 → C22,Libramiento Sur Poniente/Geranios → Terminal Balvanera → Santa Bárbara → Constitución de 1917,"[""1397"", ""1359"", ""1327"", ""1398"", ""1399"", ""2190"", ""3301"", ""1300"", ""1301"", ""1302"", ""1761"", ""1303"", ""1304"", ""1305"", ""1306"", ""1432"", ""1433"", ""1434"", ""3297"", ""4241"", ""2310"", ""2311"", ""2312"", ""2313"", ""2314"", ""ESTACION_CORREGIDORA_SUR""]","[""93"", ""93"", ""93"", ""93"", ""92"", ""255"", ""255"", ""90"", ""90"", ""90"", ""90"", ""90"", ""90"", ""90"", ""90"", ""90"", ""90"", ""97"", ""97"", ""97"", ""97"", ""97"", ""97"", ""97"", ""CAMINATA""]",5.0,Independencia/Benito Juárez,20.523222213951,-100.45252043468
1323,50.55894702923823,98,C23,3,32,4,Con transbordo,98 → 255 → 90 → 97,C23 → T11 → L51 → C22,Av. Paseo Constituyentes/Prol. Cuauhtémoc → Santa Bárbara → Constitución de 1917,"[""1323"", ""5206"", ""1324"", ""1325"", ""1359"", ""5163"", ""3300"", ""1328"", ""1329"", ""1330"", ""1399"", ""1331"", ""3301"", ""1300"", ""1301"", ""1302"", ""1761"", ""1303"", ""1304"", ""1305"", ""1306"", ""1432"", ""1433"", ""1434"", ""3297"", ""4241"", ""2310"", ""2311"", ""2312"", ""2313"", ""2314"", ""ESTACION_CORREGIDORA_SUR""]","[""98"", ""98"", ""98"", ""98"", ""98"", ""98"", ""98"", ""98"", ""98"", ""98"", ""98"", ""98"", ""255"", ""90"", ""90"", ""90"", ""90"", ""90"", ""90"", ""90"", ""90"", ""90"", ""90"", ""97"", ""97"", ""97"", ""97"", ""97"", ""97"", ""97"", ""CAMINATA""]",5.0,Av. del Divino Salvador/Cristo Rey,20.517098,-100.451425
2658,50.58394245037065,233,L113,1,38,2,Con transbordo,233 → 338,L113 → C48,Blvd. de Las Américas/Cerro del Fraile,"[""2658"", ""2395"", ""2396"", ""2397"", ""5083"", ""5084"", ""5085"", ""2661"", ""5086"", ""2662"", ""2663"", ""2664"", ""2665"", ""2666"", ""2667"", ""2255"", ""2639"", ""5087"", ""3650"", ""2290"", ""3600"", ""2291"", ""2292"", ""2293"", ""2294"", ""2295"", ""2296"", ""2418"", ""2419"", ""5180"", ""2672"", ""2201"", ""4241"", ""2310"", ""2311"", ""2312"", ""2313"", ""ESTACION_CORREGIDORA_SUR""]","[""233"", ""233"", ""233"", ""233"", ""233"", ""233"", ""233"", ""233"", ""233"", ""233"", ""233"", ""233"", ""233"", ""233"", ""233"", ""233"", ""233"", ""233"", ""233"", ""338"", ""338"", ""338"", ""338"", ""338"", ""338"", ""338"", ""338"", ""338"", ""338"", ""338"", ""338"", ""338"", ""338"", ""338"", ""338"", ""338"", ""CAMINATA""]",5.0,Camino A Los Olvera/Av.Paseo Constituyentes,20.54134475,-100.4307268
5099,50.71727578370396,129,L101,2,20,3,Con transbordo,129 → 98 → 338,L101 → C23 → C48,Blvd. Hacienda del Jacal/Plaza El Jacal → Ignacio Zaragoza/Imss,"[""5099"", ""3298"", ""1338"", ""1339"", ""1340"", ""1341"", ""1762"", ""1763"", ""2200"", ""4430"", ""1764"", ""1765"", ""1766"", ""2201"", ""4241"", ""2310"", ""2311"", ""2312"", ""2313"", ""ESTACION_CORREGIDORA_SUR""]","[""129"", ""129"", ""98"", ""98"", ""98"", ""98"", ""98"", ""98"", ""98"", ""98"", ""98"", ""98"", ""98"", ""338"", ""338"", ""338"", ""338"", ""338"", ""CAMINATA""]",5.0,Av. Santuarios de Guadalupe/Cto. Andamaxei,20.555588187014,-100.44512475096
1413,50.908947029238234,94,L55,3,28,4,Con transbordo,94 → 255 → 90 → 97,L55 → T11 → L51 → C22,Terminal Balvanera → Santa Bárbara → Constitución de 1917,"[""1413"", ""1414"", ""1330"", ""1399"", ""1368"", ""1369"", ""1370"", ""2190"", ""3301"", ""1300"", ""1301"", ""1302"", ""1761"", ""1303"", ""1304"", ""1305"", ""1306"", ""1432"", ""1433"", ""1434"", ""3297"", ""4241"", ""2310"", ""2311"", ""2312"", ""2313"", ""2314"", ""ESTACION_CORREGIDORA_SUR""]","[""94"", ""94"", ""94"", ""94"", ""94"", ""94"", ""94"", ""255"", ""255"", ""90"", ""90"", ""90"", ""90"", ""90"", ""90"", ""90"", ""90"", ""90"", ""90"", ""97"", ""97"", ""97"", ""97"", ""97"", ""97"", ""97"", ""CAMINATA""]",5.0,San Miguel/San Marcos,20.534543457142,-100.48759933753
5208,50.96728036257155,321,C27,2,34,3,Con transbordo,321 → 139 → 321,C27 → C32 → C27,Blvd de Los Gobernadores/Labná → Cobá/Blvd de Los Gobernadores,"[""5208"", ""2487"", ""5071"", ""2488"", ""2526"", ""2489"", ""2472"", ""2473"", ""2474"", ""5078"", ""2475"", ""2476"", ""2477"", ""2212"", ""2213"", ""2214"", ""2215"", ""2478"", ""2308"", ""2028"", ""2029"", ""2030"", ""2031"", ""2309"", ""1919"", ""1920"", ""1921"", ""4241"", ""2310"", ""2311"", ""2312"", ""2313"", ""2314"", ""ESTACION_CORREGIDORA_SUR""]","[""321"", ""321"", ""321"", ""321"", ""321"", ""139"", ""321"", ""321"", ""321"", ""321"", ""321"", ""321"", ""321"", ""321"", ""321"", ""321"", ""321"", ""321"", ""321"", ""321"", ""321"", ""321"", ""321"", ""321"", ""321"", ""321"", ""321"", ""321"", ""321"", ""321"", ""321"", ""321"", ""CAMINATA""]",5.0,Ricardo Flores Magón/Cto. Lázaro Cárdenas,20.557118507582,-100.37861609437
1390,51.00894702923823,92,L53,3,29,4,Con transbordo,92 → 255 → 90 → 97,L53 → T11 → L51 → C22,Terminal Balvanera → Santa Bárbara → Constitución de 1917,"[""1390"", ""1381"", ""1382"", ""1383"", ""1387"", ""1386"", ""1330"", ""1399"", ""2190"", ""3301"", ""1300"", ""1301"", ""1302"", ""1761"", ""1303"", ""1304"", ""1305"", ""1306"", ""1432"", ""1433"", ""1434"", ""3297"", ""4241"", ""2310"", ""2311"", ""2312"", ""2313"", ""2314"", ""ESTACION_CORREGIDORA_SUR""]","[""92"", ""92"", ""92"", ""92"", ""92"", ""92"", ""92"", ""92"", ""255"", ""255"", ""90"", ""90"", ""90"", ""90"", ""90"", ""90"", ""90"", ""90"", ""90"", ""90"", ""97"", ""97"", ""97"", ""97"", ""97"", ""97"", ""97"", ""CAMINATA""]",5.0,Circuito 11 de Febrero/Atardecer,20.521233839134,-100.47206336481
3666,51.1006091170373,356,L108,1,21,2,Con transbordo,356 → 338,L108 → C48,Ignacio Zaragoza/Imss,"[""3666"", ""3667"", ""4094"", ""4095"", ""2763"", ""2764"", ""2765"", ""4096"", ""4097"", ""4098"", ""4099"", ""2616"", ""4100"", ""1766"", ""2201"", ""4241"", ""2310"", ""2311"", ""2312"", ""2313"", ""ESTACION_CORREGIDORA_SUR""]","[""356"", ""356"", ""356"", ""356"", ""356"", ""356"", ""356"", ""356"", ""356"", ""356"", ""356"", ""356"", ""356"", ""356"", ""338"", ""338"", ""338"", ""338"", ""338"", ""CAMINATA""]",5.0,Independencia/San José,20.59297594,-100.4479828
1344,51.32561369590489,129,L101,2,53,3,Con transbordo,129 → 90 → 97,L101 → L51 → C22,Pueblo Nuevo → Constitución de 1917,"[""1344"", ""1345"", ""3675"", ""3299"", ""3676"", ""5100"", ""1290"", ""1291"", ""4358"", ""1311"", ""5209"", ""1312"", ""1313"", ""1424"", ""1352"", ""1372"", ""1441"", ""1373"", ""1442"", ""1443"", ""1374"", ""1375"", ""1444"", ""1362"", ""1363"", ""1364"", ""1445"", ""1365"", ""1446"", ""1366"", ""1447"", ""1367"", ""1431"", ""4111"", ""1300"", ""1301"", ""1302"", ""1761"", ""1303"", ""1304"", ""1305"", ""1306"", ""1432"", ""1433"", ""1434"", ""3297"", ""4241"", ""2310"", ""2311"", ""2312"", ""2313"", ""2314"", ""ESTACION_CORREGIDORA_SUR""]","[""129"", ""129"", ""129"", ""129"", ""129"", ""129"", ""129"", ""129"", ""129"", ""90"", ""90"", ""90"", ""90"", ""90"", ""90"", ""90"", ""90"", ""90"", ""90"", ""90"", ""90"", ""90"", ""90"", ""90"", ""90"", ""90"", ""90"", ""90"", ""90"", ""90"", ""90"", ""90"", ""90"", ""90"", ""90"", ""90"", ""90"", ""90"", ""90"", ""90"", ""90"", ""90"", ""90"", ""90"", ""97"", ""97"", ""97"", ""97"", ""97"", ""97"", ""97"", ""CAMINATA""]",5.0,Blvd. Hacienda del Jacal/Walmart,20.561230978545,-100.42712166984
4357,51.36728036257155,129,L101,3,30,4,Con transbordo,129 → 97 → 90 → 97,L101 → C22 → L51 → C22,Miguel Hidalgo/Av. Don Bosco → Santa Bárbara → Constitución de 1917,"[""4357"", ""1351"", ""4142"", ""1292"", ""1293"", ""1294"", ""1295"", ""1296"", ""1297"", ""1298"", ""1299"", ""1300"", ""1301"", ""1302"", ""1761"", ""1303"", ""1304"", ""1305"", ""1306"", ""1432"", ""1433"", ""1434"", ""3297"", ""4241"", ""2310"", ""2311"", ""2312"", ""2313"", ""2314"", ""ESTACION_CORREGIDORA_SUR""]","[""129"", ""97"", ""97"", ""97"", ""97"", ""97"", ""97"", ""97"", ""97"", ""97"", ""97"", ""90"", ""90"", ""90"", ""90"", ""90"", ""90"", ""90"", ""90"", ""90"", ""90"", ""97"", ""97"", ""97"", ""97"", ""97"", ""97"", ""97"", ""CAMINATA""]",5.0,Av. Don Bosco/Plaza Don Bosco,20.549407422313,-100.42937043245
4084,51.38099726802929,396,T16,1,33,2,Con transbordo,396 → 325,T16 → C34,Alameda,"[""4084"", ""4127"", ""4423"", ""4315"", ""2625"", ""3577"", ""5107"", ""2490"", ""2464"", ""3343"", ""3344"", ""2442"", ""2471"", ""3596"", ""1473"", ""1474"", ""1476"", ""1472"", ""1471"", ""1470"", ""1469"", ""1439"", ""1438"", ""2537"", ""1920"", ""1921"", ""4241"", ""2310"", ""2311"", ""2312"", ""2313"", ""2681"", ""ESTACION_CORREGIDORA_SUR""]","[""396"", ""396"", ""396"", ""396"", ""396"", ""396"", ""396"", ""396"", ""396"", ""396"", ""396"", ""396"", ""396"", ""396"", ""396"", ""396"", ""396"", ""396"", ""396"", ""396"", ""396"", ""325"", ""325"", ""325"", ""325"", ""325"", ""325"", ""325"", ""325"", ""325"", ""325"", ""CAMINATA""]",5.0,Carr. 400/El Paraíso,20.507621175978,-100.31777283729
1412,51.442280362571566,94,L55,3,29,4,Con transbordo,94 → 255 → 90 → 97,L55 → T11 → L51 → C22,Terminal Balvanera → Santa Bárbara → Constitución de 1917,"[""1412"", ""1413"", ""1414"", ""1330"", ""1399"", ""1368"", ""1369"", ""1370"", ""2190"", ""3301"", ""1300"", ""1301"", ""1302"", ""1761"", ""1303"", ""1304"", ""1305"", ""1306"", ""1432"", ""1433"", ""1434"", ""3297"", ""4241"", ""2310"", ""2311"", ""2312"", ""2313"", ""2314"", ""ESTACION_CORREGIDORA_SUR""]","[""94"", ""94"", ""94"", ""94"", ""94"", ""94"", ""94"", ""94"", ""255"", ""255"", ""90"", ""90"", ""90"", ""90"", ""90"", ""90"", ""90"", ""90"", ""90"", ""90"", ""97"", ""97"", ""97"", ""97"", ""97"", ""97"", ""97"", ""CAMINATA""]",5.0,San Miguel/San Javier,20.531787216854,-100.48793305725
2659,51.50060911703729,337,C47,2,28,3,Con transbordo,337 → 98 → 338,C47 → C23 → C48,Rivera del Rio/Parque Cam Corregidora → Ignacio Zaragoza/Imss,"[""2659"", ""2660"", ""1320"", ""3296"", ""3674"", ""3540"", ""1334"", ""1335"", ""1336"", ""1337"", ""1338"", ""1339"", ""1340"", ""1341"", ""1762"", ""1763"", ""2200"", ""4430"", ""1764"", ""1765"", ""1766"", ""2201"", ""4241"", ""2310"", ""2311"", ""2312"", ""2313"", ""ESTACION_CORREGIDORA_SUR""]","[""337"", ""337"", ""98"", ""98"", ""98"", ""98"", ""98"", ""98"", ""98"", ""98"", ""98"", ""98"", ""98"", ""98"", ""98"", ""98"", ""98"", ""98"", ""98"", ""98"", ""98"", ""338"", ""338"", ""338"", ""338"", ""338"", ""CAMINATA""]",5.0,Camino Al Cerrito/Los Nogales,20.54937277,-100.4404292
1396,51.69228036257156,93,L54,4,27,5,Con transbordo,93 → 92 → 255 → 90 → 97,L54 → L53 → T11 → L51 → C22,Libramiento Sur Poniente/Geranios → Terminal Balvanera → Santa Bárbara → Constitución de 1917,"[""1396"", ""1397"", ""1359"", ""1327"", ""1398"", ""1399"", ""2190"", ""3301"", ""1300"", ""1301"", ""1302"", ""1761"", ""1303"", ""1304"", ""1305"", ""1306"", ""1432"", ""1433"", ""1434"", ""3297"", ""4241"", ""2310"", ""2311"", ""2312"", ""2313"", ""2314"", ""ESTACION_CORREGIDORA_SUR""]","[""93"", ""93"", ""93"", ""93"", ""93"", ""92"", ""255"", ""255"", ""90"", ""90"", ""90"", ""90"", ""90"", ""90"", ""90"", ""90"", ""90"", ""90"", ""97"", ""97"", ""97"", ""97"", ""97"", ""97"", ""97"", ""CAMINATA""]",5.0,Independencia/Jardines del Progreso,20.522236264571,-100.45517173418
1315,51.700609117037295,98,C23,1,33,2,Con transbordo,98 → 338,C23 → C48,Ignacio Zaragoza/Imss,"[""1315"", ""1316"", ""1317"", ""3583"", ""3584"", ""1318"", ""1319"", ""1320"", ""3296"", ""3674"", ""3540"", ""1334"", ""1335"", ""1336"", ""1337"", ""1338"", ""1339"", ""1340"", ""1341"", ""1762"", ""1763"", ""2200"", ""4430"", ""1764"", ""1765"", ""1766"", ""2201"", ""4241"", ""2310"", ""2311"", ""2312"", ""2313"", ""ESTACION_CORREGIDORA_SUR""]","[""98"", ""98"", ""98"", ""98"", ""98"", ""98"", ""98"", ""98"", ""98"", ""98"", ""98"", ""98"", ""98"", ""98"", ""98"", ""98"", ""98"", ""98"", ""98"", ""98"", ""98"", ""98"", ""98"", ""98"", ""98"", ""98"", ""338"", ""338"", ""338"", ""338"", ""338"", ""CAMINATA""]",5.0,Av. Fray Eulalio Hernández Rivera/16 de Septiembre,20.533917437585,-100.44557143606
3665,51.9506091170373,356,L108,1,22,2,Con transbordo,356 → 338,L108 → C48,Ignacio Zaragoza/Imss,"[""3665"", ""3666"", ""3667"", ""4094"", ""4095"", ""2763"", ""2764"", ""2765"", ""4096"", ""4097"", ""4098"", ""4099"", ""2616"", ""4100"", ""1766"", ""2201"", ""4241"", ""2310"", ""2311"", ""2312"", ""2313"", ""ESTACION_CORREGIDORA_SUR""]","[""356"", ""356"", ""356"", ""356"", ""356"", ""356"", ""356"", ""356"", ""356"", ""356"", ""356"", ""356"", ""356"", ""356"", ""356"", ""338"", ""338"", ""338"", ""338"", ""338"", ""CAMINATA""]",5.0,Av. Miguel Hidalgo/Independencia,20.59293077,-100.4466235
5065,51.95060911703731,335,C44,3,28,4,Con transbordo,335 → 337 → 334 → 338,C44 → C47 → C43 → C48,Av. Chabacano/Av. Candiles → Av. Candiles/Parroquia de Nuestra Señora de la Esperanza → Blvd. de Las Américas/Río Lerma,"[""5065"", ""5066"", ""2631"", ""2250"", ""4152"", ""2251"", ""3679"", ""2627"", ""2508"", ""2509"", ""4138"", ""2291"", ""2292"", ""2293"", ""2294"", ""2295"", ""2296"", ""2418"", ""2419"", ""5180"", ""2672"", ""2201"", ""4241"", ""2310"", ""2311"", ""2312"", ""2313"", ""ESTACION_CORREGIDORA_SUR""]","[""335"", ""335"", ""337"", ""337"", ""337"", ""334"", ""334"", ""334"", ""334"", ""334"", ""334"", ""338"", ""338"", ""338"", ""338"", ""338"", ""338"", ""338"", ""338"", ""338"", ""338"", ""338"", ""338"", ""338"", ""338"", ""338"", ""CAMINATA""]",5.0,Av. Chabacano/Calle Mango,20.558459345246,-100.40296933856
2657,52.20060911703732,233,L113,1,39,2,Con transbordo,233 → 338,L113 → C48,Blvd. de Las Américas/Cerro del Fraile,"[""2657"", ""2658"", ""2395"", ""2396"", ""2397"", ""5083"", ""5084"", ""5085"", ""2661"", ""5086"", ""2662"", ""2663"", ""2664"", ""2665"", ""2666"", ""2667"", ""2255"", ""2639"", ""5087"", ""3650"", ""2290"", ""3600"", ""2291"", ""2292"", ""2293"", ""2294"", ""2295"", ""2296"", ""2418"", ""2419"", ""5180"", ""2672"", ""2201"", ""4241"", ""2310"", ""2311"", ""2312"", ""2313"", ""ESTACION_CORREGIDORA_SUR""]","[""233"", ""233"", ""233"", ""233"", ""233"", ""233"", ""233"", ""233"", ""233"", ""233"", ""233"", ""233"", ""233"", ""233"", ""233"", ""233"", ""233"", ""233"", ""233"", ""233"", ""338"", ""338"", ""338"", ""338"", ""338"", ""338"", ""338"", ""338"", ""338"", ""338"", ""338"", ""338"", ""338"", ""338"", ""338"", ""338"", ""338"", ""CAMINATA""]",5.0,Camino A Los Olvera/Cobaq 3 Corregidora,20.540238,-100.425586
5202,52.33933060136261,408,C73,1,28,2,Con transbordo,408 → 325,C73 → C34,Luis Vega y Monroy/Estadio,"[""5202"", ""3171"", ""4086"", ""2471"", ""3596"", ""2246"", ""2017"", ""2018"", ""2019"", ""2020"", ""2021"", ""2450"", ""2451"", ""1471"", ""1470"", ""1469"", ""1439"", ""1438"", ""2537"", ""1920"", ""1921"", ""4241"", ""2310"", ""2311"", ""2312"", ""2313"", ""2681"", ""ESTACION_CORREGIDORA_SUR""]","[""408"", ""408"", ""408"", ""408"", ""408"", ""408"", ""325"", ""325"", ""325"", ""325"", ""325"", ""325"", ""325"", ""325"", ""325"", ""325"", ""325"", ""325"", ""325"", ""325"", ""325"", ""325"", ""325"", ""325"", ""325"", ""325"", ""CAMINATA""]",5.0,Libramiento Surponiente/Calle Camino Dorado,20.549271597593,-100.37413639329
2772,52.492280362571556,93,L54,4,28,5,Con transbordo,93 → 92 → 255 → 90 → 97,L54 → L53 → T11 → L51 → C22,Libramiento Sur Poniente/Geranios → Terminal Balvanera → Santa Bárbara → Constitución de 1917,"[""2772"", ""1396"", ""1397"", ""1359"", ""1327"", ""1398"", ""1399"", ""2190"", ""3301"", ""1300"", ""1301"", ""1302"", ""1761"", ""1303"", ""1304"", ""1305"", ""1306"", ""1432"", ""1433"", ""1434"", ""3297"", ""4241"", ""2310"", ""2311"", ""2312"", ""2313"", ""2314"", ""ESTACION_CORREGIDORA_SUR""]","[""93"", ""93"", ""93"", ""93"", ""93"", ""93"", ""92"", ""255"", ""255"", ""90"", ""90"", ""90"", ""90"", ""90"", ""90"", ""90"", ""90"", ""90"", ""90"", ""97"", ""97"", ""97"", ""97"", ""97"", ""97"", ""97"", ""CAMINATA""]",5.0,Valle de Guadalupe/Valle del Bosque,20.522048163905,-100.45692834492
3604,52.75894702923823,128,L100,3,23,4,Con transbordo,128 → 255 → 90 → 97,L100 → T11 → L51 → C22,Industrial Balvanera → Santa Bárbara → Constitución de 1917,"[""3604"", ""1370"", ""2190"", ""3301"", ""1300"", ""1301"", ""1302"", ""1761"", ""1303"", ""1304"", ""1305"", ""1306"", ""1432"", ""1433"", ""1434"", ""3297"", ""4241"", ""2310"", ""2311"", ""2312"", ""2313"", ""2314"", ""ESTACION_CORREGIDORA_SUR""]","[""128"", ""255"", ""255"", ""255"", ""90"", ""90"", ""90"", ""90"", ""90"", ""90"", ""90"", ""90"", ""90"", ""90"", ""97"", ""97"", ""97"", ""97"", ""97"", ""97"", ""97"", ""CAMINATA""]",5.0,Lib. Norponiente/La Vida,20.54636364,-100.4809917
5064,52.80060911703731,335,C44,3,29,4,Con transbordo,335 → 337 → 334 → 338,C44 → C47 → C43 → C48,Av. Chabacano/Av. Candiles → Av. Candiles/Parroquia de Nuestra Señora de la Esperanza → Blvd. de Las Américas/Río Lerma,"[""5064"", ""5065"", ""5066"", ""2631"", ""2250"", ""4152"", ""2251"", ""3679"", ""2627"", ""2508"", ""2509"", ""4138"", ""2291"", ""2292"", ""2293"", ""2294"", ""2295"", ""2296"", ""2418"", ""2419"", ""5180"", ""2672"", ""2201"", ""4241"", ""2310"", ""2311"", ""2312"", ""2313"", ""ESTACION_CORREGIDORA_SUR""]","[""335"", ""335"", ""335"", ""337"", ""337"", ""337"", ""334"", ""334"", ""334"", ""334"", ""334"", ""334"", ""338"", ""338"", ""338"", ""338"", ""338"", ""338"", ""338"", ""338"", ""338"", ""338"", ""338"", ""338"", ""338"", ""338"", ""338"", ""CAMINATA""]",5.0,Antonio Carranza/Armando Ostos,20.558976408119,-100.40117993882
1395,53.208947029238225,93,L54,4,29,5,Con transbordo,93 → 92 → 255 → 90 → 97,L54 → L53 → T11 → L51 → C22,Libramiento Sur Poniente/Geranios → Terminal Balvanera → Santa Bárbara → Constitución de 1917,"[""1395"", ""2772"", ""1396"", ""1397"", ""1359"", ""1327"", ""1398"", ""1399"", ""2190"", ""3301"", ""1300"", ""1301"", ""1302"", ""1761"", ""1303"", ""1304"", ""1305"", ""1306"", ""1432"", ""1433"", ""1434"", ""3297"", ""4241"", ""2310"", ""2311"", ""2312"", ""2313"", ""2314"", ""ESTACION_CORREGIDORA_SUR""]","[""93"", ""93"", ""93"", ""93"", ""93"", ""93"", ""93"", ""92"", ""255"", ""255"", ""90"", ""90"", ""90"", ""90"", ""90"", ""90"", ""90"", ""90"", ""90"", ""90"", ""97"", ""97"", ""97"", ""97"", ""97"", ""97"", ""97"", ""CAMINATA""]",5.0,Valle de Guadiana/Valle del Sol,20.521522145013,-100.4584213055
1379,53.25894702923823,92,L53,3,30,4,Con transbordo,92 → 255 → 90 → 97,L53 → T11 → L51 → C22,Terminal Balvanera → Santa Bárbara → Constitución de 1917,"[""1379"", ""1390"", ""1381"", ""1382"", ""1383"", ""1387"", ""1386"", ""1330"", ""1399"", ""2190"", ""3301"", ""1300"", ""1301"", ""1302"", ""1761"", ""1303"", ""1304"", ""1305"", ""1306"", ""1432"", ""1433"", ""1434"", ""3297"", ""4241"", ""2310"", ""2311"", ""2312"", ""2313"", ""2314"", ""ESTACION_CORREGIDORA_SUR""]","[""92"", ""92"", ""92"", ""92"", ""92"", ""92"", ""92"", ""92"", ""92"", ""255"", ""255"", ""90"", ""90"", ""90"", ""90"", ""90"", ""90"", ""90"", ""90"", ""90"", ""90"", ""97"", ""97"", ""97"", ""97"", ""97"", ""97"", ""97"", ""CAMINATA""]",5.0,Circuito 11 de Febrero/Pradera de San Mateo,20.517127276879,-100.4744208171
2656,53.28394245037065,233,L113,1,40,2,Con transbordo,233 → 338,L113 → C48,Blvd. de Las Américas/Cerro del Fraile,"[""2656"", ""2657"", ""2658"", ""2395"", ""2396"", ""2397"", ""5083"", ""5084"", ""5085"", ""2661"", ""5086"", ""2662"", ""2663"", ""2664"", ""2665"", ""2666"", ""2667"", ""2255"", ""2639"", ""5087"", ""3650"", ""2290"", ""3600"", ""2291"", ""2292"", ""2293"", ""2294"", ""2295"", ""2296"", ""2418"", ""2419"", ""5180"", ""2672"", ""2201"", ""4241"", ""2310"", ""2311"", ""2312"", ""2313"", ""ESTACION_CORREGIDORA_SUR""]","[""233"", ""233"", ""233"", ""233"", ""233"", ""233"", ""233"", ""233"", ""233"", ""233"", ""233"", ""233"", ""233"", ""233"", ""233"", ""233"", ""233"", ""233"", ""233"", ""233"", ""233"", ""338"", ""338"", ""338"", ""338"", ""338"", ""338"", ""338"", ""338"", ""338"", ""338"", ""338"", ""338"", ""338"", ""338"", ""338"", ""338"", ""338"", ""CAMINATA""]",5.0,Camino A Los Olvera/Paseo de Amsterdam,20.538231,-100.422777
1343,53.35894702923822,129,L101,2,54,3,Con transbordo,129 → 90 → 97,L101 → L51 → C22,Pueblo Nuevo → Constitución de 1917,"[""1343"", ""1344"", ""1345"", ""3675"", ""3299"", ""3676"", ""5100"", ""1290"", ""1291"", ""4358"", ""1311"", ""5209"", ""1312"", ""1313"", ""1424"", ""1352"", ""1372"", ""1441"", ""1373"", ""1442"", ""1443"", ""1374"", ""1375"", ""1444"", ""1362"", ""1363"", ""1364"", ""1445"", ""1365"", ""1446"", ""1366"", ""1447"", ""1367"", ""1431"", ""4111"", ""1300"", ""1301"", ""1302"", ""1761"", ""1303"", ""1304"", ""1305"", ""1306"", ""1432"", ""1433"", ""1434"", ""3297"", ""4241"", ""2310"", ""2311"", ""2312"", ""2313"", ""2314"", ""ESTACION_CORREGIDORA_SUR""]","[""129"", ""129"", ""129"", ""129"", ""129"", ""129"", ""129"", ""129"", ""129"", ""129"", ""90"", ""90"", ""90"", ""90"", ""90"", ""90"", ""90"", ""90"", ""90"", ""90"", ""90"", ""90"", ""90"", ""90"", ""90"", ""90"", ""90"", ""90"", ""90"", ""90"", ""90"", ""90"", ""90"", ""90"", ""90"", ""90"", ""90"", ""90"", ""90"", ""90"", ""90"", ""90"", ""90"", ""90"", ""90"", ""97"", ""97"", ""97"", ""97"", ""97"", ""97"", ""97"", ""CAMINATA""]",5.0,Blvd. Hacienda del Jacal/Blvd. Dolores del Río,20.564571850812,-100.41986549818
3664,53.483942450370634,356,L108,1,23,2,Con transbordo,356 → 338,L108 → C48,Ignacio Zaragoza/Imss,"[""3664"", ""3665"", ""3666"", ""3667"", ""4094"", ""4095"", ""2763"", ""2764"", ""2765"", ""4096"", ""4097"", ""4098"", ""4099"", ""2616"", ""4100"", ""1766"", ""2201"", ""4241"", ""2310"", ""2311"", ""2312"", ""2313"", ""ESTACION_CORREGIDORA_SUR""]","[""356"", ""356"", ""356"", ""356"", ""356"", ""356"", ""356"", ""356"", ""356"", ""356"", ""356"", ""356"", ""356"", ""356"", ""356"", ""356"", ""338"", ""338"", ""338"", ""338"", ""338"", ""CAMINATA""]",5.0,Av. Miguel Hidalgo/Primera Privada de Perú,20.59518989,-100.446998
3644,53.5006091170373,359,L151,2,18,3,Con transbordo,359 → 356 → 338,L151 → L108 → C48,Carr. Tlacote/Av. del Quetzal → Ignacio Zaragoza/Imss,"[""3644"", ""2763"", ""2764"", ""2765"", ""4096"", ""4097"", ""4098"", ""4099"", ""2616"", ""4100"", ""1766"", ""2201"", ""4241"", ""2310"", ""2311"", ""2312"", ""2313"", ""ESTACION_CORREGIDORA_SUR""]","[""359"", ""356"", ""356"", ""356"", ""356"", ""356"", ""356"", ""356"", ""356"", ""356"", ""356"", ""338"", ""338"", ""338"", ""338"", ""338"", ""CAMINATA""]",5.0,Independencia/Av. Miguel Hidalgo,20.59276454,-100.4463475
2771,53.79228036257156,93,L54,4,30,5,Con transbordo,93 → 92 → 255 → 90 → 97,L54 → L53 → T11 → L51 → C22,Libramiento Sur Poniente/Geranios → Terminal Balvanera → Santa Bárbara → Constitución de 1917,"[""2771"", ""1395"", ""2772"", ""1396"", ""1397"", ""1359"", ""1327"", ""1398"", ""1399"", ""2190"", ""3301"", ""1300"", ""1301"", ""1302"", ""1761"", ""1303"", ""1304"", ""1305"", ""1306"", ""1432"", ""1433"", ""1434"", ""3297"", ""4241"", ""2310"", ""2311"", ""2312"", ""2313"", ""2314"", ""ESTACION_CORREGIDORA_SUR""]","[""93"", ""93"", ""93"", ""93"", ""93"", ""93"", ""93"", ""93"", ""92"", ""255"", ""255"", ""90"", ""90"", ""90"", ""90"", ""90"", ""90"", ""90"", ""90"", ""90"", ""90"", ""97"", ""97"", ""97"", ""97"", ""97"", ""97"", ""97"", ""CAMINATA""]",5.0,Valle del Sol/Calle Valle de Anáhuac,20.520354032279,-100.45808710887
5063,53.85060911703731,335,C44,3,30,4,Con transbordo,335 → 337 → 334 → 338,C44 → C47 → C43 → C48,Av. Chabacano/Av. Candiles → Av. Candiles/Parroquia de Nuestra Señora de la Esperanza → Blvd. de Las Américas/Río Lerma,"[""5063"", ""5064"", ""5065"", ""5066"", ""2631"", ""2250"", ""4152"", ""2251"", ""3679"", ""2627"", ""2508"", ""2509"", ""4138"", ""2291"", ""2292"", ""2293"", ""2294"", ""2295"", ""2296"", ""2418"", ""2419"", ""5180"", ""2672"", ""2201"", ""4241"", ""2310"", ""2311"", ""2312"", ""2313"", ""ESTACION_CORREGIDORA_SUR""]","[""335"", ""335"", ""335"", ""335"", ""337"", ""337"", ""337"", ""334"", ""334"", ""334"", ""334"", ""334"", ""334"", ""338"", ""338"", ""338"", ""338"", ""338"", ""338"", ""338"", ""338"", ""338"", ""338"", ""338"", ""338"", ""338"", ""338"", ""338"", ""CAMINATA""]",5.0,José Macias/Salvador Moreno,20.561156363439,-100.40087853353
2655,54.28394245037065,233,L113,1,41,2,Con transbordo,233 → 338,L113 → C48,Blvd. de Las Américas/Cerro del Fraile,"[""2655"", ""2656"", ""2657"", ""2658"", ""2395"", ""2396"", ""2397"", ""5083"", ""5084"", ""5085"", ""2661"", ""5086"", ""2662"", ""2663"", ""2664"", ""2665"", ""2666"", ""2667"", ""2255"", ""2639"", ""5087"", ""3650"", ""2290"", ""3600"", ""2291"", ""2292"", ""2293"", ""2294"", ""2295"", ""2296"", ""2418"", ""2419"", ""5180"", ""2672"", ""2201"", ""4241"", ""2310"", ""2311"", ""2312"", ""2313"", ""ESTACION_CORREGIDORA_SUR""]","[""233"", ""233"", ""233"", ""233"", ""233"", ""233"", ""233"", ""233"", ""233"", ""233"", ""233"", ""233"", ""233"", ""233"", ""233"", ""233"", ""233"", ""233"", ""233"", ""233"", ""233"", ""233"", ""338"", ""338"", ""338"", ""338"", ""338"", ""338"", ""338"", ""338"", ""338"", ""338"", ""338"", ""338"", ""338"", ""338"", ""338"", ""338"", ""338"", ""CAMINATA""]",5.0,Camino A Los Olvera/Condominio la Herradura,20.53598903,-100.4205945
2758,54.483947029238216,140,L107,3,32,4,Con transbordo,140 → 321 → 139 → 321,L107 → C27 → C32 → C27,Cobá/Blvd de Los Gobernadores → Blvd de Los Gobernadores/Labná → Cobá/Blvd de Los Gobernadores,"[""2758"", ""2488"", ""2526"", ""2489"", ""2472"", ""2473"", ""2474"", ""5078"", ""2475"", ""2476"", ""2477"", ""2212"", ""2213"", ""2214"", ""2215"", ""2478"", ""2308"", ""2028"", ""2029"", ""2030"", ""2031"", ""2309"", ""1919"", ""1920"", ""1921"", ""4241"", ""2310"", ""2311"", ""2312"", ""2313"", ""2314"", ""ESTACION_CORREGIDORA_SUR""]","[""140"", ""321"", ""321"", ""139"", ""321"", ""321"", ""321"", ""321"", ""321"", ""321"", ""321"", ""321"", ""321"", ""321"", ""321"", ""321"", ""321"", ""321"", ""321"", ""321"", ""321"", ""321"", ""321"", ""321"", ""321"", ""321"", ""321"", ""321"", ""321"", ""321"", ""CAMINATA""]",5.0,Blvd. Bicentenario/Coba,20.558585912925,-100.37254400242
1342,54.558947029238226,129,L101,2,55,3,Con transbordo,129 → 90 → 97,L101 → L51 → C22,Pueblo Nuevo → Constitución de 1917,"[""1342"", ""1343"", ""1344"", ""1345"", ""3675"", ""3299"", ""3676"", ""5100"", ""1290"", ""1291"", ""4358"", ""1311"", ""5209"", ""1312"", ""1313"", ""1424"", ""1352"", ""1372"", ""1441"", ""1373"", ""1442"", ""1443"", ""1374"", ""1375"", ""1444"", ""1362"", ""1363"", ""1364"", ""1445"", ""1365"", ""1446"", ""1366"", ""1447"", ""1367"", ""1431"", ""4111"", ""1300"", ""1301"", ""1302"", ""1761"", ""1303"", ""1304"", ""1305"", ""1306"", ""1432"", ""1433"", ""1434"", ""3297"", ""4241"", ""2310"", ""2311"", ""2312"", ""2313"", ""2314"", ""ESTACION_CORREGIDORA_SUR""]","[""129"", ""129"", ""129"", ""129"", ""129"", ""129"", ""129"", ""129"", ""129"", ""129"", ""129"", ""90"", ""90"", ""90"", ""90"", ""90"", ""90"", ""90"", ""90"", ""90"", ""90"", ""90"", ""90"", ""90"", ""90"", ""90"", ""90"", ""90"", ""90"", ""90"", ""90"", ""90"", ""90"", ""90"", ""90"", ""90"", ""90"", ""90"", ""90"", ""90"", ""90"", ""90"", ""90"", ""90"", ""90"", ""90"", ""97"", ""97"", ""97"", ""97"", ""97"", ""97"", ""97"", ""CAMINATA""]",5.0,Blvd. Hacienda del Jacal/Hacienda Balvanera,20.566637223737,-100.41564627236
1378,54.60894702923823,92,L53,3,31,4,Con transbordo,92 → 255 → 90 → 97,L53 → T11 → L51 → C22,Terminal Balvanera → Santa Bárbara → Constitución de 1917,"[""1378"", ""1379"", ""1390"", ""1381"", ""1382"", ""1383"", ""1387"", ""1386"", ""1330"", ""1399"", ""2190"", ""3301"", ""1300"", ""1301"", ""1302"", ""1761"", ""1303"", ""1304"", ""1305"", ""1306"", ""1432"", ""1433"", ""1434"", ""3297"", ""4241"", ""2310"", ""2311"", ""2312"", ""2313"", ""2314"", ""ESTACION_CORREGIDORA_SUR""]","[""92"", ""92"", ""92"", ""92"", ""92"", ""92"", ""92"", ""92"", ""92"", ""92"", ""255"", ""255"", ""90"", ""90"", ""90"", ""90"", ""90"", ""90"", ""90"", ""90"", ""90"", ""90"", ""97"", ""97"", ""97"", ""97"", ""97"", ""97"", ""97"", ""CAMINATA""]",5.0,Circuito 11 de Febrero/Santa Clara,20.51465833,-100.4757667
2762,54.96727578370397,356,L108,1,24,2,Con transbordo,356 → 338,L108 → C48,Ignacio Zaragoza/Imss,"[""2762"", ""3664"", ""3665"", ""3666"", ""3667"", ""4094"", ""4095"", ""2763"", ""2764"", ""2765"", ""4096"", ""4097"", ""4098"", ""4099"", ""2616"", ""4100"", ""1766"", ""2201"", ""4241"", ""2310"", ""2311"", ""2312"", ""2313"", ""ESTACION_CORREGIDORA_SUR""]","[""356"", ""356"", ""356"", ""356"", ""356"", ""356"", ""356"", ""356"", ""356"", ""356"", ""356"", ""356"", ""356"", ""356"", ""356"", ""356"", ""356"", ""338"", ""338"", ""338"", ""338"", ""338"", ""CAMINATA""]",5.0,Av. Miguel Hidalgo/Juárez,20.59738797,-100.4473587
2654,55.08394245037065,233,L113,1,42,2,Con transbordo,233 → 338,L113 → C48,Blvd. de Las Américas/Cerro del Fraile,"[""2654"", ""2655"", ""2656"", ""2657"", ""2658"", ""2395"", ""2396"", ""2397"", ""5083"", ""5084"", ""5085"", ""2661"", ""5086"", ""2662"", ""2663"", ""2664"", ""2665"", ""2666"", ""2667"", ""2255"", ""2639"", ""5087"", ""3650"", ""2290"", ""3600"", ""2291"", ""2292"", ""2293"", ""2294"", ""2295"", ""2296"", ""2418"", ""2419"", ""5180"", ""2672"", ""2201"", ""4241"", ""2310"", ""2311"", ""2312"", ""2313"", ""ESTACION_CORREGIDORA_SUR""]","[""233"", ""233"", ""233"", ""233"", ""233"", ""233"", ""233"", ""233"", ""233"", ""233"", ""233"", ""233"", ""233"", ""233"", ""233"", ""233"", ""233"", ""233"", ""233"", ""233"", ""233"", ""233"", ""233"", ""338"", ""338"", ""338"", ""338"", ""338"", ""338"", ""338"", ""338"", ""338"", ""338"", ""338"", ""338"", ""338"", ""338"", ""338"", ""338"", ""338"", ""CAMINATA""]",5.0,Camino A Los Olvera/Teresa Santoyo,20.534271,-100.418738
4083,55.19766393469596,396,T16,1,34,2,Con transbordo,396 → 325,T16 → C34,Alameda,"[""4083"", ""4084"", ""4127"", ""4423"", ""4315"", ""2625"", ""3577"", ""5107"", ""2490"", ""2464"", ""3343"", ""3344"", ""2442"", ""2471"", ""3596"", ""1473"", ""1474"", ""1476"", ""1472"", ""1471"", ""1470"", ""1469"", ""1439"", ""1438"", ""2537"", ""1920"", ""1921"", ""4241"", ""2310"", ""2311"", ""2312"", ""2313"", ""2681"", ""ESTACION_CORREGIDORA_SUR""]","[""396"", ""396"", ""396"", ""396"", ""396"", ""396"", ""396"", ""396"", ""396"", ""396"", ""396"", ""396"", ""396"", ""396"", ""396"", ""396"", ""396"", ""396"", ""396"", ""396"", ""396"", ""396"", ""325"", ""325"", ""325"", ""325"", ""325"", ""325"", ""325"", ""325"", ""325"", ""325"", ""CAMINATA""]",5.0,Carr. 400/San Fandila,20.491087728811,-100.31142718662
3643,55.4006091170373,359,L151,2,19,3,Con transbordo,359 → 356 → 338,L151 → L108 → C48,Carr. Tlacote/Av. del Quetzal → Ignacio Zaragoza/Imss,"[""3643"", ""3644"", ""2763"", ""2764"", ""2765"", ""4096"", ""4097"", ""4098"", ""4099"", ""2616"", ""4100"", ""1766"", ""2201"", ""4241"", ""2310"", ""2311"", ""2312"", ""2313"", ""ESTACION_CORREGIDORA_SUR""]","[""359"", ""359"", ""356"", ""356"", ""356"", ""356"", ""356"", ""356"", ""356"", ""356"", ""356"", ""356"", ""338"", ""338"", ""338"", ""338"", ""338"", ""CAMINATA""]",5.0,Independencia/San José,20.59294378,-100.4482718
1377,55.65894702923823,92,L53,3,32,4,Con transbordo,92 → 255 → 90 → 97,L53 → T11 → L51 → C22,Terminal Balvanera → Santa Bárbara → Constitución de 1917,"[""1377"", ""1378"", ""1379"", ""1390"", ""1381"", ""1382"", ""1383"", ""1387"", ""1386"", ""1330"", ""1399"", ""2190"", ""3301"", ""1300"", ""1301"", ""1302"", ""1761"", ""1303"", ""1304"", ""1305"", ""1306"", ""1432"", ""1433"", ""1434"", ""3297"", ""4241"", ""2310"", ""2311"", ""2312"", ""2313"", ""2314"", ""ESTACION_CORREGIDORA_SUR""]","[""92"", ""92"", ""92"", ""92"", ""92"", ""92"", ""92"", ""92"", ""92"", ""92"", ""92"", ""255"", ""255"", ""90"", ""90"", ""90"", ""90"", ""90"", ""90"", ""90"", ""90"", ""90"", ""90"", ""97"", ""97"", ""97"", ""97"", ""97"", ""97"", ""97"", ""CAMINATA""]",5.0,Circuito 11 de Febrero/Calle Santa Isabel,20.513063435054,-100.47734053871
5091,55.83394702923823,333,C42,1,26,2,Con transbordo,333 → 319,C42 → C24,Vicente Guerrero,"[""5091"", ""4315"", ""2625"", ""3577"", ""5107"", ""2519"", ""3578"", ""2216"", ""2217"", ""2218"", ""2219"", ""2032"", ""2023"", ""2024"", ""2856"", ""1918"", ""1919"", ""1920"", ""1921"", ""4241"", ""2310"", ""2311"", ""2312"", ""2313"", ""2314"", ""ESTACION_CORREGIDORA_SUR""]","[""333"", ""333"", ""333"", ""333"", ""333"", ""333"", ""333"", ""333"", ""333"", ""333"", ""333"", ""333"", ""333"", ""333"", ""333"", ""333"", ""319"", ""319"", ""319"", ""319"", ""319"", ""319"", ""319"", ""319"", ""CAMINATA""]",5.0,Qro 420/Calle El Zapote,20.529182019677,-100.31341137483
3872,56.380997268029276,382,T14,1,30,2,Con transbordo,382 → 325,T14 → C34,Bicentenario,"[""3872"", ""3807"", ""3873"", ""3874"", ""3875"", ""3808"", ""3809"", ""3810"", ""3811"", ""3812"", ""4404"", ""3813"", ""5104"", ""1476"", ""1472"", ""1471"", ""1470"", ""1469"", ""1439"", ""1438"", ""2537"", ""1920"", ""1921"", ""4241"", ""2310"", ""2311"", ""2312"", ""2313"", ""2681"", ""ESTACION_CORREGIDORA_SUR""]","[""382"", ""382"", ""382"", ""382"", ""382"", ""382"", ""382"", ""382"", ""382"", ""382"", ""382"", ""382"", ""382"", ""325"", ""325"", ""325"", ""325"", ""325"", ""325"", ""325"", ""325"", ""325"", ""325"", ""325"", ""325"", ""325"", ""325"", ""325"", ""CAMINATA""]",5.0,Carr. Federal No. 57/Hotel One Aeropuerto,20.555983333333,-100.22027222222
2525,56.46728036257155,139,C32,3,34,4,Con transbordo,139 → 321 → 139 → 321,C32 → C27 → C32 → C27,Cto. Lázaro Cárdenes/Avenida Plutarco Elías Calles → Blvd de Los Gobernadores/Labná → Cobá/Blvd de Los Gobernadores,"[""2525"", ""2487"", ""5071"", ""2488"", ""2526"", ""2489"", ""2472"", ""2473"", ""2474"", ""5078"", ""2475"", ""2476"", ""2477"", ""2212"", ""2213"", ""2214"", ""2215"", ""2478"", ""2308"", ""2028"", ""2029"", ""2030"", ""2031"", ""2309"", ""1919"", ""1920"", ""1921"", ""4241"", ""2310"", ""2311"", ""2312"", ""2313"", ""2314"", ""ESTACION_CORREGIDORA_SUR""]","[""139"", ""321"", ""321"", ""321"", ""321"", ""139"", ""321"", ""321"", ""321"", ""321"", ""321"", ""321"", ""321"", ""321"", ""321"", ""321"", ""321"", ""321"", ""321"", ""321"", ""321"", ""321"", ""321"", ""321"", ""321"", ""321"", ""321"", ""321"", ""321"", ""321"", ""321"", ""321"", ""CAMINATA""]",5.0,Lic Jesus Reyes Heroles/Ricardo Flores Magón,20.558164801868,-100.3792540321
2653,56.750609117037314,233,L113,1,43,2,Con transbordo,233 → 338,L113 → C48,Blvd. de Las Américas/Cerro del Fraile,"[""2653"", ""2654"", ""2655"", ""2656"", ""2657"", ""2658"", ""2395"", ""2396"", ""2397"", ""5083"", ""5084"", ""5085"", ""2661"", ""5086"", ""2662"", ""2663"", ""2664"", ""2665"", ""2666"", ""2667"", ""2255"", ""2639"", ""5087"", ""3650"", ""2290"", ""3600"", ""2291"", ""2292"", ""2293"", ""2294"", ""2295"", ""2296"", ""2418"", ""2419"", ""5180"", ""2672"", ""2201"", ""4241"", ""2310"", ""2311"", ""2312"", ""2313"", ""ESTACION_CORREGIDORA_SUR""]","[""233"", ""233"", ""233"", ""233"", ""233"", ""233"", ""233"", ""233"", ""233"", ""233"", ""233"", ""233"", ""233"", ""233"", ""233"", ""233"", ""233"", ""233"", ""233"", ""233"", ""233"", ""233"", ""233"", ""233"", ""338"", ""338"", ""338"", ""338"", ""338"", ""338"", ""338"", ""338"", ""338"", ""338"", ""338"", ""338"", ""338"", ""338"", ""338"", ""338"", ""338"", ""CAMINATA""]",5.0,Camino A Los Olvera/Av. Vallendar,20.53442725,-100.4132594
2624,56.750613695904896,333,C42,1,27,2,Con transbordo,333 → 319,C42 → C24,Vicente Guerrero,"[""2624"", ""5091"", ""4315"", ""2625"", ""3577"", ""5107"", ""2519"", ""3578"", ""2216"", ""2217"", ""2218"", ""2219"", ""2032"", ""2023"", ""2024"", ""2856"", ""1918"", ""1919"", ""1920"", ""1921"", ""4241"", ""2310"", ""2311"", ""2312"", ""2313"", ""2314"", ""ESTACION_CORREGIDORA_SUR""]","[""333"", ""333"", ""333"", ""333"", ""333"", ""333"", ""333"", ""333"", ""333"", ""333"", ""333"", ""333"", ""333"", ""333"", ""333"", ""333"", ""333"", ""319"", ""319"", ""319"", ""319"", ""319"", ""319"", ""319"", ""319"", ""CAMINATA""]",5.0,Carr. Estatal 420/San Mateo,20.529545,-100.310662
1376,56.75894702923823,92,L53,3,33,4,Con transbordo,92 → 255 → 90 → 97,L53 → T11 → L51 → C22,Terminal Balvanera → Santa Bárbara → Constitución de 1917,"[""1376"", ""1377"", ""1378"", ""1379"", ""1390"", ""1381"", ""1382"", ""1383"", ""1387"", ""1386"", ""1330"", ""1399"", ""2190"", ""3301"", ""1300"", ""1301"", ""1302"", ""1761"", ""1303"", ""1304"", ""1305"", ""1306"", ""1432"", ""1433"", ""1434"", ""3297"", ""4241"", ""2310"", ""2311"", ""2312"", ""2313"", ""2314"", ""ESTACION_CORREGIDORA_SUR""]","[""92"", ""92"", ""92"", ""92"", ""92"", ""92"", ""92"", ""92"", ""92"", ""92"", ""92"", ""92"", ""255"", ""255"", ""90"", ""90"", ""90"", ""90"", ""90"", ""90"", ""90"", ""90"", ""90"", ""90"", ""97"", ""97"", ""97"", ""97"", ""97"", ""97"", ""97"", ""CAMINATA""]",5.0,Circuito 11 de Febrero,20.511175925874,-100.47866860857
5176,56.84766393469596,396,T16,1,35,2,Con transbordo,396 → 325,T16 → C34,Alameda,"[""5176"", ""4083"", ""4084"", ""4127"", ""4423"", ""4315"", ""2625"", ""3577"", ""5107"", ""2490"", ""2464"", ""3343"", ""3344"", ""2442"", ""2471"", ""3596"", ""1473"", ""1474"", ""1476"", ""1472"", ""1471"", ""1470"", ""1469"", ""1439"", ""1438"", ""2537"", ""1920"", ""1921"", ""4241"", ""2310"", ""2311"", ""2312"", ""2313"", ""2681"", ""ESTACION_CORREGIDORA_SUR""]","[""396"", ""396"", ""396"", ""396"", ""396"", ""396"", ""396"", ""396"", ""396"", ""396"", ""396"", ""396"", ""396"", ""396"", ""396"", ""396"", ""396"", ""396"", ""396"", ""396"", ""396"", ""396"", ""396"", ""325"", ""325"", ""325"", ""325"", ""325"", ""325"", ""325"", ""325"", ""325"", ""325"", ""CAMINATA""]",5.0,Qro 400/Kilómetro 15,20.483535863136,-100.31184635284
2757,57.10061369590488,140,L107,3,33,4,Con transbordo,140 → 321 → 139 → 321,L107 → C27 → C32 → C27,Cobá/Blvd de Los Gobernadores → Blvd de Los Gobernadores/Labná → Cobá/Blvd de Los Gobernadores,"[""2757"", ""2758"", ""2488"", ""2526"", ""2489"", ""2472"", ""2473"", ""2474"", ""5078"", ""2475"", ""2476"", ""2477"", ""2212"", ""2213"", ""2214"", ""2215"", ""2478"", ""2308"", ""2028"", ""2029"", ""2030"", ""2031"", ""2309"", ""1919"", ""1920"", ""1921"", ""4241"", ""2310"", ""2311"", ""2312"", ""2313"", ""2314"", ""ESTACION_CORREGIDORA_SUR""]","[""140"", ""140"", ""321"", ""321"", ""139"", ""321"", ""321"", ""321"", ""321"", ""321"", ""321"", ""321"", ""321"", ""321"", ""321"", ""321"", ""321"", ""321"", ""321"", ""321"", ""321"", ""321"", ""321"", ""321"", ""321"", ""321"", ""321"", ""321"", ""321"", ""321"", ""321"", ""CAMINATA""]",5.0,Blvd. Bicentenario/Plutarco Elías Calles,20.556166387898,-100.3757377073
1776,57.275613695904894,130,L102,4,28,5,Con transbordo,130 → 92 → 255 → 90 → 97,L102 → L53 → T11 → L51 → C22,Josefa Vergara/Valle Dorado → Terminal Balvanera → Santa Bárbara → Constitución de 1917,"[""1776"", ""1382"", ""1383"", ""1387"", ""1386"", ""1330"", ""1399"", ""2190"", ""3301"", ""1300"", ""1301"", ""1302"", ""1761"", ""1303"", ""1304"", ""1305"", ""1306"", ""1432"", ""1433"", ""1434"", ""3297"", ""4241"", ""2310"", ""2311"", ""2312"", ""2313"", ""2314"", ""ESTACION_CORREGIDORA_SUR""]","[""130"", ""92"", ""92"", ""92"", ""92"", ""92"", ""92"", ""255"", ""255"", ""90"", ""90"", ""90"", ""90"", ""90"", ""90"", ""90"", ""90"", ""90"", ""90"", ""97"", ""97"", ""97"", ""97"", ""97"", ""97"", ""97"", ""CAMINATA""]",5.0,Valle Dorado/Don José,20.526258846431,-100.47009067622
5117,57.539330601362614,408,C73,1,29,2,Con transbordo,408 → 325,C73 → C34,Luis Vega y Monroy/Estadio,"[""5117"", ""5202"", ""3171"", ""4086"", ""2471"", ""3596"", ""2246"", ""2017"", ""2018"", ""2019"", ""2020"", ""2021"", ""2450"", ""2451"", ""1471"", ""1470"", ""1469"", ""1439"", ""1438"", ""2537"", ""1920"", ""1921"", ""4241"", ""2310"", ""2311"", ""2312"", ""2313"", ""2681"", ""ESTACION_CORREGIDORA_SUR""]","[""408"", ""408"", ""408"", ""408"", ""408"", ""408"", ""408"", ""325"", ""325"", ""325"", ""325"", ""325"", ""325"", ""325"", ""325"", ""325"", ""325"", ""325"", ""325"", ""325"", ""325"", ""325"", ""325"", ""325"", ""325"", ""325"", ""325"", ""CAMINATA""]",5.0,Calle Libramiento Surponiente/Pedregal del Cimatario,20.54399594806,-100.3821891902
5137,57.8006091170373,359,L151,2,20,3,Con transbordo,359 → 356 → 338,L151 → L108 → C48,Carr. Tlacote/Av. del Quetzal → Ignacio Zaragoza/Imss,"[""5137"", ""3643"", ""3644"", ""2763"", ""2764"", ""2765"", ""4096"", ""4097"", ""4098"", ""4099"", ""2616"", ""4100"", ""1766"", ""2201"", ""4241"", ""2310"", ""2311"", ""2312"", ""2313"", ""ESTACION_CORREGIDORA_SUR""]","[""359"", ""359"", ""359"", ""356"", ""356"", ""356"", ""356"", ""356"", ""356"", ""356"", ""356"", ""356"", ""356"", ""338"", ""338"", ""338"", ""338"", ""338"", ""CAMINATA""]",5.0,Paseo de la Aurora/Prol. José Maria Morelos,20.594488876444,-100.4500819576
2652,57.86727578370398,233,L113,1,44,2,Con transbordo,233 → 338,L113 → C48,Blvd. de Las Américas/Cerro del Fraile,"[""2652"", ""2653"", ""2654"", ""2655"", ""2656"", ""2657"", ""2658"", ""2395"", ""2396"", ""2397"", ""5083"", ""5084"", ""5085"", ""2661"", ""5086"", ""2662"", ""2663"", ""2664"", ""2665"", ""2666"", ""2667"", ""2255"", ""2639"", ""5087"", ""3650"", ""2290"", ""3600"", ""2291"", ""2292"", ""2293"", ""2294"", ""2295"", ""2296"", ""2418"", ""2419"", ""5180"", ""2672"", ""2201"", ""4241"", ""2310"", ""2311"", ""2312"", ""2313"", ""ESTACION_CORREGIDORA_SUR""]","[""233"", ""233"", ""233"", ""233"", ""233"", ""233"", ""233"", ""233"", ""233"", ""233"", ""233"", ""233"", ""233"", ""233"", ""233"", ""233"", ""233"", ""233"", ""233"", ""233"", ""233"", ""233"", ""233"", ""233"", ""233"", ""338"", ""338"", ""338"", ""338"", ""338"", ""338"", ""338"", ""338"", ""338"", ""338"", ""338"", ""338"", ""338"", ""338"", ""338"", ""338"", ""338"", ""CAMINATA""]",5.0,Calle Naranjo/Pino Norte,20.53544932,-100.4097534
4273,58.1006091170373,408,C73,2,30,3,Con transbordo,408 → 322 → 338,C73 → C29 → C48,Estatal 30 Libramiento Sur/Camino Real A Huimilpan → Blvd. de Las Américas/Río Lerma,"[""4273"", ""3021"", ""4148"", ""4149"", ""4150"", ""3022"", ""5223"", ""4116"", ""2506"", ""2507"", ""2508"", ""2509"", ""4138"", ""2291"", ""2292"", ""2293"", ""2294"", ""2295"", ""2296"", ""2418"", ""2419"", ""5180"", ""2672"", ""2201"", ""4241"", ""2310"", ""2311"", ""2312"", ""2313"", ""ESTACION_CORREGIDORA_SUR""]","[""408"", ""322"", ""322"", ""322"", ""322"", ""322"", ""322"", ""322"", ""322"", ""322"", ""322"", ""322"", ""322"", ""338"", ""338"", ""338"", ""338"", ""338"", ""338"", ""338"", ""338"", ""338"", ""338"", ""338"", ""338"", ""338"", ""338"", ""338"", ""CAMINATA""]",5.0,Libramiento Surponiente/Bosque Versalles,20.525684004371,-100.42330624688
2755,58.26728036257155,140,L107,3,35,4,Con transbordo,140 → 321 → 139 → 321,L107 → C27 → C32 → C27,Ricardo Flores Magón/Cto. Lázaro Cárdenas → Blvd de Los Gobernadores/Labná → Cobá/Blvd de Los Gobernadores,"[""2755"", ""5208"", ""2487"", ""5071"", ""2488"", ""2526"", ""2489"", ""2472"", ""2473"", ""2474"", ""5078"", ""2475"", ""2476"", ""2477"", ""2212"", ""2213"", ""2214"", ""2215"", ""2478"", ""2308"", ""2028"", ""2029"", ""2030"", ""2031"", ""2309"", ""1919"", ""1920"", ""1921"", ""4241"", ""2310"", ""2311"", ""2312"", ""2313"", ""2314"", ""ESTACION_CORREGIDORA_SUR""]","[""140"", ""321"", ""321"", ""321"", ""321"", ""321"", ""139"", ""321"", ""321"", ""321"", ""321"", ""321"", ""321"", ""321"", ""321"", ""321"", ""321"", ""321"", ""321"", ""321"", ""321"", ""321"", ""321"", ""321"", ""321"", ""321"", ""321"", ""321"", ""321"", ""321"", ""321"", ""321"", ""321"", ""CAMINATA""]",5.0,Lic. Jesús Reyes Heroles/Gral. Heriberto Jara,20.560117387272,-100.3769522489
1775,58.625613695904896,130,L102,4,29,5,Con transbordo,130 → 92 → 255 → 90 → 97,L102 → L53 → T11 → L51 → C22,Josefa Vergara/Valle Dorado → Terminal Balvanera → Santa Bárbara → Constitución de 1917,"[""1775"", ""1776"", ""1382"", ""1383"", ""1387"", ""1386"", ""1330"", ""1399"", ""2190"", ""3301"", ""1300"", ""1301"", ""1302"", ""1761"", ""1303"", ""1304"", ""1305"", ""1306"", ""1432"", ""1433"", ""1434"", ""3297"", ""4241"", ""2310"", ""2311"", ""2312"", ""2313"", ""2314"", ""ESTACION_CORREGIDORA_SUR""]","[""130"", ""130"", ""92"", ""92"", ""92"", ""92"", ""92"", ""92"", ""255"", ""255"", ""90"", ""90"", ""90"", ""90"", ""90"", ""90"", ""90"", ""90"", ""90"", ""90"", ""97"", ""97"", ""97"", ""97"", ""97"", ""97"", ""97"", ""CAMINATA""]",5.0,Valle Dorado/Valle de Las Flores,20.527713651217,-100.47007192824
5215,58.750609117037314,233,L113,1,45,2,Con transbordo,233 → 338,L113 → C48,Blvd. de Las Américas/Cerro del Fraile,"[""5215"", ""2652"", ""2653"", ""2654"", ""2655"", ""2656"", ""2657"", ""2658"", ""2395"", ""2396"", ""2397"", ""5083"", ""5084"", ""5085"", ""2661"", ""5086"", ""2662"", ""2663"", ""2664"", ""2665"", ""2666"", ""2667"", ""2255"", ""2639"", ""5087"", ""3650"", ""2290"", ""3600"", ""2291"", ""2292"", ""2293"", ""2294"", ""2295"", ""2296"", ""2418"", ""2419"", ""5180"", ""2672"", ""2201"", ""4241"", ""2310"", ""2311"", ""2312"", ""2313"", ""ESTACION_CORREGIDORA_SUR""]","[""233"", ""233"", ""233"", ""233"", ""233"", ""233"", ""233"", ""233"", ""233"", ""233"", ""233"", ""233"", ""233"", ""233"", ""233"", ""233"", ""233"", ""233"", ""233"", ""233"", ""233"", ""233"", ""233"", ""233"", ""233"", ""233"", ""338"", ""338"", ""338"", ""338"", ""338"", ""338"", ""338"", ""338"", ""338"", ""338"", ""338"", ""338"", ""338"", ""338"", ""338"", ""338"", ""338"", ""CAMINATA""]",5.0,Calle Naranjo/Calle Ahuehuete,20.535384785415,-100.40688478598
2756,59.16728036257155,140,L107,3,34,4,Con transbordo,140 → 321 → 139 → 321,L107 → C27 → C32 → C27,Cobá/Blvd de Los Gobernadores → Blvd de Los Gobernadores/Labná → Cobá/Blvd de Los Gobernadores,"[""2756"", ""2757"", ""2758"", ""2488"", ""2526"", ""2489"", ""2472"", ""2473"", ""2474"", ""5078"", ""2475"", ""2476"", ""2477"", ""2212"", ""2213"", ""2214"", ""2215"", ""2478"", ""2308"", ""2028"", ""2029"", ""2030"", ""2031"", ""2309"", ""1919"", ""1920"", ""1921"", ""4241"", ""2310"", ""2311"", ""2312"", ""2313"", ""2314"", ""ESTACION_CORREGIDORA_SUR""]","[""140"", ""140"", ""140"", ""321"", ""321"", ""139"", ""321"", ""321"", ""321"", ""321"", ""321"", ""321"", ""321"", ""321"", ""321"", ""321"", ""321"", ""321"", ""321"", ""321"", ""321"", ""321"", ""321"", ""321"", ""321"", ""321"", ""321"", ""321"", ""321"", ""321"", ""321"", ""321"", ""CAMINATA""]",5.0,Blvd. Bicentenario/Genova Sur,20.555162276951,-100.37879250057
3671,59.583942450370635,356,L108,3,20,4,Con transbordo,356 → 359 → 356 → 338,L108 → L151 → L108 → C48,Independencia/Av. Miguel Hidalgo → Carr. Tlacote/Av. del Quetzal → Ignacio Zaragoza/Imss,"[""3671"", ""3643"", ""3644"", ""2763"", ""2764"", ""2765"", ""4096"", ""4097"", ""4098"", ""4099"", ""2616"", ""4100"", ""1766"", ""2201"", ""4241"", ""2310"", ""2311"", ""2312"", ""2313"", ""ESTACION_CORREGIDORA_SUR""]","[""356"", ""356"", ""359"", ""356"", ""356"", ""356"", ""356"", ""356"", ""356"", ""356"", ""356"", ""356"", ""356"", ""338"", ""338"", ""338"", ""338"", ""338"", ""CAMINATA""]",5.0,Prol. José Maria Morelos/Independencia,20.5930431,-100.4499993
2754,59.667280362571546,140,L107,3,36,4,Con transbordo,140 → 321 → 139 → 321,L107 → C27 → C32 → C27,Ricardo Flores Magón/Cto. Lázaro Cárdenas → Blvd de Los Gobernadores/Labná → Cobá/Blvd de Los Gobernadores,"[""2754"", ""2755"", ""5208"", ""2487"", ""5071"", ""2488"", ""2526"", ""2489"", ""2472"", ""2473"", ""2474"", ""5078"", ""2475"", ""2476"", ""2477"", ""2212"", ""2213"", ""2214"", ""2215"", ""2478"", ""2308"", ""2028"", ""2029"", ""2030"", ""2031"", ""2309"", ""1919"", ""1920"", ""1921"", ""4241"", ""2310"", ""2311"", ""2312"", ""2313"", ""2314"", ""ESTACION_CORREGIDORA_SUR""]","[""140"", ""140"", ""321"", ""321"", ""321"", ""321"", ""321"", ""139"", ""321"", ""321"", ""321"", ""321"", ""321"", ""321"", ""321"", ""321"", ""321"", ""321"", ""321"", ""321"", ""321"", ""321"", ""321"", ""321"", ""321"", ""321"", ""321"", ""321"", ""321"", ""321"", ""321"", ""321"", ""321"", ""321"", ""CAMINATA""]",5.0,Cto. Lazaro Cardenas/San Antonio de Triana,20.5617138,-100.3783291
5136,59.68394245037063,359,L151,2,21,3,Con transbordo,359 → 356 → 338,L151 → L108 → C48,Carr. Tlacote/Av. del Quetzal → Ignacio Zaragoza/Imss,"[""5136"", ""5137"", ""3643"", ""3644"", ""2763"", ""2764"", ""2765"", ""4096"", ""4097"", ""4098"", ""4099"", ""2616"", ""4100"", ""1766"", ""2201"", ""4241"", ""2310"", ""2311"", ""2312"", ""2313"", ""ESTACION_CORREGIDORA_SUR""]","[""359"", ""359"", ""359"", ""359"", ""356"", ""356"", ""356"", ""356"", ""356"", ""356"", ""356"", ""356"", ""356"", ""356"", ""338"", ""338"", ""338"", ""338"", ""338"", ""CAMINATA""]",5.0,Estrella Polar/Parque la Aurora,20.595645302617,-100.45154322018
3522,59.82561369590489,128,L100,3,24,4,Con transbordo,128 → 255 → 90 → 97,L100 → T11 → L51 → C22,Industrial Balvanera → Santa Bárbara → Constitución de 1917,"[""3522"", ""3604"", ""1370"", ""2190"", ""3301"", ""1300"", ""1301"", ""1302"", ""1761"", ""1303"", ""1304"", ""1305"", ""1306"", ""1432"", ""1433"", ""1434"", ""3297"", ""4241"", ""2310"", ""2311"", ""2312"", ""2313"", ""2314"", ""ESTACION_CORREGIDORA_SUR""]","[""128"", ""128"", ""255"", ""255"", ""255"", ""90"", ""90"", ""90"", ""90"", ""90"", ""90"", ""90"", ""90"", ""90"", ""90"", ""97"", ""97"", ""97"", ""97"", ""97"", ""97"", ""97"", ""CAMINATA""]",5.0,Libramiento Norponiente/Villas la Estancia,20.56075565,-100.4829722
3923,59.930997268029294,386,AIQ01,2,31,3,Con transbordo,386 → 352 → 325,AIQ01 → C64 → C34,Lateral Carr. Querétaro/México/Cobaq 16 El Colorado → Alameda,"[""3923"", ""3807"", ""3873"", ""3874"", ""3875"", ""3808"", ""3809"", ""3810"", ""3811"", ""3812"", ""4404"", ""3813"", ""5104"", ""1475"", ""1476"", ""1472"", ""1471"", ""1470"", ""1469"", ""1439"", ""1438"", ""2537"", ""1920"", ""1921"", ""4241"", ""2310"", ""2311"", ""2312"", ""2313"", ""2681"", ""ESTACION_CORREGIDORA_SUR""]","[""386"", ""352"", ""352"", ""352"", ""352"", ""352"", ""352"", ""352"", ""352"", ""352"", ""352"", ""352"", ""352"", ""352"", ""352"", ""352"", ""352"", ""352"", ""352"", ""325"", ""325"", ""325"", ""325"", ""325"", ""325"", ""325"", ""325"", ""325"", ""325"", ""CAMINATA""]",5.0,Carr. Colorado/El Paraíso,20.56315785956,-100.22093856978
3871,60.16433060136261,382,T14,1,31,2,Con transbordo,382 → 325,T14 → C34,Bicentenario,"[""3871"", ""3872"", ""3807"", ""3873"", ""3874"", ""3875"", ""3808"", ""3809"", ""3810"", ""3811"", ""3812"", ""4404"", ""3813"", ""5104"", ""1476"", ""1472"", ""1471"", ""1470"", ""1469"", ""1439"", ""1438"", ""2537"", ""1920"", ""1921"", ""4241"", ""2310"", ""2311"", ""2312"", ""2313"", ""2681"", ""ESTACION_CORREGIDORA_SUR""]","[""382"", ""382"", ""382"", ""382"", ""382"", ""382"", ""382"", ""382"", ""382"", ""382"", ""382"", ""382"", ""382"", ""382"", ""325"", ""325"", ""325"", ""325"", ""325"", ""325"", ""325"", ""325"", ""325"", ""325"", ""325"", ""325"", ""325"", ""325"", ""325"", ""CAMINATA""]",5.0,Carr. Federal No. 57/Calle Michoacán,20.545896379867,-100.20525415825
1774,60.17561369590489,130,L102,4,30,5,Con transbordo,130 → 92 → 255 → 90 → 97,L102 → L53 → T11 → L51 → C22,Josefa Vergara/Valle Dorado → Terminal Balvanera → Santa Bárbara → Constitución de 1917,"[""1774"", ""1775"", ""1776"", ""1382"", ""1383"", ""1387"", ""1386"", ""1330"", ""1399"", ""2190"", ""3301"", ""1300"", ""1301"", ""1302"", ""1761"", ""1303"", ""1304"", ""1305"", ""1306"", ""1432"", ""1433"", ""1434"", ""3297"", ""4241"", ""2310"", ""2311"", ""2312"", ""2313"", ""2314"", ""ESTACION_CORREGIDORA_SUR""]","[""130"", ""130"", ""130"", ""92"", ""92"", ""92"", ""92"", ""92"", ""92"", ""255"", ""255"", ""90"", ""90"", ""90"", ""90"", ""90"", ""90"", ""90"", ""90"", ""90"", ""90"", ""97"", ""97"", ""97"", ""97"", ""97"", ""97"", ""97"", ""CAMINATA""]",5.0,Valle de Las Flores/Valle de Guadalupe,20.527710313041,-100.47184069552
4104,60.400609117037305,356,L108,3,21,4,Con transbordo,356 → 359 → 356 → 338,L108 → L151 → L108 → C48,Independencia/Av. Miguel Hidalgo → Carr. Tlacote/Av. del Quetzal → Ignacio Zaragoza/Imss,"[""4104"", ""3671"", ""3643"", ""3644"", ""2763"", ""2764"", ""2765"", ""4096"", ""4097"", ""4098"", ""4099"", ""2616"", ""4100"", ""1766"", ""2201"", ""4241"", ""2310"", ""2311"", ""2312"", ""2313"", ""ESTACION_CORREGIDORA_SUR""]","[""356"", ""356"", ""356"", ""359"", ""356"", ""356"", ""356"", ""356"", ""356"", ""356"", ""356"", ""356"", ""356"", ""356"", ""338"", ""338"", ""338"", ""338"", ""338"", ""CAMINATA""]",5.0,Carr. Tlacote/Santa María Magdalena,20.590647788582,-100.44896322153
4082,60.83099726802929,396,T16,1,36,2,Con transbordo,396 → 325,T16 → C34,Alameda,"[""4082"", ""5176"", ""4083"", ""4084"", ""4127"", ""4423"", ""4315"", ""2625"", ""3577"", ""5107"", ""2490"", ""2464"", ""3343"", ""3344"", ""2442"", ""2471"", ""3596"", ""1473"", ""1474"", ""1476"", ""1472"", ""1471"", ""1470"", ""1469"", ""1439"", ""1438"", ""2537"", ""1920"", ""1921"", ""4241"", ""2310"", ""2311"", ""2312"", ""2313"", ""2681"", ""ESTACION_CORREGIDORA_SUR""]","[""396"", ""396"", ""396"", ""396"", ""396"", ""396"", ""396"", ""396"", ""396"", ""396"", ""396"", ""396"", ""396"", ""396"", ""396"", ""396"", ""396"", ""396"", ""396"", ""396"", ""396"", ""396"", ""396"", ""396"", ""325"", ""325"", ""325"", ""325"", ""325"", ""325"", ""325"", ""325"", ""325"", ""325"", ""CAMINATA""]",5.0,Calle Manuel Gómez Morín/Carr. 400,20.468069006849,-100.3013792898
5082,61.45060911703732,233,L113,1,46,2,Con transbordo,233 → 338,L113 → C48,Blvd. de Las Américas/Cerro del Fraile,"[""5082"", ""5215"", ""2652"", ""2653"", ""2654"", ""2655"", ""2656"", ""2657"", ""2658"", ""2395"", ""2396"", ""2397"", ""5083"", ""5084"", ""5085"", ""2661"", ""5086"", ""2662"", ""2663"", ""2664"", ""2665"", ""2666"", ""2667"", ""2255"", ""2639"", ""5087"", ""3650"", ""2290"", ""3600"", ""2291"", ""2292"", ""2293"", ""2294"", ""2295"", ""2296"", ""2418"", ""2419"", ""5180"", ""2672"", ""2201"", ""4241"", ""2310"", ""2311"", ""2312"", ""2313"", ""ESTACION_CORREGIDORA_SUR""]","[""233"", ""233"", ""233"", ""233"", ""233"", ""233"", ""233"", ""233"", ""233"", ""233"", ""233"", ""233"", ""233"", ""233"", ""233"", ""233"", ""233"", ""233"", ""233"", ""233"", ""233"", ""233"", ""233"", ""233"", ""233"", ""233"", ""233"", ""338"", ""338"", ""338"", ""338"", ""338"", ""338"", ""338"", ""338"", ""338"", ""338"", ""338"", ""338"", ""338"", ""338"", ""338"", ""338"", ""338"", ""CAMINATA""]",5.0,Calle Mirador del Cimatario/Av. Camino Real,20.54101032,-100.4003407
3922,61.48099726802929,386,AIQ01,2,32,3,Con transbordo,386 → 352 → 325,AIQ01 → C64 → C34,Lateral Carr. Querétaro/México/Cobaq 16 El Colorado → Alameda,"[""3922"", ""3923"", ""3807"", ""3873"", ""3874"", ""3875"", ""3808"", ""3809"", ""3810"", ""3811"", ""3812"", ""4404"", ""3813"", ""5104"", ""1475"", ""1476"", ""1472"", ""1471"", ""1470"", ""1469"", ""1439"", ""1438"", ""2537"", ""1920"", ""1921"", ""4241"", ""2310"", ""2311"", ""2312"", ""2313"", ""2681"", ""ESTACION_CORREGIDORA_SUR""]","[""386"", ""386"", ""352"", ""352"", ""352"", ""352"", ""352"", ""352"", ""352"", ""352"", ""352"", ""352"", ""352"", ""352"", ""352"", ""352"", ""352"", ""352"", ""352"", ""352"", ""325"", ""325"", ""325"", ""325"", ""325"", ""325"", ""325"", ""325"", ""325"", ""325"", ""CAMINATA""]",5.0,Carr. Colorado/Campo de Futbol El Paraíso,20.566907750549,-100.21618249075
5116,61.572663934695946,408,C73,1,30,2,Con transbordo,408 → 325,C73 → C34,Luis Vega y Monroy/Estadio,"[""5116"", ""5117"", ""5202"", ""3171"", ""4086"", ""2471"", ""3596"", ""2246"", ""2017"", ""2018"", ""2019"", ""2020"", ""2021"", ""2450"", ""2451"", ""1471"", ""1470"", ""1469"", ""1439"", ""1438"", ""2537"", ""1920"", ""1921"", ""4241"", ""2310"", ""2311"", ""2312"", ""2313"", ""2681"", ""ESTACION_CORREGIDORA_SUR""]","[""408"", ""408"", ""408"", ""408"", ""408"", ""408"", ""408"", ""408"", ""325"", ""325"", ""325"", ""325"", ""325"", ""325"", ""325"", ""325"", ""325"", ""325"", ""325"", ""325"", ""325"", ""325"", ""325"", ""325"", ""325"", ""325"", ""325"", ""325"", ""CAMINATA""]",5.0,Libramiento Surponiente/Av. José María Truchuelo,20.539295142427,-100.38790702723
4306,61.780997268029296,396,T16,1,37,2,Con transbordo,396 → 325,T16 → C34,Alameda,"[""4306"", ""4082"", ""5176"", ""4083"", ""4084"", ""4127"", ""4423"", ""4315"", ""2625"", ""3577"", ""5107"", ""2490"", ""2464"", ""3343"", ""3344"", ""2442"", ""2471"", ""3596"", ""1473"", ""1474"", ""1476"", ""1472"", ""1471"", ""1470"", ""1469"", ""1439"", ""1438"", ""2537"", ""1920"", ""1921"", ""4241"", ""2310"", ""2311"", ""2312"", ""2313"", ""2681"", ""ESTACION_CORREGIDORA_SUR""]","[""396"", ""396"", ""396"", ""396"", ""396"", ""396"", ""396"", ""396"", ""396"", ""396"", ""396"", ""396"", ""396"", ""396"", ""396"", ""396"", ""396"", ""396"", ""396"", ""396"", ""396"", ""396"", ""396"", ""396"", ""396"", ""325"", ""325"", ""325"", ""325"", ""325"", ""325"", ""325"", ""325"", ""325"", ""325"", ""CAMINATA""]",5.0,Manuel Gómez Morín/José María Morelos y Pavón,20.465074637464,-100.29806373551
2767,62.01727578370397,356,L108,3,22,4,Con transbordo,356 → 359 → 356 → 338,L108 → L151 → L108 → C48,Independencia/Av. Miguel Hidalgo → Carr. Tlacote/Av. del Quetzal → Ignacio Zaragoza/Imss,"[""2767"", ""4104"", ""3671"", ""3643"", ""3644"", ""2763"", ""2764"", ""2765"", ""4096"", ""4097"", ""4098"", ""4099"", ""2616"", ""4100"", ""1766"", ""2201"", ""4241"", ""2310"", ""2311"", ""2312"", ""2313"", ""ESTACION_CORREGIDORA_SUR""]","[""356"", ""356"", ""356"", ""356"", ""359"", ""356"", ""356"", ""356"", ""356"", ""356"", ""356"", ""356"", ""356"", ""356"", ""356"", ""338"", ""338"", ""338"", ""338"", ""338"", ""CAMINATA""]",5.0,Carr. Tlacote/Av. del Quetzal,20.59002279,-100.4434926
4305,62.3809972680293,396,T16,1,38,2,Con transbordo,396 → 325,T16 → C34,Alameda,"[""4305"", ""4306"", ""4082"", ""5176"", ""4083"", ""4084"", ""4127"", ""4423"", ""4315"", ""2625"", ""3577"", ""5107"", ""2490"", ""2464"", ""3343"", ""3344"", ""2442"", ""2471"", ""3596"", ""1473"", ""1474"", ""1476"", ""1472"", ""1471"", ""1470"", ""1469"", ""1439"", ""1438"", ""2537"", ""1920"", ""1921"", ""4241"", ""2310"", ""2311"", ""2312"", ""2313"", ""2681"", ""ESTACION_CORREGIDORA_SUR""]","[""396"", ""396"", ""396"", ""396"", ""396"", ""396"", ""396"", ""396"", ""396"", ""396"", ""396"", ""396"", ""396"", ""396"", ""396"", ""396"", ""396"", ""396"", ""396"", ""396"", ""396"", ""396"", ""396"", ""396"", ""396"", ""396"", ""325"", ""325"", ""325"", ""325"", ""325"", ""325"", ""325"", ""325"", ""325"", ""325"", ""CAMINATA""]",5.0,Calle Manuel Gómez Morín/Calle Ignacio Allende,20.463186632629,-100.295974024
3649,63.08394245037065,233,L113,1,47,2,Con transbordo,233 → 338,L113 → C48,Blvd. de Las Américas/Cerro del Fraile,"[""3649"", ""5082"", ""5215"", ""2652"", ""2653"", ""2654"", ""2655"", ""2656"", ""2657"", ""2658"", ""2395"", ""2396"", ""2397"", ""5083"", ""5084"", ""5085"", ""2661"", ""5086"", ""2662"", ""2663"", ""2664"", ""2665"", ""2666"", ""2667"", ""2255"", ""2639"", ""5087"", ""3650"", ""2290"", ""3600"", ""2291"", ""2292"", ""2293"", ""2294"", ""2295"", ""2296"", ""2418"", ""2419"", ""5180"", ""2672"", ""2201"", ""4241"", ""2310"", ""2311"", ""2312"", ""2313"", ""ESTACION_CORREGIDORA_SUR""]","[""233"", ""233"", ""233"", ""233"", ""233"", ""233"", ""233"", ""233"", ""233"", ""233"", ""233"", ""233"", ""233"", ""233"", ""233"", ""233"", ""233"", ""233"", ""233"", ""233"", ""233"", ""233"", ""233"", ""233"", ""233"", ""233"", ""233"", ""233"", ""338"", ""338"", ""338"", ""338"", ""338"", ""338"", ""338"", ""338"", ""338"", ""338"", ""338"", ""338"", ""338"", ""338"", ""338"", ""338"", ""338"", ""CAMINATA""]",5.0,Francisco Alcocer Pozo/Calle Maristas,20.541418931988,-100.3949916477
4272,63.1006091170373,408,C73,2,31,3,Con transbordo,408 → 322 → 338,C73 → C29 → C48,Estatal 30 Libramiento Sur/Camino Real A Huimilpan → Blvd. de Las Américas/Río Lerma,"[""4272"", ""4273"", ""3021"", ""4148"", ""4149"", ""4150"", ""3022"", ""5223"", ""4116"", ""2506"", ""2507"", ""2508"", ""2509"", ""4138"", ""2291"", ""2292"", ""2293"", ""2294"", ""2295"", ""2296"", ""2418"", ""2419"", ""5180"", ""2672"", ""2201"", ""4241"", ""2310"", ""2311"", ""2312"", ""2313"", ""ESTACION_CORREGIDORA_SUR""]","[""408"", ""408"", ""322"", ""322"", ""322"", ""322"", ""322"", ""322"", ""322"", ""322"", ""322"", ""322"", ""322"", ""322"", ""338"", ""338"", ""338"", ""338"", ""338"", ""338"", ""338"", ""338"", ""338"", ""338"", ""338"", ""338"", ""338"", ""338"", ""338"", ""CAMINATA""]",5.0,Libramiento Surponiente/Blvd. Esmeralda,20.524869362865,-100.43271329752
3870,63.41433060136261,382,T14,1,32,2,Con transbordo,382 → 325,T14 → C34,Bicentenario,"[""3870"", ""3871"", ""3872"", ""3807"", ""3873"", ""3874"", ""3875"", ""3808"", ""3809"", ""3810"", ""3811"", ""3812"", ""4404"", ""3813"", ""5104"", ""1476"", ""1472"", ""1471"", ""1470"", ""1469"", ""1439"", ""1438"", ""2537"", ""1920"", ""1921"", ""4241"", ""2310"", ""2311"", ""2312"", ""2313"", ""2681"", ""ESTACION_CORREGIDORA_SUR""]","[""382"", ""382"", ""382"", ""382"", ""382"", ""382"", ""382"", ""382"", ""382"", ""382"", ""382"", ""382"", ""382"", ""382"", ""382"", ""325"", ""325"", ""325"", ""325"", ""325"", ""325"", ""325"", ""325"", ""325"", ""325"", ""325"", ""325"", ""325"", ""325"", ""325"", ""CAMINATA""]",5.0,Carr. Federal No. 57/San Valentín El Monte,20.537271266756,-100.19228062921
4103,64.33394245037064,356,L108,3,23,4,Con transbordo,356 → 359 → 356 → 338,L108 → L151 → L108 → C48,Independencia/Av. Miguel Hidalgo → Carr. Tlacote/Av. del Quetzal → Ignacio Zaragoza/Imss,"[""4103"", ""2767"", ""4104"", ""3671"", ""3643"", ""3644"", ""2763"", ""2764"", ""2765"", ""4096"", ""4097"", ""4098"", ""4099"", ""2616"", ""4100"", ""1766"", ""2201"", ""4241"", ""2310"", ""2311"", ""2312"", ""2313"", ""ESTACION_CORREGIDORA_SUR""]","[""356"", ""356"", ""356"", ""356"", ""356"", ""359"", ""356"", ""356"", ""356"", ""356"", ""356"", ""356"", ""356"", ""356"", ""356"", ""356"", ""338"", ""338"", ""338"", ""338"", ""338"", ""CAMINATA""]",5.0,Carr. Tlacote/Zona Militar,20.589923080231,-100.43563147204
5115,64.78394245037063,408,C73,2,32,3,Con transbordo,408 → 322 → 338,C73 → C29 → C48,Estatal 30 Libramiento Sur/Camino Real A Huimilpan → Blvd. de Las Américas/Río Lerma,"[""5115"", ""4272"", ""4273"", ""3021"", ""4148"", ""4149"", ""4150"", ""3022"", ""5223"", ""4116"", ""2506"", ""2507"", ""2508"", ""2509"", ""4138"", ""2291"", ""2292"", ""2293"", ""2294"", ""2295"", ""2296"", ""2418"", ""2419"", ""5180"", ""2672"", ""2201"", ""4241"", ""2310"", ""2311"", ""2312"", ""2313"", ""ESTACION_CORREGIDORA_SUR""]","[""408"", ""408"", ""408"", ""322"", ""322"", ""322"", ""322"", ""322"", ""322"", ""322"", ""322"", ""322"", ""322"", ""322"", ""322"", ""338"", ""338"", ""338"", ""338"", ""338"", ""338"", ""338"", ""338"", ""338"", ""338"", ""338"", ""338"", ""338"", ""338"", ""338"", ""CAMINATA""]",5.0,Libramiento Surponiente/Calle Hércules,20.526131347673,-100.43556923682
4304,64.79766393469596,418,C74,2,39,3,Con transbordo,418 → 396 → 325,C74 → T16 → C34,Carr. 400/San Fandila → Alameda,"[""4304"", ""4305"", ""4306"", ""4082"", ""5176"", ""4083"", ""4084"", ""4127"", ""4423"", ""4315"", ""2625"", ""3577"", ""5107"", ""2490"", ""2464"", ""3343"", ""3344"", ""2442"", ""2471"", ""3596"", ""1473"", ""1474"", ""1476"", ""1472"", ""1471"", ""1470"", ""1469"", ""1439"", ""1438"", ""2537"", ""1920"", ""1921"", ""4241"", ""2310"", ""2311"", ""2312"", ""2313"", ""2681"", ""ESTACION_CORREGIDORA_SUR""]","[""418"", ""418"", ""418"", ""418"", ""418"", ""396"", ""396"", ""396"", ""396"", ""396"", ""396"", ""396"", ""396"", ""396"", ""396"", ""396"", ""396"", ""396"", ""396"", ""396"", ""396"", ""396"", ""396"", ""396"", ""396"", ""396"", ""396"", ""325"", ""325"", ""325"", ""325"", ""325"", ""325"", ""325"", ""325"", ""325"", ""325"", ""CAMINATA""]",5.0,Manuel Gómez Morín/Bernardo Quintana,20.461884837101,-100.29450339671
3647,65.06727578370398,356,L108,3,24,4,Con transbordo,356 → 359 → 356 → 338,L108 → L151 → L108 → C48,Independencia/Av. Miguel Hidalgo → Carr. Tlacote/Av. del Quetzal → Ignacio Zaragoza/Imss,"[""3647"", ""4103"", ""2767"", ""4104"", ""3671"", ""3643"", ""3644"", ""2763"", ""2764"", ""2765"", ""4096"", ""4097"", ""4098"", ""4099"", ""2616"", ""4100"", ""1766"", ""2201"", ""4241"", ""2310"", ""2311"", ""2312"", ""2313"", ""ESTACION_CORREGIDORA_SUR""]","[""356"", ""356"", ""356"", ""356"", ""356"", ""356"", ""359"", ""356"", ""356"", ""356"", ""356"", ""356"", ""356"", ""356"", ""356"", ""356"", ""356"", ""338"", ""338"", ""338"", ""338"", ""338"", ""CAMINATA""]",5.0,Av. Tlacote/Camino A Tlacote,20.59003717,-100.4331543
2647,65.06727578370399,337,C47,2,46,3,Con transbordo,337 → 233 → 338,C47 → L113 → C48,Calle Naranjo/Calle Ahuehuete → Blvd. de Las Américas/Cerro del Fraile,"[""2647"", ""5215"", ""2652"", ""2653"", ""2654"", ""2655"", ""2656"", ""2657"", ""2658"", ""2395"", ""2396"", ""2397"", ""5083"", ""5084"", ""5085"", ""2661"", ""5086"", ""2662"", ""2663"", ""2664"", ""2665"", ""2666"", ""2667"", ""2255"", ""2639"", ""5087"", ""3650"", ""2290"", ""3600"", ""2291"", ""2292"", ""2293"", ""2294"", ""2295"", ""2296"", ""2418"", ""2419"", ""5180"", ""2672"", ""2201"", ""4241"", ""2310"", ""2311"", ""2312"", ""2313"", ""ESTACION_CORREGIDORA_SUR""]","[""337"", ""233"", ""233"", ""233"", ""233"", ""233"", ""233"", ""233"", ""233"", ""233"", ""233"", ""233"", ""233"", ""233"", ""233"", ""233"", ""233"", ""233"", ""233"", ""233"", ""233"", ""233"", ""233"", ""233"", ""233"", ""233"", ""233"", ""338"", ""338"", ""338"", ""338"", ""338"", ""338"", ""338"", ""338"", ""338"", ""338"", ""338"", ""338"", ""338"", ""338"", ""338"", ""338"", ""338"", ""CAMINATA""]",5.0,Maravillas/Fresno,20.536855630515,-100.40363985066
4303,65.17266393469596,418,C74,2,40,3,Con transbordo,418 → 396 → 325,C74 → T16 → C34,Carr. 400/San Fandila → Alameda,"[""4303"", ""4304"", ""4305"", ""4306"", ""4082"", ""5176"", ""4083"", ""4084"", ""4127"", ""4423"", ""4315"", ""2625"", ""3577"", ""5107"", ""2490"", ""2464"", ""3343"", ""3344"", ""2442"", ""2471"", ""3596"", ""1473"", ""1474"", ""1476"", ""1472"", ""1471"", ""1470"", ""1469"", ""1439"", ""1438"", ""2537"", ""1920"", ""1921"", ""4241"", ""2310"", ""2311"", ""2312"", ""2313"", ""2681"", ""ESTACION_CORREGIDORA_SUR""]","[""418"", ""418"", ""418"", ""418"", ""418"", ""418"", ""396"", ""396"", ""396"", ""396"", ""396"", ""396"", ""396"", ""396"", ""396"", ""396"", ""396"", ""396"", ""396"", ""396"", ""396"", ""396"", ""396"", ""396"", ""396"", ""396"", ""396"", ""396"", ""325"", ""325"", ""325"", ""325"", ""325"", ""325"", ""325"", ""325"", ""325"", ""325"", ""CAMINATA""]",5.0,Manuel Gómez Morín/Delegación Lagunillas Sección 3,20.459716952361,-100.29256444927
4302,65.49766393469596,418,C74,2,41,3,Con transbordo,418 → 396 → 325,C74 → T16 → C34,Carr. 400/San Fandila → Alameda,"[""4302"", ""4303"", ""4304"", ""4305"", ""4306"", ""4082"", ""5176"", ""4083"", ""4084"", ""4127"", ""4423"", ""4315"", ""2625"", ""3577"", ""5107"", ""2490"", ""2464"", ""3343"", ""3344"", ""2442"", ""2471"", ""3596"", ""1473"", ""1474"", ""1476"", ""1472"", ""1471"", ""1470"", ""1469"", ""1439"", ""1438"", ""2537"", ""1920"", ""1921"", ""4241"", ""2310"", ""2311"", ""2312"", ""2313"", ""2681"", ""ESTACION_CORREGIDORA_SUR""]","[""418"", ""418"", ""418"", ""418"", ""418"", ""418"", ""418"", ""396"", ""396"", ""396"", ""396"", ""396"", ""396"", ""396"", ""396"", ""396"", ""396"", ""396"", ""396"", ""396"", ""396"", ""396"", ""396"", ""396"", ""396"", ""396"", ""396"", ""396"", ""396"", ""325"", ""325"", ""325"", ""325"", ""325"", ""325"", ""325"", ""325"", ""325"", ""325"", ""CAMINATA""]",5.0,Manuel Gómez Morín/José María Morelos y Pavón,20.462110638451,-100.29200096676
4356,65.70061369590489,333,C42,1,28,2,Con transbordo,333 → 319,C42 → C24,Vicente Guerrero,"[""4356"", ""2624"", ""5091"", ""4315"", ""2625"", ""3577"", ""5107"", ""2519"", ""3578"", ""2216"", ""2217"", ""2218"", ""2219"", ""2032"", ""2023"", ""2024"", ""2856"", ""1918"", ""1919"", ""1920"", ""1921"", ""4241"", ""2310"", ""2311"", ""2312"", ""2313"", ""2314"", ""ESTACION_CORREGIDORA_SUR""]","[""333"", ""333"", ""333"", ""333"", ""333"", ""333"", ""333"", ""333"", ""333"", ""333"", ""333"", ""333"", ""333"", ""333"", ""333"", ""333"", ""333"", ""333"", ""319"", ""319"", ""319"", ""319"", ""319"", ""319"", ""319"", ""319"", ""CAMINATA""]",5.0,Qro 420/Ciudad Marqués,20.538164058816,-100.28501068106
4301,66.2059972680293,418,C74,2,42,3,Con transbordo,418 → 396 → 325,C74 → T16 → C34,Carr. 400/San Fandila → Alameda,"[""4301"", ""4302"", ""4303"", ""4304"", ""4305"", ""4306"", ""4082"", ""5176"", ""4083"", ""4084"", ""4127"", ""4423"", ""4315"", ""2625"", ""3577"", ""5107"", ""2490"", ""2464"", ""3343"", ""3344"", ""2442"", ""2471"", ""3596"", ""1473"", ""1474"", ""1476"", ""1472"", ""1471"", ""1470"", ""1469"", ""1439"", ""1438"", ""2537"", ""1920"", ""1921"", ""4241"", ""2310"", ""2311"", ""2312"", ""2313"", ""2681"", ""ESTACION_CORREGIDORA_SUR""]","[""418"", ""418"", ""418"", ""418"", ""418"", ""418"", ""418"", ""418"", ""396"", ""396"", ""396"", ""396"", ""396"", ""396"", ""396"", ""396"", ""396"", ""396"", ""396"", ""396"", ""396"", ""396"", ""396"", ""396"", ""396"", ""396"", ""396"", ""396"", ""396"", ""396"", ""325"", ""325"", ""325"", ""325"", ""325"", ""325"", ""325"", ""325"", ""325"", ""325"", ""CAMINATA""]",5.0,Manuel Gómez Morín/Qro 400,20.467434609858,-100.29191705614
2646,66.25060911703733,337,C47,2,47,3,Con transbordo,337 → 233 → 338,C47 → L113 → C48,Calle Naranjo/Calle Ahuehuete → Blvd. de Las Américas/Cerro del Fraile,"[""2646"", ""2647"", ""5215"", ""2652"", ""2653"", ""2654"", ""2655"", ""2656"", ""2657"", ""2658"", ""2395"", ""2396"", ""2397"", ""5083"", ""5084"", ""5085"", ""2661"", ""5086"", ""2662"", ""2663"", ""2664"", ""2665"", ""2666"", ""2667"", ""2255"", ""2639"", ""5087"", ""3650"", ""2290"", ""3600"", ""2291"", ""2292"", ""2293"", ""2294"", ""2295"", ""2296"", ""2418"", ""2419"", ""5180"", ""2672"", ""2201"", ""4241"", ""2310"", ""2311"", ""2312"", ""2313"", ""ESTACION_CORREGIDORA_SUR""]","[""337"", ""337"", ""233"", ""233"", ""233"", ""233"", ""233"", ""233"", ""233"", ""233"", ""233"", ""233"", ""233"", ""233"", ""233"", ""233"", ""233"", ""233"", ""233"", ""233"", ""233"", ""233"", ""233"", ""233"", ""233"", ""233"", ""233"", ""233"", ""338"", ""338"", ""338"", ""338"", ""338"", ""338"", ""338"", ""338"", ""338"", ""338"", ""338"", ""338"", ""338"", ""338"", ""338"", ""338"", ""338"", ""CAMINATA""]",5.0,Mirador del Cubilete/Paseos del Mirador,20.539581,-100.405041
3646,66.70060911703732,356,L108,3,25,4,Con transbordo,356 → 359 → 356 → 338,L108 → L151 → L108 → C48,Independencia/Av. Miguel Hidalgo → Carr. Tlacote/Av. del Quetzal → Ignacio Zaragoza/Imss,"[""3646"", ""3647"", ""4103"", ""2767"", ""4104"", ""3671"", ""3643"", ""3644"", ""2763"", ""2764"", ""2765"", ""4096"", ""4097"", ""4098"", ""4099"", ""2616"", ""4100"", ""1766"", ""2201"", ""4241"", ""2310"", ""2311"", ""2312"", ""2313"", ""ESTACION_CORREGIDORA_SUR""]","[""356"", ""356"", ""356"", ""356"", ""356"", ""356"", ""356"", ""359"", ""356"", ""356"", ""356"", ""356"", ""356"", ""356"", ""356"", ""356"", ""356"", ""356"", ""338"", ""338"", ""338"", ""338"", ""338"", ""CAMINATA""]",5.0,Av. Tlacote/Blvd. Hacienda la Gloria,20.58983158,-100.4276224
5201,66.90060911703729,408,C73,2,33,3,Con transbordo,408 → 322 → 338,C73 → C29 → C48,Estatal 30 Libramiento Sur/Camino Real A Huimilpan → Blvd. de Las Américas/Río Lerma,"[""5201"", ""5115"", ""4272"", ""4273"", ""3021"", ""4148"", ""4149"", ""4150"", ""3022"", ""5223"", ""4116"", ""2506"", ""2507"", ""2508"", ""2509"", ""4138"", ""2291"", ""2292"", ""2293"", ""2294"", ""2295"", ""2296"", ""2418"", ""2419"", ""5180"", ""2672"", ""2201"", ""4241"", ""2310"", ""2311"", ""2312"", ""2313"", ""ESTACION_CORREGIDORA_SUR""]","[""408"", ""408"", ""408"", ""408"", ""322"", ""322"", ""322"", ""322"", ""322"", ""322"", ""322"", ""322"", ""322"", ""322"", ""322"", ""322"", ""338"", ""338"", ""338"", ""338"", ""338"", ""338"", ""338"", ""338"", ""338"", ""338"", ""338"", ""338"", ""338"", ""338"", ""338"", ""CAMINATA""]",5.0,Libramiento Surponiente,20.527350250709,-100.43933601462
2645,67.017275783704,337,C47,2,48,3,Con transbordo,337 → 233 → 338,C47 → L113 → C48,Calle Naranjo/Calle Ahuehuete → Blvd. de Las Américas/Cerro del Fraile,"[""2645"", ""2646"", ""2647"", ""5215"", ""2652"", ""2653"", ""2654"", ""2655"", ""2656"", ""2657"", ""2658"", ""2395"", ""2396"", ""2397"", ""5083"", ""5084"", ""5085"", ""2661"", ""5086"", ""2662"", ""2663"", ""2664"", ""2665"", ""2666"", ""2667"", ""2255"", ""2639"", ""5087"", ""3650"", ""2290"", ""3600"", ""2291"", ""2292"", ""2293"", ""2294"", ""2295"", ""2296"", ""2418"", ""2419"", ""5180"", ""2672"", ""2201"", ""4241"", ""2310"", ""2311"", ""2312"", ""2313"", ""ESTACION_CORREGIDORA_SUR""]","[""337"", ""337"", ""337"", ""233"", ""233"", ""233"", ""233"", ""233"", ""233"", ""233"", ""233"", ""233"", ""233"", ""233"", ""233"", ""233"", ""233"", ""233"", ""233"", ""233"", ""233"", ""233"", ""233"", ""233"", ""233"", ""233"", ""233"", ""233"", ""233"", ""338"", ""338"", ""338"", ""338"", ""338"", ""338"", ""338"", ""338"", ""338"", ""338"", ""338"", ""338"", ""338"", ""338"", ""338"", ""338"", ""338"", ""CAMINATA""]",5.0,Calle Francisco Alcocer/Antonio Pérez Alcocer,20.54149691,-100.4055476
2766,67.51727578370398,356,L108,3,26,4,Con transbordo,356 → 359 → 356 → 338,L108 → L151 → L108 → C48,Independencia/Av. Miguel Hidalgo → Carr. Tlacote/Av. del Quetzal → Ignacio Zaragoza/Imss,"[""2766"", ""3646"", ""3647"", ""4103"", ""2767"", ""4104"", ""3671"", ""3643"", ""3644"", ""2763"", ""2764"", ""2765"", ""4096"", ""4097"", ""4098"", ""4099"", ""2616"", ""4100"", ""1766"", ""2201"", ""4241"", ""2310"", ""2311"", ""2312"", ""2313"", ""ESTACION_CORREGIDORA_SUR""]","[""356"", ""356"", ""356"", ""356"", ""356"", ""356"", ""356"", ""356"", ""359"", ""356"", ""356"", ""356"", ""356"", ""356"", ""356"", ""356"", ""356"", ""356"", ""356"", ""338"", ""338"", ""338"", ""338"", ""338"", ""CAMINATA""]",5.0,Carr. Tlacote/Aurrera,20.58931945,-100.4249135
5114,67.95060911703729,408,C73,2,34,3,Con transbordo,408 → 322 → 338,C73 → C29 → C48,Estatal 30 Libramiento Sur/Camino Real A Huimilpan → Blvd. de Las Américas/Río Lerma,"[""5114"", ""5201"", ""5115"", ""4272"", ""4273"", ""3021"", ""4148"", ""4149"", ""4150"", ""3022"", ""5223"", ""4116"", ""2506"", ""2507"", ""2508"", ""2509"", ""4138"", ""2291"", ""2292"", ""2293"", ""2294"", ""2295"", ""2296"", ""2418"", ""2419"", ""5180"", ""2672"", ""2201"", ""4241"", ""2310"", ""2311"", ""2312"", ""2313"", ""ESTACION_CORREGIDORA_SUR""]","[""408"", ""408"", ""408"", ""408"", ""408"", ""322"", ""322"", ""322"", ""322"", ""322"", ""322"", ""322"", ""322"", ""322"", ""322"", ""322"", ""322"", ""338"", ""338"", ""338"", ""338"", ""338"", ""338"", ""338"", ""338"", ""338"", ""338"", ""338"", ""338"", ""338"", ""338"", ""338"", ""CAMINATA""]",5.0,Carr. Huimilpan/Coroneo,20.527999206404,-100.44117641831
3869,68.69766393469594,382,T14,1,33,2,Con transbordo,382 → 325,T14 → C34,Bicentenario,"[""3869"", ""3870"", ""3871"", ""3872"", ""3807"", ""3873"", ""3874"", ""3875"", ""3808"", ""3809"", ""3810"", ""3811"", ""3812"", ""4404"", ""3813"", ""5104"", ""1476"", ""1472"", ""1471"", ""1470"", ""1469"", ""1439"", ""1438"", ""2537"", ""1920"", ""1921"", ""4241"", ""2310"", ""2311"", ""2312"", ""2313"", ""2681"", ""ESTACION_CORREGIDORA_SUR""]","[""382"", ""382"", ""382"", ""382"", ""382"", ""382"", ""382"", ""382"", ""382"", ""382"", ""382"", ""382"", ""382"", ""382"", ""382"", ""382"", ""325"", ""325"", ""325"", ""325"", ""325"", ""325"", ""325"", ""325"", ""325"", ""325"", ""325"", ""325"", ""325"", ""325"", ""325"", ""CAMINATA""]",5.0,Carr. Federal No. 57/Carr. No. 240,20.523220934277,-100.17117978023
4102,69.25060911703731,356,L108,3,27,4,Con transbordo,356 → 359 → 356 → 338,L108 → L151 → L108 → C48,Independencia/Av. Miguel Hidalgo → Carr. Tlacote/Av. del Quetzal → Ignacio Zaragoza/Imss,"[""4102"", ""2766"", ""3646"", ""3647"", ""4103"", ""2767"", ""4104"", ""3671"", ""3643"", ""3644"", ""2763"", ""2764"", ""2765"", ""4096"", ""4097"", ""4098"", ""4099"", ""2616"", ""4100"", ""1766"", ""2201"", ""4241"", ""2310"", ""2311"", ""2312"", ""2313"", ""ESTACION_CORREGIDORA_SUR""]","[""356"", ""356"", ""356"", ""356"", ""356"", ""356"", ""356"", ""356"", ""356"", ""359"", ""356"", ""356"", ""356"", ""356"", ""356"", ""356"", ""356"", ""356"", ""356"", ""356"", ""338"", ""338"", ""338"", ""338"", ""338"", ""CAMINATA""]",5.0,Carr. Tlacote/Bolonia,20.58800292477,-100.41920400948
2623,70.31728036257155,333,C42,1,29,2,Con transbordo,333 → 319,C42 → C24,Vicente Guerrero,"[""2623"", ""4356"", ""2624"", ""5091"", ""4315"", ""2625"", ""3577"", ""5107"", ""2519"", ""3578"", ""2216"", ""2217"", ""2218"", ""2219"", ""2032"", ""2023"", ""2024"", ""2856"", ""1918"", ""1919"", ""1920"", ""1921"", ""4241"", ""2310"", ""2311"", ""2312"", ""2313"", ""2314"", ""ESTACION_CORREGIDORA_SUR""]","[""333"", ""333"", ""333"", ""333"", ""333"", ""333"", ""333"", ""333"", ""333"", ""333"", ""333"", ""333"", ""333"", ""333"", ""333"", ""333"", ""333"", ""333"", ""333"", ""319"", ""319"", ""319"", ""319"", ""319"", ""319"", ""319"", ""319"", ""CAMINATA""]",5.0,Universidad Politécnica de Querétaro,20.54604126,-100.2737341
5073,70.96727578370398,356,L108,3,28,4,Con transbordo,356 → 359 → 356 → 338,L108 → L151 → L108 → C48,Independencia/Av. Miguel Hidalgo → Carr. Tlacote/Av. del Quetzal → Ignacio Zaragoza/Imss,"[""5073"", ""4102"", ""2766"", ""3646"", ""3647"", ""4103"", ""2767"", ""4104"", ""3671"", ""3643"", ""3644"", ""2763"", ""2764"", ""2765"", ""4096"", ""4097"", ""4098"", ""4099"", ""2616"", ""4100"", ""1766"", ""2201"", ""4241"", ""2310"", ""2311"", ""2312"", ""2313"", ""ESTACION_CORREGIDORA_SUR""]","[""356"", ""356"", ""356"", ""356"", ""356"", ""356"", ""356"", ""356"", ""356"", ""356"", ""359"", ""356"", ""356"", ""356"", ""356"", ""356"", ""356"", ""356"", ""356"", ""356"", ""356"", ""338"", ""338"", ""338"", ""338"", ""338"", ""CAMINATA""]",5.0,Lateral Av. Tlacote/Paseo 5 de Febrero,20.586618253525,-100.41358500647
3868,71.29766393469593,382,T14,1,34,2,Con transbordo,382 → 325,T14 → C34,Bicentenario,"[""3868"", ""3869"", ""3870"", ""3871"", ""3872"", ""3807"", ""3873"", ""3874"", ""3875"", ""3808"", ""3809"", ""3810"", ""3811"", ""3812"", ""4404"", ""3813"", ""5104"", ""1476"", ""1472"", ""1471"", ""1470"", ""1469"", ""1439"", ""1438"", ""2537"", ""1920"", ""1921"", ""4241"", ""2310"", ""2311"", ""2312"", ""2313"", ""2681"", ""ESTACION_CORREGIDORA_SUR""]","[""382"", ""382"", ""382"", ""382"", ""382"", ""382"", ""382"", ""382"", ""382"", ""382"", ""382"", ""382"", ""382"", ""382"", ""382"", ""382"", ""382"", ""325"", ""325"", ""325"", ""325"", ""325"", ""325"", ""325"", ""325"", ""325"", ""325"", ""325"", ""325"", ""325"", ""325"", ""325"", ""CAMINATA""]",5.0,Carr. Federal No. 57/Parque Industrial Cantera,20.515781873356,-100.16123591345
3670,71.96727578370398,356,L108,3,29,4,Con transbordo,356 → 359 → 356 → 338,L108 → L151 → L108 → C48,Independencia/Av. Miguel Hidalgo → Carr. Tlacote/Av. del Quetzal → Ignacio Zaragoza/Imss,"[""3670"", ""5073"", ""4102"", ""2766"", ""3646"", ""3647"", ""4103"", ""2767"", ""4104"", ""3671"", ""3643"", ""3644"", ""2763"", ""2764"", ""2765"", ""4096"", ""4097"", ""4098"", ""4099"", ""2616"", ""4100"", ""1766"", ""2201"", ""4241"", ""2310"", ""2311"", ""2312"", ""2313"", ""ESTACION_CORREGIDORA_SUR""]","[""356"", ""356"", ""356"", ""356"", ""356"", ""356"", ""356"", ""356"", ""356"", ""356"", ""356"", ""359"", ""356"", ""356"", ""356"", ""356"", ""356"", ""356"", ""356"", ""356"", ""356"", ""356"", ""338"", ""338"", ""338"", ""338"", ""338"", ""CAMINATA""]",5.0,Hidalgo/Calle 13 de Septiembre,20.58969095,-100.4127165
4355,72.85061369590488,333,C42,1,30,2,Con transbordo,333 → 319,C42 → C24,Vicente Guerrero,"[""4355"", ""2623"", ""4356"", ""2624"", ""5091"", ""4315"", ""2625"", ""3577"", ""5107"", ""2519"", ""3578"", ""2216"", ""2217"", ""2218"", ""2219"", ""2032"", ""2023"", ""2024"", ""2856"", ""1918"", ""1919"", ""1920"", ""1921"", ""4241"", ""2310"", ""2311"", ""2312"", ""2313"", ""2314"", ""ESTACION_CORREGIDORA_SUR""]","[""333"", ""333"", ""333"", ""333"", ""333"", ""333"", ""333"", ""333"", ""333"", ""333"", ""333"", ""333"", ""333"", ""333"", ""333"", ""333"", ""333"", ""333"", ""333"", ""333"", ""319"", ""319"", ""319"", ""319"", ""319"", ""319"", ""319"", ""319"", ""CAMINATA""]",5.0,Qro 420/Qro 431,20.550297091042,-100.26754134778
3669,73.16727578370399,356,L108,3,30,4,Con transbordo,356 → 359 → 356 → 338,L108 → L151 → L108 → C48,Independencia/Av. Miguel Hidalgo → Carr. Tlacote/Av. del Quetzal → Ignacio Zaragoza/Imss,"[""3669"", ""3670"", ""5073"", ""4102"", ""2766"", ""3646"", ""3647"", ""4103"", ""2767"", ""4104"", ""3671"", ""3643"", ""3644"", ""2763"", ""2764"", ""2765"", ""4096"", ""4097"", ""4098"", ""4099"", ""2616"", ""4100"", ""1766"", ""2201"", ""4241"", ""2310"", ""2311"", ""2312"", ""2313"", ""ESTACION_CORREGIDORA_SUR""]","[""356"", ""356"", ""356"", ""356"", ""356"", ""356"", ""356"", ""356"", ""356"", ""356"", ""356"", ""356"", ""359"", ""356"", ""356"", ""356"", ""356"", ""356"", ""356"", ""356"", ""356"", ""356"", ""356"", ""338"", ""338"", ""338"", ""338"", ""338"", ""CAMINATA""]",5.0,Hidalgo/Secundaria General 1,20.58938739,-100.4086597
3867,73.53099726802927,382,T14,1,35,2,Con transbordo,382 → 325,T14 → C34,Bicentenario,"[""3867"", ""3868"", ""3869"", ""3870"", ""3871"", ""3872"", ""3807"", ""3873"", ""3874"", ""3875"", ""3808"", ""3809"", ""3810"", ""3811"", ""3812"", ""4404"", ""3813"", ""5104"", ""1476"", ""1472"", ""1471"", ""1470"", ""1469"", ""1439"", ""1438"", ""2537"", ""1920"", ""1921"", ""4241"", ""2310"", ""2311"", ""2312"", ""2313"", ""2681"", ""ESTACION_CORREGIDORA_SUR""]","[""382"", ""382"", ""382"", ""382"", ""382"", ""382"", ""382"", ""382"", ""382"", ""382"", ""382"", ""382"", ""382"", ""382"", ""382"", ""382"", ""382"", ""382"", ""325"", ""325"", ""325"", ""325"", ""325"", ""325"", ""325"", ""325"", ""325"", ""325"", ""325"", ""325"", ""325"", ""325"", ""325"", ""CAMINATA""]",5.0,Av. Panamericana/Blvd. Bicentenario,20.508703041904,-100.15333894277
3668,74.00060911703731,356,L108,3,31,4,Con transbordo,356 → 359 → 356 → 338,L108 → L151 → L108 → C48,Independencia/Av. Miguel Hidalgo → Carr. Tlacote/Av. del Quetzal → Ignacio Zaragoza/Imss,"[""3668"", ""3669"", ""3670"", ""5073"", ""4102"", ""2766"", ""3646"", ""3647"", ""4103"", ""2767"", ""4104"", ""3671"", ""3643"", ""3644"", ""2763"", ""2764"", ""2765"", ""4096"", ""4097"", ""4098"", ""4099"", ""2616"", ""4100"", ""1766"", ""2201"", ""4241"", ""2310"", ""2311"", ""2312"", ""2313"", ""ESTACION_CORREGIDORA_SUR""]","[""356"", ""356"", ""356"", ""356"", ""356"", ""356"", ""356"", ""356"", ""356"", ""356"", ""356"", ""356"", ""356"", ""359"", ""356"", ""356"", ""356"", ""356"", ""356"", ""356"", ""356"", ""356"", ""356"", ""356"", ""338"", ""338"", ""338"", ""338"", ""338"", ""CAMINATA""]",5.0,Hidalgo/Calle J. de la Barrera,20.59015376,-100.4059667
3806,74.0643306013626,382,T14,1,36,2,Con transbordo,382 → 325,T14 → C34,Bicentenario,"[""3806"", ""3867"", ""3868"", ""3869"", ""3870"", ""3871"", ""3872"", ""3807"", ""3873"", ""3874"", ""3875"", ""3808"", ""3809"", ""3810"", ""3811"", ""3812"", ""4404"", ""3813"", ""5104"", ""1476"", ""1472"", ""1471"", ""1470"", ""1469"", ""1439"", ""1438"", ""2537"", ""1920"", ""1921"", ""4241"", ""2310"", ""2311"", ""2312"", ""2313"", ""2681"", ""ESTACION_CORREGIDORA_SUR""]","[""382"", ""382"", ""382"", ""382"", ""382"", ""382"", ""382"", ""382"", ""382"", ""382"", ""382"", ""382"", ""382"", ""382"", ""382"", ""382"", ""382"", ""382"", ""382"", ""325"", ""325"", ""325"", ""325"", ""325"", ""325"", ""325"", ""325"", ""325"", ""325"", ""325"", ""325"", ""325"", ""325"", ""325"", ""CAMINATA""]",5.0,Av. Panamericana/Francisco Javier Mina,20.507097617781,-100.15137191669
3805,74.64766393469593,382,T14,1,37,2,Con transbordo,382 → 325,T14 → C34,Bicentenario,"[""3805"", ""3806"", ""3867"", ""3868"", ""3869"", ""3870"", ""3871"", ""3872"", ""3807"", ""3873"", ""3874"", ""3875"", ""3808"", ""3809"", ""3810"", ""3811"", ""3812"", ""4404"", ""3813"", ""5104"", ""1476"", ""1472"", ""1471"", ""1470"", ""1469"", ""1439"", ""1438"", ""2537"", ""1920"", ""1921"", ""4241"", ""2310"", ""2311"", ""2312"", ""2313"", ""2681"", ""ESTACION_CORREGIDORA_SUR""]","[""382"", ""382"", ""382"", ""382"", ""382"", ""382"", ""382"", ""382"", ""382"", ""382"", ""382"", ""382"", ""382"", ""382"", ""382"", ""382"", ""382"", ""382"", ""382"", ""382"", ""325"", ""325"", ""325"", ""325"", ""325"", ""325"", ""325"", ""325"", ""325"", ""325"", ""325"", ""325"", ""325"", ""325"", ""325"", ""CAMINATA""]",5.0,Av. Panamericana/Independencia,20.505417,-100.149228
2622,74.78394702923822,333,C42,1,31,2,Con transbordo,333 → 319,C42 → C24,Vicente Guerrero,"[""2622"", ""4355"", ""2623"", ""4356"", ""2624"", ""5091"", ""4315"", ""2625"", ""3577"", ""5107"", ""2519"", ""3578"", ""2216"", ""2217"", ""2218"", ""2219"", ""2032"", ""2023"", ""2024"", ""2856"", ""1918"", ""1919"", ""1920"", ""1921"", ""4241"", ""2310"", ""2311"", ""2312"", ""2313"", ""2314"", ""ESTACION_CORREGIDORA_SUR""]","[""333"", ""333"", ""333"", ""333"", ""333"", ""333"", ""333"", ""333"", ""333"", ""333"", ""333"", ""333"", ""333"", ""333"", ""333"", ""333"", ""333"", ""333"", ""333"", ""333"", ""333"", ""319"", ""319"", ""319"", ""319"", ""319"", ""319"", ""319"", ""319"", ""CAMINATA""]",5.0,Parque Tecnológico Innovación Querétaro,20.55578098,-100.2673383
3804,75.34766393469593,382,T14,1,38,2,Con transbordo,382 → 325,T14 → C34,Bicentenario,"[""3804"", ""3805"", ""3806"", ""3867"", ""3868"", ""3869"", ""3870"", ""3871"", ""3872"", ""3807"", ""3873"", ""3874"", ""3875"", ""3808"", ""3809"", ""3810"", ""3811"", ""3812"", ""4404"", ""3813"", ""5104"", ""1476"", ""1472"", ""1471"", ""1470"", ""1469"", ""1439"", ""1438"", ""2537"", ""1920"", ""1921"", ""4241"", ""2310"", ""2311"", ""2312"", ""2313"", ""2681"", ""ESTACION_CORREGIDORA_SUR""]","[""382"", ""382"", ""382"", ""382"", ""382"", ""382"", ""382"", ""382"", ""382"", ""382"", ""382"", ""382"", ""382"", ""382"", ""382"", ""382"", ""382"", ""382"", ""382"", ""382"", ""382"", ""325"", ""325"", ""325"", ""325"", ""325"", ""325"", ""325"", ""325"", ""325"", ""325"", ""325"", ""325"", ""325"", ""325"", ""325"", ""CAMINATA""]",5.0,Av. Panamericana/Plaza Principal Alvaro Tejeida,20.503368415112,-100.14662246067
4354,75.58394702923822,333,C42,1,32,2,Con transbordo,333 → 319,C42 → C24,Vicente Guerrero,"[""4354"", ""2622"", ""4355"", ""2623"", ""4356"", ""2624"", ""5091"", ""4315"", ""2625"", ""3577"", ""5107"", ""2519"", ""3578"", ""2216"", ""2217"", ""2218"", ""2219"", ""2032"", ""2023"", ""2024"", ""2856"", ""1918"", ""1919"", ""1920"", ""1921"", ""4241"", ""2310"", ""2311"", ""2312"", ""2313"", ""2314"", ""ESTACION_CORREGIDORA_SUR""]","[""333"", ""333"", ""333"", ""333"", ""333"", ""333"", ""333"", ""333"", ""333"", ""333"", ""333"", ""333"", ""333"", ""333"", ""333"", ""333"", ""333"", ""333"", ""333"", ""333"", ""333"", ""333"", ""319"", ""319"", ""319"", ""319"", ""319"", ""319"", ""319"", ""319"", ""CAMINATA""]",5.0,Qro 431/Europark Ii,20.558057091507,-100.26750477026
3803,75.79766393469593,382,T14,1,39,2,Con transbordo,382 → 325,T14 → C34,Bicentenario,"[""3803"", ""3804"", ""3805"", ""3806"", ""3867"", ""3868"", ""3869"", ""3870"", ""3871"", ""3872"", ""3807"", ""3873"", ""3874"", ""3875"", ""3808"", ""3809"", ""3810"", ""3811"", ""3812"", ""4404"", ""3813"", ""5104"", ""1476"", ""1472"", ""1471"", ""1470"", ""1469"", ""1439"", ""1438"", ""2537"", ""1920"", ""1921"", ""4241"", ""2310"", ""2311"", ""2312"", ""2313"", ""2681"", ""ESTACION_CORREGIDORA_SUR""]","[""382"", ""382"", ""382"", ""382"", ""382"", ""382"", ""382"", ""382"", ""382"", ""382"", ""382"", ""382"", ""382"", ""382"", ""382"", ""382"", ""382"", ""382"", ""382"", ""382"", ""382"", ""382"", ""325"", ""325"", ""325"", ""325"", ""325"", ""325"", ""325"", ""325"", ""325"", ""325"", ""325"", ""325"", ""325"", ""325"", ""325"", ""CAMINATA""]",5.0,Av. Panamericana/Blvd. Reforma,20.502058892985,-100.14492055663
3645,76.10060911703731,359,L151,4,28,5,Con transbordo,359 → 356 → 359 → 356 → 338,L151 → L108 → L151 → L108 → C48,Carr. Tlacote/Bolonia → Independencia/Av. Miguel Hidalgo → Carr. Tlacote/Av. del Quetzal → Ignacio Zaragoza/Imss,"[""3645"", ""4102"", ""2766"", ""3646"", ""3647"", ""4103"", ""2767"", ""4104"", ""3671"", ""3643"", ""3644"", ""2763"", ""2764"", ""2765"", ""4096"", ""4097"", ""4098"", ""4099"", ""2616"", ""4100"", ""1766"", ""2201"", ""4241"", ""2310"", ""2311"", ""2312"", ""2313"", ""ESTACION_CORREGIDORA_SUR""]","[""359"", ""356"", ""356"", ""356"", ""356"", ""356"", ""356"", ""356"", ""356"", ""356"", ""359"", ""356"", ""356"", ""356"", ""356"", ""356"", ""356"", ""356"", ""356"", ""356"", ""356"", ""338"", ""338"", ""338"", ""338"", ""338"", ""CAMINATA""]",5.0,Av. de Las Galindas/Calle El Charro,20.58506553,-100.4160146
4300,76.23099726802928,418,C74,2,43,3,Con transbordo,418 → 396 → 325,C74 → T16 → C34,Carr. 400/San Fandila → Alameda,"[""4300"", ""4301"", ""4302"", ""4303"", ""4304"", ""4305"", ""4306"", ""4082"", ""5176"", ""4083"", ""4084"", ""4127"", ""4423"", ""4315"", ""2625"", ""3577"", ""5107"", ""2490"", ""2464"", ""3343"", ""3344"", ""2442"", ""2471"", ""3596"", ""1473"", ""1474"", ""1476"", ""1472"", ""1471"", ""1470"", ""1469"", ""1439"", ""1438"", ""2537"", ""1920"", ""1921"", ""4241"", ""2310"", ""2311"", ""2312"", ""2313"", ""2681"", ""ESTACION_CORREGIDORA_SUR""]","[""418"", ""418"", ""418"", ""418"", ""418"", ""418"", ""418"", ""418"", ""418"", ""396"", ""396"", ""396"", ""396"", ""396"", ""396"", ""396"", ""396"", ""396"", ""396"", ""396"", ""396"", ""396"", ""396"", ""396"", ""396"", ""396"", ""396"", ""396"", ""396"", ""396"", ""396"", ""325"", ""325"", ""325"", ""325"", ""325"", ""325"", ""325"", ""325"", ""325"", ""325"", ""CAMINATA""]",5.0,Qro 400/Nicolás de San Luis Montañez,20.393951284489,-100.26892862834
3802,76.38099726802926,382,T14,1,40,2,Con transbordo,382 → 325,T14 → C34,Bicentenario,"[""3802"", ""3803"", ""3804"", ""3805"", ""3806"", ""3867"", ""3868"", ""3869"", ""3870"", ""3871"", ""3872"", ""3807"", ""3873"", ""3874"", ""3875"", ""3808"", ""3809"", ""3810"", ""3811"", ""3812"", ""4404"", ""3813"", ""5104"", ""1476"", ""1472"", ""1471"", ""1470"", ""1469"", ""1439"", ""1438"", ""2537"", ""1920"", ""1921"", ""4241"", ""2310"", ""2311"", ""2312"", ""2313"", ""2681"", ""ESTACION_CORREGIDORA_SUR""]","[""382"", ""382"", ""382"", ""382"", ""382"", ""382"", ""382"", ""382"", ""382"", ""382"", ""382"", ""382"", ""382"", ""382"", ""382"", ""382"", ""382"", ""382"", ""382"", ""382"", ""382"", ""382"", ""382"", ""325"", ""325"", ""325"", ""325"", ""325"", ""325"", ""325"", ""325"", ""325"", ""325"", ""325"", ""325"", ""325"", ""325"", ""325"", ""CAMINATA""]",5.0,Av. Panamericana/Caja Bienestar,20.500376290043,-100.14276301058
4299,76.61433060136262,418,C74,2,44,3,Con transbordo,418 → 396 → 325,C74 → T16 → C34,Carr. 400/San Fandila → Alameda,"[""4299"", ""4300"", ""4301"", ""4302"", ""4303"", ""4304"", ""4305"", ""4306"", ""4082"", ""5176"", ""4083"", ""4084"", ""4127"", ""4423"", ""4315"", ""2625"", ""3577"", ""5107"", ""2490"", ""2464"", ""3343"", ""3344"", ""2442"", ""2471"", ""3596"", ""1473"", ""1474"", ""1476"", ""1472"", ""1471"", ""1470"", ""1469"", ""1439"", ""1438"", ""2537"", ""1920"", ""1921"", ""4241"", ""2310"", ""2311"", ""2312"", ""2313"", ""2681"", ""ESTACION_CORREGIDORA_SUR""]","[""418"", ""418"", ""418"", ""418"", ""418"", ""418"", ""418"", ""418"", ""418"", ""418"", ""396"", ""396"", ""396"", ""396"", ""396"", ""396"", ""396"", ""396"", ""396"", ""396"", ""396"", ""396"", ""396"", ""396"", ""396"", ""396"", ""396"", ""396"", ""396"", ""396"", ""396"", ""396"", ""325"", ""325"", ""325"", ""325"", ""325"", ""325"", ""325"", ""325"", ""325"", ""325"", ""CAMINATA""]",5.0,Qro 400/Calle Coahuila,20.391260807886,-100.26796536869
3801,76.79766393469593,382,T14,1,41,2,Con transbordo,382 → 325,T14 → C34,Bicentenario,"[""3801"", ""3802"", ""3803"", ""3804"", ""3805"", ""3806"", ""3867"", ""3868"", ""3869"", ""3870"", ""3871"", ""3872"", ""3807"", ""3873"", ""3874"", ""3875"", ""3808"", ""3809"", ""3810"", ""3811"", ""3812"", ""4404"", ""3813"", ""5104"", ""1476"", ""1472"", ""1471"", ""1470"", ""1469"", ""1439"", ""1438"", ""2537"", ""1920"", ""1921"", ""4241"", ""2310"", ""2311"", ""2312"", ""2313"", ""2681"", ""ESTACION_CORREGIDORA_SUR""]","[""382"", ""382"", ""382"", ""382"", ""382"", ""382"", ""382"", ""382"", ""382"", ""382"", ""382"", ""382"", ""382"", ""382"", ""382"", ""382"", ""382"", ""382"", ""382"", ""382"", ""382"", ""382"", ""382"", ""382"", ""325"", ""325"", ""325"", ""325"", ""325"", ""325"", ""325"", ""325"", ""325"", ""325"", ""325"", ""325"", ""325"", ""325"", ""325"", ""CAMINATA""]",5.0,de la Eta/Los Pinos,20.498821016034,-100.14394444276
3800,77.1143306013626,382,T14,1,42,2,Con transbordo,382 → 325,T14 → C34,Bicentenario,"[""3800"", ""3801"", ""3802"", ""3803"", ""3804"", ""3805"", ""3806"", ""3867"", ""3868"", ""3869"", ""3870"", ""3871"", ""3872"", ""3807"", ""3873"", ""3874"", ""3875"", ""3808"", ""3809"", ""3810"", ""3811"", ""3812"", ""4404"", ""3813"", ""5104"", ""1476"", ""1472"", ""1471"", ""1470"", ""1469"", ""1439"", ""1438"", ""2537"", ""1920"", ""1921"", ""4241"", ""2310"", ""2311"", ""2312"", ""2313"", ""2681"", ""ESTACION_CORREGIDORA_SUR""]","[""382"", ""382"", ""382"", ""382"", ""382"", ""382"", ""382"", ""382"", ""382"", ""382"", ""382"", ""382"", ""382"", ""382"", ""382"", ""382"", ""382"", ""382"", ""382"", ""382"", ""382"", ""382"", ""382"", ""382"", ""382"", ""325"", ""325"", ""325"", ""325"", ""325"", ""325"", ""325"", ""325"", ""325"", ""325"", ""325"", ""325"", ""325"", ""325"", ""325"", ""CAMINATA""]",5.0,14 de Febrero/De la Eta,20.499674793392,-100.14517351276
4298,77.16433060136262,418,C74,2,45,3,Con transbordo,418 → 396 → 325,C74 → T16 → C34,Carr. 400/San Fandila → Alameda,"[""4298"", ""4299"", ""4300"", ""4301"", ""4302"", ""4303"", ""4304"", ""4305"", ""4306"", ""4082"", ""5176"", ""4083"", ""4084"", ""4127"", ""4423"", ""4315"", ""2625"", ""3577"", ""5107"", ""2490"", ""2464"", ""3343"", ""3344"", ""2442"", ""2471"", ""3596"", ""1473"", ""1474"", ""1476"", ""1472"", ""1471"", ""1470"", ""1469"", ""1439"", ""1438"", ""2537"", ""1920"", ""1921"", ""4241"", ""2310"", ""2311"", ""2312"", ""2313"", ""2681"", ""ESTACION_CORREGIDORA_SUR""]","[""418"", ""418"", ""418"", ""418"", ""418"", ""418"", ""418"", ""418"", ""418"", ""418"", ""418"", ""396"", ""396"", ""396"", ""396"", ""396"", ""396"", ""396"", ""396"", ""396"", ""396"", ""396"", ""396"", ""396"", ""396"", ""396"", ""396"", ""396"", ""396"", ""396"", ""396"", ""396"", ""396"", ""325"", ""325"", ""325"", ""325"", ""325"", ""325"", ""325"", ""325"", ""325"", ""325"", ""CAMINATA""]",5.0,Qro 400/ Calle Estado de México,20.387332576063,-100.26643479371
4353,77.26728036257155,333,C42,1,33,2,Con transbordo,333 → 319,C42 → C24,Vicente Guerrero,"[""4353"", ""4354"", ""2622"", ""4355"", ""2623"", ""4356"", ""2624"", ""5091"", ""4315"", ""2625"", ""3577"", ""5107"", ""2519"", ""3578"", ""2216"", ""2217"", ""2218"", ""2219"", ""2032"", ""2023"", ""2024"", ""2856"", ""1918"", ""1919"", ""1920"", ""1921"", ""4241"", ""2310"", ""2311"", ""2312"", ""2313"", ""2314"", ""ESTACION_CORREGIDORA_SUR""]","[""333"", ""333"", ""333"", ""333"", ""333"", ""333"", ""333"", ""333"", ""333"", ""333"", ""333"", ""333"", ""333"", ""333"", ""333"", ""333"", ""333"", ""333"", ""333"", ""333"", ""333"", ""333"", ""333"", ""319"", ""319"", ""319"", ""319"", ""319"", ""319"", ""319"", ""319"", ""CAMINATA""]",5.0,Qro 431/Av. Las Misiones,20.562829595871,-100.26785846671
3799,77.53099726802927,382,T14,1,43,2,Con transbordo,382 → 325,T14 → C34,Bicentenario,"[""3799"", ""3800"", ""3801"", ""3802"", ""3803"", ""3804"", ""3805"", ""3806"", ""3867"", ""3868"", ""3869"", ""3870"", ""3871"", ""3872"", ""3807"", ""3873"", ""3874"", ""3875"", ""3808"", ""3809"", ""3810"", ""3811"", ""3812"", ""4404"", ""3813"", ""5104"", ""1476"", ""1472"", ""1471"", ""1470"", ""1469"", ""1439"", ""1438"", ""2537"", ""1920"", ""1921"", ""4241"", ""2310"", ""2311"", ""2312"", ""2313"", ""2681"", ""ESTACION_CORREGIDORA_SUR""]","[""382"", ""382"", ""382"", ""382"", ""382"", ""382"", ""382"", ""382"", ""382"", ""382"", ""382"", ""382"", ""382"", ""382"", ""382"", ""382"", ""382"", ""382"", ""382"", ""382"", ""382"", ""382"", ""382"", ""382"", ""382"", ""382"", ""325"", ""325"", ""325"", ""325"", ""325"", ""325"", ""325"", ""325"", ""325"", ""325"", ""325"", ""325"", ""325"", ""325"", ""325"", ""CAMINATA""]",5.0,14 de Febrero/Cedros,20.497929485568,-100.14587353281
4297,77.76433060136262,418,C74,2,46,3,Con transbordo,418 → 396 → 325,C74 → T16 → C34,Carr. 400/San Fandila → Alameda,"[""4297"", ""4298"", ""4299"", ""4300"", ""4301"", ""4302"", ""4303"", ""4304"", ""4305"", ""4306"", ""4082"", ""5176"", ""4083"", ""4084"", ""4127"", ""4423"", ""4315"", ""2625"", ""3577"", ""5107"", ""2490"", ""2464"", ""3343"", ""3344"", ""2442"", ""2471"", ""3596"", ""1473"", ""1474"", ""1476"", ""1472"", ""1471"", ""1470"", ""1469"", ""1439"", ""1438"", ""2537"", ""1920"", ""1921"", ""4241"", ""2310"", ""2311"", ""2312"", ""2313"", ""2681"", ""ESTACION_CORREGIDORA_SUR""]","[""418"", ""418"", ""418"", ""418"", ""418"", ""418"", ""418"", ""418"", ""418"", ""418"", ""418"", ""418"", ""396"", ""396"", ""396"", ""396"", ""396"", ""396"", ""396"", ""396"", ""396"", ""396"", ""396"", ""396"", ""396"", ""396"", ""396"", ""396"", ""396"", ""396"", ""396"", ""396"", ""396"", ""396"", ""325"", ""325"", ""325"", ""325"", ""325"", ""325"", ""325"", ""325"", ""325"", ""325"", ""CAMINATA""]",5.0,Qro 400/Calle Miguel Hidalgo,20.383074609506,-100.264922002
3798,78.38099726802926,382,T14,1,44,2,Con transbordo,382 → 325,T14 → C34,Bicentenario,"[""3798"", ""3799"", ""3800"", ""3801"", ""3802"", ""3803"", ""3804"", ""3805"", ""3806"", ""3867"", ""3868"", ""3869"", ""3870"", ""3871"", ""3872"", ""3807"", ""3873"", ""3874"", ""3875"", ""3808"", ""3809"", ""3810"", ""3811"", ""3812"", ""4404"", ""3813"", ""5104"", ""1476"", ""1472"", ""1471"", ""1470"", ""1469"", ""1439"", ""1438"", ""2537"", ""1920"", ""1921"", ""4241"", ""2310"", ""2311"", ""2312"", ""2313"", ""2681"", ""ESTACION_CORREGIDORA_SUR""]","[""382"", ""382"", ""382"", ""382"", ""382"", ""382"", ""382"", ""382"", ""382"", ""382"", ""382"", ""382"", ""382"", ""382"", ""382"", ""382"", ""382"", ""382"", ""382"", ""382"", ""382"", ""382"", ""382"", ""382"", ""382"", ""382"", ""382"", ""325"", ""325"", ""325"", ""325"", ""325"", ""325"", ""325"", ""325"", ""325"", ""325"", ""325"", ""325"", ""325"", ""325"", ""325"", ""CAMINATA""]",5.0,Libramiento Sur/Unidad Médica Familiar No. 5,20.494168769288,-100.14483506601
4296,78.40599726802928,418,C74,2,47,3,Con transbordo,418 → 396 → 325,C74 → T16 → C34,Carr. 400/San Fandila → Alameda,"[""4296"", ""4297"", ""4298"", ""4299"", ""4300"", ""4301"", ""4302"", ""4303"", ""4304"", ""4305"", ""4306"", ""4082"", ""5176"", ""4083"", ""4084"", ""4127"", ""4423"", ""4315"", ""2625"", ""3577"", ""5107"", ""2490"", ""2464"", ""3343"", ""3344"", ""2442"", ""2471"", ""3596"", ""1473"", ""1474"", ""1476"", ""1472"", ""1471"", ""1470"", ""1469"", ""1439"", ""1438"", ""2537"", ""1920"", ""1921"", ""4241"", ""2310"", ""2311"", ""2312"", ""2313"", ""2681"", ""ESTACION_CORREGIDORA_SUR""]","[""418"", ""418"", ""418"", ""418"", ""418"", ""418"", ""418"", ""418"", ""418"", ""418"", ""418"", ""418"", ""418"", ""396"", ""396"", ""396"", ""396"", ""396"", ""396"", ""396"", ""396"", ""396"", ""396"", ""396"", ""396"", ""396"", ""396"", ""396"", ""396"", ""396"", ""396"", ""396"", ""396"", ""396"", ""396"", ""325"", ""325"", ""325"", ""325"", ""325"", ""325"", ""325"", ""325"", ""325"", ""325"", ""CAMINATA""]",5.0,Qro 400/Calle Nayarit,20.378394255406,-100.26362990294
3797,78.79766393469593,382,T14,1,45,2,Con transbordo,382 → 325,T14 → C34,Bicentenario,"[""3797"", ""3798"", ""3799"", ""3800"", ""3801"", ""3802"", ""3803"", ""3804"", ""3805"", ""3806"", ""3867"", ""3868"", ""3869"", ""3870"", ""3871"", ""3872"", ""3807"", ""3873"", ""3874"", ""3875"", ""3808"", ""3809"", ""3810"", ""3811"", ""3812"", ""4404"", ""3813"", ""5104"", ""1476"", ""1472"", ""1471"", ""1470"", ""1469"", ""1439"", ""1438"", ""2537"", ""1920"", ""1921"", ""4241"", ""2310"", ""2311"", ""2312"", ""2313"", ""2681"", ""ESTACION_CORREGIDORA_SUR""]","[""382"", ""382"", ""382"", ""382"", ""382"", ""382"", ""382"", ""382"", ""382"", ""382"", ""382"", ""382"", ""382"", ""382"", ""382"", ""382"", ""382"", ""382"", ""382"", ""382"", ""382"", ""382"", ""382"", ""382"", ""382"", ""382"", ""382"", ""382"", ""325"", ""325"", ""325"", ""325"", ""325"", ""325"", ""325"", ""325"", ""325"", ""325"", ""325"", ""325"", ""325"", ""325"", ""325"", ""CAMINATA""]",5.0,Libramiento Sur/Camino A Lira,20.494949817509,-100.14666599062
4295,78.83099726802928,418,C74,2,48,3,Con transbordo,418 → 396 → 325,C74 → T16 → C34,Carr. 400/San Fandila → Alameda,"[""4295"", ""4296"", ""4297"", ""4298"", ""4299"", ""4300"", ""4301"", ""4302"", ""4303"", ""4304"", ""4305"", ""4306"", ""4082"", ""5176"", ""4083"", ""4084"", ""4127"", ""4423"", ""4315"", ""2625"", ""3577"", ""5107"", ""2490"", ""2464"", ""3343"", ""3344"", ""2442"", ""2471"", ""3596"", ""1473"", ""1474"", ""1476"", ""1472"", ""1471"", ""1470"", ""1469"", ""1439"", ""1438"", ""2537"", ""1920"", ""1921"", ""4241"", ""2310"", ""2311"", ""2312"", ""2313"", ""2681"", ""ESTACION_CORREGIDORA_SUR""]","[""418"", ""418"", ""418"", ""418"", ""418"", ""418"", ""418"", ""418"", ""418"", ""418"", ""418"", ""418"", ""418"", ""418"", ""396"", ""396"", ""396"", ""396"", ""396"", ""396"", ""396"", ""396"", ""396"", ""396"", ""396"", ""396"", ""396"", ""396"", ""396"", ""396"", ""396"", ""396"", ""396"", ""396"", ""396"", ""396"", ""325"", ""325"", ""325"", ""325"", ""325"", ""325"", ""325"", ""325"", ""325"", ""325"", ""CAMINATA""]",5.0,Calle Reforma Oriente,20.377641233702,-100.26691330963
4294,79.28933060136261,418,C74,2,49,3,Con transbordo,418 → 396 → 325,C74 → T16 → C34,Carr. 400/San Fandila → Alameda,"[""4294"", ""4295"", ""4296"", ""4297"", ""4298"", ""4299"", ""4300"", ""4301"", ""4302"", ""4303"", ""4304"", ""4305"", ""4306"", ""4082"", ""5176"", ""4083"", ""4084"", ""4127"", ""4423"", ""4315"", ""2625"", ""3577"", ""5107"", ""2490"", ""2464"", ""3343"", ""3344"", ""2442"", ""2471"", ""3596"", ""1473"", ""1474"", ""1476"", ""1472"", ""1471"", ""1470"", ""1469"", ""1439"", ""1438"", ""2537"", ""1920"", ""1921"", ""4241"", ""2310"", ""2311"", ""2312"", ""2313"", ""2681"", ""ESTACION_CORREGIDORA_SUR""]","[""418"", ""418"", ""418"", ""418"", ""418"", ""418"", ""418"", ""418"", ""418"", ""418"", ""418"", ""418"", ""418"", ""418"", ""418"", ""396"", ""396"", ""396"", ""396"", ""396"", ""396"", ""396"", ""396"", ""396"", ""396"", ""396"", ""396"", ""396"", ""396"", ""396"", ""396"", ""396"", ""396"", ""396"", ""396"", ""396"", ""396"", ""325"", ""325"", ""325"", ""325"", ""325"", ""325"", ""325"", ""325"", ""325"", ""325"", ""CAMINATA""]",5.0,Calle Reforma Oriente/Centro de Salud Huimilpan,20.376237149554,-100.27024937756
3905,79.4643306013626,382,T14,1,46,2,Con transbordo,382 → 325,T14 → C34,Bicentenario,"[""3905"", ""3797"", ""3798"", ""3799"", ""3800"", ""3801"", ""3802"", ""3803"", ""3804"", ""3805"", ""3806"", ""3867"", ""3868"", ""3869"", ""3870"", ""3871"", ""3872"", ""3807"", ""3873"", ""3874"", ""3875"", ""3808"", ""3809"", ""3810"", ""3811"", ""3812"", ""4404"", ""3813"", ""5104"", ""1476"", ""1472"", ""1471"", ""1470"", ""1469"", ""1439"", ""1438"", ""2537"", ""1920"", ""1921"", ""4241"", ""2310"", ""2311"", ""2312"", ""2313"", ""2681"", ""ESTACION_CORREGIDORA_SUR""]","[""382"", ""382"", ""382"", ""382"", ""382"", ""382"", ""382"", ""382"", ""382"", ""382"", ""382"", ""382"", ""382"", ""382"", ""382"", ""382"", ""382"", ""382"", ""382"", ""382"", ""382"", ""382"", ""382"", ""382"", ""382"", ""382"", ""382"", ""382"", ""382"", ""325"", ""325"", ""325"", ""325"", ""325"", ""325"", ""325"", ""325"", ""325"", ""325"", ""325"", ""325"", ""325"", ""325"", ""325"", ""CAMINATA""]",5.0,Camino A la Lira/Cecyteq 89,20.492010965416,-100.14747390494
4352,79.66728036257156,333,C42,1,34,2,Con transbordo,333 → 319,C42 → C24,Vicente Guerrero,"[""4352"", ""4353"", ""4354"", ""2622"", ""4355"", ""2623"", ""4356"", ""2624"", ""5091"", ""4315"", ""2625"", ""3577"", ""5107"", ""2519"", ""3578"", ""2216"", ""2217"", ""2218"", ""2219"", ""2032"", ""2023"", ""2024"", ""2856"", ""1918"", ""1919"", ""1920"", ""1921"", ""4241"", ""2310"", ""2311"", ""2312"", ""2313"", ""2314"", ""ESTACION_CORREGIDORA_SUR""]","[""333"", ""333"", ""333"", ""333"", ""333"", ""333"", ""333"", ""333"", ""333"", ""333"", ""333"", ""333"", ""333"", ""333"", ""333"", ""333"", ""333"", ""333"", ""333"", ""333"", ""333"", ""333"", ""333"", ""333"", ""319"", ""319"", ""319"", ""319"", ""319"", ""319"", ""319"", ""319"", ""CAMINATA""]",5.0,Qro 431/Av. del Marqués,20.568429843312,-100.26368658224
3904,79.98099726802927,382,T14,1,47,2,Con transbordo,382 → 325,T14 → C34,Bicentenario,"[""3904"", ""3905"", ""3797"", ""3798"", ""3799"", ""3800"", ""3801"", ""3802"", ""3803"", ""3804"", ""3805"", ""3806"", ""3867"", ""3868"", ""3869"", ""3870"", ""3871"", ""3872"", ""3807"", ""3873"", ""3874"", ""3875"", ""3808"", ""3809"", ""3810"", ""3811"", ""3812"", ""4404"", ""3813"", ""5104"", ""1476"", ""1472"", ""1471"", ""1470"", ""1469"", ""1439"", ""1438"", ""2537"", ""1920"", ""1921"", ""4241"", ""2310"", ""2311"", ""2312"", ""2313"", ""2681"", ""ESTACION_CORREGIDORA_SUR""]","[""382"", ""382"", ""382"", ""382"", ""382"", ""382"", ""382"", ""382"", ""382"", ""382"", ""382"", ""382"", ""382"", ""382"", ""382"", ""382"", ""382"", ""382"", ""382"", ""382"", ""382"", ""382"", ""382"", ""382"", ""382"", ""382"", ""382"", ""382"", ""382"", ""382"", ""325"", ""325"", ""325"", ""325"", ""325"", ""325"", ""325"", ""325"", ""325"", ""325"", ""325"", ""325"", ""325"", ""325"", ""325"", ""CAMINATA""]",5.0,Camino A la Lira/La Avenida San Pedro,20.489733943108,-100.14811578477
4059,80.18394702923821,352,C64,2,33,3,Con transbordo,352 → 333 → 319,C64 → C42 → C24,Universidad Politécnica de Querétaro → Vicente Guerrero,"[""4059"", ""4354"", ""2622"", ""4355"", ""2623"", ""4356"", ""2624"", ""5091"", ""4315"", ""2625"", ""3577"", ""5107"", ""2519"", ""3578"", ""2216"", ""2217"", ""2218"", ""2219"", ""2032"", ""2023"", ""2024"", ""2856"", ""1918"", ""1919"", ""1920"", ""1921"", ""4241"", ""2310"", ""2311"", ""2312"", ""2313"", ""2314"", ""ESTACION_CORREGIDORA_SUR""]","[""352"", ""352"", ""352"", ""352"", ""333"", ""333"", ""333"", ""333"", ""333"", ""333"", ""333"", ""333"", ""333"", ""333"", ""333"", ""333"", ""333"", ""333"", ""333"", ""333"", ""333"", ""333"", ""333"", ""319"", ""319"", ""319"", ""319"", ""319"", ""319"", ""319"", ""319"", ""CAMINATA""]",5.0,Av. de Las Misiones/Misión de Bucareli,20.56075965,-100.2768058
3796,80.5143306013626,382,T14,1,45,2,Con transbordo,382 → 325,T14 → C34,Bicentenario,"[""3796"", ""3798"", ""3799"", ""3800"", ""3801"", ""3802"", ""3803"", ""3804"", ""3805"", ""3806"", ""3867"", ""3868"", ""3869"", ""3870"", ""3871"", ""3872"", ""3807"", ""3873"", ""3874"", ""3875"", ""3808"", ""3809"", ""3810"", ""3811"", ""3812"", ""4404"", ""3813"", ""5104"", ""1476"", ""1472"", ""1471"", ""1470"", ""1469"", ""1439"", ""1438"", ""2537"", ""1920"", ""1921"", ""4241"", ""2310"", ""2311"", ""2312"", ""2313"", ""2681"", ""ESTACION_CORREGIDORA_SUR""]","[""382"", ""382"", ""382"", ""382"", ""382"", ""382"", ""382"", ""382"", ""382"", ""382"", ""382"", ""382"", ""382"", ""382"", ""382"", ""382"", ""382"", ""382"", ""382"", ""382"", ""382"", ""382"", ""382"", ""382"", ""382"", ""382"", ""382"", ""382"", ""325"", ""325"", ""325"", ""325"", ""325"", ""325"", ""325"", ""325"", ""325"", ""325"", ""325"", ""325"", ""325"", ""325"", ""325"", ""CAMINATA""]",5.0,14 de Febrero/Fresno,20.497780687665,-100.14606192017
4058,81.16728036257155,352,C64,2,34,3,Con transbordo,352 → 333 → 319,C64 → C42 → C24,Universidad Politécnica de Querétaro → Vicente Guerrero,"[""4058"", ""4059"", ""4354"", ""2622"", ""4355"", ""2623"", ""4356"", ""2624"", ""5091"", ""4315"", ""2625"", ""3577"", ""5107"", ""2519"", ""3578"", ""2216"", ""2217"", ""2218"", ""2219"", ""2032"", ""2023"", ""2024"", ""2856"", ""1918"", ""1919"", ""1920"", ""1921"", ""4241"", ""2310"", ""2311"", ""2312"", ""2313"", ""2314"", ""ESTACION_CORREGIDORA_SUR""]","[""352"", ""352"", ""352"", ""352"", ""352"", ""333"", ""333"", ""333"", ""333"", ""333"", ""333"", ""333"", ""333"", ""333"", ""333"", ""333"", ""333"", ""333"", ""333"", ""333"", ""333"", ""333"", ""333"", ""333"", ""319"", ""319"", ""319"", ""319"", ""319"", ""319"", ""319"", ""319"", ""CAMINATA""]",5.0,Av. del Marqués/Av. Las Misiones,20.562247,-100.281778
3903,81.59766393469593,382,T14,1,48,2,Con transbordo,382 → 325,T14 → C34,Bicentenario,"[""3903"", ""3904"", ""3905"", ""3797"", ""3798"", ""3799"", ""3800"", ""3801"", ""3802"", ""3803"", ""3804"", ""3805"", ""3806"", ""3867"", ""3868"", ""3869"", ""3870"", ""3871"", ""3872"", ""3807"", ""3873"", ""3874"", ""3875"", ""3808"", ""3809"", ""3810"", ""3811"", ""3812"", ""4404"", ""3813"", ""5104"", ""1476"", ""1472"", ""1471"", ""1470"", ""1469"", ""1439"", ""1438"", ""2537"", ""1920"", ""1921"", ""4241"", ""2310"", ""2311"", ""2312"", ""2313"", ""2681"", ""ESTACION_CORREGIDORA_SUR""]","[""382"", ""382"", ""382"", ""382"", ""382"", ""382"", ""382"", ""382"", ""382"", ""382"", ""382"", ""382"", ""382"", ""382"", ""382"", ""382"", ""382"", ""382"", ""382"", ""382"", ""382"", ""382"", ""382"", ""382"", ""382"", ""382"", ""382"", ""382"", ""382"", ""382"", ""382"", ""325"", ""325"", ""325"", ""325"", ""325"", ""325"", ""325"", ""325"", ""325"", ""325"", ""325"", ""325"", ""325"", ""325"", ""325"", ""CAMINATA""]",5.0,Camino A la Lira/La Roma,20.482560212694,-100.15002172416
3795,81.83099726802926,382,T14,1,46,2,Con transbordo,382 → 325,T14 → C34,Bicentenario,"[""3795"", ""3796"", ""3798"", ""3799"", ""3800"", ""3801"", ""3802"", ""3803"", ""3804"", ""3805"", ""3806"", ""3867"", ""3868"", ""3869"", ""3870"", ""3871"", ""3872"", ""3807"", ""3873"", ""3874"", ""3875"", ""3808"", ""3809"", ""3810"", ""3811"", ""3812"", ""4404"", ""3813"", ""5104"", ""1476"", ""1472"", ""1471"", ""1470"", ""1469"", ""1439"", ""1438"", ""2537"", ""1920"", ""1921"", ""4241"", ""2310"", ""2311"", ""2312"", ""2313"", ""2681"", ""ESTACION_CORREGIDORA_SUR""]","[""382"", ""382"", ""382"", ""382"", ""382"", ""382"", ""382"", ""382"", ""382"", ""382"", ""382"", ""382"", ""382"", ""382"", ""382"", ""382"", ""382"", ""382"", ""382"", ""382"", ""382"", ""382"", ""382"", ""382"", ""382"", ""382"", ""382"", ""382"", ""382"", ""325"", ""325"", ""325"", ""325"", ""325"", ""325"", ""325"", ""325"", ""325"", ""325"", ""325"", ""325"", ""325"", ""325"", ""325"", ""CAMINATA""]",5.0,14 de Febrero/De la Eta,20.499913376358,-100.1450371096
4057,82.20061369590488,352,C64,2,35,3,Con transbordo,352 → 333 → 319,C64 → C42 → C24,Universidad Politécnica de Querétaro → Vicente Guerrero,"[""4057"", ""4058"", ""4059"", ""4354"", ""2622"", ""4355"", ""2623"", ""4356"", ""2624"", ""5091"", ""4315"", ""2625"", ""3577"", ""5107"", ""2519"", ""3578"", ""2216"", ""2217"", ""2218"", ""2219"", ""2032"", ""2023"", ""2024"", ""2856"", ""1918"", ""1919"", ""1920"", ""1921"", ""4241"", ""2310"", ""2311"", ""2312"", ""2313"", ""2314"", ""ESTACION_CORREGIDORA_SUR""]","[""352"", ""352"", ""352"", ""352"", ""352"", ""352"", ""333"", ""333"", ""333"", ""333"", ""333"", ""333"", ""333"", ""333"", ""333"", ""333"", ""333"", ""333"", ""333"", ""333"", ""333"", ""333"", ""333"", ""333"", ""333"", ""319"", ""319"", ""319"", ""319"", ""319"", ""319"", ""319"", ""319"", ""CAMINATA""]",5.0,Av. del Marqués/Misión de Bucareli,20.56317299,-100.2764158
4351,82.26728036257155,333,C42,1,35,2,Con transbordo,333 → 319,C42 → C24,Vicente Guerrero,"[""4351"", ""4352"", ""4353"", ""4354"", ""2622"", ""4355"", ""2623"", ""4356"", ""2624"", ""5091"", ""4315"", ""2625"", ""3577"", ""5107"", ""2519"", ""3578"", ""2216"", ""2217"", ""2218"", ""2219"", ""2032"", ""2023"", ""2024"", ""2856"", ""1918"", ""1919"", ""1920"", ""1921"", ""4241"", ""2310"", ""2311"", ""2312"", ""2313"", ""2314"", ""ESTACION_CORREGIDORA_SUR""]","[""333"", ""333"", ""333"", ""333"", ""333"", ""333"", ""333"", ""333"", ""333"", ""333"", ""333"", ""333"", ""333"", ""333"", ""333"", ""333"", ""333"", ""333"", ""333"", ""333"", ""333"", ""333"", ""333"", ""333"", ""333"", ""319"", ""319"", ""319"", ""319"", ""319"", ""319"", ""319"", ""319"", ""CAMINATA""]",5.0,Qro 210/Qro 431,20.574124915591,-100.2586412019
3794,82.7143306013626,382,T14,1,47,2,Con transbordo,382 → 325,T14 → C34,Bicentenario,"[""3794"", ""3795"", ""3796"", ""3798"", ""3799"", ""3800"", ""3801"", ""3802"", ""3803"", ""3804"", ""3805"", ""3806"", ""3867"", ""3868"", ""3869"", ""3870"", ""3871"", ""3872"", ""3807"", ""3873"", ""3874"", ""3875"", ""3808"", ""3809"", ""3810"", ""3811"", ""3812"", ""4404"", ""3813"", ""5104"", ""1476"", ""1472"", ""1471"", ""1470"", ""1469"", ""1439"", ""1438"", ""2537"", ""1920"", ""1921"", ""4241"", ""2310"", ""2311"", ""2312"", ""2313"", ""2681"", ""ESTACION_CORREGIDORA_SUR""]","[""382"", ""382"", ""382"", ""382"", ""382"", ""382"", ""382"", ""382"", ""382"", ""382"", ""382"", ""382"", ""382"", ""382"", ""382"", ""382"", ""382"", ""382"", ""382"", ""382"", ""382"", ""382"", ""382"", ""382"", ""382"", ""382"", ""382"", ""382"", ""382"", ""382"", ""325"", ""325"", ""325"", ""325"", ""325"", ""325"", ""325"", ""325"", ""325"", ""325"", ""325"", ""325"", ""325"", ""325"", ""325"", ""CAMINATA""]",5.0,Prol. Cuauhtémoc/Jardín Reforma,20.501430851274,-100.14539037569
4056,83.48394702923821,352,C64,2,36,3,Con transbordo,352 → 333 → 319,C64 → C42 → C24,Universidad Politécnica de Querétaro → Vicente Guerrero,"[""4056"", ""4057"", ""4058"", ""4059"", ""4354"", ""2622"", ""4355"", ""2623"", ""4356"", ""2624"", ""5091"", ""4315"", ""2625"", ""3577"", ""5107"", ""2519"", ""3578"", ""2216"", ""2217"", ""2218"", ""2219"", ""2032"", ""2023"", ""2024"", ""2856"", ""1918"", ""1919"", ""1920"", ""1921"", ""4241"", ""2310"", ""2311"", ""2312"", ""2313"", ""2314"", ""ESTACION_CORREGIDORA_SUR""]","[""352"", ""352"", ""352"", ""352"", ""352"", ""352"", ""352"", ""333"", ""333"", ""333"", ""333"", ""333"", ""333"", ""333"", ""333"", ""333"", ""333"", ""333"", ""333"", ""333"", ""333"", ""333"", ""333"", ""333"", ""333"", ""333"", ""319"", ""319"", ""319"", ""319"", ""319"", ""319"", ""319"", ""319"", ""CAMINATA""]",5.0,Av. la Cañada/Av. Acueducto,20.56740071,-100.2713663
2621,83.48394702923822,333,C42,1,36,2,Con transbordo,333 → 319,C42 → C24,Vicente Guerrero,"[""2621"", ""4351"", ""4352"", ""4353"", ""4354"", ""2622"", ""4355"", ""2623"", ""4356"", ""2624"", ""5091"", ""4315"", ""2625"", ""3577"", ""5107"", ""2519"", ""3578"", ""2216"", ""2217"", ""2218"", ""2219"", ""2032"", ""2023"", ""2024"", ""2856"", ""1918"", ""1919"", ""1920"", ""1921"", ""4241"", ""2310"", ""2311"", ""2312"", ""2313"", ""2314"", ""ESTACION_CORREGIDORA_SUR""]","[""333"", ""333"", ""333"", ""333"", ""333"", ""333"", ""333"", ""333"", ""333"", ""333"", ""333"", ""333"", ""333"", ""333"", ""333"", ""333"", ""333"", ""333"", ""333"", ""333"", ""333"", ""333"", ""333"", ""333"", ""333"", ""333"", ""319"", ""319"", ""319"", ""319"", ""319"", ""319"", ""319"", ""319"", ""CAMINATA""]",5.0,Carr. Estatal 210/Calle Arroyo Seco,20.57706908,-100.2567248
4455,83.58099726802926,382,T14,1,49,2,Con transbordo,382 → 325,T14 → C34,Bicentenario,"[""4455"", ""3903"", ""3904"", ""3905"", ""3797"", ""3798"", ""3799"", ""3800"", ""3801"", ""3802"", ""3803"", ""3804"", ""3805"", ""3806"", ""3867"", ""3868"", ""3869"", ""3870"", ""3871"", ""3872"", ""3807"", ""3873"", ""3874"", ""3875"", ""3808"", ""3809"", ""3810"", ""3811"", ""3812"", ""4404"", ""3813"", ""5104"", ""1476"", ""1472"", ""1471"", ""1470"", ""1469"", ""1439"", ""1438"", ""2537"", ""1920"", ""1921"", ""4241"", ""2310"", ""2311"", ""2312"", ""2313"", ""2681"", ""ESTACION_CORREGIDORA_SUR""]","[""382"", ""382"", ""382"", ""382"", ""382"", ""382"", ""382"", ""382"", ""382"", ""382"", ""382"", ""382"", ""382"", ""382"", ""382"", ""382"", ""382"", ""382"", ""382"", ""382"", ""382"", ""382"", ""382"", ""382"", ""382"", ""382"", ""382"", ""382"", ""382"", ""382"", ""382"", ""382"", ""325"", ""325"", ""325"", ""325"", ""325"", ""325"", ""325"", ""325"", ""325"", ""325"", ""325"", ""325"", ""325"", ""325"", ""325"", ""CAMINATA""]",5.0,Camino A la Lira/Calle Juan Aldama,20.473785656511,-100.1525065801
3793,83.99766393469594,382,T14,1,48,2,Con transbordo,382 → 325,T14 → C34,Bicentenario,"[""3793"", ""3794"", ""3795"", ""3796"", ""3798"", ""3799"", ""3800"", ""3801"", ""3802"", ""3803"", ""3804"", ""3805"", ""3806"", ""3867"", ""3868"", ""3869"", ""3870"", ""3871"", ""3872"", ""3807"", ""3873"", ""3874"", ""3875"", ""3808"", ""3809"", ""3810"", ""3811"", ""3812"", ""4404"", ""3813"", ""5104"", ""1476"", ""1472"", ""1471"", ""1470"", ""1469"", ""1439"", ""1438"", ""2537"", ""1920"", ""1921"", ""4241"", ""2310"", ""2311"", ""2312"", ""2313"", ""2681"", ""ESTACION_CORREGIDORA_SUR""]","[""382"", ""382"", ""382"", ""382"", ""382"", ""382"", ""382"", ""382"", ""382"", ""382"", ""382"", ""382"", ""382"", ""382"", ""382"", ""382"", ""382"", ""382"", ""382"", ""382"", ""382"", ""382"", ""382"", ""382"", ""382"", ""382"", ""382"", ""382"", ""382"", ""382"", ""382"", ""325"", ""325"", ""325"", ""325"", ""325"", ""325"", ""325"", ""325"", ""325"", ""325"", ""325"", ""325"", ""325"", ""325"", ""325"", ""CAMINATA""]",5.0,Prol. Cuauhtémoc/Niños Héroes,20.502886205808,-100.14727584885
4350,84.33394702923822,333,C42,1,37,2,Con transbordo,333 → 319,C42 → C24,Vicente Guerrero,"[""4350"", ""2621"", ""4351"", ""4352"", ""4353"", ""4354"", ""2622"", ""4355"", ""2623"", ""4356"", ""2624"", ""5091"", ""4315"", ""2625"", ""3577"", ""5107"", ""2519"", ""3578"", ""2216"", ""2217"", ""2218"", ""2219"", ""2032"", ""2023"", ""2024"", ""2856"", ""1918"", ""1919"", ""1920"", ""1921"", ""4241"", ""2310"", ""2311"", ""2312"", ""2313"", ""2314"", ""ESTACION_CORREGIDORA_SUR""]","[""333"", ""333"", ""333"", ""333"", ""333"", ""333"", ""333"", ""333"", ""333"", ""333"", ""333"", ""333"", ""333"", ""333"", ""333"", ""333"", ""333"", ""333"", ""333"", ""333"", ""333"", ""333"", ""333"", ""333"", ""333"", ""333"", ""333"", ""319"", ""319"", ""319"", ""319"", ""319"", ""319"", ""319"", ""319"", ""CAMINATA""]",5.0,Qro 210/San Joaquín,20.579143478873,-100.2554589826
4055,84.90061369590488,352,C64,2,37,3,Con transbordo,352 → 333 → 319,C64 → C42 → C24,Universidad Politécnica de Querétaro → Vicente Guerrero,"[""4055"", ""4056"", ""4057"", ""4058"", ""4059"", ""4354"", ""2622"", ""4355"", ""2623"", ""4356"", ""2624"", ""5091"", ""4315"", ""2625"", ""3577"", ""5107"", ""2519"", ""3578"", ""2216"", ""2217"", ""2218"", ""2219"", ""2032"", ""2023"", ""2024"", ""2856"", ""1918"", ""1919"", ""1920"", ""1921"", ""4241"", ""2310"", ""2311"", ""2312"", ""2313"", ""2314"", ""ESTACION_CORREGIDORA_SUR""]","[""352"", ""352"", ""352"", ""352"", ""352"", ""352"", ""352"", ""352"", ""333"", ""333"", ""333"", ""333"", ""333"", ""333"", ""333"", ""333"", ""333"", ""333"", ""333"", ""333"", ""333"", ""333"", ""333"", ""333"", ""333"", ""333"", ""333"", ""319"", ""319"", ""319"", ""319"", ""319"", ""319"", ""319"", ""319"", ""CAMINATA""]",5.0,Av. la Cañada/H&J Evamex,20.56717537,-100.2788857
3902,84.9143306013626,382,T14,1,50,2,Con transbordo,382 → 325,T14 → C34,Bicentenario,"[""3902"", ""4455"", ""3903"", ""3904"", ""3905"", ""3797"", ""3798"", ""3799"", ""3800"", ""3801"", ""3802"", ""3803"", ""3804"", ""3805"", ""3806"", ""3867"", ""3868"", ""3869"", ""3870"", ""3871"", ""3872"", ""3807"", ""3873"", ""3874"", ""3875"", ""3808"", ""3809"", ""3810"", ""3811"", ""3812"", ""4404"", ""3813"", ""5104"", ""1476"", ""1472"", ""1471"", ""1470"", ""1469"", ""1439"", ""1438"", ""2537"", ""1920"", ""1921"", ""4241"", ""2310"", ""2311"", ""2312"", ""2313"", ""2681"", ""ESTACION_CORREGIDORA_SUR""]","[""382"", ""382"", ""382"", ""382"", ""382"", ""382"", ""382"", ""382"", ""382"", ""382"", ""382"", ""382"", ""382"", ""382"", ""382"", ""382"", ""382"", ""382"", ""382"", ""382"", ""382"", ""382"", ""382"", ""382"", ""382"", ""382"", ""382"", ""382"", ""382"", ""382"", ""382"", ""382"", ""382"", ""325"", ""325"", ""325"", ""325"", ""325"", ""325"", ""325"", ""325"", ""325"", ""325"", ""325"", ""325"", ""325"", ""325"", ""325"", ""CAMINATA""]",5.0,Camino A la Lira/La Lira,20.472246585441,-100.15875237812
3792,85.13099726802928,382,T14,1,49,2,Con transbordo,382 → 325,T14 → C34,Bicentenario,"[""3792"", ""3793"", ""3794"", ""3795"", ""3796"", ""3798"", ""3799"", ""3800"", ""3801"", ""3802"", ""3803"", ""3804"", ""3805"", ""3806"", ""3867"", ""3868"", ""3869"", ""3870"", ""3871"", ""3872"", ""3807"", ""3873"", ""3874"", ""3875"", ""3808"", ""3809"", ""3810"", ""3811"", ""3812"", ""4404"", ""3813"", ""5104"", ""1476"", ""1472"", ""1471"", ""1470"", ""1469"", ""1439"", ""1438"", ""2537"", ""1920"", ""1921"", ""4241"", ""2310"", ""2311"", ""2312"", ""2313"", ""2681"", ""ESTACION_CORREGIDORA_SUR""]","[""382"", ""382"", ""382"", ""382"", ""382"", ""382"", ""382"", ""382"", ""382"", ""382"", ""382"", ""382"", ""382"", ""382"", ""382"", ""382"", ""382"", ""382"", ""382"", ""382"", ""382"", ""382"", ""382"", ""382"", ""382"", ""382"", ""382"", ""382"", ""382"", ""382"", ""382"", ""382"", ""325"", ""325"", ""325"", ""325"", ""325"", ""325"", ""325"", ""325"", ""325"", ""325"", ""325"", ""325"", ""325"", ""325"", ""325"", ""CAMINATA""]",5.0,Prol. Cuauhtémoc/De la Eta,20.5041845936,-100.14890757661
4349,85.13394702923821,333,C42,1,38,2,Con transbordo,333 → 319,C42 → C24,Vicente Guerrero,"[""4349"", ""4350"", ""2621"", ""4351"", ""4352"", ""4353"", ""4354"", ""2622"", ""4355"", ""2623"", ""4356"", ""2624"", ""5091"", ""4315"", ""2625"", ""3577"", ""5107"", ""2519"", ""3578"", ""2216"", ""2217"", ""2218"", ""2219"", ""2032"", ""2023"", ""2024"", ""2856"", ""1918"", ""1919"", ""1920"", ""1921"", ""4241"", ""2310"", ""2311"", ""2312"", ""2313"", ""2314"", ""ESTACION_CORREGIDORA_SUR""]","[""333"", ""333"", ""333"", ""333"", ""333"", ""333"", ""333"", ""333"", ""333"", ""333"", ""333"", ""333"", ""333"", ""333"", ""333"", ""333"", ""333"", ""333"", ""333"", ""333"", ""333"", ""333"", ""333"", ""333"", ""333"", ""333"", ""333"", ""333"", ""319"", ""319"", ""319"", ""319"", ""319"", ""319"", ""319"", ""319"", ""CAMINATA""]",5.0,Qro 210/Av. Guadalupe,20.581004630931,-100.25408881172
3901,85.38099726802926,382,T14,1,51,2,Con transbordo,382 → 325,T14 → C34,Bicentenario,"[""3901"", ""3902"", ""4455"", ""3903"", ""3904"", ""3905"", ""3797"", ""3798"", ""3799"", ""3800"", ""3801"", ""3802"", ""3803"", ""3804"", ""3805"", ""3806"", ""3867"", ""3868"", ""3869"", ""3870"", ""3871"", ""3872"", ""3807"", ""3873"", ""3874"", ""3875"", ""3808"", ""3809"", ""3810"", ""3811"", ""3812"", ""4404"", ""3813"", ""5104"", ""1476"", ""1472"", ""1471"", ""1470"", ""1469"", ""1439"", ""1438"", ""2537"", ""1920"", ""1921"", ""4241"", ""2310"", ""2311"", ""2312"", ""2313"", ""2681"", ""ESTACION_CORREGIDORA_SUR""]","[""382"", ""382"", ""382"", ""382"", ""382"", ""382"", ""382"", ""382"", ""382"", ""382"", ""382"", ""382"", ""382"", ""382"", ""382"", ""382"", ""382"", ""382"", ""382"", ""382"", ""382"", ""382"", ""382"", ""382"", ""382"", ""382"", ""382"", ""382"", ""382"", ""382"", ""382"", ""382"", ""382"", ""382"", ""325"", ""325"", ""325"", ""325"", ""325"", ""325"", ""325"", ""325"", ""325"", ""325"", ""325"", ""325"", ""325"", ""325"", ""325"", ""CAMINATA""]",5.0,Niños Héroes/Calle Nicolas Bravo,20.472869688642,-100.16086513946
4454,85.6643306013626,382,T14,1,52,2,Con transbordo,382 → 325,T14 → C34,Bicentenario,"[""4454"", ""3901"", ""3902"", ""4455"", ""3903"", ""3904"", ""3905"", ""3797"", ""3798"", ""3799"", ""3800"", ""3801"", ""3802"", ""3803"", ""3804"", ""3805"", ""3806"", ""3867"", ""3868"", ""3869"", ""3870"", ""3871"", ""3872"", ""3807"", ""3873"", ""3874"", ""3875"", ""3808"", ""3809"", ""3810"", ""3811"", ""3812"", ""4404"", ""3813"", ""5104"", ""1476"", ""1472"", ""1471"", ""1470"", ""1469"", ""1439"", ""1438"", ""2537"", ""1920"", ""1921"", ""4241"", ""2310"", ""2311"", ""2312"", ""2313"", ""2681"", ""ESTACION_CORREGIDORA_SUR""]","[""382"", ""382"", ""382"", ""382"", ""382"", ""382"", ""382"", ""382"", ""382"", ""382"", ""382"", ""382"", ""382"", ""382"", ""382"", ""382"", ""382"", ""382"", ""382"", ""382"", ""382"", ""382"", ""382"", ""382"", ""382"", ""382"", ""382"", ""382"", ""382"", ""382"", ""382"", ""382"", ""382"", ""382"", ""382"", ""325"", ""325"", ""325"", ""325"", ""325"", ""325"", ""325"", ""325"", ""325"", ""325"", ""325"", ""325"", ""325"", ""325"", ""325"", ""CAMINATA""]",5.0,Niños Héroes/Av. 16 de Septiembre,20.473079335457,-100.16216674347
4348,85.71728036257154,333,C42,1,39,2,Con transbordo,333 → 319,C42 → C24,Vicente Guerrero,"[""4348"", ""4349"", ""4350"", ""2621"", ""4351"", ""4352"", ""4353"", ""4354"", ""2622"", ""4355"", ""2623"", ""4356"", ""2624"", ""5091"", ""4315"", ""2625"", ""3577"", ""5107"", ""2519"", ""3578"", ""2216"", ""2217"", ""2218"", ""2219"", ""2032"", ""2023"", ""2024"", ""2856"", ""1918"", ""1919"", ""1920"", ""1921"", ""4241"", ""2310"", ""2311"", ""2312"", ""2313"", ""2314"", ""ESTACION_CORREGIDORA_SUR""]","[""333"", ""333"", ""333"", ""333"", ""333"", ""333"", ""333"", ""333"", ""333"", ""333"", ""333"", ""333"", ""333"", ""333"", ""333"", ""333"", ""333"", ""333"", ""333"", ""333"", ""333"", ""333"", ""333"", ""333"", ""333"", ""333"", ""333"", ""333"", ""333"", ""319"", ""319"", ""319"", ""319"", ""319"", ""319"", ""319"", ""319"", ""CAMINATA""]",5.0,Colinas del Lago,20.582210504562,-100.25286355375
3791,85.74766393469594,382,T14,1,50,2,Con transbordo,382 → 325,T14 → C34,Bicentenario,"[""3791"", ""3792"", ""3793"", ""3794"", ""3795"", ""3796"", ""3798"", ""3799"", ""3800"", ""3801"", ""3802"", ""3803"", ""3804"", ""3805"", ""3806"", ""3867"", ""3868"", ""3869"", ""3870"", ""3871"", ""3872"", ""3807"", ""3873"", ""3874"", ""3875"", ""3808"", ""3809"", ""3810"", ""3811"", ""3812"", ""4404"", ""3813"", ""5104"", ""1476"", ""1472"", ""1471"", ""1470"", ""1469"", ""1439"", ""1438"", ""2537"", ""1920"", ""1921"", ""4241"", ""2310"", ""2311"", ""2312"", ""2313"", ""2681"", ""ESTACION_CORREGIDORA_SUR""]","[""382"", ""382"", ""382"", ""382"", ""382"", ""382"", ""382"", ""382"", ""382"", ""382"", ""382"", ""382"", ""382"", ""382"", ""382"", ""382"", ""382"", ""382"", ""382"", ""382"", ""382"", ""382"", ""382"", ""382"", ""382"", ""382"", ""382"", ""382"", ""382"", ""382"", ""382"", ""382"", ""382"", ""325"", ""325"", ""325"", ""325"", ""325"", ""325"", ""325"", ""325"", ""325"", ""325"", ""325"", ""325"", ""325"", ""325"", ""325"", ""CAMINATA""]",5.0,Av. Panamericana/Independencia,20.505218465839,-100.14927522213
4054,85.75061369590487,352,C64,2,38,3,Con transbordo,352 → 333 → 319,C64 → C42 → C24,Universidad Politécnica de Querétaro → Vicente Guerrero,"[""4054"", ""4055"", ""4056"", ""4057"", ""4058"", ""4059"", ""4354"", ""2622"", ""4355"", ""2623"", ""4356"", ""2624"", ""5091"", ""4315"", ""2625"", ""3577"", ""5107"", ""2519"", ""3578"", ""2216"", ""2217"", ""2218"", ""2219"", ""2032"", ""2023"", ""2024"", ""2856"", ""1918"", ""1919"", ""1920"", ""1921"", ""4241"", ""2310"", ""2311"", ""2312"", ""2313"", ""2314"", ""ESTACION_CORREGIDORA_SUR""]","[""352"", ""352"", ""352"", ""352"", ""352"", ""352"", ""352"", ""352"", ""352"", ""333"", ""333"", ""333"", ""333"", ""333"", ""333"", ""333"", ""333"", ""333"", ""333"", ""333"", ""333"", ""333"", ""333"", ""333"", ""333"", ""333"", ""333"", ""333"", ""319"", ""319"", ""319"", ""319"", ""319"", ""319"", ""319"", ""319"", ""CAMINATA""]",5.0,Av. la Cañada/Av. Santa Rosa de Viterbo,20.56613277,-100.2832247
4453,86.09766393469593,382,T14,1,53,2,Con transbordo,382 → 325,T14 → C34,Bicentenario,"[""4453"", ""4454"", ""3901"", ""3902"", ""4455"", ""3903"", ""3904"", ""3905"", ""3797"", ""3798"", ""3799"", ""3800"", ""3801"", ""3802"", ""3803"", ""3804"", ""3805"", ""3806"", ""3867"", ""3868"", ""3869"", ""3870"", ""3871"", ""3872"", ""3807"", ""3873"", ""3874"", ""3875"", ""3808"", ""3809"", ""3810"", ""3811"", ""3812"", ""4404"", ""3813"", ""5104"", ""1476"", ""1472"", ""1471"", ""1470"", ""1469"", ""1439"", ""1438"", ""2537"", ""1920"", ""1921"", ""4241"", ""2310"", ""2311"", ""2312"", ""2313"", ""2681"", ""ESTACION_CORREGIDORA_SUR""]","[""382"", ""382"", ""382"", ""382"", ""382"", ""382"", ""382"", ""382"", ""382"", ""382"", ""382"", ""382"", ""382"", ""382"", ""382"", ""382"", ""382"", ""382"", ""382"", ""382"", ""382"", ""382"", ""382"", ""382"", ""382"", ""382"", ""382"", ""382"", ""382"", ""382"", ""382"", ""382"", ""382"", ""382"", ""382"", ""382"", ""325"", ""325"", ""325"", ""325"", ""325"", ""325"", ""325"", ""325"", ""325"", ""325"", ""325"", ""325"", ""325"", ""325"", ""325"", ""CAMINATA""]",5.0,Calle Josefa Ortiz de Domínguez/Camino A la Lira,20.473554313597,-100.1641943779
4053,86.26728036257154,352,C64,2,39,3,Con transbordo,352 → 333 → 319,C64 → C42 → C24,Universidad Politécnica de Querétaro → Vicente Guerrero,"[""4053"", ""4054"", ""4055"", ""4056"", ""4057"", ""4058"", ""4059"", ""4354"", ""2622"", ""4355"", ""2623"", ""4356"", ""2624"", ""5091"", ""4315"", ""2625"", ""3577"", ""5107"", ""2519"", ""3578"", ""2216"", ""2217"", ""2218"", ""2219"", ""2032"", ""2023"", ""2024"", ""2856"", ""1918"", ""1919"", ""1920"", ""1921"", ""4241"", ""2310"", ""2311"", ""2312"", ""2313"", ""2314"", ""ESTACION_CORREGIDORA_SUR""]","[""352"", ""352"", ""352"", ""352"", ""352"", ""352"", ""352"", ""352"", ""352"", ""352"", ""333"", ""333"", ""333"", ""333"", ""333"", ""333"", ""333"", ""333"", ""333"", ""333"", ""333"", ""333"", ""333"", ""333"", ""333"", ""333"", ""333"", ""333"", ""333"", ""319"", ""319"", ""319"", ""319"", ""319"", ""319"", ""319"", ""319"", ""CAMINATA""]",5.0,Av. Santa Rosa de Viterbo/Erreka,20.56399842,-100.2846565
4347,86.36728036257155,333,C42,1,40,2,Con transbordo,333 → 319,C42 → C24,Vicente Guerrero,"[""4347"", ""4348"", ""4349"", ""4350"", ""2621"", ""4351"", ""4352"", ""4353"", ""4354"", ""2622"", ""4355"", ""2623"", ""4356"", ""2624"", ""5091"", ""4315"", ""2625"", ""3577"", ""5107"", ""2519"", ""3578"", ""2216"", ""2217"", ""2218"", ""2219"", ""2032"", ""2023"", ""2024"", ""2856"", ""1918"", ""1919"", ""1920"", ""1921"", ""4241"", ""2310"", ""2311"", ""2312"", ""2313"", ""2314"", ""ESTACION_CORREGIDORA_SUR""]","[""333"", ""333"", ""333"", ""333"", ""333"", ""333"", ""333"", ""333"", ""333"", ""333"", ""333"", ""333"", ""333"", ""333"", ""333"", ""333"", ""333"", ""333"", ""333"", ""333"", ""333"", ""333"", ""333"", ""333"", ""333"", ""333"", ""333"", ""333"", ""333"", ""333"", ""319"", ""319"", ""319"", ""319"", ""319"", ""319"", ""319"", ""319"", ""CAMINATA""]",5.0,Qro 210/Calle Dolores,20.580530814421,-100.25422972642
4452,86.58099726802926,382,T14,1,54,2,Con transbordo,382 → 325,T14 → C34,Bicentenario,"[""4452"", ""4453"", ""4454"", ""3901"", ""3902"", ""4455"", ""3903"", ""3904"", ""3905"", ""3797"", ""3798"", ""3799"", ""3800"", ""3801"", ""3802"", ""3803"", ""3804"", ""3805"", ""3806"", ""3867"", ""3868"", ""3869"", ""3870"", ""3871"", ""3872"", ""3807"", ""3873"", ""3874"", ""3875"", ""3808"", ""3809"", ""3810"", ""3811"", ""3812"", ""4404"", ""3813"", ""5104"", ""1476"", ""1472"", ""1471"", ""1470"", ""1469"", ""1439"", ""1438"", ""2537"", ""1920"", ""1921"", ""4241"", ""2310"", ""2311"", ""2312"", ""2313"", ""2681"", ""ESTACION_CORREGIDORA_SUR""]","[""382"", ""382"", ""382"", ""382"", ""382"", ""382"", ""382"", ""382"", ""382"", ""382"", ""382"", ""382"", ""382"", ""382"", ""382"", ""382"", ""382"", ""382"", ""382"", ""382"", ""382"", ""382"", ""382"", ""382"", ""382"", ""382"", ""382"", ""382"", ""382"", ""382"", ""382"", ""382"", ""382"", ""382"", ""382"", ""382"", ""382"", ""325"", ""325"", ""325"", ""325"", ""325"", ""325"", ""325"", ""325"", ""325"", ""325"", ""325"", ""325"", ""325"", ""325"", ""325"", ""CAMINATA""]",5.0,Calle Josefa Ortiz de Domínguez/Calle Mariano Matamoros,20.475706570641,-100.16406300927
4052,86.71728036257154,352,C64,2,40,3,Con transbordo,352 → 333 → 319,C64 → C42 → C24,Universidad Politécnica de Querétaro → Vicente Guerrero,"[""4052"", ""4053"", ""4054"", ""4055"", ""4056"", ""4057"", ""4058"", ""4059"", ""4354"", ""2622"", ""4355"", ""2623"", ""4356"", ""2624"", ""5091"", ""4315"", ""2625"", ""3577"", ""5107"", ""2519"", ""3578"", ""2216"", ""2217"", ""2218"", ""2219"", ""2032"", ""2023"", ""2024"", ""2856"", ""1918"", ""1919"", ""1920"", ""1921"", ""4241"", ""2310"", ""2311"", ""2312"", ""2313"", ""2314"", ""ESTACION_CORREGIDORA_SUR""]","[""352"", ""352"", ""352"", ""352"", ""352"", ""352"", ""352"", ""352"", ""352"", ""352"", ""352"", ""333"", ""333"", ""333"", ""333"", ""333"", ""333"", ""333"", ""333"", ""333"", ""333"", ""333"", ""333"", ""333"", ""333"", ""333"", ""333"", ""333"", ""333"", ""333"", ""319"", ""319"", ""319"", ""319"", ""319"", ""319"", ""319"", ""319"", ""CAMINATA""]",5.0,Av. C.P. Rafael Sesma Huerta/Nexteer,20.56511745,-100.2867129
4346,87.05061369590489,333,C42,1,41,2,Con transbordo,333 → 319,C42 → C24,Vicente Guerrero,"[""4346"", ""4347"", ""4348"", ""4349"", ""4350"", ""2621"", ""4351"", ""4352"", ""4353"", ""4354"", ""2622"", ""4355"", ""2623"", ""4356"", ""2624"", ""5091"", ""4315"", ""2625"", ""3577"", ""5107"", ""2519"", ""3578"", ""2216"", ""2217"", ""2218"", ""2219"", ""2032"", ""2023"", ""2024"", ""2856"", ""1918"", ""1919"", ""1920"", ""1921"", ""4241"", ""2310"", ""2311"", ""2312"", ""2313"", ""2314"", ""ESTACION_CORREGIDORA_SUR""]","[""333"", ""333"", ""333"", ""333"", ""333"", ""333"", ""333"", ""333"", ""333"", ""333"", ""333"", ""333"", ""333"", ""333"", ""333"", ""333"", ""333"", ""333"", ""333"", ""333"", ""333"", ""333"", ""333"", ""333"", ""333"", ""333"", ""333"", ""333"", ""333"", ""333"", ""333"", ""319"", ""319"", ""319"", ""319"", ""319"", ""319"", ""319"", ""319"", ""CAMINATA""]",5.0,Qro 210/Calle Amealco,20.578665373283,-100.25548445245
4451,87.18099726802926,382,T14,1,55,2,Con transbordo,382 → 325,T14 → C34,Bicentenario,"[""4451"", ""4452"", ""4453"", ""4454"", ""3901"", ""3902"", ""4455"", ""3903"", ""3904"", ""3905"", ""3797"", ""3798"", ""3799"", ""3800"", ""3801"", ""3802"", ""3803"", ""3804"", ""3805"", ""3806"", ""3867"", ""3868"", ""3869"", ""3870"", ""3871"", ""3872"", ""3807"", ""3873"", ""3874"", ""3875"", ""3808"", ""3809"", ""3810"", ""3811"", ""3812"", ""4404"", ""3813"", ""5104"", ""1476"", ""1472"", ""1471"", ""1470"", ""1469"", ""1439"", ""1438"", ""2537"", ""1920"", ""1921"", ""4241"", ""2310"", ""2311"", ""2312"", ""2313"", ""2681"", ""ESTACION_CORREGIDORA_SUR""]","[""382"", ""382"", ""382"", ""382"", ""382"", ""382"", ""382"", ""382"", ""382"", ""382"", ""382"", ""382"", ""382"", ""382"", ""382"", ""382"", ""382"", ""382"", ""382"", ""382"", ""382"", ""382"", ""382"", ""382"", ""382"", ""382"", ""382"", ""382"", ""382"", ""382"", ""382"", ""382"", ""382"", ""382"", ""382"", ""382"", ""382"", ""382"", ""325"", ""325"", ""325"", ""325"", ""325"", ""325"", ""325"", ""325"", ""325"", ""325"", ""325"", ""325"", ""325"", ""325"", ""325"", ""CAMINATA""]",5.0,Calle Josefa Ortiz de Domínguez/Calle Primera 16 de Septiembre,20.478416605101,-100.16392347098
4051,87.36728036257155,352,C64,2,41,3,Con transbordo,352 → 333 → 319,C64 → C42 → C24,Universidad Politécnica de Querétaro → Vicente Guerrero,"[""4051"", ""4052"", ""4053"", ""4054"", ""4055"", ""4056"", ""4057"", ""4058"", ""4059"", ""4354"", ""2622"", ""4355"", ""2623"", ""4356"", ""2624"", ""5091"", ""4315"", ""2625"", ""3577"", ""5107"", ""2519"", ""3578"", ""2216"", ""2217"", ""2218"", ""2219"", ""2032"", ""2023"", ""2024"", ""2856"", ""1918"", ""1919"", ""1920"", ""1921"", ""4241"", ""2310"", ""2311"", ""2312"", ""2313"", ""2314"", ""ESTACION_CORREGIDORA_SUR""]","[""352"", ""352"", ""352"", ""352"", ""352"", ""352"", ""352"", ""352"", ""352"", ""352"", ""352"", ""352"", ""333"", ""333"", ""333"", ""333"", ""333"", ""333"", ""333"", ""333"", ""333"", ""333"", ""333"", ""333"", ""333"", ""333"", ""333"", ""333"", ""333"", ""333"", ""333"", ""319"", ""319"", ""319"", ""319"", ""319"", ""319"", ""319"", ""319"", ""CAMINATA""]",5.0,Av. C.P. Rafael Sesma Huerta/Printpack,20.56831194,-100.287179
4050,87.60061369590488,352,C64,2,42,3,Con transbordo,352 → 333 → 319,C64 → C42 → C24,Universidad Politécnica de Querétaro → Vicente Guerrero,"[""4050"", ""4051"", ""4052"", ""4053"", ""4054"", ""4055"", ""4056"", ""4057"", ""4058"", ""4059"", ""4354"", ""2622"", ""4355"", ""2623"", ""4356"", ""2624"", ""5091"", ""4315"", ""2625"", ""3577"", ""5107"", ""2519"", ""3578"", ""2216"", ""2217"", ""2218"", ""2219"", ""2032"", ""2023"", ""2024"", ""2856"", ""1918"", ""1919"", ""1920"", ""1921"", ""4241"", ""2310"", ""2311"", ""2312"", ""2313"", ""2314"", ""ESTACION_CORREGIDORA_SUR""]","[""352"", ""352"", ""352"", ""352"", ""352"", ""352"", ""352"", ""352"", ""352"", ""352"", ""352"", ""352"", ""352"", ""333"", ""333"", ""333"", ""333"", ""333"", ""333"", ""333"", ""333"", ""333"", ""333"", ""333"", ""333"", ""333"", ""333"", ""333"", ""333"", ""333"", ""333"", ""333"", ""319"", ""319"", ""319"", ""319"", ""319"", ""319"", ""319"", ""319"", ""CAMINATA""]",5.0,Av. de Las Fuentes/Av. C.P. Rafael Sesma Huerta,20.56937755,-100.2867747
3790,87.88099726802928,382,T14,1,51,2,Con transbordo,382 → 325,T14 → C34,Bicentenario,"[""3790"", ""3791"", ""3792"", ""3793"", ""3794"", ""3795"", ""3796"", ""3798"", ""3799"", ""3800"", ""3801"", ""3802"", ""3803"", ""3804"", ""3805"", ""3806"", ""3867"", ""3868"", ""3869"", ""3870"", ""3871"", ""3872"", ""3807"", ""3873"", ""3874"", ""3875"", ""3808"", ""3809"", ""3810"", ""3811"", ""3812"", ""4404"", ""3813"", ""5104"", ""1476"", ""1472"", ""1471"", ""1470"", ""1469"", ""1439"", ""1438"", ""2537"", ""1920"", ""1921"", ""4241"", ""2310"", ""2311"", ""2312"", ""2313"", ""2681"", ""ESTACION_CORREGIDORA_SUR""]","[""382"", ""382"", ""382"", ""382"", ""382"", ""382"", ""382"", ""382"", ""382"", ""382"", ""382"", ""382"", ""382"", ""382"", ""382"", ""382"", ""382"", ""382"", ""382"", ""382"", ""382"", ""382"", ""382"", ""382"", ""382"", ""382"", ""382"", ""382"", ""382"", ""382"", ""382"", ""382"", ""382"", ""382"", ""325"", ""325"", ""325"", ""325"", ""325"", ""325"", ""325"", ""325"", ""325"", ""325"", ""325"", ""325"", ""325"", ""325"", ""325"", ""CAMINATA""]",5.0,Av. Panamericana/Calle Juan Landeros,20.50764085173,-100.15236830346
2620,88.15061369590488,333,C42,1,42,2,Con transbordo,333 → 319,C42 → C24,Vicente Guerrero,"[""2620"", ""4346"", ""4347"", ""4348"", ""4349"", ""4350"", ""2621"", ""4351"", ""4352"", ""4353"", ""4354"", ""2622"", ""4355"", ""2623"", ""4356"", ""2624"", ""5091"", ""4315"", ""2625"", ""3577"", ""5107"", ""2519"", ""3578"", ""2216"", ""2217"", ""2218"", ""2219"", ""2032"", ""2023"", ""2024"", ""2856"", ""1918"", ""1919"", ""1920"", ""1921"", ""4241"", ""2310"", ""2311"", ""2312"", ""2313"", ""2314"", ""ESTACION_CORREGIDORA_SUR""]","[""333"", ""333"", ""333"", ""333"", ""333"", ""333"", ""333"", ""333"", ""333"", ""333"", ""333"", ""333"", ""333"", ""333"", ""333"", ""333"", ""333"", ""333"", ""333"", ""333"", ""333"", ""333"", ""333"", ""333"", ""333"", ""333"", ""333"", ""333"", ""333"", ""333"", ""333"", ""333"", ""319"", ""319"", ""319"", ""319"", ""319"", ""319"", ""319"", ""319"", ""CAMINATA""]",5.0,Carr. Estatal 210/Ruta 122,20.57558511,-100.2574327
4049,88.45061369590488,352,C64,2,43,3,Con transbordo,352 → 333 → 319,C64 → C42 → C24,Universidad Politécnica de Querétaro → Vicente Guerrero,"[""4049"", ""4050"", ""4051"", ""4052"", ""4053"", ""4054"", ""4055"", ""4056"", ""4057"", ""4058"", ""4059"", ""4354"", ""2622"", ""4355"", ""2623"", ""4356"", ""2624"", ""5091"", ""4315"", ""2625"", ""3577"", ""5107"", ""2519"", ""3578"", ""2216"", ""2217"", ""2218"", ""2219"", ""2032"", ""2023"", ""2024"", ""2856"", ""1918"", ""1919"", ""1920"", ""1921"", ""4241"", ""2310"", ""2311"", ""2312"", ""2313"", ""2314"", ""ESTACION_CORREGIDORA_SUR""]","[""352"", ""352"", ""352"", ""352"", ""352"", ""352"", ""352"", ""352"", ""352"", ""352"", ""352"", ""352"", ""352"", ""352"", ""333"", ""333"", ""333"", ""333"", ""333"", ""333"", ""333"", ""333"", ""333"", ""333"", ""333"", ""333"", ""333"", ""333"", ""333"", ""333"", ""333"", ""333"", ""333"", ""319"", ""319"", ""319"", ""319"", ""319"", ""319"", ""319"", ""319"", ""CAMINATA""]",5.0,Av. de Las Fuentes/Av. Los Arcos,20.56987014,-100.2822897
3789,89.06433060136261,382,T14,1,52,2,Con transbordo,382 → 325,T14 → C34,Bicentenario,"[""3789"", ""3790"", ""3791"", ""3792"", ""3793"", ""3794"", ""3795"", ""3796"", ""3798"", ""3799"", ""3800"", ""3801"", ""3802"", ""3803"", ""3804"", ""3805"", ""3806"", ""3867"", ""3868"", ""3869"", ""3870"", ""3871"", ""3872"", ""3807"", ""3873"", ""3874"", ""3875"", ""3808"", ""3809"", ""3810"", ""3811"", ""3812"", ""4404"", ""3813"", ""5104"", ""1476"", ""1472"", ""1471"", ""1470"", ""1469"", ""1439"", ""1438"", ""2537"", ""1920"", ""1921"", ""4241"", ""2310"", ""2311"", ""2312"", ""2313"", ""2681"", ""ESTACION_CORREGIDORA_SUR""]","[""382"", ""382"", ""382"", ""382"", ""382"", ""382"", ""382"", ""382"", ""382"", ""382"", ""382"", ""382"", ""382"", ""382"", ""382"", ""382"", ""382"", ""382"", ""382"", ""382"", ""382"", ""382"", ""382"", ""382"", ""382"", ""382"", ""382"", ""382"", ""382"", ""382"", ""382"", ""382"", ""382"", ""382"", ""382"", ""325"", ""325"", ""325"", ""325"", ""325"", ""325"", ""325"", ""325"", ""325"", ""325"", ""325"", ""325"", ""325"", ""325"", ""325"", ""CAMINATA""]",5.0,Av. Panamericana/Blvd. Bicentenario,20.508973381187,-100.15409060587
4345,91.35061369590488,333,C42,1,43,2,Con transbordo,333 → 319,C42 → C24,Vicente Guerrero,"[""4345"", ""2620"", ""4346"", ""4347"", ""4348"", ""4349"", ""4350"", ""2621"", ""4351"", ""4352"", ""4353"", ""4354"", ""2622"", ""4355"", ""2623"", ""4356"", ""2624"", ""5091"", ""4315"", ""2625"", ""3577"", ""5107"", ""2519"", ""3578"", ""2216"", ""2217"", ""2218"", ""2219"", ""2032"", ""2023"", ""2024"", ""2856"", ""1918"", ""1919"", ""1920"", ""1921"", ""4241"", ""2310"", ""2311"", ""2312"", ""2313"", ""2314"", ""ESTACION_CORREGIDORA_SUR""]","[""333"", ""333"", ""333"", ""333"", ""333"", ""333"", ""333"", ""333"", ""333"", ""333"", ""333"", ""333"", ""333"", ""333"", ""333"", ""333"", ""333"", ""333"", ""333"", ""333"", ""333"", ""333"", ""333"", ""333"", ""333"", ""333"", ""333"", ""333"", ""333"", ""333"", ""333"", ""333"", ""333"", ""319"", ""319"", ""319"", ""319"", ""319"", ""319"", ""319"", ""319"", ""CAMINATA""]",5.0,Qro 431/Av. del Marqués,20.567551664922,-100.26455009081
3785,91.81728036257154,352,C64,2,44,3,Con transbordo,352 → 333 → 319,C64 → C42 → C24,Universidad Politécnica de Querétaro → Vicente Guerrero,"[""3785"", ""4049"", ""4050"", ""4051"", ""4052"", ""4053"", ""4054"", ""4055"", ""4056"", ""4057"", ""4058"", ""4059"", ""4354"", ""2622"", ""4355"", ""2623"", ""4356"", ""2624"", ""5091"", ""4315"", ""2625"", ""3577"", ""5107"", ""2519"", ""3578"", ""2216"", ""2217"", ""2218"", ""2219"", ""2032"", ""2023"", ""2024"", ""2856"", ""1918"", ""1919"", ""1920"", ""1921"", ""4241"", ""2310"", ""2311"", ""2312"", ""2313"", ""2314"", ""ESTACION_CORREGIDORA_SUR""]","[""352"", ""352"", ""352"", ""352"", ""352"", ""352"", ""352"", ""352"", ""352"", ""352"", ""352"", ""352"", ""352"", ""352"", ""352"", ""333"", ""333"", ""333"", ""333"", ""333"", ""333"", ""333"", ""333"", ""333"", ""333"", ""333"", ""333"", ""333"", ""333"", ""333"", ""333"", ""333"", ""333"", ""333"", ""319"", ""319"", ""319"", ""319"", ""319"", ""319"", ""319"", ""319"", ""CAMINATA""]",5.0,Carr. México/Querétaro/Parque Industrial la Noria,20.56927518,-100.3001694
4344,93.16728036257155,333,C42,1,44,2,Con transbordo,333 → 319,C42 → C24,Vicente Guerrero,"[""4344"", ""4345"", ""2620"", ""4346"", ""4347"", ""4348"", ""4349"", ""4350"", ""2621"", ""4351"", ""4352"", ""4353"", ""4354"", ""2622"", ""4355"", ""2623"", ""4356"", ""2624"", ""5091"", ""4315"", ""2625"", ""3577"", ""5107"", ""2519"", ""3578"", ""2216"", ""2217"", ""2218"", ""2219"", ""2032"", ""2023"", ""2024"", ""2856"", ""1918"", ""1919"", ""1920"", ""1921"", ""4241"", ""2310"", ""2311"", ""2312"", ""2313"", ""2314"", ""ESTACION_CORREGIDORA_SUR""]","[""333"", ""333"", ""333"", ""333"", ""333"", ""333"", ""333"", ""333"", ""333"", ""333"", ""333"", ""333"", ""333"", ""333"", ""333"", ""333"", ""333"", ""333"", ""333"", ""333"", ""333"", ""333"", ""333"", ""333"", ""333"", ""333"", ""333"", ""333"", ""333"", ""333"", ""333"", ""333"", ""333"", ""333"", ""319"", ""319"", ""319"", ""319"", ""319"", ""319"", ""319"", ""319"", ""CAMINATA""]",5.0,Qro 431/Av. Las Misiones,20.562376201775,-100.26754492723
5300,93.21728036257154,352,C64,2,45,3,Con transbordo,352 → 333 → 319,C64 → C42 → C24,Universidad Politécnica de Querétaro → Vicente Guerrero,"[""5300"", ""3785"", ""4049"", ""4050"", ""4051"", ""4052"", ""4053"", ""4054"", ""4055"", ""4056"", ""4057"", ""4058"", ""4059"", ""4354"", ""2622"", ""4355"", ""2623"", ""4356"", ""2624"", ""5091"", ""4315"", ""2625"", ""3577"", ""5107"", ""2519"", ""3578"", ""2216"", ""2217"", ""2218"", ""2219"", ""2032"", ""2023"", ""2024"", ""2856"", ""1918"", ""1919"", ""1920"", ""1921"", ""4241"", ""2310"", ""2311"", ""2312"", ""2313"", ""2314"", ""ESTACION_CORREGIDORA_SUR""]","[""352"", ""352"", ""352"", ""352"", ""352"", ""352"", ""352"", ""352"", ""352"", ""352"", ""352"", ""352"", ""352"", ""352"", ""352"", ""352"", ""333"", ""333"", ""333"", ""333"", ""333"", ""333"", ""333"", ""333"", ""333"", ""333"", ""333"", ""333"", ""333"", ""333"", ""333"", ""333"", ""333"", ""333"", ""333"", ""319"", ""319"", ""319"", ""319"", ""319"", ""319"", ""319"", ""319"", ""CAMINATA""]",5.0,Carr. Federal No. 57/Acceso Euro Business Park,20.5692806,-100.30755555556
3576,94.85061369590488,333,C42,1,45,2,Con transbordo,333 → 319,C42 → C24,Vicente Guerrero,"[""3576"", ""4344"", ""4345"", ""2620"", ""4346"", ""4347"", ""4348"", ""4349"", ""4350"", ""2621"", ""4351"", ""4352"", ""4353"", ""4354"", ""2622"", ""4355"", ""2623"", ""4356"", ""2624"", ""5091"", ""4315"", ""2625"", ""3577"", ""5107"", ""2519"", ""3578"", ""2216"", ""2217"", ""2218"", ""2219"", ""2032"", ""2023"", ""2024"", ""2856"", ""1918"", ""1919"", ""1920"", ""1921"", ""4241"", ""2310"", ""2311"", ""2312"", ""2313"", ""2314"", ""ESTACION_CORREGIDORA_SUR""]","[""333"", ""333"", ""333"", ""333"", ""333"", ""333"", ""333"", ""333"", ""333"", ""333"", ""333"", ""333"", ""333"", ""333"", ""333"", ""333"", ""333"", ""333"", ""333"", ""333"", ""333"", ""333"", ""333"", ""333"", ""333"", ""333"", ""333"", ""333"", ""333"", ""333"", ""333"", ""333"", ""333"", ""333"", ""333"", ""319"", ""319"", ""319"", ""319"", ""319"", ""319"", ""319"", ""319"", ""CAMINATA""]",5.0,"Carr. 431, Los Cues/Parque Industrial El Marqués",20.55693494,-100.2671467
5299,96.16728036257155,352,C64,2,46,3,Con transbordo,352 → 333 → 319,C64 → C42 → C24,Universidad Politécnica de Querétaro → Vicente Guerrero,"[""5299"", ""5300"", ""3785"", ""4049"", ""4050"", ""4051"", ""4052"", ""4053"", ""4054"", ""4055"", ""4056"", ""4057"", ""4058"", ""4059"", ""4354"", ""2622"", ""4355"", ""2623"", ""4356"", ""2624"", ""5091"", ""4315"", ""2625"", ""3577"", ""5107"", ""2519"", ""3578"", ""2216"", ""2217"", ""2218"", ""2219"", ""2032"", ""2023"", ""2024"", ""2856"", ""1918"", ""1919"", ""1920"", ""1921"", ""4241"", ""2310"", ""2311"", ""2312"", ""2313"", ""2314"", ""ESTACION_CORREGIDORA_SUR""]","[""352"", ""352"", ""352"", ""352"", ""352"", ""352"", ""352"", ""352"", ""352"", ""352"", ""352"", ""352"", ""352"", ""352"", ""352"", ""352"", ""352"", ""333"", ""333"", ""333"", ""333"", ""333"", ""333"", ""333"", ""333"", ""333"", ""333"", ""333"", ""333"", ""333"", ""333"", ""333"", ""333"", ""333"", ""333"", ""333"", ""319"", ""319"", ""319"", ""319"", ""319"", ""319"", ""319"", ""319"", ""CAMINATA""]",5.0,Segunda Sección de Conín/Calle Chimapopoca,20.573202576449,-100.32264038901
5298,96.51728036257154,352,C64,2,47,3,Con transbordo,352 → 333 → 319,C64 → C42 → C24,Universidad Politécnica de Querétaro → Vicente Guerrero,"[""5298"", ""5299"", ""5300"", ""3785"", ""4049"", ""4050"", ""4051"", ""4052"", ""4053"", ""4054"", ""4055"", ""4056"", ""4057"", ""4058"", ""4059"", ""4354"", ""2622"", ""4355"", ""2623"", ""4356"", ""2624"", ""5091"", ""4315"", ""2625"", ""3577"", ""5107"", ""2519"", ""3578"", ""2216"", ""2217"", ""2218"", ""2219"", ""2032"", ""2023"", ""2024"", ""2856"", ""1918"", ""1919"", ""1920"", ""1921"", ""4241"", ""2310"", ""2311"", ""2312"", ""2313"", ""2314"", ""ESTACION_CORREGIDORA_SUR""]","[""352"", ""352"", ""352"", ""352"", ""352"", ""352"", ""352"", ""352"", ""352"", ""352"", ""352"", ""352"", ""352"", ""352"", ""352"", ""352"", ""352"", ""352"", ""333"", ""333"", ""333"", ""333"", ""333"", ""333"", ""333"", ""333"", ""333"", ""333"", ""333"", ""333"", ""333"", ""333"", ""333"", ""333"", ""333"", ""333"", ""333"", ""319"", ""319"", ""319"", ""319"", ""319"", ""319"", ""319"", ""319"", ""CAMINATA""]",5.0,Segunda Sección de Conín/Conín,20.573790274557,-100.32432436987
4343,96.68394702923821,333,C42,1,46,2,Con transbordo,333 → 319,C42 → C24,Vicente Guerrero,"[""4343"", ""3576"", ""4344"", ""4345"", ""2620"", ""4346"", ""4347"", ""4348"", ""4349"", ""4350"", ""2621"", ""4351"", ""4352"", ""4353"", ""4354"", ""2622"", ""4355"", ""2623"", ""4356"", ""2624"", ""5091"", ""4315"", ""2625"", ""3577"", ""5107"", ""2519"", ""3578"", ""2216"", ""2217"", ""2218"", ""2219"", ""2032"", ""2023"", ""2024"", ""2856"", ""1918"", ""1919"", ""1920"", ""1921"", ""4241"", ""2310"", ""2311"", ""2312"", ""2313"", ""2314"", ""ESTACION_CORREGIDORA_SUR""]","[""333"", ""333"", ""333"", ""333"", ""333"", ""333"", ""333"", ""333"", ""333"", ""333"", ""333"", ""333"", ""333"", ""333"", ""333"", ""333"", ""333"", ""333"", ""333"", ""333"", ""333"", ""333"", ""333"", ""333"", ""333"", ""333"", ""333"", ""333"", ""333"", ""333"", ""333"", ""333"", ""333"", ""333"", ""333"", ""333"", ""319"", ""319"", ""319"", ""319"", ""319"", ""319"", ""319"", ""319"", ""CAMINATA""]",5.0,Qro 431/Qro 420,20.55099571314,-100.2666252524
5297,98.0839470292382,352,C64,2,48,3,Con transbordo,352 → 333 → 319,C64 → C42 → C24,Universidad Politécnica de Querétaro → Vicente Guerrero,"[""5297"", ""5298"", ""5299"", ""5300"", ""3785"", ""4049"", ""4050"", ""4051"", ""4052"", ""4053"", ""4054"", ""4055"", ""4056"", ""4057"", ""4058"", ""4059"", ""4354"", ""2622"", ""4355"", ""2623"", ""4356"", ""2624"", ""5091"", ""4315"", ""2625"", ""3577"", ""5107"", ""2519"", ""3578"", ""2216"", ""2217"", ""2218"", ""2219"", ""2032"", ""2023"", ""2024"", ""2856"", ""1918"", ""1919"", ""1920"", ""1921"", ""4241"", ""2310"", ""2311"", ""2312"", ""2313"", ""2314"", ""ESTACION_CORREGIDORA_SUR""]","[""352"", ""352"", ""352"", ""352"", ""352"", ""352"", ""352"", ""352"", ""352"", ""352"", ""352"", ""352"", ""352"", ""352"", ""352"", ""352"", ""352"", ""352"", ""352"", ""333"", ""333"", ""333"", ""333"", ""333"", ""333"", ""333"", ""333"", ""333"", ""333"", ""333"", ""333"", ""333"", ""333"", ""333"", ""333"", ""333"", ""333"", ""333"", ""319"", ""319"", ""319"", ""319"", ""319"", ""319"", ""319"", ""319"", ""CAMINATA""]",5.0,Segunda Sección de Conín/Conín,20.576258694353,-100.33219835167
2619,99.20061369590488,333,C42,1,47,2,Con transbordo,333 → 319,C42 → C24,Vicente Guerrero,"[""2619"", ""4343"", ""3576"", ""4344"", ""4345"", ""2620"", ""4346"", ""4347"", ""4348"", ""4349"", ""4350"", ""2621"", ""4351"", ""4352"", ""4353"", ""4354"", ""2622"", ""4355"", ""2623"", ""4356"", ""2624"", ""5091"", ""4315"", ""2625"", ""3577"", ""5107"", ""2519"", ""3578"", ""2216"", ""2217"", ""2218"", ""2219"", ""2032"", ""2023"", ""2024"", ""2856"", ""1918"", ""1919"", ""1920"", ""1921"", ""4241"", ""2310"", ""2311"", ""2312"", ""2313"", ""2314"", ""ESTACION_CORREGIDORA_SUR""]","[""333"", ""333"", ""333"", ""333"", ""333"", ""333"", ""333"", ""333"", ""333"", ""333"", ""333"", ""333"", ""333"", ""333"", ""333"", ""333"", ""333"", ""333"", ""333"", ""333"", ""333"", ""333"", ""333"", ""333"", ""333"", ""333"", ""333"", ""333"", ""333"", ""333"", ""333"", ""333"", ""333"", ""333"", ""333"", ""333"", ""333"", ""319"", ""319"", ""319"", ""319"", ""319"", ""319"", ""319"", ""319"", ""CAMINATA""]",5.0,Universidad Politécnica de Querétaro,20.54591531,-100.2734812
3864,100.70061369590488,386,AIQ01,3,46,4,Con transbordo,386 → 352 → 333 → 319,AIQ01 → C64 → C42 → C24,Carr. Federal No. 57/Acceso Euro Business Park → Universidad Politécnica de Querétaro → Vicente Guerrero,"[""3864"", ""5300"", ""3785"", ""4049"", ""4050"", ""4051"", ""4052"", ""4053"", ""4054"", ""4055"", ""4056"", ""4057"", ""4058"", ""4059"", ""4354"", ""2622"", ""4355"", ""2623"", ""4356"", ""2624"", ""5091"", ""4315"", ""2625"", ""3577"", ""5107"", ""2519"", ""3578"", ""2216"", ""2217"", ""2218"", ""2219"", ""2032"", ""2023"", ""2024"", ""2856"", ""1918"", ""1919"", ""1920"", ""1921"", ""4241"", ""2310"", ""2311"", ""2312"", ""2313"", ""2314"", ""ESTACION_CORREGIDORA_SUR""]","[""386"", ""352"", ""352"", ""352"", ""352"", ""352"", ""352"", ""352"", ""352"", ""352"", ""352"", ""352"", ""352"", ""352"", ""352"", ""352"", ""352"", ""333"", ""333"", ""333"", ""333"", ""333"", ""333"", ""333"", ""333"", ""333"", ""333"", ""333"", ""333"", ""333"", ""333"", ""333"", ""333"", ""333"", ""333"", ""333"", ""319"", ""319"", ""319"", ""319"", ""319"", ""319"", ""319"", ""319"", ""CAMINATA""]",5.0,Carr. Federal No. 57/Distrito Federal,20.571232111896,-100.31850479656
3784,101.80061369590487,386,AIQ01,3,47,4,Con transbordo,386 → 352 → 333 → 319,AIQ01 → C64 → C42 → C24,Carr. Federal No. 57/Acceso Euro Business Park → Universidad Politécnica de Querétaro → Vicente Guerrero,"[""3784"", ""3864"", ""5300"", ""3785"", ""4049"", ""4050"", ""4051"", ""4052"", ""4053"", ""4054"", ""4055"", ""4056"", ""4057"", ""4058"", ""4059"", ""4354"", ""2622"", ""4355"", ""2623"", ""4356"", ""2624"", ""5091"", ""4315"", ""2625"", ""3577"", ""5107"", ""2519"", ""3578"", ""2216"", ""2217"", ""2218"", ""2219"", ""2032"", ""2023"", ""2024"", ""2856"", ""1918"", ""1919"", ""1920"", ""1921"", ""4241"", ""2310"", ""2311"", ""2312"", ""2313"", ""2314"", ""ESTACION_CORREGIDORA_SUR""]","[""386"", ""386"", ""352"", ""352"", ""352"", ""352"", ""352"", ""352"", ""352"", ""352"", ""352"", ""352"", ""352"", ""352"", ""352"", ""352"", ""352"", ""352"", ""333"", ""333"", ""333"", ""333"", ""333"", ""333"", ""333"", ""333"", ""333"", ""333"", ""333"", ""333"", ""333"", ""333"", ""333"", ""333"", ""333"", ""333"", ""333"", ""319"", ""319"", ""319"", ""319"", ""319"", ""319"", ""319"", ""319"", ""CAMINATA""]",5.0,Carr. Federal No. 57/Calle Jalisco,20.572487009731,-100.32322314589
5213,102.35061369590487,386,AIQ01,3,48,4,Con transbordo,386 → 352 → 333 → 319,AIQ01 → C64 → C42 → C24,Carr. Federal No. 57/Acceso Euro Business Park → Universidad Politécnica de Querétaro → Vicente Guerrero,"[""5213"", ""3784"", ""3864"", ""5300"", ""3785"", ""4049"", ""4050"", ""4051"", ""4052"", ""4053"", ""4054"", ""4055"", ""4056"", ""4057"", ""4058"", ""4059"", ""4354"", ""2622"", ""4355"", ""2623"", ""4356"", ""2624"", ""5091"", ""4315"", ""2625"", ""3577"", ""5107"", ""2519"", ""3578"", ""2216"", ""2217"", ""2218"", ""2219"", ""2032"", ""2023"", ""2024"", ""2856"", ""1918"", ""1919"", ""1920"", ""1921"", ""4241"", ""2310"", ""2311"", ""2312"", ""2313"", ""2314"", ""ESTACION_CORREGIDORA_SUR""]","[""386"", ""386"", ""386"", ""352"", ""352"", ""352"", ""352"", ""352"", ""352"", ""352"", ""352"", ""352"", ""352"", ""352"", ""352"", ""352"", ""352"", ""352"", ""352"", ""333"", ""333"", ""333"", ""333"", ""333"", ""333"", ""333"", ""333"", ""333"", ""333"", ""333"", ""333"", ""333"", ""333"", ""333"", ""333"", ""333"", ""333"", ""333"", ""319"", ""319"", ""319"", ""319"", ""319"", ""319"", ""319"", ""319"", ""CAMINATA""]",5.0,Av. Estado de México/Av. Aguascalientes,20.572985586319,-100.32556757659
4342,103.25061369590487,333,C42,1,48,2,Con transbordo,333 → 319,C42 → C24,Vicente Guerrero,"[""4342"", ""2619"", ""4343"", ""3576"", ""4344"", ""4345"", ""2620"", ""4346"", ""4347"", ""4348"", ""4349"", ""4350"", ""2621"", ""4351"", ""4352"", ""4353"", ""4354"", ""2622"", ""4355"", ""2623"", ""4356"", ""2624"", ""5091"", ""4315"", ""2625"", ""3577"", ""5107"", ""2519"", ""3578"", ""2216"", ""2217"", ""2218"", ""2219"", ""2032"", ""2023"", ""2024"", ""2856"", ""1918"", ""1919"", ""1920"", ""1921"", ""4241"", ""2310"", ""2311"", ""2312"", ""2313"", ""2314"", ""ESTACION_CORREGIDORA_SUR""]","[""333"", ""333"", ""333"", ""333"", ""333"", ""333"", ""333"", ""333"", ""333"", ""333"", ""333"", ""333"", ""333"", ""333"", ""333"", ""333"", ""333"", ""333"", ""333"", ""333"", ""333"", ""333"", ""333"", ""333"", ""333"", ""333"", ""333"", ""333"", ""333"", ""333"", ""333"", ""333"", ""333"", ""333"", ""333"", ""333"", ""333"", ""333"", ""319"", ""319"", ""319"", ""319"", ""319"", ""319"", ""319"", ""319"", ""CAMINATA""]",5.0,Qro 420/Ciudad Marqués,20.537953399502,-100.28472407411
3863,103.36728036257153,386,AIQ01,3,49,4,Con transbordo,386 → 352 → 333 → 319,AIQ01 → C64 → C42 → C24,Carr. Federal No. 57/Acceso Euro Business Park → Universidad Politécnica de Querétaro → Vicente Guerrero,"[""3863"", ""5213"", ""3784"", ""3864"", ""5300"", ""3785"", ""4049"", ""4050"", ""4051"", ""4052"", ""4053"", ""4054"", ""4055"", ""4056"", ""4057"", ""4058"", ""4059"", ""4354"", ""2622"", ""4355"", ""2623"", ""4356"", ""2624"", ""5091"", ""4315"", ""2625"", ""3577"", ""5107"", ""2519"", ""3578"", ""2216"", ""2217"", ""2218"", ""2219"", ""2032"", ""2023"", ""2024"", ""2856"", ""1918"", ""1919"", ""1920"", ""1921"", ""4241"", ""2310"", ""2311"", ""2312"", ""2313"", ""2314"", ""ESTACION_CORREGIDORA_SUR""]","[""386"", ""386"", ""386"", ""386"", ""352"", ""352"", ""352"", ""352"", ""352"", ""352"", ""352"", ""352"", ""352"", ""352"", ""352"", ""352"", ""352"", ""352"", ""352"", ""352"", ""333"", ""333"", ""333"", ""333"", ""333"", ""333"", ""333"", ""333"", ""333"", ""333"", ""333"", ""333"", ""333"", ""333"", ""333"", ""333"", ""333"", ""333"", ""333"", ""319"", ""319"", ""319"", ""319"", ""319"", ""319"", ""319"", ""319"", ""CAMINATA""]",5.0,Carr. Federal No. 57/Calle San Ignacio,20.574117424065,-100.32993327557
3783,105.4839470292382,386,AIQ01,3,50,4,Con transbordo,386 → 352 → 333 → 319,AIQ01 → C64 → C42 → C24,Carr. Federal No. 57/Acceso Euro Business Park → Universidad Politécnica de Querétaro → Vicente Guerrero,"[""3783"", ""3863"", ""5213"", ""3784"", ""3864"", ""5300"", ""3785"", ""4049"", ""4050"", ""4051"", ""4052"", ""4053"", ""4054"", ""4055"", ""4056"", ""4057"", ""4058"", ""4059"", ""4354"", ""2622"", ""4355"", ""2623"", ""4356"", ""2624"", ""5091"", ""4315"", ""2625"", ""3577"", ""5107"", ""2519"", ""3578"", ""2216"", ""2217"", ""2218"", ""2219"", ""2032"", ""2023"", ""2024"", ""2856"", ""1918"", ""1919"", ""1920"", ""1921"", ""4241"", ""2310"", ""2311"", ""2312"", ""2313"", ""2314"", ""ESTACION_CORREGIDORA_SUR""]","[""386"", ""386"", ""386"", ""386"", ""386"", ""352"", ""352"", ""352"", ""352"", ""352"", ""352"", ""352"", ""352"", ""352"", ""352"", ""352"", ""352"", ""352"", ""352"", ""352"", ""352"", ""333"", ""333"", ""333"", ""333"", ""333"", ""333"", ""333"", ""333"", ""333"", ""333"", ""333"", ""333"", ""333"", ""333"", ""333"", ""333"", ""333"", ""333"", ""333"", ""319"", ""319"", ""319"", ""319"", ""319"", ""319"", ""319"", ""319"", ""CAMINATA""]",5.0,San Isidro Miranda/Autopista México/Querétaro,20.576808097512,-100.33901231302
2618,111.25061369590487,333,C42,1,49,2,Con transbordo,333 → 319,C42 → C24,Vicente Guerrero,"[""2618"", ""4342"", ""2619"", ""4343"", ""3576"", ""4344"", ""4345"", ""2620"", ""4346"", ""4347"", ""4348"", ""4349"", ""4350"", ""2621"", ""4351"", ""4352"", ""4353"", ""4354"", ""2622"", ""4355"", ""2623"", ""4356"", ""2624"", ""5091"", ""4315"", ""2625"", ""3577"", ""5107"", ""2519"", ""3578"", ""2216"", ""2217"", ""2218"", ""2219"", ""2032"", ""2023"", ""2024"", ""2856"", ""1918"", ""1919"", ""1920"", ""1921"", ""4241"", ""2310"", ""2311"", ""2312"", ""2313"", ""2314"", ""ESTACION_CORREGIDORA_SUR""]","[""333"", ""333"", ""333"", ""333"", ""333"", ""333"", ""333"", ""333"", ""333"", ""333"", ""333"", ""333"", ""333"", ""333"", ""333"", ""333"", ""333"", ""333"", ""333"", ""333"", ""333"", ""333"", ""333"", ""333"", ""333"", ""333"", ""333"", ""333"", ""333"", ""333"", ""333"", ""333"", ""333"", ""333"", ""333"", ""333"", ""333"", ""333"", ""333"", ""319"", ""319"", ""319"", ""319"", ""319"", ""319"", ""319"", ""319"", ""CAMINATA""]",5.0,Carr. Estatal 420/San Mateo,20.529209960081,-100.31098813289
5090,117.85061369590487,333,C42,1,50,2,Con transbordo,333 → 319,C42 → C24,Vicente Guerrero,"[""5090"", ""2618"", ""4342"", ""2619"", ""4343"", ""3576"", ""4344"", ""4345"", ""2620"", ""4346"", ""4347"", ""4348"", ""4349"", ""4350"", ""2621"", ""4351"", ""4352"", ""4353"", ""4354"", ""2622"", ""4355"", ""2623"", ""4356"", ""2624"", ""5091"", ""4315"", ""2625"", ""3577"", ""5107"", ""2519"", ""3578"", ""2216"", ""2217"", ""2218"", ""2219"", ""2032"", ""2023"", ""2024"", ""2856"", ""1918"", ""1919"", ""1920"", ""1921"", ""4241"", ""2310"", ""2311"", ""2312"", ""2313"", ""2314"", ""ESTACION_CORREGIDORA_SUR""]","[""333"", ""333"", ""333"", ""333"", ""333"", ""333"", ""333"", ""333"", ""333"", ""333"", ""333"", ""333"", ""333"", ""333"", ""333"", ""333"", ""333"", ""333"", ""333"", ""333"", ""333"", ""333"", ""333"", ""333"", ""333"", ""333"", ""333"", ""333"", ""333"", ""333"", ""333"", ""333"", ""333"", ""333"", ""333"", ""333"", ""333"", ""333"", ""333"", ""333"", ""319"", ""319"", ""319"", ""319"", ""319"", ""319"", ""319"", ""319"", ""CAMINATA""]",5.0,Mallorca Residencial,20.527418651134,-100.33391343434
3782,117.86728036257153,382,T14,4,51,5,Con transbordo,382 → 386 → 352 → 333 → 319,T14 → AIQ01 → C64 → C42 → C24,San Isidro Miranda/Autopista México/Querétaro → Carr. Federal No. 57/Acceso Euro Business Park → Universidad Politécnica de Querétaro → Vicente Guerrero,"[""3782"", ""3783"", ""3863"", ""5213"", ""3784"", ""3864"", ""5300"", ""3785"", ""4049"", ""4050"", ""4051"", ""4052"", ""4053"", ""4054"", ""4055"", ""4056"", ""4057"", ""4058"", ""4059"", ""4354"", ""2622"", ""4355"", ""2623"", ""4356"", ""2624"", ""5091"", ""4315"", ""2625"", ""3577"", ""5107"", ""2519"", ""3578"", ""2216"", ""2217"", ""2218"", ""2219"", ""2032"", ""2023"", ""2024"", ""2856"", ""1918"", ""1919"", ""1920"", ""1921"", ""4241"", ""2310"", ""2311"", ""2312"", ""2313"", ""2314"", ""ESTACION_CORREGIDORA_SUR""]","[""382"", ""386"", ""386"", ""386"", ""386"", ""386"", ""352"", ""352"", ""352"", ""352"", ""352"", ""352"", ""352"", ""352"", ""352"", ""352"", ""352"", ""352"", ""352"", ""352"", ""352"", ""352"", ""333"", ""333"", ""333"", ""333"", ""333"", ""333"", ""333"", ""333"", ""333"", ""333"", ""333"", ""333"", ""333"", ""333"", ""333"", ""333"", ""333"", ""333"", ""333"", ""319"", ""319"", ""319"", ""319"", ""319"", ""319"", ""319"", ""319"", ""CAMINATA""]",5.0,Av. Paseo Monte Miranda Oriente/Casa Inn Querétaro,20.586932240048,-100.34797351598
4088,120.6839470292382,333,C42,1,51,2,Con transbordo,333 → 319,C42 → C24,Vicente Guerrero,"[""4088"", ""5090"", ""2618"", ""4342"", ""2619"", ""4343"", ""3576"", ""4344"", ""4345"", ""2620"", ""4346"", ""4347"", ""4348"", ""4349"", ""4350"", ""2621"", ""4351"", ""4352"", ""4353"", ""4354"", ""2622"", ""4355"", ""2623"", ""4356"", ""2624"", ""5091"", ""4315"", ""2625"", ""3577"", ""5107"", ""2519"", ""3578"", ""2216"", ""2217"", ""2218"", ""2219"", ""2032"", ""2023"", ""2024"", ""2856"", ""1918"", ""1919"", ""1920"", ""1921"", ""4241"", ""2310"", ""2311"", ""2312"", ""2313"", ""2314"", ""ESTACION_CORREGIDORA_SUR""]","[""333"", ""333"", ""333"", ""333"", ""333"", ""333"", ""333"", ""333"", ""333"", ""333"", ""333"", ""333"", ""333"", ""333"", ""333"", ""333"", ""333"", ""333"", ""333"", ""333"", ""333"", ""333"", ""333"", ""333"", ""333"", ""333"", ""333"", ""333"", ""333"", ""333"", ""333"", ""333"", ""333"", ""333"", ""333"", ""333"", ""333"", ""333"", ""333"", ""333"", ""333"", ""319"", ""319"", ""319"", ""319"", ""319"", ""319"", ""319"", ""319"", ""CAMINATA""]",5.0,Parque Nacional El Cimatario,20.533632372969,-100.34120202107
2617,125.28394702923819,333,C42,1,52,2,Con transbordo,333 → 319,C42 → C24,Vicente Guerrero,"[""2617"", ""4088"", ""5090"", ""2618"", ""4342"", ""2619"", ""4343"", ""3576"", ""4344"", ""4345"", ""2620"", ""4346"", ""4347"", ""4348"", ""4349"", ""4350"", ""2621"", ""4351"", ""4352"", ""4353"", ""4354"", ""2622"", ""4355"", ""2623"", ""4356"", ""2624"", ""5091"", ""4315"", ""2625"", ""3577"", ""5107"", ""2519"", ""3578"", ""2216"", ""2217"", ""2218"", ""2219"", ""2032"", ""2023"", ""2024"", ""2856"", ""1918"", ""1919"", ""1920"", ""1921"", ""4241"", ""2310"", ""2311"", ""2312"", ""2313"", ""2314"", ""ESTACION_CORREGIDORA_SUR""]","[""333"", ""333"", ""333"", ""333"", ""333"", ""333"", ""333"", ""333"", ""333"", ""333"", ""333"", ""333"", ""333"", ""333"", ""333"", ""333"", ""333"", ""333"", ""333"", ""333"", ""333"", ""333"", ""333"", ""333"", ""333"", ""333"", ""333"", ""333"", ""333"", ""333"", ""333"", ""333"", ""333"", ""333"", ""333"", ""333"", ""333"", ""333"", ""333"", ""333"", ""333"", ""333"", ""319"", ""319"", ""319"", ""319"", ""319"", ""319"", ""319"", ""319"", ""CAMINATA""]",5.0,Cumbres del Cimatario,20.54600453,-100.3502251
3866,131.44766393469595,382,T14,1,53,2,Con transbordo,382 → 325,T14 → C34,Bicentenario,"[""3866"", ""3789"", ""3790"", ""3791"", ""3792"", ""3793"", ""3794"", ""3795"", ""3796"", ""3798"", ""3799"", ""3800"", ""3801"", ""3802"", ""3803"", ""3804"", ""3805"", ""3806"", ""3867"", ""3868"", ""3869"", ""3870"", ""3871"", ""3872"", ""3807"", ""3873"", ""3874"", ""3875"", ""3808"", ""3809"", ""3810"", ""3811"", ""3812"", ""4404"", ""3813"", ""5104"", ""1476"", ""1472"", ""1471"", ""1470"", ""1469"", ""1439"", ""1438"", ""2537"", ""1920"", ""1921"", ""4241"", ""2310"", ""2311"", ""2312"", ""2313"", ""2681"", ""ESTACION_CORREGIDORA_SUR""]","[""382"", ""382"", ""382"", ""382"", ""382"", ""382"", ""382"", ""382"", ""382"", ""382"", ""382"", ""382"", ""382"", ""382"", ""382"", ""382"", ""382"", ""382"", ""382"", ""382"", ""382"", ""382"", ""382"", ""382"", ""382"", ""382"", ""382"", ""382"", ""382"", ""382"", ""382"", ""382"", ""382"", ""382"", ""382"", ""382"", ""325"", ""325"", ""325"", ""325"", ""325"", ""325"", ""325"", ""325"", ""325"", ""325"", ""325"", ""325"", ""325"", ""325"", ""325"", ""CAMINATA""]",5.0,Carr. Federal No. 57/Trucktrade,20.554221052531,-100.2187525369
5301,132.21728036257153,333,C42,1,53,2,Con transbordo,333 → 319,C42 → C24,Vicente Guerrero,"[""5301"", ""2617"", ""4088"", ""5090"", ""2618"", ""4342"", ""2619"", ""4343"", ""3576"", ""4344"", ""4345"", ""2620"", ""4346"", ""4347"", ""4348"", ""4349"", ""4350"", ""2621"", ""4351"", ""4352"", ""4353"", ""4354"", ""2622"", ""4355"", ""2623"", ""4356"", ""2624"", ""5091"", ""4315"", ""2625"", ""3577"", ""5107"", ""2519"", ""3578"", ""2216"", ""2217"", ""2218"", ""2219"", ""2032"", ""2023"", ""2024"", ""2856"", ""1918"", ""1919"", ""1920"", ""1921"", ""4241"", ""2310"", ""2311"", ""2312"", ""2313"", ""2314"", ""ESTACION_CORREGIDORA_SUR""]","[""333"", ""333"", ""333"", ""333"", ""333"", ""333"", ""333"", ""333"", ""333"", ""333"", ""333"", ""333"", ""333"", ""333"", ""333"", ""333"", ""333"", ""333"", ""333"", ""333"", ""333"", ""333"", ""333"", ""333"", ""333"", ""333"", ""333"", ""333"", ""333"", ""333"", ""333"", ""333"", ""333"", ""333"", ""333"", ""333"", ""333"", ""333"", ""333"", ""333"", ""333"", ""333"", ""333"", ""319"", ""319"", ""319"", ""319"", ""319"", ""319"", ""319"", ""319"", ""CAMINATA""]",5.0,Av. del Parque/Qro 400,20.559110242396,-100.36989682563
3865,143.24766393469596,382,T14,1,54,2,Con transbordo,382 → 325,T14 → C34,Bicentenario,"[""3865"", ""3866"", ""3789"", ""3790"", ""3791"", ""3792"", ""3793"", ""3794"", ""3795"", ""3796"", ""3798"", ""3799"", ""3800"", ""3801"", ""3802"", ""3803"", ""3804"", ""3805"", ""3806"", ""3867"", ""3868"", ""3869"", ""3870"", ""3871"", ""3872"", ""3807"", ""3873"", ""3874"", ""3875"", ""3808"", ""3809"", ""3810"", ""3811"", ""3812"", ""4404"", ""3813"", ""5104"", ""1476"", ""1472"", ""1471"", ""1470"", ""1469"", ""1439"", ""1438"", ""2537"", ""1920"", ""1921"", ""4241"", ""2310"", ""2311"", ""2312"", ""2313"", ""2681"", ""ESTACION_CORREGIDORA_SUR""]","[""382"", ""382"", ""382"", ""382"", ""382"", ""382"", ""382"", ""382"", ""382"", ""382"", ""382"", ""382"", ""382"", ""382"", ""382"", ""382"", ""382"", ""382"", ""382"", ""382"", ""382"", ""382"", ""382"", ""382"", ""382"", ""382"", ""382"", ""382"", ""382"", ""382"", ""382"", ""382"", ""382"", ""382"", ""382"", ""382"", ""382"", ""325"", ""325"", ""325"", ""325"", ""325"", ""325"", ""325"", ""325"", ""325"", ""325"", ""325"", ""325"", ""325"", ""325"", ""325"", ""CAMINATA""]",5.0,Carr. Federal No. 57/The Latit Hotels & Resorts,20.562739251244,-100.23927596986
3788,146.73099726802928,382,T14,1,55,2,Con transbordo,382 → 325,T14 → C34,Bicentenario,"[""3788"", ""3865"", ""3866"", ""3789"", ""3790"", ""3791"", ""3792"", ""3793"", ""3794"", ""3795"", ""3796"", ""3798"", ""3799"", ""3800"", ""3801"", ""3802"", ""3803"", ""3804"", ""3805"", ""3806"", ""3867"", ""3868"", ""3869"", ""3870"", ""3871"", ""3872"", ""3807"", ""3873"", ""3874"", ""3875"", ""3808"", ""3809"", ""3810"", ""3811"", ""3812"", ""4404"", ""3813"", ""5104"", ""1476"", ""1472"", ""1471"", ""1470"", ""1469"", ""1439"", ""1438"", ""2537"", ""1920"", ""1921"", ""4241"", ""2310"", ""2311"", ""2312"", ""2313"", ""2681"", ""ESTACION_CORREGIDORA_SUR""]","[""382"", ""382"", ""382"", ""382"", ""382"", ""382"", ""382"", ""382"", ""382"", ""382"", ""382"", ""382"", ""382"", ""382"", ""382"", ""382"", ""382"", ""382"", ""382"", ""382"", ""382"", ""382"", ""382"", ""382"", ""382"", ""382"", ""382"", ""382"", ""382"", ""382"", ""382"", ""382"", ""382"", ""382"", ""382"", ""382"", ""382"", ""382"", ""325"", ""325"", ""325"", ""325"", ""325"", ""325"", ""325"", ""325"", ""325"", ""325"", ""325"", ""325"", ""325"", ""325"", ""325"", ""CAMINATA""]",5.0,Lateral Carr. Querétaro/México/Calle Ignacio Zaragza,20.56473065,-100.2455379
3787,150.93099726802927,382,T14,1,56,2,Con transbordo,382 → 325,T14 → C34,Bicentenario,"[""3787"", ""3788"", ""3865"", ""3866"", ""3789"", ""3790"", ""3791"", ""3792"", ""3793"", ""3794"", ""3795"", ""3796"", ""3798"", ""3799"", ""3800"", ""3801"", ""3802"", ""3803"", ""3804"", ""3805"", ""3806"", ""3867"", ""3868"", ""3869"", ""3870"", ""3871"", ""3872"", ""3807"", ""3873"", ""3874"", ""3875"", ""3808"", ""3809"", ""3810"", ""3811"", ""3812"", ""4404"", ""3813"", ""5104"", ""1476"", ""1472"", ""1471"", ""1470"", ""1469"", ""1439"", ""1438"", ""2537"", ""1920"", ""1921"", ""4241"", ""2310"", ""2311"", ""2312"", ""2313"", ""2681"", ""ESTACION_CORREGIDORA_SUR""]","[""382"", ""382"", ""382"", ""382"", ""382"", ""382"", ""382"", ""382"", ""382"", ""382"", ""382"", ""382"", ""382"", ""382"", ""382"", ""382"", ""382"", ""382"", ""382"", ""382"", ""382"", ""382"", ""382"", ""382"", ""382"", ""382"", ""382"", ""382"", ""382"", ""382"", ""382"", ""382"", ""382"", ""382"", ""382"", ""382"", ""382"", ""382"", ""382"", ""325"", ""325"", ""325"", ""325"", ""325"", ""325"", ""325"", ""325"", ""325"", ""325"", ""325"", ""325"", ""325"", ""325"", ""325"", ""CAMINATA""]",5.0,Carr. Querétaro/México/Parque Industrial El Marqués,20.56858061,-100.2523748
4068,154.1309972680293,352,C64,2,57,3,Con transbordo,352 → 382 → 325,C64 → T14 → C34,Lateral Carr. Querétaro/México/Calle Ignacio Zaragza → Bicentenario,"[""4068"", ""3787"", ""3788"", ""3865"", ""3866"", ""3789"", ""3790"", ""3791"", ""3792"", ""3793"", ""3794"", ""3795"", ""3796"", ""3798"", ""3799"", ""3800"", ""3801"", ""3802"", ""3803"", ""3804"", ""3805"", ""3806"", ""3867"", ""3868"", ""3869"", ""3870"", ""3871"", ""3872"", ""3807"", ""3873"", ""3874"", ""3875"", ""3808"", ""3809"", ""3810"", ""3811"", ""3812"", ""4404"", ""3813"", ""5104"", ""1476"", ""1472"", ""1471"", ""1470"", ""1469"", ""1439"", ""1438"", ""2537"", ""1920"", ""1921"", ""4241"", ""2310"", ""2311"", ""2312"", ""2313"", ""2681"", ""ESTACION_CORREGIDORA_SUR""]","[""352"", ""352"", ""382"", ""382"", ""382"", ""382"", ""382"", ""382"", ""382"", ""382"", ""382"", ""382"", ""382"", ""382"", ""382"", ""382"", ""382"", ""382"", ""382"", ""382"", ""382"", ""382"", ""382"", ""382"", ""382"", ""382"", ""382"", ""382"", ""382"", ""382"", ""382"", ""382"", ""382"", ""382"", ""382"", ""382"", ""382"", ""382"", ""382"", ""382"", ""325"", ""325"", ""325"", ""325"", ""325"", ""325"", ""325"", ""325"", ""325"", ""325"", ""325"", ""325"", ""325"", ""325"", ""325"", ""CAMINATA""]",5.0,Cto. El Marqués Sur/Inland Trailer Planta 2,20.56451321,-100.2541141
4067,154.71433060136263,352,C64,2,58,3,Con transbordo,352 → 382 → 325,C64 → T14 → C34,Lateral Carr. Querétaro/México/Calle Ignacio Zaragza → Bicentenario,"[""4067"", ""4068"", ""3787"", ""3788"", ""3865"", ""3866"", ""3789"", ""3790"", ""3791"", ""3792"", ""3793"", ""3794"", ""3795"", ""3796"", ""3798"", ""3799"", ""3800"", ""3801"", ""3802"", ""3803"", ""3804"", ""3805"", ""3806"", ""3867"", ""3868"", ""3869"", ""3870"", ""3871"", ""3872"", ""3807"", ""3873"", ""3874"", ""3875"", ""3808"", ""3809"", ""3810"", ""3811"", ""3812"", ""4404"", ""3813"", ""5104"", ""1476"", ""1472"", ""1471"", ""1470"", ""1469"", ""1439"", ""1438"", ""2537"", ""1920"", ""1921"", ""4241"", ""2310"", ""2311"", ""2312"", ""2313"", ""2681"", ""ESTACION_CORREGIDORA_SUR""]","[""352"", ""352"", ""352"", ""382"", ""382"", ""382"", ""382"", ""382"", ""382"", ""382"", ""382"", ""382"", ""382"", ""382"", ""382"", ""382"", ""382"", ""382"", ""382"", ""382"", ""382"", ""382"", ""382"", ""382"", ""382"", ""382"", ""382"", ""382"", ""382"", ""382"", ""382"", ""382"", ""382"", ""382"", ""382"", ""382"", ""382"", ""382"", ""382"", ""382"", ""382"", ""325"", ""325"", ""325"", ""325"", ""325"", ""325"", ""325"", ""325"", ""325"", ""325"", ""325"", ""325"", ""325"", ""325"", ""325"", ""CAMINATA""]",5.0,Cto. El Marqués Norte/Ciinova,20.56740827,-100.2542003
4066,155.26433060136264,352,C64,2,59,3,Con transbordo,352 → 382 → 325,C64 → T14 → C34,Lateral Carr. Querétaro/México/Calle Ignacio Zaragza → Bicentenario,"[""4066"", ""4067"", ""4068"", ""3787"", ""3788"", ""3865"", ""3866"", ""3789"", ""3790"", ""3791"", ""3792"", ""3793"", ""3794"", ""3795"", ""3796"", ""3798"", ""3799"", ""3800"", ""3801"", ""3802"", ""3803"", ""3804"", ""3805"", ""3806"", ""3867"", ""3868"", ""3869"", ""3870"", ""3871"", ""3872"", ""3807"", ""3873"", ""3874"", ""3875"", ""3808"", ""3809"", ""3810"", ""3811"", ""3812"", ""4404"", ""3813"", ""5104"", ""1476"", ""1472"", ""1471"", ""1470"", ""1469"", ""1439"", ""1438"", ""2537"", ""1920"", ""1921"", ""4241"", ""2310"", ""2311"", ""2312"", ""2313"", ""2681"", ""ESTACION_CORREGIDORA_SUR""]","[""352"", ""352"", ""352"", ""352"", ""382"", ""382"", ""382"", ""382"", ""382"", ""382"", ""382"", ""382"", ""382"", ""382"", ""382"", ""382"", ""382"", ""382"", ""382"", ""382"", ""382"", ""382"", ""382"", ""382"", ""382"", ""382"", ""382"", ""382"", ""382"", ""382"", ""382"", ""382"", ""382"", ""382"", ""382"", ""382"", ""382"", ""382"", ""382"", ""382"", ""382"", ""382"", ""325"", ""325"", ""325"", ""325"", ""325"", ""325"", ""325"", ""325"", ""325"", ""325"", ""325"", ""325"", ""325"", ""325"", ""325"", ""CAMINATA""]",5.0,Cto. El Marqués Norte/Aspel Querétaro,20.56903559,-100.2565224
4065,156.96433060136263,352,C64,2,60,3,Con transbordo,352 → 382 → 325,C64 → T14 → C34,Lateral Carr. Querétaro/México/Calle Ignacio Zaragza → Bicentenario,"[""4065"", ""4066"", ""4067"", ""4068"", ""3787"", ""3788"", ""3865"", ""3866"", ""3789"", ""3790"", ""3791"", ""3792"", ""3793"", ""3794"", ""3795"", ""3796"", ""3798"", ""3799"", ""3800"", ""3801"", ""3802"", ""3803"", ""3804"", ""3805"", ""3806"", ""3867"", ""3868"", ""3869"", ""3870"", ""3871"", ""3872"", ""3807"", ""3873"", ""3874"", ""3875"", ""3808"", ""3809"", ""3810"", ""3811"", ""3812"", ""4404"", ""3813"", ""5104"", ""1476"", ""1472"", ""1471"", ""1470"", ""1469"", ""1439"", ""1438"", ""2537"", ""1920"", ""1921"", ""4241"", ""2310"", ""2311"", ""2312"", ""2313"", ""2681"", ""ESTACION_CORREGIDORA_SUR""]","[""352"", ""352"", ""352"", ""352"", ""352"", ""382"", ""382"", ""382"", ""382"", ""382"", ""382"", ""382"", ""382"", ""382"", ""382"", ""382"", ""382"", ""382"", ""382"", ""382"", ""382"", ""382"", ""382"", ""382"", ""382"", ""382"", ""382"", ""382"", ""382"", ""382"", ""382"", ""382"", ""382"", ""382"", ""382"", ""382"", ""382"", ""382"", ""382"", ""382"", ""382"", ""382"", ""382"", ""325"", ""325"", ""325"", ""325"", ""325"", ""325"", ""325"", ""325"", ""325"", ""325"", ""325"", ""325"", ""325"", ""325"", ""325"", ""CAMINATA""]",5.0,Cto. El Marqués Norte/Aptar Querétaro,20.56195371,-100.2613755
4064,157.44766393469595,352,C64,2,61,3,Con transbordo,352 → 382 → 325,C64 → T14 → C34,Lateral Carr. Querétaro/México/Calle Ignacio Zaragza → Bicentenario,"[""4064"", ""4065"", ""4066"", ""4067"", ""4068"", ""3787"", ""3788"", ""3865"", ""3866"", ""3789"", ""3790"", ""3791"", ""3792"", ""3793"", ""3794"", ""3795"", ""3796"", ""3798"", ""3799"", ""3800"", ""3801"", ""3802"", ""3803"", ""3804"", ""3805"", ""3806"", ""3867"", ""3868"", ""3869"", ""3870"", ""3871"", ""3872"", ""3807"", ""3873"", ""3874"", ""3875"", ""3808"", ""3809"", ""3810"", ""3811"", ""3812"", ""4404"", ""3813"", ""5104"", ""1476"", ""1472"", ""1471"", ""1470"", ""1469"", ""1439"", ""1438"", ""2537"", ""1920"", ""1921"", ""4241"", ""2310"", ""2311"", ""2312"", ""2313"", ""2681"", ""ESTACION_CORREGIDORA_SUR""]","[""352"", ""352"", ""352"", ""352"", ""352"", ""352"", ""382"", ""382"", ""382"", ""382"", ""382"", ""382"", ""382"", ""382"", ""382"", ""382"", ""382"", ""382"", ""382"", ""382"", ""382"", ""382"", ""382"", ""382"", ""382"", ""382"", ""382"", ""382"", ""382"", ""382"", ""382"", ""382"", ""382"", ""382"", ""382"", ""382"", ""382"", ""382"", ""382"", ""382"", ""382"", ""382"", ""382"", ""382"", ""325"", ""325"", ""325"", ""325"", ""325"", ""325"", ""325"", ""325"", ""325"", ""325"", ""325"", ""325"", ""325"", ""325"", ""325"", ""CAMINATA""]",5.0,Av. del Conde/Msa de México,20.55960241,-100.2613435
4061,157.51433060136262,352,C64,2,62,3,Con transbordo,352 → 382 → 325,C64 → T14 → C34,Lateral Carr. Querétaro/México/Calle Ignacio Zaragza → Bicentenario,"[""4061"", ""4064"", ""4065"", ""4066"", ""4067"", ""4068"", ""3787"", ""3788"", ""3865"", ""3866"", ""3789"", ""3790"", ""3791"", ""3792"", ""3793"", ""3794"", ""3795"", ""3796"", ""3798"", ""3799"", ""3800"", ""3801"", ""3802"", ""3803"", ""3804"", ""3805"", ""3806"", ""3867"", ""3868"", ""3869"", ""3870"", ""3871"", ""3872"", ""3807"", ""3873"", ""3874"", ""3875"", ""3808"", ""3809"", ""3810"", ""3811"", ""3812"", ""4404"", ""3813"", ""5104"", ""1476"", ""1472"", ""1471"", ""1470"", ""1469"", ""1439"", ""1438"", ""2537"", ""1920"", ""1921"", ""4241"", ""2310"", ""2311"", ""2312"", ""2313"", ""2681"", ""ESTACION_CORREGIDORA_SUR""]","[""352"", ""352"", ""352"", ""352"", ""352"", ""352"", ""352"", ""382"", ""382"", ""382"", ""382"", ""382"", ""382"", ""382"", ""382"", ""382"", ""382"", ""382"", ""382"", ""382"", ""382"", ""382"", ""382"", ""382"", ""382"", ""382"", ""382"", ""382"", ""382"", ""382"", ""382"", ""382"", ""382"", ""382"", ""382"", ""382"", ""382"", ""382"", ""382"", ""382"", ""382"", ""382"", ""382"", ""382"", ""382"", ""325"", ""325"", ""325"", ""325"", ""325"", ""325"", ""325"", ""325"", ""325"", ""325"", ""325"", ""325"", ""325"", ""325"", ""325"", ""CAMINATA""]",5.0,Av. del Conde/Ferrandiz,20.55954112,-100.2616713
3786,158.01433060136262,386,AIQ01,2,57,3,Con transbordo,386 → 382 → 325,AIQ01 → T14 → C34,Carr. Federal No. 57/The Latit Hotels & Resorts → Bicentenario,"[""3786"", ""3787"", ""3788"", ""3865"", ""3866"", ""3789"", ""3790"", ""3791"", ""3792"", ""3793"", ""3794"", ""3795"", ""3796"", ""3798"", ""3799"", ""3800"", ""3801"", ""3802"", ""3803"", ""3804"", ""3805"", ""3806"", ""3867"", ""3868"", ""3869"", ""3870"", ""3871"", ""3872"", ""3807"", ""3873"", ""3874"", ""3875"", ""3808"", ""3809"", ""3810"", ""3811"", ""3812"", ""4404"", ""3813"", ""5104"", ""1476"", ""1472"", ""1471"", ""1470"", ""1469"", ""1439"", ""1438"", ""2537"", ""1920"", ""1921"", ""4241"", ""2310"", ""2311"", ""2312"", ""2313"", ""2681"", ""ESTACION_CORREGIDORA_SUR""]","[""386"", ""386"", ""386"", ""382"", ""382"", ""382"", ""382"", ""382"", ""382"", ""382"", ""382"", ""382"", ""382"", ""382"", ""382"", ""382"", ""382"", ""382"", ""382"", ""382"", ""382"", ""382"", ""382"", ""382"", ""382"", ""382"", ""382"", ""382"", ""382"", ""382"", ""382"", ""382"", ""382"", ""382"", ""382"", ""382"", ""382"", ""382"", ""382"", ""382"", ""325"", ""325"", ""325"", ""325"", ""325"", ""325"", ""325"", ""325"", ""325"", ""325"", ""325"", ""325"", ""325"", ""325"", ""325"", ""CAMINATA""]",5.0,Carr. Federal No. 57/Av. Los Arcos,20.571098149011,-100.28148805156
4060,158.31433060136263,352,C64,2,63,3,Con transbordo,352 → 382 → 325,C64 → T14 → C34,Lateral Carr. Querétaro/México/Calle Ignacio Zaragza → Bicentenario,"[""4060"", ""4061"", ""4064"", ""4065"", ""4066"", ""4067"", ""4068"", ""3787"", ""3788"", ""3865"", ""3866"", ""3789"", ""3790"", ""3791"", ""3792"", ""3793"", ""3794"", ""3795"", ""3796"", ""3798"", ""3799"", ""3800"", ""3801"", ""3802"", ""3803"", ""3804"", ""3805"", ""3806"", ""3867"", ""3868"", ""3869"", ""3870"", ""3871"", ""3872"", ""3807"", ""3873"", ""3874"", ""3875"", ""3808"", ""3809"", ""3810"", ""3811"", ""3812"", ""4404"", ""3813"", ""5104"", ""1476"", ""1472"", ""1471"", ""1470"", ""1469"", ""1439"", ""1438"", ""2537"", ""1920"", ""1921"", ""4241"", ""2310"", ""2311"", ""2312"", ""2313"", ""2681"", ""ESTACION_CORREGIDORA_SUR""]","[""352"", ""352"", ""352"", ""352"", ""352"", ""352"", ""352"", ""352"", ""382"", ""382"", ""382"", ""382"", ""382"", ""382"", ""382"", ""382"", ""382"", ""382"", ""382"", ""382"", ""382"", ""382"", ""382"", ""382"", ""382"", ""382"", ""382"", ""382"", ""382"", ""382"", ""382"", ""382"", ""382"", ""382"", ""382"", ""382"", ""382"", ""382"", ""382"", ""382"", ""382"", ""382"", ""382"", ""382"", ""382"", ""382"", ""325"", ""325"", ""325"", ""325"", ""325"", ""325"", ""325"", ""325"", ""325"", ""325"", ""325"", ""325"", ""325"", ""325"", ""325"", ""CAMINATA""]",5.0,Cto. El Marqués Norte/Privada del Conde,20.55731802,-100.2651507
