stop_id,tiempo_gtfs_min,route_id_principal,route_short_name,num_paradas_camino,num_rutas_camino,camino_stop_ids,rutas_camino,stop_name,stop_lat,stop_lon,atraso_promedio_ruta_min,google_eta_promedio_stop_min,observaciones_stop,correccion_disponible,tiempo_corregido_min
3025,0.0,,,1,0,3025,,Estío/Calle Dr. Manuel Domínguez,20.599573,-100.400492,0.0,,0,False,0.0
2341,1.5333333333333334,344.0,C54,2,1,2341|3025,344,Av. Felipe Ángeles/Av. San Roque,20.60382854,-100.3994944,5.4304029304029315,6.785714285714286,7,True,6.963736263736265
3295,2.216666666666667,344.0,C54,3,1,3295|2341|3025,344,Felipe Ángeles/Fraternidad,20.60575258,-100.3994738,5.4304029304029315,9.40952380952381,7,True,7.647069597069598
2340,2.7333333333333334,344.0,C54,4,1,2340|3295|2341|3025,344,Av. Felipe Ángeles/Plan de Ayala Poniente,20.607203547483,-100.3994563094,5.4304029304029315,7.8,7,True,8.163736263736265
3294,3.5833333333333335,344.0,C54,5,1,3294|2340|3295|2341|3025,344,Av. Felipe Ángeles/Calle del Porvenir,20.60958598,-100.3994269,5.4304029304029315,9.966666666666667,7,True,9.013736263736265
2339,4.2,344.0,C54,6,1,2339|3294|2340|3295|2341|3025,344,Av. Felipe Ángeles/Felipe Ángeles 225,20.61130038,-100.3996564,5.4304029304029315,9.935714285714285,7,True,9.630402930402932
2338,4.7,344.0,C54,7,1,2338|2339|3294|2340|3295|2341|3025,344,Av. Felipe Ángeles/Estadística,20.612683725801,-100.39982101305,5.4304029304029315,10.714285714285714,7,True,10.130402930402932
4256,5.366666666666667,344.0,C54,8,1,4256|2338|2339|3294|2340|3295|2341|3025,344,Epigmenio González/Departamental Parques,20.61253538,-100.4017958,5.4304029304029315,9.766666666666667,7,True,10.797069597069598
2337,7.0,375.0,T07,8,2,2337|2338|2339|3294|2340|3295|2341|3025,375|344,Prol. Ezequiel Montes/Soriana Hiper,20.61597957,-100.4031612,10.563690476190475,18.07857142857143,7,True,17.563690476190473
3284,7.65,324.0,C33,9,2,3284|4256|2338|2339|3294|2340|3295|2341|3025,324|344,Epigmenio González/Prol. Porvenir,20.60799432,-100.4065914,14.674867724867724,17.321428571428573,7,True,22.324867724867723
2220,7.75,351.0,C63,9,3,2220|2337|2338|2339|3294|2340|3295|2341|3025,351|375|344,Blvd. Bernardo Quintana/Soriana Híper,20.61723191,-100.4047427,13.587362637362636,25.292857142857144,7,True,21.337362637362638
3363,8.033333333333333,344.0,C54,9,1,3363|4256|2338|2339|3294|2340|3295|2341|3025,344,Prol. Tecnológico/Calle San Joaquín,20.61262157,-100.4098494,5.4304029304029315,14.383333333333335,7,True,13.463736263736266
4143,8.25,324.0,C33,10,2,4143|3284|4256|2338|2339|3294|2340|3295|2341|3025,324|344,Ejido/Epigmenio González,20.606326873816,-100.40671834965,14.674867724867724,15.616666666666665,7,True,22.924867724867724
2860,8.516666666666667,325.0,C34,10,4,2860|2220|2337|2338|2339|3294|2340|3295|2341|3025,325|351|375|344,Blvd. Bernardo Quintana/Chedraui,20.61831958,-100.4081933,10.070466058763932,27.25714285714286,7,True,18.5871327254306
2336,9.15,375.0,T07,9,2,2336|2337|2338|2339|3294|2340|3295|2341|3025,375|344,Río Tuxpan,20.61981687,-100.4050703,10.563690476190475,22.16190476190476,7,True,19.713690476190475
3362,9.2,344.0,C54,10,1,3362|3363|4256|2338|2339|3294|2340|3295|2341|3025,344,Prol. Tecnológico/Ford Citelis Querétaro,20.615897,-100.4101382,5.4304029304029315,14.316666666666666,7,True,14.63040293040293
2859,9.233333333333334,325.0,C34,11,4,2859|2860|2220|2337|2338|2339|3294|2340|3295|2341|3025,325|351|375|344,San Pablo/Loma de San Pablo,20.61937229,-100.4113686,10.070466058763932,21.62857142857143,7,True,19.303799392097268
5197,9.433333333333334,324.0,C33,11,2,5197|4143|3284|4256|2338|2339|3294|2340|3295|2341|3025,324|344,Ejido/Luis G. Urbina,20.603042195486,-100.40655562462,14.674867724867724,12.316666666666666,7,True,24.108201058201058
2335,10.233333333333334,347.0,C57,10,3,2335|2336|2337|2338|2339|3294|2340|3295|2341|3025,347|375|344,Playa Roqueta,20.62289613,-100.4058467,9.672023809523807,25.416666666666668,7,True,19.90535714285714
2858,10.5,325.0,C34,12,4,2858|2859|2860|2220|2337|2338|2339|3294|2340|3295|2341|3025,325|351|375|344,San Pablo/Cerro del Tambor,20.62096919,-100.4171309,10.070466058763932,31.102380952380948,7,True,20.570466058763934
3492,10.633333333333333,380.0,L154,10,3,3492|3284|4256|2338|2339|3294|2340|3295|2341|3025,380|324|344,Epigmenio González/Ramiro de Maeztu,20.60515042,-100.4096622,6.252380952380951,15.914285714285715,7,True,16.885714285714283
2392,11.0,324.0,C33,8,2,2392|2338|2339|3294|2340|3295|2341|3025,324|344,Prol. Corregidora Norte/Plaza del Parque (Bahía Ii),20.615545651003,-100.39014446414,14.674867724867724,19.092857142857145,7,True,25.674867724867724
3283,11.033333333333333,324.0,C33,12,2,3283|5197|4143|3284|4256|2338|2339|3294|2340|3295|2341|3025,324|344,José Amilcar Vidal/San Agustín del Retablo,20.59854242,-100.4064978,14.674867724867724,10.5,7,True,25.708201058201055
2889,11.266666666666666,344.0,C54,11,1,2889|3362|3363|4256|2338|2339|3294|2340|3295|2341|3025,344,Av. Cerro Sombrerete/Av. Playa Roqueta,20.62166004,-100.4112608,5.4304029304029315,16.766666666666666,7,True,16.697069597069596
3773,11.299999999999999,342.0,C52,11,4,3773|3492|3284|4256|2338|2339|3294|2340|3295|2341|3025,342|380|324|344,Epigmenio González/Bonafont Querétaro,20.604665809191,-100.41144844237,9.03374741200828,15.664285714285715,7,True,20.33374741200828
1915,11.55,160.0,L59,9,3,1915|2392|2338|2339|3294|2340|3295|2341|3025,160|324|344,Prol. Corregidora Norte/Real de Monserrat,20.617882076716,-100.39017545266,14.03738095238095,19.692857142857143,7,True,25.58738095238095
2984,11.583333333333334,325.0,C34,13,4,2984|2858|2859|2860|2220|2337|2338|2339|3294|2340|3295|2341|3025,325|351|375|344,Obrera,20.61879935,-100.4216893,10.070466058763932,23.140476190476193,7,True,21.653799392097266
2888,11.899999999999999,350.0,C62,12,2,2888|2889|3362|3363|4256|2338|2339|3294|2340|3295|2341|3025,350|344,Av. Cerro Sombrerete/Cerro del Peñón,20.62348791,-100.41194,15.95847338935574,17.683333333333334,7,True,27.858473389355737
1983,12.066666666666668,160.0,L59,10,3,1983|1915|2392|2338|2339|3294|2340|3295|2341|3025,160|324|344,Prol. Corregidora Norte/Av. Paseo de la Constitución,20.620079357053,-100.3901606672,14.03738095238095,20.81190476190476,7,True,26.10404761904762
3491,12.083333333333332,342.0,C52,12,4,3491|3773|3492|3284|4256|2338|2339|3294|2340|3295|2341|3025,342|380|324|344,Epigmenio González/Acceso I,20.60452544,-100.4136643,9.03374741200828,16.642857142857142,7,True,21.11708074534161
2313,12.25,324.0,C33,13,2,2313|3283|5197|4143|3284|4256|2338|2339|3294|2340|3295|2341|3025,324|344,Av. Tecnológico/Itq,20.59517201,-100.4067738,14.674867724867724,11.392857142857142,7,True,26.924867724867724
2334,12.266666666666667,347.0,C57,11,3,2334|2335|2336|2337|2338|2339|3294|2340|3295|2341|3025,347|375|344,Constitución,20.62882395,-100.4065859,9.672023809523807,28.266666666666662,7,True,21.938690476190473
2924,12.350000000000001,354.0,C68,14,5,2924|2984|2858|2859|2860|2220|2337|2338|2339|3294|2340|3295|2341|3025,354|325|351|375|344,Calle Coahuila/Empresalia Acceso Ii,20.61845257,-100.4238207,20.138253968253967,26.554761904761904,7,True,32.48825396825397
2015,12.666666666666668,160.0,L59,11,3,2015|1983|1915|2392|2338|2339|3294|2340|3295|2341|3025,160|324|344,Av. Paseo de la Constitución/Primaria Bicentenario de la Independencia,20.621632804349,-100.39235014634,14.03738095238095,24.49761904761905,7,True,26.704047619047618
3490,12.733333333333333,342.0,C52,13,4,3490|3491|3773|3492|3284|4256|2338|2339|3294|2340|3295|2341|3025,342|380|324|344,Epigmenio González/Paseo 5 de Febrero,20.60442472,-100.4154778,9.03374741200828,17.51904761904762,7,True,21.767080745341612
2887,12.799999999999999,350.0,C62,13,2,2887|2888|2889|3362|3363|4256|2338|2339|3294|2340|3295|2341|3025,350|344,Av. Cerro Sombrerete/Fidel Velázquez,20.62617403,-100.4126216,15.95847338935574,18.933333333333337,7,True,28.75847338935574
2312,12.883333333333333,325.0,C34,14,3,2312|2313|3283|5197|4143|3284|4256|2338|2339|3294|2340|3295|2341|3025,325|324|344,Av. Tecnológico/Calle Mariano Escobedo,20.592562,-100.405659,10.070466058763932,12.630952380952381,7,True,22.953799392097267
1982,12.916666666666668,326.0,C35,11,4,1982|1983|1915|2392|2338|2339|3294|2340|3295|2341|3025,326|160|324|344,Prol. Corregidora Norte/Jardínera,20.622803655684,-100.39011696988,10.968287740628165,22.178571428571427,7,True,23.884954407294835
2983,12.950000000000001,255.0,T11,14,5,2983|2984|2858|2859|2860|2220|2337|2338|2339|3294|2340|3295|2341|3025,255|325|351|375|344,18 de Marzo,20.61259758,-100.4199457,13.954024943310655,20.48333333333333,7,True,26.904024943310656
2333,13.0,350.0,C62,12,4,2333|2334|2335|2336|2337|2338|2339|3294|2340|3295|2341|3025,350|347|375|344,Laurel,20.63105745,-100.4063227,15.95847338935574,28.357142857142858,7,True,28.95847338935574
2886,13.049999999999999,350.0,C62,14,2,2886|2887|2888|2889|3362|3363|4256|2338|2339|3294|2340|3295|2341|3025,350|344,Av. Cerro Sombrerete/J. Elías Piña,20.62692366,-100.4127094,15.95847338935574,19.4,7,True,29.00847338935574
2014,13.133333333333335,160.0,L59,12,3,2014|2015|1983|1915|2392|2338|2339|3294|2340|3295|2341|3025,160|324|344,Av. Paseo de la Constitución/Parque Querétaro 2000,20.622781,-100.394128,14.03738095238095,25.445238095238096,7,True,27.170714285714283
3281,13.15,319.0,C24,10,4,3281|1915|2392|2338|2339|3294|2340|3295|2341|3025,319|160|324|344,Blvd. Bernardo Quintana/Calle Mango,20.614823,-100.386397,4.469736842105263,22.566666666666666,7,True,17.61973684210526
2890,13.25,350.0,C62,14,5,2890|2984|2858|2859|2860|2220|2337|2338|2339|3294|2340|3295|2341|3025,350|325|351|375|344,Blvd. Bernardo Quintana/Cerro del Tezcaltzin,20.621437,-100.416993,15.95847338935574,27.930952380952384,7,True,29.20847338935574
3538,13.266666666666666,348.0,C60,13,3,3538|3283|5197|4143|3284|4256|2338|2339|3294|2340|3295|2341|3025,348|324|344,Calle Gabino Barreda/Uaq Centro Universitario,20.5951945,-100.4105692,12.36111111111111,15.411904761904763,7,True,25.627777777777776
2311,13.333333333333332,325.0,C34,15,3,2311|2312|2313|3283|5197|4143|3284|4256|2338|2339|3294|2340|3295|2341|3025,325|324|344,Av Tecnológico/Miguel Hidalgo,20.590732462797,-100.40488505147,10.070466058763932,13.321428571428571,7,True,23.403799392097262
2923,13.416666666666668,354.0,C68,15,5,2923|2924|2984|2858|2859|2860|2220|2337|2338|2339|3294|2340|3295|2341|3025,354|325|351|375|344,Calle Coahuila/Vidriera Owens Querétaro,20.61787049,-100.4267369,20.138253968253967,30.083333333333332,7,True,33.554920634920634
3061,13.533333333333335,160.0,L59,13,3,3061|2014|2015|1983|1915|2392|2338|2339|3294|2340|3295|2341|3025,160|324|344,Calle Plateros/Río Blanco,20.62418439,-100.3951516,14.03738095238095,26.264285714285716,7,True,27.570714285714285
3572,13.583333333333332,336.0,C46,16,4,3572|2311|2312|2313|3283|5197|4143|3284|4256|2338|2339|3294|2340|3295|2341|3025,336|325|324|344,Hidalgo/Av. Tecnológico,20.59018432,-100.4055537,12.644407008086255,14.511904761904763,7,True,26.227740341419587
3122,13.65,341.0,C51,15,6,3122|2890|2984|2858|2859|2860|2220|2337|2338|2339|3294|2340|3295|2341|3025,341|350|325|351|375|344,Calle Cerro del Peñón/Cerro del Tezcaltzin,20.62245515,-100.416915,17.251659451659453,26.726190476190478,7,True,30.901659451659455
3935,13.666666666666666,342.0,C52,14,4,3935|3490|3491|3773|3492|3284|4256|2338|2339|3294|2340|3295|2341|3025,342|380|324|344,Av. San Diego/Paseo 5 de Febrero,20.60411676609,-100.41807702235,9.03374741200828,18.947619047619046,7,True,22.700414078674946
5196,13.783333333333335,326.0,C35,12,4,5196|1982|1983|1915|2392|2338|2339|3294|2340|3295|2341|3025,326|160|324|344,Prol. Corregidora Norte/Indios Verdes,20.625084247179,-100.38844366536,10.968287740628165,24.461904761904766,7,True,24.751621073961502
3060,13.816666666666668,345.0,C55,14,4,3060|3061|2014|2015|1983|1915|2392|2338|2339|3294|2340|3295|2341|3025,345|160|324|344,Calle Plateros/Calle Industriales,20.625051,-100.3953801,6.4323383084577115,26.485714285714284,7,True,20.24900497512438
5160,13.833333333333336,160.0,L59,14,3,5160|3061|2014|2015|1983|1915|2392|2338|2339|3294|2340|3295|2341|3025,160|324|344,Río Yaqui/Río Blanco,20.624845326083,-100.39397433298,14.03738095238095,27.88809523809524,7,True,27.870714285714286
2332,13.866666666666667,350.0,C62,13,4,2332|2333|2334|2335|2336|2337|2338|2339|3294|2340|3295|2341|3025,350|347|375|344,Amanecer,20.63364951,-100.4057493,15.95847338935574,30.335714285714285,7,True,29.825140056022406
2310,14.133333333333333,325.0,C34,16,3,2310|2311|2312|2313|3283|5197|4143|3284|4256|2338|2339|3294|2340|3295|2341|3025,325|324|344,Av. Tecnológico/José María Pino Suarez,20.587451669693,-100.40336165095,10.070466058763932,15.157142857142858,7,True,24.203799392097267
2080,14.166666666666668,358.0,L118,12,5,2080|2859|2860|2220|2337|2338|2339|3294|2340|3295|2341|3025,358|325|351|375|344,Av. 5 de Febrero/Tremec,20.629664271871,-100.42612461779,14.601785714285713,27.33571428571429,7,True,28.768452380952382
2013,14.166666666666668,336.0,C46,13,4,2013|2014|2015|1983|1915|2392|2338|2339|3294|2340|3295|2341|3025,336|160|324|344,Av. Paseo de la Constitución/Colegio Ace,20.624175010189,-100.39717955372,12.644407008086255,30.31904761904762,7,True,26.811073674752922
2862,14.216666666666665,350.0,C62,15,2,2862|2886|2887|2888|2889|3362|3363|4256|2338|2339|3294|2340|3295|2341|3025,350|344,Calle Cuitláhuac/Acceso 61,20.62779676,-100.4090055,15.95847338935574,29.36190476190476,7,True,30.175140056022407
2885,14.333333333333332,371.0,T03,15,3,2885|2886|2887|2888|2889|3362|3363|4256|2338|2339|3294|2340|3295|2341|3025,371|350|344,Av. Cerro Sombrerete/Amanecer,20.62958962,-100.413082,10.360119047619051,23.15,7,True,24.693452380952383
5159,14.41666666666667,160.0,L59,15,3,5159|5160|3061|2014|2015|1983|1915|2392|2338|2339|3294|2340|3295|2341|3025,160|324|344,Río Yaqui/Río Zihuatlán,20.627308711317,-100.39356063005,14.03738095238095,31.276190476190475,7,True,28.45404761904762
3571,14.499999999999998,336.0,C46,17,4,3571|3572|2311|2312|2313|3283|5197|4143|3284|4256|2338|2339|3294|2340|3295|2341|3025,336|325|324|344,Hidalgo/Monumento A Los Niños Héroes de Chapultepec,20.58926442,-100.4086763,12.644407008086255,15.295238095238096,7,True,27.144407008086255
4241,14.516666666666666,325.0,C34,17,3,4241|2310|2311|2312|2313|3283|5197|4143|3284|4256|2338|2339|3294|2340|3295|2341|3025,325|324|344,Av. Tecnológico/José María Arteaga,20.585878216212,-100.40264045185,10.070466058763932,16.038095238095238,7,True,24.5871327254306
3121,14.616666666666667,341.0,C51,16,6,3121|3122|2890|2984|2858|2859|2860|2220|2337|2338|2339|3294|2340|3295|2341|3025,341|350|325|351|375|344,Calle Cerro del Peñón/Cerro del Coyolote,20.62295331,-100.4143345,17.251659451659453,22.05,7,True,31.86832611832612
2982,14.65,255.0,T11,15,5,2982|2983|2984|2858|2859|2860|2220|2337|2338|2339|3294|2340|3295|2341|3025,255|325|351|375|344,Epigmenio González,20.60492664,-100.4177682,13.954024943310655,18.414285714285715,7,True,28.604024943310655
3100,14.666666666666666,344.0,C54,15,2,3100|2886|2887|2888|2889|3362|3363|4256|2338|2339|3294|2340|3295|2341|3025,344|350,Prol. Ometecutli/Calle Luis Quintero,20.62540821,-100.4173307,5.4304029304029315,21.35,7,True,20.0970695970696
1981,14.716666666666669,326.0,C35,13,4,1981|5196|1982|1983|1915|2392|2338|2339|3294|2340|3295|2341|3025,326|160|324|344,Carr. Chichimequillas/Prol. Corregidora Norte,20.62726581799,-100.38622490519,10.968287740628165,25.442857142857143,7,True,25.684954407294832
2999,14.733333333333333,342.0,C52,15,4,2999|3935|3490|3491|3773|3492|3284|4256|2338|2339|3294|2340|3295|2341|3025,342|380|324|344,Av. San Diego/Calle San José,20.602936686138,-100.42079596998,9.03374741200828,21.907142857142855,7,True,23.767080745341612
3222,14.766666666666666,323.0,C31,14,4,3222|3538|3283|5197|4143|3284|4256|2338|2339|3294|2340|3295|2341|3025,323|348|324|344,Río Ayutla/Plaza del Mariachi,20.59518524,-100.4143937,9.342592592592592,14.292857142857143,7,True,24.109259259259257
3059,14.766666666666667,345.0,C55,15,4,3059|3060|3061|2014|2015|1983|1915|2392|2338|2339|3294|2340|3295|2341|3025,345|160|324|344,Calle Plateros/Estibadores,20.62816066,-100.3953616,6.4323383084577115,28.14047619047619,7,True,21.199004975124378
2861,14.799999999999999,336.0,C46,16,3,2861|2862|2886|2887|2888|2889|3362|3363|4256|2338|2339|3294|2340|3295|2341|3025,336|350|344,Av. Tláloc/Av. Pie de la Cuesta,20.62804272,-100.4069504,12.644407008086255,28.357142857142858,7,True,27.44440700808625
1921,14.883333333333333,325.0,C34,18,3,1921|4241|2310|2311|2312|2313|3283|5197|4143|3284|4256|2338|2339|3294|2340|3295|2341|3025,325|324|344,Avenida Ignacio Zaragoza/Comercial Mexicana,20.5853,-100.401,10.070466058763932,17.092857142857145,7,True,24.953799392097267
2012,14.883333333333335,336.0,C46,14,4,2012|2013|2014|2015|1983|1915|2392|2338|2339|3294|2340|3295|2341|3025,336|160|324|344,Av. Paseo de la Constitución/Av. Peñuelas,20.624756610957,-100.39942130078,12.644407008086255,32.55,7,True,27.527740341419587
2922,14.900000000000002,354.0,C68,16,5,2922|2923|2924|2984|2858|2859|2860|2220|2337|2338|2339|3294|2340|3295|2341|3025,354|325|351|375|344,Av. Felipe Carrillo Puerto/Gerresheimer Querétaro,20.6171624,-100.4308588,20.138253968253967,39.03333333333334,7,True,35.03825396825397
5158,14.983333333333336,160.0,L59,16,3,5158|5159|5160|3061|2014|2015|1983|1915|2392|2338|2339|3294|2340|3295|2341|3025,160|324|344,Río Yaqui/Río Nautla,20.629753466525,-100.39313228075,14.03738095238095,32.871428571428574,7,True,29.020714285714284
5167,14.999999999999998,336.0,C46,17,3,5167|2861|2862|2886|2887|2888|2889|3362|3363|4256|2338|2339|3294|2340|3295|2341|3025,336|350|344,Av. Paseo de la Constitución/Av. Pie de la Cuesta,20.62817020709,-100.40625179181,12.644407008086255,27.91904761904762,7,True,27.644407008086255
2966,15.0,358.0,L118,15,6,2966|2890|2984|2858|2859|2860|2220|2337|2338|2339|3294|2340|3295|2341|3025,358|350|325|351|375|344,Blvd. Bernardo Quintana/Playa Condesa,20.619734,-100.410757,14.601785714285713,44.738095238095234,7,True,29.60178571428571
4135,15.016666666666667,341.0,C51,12,5,4135|2859|2860|2220|2337|2338|2339|3294|2340|3295|2341|3025,341|325|351|375|344,Prol. Bernardo Quintana/Av. Sinaloa,20.621078478059,-100.42705431023,17.251659451659453,36.583333333333336,7,True,32.26832611832612
3099,15.033333333333333,344.0,C54,16,2,3099|3100|2886|2887|2888|2889|3362|3363|4256|2338|2339|3294|2340|3295|2341|3025,344|350,Prol. Ometecutli/Cerro del Tezcaltzin,20.62453921,-100.4179384,5.4304029304029315,21.933333333333337,7,True,20.463736263736266
2981,15.083333333333332,355.0,C69,15,5,2981|3222|3538|3283|5197|4143|3284|4256|2338|2339|3294|2340|3295|2341|3025,355|323|348|324|344,Río Querétaro,20.59583114,-100.4151744,0.1952380952380953,15.614285714285714,7,True,15.278571428571427
3058,15.083333333333334,345.0,C55,16,4,3058|3059|3060|3061|2014|2015|1983|1915|2392|2338|2339|3294|2340|3295|2341|3025,345|160|324|344,Calle Plateros/Calle Paileros,20.62918215,-100.3954942,6.4323383084577115,28.238095238095237,7,True,21.515671641791045
2884,15.133333333333333,336.0,C46,16,4,2884|2885|2886|2887|2888|2889|3362|3363|4256|2338|2339|3294|2340|3295|2341|3025,336|371|350|344,Av. Cerro Sombrerete/Av. Paseo de la Constitución,20.63203595,-100.4135024,12.644407008086255,32.74523809523809,7,True,27.777740341419587
2224,15.133333333333333,371.0,T03,17,4,2224|2861|2862|2886|2887|2888|2889|3362|3363|4256|2338|2339|3294|2340|3295|2341|3025,371|336|350|344,Constitución,20.62754528,-100.4064207,10.360119047619051,29.823809523809526,7,True,25.493452380952384
3570,15.166666666666664,336.0,C46,18,4,3570|3571|3572|2311|2312|2313|3283|5197|4143|3284|4256|2338|2339|3294|2340|3295|2341|3025,336|325|324|344,Calle Francisco Márquez/Calle Juan Escutia,20.5870714,-100.40915,12.644407008086255,15.35,7,True,27.81107367475292
3237,15.266666666666666,345.0,C55,15,5,3237|3222|3538|3283|5197|4143|3284|4256|2338|2339|3294|2340|3295|2341|3025,345|323|348|324|344,Carr. Al Campo Militar/Paseo 5 de Febrero,20.595094188005,-100.41592969344,6.4323383084577115,15.704761904761906,7,True,21.699004975124378
3120,15.283333333333333,341.0,C51,17,6,3120|3121|3122|2890|2984|2858|2859|2860|2220|2337|2338|2339|3294|2340|3295|2341|3025,341|350|325|351|375|344,Calle Cerro del Peñón/Cerro del Tzirate,20.62329744,-100.4125873,17.251659451659453,19.26666666666667,7,True,32.53499278499279
4447,15.333333333333334,379.0,T13,11,5,4447|3281|1915|2392|2338|2339|3294|2340|3295|2341|3025,379|319|160|324|344,Blvd. Bernardo Quintana/Paseo de la Colina,20.610741512019,-100.38124649771,14.040079365079364,31.616666666666667,7,True,29.3734126984127
2331,15.366666666666667,350.0,C62,14,4,2331|2332|2333|2334|2335|2336|2337|2338|2339|3294|2340|3295|2341|3025,350|347|375|344,Cetis 16,20.63823,-100.4058839,15.95847338935574,33.04047619047619,7,True,31.325140056022406
1952,15.5,319.0,C24,11,4,1952|3281|1915|2392|2338|2339|3294|2340|3295|2341|3025,319|160|324|344,Anillo Vial Fray Junípero Serra/C. Yuca,20.612529350236,-100.37947357195,4.469736842105263,24.37857142857143,7,True,19.969736842105263
1811,15.5,347.0,C57,11,5,1811|3281|1915|2392|2338|2339|3294|2340|3295|2341|3025,347|319|160|324|344,Av. Paseo de la Reforma/Cancha Bolaños,20.610953208424,-100.37788952907,9.672023809523807,28.357142857142858,7,True,25.172023809523807
2883,15.549999999999999,336.0,C46,17,4,2883|2884|2885|2886|2887|2888|2889|3362|3363|4256|2338|2339|3294|2340|3295|2341|3025,336|371|350|344,Av. Cerro Sombrerete/Punta Real,20.63326819,-100.4137944,12.644407008086255,36.25,7,True,28.19440700808625
3297,15.583333333333332,97.0,C22,18,4,3297|4241|2310|2311|2312|2313|3283|5197|4143|3284|4256|2338|2339|3294|2340|3295|2341|3025,97|325|324|344,Av. Tecnológico/Fernando Loyola,20.58323779,-100.4009753,14.923809523809528,19.87142857142857,7,True,30.50714285714286
2011,15.600000000000001,336.0,C46,15,4,2011|2012|2013|2014|2015|1983|1915|2392|2338|2339|3294|2340|3295|2341|3025,336|160|324|344,Av. Paseo de la Constitución,20.62569617401,-100.40154709165,12.644407008086255,33.33571428571428,7,True,28.244407008086256
5174,15.633333333333331,336.0,C46,18,3,5174|5167|2861|2862|2886|2887|2888|2889|3362|3363|4256|2338|2339|3294|2340|3295|2341|3025,336|350|344,Av. Paseo de la Constitución/Acceso 42,20.627434414233,-100.40414579742,12.644407008086255,30.22142857142857,7,True,28.277740341419587
2201,15.683333333333332,338.0,C48,18,4,2201|4241|2310|2311|2312|2313|3283|5197|4143|3284|4256|2338|2339|3294|2340|3295|2341|3025,338|325|324|344,Ignacio Zaragoza/Imss,20.583093496308,-100.40575894032,10.371949404761907,19.335714285714285,7,True,26.055282738095237
5157,15.750000000000004,160.0,L59,17,3,5157|5158|5159|5160|3061|2014|2015|1983|1915|2392|2338|2339|3294|2340|3295|2341|3025,160|324|344,Río Hondo/Calle Río Yaqui,20.633029077266,-100.39241046032,14.03738095238095,33.102380952380955,7,True,29.787380952380953
3057,15.9,345.0,C55,17,4,3057|3058|3059|3060|3061|2014|2015|1983|1915|2392|2338|2339|3294|2340|3295|2341|3025,345|160|324|344,Calle Plateros/Calle Jardíneros,20.63180635,-100.3957198,6.4323383084577115,29.485714285714288,7,True,22.33233830845771
2223,15.95,96.0,C21,18,5,2223|2224|2861|2862|2886|2887|2888|2889|3362|3363|4256|2338|2339|3294|2340|3295|2341|3025,96|371|336|350|344,Playa Rincón,20.62533605,-100.4061573,14.653571428571428,26.6,7,True,30.603571428571428
4113,15.950000000000003,326.0,C35,14,4,4113|1981|5196|1982|1983|1915|2392|2338|2339|3294|2340|3295|2341|3025,326|160|324|344,Carr. Chichimequillas/Calle Río Zihuatlán,20.628379782979,-100.39028567156,10.968287740628165,27.63809523809524,7,True,26.918287740628166
1920,16.0,325.0,C34,19,3,1920|1921|4241|2310|2311|2312|2313|3283|5197|4143|3284|4256|2338|2339|3294|2340|3295|2341|3025,325|324|344,Santa Rosa de Viterbo,20.587017932931,-100.39606674584,10.070466058763932,19.14047619047619,7,True,26.070466058763934
5166,16.083333333333332,336.0,C46,19,3,5166|5174|5167|2861|2862|2886|2887|2888|2889|3362|3363|4256|2338|2339|3294|2340|3295|2341|3025,336|350|344,Av. Paseo de la Constitución/Calle Cuauhtémoc,20.62678534761,-100.40267699225,12.644407008086255,32.173809523809524,7,True,28.727740341419587
2921,16.083333333333336,354.0,C68,17,5,2921|2922|2923|2924|2984|2858|2859|2860|2220|2337|2338|2339|3294|2340|3295|2341|3025,354|325|351|375|344,Av. Felipe Carrillo Puerto/Calle 5 de Febrero,20.61659764,-100.4341467,20.138253968253967,38.16428571428571,7,True,36.221587301587306
3280,16.083333333333336,379.0,T13,12,5,3280|4447|3281|1915|2392|2338|2339|3294|2340|3295|2341|3025,379|319|160|324|344,Blvd. Bernardo Quintana/Heb,20.609316,-100.379516,14.040079365079364,32.35,7,True,30.1234126984127
1976,16.16666666666667,160.0,L59,18,3,1976|5157|5158|5159|5160|3061|2014|2015|1983|1915|2392|2338|2339|3294|2340|3295|2341|3025,160|324|344,Carr. Chichimequillas/Río Hondo,20.633699346848,-100.39060514465,14.03738095238095,30.25238095238095,7,True,30.20404761904762
2998,16.183333333333334,342.0,C52,16,4,2998|2999|3935|3490|3491|3773|3492|3284|4256|2338|2339|3294|2340|3295|2341|3025,342|380|324|344,Av. Revolución/Espuela del Ferrocarril,20.6026434,-100.4249054,9.03374741200828,21.026190476190475,7,True,25.21708074534161
2537,16.233333333333334,325.0,C34,20,3,2537|1920|1921|4241|2310|2311|2312|2313|3283|5197|4143|3284|4256|2338|2339|3294|2340|3295|2341|3025,325|324|344,Calle Melchor Ocampo/Colegio Salesiano,20.58695224,-100.3949721,10.070466058763932,20.933333333333334,7,True,26.303799392097268
4253,16.28333333333333,345.0,C55,16,5,4253|3237|3222|3538|3283|5197|4143|3284|4256|2338|2339|3294|2340|3295|2341|3025,345|323|348|324|344,Carr. Campo Militar/Querétaro Park Iii,20.594869630356,-100.41906071024,6.4323383084577115,16.983333333333334,7,True,22.715671641791044
2882,16.299999999999997,336.0,C46,18,4,2882|2883|2884|2885|2886|2887|2888|2889|3362|3363|4256|2338|2339|3294|2340|3295|2341|3025,336|371|350|344,Av. Cerro Sombrerete/Punta Esmeralda,20.63549434,-100.4144407,12.644407008086255,36.07142857142857,7,True,28.94440700808625
1998,16.3,164.0,L111,13,5,1998|5196|1982|1983|1915|2392|2338|2339|3294|2340|3295|2341|3025,164|326|160|324|344,Carr. Chichimequillas/Prol. Corregidora Norte,20.627456334628,-100.38600717097,14.083333333333332,26.45952380952381,7,True,30.383333333333333
2978,16.316666666666666,376.0,T08,19,5,2978|2201|4241|2310|2311|2312|2313|3283|5197|4143|3284|4256|2338|2339|3294|2340|3295|2341|3025,376|338|325|324|344,Zaragoza,20.58210462,-100.4075288,8.334285714285716,23.523809523809522,7,True,24.650952380952383
2980,16.316666666666666,255.0,T11,16,6,2980|2981|3222|3538|3283|5197|4143|3284|4256|2338|2339|3294|2340|3295|2341|3025,255|355|323|348|324|344,Universidad,20.59025185,-100.4135882,13.954024943310655,22.264285714285712,7,True,30.27069160997732
2345,16.349999999999998,336.0,C46,19,4,2345|1921|4241|2310|2311|2312|2313|3283|5197|4143|3284|4256|2338|2339|3294|2340|3295|2341|3025,336|325|324|344,Ezequiel Montes/Templo de Santa Rosa de Viterbo,20.58757724,-100.3968362,12.644407008086255,21.71666666666667,7,True,28.994407008086252
1766,16.383333333333333,336.0,C46,19,5,1766|2201|4241|2310|2311|2312|2313|3283|5197|4143|3284|4256|2338|2339|3294|2340|3295|2341|3025,336|338|325|324|344,Prol. Zaragoza/Paseo 5 de Febrero,20.58138467,-100.4074439,12.644407008086255,21.092857142857145,7,True,29.027740341419587
2288,16.416666666666668,255.0,T11,13,6,2288|2080|2859|2860|2220|2337|2338|2339|3294|2340|3295|2341|3025,255|358|325|351|375|344,Corporativo Santander,20.638399270649,-100.42998980758,13.954024943310655,29.916666666666668,7,True,30.37069160997732
2330,16.433333333333334,350.0,C62,15,4,2330|2331|2332|2333|2334|2335|2336|2337|2338|2339|3294|2340|3295|2341|3025,350|347|375|344,Nación,20.64150235,-100.4056065,15.95847338935574,35.14523809523809,7,True,32.391806722689076
3682,16.45,325.0,C34,16,6,3682|2981|3222|3538|3283|5197|4143|3284|4256|2338|2339|3294|2340|3295|2341|3025,325|355|323|348|324|344,Río Ayutla/Calle la Piedad,20.59650277,-100.4087533,10.070466058763932,14.79047619047619,7,True,26.52046605876393
3056,16.516666666666666,345.0,C55,18,4,3056|3057|3058|3059|3060|3061|2014|2015|1983|1915|2392|2338|2339|3294|2340|3295|2341|3025,345|160|324|344,Calle Plateros/Plomeros,20.63381927,-100.3956942,6.4323383084577115,30.3,7,True,22.949004975124378
2965,16.6,358.0,L118,16,6,2965|2966|2890|2984|2858|2859|2860|2220|2337|2338|2339|3294|2340|3295|2341|3025,358|350|325|351|375|344,Blvd. Bernardo Quintana/Secretaría de Seguridad Ciudadana,20.617991,-100.405123,14.601785714285713,23.909523809523808,7,True,31.201785714285712
1978,16.650000000000002,326.0,C35,15,4,1978|4113|1981|5196|1982|1983|1915|2392|2338|2339|3294|2340|3295|2341|3025,326|160|324|344,Carr. Chichimequillas/Río Nautla,20.630471175284,-100.39110820414,10.968287740628165,28.023809523809526,7,True,27.61828774062817
2010,16.683333333333334,336.0,C46,16,4,2010|2011|2012|2013|2014|2015|1983|1915|2392|2338|2339|3294|2340|3295|2341|3025,336|160|324|344,Av. Paseo de la Constitución/Parque Cedros,20.627178663081,-100.4047283532,12.644407008086255,33.68571428571429,7,True,29.327740341419588
2920,16.733333333333334,354.0,C68,18,5,2920|2921|2922|2923|2924|2984|2858|2859|2860|2220|2337|2338|2339|3294|2340|3295|2341|3025,354|325|351|375|344,Av. Felipe Carrillo Puerto/Av. Revolución,20.61628379,-100.4359191,20.138253968253967,36.72619047619048,7,True,36.8715873015873
2681,16.75,325.0,C34,17,6,2681|3682|2981|3222|3538|3283|5197|4143|3284|4256|2338|2339|3294|2340|3295|2341|3025,325|355|323|348|324|344,Av. Universidad/Prol. Tecnológico Norte,20.59602337,-100.4074724,10.070466058763932,12.87142857142857,7,True,26.820466058763934
1440,16.78333333333333,360.0,L152,19,5,1440|3297|4241|2310|2311|2312|2313|3283|5197|4143|3284|4256|2338|2339|3294|2340|3295|2341|3025,360|97|325|324|344,Tecnológico,20.581211619986,-100.39867608739,8.578571428571433,25.361904761904764,7,True,25.361904761904764
1919,16.783333333333335,134.0,C26,20,4,1919|1920|1921|4241|2310|2311|2312|2313|3283|5197|4143|3284|4256|2338|2339|3294|2340|3295|2341|3025,134|325|324|344,Vicente Guerrero,20.587914,-100.393329,7.951547619047619,20.73333333333333,7,True,24.734880952380955
5072,16.800000000000004,325.0,C34,19,4,5072|1976|5157|5158|5159|5160|3061|2014|2015|1983|1915|2392|2338|2339|3294|2340|3295|2341|3025,325|160|324|344,Carr. Chichimequillas/Río Papagayo,20.630950589043,-100.39103379332,10.070466058763932,34.74285714285714,7,True,26.870466058763938
1977,16.81666666666667,160.0,L59,19,3,1977|1976|5157|5158|5159|5160|3061|2014|2015|1983|1915|2392|2338|2339|3294|2340|3295|2341|3025,160|324|344,Río Hondo/Río Actopan,20.632698875133,-100.38782292922,14.03738095238095,29.35,7,True,30.85404761904762
5165,16.883333333333333,336.0,C46,20,3,5165|5166|5174|5167|2861|2862|2886|2887|2888|2889|3362|3363|4256|2338|2339|3294|2340|3295|2341|3025,336|350|344,Av. Paseo de la Constitución/Av. Peñuelas,20.625625622459,-100.4000689984,12.644407008086255,33.06666666666666,7,True,29.527740341419587
2195,16.966666666666665,376.0,T08,20,5,2195|2978|2201|4241|2310|2311|2312|2313|3283|5197|4143|3284|4256|2338|2339|3294|2340|3295|2341|3025,376|338|325|324|344,Ignacio Zaragoza/Telmex,20.583600540017,-100.40579200795,8.334285714285716,22.664285714285715,7,True,25.30095238095238
3172,16.983333333333334,349.0,C61,19,6,3172|2920|2921|2922|2923|2924|2984|2858|2859|2860|2220|2337|2338|2339|3294|2340|3295|2341|3025,349|354|325|351|375|344,Av. Revolución/Tomas Jeferson,20.615594,-100.436092,18.17098214285714,35.65714285714286,7,True,35.154315476190476
1999,17.0,325.0,C34,14,6,1999|1998|5196|1982|1983|1915|2392|2338|2339|3294|2340|3295|2341|3025,325|164|326|160|324|344,Prol. Corregidora Norte/Indios Verdes,20.625073507906,-100.38810407591,10.070466058763932,23.39761904761905,7,True,27.070466058763934
2979,17.03333333333333,255.0,T11,17,6,2979|2980|2981|3222|3538|3283|5197|4143|3284|4256|2338|2339|3294|2340|3295|2341|3025,255|355|323|348|324|344,Tlacote,20.58706617,-100.4125469,13.954024943310655,23.31904761904762,7,True,30.987358276643988
2222,17.066666666666666,96.0,C21,19,5,2222|2223|2224|2861|2862|2886|2887|2888|2889|3362|3363|4256|2338|2339|3294|2340|3295|2341|3025,96|371|336|350|344,Playa Roqueta,20.62232762,-100.4057846,14.653571428571428,25.833333333333332,7,True,31.720238095238095
1438,17.066666666666666,325.0,C34,21,3,1438|2537|1920|1921|4241|2310|2311|2312|2313|3283|5197|4143|3284|4256|2338|2339|3294|2340|3295|2341|3025,325|324|344,Escobedo,20.584872921105,-100.3917267937,10.070466058763932,23.495238095238097,7,True,27.137132725430597
2344,17.116666666666664,333.0,C42,20,5,2344|2345|1921|4241|2310|2311|2312|2313|3283|5197|4143|3284|4256|2338|2339|3294|2340|3295|2341|3025,333|336|325|324|344,Ezequiel Montes/Calle Francisco I. Madero,20.58997654,-100.3975753,2.5233333333333334,18.333333333333332,7,True,19.639999999999997
3282,17.133333333333333,349.0,C61,16,6,3282|3237|3222|3538|3283|5197|4143|3284|4256|2338|2339|3294|2340|3295|2341|3025,349|345|323|348|324|344,Benito Juárez/Uo Querétaro,20.59813916795,-100.42021550797,18.17098214285714,18.407142857142855,7,True,35.304315476190474
3084,17.166666666666664,345.0,C55,19,4,3084|3056|3057|3058|3059|3060|3061|2014|2015|1983|1915|2392|2338|2339|3294|2340|3295|2341|3025,345|160|324|344,Calle Torneros/Calle Obreros,20.63571339,-100.3966862,6.4323383084577115,33.02142857142857,7,True,23.599004975124377
1434,17.174999999999997,97.0,C22,19,4,1434|3297|4241|2310|2311|2312|2313|3283|5197|4143|3284|4256|2338|2339|3294|2340|3295|2341|3025,97|325|324|344,Constitución de 1917,20.578685986011,-100.40069151785,14.923809523809528,19.00714285714286,7,True,32.09880952380952
1995,17.200000000000003,325.0,C34,20,4,1995|5072|1976|5157|5158|5159|5160|3061|2014|2015|1983|1915|2392|2338|2339|3294|2340|3295|2341|3025,325|160|324|344,Carr. Chichimequillas/Río Guaymas,20.629252113957,-100.39052834487,10.070466058763932,32.61904761904761,7,True,27.270466058763937
3545,17.216666666666665,336.0,C46,21,3,3545|5165|5166|5174|5167|2861|2862|2886|2887|2888|2889|3362|3363|4256|2338|2339|3294|2340|3295|2341|3025,336|350|344,Av. Peñuelas/Av. Paseo de la Constitución,20.6245240959,-100.39984310626,12.644407008086255,33.85,7,True,29.86107367475292
2000,17.283333333333335,325.0,C34,15,6,2000|1999|1998|5196|1982|1983|1915|2392|2338|2339|3294|2340|3295|2341|3025,325|164|326|160|324|344,Prol. Corregidora Norte/Nogaleda,20.624235819299,-100.38901715174,10.070466058763932,25.461904761904766,7,True,27.353799392097265
1437,17.333333333333332,90.0,L51,20,6,1437|1440|3297|4241|2310|2311|2312|2313|3283|5197|4143|3284|4256|2338|2339|3294|2340|3295|2341|3025,90|360|97|325|324|344,Ezequiel Montes,20.583615,-100.395037,12.180137844611535,25.407142857142862,7,True,29.513471177944865
1980,17.333333333333336,160.0,L59,20,3,1980|1977|1976|5157|5158|5159|5160|3061|2014|2015|1983|1915|2392|2338|2339|3294|2340|3295|2341|3025,160|324|344,Río Cazones/Jacarandas,20.630486314673,-100.38788440376,14.03738095238095,30.26666666666667,7,True,31.370714285714286
1951,17.4,319.0,C24,12,4,1951|1952|3281|1915|2392|2338|2339|3294|2340|3295|2341|3025,319|160|324|344,Anillo Vial Fray Junípero Serra/Av. Paseo de la Constitución,20.617301917794,-100.38244767831,4.469736842105263,26.37380952380952,7,True,21.86973684210526
2881,17.416666666666664,336.0,C46,19,4,2881|2882|2883|2884|2885|2886|2887|2888|2889|3362|3363|4256|2338|2339|3294|2340|3295|2341|3025,336|371|350|344,Av. Cerro Sombrerete/Colinas de Oaxaca,20.63886,-100.415068,12.644407008086255,39.09047619047619,7,True,30.06107367475292
2919,17.45,341.0,C51,19,6,2919|2920|2921|2922|2923|2924|2984|2858|2859|2860|2220|2337|2338|2339|3294|2340|3295|2341|3025,341|354|325|351|375|344,Av. del Sol/Av. Revolución,20.6158863,-100.437803,17.251659451659453,33.36666666666667,7,True,34.70165945165945
3055,17.45,321.0,C27,19,5,3055|3056|3057|3058|3059|3060|3061|2014|2015|1983|1915|2392|2338|2339|3294|2340|3295|2341|3025,321|345|160|324|344,Calle Plateros/Calle Torneros,20.6360149,-100.3954822,7.660822510822512,31.804761904761904,7,True,25.110822510822512
3083,17.466666666666665,345.0,C55,20,4,3083|3084|3056|3057|3058|3059|3060|3061|2014|2015|1983|1915|2392|2338|2339|3294|2340|3295|2341|3025,345|160|324|344,Calle Torneros/Calle Herreros,20.63558673,-100.3977194,6.4323383084577115,33.22857142857143,7,True,23.899004975124377
1765,17.516666666666666,336.0,C46,20,5,1765|1766|2201|4241|2310|2311|2312|2313|3283|5197|4143|3284|4256|2338|2339|3294|2340|3295|2341|3025,336|338|325|324|344,Prol. Zaragoza/Odontología Uaq,20.58013267,-100.411317,12.644407008086255,22.380952380952383,7,True,30.16107367475292
3008,17.51666666666667,350.0,C62,20,7,3008|3172|2920|2921|2922|2923|2924|2984|2858|2859|2860|2220|2337|2338|2339|3294|2340|3295|2341|3025,350|349|354|325|351|375|344,Av. Revolución/5 de Mayo,20.61399855,-100.4360715,15.95847338935574,32.792857142857144,7,True,33.47514005602241
3355,17.533333333333335,351.0,C63,13,5,3355|2080|2859|2860|2220|2337|2338|2339|3294|2340|3295|2341|3025,351|358|325|375|344,Acceso 4/Av. 5 de Febrero,20.637477,-100.4302367,13.587362637362636,31.9,7,True,31.12069597069597
2997,17.566666666666666,345.0,C55,17,5,2997|2998|2999|3935|3490|3491|3773|3492|3284|4256|2338|2339|3294|2340|3295|2341|3025,345|342|380|324|344,Av. Revolución/Guadalupe Victoria,20.60377712,-100.4289949,6.4323383084577115,23.373809523809523,7,True,23.99900497512438
2329,17.566666666666666,350.0,C62,16,4,2329|2330|2331|2332|2333|2334|2335|2336|2337|2338|2339|3294|2340|3295|2341|3025,350|347|375|344,Costureras,20.64495754,-100.4050843,15.95847338935574,36.45952380952381,7,True,33.52514005602241
2009,17.616666666666667,336.0,C46,17,4,2009|2010|2011|2012|2013|2014|2015|1983|1915|2392|2338|2339|3294|2340|3295|2341|3025,336|160|324|344,Av. Tláloc/Parque Epigmenio González,20.627652872266,-100.40774808856,12.644407008086255,31.27857142857143,7,True,30.26107367475292
1975,17.616666666666667,326.0,C35,16,4,1975|1978|4113|1981|5196|1982|1983|1915|2392|2338|2339|3294|2340|3295|2341|3025,326|160|324|344,Carr. Chichimequillas/Río Candelaria,20.633547157337,-100.39088062552,10.968287740628165,29.202380952380953,7,True,28.58495440729483
3546,17.633333333333333,336.0,C46,22,3,3546|3545|5165|5166|5174|5167|2861|2862|2886|2887|2888|2889|3362|3363|4256|2338|2339|3294|2340|3295|2341|3025,336|350|344,Av. Peñuelas/Hi/Lex Mexicana,20.623175180155,-100.4001133186,12.644407008086255,36.52142857142857,7,True,30.277740341419587
1964,17.633333333333333,328.0,C37,13,5,1964|1951|1952|3281|1915|2392|2338|2339|3294|2340|3295|2341|3025,328|319|160|324|344,Anillo Vial Fray Junípero Serra/Av. Paseo de la Constitución,20.61767975,-100.3823511,11.631746031746033,27.957142857142856,7,True,29.265079365079366
2957,17.65,345.0,C55,18,7,2957|2681|3682|2981|3222|3538|3283|5197|4143|3284|4256|2338|2339|3294|2340|3295|2341|3025,345|325|355|323|348|324|344,Av. Universidad/Tecnológico Nacional de México Campus Ciidet,20.59613182,-100.4043636,6.4323383084577115,10.933333333333334,7,True,24.08233830845771
1439,17.7,90.0,L51,22,4,1439|1438|2537|1920|1921|4241|2310|2311|2312|2313|3283|5197|4143|3284|4256|2338|2339|3294|2340|3295|2341|3025,90|325|324|344,Alameda,20.586623063708,-100.3869311369,12.180137844611535,23.8,7,True,29.880137844611532
1979,17.750000000000004,160.0,L59,21,3,1979|1980|1977|1976|5157|5158|5159|5160|3061|2014|2015|1983|1915|2392|2338|2339|3294|2340|3295|2341|3025,160|324|344,Río Cazones/Guayaquil,20.630769360014,-100.38600963292,14.03738095238095,31.033333333333335,7,True,31.787380952380953
2074,17.76666666666667,374.0,T06,14,7,2074|2288|2080|2859|2860|2220|2337|2338|2339|3294|2340|3295|2341|3025,374|255|358|325|351|375|344,Corporativo,20.640941,-100.433775,20.628968253968253,38.62619047619047,7,True,38.39563492063492
2309,17.81666666666667,319.0,C24,21,5,2309|1919|1920|1921|4241|2310|2311|2312|2313|3283|5197|4143|3284|4256|2338|2339|3294|2340|3295|2341|3025,319|134|325|324|344,Alameda/Corregidora,20.587935805543,-100.38947399082,4.469736842105263,21.854761904761904,7,True,22.286403508771933
2343,17.9,333.0,C42,21,5,2343|2344|2345|1921|4241|2310|2311|2312|2313|3283|5197|4143|3284|4256|2338|2339|3294|2340|3295|2341|3025,333|336|325|324|344,Av. Universidad/Hidalgo,20.59240038,-100.3983805,2.5233333333333334,14.466666666666669,7,True,20.423333333333332
1764,17.916666666666664,336.0,C46,21,5,1764|1765|1766|2201|4241|2310|2311|2312|2313|3283|5197|4143|3284|4256|2338|2339|3294|2340|3295|2341|3025,336|338|325|324|344,Prol. Zaragoza/City Club,20.579773047757,-100.41271130433,12.644407008086255,22.99047619047619,7,True,30.56107367475292
2058,17.933333333333334,357.0,L112,12,6,2058|1811|3281|1915|2392|2338|2339|3294|2340|3295|2341|3025,357|347|319|160|324|344,Av. Corregidora Norte/Cecati 17,20.606377213034,-100.38764479646,0.9160714285714285,17.05,7,True,18.84940476190476
2001,17.950000000000003,325.0,C34,16,6,2001|2000|1999|1998|5196|1982|1983|1915|2392|2338|2339|3294|2340|3295|2341|3025,325|164|326|160|324|344,Prol. Corregidora Norte/Av. Paseo de la Constitución,20.621454798302,-100.39002930276,10.070466058763932,24.085714285714285,7,True,28.020466058763937
2579,18.01666666666667,354.0,C68,19,5,2579|2920|2921|2922|2923|2924|2984|2858|2859|2860|2220|2337|2338|2339|3294|2340|3295|2341|3025,354|325|351|375|344,Av. Revolución/Plaza Patio,20.6187046,-100.4384507,20.138253968253967,33.14523809523809,7,True,38.154920634920636
2053,18.05,164.0,L111,14,5,2053|1998|5196|1982|1983|1915|2392|2338|2339|3294|2340|3295|2341|3025,164|326|160|324|344,Calle Menchaca/Calle Latinoamericano,20.627676796402,-100.38357441433,14.083333333333332,31.05238095238095,7,True,32.13333333333333
2061,18.075,357.0,L112,13,6,2061|2058|1811|3281|1915|2392|2338|2339|3294|2340|3295|2341|3025,357|347|319|160|324|344,Av. Corregidora Norte/Harsco,20.606928173172,-100.387591833,0.9160714285714285,15.085714285714285,7,True,18.991071428571427
3082,18.116666666666664,345.0,C55,21,4,3082|3083|3084|3056|3057|3058|3059|3060|3061|2014|2015|1983|1915|2392|2338|2339|3294|2340|3295|2341|3025,345|160|324|344,Calle Torneros/Calle Electricistas,20.63528995,-100.3999434,6.4323383084577115,33.766666666666666,7,True,24.549004975124376
1433,18.124999999999996,90.0,L51,20,5,1433|1434|3297|4241|2310|2311|2312|2313|3283|5197|4143|3284|4256|2338|2339|3294|2340|3295|2341|3025,90|97|325|324|344,Plaza de Toros,20.572864944686,-100.40545758225,12.180137844611535,22.190476190476186,7,True,30.30513784461153
2880,18.18333333333333,336.0,C46,20,4,2880|2881|2882|2883|2884|2885|2886|2887|2888|2889|3362|3363|4256|2338|2339|3294|2340|3295|2341|3025,336|371|350|344,Av. Cerro Sombrerete/Plaza Portal,20.64121131,-100.4154323,12.644407008086255,39.219047619047615,7,True,30.827740341419585
3007,18.183333333333337,350.0,C62,21,7,3007|3008|3172|2920|2921|2922|2923|2924|2984|2858|2859|2860|2220|2337|2338|2339|3294|2340|3295|2341|3025,350|349|354|325|351|375|344,Av. Revolución/De la Luz,20.61201372,-100.4356282,15.95847338935574,31.22142857142857,7,True,34.141806722689076
4435,18.21666666666667,160.0,L59,22,3,4435|1979|1980|1977|1976|5157|5158|5159|5160|3061|2014|2015|1983|1915|2392|2338|2339|3294|2340|3295|2341|3025,160|324|344,Río Atoyac/Calle Río Cazones,20.63118182854,-100.38390311298,14.03738095238095,31.883333333333333,7,True,32.25404761904762
2996,18.25,345.0,C55,18,5,2996|2997|2998|2999|3935|3490|3491|3773|3492|3284|4256|2338|2339|3294|2340|3295|2341|3025,345|342|380|324|344,Av. Revolución/Calle Plata,20.6050372,-100.4305912,6.4323383084577115,24.13809523809524,7,True,24.682338308457712
2221,18.25,96.0,C21,20,5,2221|2222|2223|2224|2861|2862|2886|2887|2888|2889|3362|3363|4256|2338|2339|3294|2340|3295|2341|3025,96|371|336|350|344,Río Tuxpan,20.61926,-100.4048004,14.653571428571428,25.892857142857142,7,True,32.903571428571425
2002,18.250000000000004,325.0,C34,17,6,2002|2001|2000|1999|1998|5196|1982|1983|1915|2392|2338|2339|3294|2340|3295|2341|3025,325|164|326|160|324|344,Prol. Corregidora Norte/Av. Paseo de la Constitución,20.620118272634,-100.3900027977,10.070466058763932,20.81190476190476,7,True,28.320466058763934
2391,18.366666666666667,325.0,C34,17,5,2391|1975|1978|4113|1981|5196|1982|1983|1915|2392|2338|2339|3294|2340|3295|2341|3025,325|326|160|324|344,Carr. Chichimequillas/Río Suchíate,20.634345689936,-100.39323148439,10.070466058763932,30.688095238095237,7,True,28.4371327254306
3489,18.366666666666667,323.0,C31,14,7,3489|2288|2080|2859|2860|2220|2337|2338|2339|3294|2340|3295|2341|3025,323|255|358|325|351|375|344,Acceso 6/Av. 5 de Febrero,20.64291963,-100.4313167,9.342592592592592,39.345238095238095,7,True,27.70925925925926
1918,18.366666666666667,134.0,C26,21,4,1918|1919|1920|1921|4241|2310|2311|2312|2313|3283|5197|4143|3284|4256|2338|2339|3294|2340|3295|2341|3025,134|325|324|344,Vergara,20.58979,-100.38781,7.951547619047619,23.642857142857142,7,True,26.318214285714287
2643,18.383333333333336,358.0,L118,17,6,2643|2965|2966|2890|2984|2858|2859|2860|2220|2337|2338|2339|3294|2340|3295|2341|3025,358|350|325|351|375|344,Blvd. Bernardo Quintana/Parque Querétaro 2000 (Indereq),20.61722162,-100.3985691,14.601785714285713,30.650000000000002,7,True,32.98511904761905
4430,18.4,336.0,C46,22,5,4430|1764|1765|1766|2201|4241|2310|2311|2312|2313|3283|5197|4143|3284|4256|2338|2339|3294|2340|3295|2341|3025,336|338|325|324|344,Av. Prol. Zaragoza/Av. Hilario Frías y Soto,20.579435424622,-100.4144223002,12.644407008086255,23.688095238095237,7,True,31.044407008086253
2856,18.4,98.0,C23,23,5,2856|1439|1438|2537|1920|1921|4241|2310|2311|2312|2313|3283|5197|4143|3284|4256|2338|2339|3294|2340|3295|2341|3025,98|90|325|324|344,Av. Luis Pasteur Sur/Calle Jalisco,20.58799221,-100.3860359,10.844812925170071,24.566666666666663,7,True,29.24481292517007
2606,18.416666666666668,255.0,T11,14,6,2606|2288|2080|2859|2860|2220|2337|2338|2339|3294|2340|3295|2341|3025,255|358|325|351|375|344,Av. 5 de Febrero/Puente Jurica,20.64669301,-100.4314782,13.954024943310655,32.81666666666667,7,True,32.37069160997732
3081,18.466666666666665,345.0,C55,22,4,3081|3082|3083|3084|3056|3057|3058|3059|3060|3061|2014|2015|1983|1915|2392|2338|2339|3294|2340|3295|2341|3025,345|160|324|344,Av. Platón/Calle Torneros,20.63523842,-100.4011586,6.4323383084577115,34.31666666666667,7,True,24.899004975124377
1469,18.516666666666666,352.0,C64,23,5,1469|1439|1438|2537|1920|1921|4241|2310|2311|2312|2313|3283|5197|4143|3284|4256|2338|2339|3294|2340|3295|2341|3025,352|90|325|324|344,San Francisquito,20.586617,-100.382653,7.351785714285714,23.233333333333338,7,True,25.86845238095238
3118,18.55,346.0,C56,21,4,3118|5165|5166|5174|5167|2861|2862|2886|2887|2888|2889|3362|3363|4256|2338|2339|3294|2340|3295|2341|3025,346|336|350|344,Av. Peñuelas/Querétaro Park I,20.6297806,-100.3990237,12.254166666666665,34.07142857142857,7,True,30.804166666666667
2031,18.550000000000004,319.0,C24,22,5,2031|2309|1919|1920|1921|4241|2310|2311|2312|2313|3283|5197|4143|3284|4256|2338|2339|3294|2340|3295|2341|3025,319|134|325|324|344,Avenida Corregidora/Avenida Constituyentes,20.585538725373,-100.38853402681,4.469736842105263,22.554761904761904,7,True,23.019736842105267
2057,18.566666666666666,319.0,C24,13,6,2057|2058|1811|3281|1915|2392|2338|2339|3294|2340|3295|2341|3025,319|357|347|160|324|344,Av. Corregidora Norte/Calle Ignacio López Rayón,20.605173835818,-100.38962338281,4.469736842105263,17.75952380952381,7,True,23.03640350877193
3054,18.566666666666666,346.0,C56,20,6,3054|3055|3056|3057|3058|3059|3060|3061|2014|2015|1983|1915|2392|2338|2339|3294|2340|3295|2341|3025,346|321|345|160|324|344,Calle Plateros/Calle Cocineras,20.63882757,-100.3951005,12.254166666666665,32.766666666666666,7,True,30.820833333333333
3626,18.616666666666667,380.0,L154,18,5,3626|2997|2998|2999|3935|3490|3491|3773|3492|3284|4256|2338|2339|3294|2340|3295|2341|3025,380|345|342|324|344,Calle Platino/Av. Revolución,20.60455658,-100.4302566,6.252380952380951,25.07857142857143,7,True,24.869047619047617
1924,18.65,98.0,C23,21,7,1924|1437|1440|3297|4241|2310|2311|2312|2313|3283|5197|4143|3284|4256|2338|2339|3294|2340|3295|2341|3025,98|90|360|97|325|324|344,Ignacio Zaragoza/Ezequiel Montes,20.586463888889,-100.39668187025,10.844812925170071,21.333333333333336,7,True,29.49481292517007
1477,18.666666666666668,256.0,T12,20,6,1477|2978|2201|4241|2310|2311|2312|2313|3283|5197|4143|3284|4256|2338|2339|3294|2340|3295|2341|3025,256|376|338|325|324|344,Constitución de 1917,20.5792526773,-100.40065588896,7.936309523809525,28.295238095238094,7,True,26.60297619047619
1432,18.691666666666663,90.0,L51,21,5,1432|1433|1434|3297|4241|2310|2311|2312|2313|3283|5197|4143|3284|4256|2338|2339|3294|2340|3295|2341|3025,90|97|325|324|344,Jardines,20.569495072147,-100.40824828897,12.180137844611535,23.571428571428573,7,True,30.8718045112782
5210,18.716666666666665,345.0,C55,17,6,5210|3282|3237|3222|3538|3283|5197|4143|3284|4256|2338|2339|3294|2340|3295|2341|3025,345|349|323|348|324|344,Espuela del Ferrocarril/Calle Motul,20.601511427039,-100.42351580786,6.4323383084577115,24.23095238095238,7,True,25.149004975124377
1914,18.750000000000004,325.0,C34,18,6,1914|2002|2001|2000|1999|1998|5196|1982|1983|1915|2392|2338|2339|3294|2340|3295|2341|3025,325|164|326|160|324|344,Prol. Corregidora Norte/Morera,20.617912203412,-100.3899551967,10.070466058763932,20.757142857142856,7,True,28.820466058763934
2204,18.750000000000004,347.0,C57,13,6,2204|3280|4447|3281|1915|2392|2338|2339|3294|2340|3295|2341|3025,347|379|319|160|324|344,Blvd. Bernardo Quintana/Calle de la Peñita Ote.,20.60004134,-100.3753248,9.672023809523807,20.11428571428571,7,True,28.42202380952381
2604,18.76666666666667,323.0,C31,15,7,2604|2606|2288|2080|2859|2860|2220|2337|2338|2339|3294|2340|3295|2341|3025,323|255|358|325|351|375|344,Av. 5 de Febrero/Acceso A,20.646052916685,-100.43075040559,9.342592592592592,36.28333333333333,7,True,28.10925925925926
2060,18.775,357.0,L112,14,6,2060|2061|2058|1811|3281|1915|2392|2338|2339|3294|2340|3295|2341|3025,357|347|319|160|324|344,Av. Corregidora Norte/Plaza Dorada,20.609791056611,-100.38699020071,0.9160714285714285,16.464285714285715,7,True,19.691071428571426
2672,18.78333333333333,338.0,C48,19,4,2672|2201|4241|2310|2311|2312|2313|3283|5197|4143|3284|4256|2338|2339|3294|2340|3295|2341|3025,338|325|324|344,Blvd. de Las Américas/Costa Rica,20.57240213,-100.4047726,10.371949404761907,22.623809523809523,7,True,29.155282738095238
1767,18.791666666666664,256.0,T12,20,5,1767|1434|3297|4241|2310|2311|2312|2313|3283|5197|4143|3284|4256|2338|2339|3294|2340|3295|2341|3025,256|97|325|324|344,Hospital General/Paseo 5 de Febrero,20.580031791579,-100.4057036974,7.936309523809525,25.035714285714285,7,True,26.72797619047619
2390,18.833333333333332,325.0,C34,18,5,2390|2391|1975|1978|4113|1981|5196|1982|1983|1915|2392|2338|2339|3294|2340|3295|2341|3025,325|326|160|324|344,Carr. Chichimequillas/Torneros,20.635610103914,-100.39400969373,10.070466058763932,31.404761904761905,7,True,28.903799392097262
3080,18.849999999999998,345.0,C55,23,4,3080|3081|3082|3083|3084|3056|3057|3058|3059|3060|3061|2014|2015|1983|1915|2392|2338|2339|3294|2340|3295|2341|3025,345|160|324|344,Av. Platón/Calle Mecánicos,20.63645035,-100.400966,6.4323383084577115,34.9,7,True,25.28233830845771
3006,18.86666666666667,350.0,C62,22,7,3006|3007|3008|3172|2920|2921|2922|2923|2924|2984|2858|2859|2860|2220|2337|2338|2339|3294|2340|3295|2341|3025,350|349|354|325|351|375|344,Av. Revolución/Narciso Mendoza,20.61007959,-100.4347735,15.95847338935574,30.657142857142855,7,True,34.82514005602241
2680,18.883333333333333,345.0,C55,19,7,2680|2957|2681|3682|2981|3222|3538|3283|5197|4143|3284|4256|2338|2339|3294|2340|3295|2341|3025,345|325|355|323|348|324|344,Av. Universidad/Calle Ezequiel Montes,20.59689889,-100.4001549,6.4323383084577115,7.333333333333333,7,True,25.315671641791045
1967,18.9,319.0,C24,14,5,1967|1964|1951|1952|3281|1915|2392|2338|2339|3294|2340|3295|2341|3025,319|328|160|324|344,Paseo de la Constitución/Balcones Coloniales,20.613759888701,-100.38003659607,4.469736842105263,30.192857142857147,7,True,23.36973684210526
2229,18.9,350.0,C62,17,4,2229|2329|2330|2331|2332|2333|2334|2335|2336|2337|2338|2339|3294|2340|3295|2341|3025,350|347|375|344,Deportivo,20.64899655,-100.4043675,15.95847338935574,38.90952380952381,7,True,34.85847338935574
2342,18.916666666666664,333.0,C42,22,5,2342|2343|2344|2345|1921|4241|2310|2311|2312|2313|3283|5197|4143|3284|4256|2338|2339|3294|2340|3295|2341|3025,333|336|325|324|344,Ezequiel Montes/Mariano Escobedo,20.59558055,-100.3993576,2.5233333333333334,9.416666666666666,7,True,21.439999999999998
1436,18.991666666666664,338.0,C48,22,6,1436|1432|1433|1434|3297|4241|2310|2311|2312|2313|3283|5197|4143|3284|4256|2338|2339|3294|2340|3295|2341|3025,338|90|97|325|324|344,Jardines,20.570235158914,-100.40812665466,10.371949404761907,25.33809523809524,7,True,29.36361607142857
3290,19.0,332.0,C41,15,7,3290|2606|2288|2080|2859|2860|2220|2337|2338|2339|3294|2340|3295|2341|3025,332|255|358|325|351|375|344,Acceso A/Av. 5 de Febrero,20.64644235,-100.4300111,18.327551020408162,36.6,7,True,37.327551020408166
2189,19.066666666666666,163.0,L110,14,7,2189|2288|2080|2859|2860|2220|2337|2338|2339|3294|2340|3295|2341|3025,163|255|358|325|351|375|344,Blvd. de la Nación/Taquiños,20.64472573061,-100.42772844599,20.71468253968254,54.892857142857146,7,True,39.781349206349205
1879,19.1,134.0,C26,22,4,1879|1918|1919|1920|1921|4241|2310|2311|2312|2313|3283|5197|4143|3284|4256|2338|2339|3294|2340|3295|2341|3025,134|325|324|344,Ignacio Zaragoza/Dr. Lucio,20.590734003313,-100.38526826234,7.951547619047619,26.84047619047619,7,True,27.05154761904762
2024,19.116666666666664,376.0,T08,24,6,2024|2856|1439|1438|2537|1920|1921|4241|2310|2311|2312|2313|3283|5197|4143|3284|4256|2338|2339|3294|2340|3295|2341|3025,376|98|90|325|324|344,Prol. Luis Pasteur/Centro Educativo Manuel Gomez,20.585698741389,-100.38521892816,8.334285714285716,25.73333333333333,7,True,27.45095238095238
1974,19.116666666666667,160.0,L59,23,3,1974|4435|1979|1980|1977|1976|5157|5158|5159|5160|3061|2014|2015|1983|1915|2392|2338|2339|3294|2340|3295|2341|3025,160|324|344,Río Yaqui/Ficus,20.634643343357,-100.38582097976,14.03738095238095,33.36666666666667,7,True,33.15404761904762
3678,19.11666666666667,163.0,L110,15,8,3678|2074|2288|2080|2859|2860|2220|2337|2338|2339|3294|2340|3295|2341|3025,163|374|255|358|325|351|375|344,Acceso Iii/Acceso 4,20.635575776124,-100.43639318692,20.71468253968254,41.61428571428571,7,True,39.83134920634921
2243,19.166666666666668,349.0,C61,19,6,2243|2996|2997|2998|2999|3935|3490|3491|3773|3492|3284|4256|2338|2339|3294|2340|3295|2341|3025,349|345|342|380|324|344,Av. Revolución/Aurrera,20.60639586,-100.4327647,18.17098214285714,26.59047619047619,7,True,37.33764880952381
2735,19.166666666666668,255.0,T11,15,6,2735|2606|2288|2080|2859|2860|2220|2337|2338|2339|3294|2340|3295|2341|3025,255|358|325|351|375|344,Paseo de la República/Superama,20.64979347,-100.4318367,13.954024943310655,34.0,7,True,33.12069160997732
2315,19.28333333333333,333.0,C42,23,5,2315|2342|2343|2344|2345|1921|4241|2310|2311|2312|2313|3283|5197|4143|3284|4256|2338|2339|3294|2340|3295|2341|3025,333|336|325|324|344,Av. Universidad/San Andrés,20.59623573,-100.400419,2.5233333333333334,8.983333333333333,7,True,21.806666666666665
3117,19.283333333333335,346.0,C56,22,4,3117|3118|5165|5166|5174|5167|2861|2862|2886|2887|2888|2889|3362|3363|4256|2338|2339|3294|2340|3295|2341|3025,346|336|350|344,Calle Jardíneros/Av. Peñuelas,20.63164956,-100.3987861,12.254166666666665,33.857142857142854,7,True,31.5375
2030,19.28333333333334,319.0,C24,23,5,2030|2031|2309|1919|1920|1921|4241|2310|2311|2312|2313|3283|5197|4143|3284|4256|2338|2339|3294|2340|3295|2341|3025,319|134|325|324|344,Prol. Corregidora Sur/ C. Wenceslao Sánchez,20.5831303,-100.3876044,4.469736842105263,23.673809523809524,7,True,23.7530701754386
1966,19.316666666666666,319.0,C24,15,5,1966|1967|1964|1951|1952|3281|1915|2392|2338|2339|3294|2340|3295|2341|3025,319|328|160|324|344,Paseo de la Constitución/Balcones Vista Hermosa,20.612610873712,-100.37908000345,4.469736842105263,28.73809523809524,7,True,23.78640350877193
2522,19.349999999999998,323.0,C31,22,6,2522|2343|2344|2345|1921|4241|2310|2311|2312|2313|3283|5197|4143|3284|4256|2338|2339|3294|2340|3295|2341|3025,323|333|336|325|324|344,Miguel Hidalgo/Ignacio Pérez,20.591573603724,-100.40197816756,9.342592592592592,18.15,7,True,28.69259259259259
3053,19.35,346.0,C56,21,6,3053|3054|3055|3056|3057|3058|3059|3060|3061|2014|2015|1983|1915|2392|2338|2339|3294|2340|3295|2341|3025,346|321|345|160|324|344,Calle Plateros/Calle Panaderos,20.64077182,-100.3955451,12.254166666666665,33.78333333333333,7,True,31.604166666666664
3005,19.350000000000005,350.0,C62,23,7,3005|3006|3007|3008|3172|2920|2921|2922|2923|2924|2984|2858|2859|2860|2220|2337|2338|2339|3294|2340|3295|2341|3025,350|349|354|325|351|375|344,Av. Revolución/Prol. 18 de Marzo,20.60866464,-100.4343164,15.95847338935574,29.376190476190477,7,True,35.30847338935575
2008,19.400000000000002,346.0,C56,18,5,2008|2009|2010|2011|2012|2013|2014|2015|1983|1915|2392|2338|2339|3294|2340|3295|2341|3025,346|336|160|324|344,Av. Cerro Sombrerete/Preparatoria Norte Uaq,20.62651907539,-100.41245224031,12.254166666666665,19.816666666666663,7,True,31.65416666666667
3354,19.416666666666668,351.0,C63,14,5,3354|3355|2080|2859|2860|2220|2337|2338|2339|3294|2340|3295|2341|3025,351|358|325|375|344,Acceso 4/Acceso Iii,20.6352818,-100.4349016,13.587362637362636,38.61190476190477,7,True,33.0040293040293
5296,19.45,323.0,C31,15,7,5296|3489|2288|2080|2859|2860|2220|2337|2338|2339|3294|2340|3295|2341|3025,323|255|358|325|351|375|344,Acceso 6/Issste Satélite,20.642849937381,-100.43409942979,9.342592592592592,43.94761904761905,7,True,28.79259259259259
2004,19.450000000000003,325.0,C34,19,6,2004|1914|2002|2001|2000|1999|1998|5196|1982|1983|1915|2392|2338|2339|3294|2340|3295|2341|3025,325|164|326|160|324|344,Prol. Corregidora Norte/Plaza del Parque,20.614834704893,-100.39019928036,10.070466058763932,19.769047619047623,7,True,29.520466058763937
2602,19.48333333333333,353.0,C65,17,6,2602|4253|3237|3222|3538|3283|5197|4143|3284|4256|2338|2339|3294|2340|3295|2341|3025,353|345|323|348|324|344,Calle Hacienda San Juan/Calle Oceáno Indico,20.5944155,-100.4249161,7.696130952380956,25.385714285714283,7,True,27.179464285714285
2379,19.483333333333338,160.0,L59,19,6,2379|1914|2002|2001|2000|1999|1998|5196|1982|1983|1915|2392|2338|2339|3294|2340|3295|2341|3025,160|325|164|326|324|344,Prol. Corregidora Norte/Plaza del Parque (Bahía I),20.61509645963,-100.38992910952,14.03738095238095,20.302380952380954,7,True,33.52071428571429
2578,19.51666666666667,342.0,C52,20,6,2578|2579|2920|2921|2922|2923|2924|2984|2858|2859|2860|2220|2337|2338|2339|3294|2340|3295|2341|3025,342|354|325|351|375|344,Av. del Tempano/Av. Laguna,20.62173623,-100.4411861,9.03374741200828,34.01904761904762,7,True,28.550414078674947
2394,19.53333333333333,345.0,C55,20,7,2394|2680|2957|2681|3682|2981|3222|3538|3283|5197|4143|3284|4256|2338|2339|3294|2340|3295|2341|3025,345|325|355|323|348|324|344,Av. Universidad/Calle Nicolás Bravo,20.59797668,-100.3982517,6.4323383084577115,8.9,7,True,25.965671641791044
5193,19.549999999999997,343.0,C53,23,6,5193|2342|2343|2344|2345|1921|4241|2310|2311|2312|2313|3283|5197|4143|3284|4256|2338|2339|3294|2340|3295|2341|3025,343|333|336|325|324|344,San Agustín del Retablo/Estio,20.597155987139,-100.40001379128,8.926388888888889,6.916666666666667,7,True,28.476388888888884
3079,19.549999999999997,345.0,C55,24,4,3079|3080|3081|3082|3083|3084|3056|3057|3058|3059|3060|3061|2014|2015|1983|1915|2392|2338|2339|3294|2340|3295|2341|3025,345|160|324|344,Av. Platón/Calle Cocineras,20.63872539,-100.4007591,6.4323383084577115,35.81666666666667,7,True,25.98233830845771
1959,19.583333333333332,319.0,C24,16,5,1959|1966|1967|1964|1951|1952|3281|1915|2392|2338|2339|3294|2340|3295|2341|3025,319|328|160|324|344,Balcones de la Colina/Balcones de Bellavista,20.611747018506,-100.37886298637,4.469736842105263,27.8,7,True,24.053070175438595
1923,19.616666666666664,134.0,C26,22,8,1923|1924|1437|1440|3297|4241|2310|2311|2312|2313|3283|5197|4143|3284|4256|2338|2339|3294|2340|3295|2341|3025,134|98|90|360|97|325|324|344,Ignacio Zaragoza/Ignacio Perez,20.585446759438,-100.39968092471,7.951547619047619,20.364285714285717,7,True,27.568214285714284
2056,19.616666666666667,319.0,C24,14,6,2056|2057|2058|1811|3281|1915|2392|2338|2339|3294|2340|3295|2341|3025,319|357|347|160|324|344,Cerrito/Corregidora Norte,20.602803469916,-100.392638232,4.469736842105263,14.302380952380952,7,True,24.08640350877193
1470,19.633333333333333,352.0,C64,24,5,1470|1469|1439|1438|2537|1920|1921|4241|2310|2311|2312|2313|3283|5197|4143|3284|4256|2338|2339|3294|2340|3295|2341|3025,352|90|325|324|344,Auditorio,20.586777,-100.376851,7.351785714285714,24.76666666666667,7,True,26.985119047619047
2954,19.633333333333336,326.0,C35,23,5,2954|1879|1918|1919|1920|1921|4241|2310|2311|2312|2313|3283|5197|4143|3284|4256|2338|2339|3294|2340|3295|2341|3025,326|134|325|324|344,Calle Manuel Acuña/Av. 20 de Noviembre,20.59221846,-100.3843739,10.968287740628165,27.721428571428568,7,True,30.601621073961503
2918,19.65,341.0,C51,20,6,2918|2919|2920|2921|2922|2923|2924|2984|2858|2859|2860|2220|2337|2338|2339|3294|2340|3295|2341|3025,341|354|325|351|375|344,Prol. Bernardo Quintana/Cangrejo,20.61573784,-100.4437881,17.251659451659453,38.75714285714286,7,True,36.901659451659455
2071,19.666666666666664,336.0,C46,21,4,2071|2880|2881|2882|2883|2884|2885|2886|2887|2888|2889|3362|3363|4256|2338|2339|3294|2340|3295|2341|3025,336|371|350|344,Praxedis,20.645719014228,-100.41621223462,12.644407008086255,40.89761904761905,7,True,32.31107367475292
2191,19.70833333333333,90.0,L51,23,6,2191|1436|1432|1433|1434|3297|4241|2310|2311|2312|2313|3283|5197|4143|3284|4256|2338|2339|3294|2340|3295|2341|3025,90|338|97|325|324|344,Plaza de Toros,20.574612667898,-100.40455977625,12.180137844611535,28.511904761904763,7,True,31.888471177944865
2734,19.71666666666667,255.0,T11,16,6,2734|2735|2606|2288|2080|2859|2860|2220|2337|2338|2339|3294|2340|3295|2341|3025,255|358|325|351|375|344,Av. 5 de Febrero/Condumex,20.652064850618,-100.43208266018,13.954024943310655,34.916666666666664,7,True,33.670691609977325
1884,19.750000000000004,347.0,C57,14,6,1884|2204|3280|4447|3281|1915|2392|2338|2339|3294|2340|3295|2341|3025,347|379|319|160|324|344,Bernardo Quintana/Calz. de Los Arcos,20.597343572806,-100.37252488222,9.672023809523807,25.66190476190476,7,True,29.42202380952381
4242,19.750000000000004,358.0,L118,18,6,4242|2643|2965|2966|2890|2984|2858|2859|2860|2220|2337|2338|2339|3294|2340|3295|2341|3025,358|350|325|351|375|344,Blvd. Bernardo Quintana/Parque Querétaro 2000 (Indereq),20.61693779438,-100.39352020853,14.601785714285713,26.323809523809526,7,True,34.35178571428572
2589,19.76666666666667,351.0,C63,13,6,2589|3280|4447|3281|1915|2392|2338|2339|3294|2340|3295|2341|3025,351|379|319|160|324|344,Av. Universidad/Instituto la Paz,20.60020214,-100.3776984,13.587362637362636,20.997619047619047,7,True,33.354029304029304
3511,19.81666666666667,163.0,L110,16,8,3511|3678|2074|2288|2080|2859|2860|2220|2337|2338|2339|3294|2340|3295|2341|3025,163|374|255|358|325|351|375|344,Acceso 4/Distrito Querétaro,20.63620782,-100.4332265,20.71468253968254,36.85952380952381,7,True,40.531349206349205
2995,19.833333333333336,349.0,C61,20,6,2995|2243|2996|2997|2998|2999|3935|3490|3491|3773|3492|3284|4256|2338|2339|3294|2340|3295|2341|3025,349|345|342|380|324|344,Av. Revolución/Ex Hacienda Tintero,20.60782282,-100.4339375,18.17098214285714,27.809523809523807,7,True,38.00431547619048
3314,19.858333333333334,327.0,C36,14,7,3314|2061|2058|1811|3281|1915|2392|2338|2339|3294|2340|3295|2341|3025,327|357|347|319|160|324|344,Calle Circuito Jardín/Calle Pasto,20.609139853179,-100.38471426043,13.399999999999997,20.56904761904762,7,True,33.25833333333333
3569,19.916666666666664,333.0,C42,23,6,3569|4430|1764|1765|1766|2201|4241|2310|2311|2312|2313|3283|5197|4143|3284|4256|2338|2339|3294|2340|3295|2341|3025,333|336|338|325|324|344,Prol. Pino Suárez/Del Pueblito,20.5826702,-100.4184031,2.5233333333333334,24.666666666666668,7,True,22.439999999999998
3052,19.916666666666668,346.0,C56,22,6,3052|3053|3054|3055|3056|3057|3058|3059|3060|3061|2014|2015|1983|1915|2392|2338|2339|3294|2340|3295|2341|3025,346|321|345|160|324|344,Calle Plateros/Calle Mineros,20.64221733,-100.3957433,12.254166666666665,34.56666666666667,7,True,32.170833333333334
2321,19.933333333333334,375.0,T07,21,6,2321|2221|2222|2223|2224|2861|2862|2886|2887|2888|2889|3362|3363|4256|2338|2339|3294|2340|3295|2341|3025,375|96|371|336|350|344,Prol. Ezequiel Montes/Office Max,20.61628902,-100.4031971,10.563690476190475,22.49761904761905,7,True,30.49702380952381
3376,19.950000000000003,160.0,L59,20,6,3376|2379|1914|2002|2001|2000|1999|1998|5196|1982|1983|1915|2392|2338|2339|3294|2340|3295|2341|3025,160|325|164|326|324|344,Epigmenio González/Manufactura,20.6134247,-100.3907127,14.03738095238095,22.857142857142858,7,True,33.98738095238095
5229,19.983333333333334,374.0,T06,20,6,5229|2978|2201|4241|2310|2311|2312|2313|3283|5197|4143|3284|4256|2338|2339|3294|2340|3295|2341|3025,374|376|338|325|324|344,Lateral Carr. Federal 57/Calle Reforma Agraria,20.57529187607,-100.39632100984,20.628968253968253,28.833333333333336,7,True,40.61230158730159
2200,20.0,336.0,C46,23,5,2200|4430|1764|1765|1766|2201|4241|2310|2311|2312|2313|3283|5197|4143|3284|4256|2338|2339|3294|2340|3295|2341|3025,336|338|325|324|344,Prol. Av. Zaragoza/Hacienda Vegil,20.5740986,-100.4152541,12.644407008086255,30.895238095238092,7,True,32.644407008086255
1306,20.00833333333333,90.0,L51,22,5,1306|1432|1433|1434|3297|4241|2310|2311|2312|2313|3283|5197|4143|3284|4256|2338|2339|3294|2340|3295|2341|3025,90|97|325|324|344,El Pocito,20.561447965259,-100.41484626886,12.180137844611535,27.428571428571434,7,True,32.18847117794486
2810,20.016666666666666,364.0,L159,14,7,2810|2288|2080|2859|2860|2220|2337|2338|2339|3294|2340|3295|2341|3025,364|255|358|325|351|375|344,Paseo Jurica/Tabachines,20.64829306,-100.4352509,24.902380952380952,41.273809523809526,7,True,44.91904761904762
2023,20.03333333333333,386.0,AIQ01,25,7,2023|2024|2856|1439|1438|2537|1920|1921|4241|2310|2311|2312|2313|3283|5197|4143|3284|4256|2338|2339|3294|2340|3295|2341|3025,386|376|98|90|325|324|344,Prol. Luis Pasteur/Jose Antonio Bustamanete,20.58248883756,-100.38398500747,7.0632653061224495,27.3,7,True,27.09659863945578
2029,20.03333333333334,319.0,C24,24,5,2029|2030|2031|2309|1919|1920|1921|4241|2310|2311|2312|2313|3283|5197|4143|3284|4256|2338|2339|3294|2340|3295|2341|3025,319|134|325|324|344,Corregidora/Fray F. Galindo,20.5806849,-100.3866671,4.469736842105263,24.28333333333333,7,True,24.5030701754386
3004,20.03333333333334,350.0,C62,24,7,3004|3005|3006|3007|3008|3172|2920|2921|2922|2923|2924|2984|2858|2859|2860|2220|2337|2338|2339|3294|2340|3295|2341|3025,350|349|354|325|351|375|344,Av. Revolución/Calle Artículo 123,20.60692932,-100.4330791,15.95847338935574,27.51904761904762,7,True,35.99180672268908
3078,20.049999999999997,345.0,C55,25,4,3078|3079|3080|3081|3082|3083|3084|3056|3057|3058|3059|3060|3061|2014|2015|1983|1915|2392|2338|2339|3294|2340|3295|2341|3025,345|160|324|344,Av. Eurípides/Av. Platón,20.64031712,-100.4008598,6.4323383084577115,36.516666666666666,7,True,26.48233830845771
3475,20.066666666666666,345.0,C55,19,5,3475|2996|2997|2998|2999|3935|3490|3491|3773|3492|3284|4256|2338|2339|3294|2340|3295|2341|3025,345|342|380|324|344,Vía Lactea/Primaria Belisario Domínguez,20.60505836,-100.436244,6.4323383084577115,24.466666666666665,7,True,26.49900497512438
1881,20.083333333333336,369.0,L62,23,5,1881|1879|1918|1919|1920|1921|4241|2310|2311|2312|2313|3283|5197|4143|3284|4256|2338|2339|3294|2340|3295|2341|3025,369|134|325|324|344,Ignacio Zaragoza/Insurgentes Queretanos,20.5915098,-100.3815527,10.925892857142854,27.557142857142857,7,True,31.00922619047619
3340,20.1,374.0,T06,15,7,3340|2074|2288|2080|2859|2860|2220|2337|2338|2339|3294|2340|3295|2341|3025,374|255|358|325|351|375|344,Av. Pirineos/Acceso Iii,20.643005039307,-100.44151529791,20.628968253968253,45.30238095238095,7,True,40.728968253968254
2082,20.100000000000005,370.0,T02,15,7,2082|1884|2204|3280|4447|3281|1915|2392|2338|2339|3294|2340|3295|2341|3025,370|347|379|319|160|324|344,Calzada de Los Arcos/Bernardo Quintana,20.597525195274,-100.37141491627,11.796949404761907,28.5,7,True,31.896949404761912
2052,20.116666666666667,164.0,L111,15,5,2052|2053|1998|5196|1982|1983|1915|2392|2338|2339|3294|2340|3295|2341|3025,164|326|160|324|344,Calle Menchaca/Las Flores,20.628924779695,-100.381010412,14.083333333333332,34.226190476190474,7,True,34.2
1973,20.116666666666667,160.0,L59,24,3,1973|1974|4435|1979|1980|1977|1976|5157|5158|5159|5160|3061|2014|2015|1983|1915|2392|2338|2339|3294|2340|3295|2341|3025,160|324|344,Río Yaqui/Prol. Euripides,20.638088181942,-100.38297754767,14.03738095238095,35.0,7,True,34.15404761904762
2389,20.166666666666664,325.0,C34,19,5,2389|2390|2391|1975|1978|4113|1981|5196|1982|1983|1915|2392|2338|2339|3294|2340|3295|2341|3025,325|326|160|324|344,Carr. Querétaro/Chichimequillas/Cima,20.639750669182,-100.39355467309,10.070466058763932,32.45,7,True,30.237132725430598
3095,20.166666666666668,325.0,C34,20,6,3095|2004|1914|2002|2001|2000|1999|1998|5196|1982|1983|1915|2392|2338|2339|3294|2340|3295|2341|3025,325|164|326|160|324|344,Blvd. Bernardo Quintana/Costco Wholesale,20.61629565,-100.3932403,10.070466058763932,21.15952380952381,7,True,30.237132725430598
2267,20.166666666666668,255.0,T11,16,7,2267|2604|2606|2288|2080|2859|2860|2220|2337|2338|2339|3294|2340|3295|2341|3025,255|323|358|325|351|375|344,5 de Febrero/Acceso 3,20.639561596006,-100.42986267526,13.954024943310655,33.28333333333333,7,True,34.12069160997732
2524,20.183333333333334,139.0,C32,22,8,2524|1924|1437|1440|3297|4241|2310|2311|2312|2313|3283|5197|4143|3284|4256|2338|2339|3294|2340|3295|2341|3025,139|98|90|360|97|325|324|344,Ignacio Pérez/Av. Ignacio Zaragoza,20.586041,-100.399755,0.0,19.98095238095238,7,True,20.183333333333334
2752,20.183333333333334,245.0,C58,15,8,2752|2189|2288|2080|2859|2860|2220|2337|2338|2339|3294|2340|3295|2341|3025,245|163|255|358|325|351|375|344,Palma,20.64804774,-100.4269802,23.286796536796537,53.65714285714286,7,True,43.47012987012987
3116,20.183333333333334,346.0,C56,23,4,3116|3117|3118|5165|5166|5174|5167|2861|2862|2886|2887|2888|2889|3362|3363|4256|2338|2339|3294|2340|3295|2341|3025,346|336|350|344,Calle Jardíneros/Calle Electricistas,20.63188681,-100.401215,12.254166666666665,35.24523809523809,7,True,32.4375
2393,20.28333333333333,345.0,C55,21,7,2393|2394|2680|2957|2681|3682|2981|3222|3538|3283|5197|4143|3284|4256|2338|2339|3294|2340|3295|2341|3025,345|325|355|323|348|324|344,Av. Universidad/Calle Emiliano Carranza,20.59820852,-100.395666,6.4323383084577115,9.70238095238095,7,True,26.715671641791044
3289,20.316666666666666,332.0,C41,16,7,3289|3290|2606|2288|2080|2859|2860|2220|2337|2338|2339|3294|2340|3295|2341|3025,332|255|358|325|351|375|344,Acceso C/Acceso B,20.64935727,-100.4286049,18.327551020408162,42.05238095238095,7,True,38.64421768707483
2228,20.333333333333332,336.0,C46,18,5,2228|2229|2329|2330|2331|2332|2333|2334|2335|2336|2337|2338|2339|3294|2340|3295|2341|3025,336|350|347|375|344,Patria,20.65335575,-100.4035937,12.644407008086255,40.94761904761905,7,True,32.97774034141959
1901,20.350000000000005,370.0,T02,16,7,1901|2082|1884|2204|3280|4447|3281|1915|2392|2338|2339|3294|2340|3295|2341|3025,370|347|379|319|160|324|344,Calz. de Los Arcos/Bernardo Quintana,20.59688,-100.37181,11.796949404761907,27.195238095238096,7,True,32.14694940476191
2314,20.383333333333333,319.0,C24,24,6,2314|2315|2342|2343|2344|2345|1921|4241|2310|2311|2312|2313|3283|5197|4143|3284|4256|2338|2339|3294|2340|3295|2341|3025,319|333|336|325|324|344,Av. Universidad/Itq,20.59573778,-100.4045384,4.469736842105263,10.521428571428572,7,True,24.853070175438596
2032,20.4,386.0,AIQ01,26,7,2032|2023|2024|2856|1439|1438|2537|1920|1921|4241|2310|2311|2312|2313|3283|5197|4143|3284|4256|2338|2339|3294|2340|3295|2341|3025,386|376|98|90|325|324|344,Prol. Luis Pasteur/1ra Calle del Laurel,20.581210342497,-100.38349773657,7.0632653061224495,28.00714285714286,7,True,27.463265306122448
1471,20.433333333333334,352.0,C64,25,5,1471|1470|1469|1439|1438|2537|1920|1921|4241|2310|2311|2312|2313|3283|5197|4143|3284|4256|2338|2339|3294|2340|3295|2341|3025,352|90|325|324|344,Ejercito Republicano,20.587451,-100.372731,7.351785714285714,25.621428571428574,7,True,27.785119047619048
3510,20.433333333333337,163.0,L110,17,8,3510|3511|3678|2074|2288|2080|2859|2860|2220|2337|2338|2339|3294|2340|3295|2341|3025,163|374|255|358|325|351|375|344,Acceso 4/Av. 5 de Febrero,20.63741043,-100.43064,20.71468253968254,32.266666666666666,7,True,41.14801587301588
2963,20.466666666666665,319.0,C24,17,5,2963|1959|1966|1967|1964|1951|1952|3281|1915|2392|2338|2339|3294|2340|3295|2341|3025,319|328|160|324|344,Blvd. Bernardo Quintana/Paseo de la Colina,20.61059858,-100.3819239,4.469736842105263,20.00714285714286,7,True,24.936403508771928
1922,20.48333333333333,134.0,C26,23,8,1922|1923|1924|1437|1440|3297|4241|2310|2311|2312|2313|3283|5197|4143|3284|4256|2338|2339|3294|2340|3295|2341|3025,134|98|90|360|97|325|324|344,Ignacio Zaragoza/Tecnologico,20.584491148286,-100.40237715444,7.951547619047619,19.01666666666667,7,True,28.43488095238095
3263,20.499999999999996,343.0,C53,24,6,3263|5193|2342|2343|2344|2345|1921|4241|2310|2311|2312|2313|3283|5197|4143|3284|4256|2338|2339|3294|2340|3295|2341|3025,343|333|336|325|324|344,San Agustín del Retablo/Salvador Galván,20.59716437,-100.4026996,8.926388888888889,6.65,7,True,29.426388888888887
2055,20.5,319.0,C24,15,6,2055|2056|2057|2058|1811|3281|1915|2392|2338|2339|3294|2340|3295|2341|3025,319|357|347|160|324|344,Av. Corregidora Norte/Calle Primavera,20.599871208817,-100.39373576885,4.469736842105263,12.154761904761907,7,True,24.969736842105263
2007,20.500000000000004,339.0,C49,19,6,2007|2008|2009|2010|2011|2012|2013|2014|2015|1983|1915|2392|2338|2339|3294|2340|3295|2341|3025,339|346|336|160|324|344,Av. Cerro Sombrerete/Unidad de Medicina No. 15,20.623709347251,-100.41179502706,10.83714285714286,18.95,7,True,31.337142857142865
3132,20.53333333333333,341.0,C51,21,6,3132|2918|2919|2920|2921|2922|2923|2924|2984|2858|2859|2860|2220|2337|2338|2339|3294|2340|3295|2341|3025,341|354|325|351|375|344,Alfa Centauro/Prol. Bernardo Quintana,20.6159718,-100.4461484,17.251659451659453,44.23095238095238,7,True,37.78499278499278
3170,20.533333333333335,342.0,C52,21,6,3170|2578|2579|2920|2921|2922|2923|2924|2984|2858|2859|2860|2220|2337|2338|2339|3294|2340|3295|2341|3025,342|354|325|351|375|344,Av. Revolución/Berlín,20.62426832,-100.4421715,9.03374741200828,35.3,7,True,29.567080745341613
2953,20.550000000000004,326.0,C35,24,5,2953|2954|1879|1918|1919|1920|1921|4241|2310|2311|2312|2313|3283|5197|4143|3284|4256|2338|2339|3294|2340|3295|2341|3025,326|134|325|324|344,Calle Manuel Gutiérrez Nájera/Calle 5 de Mayo,20.59492053,-100.3855932,10.968287740628165,21.645238095238096,7,True,31.518287740628168
3236,20.566666666666663,353.0,C65,18,6,3236|2602|4253|3237|3222|3538|3283|5197|4143|3284|4256|2338|2339|3294|2340|3295|2341|3025,353|345|323|348|324|344,Hacienda San José/Calle Mar de Tazmania,20.59443112,-100.4268955,7.696130952380956,27.064285714285713,7,True,28.262797619047618
2187,20.566666666666663,336.0,C46,22,4,2187|2071|2880|2881|2882|2883|2884|2885|2886|2887|2888|2889|3362|3363|4256|2338|2339|3294|2340|3295|2341|3025,336|371|350|344,Cobaq,20.64843695,-100.415749,12.644407008086255,43.56666666666667,7,True,33.21107367475292
2265,20.566666666666666,374.0,T06,21,6,2265|5229|2978|2201|4241|2310|2311|2312|2313|3283|5197|4143|3284|4256|2338|2339|3294|2340|3295|2341|3025,374|376|338|325|324|344,Lateral Carr. Federal 57/Roque Rubio,20.575699,-100.394279,20.628968253968253,32.352380952380955,7,True,41.195634920634916
1830,20.633333333333333,342.0,C52,18,5,1830|2229|2329|2330|2331|2332|2333|2334|2335|2336|2337|2338|2339|3294|2340|3295|2341|3025,342|350|347|375|344,la Raza,20.652783885524,-100.40243122708,9.03374741200828,41.733333333333334,7,True,29.667080745341615
2028,20.66666666666667,319.0,C24,25,5,2028|2029|2030|2031|2309|1919|1920|1921|4241|2310|2311|2312|2313|3283|5197|4143|3284|4256|2338|2339|3294|2340|3295|2341|3025,319|134|325|324|344,Corregidora Sur/José Sotelo,20.578618858421,-100.38583872773,4.469736842105263,24.133333333333333,7,True,25.136403508771934
2917,20.683333333333334,377.0,T09,21,7,2917|2918|2919|2920|2921|2922|2923|2924|2984|2858|2859|2860|2220|2337|2338|2339|3294|2340|3295|2341|3025,377|341|354|325|351|375|344,Prol. Bernardo Quintana/Alfa Centauro,20.616059891349,-100.44639197216,23.949319727891154,44.40238095238095,7,True,44.63265306122449
2611,20.683333333333337,245.0,C58,15,8,2611|2074|2288|2080|2859|2860|2220|2337|2338|2339|3294|2340|3295|2341|3025,245|374|255|358|325|351|375|344,Vesubio,20.64000256,-100.4434424,23.286796536796537,43.554761904761904,7,True,43.970129870129874
1900,20.700000000000006,369.0,L62,17,8,1900|1901|2082|1884|2204|3280|4447|3281|1915|2392|2338|2339|3294|2340|3295|2341|3025,369|370|347|379|319|160|324|344,Calzada de Los Arcos/Bernardo Quintana,20.59612148541,-100.37291083121,10.925892857142854,29.014285714285716,7,True,31.62589285714286
2064,20.716666666666665,342.0,C52,16,7,2064|2055|2056|2057|2058|1811|3281|1915|2392|2338|2339|3294|2340|3295|2341|3025,342|319|357|347|160|324|344,Av. Corregidora Norte/Av. Universidad,20.599336576579,-100.39392597365,9.03374741200828,12.545238095238094,7,True,29.750414078674943
4100,20.733333333333334,356.0,L108,20,6,4100|1766|2201|4241|2310|2311|2312|2313|3283|5197|4143|3284|4256|2338|2339|3294|2340|3295|2341|3025,356|336|338|325|324|344,Las Torres,20.585835574472,-100.41257870457,7.281428571428572,24.023809523809522,7,True,28.014761904761905
3353,20.76666666666667,351.0,C63,15,5,3353|3354|3355|2080|2859|2860|2220|2337|2338|2339|3294|2340|3295|2341|3025,351|358|325|375|344,Acceso 4/Ecko,20.63376434,-100.438225,13.587362637362636,40.15238095238095,7,True,34.354029304029304
2642,20.76666666666667,358.0,L118,19,6,2642|4242|2643|2965|2966|2890|2984|2858|2859|2860|2220|2337|2338|2339|3294|2340|3295|2341|3025,358|350|325|351|375|344,Prol. Corregidora Norte/Plaza del Parque (Bahía Iii),20.615658725334,-100.38998983931,14.601785714285713,18.785714285714285,7,True,35.368452380952384
2552,20.783333333333335,326.0,C35,16,7,2552|2055|2056|2057|2058|1811|3281|1915|2392|2338|2339|3294|2340|3295|2341|3025,326|319|357|347|160|324|344,Av. Universidad/Hospital Sagrado Corazón de Jesús,20.59905128,-100.393487,10.968287740628165,10.254761904761905,7,True,31.751621073961502
2044,20.783333333333335,160.0,L59,25,3,2044|1973|1974|4435|1979|1980|1977|1976|5157|5158|5159|5160|3061|2014|2015|1983|1915|2392|2338|2339|3294|2340|3295|2341|3025,160|324|344,Río Moctezuma/Cedro,20.638539307663,-100.38600932566,14.03738095238095,41.31190476190476,7,True,34.82071428571429
3051,20.8,346.0,C56,23,6,3051|3052|3053|3054|3055|3056|3057|3058|3059|3060|3061|2014|2015|1983|1915|2392|2338|2339|3294|2340|3295|2341|3025,346|321|345|160|324|344,Calle Plateros/Calle Berilo,20.64446172,-100.3953967,12.254166666666665,35.7,7,True,33.05416666666667
5180,20.816666666666663,338.0,C48,20,4,5180|2672|2201|4241|2310|2311|2312|2313|3283|5197|4143|3284|4256|2338|2339|3294|2340|3295|2341|3025,338|325|324|344,Calle 59/Av. 12,20.566902864663,-100.40007070857,10.371949404761907,30.933333333333337,7,True,31.18861607142857
1763,20.816666666666666,336.0,C46,24,5,1763|2200|4430|1764|1765|1766|2201|4241|2310|2311|2312|2313|3283|5197|4143|3284|4256|2338|2339|3294|2340|3295|2341|3025,336|338|325|324|344,Prol. Zaragoza/Hacienda Escolásticas,20.571329354558,-100.41507975546,12.644407008086255,31.34047619047619,7,True,33.461073674752924
5192,20.833333333333332,323.0,C31,23,6,5192|2522|2343|2344|2345|1921|4241|2310|2311|2312|2313|3283|5197|4143|3284|4256|2338|2339|3294|2340|3295|2341|3025,323|333|336|325|324|344,G. Garfias/Facultad de Artes (Uaq),20.590811877003,-100.40570559136,9.342592592592592,14.707142857142857,7,True,30.175925925925924
2219,20.849999999999998,386.0,AIQ01,27,7,2219|2032|2023|2024|2856|1439|1438|2537|1920|1921|4241|2310|2311|2312|2313|3283|5197|4143|3284|4256|2338|2339|3294|2340|3295|2341|3025,386|376|98|90|325|324|344,Prol. Luis Pasteur/Palenque,20.579655788488,-100.38290965332,7.0632653061224495,28.914285714285715,7,True,27.913265306122447
2451,20.933333333333334,325.0,C34,26,5,2451|1471|1470|1469|1439|1438|2537|1920|1921|4241|2310|2311|2312|2313|3283|5197|4143|3284|4256|2338|2339|3294|2340|3295|2341|3025,325|352|90|324|344,Av. Cimatario/Constituyentes,20.586619722597,-100.37492801215,10.070466058763932,28.802380952380954,7,True,31.003799392097264
1305,20.95833333333333,90.0,L51,23,5,1305|1306|1432|1433|1434|3297|4241|2310|2311|2312|2313|3283|5197|4143|3284|4256|2338|2339|3294|2340|3295|2341|3025,90|97|325|324|344,Deportivo,20.555694483731,-100.41961630112,12.180137844611535,30.25238095238095,7,True,33.138471177944865
3422,20.96666666666667,340.0,C50,21,7,3422|2578|2579|2920|2921|2922|2923|2924|2984|2858|2859|2860|2220|2337|2338|2339|3294|2340|3295|2341|3025,340|342|354|325|351|375|344,Av. Laguna/Av. Lagos,20.62172608,-100.4445939,21.20068027210884,39.09285714285714,7,True,42.16734693877551
3474,20.983333333333334,345.0,C55,20,5,3474|3475|2996|2997|2998|2999|3935|3490|3491|3773|3492|3284|4256|2338|2339|3294|2340|3295|2341|3025,345|342|380|324|344,Vía Lactea/Calle Chubasco,20.60438217,-100.438956,6.4323383084577115,25.55,7,True,27.415671641791047
3003,20.983333333333338,350.0,C62,25,7,3003|3004|3005|3006|3007|3008|3172|2920|2921|2922|2923|2924|2984|2858|2859|2860|2220|2337|2338|2339|3294|2340|3295|2341|3025,350|349|354|325|351|375|344,Av. Revolución/De la Magdalena,20.605158,-100.43061666667,15.95847338935574,24.13809523809524,7,True,36.94180672268908
3568,21.016666666666666,333.0,C42,24,6,3568|3569|4430|1764|1765|1766|2201|4241|2310|2311|2312|2313|3283|5197|4143|3284|4256|2338|2339|3294|2340|3295|2341|3025,333|336|338|325|324|344,Prol. Pino Suárez/Jardín Ejido Modelo,20.58201396,-100.4221638,2.5233333333333334,25.966666666666665,7,True,23.54
2994,21.033333333333335,349.0,C61,21,6,2994|2995|2243|2996|2997|2998|2999|3935|3490|3491|3773|3492|3284|4256|2338|2339|3294|2340|3295|2341|3025,349|345|342|380|324|344,Av. Revolución/Alfonso Reyes,20.61078032,-100.4353057,18.17098214285714,29.42142857142857,7,True,39.20431547619047
3625,21.033333333333335,380.0,L154,19,5,3625|3626|2997|2998|2999|3935|3490|3491|3773|3492|3284|4256|2338|2339|3294|2340|3295|2341|3025,380|345|342|324|344,Calle Platino/Calle Gota,20.60374513,-100.4336326,6.252380952380951,28.66904761904762,7,True,27.285714285714285
3115,21.05,346.0,C56,24,4,3115|3116|3117|3118|5165|5166|5174|5167|2861|2862|2886|2887|2888|2889|3362|3363|4256|2338|2339|3294|2340|3295|2341|3025,346|336|350|344,Av. Platón/Calle Técnicos,20.63408205,-100.4013818,12.254166666666665,36.02142857142857,7,True,33.30416666666667
3077,21.083333333333332,345.0,C55,26,4,3077|3078|3079|3080|3081|3082|3083|3084|3056|3057|3058|3059|3060|3061|2014|2015|1983|1915|2392|2338|2339|3294|2340|3295|2341|3025,345|160|324|344,Av. Eurípides/Calle Circuito Eurípides,20.64079808,-100.4044408,6.4323383084577115,37.85952380952381,7,True,27.515671641791045
2809,21.099999999999998,364.0,L159,15,7,2809|2810|2288|2080|2859|2860|2220|2337|2338|2339|3294|2340|3295|2341|3025,364|255|358|325|351|375|344,Paseo Jurica/Bahía Xii,20.65050312,-100.4378647,24.902380952380952,44.43809523809524,7,True,46.002380952380946
1472,21.116666666666667,352.0,C64,26,5,1472|1471|1470|1469|1439|1438|2537|1920|1921|4241|2310|2311|2312|2313|3283|5197|4143|3284|4256|2338|2339|3294|2340|3295|2341|3025,352|90|325|324|344,Carretas,20.588051,-100.369241,7.351785714285714,26.91904761904762,7,True,28.46845238095238
1882,21.11666666666667,369.0,L62,24,5,1882|1881|1879|1918|1919|1920|1921|4241|2310|2311|2312|2313|3283|5197|4143|3284|4256|2338|2339|3294|2340|3295|2341|3025,369|134|325|324|344,Calz. de Los Arcos/Notaría Pública 4,20.592850267804,-100.37782767496,10.925892857142854,25.776190476190475,7,True,32.04255952380952
2879,21.133333333333333,245.0,C58,19,6,2879|2228|2229|2329|2330|2331|2332|2333|2334|2335|2336|2337|2338|2339|3294|2340|3295|2341|3025,245|336|350|347|375|344,de la Concordia/Del Pueblo,20.65551271,-100.4023795,23.286796536796537,44.635714285714286,7,True,44.42012987012987
3063,21.166666666666664,334.0,C43,22,5,3063|2071|2880|2881|2882|2883|2884|2885|2886|2887|2888|2889|3362|3363|4256|2338|2339|3294|2340|3295|2341|3025,334|336|371|350|344,Calle 6/Calle 19,20.64530889,-100.4197123,12.461666666666664,44.81904761904762,7,True,33.62833333333333
3224,21.216666666666665,355.0,C69,25,7,3224|2314|2315|2342|2343|2344|2345|1921|4241|2310|2311|2312|2313|3283|5197|4143|3284|4256|2338|2339|3294|2340|3295|2341|3025,355|319|333|336|325|324|344,Río Ayutla/Av. Tecnológico,20.59546946,-100.4072638,0.1952380952380953,12.592857142857143,7,True,21.41190476190476
1762,21.216666666666665,336.0,C46,25,5,1762|1763|2200|4430|1764|1765|1766|2201|4241|2310|2311|2312|2313|3283|5197|4143|3284|4256|2338|2339|3294|2340|3295|2341|3025,336|338|325|324|344,Prol. Zaragoza/Paseo de Las Plazas,20.569997332138,-100.41499627584,12.644407008086255,32.38333333333333,7,True,33.861073674752916
2043,21.21666666666667,160.0,L59,26,3,2043|2044|1973|1974|4435|1979|1980|1977|1976|5157|5158|5159|5160|3061|2014|2015|1983|1915|2392|2338|2339|3294|2340|3295|2341|3025,160|324|344,Río Querétaro/Nogal,20.640080495079,-100.38493478526,14.03738095238095,43.904761904761905,7,True,35.25404761904762
3050,21.25,346.0,C56,24,6,3050|3051|3052|3053|3054|3055|3056|3057|3058|3059|3060|3061|2014|2015|1983|1915|2392|2338|2339|3294|2340|3295|2341|3025,346|321|345|160|324|344,Calle Plateros/Calle Diamante,20.64560493,-100.3952821,12.254166666666665,36.707142857142856,7,True,33.50416666666666
1905,21.250000000000004,369.0,L62,16,8,1905|2082|1884|2204|3280|4447|3281|1915|2392|2338|2339|3294|2340|3295|2341|3025,369|370|347|379|319|160|324|344,Av. Hércules Poniente/Calle de Las Delicias,20.600821822971,-100.36866941897,10.925892857142854,30.24047619047619,7,True,32.175892857142856
5070,21.266666666666662,343.0,C53,25,6,5070|3263|5193|2342|2343|2344|2345|1921|4241|2310|2311|2312|2313|3283|5197|4143|3284|4256|2338|2339|3294|2340|3295|2341|3025,343|333|336|325|324|344,San Agustín del Retablo,20.59737550726,-100.40484280263,8.926388888888889,8.116666666666665,7,True,30.193055555555553
2378,21.266666666666666,319.0,C24,16,6,2378|2055|2056|2057|2058|1811|3281|1915|2392|2338|2339|3294|2340|3295|2341|3025,319|357|347|160|324|344,Av. Universidad/Auditorio Arteaga,20.59772505,-100.3954912,4.469736842105263,13.1,7,True,25.73640350877193
1950,21.266666666666666,319.0,C24,13,4,1950|1951|1952|3281|1915|2392|2338|2339|3294|2340|3295|2341|3025,319|160|324|344,Anillo Vial Fray Junípero Serra/Misión Concá,20.625714450809,-100.37436319208,4.469736842105263,29.98333333333333,7,True,25.73640350877193
2453,21.26666666666667,134.0,C26,24,5,2453|1881|1879|1918|1919|1920|1921|4241|2310|2311|2312|2313|3283|5197|4143|3284|4256|2338|2339|3294|2340|3295|2341|3025,134|369|325|324|344,Independencia/Capuchinas,20.591751165759,-100.37717618681,7.951547619047619,25.352380952380948,7,True,29.21821428571429
3114,21.28333333333334,346.0,C56,20,6,3114|2007|2008|2009|2010|2011|2012|2013|2014|2015|1983|1915|2392|2338|2339|3294|2340|3295|2341|3025,346|339|336|160|324|344,Playa Mocambo/Parque Playa Mocambo,20.62363218,-100.4096741,12.254166666666665,21.816666666666663,7,True,33.5375
2676,21.316666666666666,325.0,C34,21,6,2676|3095|2004|1914|2002|2001|2000|1999|1998|5196|1982|1983|1915|2392|2338|2339|3294|2340|3295|2341|3025,325|164|326|160|324|344,Blvd. Bernardo Quintana/Walmart,20.61645174,-100.3987187,10.070466058763932,23.23095238095238,7,True,31.387132725430597
3473,21.35,345.0,C55,21,5,3473|3474|3475|2996|2997|2998|2999|3935|3490|3491|3773|3492|3284|4256|2338|2339|3294|2340|3295|2341|3025,345|342|380|324|344,Calle Literatura/Calle Santa Sofía,20.60468161,-100.4400306,6.4323383084577115,26.083333333333332,7,True,27.782338308457714
2536,21.366666666666667,324.0,C33,26,3,2536|2044|1973|1974|4435|1979|1980|1977|1976|5157|5158|5159|5160|3061|2014|2015|1983|1915|2392|2338|2339|3294|2340|3295|2341|3025,324|160|344,Río Mayo/Actopan,20.63762479313,-100.38744774724,14.674867724867724,41.64047619047619,7,True,36.04153439153439
2081,21.36666666666667,347.0,C57,15,6,2081|1884|2204|3280|4447|3281|1915|2392|2338|2339|3294|2340|3295|2341|3025,347|379|319|160|324|344,Boulevard Bernardo Quintana/Calle Paso Loma Dorada,20.592868053563,-100.36813782605,9.672023809523807,30.880952380952383,7,True,31.038690476190478
3931,21.383333333333333,341.0,C51,22,6,3931|3132|2918|2919|2920|2921|2922|2923|2924|2984|2858|2859|2860|2220|2337|2338|2339|3294|2340|3295|2341|3025,341|354|325|351|375|344,Alfa Centauro/Betelgeuse,20.613833576949,-100.44645676086,17.251659451659453,37.85952380952381,7,True,38.63499278499279
3375,21.383333333333336,160.0,L59,21,6,3375|3376|2379|1914|2002|2001|2000|1999|1998|5196|1982|1983|1915|2392|2338|2339|3294|2340|3295|2341|3025,160|325|164|326|324|344,Epigmenio González/Telmex,20.6128283,-100.396658,14.03738095238095,13.983333333333333,7,True,35.42071428571428
2549,21.400000000000002,329.0,C38,14,7,2549|2589|3280|4447|3281|1915|2392|2338|2339|3294|2340|3295|2341|3025,329|351|379|319|160|324|344,Calle Mariano Arista/Priv. del Sol,20.598408152958,-100.38099663743,3.139880952380952,21.654761904761905,7,True,24.539880952380955
2916,21.45,377.0,T09,22,7,2916|2917|2918|2919|2920|2921|2922|2923|2924|2984|2858|2859|2860|2220|2337|2338|2339|3294|2340|3295|2341|3025,377|341|354|325|351|375|344,Prol. Bernardo Quintana/Vía Láctea,20.61631246,-100.4483097,23.949319727891154,48.16666666666667,7,True,45.399319727891154
2059,21.483333333333338,319.0,C24,20,7,2059|2379|1914|2002|2001|2000|1999|1998|5196|1982|1983|1915|2392|2338|2339|3294|2340|3295|2341|3025,319|160|325|164|326|324|344,Álamos/Prol. Corregidora Norte,20.608976703065,-100.38613757064,4.469736842105263,19.547619047619047,7,True,25.9530701754386
2558,21.500000000000004,326.0,C35,25,5,2558|2953|2954|1879|1918|1919|1920|1921|4241|2310|2311|2312|2313|3283|5197|4143|3284|4256|2338|2339|3294|2340|3295|2341|3025,326|134|325|324|344,Manuel Gutiérrez Nájera/Waldos,20.597879647899,-100.38642251324,10.968287740628165,17.428571428571427,7,True,32.46828774062817
2186,21.533333333333328,336.0,C46,23,4,2186|2187|2071|2880|2881|2882|2883|2884|2885|2886|2887|2888|2889|3362|3363|4256|2338|2339|3294|2340|3295|2341|3025,336|371|350|344,Av. Belén/Puente de San Miguel,20.648871182892,-100.41261346971,12.644407008086255,43.240476190476194,7,True,34.17774034141958
2577,21.533333333333335,342.0,C52,22,6,2577|3170|2578|2579|2920|2921|2922|2923|2924|2984|2858|2859|2860|2220|2337|2338|2339|3294|2340|3295|2341|3025,342|354|325|351|375|344,Av. del Tempano/Verona,20.62687329,-100.4427263,9.03374741200828,36.25238095238095,7,True,30.567080745341613
3062,21.549999999999997,345.0,C55,23,6,3062|3063|2071|2880|2881|2882|2883|2884|2885|2886|2887|2888|2889|3362|3363|4256|2338|2339|3294|2340|3295|2341|3025,345|334|336|371|350|344,Calle 13/Calle 8,20.64546633,-100.4210197,6.4323383084577115,45.43095238095238,7,True,27.98233830845771
2042,21.55,160.0,L59,27,3,2042|2043|2044|1973|1974|4435|1979|1980|1977|1976|5157|5158|5159|5160|3061|2014|2015|1983|1915|2392|2338|2339|3294|2340|3295|2341|3025,160|324|344,Río Querétaro/Calle 14,20.641484029566,-100.3846000422,14.03738095238095,46.09047619047619,7,True,35.587380952380954
2308,21.56666666666667,319.0,C24,26,5,2308|2028|2029|2030|2031|2309|1919|1920|1921|4241|2310|2311|2312|2313|3283|5197|4143|3284|4256|2338|2339|3294|2340|3295|2341|3025,319|134|325|324|344,Corregidora/Luis M Vega y Monroy,20.575667879351,-100.38470466348,4.469736842105263,25.857142857142858,7,True,26.036403508771933
3105,21.599999999999998,345.0,C55,27,4,3105|3077|3078|3079|3080|3081|3082|3083|3084|3056|3057|3058|3059|3060|3061|2014|2015|1983|1915|2392|2338|2339|3294|2340|3295|2341|3025,345|160|324|344,Blvd. de la Nación/Av. Pie de la Cuesta,20.64097019,-100.4062282,6.4323383084577115,37.36904761904761,7,True,28.03233830845771
3002,21.61666666666667,345.0,C55,26,8,3002|3003|3004|3005|3006|3007|3008|3172|2920|2921|2922|2923|2924|2984|2858|2859|2860|2220|2337|2338|2339|3294|2340|3295|2341|3025,345|350|349|354|325|351|375|344,Av. Revolución/Calle Prol. Santa Monica,20.603876225816,-100.42891498025,6.4323383084577115,23.373809523809523,7,True,28.049004975124383
2733,21.633333333333336,255.0,T11,17,6,2733|2734|2735|2606|2288|2080|2859|2860|2220|2337|2338|2339|3294|2340|3295|2341|3025,255|358|325|351|375|344,5 de Febrero/Palma Cocotera,20.66008096,-100.4329861,13.954024943310655,37.7,7,True,35.58735827664399
2388,21.65,325.0,C34,20,5,2388|2389|2390|2391|1975|1978|4113|1981|5196|1982|1983|1915|2392|2338|2339|3294|2340|3295|2341|3025,325|326|160|324|344,Carr. Chichimequillas/Belén,20.64430816643,-100.39271143675,10.070466058763932,34.56904761904762,7,True,31.720466058763932
1972,21.650000000000002,326.0,C35,25,4,1972|1973|1974|4435|1979|1980|1977|1976|5157|5158|5159|5160|3061|2014|2015|1983|1915|2392|2338|2339|3294|2340|3295|2341|3025,326|160|324|344,Av. Paseo de Las Moras/Prol. Euripides,20.638335076061,-100.37768909094,10.968287740628165,36.833333333333336,7,True,32.61828774062817
2610,21.650000000000002,245.0,C58,16,8,2610|2611|2074|2288|2080|2859|2860|2220|2337|2338|2339|3294|2340|3295|2341|3025,245|374|255|358|325|351|375|344,Cascada,20.63892683,-100.4463985,23.286796536796537,45.34523809523809,7,True,44.936796536796535
2419,21.666666666666664,319.0,C24,21,5,2419|5180|2672|2201|4241|2310|2311|2312|2313|3283|5197|4143|3284|4256|2338|2339|3294|2340|3295|2341|3025,319|338|325|324|344,Blvd. de Las Américas/Calle José Ma. Lozano,20.56395233,-100.4000577,4.469736842105263,26.699999999999996,7,True,26.136403508771927
2588,21.666666666666668,351.0,C63,14,6,2588|2589|3280|4447|3281|1915|2392|2338|2339|3294|2340|3295|2341|3025,351|379|319|160|324|344,Av. Universidad/Instituto Querétaro,20.60095054,-100.382755,13.587362637362636,17.05952380952381,7,True,35.2540293040293
5191,21.683333333333334,323.0,C31,24,6,5191|5192|2522|2343|2344|2345|1921|4241|2310|2311|2312|2313|3283|5197|4143|3284|4256|2338|2339|3294|2340|3295|2341|3025,323|333|336|325|324|344,Universidad/Cerro de Las Campanas,20.59188044274,-100.40753258295,9.342592592592592,18.47142857142857,7,True,31.025925925925925
2454,21.733333333333334,326.0,C35,25,6,2454|2453|1881|1879|1918|1919|1920|1921|4241|2310|2311|2312|2313|3283|5197|4143|3284|4256|2338|2339|3294|2340|3295|2341|3025,326|134|369|325|324|344,Ejército Republicano/12b,20.591644063671,-100.37865890173,10.968287740628165,25.816666666666666,7,True,32.7016210739615
2450,21.75,325.0,C34,27,5,2450|2451|1471|1470|1469|1439|1438|2537|1920|1921|4241|2310|2311|2312|2313|3283|5197|4143|3284|4256|2338|2339|3294|2340|3295|2341|3025,325|352|90|324|344,Av Cimatario/Ingenieros,20.5830514,-100.3742962,10.070466058763932,35.47857142857143,7,True,31.820466058763934
1899,21.750000000000007,369.0,L62,18,8,1899|1900|1901|2082|1884|2204|3280|4447|3281|1915|2392|2338|2339|3294|2340|3295|2341|3025,369|370|347|379|319|160|324|344,Calzada de Los Arcos/Av. Plateros,20.593638454284,-100.37628647905,10.925892857142854,28.357142857142858,7,True,32.67589285714286
2483,21.78333333333333,350.0,C62,19,5,2483|2228|2229|2329|2330|2331|2332|2333|2334|2335|2336|2337|2338|2339|3294|2340|3295|2341|3025,350|336|347|375|344,Democracia,20.65774891,-100.4028093,15.95847338935574,42.36666666666667,7,True,37.74180672268907
2993,21.783333333333335,342.0,C52,22,6,2993|2994|2995|2243|2996|2997|2998|2999|3935|3490|3491|3773|3492|3284|4256|2338|2339|3294|2340|3295|2341|3025,342|349|345|380|324|344,Av. Revolución/Fracc. El Arco,20.61269862,-100.4359055,9.03374741200828,30.07857142857143,7,True,30.817080745341613
3031,21.8,346.0,C56,25,6,3031|3050|3051|3052|3053|3054|3055|3056|3057|3058|3059|3060|3061|2014|2015|1983|1915|2392|2338|2339|3294|2340|3295|2341|3025,346|321|345|160|324|344,Av. Belén/Calle Plateros,20.64701223,-100.3951898,12.254166666666665,36.32380952380952,7,True,34.05416666666667
2616,21.816666666666666,356.0,L108,21,6,2616|4100|1766|2201|4241|2310|2311|2312|2313|3283|5197|4143|3284|4256|2338|2339|3294|2340|3295|2341|3025,356|336|338|325|324|344,Carr. Tlacote/Av. de Las Torres,20.58645248,-100.4141889,7.281428571428572,25.023809523809522,7,True,29.09809523809524
1304,21.824999999999996,90.0,L51,24,5,1304|1305|1306|1432|1433|1434|3297|4241|2310|2311|2312|2313|3283|5197|4143|3284|4256|2338|2339|3294|2340|3295|2341|3025,90|97|325|324|344,Tejeda,20.550430606221,-100.42388883063,12.180137844611535,32.83095238095238,7,True,34.00513784461153
2956,21.85,345.0,C55,17,8,2956|2552|2055|2056|2057|2058|1811|3281|1915|2392|2338|2339|3294|2340|3295|2341|3025,345|326|319|357|347|160|324|344,Av. Universidad/Calle Ignacio López Rayón,20.59876706,-100.3897758,6.4323383084577115,11.607142857142858,7,True,28.282338308457714
2287,21.866666666666667,374.0,T06,16,7,2287|3340|2074|2288|2080|2859|2860|2220|2337|2338|2339|3294|2340|3295|2341|3025,374|255|358|325|351|375|344,Av. Pirineos/Etna,20.64254134,-100.447541,20.628968253968253,50.21666666666666,7,True,42.49563492063492
3109,21.866666666666667,346.0,C56,25,4,3109|3115|3116|3117|3118|5165|5166|5174|5167|2861|2862|2886|2887|2888|2889|3362|3363|4256|2338|2339|3294|2340|3295|2341|3025,346|336|350|344,Calle Torneros/Calle Electricistas,20.63540827,-100.3996724,12.254166666666665,33.766666666666666,7,True,34.12083333333333
2878,21.866666666666667,245.0,C58,20,6,2878|2879|2228|2229|2329|2330|2331|2332|2333|2334|2335|2336|2337|2338|2339|3294|2340|3295|2341|3025,245|336|350|347|375|344,Calle Santiago de Querétaro/Santiago del Oeste,20.65512233,-100.4000474,23.286796536796537,45.64047619047619,7,True,45.153463203463204
4124,21.883333333333336,160.0,L59,22,6,4124|3375|3376|2379|1914|2002|2001|2000|1999|1998|5196|1982|1983|1915|2392|2338|2339|3294|2340|3295|2341|3025,160|325|164|326|324|344,Calle Invierno/Cedis Telcel Querétaro,20.610954309153,-100.39696211572,14.03738095238095,14.1,7,True,35.92071428571428
5303,21.916666666666668,350.0,C62,21,7,5303|2578|2579|2920|2921|2922|2923|2924|2984|2858|2859|2860|2220|2337|2338|2339|3294|2340|3295|2341|3025,350|342|354|325|351|375|344,Calle Dublín/Calle Mares,20.622401983034,-100.4473822,15.95847338935574,44.30238095238095,7,True,37.87514005602241
3262,21.93333333333333,343.0,C53,26,6,3262|5070|3263|5193|2342|2343|2344|2345|1921|4241|2310|2311|2312|2313|3283|5197|4143|3284|4256|2338|2339|3294|2340|3295|2341|3025,343|333|336|325|324|344,José Amilcar Vidal/San Agustín del Retablo,20.59778014,-100.4066642,8.926388888888889,9.4,7,True,30.859722222222217
3288,21.933333333333334,332.0,C41,17,7,3288|3289|3290|2606|2288|2080|2859|2860|2220|2337|2338|2339|3294|2340|3295|2341|3025,332|255|358|325|351|375|344,Calle 2/Acceso C,20.65317728,-100.4295128,18.327551020408162,40.38333333333333,7,True,40.260884353741496
1894,21.933333333333337,369.0,L62,17,8,1894|1905|2082|1884|2204|3280|4447|3281|1915|2392|2338|2339|3294|2340|3295|2341|3025,369|370|347|379|319|160|324|344,Av. Hércules Poniente/Del Deporte,20.60194664624,-100.36631993012,10.925892857142854,38.476190476190474,7,True,32.85922619047619
1883,21.950000000000003,369.0,L62,25,5,1883|1882|1881|1879|1918|1919|1920|1921|4241|2310|2311|2312|2313|3283|5197|4143|3284|4256|2338|2339|3294|2340|3295|2341|3025,369|134|325|324|344,Calz. de Los Arcos/Rodríguez Familiar,20.5946968,-100.3753213,10.925892857142854,31.202380952380953,7,True,32.87589285714286
3711,21.98333333333333,319.0,C24,18,5,3711|2963|1959|1966|1967|1964|1951|1952|3281|1915|2392|2338|2339|3294|2340|3295|2341|3025,319|328|160|324|344,Blvd. Bernardo Quintana/Calle Circuito Jardines,20.61399664,-100.3863124,4.469736842105263,22.14761904761905,7,True,26.453070175438594
3472,22.0,345.0,C55,22,5,3472|3473|3474|3475|2996|2997|2998|2999|3935|3490|3491|3773|3492|3284|4256|2338|2339|3294|2340|3295|2341|3025,345|342|380|324|344,Calle Literatura/Av. Solidaridad,20.6065175,-100.4404816,6.4323383084577115,26.916666666666668,7,True,28.432338308457712
4134,22.016666666666666,341.0,C51,23,6,4134|3931|3132|2918|2919|2920|2921|2922|2923|2924|2984|2858|2859|2860|2220|2337|2338|2339|3294|2340|3295|2341|3025,341|354|325|351|375|344,Andrómeda/Alfa Centauro,20.612278094084,-100.44681788857,17.251659451659453,40.845238095238095,7,True,39.268326118326115
2582,22.03333333333333,328.0,C37,14,5,2582|1964|1951|1952|3281|1915|2392|2338|2339|3294|2340|3295|2341|3025,328|319|160|324|344,Asteroides/Gustavo A. Madero,20.617634407712,-100.37400962173,11.631746031746033,35.01904761904762,7,True,33.665079365079364
2063,22.049999999999997,326.0,C35,17,8,2063|2064|2055|2056|2057|2058|1811|3281|1915|2392|2338|2339|3294|2340|3295|2341|3025,326|342|319|357|347|160|324|344,Av. Corregidora Norte/Calle Metralla,20.60336676805,-100.3924242409,10.968287740628165,12.566666666666666,7,True,33.01828774062816
3726,22.066666666666666,355.0,C69,26,7,3726|3224|2314|2315|2342|2343|2344|2345|1921|4241|2310|2311|2312|2313|3283|5197|4143|3284|4256|2338|2339|3294|2340|3295|2341|3025,355|319|333|336|325|324|344,Río Ayutla/Calle la Piedad,20.59611074,-100.409955,0.1952380952380953,12.438095238095238,7,True,22.261904761904763
2218,22.099999999999998,376.0,T08,28,7,2218|2219|2032|2023|2024|2856|1439|1438|2537|1920|1921|4241|2310|2311|2312|2313|3283|5197|4143|3284|4256|2338|2339|3294|2340|3295|2341|3025,376|386|98|90|325|324|344,Pasteur Sur/Luis Vega y Monroy,20.575445110065,-100.38260235373,8.334285714285716,30.335714285714285,7,True,30.434285714285714
2548,22.116666666666667,326.0,C35,15,8,2548|2549|2589|3280|4447|3281|1915|2392|2338|2339|3294|2340|3295|2341|3025,326|329|351|379|319|160|324|344,Av. Circunvalación/Parque Jardines de Querétaro,20.596219523095,-100.38087332724,10.968287740628165,23.11190476190476,7,True,33.08495440729483
2557,22.11666666666667,326.0,C35,26,5,2557|2558|2953|2954|1879|1918|1919|1920|1921|4241|2310|2311|2312|2313|3283|5197|4143|3284|4256|2338|2339|3294|2340|3295|2341|3025,326|134|325|324|344,Av. Universidad/Manuel Gutiérrez Nájera,20.59982031,-100.3868995,10.968287740628165,15.321428571428571,7,True,33.08495440729484
1309,22.124999999999996,370.0,T02,25,6,1309|1304|1305|1306|1432|1433|1434|3297|4241|2310|2311|2312|2313|3283|5197|4143|3284|4256|2338|2339|3294|2340|3295|2341|3025,370|90|97|325|324|344,Tejeda,20.551225790248,-100.42374940359,11.796949404761907,41.28333333333334,7,True,33.921949404761904
1806,22.133333333333333,357.0,L112,11,5,1806|3281|1915|2392|2338|2339|3294|2340|3295|2341|3025,357|319|160|324|344,Av. Paseo de la Reforma/Piscis,20.61108528739,-100.37741566375,0.9160714285714285,25.797619047619044,7,True,23.04940476190476
2478,22.133333333333336,334.0,C43,27,6,2478|2308|2028|2029|2030|2031|2309|1919|1920|1921|4241|2310|2311|2312|2313|3283|5197|4143|3284|4256|2338|2339|3294|2340|3295|2341|3025,334|319|134|325|324|344,Cto Mosés Solana/Luis Pasteur Asupizo,20.574984317411,-100.38328846169,12.461666666666664,28.75,7,True,34.595
2429,22.166666666666664,320.0,C25,14,5,2429|1950|1951|1952|3281|1915|2392|2338|2339|3294|2340|3295|2341|3025,320|319|160|324|344,Concord/Anillo Vial Fray Junípero Serra,20.625559591169,-100.3725548006,15.007142857142858,37.17380952380952,7,True,37.173809523809524
2523,22.166666666666668,139.0,C32,23,8,2523|2524|1924|1437|1440|3297|4241|2310|2311|2312|2313|3283|5197|4143|3284|4256|2338|2339|3294|2340|3295|2341|3025,139|98|90|360|97|325|324|344,Ignacio Pérez/Francisco I. Madero,20.589585112548,-100.40106438272,0.0,21.607142857142858,7,True,22.166666666666668
3291,22.183333333333337,345.0,C55,27,8,3291|3002|3003|3004|3005|3006|3007|3008|3172|2920|2921|2922|2923|2924|2984|2858|2859|2860|2220|2337|2338|2339|3294|2340|3295|2341|3025,345|350|349|354|325|351|375|344,Av. Revolución/Santa Ana,20.60273704,-100.4274043,6.4323383084577115,24.726190476190474,7,True,28.61567164179105
2184,22.2,163.0,L110,19,6,2184|1830|2229|2329|2330|2331|2332|2333|2334|2335|2336|2337|2338|2339|3294|2340|3295|2341|3025,163|342|350|347|375|344,Tlatelolco,20.652124715212,-100.39829927951,20.71468253968254,42.85,7,True,42.91468253968254
3094,22.2,325.0,C34,22,6,3094|2676|3095|2004|1914|2002|2001|2000|1999|1998|5196|1982|1983|1915|2392|2338|2339|3294|2340|3295|2341|3025,325|164|326|160|324|344,Blvd. Bernardo Quintana/Office Max,20.61677644,-100.4028673,10.070466058763932,24.795238095238094,7,True,32.27046605876393
2576,22.21666666666667,342.0,C52,23,6,2576|2577|3170|2578|2579|2920|2921|2922|2923|2924|2984|2858|2859|2860|2220|2337|2338|2339|3294|2340|3295|2341|3025,342|354|325|351|375|344,Av. del Tempano/Calle Venecia,20.62863336,-100.4430394,9.03374741200828,37.47380952380952,7,True,31.25041407867495
1898,22.216666666666672,369.0,L62,19,8,1898|1899|1900|1901|2082|1884|2204|3280|4447|3281|1915|2392|2338|2339|3294|2340|3295|2341|3025,369|370|347|379|319|160|324|344,Calz. de Los Arcos/Independencia,20.592561226818,-100.37774335365,10.925892857142854,26.047619047619044,7,True,33.142559523809524
2970,22.23333333333333,354.0,C68,28,8,2970|2219|2032|2023|2024|2856|1439|1438|2537|1920|1921|4241|2310|2311|2312|2313|3283|5197|4143|3284|4256|2338|2339|3294|2340|3295|2341|3025,354|386|376|98|90|325|324|344,Av. Luis Vega Monrroy/Prol. Luis Pasteur,20.57610435,-100.3823596,20.138253968253967,30.309523809523807,7,True,42.3715873015873
3622,22.241666666666664,370.0,T02,23,6,3622|1306|1432|1433|1434|3297|4241|2310|2311|2312|2313|3283|5197|4143|3284|4256|2338|2339|3294|2340|3295|2341|3025,370|90|97|325|324|344,Sonora/Av. Paseo Constituyentes,20.55578952,-100.4192266,11.796949404761907,30.25238095238095,7,True,34.03861607142857
2412,22.249999999999996,98.0,C23,29,7,2412|2218|2219|2032|2023|2024|2856|1439|1438|2537|1920|1921|4241|2310|2311|2312|2313|3283|5197|4143|3284|4256|2338|2339|3294|2340|3295|2341|3025,98|376|386|90|325|324|344,Circ. Moisés Solana/Pasteur Sur Bbva,20.575153408719,-100.38248439685,10.844812925170071,30.304761904761904,7,True,33.09481292517007
5150,22.25,342.0,C52,17,7,5150|2064|2055|2056|2057|2058|1811|3281|1915|2392|2338|2339|3294|2340|3295|2341|3025,342|319|357|347|160|324|344,Calle Metralla/Prol. Corregidora Norte,20.603248685053,-100.39269947321,9.03374741200828,12.566666666666666,7,True,31.28374741200828
3030,22.266666666666666,96.0,C21,26,7,3030|3031|3050|3051|3052|3053|3054|3055|3056|3057|3058|3059|3060|3061|2014|2015|1983|1915|2392|2338|2339|3294|2340|3295|2341|3025,96|346|321|345|160|324|344,Av. Turmalina/Parque Belén,20.64778589,-100.3962677,14.653571428571428,39.15238095238095,7,True,36.92023809523809
2199,22.28333333333333,336.0,C46,26,5,2199|1762|1763|2200|4430|1764|1765|1766|2201|4241|2310|2311|2312|2313|3283|5197|4143|3284|4256|2338|2339|3294|2340|3295|2341|3025,336|338|325|324|344,Prol. Zaragoza/Blvd. Hacienda del Jacal,20.56638051,-100.4147615,12.644407008086255,33.666666666666664,7,True,34.927740341419586
5194,22.28333333333333,319.0,C24,17,6,5194|2378|2055|2056|2057|2058|1811|3281|1915|2392|2338|2339|3294|2340|3295|2341|3025,319|357|347|160|324|344,Av. Universidad/Calle Rafael Osuna,20.596931215598,-100.39921999251,4.469736842105263,8.483333333333333,7,True,26.753070175438594
2178,22.283333333333335,160.0,L59,28,3,2178|2042|2043|2044|1973|1974|4435|1979|1980|1977|1976|5157|5158|5159|5160|3061|2014|2015|1983|1915|2392|2338|2339|3294|2340|3295|2341|3025,160|324|344,Epigmenio González/Buenos Aires,20.644631689076,-100.3847134357,14.03738095238095,47.93095238095238,7,True,36.32071428571429
3352,22.283333333333335,351.0,C63,16,5,3352|3353|3354|3355|2080|2859|2860|2220|2337|2338|2339|3294|2340|3295|2341|3025,351|358|325|375|344,Acceso 4/Conalep Querétaro,20.63204116,-100.441962,13.587362637362636,41.50714285714286,7,True,35.87069597069597
2320,22.3,375.0,T07,22,6,2320|2321|2221|2222|2223|2224|2861|2862|2886|2887|2888|2889|3362|3363|4256|2338|2339|3294|2340|3295|2341|3025,375|96|371|336|350|344,Av. Felipe Ángeles/Epigmenio González,20.61289975,-100.3997575,10.563690476190475,10.714285714285714,7,True,32.86369047619048
3235,22.316666666666663,353.0,C65,19,6,3235|3236|2602|4253|3237|3222|3538|3283|5197|4143|3284|4256|2338|2339|3294|2340|3295|2341|3025,353|345|323|348|324|344,Hacienda San José/Calle Puentes,20.59404451,-100.4300826,7.696130952380956,29.71904761904762,7,True,30.012797619047618
2400,22.333333333333336,326.0,C35,28,7,2400|2478|2308|2028|2029|2030|2031|2309|1919|1920|1921|4241|2310|2311|2312|2313|3283|5197|4143|3284|4256|2338|2339|3294|2340|3295|2341|3025,326|334|319|134|325|324|344,Pasteur Sur/Luis Vega y Monroy,20.575440192711,-100.38287631475,10.968287740628165,29.285714285714285,7,True,33.3016210739615
3421,22.333333333333336,340.0,C50,22,7,3421|3422|2578|2579|2920|2921|2922|2923|2924|2984|2858|2859|2860|2220|2337|2338|2339|3294|2340|3295|2341|3025,340|342|354|325|351|375|344,Av. Laguna/Vapor,20.62125593,-100.4477746,21.20068027210884,44.221428571428575,7,True,43.534013605442176
2163,22.38333333333333,334.0,C43,24,5,2163|2186|2187|2071|2880|2881|2882|2883|2884|2885|2886|2887|2888|2889|3362|3363|4256|2338|2339|3294|2340|3295|2341|3025,334|336|371|350|344,Monte Sacro,20.64905175,-100.410198,12.461666666666664,44.15714285714286,7,True,34.84499999999999
2021,22.383333333333333,325.0,C34,28,5,2021|2450|2451|1471|1470|1469|1439|1438|2537|1920|1921|4241|2310|2311|2312|2313|3283|5197|4143|3284|4256|2338|2339|3294|2340|3295|2341|3025,325|352|90|324|344,Plaza del Cimatario/Abogados,20.58025984566,-100.37404018612,10.070466058763932,35.94047619047619,7,True,32.45379939209727
4123,22.383333333333336,160.0,L59,23,6,4123|4124|3375|3376|2379|1914|2002|2001|2000|1999|1998|5196|1982|1983|1915|2392|2338|2339|3294|2340|3295|2341|3025,160|325|164|326|324|344,Calle Invierno/Calle Porvenir Poniente,20.609036357356,-100.39677823956,14.03738095238095,11.8,7,True,36.42071428571428
2452,22.400000000000002,134.0,C26,25,5,2452|2453|1881|1879|1918|1919|1920|1921|4241|2310|2311|2312|2313|3283|5197|4143|3284|4256|2338|2339|3294|2340|3295|2341|3025,134|369|325|324|344,Francisco Gonzalez de Cosio/20 de Noviembre,20.587960705761,-100.3759883183,7.951547619047619,28.183333333333334,7,True,30.351547619047622
3113,22.400000000000006,346.0,C56,21,6,3113|3114|2007|2008|2009|2010|2011|2012|2013|2014|2015|1983|1915|2392|2338|2339|3294|2340|3295|2341|3025,346|339|336|160|324|344,Playa Mocambo/Playa Ola Verde,20.62423769,-100.4067209,12.254166666666665,27.53095238095238,7,True,34.65416666666667
2266,22.416666666666668,255.0,T11,17,7,2266|2267|2604|2606|2288|2080|2859|2860|2220|2337|2338|2339|3294|2340|3295|2341|3025,255|323|358|325|351|375|344,5 de Febrero/Seat Ronda Automotriz,20.629835715239,-100.42551394709,13.954024943310655,27.916666666666668,7,True,36.37069160997732
2051,22.416666666666668,164.0,L111,16,5,2051|2052|2053|1998|5196|1982|1983|1915|2392|2338|2339|3294|2340|3295|2341|3025,164|326|160|324|344,Calle Menchaca/Justina Hacienda,20.630340214249,-100.378160563,14.083333333333332,39.89047619047619,7,True,36.5
2877,22.433333333333334,245.0,C58,21,6,2877|2878|2879|2228|2229|2329|2330|2331|2332|2333|2334|2335|2336|2337|2338|2339|3294|2340|3295|2341|3025,245|336|350|347|375|344,Calle Santiago de Querétaro/ Calle Santiago de Mexquiquitlan,20.65483135,-100.3982376,23.286796536796537,46.83809523809524,7,True,45.72012987012987
3223,22.45,355.0,C69,27,7,3223|3726|3224|2314|2315|2342|2343|2344|2345|1921|4241|2310|2311|2312|2313|3283|5197|4143|3284|4256|2338|2339|3294|2340|3295|2341|3025,355|319|333|336|325|324|344,Río Ayutla/Calle la Piedad,20.59602873,-100.4112172,0.1952380952380953,13.011904761904763,7,True,22.645238095238096
2551,22.450000000000003,351.0,C63,27,6,2551|2557|2558|2953|2954|1879|1918|1919|1920|1921|4241|2310|2311|2312|2313|3283|5197|4143|3284|4256|2338|2339|3294|2340|3295|2341|3025,351|326|134|325|324|344,Av. Universidad/Universidad Marista,20.60056589,-100.3864768,13.587362637362636,13.028571428571427,7,True,36.03736263736264
2375,22.466666666666665,325.0,C34,21,5,2375|2388|2389|2390|2391|1975|1978|4113|1981|5196|1982|1983|1915|2392|2338|2339|3294|2340|3295|2341|3025,325|326|160|324|344,Carr. Chichimequillas/Av. Belén,20.646775835566,-100.3920449946,10.070466058763932,35.214285714285715,7,True,32.537132725430595
2535,22.46666666666667,324.0,C33,27,3,2535|2536|2044|1973|1974|4435|1979|1980|1977|1976|5157|5158|5159|5160|3061|2014|2015|1983|1915|2392|2338|2339|3294|2340|3295|2341|3025,324|160|344,Río Mayo/Río Candelaría,20.636585647806,-100.39052979291,14.674867724867724,40.1,7,True,37.14153439153439
3104,22.48333333333333,345.0,C55,28,4,3104|3105|3077|3078|3079|3080|3081|3082|3083|3084|3056|3057|3058|3059|3060|3061|2014|2015|1983|1915|2392|2338|2339|3294|2340|3295|2341|3025,345|160|324|344,Blvd. de la Nación/Salón del Municipio del Estado de Querétaro,20.64137027,-100.4092912,6.4323383084577115,39.58571428571429,7,True,28.915671641791043
2418,22.48333333333333,319.0,C24,22,5,2418|2419|5180|2672|2201|4241|2310|2311|2312|2313|3283|5197|4143|3284|4256|2338|2339|3294|2340|3295|2341|3025,319|338|325|324|344,Blvd. de Las Américas/Carlos Esquerro,20.56138989,-100.398738,4.469736842105263,27.74761904761905,7,True,26.953070175438594
3624,22.55,380.0,L154,20,5,3624|3625|3626|2997|2998|2999|3935|3490|3491|3773|3492|3284|4256|2338|2339|3294|2340|3295|2341|3025,380|345|342|324|344,Calle Platino/Calle Aluminio,20.6032236,-100.4357393,6.252380952380951,28.716666666666665,7,True,28.80238095238095
3640,22.550000000000004,369.0,L62,18,8,3640|1894|1905|2082|1884|2204|3280|4447|3281|1915|2392|2338|2339|3294|2340|3295|2341|3025,369|370|347|379|319|160|324|344,Emeterio González/Del Deporte,20.603991584179,-100.36548133284,10.925892857142854,41.042857142857144,7,True,33.47589285714286
2217,22.566666666666663,376.0,T08,29,7,2217|2218|2219|2032|2023|2024|2856|1439|1438|2537|1920|1921|4241|2310|2311|2312|2313|3283|5197|4143|3284|4256|2338|2339|3294|2340|3295|2341|3025,376|386|98|90|325|324|344,Av. Luis Pasteur Sur/Calle Manuela Medina,20.57387997,-100.382646,8.334285714285716,30.23095238095238,7,True,30.90095238095238
2307,22.56666666666667,326.0,C35,27,6,2307|2308|2028|2029|2030|2031|2309|1919|1920|1921|4241|2310|2311|2312|2313|3283|5197|4143|3284|4256|2338|2339|3294|2340|3295|2341|3025,326|319|134|325|324|344,Calle 1/San Mateo Atenco,20.57409496,-100.3874526,10.968287740628165,35.699999999999996,7,True,33.53495440729483
3108,22.583333333333332,345.0,C55,26,5,3108|3109|3115|3116|3117|3118|5165|5166|5174|5167|2861|2862|2886|2887|2888|2889|3362|3363|4256|2338|2339|3294|2340|3295|2341|3025,345|346|336|350|344,Calle Torneros/Calle Herreros,20.63568956,-100.3974951,6.4323383084577115,33.46666666666666,7,True,29.015671641791045
1897,22.6,134.0,C26,26,6,1897|2454|2453|1881|1879|1918|1919|1920|1921|4241|2310|2311|2312|2313|3283|5197|4143|3284|4256|2338|2339|3294|2340|3295|2341|3025,134|326|369|325|324|344,Ignacio Zaragoza/Insurgentes Queretanos,20.591248974767,-100.38151559305,7.951547619047619,27.104761904761908,7,True,30.55154761904762
3037,22.6,96.0,C21,22,7,3037|2877|2878|2879|2228|2229|2329|2330|2331|2332|2333|2334|2335|2336|2337|2338|2339|3294|2340|3295|2341|3025,96|245|336|350|347|375|344,Calle Santiago Mexquiquitlan/Primaria Noo Botsi Di Nxodi,20.6544587,-100.3980249,14.653571428571428,46.459523809523816,7,True,37.25357142857143
2161,22.61666666666667,369.0,L62,26,5,2161|1883|1882|1881|1879|1918|1919|1920|1921|4241|2310|2311|2312|2313|3283|5197|4143|3284|4256|2338|2339|3294|2340|3295|2341|3025,369|134|325|324|344,Calz. de Los Arcos/Blvd. Bernardo Quintana,20.59616294,-100.3732742,10.925892857142854,27.011904761904763,7,True,33.54255952380952
2185,22.649999999999995,336.0,C46,24,4,2185|2186|2187|2071|2880|2881|2882|2883|2884|2885|2886|2887|2888|2889|3362|3363|4256|2338|2339|3294|2340|3295|2341|3025,336|371|350|344,Monte Sacro,20.64918797,-100.408979,12.644407008086255,42.86904761904763,7,True,35.29440700808625
1341,22.65,98.0,C23,26,6,1341|1762|1763|2200|4430|1764|1765|1766|2201|4241|2310|2311|2312|2313|3283|5197|4143|3284|4256|2338|2339|3294|2340|3295|2341|3025,98|336|338|325|324|344,Blvd. Hacienda del Jacal/Prol. Zaragoza,20.566518231595,-100.41544995548,10.844812925170071,35.56904761904762,7,True,33.494812925170066
1476,22.666666666666668,352.0,C64,27,5,1476|1472|1471|1470|1469|1439|1438|2537|1920|1921|4241|2310|2311|2312|2313|3283|5197|4143|3284|4256|2338|2339|3294|2340|3295|2341|3025,352|90|325|324|344,Bicentenario,20.589589837778,-100.36127427823,7.351785714285714,28.25,7,True,30.018452380952382
3420,22.700000000000003,340.0,C50,23,7,3420|3421|3422|2578|2579|2920|2921|2922|2923|2924|2984|2858|2859|2860|2220|2337|2338|2339|3294|2340|3295|2341|3025,340|342|354|325|351|375|344,Calle Mares/Chubasco,20.62046957,-100.447926,21.20068027210884,45.34285714285714,7,True,43.90068027210884
3394,22.716666666666665,374.0,T06,22,6,3394|2265|5229|2978|2201|4241|2310|2311|2312|2313|3283|5197|4143|3284|4256|2338|2339|3294|2340|3295|2341|3025,374|376|338|325|324|344,Carr. Lateral No. 57/Zona Comercial Zoco,20.57742391,-100.3866523,20.628968253968253,27.666666666666664,7,True,43.34563492063492
2484,22.733333333333334,346.0,C56,26,6,2484|3031|3050|3051|3052|3053|3054|3055|3056|3057|3058|3059|3060|3061|2014|2015|1983|1915|2392|2338|2339|3294|2340|3295|2341|3025,346|321|345|160|324|344,Pirita,20.64751793,-100.3976799,12.254166666666665,37.43571428571429,7,True,34.9875
2991,22.733333333333334,349.0,C61,23,6,2991|2993|2994|2995|2243|2996|2997|2998|2999|3935|3490|3491|3773|3492|3284|4256|2338|2339|3294|2340|3295|2341|3025,349|342|345|380|324|344,Av. Revolución/Prol. Revolución,20.61517176,-100.436637,18.17098214285714,31.047619047619047,7,True,40.904315476190476
2020,22.733333333333334,325.0,C34,29,5,2020|2021|2450|2451|1471|1470|1469|1439|1438|2537|1920|1921|4241|2310|2311|2312|2313|3283|5197|4143|3284|4256|2338|2339|3294|2340|3295|2341|3025,325|352|90|324|344,Avenida Cimatario/Mega Comercial,20.5787666,-100.373988,10.070466058763932,35.761904761904766,7,True,32.80379939209727
2915,22.75,341.0,C51,23,7,2915|2916|2917|2918|2919|2920|2921|2922|2923|2924|2984|2858|2859|2860|2220|2337|2338|2339|3294|2340|3295|2341|3025,341|377|354|325|351|375|344,Prol. Bernardo Quintana/El Arcangel Ii,20.61671915,-100.4517974,17.251659451659453,50.13095238095239,7,True,40.00165945165945
5190,22.75,323.0,C31,25,6,5190|5191|5192|2522|2343|2344|2345|1921|4241|2310|2311|2312|2313|3283|5197|4143|3284|4256|2338|2339|3294|2340|3295|2341|3025,323|333|336|325|324|344,Cerro de Las Campanas/Calle Gabino Barreda,20.593932649179,-100.4091787455,9.342592592592592,18.026190476190475,7,True,32.092592592592595
2977,22.75833333333333,370.0,T02,24,6,2977|3622|1306|1432|1433|1434|3297|4241|2310|2311|2312|2313|3283|5197|4143|3284|4256|2338|2339|3294|2340|3295|2341|3025,370|90|97|325|324|344,Calle Sonora/Calle Monterrey,20.55478931,-100.417913,11.796949404761907,34.09047619047619,7,True,34.55528273809524
3497,22.783333333333335,342.0,C52,18,7,3497|5150|2064|2055|2056|2057|2058|1811|3281|1915|2392|2338|2339|3294|2340|3295|2341|3025,342|319|357|347|160|324|344,Calle Jiménez/Calle Metralla,20.604622420779,-100.39293270579,9.03374741200828,15.299999999999999,7,True,31.817080745341613
3168,22.8,351.0,C63,17,5,3168|3352|3353|3354|3355|2080|2859|2860|2220|2337|2338|2339|3294|2340|3295|2341|3025,351|358|325|375|344,Av. Revolución/Cobaq 1 Sátelite,20.63251116,-100.4432651,13.587362637362636,39.46190476190476,7,True,36.387362637362635
2177,22.8,160.0,L59,29,3,2177|2178|2042|2043|2044|1973|1974|4435|1979|1980|1977|1976|5157|5158|5159|5160|3061|2014|2015|1983|1915|2392|2338|2339|3294|2340|3295|2341|3025,160|324|344,Calle 9/26 de Enero,20.646776241452,-100.38418625319,14.03738095238095,48.63333333333333,7,True,36.837380952380954
2808,22.80833333333333,364.0,L159,16,7,2808|2809|2810|2288|2080|2859|2860|2220|2337|2338|2339|3294|2340|3295|2341|3025,364|255|358|325|351|375|344,Paseo Jurica/Bahía X,20.65523559,-100.4402357,24.902380952380952,48.91190476190476,7,True,47.71071428571428
3471,22.816666666666666,345.0,C55,23,5,3471|3472|3473|3474|3475|2996|2997|2998|2999|3935|3490|3491|3773|3492|3284|4256|2338|2339|3294|2340|3295|2341|3025,345|342|380|324|344,Calle Literatura/Deportiva Plutarco Elias Calles,20.60883199,-100.4410329,6.4323383084577115,27.916666666666668,7,True,29.24900497512438
3107,22.849999999999998,345.0,C55,27,5,3107|3108|3109|3115|3116|3117|3118|5165|5166|5174|5167|2861|2862|2886|2887|2888|2889|3362|3363|4256|2338|2339|3294|2340|3295|2341|3025,345|346|336|350|344,Calle Torneros/Calle Obreros,20.63579244,-100.3966921,6.4323383084577115,33.02142857142857,7,True,29.28233830845771
2319,22.85,345.0,C55,23,7,2319|2320|2321|2221|2222|2223|2224|2861|2862|2886|2887|2888|2889|3362|3363|4256|2338|2339|3294|2340|3295|2341|3025,345|375|96|371|336|350|344,Av. Felipe Ángeles/Oceanografía,20.61132164,-100.3995641,6.4323383084577115,9.935714285714285,7,True,29.282338308457714
1308,22.874999999999996,90.0,L51,26,6,1308|1309|1304|1305|1306|1432|1433|1434|3297|4241|2310|2311|2312|2313|3283|5197|4143|3284|4256|2338|2339|3294|2340|3295|2341|3025,90|370|97|325|324|344,Deportivo,20.555767246531,-100.42003456243,12.180137844611535,32.11904761904763,7,True,35.05513784461153
3349,22.900000000000002,379.0,T13,27,6,3349|1472|1471|1470|1469|1439|1438|2537|1920|1921|4241|2310|2311|2312|2313|3283|5197|4143|3284|4256|2338|2339|3294|2340|3295|2341|3025,379|352|90|325|324|344,Prol. Bernardo Quintana/Av. de la Acordada,20.592460851968,-100.36846295977,14.040079365079364,34.083333333333336,7,True,36.94007936507937
3029,22.916666666666664,96.0,C21,27,7,3029|3030|3031|3050|3051|3052|3053|3054|3055|3056|3057|3058|3059|3060|3061|2014|2015|1983|1915|2392|2338|2339|3294|2340|3295|2341|3025,96|346|321|345|160|324|344,Portal de la Alegría/Parque Portal de la Alegría,20.64947085,-100.3968435,14.653571428571428,41.82857142857142,7,True,37.570238095238096
3131,22.95,341.0,C51,24,6,3131|4134|3931|3132|2918|2919|2920|2921|2922|2923|2924|2984|2858|2859|2860|2220|2337|2338|2339|3294|2340|3295|2341|3025,341|354|325|351|375|344,Vía Lactea/Betelgeuse,20.61398746,-100.448594,17.251659451659453,45.10476190476191,7,True,40.20165945165945
2162,22.96666666666666,163.0,L110,25,6,2162|2163|2186|2187|2071|2880|2881|2882|2883|2884|2885|2886|2887|2888|2889|3362|3363|4256|2338|2339|3294|2340|3295|2341|3025,163|334|336|371|350|344,Av. Belén/Puente de San Miguel,20.648661127714,-100.41286620766,20.71468253968254,43.38333333333333,7,True,43.681349206349196
2062,22.966666666666665,326.0,C35,18,8,2062|2063|2064|2055|2056|2057|2058|1811|3281|1915|2392|2338|2339|3294|2340|3295|2341|3025,326|342|319|357|347|160|324|344,Av. Corregidora Norte/Secundaria Mariano Escobedo,20.605221033728,-100.39002459677,10.968287740628165,13.81190476190476,7,True,33.93495440729483
2897,22.96666666666667,374.0,T06,17,7,2897|2287|3340|2074|2288|2080|2859|2860|2220|2337|2338|2339|3294|2340|3295|2341|3025,374|255|358|325|351|375|344,Av. Pirineos/Calle Cordillera de Los Andes,20.642414596416,-100.45131764337,20.628968253968253,47.69761904761905,7,True,43.59563492063492
3165,22.96666666666667,323.0,C31,17,9,3165|2610|2611|2074|2288|2080|2859|2860|2220|2337|2338|2339|3294|2340|3295|2341|3025,323|245|374|255|358|325|351|375|344,Av. de la Piedra/Calle Lava,20.63882228,-100.4497782,9.342592592592592,44.05714285714286,7,True,32.309259259259264
2019,22.96666666666667,325.0,C34,30,5,2019|2020|2021|2450|2451|1471|1470|1469|1439|1438|2537|1920|1921|4241|2310|2311|2312|2313|3283|5197|4143|3284|4256|2338|2339|3294|2340|3295|2341|3025,325|352|90|324|344,Luis Vega y Monroy/ Mega Comercial,20.57781,-100.37374,10.070466058763932,38.42380952380952,7,True,33.0371327254306
1303,22.991666666666664,90.0,L51,25,5,1303|1304|1305|1306|1432|1433|1434|3297|4241|2310|2311|2312|2313|3283|5197|4143|3284|4256|2338|2339|3294|2340|3295|2341|3025,90|97|325|324|344,Pueblo Nuevo,20.543366740993,-100.42972318897,12.180137844611535,36.25238095238095,7,True,35.1718045112782
2306,23.000000000000004,326.0,C35,28,6,2306|2307|2308|2028|2029|2030|2031|2309|1919|1920|1921|4241|2310|2311|2312|2313|3283|5197|4143|3284|4256|2338|2339|3294|2340|3295|2341|3025,326|319|134|325|324|344,Av. 8/Calle 3,20.57279897,-100.3875642,10.968287740628165,33.404761904761905,7,True,33.96828774062817
4393,23.016666666666666,336.0,C46,27,5,4393|2199|1762|1763|2200|4430|1764|1765|1766|2201|4241|2310|2311|2312|2313|3283|5197|4143|3284|4256|2338|2339|3294|2340|3295|2341|3025,336|338|325|324|344,Prol. Av. Zaragoza/Hacienda de San Idelfonso,20.563900505256,-100.41460539654,12.644407008086255,33.202380952380956,7,True,35.66107367475292
2383,23.03333333333333,324.0,C33,21,5,2383|2388|2389|2390|2391|1975|1978|4113|1981|5196|1982|1983|1915|2392|2338|2339|3294|2340|3295|2341|3025,324|325|326|160|344,Carr. Chichimequillas/Belén,20.64618788494,-100.39177320981,14.674867724867724,43.41190476190476,7,True,37.708201058201055
3342,23.05,375.0,T07,20,6,3342|2184|1830|2229|2329|2330|2331|2332|2333|2334|2335|2336|2337|2338|2339|3294|2340|3295|2341|3025,375|163|342|350|347|344,Portal de la Alegría/Calle Santiago de Tlatelolco,20.6519891,-100.3965408,10.563690476190475,43.93333333333333,7,True,33.61369047619048
3090,23.05,342.0,C52,19,5,3090|1830|2229|2329|2330|2331|2332|2333|2334|2335|2336|2337|2338|2339|3294|2340|3295|2341|3025,342|350|347|375|344,Calle Santiago de Mexquiquitlan/Santiago de Apóstol,20.65669416,-100.3977722,9.03374741200828,48.614285714285714,7,True,32.08374741200828
2876,23.066666666666666,245.0,C58,22,6,2876|2877|2878|2879|2228|2229|2329|2330|2331|2332|2333|2334|2335|2336|2337|2338|2339|3294|2340|3295|2341|3025,245|336|350|347|375|344,Calle Santiago de Querétaro/Portal de la Alegría,20.6545226,-100.3962505,23.286796536796537,45.040476190476184,7,True,46.35346320346321
2955,23.066666666666666,351.0,C63,15,6,2955|2588|2589|3280|4447|3281|1915|2392|2338|2339|3294|2340|3295|2341|3025,351|379|319|160|324|344,Calle 15 de Mayo/Calle Damián Carmona,20.59791629,-100.3846781,13.587362637362636,16.44047619047619,7,True,36.6540293040293
2534,23.06666666666667,324.0,C33,28,3,2534|2535|2536|2044|1973|1974|4435|1979|1980|1977|1976|5157|5158|5159|5160|3061|2014|2015|1983|1915|2392|2338|2339|3294|2340|3295|2341|3025,324|160|344,Río Yaqui/Río Grijalva,20.637712814309,-100.39185097591,14.674867724867724,41.654761904761905,7,True,37.741534391534394
4120,23.083333333333336,345.0,C55,28,8,4120|3291|3002|3003|3004|3005|3006|3007|3008|3172|2920|2921|2922|2923|2924|2984|2858|2859|2860|2220|2337|2338|2339|3294|2340|3295|2341|3025,345|350|349|354|325|351|375|344,Espuela del Ferrocarril/Av. San Diego,20.602450878208,-100.4242785404,6.4323383084577115,22.426190476190474,7,True,29.515671641791048
1896,23.083333333333336,369.0,L62,27,6,1896|1897|2454|2453|1881|1879|1918|1919|1920|1921|4241|2310|2311|2312|2313|3283|5197|4143|3284|4256|2338|2339|3294|2340|3295|2341|3025,369|134|326|325|324|344,Ignacio Zaragoza/Manuel Acuña,20.591033,-100.383425,10.925892857142854,27.333333333333332,7,True,34.00922619047619
2732,23.083333333333336,255.0,T11,18,6,2732|2733|2734|2735|2606|2288|2080|2859|2860|2220|2337|2338|2339|3294|2340|3295|2341|3025,255|358|325|351|375|344,Camelinas/Decathlon,20.66609465,-100.433594,13.954024943310655,39.833333333333336,7,True,37.03735827664399
3169,23.083333333333336,342.0,C52,24,6,3169|2576|2577|3170|2578|2579|2920|2921|2922|2923|2924|2984|2858|2859|2860|2220|2337|2338|2339|3294|2340|3295|2341|3025,342|354|325|351|375|344,Av. Tempano/Jerez,20.63089495,-100.442715,9.03374741200828,38.58571428571428,7,True,32.11708074534162
3702,23.1,350.0,C62,22,7,3702|5303|2578|2579|2920|2921|2922|2923|2924|2984|2858|2859|2860|2220|2337|2338|2339|3294|2340|3295|2341|3025,350|342|354|325|351|375|344,Camino A San Pedro Mártir/Canchas El Rocio 2,20.62125573,-100.4502068,15.95847338935574,45.17142857142857,7,True,39.05847338935574
2530,23.1,324.0,C33,28,3,2530|2042|2043|2044|1973|1974|4435|1979|1980|1977|1976|5157|5158|5159|5160|3061|2014|2015|1983|1915|2392|2338|2339|3294|2340|3295|2341|3025,324|160|344,San Felipe de Jesús/Santa Teresa de Asís,20.641645210472,-100.38707048726,14.674867724867724,50.05952380952381,7,True,37.774867724867725
2969,23.166666666666664,337.0,C47,29,9,2969|2970|2219|2032|2023|2024|2856|1439|1438|2537|1920|1921|4241|2310|2311|2312|2313|3283|5197|4143|3284|4256|2338|2339|3294|2340|3295|2341|3025,337|354|386|376|98|90|325|324|344,Av. Luis Vega Monrroy/Paseo de Los Cisnes,20.57658249,-100.3798639,11.736904761904764,33.98095238095238,7,True,34.903571428571425
1474,23.183333333333334,396.0,T16,28,6,1474|1476|1472|1471|1470|1469|1439|1438|2537|1920|1921|4241|2310|2311|2312|2313|3283|5197|4143|3284|4256|2338|2339|3294|2340|3295|2341|3025,396|352|90|325|324|344,Bicentenario,20.58921746773,-100.35881826912,12.226587301587305,28.976190476190478,7,True,35.40992063492064
2679,23.2,350.0,C62,20,5,2679|2483|2228|2229|2329|2330|2331|2332|2333|2334|2335|2336|2337|2338|2339|3294|2340|3295|2341|3025,350|336|347|375|344,Cuarzo,20.661598,-100.400648,15.95847338935574,44.33333333333333,7,True,39.15847338935574
2411,23.21666666666666,138.0,C30,30,8,2411|2412|2218|2219|2032|2023|2024|2856|1439|1438|2537|1920|1921|4241|2310|2311|2312|2313|3283|5197|4143|3284|4256|2338|2339|3294|2340|3295|2341|3025,138|98|376|386|90|325|324|344,Cto Moises Solana/Paseo de Los Romancero (Prepa Sur),20.575663164237,-100.37984289469,11.575595238095243,34.07380952380952,7,True,34.7922619047619
3028,23.216666666666665,96.0,C21,28,7,3028|3029|3030|3031|3050|3051|3052|3053|3054|3055|3056|3057|3058|3059|3060|3061|2014|2015|1983|1915|2392|2338|2339|3294|2340|3295|2341|3025,96|346|321|345|160|324|344,Calz. de la Amargura/Portal de la Alegría,20.65022981,-100.3971514,14.653571428571428,42.88809523809524,7,True,37.87023809523809
1891,23.216666666666672,369.0,L62,19,8,1891|3640|1894|1905|2082|1884|2204|3280|4447|3281|1915|2392|2338|2339|3294|2340|3295|2341|3025,369|370|347|379|319|160|324|344,Av. Emeterio González/Emiliano Bravo,20.603555512702,-100.36295945422,10.925892857142854,41.207142857142856,7,True,34.142559523809524
3316,23.25,332.0,C41,23,7,3316|3394|2265|5229|2978|2201|4241|2310|2311|2312|2313|3283|5197|4143|3284|4256|2338|2339|3294|2340|3295|2341|3025,332|374|376|338|325|324|344,Carr. Lateral No. 57/Prol. Corregidora Sur,20.576495757034,-100.38758966891,18.327551020408162,32.68571428571429,7,True,41.577551020408166
2575,23.250000000000004,245.0,C58,17,8,2575|2610|2611|2074|2288|2080|2859|2860|2220|2337|2338|2339|3294|2340|3295|2341|3025,245|374|255|358|325|351|375|344,Fuentes,20.63719508,-100.4513637,23.286796536796537,45.31666666666667,7,True,46.536796536796544
2550,23.250000000000004,345.0,C55,28,7,2550|2551|2557|2558|2953|2954|1879|1918|1919|1920|1921|4241|2310|2311|2312|2313|3283|5197|4143|3284|4256|2338|2339|3294|2340|3295|2341|3025,345|351|326|134|325|324|344,Av. Universidad/Escuela Normal,20.60142299,-100.3838546,6.4323383084577115,13.738095238095237,7,True,29.682338308457716
3044,23.266666666666666,345.0,C55,28,5,3044|3107|3108|3109|3115|3116|3117|3118|5165|5166|5174|5167|2861|2862|2886|2887|2888|2889|3362|3363|4256|2338|2339|3294|2340|3295|2341|3025,345|346|336|350|344,Calle Plateros/Calle Torneros,20.6358102,-100.3954076,6.4323383084577115,31.83809523809524,7,True,29.699004975124378
1971,23.3,326.0,C35,26,4,1971|1972|1973|1974|4435|1979|1980|1977|1976|5157|5158|5159|5160|3061|2014|2015|1983|1915|2392|2338|2339|3294|2340|3295|2341|3025,326|160|324|344,Av. Paseo de Las Moras/Condominio Pizarra,20.643491148887,-100.3763897021,10.968287740628165,38.78333333333334,7,True,34.26828774062817
2176,23.333333333333336,160.0,L59,30,3,2176|2177|2178|2042|2043|2044|1973|1974|4435|1979|1980|1977|1976|5157|5158|5159|5160|3061|2014|2015|1983|1915|2392|2338|2339|3294|2340|3295|2341|3025,160|324|344,Epigmenio González/Calle 16,20.648879247859,-100.38324214905,14.03738095238095,47.397619047619045,7,True,37.370714285714286
3419,23.35,340.0,C50,24,7,3419|3420|3421|3422|2578|2579|2920|2921|2922|2923|2924|2984|2858|2859|2860|2220|2337|2338|2339|3294|2340|3295|2341|3025,340|342|354|325|351|375|344,Calle Oceáno/Calle Nevada,20.62017357,-100.4494237,21.20068027210884,48.021428571428565,7,True,44.55068027210884
2296,23.366666666666664,319.0,C24,23,5,2296|2418|2419|5180|2672|2201|4241|2310|2311|2312|2313|3283|5197|4143|3284|4256|2338|2339|3294|2340|3295|2341|3025,319|338|325|324|344,Blvd. de Las Américas/Calle Antonio Carranza,20.5585882,-100.3972941,4.469736842105263,28.75952380952381,7,True,27.836403508771927
2164,23.416666666666664,348.0,C60,20,7,2164|2879|2228|2229|2329|2330|2331|2332|2333|2334|2335|2336|2337|2338|2339|3294|2340|3295|2341|3025,348|245|336|350|347|375|344,la Raza,20.652940815225,-100.40342510298,12.36111111111111,42.34761904761905,7,True,35.77777777777777
2305,23.41666666666667,326.0,C35,29,6,2305|2306|2307|2308|2028|2029|2030|2031|2309|1919|1920|1921|4241|2310|2311|2312|2313|3283|5197|4143|3284|4256|2338|2339|3294|2340|3295|2341|3025,326|319|134|325|324|344,Av. 8/Calle 9,20.5724842,-100.3888586,10.968287740628165,33.583333333333336,7,True,34.384954407294835
1761,23.424999999999997,90.0,L51,26,5,1761|1303|1304|1305|1306|1432|1433|1434|3297|4241|2310|2311|2312|2313|3283|5197|4143|3284|4256|2338|2339|3294|2340|3295|2341|3025,90|97|325|324|344,Av. Paseo Constituyentes/Camino A Los Olvera,20.540737386294,-100.43189466371,12.180137844611535,37.635714285714286,7,True,35.605137844611534
2629,23.433333333333337,334.0,C43,28,6,2629|2478|2308|2028|2029|2030|2031|2309|1919|1920|1921|4241|2310|2311|2312|2313|3283|5197|4143|3284|4256|2338|2339|3294|2340|3295|2341|3025,334|319|134|325|324|344,Cto. Moisés Solana/Mimiahuapan,20.57151195,-100.3833044,12.461666666666664,31.366666666666664,7,True,35.895
2547,23.45,326.0,C35,16,8,2547|2548|2549|2589|3280|4447|3281|1915|2392|2338|2339|3294|2340|3295|2341|3025,326|329|351|379|319|160|324|344,Calle Independencia/Calz. de Los Arcos,20.592860095958,-100.37846466122,10.968287740628165,24.826190476190472,7,True,34.418287740628166
3001,23.450000000000003,342.0,C52,28,9,3001|3291|3002|3003|3004|3005|3006|3007|3008|3172|2920|2921|2922|2923|2924|2984|2858|2859|2860|2220|2337|2338|2339|3294|2340|3295|2341|3025,342|345|350|349|354|325|351|375|344,Av. San Diego/Espuela del Ferrocarril,20.60275527,-100.4241242,9.03374741200828,23.17142857142857,7,True,32.483747412008285
3293,23.450000000000003,345.0,C55,24,7,3293|2319|2320|2321|2221|2222|2223|2224|2861|2862|2886|2887|2888|2889|3362|3363|4256|2338|2339|3294|2340|3295|2341|3025,345|375|96|371|336|350|344,Av. Felipe Ángeles/3a. Felipe Ángeles,20.60961966,-100.3993482,6.4323383084577115,9.966666666666667,7,True,29.882338308457715
2914,23.466666666666665,341.0,C51,24,7,2914|2915|2916|2917|2918|2919|2920|2921|2922|2923|2924|2984|2858|2859|2860|2220|2337|2338|2339|3294|2340|3295|2341|3025,341|377|354|325|351|375|344,Prol. Bernardo Quintana/Plaza Multicomercio,20.61739221,-100.4536156,17.251659451659453,51.11666666666667,7,True,40.71832611832612
4119,23.46666666666667,345.0,C55,29,8,4119|4120|3291|3002|3003|3004|3005|3006|3007|3008|3172|2920|2921|2922|2923|2924|2984|2858|2859|2860|2220|2337|2338|2339|3294|2340|3295|2341|3025,345|350|349|354|325|351|375|344,Espuelas del Ferrocarril/Motul,20.601616739828,-100.42330556187,6.4323383084577115,24.68095238095238,7,True,29.89900497512438
2382,23.48333333333333,325.0,C34,22,5,2382|2383|2388|2389|2390|2391|1975|1978|4113|1981|5196|1982|1983|1915|2392|2338|2339|3294|2340|3295|2341|3025,325|324|326|160|344,Carr. Chichimequillas/San Juan,20.644321961192,-100.39240840262,10.070466058763932,34.785714285714285,7,True,33.55379939209726
2183,23.483333333333334,163.0,L110,20,6,2183|2184|1830|2229|2329|2330|2331|2332|2333|2334|2335|2336|2337|2338|2339|3294|2340|3295|2341|3025,163|342|350|347|375|344,Turmalina,20.651580275968,-100.39491345874,20.71468253968254,46.273809523809526,7,True,44.198015873015876
1825,23.5,96.0,C21,23,7,1825|3037|2877|2878|2879|2228|2229|2329|2330|2331|2332|2333|2334|2335|2336|2337|2338|2339|3294|2340|3295|2341|3025,96|245|336|350|347|375|344,Tlatelolco,20.652207975066,-100.398849781,14.653571428571428,42.85,7,True,38.153571428571425
4270,23.5,332.0,C41,18,7,4270|3288|3289|3290|2606|2288|2080|2859|2860|2220|2337|2338|2339|3294|2340|3295|2341|3025,332|255|358|325|351|375|344,Calle 2/Q Pumps Sa de Cv,20.65679742,-100.4308308,18.327551020408162,44.971428571428575,7,True,41.827551020408166
2226,23.516666666666666,336.0,C46,21,7,2226|2164|2879|2228|2229|2329|2330|2331|2332|2333|2334|2335|2336|2337|2338|2339|3294|2340|3295|2341|3025,336|348|245|350|347|375|344,Patria,20.65276098,-100.4036925,12.644407008086255,42.41428571428571,7,True,36.16107367475292
2587,23.53333333333333,329.0,C38,12,6,2587|1806|3281|1915|2392|2338|2339|3294|2340|3295|2341|3025,329|357|319|160|324|344,Asteroides/Venus,20.61252953849,-100.37508161303,3.139880952380952,28.28095238095238,7,True,26.673214285714284
2035,23.533333333333335,333.0,C42,29,8,2035|2400|2478|2308|2028|2029|2030|2031|2309|1919|1920|1921|4241|2310|2311|2312|2313|3283|5197|4143|3284|4256|2338|2339|3294|2340|3295|2341|3025,333|326|334|319|134|325|324|344,Prol. Luis Pasteur/José Sotelo,20.579348675446,-100.38300295118,2.5233333333333334,30.297619047619044,7,True,26.05666666666667
2264,23.55,336.0,C46,28,5,2264|4393|2199|1762|1763|2200|4430|1764|1765|1766|2201|4241|2310|2311|2312|2313|3283|5197|4143|3284|4256|2338|2339|3294|2340|3295|2341|3025,336|338|325|324|344,Calle Río Usumacinta/Calle 20 de Noviembre,20.562331,-100.41364,12.644407008086255,31.7,7,True,36.19440700808626
2216,23.566666666666663,376.0,T08,30,7,2216|2217|2218|2219|2032|2023|2024|2856|1439|1438|2537|1920|1921|4241|2310|2311|2312|2313|3283|5197|4143|3284|4256|2338|2339|3294|2340|3295|2341|3025,376|386|98|90|325|324|344,Av. del Parque/Terranova Iv,20.570554672822,-100.38183052466,8.334285714285716,33.166666666666664,7,True,31.90095238095238
2556,23.56666666666667,326.0,C35,27,5,2556|2557|2558|2953|2954|1879|1918|1919|1920|1921|4241|2310|2311|2312|2313|3283|5197|4143|3284|4256|2338|2339|3294|2340|3295|2341|3025,326|134|325|324|344,Av. Universidad/Notaria 17,20.59826924,-100.3916237,10.968287740628165,13.871428571428572,7,True,34.53495440729483
3470,23.6,345.0,C55,24,5,3470|3471|3472|3473|3474|3475|2996|2997|2998|2999|3935|3490|3491|3773|3492|3284|4256|2338|2339|3294|2340|3295|2341|3025,345|342|380|324|344,Calle Literatura/Calle Octavio Paz,20.61108808,-100.4408518,6.4323383084577115,28.866666666666667,7,True,30.032338308457714
1895,23.6,369.0,L62,28,6,1895|1896|1897|2454|2453|1881|1879|1918|1919|1920|1921|4241|2310|2311|2312|2313|3283|5197|4143|3284|4256|2338|2339|3294|2340|3295|2341|3025,369|134|326|325|324|344,Avenida Ignacio Zaragoza/Calle Manuel Altamirano,20.590364,-100.385377,10.925892857142854,27.457142857142856,7,True,34.52589285714286
1473,23.633333333333333,352.0,C64,29,6,1473|1474|1476|1472|1471|1470|1469|1439|1438|2537|1920|1921|4241|2310|2311|2312|2313|3283|5197|4143|3284|4256|2338|2339|3294|2340|3295|2341|3025,352|396|90|325|324|344,Prol. Constituyentes Oriente/Monte Sinaí,20.589359628197,-100.36116527451,7.351785714285714,29.67142857142857,7,True,30.985119047619047
3164,23.633333333333336,342.0,C52,18,10,3164|3165|2610|2611|2074|2288|2080|2859|2860|2220|2337|2338|2339|3294|2340|3295|2341|3025,342|323|245|374|255|358|325|351|375|344,Av. de la Piedra/Calle Paseo de Las Peñas,20.64045671,-100.450413,9.03374741200828,45.290476190476184,7,True,32.667080745341615
3621,23.641666666666662,370.0,T02,25,6,3621|2977|3622|1306|1432|1433|1434|3297|4241|2310|2311|2312|2313|3283|5197|4143|3284|4256|2338|2339|3294|2340|3295|2341|3025,370|90|97|325|324|344,Calle Río Lerma/Calle Colima,20.55528692,-100.4150391,11.796949404761907,38.37619047619047,7,True,35.43861607142857
2070,23.66666666666666,163.0,L110,26,6,2070|2162|2163|2186|2187|2071|2880|2881|2882|2883|2884|2885|2886|2887|2888|2889|3362|3363|4256|2338|2339|3294|2340|3295|2341|3025,163|334|336|371|350|344,Cobaq,20.64808408,-100.416071,20.71468253968254,44.42619047619048,7,True,44.3813492063492
3089,23.683333333333334,342.0,C52,20,5,3089|3090|1830|2229|2329|2330|2331|2332|2333|2334|2335|2336|2337|2338|2339|3294|2340|3295|2341|3025,342|350|347|375|344,Av. Pascual Alcocer Vega/Santiago Mexquiquitlan,20.65815643,-100.3972845,9.03374741200828,48.72380952380952,7,True,32.71708074534161
2078,23.699999999999996,245.0,C58,22,5,2078|2071|2880|2881|2882|2883|2884|2885|2886|2887|2888|2889|3362|3363|4256|2338|2339|3294|2340|3295|2341|3025,245|336|371|350|344,de la Patria,20.65334110359,-100.40595042073,23.286796536796537,44.56428571428571,7,True,46.98679653679653
2018,23.733333333333334,325.0,C34,31,5,2018|2019|2020|2021|2450|2451|1471|1470|1469|1439|1438|2537|1920|1921|4241|2310|2311|2312|2313|3283|5197|4143|3284|4256|2338|2339|3294|2340|3295|2341|3025,325|352|90|324|344,Luis Vega y Monroy/Hospital de Especialidades,20.578626098981,-100.37025626864,10.070466058763932,38.84285714285714,7,True,33.80379939209727
3496,23.733333333333334,342.0,C52,19,7,3496|3497|5150|2064|2055|2056|2057|2058|1811|3281|1915|2392|2338|2339|3294|2340|3295|2341|3025,342|319|357|347|160|324|344,Calle Invierno/Calle Jiménez,20.60398738,-100.395533,9.03374741200828,15.123809523809523,7,True,32.767080745341616
1302,23.75833333333333,90.0,L51,27,5,1302|1761|1303|1304|1305|1306|1432|1433|1434|3297|4241|2310|2311|2312|2313|3283|5197|4143|3284|4256|2338|2339|3294|2340|3295|2341|3025,90|97|325|324|344,El Pueblito,20.538767598995,-100.43350684651,12.180137844611535,36.90714285714286,7,True,35.93847117794486
2295,23.766666666666662,319.0,C24,24,5,2295|2296|2418|2419|5180|2672|2201|4241|2310|2311|2312|2313|3283|5197|4143|3284|4256|2338|2339|3294|2340|3295|2341|3025,319|338|325|324|344,Blvd. de Las Américas/Calle Enrique Bordes Manguel,20.557316,-100.39664,4.469736842105263,29.36904761904762,7,True,28.236403508771925
2673,23.78333333333333,343.0,C53,27,6,2673|3262|5070|3263|5193|2342|2343|2344|2345|1921|4241|2310|2311|2312|2313|3283|5197|4143|3284|4256|2338|2339|3294|2340|3295|2341|3025,343|333|336|325|324|344,Ejido/Luis G. Urbina,20.602734734571,-100.40671662562,8.926388888888889,11.133333333333335,7,True,32.70972222222222
2304,23.81666666666667,326.0,C35,30,6,2304|2305|2306|2307|2308|2028|2029|2030|2031|2309|1919|1920|1921|4241|2310|2311|2312|2313|3283|5197|4143|3284|4256|2338|2339|3294|2340|3295|2341|3025,326|319|134|325|324|344,Av. 8/Calle 13,20.57217331,-100.3900836,10.968287740628165,34.233333333333334,7,True,34.78495440729483
3076,23.833333333333332,338.0,C48,20,6,3076|2483|2228|2229|2329|2330|2331|2332|2333|2334|2335|2336|2337|2338|2339|3294|2340|3295|2341|3025,338|350|336|347|375|344,Calle Santiago Mexquiquitlan/Santiago Yajalón,20.65830144,-100.3973303,10.371949404761907,48.72380952380952,7,True,34.205282738095235
4099,23.833333333333332,356.0,L108,22,6,4099|2616|4100|1766|2201|4241|2310|2311|2312|2313|3283|5197|4143|3284|4256|2338|2339|3294|2340|3295|2341|3025,356|336|338|325|324|344,Carr. Tlacote/Av. de Las Galindas,20.587199127686,-100.41730819906,7.281428571428572,31.285714285714285,7,True,31.114761904761906
2405,23.85,134.0,C26,30,6,2405|2020|2021|2450|2451|1471|1470|1469|1439|1438|2537|1920|1921|4241|2310|2311|2312|2313|3283|5197|4143|3284|4256|2338|2339|3294|2340|3295|2341|3025,134|325|352|90|324|344,Av. Magisterio (Cimatario)/Julio Ma. Cervantes,20.575016302348,-100.37290547791,7.951547619047619,37.16904761904762,7,True,31.80154761904762
3103,23.866666666666664,345.0,C55,29,4,3103|3104|3105|3077|3078|3079|3080|3081|3082|3083|3084|3056|3057|3058|3059|3060|3061|2014|2015|1983|1915|2392|2338|2339|3294|2340|3295|2341|3025,345|160|324|344,Blvd. de la Nación/Soriana Hiper,20.64198225,-100.4140386,6.4323383084577115,41.3,7,True,30.299004975124376
2182,23.883333333333333,245.0,C58,23,6,2182|2876|2877|2878|2879|2228|2229|2329|2330|2331|2332|2333|2334|2335|2336|2337|2338|2339|3294|2340|3295|2341|3025,245|336|350|347|375|344,Portal de Samaniego/Calle Santiago de Querétaro,20.65416834,-100.393657,23.286796536796537,46.47380952380952,7,True,47.17012987012987
2175,23.900000000000002,163.0,L110,31,4,2175|2176|2177|2178|2042|2043|2044|1973|1974|4435|1979|1980|1977|1976|5157|5158|5159|5160|3061|2014|2015|1983|1915|2392|2338|2339|3294|2340|3295|2341|3025,163|160|324|344,Epigmenio González/Calle 2,20.651201692307,-100.38230774758,20.71468253968254,49.07619047619048,7,True,44.61468253968254
2286,23.900000000000002,374.0,T06,18,7,2286|2897|2287|3340|2074|2288|2080|2859|2860|2220|2337|2338|2339|3294|2340|3295|2341|3025,374|255|358|325|351|375|344,Av. Pirineos/Mauna Loa,20.642907194812,-100.45448394262,20.628968253968253,52.516666666666666,7,True,44.52896825396826
3623,23.916666666666668,380.0,L154,21,5,3623|3624|3625|3626|2997|2998|2999|3935|3490|3491|3773|3492|3284|4256|2338|2339|3294|2340|3295|2341|3025,380|345|342|324|344,Calle Platino/Calle Cobre,20.60278385,-100.4376532,6.252380952380951,29.633333333333333,7,True,30.169047619047618
1307,23.924999999999997,90.0,L51,27,6,1307|1308|1309|1304|1305|1306|1432|1433|1434|3297|4241|2310|2311|2312|2313|3283|5197|4143|3284|4256|2338|2339|3294|2340|3295|2341|3025,90|370|97|325|324|344,El Pocito,20.562105888997,-100.4147920882,12.180137844611535,29.278571428571432,7,True,36.105137844611534
2230,23.93333333333333,336.0,C46,25,4,2230|2185|2186|2187|2071|2880|2881|2882|2883|2884|2885|2886|2887|2888|2889|3362|3363|4256|2338|2339|3294|2340|3295|2341|3025,336|371|350|344,Las Lomas,20.64863836,-100.4047669,12.644407008086255,39.60476190476191,7,True,36.577740341419585
3043,23.966666666666665,345.0,C55,29,5,3043|3044|3107|3108|3109|3115|3116|3117|3118|5165|5166|5174|5167|2861|2862|2886|2887|2888|2889|3362|3363|4256|2338|2339|3294|2340|3295|2341|3025,345|346|336|350|344,Calle Plateros/Plomeros,20.63381302,-100.3955803,6.4323383084577115,30.3,7,True,30.399004975124377
2188,23.96666666666667,245.0,C58,16,8,2188|2752|2189|2288|2080|2859|2860|2220|2337|2338|2339|3294|2340|3295|2341|3025,245|163|255|358|325|351|375|344,San Pablo,20.642368781148,-100.41628181755,23.286796536796537,40.595238095238095,7,True,47.253463203463205
5183,23.96666666666667,319.0,C24,27,5,5183|2308|2028|2029|2030|2031|2309|1919|1920|1921|4241|2310|2311|2312|2313|3283|5197|4143|3284|4256|2338|2339|3294|2340|3295|2341|3025,319|134|325|324|344,Av. 4/Calle 25,20.573650631947,-100.39349063845,4.469736842105263,27.05,7,True,28.43640350877193
2034,23.983333333333334,386.0,AIQ01,30,9,2034|2035|2400|2478|2308|2028|2029|2030|2031|2309|1919|1920|1921|4241|2310|2311|2312|2313|3283|5197|4143|3284|4256|2338|2339|3294|2340|3295|2341|3025,386|333|326|334|319|134|325|324|344,Prol. Luis Pasteu /Chichén Itzá,20.581112743099,-100.38369419899,7.0632653061224495,28.940476190476193,7,True,31.046598639455784
3027,24.03333333333333,338.0,C48,29,8,3027|3028|3029|3030|3031|3050|3051|3052|3053|3054|3055|3056|3057|3058|3059|3060|3061|2014|2015|1983|1915|2392|2338|2339|3294|2340|3295|2341|3025,338|96|346|321|345|160|324|344,Calz. de la Amargura/Calle Biombo,20.65071208,-100.4001303,10.371949404761907,44.89047619047619,7,True,34.40528273809524
5214,24.033333333333335,326.0,C35,27,4,5214|1971|1972|1973|1974|4435|1979|1980|1977|1976|5157|5158|5159|5160|3061|2014|2015|1983|1915|2392|2338|2339|3294|2340|3295|2341|3025,326|160|324|344,Calz. de Belén/Av. Paseo de Las Moras,20.645846152144,-100.37628579574,10.968287740628165,42.7,7,True,35.0016210739615
2529,24.066666666666666,324.0,C33,29,3,2529|2530|2042|2043|2044|1973|1974|4435|1979|1980|1977|1976|5157|5158|5159|5160|3061|2014|2015|1983|1915|2392|2338|2339|3294|2340|3295|2341|3025,324|160|344,18 de Julio/San Joaquín,20.641772622861,-100.38861683368,14.674867724867724,49.26190476190476,7,True,38.74153439153439
2962,24.066666666666666,350.0,C62,21,5,2962|2679|2483|2228|2229|2329|2330|2331|2332|2333|2334|2335|2336|2337|2338|2339|3294|2340|3295|2341|3025,350|336|347|375|344,Calle Azabache/Av. Pie de la Cuesta,20.66423194,-100.40091,15.95847338935574,47.93571428571429,7,True,40.02514005602241
2976,24.074999999999996,370.0,T02,26,6,2976|3621|2977|3622|1306|1432|1433|1434|3297|4241|2310|2311|2312|2313|3283|5197|4143|3284|4256|2338|2339|3294|2340|3295|2341|3025,370|90|97|325|324|344,Calle Tlaxcala/Calle Río Lerma,20.55510815,-100.4136284,11.796949404761907,40.042857142857144,7,True,35.87194940476191
4118,24.1,345.0,C55,30,8,4118|4119|4120|3291|3002|3003|3004|3005|3006|3007|3008|3172|2920|2921|2922|2923|2924|2984|2858|2859|2860|2220|2337|2338|2339|3294|2340|3295|2341|3025,345|350|349|354|325|351|375|344,Espuelas del Ferrocarril/Abasolo,20.601440613771,-100.42114551368,6.4323383084577115,24.01904761904762,7,True,30.532338308457714
3167,24.1,342.0,C52,18,6,3167|3168|3352|3353|3354|3355|2080|2859|2860|2220|2337|2338|2339|3294|2340|3295|2341|3025,342|351|358|325|375|344,Calle Paseo de Las Peñas/Av. de la Cascada,20.63550358,-100.4450834,9.03374741200828,40.93809523809524,7,True,33.13374741200828
1301,24.141666666666662,90.0,L51,28,5,1301|1302|1761|1303|1304|1305|1306|1432|1433|1434|3297|4241|2310|2311|2312|2313|3283|5197|4143|3284|4256|2338|2339|3294|2340|3295|2341|3025,90|97|325|324|344,Mega,20.5364697986,-100.43539509151,12.180137844611535,37.957142857142856,7,True,36.321804511278195
2410,24.16666666666666,98.0,C23,31,8,2410|2411|2412|2218|2219|2032|2023|2024|2856|1439|1438|2537|1920|1921|4241|2310|2311|2312|2313|3283|5197|4143|3284|4256|2338|2339|3294|2340|3295|2341|3025,98|138|376|386|90|325|324|344,Circ. Moisés Solana/Manuel Payno (Juzgados),20.57413898094,-100.37816333913,10.844812925170071,38.51428571428572,7,True,35.01147959183673
2968,24.166666666666664,354.0,C68,30,9,2968|2969|2970|2219|2032|2023|2024|2856|1439|1438|2537|1920|1921|4241|2310|2311|2312|2313|3283|5197|4143|3284|4256|2338|2339|3294|2340|3295|2341|3025,354|337|386|376|98|90|325|324|344,Av. Luis Vega Monrroy/Pl. del Calvario,20.57711624,-100.3771523,20.138253968253967,38.16904761904762,7,True,44.304920634920634
3418,24.166666666666668,340.0,C50,25,7,3418|3419|3420|3421|3422|2578|2579|2920|2921|2922|2923|2924|2984|2858|2859|2860|2220|2337|2338|2339|3294|2340|3295|2341|3025,340|342|354|325|351|375|344,Calle Dublín/Parque Alfalfares,20.62195971,-100.4494219,21.20068027210884,45.976190476190474,7,True,45.36734693877551
2294,24.18333333333333,319.0,C24,25,5,2294|2295|2296|2418|2419|5180|2672|2201|4241|2310|2311|2312|2313|3283|5197|4143|3284|4256|2338|2339|3294|2340|3295|2341|3025,319|338|325|324|344,Blvd. de Las Américas/Calle Antonio Rivera de la Torre,20.55603713,-100.3959843,4.469736842105263,30.85238095238095,7,True,28.653070175438593
3483,24.183333333333337,354.0,C68,19,11,3483|3164|3165|2610|2611|2074|2288|2080|2859|2860|2220|2337|2338|2339|3294|2340|3295|2341|3025,354|342|323|245|374|255|358|325|351|375|344,Calle Coordillera de Los Andes/Calle Paricutín,20.64181845,-100.4509417,20.138253968253967,46.476190476190474,7,True,44.3215873015873
2380,24.183333333333337,324.0,C33,29,3,2380|2534|2535|2536|2044|1973|1974|4435|1979|1980|1977|1976|5157|5158|5159|5160|3061|2014|2015|1983|1915|2392|2338|2339|3294|2340|3295|2341|3025,324|160|344,Carr. Chichimequillas/Río Mezcalpa,20.635083392815,-100.39363788955,14.674867724867724,34.83095238095238,7,True,38.85820105820106
2318,24.233333333333338,345.0,C55,25,7,2318|3293|2319|2320|2321|2221|2222|2223|2224|2861|2862|2886|2887|2888|2889|3362|3363|4256|2338|2339|3294|2340|3295|2341|3025,345|375|96|371|336|350|344,Av. Felipe Ángeles/Arena Querétaro,20.607339,-100.399372,6.4323383084577115,7.8,7,True,30.66567164179105
2077,24.249999999999996,163.0,L110,21,8,2077|2164|2879|2228|2229|2329|2330|2331|2332|2333|2334|2335|2336|2337|2338|2339|3294|2340|3295|2341|3025,163|348|245|336|350|347|375|344,de la Patria,20.653539,-100.407231,20.71468253968254,46.083333333333336,7,True,44.964682539682535
2328,24.25,375.0,T07,21,6,2328|3342|2184|1830|2229|2329|2330|2331|2332|2333|2334|2335|2336|2337|2338|2339|3294|2340|3295|2341|3025,375|163|342|350|347|344,Portal de la Alegría/Calle Santiago de Querétaro,20.6543086,-100.3961106,10.563690476190475,45.040476190476184,7,True,34.81369047619047
3087,24.266666666666662,339.0,C49,25,5,3087|2185|2186|2187|2071|2880|2881|2882|2883|2884|2885|2886|2887|2888|2889|3362|3363|4256|2338|2339|3294|2340|3295|2341|3025,339|336|371|350|344,Calz. de Las Lágrimas/Av. Monte Sacro,20.65094502,-100.4080457,10.83714285714286,45.77142857142858,7,True,35.103809523809524
2203,24.26666666666667,134.0,C26,29,6,2203|1895|1896|1897|2454|2453|1881|1879|1918|1919|1920|1921|4241|2310|2311|2312|2313|3283|5197|4143|3284|4256|2338|2339|3294|2340|3295|2341|3025,134|369|326|325|324|344,Alameda,20.589621654784,-100.38742654734,7.951547619047619,26.04047619047619,7,True,32.21821428571429
2050,24.283333333333335,164.0,L111,17,5,2050|2051|2052|2053|1998|5196|1982|1983|1915|2392|2338|2339|3294|2340|3295|2341|3025,164|326|160|324|344,Calle Menchaca/Del Salto,20.631498320977,-100.37585422235,14.083333333333332,39.9547619047619,7,True,38.36666666666667
3469,24.283333333333335,345.0,C55,25,5,3469|3470|3471|3472|3473|3474|3475|2996|2997|2998|2999|3935|3490|3491|3773|3492|3284|4256|2338|2339|3294|2340|3295|2341|3025,345|342|380|324|344,Av. de la Poesía/Calle Literatura,20.61303386,-100.4412855,6.4323383084577115,29.73333333333333,7,True,30.715671641791047
3023,24.283333333333335,336.0,C46,29,5,3023|2264|4393|2199|1762|1763|2200|4430|1764|1765|1766|2201|4241|2310|2311|2312|2313|3283|5197|4143|3284|4256|2338|2339|3294|2340|3295|2341|3025,336|338|325|324|344,Av. Candiles/Itq Unidad Deportiva,20.56049014,-100.4118995,12.644407008086255,34.94761904761905,7,True,36.92774034141959
2807,24.299999999999997,364.0,L159,17,7,2807|2808|2809|2810|2288|2080|2859|2860|2220|2337|2338|2339|3294|2340|3295|2341|3025,364|255|358|325|351|375|344,Paseo Jurica/Bahía Viii,20.65964718,-100.4415342,24.902380952380952,49.333333333333336,7,True,49.20238095238095
3681,24.30833333333333,90.0,L51,28,6,3681|1307|1308|1309|1304|1305|1306|1432|1433|1434|3297|4241|2310|2311|2312|2313|3283|5197|4143|3284|4256|2338|2339|3294|2340|3295|2341|3025,90|370|97|325|324|344,Av. Paseo Constituyentes/Hacienda Casa Blanca,20.564448296602,-100.41285213024,12.180137844611535,35.488095238095234,7,True,36.48847117794487
2303,24.31666666666667,326.0,C35,31,6,2303|2304|2305|2306|2307|2308|2028|2029|2030|2031|2309|1919|1920|1921|4241|2310|2311|2312|2313|3283|5197|4143|3284|4256|2338|2339|3294|2340|3295|2341|3025,326|319|134|325|324|344,Av. 8/Calle 19,20.57178464,-100.39165,10.968287740628165,35.016666666666666,7,True,35.28495440729483
3777,24.333333333333332,381.0,L155,23,6,3777|4430|1764|1765|1766|2201|4241|2310|2311|2312|2313|3283|5197|4143|3284|4256|2338|2339|3294|2340|3295|2341|3025,381|336|338|325|324|344,Av. de Las Galindas/El Charro,20.58496256,-100.4162232,7.71547619047619,30.583333333333332,7,True,32.048809523809524
3573,24.35,386.0,AIQ01,31,9,3573|2034|2035|2400|2478|2308|2028|2029|2030|2031|2309|1919|1920|1921|4241|2310|2311|2312|2313|3283|5197|4143|3284|4256|2338|2339|3294|2340|3295|2341|3025,386|333|326|334|319|134|325|324|344,Av. Luis Pateur Sur/José A. Bustamante,20.58250765,-100.3842245,7.0632653061224495,30.11428571428571,7,True,31.41326530612245
2072,24.36666666666666,163.0,L110,27,6,2072|2070|2162|2163|2186|2187|2071|2880|2881|2882|2883|2884|2885|2886|2887|2888|2889|3362|3363|4256|2338|2339|3294|2340|3295|2341|3025,163|334|336|371|350|344,Praxedis,20.645078,-100.416172,20.71468253968254,43.89523809523809,7,True,45.0813492063492
2913,24.383333333333333,341.0,C51,25,7,2913|2914|2915|2916|2917|2918|2919|2920|2921|2922|2923|2924|2984|2858|2859|2860|2220|2337|2338|2339|3294|2340|3295|2341|3025,341|377|354|325|351|375|344,Prol. Bernardo Quintana/Camino A San Pedro Mártir,20.61886597,-100.4555366,17.251659451659453,53.050000000000004,7,True,41.63499278499279
2482,24.383333333333333,343.0,C53,21,6,2482|2679|2483|2228|2229|2329|2330|2331|2332|2333|2334|2335|2336|2337|2338|2339|3294|2340|3295|2341|3025,343|350|336|347|375|344,Fray Junípero,20.664747,-100.400348,8.926388888888889,45.516666666666666,7,True,33.30972222222222
2961,24.383333333333333,350.0,C62,22,5,2961|2962|2679|2483|2228|2229|2329|2330|2331|2332|2333|2334|2335|2336|2337|2338|2339|3294|2340|3295|2341|3025,350|336|347|375|344,Calle Cuarzo/Calle Azabache,20.66413596,-100.4019373,15.95847338935574,47.42142857142857,7,True,40.34180672268907
2232,24.383333333333336,334.0,C43,29,6,2232|2629|2478|2308|2028|2029|2030|2031|2309|1919|1920|1921|4241|2310|2311|2312|2313|3283|5197|4143|3284|4256|2338|2339|3294|2340|3295|2341|3025,334|319|134|325|324|344,Cto Moisés Solana/Tomasa Estévez,20.572887477048,-100.38558241697,12.461666666666664,32.385714285714286,7,True,36.845
2731,24.400000000000002,255.0,T11,19,6,2731|2732|2733|2734|2735|2606|2288|2080|2859|2860|2220|2337|2338|2339|3294|2340|3295|2341|3025,255|358|325|351|375|344,5 de Febrero/Hotel Zar Querétaro,20.67157417,-100.4342184,13.954024943310655,41.8,7,True,38.354024943310655
2174,24.400000000000002,163.0,L110,32,4,2174|2175|2176|2177|2178|2042|2043|2044|1973|1974|4435|1979|1980|1977|1976|5157|5158|5159|5160|3061|2014|2015|1983|1915|2392|2338|2339|3294|2340|3295|2341|3025,163|160|324|344,Carr. Chichimequillas/Epigmenio González,20.653357504028,-100.3822664133,20.71468253968254,46.392857142857146,7,True,45.11468253968254
3261,24.416666666666664,375.0,T07,28,7,3261|2673|3262|5070|3263|5193|2342|2343|2344|2345|1921|4241|2310|2311|2312|2313|3283|5197|4143|3284|4256|2338|2339|3294|2340|3295|2341|3025,375|343|333|336|325|324|344,Av. San Roque/Calle Ópalo,20.60386827,-100.4062087,10.563690476190475,12.633333333333335,7,True,34.98035714285714
1969,24.416666666666668,160.0,L59,31,3,1969|2176|2177|2178|2042|2043|2044|1973|1974|4435|1979|1980|1977|1976|5157|5158|5159|5160|3061|2014|2015|1983|1915|2392|2338|2339|3294|2340|3295|2341|3025,160|324|344,Camino Real/Desierto de Antares,20.650845031117,-100.3786575719,14.03738095238095,43.25476190476191,7,True,38.454047619047614
3036,24.433333333333334,96.0,C21,22,8,3036|2226|2164|2879|2228|2229|2329|2330|2331|2332|2333|2334|2335|2336|2337|2338|2339|3294|2340|3295|2341|3025,96|336|348|245|350|347|375|344,Calz. de la Amargura/Calle Tesoro,20.65110106,-100.4018358,14.653571428571428,46.166666666666664,7,True,39.08690476190476
5302,24.433333333333334,350.0,C62,23,7,5302|3702|5303|2578|2579|2920|2921|2922|2923|2924|2984|2858|2859|2860|2220|2337|2338|2339|3294|2340|3295|2341|3025,350|342|354|325|351|375|344,Camino San Pedro Mártir,20.620144046022,-100.45347761056,15.95847338935574,56.09523809523809,7,True,40.391806722689076
2404,24.433333333333334,134.0,C26,31,6,2404|2405|2020|2021|2450|2451|1471|1470|1469|1439|1438|2537|1920|1921|4241|2310|2311|2312|2313|3283|5197|4143|3284|4256|2338|2339|3294|2340|3295|2341|3025,134|325|352|90|324|344,Avenida Colinas del Cimatario/Cerro Blanco,20.57313343416,-100.37223217717,7.951547619047619,37.96666666666666,7,True,32.38488095238095
2481,24.433333333333334,343.0,C53,22,6,2481|2482|2679|2483|2228|2229|2329|2330|2331|2332|2333|2334|2335|2336|2337|2338|2339|3294|2340|3295|2341|3025,343|350|336|347|375|344,Fray Junípero,20.6647781,-100.4002476,8.926388888888889,45.516666666666666,7,True,33.359722222222224
2244,24.433333333333334,329.0,C38,29,7,2244|1895|1896|1897|2454|2453|1881|1879|1918|1919|1920|1921|4241|2310|2311|2312|2313|3283|5197|4143|3284|4256|2338|2339|3294|2340|3295|2341|3025,329|369|134|326|325|324|344,Alameda/Pasteur,20.589134589937,-100.38677806857,3.139880952380952,27.378571428571426,7,True,27.573214285714286
3578,24.499999999999996,376.0,T08,31,7,3578|2216|2217|2218|2219|2032|2023|2024|2856|1439|1438|2537|1920|1921|4241|2310|2311|2312|2313|3283|5197|4143|3284|4256|2338|2339|3294|2340|3295|2341|3025,376|386|98|90|325|324|344,Av. del Parque/Garis S.A de C.V,20.56812637,-100.3796463,8.334285714285716,34.304761904761904,7,True,32.83428571428571
4045,24.51666666666667,342.0,C52,19,10,4045|3164|3165|2610|2611|2074|2288|2080|2859|2860|2220|2337|2338|2339|3294|2340|3295|2341|3025,342|323|245|374|255|358|325|351|375|344,Av. Popocatépetl/Av. Pirineos,20.642771074497,-100.45020001534,9.03374741200828,45.58333333333333,7,True,33.55041407867495
2381,24.549999999999997,325.0,C34,23,5,2381|2382|2383|2388|2389|2390|2391|1975|1978|4113|1981|5196|1982|1983|1915|2392|2338|2339|3294|2340|3295|2341|3025,325|324|326|160|344,Carr. Querétaro/Chichimequillas/Río Yaqui,20.639632593293,-100.39329619413,10.070466058763932,34.68095238095238,7,True,34.62046605876393
2669,24.549999999999997,337.0,C47,26,6,2669|2294|2295|2296|2418|2419|5180|2672|2201|4241|2310|2311|2312|2313|3283|5197|4143|3284|4256|2338|2339|3294|2340|3295|2341|3025,337|319|338|325|324|344,Calle Antonio Acona/Blvd. de Las Américas,20.55521583,-100.3965327,11.736904761904764,34.79285714285714,7,True,36.286904761904765
3085,24.55,342.0,C52,21,5,3085|3089|3090|1830|2229|2329|2330|2331|2332|2333|2334|2335|2336|2337|2338|2339|3294|2340|3295|2341|3025,342|350|347|375|344,Av. Pascual Alcocer Vega/Portal de la Alegría,20.65786153,-100.395099,9.03374741200828,50.66904761904762,7,True,33.58374741200828
2215,24.566666666666663,341.0,C51,31,8,2215|2216|2217|2218|2219|2032|2023|2024|2856|1439|1438|2537|1920|1921|4241|2310|2311|2312|2313|3283|5197|4143|3284|4256|2338|2339|3294|2340|3295|2341|3025,341|376|386|98|90|325|324|344,Luis Pasteur Sur/San Diego de Los Padres,20.568179595443,-100.38283297192,17.251659451659453,31.73333333333333,7,True,41.81832611832611
1475,24.566666666666666,352.0,C64,28,5,1475|1476|1472|1471|1470|1469|1439|1438|2537|1920|1921|4241|2310|2311|2312|2313|3283|5197|4143|3284|4256|2338|2339|3294|2340|3295|2341|3025,352|90|325|324|344,Milenio,20.589308545676,-100.35136037723,7.351785714285714,38.90714285714286,7,True,31.91845238095238
3606,24.566666666666666,346.0,C56,27,6,3606|2484|3031|3050|3051|3052|3053|3054|3055|3056|3057|3058|3059|3060|3061|2014|2015|1983|1915|2392|2338|2339|3294|2340|3295|2341|3025,346|321|345|160|324|344,Av. Belén/Calle de Las Ánimas,20.64822465,-100.4026326,12.254166666666665,39.65714285714286,7,True,36.82083333333333
3075,24.599999999999998,338.0,C48,21,6,3075|3076|2483|2228|2229|2329|2330|2331|2332|2333|2334|2335|2336|2337|2338|2339|3294|2340|3295|2341|3025,338|350|336|347|375|344,Calle Santiago Mexquiquitlan/Santiago de Apóstol,20.65639719,-100.3976677,10.371949404761907,48.49761904761905,7,True,34.9719494047619
3605,24.599999999999998,334.0,C43,26,5,3605|2230|2185|2186|2187|2071|2880|2881|2882|2883|2884|2885|2886|2887|2888|2889|3362|3363|4256|2338|2339|3294|2340|3295|2341|3025,334|336|371|350|344,Av. Belén/Parroquia Cristo Profeta Ar,20.64846822,-100.4028676,12.461666666666664,42.12619047619047,7,True,37.06166666666666
2006,24.6,339.0,C49,20,6,2006|2007|2008|2009|2010|2011|2012|2013|2014|2015|1983|1915|2392|2338|2339|3294|2340|3295|2341|3025,339|346|336|160|324|344,Prol. Tecnológico/Prepa Tec,20.613105132664,-100.40960908999,10.83714285714286,14.966666666666669,7,True,35.43714285714286
2574,24.600000000000005,245.0,C58,18,8,2574|2575|2610|2611|2074|2288|2080|2859|2860|2220|2337|2338|2339|3294|2340|3295|2341|3025,245|374|255|358|325|351|375|344,Cerro del Capulín,20.63573411,-100.4555384,23.286796536796537,46.81190476190476,7,True,47.88679653679654
3495,24.616666666666667,342.0,C52,20,7,3495|3496|3497|5150|2064|2055|2056|2057|2058|1811|3281|1915|2392|2338|2339|3294|2340|3295|2341|3025,342|319|357|347|160|324|344,Calle Fraternidad/Calle Diamante,20.60585106,-100.3970197,9.03374741200828,11.216666666666667,7,True,33.65041407867495
2875,24.65,245.0,C58,24,6,2875|2182|2876|2877|2878|2879|2228|2229|2329|2330|2331|2332|2333|2334|2335|2336|2337|2338|2339|3294|2340|3295|2341|3025,245|336|350|347|375|344,Calle Portal de Samaniego/Santiago de la Frontera,20.65647051,-100.3932359,23.286796536796537,47.92380952380952,7,True,47.936796536796535
2403,24.65,322.0,C29,32,7,2403|2404|2405|2020|2021|2450|2451|1471|1470|1469|1439|1438|2537|1920|1921|4241|2310|2311|2312|2313|3283|5197|4143|3284|4256|2338|2339|3294|2340|3295|2341|3025,322|134|325|352|90|324|344,Plaza Zimapán/Cerro Blanco,20.572684669617,-100.37266703895,13.388293650793653,40.971428571428575,7,True,38.03829365079365
3042,24.666666666666664,345.0,C55,30,5,3042|3043|3044|3107|3108|3109|3115|3116|3117|3118|5165|5166|5174|5167|2861|2862|2886|2887|2888|2889|3362|3363|4256|2338|2339|3294|2340|3295|2341|3025,345|346|336|350|344,Calle Plateros/Calle Jardíneros,20.63177644,-100.3955843,6.4323383084577115,29.485714285714288,7,True,31.099004975124377
1885,24.683333333333337,347.0,C57,28,7,1885|3349|1472|1471|1470|1469|1439|1438|2537|1920|1921|4241|2310|2311|2312|2313|3283|5197|4143|3284|4256|2338|2339|3294|2340|3295|2341|3025,347|379|352|90|325|324|344,Bernardo Quintana/Calzada de Los Arcos,20.596179492011,-100.37239060751,9.672023809523807,28.74285714285714,7,True,34.355357142857144
3088,24.716666666666665,339.0,C49,22,8,3088|2226|2164|2879|2228|2229|2329|2330|2331|2332|2333|2334|2335|2336|2337|2338|2339|3294|2340|3295|2341|3025,339|336|348|245|350|347|375|344,Calz de Las Lágrimas/De la Sarabanda,20.65050515,-100.4060427,10.83714285714286,42.84285714285714,7,True,35.55380952380953
3026,24.716666666666665,338.0,C48,30,8,3026|3027|3028|3029|3030|3031|3050|3051|3052|3053|3054|3055|3056|3057|3058|3059|3060|3061|2014|2015|1983|1915|2392|2338|2339|3294|2340|3295|2341|3025,338|96|346|321|345|160|324|344,Calz. de la Amargura/Calle del Rescate,20.65109589,-100.4026209,10.371949404761907,44.297619047619044,7,True,35.088616071428575
2964,24.716666666666672,370.0,T02,27,6,2964|2161|1883|1882|1881|1879|1918|1919|1920|1921|4241|2310|2311|2312|2313|3283|5197|4143|3284|4256|2338|2339|3294|2340|3295|2341|3025,370|369|134|325|324|344,Blvd. Bernardo Quintana/Av. Universidad,20.60125358,-100.376461,11.796949404761907,16.159523809523808,7,True,36.51361607142858
3680,24.741666666666664,90.0,L51,29,6,3680|3681|1307|1308|1309|1304|1305|1306|1432|1433|1434|3297|4241|2310|2311|2312|2313|3283|5197|4143|3284|4256|2338|2339|3294|2340|3295|2341|3025,90|370|97|325|324|344,Av. Paseo Constituyentes/Hacienda Escolásticas,20.567096900432,-100.41069310987,12.180137844611535,29.38809523809524,7,True,36.9218045112782
3634,24.75,381.0,L155,23,7,3634|2993|2994|2995|2243|2996|2997|2998|2999|3935|3490|3491|3773|3492|3284|4256|2338|2339|3294|2340|3295|2341|3025,381|342|349|345|380|324|344,Av. de la Poesía/Thomas Mojarro,20.61330154,-100.4389284,7.71547619047619,33.93095238095238,7,True,32.46547619047619
1340,24.75,98.0,C23,27,6,1340|1341|1762|1763|2200|4430|1764|1765|1766|2201|4241|2310|2311|2312|2313|3283|5197|4143|3284|4256|2338|2339|3294|2340|3295|2341|3025,98|336|338|325|324|344,Blvd. Hacienda del Jacal/Dolores del Rio,20.564129416431,-100.42032950843,10.844812925170071,38.142857142857146,7,True,35.594812925170075
2546,24.750000000000004,326.0,C35,32,6,2546|2303|2304|2305|2306|2307|2308|2028|2029|2030|2031|2309|1919|1920|1921|4241|2310|2311|2312|2313|3283|5197|4143|3284|4256|2338|2339|3294|2340|3295|2341|3025,326|319|134|325|324|344,Calle 25/Av. 8,20.571361,-100.392992,10.968287740628165,34.85476190476191,7,True,35.71828774062817
3620,24.75833333333333,370.0,T02,27,6,3620|2976|3621|2977|3622|1306|1432|1433|1434|3297|4241|2310|2311|2312|2313|3283|5197|4143|3284|4256|2338|2339|3294|2340|3295|2341|3025,370|90|97|325|324|344,Calle Hidalgo/Calle Tlaxcala,20.55342466,-100.4122275,11.796949404761907,41.31666666666667,7,True,36.55528273809524
2967,24.766666666666666,337.0,C47,31,9,2967|2968|2969|2970|2219|2032|2023|2024|2856|1439|1438|2537|1920|1921|4241|2310|2311|2312|2313|3283|5197|4143|3284|4256|2338|2339|3294|2340|3295|2341|3025,337|354|386|376|98|90|325|324|344,Av Luis Vega Monrroy/Pl. San José,20.57741696,-100.3755454,11.736904761904764,37.71666666666666,7,True,36.50357142857143
1970,24.783333333333335,326.0,C35,28,4,1970|5214|1971|1972|1973|1974|4435|1979|1980|1977|1976|5157|5158|5159|5160|3061|2014|2015|1983|1915|2392|2338|2339|3294|2340|3295|2341|3025,326|160|324|344,Calz. de Belén/Condominio Los Naranjos,20.645770410413,-100.37882783801,10.968287740628165,40.03333333333334,7,True,35.7516210739615
2960,24.8,350.0,C62,23,5,2960|2961|2962|2679|2483|2228|2229|2329|2330|2331|2332|2333|2334|2335|2336|2337|2338|2339|3294|2340|3295|2341|3025,350|336|347|375|344,Calle Cuarzo/Calle Aguamarina,20.66533965,-100.402298,15.95847338935574,49.21190476190476,7,True,40.75847338935574
5182,24.81666666666667,319.0,C24,28,5,5182|5183|2308|2028|2029|2030|2031|2309|1919|1920|1921|4241|2310|2311|2312|2313|3283|5197|4143|3284|4256|2338|2339|3294|2340|3295|2341|3025,319|134|325|324|344,Av. 4/Calle 37,20.57294176346,-100.39661078984,4.469736842105263,28.133333333333333,7,True,29.286403508771933
2017,24.833333333333336,325.0,C34,32,5,2017|2018|2019|2020|2021|2450|2451|1471|1470|1469|1439|1438|2537|1920|1921|4241|2310|2311|2312|2313|3283|5197|4143|3284|4256|2338|2339|3294|2340|3295|2341|3025,325|352|90|324|344,Luis Vega y Monroy/Estadio,20.580373403637,-100.36536069772,10.070466058763932,36.797619047619044,7,True,34.90379939209727
2225,24.849999999999998,336.0,C46,22,7,2225|2226|2164|2879|2228|2229|2329|2330|2331|2332|2333|2334|2335|2336|2337|2338|2339|3294|2340|3295|2341|3025,336|348|245|350|347|375|344,Las Lomas,20.64883687,-100.4060071,12.644407008086255,40.54047619047619,7,True,37.494407008086256
2374,24.849999999999998,325.0,C34,22,5,2374|2375|2388|2389|2390|2391|1975|1978|4113|1981|5196|1982|1983|1915|2392|2338|2339|3294|2340|3295|2341|3025,325|326|160|324|344,Carr. Chichimequillas/Yucatán,20.653208466715,-100.38801707925,10.070466058763932,39.18571428571429,7,True,34.92046605876393
3292,24.850000000000005,345.0,C55,26,7,3292|2318|3293|2319|2320|2321|2221|2222|2223|2224|2861|2862|2886|2887|2888|2889|3362|3363|4256|2338|2339|3294|2340|3295|2341|3025,345|375|96|371|336|350|344,Felipe Ángeles/Fraternidad,20.60554869,-100.3993715,6.4323383084577115,9.22857142857143,7,True,31.282338308457717
4250,24.850000000000005,354.0,C68,20,11,4250|3483|3164|3165|2610|2611|2074|2288|2080|2859|2860|2220|2337|2338|2339|3294|2340|3295|2341|3025,354|342|323|245|374|255|358|325|351|375|344,Calle Cordillera de Los Andes/Aconcagua,20.64347328,-100.4515815,20.138253968253967,48.56666666666666,7,True,44.98825396825397
4175,24.866666666666667,349.0,C61,17,6,4175|3352|3353|3354|3355|2080|2859|2860|2220|2337|2338|2339|3294|2340|3295|2341|3025,349|351|358|325|375|344,Av. de Las Fuentes/Av. Begonias,20.629559916037,-100.44893697585,18.17098214285714,46.1,7,True,43.03764880952381
1890,24.86666666666667,369.0,L62,20,8,1890|1891|3640|1894|1905|2082|1884|2204|3280|4447|3281|1915|2392|2338|2339|3294|2340|3295|2341|3025,369|370|347|379|319|160|324|344,Av. Emeterio González/Texas,20.601646701853,-100.35690421254,10.925892857142854,43.864285714285714,7,True,35.79255952380952
3000,24.86666666666667,342.0,C52,29,9,3000|3001|3291|3002|3003|3004|3005|3006|3007|3008|3172|2920|2921|2922|2923|2924|2984|2858|2859|2860|2220|2337|2338|2339|3294|2340|3295|2341|3025,342|345|350|349|354|325|351|375|344,Av. San Diego/Calle San José,20.60305353,-100.4204778,9.03374741200828,22.354761904761908,7,True,33.90041407867495
4159,24.883333333333333,343.0,C53,28,6,4159|2673|3262|5070|3263|5193|2342|2343|2344|2345|1921|4241|2310|2311|2312|2313|3283|5197|4143|3284|4256|2338|2339|3294|2340|3295|2341|3025,343|333|336|325|324|344,Ejido/Fraternidad,20.605660658032,-100.40678608038,8.926388888888889,13.004761904761905,7,True,33.80972222222222
2293,24.899999999999995,319.0,C24,26,5,2293|2294|2295|2296|2418|2419|5180|2672|2201|4241|2310|2311|2312|2313|3283|5197|4143|3284|4256|2338|2339|3294|2340|3295|2341|3025,319|338|325|324|344,Blvd. de Las Américas/Soriana Mercado,20.55379378,-100.3947507,4.469736842105263,31.795238095238094,7,True,29.369736842105258
2615,24.93333333333333,234.0,L117,23,6,2615|2418|2419|5180|2672|2201|4241|2310|2311|2312|2313|3283|5197|4143|3284|4256|2338|2339|3294|2340|3295|2341|3025,234|319|338|325|324|344,Calle Antonio Carranza/Blvd. de Las Américas,20.55879258,-100.3970862,5.704761904761908,30.63809523809524,7,True,30.63809523809524
2586,24.966666666666665,329.0,C38,13,6,2586|2587|1806|3281|1915|2392|2338|2339|3294|2340|3295|2341|3025,329|357|319|160|324|344,Asteroides/Plutón,20.614478194656,-100.37310275048,3.139880952380952,29.364285714285717,7,True,28.106547619047618
2173,24.983333333333334,325.0,C34,33,5,2173|2174|2175|2176|2177|2178|2042|2043|2044|1973|1974|4435|1979|1980|1977|1976|5157|5158|5159|5160|3061|2014|2015|1983|1915|2392|2338|2339|3294|2340|3295|2341|3025,325|163|160|324|344,Carr. Chichimequillas/18 de Noviembre,20.653128187986,-100.38501786276,10.070466058763932,44.13809523809523,7,True,35.05379939209727
4174,24.983333333333334,349.0,C61,18,6,4174|4175|3352|3353|3354|3355|2080|2859|2860|2220|2337|2338|2339|3294|2340|3295|2341|3025,349|351|358|325|375|344,Av. Begonias/Av. de Las Fuentes,20.629437780286,-100.44919834082,18.17098214285714,46.1,7,True,43.154315476190476
3339,25.000000000000004,374.0,T06,19,7,3339|2286|2897|2287|3340|2074|2288|2080|2859|2860|2220|2337|2338|2339|3294|2340|3295|2341|3025,374|255|358|325|351|375|344,Av. Pirineos/Calle 13,20.64354019,-100.4581917,20.628968253968253,53.49761904761905,7,True,45.62896825396825
1300,25.00833333333333,90.0,L51,29,5,1300|1301|1302|1761|1303|1304|1305|1306|1432|1433|1434|3297|4241|2310|2311|2312|2313|3283|5197|4143|3284|4256|2338|2339|3294|2340|3295|2341|3025,90|97|325|324|344,Santa Bárbara,20.531918626296,-100.44061970847,12.180137844611535,37.352380952380955,7,True,37.18847117794486
3468,25.033333333333335,345.0,C55,26,5,3468|3469|3470|3471|3472|3473|3474|3475|2996|2997|2998|2999|3935|3490|3491|3773|3492|3284|4256|2338|2339|3294|2340|3295|2341|3025,345|342|380|324|344,Av. de la Poesía/Jaime García Torres,20.61289833,-100.4436051,6.4323383084577115,30.666666666666668,7,True,31.465671641791047
3093,25.033333333333335,343.0,C53,23,6,3093|2481|2482|2679|2483|2228|2229|2329|2330|2331|2332|2333|2334|2335|2336|2337|2338|2339|3294|2340|3295|2341|3025,343|350|336|347|375|344,Calle Granito/Av. Pie de la Cuesta,20.66339479,-100.3993809,8.926388888888889,46.5,7,True,33.959722222222226
2076,25.049999999999994,163.0,L110,28,6,2076|2072|2070|2162|2163|2186|2187|2071|2880|2881|2882|2883|2884|2885|2886|2887|2888|2889|3362|3363|4256|2338|2339|3294|2340|3295|2341|3025,163|334|336|371|350|344,San Pablo,20.642108275482,-100.41652568029,20.71468253968254,40.478571428571435,7,True,45.76468253968253
2172,25.05,163.0,L110,34,5,2172|2173|2174|2175|2176|2177|2178|2042|2043|2044|1973|1974|4435|1979|1980|1977|1976|5157|5158|5159|5160|3061|2014|2015|1983|1915|2392|2338|2339|3294|2340|3295|2341|3025,163|325|160|324|344,Carr. Chichimequillas/Veracruz,20.653324732168,-100.38524549256,20.71468253968254,40.28333333333334,7,True,45.76468253968254
3024,25.05,374.0,T06,24,7,3024|3316|3394|2265|5229|2978|2201|4241|2310|2311|2312|2313|3283|5197|4143|3284|4256|2338|2339|3294|2340|3295|2341|3025,374|332|376|338|325|324|344,Lateral Carr. Federal No. 57/Puente de Papanoa,20.575232748678,-100.39364593399,20.628968253968253,32.81666666666667,7,True,45.67896825396825
3639,25.083333333333332,342.0,C52,29,8,3639|3261|2673|3262|5070|3263|5193|2342|2343|2344|2345|1921|4241|2310|2311|2312|2313|3283|5197|4143|3284|4256|2338|2339|3294|2340|3295|2341|3025,342|375|343|333|336|325|324|344,Av. San Roque/Calle Ópalo,20.60382166,-100.4045116,9.03374741200828,13.62857142857143,7,True,34.11708074534161
2874,25.083333333333332,245.0,C58,25,6,2874|2875|2182|2876|2877|2878|2879|2228|2229|2329|2330|2331|2332|2333|2334|2335|2336|2337|2338|2339|3294|2340|3295|2341|3025,245|336|350|347|375|344,Calle Santiago Zacatlán/Portal de Samaniego,20.65753148,-100.3924017,23.286796536796537,48.82380952380952,7,True,48.37012987012987
2231,25.083333333333336,341.0,C51,30,7,2231|2232|2629|2478|2308|2028|2029|2030|2031|2309|1919|1920|1921|4241|2310|2311|2312|2313|3283|5197|4143|3284|4256|2338|2339|3294|2340|3295|2341|3025,341|334|319|134|325|324|344,Cto. Moisés Solana/San Martín,20.574620153812,-100.3852197208,17.251659451659453,29.071428571428573,7,True,42.33499278499279
1968,25.1,160.0,L59,32,3,1968|1969|2176|2177|2178|2042|2043|2044|1973|1974|4435|1979|1980|1977|1976|5157|5158|5159|5160|3061|2014|2015|1983|1915|2392|2338|2339|3294|2340|3295|2341|3025,160|324|344,Camino Real/Monterrey,20.653711685564,-100.37775688674,14.03738095238095,45.71190476190476,7,True,39.13738095238095
2730,25.133333333333336,255.0,T11,20,6,2730|2731|2732|2733|2734|2735|2606|2288|2080|2859|2860|2220|2337|2338|2339|3294|2340|3295|2341|3025,255|358|325|351|375|344,Paseo de la República/Antea Lifestyle,20.67458679064,-100.43453832146,13.954024943310655,42.95,7,True,39.08735827664399
4111,25.158333333333328,90.0,L51,30,5,4111|1300|1301|1302|1761|1303|1304|1305|1306|1432|1433|1434|3297|4241|2310|2311|2312|2313|3283|5197|4143|3284|4256|2338|2339|3294|2340|3295|2341|3025,90|97|325|324|344,Carr. Coroneo/Av. Paseo Constituyentes,20.531106123699,-100.44136594948,12.180137844611535,39.509523809523806,7,True,37.33847117794486
3035,25.166666666666668,96.0,C21,23,8,3035|3036|2226|2164|2879|2228|2229|2329|2330|2331|2332|2333|2334|2335|2336|2337|2338|2339|3294|2340|3295|2341|3025,96|336|348|245|350|347|375|344,Calle de la Amargura/Calle Biombo,20.65078044,-100.3998171,14.653571428571428,44.6,7,True,39.820238095238096
2935,25.166666666666668,283.0,C67,24,8,2935|5302|3702|5303|2578|2579|2920|2921|2922|2923|2924|2984|2858|2859|2860|2220|2337|2338|2339|3294|2340|3295|2341|3025,283|350|342|354|325|351|375|344,Prol. Bernardo Quintana/Plaza Milenio,20.61871726,-100.4542286,26.925661375661374,54.21190476190476,7,True,52.09232804232804
3778,25.183333333333334,345.0,C55,31,8,3778|4118|4119|4120|3291|3002|3003|3004|3005|3006|3007|3008|3172|2920|2921|2922|2923|2924|2984|2858|2859|2860|2220|2337|2338|2339|3294|2340|3295|2341|3025,345|350|349|354|325|351|375|344,Benito Juárez/Uo Querétaro,20.598041469803,-100.42010343607,6.4323383084577115,18.407142857142855,7,True,31.615671641791046
2409,25.199999999999996,138.0,C30,32,8,2409|2410|2411|2412|2218|2219|2032|2023|2024|2856|1439|1438|2537|1920|1921|4241|2310|2311|2312|2313|3283|5197|4143|3284|4256|2338|2339|3294|2340|3295|2341|3025,138|98|376|386|90|325|324|344,Capuchinas/Moises Solana,20.572110374465,-100.37966906933,11.575595238095243,36.488095238095234,7,True,36.775595238095235
2302,25.200000000000003,375.0,T07,32,7,2302|2303|2304|2305|2306|2307|2308|2028|2029|2030|2031|2309|1919|1920|1921|4241|2310|2311|2312|2313|3283|5197|4143|3284|4256|2338|2339|3294|2340|3295|2341|3025,375|326|319|134|325|324|344,Av. 8/Calle 27,20.57134584,-100.393434,10.563690476190475,34.50238095238095,7,True,35.763690476190476
3657,25.200000000000003,326.0,C35,29,4,3657|1970|5214|1971|1972|1973|1974|4435|1979|1980|1977|1976|5157|5158|5159|5160|3061|2014|2015|1983|1915|2392|2338|2339|3294|2340|3295|2341|3025,326|160|324|344,Prol. Jalisco/Calz. de Belén,20.646371317541,-100.38010361454,10.968287740628165,40.65,7,True,36.168287740628166
3234,25.21666666666666,353.0,C65,20,6,3234|3235|3236|2602|4253|3237|3222|3538|3283|5197|4143|3284|4256|2338|2339|3294|2340|3295|2341|3025,353|345|323|348|324|344,Hacienda San Juan/Segunda Privada de San Germán,20.59622793,-100.4348668,7.696130952380956,32.352380952380955,7,True,32.912797619047616
3535,25.21666666666667,160.0,L59,33,3,3535|1968|1969|2176|2177|2178|2042|2043|2044|1973|1974|4435|1979|1980|1977|1976|5157|5158|5159|5160|3061|2014|2015|1983|1915|2392|2338|2339|3294|2340|3295|2341|3025,160|324|344,Carr. Chichimequillas/Calle Jalisco,20.654182625645,-100.37772896224,14.03738095238095,44.30714285714286,7,True,39.25404761904762
2214,25.23333333333333,321.0,C27,32,9,2214|2215|2216|2217|2218|2219|2032|2023|2024|2856|1439|1438|2537|1920|1921|4241|2310|2311|2312|2313|3283|5197|4143|3284|4256|2338|2339|3294|2340|3295|2341|3025,321|341|376|386|98|90|325|324|344,Prol. Luis Pasteur/Av. 26,20.5665,-100.3829,7.660822510822512,32.56666666666667,7,True,32.89415584415584
2033,25.25,386.0,AIQ01,32,9,2033|3573|2034|2035|2400|2478|2308|2028|2029|2030|2031|2309|1919|1920|1921|4241|2310|2311|2312|2313|3283|5197|4143|3284|4256|2338|2339|3294|2340|3295|2341|3025,386|333|326|334|319|134|325|324|344,Prol. Luis Pasteur/Constituyentes,20.586067243389,-100.38561972374,7.0632653061224495,27.52857142857143,7,True,32.313265306122446
2528,25.25,324.0,C33,30,3,2528|2529|2530|2042|2043|2044|1973|1974|4435|1979|1980|1977|1976|5157|5158|5159|5160|3061|2014|2015|1983|1915|2392|2338|2339|3294|2340|3295|2341|3025,324|160|344,18 de Julio/Camargo,20.643550993782,-100.38864073582,14.674867724867724,52.990476190476194,7,True,39.924867724867724
2668,25.266666666666662,337.0,C47,27,6,2668|2669|2294|2295|2296|2418|2419|5180|2672|2201|4241|2310|2311|2312|2313|3283|5197|4143|3284|4256|2338|2339|3294|2340|3295|2341|3025,337|319|338|325|324|344,Calle Antonio Acona/Fresno,20.555284362014,-100.3985751475,11.736904761904764,39.352380952380955,7,True,37.003571428571426
2581,25.266666666666666,328.0,C37,15,5,2581|2582|1964|1951|1952|3281|1915|2392|2338|2339|3294|2340|3295|2341|3025,328|319|160|324|344,Av. de la Salvación/Universidad Durango,20.618933358508,-100.37999754735,11.631746031746033,36.85238095238095,7,True,36.8984126984127
4154,25.283333333333328,98.0,C23,32,8,4154|2410|2411|2412|2218|2219|2032|2023|2024|2856|1439|1438|2537|1920|1921|4241|2310|2311|2312|2313|3283|5197|4143|3284|4256|2338|2339|3294|2340|3295|2341|3025,98|138|376|386|90|325|324|344,Cto. Moisés Solana/Pl. Capuchinas,20.572175161269,-100.37993556988,10.844812925170071,36.07142857142857,7,True,36.1281462585034
1299,25.283333333333328,97.0,C22,30,5,1299|1300|1301|1302|1761|1303|1304|1305|1306|1432|1433|1434|3297|4241|2310|2311|2312|2313|3283|5197|4143|3284|4256|2338|2339|3294|2340|3295|2341|3025,97|90|325|324|344,Heroico Colegio Militar/Av. Paseo Constituyentes,20.532540202848,-100.44013727066,14.923809523809528,43.0,7,True,40.207142857142856
2289,25.316666666666666,332.0,C41,25,7,2289|3024|3316|3394|2265|5229|2978|2201|4241|2310|2311|2312|2313|3283|5197|4143|3284|4256|2338|2339|3294|2340|3295|2341|3025,332|374|376|338|325|324|344,Calle 25/Lateral Carr. Federal 57,20.57496742,-100.3942676,18.327551020408162,30.5,7,True,43.64421768707483
4098,25.316666666666666,356.0,L108,23,6,4098|4099|2616|4100|1766|2201|4241|2310|2311|2312|2313|3283|5197|4143|3284|4256|2338|2339|3294|2340|3295|2341|3025,356|336|338|325|324|344,Carr. Tlacote/Colegio Oakland,20.587752331091,-100.41960107821,7.281428571428572,34.733333333333334,7,True,32.59809523809524
2326,25.333333333333332,348.0,C60,28,7,2326|3606|2484|3031|3050|3051|3052|3053|3054|3055|3056|3057|3058|3059|3060|3061|2014|2015|1983|1915|2392|2338|2339|3294|2340|3295|2341|3025,348|346|321|345|160|324|344,Posadas,20.648348,-100.40448,12.36111111111111,41.34047619047619,7,True,37.69444444444444
2198,25.34166666666666,370.0,T02,27,6,2198|1308|1309|1304|1305|1306|1432|1433|1434|3297|4241|2310|2311|2312|2313|3283|5197|4143|3284|4256|2338|2339|3294|2340|3295|2341|3025,370|90|97|325|324|344,Av. Paseo Constituyentes/Justo Sierra,20.561311197098,-100.41554740826,11.796949404761907,32.08809523809524,7,True,37.13861607142857
2402,25.349999999999998,322.0,C29,33,7,2402|2403|2404|2405|2020|2021|2450|2451|1471|1470|1469|1439|1438|2537|1920|1921|4241|2310|2311|2312|2313|3283|5197|4143|3284|4256|2338|2339|3294|2340|3295|2341|3025,322|134|325|352|90|324|344,Pza. San Juan de Letrán/Plaza Carmelitas,20.570697500501,-100.37304951008,13.388293650793653,43.74761904761905,7,True,38.73829365079365
3166,25.35,342.0,C52,19,6,3166|3167|3168|3352|3353|3354|3355|2080|2859|2860|2220|2337|2338|2339|3294|2340|3295|2341|3025,342|351|358|325|375|344,Av. de la Piedra/Calle de la Escarcha,20.63582048,-100.4485941,9.03374741200828,42.56666666666667,7,True,34.38374741200828
2317,25.350000000000005,345.0,C55,27,7,2317|3292|2318|3293|2319|2320|2321|2221|2222|2223|2224|2861|2862|2886|2887|2888|2889|3362|3363|4256|2338|2339|3294|2340|3295|2341|3025,345|375|96|371|336|350|344,Av. Felipe Ángeles/Av. San Roque,20.60410507,-100.399397,6.4323383084577115,8.230952380952381,7,True,31.782338308457717
2605,25.383333333333333,332.0,C41,19,7,2605|4270|3288|3289|3290|2606|2288|2080|2859|2860|2220|2337|2338|2339|3294|2340|3295|2341|3025,332|255|358|325|351|375|344,5 de Febrero/Acceso C,20.65224192,-100.4313957,18.327551020408162,38.03333333333334,7,True,43.71088435374149
2517,25.4,341.0,C51,33,9,2517|2214|2215|2216|2217|2218|2219|2032|2023|2024|2856|1439|1438|2537|1920|1921|4241|2310|2311|2312|2313|3283|5197|4143|3284|4256|2338|2339|3294|2340|3295|2341|3025,341|321|376|386|98|90|325|324|344,Av. 26/Calle Gustavo Díaz Ordaz,20.56628743,-100.3832707,17.251659451659453,33.56666666666667,7,True,42.651659451659455
4133,25.416666666666668,341.0,C51,26,7,4133|2913|2914|2915|2916|2917|2918|2919|2920|2921|2922|2923|2924|2984|2858|2859|2860|2220|2337|2338|2339|3294|2340|3295|2341|3025,341|377|354|325|351|375|344,Camino A San Pedro Mártir/Calle Azucenas,20.618658057354,-100.45834161236,17.251659451659453,53.86190476190476,7,True,42.66832611832612
2366,25.433333333333334,325.0,C34,34,5,2366|2173|2174|2175|2176|2177|2178|2042|2043|2044|1973|1974|4435|1979|1980|1977|1976|5157|5158|5159|5160|3061|2014|2015|1983|1915|2392|2338|2339|3294|2340|3295|2341|3025,325|163|160|324|344,Carr. Chichimequillas/21 de Junio,20.652963795678,-100.38711331105,10.070466058763932,44.01428571428572,7,True,35.503799392097264
2285,25.450000000000003,374.0,T06,20,7,2285|3339|2286|2897|2287|3340|2074|2288|2080|2859|2860|2220|2337|2338|2339|3294|2340|3295|2341|3025,374|255|358|325|351|375|344,Blvd. Peña Flor/Guayaquiri,20.643797500732,-100.45969480933,20.628968253968253,54.18809523809524,7,True,46.078968253968256
2545,25.450000000000003,326.0,C35,33,6,2545|2546|2303|2304|2305|2306|2307|2308|2028|2029|2030|2031|2309|1919|1920|1921|4241|2310|2311|2312|2313|3283|5197|4143|3284|4256|2338|2339|3294|2340|3295|2341|3025,326|319|134|325|324|344,Calle 25/Av. 12,20.56938785,-100.3922179,10.968287740628165,36.733333333333334,7,True,36.418287740628166
3163,25.46666666666667,342.0,C52,20,10,3163|4045|3164|3165|2610|2611|2074|2288|2080|2859|2860|2220|2337|2338|2339|3294|2340|3295|2341|3025,342|323|245|374|255|358|325|351|375|344,Av Popocatépetl/Secundaria Técnica 14,20.64527462,-100.4503654,9.03374741200828,46.771428571428565,7,True,34.50041407867495
2975,25.474999999999994,370.0,T02,28,6,2975|3620|2976|3621|2977|3622|1306|1432|1433|1434|3297|4241|2310|2311|2312|2313|3283|5197|4143|3284|4256|2338|2339|3294|2340|3295|2341|3025,370|90|97|325|324|344,Calle México Oriente/Calle San Luis Potosí Oriente,20.551200782399,-100.41258421831,11.796949404761907,41.92142857142857,7,True,37.2719494047619
2869,25.483333333333327,336.0,C46,28,6,2869|2072|2070|2162|2163|2186|2187|2071|2880|2881|2882|2883|2884|2885|2886|2887|2888|2889|3362|3363|4256|2338|2339|3294|2340|3295|2341|3025,336|163|334|371|350|344,Av. Cerro Sombrerete/Soriana Hiper,20.64142817,-100.4152299,12.644407008086255,42.699999999999996,7,True,38.12774034141958
2263,25.51666666666667,336.0,C46,30,5,2263|3023|2264|4393|2199|1762|1763|2200|4430|1764|1765|1766|2201|4241|2310|2311|2312|2313|3283|5197|4143|3284|4256|2338|2339|3294|2340|3295|2341|3025,336|338|325|324|344,Av. Candiles/La Ampliación,20.55635,-100.4119093,12.644407008086255,38.44761904761905,7,True,38.16107367475293
2171,25.533333333333335,163.0,L110,35,5,2171|2172|2173|2174|2175|2176|2177|2178|2042|2043|2044|1973|1974|4435|1979|1980|1977|1976|5157|5158|5159|5160|3061|2014|2015|1983|1915|2392|2338|2339|3294|2340|3295|2341|3025,163|325|160|324|344,Carr. Chichimequillas/Nuevo León,20.653475183046,-100.38300756249,20.71468253968254,42.25,7,True,46.24801587301587
3041,25.566666666666663,345.0,C55,31,5,3041|3042|3043|3044|3107|3108|3109|3115|3116|3117|3118|5165|5166|5174|5167|2861|2862|2886|2887|2888|2889|3362|3363|4256|2338|2339|3294|2340|3295|2341|3025,345|346|336|350|344,Calle Plateros/Calle Paileros,20.62920468,-100.3953761,6.4323383084577115,28.238095238095237,7,True,31.999004975124375
3301,25.59166666666666,255.0,T11,30,6,3301|1300|1301|1302|1761|1303|1304|1305|1306|1432|1433|1434|3297|4241|2310|2311|2312|2313|3283|5197|4143|3284|4256|2338|2339|3294|2340|3295|2341|3025,255|90|97|325|324|344,Av. Paseo Constituyentes/Prol. Cuauhtémoc,20.53189994,-100.4434721,13.954024943310655,42.759523809523806,7,True,39.54569160997732
2648,25.650000000000002,337.0,C47,31,8,2648|2231|2232|2629|2478|2308|2028|2029|2030|2031|2309|1919|1920|1921|4241|2310|2311|2312|2313|3283|5197|4143|3284|4256|2338|2339|3294|2340|3295|2341|3025,337|341|334|319|134|325|324|344,Av. Luis Vega Monrroy/Prol. Corregidora Sur,20.575723,-100.384261,11.736904761904764,25.857142857142858,7,True,37.386904761904766
1298,25.674999999999994,97.0,C22,31,5,1298|1299|1300|1301|1302|1761|1303|1304|1305|1306|1432|1433|1434|3297|4241|2310|2311|2312|2313|3283|5197|4143|3284|4256|2338|2339|3294|2340|3295|2341|3025,97|90|325|324|344,Heroico Colegio Militar/Ignacio Allende,20.533641987767,-100.44032115654,14.923809523809528,43.58333333333333,7,True,40.59880952380952
3112,25.699999999999992,345.0,C55,28,7,3112|2072|2070|2162|2163|2186|2187|2071|2880|2881|2882|2883|2884|2885|2886|2887|2888|2889|3362|3363|4256|2338|2339|3294|2340|3295|2341|3025,345|163|334|336|371|350|344,Blvd. de la Nación/Rivera Tropical,20.64231339,-100.4133169,6.4323383084577115,44.452380952380956,7,True,32.132338308457705
2292,25.699999999999996,319.0,C24,27,5,2292|2293|2294|2295|2296|2418|2419|5180|2672|2201|4241|2310|2311|2312|2313|3283|5197|4143|3284|4256|2338|2339|3294|2340|3295|2341|3025,319|338|325|324|344,Blvd. de Las Américas/Río Támesis,20.55126444,-100.3935026,4.469736842105263,32.81666666666667,7,True,30.16973684210526
2079,25.7,245.0,C58,26,6,2079|2874|2875|2182|2876|2877|2878|2879|2228|2229|2329|2330|2331|2332|2333|2334|2335|2336|2337|2338|2339|3294|2340|3295|2341|3025,245|336|350|347|375|344,Santiago Zacatlán/Itq Plantel Norte,20.657372292389,-100.39040821092,23.286796536796537,50.023809523809526,7,True,48.98679653679653
2555,25.700000000000003,326.0,C35,30,4,2555|3657|1970|5214|1971|1972|1973|1974|4435|1979|1980|1977|1976|5157|5158|5159|5160|3061|2014|2015|1983|1915|2392|2338|2339|3294|2340|3295|2341|3025,326|160|324|344,Camino Real/Arroyo Hondo,20.647897511501,-100.37960597822,10.968287740628165,41.36666666666667,7,True,36.668287740628166
3435,25.700000000000003,350.0,C62,26,8,3435|3418|3419|3420|3421|3422|2578|2579|2920|2921|2922|2923|2924|2984|2858|2859|2860|2220|2337|2338|2339|3294|2340|3295|2341|3025,350|340|342|354|325|351|375|344,Av. Sol Niño/Av. Laguna,20.62165337,-100.4443848,15.95847338935574,39.11904761904763,7,True,41.65847338935574
2449,25.75,134.0,C26,32,6,2449|2404|2405|2020|2021|2450|2451|1471|1470|1469|1439|1438|2537|1920|1921|4241|2310|2311|2312|2313|3283|5197|4143|3284|4256|2338|2339|3294|2340|3295|2341|3025,134|325|352|90|324|344,Av. Colinas del Cimatario/Cerro del Tesoro,20.56868489113,-100.37099598933,7.951547619047619,40.96666666666666,7,True,33.701547619047616
1926,25.750000000000004,333.0,C42,30,7,1926|2203|1895|1896|1897|2454|2453|1881|1879|1918|1919|1920|1921|4241|2310|2311|2312|2313|3283|5197|4143|3284|4256|2338|2339|3294|2340|3295|2341|3025,333|134|369|326|325|324|344,Ignacio Zaragoza/Ignacio Allende,20.587967,-100.3922565,2.5233333333333334,22.514285714285712,7,True,28.273333333333337
2630,25.766666666666666,347.0,C57,27,6,2630|3605|2230|2185|2186|2187|2071|2880|2881|2882|2883|2884|2885|2886|2887|2888|2889|3362|3363|4256|2338|2339|3294|2340|3295|2341|3025,347|334|336|371|350|344,Pirita,20.64762104,-100.3982736,9.672023809523807,38.25238095238095,7,True,35.43869047619047
2480,25.783333333333335,350.0,C62,23,6,2480|2481|2482|2679|2483|2228|2229|2329|2330|2331|2332|2333|2334|2335|2336|2337|2338|2339|3294|2340|3295|2341|3025,350|343|336|347|375|344,Cuarzo,20.66150029,-100.400594,15.95847338935574,44.33333333333333,7,True,41.74180672268908
2806,25.791666666666664,364.0,L159,18,7,2806|2807|2808|2809|2810|2288|2080|2859|2860|2220|2337|2338|2339|3294|2340|3295|2341|3025,364|255|358|325|351|375|344,Paseo Jurica/Bahía Vi,20.66406174,-100.4428306,24.902380952380952,52.02380952380952,7,True,50.694047619047616
3092,25.81666666666667,343.0,C53,24,6,3092|3093|2481|2482|2679|2483|2228|2229|2329|2330|2331|2332|2333|2334|2335|2336|2337|2338|2339|3294|2340|3295|2341|3025,343|350|336|347|375|344,Calle Granito/Calle Laja,20.66448101,-100.3974855,8.926388888888889,47.45,7,True,34.74305555555556
2573,25.83333333333334,245.0,C58,19,8,2573|2574|2575|2610|2611|2074|2288|2080|2859|2860|2220|2337|2338|2339|3294|2340|3295|2341|3025,245|374|255|358|325|351|375|344,Nahuas,20.63438853,-100.4593838,23.286796536796537,50.4952380952381,7,True,49.12012987012987
2373,25.866666666666667,326.0,C35,34,4,2373|3535|1968|1969|2176|2177|2178|2042|2043|2044|1973|1974|4435|1979|1980|1977|1976|5157|5158|5159|5160|3061|2014|2015|1983|1915|2392|2338|2339|3294|2340|3295|2341|3025,326|160|324|344,Carr. Chichimequillas/Calle Alamo,20.65578130363,-100.37631181774,10.968287740628165,44.71666666666666,7,True,36.83495440729483
4249,25.86666666666667,354.0,C68,21,11,4249|4250|3483|3164|3165|2610|2611|2074|2288|2080|2859|2860|2220|2337|2338|2339|3294|2340|3295|2341|3025,354|342|323|245|374|255|358|325|351|375|344,Calle Pico de Orizaba/Calle Cordillera de Los Andes,20.64606952,-100.4521802,20.138253968253967,50.804761904761904,7,True,46.00492063492064
1431,25.874999999999993,90.0,L51,31,5,1431|4111|1300|1301|1302|1761|1303|1304|1305|1306|1432|1433|1434|3297|4241|2310|2311|2312|2313|3283|5197|4143|3284|4256|2338|2339|3294|2340|3295|2341|3025,90|97|325|324|344,Benito Juárez/Gral. Guadalupe Victoria,20.525701885178,-100.44090920308,12.180137844611535,38.5452380952381,7,True,38.05513784461153
3686,25.883333333333333,322.0,C29,34,10,3686|2517|2214|2215|2216|2217|2218|2219|2032|2023|2024|2856|1439|1438|2537|1920|1921|4241|2310|2311|2312|2313|3283|5197|4143|3284|4256|2338|2339|3294|2340|3295|2341|3025,322|341|321|376|386|98|90|325|324|344,Av. Presidentes/Miguel Alemán Valdés,20.566336057449,-100.38473349935,13.388293650793653,35.75,7,True,39.27162698412698
5181,25.900000000000002,319.0,C24,29,5,5181|5182|5183|2308|2028|2029|2030|2031|2309|1919|1920|1921|4241|2310|2311|2312|2313|3283|5197|4143|3284|4256|2338|2339|3294|2340|3295|2341|3025,319|134|325|324|344,Av. 4/Unidad Deportiva José María Truchuelo,20.571151528329,-100.400223362,4.469736842105263,29.466666666666665,7,True,30.369736842105265
1367,25.908333333333328,90.0,L51,32,5,1367|1431|4111|1300|1301|1302|1761|1303|1304|1305|1306|1432|1433|1434|3297|4241|2310|2311|2312|2313|3283|5197|4143|3284|4256|2338|2339|3294|2340|3295|2341|3025,90|97|325|324|344,Gral. Guadalupe Victoria/Benito Juárez,20.525561578034,-100.44096882335,12.180137844611535,38.5452380952381,7,True,38.08847117794486
2614,25.916666666666664,337.0,C47,24,7,2614|2615|2418|2419|5180|2672|2201|4241|2310|2311|2312|2313|3283|5197|4143|3284|4256|2338|2339|3294|2340|3295|2341|3025,337|234|319|338|325|324|344,Unidad Deportiva Reforma/Lomas,20.55879227,-100.3943911,11.736904761904764,37.392857142857146,7,True,37.653571428571425
1904,25.91666666666667,369.0,L62,21,8,1904|1890|1891|3640|1894|1905|2082|1884|2204|3280|4447|3281|1915|2392|2338|2339|3294|2340|3295|2341|3025,369|370|347|379|319|160|324|344,Av. Emeterio González/Canoas,20.602600357276,-100.3529545274,10.925892857142854,46.300000000000004,7,True,36.84255952380953
2519,25.93333333333333,376.0,T08,32,7,2519|3578|2216|2217|2218|2219|2032|2023|2024|2856|1439|1438|2537|1920|1921|4241|2310|2311|2312|2313|3283|5197|4143|3284|4256|2338|2339|3294|2340|3295|2341|3025,376|386|98|90|325|324|344,Av. del Parque/Home Depot,20.5644431354,-100.37624285485,8.334285714285716,34.945238095238096,7,True,34.26761904761905
3040,25.93333333333333,345.0,C55,32,5,3040|3041|3042|3043|3044|3107|3108|3109|3115|3116|3117|3118|5165|5166|5174|5167|2861|2862|2886|2887|2888|2889|3362|3363|4256|2338|2339|3294|2340|3295|2341|3025,345|346|336|350|344,Calle Plateros/Tablajeros,20.62817402,-100.3952438,6.4323383084577115,28.14047619047619,7,True,32.36567164179104
3364,25.933333333333334,343.0,C53,29,6,3364|4159|2673|3262|5070|3263|5193|2342|2343|2344|2345|1921|4241|2310|2311|2312|2313|3283|5197|4143|3284|4256|2338|2339|3294|2340|3295|2341|3025,343|333|336|325|324|344,Epigmenio González/Nestlé Querétaro,20.608440273717,-100.40671708417,8.926388888888889,12.75,7,True,34.859722222222224
2213,25.949999999999996,321.0,C27,33,9,2213|2214|2215|2216|2217|2218|2219|2032|2023|2024|2856|1439|1438|2537|1920|1921|4241|2310|2311|2312|2313|3283|5197|4143|3284|4256|2338|2339|3294|2340|3295|2341|3025,321|341|376|386|98|90|325|324|344,Prol. Luis Pasteur/Calle 5,20.564665461077,-100.38295194832,7.660822510822512,33.45,7,True,33.61082251082251
4254,25.95,345.0,C55,32,8,4254|3778|4118|4119|4120|3291|3002|3003|3004|3005|3006|3007|3008|3172|2920|2921|2922|2923|2924|2984|2858|2859|2860|2220|2337|2338|2339|3294|2340|3295|2341|3025,345|350|349|354|325|351|375|344,Carr. Campo Militar/Benito Juárez,20.59555165485,-100.41985602661,6.4323383084577115,19.233333333333338,7,True,32.38233830845771
2603,25.966666666666665,332.0,C41,26,7,2603|2289|3024|3316|3394|2265|5229|2978|2201|4241|2310|2311|2312|2313|3283|5197|4143|3284|4256|2338|2339|3294|2340|3295|2341|3025,332|374|376|338|325|324|344,Calle 25/Av. 4,20.57346884,-100.3937327,18.327551020408162,27.05,7,True,44.29421768707483
2170,25.983333333333334,163.0,L110,36,5,2170|2171|2172|2173|2174|2175|2176|2177|2178|2042|2043|2044|1973|1974|4435|1979|1980|1977|1976|5157|5158|5159|5160|3061|2014|2015|1983|1915|2392|2338|2339|3294|2340|3295|2341|3025,163|325|160|324|344,Carr. Chichimequillas/Quintana Roo,20.653691313635,-100.38092914672,20.71468253968254,43.56190476190476,7,True,46.698015873015876
3619,25.99166666666666,370.0,T02,29,6,3619|2975|3620|2976|3621|2977|3622|1306|1432|1433|1434|3297|4241|2310|2311|2312|2313|3283|5197|4143|3284|4256|2338|2339|3294|2340|3295|2341|3025,370|90|97|325|324|344,Calle México/ Calle Chiapas,20.55045402,-100.4140617,11.796949404761907,43.03809523809524,7,True,37.788616071428564
5205,25.999999999999993,408.0,C73,31,6,5205|4111|1300|1301|1302|1761|1303|1304|1305|1306|1432|1433|1434|3297|4241|2310|2311|2312|2313|3283|5197|4143|3284|4256|2338|2339|3294|2340|3295|2341|3025,408|90|97|325|324|344,Libramiento Surponiente/Embotelladora la Victoria,20.527674022185,-100.43927737547,30.109920634920638,47.69047619047619,7,True,56.10992063492063
3660,26.0,342.0,C52,20,6,3660|3166|3167|3168|3352|3353|3354|3355|2080|2859|2860|2220|2337|2338|2339|3294|2340|3295|2341|3025,342|351|358|325|375|344,Av. de la Piedra/Calle de Jade,20.6374194,-100.4492278,9.03374741200828,43.445238095238096,7,True,35.03374741200828
2169,26.033333333333335,163.0,L110,34,4,2169|3535|1968|1969|2176|2177|2178|2042|2043|2044|1973|1974|4435|1979|1980|1977|1976|5157|5158|5159|5160|3061|2014|2015|1983|1915|2392|2338|2339|3294|2340|3295|2341|3025,163|160|324|344,Baja California/León,20.656808497434,-100.38030827805,20.71468253968254,49.57619047619048,7,True,46.74801587301587
2234,26.049999999999997,331.0,C40,33,10,2234|2214|2215|2216|2217|2218|2219|2032|2023|2024|2856|1439|1438|2537|1920|1921|4241|2310|2311|2312|2313|3283|5197|4143|3284|4256|2338|2339|3294|2340|3295|2341|3025,331|321|341|376|386|98|90|325|324|344,Luis Pasteur Sur/Av. 24,20.567890712921,-100.38312848041,10.213095238095244,35.75238095238095,7,True,36.26309523809524
3701,26.05,349.0,C61,19,6,3701|4174|4175|3352|3353|3354|3355|2080|2859|2860|2220|2337|2338|2339|3294|2340|3295|2341|3025,349|351|358|325|375|344,Av. Begonias/Miguel de Campa,20.62856945,-100.4520937,18.17098214285714,48.0,7,True,44.22098214285714
3260,26.066666666666666,342.0,C52,30,8,3260|3639|3261|2673|3262|5070|3263|5193|2342|2343|2344|2345|1921|4241|2310|2311|2312|2313|3283|5197|4143|3284|4256|2338|2339|3294|2340|3295|2341|3025,342|375|343|333|336|325|324|344,Av. San Roque/Amatista,20.6036435165,-100.40199599983,9.03374741200828,13.91904761904762,7,True,35.100414078674945
2246,26.075000000000003,408.0,C73,33,6,2246|2017|2018|2019|2020|2021|2450|2451|1471|1470|1469|1439|1438|2537|1920|1921|4241|2310|2311|2312|2313|3283|5197|4143|3284|4256|2338|2339|3294|2340|3295|2341|3025,408|325|352|90|324|344,Terminal de Autobuses de Querétaro/Paradero,20.581149,-100.359176,30.109920634920638,44.219047619047615,7,True,56.184920634920644
3233,26.08333333333333,353.0,C65,21,6,3233|3234|3235|3236|2602|4253|3237|3222|3538|3283|5197|4143|3284|4256|2338|2339|3294|2340|3295|2341|3025,353|345|323|348|324|344,Hacienda San Juan/Hacienda Parian,20.59770605,-100.4349637,7.696130952380956,33.46904761904762,7,True,33.77946428571428
3641,26.083333333333336,375.0,T07,33,7,3641|2302|2303|2304|2305|2306|2307|2308|2028|2029|2030|2031|2309|1919|1920|1921|4241|2310|2311|2312|2313|3283|5197|4143|3284|4256|2338|2339|3294|2340|3295|2341|3025,375|326|319|134|325|324|344,Av. 8/Calle 33,20.570887701107,-100.39522628375,10.563690476190475,35.0452380952381,7,True,36.64702380952381
4266,26.116666666666667,255.0,T11,20,7,4266|2605|4270|3288|3289|3290|2606|2288|2080|2859|2860|2220|2337|2338|2339|3294|2340|3295|2341|3025,255|332|358|325|351|375|344,Paseo de la República/Urban Center Juriquilla,20.648840101314,-100.43102231511,13.954024943310655,38.25,7,True,40.070691609977324
3034,26.133333333333333,96.0,C21,24,8,3034|3035|3036|2226|2164|2879|2228|2229|2329|2330|2331|2332|2333|2334|2335|2336|2337|2338|2339|3294|2340|3295|2341|3025,96|336|348|245|350|347|375|344,Calz. de la Amargura/Portal de la Alegría,20.65034838,-100.3971233,14.653571428571428,42.88809523809524,7,True,40.786904761904765
1447,26.141666666666662,90.0,L51,33,5,1447|1367|1431|4111|1300|1301|1302|1761|1303|1304|1305|1306|1432|1433|1434|3297|4241|2310|2311|2312|2313|3283|5197|4143|3284|4256|2338|2339|3294|2340|3295|2341|3025,90|97|325|324|344,Guadalupe Victoria/Francisco León de la Barra,20.524481422252,-100.43949261619,12.180137844611535,39.14523809523809,7,True,38.321804511278195
2868,26.149999999999995,336.0,C46,29,6,2868|2869|2072|2070|2162|2163|2186|2187|2071|2880|2881|2882|2883|2884|2885|2886|2887|2888|2889|3362|3363|4256|2338|2339|3294|2340|3295|2341|3025,336|163|334|371|350|344,Av. Cerro Sombrerete/Colinas de Oaxaca,20.63918504,-100.4148917,12.644407008086255,40.057142857142864,7,True,38.79440700808625
5304,26.15,283.0,C67,26,8,5304|2913|2914|2915|2916|2917|2918|2919|2920|2921|2922|2923|2924|2984|2858|2859|2860|2220|2337|2338|2339|3294|2340|3295|2341|3025,283|341|377|354|325|351|375|344,Camino A San Pedro Mártir,20.620042770207,-100.453773612,26.925661375661374,54.738095238095234,7,True,53.07566137566137
5305,26.183333333333334,283.0,C67,26,8,5305|3418|3419|3420|3421|3422|2578|2579|2920|2921|2922|2923|2924|2984|2858|2859|2860|2220|2337|2338|2339|3294|2340|3295|2341|3025,283|340|342|354|325|351|375|344,Av. de Las Fuentes/Calle Dublín,20.62255828928,-100.44704608825,26.925661375661374,44.1,7,True,53.10899470899471
3351,26.25,351.0,C63,19,6,3351|3167|3168|3352|3353|3354|3355|2080|2859|2860|2220|2337|2338|2339|3294|2340|3295|2341|3025,351|342|358|325|375|344,Av. de Las Fuentes/Calle Paseo de Las Peñas,20.63446068,-100.4508973,13.587362637362636,47.67142857142857,7,True,39.83736263736264
3893,26.266666666666662,341.0,C51,28,7,3893|2668|2669|2294|2295|2296|2418|2419|5180|2672|2201|4241|2310|2311|2312|2313|3283|5197|4143|3284|4256|2338|2339|3294|2340|3295|2341|3025,341|337|319|338|325|324|344,Calle Naranjo/Calle Antonio Acona,20.555332241299,-100.40127846013,17.251659451659453,39.93571428571429,7,True,43.518326118326115
2527,26.266666666666666,324.0,C33,31,3,2527|2528|2529|2530|2042|2043|2044|1973|1974|4435|1979|1980|1977|1976|5157|5158|5159|5160|3061|2014|2015|1983|1915|2392|2338|2339|3294|2340|3295|2341|3025,324|160|344,10 de Diciembre/Buenos Aires,20.644494869809,-100.38735115985,14.674867724867724,50.18571428571429,7,True,40.94153439153439
3162,26.3,342.0,C52,21,10,3162|3163|4045|3164|3165|2610|2611|2074|2288|2080|2859|2860|2220|2337|2338|2339|3294|2340|3295|2341|3025,342|323|245|374|255|358|325|351|375|344,Av. Popocátepetl/Citlaltépetl,20.64746689,-100.4504787,9.03374741200828,47.83095238095238,7,True,35.33374741200828
4265,26.31666666666667,255.0,T11,21,6,4265|2730|2731|2732|2733|2734|2735|2606|2288|2080|2859|2860|2220|2337|2338|2339|3294|2340|3295|2341|3025,255|358|325|351|375|344,Paseo de la República/Av. Pueblo Jurica,20.679536111111,-100.43504166667,13.954024943310655,44.733333333333334,7,True,40.27069160997733
3033,26.333333333333332,96.0,C21,25,8,3033|3034|3035|3036|2226|2164|2879|2228|2229|2329|2330|2331|2332|2333|2334|2335|2336|2337|2338|2339|3294|2340|3295|2341|3025,96|336|348|245|350|347|375|344,Portal de la Alegría/Calz. de la Amargura,20.65008016,-100.3966554,14.653571428571428,42.43095238095238,7,True,40.98690476190476
3439,26.35,283.0,C67,18,7,3439|4175|3352|3353|3354|3355|2080|2859|2860|2220|2337|2338|2339|3294|2340|3295|2341|3025,283|349|351|358|325|375|344,Av. de Las Fuentes/Calle Marsella,20.62648148,-100.4479517,26.925661375661374,49.04047619047619,7,True,53.27566137566137
3710,26.400000000000002,283.0,C67,21,8,3710|2285|3339|2286|2897|2287|3340|2074|2288|2080|2859|2860|2220|2337|2338|2339|3294|2340|3295|2341|3025,283|374|255|358|325|351|375|344,Blvd. Peña Flor/Calle Peña Negra,20.644170684736,-100.46184466223,26.925661375661374,57.292857142857144,7,True,53.325661375661376
1925,26.400000000000002,333.0,C42,31,7,1925|1926|2203|1895|1896|1897|2454|2453|1881|1879|1918|1919|1920|1921|4241|2310|2311|2312|2313|3283|5197|4143|3284|4256|2338|2339|3294|2340|3295|2341|3025,333|134|369|326|325|324|344,Ignacio Zaragoza/Vicente Guerrero Salesiano,20.5872676,-100.3943766,2.5233333333333334,22.73333333333333,7,True,28.923333333333336
1297,26.408333333333328,97.0,C22,32,5,1297|1298|1299|1300|1301|1302|1761|1303|1304|1305|1306|1432|1433|1434|3297|4241|2310|2311|2312|2313|3283|5197|4143|3284|4256|2338|2339|3294|2340|3295|2341|3025,97|90|325|324|344,Heroico Colegio Militar/Pipila,20.535731649042,-100.44058964394,14.923809523809528,44.523809523809526,7,True,41.332142857142856
1366,26.408333333333328,90.0,L51,34,5,1366|1447|1367|1431|4111|1300|1301|1302|1761|1303|1304|1305|1306|1432|1433|1434|3297|4241|2310|2311|2312|2313|3283|5197|4143|3284|4256|2338|2339|3294|2340|3295|2341|3025,90|97|325|324|344,Lic. Luis Echeverría Álvarez/Gral. Guadalupe Victoria,20.523212088793,-100.43791040999,12.180137844611535,39.57857142857143,7,True,38.58847117794486
2401,26.416666666666664,322.0,C29,34,7,2401|2402|2403|2404|2405|2020|2021|2450|2451|1471|1470|1469|1439|1438|2537|1920|1921|4241|2310|2311|2312|2313|3283|5197|4143|3284|4256|2338|2339|3294|2340|3295|2341|3025,322|134|325|352|90|324|344,Plaza San Juan de Letrán/Pza. San Joaquín,20.570127927248,-100.37626142629,13.388293650793653,42.74761904761905,7,True,39.80496031746031
3417,26.416666666666668,340.0,C50,26,7,3417|3418|3419|3420|3421|3422|2578|2579|2920|2921|2922|2923|2924|2984|2858|2859|2860|2220|2337|2338|2339|3294|2340|3295|2341|3025,340|342|354|325|351|375|344,Calle Marsella/Av. de Las Fuentes,20.62683236,-100.4483918,21.20068027210884,48.53095238095238,7,True,47.61734693877551
3927,26.433333333333334,341.0,C51,27,7,3927|4133|2913|2914|2915|2916|2917|2918|2919|2920|2921|2922|2923|2924|2984|2858|2859|2860|2220|2337|2338|2339|3294|2340|3295|2341|3025,341|377|354|325|351|375|344,Camino A San Pedro Mártir/San Isidro,20.617883675789,-100.46098231287,17.251659451659453,53.857142857142854,7,True,43.68499278499279
4437,26.433333333333337,358.0,L118,21,6,4437|2730|2731|2732|2733|2734|2735|2606|2288|2080|2859|2860|2220|2337|2338|2339|3294|2340|3295|2341|3025,358|255|325|351|375|344,A Pueblo Jurica/Antea Lifestyle,20.678008591163,-100.4376526767,14.601785714285713,51.285714285714285,7,True,41.03511904761905
3596,26.45,396.0,T16,30,6,3596|1473|1474|1476|1472|1471|1470|1469|1439|1438|2537|1920|1921|4241|2310|2311|2312|2313|3283|5197|4143|3284|4256|2338|2339|3294|2340|3295|2341|3025,396|352|90|325|324|344,Prol. Bernardo Quintana/Centro de Conciliación Laboral del Estado de Querétaro,20.57642214,-100.3606021,12.226587301587305,40.84047619047619,7,True,38.676587301587304
3434,26.450000000000003,350.0,C62,27,8,3434|3435|3418|3419|3420|3421|3422|2578|2579|2920|2921|2922|2923|2924|2984|2858|2859|2860|2220|2337|2338|2339|3294|2340|3295|2341|3025,350|340|342|354|325|351|375|344,Av. Sol Niño/Av. Geiser,20.61938823,-100.4440326,15.95847338935574,42.280952380952385,7,True,42.40847338935574
2325,26.48333333333333,338.0,C48,29,8,2325|2326|3606|2484|3031|3050|3051|3052|3053|3054|3055|3056|3057|3058|3059|3060|3061|2014|2015|1983|1915|2392|2338|2339|3294|2340|3295|2341|3025,338|348|346|321|345|160|324|344,Costureras,20.64441803,-100.405189,10.371949404761907,37.971428571428575,7,True,36.85528273809524
2600,26.483333333333338,334.0,C43,34,7,2600|2545|2546|2303|2304|2305|2306|2307|2308|2028|2029|2030|2031|2309|1919|1920|1921|4241|2310|2311|2312|2313|3283|5197|4143|3284|4256|2338|2339|3294|2340|3295|2341|3025,334|326|319|134|325|324|344,Calle 37/Av. 14,20.567909,-100.394742,12.461666666666664,38.016666666666666,7,True,38.945
2190,26.49166666666666,128.0,L100,31,7,2190|3301|1300|1301|1302|1761|1303|1304|1305|1306|1432|1433|1434|3297|4241|2310|2311|2312|2313|3283|5197|4143|3284|4256|2338|2339|3294|2340|3295|2341|3025,128|255|90|97|325|324|344,Terminal Balvanera,20.532858120622,-100.44963555034,25.417559523809526,46.94761904761905,7,True,51.90922619047619
2520,26.499999999999996,138.0,C30,33,8,2520|2409|2410|2411|2412|2218|2219|2032|2023|2024|2856|1439|1438|2537|1920|1921|4241|2310|2311|2312|2313|3283|5197|4143|3284|4256|2338|2339|3294|2340|3295|2341|3025,138|98|376|386|90|325|324|344,Islas Aleutianas/Plaza. San Juan del Letrán,20.569765577444,-100.37746139388,11.575595238095243,40.75,7,True,38.07559523809524
2516,26.5,322.0,C29,35,10,2516|3686|2517|2214|2215|2216|2217|2218|2219|2032|2023|2024|2856|1439|1438|2537|1920|1921|4241|2310|2311|2312|2313|3283|5197|4143|3284|4256|2338|2339|3294|2340|3295|2341|3025,322|341|321|376|386|98|90|325|324|344,Av. 26/Calle 9,20.56617134,-100.3866291,13.388293650793653,39.9,7,True,39.888293650793656
2284,26.500000000000004,374.0,T06,21,7,2284|2285|3339|2286|2897|2287|3340|2074|2288|2080|2859|2860|2220|2337|2338|2339|3294|2340|3295|2341|3025,374|255|358|325|351|375|344,Paseo Querétaro/Pena Blanca,20.646141850513,-100.46229959235,20.628968253968253,55.699999999999996,7,True,47.12896825396825
2569,26.500000000000004,315.0,L161,16,9,2569|2611|2074|2288|2080|2859|2860|2220|2337|2338|2339|3294|2340|3295|2341|3025,315|245|374|255|358|325|351|375|344,Brisa,20.63514508,-100.4432785,17.96190476190476,44.46190476190476,7,True,44.46190476190476
1446,26.54166666666666,90.0,L51,35,5,1446|1366|1447|1367|1431|4111|1300|1301|1302|1761|1303|1304|1305|1306|1432|1433|1434|3297|4241|2310|2311|2312|2313|3283|5197|4143|3284|4256|2338|2339|3294|2340|3295|2341|3025,90|97|325|324|344,Emilio Portes Gil/Lic. Luis Echeverría Álvarez,20.522411,-100.438496,12.180137844611535,39.878571428571426,7,True,38.721804511278194
1430,26.54166666666666,366.0,L57,32,6,1430|1431|4111|1300|1301|1302|1761|1303|1304|1305|1306|1432|1433|1434|3297|4241|2310|2311|2312|2313|3283|5197|4143|3284|4256|2338|2339|3294|2340|3295|2341|3025,366|90|97|325|324|344,Benito Juárez/Calle Adolfo de la Huerta,20.524219033473,-100.44214803433,16.480952380952385,41.90238095238095,7,True,43.022619047619045
2291,26.549999999999997,319.0,C24,28,5,2291|2292|2293|2294|2295|2296|2418|2419|5180|2672|2201|4241|2310|2311|2312|2313|3283|5197|4143|3284|4256|2338|2339|3294|2340|3295|2341|3025,319|338|325|324|344,Blvd. de Las Américas/Río Lerma,20.54858099,-100.3921053,4.469736842105263,34.77142857142857,7,True,31.01973684210526
2934,26.55,377.0,T09,25,9,2934|2935|5302|3702|5303|2578|2579|2920|2921|2922|2923|2924|2984|2858|2859|2860|2220|2337|2338|2339|3294|2340|3295|2341|3025,377|283|350|342|354|325|351|375|344,Prol. Bernardo Quintana/Limas,20.61707745,-100.4506523,23.949319727891154,53.41666666666667,7,True,50.499319727891155
3494,26.56666666666667,342.0,C52,28,8,3494|2317|3292|2318|3293|2319|2320|2321|2221|2222|2223|2224|2861|2862|2886|2887|2888|2889|3362|3363|4256|2338|2339|3294|2340|3295|2341|3025,342|345|375|96|371|336|350|344,Av. San Roque/Esmeralda,20.60362276,-100.4028134,9.03374741200828,12.178571428571429,7,True,35.60041407867495
2544,26.583333333333336,326.0,C35,34,6,2544|2545|2546|2303|2304|2305|2306|2307|2308|2028|2029|2030|2031|2309|1919|1920|1921|4241|2310|2311|2312|2313|3283|5197|4143|3284|4256|2338|2339|3294|2340|3295|2341|3025,326|319|134|325|324|344,Calle 25/Calle 24,20.56612939,-100.39095,10.968287740628165,40.68095238095238,7,True,37.5516210739615
3039,26.616666666666664,345.0,C55,33,5,3039|3040|3041|3042|3043|3044|3107|3108|3109|3115|3116|3117|3118|5165|5166|5174|5167|2861|2862|2886|2887|2888|2889|3362|3363|4256|2338|2339|3294|2340|3295|2341|3025,345|346|336|350|344,Calle Plateros/Skate Park Plateros,20.62622943,-100.3952249,6.4323383084577115,28.309523809523807,7,True,33.049004975124376
2912,26.616666666666667,377.0,T09,26,7,2912|2913|2914|2915|2916|2917|2918|2919|2920|2921|2922|2923|2924|2984|2858|2859|2860|2220|2337|2338|2339|3294|2340|3295|2341|3025,377|341|354|325|351|375|344,Prol. Bernardo Quintana/Colegio Valladolid Querétaro,20.622334,-100.459893,23.949319727891154,52.76190476190476,7,True,50.565986394557825
2197,26.624999999999996,370.0,T02,28,6,2197|2198|1308|1309|1304|1305|1306|1432|1433|1434|3297|4241|2310|2311|2312|2313|3283|5197|4143|3284|4256|2338|2339|3294|2340|3295|2341|3025,370|90|97|325|324|344,Prol. Zaragoza/Hacienda Balvanera,20.564850001339,-100.4148747267,11.796949404761907,35.195238095238096,7,True,38.421949404761904
3700,26.650000000000002,349.0,C61,20,6,3700|3701|4174|4175|3352|3353|3354|3355|2080|2859|2860|2220|2337|2338|2339|3294|2340|3295|2341|3025,349|351|358|325|375|344,Av. Begonias/Instituto Queretano Internacional,20.62762644,-100.4534899,18.17098214285714,48.971428571428575,7,True,44.82098214285715
5093,26.683333333333334,326.0,C35,35,4,5093|2373|3535|1968|1969|2176|2177|2178|2042|2043|2044|1973|1974|4435|1979|1980|1977|1976|5157|5158|5159|5160|3061|2014|2015|1983|1915|2392|2338|2339|3294|2340|3295|2341|3025,326|160|324|344,Carr. Chichimequillas/Calle Arce,20.658069230301,-100.3749403395,10.968287740628165,46.280952380952385,7,True,37.6516210739615
2751,26.683333333333334,352.0,C64,30,6,2751|1473|1474|1476|1472|1471|1470|1469|1439|1438|2537|1920|1921|4241|2310|2311|2312|2313|3283|5197|4143|3284|4256|2338|2339|3294|2340|3295|2341|3025,352|396|90|325|324|344,Lateral Querétaro A Mexico/Comercial Mexicana,20.57936161194,-100.37333956928,7.351785714285714,37.44047619047619,7,True,34.03511904761905
4255,26.7,325.0,C34,35,5,4255|2366|2173|2174|2175|2176|2177|2178|2042|2043|2044|1973|1974|4435|1979|1980|1977|1976|5157|5158|5159|5160|3061|2014|2015|1983|1915|2392|2338|2339|3294|2340|3295|2341|3025,325|163|160|324|344,Carr. Chichimequillas/Calle 26 de Enero,20.648856343262,-100.39125023791,10.070466058763932,46.97380952380952,7,True,36.77046605876393
2301,26.700000000000003,375.0,T07,34,7,2301|3641|2302|2303|2304|2305|2306|2307|2308|2028|2029|2030|2031|2309|1919|1920|1921|4241|2310|2311|2312|2313|3283|5197|4143|3284|4256|2338|2339|3294|2340|3295|2341|3025,375|326|319|134|325|324|344,Calle 41/Av. 8,20.57045758,-100.3964362,10.563690476190475,35.71904761904762,7,True,37.263690476190476
2974,26.708333333333325,370.0,T02,30,6,2974|3619|2975|3620|2976|3621|2977|3622|1306|1432|1433|1434|3297|4241|2310|2311|2312|2313|3283|5197|4143|3284|4256|2338|2339|3294|2340|3295|2341|3025,370|90|97|325|324|344,Calle Michoacán/Calle México,20.55048539,-100.4164182,11.796949404761907,41.804761904761904,7,True,38.50528273809523
3327,26.716666666666665,341.0,C51,25,8,3327|2614|2615|2418|2419|5180|2672|2201|4241|2310|2311|2312|2313|3283|5197|4143|3284|4256|2338|2339|3294|2340|3295|2341|3025,341|337|234|319|338|325|324|344,Calle 37/Calle Antonio de Carranza,20.55908154,-100.3922422,17.251659451659453,42.68809523809524,7,True,43.96832611832612
3086,26.733333333333327,339.0,C49,26,5,3086|3087|2185|2186|2187|2071|2880|2881|2882|2883|2884|2885|2886|2887|2888|2889|3362|3363|4256|2338|2339|3294|2340|3295|2341|3025,339|336|371|350|344,Calz. de Las Lágrimas/Unidad Deportiva Belén,20.65044026,-100.404875,10.83714285714286,41.28809523809524,7,True,37.570476190476185
2518,26.73333333333333,376.0,T08,33,7,2518|2519|3578|2216|2217|2218|2219|2032|2023|2024|2856|1439|1438|2537|1920|1921|4241|2310|2311|2312|2313|3283|5197|4143|3284|4256|2338|2339|3294|2340|3295|2341|3025,376|386|98|90|325|324|344,Blvd. Centro Sur/Av. del Parque,20.562368297401,-100.3744269192,8.334285714285716,35.971428571428575,7,True,35.06761904761905
3467,26.75,345.0,C55,27,5,3467|3468|3469|3470|3471|3472|3473|3474|3475|2996|2997|2998|2999|3935|3490|3491|3773|3492|3284|4256|2338|2339|3294|2340|3295|2341|3025,345|342|380|324|344,Av. Bellavista/Entrada Rancho Bellavista,20.61014588,-100.4480103,6.4323383084577115,32.55,7,True,33.18233830845771
3091,26.750000000000004,343.0,C53,25,6,3091|3092|3093|2481|2482|2679|2483|2228|2229|2329|2330|2331|2332|2333|2334|2335|2336|2337|2338|2339|3294|2340|3295|2341|3025,343|350|336|347|375|344,Calle Limo/Calle Laja,20.66422077,-100.3948379,8.926388888888889,48.55,7,True,35.676388888888894
2891,26.76666666666667,341.0,C51,31,7,2891|2231|2232|2629|2478|2308|2028|2029|2030|2031|2309|1919|1920|1921|4241|2310|2311|2312|2313|3283|5197|4143|3284|4256|2338|2339|3294|2340|3295|2341|3025,341|334|319|134|325|324|344,Prol. Corregidora Sur/General Lázaro Cárdenas,20.57879211,-100.386182,17.251659451659453,27.104761904761908,7,True,44.01832611832612
5200,26.78333333333334,345.0,C55,28,7,5200|2317|3292|2318|3293|2319|2320|2321|2221|2222|2223|2224|2861|2862|2886|2887|2888|2889|3362|3363|4256|2338|2339|3294|2340|3295|2341|3025,345|375|96|371|336|350|344,Calle Nicolás Bravo/Calle Primavera,20.599984539434,-100.39884877864,6.4323383084577115,5.0,7,True,33.21567164179105
1365,26.79166666666666,90.0,L51,36,5,1365|1446|1366|1447|1367|1431|4111|1300|1301|1302|1761|1303|1304|1305|1306|1432|1433|1434|3297|4241|2310|2311|2312|2313|3283|5197|4143|3284|4256|2338|2339|3294|2340|3295|2341|3025,90|97|325|324|344,Gral. Ávila Camacho/Emilio Portes Gil,20.52117873662,-100.43705268669,12.180137844611535,41.06904761904762,7,True,38.971804511278194
1949,26.799999999999997,112.0,L103,14,5,1949|1950|1951|1952|3281|1915|2392|2338|2339|3294|2340|3295|2341|3025,112|319|160|324|344,Anillo Vial Fray Junípero Serra/Paseo Querétaro,20.633207484812,-100.35655345181,10.133333333333338,36.75,7,True,36.93333333333334
5119,26.81666666666666,408.0,C73,32,6,5119|5205|4111|1300|1301|1302|1761|1303|1304|1305|1306|1432|1433|1434|3297|4241|2310|2311|2312|2313|3283|5197|4143|3284|4256|2338|2339|3294|2340|3295|2341|3025,408|90|97|325|324|344,Libramiento Surponiente/Calle Hércules,20.52634146216,-100.43541525601,30.109920634920638,51.57142857142857,7,True,56.9265873015873
2448,26.816666666666666,134.0,C26,33,6,2448|2449|2404|2405|2020|2021|2450|2451|1471|1470|1469|1439|1438|2537|1920|1921|4241|2310|2311|2312|2313|3283|5197|4143|3284|4256|2338|2339|3294|2340|3295|2341|3025,134|325|352|90|324|344,Av. Colinas del Cimatario/Cerro del Peñón,20.56518096121,-100.36975774062,7.951547619047619,40.90952380952381,7,True,34.768214285714286
2283,26.81666666666667,316.0,C71,22,8,2283|2284|2285|3339|2286|2897|2287|3340|2074|2288|2080|2859|2860|2220|2337|2338|2339|3294|2340|3295|2341|3025,316|374|255|358|325|351|375|344,Paseo Querétaro/Calle Maciso Tibesti,20.646578132957,-100.46336904183,28.520476190476188,56.37619047619047,7,True,55.33714285714286
2168,26.833333333333336,163.0,L110,35,4,2168|2169|3535|1968|1969|2176|2177|2178|2042|2043|2044|1973|1974|4435|1979|1980|1977|1976|5157|5158|5159|5160|3061|2014|2015|1983|1915|2392|2338|2339|3294|2340|3295|2341|3025,163|160|324|344,Aguascalientes/Tijuana,20.657262661062,-100.38402446917,20.71468253968254,49.266666666666666,7,True,47.54801587301587
2867,26.849999999999994,336.0,C46,30,6,2867|2868|2869|2072|2070|2162|2163|2186|2187|2071|2880|2881|2882|2883|2884|2885|2886|2887|2888|2889|3362|3363|4256|2338|2339|3294|2340|3295|2341|3025,336|163|334|371|350|344,Av. Cerro Sombrerete/Carpinova Premium,20.63683031,-100.4145499,12.644407008086255,33.96666666666667,7,True,39.49440700808625
2515,26.85,322.0,C29,36,10,2515|2516|3686|2517|2214|2215|2216|2217|2218|2219|2032|2023|2024|2856|1439|1438|2537|1920|1921|4241|2310|2311|2312|2313|3283|5197|4143|3284|4256|2338|2339|3294|2340|3295|2341|3025,322|341|321|376|386|98|90|325|324|344,Av. 26/Calle 13,20.56582156,-100.3875903,13.388293650793653,40.46666666666666,7,True,40.23829365079365
2572,26.850000000000005,245.0,C58,20,8,2572|2573|2574|2575|2610|2611|2074|2288|2080|2859|2860|2220|2337|2338|2339|3294|2340|3295|2341|3025,245|374|255|358|325|351|375|344,Toltecas,20.63329146,-100.4625604,23.286796536796537,52.2047619047619,7,True,50.13679653679654
3600,26.866666666666664,319.0,C24,29,5,3600|2291|2292|2293|2294|2295|2296|2418|2419|5180|2672|2201|4241|2310|2311|2312|2313|3283|5197|4143|3284|4256|2338|2339|3294|2340|3295|2341|3025,319|338|325|324|344,Blvd. de Las Américas/Av. Candiles,20.54761509,-100.3915605,4.469736842105263,36.142857142857146,7,True,31.336403508771927
4138,26.88333333333333,322.0,C29,29,6,4138|2291|2292|2293|2294|2295|2296|2418|2419|5180|2672|2201|4241|2310|2311|2312|2313|3283|5197|4143|3284|4256|2338|2339|3294|2340|3295|2341|3025,322|319|338|325|324|344,P/2528 Av. Candiles/Blvd. de Las Américas,20.547651598208,-100.39198219649,13.388293650793653,36.142857142857146,7,True,40.27162698412698
3776,26.91666666666667,342.0,C52,30,9,3776|3000|3001|3291|3002|3003|3004|3005|3006|3007|3008|3172|2920|2921|2922|2923|2924|2984|2858|2859|2860|2220|2337|2338|2339|3294|2340|3295|2341|3025,342|345|350|349|354|325|351|375|344,Epigmenio González/Paseo 5 de Febrero,20.604583378002,-100.4154553233,9.03374741200828,17.51904761904762,7,True,35.95041407867495
1445,26.924999999999994,90.0,L51,37,5,1445|1365|1446|1366|1447|1367|1431|4111|1300|1301|1302|1761|1303|1304|1305|1306|1432|1433|1434|3297|4241|2310|2311|2312|2313|3283|5197|4143|3284|4256|2338|2339|3294|2340|3295|2341|3025,90|97|325|324|344,Gral. Ávila Camacho/Calle Francisco Carbajal,20.520380119134,-100.43770301884,12.180137844611535,41.385714285714286,7,True,39.10513784461153
2262,26.950000000000003,336.0,C46,31,5,2262|2263|3023|2264|4393|2199|1762|1763|2200|4430|1764|1765|1766|2201|4241|2310|2311|2312|2313|3283|5197|4143|3284|4256|2338|2339|3294|2340|3295|2341|3025,336|338|325|324|344,Av. Candiles/Av. Chabacano,20.552212,-100.409277,12.644407008086255,40.05,7,True,39.59440700808626
3279,26.96666666666667,350.0,C62,28,8,3279|3434|3435|3418|3419|3420|3421|3422|2578|2579|2920|2921|2922|2923|2924|2984|2858|2859|2860|2220|2337|2338|2339|3294|2340|3295|2341|3025,350|340|342|354|325|351|375|344,Av. Sol Niño/Av. Equinoccio,20.617839302721,-100.44424779583,15.95847338935574,41.945238095238096,7,True,42.92514005602241
3416,27.0,340.0,C50,27,7,3416|3417|3418|3419|3420|3421|3422|2578|2579|2920|2921|2922|2923|2924|2984|2858|2859|2860|2220|2337|2338|2339|3294|2340|3295|2341|3025,340|342|354|325|351|375|344,Calle Marshella/Diego de Mendoza Moctezuma,20.62652045,-100.4496974,21.20068027210884,50.93809523809524,7,True,48.20068027210884
5107,27.016666666666662,322.0,C29,33,8,5107|2519|3578|2216|2217|2218|2219|2032|2023|2024|2856|1439|1438|2537|1920|1921|4241|2310|2311|2312|2313|3283|5197|4143|3284|4256|2338|2339|3294|2340|3295|2341|3025,322|376|386|98|90|325|324|344,Av. del Parque/Blvd. Centro Sur,20.562011445296,-100.3741538794,13.388293650793653,36.904761904761905,7,True,40.404960317460315
3106,27.03333333333333,345.0,C55,34,5,3106|3039|3040|3041|3042|3043|3044|3107|3108|3109|3115|3116|3117|3118|5165|5166|5174|5167|2861|2862|2886|2887|2888|2889|3362|3363|4256|2338|2339|3294|2340|3295|2341|3025,345|346|336|350|344,Calle Plateros/Calle Industriales,20.625063,-100.395277,6.4323383084577115,26.485714285714284,7,True,33.46567164179104
2675,27.049999999999997,341.0,C51,29,7,2675|3893|2668|2669|2294|2295|2296|2418|2419|5180|2672|2201|4241|2310|2311|2312|2313|3283|5197|4143|3284|4256|2338|2339|3294|2340|3295|2341|3025,341|337|319|338|325|324|344,Calle Naranjo/Anturio,20.55333772,-100.4013928,17.251659451659453,43.23571428571428,7,True,44.30165945165945
2543,27.05,326.0,C35,35,6,2543|2544|2545|2546|2303|2304|2305|2306|2307|2308|2028|2029|2030|2031|2309|1919|1920|1921|4241|2310|2311|2312|2313|3283|5197|4143|3284|4256|2338|2339|3294|2340|3295|2341|3025,326|319|134|325|324|344,Calle 25/Av. 26,20.564779,-100.39047,10.968287740628165,40.364285714285714,7,True,38.01828774062817
1364,27.074999999999992,90.0,L51,38,5,1364|1445|1365|1446|1366|1447|1367|1431|4111|1300|1301|1302|1761|1303|1304|1305|1306|1432|1433|1434|3297|4241|2310|2311|2312|2313|3283|5197|4143|3284|4256|2338|2339|3294|2340|3295|2341|3025,90|97|325|324|344,Gral. Ávila Camacho/Gral. Pascual Ortiz Rubio,20.519514231088,-100.43841356157,12.180137844611535,41.702380952380956,7,True,39.255137844611525
1429,27.108333333333327,366.0,L57,33,6,1429|1430|1431|4111|1300|1301|1302|1761|1303|1304|1305|1306|1432|1433|1434|3297|4241|2310|2311|2312|2313|3283|5197|4143|3284|4256|2338|2339|3294|2340|3295|2341|3025,366|90|97|325|324|344,Benito Juárez/Gral. Álvaro Obregón,20.522960631408,-100.44317584455,16.480952380952385,44.5,7,True,43.58928571428571
3350,27.133333333333333,351.0,C63,20,6,3350|3351|3167|3168|3352|3353|3354|3355|2080|2859|2860|2220|2337|2338|2339|3294|2340|3295|2341|3025,351|342|358|325|375|344,Av. de Las Fuentes/Aurrerá Satélite,20.63657153,-100.4517652,13.587362637362636,46.790476190476184,7,True,40.72069597069597
2471,27.133333333333333,396.0,T16,31,6,2471|3596|1473|1474|1476|1472|1471|1470|1469|1439|1438|2537|1920|1921|4241|2310|2311|2312|2313|3283|5197|4143|3284|4256|2338|2339|3294|2340|3295|2341|3025,396|352|90|325|324|344,Bernardo Quintana/Q7001,20.573410999676,-100.35961562965,12.226587301587305,41.86904761904761,7,True,39.35992063492064
4125,27.15,345.0,C55,33,8,4125|4254|3778|4118|4119|4120|3291|3002|3003|3004|3005|3006|3007|3008|3172|2920|2921|2922|2923|2924|2984|2858|2859|2860|2220|2337|2338|2339|3294|2340|3295|2341|3025,345|350|349|354|325|351|375|344,Carr. Campo Militar/Plaza del Manifiesto Social,20.595313523654,-100.41568324017,6.4323383084577115,15.633333333333331,7,True,33.58233830845771
2459,27.15,352.0,C64,31,6,2459|2751|1473|1474|1476|1472|1471|1470|1469|1439|1438|2537|1920|1921|4241|2310|2311|2312|2313|3283|5197|4143|3284|4256|2338|2339|3294|2340|3295|2341|3025,352|396|90|325|324|344,Cerro del Cimatario/Juventino Castro Sánchez,20.581433017684,-100.37434811343,7.351785714285714,36.54047619047619,7,True,34.50178571428571
2563,27.15,337.0,C47,25,7,2563|2614|2615|2418|2419|5180|2672|2201|4241|2310|2311|2312|2313|3283|5197|4143|3284|4256|2338|2339|3294|2340|3295|2341|3025,337|234|319|338|325|324|344,Calle 33/Andador 18,20.55947559,-100.3910849,11.736904761904764,45.11904761904763,7,True,38.88690476190476
2479,27.166666666666668,350.0,C62,24,6,2479|2480|2481|2482|2679|2483|2228|2229|2329|2330|2331|2332|2333|2334|2335|2336|2337|2338|2339|3294|2340|3295|2341|3025,350|343|336|347|375|344,Justicia,20.65873058,-100.4026268,15.95847338935574,43.92380952380953,7,True,43.12514005602241
3049,27.183333333333334,321.0,C27,28,7,3049|2630|3605|2230|2185|2186|2187|2071|2880|2881|2882|2883|2884|2885|2886|2887|2888|2889|3362|3363|4256|2338|2339|3294|2340|3295|2341|3025,321|347|334|336|371|350|344,Calle Plateros/Calle Diamante,20.6454174,-100.3951906,7.660822510822512,36.780952380952385,7,True,34.84415584415584
3032,27.183333333333334,96.0,C21,26,8,3032|3033|3034|3035|3036|2226|2164|2879|2228|2229|2329|2330|2331|2332|2333|2334|2335|2336|2337|2338|2339|3294|2340|3295|2341|3025,96|336|348|245|350|347|375|344,Av. Turmalina/Parque Portal del Bueno,20.64789859,-100.3960802,14.653571428571428,39.08571428571429,7,True,41.83690476190476
4248,27.200000000000003,354.0,C68,22,11,4248|4249|4250|3483|3164|3165|2610|2611|2074|2288|2080|2859|2860|2220|2337|2338|2339|3294|2340|3295|2341|3025,354|342|323|245|374|255|358|325|351|375|344,Blvd. Sonora/Calle 9,20.64697719,-100.4557896,20.138253968253967,55.32380952380952,7,True,47.338253968253966
3659,27.208333333333325,370.0,T02,31,6,3659|2974|3619|2975|3620|2976|3621|2977|3622|1306|1432|1433|1434|3297|4241|2310|2311|2312|2313|3283|5197|4143|3284|4256|2338|2339|3294|2340|3295|2341|3025,370|90|97|325|324|344,Michoacán/Chihuahua,20.551629955087,-100.41755937518,11.796949404761907,40.5047619047619,7,True,39.00528273809523
2261,27.21666666666667,336.0,C46,32,5,2261|2262|2263|3023|2264|4393|2199|1762|1763|2200|4430|1764|1765|1766|2201|4241|2310|2311|2312|2313|3283|5197|4143|3284|4256|2338|2339|3294|2340|3295|2341|3025,336|338|325|324|344,Av. Candiles/Mar de la Tranquilidad,20.551386,-100.408913,12.644407008086255,40.547619047619044,7,True,39.86107367475292
3488,27.216666666666672,332.0,C41,21,9,3488|2572|2573|2574|2575|2610|2611|2074|2288|2080|2859|2860|2220|2337|2338|2339|3294|2340|3295|2341|3025,332|245|374|255|358|325|351|375|344,Kiliwas/Av. de la Luz,20.63348473,-100.4634459,18.327551020408162,57.43333333333333,7,True,45.544217687074834
5149,27.250000000000004,342.0,C52,29,8,5149|3494|2317|3292|2318|3293|2319|2320|2321|2221|2222|2223|2224|2861|2862|2886|2887|2888|2889|3362|3363|4256|2338|2339|3294|2340|3295|2341|3025,342|345|375|96|371|336|350|344,Av. San Roque/Umf 10 Imss,20.60371661363,-100.40473031071,9.03374741200828,13.62857142857143,7,True,36.28374741200828
5120,27.266666666666673,369.0,L62,22,8,5120|1904|1890|1891|3640|1894|1905|2082|1884|2204|3280|4447|3281|1915|2392|2338|2339|3294|2340|3295|2341|3025,369|370|347|379|319|160|324|344,Emeterio González/Salvador Medina,20.605034998775,-100.34842744525,10.925892857142854,48.042857142857144,7,True,38.19255952380953
2372,27.283333333333335,326.0,C35,36,4,2372|5093|2373|3535|1968|1969|2176|2177|2178|2042|2043|2044|1973|1974|4435|1979|1980|1977|1976|5157|5158|5159|5160|3061|2014|2015|1983|1915|2392|2338|2339|3294|2340|3295|2341|3025,326|160|324|344,Carr. Chichimequillas/Trueno,20.660001574374,-100.37492295332,10.968287740628165,46.64761904761905,7,True,38.2516210739615
2039,27.308333333333337,382.0,T14,34,7,2039|2246|2017|2018|2019|2020|2021|2450|2451|1471|1470|1469|1439|1438|2537|1920|1921|4241|2310|2311|2312|2313|3283|5197|4143|3284|4256|2338|2339|3294|2340|3295|2341|3025,382|408|325|352|90|324|344,Luis Vega y Monroy/Estadio,20.580096332807,-100.3650521994,10.835317460317457,37.76428571428572,7,True,38.14365079365079
3466,27.316666666666666,345.0,C55,28,5,3466|3467|3468|3469|3470|3471|3472|3473|3474|3475|2996|2997|2998|2999|3935|3490|3491|3773|3492|3284|4256|2338|2339|3294|2340|3295|2341|3025,345|342|380|324|344,Av. Bellavista/Lirio,20.6085996,-100.448537,6.4323383084577115,33.28333333333333,7,True,33.74900497512438
3111,27.333333333333325,345.0,C55,29,7,3111|3112|2072|2070|2162|2163|2186|2187|2071|2880|2881|2882|2883|2884|2885|2886|2887|2888|2889|3362|3363|4256|2338|2339|3294|2340|3295|2341|3025,345|163|334|336|371|350|344,Blvd. de la Nación/Escuela Secundaria Evergreen,20.64163339,-100.4083017,6.4323383084577115,38.63333333333333,7,True,33.76567164179104
1296,27.33333333333333,97.0,C22,33,5,1296|1297|1298|1299|1300|1301|1302|1761|1303|1304|1305|1306|1432|1433|1434|3297|4241|2310|2311|2312|2313|3283|5197|4143|3284|4256|2338|2339|3294|2340|3295|2341|3025,97|90|325|324|344,Heroico Colegio Militar/Lorenzo Angeles,20.538382489085,-100.44090325583,14.923809523809528,45.66190476190476,7,True,42.25714285714285
5228,27.33333333333334,334.0,C43,35,7,5228|2600|2545|2546|2303|2304|2305|2306|2307|2308|2028|2029|2030|2031|2309|1919|1920|1921|4241|2310|2311|2312|2313|3283|5197|4143|3284|4256|2338|2339|3294|2340|3295|2341|3025,334|326|319|134|325|324|344,P/2627 Calle Rafael de la Mora/Calle 37,20.565648837356,-100.39435225878,12.461666666666664,40.259523809523806,7,True,39.795
1363,27.341666666666658,90.0,L51,39,5,1363|1364|1445|1365|1446|1366|1447|1367|1431|4111|1300|1301|1302|1761|1303|1304|1305|1306|1432|1433|1434|3297|4241|2310|2311|2312|2313|3283|5197|4143|3284|4256|2338|2339|3294|2340|3295|2341|3025,90|97|325|324|344,Lic. Luis Echeverría Álvarez/Gral. Abelardo Rodríguez,20.520250082825,-100.44033312899,12.180137844611535,42.13333333333333,7,True,39.52180451127819
2233,27.349999999999998,341.0,C51,34,10,2233|2234|2214|2215|2216|2217|2218|2219|2032|2023|2024|2856|1439|1438|2537|1920|1921|4241|2310|2311|2312|2313|3283|5197|4143|3284|4256|2338|2339|3294|2340|3295|2341|3025,341|331|321|376|386|98|90|325|324|344,C.San Diego de Los Padres/Matancillas,20.570800198098,-100.3847709752,17.251659451659453,35.05,7,True,44.60165945165945
2514,27.366666666666667,322.0,C29,37,10,2514|2515|2516|3686|2517|2214|2215|2216|2217|2218|2219|2032|2023|2024|2856|1439|1438|2537|1920|1921|4241|2310|2311|2312|2313|3283|5197|4143|3284|4256|2338|2339|3294|2340|3295|2341|3025,322|341|321|376|386|98|90|325|324|344,Av. 26/Calle 19,20.56530804,-100.3890532,13.388293650793653,41.233333333333334,7,True,40.754960317460316
2933,27.383333333333333,377.0,T09,26,9,2933|2934|2935|5302|3702|5303|2578|2579|2920|2921|2922|2923|2924|2984|2858|2859|2860|2220|2337|2338|2339|3294|2340|3295|2341|3025,377|283|350|342|354|325|351|375|344,Prol. Bernardo Quintana/Anochecer,20.61664685,-100.4483221,23.949319727891154,49.09047619047619,7,True,51.33265306122449
3038,27.383333333333333,345.0,C55,35,5,3038|3106|3039|3040|3041|3042|3043|3044|3107|3108|3109|3115|3116|3117|3118|5165|5166|5174|5167|2861|2862|2886|2887|2888|2889|3362|3363|4256|2338|2339|3294|2340|3295|2341|3025,345|346|336|350|344,Calle Plateros/Río Blanco,20.62409868,-100.3950494,6.4323383084577115,26.264285714285716,7,True,33.81567164179104
2636,27.41666666666666,337.0,C47,28,6,2636|2668|2669|2294|2295|2296|2418|2419|5180|2672|2201|4241|2310|2311|2312|2313|3283|5197|4143|3284|4256|2338|2339|3294|2340|3295|2341|3025,337|319|338|325|324|344,Calle Antonio Acona/Calle Antonio Carranza,20.5554724,-100.4047553,11.736904761904764,40.628571428571426,7,True,39.153571428571425
2743,27.41666666666667,361.0,L156,21,9,2743|2572|2573|2574|2575|2610|2611|2074|2288|2080|2859|2860|2220|2337|2338|2339|3294|2340|3295|2341|3025,361|245|374|255|358|325|351|375|344,Toltecas,20.63320741,-100.4632974,28.730158730158728,52.58333333333333,7,True,56.1468253968254
3110,27.43333333333333,338.0,C48,30,8,3110|2325|2326|3606|2484|3031|3050|3051|3052|3053|3054|3055|3056|3057|3058|3059|3060|3061|2014|2015|1983|1915|2392|2338|2339|3294|2340|3295|2341|3025,338|348|346|321|345|160|324|344,Av. Eurípides/Av. Pie de la Cuesta,20.64114896,-100.4048876,10.371949404761907,36.46666666666666,7,True,37.80528273809524
3161,27.433333333333334,342.0,C52,22,10,3161|3162|3163|4045|3164|3165|2610|2611|2074|2288|2080|2859|2860|2220|2337|2338|2339|3294|2340|3295|2341|3025,342|323|245|374|255|358|325|351|375|344,Av. Popocatepétl/Malinche,20.65045189,-100.4506436,9.03374741200828,49.21190476190476,7,True,36.46708074534161
2447,27.433333333333334,134.0,C26,34,6,2447|2448|2449|2404|2405|2020|2021|2450|2451|1471|1470|1469|1439|1438|2537|1920|1921|4241|2310|2311|2312|2313|3283|5197|4143|3284|4256|2338|2339|3294|2340|3295|2341|3025,134|325|352|90|324|344,Blvd. Centro Sur/Colinas del Cimatario,20.56319588179,-100.36900108441,7.951547619047619,37.4547619047619,7,True,35.38488095238095
2316,27.433333333333337,345.0,C55,29,7,2316|5200|2317|3292|2318|3293|2319|2320|2321|2221|2222|2223|2224|2861|2862|2886|2887|2888|2889|3362|3363|4256|2338|2339|3294|2340|3295|2341|3025,345|375|96|371|336|350|344,Calle Nicolás Bravo/Calle Segunda de Las Rosas,20.59813919,-100.3985727,6.4323383084577115,7.916666666666667,7,True,33.865671641791046
3341,27.45,386.0,AIQ01,31,7,3341|2751|1473|1474|1476|1472|1471|1470|1469|1439|1438|2537|1920|1921|4241|2310|2311|2312|2313|3283|5197|4143|3284|4256|2338|2339|3294|2340|3295|2341|3025,386|352|396|90|325|324|344,Carr. Lateral No. 57/Prol. del Cimatario,20.578686360121,-100.37669475331,7.0632653061224495,40.871428571428574,7,True,34.51326530612245
2005,27.46666666666667,344.0,C54,21,6,2005|2006|2007|2008|2009|2010|2011|2012|2013|2014|2015|1983|1915|2392|2338|2339|3294|2340|3295|2341|3025,344|339|346|336|160|324,Epigmenio González/Tecnológico de Monterrey,20.612268,-100.403628,5.4304029304029315,14.716666666666669,7,True,32.8970695970696
2568,27.46666666666667,379.0,T13,17,10,2568|2569|2611|2074|2288|2080|2859|2860|2220|2337|2338|2339|3294|2340|3295|2341|3025,379|315|245|374|255|358|325|351|375|344,Begonias,20.63239372,-100.4427278,14.040079365079364,41.878571428571426,7,True,41.50674603174603
1460,27.49166666666666,366.0,L57,34,6,1460|1429|1430|1431|4111|1300|1301|1302|1761|1303|1304|1305|1306|1432|1433|1434|3297|4241|2310|2311|2312|2313|3283|5197|4143|3284|4256|2338|2339|3294|2340|3295|2341|3025,366|90|97|325|324|344,Benito Juárez/Miguel Alemán Valdez,20.522116,-100.44387,16.480952380952385,45.154761904761905,7,True,43.97261904761905
3232,27.499999999999996,353.0,C65,22,6,3232|3233|3234|3235|3236|2602|4253|3237|3222|3538|3283|5197|4143|3284|4256|2338|2339|3294|2340|3295|2341|3025,353|345|323|348|324|344,Hacienda Tequisquiapan/Hacienda Jaral de Penas,20.59981913,-100.4337106,7.696130952380956,36.464285714285715,7,True,35.196130952380955
3130,27.5,341.0,C51,28,7,3130|3927|4133|2913|2914|2915|2916|2917|2918|2919|2920|2921|2922|2923|2924|2984|2858|2859|2860|2220|2337|2338|2339|3294|2340|3295|2341|3025,341|377|354|325|351|375|344,Calle Hidalgo/Calle Campanitas,20.61675991,-100.463591,17.251659451659453,55.214285714285715,7,True,44.75165945165945
2368,27.5,324.0,C33,37,4,2368|2372|5093|2373|3535|1968|1969|2176|2177|2178|2042|2043|2044|1973|1974|4435|1979|1980|1977|1976|5157|5158|5159|5160|3061|2014|2015|1983|1915|2392|2338|2339|3294|2340|3295|2341|3025,324|326|160|344,Carr. Chichimequillas/Trueno,20.66005603612,-100.37459500423,14.674867724867724,48.680952380952384,7,True,42.174867724867724
2282,27.500000000000004,316.0,C71,23,8,2282|2283|2284|2285|3339|2286|2897|2287|3340|2074|2288|2080|2859|2860|2220|2337|2338|2339|3294|2340|3295|2341|3025,316|374|255|358|325|351|375|344,Paseo Querétaro/Calle Monte Cárpatos,20.647670578184,-100.46562909656,28.520476190476188,57.64047619047619,7,True,56.02047619047619
2699,27.500000000000004,358.0,L118,22,6,2699|4437|2730|2731|2732|2733|2734|2735|2606|2288|2080|2859|2860|2220|2337|2338|2339|3294|2340|3295|2341|3025,358|255|325|351|375|344,Paseo de la República/Plaza Uptown,20.676561004193,-100.43401004507,14.601785714285713,50.404761904761905,7,True,42.10178571428572
1331,27.50833333333333,98.0,C23,31,7,1331|3301|1300|1301|1302|1761|1303|1304|1305|1306|1432|1433|1434|3297|4241|2310|2311|2312|2313|3283|5197|4143|3284|4256|2338|2339|3294|2340|3295|2341|3025,98|255|90|97|325|324|344,Geranios/Camino A la Negreta,20.530147018081,-100.44814738246,10.844812925170071,54.714285714285715,7,True,38.3531462585034
2458,27.516666666666666,352.0,C64,32,6,2458|2459|2751|1473|1474|1476|1472|1471|1470|1469|1439|1438|2537|1920|1921|4241|2310|2311|2312|2313|3283|5197|4143|3284|4256|2338|2339|3294|2340|3295|2341|3025,352|396|90|325|324|344,Av. Cimatario/Ingenieros,20.5832,-100.37444,7.351785714285714,35.88333333333333,7,True,34.86845238095238
3447,27.516666666666673,340.0,C50,21,9,3447|2572|2573|2574|2575|2610|2611|2074|2288|2080|2859|2860|2220|2337|2338|2339|3294|2340|3295|2341|3025,340|245|374|255|358|325|351|375|344,Calle Zacapoaxtlas/Av. de la Luz,20.63254801,-100.4638976,21.20068027210884,53.42857142857143,7,True,48.71734693877551
2290,27.53333333333333,319.0,C24,30,5,2290|3600|2291|2292|2293|2294|2295|2296|2418|2419|5180|2672|2201|4241|2310|2311|2312|2313|3283|5197|4143|3284|4256|2338|2339|3294|2340|3295|2341|3025,319|338|325|324|344,Blvd. de Las Américas/Cerro del Fraile,20.54556934,-100.3904289,4.469736842105263,38.050000000000004,7,True,32.003070175438594
2932,27.533333333333335,350.0,C62,29,8,2932|3279|3434|3435|3418|3419|3420|3421|3422|2578|2579|2920|2921|2922|2923|2924|2984|2858|2859|2860|2220|2337|2338|2339|3294|2340|3295|2341|3025,350|340|342|354|325|351|375|344,Prol. Bernardo Quintana/Calle Cenit,20.616140225007,-100.44444386944,15.95847338935574,39.128571428571426,7,True,43.49180672268908
2753,27.549999999999994,163.0,L110,29,6,2753|2076|2072|2070|2162|2163|2186|2187|2071|2880|2881|2882|2883|2884|2885|2886|2887|2888|2889|3362|3363|4256|2338|2339|3294|2340|3295|2341|3025,163|334|336|371|350|344,Palma,20.64747806,-100.4267243,20.71468253968254,54.135714285714286,7,True,48.26468253968253
2212,27.549999999999997,321.0,C27,34,9,2212|2213|2214|2215|2216|2217|2218|2219|2032|2023|2024|2856|1439|1438|2537|1920|1921|4241|2310|2311|2312|2313|3283|5197|4143|3284|4256|2338|2339|3294|2340|3295|2341|3025,321|341|376|386|98|90|325|324|344,Luis Pasteur/Calle 13,20.560536623048,-100.38307601315,7.660822510822512,35.21666666666667,7,True,35.21082251082251
2027,27.550000000000004,319.0,C24,32,7,2027|2891|2231|2232|2629|2478|2308|2028|2029|2030|2031|2309|1919|1920|1921|4241|2310|2311|2312|2313|3283|5197|4143|3284|4256|2338|2339|3294|2340|3295|2341|3025,319|341|334|134|325|324|344,Corregidora Sur/Arroyo Seco,20.580918,-100.3869931,4.469736842105263,24.28095238095238,7,True,32.01973684210527
1362,27.558333333333323,90.0,L51,40,5,1362|1363|1364|1445|1365|1446|1366|1447|1367|1431|4111|1300|1301|1302|1761|1303|1304|1305|1306|1432|1433|1434|3297|4241|2310|2311|2312|2313|3283|5197|4143|3284|4256|2338|2339|3294|2340|3295|2341|3025,90|97|325|324|344,Lic. Gustavo Díaz Ordaz/Lic. Luis Echeverría Álvarez,20.519358773937,-100.44182569296,12.180137844611535,42.51904761904762,7,True,39.73847117794486
3775,27.58333333333334,342.0,C52,31,9,3775|3776|3000|3001|3291|3002|3003|3004|3005|3006|3007|3008|3172|2920|2921|2922|2923|2924|2984|2858|2859|2860|2220|2337|2338|2339|3294|2340|3295|2341|3025,342|345|350|349|354|325|351|375|344,Epigmenio González/Acceso I,20.604700750732,-100.41375194911,9.03374741200828,19.62857142857143,7,True,36.61708074534162
1773,27.59166666666666,336.0,C46,29,7,1773|2197|2198|1308|1309|1304|1305|1306|1432|1433|1434|3297|4241|2310|2311|2312|2313|3283|5197|4143|3284|4256|2338|2339|3294|2340|3295|2341|3025,336|370|90|97|325|324|344,Prol. Zaragoza/Plaza del Carmen,20.567811811517,-100.41505954054,12.644407008086255,36.607142857142854,7,True,40.236073674752916
4264,27.600000000000005,255.0,T11,22,6,4264|4265|2730|2731|2732|2733|2734|2735|2606|2288|2080|2859|2860|2220|2337|2338|2339|3294|2340|3295|2341|3025,255|358|325|351|375|344,Paseo de la República/Universidad Humanitas Querétaro,20.684888485742,-100.43558488192,13.954024943310655,46.65,7,True,41.55402494331066
1295,27.608333333333327,97.0,C22,34,5,1295|1296|1297|1298|1299|1300|1301|1302|1761|1303|1304|1305|1306|1432|1433|1434|3297|4241|2310|2311|2312|2313|3283|5197|4143|3284|4256|2338|2339|3294|2340|3295|2341|3025,97|90|325|324|344,Heroico Colegio Militar/Parroquia de San Francisco Galileo,20.539147910569,-100.44095677405,14.923809523809528,46.11904761904761,7,True,42.53214285714286
2866,27.61666666666666,336.0,C46,31,6,2866|2867|2868|2869|2072|2070|2162|2163|2186|2187|2071|2880|2881|2882|2883|2884|2885|2886|2887|2888|2889|3362|3363|4256|2338|2339|3294|2340|3295|2341|3025,336|163|334|371|350|344,Av. Cerro Sombrerete/Punta Esmeralda,20.63435288,-100.4138828,12.644407008086255,30.23333333333333,7,True,40.261073674752915
3048,27.616666666666667,321.0,C27,29,7,3048|3049|2630|3605|2230|2185|2186|2187|2071|2880|2881|2882|2883|2884|2885|2886|2887|2888|2889|3362|3363|4256|2338|2339|3294|2340|3295|2341|3025,321|347|334|336|371|350|344,Calle Plateros/Calle Berilo,20.64433736169,-100.39531228841,7.660822510822512,35.7,7,True,35.27748917748918
4112,27.633333333333333,96.0,C21,36,6,4112|4255|2366|2173|2174|2175|2176|2177|2178|2042|2043|2044|1973|1974|4435|1979|1980|1977|1976|5157|5158|5159|5160|3061|2014|2015|1983|1915|2392|2338|2339|3294|2340|3295|2341|3025,96|325|163|160|324|344,Av. Belén/Carr. Chichimequillas,20.646525125504,-100.39224343311,14.653571428571428,35.214285714285715,7,True,42.286904761904765
4269,27.633333333333333,345.0,C55,36,5,4269|3038|3106|3039|3040|3041|3042|3043|3044|3107|3108|3109|3115|3116|3117|3118|5165|5166|5174|5167|2861|2862|2886|2887|2888|2889|3362|3363|4256|2338|2339|3294|2340|3295|2341|3025,345|346|336|350|344,Av. Paseo de la Constitución/Jesús Romero Flores,20.623429932856,-100.39490110783,6.4323383084577115,28.7,7,True,34.06567164179104
2613,27.633333333333333,341.0,C51,26,8,2613|3327|2614|2615|2418|2419|5180|2672|2201|4241|2310|2311|2312|2313|3283|5197|4143|3284|4256|2338|2339|3294|2340|3295|2341|3025,341|337|234|319|338|325|324|344,Calle 37/Calle 4,20.56125758,-100.3930444,17.251659451659453,43.71904761904762,7,True,44.88499278499279
5226,27.650000000000006,332.0,C41,35,8,5226|2600|2545|2546|2303|2304|2305|2306|2307|2308|2028|2029|2030|2031|2309|1919|1920|1921|4241|2310|2311|2312|2313|3283|5197|4143|3284|4256|2338|2339|3294|2340|3295|2341|3025,332|334|326|319|134|325|324|344,Calle 37/Calle 24,20.565131636428,-100.39407429273,18.327551020408162,42.021428571428565,7,True,45.97755102040817
2805,27.691666666666663,364.0,L159,19,7,2805|2806|2807|2808|2809|2810|2288|2080|2859|2860|2220|2337|2338|2339|3294|2340|3295|2341|3025,364|255|358|325|351|375|344,Paseo Jurica/Bahía Iv,20.66909395,-100.4459783,24.902380952380952,53.199999999999996,7,True,52.594047619047615
3618,27.708333333333325,370.0,T02,32,6,3618|3659|2974|3619|2975|3620|2976|3621|2977|3622|1306|1432|1433|1434|3297|4241|2310|2311|2312|2313|3283|5197|4143|3284|4256|2338|2339|3294|2340|3295|2341|3025,370|90|97|325|324|344,Calle Jalisco/Calle Michoacán,20.55286639,-100.4185554,11.796949404761907,38.25,7,True,39.50528273809523
2513,27.733333333333334,322.0,C29,38,10,2513|2514|2515|2516|3686|2517|2214|2215|2216|2217|2218|2219|2032|2023|2024|2856|1439|1438|2537|1920|1921|4241|2310|2311|2312|2313|3283|5197|4143|3284|4256|2338|2339|3294|2340|3295|2341|3025,322|341|321|376|386|98|90|325|324|344,Av. 26/Calle 23,20.56494752,-100.3901154,13.388293650793653,41.833333333333336,7,True,41.12162698412699
1444,27.741666666666656,90.0,L51,41,5,1444|1362|1363|1364|1445|1365|1446|1366|1447|1367|1431|4111|1300|1301|1302|1761|1303|1304|1305|1306|1432|1433|1434|3297|4241|2310|2311|2312|2313|3283|5197|4143|3284|4256|2338|2339|3294|2340|3295|2341|3025,90|97|325|324|344,Gustavo Díaz Ordaz/Francisco León de la Barra,20.520225771744,-100.44299924665,12.180137844611535,42.88333333333333,7,True,39.92180451127819
3509,27.76666666666667,281.0,L115,20,11,3509|4045|3164|3165|2610|2611|2074|2288|2080|2859|2860|2220|2337|2338|2339|3294|2340|3295|2341|3025,281|342|323|245|374|255|358|325|351|375|344,Nevado de Colima/Calle Kilimanjaro,20.64430877,-100.4478643,23.809523809523807,51.53333333333334,7,True,51.576190476190476
2470,27.78333333333333,134.0,C26,32,7,2470|2471|3596|1473|1474|1476|1472|1471|1470|1469|1439|1438|2537|1920|1921|4241|2310|2311|2312|2313|3283|5197|4143|3284|4256|2338|2339|3294|2340|3295|2341|3025,134|396|352|90|325|324|344,Blvd. Centro Sur/Chedraui,20.571387909631,-100.35945661147,7.951547619047619,42.88095238095239,7,True,35.73488095238095
3575,27.799999999999997,138.0,C30,34,8,3575|2520|2409|2410|2411|2412|2218|2219|2032|2023|2024|2856|1439|1438|2537|1920|1921|4241|2310|2311|2312|2313|3283|5197|4143|3284|4256|2338|2339|3294|2340|3295|2341|3025,138|98|376|386|90|325|324|344,Av. del Parque/Piedras Negras,20.5680894,-100.3802589,11.575595238095243,37.707142857142856,7,True,39.375595238095244
2490,27.8,98.0,C23,34,7,2490|2448|2449|2404|2405|2020|2021|2450|2451|1471|1470|1469|1439|1438|2537|1920|1921|4241|2310|2311|2312|2313|3283|5197|4143|3284|4256|2338|2339|3294|2340|3295|2341|3025,98|134|325|352|90|324|344,Blvd. Centro Sur/Colinas del Cimatario,20.562818274026,-100.36935907918,10.844812925170071,39.09523809523809,7,True,38.64481292517007
1459,27.808333333333326,366.0,L57,35,6,1459|1460|1429|1430|1431|4111|1300|1301|1302|1761|1303|1304|1305|1306|1432|1433|1434|3297|4241|2310|2311|2312|2313|3283|5197|4143|3284|4256|2338|2339|3294|2340|3295|2341|3025,366|90|97|325|324|344,Benito Juárez/Lic. Gustavo Díaz Ordaz,20.521399290735,-100.44445708097,16.480952380952385,43.31666666666667,7,True,44.28928571428571
3175,27.81666666666667,354.0,C68,18,11,3175|2568|2569|2611|2074|2288|2080|2859|2860|2220|2337|2338|2339|3294|2340|3295|2341|3025,354|379|315|245|374|255|358|325|351|375|344,Av. Tempano/Acceso 4,20.63152564,-100.4424429,20.138253968253967,41.31190476190476,7,True,47.95492063492064
2509,27.83333333333333,322.0,C29,30,6,2509|4138|2291|2292|2293|2294|2295|2296|2418|2419|5180|2672|2201|4241|2310|2311|2312|2313|3283|5197|4143|3284|4256|2338|2339|3294|2340|3295|2341|3025,322|319|338|325|324|344,Av. Candiles/Plaza Candiles,20.54740611,-100.3948993,13.388293650793653,44.42619047619048,7,True,41.221626984126985
3438,27.833333333333336,340.0,C50,19,8,3438|3439|4175|3352|3353|3354|3355|2080|2859|2860|2220|2337|2338|2339|3294|2340|3295|2341|3025,340|283|349|351|358|325|375|344,Av. de Las Fuentes/Calle Londres,20.6233226,-100.4471093,21.20068027210884,43.86666666666667,7,True,49.034013605442176
2260,27.833333333333336,336.0,C46,33,5,2260|2261|2262|2263|3023|2264|4393|2199|1762|1763|2200|4430|1764|1765|1766|2201|4241|2310|2311|2312|2313|3283|5197|4143|3284|4256|2338|2339|3294|2340|3295|2341|3025,336|338|325|324|344,Av. Candiles/Mar Copérnico,20.54949527,-100.4080396,12.644407008086255,41.47380952380952,7,True,40.47774034141959
2324,27.849999999999998,96.0,C21,30,9,2324|2325|2326|3606|2484|3031|3050|3051|3052|3053|3054|3055|3056|3057|3058|3059|3060|3061|2014|2015|1983|1915|2392|2338|2339|3294|2340|3295|2341|3025,96|338|348|346|321|345|160|324|344,Nación,20.640758,-100.405661,14.653571428571428,36.88333333333333,7,True,42.503571428571426
2300,27.85,375.0,T07,35,7,2300|2301|3641|2302|2303|2304|2305|2306|2307|2308|2028|2029|2030|2031|2309|1919|1920|1921|4241|2310|2311|2312|2313|3283|5197|4143|3284|4256|2338|2339|3294|2340|3295|2341|3025,375|326|319|134|325|324|344,Calle 41/Av. 12,20.56825551,-100.3959322,10.563690476190475,42.761904761904766,7,True,38.413690476190474
2446,27.866666666666667,396.0,T16,35,7,2446|2447|2448|2449|2404|2405|2020|2021|2450|2451|1471|1470|1469|1439|1438|2537|1920|1921|4241|2310|2311|2312|2313|3283|5197|4143|3284|4256|2338|2339|3294|2340|3295|2341|3025,396|134|325|352|90|324|344,Blvd. Centro Sur/Cerro de la Silla,20.563841800225,-100.36690630908,12.226587301587305,38.17142857142857,7,True,40.093253968253975
4129,27.9,326.0,C35,31,6,4129|2290|3600|2291|2292|2293|2294|2295|2296|2418|2419|5180|2672|2201|4241|2310|2311|2312|2313|3283|5197|4143|3284|4256|2338|2339|3294|2340|3295|2341|3025,326|319|338|325|324|344,Blvd. de Las Américas/Calle Misioneros,20.544469630222,-100.39011944276,10.968287740628165,38.91666666666667,7,True,38.86828774062816
3577,27.91666666666666,396.0,T16,34,9,3577|5107|2519|3578|2216|2217|2218|2219|2032|2023|2024|2856|1439|1438|2537|1920|1921|4241|2310|2311|2312|2313|3283|5197|4143|3284|4256|2338|2339|3294|2340|3295|2341|3025,396|322|376|386|98|90|325|324|344,Av. del Parque/Plaza Sky Center,20.55977483,-100.37048,12.226587301587305,43.54047619047619,7,True,40.143253968253966
1339,27.916666666666668,98.0,C23,28,6,1339|1340|1341|1762|1763|2200|4430|1764|1765|1766|2201|4241|2310|2311|2312|2313|3283|5197|4143|3284|4256|2338|2339|3294|2340|3295|2341|3025,98|336|338|325|324|344,Blvd. Hacienda del Jacal/Walmart,20.560804,-100.427841,10.844812925170071,41.464285714285715,7,True,38.76147959183674
2542,27.95,326.0,C35,36,6,2542|2543|2544|2545|2546|2303|2304|2305|2306|2307|2308|2028|2029|2030|2031|2309|1919|1920|1921|4241|2310|2311|2312|2313|3283|5197|4143|3284|4256|2338|2339|3294|2340|3295|2341|3025,326|319|134|325|324|344,Calle 25/Calle 32,20.56218858,-100.389475,10.968287740628165,40.81190476190476,7,True,38.918287740628166
3594,27.96666666666667,283.0,C67,22,8,3594|3710|2285|3339|2286|2897|2287|3340|2074|2288|2080|2859|2860|2220|2337|2338|2339|3294|2340|3295|2341|3025,283|374|255|358|325|351|375|344,Monte Sión/Misterios,20.64129041,-100.4637566,26.925661375661374,63.08095238095238,7,True,54.892328042328046
3358,27.96666666666667,379.0,T13,18,10,3358|2568|2569|2611|2074|2288|2080|2859|2860|2220|2337|2338|2339|3294|2340|3295|2341|3025,379|315|245|374|255|358|325|351|375|344,Acceso 4/Conalep Querétaro,20.63254326,-100.4412154,14.040079365079364,42.85,7,True,42.00674603174603
4131,27.98333333333333,341.0,C51,30,7,4131|2675|3893|2668|2669|2294|2295|2296|2418|2419|5180|2672|2201|4241|2310|2311|2312|2313|3283|5197|4143|3284|4256|2338|2339|3294|2340|3295|2341|3025,341|337|319|338|325|324|344,Calle Naranjo/Calle Turquesa,20.550993339641,-100.40152079175,17.251659451659453,44.36666666666667,7,True,45.234992784992784
3415,27.983333333333334,340.0,C50,28,7,3415|3416|3417|3418|3419|3420|3421|3422|2578|2579|2920|2921|2922|2923|2924|2984|2858|2859|2860|2220|2337|2338|2339|3294|2340|3295|2341|3025,340|342|354|325|351|375|344,Agustín Romero López/Bernardino de Siena,20.62543891,-100.4516847,21.20068027210884,53.69285714285714,7,True,49.184013605442175
5227,27.983333333333338,334.0,C43,36,7,5227|5228|2600|2545|2546|2303|2304|2305|2306|2307|2308|2028|2029|2030|2031|2309|1919|1920|1921|4241|2310|2311|2312|2313|3283|5197|4143|3284|4256|2338|2339|3294|2340|3295|2341|3025,334|326|319|134|325|324|344,Rafael de la Mora/Govea,20.565676161633,-100.39618627264,12.461666666666664,37.10476190476191,7,True,40.445
2533,27.999999999999996,324.0,C33,23,5,2533|2382|2383|2388|2389|2390|2391|1975|1978|4113|1981|5196|1982|1983|1915|2392|2338|2339|3294|2340|3295|2341|3025,324|325|326|160|344,Río Yaqui/Río Grijalva,20.637539098537,-100.39177591541,14.674867724867724,40.96666666666666,7,True,42.674867724867724
1375,28.008333333333322,90.0,L51,42,5,1375|1444|1362|1363|1364|1445|1365|1446|1366|1447|1367|1431|4111|1300|1301|1302|1761|1303|1304|1305|1306|1432|1433|1434|3297|4241|2310|2311|2312|2313|3283|5197|4143|3284|4256|2338|2339|3294|2340|3295|2341|3025,90|97|325|324|344,Lic. Gustavo Díaz Ordaz/Benito Juárez,20.521442429489,-100.44467843709,12.180137844611535,43.31666666666667,7,True,40.188471177944855
3073,28.03333333333333,338.0,C48,31,8,3073|3110|2325|2326|3606|2484|3031|3050|3051|3052|3053|3054|3055|3056|3057|3058|3059|3060|3061|2014|2015|1983|1915|2392|2338|2339|3294|2340|3295|2341|3025,338|348|346|321|345|160|324|344,Av. Eurípides/Preescolar Francisco Goitia,20.64085638,-100.4026941,10.371949404761907,39.81190476190476,7,True,38.40528273809524
3493,28.050000000000004,342.0,C52,30,8,3493|5149|3494|2317|3292|2318|3293|2319|2320|2321|2221|2222|2223|2224|2861|2862|2886|2887|2888|2889|3362|3363|4256|2338|2339|3294|2340|3295|2341|3025,342|345|375|96|371|336|350|344,Av. San Roque/Ejido,20.60405776,-100.4069485,9.03374741200828,13.592857142857143,7,True,37.083747412008286
1370,28.058333333333326,94.0,L55,32,8,1370|2190|3301|1300|1301|1302|1761|1303|1304|1305|1306|1432|1433|1434|3297|4241|2310|2311|2312|2313|3283|5197|4143|3284|4256|2338|2339|3294|2340|3295|2341|3025,94|128|255|90|97|325|324|344,Industrial Balvanera,20.53573888699,-100.45773841026,31.653571428571436,66.78571428571429,7,True,59.71190476190476
2742,28.06666666666667,245.0,C58,21,8,2742|2572|2573|2574|2575|2610|2611|2074|2288|2080|2859|2860|2220|2337|2338|2339|3294|2340|3295|2341|3025,245|374|255|358|325|351|375|344,Las Torres,20.6319785,-100.4663128,23.286796536796537,53.27619047619048,7,True,51.35346320346321
3465,28.083333333333332,345.0,C55,29,5,3465|3466|3467|3468|3469|3470|3471|3472|3473|3474|3475|2996|2997|2998|2999|3935|3490|3491|3773|3492|3284|4256|2338|2339|3294|2340|3295|2341|3025,345|342|380|324|344,Av. Bellavista/Nardo,20.6064757,-100.449265,6.4323383084577115,34.233333333333334,7,True,34.515671641791045
2512,28.1,322.0,C29,39,10,2512|2513|2514|2515|2516|3686|2517|2214|2215|2216|2217|2218|2219|2032|2023|2024|2856|1439|1438|2537|1920|1921|4241|2310|2311|2312|2313|3283|5197|4143|3284|4256|2338|2339|3294|2340|3295|2341|3025,322|341|321|376|386|98|90|325|324|344,Av. 26/Calle 27,20.56457914,-100.3911592,13.388293650793653,42.43333333333333,7,True,41.48829365079365
1772,28.108333333333327,129.0,L101,30,8,1772|1773|2197|2198|1308|1309|1304|1305|1306|1432|1433|1434|3297|4241|2310|2311|2312|2313|3283|5197|4143|3284|4256|2338|2339|3294|2340|3295|2341|3025,129|336|370|90|97|325|324|344,Prol. Zaragoza/Paseo de Las Plazas,20.569711227768,-100.41517170757,6.9583333333333375,35.46904761904762,7,True,35.06666666666666
3498,28.116666666666667,342.0,C52,31,8,3498|3260|3639|3261|2673|3262|5070|3263|5193|2342|2343|2344|2345|1921|4241|2310|2311|2312|2313|3283|5197|4143|3284|4256|2338|2339|3294|2340|3295|2341|3025,342|375|343|333|336|325|324|344,Av. San Roque/Diamante,20.60391362,-100.3966958,9.03374741200828,12.059523809523808,7,True,37.15041407867495
2069,28.11666666666667,163.0,L110,36,4,2069|2168|2169|3535|1968|1969|2176|2177|2178|2042|2043|2044|1973|1974|4435|1979|1980|1977|1976|5157|5158|5159|5160|3061|2014|2015|1983|1915|2392|2338|2339|3294|2340|3295|2341|3025,163|160|324|344,Santiago Zacatlán/Itq Plantel Norte,20.657207232265,-100.3900005247,20.71468253968254,50.023809523809526,7,True,48.83134920634921
3412,28.133333333333336,349.0,C61,21,6,3412|3700|3701|4174|4175|3352|3353|3354|3355|2080|2859|2860|2220|2337|2338|2339|3294|2340|3295|2341|3025,349|351|358|325|375|344,Call Zacapoaxtlas/Calle Mayas,20.62724429,-100.4577228,18.17098214285714,52.27380952380952,7,True,46.30431547619048
2442,28.15,396.0,T16,32,6,2442|2471|3596|1473|1474|1476|1472|1471|1470|1469|1439|1438|2537|1920|1921|4241|2310|2311|2312|2313|3283|5197|4143|3284|4256|2338|2339|3294|2340|3295|2341|3025,396|352|90|325|324|344,Fray Diego de Landa/Chedraui Centro Sur,20.569141666667,-100.36166111111,12.226587301587305,42.800000000000004,7,True,40.37658730158731
5092,28.15,326.0,C35,38,4,5092|2368|2372|5093|2373|3535|1968|1969|2176|2177|2178|2042|2043|2044|1973|1974|4435|1979|1980|1977|1976|5157|5158|5159|5160|3061|2014|2015|1983|1915|2392|2338|2339|3294|2340|3295|2341|3025,326|324|160|344,Carr. Chichimequillas/Calle Arce,20.658092824892,-100.37465889334,10.968287740628165,49.297619047619044,7,True,39.11828774062816
3326,28.150000000000006,332.0,C41,22,9,3326|3488|2572|2573|2574|2575|2610|2611|2074|2288|2080|2859|2860|2220|2337|2338|2339|3294|2340|3295|2341|3025,332|245|374|255|358|325|351|375|344,Calle Tarahumaras/Pames,20.63559548,-100.46401,18.327551020408162,58.18095238095238,7,True,46.47755102040817
1401,28.16666666666666,408.0,C73,33,9,1401|1370|2190|3301|1300|1301|1302|1761|1303|1304|1305|1306|1432|1433|1434|3297|4241|2310|2311|2312|2313|3283|5197|4143|3284|4256|2338|2339|3294|2340|3295|2341|3025,408|94|128|255|90|97|325|324|344,Industrial Balvanera,20.536177764788,-100.45801268462,30.109920634920638,56.67857142857143,7,True,58.2765873015873
3346,28.183333333333334,396.0,T16,36,7,3346|2446|2447|2448|2449|2404|2405|2020|2021|2450|2451|1471|1470|1469|1439|1438|2537|1920|1921|4241|2310|2311|2312|2313|3283|5197|4143|3284|4256|2338|2339|3294|2340|3295|2341|3025,396|134|325|352|90|324|344,Blvd. Centro Sur/Av. Fray Luis de León,20.5644306,-100.3654911,12.226587301587305,38.84523809523809,7,True,40.40992063492064
1450,28.2,99.0,T01,29,6,1450|1475|1476|1472|1471|1470|1469|1439|1438|2537|1920|1921|4241|2310|2311|2312|2313|3283|5197|4143|3284|4256|2338|2339|3294|2340|3295|2341|3025,99|352|90|325|324|344,Mirador,20.590450802299,-100.33560889683,13.72857142857143,41.92857142857143,7,True,41.92857142857143
2457,28.2,352.0,C64,33,6,2457|2458|2459|2751|1473|1474|1476|1472|1471|1470|1469|1439|1438|2537|1920|1921|4241|2310|2311|2312|2313|3283|5197|4143|3284|4256|2338|2339|3294|2340|3295|2341|3025,352|396|90|325|324|344,Av. Cimatario/Constituyentes,20.586532791039,-100.37509013274,7.351785714285714,28.085714285714285,7,True,35.551785714285714
3692,28.2,377.0,T09,27,9,3692|2933|2934|2935|5302|3702|5303|2578|2579|2920|2921|2922|2923|2924|2984|2858|2859|2860|2220|2337|2338|2339|3294|2340|3295|2341|3025,377|283|350|342|354|325|351|375|344,Prol. Bernardo Quintana/Calle Cenit,20.6163472,-100.4460194,23.949319727891154,45.2547619047619,7,True,52.149319727891154
2931,28.200000000000003,350.0,C62,30,8,2931|2932|3279|3434|3435|3418|3419|3420|3421|3422|2578|2579|2920|2921|2922|2923|2924|2984|2858|2859|2860|2220|2337|2338|2339|3294|2340|3295|2341|3025,350|340|342|354|325|351|375|344,Prol. Bernardo Quintana/Unidad Deportiva El Sol,20.61586697,-100.4422817,15.95847338935574,40.457142857142856,7,True,44.15847338935574
3160,28.233333333333334,342.0,C52,23,10,3160|3161|3162|3163|4045|3164|3165|2610|2611|2074|2288|2080|2859|2860|2220|2337|2338|2339|3294|2340|3295|2341|3025,342|323|245|374|255|358|325|351|375|344,Av. Popocátepetl/Montes Urales,20.65255343,-100.4507526,9.03374741200828,50.238095238095234,7,True,37.267080745341616
5152,28.233333333333334,341.0,C51,29,7,5152|3130|3927|4133|2913|2914|2915|2916|2917|2918|2919|2920|2921|2922|2923|2924|2984|2858|2859|2860|2220|2337|2338|2339|3294|2340|3295|2341|3025,341|377|354|325|351|375|344,Av. Valle Verde/Camino San Pedro Mártir,20.616217659933,-100.46550457218,17.251659451659453,58.728571428571435,7,True,45.484992784992784
2281,28.250000000000004,316.0,C71,24,8,2281|2282|2283|2284|2285|3339|2286|2897|2287|3340|2074|2288|2080|2859|2860|2220|2337|2338|2339|3294|2340|3295|2341|3025,316|374|255|358|325|351|375|344,Paseo Querétaro/Monte Caseros,20.648790095369,-100.46819060642,28.520476190476188,59.028571428571425,7,True,56.77047619047619
1374,28.258333333333322,90.0,L51,43,5,1374|1375|1444|1362|1363|1364|1445|1365|1446|1366|1447|1367|1431|4111|1300|1301|1302|1761|1303|1304|1305|1306|1432|1433|1434|3297|4241|2310|2311|2312|2313|3283|5197|4143|3284|4256|2338|2339|3294|2340|3295|2341|3025,90|97|325|324|344,Francisco I. Madero/Lic. Adolfo López Mateos,20.52279161,-100.4460064,12.180137844611535,43.59047619047619,7,True,40.438471177944855
1294,28.258333333333326,97.0,C22,35,5,1294|1295|1296|1297|1298|1299|1300|1301|1302|1761|1303|1304|1305|1306|1432|1433|1434|3297|4241|2310|2311|2312|2313|3283|5197|4143|3284|4256|2338|2339|3294|2340|3295|2341|3025,97|90|325|324|344,Miguel Hidalgo/Josefa Ortiz de Domínguez,20.540554088836,-100.43965508159,14.923809523809528,46.96666666666666,7,True,43.18214285714285
2599,28.266666666666673,332.0,C41,36,8,2599|5226|2600|2545|2546|2303|2304|2305|2306|2307|2308|2028|2029|2030|2031|2309|1919|1920|1921|4241|2310|2311|2312|2313|3283|5197|4143|3284|4256|2338|2339|3294|2340|3295|2341|3025,332|334|326|319|134|325|324|344,Calle 37/Av. 26,20.56370113,-100.3936716,18.327551020408162,42.94285714285714,7,True,46.59421768707483
3574,28.28333333333333,333.0,C42,35,9,3574|3575|2520|2409|2410|2411|2412|2218|2219|2032|2023|2024|2856|1439|1438|2537|1920|1921|4241|2310|2311|2312|2313|3283|5197|4143|3284|4256|2338|2339|3294|2340|3295|2341|3025,333|138|98|376|386|90|325|324|344,Av. del Parque/Calle la Laguna,20.56925076,-100.381326,2.5233333333333334,35.83571428571428,7,True,30.806666666666665
4268,28.316666666666666,338.0,C48,37,6,4268|4269|3038|3106|3039|3040|3041|3042|3043|3044|3107|3108|3109|3115|3116|3117|3118|5165|5166|5174|5167|2861|2862|2886|2887|2888|2889|3362|3363|4256|2338|2339|3294|2340|3295|2341|3025,338|345|346|336|350|344,Av. Paseo de la Constitución/José María Truchuelo,20.622407821273,-100.39261733596,10.371949404761907,27.780952380952378,7,True,38.68861607142857
1443,28.37499999999999,90.0,L51,44,5,1443|1374|1375|1444|1362|1363|1364|1445|1365|1446|1366|1447|1367|1431|4111|1300|1301|1302|1761|1303|1304|1305|1306|1432|1433|1434|3297|4241|2310|2311|2312|2313|3283|5197|4143|3284|4256|2338|2339|3294|2340|3295|2341|3025,90|97|325|324|344,Francisco I. Madero/Miguel Alemán Valdez,20.523456475966,-100.44545590107,12.180137844611535,43.87380952380953,7,True,40.55513784461152
2038,28.39166666666667,382.0,T14,35,7,2038|2039|2246|2017|2018|2019|2020|2021|2450|2451|1471|1470|1469|1439|1438|2537|1920|1921|4241|2310|2311|2312|2313|3283|5197|4143|3284|4256|2338|2339|3294|2340|3295|2341|3025,382|408|325|352|90|324|344,Luis Vega/Monroy Hospital de Especialidades,20.578438800109,-100.36998195477,10.835317460317457,40.728571428571435,7,True,39.22698412698413
1399,28.408333333333328,92.0,L53,32,8,1399|2190|3301|1300|1301|1302|1761|1303|1304|1305|1306|1432|1433|1434|3297|4241|2310|2311|2312|2313|3283|5197|4143|3284|4256|2338|2339|3294|2340|3295|2341|3025,92|128|255|90|97|325|324|344,Libramiento Sur Poniente/Geranios,20.529821727001,-100.45232223694,26.31309523809524,54.721428571428575,7,True,54.72142857142857
5097,28.416666666666664,353.0,C65,23,6,5097|3232|3233|3234|3235|3236|2602|4253|3237|3222|3538|3283|5197|4143|3284|4256|2338|2339|3294|2340|3295|2341|3025,353|345|323|348|324|344,Hacienda José Julián Llaguno/Hacienda Tequisquiapan,20.599746577808,-100.43204014092,7.696130952380956,37.707142857142856,7,True,36.11279761904762
3047,28.416666666666668,321.0,C27,30,7,3047|3048|3049|2630|3605|2230|2185|2186|2187|2071|2880|2881|2882|2883|2884|2885|2886|2887|2888|2889|3362|3363|4256|2338|2339|3294|2340|3295|2341|3025,321|347|334|336|371|350|344,Calle Plateros/Calle Mineros,20.64231676,-100.3956287,7.660822510822512,34.56666666666667,7,True,36.07748917748918
2026,28.41666666666667,319.0,C24,33,7,2026|2027|2891|2231|2232|2629|2478|2308|2028|2029|2030|2031|2309|1919|1920|1921|4241|2310|2311|2312|2313|3283|5197|4143|3284|4256|2338|2339|3294|2340|3295|2341|3025,319|341|334|134|325|324|344,Prol Corregidora Sur/Wenceslao Sanchez de la Barquera,20.583300873265,-100.38789420252,4.469736842105263,26.71904761904762,7,True,32.886403508771934
3325,28.41666666666667,332.0,C41,23,9,3325|3326|3488|2572|2573|2574|2575|2610|2611|2074|2288|2080|2859|2860|2220|2337|2338|2339|3294|2340|3295|2341|3025,332|245|374|255|358|325|351|375|344,Pames/Calle Tarahumaras,20.6358796,-100.4645774,18.327551020408162,58.51904761904762,7,True,46.74421768707484
4097,28.433333333333334,356.0,L108,24,6,4097|4098|4099|2616|4100|1766|2201|4241|2310|2311|2312|2313|3283|5197|4143|3284|4256|2338|2339|3294|2340|3295|2341|3025,356|336|338|325|324|344,Carr. Tlacote/Aurrera,20.588879224247,-100.4244545031,7.281428571428572,41.47380952380952,7,True,35.71476190476191
2477,28.449999999999996,321.0,C27,35,9,2477|2212|2213|2214|2215|2216|2217|2218|2219|2032|2023|2024|2856|1439|1438|2537|1920|1921|4241|2310|2311|2312|2313|3283|5197|4143|3284|4256|2338|2339|3294|2340|3295|2341|3025,321|341|376|386|98|90|325|324|344,Circ. Lázaro Cárdenas/Prol. Pasteur Sur,20.558212393063,-100.38304398393,7.660822510822512,36.28333333333333,7,True,36.11082251082251
4247,28.450000000000003,354.0,C68,23,11,4247|4248|4249|4250|3483|3164|3165|2610|2611|2074|2288|2080|2859|2860|2220|2337|2338|2339|3294|2340|3295|2341|3025,354|342|323|245|374|255|358|325|351|375|344,Calle 17/Hermenegildo Galeana,20.64549474,-100.45893,20.138253968253967,56.209523809523816,7,True,48.588253968253966
3446,28.450000000000006,349.0,C61,22,10,3446|3447|2572|2573|2574|2575|2610|2611|2074|2288|2080|2859|2860|2220|2337|2338|2339|3294|2340|3295|2341|3025,349|340|245|374|255|358|325|351|375|344,Calle Zacapoaxtlas/Zacapoaxtlas 86,20.6303456,-100.4623464,18.17098214285714,54.540476190476184,7,True,46.620982142857144
2511,28.46666666666667,322.0,C29,40,10,2511|2512|2513|2514|2515|2516|3686|2517|2214|2215|2216|2217|2218|2219|2032|2023|2024|2856|1439|1438|2537|1920|1921|4241|2310|2311|2312|2313|3283|5197|4143|3284|4256|2338|2339|3294|2340|3295|2341|3025,322|341|321|376|386|98|90|325|324|344,Av. 26/Calle 31,20.56422606,-100.3921761,13.388293650793653,43.016666666666666,7,True,41.854960317460325
2387,28.483333333333334,325.0,C34,37,5,2387|2372|5093|2373|3535|1968|1969|2176|2177|2178|2042|2043|2044|1973|1974|4435|1979|1980|1977|1976|5157|5158|5159|5160|3061|2014|2015|1983|1915|2392|2338|2339|3294|2340|3295|2341|3025,325|326|160|324|344,Carr. Chichimequillas/Vista Hermosa,20.66369943322,-100.37463674731,10.070466058763932,47.707142857142856,7,True,38.55379939209727
2541,28.5,326.0,C35,37,6,2541|2542|2543|2544|2545|2546|2303|2304|2305|2306|2307|2308|2028|2029|2030|2031|2309|1919|1920|1921|4241|2310|2311|2312|2313|3283|5197|4143|3284|4256|2338|2339|3294|2340|3295|2341|3025,326|319|134|325|324|344,Calle 27/Calle 13,20.56053535,-100.3894489,10.968287740628165,41.114285714285714,7,True,39.46828774062816
2371,28.5,326.0,C35,37,4,2371|2372|5093|2373|3535|1968|1969|2176|2177|2178|2042|2043|2044|1973|1974|4435|1979|1980|1977|1976|5157|5158|5159|5160|3061|2014|2015|1983|1915|2392|2338|2339|3294|2340|3295|2341|3025,326|160|324|344,Alamo/Libélula,20.656547114548,-100.37293257964,10.968287740628165,49.952380952380956,7,True,39.46828774062816
5173,28.500000000000004,327.0,C36,21,9,5173|2572|2573|2574|2575|2610|2611|2074|2288|2080|2859|2860|2220|2337|2338|2339|3294|2340|3295|2341|3025,327|245|374|255|358|325|351|375|344,Calle Zacapoaxtlas/Calle Tarahumaras,20.635464283524,-100.46599599396,13.399999999999997,54.58095238095238,7,True,41.9
3774,28.516666666666673,342.0,C52,32,9,3774|3775|3776|3000|3001|3291|3002|3003|3004|3005|3006|3007|3008|3172|2920|2921|2922|2923|2924|2984|2858|2859|2860|2220|2337|2338|2339|3294|2340|3295|2341|3025,342|345|350|349|354|325|351|375|344,Epigmenio González/Global Emergency Querétaro,20.604833690216,-100.41136907794,9.03374741200828,18.48333333333333,7,True,37.550414078674955
2609,28.516666666666673,245.0,C58,22,9,2609|2743|2572|2573|2574|2575|2610|2611|2074|2288|2080|2859|2860|2220|2337|2338|2339|3294|2340|3295|2341|3025,245|361|374|255|358|325|351|375|344,Nahuas,20.63435989,-100.4599645,23.286796536796537,51.64761904761905,7,True,51.80346320346321
1442,28.524999999999988,90.0,L51,45,5,1442|1443|1374|1375|1444|1362|1363|1364|1445|1365|1446|1366|1447|1367|1431|4111|1300|1301|1302|1761|1303|1304|1305|1306|1432|1433|1434|3297|4241|2310|2311|2312|2313|3283|5197|4143|3284|4256|2338|2339|3294|2340|3295|2341|3025,90|97|325|324|344,Francisco I. Madero/Gral. Pascual Ortiz Rubio,20.524304454054,-100.44476911407,12.180137844611535,44.647619047619045,7,True,40.70513784461152
2365,28.549999999999997,326.0,C35,32,6,2365|4129|2290|3600|2291|2292|2293|2294|2295|2296|2418|2419|5180|2672|2201|4241|2310|2311|2312|2313|3283|5197|4143|3284|4256|2338|2339|3294|2340|3295|2341|3025,326|319|338|325|324|344,Blvd. de Las Américas/Calle Cerro del Zamorano,20.546329388279,-100.39109997405,10.968287740628165,38.266666666666666,7,True,39.51828774062816
2911,28.55,377.0,T09,27,7,2911|2912|2913|2914|2915|2916|2917|2918|2919|2920|2921|2922|2923|2924|2984|2858|2859|2860|2220|2337|2338|2339|3294|2340|3295|2341|3025,377|341|354|325|351|375|344,Prol. Bernardo Quintana/Misión del Parque,20.62606109,-100.4628218,23.949319727891154,53.98571428571428,7,True,52.499319727891155
2908,28.550000000000004,349.0,C61,22,9,2908|2742|2572|2573|2574|2575|2610|2611|2074|2288|2080|2859|2860|2220|2337|2338|2339|3294|2340|3295|2341|3025,349|245|374|255|358|325|351|375|344,Prol. Bernardo Quintana/Av. de la Luz,20.63230239,-100.4676278,18.17098214285714,54.85952380952381,7,True,46.720982142857146
2612,28.566666666666666,341.0,C51,27,8,2612|2613|3327|2614|2615|2418|2419|5180|2672|2201|4241|2310|2311|2312|2313|3283|5197|4143|3284|4256|2338|2339|3294|2340|3295|2341|3025,341|337|234|319|338|325|324|344,Calle 37/Av. 26,20.56352174,-100.3937214,17.251659451659453,42.95,7,True,45.81832611832612
2628,28.58333333333334,334.0,C43,37,7,2628|5227|5228|2600|2545|2546|2303|2304|2305|2306|2307|2308|2028|2029|2030|2031|2309|1919|1920|1921|4241|2310|2311|2312|2313|3283|5197|4143|3284|4256|2338|2339|3294|2340|3295|2341|3025,334|326|319|134|325|324|344,Calle Rafael de la Mora/F. Rivera,20.56568983,-100.3979136,12.461666666666664,34.114285714285714,7,True,41.045
3501,28.600000000000005,163.0,L110,37,4,3501|2069|2168|2169|3535|1968|1969|2176|2177|2178|2042|2043|2044|1973|1974|4435|1979|1980|1977|1976|5157|5158|5159|5160|3061|2014|2015|1983|1915|2392|2338|2339|3294|2340|3295|2341|3025,163|160|324|344,Calle Santiago Zacatlán/Portal de Samaniego,20.65737486,-100.3922065,20.71468253968254,49.107142857142854,7,True,49.31468253968254
2865,28.61666666666666,336.0,C46,32,6,2865|2866|2867|2868|2869|2072|2070|2162|2163|2186|2187|2071|2880|2881|2882|2883|2884|2885|2886|2887|2888|2889|3362|3363|4256|2338|2339|3294|2340|3295|2341|3025,336|163|334|371|350|344,Av. Cerro Sombrerete/Vía Lactea,20.631073,-100.41313,12.644407008086255,30.390476190476193,7,True,41.261073674752915
3072,28.633333333333333,338.0,C48,32,8,3072|3073|3110|2325|2326|3606|2484|3031|3050|3051|3052|3053|3054|3055|3056|3057|3058|3059|3060|3061|2014|2015|1983|1915|2392|2338|2339|3294|2340|3295|2341|3025,338|348|346|321|345|160|324|344,Av. Platón/Av. Eurípides,20.64020469,-100.4005842,10.371949404761907,36.516666666666666,7,True,39.00528273809524
3617,28.641666666666662,129.0,L101,31,8,3617|1772|1773|2197|2198|1308|1309|1304|1305|1306|1432|1433|1434|3297|4241|2310|2311|2312|2313|3283|5197|4143|3284|4256|2338|2339|3294|2340|3295|2341|3025,129|336|370|90|97|325|324|344,Hacienda Escolásticas/Prol. Av. Zaragoza,20.57166576,-100.4154308,6.9583333333333375,32.78809523809524,7,True,35.6
2211,28.699999999999996,371.0,T03,35,10,2211|2212|2213|2214|2215|2216|2217|2218|2219|2032|2023|2024|2856|1439|1438|2537|1920|1921|4241|2310|2311|2312|2313|3283|5197|4143|3284|4256|2338|2339|3294|2340|3295|2341|3025,371|321|341|376|386|98|90|325|324|344,Prol. Luis Pasteur/Cto. Lázaro Cardenas,20.558041336253,-100.38315909998,10.360119047619051,36.28333333333333,7,True,39.06011904761905
2562,28.7,326.0,C35,26,8,2562|2563|2614|2615|2418|2419|5180|2672|2201|4241|2310|2311|2312|2313|3283|5197|4143|3284|4256|2338|2339|3294|2340|3295|2341|3025,326|337|234|319|338|325|324|344,Calle 33/Av. 26,20.56419289,-100.3927894,10.968287740628165,44.39523809523809,7,True,39.668287740628166
2367,28.7,325.0,C34,39,5,2367|5092|2368|2372|5093|2373|3535|1968|1969|2176|2177|2178|2042|2043|2044|1973|1974|4435|1979|1980|1977|1976|5157|5158|5159|5160|3061|2014|2015|1983|1915|2392|2338|2339|3294|2340|3295|2341|3025,325|326|324|160|344,Carr. Chichimequillas/Calle Alamo,20.655951218002,-100.37593607377,10.070466058763932,47.885714285714286,7,True,38.77046605876393
3396,28.7,342.0,C52,32,8,3396|3498|3260|3639|3261|2673|3262|5070|3263|5193|2342|2343|2344|2345|1921|4241|2310|2311|2312|2313|3283|5197|4143|3284|4256|2338|2339|3294|2340|3295|2341|3025,342|375|343|333|336|325|324|344,Av. San Roque/Calle Invierno,20.603457564389,-100.39530304042,9.03374741200828,14.488095238095239,7,True,37.73374741200828
2384,28.7,325.0,C34,38,5,2384|2387|2372|5093|2373|3535|1968|1969|2176|2177|2178|2042|2043|2044|1973|1974|4435|1979|1980|1977|1976|5157|5158|5159|5160|3061|2014|2015|1983|1915|2392|2338|2339|3294|2340|3295|2341|3025,325|326|160|324|344,Carr. Chichimequillas/Vista Hermosa,20.663777625704,-100.37395786964,10.070466058763932,53.740476190476194,7,True,38.77046605876393
1373,28.70833333333332,90.0,L51,46,5,1373|1442|1443|1374|1375|1444|1362|1363|1364|1445|1365|1446|1366|1447|1367|1431|4111|1300|1301|1302|1761|1303|1304|1305|1306|1432|1433|1434|3297|4241|2310|2311|2312|2313|3283|5197|4143|3284|4256|2338|2339|3294|2340|3295|2341|3025,90|97|325|324|344,Francisco I. Madero/Calle Adolfo de la Huerta,20.525392735208,-100.44387966712,12.180137844611535,45.01190476190476,7,True,40.88847117794486
3414,28.71666666666667,340.0,C50,29,7,3414|3415|3416|3417|3418|3419|3420|3421|3422|2578|2579|2920|2921|2922|2923|2924|2984|2858|2859|2860|2220|2337|2338|2339|3294|2340|3295|2341|3025,340|342|354|325|351|375|344,Agustín Romero López/Calle José Mariano Blasco,20.62519429,-100.4533902,21.20068027210884,53.238095238095234,7,True,49.91734693877551
1903,28.716666666666672,373.0,T05,23,9,1903|5120|1904|1890|1891|3640|1894|1905|2082|1884|2204|3280|4447|3281|1915|2392|2338|2339|3294|2340|3295|2341|3025,373|369|370|347|379|319|160|324|344,Av. del Ferrocarril/Pan de Dulce,20.605931476814,-100.34466855631,21.553571428571427,50.333333333333336,7,True,50.2702380952381
2167,28.750000000000004,163.0,L110,38,4,2167|3501|2069|2168|2169|3535|1968|1969|2176|2177|2178|2042|2043|2044|1973|1974|4435|1979|1980|1977|1976|5157|5158|5159|5160|3061|2014|2015|1983|1915|2392|2338|2339|3294|2340|3295|2341|3025,163|160|324|344,Portal de Samaniego/Santiago Zacatlán,20.657341208894,-100.39287693529,20.71468253968254,48.82380952380952,7,True,49.46468253968254
2299,28.76666666666667,375.0,T07,36,7,2299|2300|2301|3641|2302|2303|2304|2305|2306|2307|2308|2028|2029|2030|2031|2309|1919|1920|1921|4241|2310|2311|2312|2313|3283|5197|4143|3284|4256|2338|2339|3294|2340|3295|2341|3025,375|326|319|134|325|324|344,Calle 41/Calle 18,20.56652405,-100.3954022,10.563690476190475,44.371428571428574,7,True,39.330357142857146
2456,28.78333333333333,134.0,C26,34,7,2456|2457|2458|2459|2751|1473|1474|1476|1472|1471|1470|1469|1439|1438|2537|1920|1921|4241|2310|2311|2312|2313|3283|5197|4143|3284|4256|2338|2339|3294|2340|3295|2341|3025,134|352|396|90|325|324|344,20 de Noviembre/Francisco Gonzalez de Cosio,20.587772068969,-100.37646571473,7.951547619047619,26.65,7,True,36.73488095238095
3437,28.783333333333335,340.0,C50,20,8,3437|3438|3439|4175|3352|3353|3354|3355|2080|2859|2860|2220|2337|2338|2339|3294|2340|3295|2341|3025,340|283|349|351|358|325|375|344,Av. Laguna/Mares,20.62138204,-100.4478765,21.20068027210884,44.38809523809524,7,True,49.98401360544217
3129,28.783333333333335,341.0,C51,30,7,3129|5152|3130|3927|4133|2913|2914|2915|2916|2917|2918|2919|2920|2921|2922|2923|2924|2984|2858|2859|2860|2220|2337|2338|2339|3294|2340|3295|2341|3025,341|377|354|325|351|375|344,Av. Valle Verde/Valle de Los Girasoles,20.61483614,-100.4652427,17.251659451659453,59.5047619047619,7,True,46.03499278499279
3593,28.8,361.0,L156,23,9,3593|3594|3710|2285|3339|2286|2897|2287|3340|2074|2288|2080|2859|2860|2220|2337|2338|2339|3294|2340|3295|2341|3025,361|283|374|255|358|325|351|375|344,Chalcas/Kiliwas,20.63825073,-100.4638569,28.730158730158728,60.60952380952381,7,True,57.53015873015873
2804,28.80833333333333,364.0,L159,20,7,2804|2805|2806|2807|2808|2809|2810|2288|2080|2859|2860|2220|2337|2338|2339|3294|2340|3295|2341|3025,364|255|358|325|351|375|344,Paseo Jurica/Bahía Ii,20.67132479,-100.4487207,24.902380952380952,55.65238095238095,7,True,53.71071428571428
2240,28.816666666666663,322.0,C29,36,11,2240|2211|2212|2213|2214|2215|2216|2217|2218|2219|2032|2023|2024|2856|1439|1438|2537|1920|1921|4241|2310|2311|2312|2313|3283|5197|4143|3284|4256|2338|2339|3294|2340|3295|2341|3025,322|371|321|341|376|386|98|90|325|324|344,Luis Pasteur Sur/Tenoch,20.558180481018,-100.38346259651,13.388293650793653,38.36666666666667,7,True,42.20496031746032
2510,28.833333333333336,322.0,C29,41,10,2510|2511|2512|2513|2514|2515|2516|3686|2517|2214|2215|2216|2217|2218|2219|2032|2023|2024|2856|1439|1438|2537|1920|1921|4241|2310|2311|2312|2313|3283|5197|4143|3284|4256|2338|2339|3294|2340|3295|2341|3025,322|341|321|376|386|98|90|325|324|344,Av. 26/Calle 35,20.56387973,-100.3932374,13.388293650793653,43.61666666666667,7,True,42.221626984126985
2508,28.849999999999994,322.0,C29,31,6,2508|2509|4138|2291|2292|2293|2294|2295|2296|2418|2419|5180|2672|2201|4241|2310|2311|2312|2313|3283|5197|4143|3284|4256|2338|2339|3294|2340|3295|2341|3025,322|319|338|325|324|344,Av. Candiles/Plaza Candiles,20.54712239,-100.3979739,13.388293650793653,50.2047619047619,7,True,42.23829365079365
2952,28.850000000000005,245.0,C58,22,8,2952|2742|2572|2573|2574|2575|2610|2611|2074|2288|2080|2859|2860|2220|2337|2338|2339|3294|2340|3295|2341|3025,245|374|255|358|325|351|375|344,Av. de la Luz/Prol. Bernardo Quintana,20.630987162805,-100.4686897165,23.286796536796537,53.221428571428575,7,True,52.13679653679654
3344,28.866666666666664,396.0,T16,33,6,3344|2442|2471|3596|1473|1474|1476|1472|1471|1470|1469|1439|1438|2537|1920|1921|4241|2310|2311|2312|2313|3283|5197|4143|3284|4256|2338|2339|3294|2340|3295|2341|3025,396|352|90|325|324|344,Blvd. Centro Sur/Marqués de la Villa del Villar del Águila,20.565964262354,-100.36260803299,12.226587301587305,44.65238095238095,7,True,41.09325396825397
4267,28.866666666666667,338.0,C48,38,6,4267|4268|4269|3038|3106|3039|3040|3041|3042|3043|3044|3107|3108|3109|3115|3116|3117|3118|5165|5166|5174|5167|2861|2862|2886|2887|2888|2889|3362|3363|4256|2338|2339|3294|2340|3295|2341|3025,338|345|346|336|350|344,Av. Paseo de la Constitución/Josafat F. Márquez,20.621613413483,-100.39082634929,10.371949404761907,24.735714285714288,7,True,39.238616071428574
2259,28.86666666666667,336.0,C46,34,5,2259|2260|2261|2262|2263|3023|2264|4393|2199|1762|1763|2200|4430|1764|1765|1766|2201|4241|2310|2311|2312|2313|3283|5197|4143|3284|4256|2338|2339|3294|2340|3295|2341|3025,336|338|325|324|344,Av. Candiles/Parque Candiles Skate Park,20.546424969556,-100.40628237537,12.644407008086255,43.154761904761905,7,True,41.51107367475292
2729,28.86666666666667,255.0,T11,23,6,2729|4264|4265|2730|2731|2732|2733|2734|2735|2606|2288|2080|2859|2860|2220|2337|2338|2339|3294|2340|3295|2341|3025,255|358|325|351|375|344,Av. Constitución/Anillo Vial Fray Junípero Serra,20.69017995,-100.4361949,13.954024943310655,51.33571428571429,7,True,42.820691609977324
4275,28.874999999999993,408.0,C73,33,6,4275|5119|5205|4111|1300|1301|1302|1761|1303|1304|1305|1306|1432|1433|1434|3297|4241|2310|2311|2312|2313|3283|5197|4143|3284|4256|2338|2339|3294|2340|3295|2341|3025,408|90|97|325|324|344,Libramiento Sur Poniente/Prol. Paseo de Amsterdam,20.525655239704,-100.42506415498,30.109920634920638,71.25952380952381,7,True,58.98492063492063
1330,28.874999999999993,94.0,L55,33,9,1330|1399|2190|3301|1300|1301|1302|1761|1303|1304|1305|1306|1432|1433|1434|3297|4241|2310|2311|2312|2313|3283|5197|4143|3284|4256|2338|2339|3294|2340|3295|2341|3025,94|92|128|255|90|97|325|324|344,Geranios/Prol. Jazmín,20.52890450515,-100.45467188135,31.653571428571436,55.87619047619047,7,True,60.528571428571425
2463,28.88333333333333,98.0,C23,34,7,2463|2518|2519|3578|2216|2217|2218|2219|2032|2023|2024|2856|1439|1438|2537|1920|1921|4241|2310|2311|2312|2313|3283|5197|4143|3284|4256|2338|2339|3294|2340|3295|2341|3025,98|376|386|90|325|324|344,Av. Colinas del Cimatario/Cerro del Peñón,20.564948715003,-100.36988816813,10.844812925170071,40.971428571428575,7,True,39.7281462585034
3389,28.883333333333333,342.0,C52,24,10,3389|3160|3161|3162|3163|4045|3164|3165|2610|2611|2074|2288|2080|2859|2860|2220|2337|2338|2339|3294|2340|3295|2341|3025,342|323|245|374|255|358|325|351|375|344,Calle Cerro de la Cruz/Calle Cerro de Sangremal,20.65394561,-100.4517887,9.03374741200828,51.10000000000001,7,True,37.917080745341615
1441,28.891666666666655,90.0,L51,47,5,1441|1373|1442|1443|1374|1375|1444|1362|1363|1364|1445|1365|1446|1366|1447|1367|1431|4111|1300|1301|1302|1761|1303|1304|1305|1306|1432|1433|1434|3297|4241|2310|2311|2312|2313|3283|5197|4143|3284|4256|2338|2339|3294|2340|3295|2341|3025,90|97|325|324|344,Francisco I. Madero/Venustiano Carranza,20.526419669925,-100.44303613732,12.180137844611535,44.72380952380952,7,True,41.07180451127819
2864,28.899999999999995,336.0,C46,33,6,2864|2865|2866|2867|2868|2869|2072|2070|2162|2163|2186|2187|2071|2880|2881|2882|2883|2884|2885|2886|2887|2888|2889|3362|3363|4256|2338|2339|3294|2340|3295|2341|3025,336|163|334|371|350|344,Av. Cerro Sombrerete/Lucero,20.63016672,-100.4129712,12.644407008086255,24.45,7,True,41.54440700808625
1293,28.97499999999999,97.0,C22,36,5,1293|1294|1295|1296|1297|1298|1299|1300|1301|1302|1761|1303|1304|1305|1306|1432|1433|1434|3297|4241|2310|2311|2312|2313|3283|5197|4143|3284|4256|2338|2339|3294|2340|3295|2341|3025,97|90|325|324|344,Miguel Hidalgo/Jardín Miguel Hidalgo,20.54257195815,-100.43991667117,14.923809523809528,47.88095238095237,7,True,43.89880952380952
2414,28.99166666666666,98.0,C23,31,9,2414|1772|1773|2197|2198|1308|1309|1304|1305|1306|1432|1433|1434|3297|4241|2310|2311|2312|2313|3283|5197|4143|3284|4256|2338|2339|3294|2340|3295|2341|3025,98|129|336|370|90|97|325|324|344,Prol. Zaragoza/Hacienda Escolásticas,20.571734752043,-100.41532213689,10.844812925170071,32.75476190476191,7,True,39.836479591836735
3046,29.0,321.0,C27,31,7,3046|3047|3048|3049|2630|3605|2230|2185|2186|2187|2071|2880|2881|2882|2883|2884|2885|2886|2887|2888|2889|3362|3363|4256|2338|2339|3294|2340|3295|2341|3025,321|347|334|336|371|350|344,Calle Plateros/Calle Panaderos,20.64082957,-100.3954666,7.660822510822512,33.78333333333333,7,True,36.66082251082251
1372,29.008333333333322,90.0,L51,48,5,1372|1441|1373|1442|1443|1374|1375|1444|1362|1363|1364|1445|1365|1446|1366|1447|1367|1431|4111|1300|1301|1302|1761|1303|1304|1305|1306|1432|1433|1434|3297|4241|2310|2311|2312|2313|3283|5197|4143|3284|4256|2338|2339|3294|2340|3295|2341|3025,90|97|325|324|344,Francisco I. Madero/Gral. Pedro Lascurain,20.527123804359,-100.44246135697,12.180137844611535,44.92619047619048,7,True,41.188471177944855
3480,29.016666666666666,350.0,C62,29,8,3480|3130|3927|4133|2913|2914|2915|2916|2917|2918|2919|2920|2921|2922|2923|2924|2984|2858|2859|2860|2220|2337|2338|2339|3294|2340|3295|2341|3025,350|341|377|354|325|351|375|344,Calle Hidalgo/Corregidora,20.61667469,-100.4675286,15.95847338935574,56.57380952380952,7,True,44.975140056022404
2245,29.058333333333337,382.0,T14,36,7,2245|2038|2039|2246|2017|2018|2019|2020|2021|2450|2451|1471|1470|1469|1439|1438|2537|1920|1921|4241|2310|2311|2312|2313|3283|5197|4143|3284|4256|2338|2339|3294|2340|3295|2341|3025,382|408|325|352|90|324|344,Av. Luis Vega Monrroy/Prol. del Cimatario,20.577607871928,-100.37310084685,10.835317460317457,38.77142857142858,7,True,39.89365079365079
3411,29.06666666666667,349.0,C61,22,6,3411|3412|3700|3701|4174|4175|3352|3353|3354|3355|2080|2859|2860|2220|2337|2338|2339|3294|2340|3295|2341|3025,349|351|358|325|375|344,Calle Zacapoaxtlas/Calle Toltecas,20.62781411,-100.4603033,18.17098214285714,53.66190476190476,7,True,47.23764880952381
2269,29.06666666666667,354.0,C68,24,11,2269|4247|4248|4249|4250|3483|3164|3165|2610|2611|2074|2288|2080|2859|2860|2220|2337|2338|2339|3294|2340|3295|2341|3025,354|342|323|245|374|255|358|325|351|375|344,Blvd. Peña Flor/Calle 17,20.643935866054,-100.45857775601,20.138253968253967,56.528571428571425,7,True,49.20492063492064
2507,29.08333333333333,322.0,C29,32,6,2507|2508|2509|4138|2291|2292|2293|2294|2295|2296|2418|2419|5180|2672|2201|4241|2310|2311|2312|2313|3283|5197|4143|3284|4256|2338|2339|3294|2340|3295|2341|3025,322|319|338|325|324|344,Av. Camino Real/Av. Candiles,20.54682359,-100.398618,13.388293650793653,49.647619047619045,7,True,42.471626984126985
3395,29.083333333333332,342.0,C52,33,8,3395|3396|3498|3260|3639|3261|2673|3262|5070|3263|5193|2342|2343|2344|2345|1921|4241|2310|2311|2312|2313|3283|5197|4143|3284|4256|2338|2339|3294|2340|3295|2341|3025,342|375|343|333|336|325|324|344,Juan Álvarez/Calle Rivapalacio,20.603305182831,-100.39434696368,9.03374741200828,15.090476190476192,7,True,38.11708074534161
2323,29.099999999999998,96.0,C21,31,9,2323|2324|2325|2326|3606|2484|3031|3050|3051|3052|3053|3054|3055|3056|3057|3058|3059|3060|3061|2014|2015|1983|1915|2392|2338|2339|3294|2340|3295|2341|3025,96|338|348|346|321|345|160|324|344,Cetis 16,20.63738173,-100.4059654,14.653571428571428,35.28333333333334,7,True,43.753571428571426
3652,29.099999999999998,274.0,L150,21,7,3652|3350|3351|3167|3168|3352|3353|3354|3355|2080|2859|2860|2220|2337|2338|2339|3294|2340|3295|2341|3025,274|351|342|358|325|375|344,Av. de Las Fuentes/Calle Volcán,20.639337430853,-100.45278493857,20.63095238095238,49.73095238095238,7,True,49.730952380952374
4173,29.1,283.0,C67,21,7,4173|3700|3701|4174|4175|3352|3353|3354|3355|2080|2859|2860|2220|2337|2338|2339|3294|2340|3295|2341|3025,283|349|351|358|325|375|344,Av. Begonias/Las Flores,20.625799950369,-100.45576103224,26.925661375661374,54.28333333333334,7,True,56.02566137566137
2741,29.100000000000005,128.0,L100,23,9,2741|2952|2742|2572|2573|2574|2575|2610|2611|2074|2288|2080|2859|2860|2220|2337|2338|2339|3294|2340|3295|2341|3025,128|245|374|255|358|325|351|375|344,Av. de la Luz/Cordillera Himalaya,20.63046096,-100.4702282,25.417559523809526,52.93809523809524,7,True,54.51755952380953
2280,29.133333333333336,316.0,C71,25,8,2280|2281|2282|2283|2284|2285|3339|2286|2897|2287|3340|2074|2288|2080|2859|2860|2220|2337|2338|2339|3294|2340|3295|2341|3025,316|374|255|358|325|351|375|344,Paseo Querétaro/Av. Real del Marqués,20.650669912579,-100.47077721348,28.520476190476188,60.93095238095238,7,True,57.65380952380953
2674,29.15,341.0,C51,31,7,2674|4131|2675|3893|2668|2669|2294|2295|2296|2418|2419|5180|2672|2201|4241|2310|2311|2312|2313|3283|5197|4143|3284|4256|2338|2339|3294|2340|3295|2341|3025,341|337|319|338|325|324|344,Av. Cumbres/Av. Camino Real,20.5510393,-100.3983774,17.251659451659453,42.85952380952381,7,True,46.401659451659455
3601,29.15,326.0,C35,38,6,3601|2541|2542|2543|2544|2545|2546|2303|2304|2305|2306|2307|2308|2028|2029|2030|2031|2309|1919|1920|1921|4241|2310|2311|2312|2313|3283|5197|4143|3284|4256|2338|2339|3294|2340|3295|2341|3025,326|319|134|325|324|344,Prol. Calle 27/Calle Nicaragua,20.55870516,-100.3886614,10.968287740628165,42.89523809523809,7,True,40.11828774062816
1400,29.16666666666666,128.0,L100,34,9,1400|1401|1370|2190|3301|1300|1301|1302|1761|1303|1304|1305|1306|1432|1433|1434|3297|4241|2310|2311|2312|2313|3283|5197|4143|3284|4256|2338|2339|3294|2340|3295|2341|3025,128|408|94|255|90|97|325|324|344,Pirámides,20.53445833,-100.4513417,25.417559523809526,57.857142857142854,7,True,54.58422619047619
3119,29.183333333333337,163.0,L110,39,4,3119|2167|3501|2069|2168|2169|3535|1968|1969|2176|2177|2178|2042|2043|2044|1973|1974|4435|1979|1980|1977|1976|5157|5158|5159|5160|3061|2014|2015|1983|1915|2392|2338|2339|3294|2340|3295|2341|3025,163|160|324|344,Calle Portal de Samaniego/Santiago de Apóstol,20.65549406,-100.3931708,20.71468253968254,49.07380952380952,7,True,49.89801587301588
2598,29.200000000000006,341.0,C51,37,9,2598|2599|5226|2600|2545|2546|2303|2304|2305|2306|2307|2308|2028|2029|2030|2031|2309|1919|1920|1921|4241|2310|2311|2312|2313|3283|5197|4143|3284|4256|2338|2339|3294|2340|3295|2341|3025,341|332|334|326|319|134|325|324|344,Calle 37/Calle 2,20.561428,-100.392997,17.251659451659453,43.71904761904762,7,True,46.45165945165946
3499,29.200000000000006,342.0,C52,33,9,3499|3774|3775|3776|3000|3001|3291|3002|3003|3004|3005|3006|3007|3008|3172|2920|2921|2922|2923|2924|2984|2858|2859|2860|2220|2337|2338|2339|3294|2340|3295|2341|3025,342|345|350|349|354|325|351|375|344,Epigmenio González/Ramiro de Maeztu,20.60530784,-100.4097103,9.03374741200828,15.29047619047619,7,True,38.233747412008285
3616,29.20833333333333,129.0,L101,32,8,3616|3617|1772|1773|2197|2198|1308|1309|1304|1305|1306|1432|1433|1434|3297|4241|2310|2311|2312|2313|3283|5197|4143|3284|4256|2338|2339|3294|2340|3295|2341|3025,129|336|370|90|97|325|324|344,Hacienda Escolásticas/Hacienda Vegil,20.57293696,-100.4171662,6.9583333333333375,35.2,7,True,36.166666666666664
2532,29.21666666666666,324.0,C33,24,5,2532|2533|2382|2383|2388|2389|2390|2391|1975|1978|4113|1981|5196|1982|1983|1915|2392|2338|2339|3294|2340|3295|2341|3025,324|325|326|160|344,Río Mayo/Río Guaymas,20.636856067068,-100.38997925212,14.674867724867724,39.86666666666667,7,True,43.891534391534385
5104,29.21666666666667,352.0,C64,29,5,5104|1475|1476|1472|1471|1470|1469|1439|1438|2537|1920|1921|4241|2310|2311|2312|2313|3283|5197|4143|3284|4256|2338|2339|3294|2340|3295|2341|3025,352|90|325|324|344,Carretera Federal No. 57/Av. Conin,20.576281066446,-100.33123725734,7.351785714285714,41.897619047619045,7,True,36.56845238095238
2670,29.233333333333334,337.0,C47,38,7,2670|2541|2542|2543|2544|2545|2546|2303|2304|2305|2306|2307|2308|2028|2029|2030|2031|2309|1919|1920|1921|4241|2310|2311|2312|2313|3283|5197|4143|3284|4256|2338|2339|3294|2340|3295|2341|3025,337|326|319|134|325|324|344,Andador 18/Calle 33,20.55931587,-100.3910775,11.736904761904764,44.75238095238095,7,True,40.9702380952381
2025,29.233333333333338,319.0,C24,34,7,2025|2026|2027|2891|2231|2232|2629|2478|2308|2028|2029|2030|2031|2309|1919|1920|1921|4241|2310|2311|2312|2313|3283|5197|4143|3284|4256|2338|2339|3294|2340|3295|2341|3025,319|341|334|134|325|324|344,Corregidora Sur/Zacarías Oñate,20.585528146045,-100.38874821756,4.469736842105263,23.726190476190474,7,True,33.7030701754386
4137,29.266666666666662,341.0,C51,32,7,4137|2508|2509|4138|2291|2292|2293|2294|2295|2296|2418|2419|5180|2672|2201|4241|2310|2311|2312|2313|3283|5197|4143|3284|4256|2338|2339|3294|2340|3295|2341|3025,341|322|319|338|325|324|344,Av. Camino Real/Av. Candiles,20.547715691161,-100.39888930806,17.251659451659453,46.31190476190476,7,True,46.518326118326115
2486,29.283333333333328,322.0,C29,34,8,2486|5107|2519|3578|2216|2217|2218|2219|2032|2023|2024|2856|1439|1438|2537|1920|1921|4241|2310|2311|2312|2313|3283|5197|4143|3284|4256|2338|2339|3294|2340|3295|2341|3025,322|376|386|98|90|325|324|344,Carlos A. Madrazo/Ricardo Flores Magón,20.558803757589,-100.3802341302,13.388293650793653,37.65,7,True,42.67162698412698
2355,29.28333333333333,341.0,C51,28,8,2355|2612|2613|3327|2614|2615|2418|2419|5180|2672|2201|4241|2310|2311|2312|2313|3283|5197|4143|3284|4256|2338|2339|3294|2340|3295|2341|3025,341|337|234|319|338|325|324|344,Calle 24/Calle 37,20.565314,-100.394019,17.251659451659453,41.94761904761905,7,True,46.53499278499278
3534,29.28333333333333,325.0,C34,40,5,3534|2367|5092|2368|2372|5093|2373|3535|1968|1969|2176|2177|2178|2042|2043|2044|1973|1974|4435|1979|1980|1977|1976|5157|5158|5159|5160|3061|2014|2015|1983|1915|2392|2338|2339|3294|2340|3295|2341|3025,325|326|324|160|344,Carr. Chichimequillas/Camino Real,20.65392485,-100.3776119,10.070466058763932,44.699999999999996,7,True,39.353799392097265
1369,29.29166666666666,94.0,L55,33,8,1369|1370|2190|3301|1300|1301|1302|1761|1303|1304|1305|1306|1432|1433|1434|3297|4241|2310|2311|2312|2313|3283|5197|4143|3284|4256|2338|2339|3294|2340|3295|2341|3025,94|128|255|90|97|325|324|344,Don José/Arquitectura E Ingeniería,20.529442104286,-100.45875025366,31.653571428571436,58.523809523809526,7,True,60.945238095238096
3520,29.300000000000004,283.0,C67,21,9,3520|2572|2573|2574|2575|2610|2611|2074|2288|2080|2859|2860|2220|2337|2338|2339|3294|2340|3295|2341|3025,283|245|374|255|358|325|351|375|344,Calle Tarahumaras/Pames,20.63568345,-100.4641281,26.925661375661374,58.14047619047619,7,True,56.225661375661375
3231,29.33333333333333,331.0,C40,23,7,3231|3232|3233|3234|3235|3236|2602|4253|3237|3222|3538|3283|5197|4143|3284|4256|2338|2339|3294|2340|3295|2341|3025,331|353|345|323|348|324|344,Hacienda Tequisquiapan/Hacienda Salitrillo,20.59995469,-100.430351,10.213095238095244,40.057142857142864,7,True,39.54642857142857
2445,29.333333333333332,134.0,C26,37,7,2445|3346|2446|2447|2448|2449|2404|2405|2020|2021|2450|2451|1471|1470|1469|1439|1438|2537|1920|1921|4241|2310|2311|2312|2313|3283|5197|4143|3284|4256|2338|2339|3294|2340|3295|2341|3025,134|396|325|352|90|324|344,Fray Luis de León/Manuel Gómez Morín,20.56117,-100.363047,7.951547619047619,44.91190476190476,7,True,37.28488095238095
1338,29.333333333333336,98.0,C23,29,6,1338|1339|1340|1341|1762|1763|2200|4430|1764|1765|1766|2201|4241|2310|2311|2312|2313|3283|5197|4143|3284|4256|2338|2339|3294|2340|3295|2341|3025,98|336|338|325|324|344,Blvd. Hacienda del Jacal/Plaza El Jacal,20.559986549095,-100.43146601395,10.844812925170071,43.08095238095238,7,True,40.1781462585034
3709,29.33333333333334,283.0,C67,23,10,3709|2609|2743|2572|2573|2574|2575|2610|2611|2074|2288|2080|2859|2860|2220|2337|2338|2339|3294|2340|3295|2341|3025,283|245|361|374|255|358|325|351|375|344,Calle Mayas/Tlaxcaltecas,20.63385434,-100.4581505,26.925661375661374,53.392857142857146,7,True,56.25899470899471
4274,29.349999999999994,408.0,C73,34,6,4274|4275|5119|5205|4111|1300|1301|1302|1761|1303|1304|1305|1306|1432|1433|1434|3297|4241|2310|2311|2312|2313|3283|5197|4143|3284|4256|2338|2339|3294|2340|3295|2341|3025,408|90|97|325|324|344,Libramiento Sur Poniente/Prol. de Bucareli,20.526520333926,-100.4229125363,30.109920634920638,74.52380952380952,7,True,59.459920634920636
2247,29.36666666666667,350.0,C62,31,8,2247|2931|2932|3279|3434|3435|3418|3419|3420|3421|3422|2578|2579|2920|2921|2922|2923|2924|2984|2858|2859|2860|2220|2337|2338|2339|3294|2340|3295|2341|3025,350|340|342|354|325|351|375|344,Prol. Bernardo Quintana/Plaza Patio,20.61696221,-100.438652,15.95847338935574,35.87619047619048,7,True,45.32514005602241
1398,29.374999999999993,93.0,L54,33,9,1398|1399|2190|3301|1300|1301|1302|1761|1303|1304|1305|1306|1432|1433|1434|3297|4241|2310|2311|2312|2313|3283|5197|4143|3284|4256|2338|2339|3294|2340|3295|2341|3025,93|92|128|255|90|97|325|324|344,Prol. Jazmín/Geranios,20.528994785428,-100.45426173589,26.501190476190484,55.87619047619047,7,True,55.87619047619047
1948,29.38333333333333,112.0,L103,15,5,1948|1949|1950|1951|1952|3281|1915|2392|2338|2339|3294|2340|3295|2341|3025,112|319|160|324|344,Anillo Vial Fray Junípero Serra/Fracc. la Vista,20.63774281,-100.3488226,10.133333333333338,39.7,7,True,39.516666666666666
3860,29.400000000000006,335.0,C44,31,9,3860|3493|5149|3494|2317|3292|2318|3293|2319|2320|2321|2221|2222|2223|2224|2861|2862|2886|2887|2888|2889|3362|3363|4256|2338|2339|3294|2340|3295|2341|3025,335|342|345|375|96|371|336|350|344,Calle Camino Real/Epigmenio González,20.606030991365,-100.40909767269,0.0,16.835714285714285,7,True,29.400000000000006
2239,29.416666666666664,322.0,C29,37,11,2239|2240|2211|2212|2213|2214|2215|2216|2217|2218|2219|2032|2023|2024|2856|1439|1438|2537|1920|1921|4241|2310|2311|2312|2313|3283|5197|4143|3284|4256|2338|2339|3294|2340|3295|2341|3025,322|371|321|341|376|386|98|90|325|324|344,Prol. Luis Pasteur/Cuauhtémoc,20.559871419085,-100.38341157907,13.388293650793653,36.93333333333333,7,True,42.80496031746031
2364,29.416666666666664,233.0,L113,33,7,2364|2365|4129|2290|3600|2291|2292|2293|2294|2295|2296|2418|2419|5180|2672|2201|4241|2310|2311|2312|2313|3283|5197|4143|3284|4256|2338|2339|3294|2340|3295|2341|3025,233|326|319|338|325|324|344,Blvd. de Las Américas/Río Mayo,20.54865982,-100.3923866,12.858333333333336,38.22619047619048,7,True,42.275
3508,29.416666666666668,281.0,L115,21,11,3508|3509|4045|3164|3165|2610|2611|2074|2288|2080|2859|2860|2220|2337|2338|2339|3294|2340|3295|2341|3025,281|342|323|245|374|255|358|325|351|375|344,Monte Alban/Everest,20.64541137,-100.4470107,23.809523809523807,53.26904761904762,7,True,53.226190476190474
3485,29.433333333333334,91.0,L52,30,7,3485|1450|1475|1476|1472|1471|1470|1469|1439|1438|2537|1920|1921|4241|2310|2311|2312|2313|3283|5197|4143|3284|4256|2338|2339|3294|2340|3295|2341|3025,91|99|352|90|325|324|344,Prol. Constituyentes/Vía Catania,20.59140961,-100.329584,14.242857142857142,43.67619047619048,7,True,43.67619047619048
1352,29.45833333333332,90.0,L51,49,5,1352|1372|1441|1373|1442|1443|1374|1375|1444|1362|1363|1364|1445|1365|1446|1366|1447|1367|1431|4111|1300|1301|1302|1761|1303|1304|1305|1306|1432|1433|1434|3297|4241|2310|2311|2312|2313|3283|5197|4143|3284|4256|2338|2339|3294|2340|3295|2341|3025,90|97|325|324|344,Blvd. Metropolitano/Pirámides de Egipto,20.530484554613,-100.4416241503,12.180137844611535,44.5047619047619,7,True,41.63847117794486
3071,29.466666666666665,338.0,C48,33,8,3071|3072|3073|3110|2325|2326|3606|2484|3031|3050|3051|3052|3053|3054|3055|3056|3057|3058|3059|3060|3061|2014|2015|1983|1915|2392|2338|2339|3294|2340|3295|2341|3025,338|348|346|321|345|160|324|344,Av. Platón/Cantores,20.63734485,-100.4006624,10.371949404761907,36.916666666666664,7,True,39.838616071428575
3345,29.46666666666667,396.0,T16,37,7,3345|3346|2446|2447|2448|2449|2404|2405|2020|2021|2450|2451|1471|1470|1469|1439|1438|2537|1920|1921|4241|2310|2311|2312|2313|3283|5197|4143|3284|4256|2338|2339|3294|2340|3295|2341|3025,396|134|325|352|90|324|344,Av. Fray Diego de Landa/Av. Fray Luis de León,20.5694332,-100.3616696,12.226587301587305,40.833333333333336,7,True,41.69325396825397
2863,29.483333333333327,336.0,C46,34,6,2863|2864|2865|2866|2867|2868|2869|2072|2070|2162|2163|2186|2187|2071|2880|2881|2882|2883|2884|2885|2886|2887|2888|2889|3362|3363|4256|2338|2339|3294|2340|3295|2341|3025,336|163|334|371|350|344,Av. Cerro Sombrerete/Calle Quetzalcóatl Oriente,20.628256282672,-100.41266051656,12.644407008086255,21.73333333333333,7,True,42.12774034141958
3642,29.483333333333338,373.0,T05,35,6,3642|2259|2260|2261|2262|2263|3023|2264|4393|2199|1762|1763|2200|4430|1764|1765|1766|2201|4241|2310|2311|2312|2313|3283|5197|4143|3284|4256|2338|2339|3294|2340|3295|2341|3025,373|336|338|325|324|344,Fernando Díaz Ramírez/Av. Candiles,20.545504021965,-100.40511213203,21.553571428571427,50.97380952380952,7,True,51.036904761904765
3159,29.5,378.0,T10,24,11,3159|3160|3161|3162|3163|4045|3164|3165|2610|2611|2074|2288|2080|2859|2860|2220|2337|2338|2339|3294|2340|3295|2341|3025,378|342|323|245|374|255|358|325|351|375|344,Av. Popocátepetl/Calle Margarita Maza de Juárez,20.65579551,-100.4510372,18.27857142857143,55.371428571428574,7,True,47.778571428571425
3592,29.516666666666666,361.0,L156,24,9,3592|3593|3594|3710|2285|3339|2286|2897|2287|3340|2074|2288|2080|2859|2860|2220|2337|2338|2339|3294|2340|3295|2341|3025,361|283|374|255|358|325|351|375|344,Calle Cerro de la Cruz/Cerro Santa Teresa,20.63843651,-100.4610855,28.730158730158728,58.73095238095238,7,True,58.24682539682539
2298,29.51666666666667,322.0,C29,42,10,2298|2510|2511|2512|2513|2514|2515|2516|3686|2517|2214|2215|2216|2217|2218|2219|2032|2023|2024|2856|1439|1438|2537|1920|1921|4241|2310|2311|2312|2313|3283|5197|4143|3284|4256|2338|2339|3294|2340|3295|2341|3025,322|341|321|376|386|98|90|325|324|344,Serapio Rendón/Primaria Justo Sierra,20.563582,-100.395298,13.388293650793653,41.87142857142857,7,True,42.90496031746032
2497,29.533333333333328,322.0,C29,36,10,2497|2477|2212|2213|2214|2215|2216|2217|2218|2219|2032|2023|2024|2856|1439|1438|2537|1920|1921|4241|2310|2311|2312|2313|3283|5197|4143|3284|4256|2338|2339|3294|2340|3295|2341|3025,322|321|341|376|386|98|90|325|324|344,Cto. Lazaro Cardenas/Ricardo Flores Magón,20.559878066462,-100.38081813847,13.388293650793653,40.61666666666667,7,True,42.92162698412698
2465,29.53333333333333,136.0,C28,38,8,2465|2445|3346|2446|2447|2448|2449|2404|2405|2020|2021|2450|2451|1471|1470|1469|1439|1438|2537|1920|1921|4241|2310|2311|2312|2313|3283|5197|4143|3284|4256|2338|2339|3294|2340|3295|2341|3025,136|134|396|325|352|90|324|344,Fray Luis de Leon/Manuel Gomez Morin,20.560563605901,-100.36310220623,18.13571428571429,47.66904761904762,7,True,47.66904761904762
3408,29.549999999999997,316.0,C71,22,8,3408|3652|3350|3351|3167|3168|3352|3353|3354|3355|2080|2859|2860|2220|2337|2338|2339|3294|2340|3295|2341|3025,316|274|351|342|358|325|375|344,Guayaquiri/Av. de Las Fuentes,20.64069704,-100.4536351,28.520476190476188,49.87619047619047,7,True,58.070476190476185
3413,29.55,340.0,C50,30,7,3413|3414|3415|3416|3417|3418|3419|3420|3421|3422|2578|2579|2920|2921|2922|2923|2924|2984|2858|2859|2860|2220|2337|2338|2339|3294|2340|3295|2341|3025,340|342|354|325|351|375|344,Calle Zacapoaxtlas/Av. Begonias,20.62619178,-100.4550213,21.20068027210884,53.11190476190477,7,True,50.75068027210884
2370,29.55,326.0,C35,38,4,2370|2371|2372|5093|2373|3535|1968|1969|2176|2177|2178|2042|2043|2044|1973|1974|4435|1979|1980|1977|1976|5157|5158|5159|5160|3061|2014|2015|1983|1915|2392|2338|2339|3294|2340|3295|2341|3025,326|160|324|344,Alamo/Esmeralda,20.656885024713,-100.36937233266,10.968287740628165,51.06666666666667,7,True,40.51828774062817
3174,29.550000000000004,378.0,T10,19,12,3174|3175|2568|2569|2611|2074|2288|2080|2859|2860|2220|2337|2338|2339|3294|2340|3295|2341|3025,378|354|379|315|245|374|255|358|325|351|375|344,Av. Tempano/Verona,20.62695769,-100.4423314,18.27857142857143,40.23571428571428,7,True,47.828571428571436
2698,29.550000000000004,255.0,T11,23,6,2698|2699|4437|2730|2731|2732|2733|2734|2735|2606|2288|2080|2859|2860|2220|2337|2338|2339|3294|2340|3295|2341|3025,255|358|325|351|375|344,Paseo de la República/Palma Datilera,20.666979581162,-100.43297047671,13.954024943310655,42.5,7,True,43.50402494331066
2166,29.56666666666667,163.0,L110,40,4,2166|3119|2167|3501|2069|2168|2169|3535|1968|1969|2176|2177|2178|2042|2043|2044|1973|1974|4435|1979|1980|1977|1976|5157|5158|5159|5160|3061|2014|2015|1983|1915|2392|2338|2339|3294|2340|3295|2341|3025,163|160|324|344,Santiago de Querétaro/Portal de Samaniego,20.653877064885,-100.3934971409,20.71468253968254,46.47380952380952,7,True,50.281349206349205
3343,29.58333333333333,396.0,T16,34,6,3343|3344|2442|2471|3596|1473|1474|1476|1472|1471|1470|1469|1439|1438|2537|1920|1921|4241|2310|2311|2312|2313|3283|5197|4143|3284|4256|2338|2339|3294|2340|3295|2341|3025,396|352|90|325|324|344,Blvd. Centro Sur/Av. Fray Luis de León,20.5641081,-100.3654746,12.226587301587305,41.19761904761905,7,True,41.80992063492063
5096,29.583333333333332,353.0,C65,24,6,5096|5097|3232|3233|3234|3235|3236|2602|4253|3237|3222|3538|3283|5197|4143|3284|4256|2338|2339|3294|2340|3295|2341|3025,353|345|323|348|324|344,Hacienda José Julián Llaguno/Hacienda Las Teresas,20.597789,-100.431587,7.696130952380956,38.57380952380952,7,True,37.27946428571429
3445,29.58333333333334,349.0,C61,23,10,3445|3446|3447|2572|2573|2574|2575|2610|2611|2074|2288|2080|2859|2860|2220|2337|2338|2339|3294|2340|3295|2341|3025,349|340|245|374|255|358|325|351|375|344,Calle Zacapoaxtlas/Calle Toltecas,20.62788186,-100.4602007,18.17098214285714,53.66190476190476,7,True,47.754315476190484
2037,29.591666666666672,337.0,C47,37,8,2037|2245|2038|2039|2246|2017|2018|2019|2020|2021|2450|2451|1471|1470|1469|1439|1438|2537|1920|1921|4241|2310|2311|2312|2313|3283|5197|4143|3284|4256|2338|2339|3294|2340|3295|2341|3025,337|382|408|325|352|90|324|344,Luis Vega y Monroy/Av. Cimatario,20.57731557701,-100.37458914672,11.736904761904764,38.614285714285714,7,True,41.328571428571436
2468,29.616666666666664,134.0,C26,33,7,2468|2470|2471|3596|1473|1474|1476|1472|1471|1470|1469|1439|1438|2537|1920|1921|4241|2310|2311|2312|2313|3283|5197|4143|3284|4256|2338|2339|3294|2340|3295|2341|3025,134|396|352|90|325|324|344,Cerro Blanco/Plan Vida,20.575630692297,-100.36353558704,7.951547619047619,44.93809523809524,7,True,37.568214285714284
2728,29.61666666666667,255.0,T11,24,6,2728|2729|4264|4265|2730|2731|2732|2733|2734|2735|2606|2288|2080|2859|2860|2220|2337|2338|2339|3294|2340|3295|2341|3025,255|358|325|351|375|344,Av. Constitución/Interimöbel,20.69331399,-100.4365249,13.954024943310655,52.35,7,True,43.570691609977324
2476,29.649999999999995,321.0,C27,36,9,2476|2477|2212|2213|2214|2215|2216|2217|2218|2219|2032|2023|2024|2856|1439|1438|2537|1920|1921|4241|2310|2311|2312|2313|3283|5197|4143|3284|4256|2338|2339|3294|2340|3295|2341|3025,321|341|376|386|98|90|325|324|344,Ricardo Flores Magón/Primaria Jose Morales Lira,20.558508718956,-100.37974811507,7.660822510822512,37.65,7,True,37.310822510822504
2455,29.65,134.0,C26,35,7,2455|2456|2457|2458|2459|2751|1473|1474|1476|1472|1471|1470|1469|1439|1438|2537|1920|1921|4241|2310|2311|2312|2313|3283|5197|4143|3284|4256|2338|2339|3294|2340|3295|2341|3025,134|352|396|90|325|324|344,Av. 20 de Noviembre/Ejército Republicano,20.590433341935,-100.37658834045,7.951547619047619,28.83095238095238,7,True,37.601547619047615
3650,29.65,233.0,L113,31,6,3650|2290|3600|2291|2292|2293|2294|2295|2296|2418|2419|5180|2672|2201|4241|2310|2311|2312|2313|3283|5197|4143|3284|4256|2338|2339|3294|2340|3295|2341|3025,233|319|338|325|324|344,Francisco Alcocer Pozo/Circuito del Sol,20.541257464378,-100.39563243422,12.858333333333336,46.55714285714286,7,True,42.50833333333333
1984,29.666666666666664,326.0,C35,40,5,1984|2367|5092|2368|2372|5093|2373|3535|1968|1969|2176|2177|2178|2042|2043|2044|1973|1974|4435|1979|1980|1977|1976|5157|5158|5159|5160|3061|2014|2015|1983|1915|2392|2338|2339|3294|2340|3295|2341|3025,326|325|324|160|344,Camino Real/Monterrey,20.653463210355,-100.37761747996,10.968287740628165,45.99285714285714,7,True,40.63495440729483
3315,29.666666666666668,337.0,C47,39,7,3315|2670|2541|2542|2543|2544|2545|2546|2303|2304|2305|2306|2307|2308|2028|2029|2030|2031|2309|1919|1920|1921|4241|2310|2311|2312|2313|3283|5197|4143|3284|4256|2338|2339|3294|2340|3295|2341|3025,337|326|319|134|325|324|344,Calle Antonio de Carranza/República Dominicana,20.55893468,-100.3922429,11.736904761904764,42.50238095238095,7,True,41.40357142857143
5148,29.700000000000006,342.0,C52,34,9,5148|3499|3774|3775|3776|3000|3001|3291|3002|3003|3004|3005|3006|3007|3008|3172|2920|2921|2922|2923|2924|2984|2858|2859|2860|2220|2337|2338|2339|3294|2340|3295|2341|3025,342|345|350|349|354|325|351|375|344,Av. San Roque/Epigmenio González,20.60558920568,-100.40847394205,9.03374741200828,15.880952380952381,7,True,38.733747412008285
2227,29.716666666666672,245.0,C58,40,5,2227|3119|2167|3501|2069|2168|2169|3535|1968|1969|2176|2177|2178|2042|2043|2044|1973|1974|4435|1979|1980|1977|1976|5157|5158|5159|5160|3061|2014|2015|1983|1915|2392|2338|2339|3294|2340|3295|2341|3025,245|163|160|324|344,Calle Santiago de Querétaro/Portal de Samaniego,20.65397985,-100.3937887,23.286796536796537,46.47380952380952,7,True,53.00346320346321
5184,29.73333333333333,326.0,C35,39,6,5184|3601|2541|2542|2543|2544|2545|2546|2303|2304|2305|2306|2307|2308|2028|2029|2030|2031|2309|1919|1920|1921|4241|2310|2311|2312|2313|3283|5197|4143|3284|4256|2338|2339|3294|2340|3295|2341|3025,326|319|134|325|324|344,Prol. Calle 27/Calle Puerto Rico,20.557021371188,-100.38805893794,10.968287740628165,43.97380952380952,7,True,40.7016210739615
2238,29.78333333333333,322.0,C29,38,11,2238|2239|2240|2211|2212|2213|2214|2215|2216|2217|2218|2219|2032|2023|2024|2856|1439|1438|2537|1920|1921|4241|2310|2311|2312|2313|3283|5197|4143|3284|4256|2338|2339|3294|2340|3295|2341|3025,322|371|321|341|376|386|98|90|325|324|344,Luis Pasteur Sur/Moctezuma Ilhuicamina,20.560920478146,-100.38337979412,13.388293650793653,37.016666666666666,7,True,43.17162698412699
4130,29.783333333333335,376.0,T08,35,8,4130|2490|2448|2449|2404|2405|2020|2021|2450|2451|1471|1470|1469|1439|1438|2537|1920|1921|4241|2310|2311|2312|2313|3283|5197|4143|3284|4256|2338|2339|3294|2340|3295|2341|3025,376|98|134|325|352|90|324|344,Av. del Parque/Torrecillas,20.563242496211,-100.37591769195,8.334285714285716,40.05,7,True,38.11761904761905
2571,29.78333333333334,245.0,C58,23,9,2571|2609|2743|2572|2573|2574|2575|2610|2611|2074|2288|2080|2859|2860|2220|2337|2338|2339|3294|2340|3295|2341|3025,245|361|374|255|358|325|351|375|344,Cerro del Capulín,20.63569072,-100.4560865,23.286796536796537,53.21190476190476,7,True,53.070129870129875
1424,29.791666666666654,90.0,L51,50,5,1424|1352|1372|1441|1373|1442|1443|1374|1375|1444|1362|1363|1364|1445|1365|1446|1366|1447|1367|1431|4111|1300|1301|1302|1761|1303|1304|1305|1306|1432|1433|1434|3297|4241|2310|2311|2312|2313|3283|5197|4143|3284|4256|2338|2339|3294|2340|3295|2341|3025,90|97|325|324|344,Av. Paseo Constituyentes/Heroico Colegio Militar,20.532491122673,-100.43991532105,12.180137844611535,43.0,7,True,41.97180451127819
3727,29.79166666666666,129.0,L101,33,8,3727|3616|3617|1772|1773|2197|2198|1308|1309|1304|1305|1306|1432|1433|1434|3297|4241|2310|2311|2312|2313|3283|5197|4143|3284|4256|2338|2339|3294|2340|3295|2341|3025,129|336|370|90|97|325|324|344,José Antonio García Jimeno/Blvd. Dolores del Río,20.573222520952,-100.41945692997,6.9583333333333375,40.12619047619047,7,True,36.75
3070,29.799999999999997,338.0,C48,34,8,3070|3071|3072|3073|3110|2325|2326|3606|2484|3031|3050|3051|3052|3053|3054|3055|3056|3057|3058|3059|3060|3061|2014|2015|1983|1915|2392|2338|2339|3294|2340|3295|2341|3025,338|348|346|321|345|160|324|344,Av. Platón/Calle Mecánicos,20.63623798,-100.4008495,10.371949404761907,34.9,7,True,40.171949404761904
2462,29.799999999999997,134.0,C26,35,8,2462|2463|2518|2519|3578|2216|2217|2218|2219|2032|2023|2024|2856|1439|1438|2537|1920|1921|4241|2310|2311|2312|2313|3283|5197|4143|3284|4256|2338|2339|3294|2340|3295|2341|3025,134|98|376|386|90|325|324|344,Av. Colinas del Cimatario/Cerro Libertad,20.56763880944,-100.37083491082,7.951547619047619,42.219047619047615,7,True,37.751547619047614
3045,29.8,321.0,C27,32,7,3045|3046|3047|3048|3049|2630|3605|2230|2185|2186|2187|2071|2880|2881|2882|2883|2884|2885|2886|2887|2888|2889|3362|3363|4256|2338|2339|3294|2340|3295|2341|3025,321|347|334|336|371|350|344,Calle Plateros/Calle Cocineras,20.63884402,-100.3950057,7.660822510822512,32.766666666666666,7,True,37.46082251082251
4181,29.8,367.0,L60,25,11,4181|3389|3160|3161|3162|3163|4045|3164|3165|2610|2611|2074|2288|2080|2859|2860|2220|2337|2338|2339|3294|2340|3295|2341|3025,367|342|323|245|374|255|358|325|351|375|344,Obrero Mundial/Calle Cerro de la Cruz,20.653857184752,-100.45403919062,24.249999999999996,54.05,7,True,54.05
3357,29.8,379.0,T13,19,10,3357|3358|2568|2569|2611|2074|2288|2080|2859|2860|2220|2337|2338|2339|3294|2340|3295|2341|3025,379|315|245|374|255|358|325|351|375|344,Acceso Iii/Acceso 4,20.6345672,-100.4359404,14.040079365079364,41.011904761904766,7,True,43.84007936507936
3278,29.833333333333336,396.0,T16,38,7,3278|3345|3346|2446|2447|2448|2449|2404|2405|2020|2021|2450|2451|1471|1470|1469|1439|1438|2537|1920|1921|4241|2310|2311|2312|2313|3283|5197|4143|3284|4256|2338|2339|3294|2340|3295|2341|3025,396|134|325|352|90|324|344,Fray Diego de Landa/Chedraui,20.569968171234,-100.35994789064,12.226587301587305,42.31428571428571,7,True,42.059920634920644
2506,29.849999999999994,322.0,C29,33,6,2506|2507|2508|2509|4138|2291|2292|2293|2294|2295|2296|2418|2419|5180|2672|2201|4241|2310|2311|2312|2313|3283|5197|4143|3284|4256|2338|2339|3294|2340|3295|2341|3025,322|319|338|325|324|344,Av. Camino Real/Villa Tulipanes,20.544633,-100.398628,13.388293650793653,47.68809523809524,7,True,43.23829365079365
2210,29.849999999999994,371.0,T03,36,10,2210|2211|2212|2213|2214|2215|2216|2217|2218|2219|2032|2023|2024|2856|1439|1438|2537|1920|1921|4241|2310|2311|2312|2313|3283|5197|4143|3284|4256|2338|2339|3294|2340|3295|2341|3025,371|321|341|376|386|98|90|325|324|344,Prol. Pasteur Sur/Santiago de Compostella,20.555518438655,-100.38324705703,10.360119047619051,40.2,7,True,40.210119047619045
2907,29.850000000000005,351.0,C63,23,9,2907|2908|2742|2572|2573|2574|2575|2610|2611|2074|2288|2080|2859|2860|2220|2337|2338|2339|3294|2340|3295|2341|3025,351|349|245|374|255|358|325|375|344,Prol. Bernardo Quintana/Calle Tarahumaras,20.63500177,-100.4697278,13.587362637362636,57.70952380952381,7,True,43.43736263736264
2740,29.86666666666667,128.0,L100,24,9,2740|2741|2952|2742|2572|2573|2574|2575|2610|2611|2074|2288|2080|2859|2860|2220|2337|2338|2339|3294|2340|3295|2341|3025,128|245|374|255|358|325|351|375|344,Av. de la Luz/Av. Chulavista,20.628746890772,-100.47524952453,25.417559523809526,58.55238095238095,7,True,55.2842261904762
3324,29.883333333333336,332.0,C41,24,9,3324|3325|3326|3488|2572|2573|2574|2575|2610|2611|2074|2288|2080|2859|2860|2220|2337|2338|2339|3294|2340|3295|2341|3025,332|245|374|255|358|325|351|375|344,Choles/Calle Pames,20.6391694,-100.4655556,18.327551020408162,59.46190476190476,7,True,48.2108843537415
3436,29.916666666666668,340.0,C50,21,8,3436|3437|3438|3439|4175|3352|3353|3354|3355|2080|2859|2860|2220|2337|2338|2339|3294|2340|3295|2341|3025,340|283|349|351|358|325|375|344,Av. Laguna/Calle Presa,20.62176329,-100.4452714,21.20068027210884,40.19285714285714,7,True,51.11734693877551
2464,29.949999999999996,396.0,T16,35,6,2464|3343|3344|2442|2471|3596|1473|1474|1476|1472|1471|1470|1469|1439|1438|2537|1920|1921|4241|2310|2311|2312|2313|3283|5197|4143|3284|4256|2338|2339|3294|2340|3295|2341|3025,396|352|90|325|324|344,Blvd. Centro Sur/Cerro de la Silla,20.563516639629,-100.36711210166,12.226587301587305,39.26190476190476,7,True,42.176587301587304
1419,29.949999999999996,95.0,L56,34,10,1419|1401|1370|2190|3301|1300|1301|1302|1761|1303|1304|1305|1306|1432|1433|1434|3297|4241|2310|2311|2312|2313|3283|5197|4143|3284|4256|2338|2339|3294|2340|3295|2341|3025,95|408|94|128|255|90|97|325|324|344,Av. Pirámides de la Luna/Blvd. Mediterráneo,20.540956974508,-100.45400412728,29.200000000000006,59.15,7,True,59.150000000000006
3370,29.950000000000003,349.0,C61,23,9,3370|2908|2742|2572|2573|2574|2575|2610|2611|2074|2288|2080|2859|2860|2220|2337|2338|2339|3294|2340|3295|2341|3025,349|245|374|255|358|325|351|375|344,Tzeltales/Cesba Querétaro,20.63576004,-100.4691741,18.17098214285714,56.800000000000004,7,True,48.120982142857144
2485,29.96666666666666,322.0,C29,35,8,2485|2486|5107|2519|3578|2216|2217|2218|2219|2032|2023|2024|2856|1439|1438|2537|1920|1921|4241|2310|2311|2312|2313|3283|5197|4143|3284|4256|2338|2339|3294|2340|3295|2341|3025,322|376|386|98|90|325|324|344,Carlos A. Madrazo/Emilio Portes Gil,20.557556320014,-100.38180397705,13.388293650793653,40.11666666666667,7,True,43.35496031746031
2990,29.966666666666672,372.0,T04,23,9,2990|2952|2742|2572|2573|2574|2575|2610|2611|2074|2288|2080|2859|2860|2220|2337|2338|2339|3294|2340|3295|2341|3025,372|245|374|255|358|325|351|375|344,Cordillera de Los Andes/Cordillera Himalaya,20.62865008,-100.4685095,26.492857142857137,56.45952380952381,7,True,56.45952380952381
2413,29.974999999999994,98.0,C23,32,9,2413|2414|1772|1773|2197|2198|1308|1309|1304|1305|1306|1432|1433|1434|3297|4241|2310|2311|2312|2313|3283|5197|4143|3284|4256|2338|2339|3294|2340|3295|2341|3025,98|129|336|370|90|97|325|324|344,Prol. Zaragoza/Hacienda Vegil,20.574005372369,-100.41547174493,10.844812925170071,31.802380952380954,7,True,40.81981292517007
5094,30.016666666666666,350.0,C62,30,8,5094|3480|3130|3927|4133|2913|2914|2915|2916|2917|2918|2919|2920|2921|2922|2923|2924|2984|2858|2859|2860|2220|2337|2338|2339|3294|2340|3295|2341|3025,350|341|377|354|325|351|375|344,Calle Altamirano/Plaza Cívica,20.617047460509,-100.47010088484,15.95847338935574,,0,True,45.975140056022404
5195,30.03333333333333,134.0,C26,34,7,5195|2468|2470|2471|3596|1473|1474|1476|1472|1471|1470|1469|1439|1438|2537|1920|1921|4241|2310|2311|2312|2313|3283|5197|4143|3284|4256|2338|2339|3294|2340|3295|2341|3025,134|396|352|90|325|324|344,Cerro Blanco/Colegio México Nuevo,20.575415902751,-100.36490355394,7.951547619047619,,0,True,37.98488095238095
3708,30.03333333333334,283.0,C67,24,10,3708|3709|2609|2743|2572|2573|2574|2575|2610|2611|2074|2288|2080|2859|2860|2220|2337|2338|2339|3294|2340|3295|2341|3025,283|245|361|374|255|358|325|351|375|344,Calle Mayas/Totonacas,20.63234273,-100.4579522,26.925661375661374,,0,True,56.95899470899471
3433,30.03333333333334,350.0,C62,32,8,3433|2247|2931|2932|3279|3434|3435|3418|3419|3420|3421|3422|2578|2579|2920|2921|2922|2923|2924|2984|2858|2859|2860|2220|2337|2338|2339|3294|2340|3295|2341|3025,350|340|342|354|325|351|375|344,Av. Revolución/Prol. Bernardo Quintana,20.61798966,-100.4368078,15.95847338935574,,0,True,45.99180672268908
2910,30.05,377.0,T09,28,7,2910|2911|2912|2913|2914|2915|2916|2917|2918|2919|2920|2921|2922|2923|2924|2984|2858|2859|2860|2220|2337|2338|2339|3294|2340|3295|2341|3025,377|341|354|325|351|375|344,Prol. Bernardo Quintana/Walmart Poniente,20.62893454,-100.4651047,23.949319727891154,,0,True,53.999319727891155
2561,30.099999999999998,326.0,C35,27,8,2561|2562|2563|2614|2615|2418|2419|5180|2672|2201|4241|2310|2311|2312|2313|3283|5197|4143|3284|4256|2338|2339|3294|2340|3295|2341|3025,326|337|234|319|338|325|324|344,Calle 33/Av. 14,20.56848527,-100.3943037,10.968287740628165,,0,True,41.068287740628165
3158,30.1,378.0,T10,25,11,3158|3159|3160|3161|3162|3163|4045|3164|3165|2610|2611|2074|2288|2080|2859|2860|2220|2337|2338|2339|3294|2340|3295|2341|3025,378|342|323|245|374|255|358|325|351|375|344,Av. Popocátepetl/Cerro de la Tinaja,20.65711021,-100.4519113,18.27857142857143,,0,True,48.37857142857143
2803,30.116666666666664,364.0,L159,21,7,2803|2804|2805|2806|2807|2808|2809|2810|2288|2080|2859|2860|2220|2337|2338|2339|3294|2340|3295|2341|3025,364|255|358|325|351|375|344,Paseo Jurica/Olivos,20.67395068,-100.4519614,24.902380952380952,,0,True,55.01904761904761
3069,30.15,338.0,C48,35,8,3069|3070|3071|3072|3073|3110|2325|2326|3606|2484|3031|3050|3051|3052|3053|3054|3055|3056|3057|3058|3059|3060|3061|2014|2015|1983|1915|2392|2338|2339|3294|2340|3295|2341|3025,338|348|346|321|345|160|324|344,Av. Platón/Calle Torneros,20.63504772,-100.4010354,10.371949404761907,,0,True,40.521949404761905
2258,30.150000000000006,336.0,C46,35,5,2258|2259|2260|2261|2262|2263|3023|2264|4393|2199|1762|1763|2200|4430|1764|1765|1766|2201|4241|2310|2311|2312|2313|3283|5197|4143|3284|4256|2338|2339|3294|2340|3295|2341|3025,336|338|325|324|344,Fernando Díaz Ramírez/José Ugalde Rodríguez,20.54281789,-100.4037029,12.644407008086255,,0,True,42.79440700808626
5079,30.16666666666666,335.0,C44,29,7,5079|2636|2668|2669|2294|2295|2296|2418|2419|5180|2672|2201|4241|2310|2311|2312|2313|3283|5197|4143|3284|4256|2338|2339|3294|2340|3295|2341|3025,335|337|319|338|325|324|344,Av. Chabacano/Av. Candiles,20.551220036995,-100.40946410939,0.0,,0,True,30.16666666666666
2297,30.166666666666668,322.0,C29,43,10,2297|2298|2510|2511|2512|2513|2514|2515|2516|3686|2517|2214|2215|2216|2217|2218|2219|2032|2023|2024|2856|1439|1438|2537|1920|1921|4241|2310|2311|2312|2313|3283|5197|4143|3284|4256|2338|2339|3294|2340|3295|2341|3025,322|341|321|376|386|98|90|325|324|344,Enrique Rodiles/Francisco Arias,20.56207092,-100.3964379,13.388293650793653,,0,True,43.55496031746032
1329,30.174999999999994,98.0,C23,34,10,1329|1330|1399|2190|3301|1300|1301|1302|1761|1303|1304|1305|1306|1432|1433|1434|3297|4241|2310|2311|2312|2313|3283|5197|4143|3284|4256|2338|2339|3294|2340|3295|2341|3025,98|94|92|128|255|90|97|325|324|344,Av. Santa Ana/Libramiento Sur Poniente,20.52738303805,-100.45766574249,10.844812925170071,,0,True,41.019812925170065
3407,30.18333333333333,316.0,C71,23,8,3407|3408|3652|3350|3351|3167|3168|3352|3353|3354|3355|2080|2859|2860|2220|2337|2338|2339|3294|2340|3295|2341|3025,316|274|351|342|358|325|375|344,Guayaquiri/Aconcagua,20.64158834,-100.4557852,28.520476190476188,,0,True,58.70380952380952
5172,30.183333333333337,327.0,C36,22,9,5172|5173|2572|2573|2574|2575|2610|2611|2074|2288|2080|2859|2860|2220|2337|2338|2339|3294|2340|3295|2341|3025,327|245|374|255|358|325|351|375|344,Calle Choles/Calle Zacapoaxtlas,20.639301604798,-100.46694151304,13.399999999999997,,0,True,43.583333333333336
3882,30.216666666666672,358.0,L118,24,6,3882|2698|2699|4437|2730|2731|2732|2733|2734|2735|2606|2288|2080|2859|2860|2220|2337|2338|2339|3294|2340|3295|2341|3025,358|255|325|351|375|344,Palma Datilera/La Herencia Reserva Residencial,20.66631385,-100.4305963,14.601785714285713,,0,True,44.81845238095239
2363,30.23333333333333,233.0,L113,34,7,2363|2364|2365|4129|2290|3600|2291|2292|2293|2294|2295|2296|2418|2419|5180|2672|2201|4241|2310|2311|2312|2313|3283|5197|4143|3284|4256|2338|2339|3294|2340|3295|2341|3025,233|326|319|338|325|324|344,Blvd. de Las Américas/Río Balsas,20.55088622,-100.3935428,12.858333333333336,,0,True,43.09166666666667
2268,30.233333333333338,374.0,T06,25,11,2268|2269|4247|4248|4249|4250|3483|3164|3165|2610|2611|2074|2288|2080|2859|2860|2220|2337|2338|2339|3294|2340|3295|2341|3025,374|354|342|323|245|255|358|325|351|375|344,Av. Pirineos/Ajusco,20.64315211,-100.4543949,20.628968253968253,,0,True,50.86230158730159
2626,30.233333333333338,337.0,C47,35,6,2626|2259|2260|2261|2262|2263|3023|2264|4393|2199|1762|1763|2200|4430|1764|1765|1766|2201|4241|2310|2311|2312|2313|3283|5197|4143|3284|4256|2338|2339|3294|2340|3295|2341|3025,337|336|338|325|324|344,Av. Candiles/Cto. Antonio Pérez Alcocer,20.545585,-100.402446,11.736904761904764,,0,True,41.9702380952381
2165,30.233333333333338,163.0,L110,41,4,2165|2166|3119|2167|3501|2069|2168|2169|3535|1968|1969|2176|2177|2178|2042|2043|2044|1973|1974|4435|1979|1980|1977|1976|5157|5158|5159|5160|3061|2014|2015|1983|1915|2392|2338|2339|3294|2340|3295|2341|3025,163|160|324|344,Turmalina,20.651680630748,-100.39555033436,20.71468253968254,,0,True,50.948015873015876
1314,30.249999999999993,128.0,L100,35,9,1314|1400|1401|1370|2190|3301|1300|1301|1302|1761|1303|1304|1305|1306|1432|1433|1434|3297|4241|2310|2311|2312|2313|3283|5197|4143|3284|4256|2338|2339|3294|2340|3295|2341|3025,128|408|94|255|90|97|325|324|344,Santa Bárbara,20.532404238038,-100.4441736623,25.417559523809526,,0,True,55.667559523809516
2354,30.28333333333333,332.0,C41,29,9,2354|2355|2612|2613|3327|2614|2615|2418|2419|5180|2672|2201|4241|2310|2311|2312|2313|3283|5197|4143|3284|4256|2338|2339|3294|2340|3295|2341|3025,332|341|337|234|319|338|325|324|344,Calle 27/Calle 24,20.56610929,-100.3916847,18.327551020408162,,0,True,48.6108843537415
1928,30.28333333333334,319.0,C24,35,7,1928|2025|2026|2027|2891|2231|2232|2629|2478|2308|2028|2029|2030|2031|2309|1919|1920|1921|4241|2310|2311|2312|2313|3283|5197|4143|3284|4256|2338|2339|3294|2340|3295|2341|3025,319|341|334|134|325|324|344,Colon/Zaragoza (El Molino),20.58824043827,-100.39022277759,4.469736842105263,,0,True,34.7530701754386
3688,30.29166666666666,129.0,L101,34,8,3688|3727|3616|3617|1772|1773|2197|2198|1308|1309|1304|1305|1306|1432|1433|1434|3297|4241|2310|2311|2312|2313|3283|5197|4143|3284|4256|2338|2339|3294|2340|3295|2341|3025,129|336|370|90|97|325|324|344,José Antonio García Jimeno/Blvd. Real de Catorce,20.572865830933,-100.42140942295,6.9583333333333375,,0,True,37.25
2972,30.29166666666667,337.0,C47,38,8,2972|2037|2245|2038|2039|2246|2017|2018|2019|2020|2021|2450|2451|1471|1470|1469|1439|1438|2537|1920|1921|4241|2310|2311|2312|2313|3283|5197|4143|3284|4256|2338|2339|3294|2340|3295|2341|3025,337|382|408|325|352|90|324|344,Av. Luis Vega Monrroy/Pl. de Carmelitas,20.57693687,-100.3765685,11.736904761904764,,0,True,42.02857142857144
2540,30.299999999999997,326.0,C35,40,6,2540|5184|3601|2541|2542|2543|2544|2545|2546|2303|2304|2305|2306|2307|2308|2028|2029|2030|2031|2309|1919|1920|1921|4241|2310|2311|2312|2313|3283|5197|4143|3284|4256|2338|2339|3294|2340|3295|2341|3025,326|319|134|325|324|344,Prol. Calle 27/Blvd. Valle del Cimatario,20.55545147,-100.3874079,10.968287740628165,,0,True,41.26828774062816
1449,30.3,91.0,L52,31,7,1449|3485|1450|1475|1476|1472|1471|1470|1469|1439|1438|2537|1920|1921|4241|2310|2311|2312|2313|3283|5197|4143|3284|4256|2338|2339|3294|2340|3295|2341|3025,91|99|352|90|325|324|344,Prol. Constituyentes/Zen House,20.592371,-100.325383,14.242857142857142,,0,True,44.542857142857144
2327,30.300000000000004,338.0,C48,41,6,2327|2227|3119|2167|3501|2069|2168|2169|3535|1968|1969|2176|2177|2178|2042|2043|2044|1973|1974|4435|1979|1980|1977|1976|5157|5158|5159|5160|3061|2014|2015|1983|1915|2392|2338|2339|3294|2340|3295|2341|3025,338|245|163|160|324|344,Calle Santiago de Querétaro/Portal de la Alegría,20.6542712,-100.3959163,10.371949404761907,,0,True,40.67194940476191
2502,30.316666666666666,341.0,C51,29,8,2502|2355|2612|2613|3327|2614|2615|2418|2419|5180|2672|2201|4241|2310|2311|2312|2313|3283|5197|4143|3284|4256|2338|2339|3294|2340|3295|2341|3025,341|337|234|319|338|325|324|344,Calle 24/Calle 27,20.566134,-100.391377,17.251659451659453,,0,True,47.56832611832612
5106,30.349999999999998,134.0,C26,34,7,5106|3344|2442|2471|3596|1473|1474|1476|1472|1471|1470|1469|1439|1438|2537|1920|1921|4241|2310|2311|2312|2313|3283|5197|4143|3284|4256|2338|2339|3294|2340|3295|2341|3025,134|396|352|90|325|324|344,Av. Fray Luis de León/Salón de Eventos Bleu,20.568547972671,-100.36737225363,7.951547619047619,,0,True,38.30154761904762
3410,30.350000000000005,349.0,C61,23,6,3410|3411|3412|3700|3701|4174|4175|3352|3353|3354|3355|2080|2859|2860|2220|2337|2338|2339|3294|2340|3295|2341|3025,349|351|358|325|375|344,Calle Zacapoaxtlas/Zacapoaxtlas 87,20.63051198,-100.4626062,18.17098214285714,,0,True,48.52098214285715
1292,30.358333333333324,97.0,C22,37,5,1292|1293|1294|1295|1296|1297|1298|1299|1300|1301|1302|1761|1303|1304|1305|1306|1432|1433|1434|3297|4241|2310|2311|2312|2313|3283|5197|4143|3284|4256|2338|2339|3294|2340|3295|2341|3025,97|90|325|324|344,Miguel Hidalgo/Juventud,20.546537503437,-100.43999051165,14.923809523809528,,0,True,45.28214285714285
3591,30.366666666666667,361.0,L156,25,9,3591|3592|3593|3594|3710|2285|3339|2286|2897|2287|3340|2074|2288|2080|2859|2860|2220|2337|2338|2339|3294|2340|3295|2341|3025,361|283|374|255|358|325|351|375|344,Paseo de Las Campanas/Cerro de la Cruz,20.6386033,-100.4577943,28.730158730158728,,0,True,59.096825396825395
3651,30.366666666666667,134.0,C26,38,7,3651|2445|3346|2446|2447|2448|2449|2404|2405|2020|2021|2450|2451|1471|1470|1469|1439|1438|2537|1920|1921|4241|2310|2311|2312|2313|3283|5197|4143|3284|4256|2338|2339|3294|2340|3295|2341|3025,134|396|325|352|90|324|344,Av. Fray Luis de León/Centro Civico Municipio de Querétaro,20.558186235016,-100.36150123236,7.951547619047619,,0,True,38.318214285714284
2369,30.366666666666667,326.0,C35,39,4,2369|2370|2371|2372|5093|2373|3535|1968|1969|2176|2177|2178|2042|2043|2044|1973|1974|4435|1979|1980|1977|1976|5157|5158|5159|5160|3061|2014|2015|1983|1915|2392|2338|2339|3294|2340|3295|2341|3025,326|160|324|344,Fray Pedro de Font/C. Fray Francisco Palou,20.659434505086,-100.36887421269,10.968287740628165,,0,True,41.33495440729483
2496,30.399999999999995,322.0,C29,37,10,2496|2497|2477|2212|2213|2214|2215|2216|2217|2218|2219|2032|2023|2024|2856|1439|1438|2537|1920|1921|4241|2310|2311|2312|2313|3283|5197|4143|3284|4256|2338|2339|3294|2340|3295|2341|3025,322|321|341|376|386|98|90|325|324|344,Cto. Lázaro Cardenas/Plutarco Elías Calles,20.561269107824,-100.37909135053,13.388293650793653,,0,True,43.78829365079365
2597,30.400000000000002,337.0,C47,40,7,2597|3315|2670|2541|2542|2543|2544|2545|2546|2303|2304|2305|2306|2307|2308|2028|2029|2030|2031|2309|1919|1920|1921|4241|2310|2311|2312|2313|3283|5197|4143|3284|4256|2338|2339|3294|2340|3295|2341|3025,337|326|319|134|325|324|344,Calle Antonio Carranza/Calle Manuel Castelazo,20.558638,-100.394309,11.736904761904764,,0,True,42.136904761904766
2697,30.41666666666667,255.0,T11,24,6,2697|2698|2699|4437|2730|2731|2732|2733|2734|2735|2606|2288|2080|2859|2860|2220|2337|2338|2339|3294|2340|3295|2341|3025,255|358|325|351|375|344,5 de Febrero/Rafael Osuna,20.66295498,-100.4325332,13.954024943310655,,0,True,44.37069160997733
2428,30.43333333333333,320.0,C25,15,5,2428|2429|1950|1951|1952|3281|1915|2392|2338|2339|3294|2340|3295|2341|3025,320|319|160|324|344,Concord/C. Francisco I. Madero,20.6279252,-100.3559388,15.007142857142858,,0,True,45.44047619047619
2739,30.433333333333337,128.0,L100,25,9,2739|2740|2741|2952|2742|2572|2573|2574|2575|2610|2611|2074|2288|2080|2859|2860|2220|2337|2338|2339|3294|2340|3295|2341|3025,128|245|374|255|358|325|351|375|344,Av. de la Luz/Av. Orquídeas,20.62746901,-100.478917,25.417559523809526,,0,True,55.85089285714287
2873,30.450000000000006,245.0,C58,41,5,2873|2227|3119|2167|3501|2069|2168|2169|3535|1968|1969|2176|2177|2178|2042|2043|2044|1973|1974|4435|1979|1980|1977|1976|5157|5158|5159|5160|3061|2014|2015|1983|1915|2392|2338|2339|3294|2340|3295|2341|3025,245|163|160|324|344,Calle Santiago de Querétaro/Portal de la Alegría,20.65436005,-100.3961893,23.286796536796537,,0,True,53.73679653679655
2279,30.46666666666667,316.0,C71,26,8,2279|2280|2281|2282|2283|2284|2285|3339|2286|2897|2287|3340|2074|2288|2080|2859|2860|2220|2337|2338|2339|3294|2340|3295|2341|3025,316|374|255|358|325|351|375|344,Paseo Querétaro/Av. San Miguel,20.653974872851,-100.47432652818,28.520476190476188,,0,True,58.98714285714286
3388,30.46666666666667,367.0,L60,26,11,3388|4181|3389|3160|3161|3162|3163|4045|3164|3165|2610|2611|2074|2288|2080|2859|2860|2220|2337|2338|2339|3294|2340|3295|2341|3025,367|342|323|245|374|255|358|325|351|375|344,Calle 2/Calle 23,20.65369069,-100.4556315,24.249999999999996,,0,True,54.71666666666667
2627,30.483333333333327,334.0,C43,32,7,2627|2508|2509|4138|2291|2292|2293|2294|2295|2296|2418|2419|5180|2672|2201|4241|2310|2311|2312|2313|3283|5197|4143|3284|4256|2338|2339|3294|2340|3295|2341|3025,334|322|319|338|325|324|344,Av. Candiles/Cto. Antonio Pérez Alcocer,20.545419,-100.402282,12.461666666666664,,0,True,42.94499999999999
2237,30.48333333333333,322.0,C29,39,11,2237|2238|2239|2240|2211|2212|2213|2214|2215|2216|2217|2218|2219|2032|2023|2024|2856|1439|1438|2537|1920|1921|4241|2310|2311|2312|2313|3283|5197|4143|3284|4256|2338|2339|3294|2340|3295|2341|3025,322|371|321|341|376|386|98|90|325|324|344,Luis Pasteur Sur/Adolfo de la Huerta,20.562908316913,-100.3833150005,13.388293650793653,,0,True,43.87162698412698
3068,30.48333333333333,338.0,C48,36,8,3068|3069|3070|3071|3072|3073|3110|2325|2326|3606|2484|3031|3050|3051|3052|3053|3054|3055|3056|3057|3058|3059|3060|3061|2014|2015|1983|1915|2392|2338|2339|3294|2340|3295|2341|3025,338|348|346|321|345|160|324|344,Av. Platón/Calle Técnicos,20.63394788,-100.4012341,10.371949404761907,,0,True,40.85528273809524
3444,30.516666666666673,349.0,C61,24,10,3444|3445|3446|3447|2572|2573|2574|2575|2610|2611|2074|2288|2080|2859|2860|2220|2337|2338|2339|3294|2340|3295|2341|3025,349|340|245|374|255|358|325|351|375|344,Call Zacapoaxtlas/Calle Mayas,20.62726219,-100.4574808,18.17098214285714,,0,True,48.687648809523814
2678,30.533333333333328,341.0,C51,33,7,2678|4137|2508|2509|4138|2291|2292|2293|2294|2295|2296|2418|2419|5180|2672|2201|4241|2310|2311|2312|2313|3283|5197|4143|3284|4256|2338|2339|3294|2340|3295|2341|3025,341|322|319|338|325|324|344,Av. Cumbres/Av. Camino Real,20.55090219,-100.3983596,17.251659451659453,,0,True,47.78499278499278
2567,30.53333333333334,378.0,T10,20,12,2567|3174|3175|2568|2569|2611|2074|2288|2080|2859|2860|2220|2337|2338|2339|3294|2340|3295|2341|3025,378|354|379|315|245|374|255|358|325|351|375|344,Av. del Tempano/Berlín,20.62444828,-100.4417787,18.27857142857143,,0,True,48.81190476190477
2504,30.583333333333332,341.0,C51,32,7,2504|2674|4131|2675|3893|2668|2669|2294|2295|2296|2418|2419|5180|2672|2201|4241|2310|2311|2312|2313|3283|5197|4143|3284|4256|2338|2339|3294|2340|3295|2341|3025,341|337|319|338|325|324|344,Av. Candiles/Plaza Candiles,20.547427,-100.398107,17.251659451659453,,0,True,47.834992784992785
2493,30.583333333333336,333.0,C42,36,9,2493|4130|2490|2448|2449|2404|2405|2020|2021|2450|2451|1471|1470|1469|1439|1438|2537|1920|1921|4241|2310|2311|2312|2313|3283|5197|4143|3284|4256|2338|2339|3294|2340|3295|2341|3025,333|376|98|134|325|352|90|324|344,Av. del Parque/Las Huertas,20.565202593312,-100.37767991492,2.5233333333333334,,0,True,33.10666666666667
4160,30.583333333333336,283.0,C67,23,8,4160|3594|3710|2285|3339|2286|2897|2287|3340|2074|2288|2080|2859|2860|2220|2337|2338|2339|3294|2340|3295|2341|3025,283|374|255|358|325|351|375|344,Kiliwas/Calle Tarahumaras,20.635594404795,-100.46359433039,26.925661375661374,,0,True,57.508994708994706
3813,30.583333333333336,352.0,C64,30,5,3813|5104|1475|1476|1472|1471|1470|1469|1439|1438|2537|1920|1921|4241|2310|2311|2312|2313|3283|5197|4143|3284|4256|2338|2339|3294|2340|3295|2341|3025,352|90|325|324|344,Segunda Secc. de Conín/Conín,20.57398664,-100.324508,7.351785714285714,,0,True,37.93511904761905
1313,30.60833333333332,90.0,L51,51,5,1313|1424|1352|1372|1441|1373|1442|1443|1374|1375|1444|1362|1363|1364|1445|1365|1446|1366|1447|1367|1431|4111|1300|1301|1302|1761|1303|1304|1305|1306|1432|1433|1434|3297|4241|2310|2311|2312|2313|3283|5197|4143|3284|4256|2338|2339|3294|2340|3295|2341|3025,90|97|325|324|344,Mega,20.537044713404,-100.43538130137,12.180137844611535,,0,True,42.78847117794486
1985,30.65,326.0,C35,41,5,1985|1984|2367|5092|2368|2372|5093|2373|3535|1968|1969|2176|2177|2178|2042|2043|2044|1973|1974|4435|1979|1980|1977|1976|5157|5158|5159|5160|3061|2014|2015|1983|1915|2392|2338|2339|3294|2340|3295|2341|3025,326|325|324|160|344,Camino Real/Calle 1,20.650593797035,-100.37849858444,10.968287740628165,,0,True,41.61828774062816
2560,30.65,326.0,C35,28,8,2560|2561|2562|2563|2614|2615|2418|2419|5180|2672|2201|4241|2310|2311|2312|2313|3283|5197|4143|3284|4256|2338|2339|3294|2340|3295|2341|3025,326|337|234|319|338|325|324|344,Calle 33/Av. 10,20.57012582,-100.3948891,10.968287740628165,,0,True,41.61828774062816
2930,30.650000000000006,377.0,T09,32,9,2930|2247|2931|2932|3279|3434|3435|3418|3419|3420|3421|3422|2578|2579|2920|2921|2922|2923|2924|2984|2858|2859|2860|2220|2337|2338|2339|3294|2340|3295|2341|3025,377|350|340|342|354|325|351|375|344,Acceso Ii/Prol. Bernardo Quintana,20.61887058,-100.4355562,23.949319727891154,,0,True,54.59931972789116
2641,30.650000000000006,336.0,C46,36,5,2641|2258|2259|2260|2261|2262|2263|3023|2264|4393|2199|1762|1763|2200|4430|1764|1765|1766|2201|4241|2310|2311|2312|2313|3283|5197|4143|3284|4256|2338|2339|3294|2340|3295|2341|3025,336|338|325|324|344,Calle Francisco Alcocer/Fernando Díaz Ramírez,20.54121716,-100.4032271,12.644407008086255,,0,True,43.29440700808626
1368,30.658333333333328,94.0,L55,34,8,1368|1369|1370|2190|3301|1300|1301|1302|1761|1303|1304|1305|1306|1432|1433|1434|3297|4241|2310|2311|2312|2313|3283|5197|4143|3284|4256|2338|2339|3294|2340|3295|2341|3025,94|128|255|90|97|325|324|344,Don José/Icateq Plantel Corregidora,20.531504625126,-100.45153375702,31.653571428571436,,0,True,62.31190476190476
1327,30.674999999999994,93.0,L54,34,9,1327|1398|1399|2190|3301|1300|1301|1302|1761|1303|1304|1305|1306|1432|1433|1434|3297|4241|2310|2311|2312|2313|3283|5197|4143|3284|4256|2338|2339|3294|2340|3295|2341|3025,93|92|128|255|90|97|325|324|344,Prol. Jazmín/Calle Laureles,20.526804838937,-100.45252199091,26.501190476190484,,0,True,57.17619047619048
2475,30.68333333333333,321.0,C27,37,9,2475|2476|2477|2212|2213|2214|2215|2216|2217|2218|2219|2032|2023|2024|2856|1439|1438|2537|1920|1921|4241|2310|2311|2312|2313|3283|5197|4143|3284|4256|2338|2339|3294|2340|3295|2341|3025,321|341|376|386|98|90|325|324|344,Lazaro Cardenas/Plutarco Elias Calles,20.557604144159,-100.37708838429,7.660822510822512,,0,True,38.34415584415584
1337,30.683333333333337,98.0,C23,30,6,1337|1338|1339|1340|1341|1762|1763|2200|4430|1764|1765|1766|2201|4241|2310|2311|2312|2313|3283|5197|4143|3284|4256|2338|2339|3294|2340|3295|2341|3025,98|336|338|325|324|344,5 de Mayo/Miguel Hidalgo,20.557308063332,-100.43351051521,10.844812925170071,,0,True,41.52814625850341
3230,30.71666666666666,331.0,C40,24,7,3230|3231|3232|3233|3234|3235|3236|2602|4253|3237|3222|3538|3283|5197|4143|3284|4256|2338|2339|3294|2340|3295|2341|3025,331|353|345|323|348|324|344,Los Mendoza/Hacienda Tequisquiapan,20.59760435,-100.4307325,10.213095238095244,,0,True,40.929761904761904
3406,30.716666666666665,316.0,C71,24,8,3406|3407|3408|3652|3350|3351|3167|3168|3352|3353|3354|3355|2080|2859|2860|2220|2337|2338|2339|3294|2340|3295|2341|3025,316|274|351|342|358|325|375|344,Guayaquiri/De Guadalupe,20.64211431,-100.457695,28.520476190476188,,0,True,59.23714285714286
5098,30.716666666666665,325.0,C34,39,5,5098|2384|2387|2372|5093|2373|3535|1968|1969|2176|2177|2178|2042|2043|2044|1973|1974|4435|1979|1980|1977|1976|5157|5158|5159|5160|3061|2014|2015|1983|1915|2392|2338|2339|3294|2340|3295|2341|3025,325|326|160|324|344,Anillo Vial Fray Junípero Serra/Fracc. Fray Junípero Serra,20.66088397866,-100.36798766159,10.070466058763932,,0,True,40.787132725430595
3894,30.71666666666667,326.0,C35,40,4,3894|2369|2370|2371|2372|5093|2373|3535|1968|1969|2176|2177|2178|2042|2043|2044|1973|1974|4435|1979|1980|1977|1976|5157|5158|5159|5160|3061|2014|2015|1983|1915|2392|2338|2339|3294|2340|3295|2341|3025,326|160|324|344,Anillo Vial Fray Junípero Serra/Fracc. Fray Junípero Serra,20.660460084141,-100.36869950409,10.968287740628165,,0,True,41.68495440729483
3323,30.716666666666672,332.0,C41,23,10,3323|5172|5173|2572|2573|2574|2575|2610|2611|2074|2288|2080|2859|2860|2220|2337|2338|2339|3294|2340|3295|2341|3025,332|327|245|374|255|358|325|351|375|344,Matlazincas/Choles,20.63934903,-100.4682658,18.327551020408162,,0,True,49.044217687074834
3016,30.766666666666662,373.0,T05,30,8,3016|5079|2636|2668|2669|2294|2295|2296|2418|2419|5180|2672|2201|4241|2310|2311|2312|2313|3283|5197|4143|3284|4256|2338|2339|3294|2340|3295|2341|3025,373|335|337|319|338|325|324|344,Prol. Av. Zaragoza/Los Olivos,20.55142707,-100.4110383,21.553571428571427,,0,True,52.32023809523809
2531,30.783333333333328,324.0,C33,25,5,2531|2532|2533|2382|2383|2388|2389|2390|2391|1975|1978|4113|1981|5196|1982|1983|1915|2392|2338|2339|3294|2340|3295|2341|3025,324|325|326|160|344,Río Mayo/Actopan,20.637659222356,-100.38760743143,14.674867724867724,,0,True,45.458201058201055
2444,30.783333333333335,134.0,C26,39,7,2444|3651|2445|3346|2446|2447|2448|2449|2404|2405|2020|2021|2450|2451|1471|1470|1469|1439|1438|2537|1920|1921|4241|2310|2311|2312|2313|3283|5197|4143|3284|4256|2338|2339|3294|2340|3295|2341|3025,134|396|325|352|90|324|344,Blvd. Bernardo Quintana/Fray Luis de León (Ccq),20.558284670042,-100.35999243406,7.951547619047619,,0,True,38.734880952380955
5101,30.799999999999997,326.0,C35,41,6,5101|2540|5184|3601|2541|2542|2543|2544|2545|2546|2303|2304|2305|2306|2307|2308|2028|2029|2030|2031|2309|1919|1920|1921|4241|2310|2311|2312|2313|3283|5197|4143|3284|4256|2338|2339|3294|2340|3295|2341|3025,326|319|134|325|324|344,Prol. Calle 27/Santiago de Compostela,20.554063562025,-100.38685374137,10.968287740628165,,0,True,41.76828774062816
2322,30.816666666666663,96.0,C21,32,9,2322|2323|2324|2325|2326|3606|2484|3031|3050|3051|3052|3053|3054|3055|3056|3057|3058|3059|3060|3061|2014|2015|1983|1915|2392|2338|2339|3294|2340|3295|2341|3025,96|338|348|346|321|345|160|324|344,Horizonte,20.63271895,-100.4058777,14.653571428571428,,0,True,45.47023809523809
2570,30.83333333333334,361.0,L156,24,9,2570|2571|2609|2743|2572|2573|2574|2575|2610|2611|2074|2288|2080|2859|2860|2220|2337|2338|2339|3294|2340|3295|2341|3025,361|245|374|255|358|325|351|375|344,Fuentes,20.63700092,-100.452281,28.730158730158728,,0,True,59.56349206349206
5161,30.849999999999994,371.0,T03,37,10,5161|2210|2211|2212|2213|2214|2215|2216|2217|2218|2219|2032|2023|2024|2856|1439|1438|2537|1920|1921|4241|2310|2311|2312|2313|3283|5197|4143|3284|4256|2338|2339|3294|2340|3295|2341|3025,371|321|341|376|386|98|90|325|324|344,Av. Prol. Luis Pasteur Sur/Calle 4,20.553323077688,-100.38330728471,10.360119047619051,,0,True,41.210119047619045
1417,30.849999999999994,95.0,L56,35,10,1417|1419|1401|1370|2190|3301|1300|1301|1302|1761|1303|1304|1305|1306|1432|1433|1434|3297|4241|2310|2311|2312|2313|3283|5197|4143|3284|4256|2338|2339|3294|2340|3295|2341|3025,95|408|94|128|255|90|97|325|324|344,Av. Paseo de la Pirámide del Pueblito/Condominio Chichen Itzá,20.54367222,-100.4525639,29.200000000000006,,0,True,60.05
3369,30.85,349.0,C61,24,9,3369|3370|2908|2742|2572|2573|2574|2575|2610|2611|2074|2288|2080|2859|2860|2220|2337|2338|2339|3294|2340|3295|2341|3025,349|245|374|255|358|325|351|375|344,Tzeltales/Tzeltales 216,20.63812377,-100.4697361,18.17098214285714,,0,True,49.02098214285714
4142,30.858333333333324,97.0,C22,38,5,4142|1292|1293|1294|1295|1296|1297|1298|1299|1300|1301|1302|1761|1303|1304|1305|1306|1432|1433|1434|3297|4241|2310|2311|2312|2313|3283|5197|4143|3284|4256|2338|2339|3294|2340|3295|2341|3025,97|90|325|324|344,Miguel Hidalgo/Número 74,20.54796904,-100.4400292,14.923809523809528,,0,True,45.78214285714285
2844,30.866666666666664,364.0,L159,22,7,2844|2803|2804|2805|2806|2807|2808|2809|2810|2288|2080|2859|2860|2220|2337|2338|2339|3294|2340|3295|2341|3025,364|255|358|325|351|375|344,Paseo del Mesón/Paseo Jurica,20.6762154,-100.4522509,24.902380952380952,,0,True,55.76904761904761
2565,30.866666666666664,326.0,C35,33,6,2565|2365|4129|2290|3600|2291|2292|2293|2294|2295|2296|2418|2419|5180|2672|2201|4241|2310|2311|2312|2313|3283|5197|4143|3284|4256|2338|2339|3294|2340|3295|2341|3025,326|319|338|325|324|344,Prol. Calle 27/Calle 4,20.55238244,-100.3864202,10.968287740628165,,0,True,41.83495440729483
4116,30.88333333333333,322.0,C29,34,6,4116|2506|2507|2508|2509|4138|2291|2292|2293|2294|2295|2296|2418|2419|5180|2672|2201|4241|2310|2311|2312|2313|3283|5197|4143|3284|4256|2338|2339|3294|2340|3295|2341|3025,322|319|338|325|324|344,Av. Camino Real/Primaria Bicentenario de la Independencia de México,20.54190475,-100.3998238,13.388293650793653,,0,True,44.27162698412698
1312,30.891666666666655,90.0,L51,52,5,1312|1313|1424|1352|1372|1441|1373|1442|1443|1374|1375|1444|1362|1363|1364|1445|1365|1446|1366|1447|1367|1431|4111|1300|1301|1302|1761|1303|1304|1305|1306|1432|1433|1434|3297|4241|2310|2311|2312|2313|3283|5197|4143|3284|4256|2338|2339|3294|2340|3295|2341|3025,90|97|325|324|344,El Pueblito,20.538743010666,-100.4340336215,12.180137844611535,,0,True,43.07180451127819
3478,30.9,350.0,C62,31,8,3478|5094|3480|3130|3927|4133|2913|2914|2915|2916|2917|2918|2919|2920|2921|2922|2923|2924|2984|2858|2859|2860|2220|2337|2338|2339|3294|2340|3295|2341|3025,350|341|377|354|325|351|375|344,Ingenio Azúcar/Jacarandas,20.61909912,-100.470789,15.95847338935574,,0,True,46.85847338935574
2257,30.900000000000006,373.0,T05,36,6,2257|2258|2259|2260|2261|2262|2263|3023|2264|4393|2199|1762|1763|2200|4430|1764|1765|1766|2201|4241|2310|2311|2312|2313|3283|5197|4143|3284|4256|2338|2339|3294|2340|3295|2341|3025,373|336|338|325|324|344,Calle Francisco Alcocer/Fernando Díaz Ramírez,20.54132356,-100.4027299,21.553571428571427,,0,True,52.453571428571436
2501,30.916666666666668,341.0,C51,30,8,2501|2502|2355|2612|2613|3327|2614|2615|2418|2419|5180|2672|2201|4241|2310|2311|2312|2313|3283|5197|4143|3284|4256|2338|2339|3294|2340|3295|2341|3025,341|337|234|319|338|325|324|344,Av. 22/Calle 21,20.566813,-100.389937,17.251659451659453,,0,True,48.16832611832612
3074,30.91666666666667,338.0,C48,42,6,3074|2327|2227|3119|2167|3501|2069|2168|2169|3535|1968|1969|2176|2177|2178|2042|2043|2044|1973|1974|4435|1979|1980|1977|1976|5157|5158|5159|5160|3061|2014|2015|1983|1915|2392|2338|2339|3294|2340|3295|2341|3025,338|245|163|160|324|344,Portal de la Alegría/Calle Santiago Tlatelolco,20.65220419,-100.3962941,10.371949404761907,,0,True,41.28861607142858
2461,30.93333333333333,134.0,C26,36,8,2461|2462|2463|2518|2519|3578|2216|2217|2218|2219|2032|2023|2024|2856|1439|1438|2537|1920|1921|4241|2310|2311|2312|2313|3283|5197|4143|3284|4256|2338|2339|3294|2340|3295|2341|3025,134|98|376|386|90|325|324|344,Av. Colinas del Cimatario/Cerro Culiacán,20.570972313548,-100.37200102101,7.951547619047619,,0,True,38.884880952380946
4404,30.933333333333337,352.0,C64,31,5,4404|3813|5104|1475|1476|1472|1471|1470|1469|1439|1438|2537|1920|1921|4241|2310|2311|2312|2313|3283|5197|4143|3284|4256|2338|2339|3294|2340|3295|2341|3025,352|90|325|324|344,Segunda Sección de Conín/Calle Chimapopoca,20.573359351049,-100.32284154072,7.351785714285714,,0,True,38.28511904761905
3337,30.933333333333337,374.0,T06,26,11,3337|2268|2269|4247|4248|4249|4250|3483|3164|3165|2610|2611|2074|2288|2080|2859|2860|2220|2337|2338|2339|3294|2340|3295|2341|3025,374|354|342|323|245|255|358|325|351|375|344,Av. Pirineos/Calle Cordillera de Los Andes,20.642771354235,-100.45188051387,20.628968253968253,,0,True,51.56230158730159
2872,30.93333333333334,245.0,C58,42,5,2872|2873|2227|3119|2167|3501|2069|2168|2169|3535|1968|1969|2176|2177|2178|2042|2043|2044|1973|1974|4435|1979|1980|1977|1976|5157|5158|5159|5160|3061|2014|2015|1983|1915|2392|2338|2339|3294|2340|3295|2341|3025,245|163|160|324|344,Calle Santiago de Querétaro/Primaria Noo Botsi Di Nxodi,20.6546137,-100.3977741,23.286796536796537,,0,True,54.22012987012988
1328,30.94166666666666,98.0,C23,35,10,1328|1329|1330|1399|2190|3301|1300|1301|1302|1761|1303|1304|1305|1306|1432|1433|1434|3297|4241|2310|2311|2312|2313|3283|5197|4143|3284|4256|2338|2339|3294|2340|3295|2341|3025,98|94|92|128|255|90|97|325|324|344,Av. Santa Ana/16 de Septiembre,20.52563034688,-100.45697962417,10.844812925170071,,0,True,41.78647959183673
3699,30.950000000000003,283.0,C67,22,7,3699|4173|3700|3701|4174|4175|3352|3353|3354|3355|2080|2859|2860|2220|2337|2338|2339|3294|2340|3295|2341|3025,283|349|351|358|325|375|344,Calle Mayas/Pl. del Marquéz,20.62590663,-100.4580147,26.925661375661374,,0,True,57.87566137566138
2906,30.950000000000006,351.0,C63,24,9,2906|2907|2908|2742|2572|2573|2574|2575|2610|2611|2074|2288|2080|2859|2860|2220|2337|2338|2339|3294|2340|3295|2341|3025,351|349|245|374|255|358|325|375|344,Prol. Bernardo Quintana/Colegio Helen Parkhurst,20.63726914,-100.4715104,13.587362637362636,,0,True,44.53736263736264
2989,30.966666666666672,379.0,T13,24,10,2989|2741|2952|2742|2572|2573|2574|2575|2610|2611|2074|2288|2080|2859|2860|2220|2337|2338|2339|3294|2340|3295|2341|3025,379|128|245|374|255|358|325|351|375|344,Av. Chulavista/Cordillera de Los Andes,20.62718529,-100.4738267,14.040079365079364,,0,True,45.00674603174603
4180,30.983333333333334,283.0,C67,26,12,4180|4181|3389|3160|3161|3162|3163|4045|3164|3165|2610|2611|2074|2288|2080|2859|2860|2220|2337|2338|2339|3294|2340|3295|2341|3025,283|367|342|323|245|374|255|358|325|351|375|344,Calle 11/Obrero Mundial,20.651329713977,-100.4534955783,26.925661375661374,,0,True,57.90899470899471
3387,31.016666666666666,342.0,C52,25,10,3387|3389|3160|3161|3162|3163|4045|3164|3165|2610|2611|2074|2288|2080|2859|2860|2220|2337|2338|2339|3294|2340|3295|2341|3025,342|323|245|374|255|358|325|351|375|344,Calle 2/Calle Revolución,20.65337491,-100.4578111,9.03374741200828,,0,True,40.05041407867495
4445,31.016666666666666,99.0,T01,32,7,4445|1449|3485|1450|1475|1476|1472|1471|1470|1469|1439|1438|2537|1920|1921|4241|2310|2311|2312|2313|3283|5197|4143|3284|4256|2338|2339|3294|2340|3295|2341|3025,99|91|352|90|325|324|344,Prol. Constituyentes Oriente/Camino Al Colegio Celse,20.592517934724,-100.32229580757,13.72857142857143,,0,True,44.74523809523809
2492,31.01666666666667,322.0,C29,37,10,2492|2493|4130|2490|2448|2449|2404|2405|2020|2021|2450|2451|1471|1470|1469|1439|1438|2537|1920|1921|4241|2310|2311|2312|2313|3283|5197|4143|3284|4256|2338|2339|3294|2340|3295|2341|3025,322|333|376|98|134|325|352|90|324|344,Plaza Zimapán/Av.Del Parque,20.56624893688,-100.37751823327,13.388293650793653,,0,True,44.40496031746032
5087,31.03333333333333,233.0,L113,32,6,5087|3650|2290|3600|2291|2292|2293|2294|2295|2296|2418|2419|5180|2672|2201|4241|2310|2311|2312|2313|3283|5197|4143|3284|4256|2338|2339|3294|2340|3295|2341|3025,233|319|338|325|324|344,Calle Mirador del Cimatario/Av. Camino Real,20.54091961,-100.4001348,12.858333333333336,,0,True,43.891666666666666
2236,31.049999999999997,322.0,C29,40,11,2236|2237|2238|2239|2240|2211|2212|2213|2214|2215|2216|2217|2218|2219|2032|2023|2024|2856|1439|1438|2537|1920|1921|4241|2310|2311|2312|2313|3283|5197|4143|3284|4256|2338|2339|3294|2340|3295|2341|3025,322|371|321|341|376|386|98|90|325|324|344,Prol. Luis Pasteur/Emilio Portes Gil,20.564508995623,-100.38326140518,13.388293650793653,,0,True,44.43829365079365
3679,31.08333333333333,334.0,C43,33,7,3679|2627|2508|2509|4138|2291|2292|2293|2294|2295|2296|2418|2419|5180|2672|2201|4241|2310|2311|2312|2313|3283|5197|4143|3284|4256|2338|2339|3294|2340|3295|2341|3025,334|322|319|338|325|324|344,Av. Candiles/Luis G. Pastor,20.545491061729,-100.40399363868,12.461666666666664,,0,True,43.544999999999995
2181,31.099999999999998,324.0,C33,41,5,2181|3534|2367|5092|2368|2372|5093|2373|3535|1968|1969|2176|2177|2178|2042|2043|2044|1973|1974|4435|1979|1980|1977|1976|5157|5158|5159|5160|3061|2014|2015|1983|1915|2392|2338|2339|3294|2340|3295|2341|3025,324|325|326|160|344,Epigmenio González/Calle 1,20.651197671655,-100.38220952302,14.674867724867724,,0,True,45.77486772486772
3687,31.108333333333327,129.0,L101,35,8,3687|3688|3727|3616|3617|1772|1773|2197|2198|1308|1309|1304|1305|1306|1432|1433|1434|3297|4241|2310|2311|2312|2313|3283|5197|4143|3284|4256|2338|2339|3294|2340|3295|2341|3025,129|336|370|90|97|325|324|344,José Antonio García Jimeno/Albergue del Dif,20.573922427951,-100.41838805242,6.9583333333333375,,0,True,38.06666666666666
2362,31.13333333333333,233.0,L113,35,7,2362|2363|2364|2365|4129|2290|3600|2291|2292|2293|2294|2295|2296|2418|2419|5180|2672|2201|4241|2310|2311|2312|2313|3283|5197|4143|3284|4256|2338|2339|3294|2340|3295|2341|3025,233|326|319|338|325|324|344,Blvd. de Las Américas/Bodega Aurrera,20.553351,-100.3948713,12.858333333333336,,0,True,43.99166666666667
3067,31.18333333333333,338.0,C48,37,8,3067|3068|3069|3070|3071|3072|3073|3110|2325|2326|3606|2484|3031|3050|3051|3052|3053|3054|3055|3056|3057|3058|3059|3060|3061|2014|2015|1983|1915|2392|2338|2339|3294|2340|3295|2341|3025,338|348|346|321|345|160|324|344,Calle Jardíneros/Calle Electricistas,20.63185972,-100.3999245,10.371949404761907,,0,True,41.55528273809524
3128,31.200000000000003,341.0,C51,31,7,3128|3129|5152|3130|3927|4133|2913|2914|2915|2916|2917|2918|2919|2920|2921|2922|2923|2924|2984|2858|2859|2860|2220|2337|2338|2339|3294|2340|3295|2341|3025,341|377|354|325|351|375|344,Av. de Los Cedros/Av. de Los Fresnos,20.60870012,-100.4659441,17.251659451659453,,0,True,48.45165945165945
3409,31.216666666666672,349.0,C61,24,6,3409|3410|3411|3412|3700|3701|4174|4175|3352|3353|3354|3355|2080|2859|2860|2220|2337|2338|2339|3294|2340|3295|2341|3025,349|351|358|325|375|344,Calle Zacapoaxtlas/Av. de la Luz,20.63243407,-100.4639621,18.17098214285714,,0,True,49.38764880952381
2802,31.23333333333333,363.0,L158,22,8,2802|2803|2804|2805|2806|2807|2808|2809|2810|2288|2080|2859|2860|2220|2337|2338|2339|3294|2340|3295|2341|3025,363|364|255|358|325|351|375|344,Calle Lirios/Jacarandas,20.67376404,-100.4535939,0.0,,0,False,31.23333333333333
4096,31.233333333333334,356.0,L108,25,6,4096|4097|4098|4099|2616|4100|1766|2201|4241|2310|2311|2312|2313|3283|5197|4143|3284|4256|2338|2339|3294|2340|3295|2341|3025,356|336|338|325|324|344,Carr. Tlacote/Residencial Gema,20.589808015959,-100.42883671552,7.281428571428572,,0,True,38.514761904761905
4086,31.25,378.0,T10,32,7,4086|2471|3596|1473|1474|1476|1472|1471|1470|1469|1439|1438|2537|1920|1921|4241|2310|2311|2312|2313|3283|5197|4143|3284|4256|2338|2339|3294|2340|3295|2341|3025,378|396|352|90|325|324|344,Prol. Bernardo Quintana/Blvd. Centro Sur,20.56298543256,-100.35638179292,18.27857142857143,,0,True,49.528571428571425
1986,31.25,326.0,C35,42,5,1986|1985|1984|2367|5092|2368|2372|5093|2373|3535|1968|1969|2176|2177|2178|2042|2043|2044|1973|1974|4435|1979|1980|1977|1976|5157|5158|5159|5160|3061|2014|2015|1983|1915|2392|2338|2339|3294|2340|3295|2341|3025,326|325|324|160|344,Camino Real/De Las Flores,20.648837563938,-100.37903310019,10.968287740628165,,0,True,42.21828774062816
2971,31.258333333333336,337.0,C47,39,8,2971|2972|2037|2245|2038|2039|2246|2017|2018|2019|2020|2021|2450|2451|1471|1470|1469|1439|1438|2537|1920|1921|4241|2310|2311|2312|2313|3283|5197|4143|3284|4256|2338|2339|3294|2340|3295|2341|3025,337|382|408|325|352|90|324|344,Av. Luis Vega Monrroy/Paseo del Romancero,20.57644953,-100.3793192,11.736904761904764,,0,True,42.9952380952381
2559,31.266666666666666,326.0,C35,29,8,2559|2560|2561|2562|2563|2614|2615|2418|2419|5180|2672|2201|4241|2310|2311|2312|2313|3283|5197|4143|3284|4256|2338|2339|3294|2340|3295|2341|3025,326|337|234|319|338|325|324|344,Av. 6/Calle 31,20.57209652,-100.3951087,10.968287740628165,,0,True,42.23495440729483
2738,31.26666666666667,128.0,L100,26,9,2738|2739|2740|2741|2952|2742|2572|2573|2574|2575|2610|2611|2074|2288|2080|2859|2860|2220|2337|2338|2339|3294|2340|3295|2341|3025,128|245|374|255|358|325|351|375|344,Av. de la Luz,20.62799032,-100.4846036,25.417559523809526,,0,True,56.684226190476195
2635,31.283333333333328,335.0,C44,30,7,2635|5079|2636|2668|2669|2294|2295|2296|2418|2419|5180|2672|2201|4241|2310|2311|2312|2313|3283|5197|4143|3284|4256|2338|2339|3294|2340|3295|2341|3025,335|337|319|338|325|324|344,Av. Chabacano/Arco,20.54936541,-100.4112329,0.0,,0,True,31.283333333333328
2640,31.28333333333334,336.0,C46,37,5,2640|2641|2258|2259|2260|2261|2262|2263|3023|2264|4393|2199|1762|1763|2200|4430|1764|1765|1766|2201|4241|2310|2311|2312|2313|3283|5197|4143|3284|4256|2338|2339|3294|2340|3295|2341|3025,336|338|325|324|344,Paseos del Mirador/Cto. Antonio Pérez Alcocer,20.539695,-100.404835,12.644407008086255,,0,True,43.92774034141959
3881,31.28333333333334,358.0,L118,25,6,3881|3882|2698|2699|4437|2730|2731|2732|2733|2734|2735|2606|2288|2080|2859|2860|2220|2337|2338|2339|3294|2340|3295|2341|3025,358|255|325|351|375|344,Calle Azteca/Arroyo Seco,20.66575751,-100.4267002,14.601785714285713,,0,True,45.88511904761905
2467,31.299999999999997,134.0,C26,35,7,2467|5195|2468|2470|2471|3596|1473|1474|1476|1472|1471|1470|1469|1439|1438|2537|1920|1921|4241|2310|2311|2312|2313|3283|5197|4143|3284|4256|2338|2339|3294|2340|3295|2341|3025,134|396|352|90|325|324|344,Cerro Blanco/Fray Luis de León,20.574388003689,-100.36897939042,7.951547619047619,,0,True,39.251547619047614
2909,31.3,377.0,T09,29,7,2909|2910|2911|2912|2913|2914|2915|2916|2917|2918|2919|2920|2921|2922|2923|2924|2984|2858|2859|2860|2220|2337|2338|2339|3294|2340|3295|2341|3025,377|341|354|325|351|375|344,Prol. Bernardo Quintana/Av. de la Luz,20.631365488086,-100.46693126724,23.949319727891154,,0,True,55.249319727891155
5069,31.3,335.0,C44,44,11,5069|2297|2298|2510|2511|2512|2513|2514|2515|2516|3686|2517|2214|2215|2216|2217|2218|2219|2032|2023|2024|2856|1439|1438|2537|1920|1921|4241|2310|2311|2312|2313|3283|5197|4143|3284|4256|2338|2339|3294|2340|3295|2341|3025,335|322|341|321|376|386|98|90|325|324|344,Enrique Rodiles/Blvd. de Las Américas,20.560983835958,-100.39885007372,0.0,,0,True,31.3
2596,31.3,337.0,C47,41,7,2596|2597|3315|2670|2541|2542|2543|2544|2545|2546|2303|2304|2305|2306|2307|2308|2028|2029|2030|2031|2309|1919|1920|1921|4241|2310|2311|2312|2313|3283|5197|4143|3284|4256|2338|2339|3294|2340|3295|2341|3025,337|326|319|134|325|324|344,Calle Antonio Carranza/Valentín del Llano,20.55870069,-100.396909,11.736904761904764,,0,True,43.036904761904765
2696,31.300000000000004,255.0,T11,25,6,2696|2697|2698|2699|4437|2730|2731|2732|2733|2734|2735|2606|2288|2080|2859|2860|2220|2337|2338|2339|3294|2340|3295|2341|3025,255|358|325|351|375|344,5 de Febrero/Palma Cocotera,20.65884818,-100.4320856,13.954024943310655,,0,True,45.25402494331066
3707,31.300000000000004,283.0,C67,25,10,3707|3708|3709|2609|2743|2572|2573|2574|2575|2610|2611|2074|2288|2080|2859|2860|2220|2337|2338|2339|3294|2340|3295|2341|3025,283|245|361|374|255|358|325|351|375|344,Calle Mayas/Henequén,20.62963727,-100.4575982,26.925661375661374,,0,True,58.225661375661375
2441,31.316666666666663,134.0,C26,35,7,2441|5106|3344|2442|2471|3596|1473|1474|1476|1472|1471|1470|1469|1439|1438|2537|1920|1921|4241|2310|2311|2312|2313|3283|5197|4143|3284|4256|2338|2339|3294|2340|3295|2341|3025,134|396|352|90|325|324|344,Fray Luis de Leon/Congreso del Edo.,20.571704940876,-100.36848975485,7.951547619047619,,0,True,39.26821428571428
5223,31.33333333333333,322.0,C29,35,6,5223|4116|2506|2507|2508|2509|4138|2291|2292|2293|2294|2295|2296|2418|2419|5180|2672|2201|4241|2310|2311|2312|2313|3283|5197|4143|3284|4256|2338|2339|3294|2340|3295|2341|3025,322|319|338|325|324|344,Av. Camino Real/Calle Francisco Alcocer,20.540669444444,-100.39954,13.388293650793653,,0,True,44.721626984126985
4115,31.33333333333333,337.0,C47,35,7,4115|4116|2506|2507|2508|2509|4138|2291|2292|2293|2294|2295|2296|2418|2419|5180|2672|2201|4241|2310|2311|2312|2313|3283|5197|4143|3284|4256|2338|2339|3294|2340|3295|2341|3025,337|322|319|338|325|324|344,Calle Francisco Alcocer/Eulogio Marroquín,20.541074459751,-100.40077715212,11.736904761904764,,0,True,43.070238095238096
5209,31.341666666666654,90.0,L51,53,5,5209|1312|1313|1424|1352|1372|1441|1373|1442|1443|1374|1375|1444|1362|1363|1364|1445|1365|1446|1366|1447|1367|1431|4111|1300|1301|1302|1761|1303|1304|1305|1306|1432|1433|1434|3297|4241|2310|2311|2312|2313|3283|5197|4143|3284|4256|2338|2339|3294|2340|3295|2341|3025,90|97|325|324|344,Av. Paseo Constituyentes/Josefa Ortiz de Domínguez,20.541427246152,-100.43177785702,12.180137844611535,,0,True,43.52180451127819
1291,31.358333333333324,337.0,C47,39,6,1291|4142|1292|1293|1294|1295|1296|1297|1298|1299|1300|1301|1302|1761|1303|1304|1305|1306|1432|1433|1434|3297|4241|2310|2311|2312|2313|3283|5197|4143|3284|4256|2338|2339|3294|2340|3295|2341|3025,337|97|90|325|324|344,Camino Al Cerrito/Miguel Hidalgo,20.549298005161,-100.44022030747,11.736904761904764,,0,True,43.09523809523809
2443,31.383333333333336,408.0,C73,40,8,2443|2444|3651|2445|3346|2446|2447|2448|2449|2404|2405|2020|2021|2450|2451|1471|1470|1469|1439|1438|2537|1920|1921|4241|2310|2311|2312|2313|3283|5197|4143|3284|4256|2338|2339|3294|2340|3295|2341|3025,408|134|396|325|352|90|324|344,Lateral Bernardo Quintana/Manuel Gomez Morin,20.56054,-100.35819,30.109920634920638,,0,True,61.493253968253974
2160,31.38333333333334,373.0,T05,24,9,2160|1903|5120|1904|1890|1891|3640|1894|1905|2082|1884|2204|3280|4447|3281|1915|2392|2338|2339|3294|2340|3295|2341|3025,373|369|370|347|379|319|160|324|344,Av. del Ferrocarril/La Cañada,20.609308333333,-100.33855555556,21.553571428571427,,0,True,52.93690476190477
3405,31.416666666666664,316.0,C71,25,8,3405|3406|3407|3408|3652|3350|3351|3167|3168|3352|3353|3354|3355|2080|2859|2860|2220|2337|2338|2339|3294|2340|3295|2341|3025,316|274|351|342|358|325|375|344,Guayaquiri/Peña Liza,20.64343018,-100.4598694,28.520476190476188,,0,True,59.93714285714285
2825,31.416666666666664,364.0,L159,23,7,2825|2844|2803|2804|2805|2806|2807|2808|2809|2810|2288|2080|2859|2860|2220|2337|2338|2339|3294|2340|3295|2341|3025,364|255|358|325|351|375|344,Camelinas/Glorias,20.6776383,-100.4531387,24.902380952380952,,0,True,56.319047619047616
5102,31.449999999999996,326.0,C35,34,6,5102|2565|2365|4129|2290|3600|2291|2292|2293|2294|2295|2296|2418|2419|5180|2672|2201|4241|2310|2311|2312|2313|3283|5197|4143|3284|4256|2338|2339|3294|2340|3295|2341|3025,326|319|338|325|324|344,Prol. Calle 27/Calle Valle de Anahua,20.554106316033,-100.38712735434,10.968287740628165,,0,True,42.41828774062816
2539,31.449999999999996,326.0,C35,42,6,2539|5101|2540|5184|3601|2541|2542|2543|2544|2545|2546|2303|2304|2305|2306|2307|2308|2028|2029|2030|2031|2309|1919|1920|1921|4241|2310|2311|2312|2313|3283|5197|4143|3284|4256|2338|2339|3294|2340|3295|2341|3025,326|319|134|325|324|344,Prol. Calle 27/Calle 4,20.55220067,-100.3861224,10.968287740628165,,0,True,42.41828774062816
2566,31.466666666666672,378.0,T10,21,12,2566|2567|3174|3175|2568|2569|2611|2074|2288|2080|2859|2860|2220|2337|2338|2339|3294|2340|3295|2341|3025,378|354|379|315|245|374|255|358|325|351|375|344,Av. del Tempano/Av. Laguna,20.62211077,-100.4409436,18.27857142857143,,0,True,49.7452380952381
2896,31.483333333333338,374.0,T06,27,11,2896|3337|2268|2269|4247|4248|4249|4250|3483|3164|3165|2610|2611|2074|2288|2080|2859|2860|2220|2337|2338|2339|3294|2340|3295|2341|3025,374|354|342|323|245|255|358|325|351|375|344,Av. Pirineos/Av. Popocatépetl,20.64270731,-100.4499132,20.628968253968253,,0,True,52.11230158730159
5108,31.500000000000007,314.0,C70,25,7,5108|3882|2698|2699|4437|2730|2731|2732|2733|2734|2735|2606|2288|2080|2859|2860|2220|2337|2338|2339|3294|2340|3295|2341|3025,314|358|255|325|351|375|344,Calle Ollín/Colegio del Tepeyac Campus Querétaro,20.666754285872,-100.42809248131,0.0,,0,False,31.500000000000007
4114,31.516666666666673,337.0,C47,37,7,4114|2257|2258|2259|2260|2261|2262|2263|3023|2264|4393|2199|1762|1763|2200|4430|1764|1765|1766|2201|4241|2310|2311|2312|2313|3283|5197|4143|3284|4256|2338|2339|3294|2340|3295|2341|3025,337|373|336|338|325|324|344,Calle Francisco Alcocer/Pedro Mc. Cormick,20.541231295304,-100.40106540006,11.736904761904764,,0,True,43.25357142857143
2353,31.549999999999997,332.0,C41,30,9,2353|2354|2355|2612|2613|3327|2614|2615|2418|2419|5180|2672|2201|4241|2310|2311|2312|2313|3283|5197|4143|3284|4256|2338|2339|3294|2340|3295|2341|3025,332|341|337|234|319|338|325|324|344,Calle 27/Av. 14,20.56890399,-100.3927277,18.327551020408162,,0,True,49.87755102040816
3588,31.56666666666667,283.0,C67,22,9,3588|3520|2572|2573|2574|2575|2610|2611|2074|2288|2080|2859|2860|2220|2337|2338|2339|3294|2340|3295|2341|3025,283|245|374|255|358|325|351|375|344,Kiliwas/Chalcas,20.63827848,-100.4640514,26.925661375661374,,0,True,58.49232804232804
2460,31.599999999999998,134.0,C26,37,8,2460|2461|2462|2463|2518|2519|3578|2216|2217|2218|2219|2032|2023|2024|2856|1439|1438|2537|1920|1921|4241|2310|2311|2312|2313|3283|5197|4143|3284|4256|2338|2339|3294|2340|3295|2341|3025,134|98|376|386|90|325|324|344,Av. Magisterio (Cimatario)/Cerro Blanco,20.573012549105,-100.37242017703,7.951547619047619,,0,True,39.55154761904762
3404,31.6,354.0,C68,27,9,3404|2279|2280|2281|2282|2283|2284|2285|3339|2286|2897|2287|3340|2074|2288|2080|2859|2860|2220|2337|2338|2339|3294|2340|3295|2341|3025,354|316|374|255|358|325|351|375|344,Av. San Miguel/Calle San Arael,20.65667665,-100.4729481,20.138253968253967,,0,True,51.73825396825397
2929,31.600000000000005,377.0,T09,33,9,2929|2930|2247|2931|2932|3279|3434|3435|3418|3419|3420|3421|3422|2578|2579|2920|2921|2922|2923|2924|2984|2858|2859|2860|2220|2337|2338|2339|3294|2340|3295|2341|3025,377|350|340|342|354|325|351|375|344,Av. Felipe Carrillo Puerto/Secundaria Técnica 6,20.616861341599,-100.43391262252,23.949319727891154,,0,True,55.54931972789116
3359,31.616666666666674,379.0,T13,25,10,3359|2570|2571|2609|2743|2572|2573|2574|2575|2610|2611|2074|2288|2080|2859|2860|2220|2337|2338|2339|3294|2340|3295|2341|3025,379|361|245|374|255|358|325|351|375|344,Av. de Las Fuentes/Calle de la Escarcha,20.63510757,-100.45092222222,14.040079365079364,,0,True,45.65674603174604
3590,31.616666666666674,361.0,L156,23,9,3590|2609|2743|2572|2573|2574|2575|2610|2611|2074|2288|2080|2859|2860|2220|2337|2338|2339|3294|2340|3295|2341|3025,361|245|374|255|358|325|351|375|344,Paseo de Las Campanas/Calle Cerro del Pathe,20.63769031,-100.4578424,28.730158730158728,,0,True,60.3468253968254
1771,31.624999999999993,129.0,L101,36,8,1771|3687|3688|3727|3616|3617|1772|1773|2197|2198|1308|1309|1304|1305|1306|1432|1433|1434|3297|4241|2310|2311|2312|2313|3283|5197|4143|3284|4256|2338|2339|3294|2340|3295|2341|3025,129|336|370|90|97|325|324|344,Hospital General,20.574470039181,-100.41648107064,6.9583333333333375,,0,True,38.58333333333333
3479,31.633333333333333,350.0,C62,32,8,3479|3478|5094|3480|3130|3927|4133|2913|2914|2915|2916|2917|2918|2919|2920|2921|2922|2923|2924|2984|2858|2859|2860|2220|2337|2338|2339|3294|2340|3295|2341|3025,350|341|377|354|325|351|375|344,Jacarandas/Cto. Rubí,20.618655804331,-100.47262646291,15.95847338935574,,0,True,47.59180672268907
1351,31.64999999999999,97.0,C22,39,5,1351|4142|1292|1293|1294|1295|1296|1297|1298|1299|1300|1301|1302|1761|1303|1304|1305|1306|1432|1433|1434|3297|4241|2310|2311|2312|2313|3283|5197|4143|3284|4256|2338|2339|3294|2340|3295|2341|3025,97|90|325|324|344,Miguel Hidalgo/Av. Don Bosco,20.550230167523,-100.43999248518,14.923809523809528,,0,True,46.573809523809516
3229,31.649999999999995,331.0,C40,25,7,3229|3230|3231|3232|3233|3234|3235|3236|2602|4253|3237|3222|3538|3283|5197|4143|3284|4256|2338|2339|3294|2340|3295|2341|3025,331|353|345|323|348|324|344,Calle San Germán/Calle Solidaridad,20.59604884,-100.4303286,10.213095238095244,,0,True,41.86309523809524
5078,31.649999999999995,321.0,C27,38,9,5078|2475|2476|2477|2212|2213|2214|2215|2216|2217|2218|2219|2032|2023|2024|2856|1439|1438|2537|1920|1921|4241|2310|2311|2312|2313|3283|5197|4143|3284|4256|2338|2339|3294|2340|3295|2341|3025,321|341|376|386|98|90|325|324|344,Cto. Lázaro Cárdenas/Fidel Velázquez,20.558482962501,-100.37459549525,7.660822510822512,,0,True,39.310822510822504
2235,31.65,322.0,C29,41,11,2235|2236|2237|2238|2239|2240|2211|2212|2213|2214|2215|2216|2217|2218|2219|2032|2023|2024|2856|1439|1438|2537|1920|1921|4241|2310|2311|2312|2313|3283|5197|4143|3284|4256|2338|2339|3294|2340|3295|2341|3025,322|371|321|341|376|386|98|90|325|324|344,Luis Pasteur Sur/Av Presidentes,20.566214254513,-100.38320391968,13.388293650793653,,0,True,45.03829365079365
2180,31.666666666666664,160.0,L59,42,5,2180|2181|3534|2367|5092|2368|2372|5093|2373|3535|1968|1969|2176|2177|2178|2042|2043|2044|1973|1974|4435|1979|1980|1977|1976|5157|5158|5159|5160|3061|2014|2015|1983|1915|2392|2338|2339|3294|2340|3295|2341|3025,160|324|325|326|344,Epigmenio González/Calle 16,20.64917610102,-100.38302502157,14.03738095238095,,0,True,45.704047619047614
2194,31.666666666666664,319.0,C24,16,5,2194|1948|1949|1950|1951|1952|3281|1915|2392|2338|2339|3294|2340|3295|2341|3025,319|112|160|324|344,Anillo Vial Fray Junípero Serra/Ubika El Refugio,20.643008620969,-100.34446297074,4.469736842105263,,0,True,36.13640350877193
2278,31.666666666666668,316.0,C71,27,8,2278|2279|2280|2281|2282|2283|2284|2285|3339|2286|2897|2287|3340|2074|2288|2080|2859|2860|2220|2337|2338|2339|3294|2340|3295|2341|3025,316|374|255|358|325|351|375|344,Paseo Querétaro/Calle San Samael,20.657688928721,-100.47645394283,28.520476190476188,,0,True,60.18714285714286
2988,31.683333333333337,379.0,T13,25,10,2988|2989|2741|2952|2742|2572|2573|2574|2575|2610|2611|2074|2288|2080|2859|2860|2220|2337|2338|2339|3294|2340|3295|2341|3025,379|128|245|374|255|358|325|351|375|344,Av. Sierra Nevada /Av. Chulavista,20.62541951,-100.4734832,14.040079365079364,,0,True,45.7234126984127
3443,31.68333333333334,340.0,C50,25,10,3443|3444|3445|3446|3447|2572|2573|2574|2575|2610|2611|2074|2288|2080|2859|2860|2220|2337|2338|2339|3294|2340|3295|2341|3025,340|349|245|374|255|358|325|351|375|344,Calle Zacapoaxtlas/Av. Begonias,20.62632847,-100.4549334,21.20068027210884,,0,True,52.88401360544218
1311,31.70833333333332,90.0,L51,54,5,1311|5209|1312|1313|1424|1352|1372|1441|1373|1442|1443|1374|1375|1444|1362|1363|1364|1445|1365|1446|1366|1447|1367|1431|4111|1300|1301|1302|1761|1303|1304|1305|1306|1432|1433|1434|3297|4241|2310|2311|2312|2313|3283|5197|4143|3284|4256|2338|2339|3294|2340|3295|2341|3025,90|97|325|324|344,Pueblo Nuevo,20.543662725819,-100.4299786079,12.180137844611535,,0,True,43.88847117794486
2871,31.716666666666676,245.0,C58,43,5,2871|2872|2873|2227|3119|2167|3501|2069|2168|2169|3535|1968|1969|2176|2177|2178|2042|2043|2044|1973|1974|4435|1979|1980|1977|1976|5157|5158|5159|5160|3061|2014|2015|1983|1915|2392|2338|2339|3294|2340|3295|2341|3025,245|163|160|324|344,Calle Santiago de Querétaro/Santiago del Oeste,20.65502974,-100.4003488,23.286796536796537,,0,True,55.00346320346321
4136,31.749999999999993,341.0,C51,34,7,4136|2678|4137|2508|2509|4138|2291|2292|2293|2294|2295|2296|2418|2419|5180|2672|2201|4241|2310|2311|2312|2313|3283|5197|4143|3284|4256|2338|2339|3294|2340|3295|2341|3025,341|322|319|338|325|324|344,Calle Naranjo/Av. Cumbres,20.550617480816,-100.40166889757,17.251659451659453,,0,True,49.00165945165945
3300,31.758333333333326,98.0,C23,36,10,3300|1328|1329|1330|1399|2190|3301|1300|1301|1302|1761|1303|1304|1305|1306|1432|1433|1434|3297|4241|2310|2311|2312|2313|3283|5197|4143|3284|4256|2338|2339|3294|2340|3295|2341|3025,98|94|92|128|255|90|97|325|324|344,Calle 16 de Diciembre/Calle 5 de Mayo,20.52614205,-100.454926,10.844812925170071,,0,True,42.6031462585034
1416,31.799999999999994,95.0,L56,36,10,1416|1417|1419|1401|1370|2190|3301|1300|1301|1302|1761|1303|1304|1305|1306|1432|1433|1434|3297|4241|2310|2311|2312|2313|3283|5197|4143|3284|4256|2338|2339|3294|2340|3295|2341|3025,95|408|94|128|255|90|97|325|324|344,Av. Paseo de la Pirámide del Pueblito/Privada Monte Albán,20.545381021625,-100.45545603913,29.200000000000006,,0,True,61.0
3333,31.800000000000004,257.0,C66,23,7,3333|4264|4265|2730|2731|2732|2733|2734|2735|2606|2288|2080|2859|2860|2220|2337|2338|2339|3294|2340|3295|2341|3025,257|255|358|325|351|375|344,Anillo Vial Fray Junípero Serra/Subaru Rally Champion,20.689780118705,-100.44809015757,0.0,,0,False,31.800000000000004
3221,31.800000000000004,355.0,C69,23,7,3221|4264|4265|2730|2731|2732|2733|2734|2735|2606|2288|2080|2859|2860|2220|2337|2338|2339|3294|2340|3295|2341|3025,355|255|358|325|351|375|344,Av. de Las Ciencias/Plaza The Village At Juriquilla,20.6972659,-100.4401058,0.1952380952380953,,0,True,31.9952380952381
1359,31.808333333333326,93.0,L54,35,9,1359|1327|1398|1399|2190|3301|1300|1301|1302|1761|1303|1304|1305|1306|1432|1433|1434|3297|4241|2310|2311|2312|2313|3283|5197|4143|3284|4256|2338|2339|3294|2340|3295|2341|3025,93|92|128|255|90|97|325|324|344,Prol. Jazmín/Revolución,20.524929679135,-100.45099492608,26.501190476190484,,0,True,58.30952380952381
5103,31.81666666666667,245.0,C58,26,9,5103|2739|2740|2741|2952|2742|2572|2573|2574|2575|2610|2611|2074|2288|2080|2859|2860|2220|2337|2338|2339|3294|2340|3295|2341|3025,245|128|374|255|358|325|351|375|344,Av. de Las Rosas/Paseo de Las Rosas,20.63093369,-100.4816585,23.286796536796537,,0,True,55.10346320346321
3066,31.83333333333333,338.0,C48,38,8,3066|3067|3068|3069|3070|3071|3072|3073|3110|2325|2326|3606|2484|3031|3050|3051|3052|3053|3054|3055|3056|3057|3058|3059|3060|3061|2014|2015|1983|1915|2392|2338|2339|3294|2340|3295|2341|3025,338|348|346|321|345|160|324|344,Av. Peñuelas/Ferrocarileros,20.62987969,-100.3988896,10.371949404761907,,0,True,42.205282738095235
3157,31.833333333333336,378.0,T10,26,11,3157|3158|3159|3160|3161|3162|3163|4045|3164|3165|2610|2611|2074|2288|2080|2859|2860|2220|2337|2338|2339|3294|2340|3295|2341|3025,378|342|323|245|374|255|358|325|351|375|344,Av. Popocátepetl,20.65987622,-100.4557018,18.27857142857143,,0,True,50.11190476190477
3704,31.83333333333334,349.0,C61,25,10,3704|3444|3445|3446|3447|2572|2573|2574|2575|2610|2611|2074|2288|2080|2859|2860|2220|2337|2338|2339|3294|2340|3295|2341|3025,349|340|245|374|255|358|325|351|375|344,Av. Begonas/Parque Conin,20.6278256,-100.4535443,18.17098214285714,,0,True,50.004315476190484
2209,31.849999999999994,371.0,T03,38,10,2209|5161|2210|2211|2212|2213|2214|2215|2216|2217|2218|2219|2032|2023|2024|2856|1439|1438|2537|1920|1921|4241|2310|2311|2312|2313|3283|5197|4143|3284|4256|2338|2339|3294|2340|3295|2341|3025,371|321|341|376|386|98|90|325|324|344,Prol. Pasteur/Calle Espacio,20.551144218614,-100.38336905808,10.360119047619051,,0,True,42.210119047619045
2349,31.849999999999998,326.0,C35,30,8,2349|2559|2560|2561|2562|2563|2614|2615|2418|2419|5180|2672|2201|4241|2310|2311|2312|2313|3283|5197|4143|3284|4256|2338|2339|3294|2340|3295|2341|3025,326|337|234|319|338|325|324|344,Av. 6/Calle 25,20.572599,-100.39317,10.968287740628165,,0,True,42.818287740628165
2500,31.85,341.0,C51,31,8,2500|2501|2502|2355|2612|2613|3327|2614|2615|2418|2419|5180|2672|2201|4241|2310|2311|2312|2313|3283|5197|4143|3284|4256|2338|2339|3294|2340|3295|2341|3025,341|337|234|319|338|325|324|344,Av. 22/Calle 11,20.56768167,-100.3875726,17.251659451659453,,0,True,49.10165945165946
1336,31.850000000000005,97.0,C22,31,7,1336|1337|1338|1339|1340|1341|1762|1763|2200|4430|1764|1765|1766|2201|4241|2310|2311|2312|2313|3283|5197|4143|3284|4256|2338|2339|3294|2340|3295|2341|3025,97|98|336|338|325|324|344,Calle Norberto Aguirre/5 de Mayo,20.554034627402,-100.43393371425,14.923809523809528,,0,True,46.77380952380953
3557,31.86666666666667,365.0,L160,23,10,3557|5172|5173|2572|2573|2574|2575|2610|2611|2074|2288|2080|2859|2860|2220|2337|2338|2339|3294|2340|3295|2341|3025,365|327|245|374|255|358|325|351|375|344,Choles/Monte Caseros,20.63956456,-100.4696188,0.0,,0,False,31.86666666666667
2503,31.9,341.0,C51,33,7,2503|2504|2674|4131|2675|3893|2668|2669|2294|2295|2296|2418|2419|5180|2672|2201|4241|2310|2311|2312|2313|3283|5197|4143|3284|4256|2338|2339|3294|2340|3295|2341|3025,341|337|319|338|325|324|344,Av. Candiles/Cecyteq Corregidora,20.54770456,-100.3945263,17.251659451659453,,0,True,49.151659451659455
3812,31.900000000000002,352.0,C64,32,5,3812|4404|3813|5104|1475|1476|1472|1471|1470|1469|1439|1438|2537|1920|1921|4241|2310|2311|2312|2313|3283|5197|4143|3284|4256|2338|2339|3294|2340|3295|2341|3025,352|90|325|324|344,Carr. México/Querétaro/Jurica/San Juan del Río,20.57218571,-100.3179202,7.351785714285714,,0,True,39.25178571428572
4147,31.91666666666666,322.0,C29,38,10,4147|2496|2497|2477|2212|2213|2214|2215|2216|2217|2218|2219|2032|2023|2024|2856|1439|1438|2537|1920|1921|4241|2310|2311|2312|2313|3283|5197|4143|3284|4256|2338|2339|3294|2340|3295|2341|3025,322|321|341|376|386|98|90|325|324|344,Circuito Lázaro Cárdenas/Treviño,20.56060569,-100.3751404,13.388293650793653,,0,True,45.30496031746031
3661,31.93333333333333,134.0,C26,36,7,3661|2467|5195|2468|2470|2471|3596|1473|1474|1476|1472|1471|1470|1469|1439|1438|2537|1920|1921|4241|2310|2311|2312|2313|3283|5197|4143|3284|4256|2338|2339|3294|2340|3295|2341|3025,134|396|352|90|325|324|344,Fray Luis de Leon/Congreso del Edo.,20.57249557,-100.3683954,7.951547619047619,,0,True,39.884880952380946
2491,31.950000000000003,322.0,C29,38,10,2491|2492|2493|4130|2490|2448|2449|2404|2405|2020|2021|2450|2451|1471|1470|1469|1439|1438|2537|1920|1921|4241|2310|2311|2312|2313|3283|5197|4143|3284|4256|2338|2339|3294|2340|3295|2341|3025,322|333|376|98|134|325|352|90|324|344,Islas Aleutianas/De San Pedro,20.568132752901,-100.37608014525,13.388293650793653,,0,True,45.33829365079366
3507,31.950000000000003,281.0,L115,22,11,3507|3508|3509|4045|3164|3165|2610|2611|2074|2288|2080|2859|2860|2220|2337|2338|2339|3294|2340|3295|2341|3025,281|342|323|245|374|255|358|325|351|375|344,Monte Alban/Citlaltépetl,20.64750111,-100.4471373,23.809523809523807,,0,True,55.75952380952381
2905,31.950000000000006,351.0,C63,25,9,2905|2906|2907|2908|2742|2572|2573|2574|2575|2610|2611|2074|2288|2080|2859|2860|2220|2337|2338|2339|3294|2340|3295|2341|3025,351|349|245|374|255|358|325|375|344,Prol. Bernardo Quintana/Circuito Loma Real de Querétaro,20.63932787,-100.4731409,13.587362637362636,,0,True,45.53736263736264
2251,31.983333333333327,336.0,C46,34,8,2251|3679|2627|2508|2509|4138|2291|2292|2293|2294|2295|2296|2418|2419|5180|2672|2201|4241|2310|2311|2312|2313|3283|5197|4143|3284|4256|2338|2339|3294|2340|3295|2341|3025,336|334|322|319|338|325|324|344,Av. Candiles/Parroquia de Nuestra Señora de la Esperanza,20.54629727,-100.4068009,12.644407008086255,,0,True,44.62774034141958
5144,32.05,314.0,C70,24,8,5144|2825|2844|2803|2804|2805|2806|2807|2808|2809|2810|2288|2080|2859|2860|2220|2337|2338|2339|3294|2340|3295|2341|3025,314|364|255|358|325|351|375|344,Calle 16 de Septiembre/Paseo del Mesón,20.679381917975,-100.45290708896,0.0,,0,False,32.05
1350,32.05833333333332,97.0,C22,40,5,1350|1351|4142|1292|1293|1294|1295|1296|1297|1298|1299|1300|1301|1302|1761|1303|1304|1305|1306|1432|1433|1434|3297|4241|2310|2311|2312|2313|3283|5197|4143|3284|4256|2338|2339|3294|2340|3295|2341|3025,97|90|325|324|344,Miguel Hidalgo/Salvador Sánchez Bárcenas,20.551384250249,-100.44001570092,14.923809523809528,,0,True,46.98214285714285
2895,32.06666666666667,374.0,T06,28,11,2895|2896|3337|2268|2269|4247|4248|4249|4250|3483|3164|3165|2610|2611|2074|2288|2080|2859|2860|2220|2337|2338|2339|3294|2340|3295|2341|3025,374|354|342|323|245|255|358|325|351|375|344,Av. Pirineos/Calle Kilimanjaro,20.64281704,-100.4478094,20.628968253968253,,0,True,52.69563492063492
3880,32.083333333333336,358.0,L118,26,6,3880|3881|3882|2698|2699|4437|2730|2731|2732|2733|2734|2735|2606|2288|2080|2859|2860|2220|2337|2338|2339|3294|2340|3295|2341|3025,358|255|325|351|375|344,Calle 5 de Febrero/La Nueva España,20.66510975,-100.4238247,14.601785714285713,,0,True,46.68511904761905
3663,32.08333333333334,351.0,C63,25,9,3663|2570|2571|2609|2743|2572|2573|2574|2575|2610|2611|2074|2288|2080|2859|2860|2220|2337|2338|2339|3294|2340|3295|2341|3025,351|361|245|374|255|358|325|375|344,Av. de la Piedra/Calle de Jade,20.637286111111,-100.4489556,13.587362637362636,,0,True,45.67069597069598
4087,32.09166666666667,408.0,C73,41,8,4087|2443|2444|3651|2445|3346|2446|2447|2448|2449|2404|2405|2020|2021|2450|2451|1471|1470|1469|1439|1438|2537|1920|1921|4241|2310|2311|2312|2313|3283|5197|4143|3284|4256|2338|2339|3294|2340|3295|2341|3025,408|134|396|325|352|90|324|344,Prol. Bernardo Quintana/Hospital Ángeles Centro Sur,20.563647222222,-100.35698888889,30.109920634920638,,0,True,62.20158730158731
4179,32.1,283.0,C67,27,12,4179|4180|4181|3389|3160|3161|3162|3163|4045|3164|3165|2610|2611|2074|2288|2080|2859|2860|2220|2337|2338|2339|3294|2340|3295|2341|3025,283|367|342|323|245|374|255|358|325|351|375|344,Blvd. California/Manuel Sarabia,20.649127977178,-100.45453186284,26.925661375661374,,0,True,59.02566137566137
2737,32.1,128.0,L100,27,9,2737|2738|2739|2740|2741|2952|2742|2572|2573|2574|2575|2610|2611|2074|2288|2080|2859|2860|2220|2337|2338|2339|3294|2340|3295|2341|3025,128|245|374|255|358|325|351|375|344,Av. de la Luz/Traffik Marketing,20.62564879,-100.4897374,25.417559523809526,,0,True,57.517559523809524
3322,32.10000000000001,332.0,C41,24,10,3322|3323|5172|5173|2572|2573|2574|2575|2610|2611|2074|2288|2080|2859|2860|2220|2337|2338|2339|3294|2340|3295|2341|3025,332|327|245|374|255|358|325|351|375|344,Matlazincas/Cuicatecos,20.63617583,-100.4676019,18.327551020408162,,0,True,50.427551020408174
2361,32.11666666666666,319.0,C24,36,7,2361|2362|2363|2364|2365|4129|2290|3600|2291|2292|2293|2294|2295|2296|2418|2419|5180|2672|2201|4241|2310|2311|2312|2313|3283|5197|4143|3284|4256|2338|2339|3294|2340|3295|2341|3025,319|233|326|338|325|324|344,Blvd. de Las Américas/Calle Luis G. Malvaez,20.55592576,-100.3961704,4.469736842105263,,0,True,36.58640350877192
3312,32.13333333333333,354.0,C68,28,9,3312|3404|2279|2280|2281|2282|2283|2284|2285|3339|2286|2897|2287|3340|2074|2288|2080|2859|2860|2220|2337|2338|2339|3294|2340|3295|2341|3025,354|316|374|255|358|325|351|375|344,San Ariel/Av. San Miguel,20.65756117,-100.4718015,20.138253968253967,,0,True,52.2715873015873
5068,32.13333333333333,335.0,C44,45,11,5068|5069|2297|2298|2510|2511|2512|2513|2514|2515|2516|3686|2517|2214|2215|2216|2217|2218|2219|2032|2023|2024|2856|1439|1438|2537|1920|1921|4241|2310|2311|2312|2313|3283|5197|4143|3284|4256|2338|2339|3294|2340|3295|2341|3025,335|322|341|321|376|386|98|90|325|324|344,Heriberto Jara/Salvador Moreno,20.560491912065,-100.40075919519,0.0,,0,True,32.13333333333333
2824,32.15,363.0,L158,24,8,2824|2825|2844|2803|2804|2805|2806|2807|2808|2809|2810|2288|2080|2859|2860|2220|2337|2338|2339|3294|2340|3295|2341|3025,363|364|255|358|325|351|375|344,Camelinas/Dalias,20.67697845,-100.4557637,0.0,,0,False,32.15
4156,32.16666666666667,373.0,T05,25,9,4156|2160|1903|5120|1904|1890|1891|3640|1894|1905|2082|1884|2204|3280|4447|3281|1915|2392|2338|2339|3294|2340|3295|2341|3025,373|369|370|347|379|319|160|324|344,Av. del Ferrocarril,20.609696,-100.336523,21.553571428571427,,0,True,53.7202380952381
2564,32.18333333333333,326.0,C35,35,6,2564|5102|2565|2365|4129|2290|3600|2291|2292|2293|2294|2295|2296|2418|2419|5180|2672|2201|4241|2310|2311|2312|2313|3283|5197|4143|3284|4256|2338|2339|3294|2340|3295|2341|3025,326|319|338|325|324|344,Prol. Calle 27/Av. Valle del Cimatario,20.556318,-100.388009,10.968287740628165,,0,True,43.15162107396149
1987,32.18333333333333,326.0,C35,43,5,1987|1986|1985|1984|2367|5092|2368|2372|5093|2373|3535|1968|1969|2176|2177|2178|2042|2043|2044|1973|1974|4435|1979|1980|1977|1976|5157|5158|5159|5160|3061|2014|2015|1983|1915|2392|2338|2339|3294|2340|3295|2341|3025,326|325|324|160|344,Calz. de Belén/Condominio Los Naranjos,20.646009096539,-100.37890494309,10.968287740628165,,0,True,43.15162107396149
2608,32.2,361.0,L156,25,9,2608|2570|2571|2609|2743|2572|2573|2574|2575|2610|2611|2074|2288|2080|2859|2860|2220|2337|2338|2339|3294|2340|3295|2341|3025,361|245|374|255|358|325|351|375|344,Cascada,20.63875143,-100.4473259,28.730158730158728,,0,True,60.93015873015873
2639,32.2,336.0,C46,38,5,2639|2640|2641|2258|2259|2260|2261|2262|2263|3023|2264|4393|2199|1762|1763|2200|4430|1764|1765|1766|2201|4241|2310|2311|2312|2313|3283|5197|4143|3284|4256|2338|2339|3294|2340|3295|2341|3025,336|338|325|324|344,Fresno/Maravillas,20.536710129288,-100.40409658337,12.644407008086255,,0,True,44.84440700808626
1310,32.20833333333332,90.0,L51,55,5,1310|1311|5209|1312|1313|1424|1352|1372|1441|1373|1442|1443|1374|1375|1444|1362|1363|1364|1445|1365|1446|1366|1447|1367|1431|4111|1300|1301|1302|1761|1303|1304|1305|1306|1432|1433|1434|3297|4241|2310|2311|2312|2313|3283|5197|4143|3284|4256|2338|2339|3294|2340|3295|2341|3025,90|97|325|324|344,Av. Paseo Constituyentes/Josefa Ortiz de Domínguez,20.546611129845,-100.42752139427,12.180137844611535,,0,True,44.38847117794486
2440,32.21666666666666,134.0,C26,36,7,2440|2441|5106|3344|2442|2471|3596|1473|1474|1476|1472|1471|1470|1469|1439|1438|2537|1920|1921|4241|2310|2311|2312|2313|3283|5197|4143|3284|4256|2338|2339|3294|2340|3295|2341|3025,134|396|352|90|325|324|344,Cerro Blanco/Fray Luis de León,20.574790883987,-100.36879135119,7.951547619047619,,0,True,40.16821428571428
2870,32.216666666666676,245.0,C58,44,5,2870|2871|2872|2873|2227|3119|2167|3501|2069|2168|2169|3535|1968|1969|2176|2177|2178|2042|2043|2044|1973|1974|4435|1979|1980|1977|1976|5157|5158|5159|5160|3061|2014|2015|1983|1915|2392|2338|2339|3294|2340|3295|2341|3025,245|163|160|324|344,de la Concordia/La Raza,20.65528945,-100.4019543,23.286796536796537,,0,True,55.50346320346321
2254,32.23333333333333,373.0,T05,36,8,2254|4115|4116|2506|2507|2508|2509|4138|2291|2292|2293|2294|2295|2296|2418|2419|5180|2672|2201|4241|2310|2311|2312|2313|3283|5197|4143|3284|4256|2338|2339|3294|2340|3295|2341|3025,373|337|322|319|338|325|324|344,Fernando Díaz Ramírez/Calle Francisco Alcocer,20.541415,-100.403122,21.553571428571427,,0,True,53.78690476190475
2987,32.25000000000001,379.0,T13,26,10,2987|2988|2989|2741|2952|2742|2572|2573|2574|2575|2610|2611|2074|2288|2080|2859|2860|2220|2337|2338|2339|3294|2340|3295|2341|3025,379|128|245|374|255|358|325|351|375|344,Av. Sierra Nevada/Lorcano Residencial,20.62566502,-100.4749523,14.040079365079364,,0,True,46.29007936507937
4436,32.266666666666666,349.0,C61,25,9,4436|3369|3370|2908|2742|2572|2573|2574|2575|2610|2611|2074|2288|2080|2859|2860|2220|2337|2338|2339|3294|2340|3295|2341|3025,349|245|374|255|358|325|351|375|344,Monte Parnaso/Monte Caseros,20.641833902823,-100.4705712729,18.17098214285714,,0,True,50.43764880952381
3698,32.26666666666667,283.0,C67,23,7,3698|3699|4173|3700|3701|4174|4175|3352|3353|3354|3355|2080|2859|2860|2220|2337|2338|2339|3294|2340|3295|2341|3025,283|349|351|358|325|375|344,Calle Mayas/Calle Zacapoaxtlas,20.6273646,-100.4576355,26.925661375661374,,0,True,59.19232804232804
3022,32.28333333333333,322.0,C29,36,6,3022|5223|4116|2506|2507|2508|2509|4138|2291|2292|2293|2294|2295|2296|2418|2419|5180|2672|2201|4241|2310|2311|2312|2313|3283|5197|4143|3284|4256|2338|2339|3294|2340|3295|2341|3025,322|319|338|325|324|344,Av. Camino Real/Calle del Arcangel,20.53833137,-100.3980689,13.388293650793653,,0,True,45.67162698412699
3386,32.28333333333333,342.0,C52,26,10,3386|3387|3389|3160|3161|3162|3163|4045|3164|3165|2610|2611|2074|2288|2080|2859|2860|2220|2337|2338|2339|3294|2340|3295|2341|3025,342|323|245|374|255|358|325|351|375|344,Calle 13/Hacienda Carretas,20.65492657,-100.460967,9.03374741200828,,0,True,41.31708074534161
2179,32.3,160.0,L59,43,5,2179|2180|2181|3534|2367|5092|2368|2372|5093|2373|3535|1968|1969|2176|2177|2178|2042|2043|2044|1973|1974|4435|1979|1980|1977|1976|5157|5158|5159|5160|3061|2014|2015|1983|1915|2392|2338|2339|3294|2340|3295|2341|3025,160|324|325|326|344,Calle 9/26 de Enero,20.646971881294,-100.38410970208,14.03738095238095,,0,True,46.33738095238095
3442,32.300000000000004,340.0,C50,26,10,3442|3443|3444|3445|3446|3447|2572|2573|2574|2575|2610|2611|2074|2288|2080|2859|2860|2220|2337|2338|2339|3294|2340|3295|2341|3025,340|349|245|374|255|358|325|351|375|344,Calle Marsella/Juan de Luna,20.62557825,-100.453756,21.20068027210884,,0,True,53.500680272108845
2474,32.33333333333333,321.0,C27,39,9,2474|5078|2475|2476|2477|2212|2213|2214|2215|2216|2217|2218|2219|2032|2023|2024|2856|1439|1438|2537|1920|1921|4241|2310|2311|2312|2313|3283|5197|4143|3284|4256|2338|2339|3294|2340|3295|2341|3025,321|341|376|386|98|90|325|324|344,Lázaro Cárdenas/Coba,20.559059991747,-100.37285388989,7.660822510822512,,0,True,39.99415584415584
2407,32.349999999999994,134.0,C26,38,8,2407|2460|2461|2462|2463|2518|2519|3578|2216|2217|2218|2219|2032|2023|2024|2856|1439|1438|2537|1920|1921|4241|2310|2311|2312|2313|3283|5197|4143|3284|4256|2338|2339|3294|2340|3295|2341|3025,134|98|376|386|90|325|324|344,Av.Magisterio (Cimatario)/Pza. Santa Ana,20.575225021974,-100.37323603018,7.951547619047619,,0,True,40.30154761904761
3127,32.35,341.0,C51,32,7,3127|3128|3129|5152|3130|3927|4133|2913|2914|2915|2916|2917|2918|2919|2920|2921|2922|2923|2924|2984|2858|2859|2860|2220|2337|2338|2339|3294|2340|3295|2341|3025,341|377|354|325|351|375|344,Av. de Los Cedros/Av. Paseo de la Alborada,20.60800158,-100.4689832,17.251659451659453,,0,True,49.60165945165946
2634,32.36666666666666,335.0,C44,31,7,2634|2635|5079|2636|2668|2669|2294|2295|2296|2418|2419|5180|2672|2201|4241|2310|2311|2312|2313|3283|5197|4143|3284|4256|2338|2339|3294|2340|3295|2341|3025,335|337|319|338|325|324|344,Av. Chabacano/Yunque,20.5475767,-100.4129248,0.0,,0,True,32.36666666666666
3879,32.36666666666667,358.0,L118,27,6,3879|3880|3881|3882|2698|2699|4437|2730|2731|2732|2733|2734|2735|2606|2288|2080|2859|2860|2220|2337|2338|2339|3294|2340|3295|2341|3025,358|255|325|351|375|344,Calle 5 de Febrero/Calle Cuauhtémoc,20.66581459,-100.4231307,14.601785714285713,,0,True,46.96845238095238
2777,32.383333333333326,368.0,L61,43,7,2777|2539|5101|2540|5184|3601|2541|2542|2543|2544|2545|2546|2303|2304|2305|2306|2307|2308|2028|2029|2030|2031|2309|1919|1920|1921|4241|2310|2311|2312|2313|3283|5197|4143|3284|4256|2338|2339|3294|2340|3295|2341|3025,368|326|319|134|325|324|344,Prol. Calle 27/Calle 8,20.54996759,-100.3852216,0.0,,0,False,32.383333333333326
2495,32.383333333333326,322.0,C29,39,10,2495|4147|2496|2497|2477|2212|2213|2214|2215|2216|2217|2218|2219|2032|2023|2024|2856|1439|1438|2537|1920|1921|4241|2310|2311|2312|2313|3283|5197|4143|3284|4256|2338|2339|3294|2340|3295|2341|3025,322|321|341|376|386|98|90|325|324|344,Av. del Parque/Cto. Lázaro Cárdenas,20.561133514145,-100.3740671099,13.388293650793653,,0,True,45.77162698412698
3703,32.38333333333334,349.0,C61,26,10,3703|3704|3444|3445|3446|3447|2572|2573|2574|2575|2610|2611|2074|2288|2080|2859|2860|2220|2337|2338|2339|3294|2340|3295|2341|3025,349|340|245|374|255|358|325|351|375|344,Av. Begonias/Cananea,20.62865434,-100.4521444,18.17098214285714,,0,True,50.55431547619048
3500,32.38333333333334,245.0,C58,27,9,3500|5103|2739|2740|2741|2952|2742|2572|2573|2574|2575|2610|2611|2074|2288|2080|2859|2860|2220|2337|2338|2339|3294|2340|3295|2341|3025,245|128|374|255|358|325|351|375|344,Privada Jacaranda,20.632449,-100.482521,23.286796536796537,,0,True,55.67012987012988
2904,32.400000000000006,351.0,C63,26,9,2904|2905|2906|2907|2908|2742|2572|2573|2574|2575|2610|2611|2074|2288|2080|2859|2860|2220|2337|2338|2339|3294|2340|3295|2341|3025,351|349|245|374|255|358|325|375|344,Prol. Bernardo Quintana/Av. Navana,20.64026394,-100.473877,13.587362637362636,,0,True,45.987362637362644
2348,32.43333333333333,326.0,C35,31,8,2348|2349|2559|2560|2561|2562|2563|2614|2615|2418|2419|5180|2672|2201|4241|2310|2311|2312|2313|3283|5197|4143|3284|4256|2338|2339|3294|2340|3295|2341|3025,326|337|234|319|338|325|324|344,Av. 6/Calle 17,20.573085,-100.391226,10.968287740628165,,0,True,43.40162107396149
3156,32.43333333333334,378.0,T10,27,11,3156|3157|3158|3159|3160|3161|3162|3163|4045|3164|3165|2610|2611|2074|2288|2080|2859|2860|2220|2337|2338|2339|3294|2340|3295|2341|3025,378|342|323|245|374|255|358|325|351|375|344,Av. Plan de San Luis/Av. Popocátepetl,20.66059,-100.4571619,18.27857142857143,,0,True,50.71190476190476
2499,32.43333333333334,341.0,C51,32,8,2499|2500|2501|2502|2355|2612|2613|3327|2614|2615|2418|2419|5180|2672|2201|4241|2310|2311|2312|2313|3283|5197|4143|3284|4256|2338|2339|3294|2340|3295|2341|3025,341|337|234|319|338|325|324|344,Calle 27/Calle 9,20.567141,-100.386109,17.251659451659453,,0,True,49.68499278499279
2352,32.449999999999996,332.0,C41,31,9,2352|2353|2354|2355|2612|2613|3327|2614|2615|2418|2419|5180|2672|2201|4241|2310|2311|2312|2313|3283|5197|4143|3284|4256|2338|2339|3294|2340|3295|2341|3025,332|341|337|234|319|338|325|324|344,Calle 25/Av. 10,20.570875,-100.393481,18.327551020408162,,0,True,50.777551020408154
3706,32.46666666666667,283.0,C67,26,10,3706|3707|3708|3709|2609|2743|2572|2573|2574|2575|2610|2611|2074|2288|2080|2859|2860|2220|2337|2338|2339|3294|2340|3295|2341|3025,283|245|361|374|255|358|325|351|375|344,Calle Mayas/Calle Zacapoaxtlas,20.62712617,-100.4575801,26.925661375661374,,0,True,59.392328042328046
3403,32.483333333333334,340.0,C50,28,10,3403|3404|2279|2280|2281|2282|2283|2284|2285|3339|2286|2897|2287|3340|2074|2288|2080|2859|2860|2220|2337|2338|2339|3294|2340|3295|2341|3025,340|354|316|374|255|358|325|351|375|344,Av. San Miguel/Av. San Gabriel,20.65829319,-100.4718043,21.20068027210884,,0,True,53.684013605442175
3367,32.483333333333334,327.0,C36,23,9,3367|5172|5173|2572|2573|2574|2575|2610|2611|2074|2288|2080|2859|2860|2220|2337|2338|2339|3294|2340|3295|2341|3025,327|245|374|255|358|325|351|375|344,Monte Atlas/Monte Caseros,20.6438589,-100.470087,13.399999999999997,,0,True,45.88333333333333
1770,32.49166666666666,98.0,C23,33,9,1770|2413|2414|1772|1773|2197|2198|1308|1309|1304|1305|1306|1432|1433|1434|3297|4241|2310|2311|2312|2313|3283|5197|4143|3284|4256|2338|2339|3294|2340|3295|2341|3025,98|129|336|370|90|97|325|324|344,Prol. Zaragoza/City Club,20.579741515718,-100.41455104574,10.844812925170071,,0,True,43.336479591836735
3228,32.49999999999999,331.0,C40,26,7,3228|3229|3230|3231|3232|3233|3234|3235|3236|2602|4253|3237|3222|3538|3283|5197|4143|3284|4256|2338|2339|3294|2340|3295|2341|3025,331|353|345|323|348|324|344,Calle San Germán/Calle Santo Domingo,20.59623455,-100.4287902,10.213095238095244,,0,True,42.713095238095235
4128,32.516666666666666,97.0,C22,38,6,4128|2387|2372|5093|2373|3535|1968|1969|2176|2177|2178|2042|2043|2044|1973|1974|4435|1979|1980|1977|1976|5157|5158|5159|5160|3061|2014|2015|1983|1915|2392|2338|2339|3294|2340|3295|2341|3025,97|325|326|160|324|344,Carr. Chichimequillas/San José El Alto,20.667652535433,-100.36318455857,14.923809523809528,,0,True,47.44047619047619
2256,32.51666666666667,336.0,C46,39,5,2256|2639|2640|2641|2258|2259|2260|2261|2262|2263|3023|2264|4393|2199|1762|1763|2200|4430|1764|1765|1766|2201|4241|2310|2311|2312|2313|3283|5197|4143|3284|4256|2338|2339|3294|2340|3295|2341|3025,336|338|325|324|344,Calle Manzano/Fresno,20.536731105474,-100.40524168523,12.644407008086255,,0,True,45.16107367475293
3859,32.53333333333334,335.0,C44,32,9,3859|3860|3493|5149|3494|2317|3292|2318|3293|2319|2320|2321|2221|2222|2223|2224|2861|2862|2886|2887|2888|2889|3362|3363|4256|2338|2339|3294|2340|3295|2341|3025,335|342|345|375|96|371|336|350|344,Calle Camino Real/Ponciano Arriaga,20.61132483,-100.4132184,0.0,,0,True,32.53333333333334
2255,32.53333333333334,233.0,L113,39,6,2255|2639|2640|2641|2258|2259|2260|2261|2262|2263|3023|2264|4393|2199|1762|1763|2200|4430|1764|1765|1766|2201|4241|2310|2311|2312|2313|3283|5197|4143|3284|4256|2338|2339|3294|2340|3295|2341|3025,233|336|338|325|324|344,Calle Manzano/Fresno,20.536368,-100.405108,12.858333333333336,,0,True,45.39166666666667
3477,32.56666666666666,350.0,C62,33,8,3477|3479|3478|5094|3480|3130|3927|4133|2913|2914|2915|2916|2917|2918|2919|2920|2921|2922|2923|2924|2984|2858|2859|2860|2220|2337|2338|2339|3294|2340|3295|2341|3025,350|341|377|354|325|351|375|344,Calle Cto. Rubí/Parque Laderas de San Pedro Martír,20.61834614,-100.4750203,15.95847338935574,,0,True,48.5251400560224
1386,32.60833333333333,92.0,L53,34,9,1386|1330|1399|2190|3301|1300|1301|1302|1761|1303|1304|1305|1306|1432|1433|1434|3297|4241|2310|2311|2312|2313|3283|5197|4143|3284|4256|2338|2339|3294|2340|3295|2341|3025,92|94|128|255|90|97|325|324|344,Geranios/Cedros,20.526639821454,-100.46254028446,26.31309523809524,,0,True,58.921428571428564
2036,32.608333333333334,337.0,C47,40,8,2036|2971|2972|2037|2245|2038|2039|2246|2017|2018|2019|2020|2021|2450|2451|1471|1470|1469|1439|1438|2537|1920|1921|4241|2310|2311|2312|2313|3283|5197|4143|3284|4256|2338|2339|3294|2340|3295|2341|3025,337|382|408|325|352|90|324|344,Avenida Luis Vega Monrroy/Av. Luis Pasteur Sur,20.575713730472,-100.3831101327,11.736904761904764,,0,True,44.3452380952381
2360,32.61666666666666,319.0,C24,37,7,2360|2361|2362|2363|2364|2365|4129|2290|3600|2291|2292|2293|2294|2295|2296|2418|2419|5180|2672|2201|4241|2310|2311|2312|2313|3283|5197|4143|3284|4256|2338|2339|3294|2340|3295|2341|3025,319|233|326|338|325|324|344,Blvd. de Las Américas/Calle Enrique Bordes Manguel,20.5572267,-100.3968404,4.469736842105263,,0,True,37.08640350877192
3781,32.61666666666667,99.0,T01,33,7,3781|4445|1449|3485|1450|1475|1476|1472|1471|1470|1469|1439|1438|2537|1920|1921|4241|2310|2311|2312|2313|3283|5197|4143|3284|4256|2338|2339|3294|2340|3295|2341|3025,99|91|352|90|325|324|344,Prol. Constituyentes Oriente/ Acceso A Zen House I,20.596001366866,-100.31643316835,13.72857142857143,,0,True,46.345238095238095
3177,32.616666666666674,379.0,T13,26,10,3177|3359|2570|2571|2609|2743|2572|2573|2574|2575|2610|2611|2074|2288|2080|2859|2860|2220|2337|2338|2339|3294|2340|3295|2341|3025,379|361|245|374|255|358|325|351|375|344,Calle Paseo de Las Peñas/Av. de la Piedra,20.63477054,-100.4478394,14.040079365079364,,0,True,46.65674603174604
1290,32.62499999999999,129.0,L101,40,7,1290|1291|4142|1292|1293|1294|1295|1296|1297|1298|1299|1300|1301|1302|1761|1303|1304|1305|1306|1432|1433|1434|3297|4241|2310|2311|2312|2313|3283|5197|4143|3284|4256|2338|2339|3294|2340|3295|2341|3025,129|337|97|90|325|324|344,Camino Al Cerrito/Av. Fray Eulalio Hernández Rivera,20.549909129603,-100.44517297442,6.9583333333333375,,0,True,39.58333333333333
2249,32.633333333333326,373.0,T05,31,8,2249|3016|5079|2636|2668|2669|2294|2295|2296|2418|2419|5180|2672|2201|4241|2310|2311|2312|2313|3283|5197|4143|3284|4256|2338|2339|3294|2340|3295|2341|3025,373|335|337|319|338|325|324|344,Av. Candiles/Puebla,20.55599005,-100.4120146,21.553571428571427,,0,True,54.186904761904756
3065,32.633333333333326,338.0,C48,39,8,3065|3066|3067|3068|3069|3070|3071|3072|3073|3110|2325|2326|3606|2484|3031|3050|3051|3052|3053|3054|3055|3056|3057|3058|3059|3060|3061|2014|2015|1983|1915|2392|2338|2339|3294|2340|3295|2341|3025,338|348|346|321|345|160|324|344,Av. Peñuelas/Calle Virtud,20.62713382,-100.3993382,10.371949404761907,,0,True,43.00528273809523
3178,32.63333333333334,354.0,C68,26,10,3178|3663|2570|2571|2609|2743|2572|2573|2574|2575|2610|2611|2074|2288|2080|2859|2860|2220|2337|2338|2339|3294|2340|3295|2341|3025,354|351|361|245|374|255|358|325|375|344,Av. de la Piedra/Calle de la Escarcha,20.63594701,-100.4484351,20.138253968253967,,0,True,52.7715873015873
3662,32.64999999999999,378.0,T10,37,8,3662|2440|2441|5106|3344|2442|2471|3596|1473|1474|1476|1472|1471|1470|1469|1439|1438|2537|1920|1921|4241|2310|2311|2312|2313|3283|5197|4143|3284|4256|2338|2339|3294|2340|3295|2341|3025,378|134|396|352|90|325|324|344,Plaza Comunitartia Inea Criq,20.57565905,-100.368033,18.27857142857143,,0,True,50.928571428571416
3321,32.66666666666668,332.0,C41,25,10,3321|3322|3323|5172|5173|2572|2573|2574|2575|2610|2611|2074|2288|2080|2859|2860|2220|2337|2338|2339|3294|2340|3295|2341|3025,332|327|245|374|255|358|325|351|375|344,Calle Trahumaras/Matlazincas,20.63501575,-100.4682342,18.327551020408162,,0,True,50.99421768707484
2677,32.68333333333332,341.0,C51,35,7,2677|4136|2678|4137|2508|2509|4138|2291|2292|2293|2294|2295|2296|2418|2419|5180|2672|2201|4241|2310|2311|2312|2313|3283|5197|4143|3284|4256|2338|2339|3294|2340|3295|2341|3025,341|322|319|338|325|324|344,Calle Naranjo/Av. Diamante,20.55298469,-100.4015206,17.251659451659453,,0,True,49.93499278499277
2351,32.71666666666666,332.0,C41,32,9,2351|2352|2353|2354|2355|2612|2613|3327|2614|2615|2418|2419|5180|2672|2201|4241|2310|2311|2312|2313|3283|5197|4143|3284|4256|2338|2339|3294|2340|3295|2341|3025,332|341|337|234|319|338|325|324|344,Calle 27/Av. 8,20.57146366,-100.3936791,18.327551020408162,,0,True,51.04421768707482
2823,32.71666666666667,363.0,L158,25,8,2823|2824|2825|2844|2803|2804|2805|2806|2807|2808|2809|2810|2288|2080|2859|2860|2220|2337|2338|2339|3294|2340|3295|2341|3025,363|364|255|358|325|351|375|344,Camelinas/Hortencias,20.67599253,-100.4575642,0.0,,0,False,32.71666666666667
3226,32.71666666666667,381.0,L155,24,7,3226|4098|4099|2616|4100|1766|2201|4241|2310|2311|2312|2313|3283|5197|4143|3284|4256|2338|2339|3294|2340|3295|2341|3025,381|356|336|338|325|324|344,Carr. Al Campo Militar/Kellogg'S México,20.594907325291,-100.42055160859,7.71547619047619,,0,True,40.43214285714286
5163,32.724999999999994,98.0,C23,37,10,5163|3300|1328|1329|1330|1399|2190|3301|1300|1301|1302|1761|1303|1304|1305|1306|1432|1433|1434|3297|4241|2310|2311|2312|2313|3283|5197|4143|3284|4256|2338|2339|3294|2340|3295|2341|3025,98|94|92|128|255|90|97|325|324|344,P/0051 Prol. Jazmín/Calle Laureles,20.526804838937,-100.45252199091,10.844812925170071,,0,True,43.56981292517007
2406,32.76666666666666,134.0,C26,39,8,2406|2407|2460|2461|2462|2463|2518|2519|3578|2216|2217|2218|2219|2032|2023|2024|2856|1439|1438|2537|1920|1921|4241|2310|2311|2312|2313|3283|5197|4143|3284|4256|2338|2339|3294|2340|3295|2341|3025,134|98|376|386|90|325|324|344,Av. Cimatario/De Santa Teresita,20.576417789193,-100.37373948178,7.951547619047619,,0,True,40.718214285714275
1448,32.766666666666666,91.0,L52,32,7,1448|1449|3485|1450|1475|1476|1472|1471|1470|1469|1439|1438|2537|1920|1921|4241|2310|2311|2312|2313|3283|5197|4143|3284|4256|2338|2339|3294|2340|3295|2341|3025,91|99|352|90|325|324|344,Camino Real de San Pedro,20.60386,-100.325076,14.242857142857142,,0,True,47.009523809523806
5143,32.766666666666666,314.0,C70,25,8,5143|5144|2825|2844|2803|2804|2805|2806|2807|2808|2809|2810|2288|2080|2859|2860|2220|2337|2338|2339|3294|2340|3295|2341|3025,314|364|255|358|325|351|375|344,5 de Mayo/16 de Septiembre,20.679646163341,-100.45082838626,0.0,,0,False,32.766666666666666
2727,32.76666666666667,255.0,T11,25,6,2727|2728|2729|4264|4265|2730|2731|2732|2733|2734|2735|2606|2288|2080|2859|2860|2220|2337|2338|2339|3294|2340|3295|2341|3025,255|358|325|351|375|344,Av. Constitución/Blvd. Villas del Meson,20.70648168,-100.4379564,13.954024943310655,,0,True,46.72069160997733
2928,32.76666666666667,377.0,T09,34,9,2928|2929|2930|2247|2931|2932|3279|3434|3435|3418|3419|3420|3421|3422|2578|2579|2920|2921|2922|2923|2924|2984|2858|2859|2860|2220|2337|2338|2339|3294|2340|3295|2341|3025,377|350|340|342|354|325|351|375|344,Av. Felipe Carrillo Puerto/Acceso Iii,20.61741657,-100.4306264,23.949319727891154,,0,True,56.71598639455783
2408,32.800000000000004,322.0,C29,39,10,2408|2491|2492|2493|4130|2490|2448|2449|2404|2405|2020|2021|2450|2451|1471|1470|1469|1439|1438|2537|1920|1921|4241|2310|2311|2312|2313|3283|5197|4143|3284|4256|2338|2339|3294|2340|3295|2341|3025,322|333|376|98|134|325|352|90|324|344,Plaza San Juan de Letran/Plaza San Joaquín,20.570230109939,-100.37632335488,13.388293650793653,,0,True,46.18829365079365
2253,32.81666666666666,336.0,C46,37,9,2253|2254|4115|4116|2506|2507|2508|2509|4138|2291|2292|2293|2294|2295|2296|2418|2419|5180|2672|2201|4241|2310|2311|2312|2313|3283|5197|4143|3284|4256|2338|2339|3294|2340|3295|2341|3025,336|373|337|322|319|338|325|324|344,Fernando Díaz Ramírez/José Ugalde Rodríguez,20.54303761,-100.4039776,12.644407008086255,,0,True,45.46107367475292
3602,32.849999999999994,326.0,C35,36,6,3602|2564|5102|2565|2365|4129|2290|3600|2291|2292|2293|2294|2295|2296|2418|2419|5180|2672|2201|4241|2310|2311|2312|2313|3283|5197|4143|3284|4256|2338|2339|3294|2340|3295|2341|3025,326|319|338|325|324|344,Prol. Calle 27/República Mexicana,20.5583474,-100.3887725,10.968287740628165,,0,True,43.81828774062816
3655,32.85833333333332,97.0,C22,41,5,3655|1350|1351|4142|1292|1293|1294|1295|1296|1297|1298|1299|1300|1301|1302|1761|1303|1304|1305|1306|1432|1433|1434|3297|4241|2310|2311|2312|2313|3283|5197|4143|3284|4256|2338|2339|3294|2340|3295|2341|3025,97|90|325|324|344,Vicente Guerrero/Salvador Sánchez Bárcenas,20.55170117304,-100.43760395734,14.923809523809528,,0,True,47.782142857142844
2427,32.86666666666666,320.0,C25,16,5,2427|2428|2429|1950|1951|1952|3281|1915|2392|2338|2339|3294|2340|3295|2341|3025,320|319|160|324|344,Av. Concord/Naranjo,20.63033497988,-100.35171777456,15.007142857142858,,0,True,47.87380952380952
3152,32.86666666666667,342.0,C52,27,10,3152|3386|3387|3389|3160|3161|3162|3163|4045|3164|3165|2610|2611|2074|2288|2080|2859|2860|2220|2337|2338|2339|3294|2340|3295|2341|3025,342|323|245|374|255|358|325|351|375|344,Av. Plan de San Luis/Calle Solidaridad,20.6540296,-100.4622875,9.03374741200828,,0,True,41.90041407867495
3811,32.86666666666667,352.0,C64,33,5,3811|3812|4404|3813|5104|1475|1476|1472|1471|1470|1469|1439|1438|2537|1920|1921|4241|2310|2311|2312|2313|3283|5197|4143|3284|4256|2338|2339|3294|2340|3295|2341|3025,352|90|325|324|344,Carr. Federal No. 57/Anillo Vial Ii,20.570834926139,-100.31308176592,7.351785714285714,,0,True,40.21845238095238
1397,32.87499999999999,93.0,L54,36,9,1397|1359|1327|1398|1399|2190|3301|1300|1301|1302|1761|1303|1304|1305|1306|1432|1433|1434|3297|4241|2310|2311|2312|2313|3283|5197|4143|3284|4256|2338|2339|3294|2340|3295|2341|3025,93|92|128|255|90|97|325|324|344,Independencia/Benito Juárez,20.523222213951,-100.45252043468,26.501190476190484,,0,True,59.37619047619047
2347,32.88333333333333,326.0,C35,32,8,2347|2348|2349|2559|2560|2561|2562|2563|2614|2615|2418|2419|5180|2672|2201|4241|2310|2311|2312|2313|3283|5197|4143|3284|4256|2338|2339|3294|2340|3295|2341|3025,326|337|234|319|338|325|324|344,Av. 6/Calle 11,20.573445,-100.389747,10.968287740628165,,0,True,43.851621073961496
1947,32.9,319.0,C24,17,5,1947|2194|1948|1949|1950|1951|1952|3281|1915|2392|2338|2339|3294|2340|3295|2341|3025,319|112|160|324|344,Anillo Vial Fray Junípero Serra/Villar del Águila,20.646568933455,-100.34422333764,4.469736842105263,,0,True,37.36973684210526
5067,32.916666666666664,335.0,C44,46,11,5067|5068|5069|2297|2298|2510|2511|2512|2513|2514|2515|2516|3686|2517|2214|2215|2216|2217|2218|2219|2032|2023|2024|2856|1439|1438|2537|1920|1921|4241|2310|2311|2312|2313|3283|5197|4143|3284|4256|2338|2339|3294|2340|3295|2341|3025,335|322|341|321|376|386|98|90|325|324|344,Antonio Carranza/Armando Ostos,20.558885171237,-100.40144711081,0.0,,0,True,32.916666666666664
4178,32.91666666666667,283.0,C67,28,12,4178|4179|4180|4181|3389|3160|3161|3162|3163|4045|3164|3165|2610|2611|2074|2288|2080|2859|2860|2220|2337|2338|2339|3294|2340|3295|2341|3025,283|367|342|323|245|374|255|358|325|351|375|344,Blvd. California/Av. Jalisco,20.647489207562,-100.45527264161,26.925661375661374,,0,True,59.84232804232805
2505,32.91666666666667,337.0,C47,38,7,2505|4114|2257|2258|2259|2260|2261|2262|2263|3023|2264|4393|2199|1762|1763|2200|4430|1764|1765|1766|2201|4241|2310|2311|2312|2313|3283|5197|4143|3284|4256|2338|2339|3294|2340|3295|2341|3025,337|373|336|338|325|324|344,Av. Camino Real/Villa Tulipanes,20.544273,-100.399042,11.736904761904764,,0,True,44.65357142857144
2822,32.91666666666667,363.0,L158,26,8,2822|2823|2824|2825|2844|2803|2804|2805|2806|2807|2808|2809|2810|2288|2080|2859|2860|2220|2337|2338|2339|3294|2340|3295|2341|3025,363|364|255|358|325|351|375|344,Calle Lirios/Camelinas,20.67549917,-100.4580507,0.0,,0,False,32.91666666666667
2736,32.93333333333334,128.0,L100,28,9,2736|2737|2738|2739|2740|2741|2952|2742|2572|2573|2574|2575|2610|2611|2074|2288|2080|2859|2860|2220|2337|2338|2339|3294|2340|3295|2341|3025,128|245|374|255|358|325|351|375|344,Av. de la Luz/Colegio Wexford Campus la Joya,20.62218037,-100.4941635,25.417559523809526,,0,True,58.35089285714287
4140,32.93333333333334,362.0,L157,29,8,4140|3130|3927|4133|2913|2914|2915|2916|2917|2918|2919|2920|2921|2922|2923|2924|2984|2858|2859|2860|2220|2337|2338|2339|3294|2340|3295|2341|3025,362|341|377|354|325|351|375|344,Ingenio San Cristóbal/Ingenio Lázaro Cárdenas,20.62071402,-100.4687192,0.0,,0,False,32.93333333333334
4433,32.949999999999996,325.0,C34,40,5,4433|5098|2384|2387|2372|5093|2373|3535|1968|1969|2176|2177|2178|2042|2043|2044|1973|1974|4435|1979|1980|1977|1976|5157|5158|5159|5160|3061|2014|2015|1983|1915|2392|2338|2339|3294|2340|3295|2341|3025,325|326|160|324|344,Anillo Vial Fray Junípero Serra/Paseo del Cultivo,20.659370693643,-100.36074982589,10.070466058763932,,0,True,43.02046605876393
2041,32.949999999999996,160.0,L59,44,5,2041|2179|2180|2181|3534|2367|5092|2368|2372|5093|2373|3535|1968|1969|2176|2177|2178|2042|2043|2044|1973|1974|4435|1979|1980|1977|1976|5157|5158|5159|5160|3061|2014|2015|1983|1915|2392|2338|2339|3294|2340|3295|2341|3025,160|324|325|326|344,Buenos Aires/Epigmenio González,20.64450454701,-100.38477782504,14.03738095238095,,0,True,46.987380952380946
2986,32.95000000000001,350.0,C62,27,11,2986|2987|2988|2989|2741|2952|2742|2572|2573|2574|2575|2610|2611|2074|2288|2080|2859|2860|2220|2337|2338|2339|3294|2340|3295|2341|3025,350|379|128|245|374|255|358|325|351|375|344,Sierra Morena/Av. Sierra Nevada,20.62548741,-100.4772458,15.95847338935574,,0,True,48.90847338935575
2607,32.96666666666667,361.0,L156,26,9,2607|2608|2570|2571|2609|2743|2572|2573|2574|2575|2610|2611|2074|2288|2080|2859|2860|2220|2337|2338|2339|3294|2340|3295|2341|3025,361|245|374|255|358|325|351|375|344,Vesubio,20.63977606,-100.444544,28.730158730158728,,0,True,61.696825396825396
2625,32.99999999999999,396.0,T16,35,9,2625|3577|5107|2519|3578|2216|2217|2218|2219|2032|2023|2024|2856|1439|1438|2537|1920|1921|4241|2310|2311|2312|2313|3283|5197|4143|3284|4256|2338|2339|3294|2340|3295|2341|3025,396|322|376|386|98|90|325|324|344,Cumbres del Cimatario,20.54627691,-100.3500702,12.226587301587305,,0,True,45.2265873015873
1325,33.008333333333326,98.0,C23,36,10,1325|1359|1327|1398|1399|2190|3301|1300|1301|1302|1761|1303|1304|1305|1306|1432|1433|1434|3297|4241|2310|2311|2312|2313|3283|5197|4143|3284|4256|2338|2339|3294|2340|3295|2341|3025,98|93|92|128|255|90|97|325|324|344,Prol. Jazmín/Dalia,20.522153196673,-100.44990956993,10.844812925170071,,0,True,43.8531462585034
2671,33.00833333333333,337.0,C47,41,8,2671|2036|2971|2972|2037|2245|2038|2039|2246|2017|2018|2019|2020|2021|2450|2451|1471|1470|1469|1439|1438|2537|1920|1921|4241|2310|2311|2312|2313|3283|5197|4143|3284|4256|2338|2339|3294|2340|3295|2341|3025,337|382|408|325|352|90|324|344,Av. Luis Vega Monrroy/Prol. Corregidora Sur,20.57550716,-100.384206,11.736904761904764,,0,True,44.74523809523809
2473,33.01666666666666,321.0,C27,40,9,2473|2474|5078|2475|2476|2477|2212|2213|2214|2215|2216|2217|2218|2219|2032|2023|2024|2856|1439|1438|2537|1920|1921|4241|2310|2311|2312|2313|3283|5197|4143|3284|4256|2338|2339|3294|2340|3295|2341|3025,321|341|376|386|98|90|325|324|344,Caoba/Rinconada de San Miguel,20.55792432509,-100.3714700284,7.660822510822512,,0,True,40.67748917748917
2843,33.016666666666666,364.0,L159,26,8,2843|2823|2824|2825|2844|2803|2804|2805|2806|2807|2808|2809|2810|2288|2080|2859|2860|2220|2337|2338|2339|3294|2340|3295|2341|3025,364|363|255|358|325|351|375|344,Lirios/Tulipán,20.67589899,-100.4585209,24.902380952380952,,0,True,57.91904761904762
1988,33.05,326.0,C35,44,5,1988|1987|1986|1985|1984|2367|5092|2368|2372|5093|2373|3535|1968|1969|2176|2177|2178|2042|2043|2044|1973|1974|4435|1979|1980|1977|1976|5157|5158|5159|5160|3061|2014|2015|1983|1915|2392|2338|2339|3294|2340|3295|2341|3025,326|325|324|160|344,Calz. de Belén/Av. Paseo de Las Moras,20.646088410675,-100.37609674684,10.968287740628165,,0,True,44.01828774062816
2350,33.06666666666666,332.0,C41,33,9,2350|2351|2352|2353|2354|2355|2612|2613|3327|2614|2615|2418|2419|5180|2672|2201|4241|2310|2311|2312|2313|3283|5197|4143|3284|4256|2338|2339|3294|2340|3295|2341|3025,332|341|337|234|319|338|325|324|344,Calle 27/Av. 6,20.572229,-100.393939,18.327551020408162,,0,True,51.39421768707483
3173,33.06666666666667,378.0,T10,22,12,3173|2566|2567|3174|3175|2568|2569|2611|2074|2288|2080|2859|2860|2220|2337|2338|2339|3294|2340|3295|2341|3025,378|354|379|315|245|374|255|358|325|351|375|344,Av. Revolución/Prol. Bernardo Quintana,20.618987,-100.437926,18.27857142857143,,0,True,51.3452380952381
4155,33.083333333333336,373.0,T05,26,9,4155|4156|2160|1903|5120|1904|1890|1891|3640|1894|1905|2082|1884|2204|3280|4447|3281|1915|2392|2338|2339|3294|2340|3295|2341|3025,373|369|370|347|379|319|160|324|344,Av. del Ferrocarril/Ricardo Avendaño,20.609314347588,-100.33413054908,21.553571428571427,,0,True,54.63690476190476
2857,33.11666666666666,338.0,C48,40,8,2857|3065|3066|3067|3068|3069|3070|3071|3072|3073|3110|2325|2326|3606|2484|3031|3050|3051|3052|3053|3054|3055|3056|3057|3058|3059|3060|3061|2014|2015|1983|1915|2392|2338|2339|3294|2340|3295|2341|3025,338|348|346|321|345|160|324|344,Av. Paseo de la Constitución/Av. Peñuelas,20.625477265073,-100.39948549474,10.371949404761907,,0,True,43.48861607142857
5211,33.116666666666674,373.0,T05,40,7,5211|2255|2639|2640|2641|2258|2259|2260|2261|2262|2263|3023|2264|4393|2199|1762|1763|2200|4430|1764|1765|1766|2201|4241|2310|2311|2312|2313|3283|5197|4143|3284|4256|2338|2339|3294|2340|3295|2341|3025,373|233|336|338|325|324|344,Calle Cedro Oriente/Calle Manzano,20.534933478684,-100.40484081891,21.553571428571427,,0,True,54.670238095238105
3878,33.166666666666664,358.0,L118,28,6,3878|3879|3880|3881|3882|2698|2699|4437|2730|2731|2732|2733|2734|2735|2606|2288|2080|2859|2860|2220|2337|2338|2339|3294|2340|3295|2341|3025,358|255|325|351|375|344,Calle 5 de Febrero/Fray Juan de Zumarraga,20.66856943,-100.4234093,14.601785714285713,,0,True,47.768452380952375
1335,33.16666666666667,97.0,C22,32,7,1335|1336|1337|1338|1339|1340|1341|1762|1763|2200|4430|1764|1765|1766|2201|4241|2310|2311|2312|2313|3283|5197|4143|3284|4256|2338|2339|3294|2340|3295|2341|3025,97|98|336|338|325|324|344,Calle Norberto Aguirre/Vicente Guerrero,20.553941490065,-100.4378798105,14.923809523809528,,0,True,48.090476190476195
4152,33.18333333333333,336.0,C46,35,8,4152|2251|3679|2627|2508|2509|4138|2291|2292|2293|2294|2295|2296|2418|2419|5180|2672|2201|4241|2310|2311|2312|2313|3283|5197|4143|3284|4256|2338|2339|3294|2340|3295|2341|3025,336|334|322|319|338|325|324|344,Av. Candiles/Calle Fortín,20.5496133,-100.4086076,12.644407008086255,,0,True,45.827740341419585
3705,33.2,283.0,C67,27,10,3705|3706|3707|3708|3709|2609|2743|2572|2573|2574|2575|2610|2611|2074|2288|2080|2859|2860|2220|2337|2338|2339|3294|2340|3295|2341|3025,283|245|361|374|255|358|325|351|375|344,Pl. del Márquez/Calle Mayas,20.62557951,-100.4578997,26.925661375661374,,0,True,60.12566137566138
3336,33.2,374.0,T06,29,11,3336|2895|2896|3337|2268|2269|4247|4248|4249|4250|3483|3164|3165|2610|2611|2074|2288|2080|2859|2860|2220|2337|2338|2339|3294|2340|3295|2341|3025,374|354|342|323|245|255|358|325|351|375|344,Av. Pirineos/Acceso Iii,20.643061537524,-100.44372911953,20.628968253968253,,0,True,53.828968253968256
3347,33.216666666666676,351.0,C63,27,9,3347|2904|2905|2906|2907|2908|2742|2572|2573|2574|2575|2610|2611|2074|2288|2080|2859|2860|2220|2337|2338|2339|3294|2340|3295|2341|3025,351|349|245|374|255|358|325|375|344,Prol. Bernardo Quintana/Monte Horeb,20.6419495,-100.4751819,13.587362637362636,,0,True,46.804029304029314
4358,33.22499999999999,129.0,L101,55,6,4358|1311|5209|1312|1313|1424|1352|1372|1441|1373|1442|1443|1374|1375|1444|1362|1363|1364|1445|1365|1446|1366|1447|1367|1431|4111|1300|1301|1302|1761|1303|1304|1305|1306|1432|1433|1434|3297|4241|2310|2311|2312|2313|3283|5197|4143|3284|4256|2338|2339|3294|2340|3295|2341|3025,129|90|97|325|324|344,Av. Don Bosco/Plaza Don Bosco,20.549269490284,-100.42948828581,6.9583333333333375,,0,True,40.18333333333332
3311,33.233333333333334,323.0,C31,29,10,3311|3312|3404|2279|2280|2281|2282|2283|2284|2285|3339|2286|2897|2287|3340|2074|2288|2080|2859|2860|2220|2337|2338|2339|3294|2340|3295|2341|3025,323|354|316|374|255|358|325|351|375|344,San Daniel/San Ariel,20.65469906,-100.4706538,9.342592592592592,,0,True,42.57592592592593
3441,33.233333333333334,340.0,C50,27,10,3441|3442|3443|3444|3445|3446|3447|2572|2573|2574|2575|2610|2611|2074|2288|2080|2859|2860|2220|2337|2338|2339|3294|2340|3295|2341|3025,340|349|245|374|255|358|325|351|375|344,Calle Marsella/Bernardino de Siena,20.62594805,-100.4516217,21.20068027210884,,0,True,54.434013605442175
2801,33.28333333333333,363.0,L158,23,8,2801|2802|2803|2804|2805|2806|2807|2808|2809|2810|2288|2080|2859|2860|2220|2337|2338|2339|3294|2340|3295|2341|3025,363|364|255|358|325|351|375|344,Calle Lirios/Noche Buena,20.67409025,-100.456618,0.0,,0,False,33.28333333333333
3320,33.283333333333346,332.0,C41,26,10,3320|3321|3322|3323|5172|5173|2572|2573|2574|2575|2610|2611|2074|2288|2080|2859|2860|2220|2337|2338|2339|3294|2340|3295|2341|3025,332|327|245|374|255|358|325|351|375|344,Calle Tarahumaras/Prol. Bernardo Quintana,20.63483811,-100.4697579,18.327551020408162,,0,True,51.61088435374151
2359,33.33333333333333,319.0,C24,38,7,2359|2360|2361|2362|2363|2364|2365|4129|2290|3600|2291|2292|2293|2294|2295|2296|2418|2419|5180|2672|2201|4241|2310|2311|2312|2313|3283|5197|4143|3284|4256|2338|2339|3294|2340|3295|2341|3025,319|233|326|338|325|324|344,Blvd. de Las Américas/Calle Antonio Carranza,20.55910188,-100.3977929,4.469736842105263,,0,True,37.80307017543859
3238,33.349999999999994,331.0,C40,36,8,3238|2362|2363|2364|2365|4129|2290|3600|2291|2292|2293|2294|2295|2296|2418|2419|5180|2672|2201|4241|2310|2311|2312|2313|3283|5197|4143|3284|4256|2338|2339|3294|2340|3295|2341|3025,331|233|326|319|338|325|324|344,República Dominicana/Calle Valle Verde,20.555433408062,-100.3915111805,10.213095238095244,,0,True,43.56309523809524
2842,33.36666666666667,364.0,L159,27,8,2842|2843|2823|2824|2825|2844|2803|2804|2805|2806|2807|2808|2809|2810|2288|2080|2859|2860|2220|2337|2338|2339|3294|2340|3295|2341|3025,364|363|255|358|325|351|375|344,Lirios/Azares,20.67679102,-100.4591147,24.902380952380952,,0,True,58.26904761904762
3155,33.36666666666667,378.0,T10,28,11,3155|3156|3157|3158|3159|3160|3161|3162|3163|4045|3164|3165|2610|2611|2074|2288|2080|2859|2860|2220|2337|2338|2339|3294|2340|3295|2341|3025,378|342|323|245|374|255|358|325|351|375|344,Av. Plan de San Luis,20.65867585,-100.4586984,18.27857142857143,,0,True,51.6452380952381
2776,33.383333333333326,368.0,L61,44,7,2776|2777|2539|5101|2540|5184|3601|2541|2542|2543|2544|2545|2546|2303|2304|2305|2306|2307|2308|2028|2029|2030|2031|2309|1919|1920|1921|4241|2310|2311|2312|2313|3283|5197|4143|3284|4256|2338|2339|3294|2340|3295|2341|3025,368|326|319|134|325|324|344,Prol. Calle 27/Calle Nogal,20.547376,-100.385258,0.0,,0,False,33.383333333333326
2466,33.38333333333333,134.0,C26,37,7,2466|3661|2467|5195|2468|2470|2471|3596|1473|1474|1476|1472|1471|1470|1469|1439|1438|2537|1920|1921|4241|2310|2311|2312|2313|3283|5197|4143|3284|4256|2338|2339|3294|2340|3295|2341|3025,134|396|352|90|325|324|344,Fray Luis de Leon/Plaza Centro Sur,20.568196655559,-100.36692240669,7.951547619047619,,0,True,41.33488095238095
3227,33.39999999999999,331.0,C40,27,7,3227|3228|3229|3230|3231|3232|3233|3234|3235|3236|2602|4253|3237|3222|3538|3283|5197|4143|3284|4256|2338|2339|3294|2340|3295|2341|3025,331|353|345|323|348|324|344,Calle Santo Domingo/Calle Real,20.59502545,-100.4277827,10.213095238095244,,0,True,43.613095238095234
2498,33.400000000000006,341.0,C51,33,8,2498|2499|2500|2501|2502|2355|2612|2613|3327|2614|2615|2418|2419|5180|2672|2201|4241|2310|2311|2312|2313|3283|5197|4143|3284|4256|2338|2339|3294|2340|3295|2341|3025,341|337|234|319|338|325|324|344,Calle 24/Av. Luis Pasteur Sur,20.56708286,-100.3834981,17.251659451659453,,0,True,50.651659451659455
2252,33.416666666666664,336.0,C46,38,9,2252|2253|2254|4115|4116|2506|2507|2508|2509|4138|2291|2292|2293|2294|2295|2296|2418|2419|5180|2672|2201|4241|2310|2311|2312|2313|3283|5197|4143|3284|4256|2338|2339|3294|2340|3295|2341|3025,336|373|337|322|319|338|325|324|344,José Guadalupe Velázquez/Lucio Olvera,20.54477027,-100.4032676,12.644407008086255,,0,True,46.06107367475292
2791,33.41666666666667,257.0,C66,24,7,2791|3333|4264|4265|2730|2731|2732|2733|2734|2735|2606|2288|2080|2859|2860|2220|2337|2338|2339|3294|2340|3295|2341|3025,257|255|358|325|351|375|344,Antigüo Camino Real A Jurica/Parque Portones,20.686975023893,-100.4523432491,0.0,,0,False,33.41666666666667
2667,33.45,233.0,L113,40,6,2667|2255|2639|2640|2641|2258|2259|2260|2261|2262|2263|3023|2264|4393|2199|1762|1763|2200|4430|1764|1765|1766|2201|4241|2310|2311|2312|2313|3283|5197|4143|3284|4256|2338|2339|3294|2340|3295|2341|3025,233|336|338|325|324|344,Calle Cedro/Calle Sauce,20.53479311,-100.4075482,12.858333333333336,,0,True,46.30833333333334
3862,33.46666666666667,99.0,T01,34,7,3862|3781|4445|1449|3485|1450|1475|1476|1472|1471|1470|1469|1439|1438|2537|1920|1921|4241|2310|2311|2312|2313|3283|5197|4143|3284|4256|2338|2339|3294|2340|3295|2341|3025,99|91|352|90|325|324|344,Prol. Constituyentes Oriente/Cumbres del Marqués,20.59688231245,-100.31291569973,13.72857142857143,,0,True,47.195238095238096
3176,33.466666666666676,379.0,T13,27,10,3176|3177|3359|2570|2571|2609|2743|2572|2573|2574|2575|2610|2611|2074|2288|2080|2859|2860|2220|2337|2338|2339|3294|2340|3295|2341|3025,379|361|245|374|255|358|325|351|375|344,Calle Paseo de Las Peñas/Av. de la Cascada,20.63564372,-100.4453672,14.040079365079364,,0,True,47.50674603174604
3019,33.474999999999994,408.0,C73,35,6,3019|4274|4275|5119|5205|4111|1300|1301|1302|1761|1303|1304|1305|1306|1432|1433|1434|3297|4241|2310|2311|2312|2313|3283|5197|4143|3284|4256|2338|2339|3294|2340|3295|2341|3025,408|90|97|325|324|344,Libramiento Surponiente/Calle Camino Real,20.532190028627,-100.40292934322,30.109920634920638,,0,True,63.584920634920636
2765,33.5,356.0,L108,26,6,2765|4096|4097|4098|4099|2616|4100|1766|2201|4241|2310|2311|2312|2313|3283|5197|4143|3284|4256|2338|2339|3294|2340|3295|2341|3025,356|336|338|325|324|344,Carr. Tlacote/Santa Elena,20.5898525,-100.4324809,7.281428571428572,,0,True,40.78142857142857
2346,33.5,326.0,C35,33,8,2346|2347|2348|2349|2559|2560|2561|2562|2563|2614|2615|2418|2419|5180|2672|2201|4241|2310|2311|2312|2313|3283|5197|4143|3284|4256|2338|2339|3294|2340|3295|2341|3025,326|337|234|319|338|325|324|344,Av. 6/Calle 3,20.573939,-100.387718,10.968287740628165,,0,True,44.46828774062816
2927,33.50000000000001,377.0,T09,35,9,2927|2928|2929|2930|2247|2931|2932|3279|3434|3435|3418|3419|3420|3421|3422|2578|2579|2920|2921|2922|2923|2924|2984|2858|2859|2860|2220|2337|2338|2339|3294|2340|3295|2341|3025,377|350|340|342|354|325|351|375|344,Calle Coahuila/Acceso Iii,20.61768669,-100.4285547,23.949319727891154,,0,True,57.449319727891165
3220,33.50000000000001,355.0,C69,24,7,3220|3221|4264|4265|2730|2731|2732|2733|2734|2735|2606|2288|2080|2859|2860|2220|2337|2338|2339|3294|2340|3295|2341|3025,355|255|358|325|351|375|344,Av. de Las Ciencias/Uaq Facultad de Ciencias Naturales,20.70232106,-100.441753,0.1952380952380953,,0,True,33.6952380952381
3171,33.516666666666666,378.0,T10,33,7,3171|4086|2471|3596|1473|1474|1476|1472|1471|1470|1469|1439|1438|2537|1920|1921|4241|2310|2311|2312|2313|3283|5197|4143|3284|4256|2338|2339|3294|2340|3295|2341|3025,378|396|352|90|325|324|344,Bernardo Quintana/Ccq,20.55786290784,-100.35965036007,18.27857142857143,,0,True,51.79523809523809
5142,33.516666666666666,314.0,C70,26,8,5142|5143|5144|2825|2844|2803|2804|2805|2806|2807|2808|2809|2810|2288|2080|2859|2860|2220|2337|2338|2339|3294|2340|3295|2341|3025,314|364|255|358|325|351|375|344,Camelinas/5 de Mayo,20.677661344672,-100.45023024813,0.0,,0,False,33.516666666666666
2040,33.516666666666666,160.0,L59,45,5,2040|2041|2179|2180|2181|3534|2367|5092|2368|2372|5093|2373|3535|1968|1969|2176|2177|2178|2042|2043|2044|1973|1974|4435|1979|1980|1977|1976|5157|5158|5159|5160|3061|2014|2015|1983|1915|2392|2338|2339|3294|2340|3295|2341|3025,160|324|325|326|344,Buenos Aires/Calle 9,20.644413151335,-100.38714417008,14.03738095238095,,0,True,47.554047619047616
3356,33.516666666666666,379.0,T13,20,10,3356|3357|3358|2568|2569|2611|2074|2288|2080|2859|2860|2220|2337|2338|2339|3294|2340|3295|2341|3025,379|315|245|374|255|358|325|351|375|344,Acceso Iii/Michelin Mrx,20.624433333333,-100.4319006,14.040079365079364,,0,True,47.55674603174603
4399,33.53333333333334,335.0,C44,33,9,4399|3859|3860|3493|5149|3494|2317|3292|2318|3293|2319|2320|2321|2221|2222|2223|2224|2861|2862|2886|2887|2888|2889|3362|3363|4256|2338|2339|3294|2340|3295|2341|3025,335|342|345|375|96|371|336|350|344,Calle Camino Real/Benito Juárez,20.612950694555,-100.4145966838,0.0,,0,True,33.53333333333334
1324,33.55833333333332,98.0,C23,37,10,1324|1325|1359|1327|1398|1399|2190|3301|1300|1301|1302|1761|1303|1304|1305|1306|1432|1433|1434|3297|4241|2310|2311|2312|2313|3283|5197|4143|3284|4256|2338|2339|3294|2340|3295|2341|3025,98|93|92|128|255|90|97|325|324|344,Calle Camelinas/Prol. Jazmín,20.5208417,-100.44972222222,10.844812925170071,,0,True,44.4031462585034
2638,33.599999999999994,335.0,C44,47,11,2638|5067|5068|5069|2297|2298|2510|2511|2512|2513|2514|2515|2516|3686|2517|2214|2215|2216|2217|2218|2219|2032|2023|2024|2856|1439|1438|2537|1920|1921|4241|2310|2311|2312|2313|3283|5197|4143|3284|4256|2338|2339|3294|2340|3295|2341|3025,335|322|341|321|376|386|98|90|325|324|344,Av. Chabacano/Manuel González Rubio,20.55800134,-100.4027407,0.0,,0,True,33.599999999999994
2192,33.599999999999994,112.0,L103,16,5,2192|1948|1949|1950|1951|1952|3281|1915|2392|2338|2339|3294|2340|3295|2341|3025,112|319|160|324|344,Calle Puma/Av. Marmota,20.646647905804,-100.33734950081,10.133333333333338,,0,True,43.733333333333334
3368,33.6,365.0,L160,24,10,3368|3557|5172|5173|2572|2573|2574|2575|2610|2611|2074|2288|2080|2859|2860|2220|2337|2338|2339|3294|2340|3295|2341|3025,365|327|245|374|255|358|325|351|375|344,Monte Caseros/Monte Parnaso,20.64203582,-100.4704172,0.0,,0,False,33.6
4442,33.6,374.0,T06,28,8,4442|2278|2279|2280|2281|2282|2283|2284|2285|3339|2286|2897|2287|3340|2074|2288|2080|2859|2860|2220|2337|2338|2339|3294|2340|3295|2341|3025,374|316|255|358|325|351|375|344,Paseo Querétaro/Privada del Parque,20.663040595252,-100.47986356918,20.628968253968253,,0,True,54.228968253968254
3810,33.61666666666667,352.0,C64,34,5,3810|3811|3812|4404|3813|5104|1475|1476|1472|1471|1470|1469|1439|1438|2537|1920|1921|4241|2310|2311|2312|2313|3283|5197|4143|3284|4256|2338|2339|3294|2340|3295|2341|3025,352|90|325|324|344,Carr. Federal No. 57/Innovatelia,20.5700762056,-100.30924285758,7.351785714285714,,0,True,40.96845238095238
2595,33.633333333333326,368.0,L61,37,7,2595|3602|2564|5102|2565|2365|4129|2290|3600|2291|2292|2293|2294|2295|2296|2418|2419|5180|2672|2201|4241|2310|2311|2312|2313|3283|5197|4143|3284|4256|2338|2339|3294|2340|3295|2341|3025,368|326|319|338|325|324|344,Calle 27/Calle 17,20.560044,-100.389347,0.0,,0,False,33.633333333333326
2439,33.633333333333326,134.0,C26,37,7,2439|2440|2441|5106|3344|2442|2471|3596|1473|1474|1476|1472|1471|1470|1469|1439|1438|2537|1920|1921|4241|2310|2311|2312|2313|3283|5197|4143|3284|4256|2338|2339|3294|2340|3295|2341|3025,134|396|352|90|325|324|344,Cerro Blanco/Estadio,20.575824359565,-100.36362892515,7.951547619047619,,0,True,41.58488095238094
3348,33.63333333333333,349.0,C61,26,9,3348|4436|3369|3370|2908|2742|2572|2573|2574|2575|2610|2611|2074|2288|2080|2859|2860|2220|2337|2338|2339|3294|2340|3295|2341|3025,349|245|374|255|358|325|351|375|344,Prol. Bernardo Quintana/Monte Horeb,20.64185865,-100.4745003,18.17098214285714,,0,True,51.804315476190474
2472,33.64999999999999,321.0,C27,41,9,2472|2473|2474|5078|2475|2476|2477|2212|2213|2214|2215|2216|2217|2218|2219|2032|2023|2024|2856|1439|1438|2537|1920|1921|4241|2310|2311|2312|2313|3283|5197|4143|3284|4256|2338|2339|3294|2340|3295|2341|3025,321|341|376|386|98|90|325|324|344,Cobá/Blvd de Los Gobernadores,20.556716027307,-100.37029715578,7.660822510822512,,0,True,41.310822510822504
3313,33.65,340.0,C50,29,10,3313|3403|3404|2279|2280|2281|2282|2283|2284|2285|3339|2286|2897|2287|3340|2074|2288|2080|2859|2860|2220|2337|2338|2339|3294|2340|3295|2341|3025,340|354|316|374|255|358|325|351|375|344,Av. San Gabriel/Calle San Samael,20.66004654,-100.4737905,21.20068027210884,,0,True,54.85068027210884
2821,33.650000000000006,363.0,L158,27,8,2821|2822|2823|2824|2825|2844|2803|2804|2805|2806|2807|2808|2809|2810|2288|2080|2859|2860|2220|2337|2338|2339|3294|2340|3295|2341|3025,363|364|255|358|325|351|375|344,Calle Lirios/Noche Buena,20.6737954,-100.4560065,0.0,,0,False,33.650000000000006
3381,33.650000000000006,349.0,C61,27,9,3381|2904|2905|2906|2907|2908|2742|2572|2573|2574|2575|2610|2611|2074|2288|2080|2859|2860|2220|2337|2338|2339|3294|2340|3295|2341|3025,349|351|245|374|255|358|325|375|344,Tzeltales/Monte Parnaso,20.64163615,-100.4704213,18.17098214285714,,0,True,51.82098214285715
2985,33.65000000000001,350.0,C62,28,11,2985|2986|2987|2988|2989|2741|2952|2742|2572|2573|2574|2575|2610|2611|2074|2288|2080|2859|2860|2220|2337|2338|2339|3294|2340|3295|2341|3025,350|379|128|245|374|255|358|325|351|375|344,Sierra Morena/Parque Loma Ix,20.62344881,-100.4766139,15.95847338935574,,0,True,49.60847338935575
1414,33.658333333333324,94.0,L55,34,9,1414|1330|1399|2190|3301|1300|1301|1302|1761|1303|1304|1305|1306|1432|1433|1434|3297|4241|2310|2311|2312|2313|3283|5197|4143|3284|4256|2338|2339|3294|2340|3295|2341|3025,94|92|128|255|90|97|325|324|344,Glorieta Av. Moralta,20.525502078775,-100.48103055677,31.653571428571436,,0,True,65.31190476190476
3892,33.66666666666666,341.0,C51,36,7,3892|2677|4136|2678|4137|2508|2509|4138|2291|2292|2293|2294|2295|2296|2418|2419|5180|2672|2201|4241|2310|2311|2312|2313|3283|5197|4143|3284|4256|2338|2339|3294|2340|3295|2341|3025,341|322|319|338|325|324|344,Calle Antonio Acona/Calle Naranjo,20.555485209037,-100.40123589553,17.251659451659453,,0,True,50.91832611832611
3877,33.666666666666664,358.0,L118,29,6,3877|3878|3879|3880|3881|3882|2698|2699|4437|2730|2731|2732|2733|2734|2735|2606|2288|2080|2859|2860|2220|2337|2338|2339|3294|2340|3295|2341|3025,358|255|325|351|375|344,Fray Juan de Zumarraga/Fray Antonia Margil de Jesús,20.66916902,-100.4217052,14.601785714285713,,0,True,48.268452380952375
2855,33.666666666666664,371.0,T03,39,10,2855|2209|5161|2210|2211|2212|2213|2214|2215|2216|2217|2218|2219|2032|2023|2024|2856|1439|1438|2537|1920|1921|4241|2310|2311|2312|2313|3283|5197|4143|3284|4256|2338|2339|3294|2340|3295|2341|3025,371|321|341|376|386|98|90|325|324|344,Ezequiel Montes Sur/Blvd. de Los Gobernadores,20.54717884,-100.3834753,10.360119047619051,,0,True,44.026785714285715
1769,33.67499999999999,129.0,L101,34,9,1769|1770|2413|2414|1772|1773|2197|2198|1308|1309|1304|1305|1306|1432|1433|1434|3297|4241|2310|2311|2312|2313|3283|5197|4143|3284|4256|2338|2339|3294|2340|3295|2341|3025,129|98|336|370|90|97|325|324|344,Prol. Zaragoza/Cedros,20.580781428324,-100.40998775431,6.9583333333333375,,0,True,40.633333333333326
1349,33.68333333333332,97.0,C22,42,5,1349|3655|1350|1351|4142|1292|1293|1294|1295|1296|1297|1298|1299|1300|1301|1302|1761|1303|1304|1305|1306|1432|1433|1434|3297|4241|2310|2311|2312|2313|3283|5197|4143|3284|4256|2338|2339|3294|2340|3295|2341|3025,97|90|325|324|344,Vicente Guerrero/Calle Norberto Aguirre,20.554043394624,-100.43728431416,14.923809523809528,,0,True,48.60714285714285
3685,33.7,342.0,C52,28,10,3685|3152|3386|3387|3389|3160|3161|3162|3163|4045|3164|3165|2610|2611|2074|2288|2080|2859|2860|2220|2337|2338|2339|3294|2340|3295|2341|3025,342|323|245|374|255|358|325|351|375|344,Av. San Rafael/Av. Plan de San Luis,20.65298328,-100.4643332,9.03374741200828,,0,True,42.733747412008285
2386,33.71666666666667,97.0,C22,39,6,2386|4128|2387|2372|5093|2373|3535|1968|1969|2176|2177|2178|2042|2043|2044|1973|1974|4435|1979|1980|1977|1976|5157|5158|5159|5160|3061|2014|2015|1983|1915|2392|2338|2339|3294|2340|3295|2341|3025,97|325|326|160|324|344,Carr. Chichimequillas/Rastro Municipal de Querétaro,20.670969393479,-100.36250008403,14.923809523809528,,0,True,48.64047619047619
3305,33.71666666666667,340.0,C50,29,10,3305|3403|3404|2279|2280|2281|2282|2283|2284|2285|3339|2286|2897|2287|3340|2074|2288|2080|2859|2860|2220|2337|2338|2339|3294|2340|3295|2341|3025,340|354|316|374|255|358|325|351|375|344,Calle San Samael/Av. San Gabriel,20.66019406,-100.4738566,21.20068027210884,,0,True,54.91734693877551
2250,33.73333333333333,336.0,C46,36,8,2250|4152|2251|3679|2627|2508|2509|4138|2291|2292|2293|2294|2295|2296|2418|2419|5180|2672|2201|4241|2310|2311|2312|2313|3283|5197|4143|3284|4256|2338|2339|3294|2340|3295|2341|3025,336|334|322|319|338|325|324|344,Av. Candiles/Av. Chabacano,20.551188,-100.409296,12.644407008086255,,0,True,46.37774034141958
4271,33.783333333333324,338.0,C48,41,8,4271|2857|3065|3066|3067|3068|3069|3070|3071|3072|3073|3110|2325|2326|3606|2484|3031|3050|3051|3052|3053|3054|3055|3056|3057|3058|3059|3060|3061|2014|2015|1983|1915|2392|2338|2339|3294|2340|3295|2341|3025,338|348|346|321|345|160|324|344,Av. Paseo de la Constitución/Manuel Gómez Morín,20.624487770842,-100.39726625436,10.371949404761907,,0,True,44.15528273809523
3476,33.78333333333333,350.0,C62,34,8,3476|3477|3479|3478|5094|3480|3130|3927|4133|2913|2914|2915|2916|2917|2918|2919|2920|2921|2922|2923|2924|2984|2858|2859|2860|2220|2337|2338|2339|3294|2340|3295|2341|3025,350|341|377|354|325|351|375|344,Desarrollo Familiar/Av. Las Rosas,20.61996875,-100.4776776,15.95847338935574,,0,True,49.74180672268907
3310,33.78333333333333,323.0,C31,30,10,3310|3311|3312|3404|2279|2280|2281|2282|2283|2284|2285|3339|2286|2897|2287|3340|2074|2288|2080|2859|2860|2220|2337|2338|2339|3294|2340|3295|2341|3025,323|354|316|374|255|358|325|351|375|344,San Daniel/Jardínes de Las Floresta Ii,20.65544369,-100.4692474,9.342592592592592,,0,True,43.12592592592593
2415,33.8,368.0,L61,34,10,2415|2350|2351|2352|2353|2354|2355|2612|2613|3327|2614|2615|2418|2419|5180|2672|2201|4241|2310|2311|2312|2313|3283|5197|4143|3284|4256|2338|2339|3294|2340|3295|2341|3025,368|332|341|337|234|319|338|325|324|344,Av. 4/Calle 27,20.573871473759,-100.3935112448,0.0,,0,False,33.8
3366,33.81666666666667,327.0,C36,24,9,3366|3367|5172|5173|2572|2573|2574|2575|2610|2611|2074|2288|2080|2859|2860|2220|2337|2338|2339|3294|2340|3295|2341|3025,327|245|374|255|358|325|351|375|344,Monte Atlas/Monte Horeb,20.64461845,-100.4733467,13.399999999999997,,0,True,47.21666666666667
4177,33.81666666666667,283.0,C67,29,12,4177|4178|4179|4180|4181|3389|3160|3161|3162|3163|4045|3164|3165|2610|2611|2074|2288|2080|2859|2860|2220|2337|2338|2339|3294|2340|3295|2341|3025,283|367|342|323|245|374|255|358|325|351|375|344,Calle Antonio Díaz Soto y Gama/Calle Pico de Orizaba,20.645695948584,-100.45607339971,26.925661375661374,,0,True,60.74232804232804
1334,33.85,97.0,C22,33,7,1334|1335|1336|1337|1338|1339|1340|1341|1762|1763|2200|4430|1764|1765|1766|2201|4241|2310|2311|2312|2313|3283|5197|4143|3284|4256|2338|2339|3294|2340|3295|2341|3025,97|98|336|338|325|324|344,16 de Septiembre/Calle Norberto Aguirre,20.553835978848,-100.43992622883,14.923809523809528,,0,True,48.77380952380953
1989,33.88333333333333,326.0,C35,45,5,1989|1988|1987|1986|1985|1984|2367|5092|2368|2372|5093|2373|3535|1968|1969|2176|2177|2178|2042|2043|2044|1973|1974|4435|1979|1980|1977|1976|5157|5158|5159|5160|3061|2014|2015|1983|1915|2392|2338|2339|3294|2340|3295|2341|3025,326|325|324|160|344,Av. Paseo de Las Moras/Condominio Pizarra,20.643566888778,-100.37626216543,10.968287740628165,,0,True,44.851621073961496
2159,33.88333333333333,373.0,T05,27,9,2159|4155|4156|2160|1903|5120|1904|1890|1891|3640|1894|1905|2082|1884|2204|3280|4447|3281|1915|2392|2338|2339|3294|2340|3295|2341|3025,373|369|370|347|379|319|160|324|344,Av. del Ferrocarril/Del Pozo,20.609322500211,-100.33200159635,21.553571428571427,,0,True,55.436904761904756
2049,33.9,160.0,L59,46,5,2049|2040|2041|2179|2180|2181|3534|2367|5092|2368|2372|5093|2373|3535|1968|1969|2176|2177|2178|2042|2043|2044|1973|1974|4435|1979|1980|1977|1976|5157|5158|5159|5160|3061|2014|2015|1983|1915|2392|2338|2339|3294|2340|3295|2341|3025,160|324|325|326|344,18 de Julio/Camargo,20.64370052587,-100.38853318514,14.03738095238095,,0,True,47.93738095238095
1348,34.05833333333332,97.0,C22,43,5,1348|1349|3655|1350|1351|4142|1292|1293|1294|1295|1296|1297|1298|1299|1300|1301|1302|1761|1303|1304|1305|1306|1432|1433|1434|3297|4241|2310|2311|2312|2313|3283|5197|4143|3284|4256|2338|2339|3294|2340|3295|2341|3025,97|90|325|324|344,Calle Norberto Aguirre/Corregidora,20.554067381015,-100.43615810442,14.923809523809528,,0,True,48.98214285714285
3674,34.05833333333332,96.0,C21,41,6,3674|1350|1351|4142|1292|1293|1294|1295|1296|1297|1298|1299|1300|1301|1302|1761|1303|1304|1305|1306|1432|1433|1434|3297|4241|2310|2311|2312|2313|3283|5197|4143|3284|4256|2338|2339|3294|2340|3295|2341|3025,96|97|90|325|324|344,Av. Santa María del Pueblito/Privada de Enebro,20.55515687,-100.4441995,14.653571428571428,,0,True,48.71190476190475
3303,34.06666666666667,342.0,C52,29,11,3303|3403|3404|2279|2280|2281|2282|2283|2284|2285|3339|2286|2897|2287|3340|2074|2288|2080|2859|2860|2220|2337|2338|2339|3294|2340|3295|2341|3025,342|340|354|316|374|255|358|325|351|375|344,Av. San Rafael/Calle San Samael,20.66239889,-100.4709204,9.03374741200828,,0,True,43.10041407867495
3319,34.100000000000016,332.0,C41,27,10,3319|3320|3321|3322|3323|5172|5173|2572|2573|2574|2575|2610|2611|2074|2288|2080|2859|2860|2220|2337|2338|2339|3294|2340|3295|2341|3025,332|327|245|374|255|358|325|351|375|344,Calle Trahumaras/Martha Chapa,20.63451539,-100.4717598,18.327551020408162,,0,True,52.427551020408174
3015,34.11666666666666,336.0,C46,32,9,3015|2249|3016|5079|2636|2668|2669|2294|2295|2296|2418|2419|5180|2672|2201|4241|2310|2311|2312|2313|3283|5197|4143|3284|4256|2338|2339|3294|2340|3295|2341|3025,336|373|335|337|319|338|325|324|344,Prol. Av. Zaragoza/Villas Corregidora,20.56033945,-100.4135713,12.644407008086255,,0,True,46.761073674752915
2426,34.11666666666666,320.0,C25,17,5,2426|2427|2428|2429|1950|1951|1952|3281|1915|2392|2338|2339|3294|2340|3295|2341|3025,320|319|160|324|344,Concord/Eucalipto,20.631207294932,-100.34938659833,15.007142857142858,,0,True,49.12380952380952
2417,34.11666666666666,319.0,C24,39,7,2417|2359|2360|2361|2362|2363|2364|2365|4129|2290|3600|2291|2292|2293|2294|2295|2296|2418|2419|5180|2672|2201|4241|2310|2311|2312|2313|3283|5197|4143|3284|4256|2338|2339|3294|2340|3295|2341|3025,319|233|326|338|325|324|344,Blvd. de Las Américas/Enrique Rodiles,20.56115471,-100.3988669,4.469736842105263,,0,True,38.58640350877192
3876,34.11666666666667,358.0,L118,30,6,3876|3877|3878|3879|3880|3881|3882|2698|2699|4437|2730|2731|2732|2733|2734|2735|2606|2288|2080|2859|2860|2220|2337|2338|2339|3294|2340|3295|2341|3025,358|255|325|351|375|344,Vasco de Quiroga/Fray Antonia Margil de Jesús,20.66782838,-100.4209051,14.601785714285713,,0,True,48.71845238095238
3589,34.116666666666674,361.0,L156,24,9,3589|3590|2609|2743|2572|2573|2574|2575|2610|2611|2074|2288|2080|2859|2860|2220|2337|2338|2339|3294|2340|3295|2341|3025,361|245|374|255|358|325|351|375|344,Calle Cerro de la Cruz/Cerro Santa Teresa,20.63837653,-100.461083,28.730158730158728,,0,True,62.8468253968254
1387,34.12499999999999,92.0,L53,35,9,1387|1386|1330|1399|2190|3301|1300|1301|1302|1761|1303|1304|1305|1306|1432|1433|1434|3297|4241|2310|2311|2312|2313|3283|5197|4143|3284|4256|2338|2339|3294|2340|3295|2341|3025,92|94|128|255|90|97|325|324|344,Josefa Vergara/Ignacio Pérez,20.525180427099,-100.46548860219,26.31309523809524,,0,True,60.43809523809523
2926,34.12500000000001,364.0,L159,36,10,2926|2927|2928|2929|2930|2247|2931|2932|3279|3434|3435|3418|3419|3420|3421|3422|2578|2579|2920|2921|2922|2923|2924|2984|2858|2859|2860|2220|2337|2338|2339|3294|2340|3295|2341|3025,364|377|350|340|342|354|325|351|375|344,Calle Coahuila/Calle Querétaro,20.61808989,-100.426571,24.902380952380952,,0,True,59.02738095238096
2631,34.14999999999999,337.0,C47,37,9,2631|2250|4152|2251|3679|2627|2508|2509|4138|2291|2292|2293|2294|2295|2296|2418|2419|5180|2672|2201|4241|2310|2311|2312|2313|3283|5197|4143|3284|4256|2338|2339|3294|2340|3295|2341|3025,337|336|334|322|319|338|325|324|344,Av. Chabacano/Av. Candiles,20.55219783,-100.4089047,11.736904761904764,,0,True,45.88690476190476
1396,34.158333333333324,93.0,L54,37,9,1396|1397|1359|1327|1398|1399|2190|3301|1300|1301|1302|1761|1303|1304|1305|1306|1432|1433|1434|3297|4241|2310|2311|2312|2313|3283|5197|4143|3284|4256|2338|2339|3294|2340|3295|2341|3025,93|92|128|255|90|97|325|324|344,Independencia/Jardines del Progreso,20.522236264571,-100.45517173418,26.501190476190484,,0,True,60.659523809523805
2277,34.16666666666667,316.0,C71,28,8,2277|2278|2279|2280|2281|2282|2283|2284|2285|3339|2286|2897|2287|3340|2074|2288|2080|2859|2860|2220|2337|2338|2339|3294|2340|3295|2341|3025,316|374|255|358|325|351|375|344,Paseo Querétaro/Puerta del Encino,20.665167031449,-100.48139290843,28.520476190476188,,0,True,62.68714285714286
2903,34.16666666666668,351.0,C63,28,9,2903|3347|2904|2905|2906|2907|2908|2742|2572|2573|2574|2575|2610|2611|2074|2288|2080|2859|2860|2220|2337|2338|2339|3294|2340|3295|2341|3025,351|349|245|374|255|358|325|375|344,Prol. Bernardo Quintana/Monte Cristi,20.64390055,-100.4767176,13.587362637362636,,0,True,47.75402930402932
4398,34.18333333333334,335.0,C44,34,9,4398|4399|3859|3860|3493|5149|3494|2317|3292|2318|3293|2319|2320|2321|2221|2222|2223|2224|2861|2862|2886|2887|2888|2889|3362|3363|4256|2338|2339|3294|2340|3295|2341|3025,335|342|345|375|96|371|336|350|344,Calle Camino Real/La Raya,20.614011424258,-100.41550607994,0.0,,0,True,34.18333333333334
3440,34.2,340.0,C50,28,10,3440|3441|3442|3443|3444|3445|3446|3447|2572|2573|2574|2575|2610|2611|2074|2288|2080|2859|2860|2220|2337|2338|2339|3294|2340|3295|2341|3025,340|349|245|374|255|358|325|351|375|344,Calle Masella/Diego de Mendoza Moctezuma,20.62667307,-100.4495114,21.20068027210884,,0,True,55.40068027210884
4139,34.21666666666667,362.0,L157,30,8,4139|4140|3130|3927|4133|2913|2914|2915|2916|2917|2918|2919|2920|2921|2922|2923|2924|2984|2858|2859|2860|2220|2337|2338|2339|3294|2340|3295|2341|3025,362|341|377|354|325|351|375|344,Calle Ingenio Consepcion/Unidad Deportiva Ruben Jaramillo,20.6207167,-100.4702806,0.0,,0,False,34.21666666666667
3587,34.233333333333334,361.0,L156,23,10,3587|3588|3520|2572|2573|2574|2575|2610|2611|2074|2288|2080|2859|2860|2220|2337|2338|2339|3294|2340|3295|2341|3025,361|283|245|374|255|358|325|351|375|344,Monte Sión/Misterios,20.64159891,-100.4638161,28.730158730158728,,0,True,62.96349206349206
5100,34.24166666666666,129.0,L101,41,7,5100|1290|1291|4142|1292|1293|1294|1295|1296|1297|1298|1299|1300|1301|1302|1761|1303|1304|1305|1306|1432|1433|1434|3297|4241|2310|2311|2312|2313|3283|5197|4143|3284|4256|2338|2339|3294|2340|3295|2341|3025,129|337|97|90|325|324|344,Av. Santuarios de Guadalupe/Cto. Andamaxei,20.555906788668,-100.4453301325,6.9583333333333375,,0,True,41.199999999999996
3285,34.25,357.0,L112,12,5,3285|1806|3281|1915|2392|2338|2339|3294|2340|3295|2341|3025,357|319|160|324|344,Av. Campanario/Lomas del Campanario Ii,20.615142793097,-100.36487059419,0.9160714285714285,,0,True,35.16607142857143
3540,34.28333333333333,97.0,C22,34,7,3540|1334|1335|1336|1337|1338|1339|1340|1341|1762|1763|2200|4430|1764|1765|1766|2201|4241|2310|2311|2312|2313|3283|5197|4143|3284|4256|2338|2339|3294|2340|3295|2341|3025,97|98|336|338|325|324|344,16 de Septiembre/Jardín Emiliano Zapata,20.55263897,-100.4399686,14.923809523809528,,0,True,49.207142857142856
3154,34.31666666666667,378.0,T10,29,11,3154|3155|3156|3157|3158|3159|3160|3161|3162|3163|4045|3164|3165|2610|2611|2074|2288|2080|2859|2860|2220|2337|2338|2339|3294|2340|3295|2341|3025,378|342|323|245|374|255|358|325|351|375|344,Av. Plan de San Luis/Calle 21,20.656693769724,-100.46023065824,18.27857142857143,,0,True,52.5952380952381
4176,34.31666666666667,283.0,C67,28,10,4176|3705|3706|3707|3708|3709|2609|2743|2572|2573|2574|2575|2610|2611|2074|2288|2080|2859|2860|2220|2337|2338|2339|3294|2340|3295|2341|3025,283|245|361|374|255|358|325|351|375|344,Av. Begonias/Las Flores,20.626233317639,-100.45543141827,26.925661375661374,,0,True,61.24232804232804
3150,34.33333333333333,323.0,C31,31,10,3150|3310|3311|3312|3404|2279|2280|2281|2282|2283|2284|2285|3339|2286|2897|2287|3340|2074|2288|2080|2859|2860|2220|2337|2338|2339|3294|2340|3295|2341|3025,323|354|316|374|255|358|325|351|375|344,Av. San Rafael/Av. Eduardo Loarca,20.65594094,-100.4677496,9.342592592592592,,0,True,43.675925925925924
1942,34.33333333333333,112.0,L103,17,5,1942|2192|1948|1949|1950|1951|1952|3281|1915|2392|2338|2339|3294|2340|3295|2341|3025,112|319|160|324|344,Calle Puma/Calle Martineta,20.648915425152,-100.33817530173,10.133333333333338,,0,True,44.46666666666667
3304,34.333333333333336,346.0,C56,30,11,3304|3305|3403|3404|2279|2280|2281|2282|2283|2284|2285|3339|2286|2897|2287|3340|2074|2288|2080|2859|2860|2220|2337|2338|2339|3294|2340|3295|2341|3025,346|340|354|316|374|255|358|325|351|375|344,Calle San Samael/San Uriel,20.66148597,-100.4729263,12.254166666666665,,0,True,46.5875
5288,34.36666666666667,364.0,L159,28,8,5288|2842|2843|2823|2824|2825|2844|2803|2804|2805|2806|2807|2808|2809|2810|2288|2080|2859|2860|2220|2337|2338|2339|3294|2340|3295|2341|3025,364|363|255|358|325|351|375|344,Carlos Salinas de Gortari/Álvaro Obregón,20.678789540564,-100.46158725121,24.902380952380952,,0,True,59.26904761904762
2637,34.383333333333326,335.0,C44,48,11,2637|2638|5067|5068|5069|2297|2298|2510|2511|2512|2513|2514|2515|2516|3686|2517|2214|2215|2216|2217|2218|2219|2032|2023|2024|2856|1439|1438|2537|1920|1921|4241|2310|2311|2312|2313|3283|5197|4143|3284|4256|2338|2339|3294|2340|3295|2341|3025,335|322|341|321|376|386|98|90|325|324|344,Calle Antonio Carranza/Calle Naranjo,20.55650902,-100.4036902,0.0,,0,True,34.383333333333326
2048,34.38333333333333,160.0,L59,47,5,2048|2049|2040|2041|2179|2180|2181|3534|2367|5092|2368|2372|5093|2373|3535|1968|1969|2176|2177|2178|2042|2043|2044|1973|1974|4435|1979|1980|1977|1976|5157|5158|5159|5160|3061|2014|2015|1983|1915|2392|2338|2339|3294|2340|3295|2341|3025,160|324|325|326|344,18 de Julio/San Felipe de Jesús,20.64184371252,-100.38851290905,14.03738095238095,,0,True,48.42071428571428
2944,34.38333333333333,349.0,C61,27,9,2944|3348|4436|3369|3370|2908|2742|2572|2573|2574|2575|2610|2611|2074|2288|2080|2859|2860|2220|2337|2338|2339|3294|2340|3295|2341|3025,349|245|374|255|358|325|351|375|344,Prol. Bernardo Quintana/Calle Cedro,20.64023111,-100.4732164,18.17098214285714,,0,True,52.554315476190474
2854,34.4,371.0,T03,40,10,2854|2855|2209|5161|2210|2211|2212|2213|2214|2215|2216|2217|2218|2219|2032|2023|2024|2856|1439|1438|2537|1920|1921|4241|2310|2311|2312|2313|3283|5197|4143|3284|4256|2338|2339|3294|2340|3295|2341|3025,371|321|341|376|386|98|90|325|324|344,Blvd. de Los Gobernadores/Calle 6,20.54753588,-100.3817996,10.360119047619051,,0,True,44.76011904761905
2820,34.400000000000006,363.0,L158,28,8,2820|2821|2822|2823|2824|2825|2844|2803|2804|2805|2806|2807|2808|2809|2810|2288|2080|2859|2860|2220|2337|2338|2339|3294|2340|3295|2341|3025,363|364|255|358|325|351|375|344,Calle Lirios/Paseo Jurica,20.67387367,-100.4532495,0.0,,0,False,34.400000000000006
5206,34.42499999999999,98.0,C23,38,10,5206|1324|1325|1359|1327|1398|1399|2190|3301|1300|1301|1302|1761|1303|1304|1305|1306|1432|1433|1434|3297|4241|2310|2311|2312|2313|3283|5197|4143|3284|4256|2338|2339|3294|2340|3295|2341|3025,98|93|92|128|255|90|97|325|324|344,Calle Camelinas/La Negreta,20.518748760478,-100.44999856112,10.844812925170071,,0,True,45.26981292517006
2196,34.42499999999999,136.0,C28,35,10,2196|1769|1770|2413|2414|1772|1773|2197|2198|1308|1309|1304|1305|1306|1432|1433|1434|3297|4241|2310|2311|2312|2313|3283|5197|4143|3284|4256|2338|2339|3294|2340|3295|2341|3025,136|129|98|336|370|90|97|325|324|344,Prol. Zaragoza/Paseo 5 de Febrero,20.58161739,-100.4076853,18.13571428571429,,0,True,52.56071428571428
3380,34.43333333333334,349.0,C61,28,9,3380|3381|2904|2905|2906|2907|2908|2742|2572|2573|2574|2575|2610|2611|2074|2288|2080|2859|2860|2220|2337|2338|2339|3294|2340|3295|2341|3025,349|351|245|374|255|358|325|375|344,Tzeltales/Parque Choles,20.63948101,-100.4699241,18.17098214285714,,0,True,52.60431547619048
5062,34.449999999999996,375.0,T07,39,8,5062|2359|2360|2361|2362|2363|2364|2365|4129|2290|3600|2291|2292|2293|2294|2295|2296|2418|2419|5180|2672|2201|4241|2310|2311|2312|2313|3283|5197|4143|3284|4256|2338|2339|3294|2340|3295|2341|3025,375|319|233|326|338|325|324|344,Enrique Rodiles/Blvd. de Las Américas,20.561166797577,-100.39860160333,10.563690476190475,,0,True,45.01369047619047
3697,34.45,283.0,C67,24,7,3697|3698|3699|4173|3700|3701|4174|4175|3352|3353|3354|3355|2080|2859|2860|2220|2337|2338|2339|3294|2340|3295|2341|3025,283|349|351|358|325|375|344,Calle Mayas/Henequén,20.62986548,-100.4577691,26.925661375661374,,0,True,61.37566137566138
3506,34.46666666666667,281.0,L115,23,11,3506|3507|3508|3509|4045|3164|3165|2610|2611|2074|2288|2080|2859|2860|2220|2337|2338|2339|3294|2340|3295|2341|3025,281|342|323|245|374|255|358|325|351|375|344,Monte Alban/Alpes,20.64957434,-100.4472356,23.809523809523807,,0,True,58.27619047619048
2046,34.48333333333333,163.0,L110,44,6,2046|2179|2180|2181|3534|2367|5092|2368|2372|5093|2373|3535|1968|1969|2176|2177|2178|2042|2043|2044|1973|1974|4435|1979|1980|1977|1976|5157|5158|5159|5160|3061|2014|2015|1983|1915|2392|2338|2339|3294|2340|3295|2341|3025,163|160|324|325|326|344,Río Querétaro/Calle 14,20.641510378582,-100.38451455307,20.71468253968254,,0,True,55.19801587301586
2644,34.49999999999999,336.0,C46,37,8,2644|2250|4152|2251|3679|2627|2508|2509|4138|2291|2292|2293|2294|2295|2296|2418|2419|5180|2672|2201|4241|2310|2311|2312|2313|3283|5197|4143|3284|4256|2338|2339|3294|2340|3295|2341|3025,336|334|322|319|338|325|324|344,Av. Candiles/Priv. Campestre,20.55333497,-100.4102847,12.644407008086255,,0,True,47.14440700808625
2650,34.49999999999999,337.0,C47,37,8,2650|3892|2677|4136|2678|4137|2508|2509|4138|2291|2292|2293|2294|2295|2296|2418|2419|5180|2672|2201|4241|2310|2311|2312|2313|3283|5197|4143|3284|4256|2338|2339|3294|2340|3295|2341|3025,337|341|322|319|338|325|324|344,Calle Antonio Acona/Calle Laureles,20.555413566353,-100.39894319895,11.736904761904764,,0,True,46.23690476190475
2594,34.49999999999999,368.0,L61,38,7,2594|2595|3602|2564|5102|2565|2365|4129|2290|3600|2291|2292|2293|2294|2295|2296|2418|2419|5180|2672|2201|4241|2310|2311|2312|2313|3283|5197|4143|3284|4256|2338|2339|3294|2340|3295|2341|3025,368|326|319|338|325|324|344,Calle 27/Calle 32,20.56192187,-100.3900877,0.0,,0,False,34.49999999999999
4081,34.5,373.0,T05,28,9,4081|2159|4155|4156|2160|1903|5120|1904|1890|1891|3640|1894|1905|2082|1884|2204|3280|4447|3281|1915|2392|2338|2339|3294|2340|3295|2341|3025,373|369|370|347|379|319|160|324|344,Av. del Ferrocarril/Heroico Colegio Militar,20.609512671906,-100.33036621652,21.553571428571427,,0,True,56.05357142857143
4150,34.56666666666666,322.0,C29,37,6,4150|3022|5223|4116|2506|2507|2508|2509|4138|2291|2292|2293|2294|2295|2296|2418|2419|5180|2672|2201|4241|2310|2311|2312|2313|3283|5197|4143|3284|4256|2338|2339|3294|2340|3295|2341|3025,322|319|338|325|324|344,de Las Flores/Bosques de Sauce,20.53439575,-100.3924194,13.388293650793653,,0,True,47.95496031746032
3525,34.583333333333336,128.0,L100,29,9,3525|2736|2737|2738|2739|2740|2741|2952|2742|2572|2573|2574|2575|2610|2611|2074|2288|2080|2859|2860|2220|2337|2338|2339|3294|2340|3295|2341|3025,128|245|374|255|358|325|351|375|344,Lib. Norponiente/Av. Sonterra,20.61157833,-100.4925691,25.417559523809526,,0,True,60.00089285714286
2800,34.6,363.0,L158,24,8,2800|2801|2802|2803|2804|2805|2806|2807|2808|2809|2810|2288|2080|2859|2860|2220|2337|2338|2339|3294|2340|3295|2341|3025,363|364|255|358|325|351|375|344,Calle Lirios/Camelinas,20.67534578,-100.4580333,0.0,,0,False,34.6
4396,34.61666666666666,331.0,C40,37,8,4396|3238|2362|2363|2364|2365|4129|2290|3600|2291|2292|2293|2294|2295|2296|2418|2419|5180|2672|2201|4241|2310|2311|2312|2313|3283|5197|4143|3284|4256|2338|2339|3294|2340|3295|2341|3025,331|233|326|319|338|325|324|344,Calle Canadá/Calle República Mexicana,20.55749987,-100.3909332,10.213095238095244,,0,True,44.8297619047619
3400,34.61666666666667,340.0,C50,31,11,3400|3310|3311|3312|3404|2279|2280|2281|2282|2283|2284|2285|3339|2286|2897|2287|3340|2074|2288|2080|2859|2860|2220|2337|2338|2339|3294|2340|3295|2341|3025,340|323|354|316|374|255|358|325|351|375|344,Av. Eduardo Loarca/Av. San Rafael,20.65643774,-100.4676061,21.20068027210884,,0,True,55.81734693877551
2835,34.616666666666674,355.0,C69,25,7,2835|3220|3221|4264|4265|2730|2731|2732|2733|2734|2735|2606|2288|2080|2859|2860|2220|2337|2338|2339|3294|2340|3295|2341|3025,355|255|358|325|351|375|344,Blvd. Villas del Meson/Uaq Facultad de Informática,20.70518191,-100.4437939,0.1952380952380953,,0,True,34.81190476190477
4117,34.63333333333334,255.0,T11,26,6,4117|2727|2728|2729|4264|4265|2730|2731|2732|2733|2734|2735|2606|2288|2080|2859|2860|2220|2337|2338|2339|3294|2340|3295|2341|3025,255|358|325|351|375|344,Paseo de la República/Misión de San Francisco,20.714240483114,-100.43875521353,13.954024943310655,,0,True,48.587358276644
3676,34.67499999999999,129.0,L101,42,7,3676|5100|1290|1291|4142|1292|1293|1294|1295|1296|1297|1298|1299|1300|1301|1302|1761|1303|1304|1305|1306|1432|1433|1434|3297|4241|2310|2311|2312|2313|3283|5197|4143|3284|4256|2338|2339|3294|2340|3295|2341|3025,129|337|97|90|325|324|344,Priv. de Enebro/Av. Santa María del Pueblito,20.555163503889,-100.44380607819,6.9583333333333375,,0,True,41.633333333333326
3809,34.7,352.0,C64,35,5,3809|3810|3811|3812|4404|3813|5104|1475|1476|1472|1471|1470|1469|1439|1438|2537|1920|1921|4241|2310|2311|2312|2313|3283|5197|4143|3284|4256|2338|2339|3294|2340|3295|2341|3025,352|90|325|324|344,Carr. Federal No. 57/Tum,20.569999518667,-100.30356776331,7.351785714285714,,0,True,42.051785714285714
2248,34.71666666666666,336.0,C46,33,9,2248|3015|2249|3016|5079|2636|2668|2669|2294|2295|2296|2418|2419|5180|2672|2201|4241|2310|2311|2312|2313|3283|5197|4143|3284|4256|2338|2339|3294|2340|3295|2341|3025,336|373|335|337|319|338|325|324|344,Prol. Av. Zaragoza/Calle 20 de Noviembre,20.56206774,-100.4142264,12.644407008086255,,0,True,47.361073674752916
2047,34.71666666666667,160.0,L59,48,5,2047|2048|2049|2040|2041|2179|2180|2181|3534|2367|5092|2368|2372|5093|2373|3535|1968|1969|2176|2177|2178|2042|2043|2044|1973|1974|4435|1979|1980|1977|1976|5157|5158|5159|5160|3061|2014|2015|1983|1915|2392|2338|2339|3294|2340|3295|2341|3025,160|324|325|326|344,San Felipe de Jesús/Santa Teresa de Asís,20.64173224834,-100.38714276897,14.03738095238095,,0,True,48.75404761904762
3858,34.733333333333334,335.0,C44,35,9,3858|4398|4399|3859|3860|3493|5149|3494|2317|3292|2318|3293|2319|2320|2321|2221|2222|2223|2224|2861|2862|2886|2887|2888|2889|3362|3363|4256|2338|2339|3294|2340|3295|2341|3025,335|342|345|375|96|371|336|350|344,Calle Camino Real/Del Mirador,20.61436353,-100.4166658,0.0,,0,True,34.733333333333334
1333,34.75,97.0,C22,35,7,1333|3540|1334|1335|1336|1337|1338|1339|1340|1341|1762|1763|2200|4430|1764|1765|1766|2201|4241|2310|2311|2312|2313|3283|5197|4143|3284|4256|2338|2339|3294|2340|3295|2341|3025,97|98|336|338|325|324|344,Miguel Hidalgo/Salvador Sánchez Bárcenas,20.551350735615,-100.43991159447,14.923809523809528,,0,True,49.673809523809524
1768,34.758333333333326,129.0,L101,35,9,1768|1769|1770|2413|2414|1772|1773|2197|2198|1308|1309|1304|1305|1306|1432|1433|1434|3297|4241|2310|2311|2312|2313|3283|5197|4143|3284|4256|2338|2339|3294|2340|3295|2341|3025,129|98|336|370|90|97|325|324|344,Av. de Las Torres/Plaza Galerías,20.577451961827,-100.40762868309,6.9583333333333375,,0,True,41.71666666666666
2819,34.76666666666667,363.0,L158,29,8,2819|2820|2821|2822|2823|2824|2825|2844|2803|2804|2805|2806|2807|2808|2809|2810|2288|2080|2859|2860|2220|2337|2338|2339|3294|2340|3295|2341|3025,363|364|255|358|325|351|375|344,Paseo Jurica/Olivos,20.67411364,-100.451962,0.0,,0,False,34.76666666666667
4261,34.78333333333333,349.0,C61,28,9,4261|2944|3348|4436|3369|3370|2908|2742|2572|2573|2574|2575|2610|2611|2074|2288|2080|2859|2860|2220|2337|2338|2339|3294|2340|3295|2341|3025,349|245|374|255|358|325|351|375|344,Av. Navarra/Prol. Bernardo Quintana,20.63975998,-100.4742215,18.17098214285714,,0,True,52.95431547619047
1457,34.833333333333336,99.0,T01,35,7,1457|3862|3781|4445|1449|3485|1450|1475|1476|1472|1471|1470|1469|1439|1438|2537|1920|1921|4241|2310|2311|2312|2313|3283|5197|4143|3284|4256|2338|2339|3294|2340|3295|2341|3025,99|91|352|90|325|324|344,Prol. Constituyentes/Zen Life Ii,20.597054107803,-100.30699326793,13.72857142857143,,0,True,48.56190476190476
1347,34.841666666666654,97.0,C22,44,5,1347|1348|1349|3655|1350|1351|4142|1292|1293|1294|1295|1296|1297|1298|1299|1300|1301|1302|1761|1303|1304|1305|1306|1432|1433|1434|3297|4241|2310|2311|2312|2313|3283|5197|4143|3284|4256|2338|2339|3294|2340|3295|2341|3025,97|90|325|324|344,Calle 5 de Mayo/Calle Norberto Aguirre,20.554240732746,-100.43378371155,14.923809523809528,,0,True,49.76547619047618
2045,34.849999999999994,160.0,L59,45,6,2045|2046|2179|2180|2181|3534|2367|5092|2368|2372|5093|2373|3535|1968|1969|2176|2177|2178|2042|2043|2044|1973|1974|4435|1979|1980|1977|1976|5157|5158|5159|5160|3061|2014|2015|1983|1915|2392|2338|2339|3294|2340|3295|2341|3025,160|163|324|325|326|344,Río Querétaro/Nogal,20.640108383103,-100.38484333162,14.03738095238095,,0,True,48.887380952380944
3153,34.93333333333334,346.0,C56,30,12,3153|3154|3155|3156|3157|3158|3159|3160|3161|3162|3163|4045|3164|3165|2610|2611|2074|2288|2080|2859|2860|2220|2337|2338|2339|3294|2340|3295|2341|3025,346|378|342|323|245|374|255|358|325|351|375|344,Av. Plan de San Luis/Calle Revolución,20.65542335,-100.4612108,12.254166666666665,,0,True,47.1875
2834,34.94166666666668,422.0,L165,26,8,2834|2835|3220|3221|4264|4265|2730|2731|2732|2733|2734|2735|2606|2288|2080|2859|2860|2220|2337|2338|2339|3294|2340|3295|2341|3025,422|355|255|358|325|351|375|344,Blvd. Villas del Meson/Unam Campus Juriquilla,20.70545927,-100.4451738,0.0,,0,False,34.94166666666668
2601,34.94999999999999,331.0,C40,28,7,2601|3227|3228|3229|3230|3231|3232|3233|3234|3235|3236|2602|4253|3237|3222|3538|3283|5197|4143|3284|4256|2338|2339|3294|2340|3295|2341|3025,331|353|345|323|348|324|344,Calle Hacienda San Juan/Parque San Antonio del Maurel,20.59452085,-100.4249772,10.213095238095244,,0,True,45.16309523809523
4149,34.949999999999996,322.0,C29,38,6,4149|4150|3022|5223|4116|2506|2507|2508|2509|4138|2291|2292|2293|2294|2295|2296|2418|2419|5180|2672|2201|4241|2310|2311|2312|2313|3283|5197|4143|3284|4256|2338|2339|3294|2340|3295|2341|3025,322|319|338|325|324|344,Bosques de Castañon/A El Paraíso,20.53332122,-100.3923976,13.388293650793653,,0,True,48.338293650793645
3401,34.949999999999996,340.0,C50,30,10,3401|3313|3403|3404|2279|2280|2281|2282|2283|2284|2285|3339|2286|2897|2287|3340|2074|2288|2080|2859|2860|2220|2337|2338|2339|3294|2340|3295|2341|3025,340|354|316|374|255|358|325|351|375|344,Av. San Miguel/Av. San Gabriel,20.65804433,-100.4716259,21.20068027210884,,0,True,56.150680272108836
1760,34.949999999999996,336.0,C46,34,9,1760|2248|3015|2249|3016|5079|2636|2668|2669|2294|2295|2296|2418|2419|5180|2672|2201|4241|2310|2311|2312|2313|3283|5197|4143|3284|4256|2338|2339|3294|2340|3295|2341|3025,336|373|335|337|319|338|325|324|344,Prol. Av. Zaragoza/Av. Paseo Constituyentes,20.5627353,-100.4145215,12.644407008086255,,0,True,47.59440700808625
2772,34.95833333333332,93.0,L54,38,9,2772|1396|1397|1359|1327|1398|1399|2190|3301|1300|1301|1302|1761|1303|1304|1305|1306|1432|1433|1434|3297|4241|2310|2311|2312|2313|3283|5197|4143|3284|4256|2338|2339|3294|2340|3295|2341|3025,93|92|128|255|90|97|325|324|344,Valle de Guadalupe/Valle del Bosque,20.522048163905,-100.45692834492,26.501190476190484,,0,True,61.4595238095238
2489,34.99999999999999,139.0,C32,42,10,2489|2472|2473|2474|5078|2475|2476|2477|2212|2213|2214|2215|2216|2217|2218|2219|2032|2023|2024|2856|1439|1438|2537|1920|1921|4241|2310|2311|2312|2313|3283|5197|4143|3284|4256|2338|2339|3294|2340|3295|2341|3025,139|321|341|376|386|98|90|325|324|344,Blvd de Los Gobernadores/Labná,20.554379742526,-100.37166996017,0.0,,0,True,34.99999999999999
3193,34.99999999999999,323.0,C31,32,10,3193|3150|3310|3311|3312|3404|2279|2280|2281|2282|2283|2284|2285|3339|2286|2897|2287|3340|2074|2288|2080|2859|2860|2220|2337|2338|2339|3294|2340|3295|2341|3025,323|354|316|374|255|358|325|351|375|344,Av. San Rafael/Plantel 22 Real de San Miguel,20.65472157,-100.4662891,9.342592592592592,,0,True,44.34259259259258
2925,35.025000000000006,364.0,L159,37,10,2925|2926|2927|2928|2929|2930|2247|2931|2932|3279|3434|3435|3418|3419|3420|3421|3422|2578|2579|2920|2921|2922|2923|2924|2984|2858|2859|2860|2220|2337|2338|2339|3294|2340|3295|2341|3025,364|377|350|340|342|354|325|351|375|344,Calle Coahuila/Parque la Obrera,20.61871688,-100.4237274,24.902380952380952,,0,True,59.92738095238096
2416,35.04999999999999,319.0,C24,40,7,2416|2417|2359|2360|2361|2362|2363|2364|2365|4129|2290|3600|2291|2292|2293|2294|2295|2296|2418|2419|5180|2672|2201|4241|2310|2311|2312|2313|3283|5197|4143|3284|4256|2338|2339|3294|2340|3295|2341|3025,319|233|326|338|325|324|344,Blvd. de Las Américas/G. Garmedia,20.56358044,-100.4001199,4.469736842105263,,0,True,39.51973684210525
3891,35.06666666666666,319.0,C24,18,5,3891|1947|2194|1948|1949|1950|1951|1952|3281|1915|2392|2338|2339|3294|2340|3295|2341|3025,319|112|160|324|344,Anillo Vial Fray Junípero Serra/El Refugio,20.652887974697,-100.34379461192,4.469736842105263,,0,True,39.536403508771926
3151,35.06666666666667,342.0,C52,29,10,3151|3685|3152|3386|3387|3389|3160|3161|3162|3163|4045|3164|3165|2610|2611|2074|2288|2080|2859|2860|2220|2337|2338|2339|3294|2340|3295|2341|3025,342|323|245|374|255|358|325|351|375|344,Av. San Rafael/Calle San Ariel,20.65527455,-100.4673223,9.03374741200828,,0,True,44.10041407867495
1941,35.099999999999994,112.0,L103,18,5,1941|1942|2192|1948|1949|1950|1951|1952|3281|1915|2392|2338|2339|3294|2340|3295|2341|3025,112|319|160|324|344,Calle Puma/Calle Vicuña,20.651383309074,-100.33855670724,10.133333333333338,,0,True,45.233333333333334
3365,35.11666666666667,327.0,C36,25,9,3365|3366|3367|5172|5173|2572|2573|2574|2575|2610|2611|2074|2288|2080|2859|2860|2220|2337|2338|2339|3294|2340|3295|2341|3025,327|245|374|255|358|325|351|375|344,Monte Atlas/Prol. Bernardo Quintana,20.64535961,-100.4765235,13.399999999999997,,0,True,48.516666666666666
2818,35.150000000000006,363.0,L158,30,8,2818|2819|2820|2821|2822|2823|2824|2825|2844|2803|2804|2805|2806|2807|2808|2809|2810|2288|2080|2859|2860|2220|2337|2338|2339|3294|2340|3295|2341|3025,363|364|255|358|325|351|375|344,Paseo Jurica/Bahía I,20.67329118,-100.4508617,0.0,,0,False,35.150000000000006
2526,35.16666666666666,321.0,C27,43,10,2526|2489|2472|2473|2474|5078|2475|2476|2477|2212|2213|2214|2215|2216|2217|2218|2219|2032|2023|2024|2856|1439|1438|2537|1920|1921|4241|2310|2311|2312|2313|3283|5197|4143|3284|4256|2338|2339|3294|2340|3295|2341|3025,321|139|341|376|386|98|90|325|324|344,Blvd. de Los Gobernadores/Labná,20.554494984166,-100.37203315419,7.660822510822512,,0,True,42.82748917748917
3014,35.166666666666664,350.0,C62,35,8,3014|3476|3477|3479|3478|5094|3480|3130|3927|4133|2913|2914|2915|2916|2917|2918|2919|2920|2921|2922|2923|2924|2984|2858|2859|2860|2220|2337|2338|2339|3294|2340|3295|2341|3025,350|341|377|354|325|351|375|344,Sierra Morena/Parque Loma Ix,20.62317802,-100.4766649,15.95847338935574,,0,True,51.1251400560224
2666,35.16666666666667,233.0,L113,41,6,2666|2667|2255|2639|2640|2641|2258|2259|2260|2261|2262|2263|3023|2264|4393|2199|1762|1763|2200|4430|1764|1765|1766|2201|4241|2310|2311|2312|2313|3283|5197|4143|3284|4256|2338|2339|3294|2340|3295|2341|3025,233|336|338|325|324|344,Camino A Los Olvera/Av. Vallendar,20.53428917,-100.4131672,12.858333333333336,,0,True,48.025000000000006
2799,35.233333333333334,363.0,L158,25,8,2799|2800|2801|2802|2803|2804|2805|2806|2807|2808|2809|2810|2288|2080|2859|2860|2220|2337|2338|2339|3294|2340|3295|2341|3025,363|364|255|358|325|351|375|344,Camelinas/Hortencias,20.67609112,-100.4575516,0.0,,0,False,35.233333333333334
3318,35.26666666666668,332.0,C41,28,10,3318|3319|3320|3321|3322|3323|5172|5173|2572|2573|2574|2575|2610|2611|2074|2288|2080|2859|2860|2220|2337|2338|2339|3294|2340|3295|2341|3025,332|327|245|374|255|358|325|351|375|344,Av. Pedro Coronel/Remedios Varo,20.63311822,-100.4742234,18.327551020408162,,0,True,53.594217687074845
1323,35.29166666666666,98.0,C23,39,10,1323|5206|1324|1325|1359|1327|1398|1399|2190|3301|1300|1301|1302|1761|1303|1304|1305|1306|1432|1433|1434|3297|4241|2310|2311|2312|2313|3283|5197|4143|3284|4256|2338|2339|3294|2340|3295|2341|3025,98|93|92|128|255|90|97|325|324|344,Av. del Divino Salvador/Cristo Rey,20.517098,-100.451425,10.844812925170071,,0,True,46.13647959183673
3296,35.33333333333332,97.0,C22,42,6,3296|3674|1350|1351|4142|1292|1293|1294|1295|1296|1297|1298|1299|1300|1301|1302|1761|1303|1304|1305|1306|1432|1433|1434|3297|4241|2310|2311|2312|2313|3283|5197|4143|3284|4256|2338|2339|3294|2340|3295|2341|3025,97|96|90|325|324|344,Av. Santa María del Pueblito/Parque Cam Corregidora,20.55247285,-100.4468582,14.923809523809528,,0,True,50.25714285714285
3399,35.35,340.0,C50,32,11,3399|3400|3310|3311|3312|3404|2279|2280|2281|2282|2283|2284|2285|3339|2286|2897|2287|3340|2074|2288|2080|2859|2860|2220|2337|2338|2339|3294|2340|3295|2341|3025,340|323|354|316|374|255|358|325|351|375|344,Av. Eduardo Loarca,20.65764538,-100.4664928,21.20068027210884,,0,True,56.55068027210884
2649,35.36666666666666,337.0,C47,38,8,2649|2650|3892|2677|4136|2678|4137|2508|2509|4138|2291|2292|2293|2294|2295|2296|2418|2419|5180|2672|2201|4241|2310|2311|2312|2313|3283|5197|4143|3284|4256|2338|2339|3294|2340|3295|2341|3025,337|341|322|319|338|325|324|344,Calle Antonio Acona/Blvd. de Las Américas,20.55532727,-100.3965772,11.736904761904764,,0,True,47.10357142857143
4397,35.36666666666667,335.0,C44,36,9,4397|3858|4398|4399|3859|3860|3493|5149|3494|2317|3292|2318|3293|2319|2320|2321|2221|2222|2223|2224|2861|2862|2886|2887|2888|2889|3362|3363|4256|2338|2339|3294|2340|3295|2341|3025,335|342|345|375|96|371|336|350|344,Calle Camino Real/Av. 5 de Febrero,20.614450759274,-100.41805387829,0.0,,0,True,35.36666666666667
4080,35.38333333333333,373.0,T05,29,9,4080|4081|2159|4155|4156|2160|1903|5120|1904|1890|1891|3640|1894|1905|2082|1884|2204|3280|4447|3281|1915|2392|2338|2339|3294|2340|3295|2341|3025,373|369|370|347|379|319|160|324|344,Av. del Ferrocarril/Calle Las Granadas,20.610839139086,-100.32851924704,21.553571428571427,,0,True,56.936904761904756
3482,35.38333333333335,350.0,C62,29,11,3482|2985|2986|2987|2988|2989|2741|2952|2742|2572|2573|2574|2575|2610|2611|2074|2288|2080|2859|2860|2220|2337|2338|2339|3294|2340|3295|2341|3025,350|379|128|245|374|255|358|325|351|375|344,Calle Ingenio 3 Valles/Calle Ingenio Consepcion,20.62021439,-100.4720652,15.95847338935574,,0,True,51.341806722689086
3586,35.4,361.0,L156,24,10,3586|3587|3588|3520|2572|2573|2574|2575|2610|2611|2074|2288|2080|2859|2860|2220|2337|2338|2339|3294|2340|3295|2341|3025,361|283|245|374|255|358|325|351|375|344,Monte Atlas/Calle Maciso Tibesti,20.64264989,-100.4648666,28.730158730158728,,0,True,64.13015873015873
2943,35.43333333333333,377.0,T09,28,10,2943|2944|3348|4436|3369|3370|2908|2742|2572|2573|2574|2575|2610|2611|2074|2288|2080|2859|2860|2220|2337|2338|2339|3294|2340|3295|2341|3025,377|349|245|374|255|358|325|351|375|344,Prol. Bernardo Quintana/Sierra Colorada,20.63794464,-100.4714303,23.949319727891154,,0,True,59.38265306122449
2358,35.43333333333333,335.0,C44,40,9,2358|5062|2359|2360|2361|2362|2363|2364|2365|4129|2290|3600|2291|2292|2293|2294|2295|2296|2418|2419|5180|2672|2201|4241|2310|2311|2312|2313|3283|5197|4143|3284|4256|2338|2339|3294|2340|3295|2341|3025,335|375|319|233|326|338|325|324|344,Enrique Rodiles/Francisco Arias,20.562073,-100.39665,0.0,,0,True,35.43333333333333
3309,35.45,342.0,C52,30,10,3309|3151|3685|3152|3386|3387|3389|3160|3161|3162|3163|4045|3164|3165|2610|2611|2074|2288|2080|2859|2860|2220|2337|2338|2339|3294|2340|3295|2341|3025,342|323|245|374|255|358|325|351|375|344,San Daniel/Av. San Rafael,20.65582932,-100.4682165,9.03374741200828,,0,True,44.483747412008285
2095,35.45,97.0,C22,40,6,2095|2386|4128|2387|2372|5093|2373|3535|1968|1969|2176|2177|2178|2042|2043|2044|1973|1974|4435|1979|1980|1977|1976|5157|5158|5159|5160|3061|2014|2015|1983|1915|2392|2338|2339|3294|2340|3295|2341|3025,97|325|326|160|324|344,Carr. Chichimequillas/Centros de Servicios de Justicia Penal,20.675792839632,-100.36161417823,14.923809523809528,,0,True,50.37380952380953
1383,35.45833333333333,92.0,L53,36,9,1383|1387|1386|1330|1399|2190|3301|1300|1301|1302|1761|1303|1304|1305|1306|1432|1433|1434|3297|4241|2310|2311|2312|2313|3283|5197|4143|3284|4256|2338|2339|3294|2340|3295|2341|3025,92|94|128|255|90|97|325|324|344,Josefa Vergara/Ducis,20.523905780779,-100.46807361559,26.31309523809524,,0,True,61.77142857142857
1759,35.46666666666667,128.0,L100,30,9,1759|3525|2736|2737|2738|2739|2740|2741|2952|2742|2572|2573|2574|2575|2610|2611|2074|2288|2080|2859|2860|2220|2337|2338|2339|3294|2340|3295|2341|3025,128|245|374|255|358|325|351|375|344,Cto. Merlot/Aurrera,20.60627179,-100.490266,25.417559523809526,,0,True,60.8842261904762
2593,35.533333333333324,368.0,L61,39,7,2593|2594|2595|3602|2564|5102|2565|2365|4129|2290|3600|2291|2292|2293|2294|2295|2296|2418|2419|5180|2672|2201|4241|2310|2311|2312|2313|3283|5197|4143|3284|4256|2338|2339|3294|2340|3295|2341|3025,368|326|319|338|325|324|344,Calle 27/Av. 26,20.564175,-100.390942,0.0,,0,False,35.533333333333324
3149,35.55,354.0,C68,32,10,3149|3150|3310|3311|3312|3404|2279|2280|2281|2282|2283|2284|2285|3339|2286|2897|2287|3340|2074|2288|2080|2859|2860|2220|2337|2338|2339|3294|2340|3295|2341|3025,354|323|316|374|255|358|325|351|375|344,Esperanza Cabrera Muñoz/Plaza Comercial Loarca,20.656322338778,-100.46435400985,20.138253968253967,,0,True,55.68825396825396
2853,35.55,371.0,T03,41,10,2853|2854|2855|2209|5161|2210|2211|2212|2213|2214|2215|2216|2217|2218|2219|2032|2023|2024|2856|1439|1438|2537|1920|1921|4241|2310|2311|2312|2313|3283|5197|4143|3284|4256|2338|2339|3294|2340|3295|2341|3025,371|321|341|376|386|98|90|325|324|344,Blvd. de Los Gobernadores/Calle Josefa Ortiz de Domínguez,20.54864459,-100.379381,10.360119047619051,,0,True,45.91011904761905
1990,35.55,326.0,C35,46,5,1990|1989|1988|1987|1986|1985|1984|2367|5092|2368|2372|5093|2373|3535|1968|1969|2176|2177|2178|2042|2043|2044|1973|1974|4435|1979|1980|1977|1976|5157|5158|5159|5160|3061|2014|2015|1983|1915|2392|2338|2339|3294|2340|3295|2341|3025,326|325|324|160|344,Av. Paseo de Las Moras/Prol. Euripides,20.63862477723,-100.37748696941,10.968287740628165,,0,True,46.51828774062816
5134,35.56666666666666,319.0,C24,19,5,5134|3891|1947|2194|1948|1949|1950|1951|1952|3281|1915|2392|2338|2339|3294|2340|3295|2341|3025,319|112|160|324|344,Anillo Vial Fray Junípero Serra/Blvd. Bisonte,20.654182069299,-100.34313337447,4.469736842105263,,0,True,40.036403508771926
3299,35.57499999999999,129.0,L101,43,7,3299|3676|5100|1290|1291|4142|1292|1293|1294|1295|1296|1297|1298|1299|1300|1301|1302|1761|1303|1304|1305|1306|1432|1433|1434|3297|4241|2310|2311|2312|2313|3283|5197|4143|3284|4256|2338|2339|3294|2340|3295|2341|3025,129|337|97|90|325|324|344,Av. Prol. El Jacal/Calle Norberto Aguirre,20.55397394,-100.4405104,6.9583333333333375,,0,True,42.533333333333324
5287,35.575,364.0,L159,29,8,5287|5288|2842|2843|2823|2824|2825|2844|2803|2804|2805|2806|2807|2808|2809|2810|2288|2080|2859|2860|2220|2337|2338|2339|3294|2340|3295|2341|3025,364|363|255|358|325|351|375|344,Camino A El Nabo,20.681183232454,-100.46458545762,24.902380952380952,,0,True,60.477380952380955
4148,35.58333333333333,322.0,C29,39,6,4148|4149|4150|3022|5223|4116|2506|2507|2508|2509|4138|2291|2292|2293|2294|2295|2296|2418|2419|5180|2672|2201|4241|2310|2311|2312|2313|3283|5197|4143|3284|4256|2338|2339|3294|2340|3295|2341|3025,322|319|338|325|324|344,Bosques de Castañon/Bosques de Sauce,20.53431254,-100.39401,13.388293650793653,,0,True,48.971626984126985
3925,35.583333333333336,97.0,C22,36,7,3925|1333|3540|1334|1335|1336|1337|1338|1339|1340|1341|1762|1763|2200|4430|1764|1765|1766|2201|4241|2310|2311|2312|2313|3283|5197|4143|3284|4256|2338|2339|3294|2340|3295|2341|3025,97|98|336|338|325|324|344,Miguel Hidalgo/Camino Al Cerrito,20.549009622651,-100.43990287227,14.923809523809528,,0,True,50.50714285714287
3808,35.6,352.0,C64,36,5,3808|3809|3810|3811|3812|4404|3813|5104|1475|1476|1472|1471|1470|1469|1439|1438|2537|1920|1921|4241|2310|2311|2312|2313|3283|5197|4143|3284|4256|2338|2339|3294|2340|3295|2341|3025,352|90|325|324|344,Parque Industrial la Noria/Transpormex,20.570313300453,-100.29884524174,7.351785714285714,,0,True,42.95178571428571
5113,35.60000000000001,314.0,C70,26,7,5113|5108|3882|2698|2699|4437|2730|2731|2732|2733|2734|2735|2606|2288|2080|2859|2860|2220|2337|2338|2339|3294|2340|3295|2341|3025,314|358|255|325|351|375|344,Calle Ollín/Uptown Juriquilla,20.674380633204,-100.42882789525,0.0,,0,False,35.60000000000001
3502,35.60000000000001,364.0,L159,38,10,3502|2925|2926|2927|2928|2929|2930|2247|2931|2932|3279|3434|3435|3418|3419|3420|3421|3422|2578|2579|2920|2921|2922|2923|2924|2984|2858|2859|2860|2220|2337|2338|2339|3294|2340|3295|2341|3025,364|377|350|340|342|354|325|351|375|344,Coahuila,20.61977979,-100.4222462,24.902380952380952,,0,True,60.50238095238096
1320,35.64999999999999,98.0,C23,43,7,1320|3296|3674|1350|1351|4142|1292|1293|1294|1295|1296|1297|1298|1299|1300|1301|1302|1761|1303|1304|1305|1306|1432|1433|1434|3297|4241|2310|2311|2312|2313|3283|5197|4143|3284|4256|2338|2339|3294|2340|3295|2341|3025,98|97|96|90|325|324|344,Rivera del Rio/Parque Cam Corregidora,20.551880958242,-100.44738271458,10.844812925170071,,0,True,46.494812925170066
3402,35.66666666666667,340.0,C50,31,11,3402|3304|3305|3403|3404|2279|2280|2281|2282|2283|2284|2285|3339|2286|2897|2287|3340|2074|2288|2080|2859|2860|2220|2337|2338|2339|3294|2340|3295|2341|3025,340|346|354|316|374|255|358|325|351|375|344,Av. San Miguel/Av. San Rafael,20.66006228,-100.4701951,21.20068027210884,,0,True,56.86734693877551
2902,35.66666666666668,351.0,C63,29,9,2902|2903|3347|2904|2905|2906|2907|2908|2742|2572|2573|2574|2575|2610|2611|2074|2288|2080|2859|2860|2220|2337|2338|2339|3294|2340|3295|2341|3025,351|349|245|374|255|358|325|375|344,Blvd. Peña Flor/Prol. Bernardo Quintana,20.64649931,-100.4797983,13.587362637362636,,0,True,49.25402930402932
1395,35.67499999999999,93.0,L54,39,9,1395|2772|1396|1397|1359|1327|1398|1399|2190|3301|1300|1301|1302|1761|1303|1304|1305|1306|1432|1433|1434|3297|4241|2310|2311|2312|2313|3283|5197|4143|3284|4256|2338|2339|3294|2340|3295|2341|3025,93|92|128|255|90|97|325|324|344,Valle de Guadiana/Valle del Sol,20.521522145013,-100.4584213055,26.501190476190484,,0,True,62.17619047619047
3021,35.68333333333333,373.0,T05,37,7,3021|3022|5223|4116|2506|2507|2508|2509|4138|2291|2292|2293|2294|2295|2296|2418|2419|5180|2672|2201|4241|2310|2311|2312|2313|3283|5197|4143|3284|4256|2338|2339|3294|2340|3295|2341|3025,373|322|319|338|325|324|344,Estatal 30 Libramiento Sur/Camino Real A Huimilpan,20.53175875,-100.4028062,21.553571428571427,,0,True,57.23690476190475
2073,35.7,374.0,T06,30,11,2073|3336|2895|2896|3337|2268|2269|4247|4248|4249|4250|3483|3164|3165|2610|2611|2074|2288|2080|2859|2860|2220|2337|2338|2339|3294|2340|3295|2341|3025,374|354|342|323|245|255|358|325|351|375|344,Acceso 6,20.64311,-100.434595,20.628968253968253,,0,True,56.328968253968256
1289,35.716666666666654,96.0,C21,43,6,1289|3296|3674|1350|1351|4142|1292|1293|1294|1295|1296|1297|1298|1299|1300|1301|1302|1761|1303|1304|1305|1306|1432|1433|1434|3297|4241|2310|2311|2312|2313|3283|5197|4143|3284|4256|2338|2339|3294|2340|3295|2341|3025,96|97|90|325|324|344,Av. Santa María del Pueblito/Rivera del Rio,20.552077777778,-100.44785833333,14.653571428571428,,0,True,50.37023809523808
3454,35.73333333333333,354.0,C68,33,10,3454|3149|3150|3310|3311|3312|3404|2279|2280|2281|2282|2283|2284|2285|3339|2286|2897|2287|3340|2074|2288|2080|2859|2860|2220|2337|2338|2339|3294|2340|3295|2341|3025,354|323|316|374|255|358|325|351|375|344,Av. Agustín González Medina/Esperanza Cabrera Muñoz,20.65676737,-100.4643062,20.138253968253967,,0,True,55.8715873015873
2945,35.733333333333334,327.0,C36,26,9,2945|3365|3366|3367|5172|5173|2572|2573|2574|2575|2610|2611|2074|2288|2080|2859|2860|2220|2337|2338|2339|3294|2340|3295|2341|3025,327|245|374|255|358|325|351|375|344,Prol. Bernardo Quintana/La Loma Vi,20.64395144,-100.4761478,13.399999999999997,,0,True,49.13333333333333
3379,35.75000000000001,349.0,C61,29,9,3379|3380|3381|2904|2905|2906|2907|2908|2742|2572|2573|2574|2575|2610|2611|2074|2288|2080|2859|2860|2220|2337|2338|2339|3294|2340|3295|2341|3025,349|351|245|374|255|358|325|375|344,Tzeltales/Tzeltales 206,20.63583645,-100.4690741,18.17098214285714,,0,True,53.92098214285715
1413,35.758333333333326,94.0,L55,35,9,1413|1414|1330|1399|2190|3301|1300|1301|1302|1761|1303|1304|1305|1306|1432|1433|1434|3297|4241|2310|2311|2312|2313|3283|5197|4143|3284|4256|2338|2339|3294|2340|3295|2341|3025,94|92|128|255|90|97|325|324|344,San Miguel/San Marcos,20.534543457142,-100.48759933753,31.653571428571436,,0,True,67.41190476190476
2764,35.833333333333336,356.0,L108,27,6,2764|2765|4096|4097|4098|4099|2616|4100|1766|2201|4241|2310|2311|2312|2313|3283|5197|4143|3284|4256|2338|2339|3294|2340|3295|2341|3025,356|336|338|325|324|344,Carr. Tlacote/La Querencia,20.58962812,-100.4362134,7.281428571428572,,0,True,43.114761904761906
1758,35.9,128.0,L100,31,9,1758|1759|3525|2736|2737|2738|2739|2740|2741|2952|2742|2572|2573|2574|2575|2610|2611|2074|2288|2080|2859|2860|2220|2337|2338|2339|3294|2340|3295|2341|3025,128|245|374|255|358|325|351|375|344,Cto. Merlot/Tierra Alta,20.6072487,-100.4875157,25.417559523809526,,0,True,61.31755952380952
3481,35.90000000000001,350.0,C62,30,11,3481|3482|2985|2986|2987|2988|2989|2741|2952|2742|2572|2573|2574|2575|2610|2611|2074|2288|2080|2859|2860|2220|2337|2338|2339|3294|2340|3295|2341|3025,350|379|128|245|374|255|358|325|351|375|344,Ingenio Lázaro Cárdenas/Ingenio El Potrero,20.62005942,-100.470397,15.95847338935574,,0,True,51.85847338935575
1346,35.91666666666666,97.0,C22,45,5,1346|1347|1348|1349|3655|1350|1351|4142|1292|1293|1294|1295|1296|1297|1298|1299|1300|1301|1302|1761|1303|1304|1305|1306|1432|1433|1434|3297|4241|2310|2311|2312|2313|3283|5197|4143|3284|4256|2338|2339|3294|2340|3295|2341|3025,97|90|325|324|344,5 de Mayo,20.557318805199,-100.43359001494,14.923809523809528,,0,True,50.84047619047618
2798,35.916666666666664,364.0,L159,26,8,2798|2799|2800|2801|2802|2803|2804|2805|2806|2807|2808|2809|2810|2288|2080|2859|2860|2220|2337|2338|2339|3294|2340|3295|2341|3025,364|363|255|358|325|351|375|344,Camelinas/Dalias,20.67705915,-100.4557497,24.902380952380952,,0,True,60.819047619047616
4360,35.92500000000001,355.0,C69,27,8,4360|2834|2835|3220|3221|4264|4265|2730|2731|2732|2733|2734|2735|2606|2288|2080|2859|2860|2220|2337|2338|2339|3294|2340|3295|2341|3025,355|422|255|358|325|351|375|344,Blvd. Villas del Mesón/Blvd. Fray Antonio de Monroy E Hijar,20.706476013292,-100.44823953283,0.1952380952380953,,0,True,36.12023809523811
3308,35.95,342.0,C52,31,10,3308|3309|3151|3685|3152|3386|3387|3389|3160|3161|3162|3163|4045|3164|3165|2610|2611|2074|2288|2080|2859|2860|2220|2337|2338|2339|3294|2340|3295|2341|3025,342|323|245|374|255|358|325|351|375|344,San Daniel/Loretto,20.65519151,-100.4694229,9.03374741200828,,0,True,44.983747412008285
1940,35.96666666666666,112.0,L103,19,5,1940|1941|1942|2192|1948|1949|1950|1951|1952|3281|1915|2392|2338|2339|3294|2340|3295|2341|3025,112|319|160|324|344,Calle León/Blvd. Bisonte,20.654158121338,-100.33914782676,10.133333333333338,,0,True,46.1
4387,35.966666666666676,422.0,L165,27,8,4387|2834|2835|3220|3221|4264|4265|2730|2731|2732|2733|2734|2735|2606|2288|2080|2859|2860|2220|2337|2338|2339|3294|2340|3295|2341|3025,422|355|255|358|325|351|375|344,Blvd. Villas del Mesón/Blvd. Fray Antonio de Monroy E Hijar,20.706603500765,-100.44950267765,0.0,,0,False,35.966666666666676
3451,35.99999999999999,340.0,C50,31,10,3451|3401|3313|3403|3404|2279|2280|2281|2282|2283|2284|2285|3339|2286|2897|2287|3340|2074|2288|2080|2859|2860|2220|2337|2338|2339|3294|2340|3295|2341|3025,340|354|316|374|255|358|325|351|375|344,Av. San Miguel/Calle San Arael,20.65615896,-100.473027,21.20068027210884,,0,True,57.20068027210883
2276,36.00000000000001,316.0,C71,29,8,2276|2277|2278|2279|2280|2281|2282|2283|2284|2285|3339|2286|2897|2287|3340|2074|2288|2080|2859|2860|2220|2337|2338|2339|3294|2340|3295|2341|3025,316|374|255|358|325|351|375|344,Paseo Querétaro/San Miguel Carrillo,20.670880997046,-100.48453772096,28.520476190476188,,0,True,64.52047619047619
5077,36.01666666666666,139.0,C32,43,10,5077|2489|2472|2473|2474|5078|2475|2476|2477|2212|2213|2214|2215|2216|2217|2218|2219|2032|2023|2024|2856|1439|1438|2537|1920|1921|4241|2310|2311|2312|2313|3283|5197|4143|3284|4256|2338|2339|3294|2340|3295|2341|3025,139|321|341|376|386|98|90|325|324|344,Blvd. de Los Gobernadores/Av. Casa Blanca,20.553000591352,-100.37323670805,0.0,,0,True,36.01666666666666
3020,36.016666666666666,322.0,C29,38,7,3020|3021|3022|5223|4116|2506|2507|2508|2509|4138|2291|2292|2293|2294|2295|2296|2418|2419|5180|2672|2201|4241|2310|2311|2312|2313|3283|5197|4143|3284|4256|2338|2339|3294|2340|3295|2341|3025,322|373|319|338|325|324|344,Calle Camino Real/Universidad Tecmilenio,20.53256994,-100.4033222,13.388293650793653,,0,True,49.40496031746032
3013,36.03333333333333,379.0,T13,36,9,3013|3014|3476|3477|3479|3478|5094|3480|3130|3927|4133|2913|2914|2915|2916|2917|2918|2919|2920|2921|2922|2923|2924|2984|2858|2859|2860|2220|2337|2338|2339|3294|2340|3295|2341|3025,379|350|341|377|354|325|351|375|344,Sierra Morena/Primaria Lorenzo de la Parra,20.62558287,-100.4774015,14.040079365079364,,0,True,50.073412698412696
3398,36.050000000000004,340.0,C50,33,11,3398|3399|3400|3310|3311|3312|3404|2279|2280|2281|2282|2283|2284|2285|3339|2286|2897|2287|3340|2074|2288|2080|2859|2860|2220|2337|2338|2339|3294|2340|3295|2341|3025,340|323|354|316|374|255|358|325|351|375|344,Av. Agustín González Medina/Antonio Margil,20.65826338,-100.4649943,21.20068027210884,,0,True,57.250680272108845
3148,36.06666666666666,378.0,T10,33,11,3148|3149|3150|3310|3311|3312|3404|2279|2280|2281|2282|2283|2284|2285|3339|2286|2897|2287|3340|2074|2288|2080|2859|2860|2220|2337|2338|2339|3294|2340|3295|2341|3025,378|354|323|316|374|255|358|325|351|375|344,Esperanza Cabrera Muñoz/José Revueltas,20.65673294,-100.4629989,18.27857142857143,,0,True,54.34523809523809
3192,36.06666666666666,323.0,C31,33,10,3192|3193|3150|3310|3311|3312|3404|2279|2280|2281|2282|2283|2284|2285|3339|2286|2897|2287|3340|2074|2288|2080|2859|2860|2220|2337|2338|2339|3294|2340|3295|2341|3025,323|354|316|374|255|358|325|351|375|344,Av. Plan de San Luis/Av. San Rafael,20.65327292,-100.4635649,9.342592592592592,,0,True,45.40925925925926
2817,36.13333333333334,363.0,L158,31,8,2817|2818|2819|2820|2821|2822|2823|2824|2825|2844|2803|2804|2805|2806|2807|2808|2809|2810|2288|2080|2859|2860|2220|2337|2338|2339|3294|2340|3295|2341|3025,363|364|255|358|325|351|375|344,Paseo Jurica/Bahía Iii,20.67106708,-100.448122,0.0,,0,False,36.13333333333334
2942,36.16666666666667,349.0,C61,30,9,2942|3379|3380|3381|2904|2905|2906|2907|2908|2742|2572|2573|2574|2575|2610|2611|2074|2288|2080|2859|2860|2220|2337|2338|2339|3294|2340|3295|2341|3025,349|351|245|374|255|358|325|375|344,Prol. Bernardo Quintana/Calle Tarahumaras,20.63468069,-100.4688523,18.17098214285714,,0,True,54.33764880952381
5225,36.24999999999999,322.0,C29,41,8,5225|2416|2417|2359|2360|2361|2362|2363|2364|2365|4129|2290|3600|2291|2292|2293|2294|2295|2296|2418|2419|5180|2672|2201|4241|2310|2311|2312|2313|3283|5197|4143|3284|4256|2338|2339|3294|2340|3295|2341|3025,322|319|233|326|338|325|324|344,Calle Rafael de la Mora/Calle 53,20.56578974475,-100.39799916244,13.388293650793653,,0,True,49.63829365079364
2771,36.258333333333326,93.0,L54,40,9,2771|1395|2772|1396|1397|1359|1327|1398|1399|2190|3301|1300|1301|1302|1761|1303|1304|1305|1306|1432|1433|1434|3297|4241|2310|2311|2312|2313|3283|5197|4143|3284|4256|2338|2339|3294|2340|3295|2341|3025,93|92|128|255|90|97|325|324|344,Valle del Sol/Calle Valle de Anáhuac,20.520354032279,-100.45808710887,26.501190476190484,,0,True,62.75952380952381
5286,36.25833333333333,364.0,L159,30,8,5286|5287|5288|2842|2843|2823|2824|2825|2844|2803|2804|2805|2806|2807|2808|2809|2810|2288|2080|2859|2860|2220|2337|2338|2339|3294|2340|3295|2341|3025,364|363|255|358|325|351|375|344,Camino A El Nabo,20.682504585921,-100.46629902704,24.902380952380952,,0,True,61.160714285714285
2651,36.26666666666666,337.0,C47,38,9,2651|2631|2250|4152|2251|3679|2627|2508|2509|4138|2291|2292|2293|2294|2295|2296|2418|2419|5180|2672|2201|4241|2310|2311|2312|2313|3283|5197|4143|3284|4256|2338|2339|3294|2340|3295|2341|3025,337|336|334|322|319|338|325|324|344,Calle Antonio Acona/Calle Antonio Carranza,20.555583,-100.404354,11.736904761904764,,0,True,48.00357142857142
1992,36.26666666666666,160.0,L59,46,6,1992|2045|2046|2179|2180|2181|3534|2367|5092|2368|2372|5093|2373|3535|1968|1969|2176|2177|2178|2042|2043|2044|1973|1974|4435|1979|1980|1977|1976|5157|5158|5159|5160|3061|2014|2015|1983|1915|2392|2338|2339|3294|2340|3295|2341|3025,160|163|324|325|326|344,Río Yaqui/Ficus,20.634667515003,-100.38561490937,14.03738095238095,,0,True,50.30404761904761
2488,36.283333333333324,321.0,C27,44,10,2488|2526|2489|2472|2473|2474|5078|2475|2476|2477|2212|2213|2214|2215|2216|2217|2218|2219|2032|2023|2024|2856|1439|1438|2537|1920|1921|4241|2310|2311|2312|2313|3283|5197|4143|3284|4256|2338|2339|3294|2340|3295|2341|3025,321|139|341|376|386|98|90|325|324|344,Cobá/Blvd de Los Gobernadores,20.556378807637,-100.37004328427,7.660822510822512,,0,True,43.94415584415584
1757,36.28333333333333,128.0,L100,32,9,1757|1758|1759|3525|2736|2737|2738|2739|2740|2741|2952|2742|2572|2573|2574|2575|2610|2611|2074|2288|2080|2859|2860|2220|2337|2338|2339|3294|2340|3295|2341|3025,128|245|374|255|358|325|351|375|344,Cto. Merlot/Malbec,20.60841122,-100.4851868,25.417559523809526,,0,True,61.70089285714286
1412,36.29166666666666,94.0,L55,36,9,1412|1413|1414|1330|1399|2190|3301|1300|1301|1302|1761|1303|1304|1305|1306|1432|1433|1434|3297|4241|2310|2311|2312|2313|3283|5197|4143|3284|4256|2338|2339|3294|2340|3295|2341|3025,94|92|128|255|90|97|325|324|344,San Miguel/San Javier,20.531787216854,-100.48793305725,31.653571428571436,,0,True,67.9452380952381
1382,36.30833333333333,92.0,L53,37,9,1382|1383|1387|1386|1330|1399|2190|3301|1300|1301|1302|1761|1303|1304|1305|1306|1432|1433|1434|3297|4241|2310|2311|2312|2313|3283|5197|4143|3284|4256|2338|2339|3294|2340|3295|2341|3025,92|94|128|255|90|97|325|324|344,Josefa Vergara/Valle Dorado,20.523332072742,-100.46983194099,26.31309523809524,,0,True,62.62142857142857
4315,36.31666666666666,396.0,T16,36,9,4315|2625|3577|5107|2519|3578|2216|2217|2218|2219|2032|2023|2024|2856|1439|1438|2537|1920|1921|4241|2310|2311|2312|2313|3283|5197|4143|3284|4256|2338|2339|3294|2340|3295|2341|3025,396|322|376|386|98|90|325|324|344,Parque Nacional El Cimatario,20.533684178417,-100.34089725948,12.226587301587305,,0,True,48.543253968253964
2790,36.333333333333336,257.0,C66,25,7,2790|2791|3333|4264|4265|2730|2731|2732|2733|2734|2735|2606|2288|2080|2859|2860|2220|2337|2338|2339|3294|2340|3295|2341|3025,257|255|358|325|351|375|344,Av. San Isidro/Blvd. Fray Antonio de Monroy E Hijar,20.69579983,-100.4522409,0.0,,0,False,36.333333333333336
2399,36.333333333333336,97.0,C22,37,7,2399|3925|1333|3540|1334|1335|1336|1337|1338|1339|1340|1341|1762|1763|2200|4430|1764|1765|1766|2201|4241|2310|2311|2312|2313|3283|5197|4143|3284|4256|2338|2339|3294|2340|3295|2341|3025,97|98|336|338|325|324|344,Miguel Hidalgo/Juventud,20.546896,-100.439903,14.923809523809528,,0,True,51.25714285714287
5066,36.349999999999994,335.0,C44,38,10,5066|2631|2250|4152|2251|3679|2627|2508|2509|4138|2291|2292|2293|2294|2295|2296|2418|2419|5180|2672|2201|4241|2310|2311|2312|2313|3283|5197|4143|3284|4256|2338|2339|3294|2340|3295|2341|3025,335|337|336|334|322|319|338|325|324|344,Av. Chabacano/Calle Lima,20.555633707247,-100.40567195595,0.0,,0,True,36.349999999999994
1939,36.383333333333326,112.0,L103,20,5,1939|1940|1941|1942|2192|1948|1949|1950|1951|1952|3281|1915|2392|2338|2339|3294|2340|3295|2341|3025,112|319|160|324|344,Av. Búfalo/Av. Gacela,20.655511406,-100.33920299849,10.133333333333338,,0,True,46.516666666666666
2208,36.43333333333333,371.0,T03,42,10,2208|2853|2854|2855|2209|5161|2210|2211|2212|2213|2214|2215|2216|2217|2218|2219|2032|2023|2024|2856|1439|1438|2537|1920|1921|4241|2310|2311|2312|2313|3283|5197|4143|3284|4256|2338|2339|3294|2340|3295|2341|3025,371|321|341|376|386|98|90|325|324|344,Boulevard de Los Gobernadores/Luis Pasteur,20.5494845,-100.3775243,10.360119047619051,,0,True,46.79345238095238
3453,36.449999999999996,340.0,C50,34,11,3453|3454|3149|3150|3310|3311|3312|3404|2279|2280|2281|2282|2283|2284|2285|3339|2286|2897|2287|3340|2074|2288|2080|2859|2860|2220|2337|2338|2339|3294|2340|3295|2341|3025,340|354|323|316|374|255|358|325|351|375|344,Av. Agustín González Medina/Antonio Margil,20.65815148,-100.4650517,21.20068027210884,,0,True,57.650680272108836
3018,36.45833333333333,373.0,T05,36,7,3018|3019|4274|4275|5119|5205|4111|1300|1301|1302|1761|1303|1304|1305|1306|1432|1433|1434|3297|4241|2310|2311|2312|2313|3283|5197|4143|3284|4256|2338|2339|3294|2340|3295|2341|3025,373|408|90|97|325|324|344,Av. Camino Real/Calle del Arcangel,20.53814449,-100.3981345,21.553571428571427,,0,True,58.01190476190476
1288,36.51666666666665,96.0,C21,44,6,1288|1289|3296|3674|1350|1351|4142|1292|1293|1294|1295|1296|1297|1298|1299|1300|1301|1302|1761|1303|1304|1305|1306|1432|1433|1434|3297|4241|2310|2311|2312|2313|3283|5197|4143|3284|4256|2338|2339|3294|2340|3295|2341|3025,96|97|90|325|324|344,Orquídeas/Av. Sta María del Pueblito,20.552540124632,-100.45008612022,14.653571428571428,,0,True,51.170238095238076
3307,36.51666666666667,342.0,C52,32,10,3307|3308|3309|3151|3685|3152|3386|3387|3389|3160|3161|3162|3163|4045|3164|3165|2610|2611|2074|2288|2080|2859|2860|2220|2337|2338|2339|3294|2340|3295|2341|3025,342|323|245|374|255|358|325|351|375|344,San Ariel/San Daniel,20.65463711,-100.4709024,9.03374741200828,,0,True,45.550414078674955
2760,36.53333333333333,140.0,L107,43,11,2760|2208|2853|2854|2855|2209|5161|2210|2211|2212|2213|2214|2215|2216|2217|2218|2219|2032|2023|2024|2856|1439|1438|2537|1920|1921|4241|2310|2311|2312|2313|3283|5197|4143|3284|4256|2338|2339|3294|2340|3295|2341|3025,140|371|321|341|376|386|98|90|325|324|344,Prol. Pasteur Sur/Blvd. de Los Gobernadores,20.549592903662,-100.37744860008,0.0,,0,False,36.53333333333333
3317,36.55000000000001,332.0,C41,29,10,3317|3318|3319|3320|3321|3322|3323|5172|5173|2572|2573|2574|2575|2610|2611|2074|2288|2080|2859|2860|2220|2337|2338|2339|3294|2340|3295|2341|3025,332|327|245|374|255|358|325|351|375|344,Calle David Alfaro Siqueiros/Av. Pedro Coronel,20.6326963,-100.4710555,18.327551020408162,,0,True,54.87755102040818
1756,36.56666666666666,128.0,L100,33,9,1756|1757|1758|1759|3525|2736|2737|2738|2739|2740|2741|2952|2742|2572|2573|2574|2575|2610|2611|2074|2288|2080|2859|2860|2220|2337|2338|2339|3294|2340|3295|2341|3025,128|245|374|255|358|325|351|375|344,Cto. Merlot/Cerdeña,20.60857129,-100.4833126,25.417559523809526,,0,True,61.98422619047619
3942,36.56666666666667,314.0,C70,41,5,3942|3894|2369|2370|2371|2372|5093|2373|3535|1968|1969|2176|2177|2178|2042|2043|2044|1973|1974|4435|1979|1980|1977|1976|5157|5158|5159|5160|3061|2014|2015|1983|1915|2392|2338|2339|3294|2340|3295|2341|3025,314|326|160|324|344,Anillo Vial Fray Junípero Serra/Privalia Ambienta,20.662394154106,-100.38599693471,0.0,,0,False,36.56666666666667
3607,36.60000000000001,351.0,C63,30,9,3607|2902|2903|3347|2904|2905|2906|2907|2908|2742|2572|2573|2574|2575|2610|2611|2074|2288|2080|2859|2860|2220|2337|2338|2339|3294|2340|3295|2341|3025,351|349|245|374|255|358|325|375|344,Blvd. Peña Flor/Cto. Puerta del Sol,20.64561773,-100.4821679,13.587362637362636,,0,True,50.18736263736265
3603,36.60833333333334,422.0,L165,28,8,3603|4387|2834|2835|3220|3221|4264|4265|2730|2731|2732|2733|2734|2735|2606|2288|2080|2859|2860|2220|2337|2338|2339|3294|2340|3295|2341|3025,422|355|255|358|325|351|375|344,Blvd. Villas del Meson/Unidad Deportiva Juriquilla,20.70777795,-100.452034,0.0,,0,False,36.60833333333334
1888,36.61666666666667,373.0,T05,30,9,1888|4080|4081|2159|4155|4156|2160|1903|5120|1904|1890|1891|3640|1894|1905|2082|1884|2204|3280|4447|3281|1915|2392|2338|2339|3294|2340|3295|2341|3025,373|369|370|347|379|319|160|324|344,Av. del Ferrocarril/El Pinito,20.613305057077,-100.32656991671,21.553571428571427,,0,True,58.17023809523809
1381,36.625,92.0,L53,38,9,1381|1382|1383|1387|1386|1330|1399|2190|3301|1300|1301|1302|1761|1303|1304|1305|1306|1432|1433|1434|3297|4241|2310|2311|2312|2313|3283|5197|4143|3284|4256|2338|2339|3294|2340|3295|2341|3025,92|94|128|255|90|97|325|324|344,Circuito 11 de Febrero/Vista Bella Residencial,20.522777480767,-100.47013694526,26.31309523809524,,0,True,62.938095238095244
3332,36.625000000000014,355.0,C69,28,8,3332|4360|2834|2835|3220|3221|4264|4265|2730|2731|2732|2733|2734|2735|2606|2288|2080|2859|2860|2220|2337|2338|2339|3294|2340|3295|2341|3025,355|422|255|358|325|351|375|344,Blvd. Universitario/Blvd. Juriquilla,20.70609838,-100.4459911,0.1952380952380953,,0,True,36.82023809523811
3582,36.73333333333333,323.0,C31,34,10,3582|3192|3193|3150|3310|3311|3312|3404|2279|2280|2281|2282|2283|2284|2285|3339|2286|2897|2287|3340|2074|2288|2080|2859|2860|2220|2337|2338|2339|3294|2340|3295|2341|3025,323|354|316|374|255|358|325|351|375|344,Av. Plan de San Luis/Solidaridad,20.65451421,-100.4621528,9.342592592592592,,0,True,46.075925925925915
1319,36.73333333333333,96.0,C21,44,7,1319|1320|3296|3674|1350|1351|4142|1292|1293|1294|1295|1296|1297|1298|1299|1300|1301|1302|1761|1303|1304|1305|1306|1432|1433|1434|3297|4241|2310|2311|2312|2313|3283|5197|4143|3284|4256|2338|2339|3294|2340|3295|2341|3025,96|98|97|90|325|324|344,Av. Fray Eulalio Hernández Rivera/Camino Al Cerrito,20.5497444621,-100.44535895378,14.653571428571428,,0,True,51.38690476190476
2357,36.73333333333333,335.0,C44,41,9,2357|2358|5062|2359|2360|2361|2362|2363|2364|2365|4129|2290|3600|2291|2292|2293|2294|2295|2296|2418|2419|5180|2672|2201|4241|2310|2311|2312|2313|3283|5197|4143|3284|4256|2338|2339|3294|2340|3295|2341|3025,335|375|319|233|326|338|325|324|344,J. Novelo/Calle José Ma. Lozano,20.56451641,-100.3954098,0.0,,0,True,36.73333333333333
4260,36.75,349.0,C61,29,9,4260|4261|2944|3348|4436|3369|3370|2908|2742|2572|2573|2574|2575|2610|2611|2074|2288|2080|2859|2860|2220|2337|2338|2339|3294|2340|3295|2341|3025,349|245|374|255|358|325|351|375|344,Av. Navarra/Anáhuac,20.63687553,-100.4789627,18.17098214285714,,0,True,54.92098214285714
3696,36.75,283.0,C67,25,7,3696|3697|3698|3699|4173|3700|3701|4174|4175|3352|3353|3354|3355|2080|2859|2860|2220|2337|2338|2339|3294|2340|3295|2341|3025,283|349|351|358|325|375|344,Calle Mayas/Totonacas,20.63248027,-100.458097,26.925661375661374,,0,True,63.67566137566138
2797,36.766666666666666,364.0,L159,27,8,2797|2798|2799|2800|2801|2802|2803|2804|2805|2806|2807|2808|2809|2810|2288|2080|2859|2860|2220|2337|2338|2339|3294|2340|3295|2341|3025,364|363|255|358|325|351|375|344,Camelinas/Glorias,20.67771086,-100.4532344,24.902380952380952,,0,True,61.66904761904762
3012,36.766666666666666,379.0,T13,37,9,3012|3013|3014|3476|3477|3479|3478|5094|3480|3130|3927|4133|2913|2914|2915|2916|2917|2918|2919|2920|2921|2922|2923|2924|2984|2858|2859|2860|2220|2337|2338|2339|3294|2340|3295|2341|3025,379|350|341|377|354|325|351|375|344,Av. Sierra Nevada/Tule,20.6258209,-100.4751642,14.040079365079364,,0,True,50.80674603174603
2665,36.78333333333334,233.0,L113,42,6,2665|2666|2667|2255|2639|2640|2641|2258|2259|2260|2261|2262|2263|3023|2264|4393|2199|1762|1763|2200|4430|1764|1765|1766|2201|4241|2310|2311|2312|2313|3283|5197|4143|3284|4256|2338|2339|3294|2340|3295|2341|3025,233|336|338|325|324|344,Camino A Los Olvera/Aristóteles,20.53386746,-100.4184696,12.858333333333336,,0,True,49.64166666666667
5118,36.79166666666666,408.0,C73,36,6,5118|3019|4274|4275|5119|5205|4111|1300|1301|1302|1761|1303|1304|1305|1306|1432|1433|1434|3297|4241|2310|2311|2312|2313|3283|5197|4143|3284|4256|2338|2339|3294|2340|3295|2341|3025,408|90|97|325|324|344,Libramiento Surponiente/Blvd. de Las Américas,20.53956289215,-100.38812604954,30.109920634920638,,0,True,66.9015873015873
2660,36.79999999999999,337.0,C47,44,8,2660|1320|3296|3674|1350|1351|4142|1292|1293|1294|1295|1296|1297|1298|1299|1300|1301|1302|1761|1303|1304|1305|1306|1432|1433|1434|3297|4241|2310|2311|2312|2313|3283|5197|4143|3284|4256|2338|2339|3294|2340|3295|2341|3025,337|98|97|96|90|325|324|344,Camino Al Cerrito/Fray Eulalio Hernández Rivera,20.54998264,-100.4449904,11.736904761904764,,0,True,48.53690476190475
2554,36.83333333333333,160.0,L59,47,6,2554|1992|2045|2046|2179|2180|2181|3534|2367|5092|2368|2372|5093|2373|3535|1968|1969|2176|2177|2178|2042|2043|2044|1973|1974|4435|1979|1980|1977|1976|5157|5158|5159|5160|3061|2014|2015|1983|1915|2392|2338|2339|3294|2340|3295|2341|3025,160|163|324|325|326|344,Río San Pedro/Río Janitzio,20.632529413632,-100.38522431631,14.03738095238095,,0,True,50.87071428571428
3397,36.833333333333336,340.0,C50,34,11,3397|3398|3399|3400|3310|3311|3312|3404|2279|2280|2281|2282|2283|2284|2285|3339|2286|2897|2287|3340|2074|2288|2080|2859|2860|2220|2337|2338|2339|3294|2340|3295|2341|3025,340|323|354|316|374|255|358|325|351|375|344,Av. Agustín González Medina/Esperanza Cabrera Muñoz,20.65674547,-100.4641631,21.20068027210884,,0,True,58.034013605442176
1755,36.86666666666666,128.0,L100,34,9,1755|1756|1757|1758|1759|3525|2736|2737|2738|2739|2740|2741|2952|2742|2572|2573|2574|2575|2610|2611|2074|2288|2080|2859|2860|2220|2337|2338|2339|3294|2340|3295|2341|3025,128|245|374|255|358|325|351|375|344,Cto. Merlot/Sicilia,20.60888453,-100.481277,25.417559523809526,,0,True,62.28422619047619
1946,36.86666666666666,325.0,C34,20,6,1946|5134|3891|1947|2194|1948|1949|1950|1951|1952|3281|1915|2392|2338|2339|3294|2340|3295|2341|3025,325|319|112|160|324|344,Av. Perdiz/Av. Ciervo,20.650372348042,-100.34174339572,10.070466058763932,,0,True,46.937132725430594
2941,36.88333333333334,349.0,C61,31,9,2941|2942|3379|3380|3381|2904|2905|2906|2907|2908|2742|2572|2573|2574|2575|2610|2611|2074|2288|2080|2859|2860|2220|2337|2338|2339|3294|2340|3295|2341|3025,349|351|245|374|255|358|325|375|344,Prol. Bernardo Quintana/Las Quintas Segunda Sección,20.63307159,-100.4675948,18.17098214285714,,0,True,55.05431547619048
5224,36.93333333333332,322.0,C29,42,8,5224|5225|2416|2417|2359|2360|2361|2362|2363|2364|2365|4129|2290|3600|2291|2292|2293|2294|2295|2296|2418|2419|5180|2672|2201|4241|2310|2311|2312|2313|3283|5197|4143|3284|4256|2338|2339|3294|2340|3295|2341|3025,322|319|233|326|338|325|324|344,Rafael de la Mora/Calle 25,20.56576487983,-100.39622248187,13.388293650793653,,0,True,50.32162698412698
3298,36.96666666666667,129.0,L101,30,7,3298|1338|1339|1340|1341|1762|1763|2200|4430|1764|1765|1766|2201|4241|2310|2311|2312|2313|3283|5197|4143|3284|4256|2338|2339|3294|2340|3295|2341|3025,129|98|336|338|325|324|344,Av. Prol. El Jacal/Calle Norberto Aguirre,20.55408215,-100.4402527,6.9583333333333375,,0,True,43.925000000000004
3452,36.98333333333333,354.0,C68,35,11,3452|3453|3454|3149|3150|3310|3311|3312|3404|2279|2280|2281|2282|2283|2284|2285|3339|2286|2897|2287|3340|2074|2288|2080|2859|2860|2220|2337|2338|2339|3294|2340|3295|2341|3025,354|340|323|316|374|255|358|325|351|375|344,Av. Eduardo Loarca,20.65756859,-100.4663879,20.138253968253967,,0,True,57.1215873015873
3505,36.983333333333334,281.0,L115,24,11,3505|3506|3507|3508|3509|4045|3164|3165|2610|2611|2074|2288|2080|2859|2860|2220|2337|2338|2339|3294|2340|3295|2341|3025,281|342|323|245|374|255|358|325|351|375|344,Monte Alban/Calle Apeninos,20.65164202,-100.4473434,23.809523809523807,,0,True,60.792857142857144
2726,36.98333333333334,255.0,T11,27,6,2726|4117|2727|2728|2729|4264|4265|2730|2731|2732|2733|2734|2735|2606|2288|2080|2859|2860|2220|2337|2338|2339|3294|2340|3295|2341|3025,255|358|325|351|375|344,Av. Constitución/Independencia Norte,20.72400973,-100.4401673,13.954024943310655,,0,True,50.937358276644
4439,36.98333333333334,314.0,C70,27,7,4439|5113|5108|3882|2698|2699|4437|2730|2731|2732|2733|2734|2735|2606|2288|2080|2859|2860|2220|2337|2338|2339|3294|2340|3295|2341|3025,314|358|255|325|351|375|344,Anillo Vial Fray Junípero Serra/Ollin,20.676609662128,-100.42746346772,0.0,,0,False,36.98333333333334
5111,36.99999999999999,325.0,C34,19,6,5111|3891|1947|2194|1948|1949|1950|1951|1952|3281|1915|2392|2338|2339|3294|2340|3295|2341|3025,325|319|112|160|324|344,Anillo Vial Fray Junípero Serra/Campo Real,20.660850612643,-100.34729020452,10.070466058763932,,0,True,47.07046605876393
2521,37.033333333333324,139.0,C32,44,10,2521|5077|2489|2472|2473|2474|5078|2475|2476|2477|2212|2213|2214|2215|2216|2217|2218|2219|2032|2023|2024|2856|1439|1438|2537|1920|1921|4241|2310|2311|2312|2313|3283|5197|4143|3284|4256|2338|2339|3294|2340|3295|2341|3025,139|321|341|376|386|98|90|325|324|344,Boulevard de Los Gobernadores/Pastizales,20.55154835158,-100.37472017655,0.0,,0,True,37.033333333333324
5212,37.05,322.0,C29,39,7,5212|3020|3021|3022|5223|4116|2506|2507|2508|2509|4138|2291|2292|2293|2294|2295|2296|2418|2419|5180|2672|2201|4241|2310|2311|2312|2313|3283|5197|4143|3284|4256|2338|2339|3294|2340|3295|2341|3025,322|373|319|338|325|324|344,Calle Manzano/Calle Cedro Oriente,20.53498534963,-100.40518992465,13.388293650793653,,0,True,50.43829365079365
1754,37.099999999999994,128.0,L100,35,9,1754|1755|1756|1757|1758|1759|3525|2736|2737|2738|2739|2740|2741|2952|2742|2572|2573|2574|2575|2610|2611|2074|2288|2080|2859|2860|2220|2337|2338|2339|3294|2340|3295|2341|3025,128|245|374|255|358|325|351|375|344,Cto. Merlot/Pinot,20.60762368,-100.4821173,25.417559523809526,,0,True,62.517559523809524
3194,37.1,340.0,C50,35,11,3194|3397|3398|3399|3400|3310|3311|3312|3404|2279|2280|2281|2282|2283|2284|2285|3339|2286|2897|2287|3340|2074|2288|2080|2859|2860|2220|2337|2338|2339|3294|2340|3295|2341|3025,340|323|354|316|374|255|358|325|351|375|344,Esperanza Cabrera Muñoz/Roberto Chelet,20.656202592929,-100.46429843514,21.20068027210884,,0,True,58.30068027210884
2553,37.11666666666666,160.0,L59,48,6,2553|2554|1992|2045|2046|2179|2180|2181|3534|2367|5092|2368|2372|5093|2373|3535|1968|1969|2176|2177|2178|2042|2043|2044|1973|1974|4435|1979|1980|1977|1976|5157|5158|5159|5160|3061|2014|2015|1983|1915|2392|2338|2339|3294|2340|3295|2341|3025,160|163|324|325|326|344,Río San Pedro/Río Atoyac,20.632670056834,-100.38409643542,14.03738095238095,,0,True,51.15404761904761
4432,37.11666666666666,325.0,C34,41,5,4432|4433|5098|2384|2387|2372|5093|2373|3535|1968|1969|2176|2177|2178|2042|2043|2044|1973|1974|4435|1979|1980|1977|1976|5157|5158|5159|5160|3061|2014|2015|1983|1915|2392|2338|2339|3294|2340|3295|2341|3025,325|326|160|324|344,Anillo Vial Fray Junípero Serra/Cto. Universidades,20.66141600186,-100.34703747136,10.070466058763932,,0,True,47.187132725430594
1938,37.14999999999999,112.0,L103,21,5,1938|1939|1940|1941|1942|2192|1948|1949|1950|1951|1952|3281|1915|2392|2338|2339|3294|2340|3295|2341|3025,112|319|160|324|344,Av. Búfalo/Av. Antílope,20.657717109107,-100.34047435712,10.133333333333338,,0,True,47.28333333333333
1991,37.15,326.0,C35,47,5,1991|1990|1989|1988|1987|1986|1985|1984|2367|5092|2368|2372|5093|2373|3535|1968|1969|2176|2177|2178|2042|2043|2044|1973|1974|4435|1979|1980|1977|1976|5157|5158|5159|5160|3061|2014|2015|1983|1915|2392|2338|2339|3294|2340|3295|2341|3025,326|325|324|160|344,Prol. Euripides/Río Querétaro,20.63815931,-100.382663,10.968287740628165,,0,True,48.11828774062816
2940,37.18333333333334,349.0,C61,32,9,2940|2941|2942|3379|3380|3381|2904|2905|2906|2907|2908|2742|2572|2573|2574|2575|2610|2611|2074|2288|2080|2859|2860|2220|2337|2338|2339|3294|2340|3295|2341|3025,349|351|245|374|255|358|325|375|344,Prol. Bernardo Quintana/Av. de la Luz,20.63238835,-100.4670543,18.17098214285714,,0,True,55.35431547619048
2833,37.19166666666668,422.0,L165,29,8,2833|3603|4387|2834|2835|3220|3221|4264|4265|2730|2731|2732|2733|2734|2735|2606|2288|2080|2859|2860|2220|2337|2338|2339|3294|2340|3295|2341|3025,422|355|255|358|325|351|375|344,Hacienda Galindo/Hacienda de Balvanera,20.7068693,-100.4544064,0.0,,0,False,37.19166666666668
3393,37.224999999999994,367.0,L60,35,11,3393|3582|3192|3193|3150|3310|3311|3312|3404|2279|2280|2281|2282|2283|2284|2285|3339|2286|2897|2287|3340|2074|2288|2080|2859|2860|2220|2337|2338|2339|3294|2340|3295|2341|3025,367|323|354|316|374|255|358|325|351|375|344,Calle 13/Hacienda Carretas,20.65499889,-100.460913,24.249999999999996,,0,True,61.474999999999994
2816,37.25000000000001,363.0,L158,32,8,2816|2817|2818|2819|2820|2821|2822|2823|2824|2825|2844|2803|2804|2805|2806|2807|2808|2809|2810|2288|2080|2859|2860|2220|2337|2338|2339|3294|2340|3295|2341|3025,363|364|255|358|325|351|375|344,Paseo Jurica/Bahía V,20.66851592,-100.4449541,0.0,,0,False,37.25000000000001
2759,37.28333333333333,140.0,L107,44,11,2759|2760|2208|2853|2854|2855|2209|5161|2210|2211|2212|2213|2214|2215|2216|2217|2218|2219|2032|2023|2024|2856|1439|1438|2537|1920|1921|4241|2310|2311|2312|2313|3283|5197|4143|3284|4256|2338|2339|3294|2340|3295|2341|3025,140|371|321|341|376|386|98|90|325|324|344,Calle Luis Pasteur Sur/Bugambilias,20.550693338306,-100.37750096741,0.0,,0,False,37.28333333333333
3675,37.29166666666666,129.0,L101,44,7,3675|3299|3676|5100|1290|1291|4142|1292|1293|1294|1295|1296|1297|1298|1299|1300|1301|1302|1761|1303|1304|1305|1306|1432|1433|1434|3297|4241|2310|2311|2312|2313|3283|5197|4143|3284|4256|2338|2339|3294|2340|3295|2341|3025,129|337|97|90|325|324|344,Av. Prol. El Jacal/Calle 4,20.557976091822,-100.43525847036,6.9583333333333375,,0,True,44.24999999999999
3191,37.3,323.0,C31,35,10,3191|3582|3192|3193|3150|3310|3311|3312|3404|2279|2280|2281|2282|2283|2284|2285|3339|2286|2897|2287|3340|2074|2288|2080|2859|2860|2220|2337|2338|2339|3294|2340|3295|2341|3025,323|354|316|374|255|358|325|351|375|344,Av. Plan de San Luis/Calle Revolución,20.65577655,-100.4611544,9.342592592592592,,0,True,46.64259259259259
3147,37.3,378.0,T10,34,11,3147|3148|3149|3150|3310|3311|3312|3404|2279|2280|2281|2282|2283|2284|2285|3339|2286|2897|2287|3340|2074|2288|2080|2859|2860|2220|2337|2338|2339|3294|2340|3295|2341|3025,378|354|323|316|374|255|358|325|351|375|344,Esperanza Cabrera Muñoz/Mario Vargas Llosa,20.6595541,-100.4614725,18.27857142857143,,0,True,55.57857142857142
3011,37.3,379.0,T13,38,9,3011|3012|3013|3014|3476|3477|3479|3478|5094|3480|3130|3927|4133|2913|2914|2915|2916|2917|2918|2919|2920|2921|2922|2923|2924|2984|2858|2859|2860|2220|2337|2338|2339|3294|2340|3295|2341|3025,379|350|341|377|354|325|351|375|344,Av. Chulavista/Av. Sierra Nevada,20.62571015,-100.4735287,14.040079365079364,,0,True,51.34007936507936
5095,37.30000000000001,350.0,C62,31,11,5095|3481|3482|2985|2986|2987|2988|2989|2741|2952|2742|2572|2573|2574|2575|2610|2611|2074|2288|2080|2859|2860|2220|2337|2338|2339|3294|2340|3295|2341|3025,350|379|128|245|374|255|358|325|351|375|344,Calle Hidalgo/Calle Corregidora,20.616808108179,-100.46740464342,15.95847338935574,,0,True,53.25847338935575
1345,37.36666666666666,98.0,C23,46,6,1345|1346|1347|1348|1349|3655|1350|1351|4142|1292|1293|1294|1295|1296|1297|1298|1299|1300|1301|1302|1761|1303|1304|1305|1306|1432|1433|1434|3297|4241|2310|2311|2312|2313|3283|5197|4143|3284|4256|2338|2339|3294|2340|3295|2341|3025,98|97|90|325|324|344,Blvd. Hacienda del Jacal/Terranova Residencial,20.560185712438,-100.43179308766,10.844812925170071,,0,True,48.211479591836735
1945,37.36666666666666,112.0,L103,21,6,1945|1946|5134|3891|1947|2194|1948|1949|1950|1951|1952|3281|1915|2392|2338|2339|3294|2340|3295|2341|3025,112|325|319|160|324|344,Horneros/Av. Ciervo,20.64915896,-100.3405392,10.133333333333338,,0,True,47.5
2845,37.43333333333333,364.0,L159,28,8,2845|2797|2798|2799|2800|2801|2802|2803|2804|2805|2806|2807|2808|2809|2810|2288|2080|2859|2860|2220|2337|2338|2339|3294|2340|3295|2341|3025,364|363|255|358|325|351|375|344,Paseo del Mesón/Paseo Jurica,20.67616509,-100.4521046,24.902380952380952,,0,True,62.33571428571428
2356,37.449999999999996,335.0,C44,42,9,2356|2357|2358|5062|2359|2360|2361|2362|2363|2364|2365|4129|2290|3600|2291|2292|2293|2294|2295|2296|2418|2419|5180|2672|2201|4241|2310|2311|2312|2313|3283|5197|4143|3284|4256|2338|2339|3294|2340|3295|2341|3025,335|375|319|233|326|338|325|324|344,Calle Rafael de la Mora/Calle 39,20.56574819,-100.3945453,0.0,,0,True,37.449999999999996
2774,37.49166666666668,422.0,L165,28,8,2774|4360|2834|2835|3220|3221|4264|4265|2730|2731|2732|2733|2734|2735|2606|2288|2080|2859|2860|2220|2337|2338|2339|3294|2340|3295|2341|3025,422|355|255|358|325|351|375|344,Blvd. Villas del Meson/Uvm Querétaro,20.705719242237,-100.44479965739,0.0,,0,False,37.49166666666668
3694,37.5,283.0,C67,24,10,3694|3587|3588|3520|2572|2573|2574|2575|2610|2611|2074|2288|2080|2859|2860|2220|2337|2338|2339|3294|2340|3295|2341|3025,283|361|245|374|255|358|325|351|375|344,Blvd. Peña Flor/Calle Peña Negra,20.644386033322,-100.46114409576,26.925661375661374,,0,True,64.42566137566138
3219,37.50833333333335,355.0,C69,29,8,3219|3332|4360|2834|2835|3220|3221|4264|4265|2730|2731|2732|2733|2734|2735|2606|2288|2080|2859|2860|2220|2337|2338|2339|3294|2340|3295|2341|3025,355|422|255|358|325|351|375|344,Blvd. Universitario/Shopping Center Juriquilla,20.70882935,-100.4461663,0.1952380952380953,,0,True,37.70357142857144
1996,37.533333333333324,160.0,L59,49,6,1996|2553|2554|1992|2045|2046|2179|2180|2181|3534|2367|5092|2368|2372|5093|2373|3535|1968|1969|2176|2177|2178|2042|2043|2044|1973|1974|4435|1979|1980|1977|1976|5157|5158|5159|5160|3061|2014|2015|1983|1915|2392|2338|2339|3294|2340|3295|2341|3025,160|163|324|325|326|344,Río Cazones/Río Atoyac,20.631059872108,-100.38394230432,14.03738095238095,,0,True,51.570714285714274
1753,37.533333333333324,128.0,L100,36,9,1753|1754|1755|1756|1757|1758|1759|3525|2736|2737|2738|2739|2740|2741|2952|2742|2572|2573|2574|2575|2610|2611|2074|2288|2080|2859|2860|2220|2337|2338|2339|3294|2340|3295|2341|3025,128|245|374|255|358|325|351|375|344,Cto. Merlot/Melbec (Ginegra),20.60704753,-100.4850096,25.417559523809526,,0,True,62.95089285714285
2789,37.53333333333334,257.0,C66,26,7,2789|2790|2791|3333|4264|4265|2730|2731|2732|2733|2734|2735|2606|2288|2080|2859|2860|2220|2337|2338|2339|3294|2340|3295|2341|3025,257|255|358|325|351|375|344,Av. San Isidro/Hacienda El Tintero,20.69862681,-100.4545977,0.0,,0,False,37.53333333333334
1318,37.599999999999994,96.0,C21,45,7,1318|1319|1320|3296|3674|1350|1351|4142|1292|1293|1294|1295|1296|1297|1298|1299|1300|1301|1302|1761|1303|1304|1305|1306|1432|1433|1434|3297|4241|2310|2311|2312|2313|3283|5197|4143|3284|4256|2338|2339|3294|2340|3295|2341|3025,96|98|97|90|325|324|344,Av. Fray Eulalio Hernández Rivera/Unidad Deportiva El Pueblito,20.547454003248,-100.44527139823,14.653571428571428,,0,True,52.25357142857142
3017,37.64166666666666,373.0,T05,37,7,3017|3018|3019|4274|4275|5119|5205|4111|1300|1301|1302|1761|1303|1304|1305|1306|1432|1433|1434|3297|4241|2310|2311|2312|2313|3283|5197|4143|3284|4256|2338|2339|3294|2340|3295|2341|3025,373|408|90|97|325|324|344,Av. Camino Real/Calle Mirador del Cimatario,20.54069809,-100.3997427,21.553571428571427,,0,True,59.19523809523808
4423,37.71666666666666,396.0,T16,37,9,4423|4315|2625|3577|5107|2519|3578|2216|2217|2218|2219|2032|2023|2024|2856|1439|1438|2537|1920|1921|4241|2310|2311|2312|2313|3283|5197|4143|3284|4256|2338|2339|3294|2340|3295|2341|3025,396|322|376|386|98|90|325|324|344,Qro 400/Qro 420,20.528199668815,-100.33734628899,12.226587301587305,,0,True,49.94325396825397
2901,37.716666666666676,351.0,C63,31,9,2901|3607|2902|2903|3347|2904|2905|2906|2907|2908|2742|2572|2573|2574|2575|2610|2611|2074|2288|2080|2859|2860|2220|2337|2338|2339|3294|2340|3295|2341|3025,351|349|245|374|255|358|325|375|344,Blvd. Peña Flor/Punta Norte,20.64451917,-100.4849915,13.587362637362636,,0,True,51.304029304029314
1752,37.73333333333333,128.0,L100,37,9,1752|1753|1754|1755|1756|1757|1758|1759|3525|2736|2737|2738|2739|2740|2741|2952|2742|2572|2573|2574|2575|2610|2611|2074|2288|2080|2859|2860|2220|2337|2338|2339|3294|2340|3295|2341|3025,128|245|374|255|358|325|351|375|344,Cto. Merlot/Estiria,20.60674698,-100.4863362,25.417559523809526,,0,True,63.15089285714285
4077,37.733333333333334,373.0,T05,31,9,4077|1888|4080|4081|2159|4155|4156|2160|1903|5120|1904|1890|1891|3640|1894|1905|2082|1884|2204|3280|4447|3281|1915|2392|2338|2339|3294|2340|3295|2341|3025,373|369|370|347|379|319|160|324|344,Av. del Ferrocarril/Escuela Primaria 15 de Mayo,20.6153229727,-100.32454325514,21.553571428571427,,0,True,59.286904761904765
2272,37.76666666666666,354.0,C68,32,10,2272|3451|3401|3313|3403|3404|2279|2280|2281|2282|2283|2284|2285|3339|2286|2897|2287|3340|2074|2288|2080|2859|2860|2220|2337|2338|2339|3294|2340|3295|2341|3025,354|340|316|374|255|358|325|351|375|344,Paseo Querétaro/San Daniel,20.651814336076,-100.47147194183,20.138253968253967,,0,True,57.90492063492063
3258,37.766666666666666,323.0,C31,36,10,3258|3191|3582|3192|3193|3150|3310|3311|3312|3404|2279|2280|2281|2282|2283|2284|2285|3339|2286|2897|2287|3340|2074|2288|2080|2859|2860|2220|2337|2338|2339|3294|2340|3295|2341|3025,323|354|316|374|255|358|325|351|375|344,Av. Plan de San Luis/Condominio 9,20.656799,-100.460353,9.342592592592592,,0,True,47.10925925925926
1390,37.775,92.0,L53,39,9,1390|1381|1382|1383|1387|1386|1330|1399|2190|3301|1300|1301|1302|1761|1303|1304|1305|1306|1432|1433|1434|3297|4241|2310|2311|2312|2313|3283|5197|4143|3284|4256|2338|2339|3294|2340|3295|2341|3025,92|94|128|255|90|97|325|324|344,Circuito 11 de Febrero/Atardecer,20.521233839134,-100.47206336481,26.31309523809524,,0,True,64.08809523809524
2664,37.800000000000004,233.0,L113,43,6,2664|2665|2666|2667|2255|2639|2640|2641|2258|2259|2260|2261|2262|2263|3023|2264|4393|2199|1762|1763|2200|4430|1764|1765|1766|2201|4241|2310|2311|2312|2313|3283|5197|4143|3284|4256|2338|2339|3294|2340|3295|2341|3025,233|336|338|325|324|344,Camino A Los Olvera/Misión de Tilaco,20.53599375,-100.4209127,12.858333333333336,,0,True,50.65833333333334
2832,37.88333333333335,422.0,L165,30,8,2832|2833|3603|4387|2834|2835|3220|3221|4264|4265|2730|2731|2732|2733|2734|2735|2606|2288|2080|2859|2860|2220|2337|2338|2339|3294|2340|3295|2341|3025,422|355|255|358|325|351|375|344,Av. San Isidro/La Solana,20.70435417,-100.4558577,0.0,,0,False,37.88333333333335
5179,37.91666666666666,319.0,C24,41,7,5179|2416|2417|2359|2360|2361|2362|2363|2364|2365|4129|2290|3600|2291|2292|2293|2294|2295|2296|2418|2419|5180|2672|2201|4241|2310|2311|2312|2313|3283|5197|4143|3284|4256|2338|2339|3294|2340|3295|2341|3025,319|233|326|338|325|324|344,Av. 4/Umaa Imss,20.571908210434,-100.39931878706,4.469736842105263,,0,True,42.38640350877192
3306,37.91666666666667,346.0,C56,33,11,3306|3307|3308|3309|3151|3685|3152|3386|3387|3389|3160|3161|3162|3163|4045|3164|3165|2610|2611|2074|2288|2080|2859|2860|2220|2337|2338|2339|3294|2340|3295|2341|3025,346|342|323|245|374|255|358|325|351|375|344,San Ariel/Av. San Miguel,20.65800877,-100.4721209,12.254166666666665,,0,True,50.170833333333334
5306,37.949999999999996,397.0,C72,35,10,5306|1755|1756|1757|1758|1759|3525|2736|2737|2738|2739|2740|2741|2952|2742|2572|2573|2574|2575|2610|2611|2074|2288|2080|2859|2860|2220|2337|2338|2339|3294|2340|3295|2341|3025,397|128|245|374|255|358|325|351|375|344,Av. Sauvignon,20.609224114449,-100.47969743655,0.0,,0,False,37.949999999999996
1456,37.95,99.0,T01,36,7,1456|1457|3862|3781|4445|1449|3485|1450|1475|1476|1472|1471|1470|1469|1439|1438|2537|1920|1921|4241|2310|2311|2312|2313|3283|5197|4143|3284|4256|2338|2339|3294|2340|3295|2341|3025,99|91|352|90|325|324|344,Prol. Constituyentes/Provenza,20.59828038141,-100.29349669885,13.72857142857143,,0,True,51.67857142857143
3875,37.95,352.0,C64,37,5,3875|3808|3809|3810|3811|3812|4404|3813|5104|1475|1476|1472|1471|1470|1469|1439|1438|2537|1920|1921|4241|2310|2311|2312|2313|3283|5197|4143|3284|4256|2338|2339|3294|2340|3295|2341|3025,352|90|325|324|344,Carr. Federal No. 57/José Guadalupe Ramírez Álvarez,20.571499142402,-100.28655163574,7.351785714285714,,0,True,45.301785714285714
2398,37.983333333333334,97.0,C22,38,7,2398|2399|3925|1333|3540|1334|1335|1336|1337|1338|1339|1340|1341|1762|1763|2200|4430|1764|1765|1766|2201|4241|2310|2311|2312|2313|3283|5197|4143|3284|4256|2338|2339|3294|2340|3295|2341|3025,97|98|336|338|325|324|344,Miguel Hidalgo/Fray Sebastián Gallegos,20.54223346,-100.4397822,14.923809523809528,,0,True,52.90714285714286
1287,38.04999999999998,96.0,C21,45,6,1287|1288|1289|3296|3674|1350|1351|4142|1292|1293|1294|1295|1296|1297|1298|1299|1300|1301|1302|1761|1303|1304|1305|1306|1432|1433|1434|3297|4241|2310|2311|2312|2313|3283|5197|4143|3284|4256|2338|2339|3294|2340|3295|2341|3025,96|97|90|325|324|344,Rosas/Colegio George Müller,20.552388482972,-100.45454607122,14.653571428571428,,0,True,52.70357142857141
2685,38.066666666666656,348.0,C60,22,6,2685|1938|1939|1940|1941|1942|2192|1948|1949|1950|1951|1952|3281|1915|2392|2338|2339|3294|2340|3295|2341|3025,348|112|319|160|324|344,Anillo Vial Fray Junípero Serra/Alce,20.658605540843,-100.342482912,12.36111111111111,,0,True,50.42777777777776
3695,38.083333333333336,283.0,C67,26,7,3695|3696|3697|3698|3699|4173|3700|3701|4174|4175|3352|3353|3354|3355|2080|2859|2860|2220|2337|2338|2339|3294|2340|3295|2341|3025,283|349|351|358|325|375|344,Calle Mayas/Tlaxcaltecas,20.63398318,-100.4582941,26.925661375661374,,0,True,65.0089947089947
4386,38.08333333333335,422.0,L165,31,8,4386|2832|2833|3603|4387|2834|2835|3220|3221|4264|4265|2730|2731|2732|2733|2734|2735|2606|2288|2080|2859|2860|2220|2337|2338|2339|3294|2340|3295|2341|3025,422|355|255|358|325|351|375|344,la Solana/Av. San Isidro,20.703811567367,-100.45647467061,0.0,,0,False,38.08333333333335
4434,38.099999999999994,160.0,L59,50,6,4434|1996|2553|2554|1992|2045|2046|2179|2180|2181|3534|2367|5092|2368|2372|5093|2373|3535|1968|1969|2176|2177|2178|2042|2043|2044|1973|1974|4435|1979|1980|1977|1976|5157|5158|5159|5160|3061|2014|2015|1983|1915|2392|2338|2339|3294|2340|3295|2341|3025,160|163|324|325|326|344,Calle Río Cazones/Guayaquil,20.630651109738,-100.38621145285,14.03738095238095,,0,True,52.137380952380944
1751,38.11666666666666,128.0,L100,38,9,1751|1752|1753|1754|1755|1756|1757|1758|1759|3525|2736|2737|2738|2739|2740|2741|2952|2742|2572|2573|2574|2575|2610|2611|2074|2288|2080|2859|2860|2220|2337|2338|2339|3294|2340|3295|2341|3025,128|245|374|255|358|325|351|375|344,Cto. Merlot/Maldonado,20.60617408,-100.4889292,25.417559523809526,,0,True,63.53422619047619
3010,38.11666666666667,372.0,T04,39,10,3010|3011|3012|3013|3014|3476|3477|3479|3478|5094|3480|3130|3927|4133|2913|2914|2915|2916|2917|2918|2919|2920|2921|2922|2923|2924|2984|2858|2859|2860|2220|2337|2338|2339|3294|2340|3295|2341|3025,372|379|350|341|377|354|325|351|375|344,Cordillera de Los Andes/Av. Chulavista,20.62752865,-100.4732145,26.492857142857137,,0,True,64.60952380952381
2796,38.13333333333333,363.0,L158,28,8,2796|2797|2798|2799|2800|2801|2802|2803|2804|2805|2806|2807|2808|2809|2810|2288|2080|2859|2860|2220|2337|2338|2339|3294|2340|3295|2341|3025,363|364|255|358|325|351|375|344,Libertad/Camelinas,20.67780844,-100.4512029,0.0,,0,False,38.13333333333333
5065,38.166666666666664,335.0,C44,39,10,5065|5066|2631|2250|4152|2251|3679|2627|2508|2509|4138|2291|2292|2293|2294|2295|2296|2418|2419|5180|2672|2201|4241|2310|2311|2312|2313|3283|5197|4143|3284|4256|2338|2339|3294|2340|3295|2341|3025,335|337|336|334|322|319|338|325|324|344,Av. Chabacano/Calle Mango,20.558459345246,-100.40296933856,0.0,,0,True,38.166666666666664
5198,38.18333333333332,325.0,C34,20,6,5198|5111|3891|1947|2194|1948|1949|1950|1951|1952|3281|1915|2392|2338|2339|3294|2340|3295|2341|3025,325|319|112|160|324|344,Anillo Vial Fray Junípero Serra/Natuur Towers,20.659533107458,-100.35276713081,10.070466058763932,,0,True,48.25379939209726
4153,38.27499999999999,408.0,C73,37,6,4153|5118|3019|4274|4275|5119|5205|4111|1300|1301|1302|1761|1303|1304|1305|1306|1432|1433|1434|3297|4241|2310|2311|2312|2313|3283|5197|4143|3284|4256|2338|2339|3294|2340|3295|2341|3025,408|90|97|325|324|344,Ezequiel Montes Sur/Libramiento Sur Poniente,20.54526302575,-100.38379937644,30.109920634920638,,0,True,68.38492063492063
5217,38.283333333333324,113.0,L104,22,6,5217|1938|1939|1940|1941|1942|2192|1948|1949|1950|1951|1952|3281|1915|2392|2338|2339|3294|2340|3295|2341|3025,113|112|319|160|324|344,Calle Alce/Calle Antilope,20.656218161471,-100.34215427891,0.0,,0,False,38.283333333333324
5071,38.316666666666656,321.0,C27,45,10,5071|2488|2526|2489|2472|2473|2474|5078|2475|2476|2477|2212|2213|2214|2215|2216|2217|2218|2219|2032|2023|2024|2856|1439|1438|2537|1920|1921|4241|2310|2311|2312|2313|3283|5197|4143|3284|4256|2338|2339|3294|2340|3295|2341|3025,321|139|341|376|386|98|90|325|324|344,Cto. Lázaro Cárdenas/Fidel Velázquez,20.558322195137,-100.37475122446,7.660822510822512,,0,True,45.97748917748917
2420,38.36666666666666,112.0,L103,22,5,2420|1938|1939|1940|1941|1942|2192|1948|1949|1950|1951|1952|3281|1915|2392|2338|2339|3294|2340|3295|2341|3025,112|319|160|324|344,Av. Ciervo/Blvd. Bisonte,20.653823486714,-100.34136743412,10.133333333333338,,0,True,48.5
3123,38.433333333333344,350.0,C62,32,11,3123|5095|3481|3482|2985|2986|2987|2988|2989|2741|2952|2742|2572|2573|2574|2575|2610|2611|2074|2288|2080|2859|2860|2220|2337|2338|2339|3294|2340|3295|2341|3025,350|379|128|245|374|255|358|325|351|375|344,Calle Hidalgo/Calle Campanitas,20.6168412,-100.4636712,15.95847338935574,,0,True,54.39180672268908
2758,38.466666666666654,140.0,L107,45,11,2758|2488|2526|2489|2472|2473|2474|5078|2475|2476|2477|2212|2213|2214|2215|2216|2217|2218|2219|2032|2023|2024|2856|1439|1438|2537|1920|1921|4241|2310|2311|2312|2313|3283|5197|4143|3284|4256|2338|2339|3294|2340|3295|2341|3025,140|321|139|341|376|386|98|90|325|324|344,Blvd. Bicentenario/Coba,20.558585912925,-100.37254400242,0.0,,0,False,38.466666666666654
3392,38.474999999999994,367.0,L60,36,11,3392|3393|3582|3192|3193|3150|3310|3311|3312|3404|2279|2280|2281|2282|2283|2284|2285|3339|2286|2897|2287|3340|2074|2288|2080|2859|2860|2220|2337|2338|2339|3294|2340|3295|2341|3025,367|323|354|316|374|255|358|325|351|375|344,Calle 2/Calle Revolución,20.6534956,-100.4578791,24.249999999999996,,0,True,62.724999999999994
2659,38.48333333333332,337.0,C47,45,8,2659|2660|1320|3296|3674|1350|1351|4142|1292|1293|1294|1295|1296|1297|1298|1299|1300|1301|1302|1761|1303|1304|1305|1306|1432|1433|1434|3297|4241|2310|2311|2312|2313|3283|5197|4143|3284|4256|2338|2339|3294|2340|3295|2341|3025,337|98|97|96|90|325|324|344,Camino Al Cerrito/Los Nogales,20.54937277,-100.4404292,11.736904761904764,,0,True,50.22023809523809
4108,38.51666666666666,128.0,L100,39,9,4108|1751|1752|1753|1754|1755|1756|1757|1758|1759|3525|2736|2737|2738|2739|2740|2741|2952|2742|2572|2573|2574|2575|2610|2611|2074|2288|2080|2859|2860|2220|2337|2338|2339|3294|2340|3295|2341|3025,128|245|374|255|358|325|351|375|344,Libramiento Norponiente/Cto. Merlot,20.60509628805,-100.49139344249,25.417559523809526,,0,True,63.93422619047618
2193,38.51666666666666,112.0,L103,22,6,2193|1945|1946|5134|3891|1947|2194|1948|1949|1950|1951|1952|3281|1915|2392|2338|2339|3294|2340|3295|2341|3025,112|325|319|160|324|344,Av. Ciervo/Av. Marmota,20.64663596,-100.3375584,10.133333333333338,,0,True,48.65
4259,38.516666666666666,349.0,C61,30,9,4259|4260|4261|2944|3348|4436|3369|3370|2908|2742|2572|2573|2574|2575|2610|2611|2074|2288|2080|2859|2860|2220|2337|2338|2339|3294|2340|3295|2341|3025,349|245|374|255|358|325|351|375|344,Av. Navarra/Puerta Navarra,20.63359587,-100.482678,18.17098214285714,,0,True,56.68764880952381
3190,38.55,323.0,C31,37,10,3190|3258|3191|3582|3192|3193|3150|3310|3311|3312|3404|2279|2280|2281|2282|2283|2284|2285|3339|2286|2897|2287|3340|2074|2288|2080|2859|2860|2220|2337|2338|2339|3294|2340|3295|2341|3025,323|354|316|374|255|358|325|351|375|344,Av. Plan de San Luis,20.65858621,-100.4590583,9.342592592592592,,0,True,47.89259259259259
1997,38.55,160.0,L59,51,6,1997|4434|1996|2553|2554|1992|2045|2046|2179|2180|2181|3534|2367|5092|2368|2372|5093|2373|3535|1968|1969|2176|2177|2178|2042|2043|2044|1973|1974|4435|1979|1980|1977|1976|5157|5158|5159|5160|3061|2014|2015|1983|1915|2392|2338|2339|3294|2340|3295|2341|3025,160|163|324|325|326|344,Río Cazones/Insurgentes,20.630375352037,-100.38804334758,14.03738095238095,,0,True,52.58738095238095
1344,38.58333333333333,129.0,L101,47,7,1344|1345|1346|1347|1348|1349|3655|1350|1351|4142|1292|1293|1294|1295|1296|1297|1298|1299|1300|1301|1302|1761|1303|1304|1305|1306|1432|1433|1434|3297|4241|2310|2311|2312|2313|3283|5197|4143|3284|4256|2338|2339|3294|2340|3295|2341|3025,129|98|97|90|325|324|344,Blvd. Hacienda del Jacal/Walmart,20.561230978545,-100.42712166984,6.9583333333333375,,0,True,45.541666666666664
2425,38.58333333333333,320.0,C25,18,5,2425|2426|2427|2428|2429|1950|1951|1952|3281|1915|2392|2338|2339|3294|2340|3295|2341|3025,320|319|160|324|344,Av. Concord/Glorieta Campanario,20.63393978863,-100.34079486097,15.007142857142858,,0,True,53.59047619047619
5285,38.63333333333333,364.0,L159,31,8,5285|5286|5287|5288|2842|2843|2823|2824|2825|2844|2803|2804|2805|2806|2807|2808|2809|2810|2288|2080|2859|2860|2220|2337|2338|2339|3294|2340|3295|2341|3025,364|363|255|358|325|351|375|344,Camino A El Nabo,20.684865253672,-100.47366856621,24.902380952380952,,0,True,63.535714285714285
2663,38.63333333333334,233.0,L113,44,6,2663|2664|2665|2666|2667|2255|2639|2640|2641|2258|2259|2260|2261|2262|2263|3023|2264|4393|2199|1762|1763|2200|4430|1764|1765|1766|2201|4241|2310|2311|2312|2313|3283|5197|4143|3284|4256|2338|2339|3294|2340|3295|2341|3025,233|336|338|325|324|344,Camino A Los Olvera/Paseo de Amsterdam,20.53786035,-100.4227553,12.858333333333336,,0,True,51.491666666666674
3943,38.66666666666666,325.0,C34,42,5,3943|4432|4433|5098|2384|2387|2372|5093|2373|3535|1968|1969|2176|2177|2178|2042|2043|2044|1973|1974|4435|1979|1980|1977|1976|5157|5158|5159|5160|3061|2014|2015|1983|1915|2392|2338|2339|3294|2340|3295|2341|3025,325|326|160|324|344,Anillo Vial Fray Junípero Serra/Av. Búfalo,20.658690856308,-100.34276878161,10.070466058763932,,0,True,48.73713272543059
2397,38.68333333333334,97.0,C22,39,7,2397|2398|2399|3925|1333|3540|1334|1335|1336|1337|1338|1339|1340|1341|1762|1763|2200|4430|1764|1765|1766|2201|4241|2310|2311|2312|2313|3283|5197|4143|3284|4256|2338|2339|3294|2340|3295|2341|3025,97|98|336|338|325|324|344,Josefa Ortiz de Domínguez/Miguel Hidalgo,20.540289,-100.439439,14.923809523809528,,0,True,53.60714285714286
2271,38.69999999999999,374.0,T06,33,10,2271|2272|3451|3401|3313|3403|3404|2279|2280|2281|2282|2283|2284|2285|3339|2286|2897|2287|3340|2074|2288|2080|2859|2860|2220|2337|2338|2339|3294|2340|3295|2341|3025,374|354|340|316|255|358|325|351|375|344,Paseo Querétaro/Av. Plan de San Luis,20.649515017621,-100.46914630945,20.628968253968253,,0,True,59.32896825396824
4385,38.725000000000016,422.0,L165,32,8,4385|4386|2832|2833|3603|4387|2834|2835|3220|3221|4264|4265|2730|2731|2732|2733|2734|2735|2606|2288|2080|2859|2860|2220|2337|2338|2339|3294|2340|3295|2341|3025,422|355|255|358|325|351|375|344,la Solana/Hacienda la Griega,20.702745339831,-100.45904864214,0.0,,0,False,38.725000000000016
4079,38.75,373.0,T05,32,9,4079|4077|1888|4080|4081|2159|4155|4156|2160|1903|5120|1904|1890|1891|3640|1894|1905|2082|1884|2204|3280|4447|3281|1915|2392|2338|2339|3294|2340|3295|2341|3025,373|369|370|347|379|319|160|324|344,Av. del Ferrocarril/Don Remigio,20.616344887362,-100.32208406725,21.553571428571427,,0,True,60.30357142857143
2745,38.75,379.0,T13,39,9,2745|3011|3012|3013|3014|3476|3477|3479|3478|5094|3480|3130|3927|4133|2913|2914|2915|2916|2917|2918|2919|2920|2921|2922|2923|2924|2984|2858|2859|2860|2220|2337|2338|2339|3294|2340|3295|2341|3025,379|350|341|377|354|325|351|375|344,Av. de la Luz/Residencial Chulavista,20.62990899,-100.4732006,14.040079365079364,,0,True,52.790079365079364
3874,38.78333333333334,352.0,C64,38,5,3874|3875|3808|3809|3810|3811|3812|4404|3813|5104|1475|1476|1472|1471|1470|1469|1439|1438|2537|1920|1921|4241|2310|2311|2312|2313|3283|5197|4143|3284|4256|2338|2339|3294|2340|3295|2341|3025,352|90|325|324|344,Carr. Federal No. 57/El Carmen,20.57156927214,-100.28224784437,7.351785714285714,,0,True,46.13511904761905
3198,38.80833333333335,355.0,C69,29,8,3198|2774|4360|2834|2835|3220|3221|4264|4265|2730|2731|2732|2733|2734|2735|2606|2288|2080|2859|2860|2220|2337|2338|2339|3294|2340|3295|2341|3025,355|422|255|358|325|351|375|344,Av. de Las Ciencias/Uaq Facultad de Ciencias Naturales,20.70248092,-100.4413875,0.1952380952380953,,0,True,39.00357142857145
2939,38.81666666666667,377.0,T09,33,10,2939|2940|2941|2942|3379|3380|3381|2904|2905|2906|2907|2908|2742|2572|2573|2574|2575|2610|2611|2074|2288|2080|2859|2860|2220|2337|2338|2339|3294|2340|3295|2341|3025,377|349|351|245|374|255|358|325|375|344,Prol. Bernardo Quintana/Sam'S Las Plazas,20.628899950461,-100.46418302982,23.949319727891154,,0,True,62.76598639455783
5178,38.84999999999999,319.0,C24,42,7,5178|5179|2416|2417|2359|2360|2361|2362|2363|2364|2365|4129|2290|3600|2291|2292|2293|2294|2295|2296|2418|2419|5180|2672|2201|4241|2310|2311|2312|2313|3283|5197|4143|3284|4256|2338|2339|3294|2340|3295|2341|3025,319|233|326|338|325|324|344,Av. 4/Calle 37,20.573082095613,-100.39672151969,4.469736842105263,,0,True,43.31973684210525
3584,38.89999999999999,96.0,C21,46,7,3584|1318|1319|1320|3296|3674|1350|1351|4142|1292|1293|1294|1295|1296|1297|1298|1299|1300|1301|1302|1761|1303|1304|1305|1306|1432|1433|1434|3297|4241|2310|2311|2312|2313|3283|5197|4143|3284|4256|2338|2339|3294|2340|3295|2341|3025,96|98|97|90|325|324|344,Av. Fray Euliano Hernández Rivera/Callejon Haciendas del Pueblito,20.54405331,-100.4448674,14.653571428571428,,0,True,53.553571428571416
2815,38.900000000000006,363.0,L158,33,8,2815|2816|2817|2818|2819|2820|2821|2822|2823|2824|2825|2844|2803|2804|2805|2806|2807|2808|2809|2810|2288|2080|2859|2860|2220|2337|2338|2339|3294|2340|3295|2341|3025,363|364|255|358|325|351|375|344,Paseo Jurica/Bahía Vii,20.66325428,-100.4423925,0.0,,0,False,38.900000000000006
2068,38.94999999999999,113.0,L104,23,7,2068|2193|1945|1946|5134|3891|1947|2194|1948|1949|1950|1951|1952|3281|1915|2392|2338|2339|3294|2340|3295|2341|3025,113|112|325|319|160|324|344,Cto. Universidades/Hospital Regional Ii,20.645361840684,-100.33571009083,0.0,,0,False,38.94999999999999
3218,38.975000000000016,355.0,C69,30,8,3218|3219|3332|4360|2834|2835|3220|3221|4264|4265|2730|2731|2732|2733|2734|2735|2606|2288|2080|2859|2860|2220|2337|2338|2339|3294|2340|3295|2341|3025,355|422|255|358|325|351|375|344,Blvd. Universitario/Walmart Juriquilla,20.713389144423,-100.44642055158,0.1952380952380953,,0,True,39.17023809523811
2900,38.98333333333334,351.0,C63,32,9,2900|2901|3607|2902|2903|3347|2904|2905|2906|2907|2908|2742|2572|2573|2574|2575|2610|2611|2074|2288|2080|2859|2860|2220|2337|2338|2339|3294|2340|3295|2341|3025,351|349|245|374|255|358|325|375|344,Blvd. Peña Flor/Calle Valle de Tehuacan,20.64326588,-100.488212,13.587362637362636,,0,True,52.57069597069598
3597,39.0,357.0,L112,13,5,3597|3285|1806|3281|1915|2392|2338|2339|3294|2340|3295|2341|3025,357|319|160|324|344,Av. Campanario/La Reserva,20.61511467,-100.359672,0.9160714285714285,,0,True,39.91607142857143
5064,39.016666666666666,335.0,C44,40,10,5064|5065|5066|2631|2250|4152|2251|3679|2627|2508|2509|4138|2291|2292|2293|2294|2295|2296|2418|2419|5180|2672|2201|4241|2310|2311|2312|2313|3283|5197|4143|3284|4256|2338|2339|3294|2340|3295|2341|3025,335|337|336|334|322|319|338|325|324|344,Antonio Carranza/Armando Ostos,20.558976408119,-100.40117993882,0.0,,0,True,39.016666666666666
3385,39.03333333333334,367.0,L60,34,12,3385|3306|3307|3308|3309|3151|3685|3152|3386|3387|3389|3160|3161|3162|3163|4045|3164|3165|2610|2611|2074|2288|2080|2859|2860|2220|2337|2338|2339|3294|2340|3295|2341|3025,367|346|342|323|245|374|255|358|325|351|375|344,Av. San Gabriel/Calle San Samael,20.65991951,-100.4739412,24.249999999999996,,0,True,63.28333333333333
1776,39.041666666666664,130.0,L102,38,10,1776|1382|1383|1387|1386|1330|1399|2190|3301|1300|1301|1302|1761|1303|1304|1305|1306|1432|1433|1434|3297|4241|2310|2311|2312|2313|3283|5197|4143|3284|4256|2338|2339|3294|2340|3295|2341|3025,130|92|94|128|255|90|97|325|324|344,Valle Dorado/Don José,20.526258846431,-100.47009067622,0.0,,0,False,39.041666666666664
1994,39.099999999999994,160.0,L59,52,6,1994|1997|4434|1996|2553|2554|1992|2045|2046|2179|2180|2181|3534|2367|5092|2368|2372|5093|2373|3535|1968|1969|2176|2177|2178|2042|2043|2044|1973|1974|4435|1979|1980|1977|1976|5157|5158|5159|5160|3061|2014|2015|1983|1915|2392|2338|2339|3294|2340|3295|2341|3025,160|163|324|325|326|344,Río Hondo/Río Actopan,20.63247999816,-100.38817720257,14.03738095238095,,0,True,53.137380952380944
4172,39.13333333333333,283.0,C67,25,10,4172|3694|3587|3588|3520|2572|2573|2574|2575|2610|2611|2074|2288|2080|2859|2860|2220|2337|2338|2339|3294|2340|3295|2341|3025,283|361|245|374|255|358|325|351|375|344,Calle 17/Blvd. Peña Flor,20.644091977313,-100.4591821767,26.925661375661374,,0,True,66.0589947089947
4357,39.18333333333332,129.0,L101,40,6,4357|1351|4142|1292|1293|1294|1295|1296|1297|1298|1299|1300|1301|1302|1761|1303|1304|1305|1306|1432|1433|1434|3297|4241|2310|2311|2312|2313|3283|5197|4143|3284|4256|2338|2339|3294|2340|3295|2341|3025,129|97|90|325|324|344,Av. Don Bosco/Plaza Don Bosco,20.549407422313,-100.42937043245,6.9583333333333375,,0,True,46.14166666666666
2487,39.18333333333332,321.0,C27,46,10,2487|5071|2488|2526|2489|2472|2473|2474|5078|2475|2476|2477|2212|2213|2214|2215|2216|2217|2218|2219|2032|2023|2024|2856|1439|1438|2537|1920|1921|4241|2310|2311|2312|2313|3283|5197|4143|3284|4256|2338|2339|3294|2340|3295|2341|3025,321|139|341|376|386|98|90|325|324|344,Cto. Lázaro Cárdenes/Avenida Plutarco Elías Calles,20.557618578349,-100.37678316101,7.660822510822512,,0,True,46.844155844155836
4359,39.225000000000016,422.0,L165,29,8,4359|2774|4360|2834|2835|3220|3221|4264|4265|2730|2731|2732|2733|2734|2735|2606|2288|2080|2859|2860|2220|2337|2338|2339|3294|2340|3295|2341|3025,422|355|255|358|325|351|375|344,Blvd. Villas del Meson/Ignacio Zaragoza,20.705135193822,-100.44095588643,0.0,,0,False,39.225000000000016
1954,39.23333333333333,325.0,C34,23,6,1954|2193|1945|1946|5134|3891|1947|2194|1948|1949|1950|1951|1952|3281|1915|2392|2338|2339|3294|2340|3295|2341|3025,325|112|319|160|324|344,Av. Ciervo/Comadreja,20.648633514393,-100.34014358515,10.070466058763932,,0,True,49.30379939209726
3391,39.26666666666666,367.0,L60,37,11,3391|3392|3393|3582|3192|3193|3150|3310|3311|3312|3404|2279|2280|2281|2282|2283|2284|2285|3339|2286|2897|2287|3340|2074|2288|2080|2859|2860|2220|2337|2338|2339|3294|2340|3295|2341|3025,367|323|354|316|374|255|358|325|351|375|344,Calle 2/Calle 23,20.65378154,-100.4557296,24.249999999999996,,0,True,63.51666666666665
2744,39.3,128.0,L100,40,10,2744|2745|3011|3012|3013|3014|3476|3477|3479|3478|5094|3480|3130|3927|4133|2913|2914|2915|2916|2917|2918|2919|2920|2921|2922|2923|2924|2984|2858|2859|2860|2220|2337|2338|2339|3294|2340|3295|2341|3025,128|379|350|341|377|354|325|351|375|344,Av. de la Luz/José Luis Cuevas,20.63114772,-100.4696318,25.417559523809526,,0,True,64.71755952380953
3537,39.39166666666669,355.0,C69,30,8,3537|3198|2774|4360|2834|2835|3220|3221|4264|4265|2730|2731|2732|2733|2734|2735|2606|2288|2080|2859|2860|2220|2337|2338|2339|3294|2340|3295|2341|3025,355|422|255|358|325|351|375|344,Av. de Las Ciencias/Uaq Campus Juriquilla,20.70066442,-100.4405403,0.1952380952380953,,0,True,39.58690476190478
3926,39.41666666666668,350.0,C62,33,11,3926|3123|5095|3481|3482|2985|2986|2987|2988|2989|2741|2952|2742|2572|2573|2574|2575|2610|2611|2074|2288|2080|2859|2860|2220|2337|2338|2339|3294|2340|3295|2341|3025,350|379|128|245|374|255|358|325|351|375|344,Camino A San Pedro Mártir/San Isidro,20.61811494686,-100.46073016569,15.95847338935574,,0,True,55.37514005602242
3928,39.44999999999999,113.0,L104,24,7,3928|2068|2193|1945|1946|5134|3891|1947|2194|1948|1949|1950|1951|1952|3281|1915|2392|2338|2339|3294|2340|3295|2341|3025,113|112|325|319|160|324|344,Hospital Regional El Marqués,20.64668137194,-100.33342870897,0.0,,0,False,39.44999999999999
4413,39.45833333333335,422.0,L165,33,8,4413|4385|4386|2832|2833|3603|4387|2834|2835|3220|3221|4264|4265|2730|2731|2732|2733|2734|2735|2606|2288|2080|2859|2860|2220|2337|2338|2339|3294|2340|3295|2341|3025,422|355|255|358|325|351|375|344,Cto. Balcones/Calle Montenegro,20.703222655492,-100.46223393397,0.0,,0,False,39.45833333333335
2788,39.48333333333334,257.0,C66,27,7,2788|2789|2790|2791|3333|4264|4265|2730|2731|2732|2733|2734|2735|2606|2288|2080|2859|2860|2220|2337|2338|2339|3294|2340|3295|2341|3025,257|255|358|325|351|375|344,Av. San Isidro/La Solana,20.70437684,-100.4559701,0.0,,0,False,39.48333333333334
3581,39.5,323.0,C31,38,10,3581|3190|3258|3191|3582|3192|3193|3150|3310|3311|3312|3404|2279|2280|2281|2282|2283|2284|2285|3339|2286|2897|2287|3340|2074|2288|2080|2859|2860|2220|2337|2338|2339|3294|2340|3295|2341|3025,323|354|316|374|255|358|325|351|375|344,Av. Plan de San Luis/Av. Popocatépetl,20.66067983,-100.4573561,9.342592592592592,,0,True,48.842592592592595
3504,39.516666666666666,281.0,L115,25,11,3504|3505|3506|3507|3508|3509|4045|3164|3165|2610|2611|2074|2288|2080|2859|2860|2220|2337|2338|2339|3294|2340|3295|2341|3025,281|342|323|245|374|255|358|325|351|375|344,Monte Alban/Montes Escandinavos,20.65372283,-100.4474628,23.809523809523807,,0,True,63.326190476190476
2662,39.51666666666667,233.0,L113,45,6,2662|2663|2664|2665|2666|2667|2255|2639|2640|2641|2258|2259|2260|2261|2262|2263|3023|2264|4393|2199|1762|1763|2200|4430|1764|1765|1766|2201|4241|2310|2311|2312|2313|3283|5197|4143|3284|4256|2338|2339|3294|2340|3295|2341|3025,233|336|338|325|324|344,Camino A Los Olvera/Universidad Corregidora de Querétaro,20.53967717,-100.4249123,12.858333333333336,,0,True,52.37500000000001
2831,39.51666666666668,363.0,L158,31,9,2831|2832|2833|3603|4387|2834|2835|3220|3221|4264|4265|2730|2731|2732|2733|2734|2735|2606|2288|2080|2859|2860|2220|2337|2338|2339|3294|2340|3295|2341|3025,363|422|355|255|358|325|351|375|344,Av. San Isidro/Hacienda El Tintero,20.69881913,-100.4545285,0.0,,0,False,39.51666666666668
2841,39.59166666666667,364.0,L159,32,8,2841|5285|5286|5287|5288|2842|2843|2823|2824|2825|2844|2803|2804|2805|2806|2807|2808|2809|2810|2288|2080|2859|2860|2220|2337|2338|2339|3294|2340|3295|2341|3025,364|363|255|358|325|351|375|344,Av. de Guadalupe/Salón la Campana,20.68702361,-100.4757715,24.902380952380952,,0,True,64.49404761904762
1993,39.64999999999999,160.0,L59,53,6,1993|1994|1997|4434|1996|2553|2554|1992|2045|2046|2179|2180|2181|3534|2367|5092|2368|2372|5093|2373|3535|1968|1969|2176|2177|2178|2042|2043|2044|1973|1974|4435|1979|1980|1977|1976|5157|5158|5159|5160|3061|2014|2015|1983|1915|2392|2338|2339|3294|2340|3295|2341|3025,160|163|324|325|326|344,Río Hondo/Carr. Chichimequillas,20.63367291017,-100.3900724461,14.03738095238095,,0,True,53.68738095238094
2396,39.66666666666667,95.0,L56,40,8,2396|2397|2398|2399|3925|1333|3540|1334|1335|1336|1337|1338|1339|1340|1341|1762|1763|2200|4430|1764|1765|1766|2201|4241|2310|2311|2312|2313|3283|5197|4143|3284|4256|2338|2339|3294|2340|3295|2341|3025,95|97|98|336|338|325|324|344,Josefa Ortiz de Domínguez/La Capilla,20.540700809546,-100.43614909017,29.200000000000006,,0,True,68.86666666666667
2795,39.78333333333333,363.0,L158,29,8,2795|2796|2797|2798|2799|2800|2801|2802|2803|2804|2805|2806|2807|2808|2809|2810|2288|2080|2859|2860|2220|2337|2338|2339|3294|2340|3295|2341|3025,363|364|255|358|325|351|375|344,Libertad/16 de Septiembre,20.67993297,-100.4521367,0.0,,0,False,39.78333333333333
3604,39.85833333333333,128.0,L100,33,8,3604|1370|2190|3301|1300|1301|1302|1761|1303|1304|1305|1306|1432|1433|1434|3297|4241|2310|2311|2312|2313|3283|5197|4143|3284|4256|2338|2339|3294|2340|3295|2341|3025,128|94|255|90|97|325|324|344,Lib. Norponiente/La Vida,20.54636364,-100.4809917,25.417559523809526,,0,True,65.27589285714285
1887,39.88333333333333,373.0,T05,33,9,1887|4079|4077|1888|4080|4081|2159|4155|4156|2160|1903|5120|1904|1890|1891|3640|1894|1905|2082|1884|2204|3280|4447|3281|1915|2392|2338|2339|3294|2340|3295|2341|3025,373|369|370|347|379|319|160|324|344,Av. del Ferrocarril/Camino Al Socavón,20.617582971962,-100.31936915747,21.553571428571427,,0,True,61.436904761904756
3583,39.91666666666666,96.0,C21,47,7,3583|3584|1318|1319|1320|3296|3674|1350|1351|4142|1292|1293|1294|1295|1296|1297|1298|1299|1300|1301|1302|1761|1303|1304|1305|1306|1432|1433|1434|3297|4241|2310|2311|2312|2313|3283|5197|4143|3284|4256|2338|2339|3294|2340|3295|2341|3025,96|98|97|90|325|324|344,Av. Fray Eulalio Hernández Rivera/Fray José Bermúdez,20.54200085,-100.4430579,14.653571428571428,,0,True,54.57023809523808
3487,39.916666666666664,245.0,C58,41,11,3487|2744|2745|3011|3012|3013|3014|3476|3477|3479|3478|5094|3480|3130|3927|4133|2913|2914|2915|2916|2917|2918|2919|2920|2921|2922|2923|2924|2984|2858|2859|2860|2220|2337|2338|2339|3294|2340|3295|2341|3025,245|128|379|350|341|377|354|325|351|375|344,Av. de la Luz/Prol. Bernardo Quintana,20.63180823,-100.467761,23.286796536796537,,0,True,63.2034632034632
5208,39.94999999999999,321.0,C27,47,10,5208|2487|5071|2488|2526|2489|2472|2473|2474|5078|2475|2476|2477|2212|2213|2214|2215|2216|2217|2218|2219|2032|2023|2024|2856|1439|1438|2537|1920|1921|4241|2310|2311|2312|2313|3283|5197|4143|3284|4256|2338|2339|3294|2340|3295|2341|3025,321|139|341|376|386|98|90|325|324|344,Ricardo Flores Magón/Cto. Lázaro Cárdenas,20.557118507582,-100.37861609437,7.660822510822512,,0,True,47.6108225108225
3484,39.98333333333332,374.0,T06,34,10,3484|2271|2272|3451|3401|3313|3403|3404|2279|2280|2281|2282|2283|2284|2285|3339|2286|2897|2287|3340|2074|2288|2080|2859|2860|2220|2337|2338|2339|3294|2340|3295|2341|3025,374|354|340|316|255|358|325|351|375|344,Paseo Querétaro/Encino,20.64766298,-100.4649177,20.628968253968253,,0,True,60.61230158730157
1953,39.99999999999999,319.0,C24,24,6,1953|1954|2193|1945|1946|5134|3891|1947|2194|1948|1949|1950|1951|1952|3281|1915|2392|2338|2339|3294|2340|3295|2341|3025,319|325|112|160|324|344,Blvd. del Aguila/Calle Cebra,20.650053350577,-100.34256357033,4.469736842105263,,0,True,44.469736842105256
1379,40.025,92.0,L53,40,9,1379|1390|1381|1382|1383|1387|1386|1330|1399|2190|3301|1300|1301|1302|1761|1303|1304|1305|1306|1432|1433|1434|3297|4241|2310|2311|2312|2313|3283|5197|4143|3284|4256|2338|2339|3294|2340|3295|2341|3025,92|94|128|255|90|97|325|324|344,Circuito 11 de Febrero/Pradera de San Mateo,20.517127276879,-100.4744208171,26.31309523809524,,0,True,66.33809523809524
2938,40.03333333333334,377.0,T09,34,10,2938|2939|2940|2941|2942|3379|3380|3381|2904|2905|2906|2907|2908|2742|2572|2573|2574|2575|2610|2611|2074|2288|2080|2859|2860|2220|2337|2338|2339|3294|2340|3295|2341|3025,377|349|351|245|374|255|358|325|375|344,Prol. Bernardo Quintana/Hospital Santo Tomás,20.62628911,-100.462074,23.949319727891154,,0,True,63.9826530612245
3543,40.05833333333335,355.0,C69,31,8,3543|3218|3219|3332|4360|2834|2835|3220|3221|4264|4265|2730|2731|2732|2733|2734|2735|2606|2288|2080|2859|2860|2220|2337|2338|2339|3294|2340|3295|2341|3025,355|422|255|358|325|351|375|344,Blvd. Universitario/Parroquia de San Judas Tadeo y de la Santa Cruz,20.71674519,-100.4461045,0.1952380952380953,,0,True,40.25357142857145
5063,40.06666666666666,335.0,C44,41,10,5063|5064|5065|5066|2631|2250|4152|2251|3679|2627|2508|2509|4138|2291|2292|2293|2294|2295|2296|2418|2419|5180|2672|2201|4241|2310|2311|2312|2313|3283|5197|4143|3284|4256|2338|2339|3294|2340|3295|2341|3025,335|337|336|334|322|319|338|325|324|344,José Macias/Salvador Moreno,20.561156363439,-100.40087853353,0.0,,0,True,40.06666666666666
4431,40.08333333333332,325.0,C34,21,6,4431|5198|5111|3891|1947|2194|1948|1949|1950|1951|1952|3281|1915|2392|2338|2339|3294|2340|3295|2341|3025,325|319|112|160|324|344,Anillo Vial Fray Junípero Serra/Paseo del Cultivo,20.659020743916,-100.36182317394,10.070466058763932,,0,True,50.153799392097255
4263,40.1,349.0,C61,31,9,4263|4259|4260|4261|2944|3348|4436|3369|3370|2908|2742|2572|2573|2574|2575|2610|2611|2074|2288|2080|2859|2860|2220|2337|2338|2339|3294|2340|3295|2341|3025,349|245|374|255|358|325|351|375|344,Av. Navarra/Anáhuac,20.63679852,-100.4793683,18.17098214285714,,0,True,58.27098214285714
2424,40.15,112.0,L103,19,6,2424|2425|2426|2427|2428|2429|1950|1951|1952|3281|1915|2392|2338|2339|3294|2340|3295|2341|3025,112|320|319|160|324|344,Concord/Cfe,20.634088561942,-100.33529424986,10.133333333333338,,0,True,50.28333333333334
2899,40.150000000000006,351.0,C63,33,9,2899|2900|2901|3607|2902|2903|3347|2904|2905|2906|2907|2908|2742|2572|2573|2574|2575|2610|2611|2074|2288|2080|2859|2860|2220|2337|2338|2339|3294|2340|3295|2341|3025,351|349|245|374|255|358|325|375|344,Blvd. Peña Flor/Av. de la Cantera,20.64212167,-100.4912047,13.587362637362636,,0,True,53.737362637362644
5086,40.16666666666667,233.0,L113,46,6,5086|2662|2663|2664|2665|2666|2667|2255|2639|2640|2641|2258|2259|2260|2261|2262|2263|3023|2264|4393|2199|1762|1763|2200|4430|1764|1765|1766|2201|4241|2310|2311|2312|2313|3283|5197|4143|3284|4256|2338|2339|3294|2340|3295|2341|3025,233|336|338|325|324|344,Camino A Los Olvera/Fraccionamiento Las Fuentes,20.540492732133,-100.42685013284,12.858333333333336,,0,True,53.025000000000006
4078,40.18333333333333,373.0,T05,34,9,4078|1887|4079|4077|1888|4080|4081|2159|4155|4156|2160|1903|5120|1904|1890|1891|3640|1894|1905|2082|1884|2204|3280|4447|3281|1915|2392|2338|2339|3294|2340|3295|2341|3025,373|369|370|347|379|319|160|324|344,Camino Al Socavón/Calle Las Canteras,20.617313666337,-100.31866673669,21.553571428571427,,0,True,61.73690476190475
3189,40.18333333333333,323.0,C31,39,10,3189|3581|3190|3258|3191|3582|3192|3193|3150|3310|3311|3312|3404|2279|2280|2281|2282|2283|2284|2285|3339|2286|2897|2287|3340|2074|2288|2080|2859|2860|2220|2337|2338|2339|3294|2340|3295|2341|3025,323|354|316|374|255|358|325|351|375|344,Av. Popocátepetl,20.66001316,-100.4554985,9.342592592592592,,0,True,49.52592592592592
2763,40.18333333333334,356.0,L108,28,6,2763|2764|2765|4096|4097|4098|4099|2616|4100|1766|2201|4241|2310|2311|2312|2313|3283|5197|4143|3284|4256|2338|2339|3294|2340|3295|2341|3025,356|336|338|325|324|344,Carr. Tlacote/Av. del Quetzal,20.58972629,-100.4431908,7.281428571428572,,0,True,47.46476190476191
4132,40.183333333333344,350.0,C62,34,11,4132|3926|3123|5095|3481|3482|2985|2986|2987|2988|2989|2741|2952|2742|2572|2573|2574|2575|2610|2611|2074|2288|2080|2859|2860|2220|2337|2338|2339|3294|2340|3295|2341|3025,350|379|128|245|374|255|358|325|351|375|344,Camino A San Pedro Mártir/Calle San Antonio,20.618806161068,-100.4583578831,15.95847338935574,,0,True,56.14180672268908
5204,40.191666666666656,408.0,C73,38,6,5204|4153|5118|3019|4274|4275|5119|5205|4111|1300|1301|1302|1761|1303|1304|1305|1306|1432|1433|1434|3297|4241|2310|2311|2312|2313|3283|5197|4143|3284|4256|2338|2339|3294|2340|3295|2341|3025,408|90|97|325|324|344,Libramiento Surponiente,20.549287859354,-100.37509449076,30.109920634920638,,0,True,70.30158730158729
3009,40.2,372.0,T04,40,10,3009|3010|3011|3012|3013|3014|3476|3477|3479|3478|5094|3480|3130|3927|4133|2913|2914|2915|2916|2917|2918|2919|2920|2921|2922|2923|2924|2984|2858|2859|2860|2220|2337|2338|2339|3294|2340|3295|2341|3025,372|379|350|341|377|354|325|351|375|344,Cordillera Himalaya/Centro de Salud Sátelite,20.62950473,-100.4686106,26.492857142857137,,0,True,66.69285714285714
2840,40.21666666666667,364.0,L159,33,8,2840|2841|5285|5286|5287|5288|2842|2843|2823|2824|2825|2844|2803|2804|2805|2806|2807|2808|2809|2810|2288|2080|2859|2860|2220|2337|2338|2339|3294|2340|3295|2341|3025,364|363|255|358|325|351|375|344,Av. de Guadalupe/Av. Rivera del Río,20.68777702,-100.477635,24.902380952380952,,0,True,65.11904761904762
2814,40.25000000000001,363.0,L158,34,8,2814|2815|2816|2817|2818|2819|2820|2821|2822|2823|2824|2825|2844|2803|2804|2805|2806|2807|2808|2809|2810|2288|2080|2859|2860|2220|2337|2338|2339|3294|2340|3295|2341|3025,363|364|255|358|325|351|375|344,Paseo Jurica/Bahía Ix,20.65871295,-100.4410605,0.0,,0,False,40.25000000000001
3519,40.36666666666667,283.0,C67,26,10,3519|4172|3694|3587|3588|3520|2572|2573|2574|2575|2610|2611|2074|2288|2080|2859|2860|2220|2337|2338|2339|3294|2340|3295|2341|3025,283|361|245|374|255|358|325|351|375|344,Calle 17/Independencia,20.64549373,-100.4591253,26.925661375661374,,0,True,67.29232804232804
1775,40.391666666666666,130.0,L102,39,10,1775|1776|1382|1383|1387|1386|1330|1399|2190|3301|1300|1301|1302|1761|1303|1304|1305|1306|1432|1433|1434|3297|4241|2310|2311|2312|2313|3283|5197|4143|3284|4256|2338|2339|3294|2340|3295|2341|3025,130|92|94|128|255|90|97|325|324|344,Valle Dorado/Valle de Las Flores,20.527713651217,-100.47007192824,0.0,,0,False,40.391666666666666
2725,40.41666666666667,255.0,T11,28,6,2725|2726|4117|2727|2728|2729|4264|4265|2730|2731|2732|2733|2734|2735|2606|2288|2080|2859|2860|2220|2337|2338|2339|3294|2340|3295|2341|3025,255|358|325|351|375|344,Av. Constitución/Corregidora,20.73811545,-100.4434703,13.954024943310655,,0,True,54.37069160997733
2525,40.44999999999999,139.0,C32,47,10,2525|2487|5071|2488|2526|2489|2472|2473|2474|5078|2475|2476|2477|2212|2213|2214|2215|2216|2217|2218|2219|2032|2023|2024|2856|1439|1438|2537|1920|1921|4241|2310|2311|2312|2313|3283|5197|4143|3284|4256|2338|2339|3294|2340|3295|2341|3025,139|321|341|376|386|98|90|325|324|344,Lic Jesus Reyes Heroles/Ricardo Flores Magón,20.558164801868,-100.3792540321,0.0,,0,True,40.44999999999999
5099,40.6,129.0,L101,31,7,5099|3298|1338|1339|1340|1341|1762|1763|2200|4430|1764|1765|1766|2201|4241|2310|2311|2312|2313|3283|5197|4143|3284|4256|2338|2339|3294|2340|3295|2341|3025,129|98|336|338|325|324|344,Av. Santuarios de Guadalupe/Cto. Andamaxei,20.555588187014,-100.44512475096,6.9583333333333375,,0,True,47.55833333333334
4369,40.600000000000016,422.0,L165,34,8,4369|4413|4385|4386|2832|2833|3603|4387|2834|2835|3220|3221|4264|4265|2730|2731|2732|2733|2734|2735|2606|2288|2080|2859|2860|2220|2337|2338|2339|3294|2340|3295|2341|3025,422|355|255|358|325|351|375|344,Cto. Balcones/El Faro Juriquilla,20.698540780604,-100.46200196163,0.0,,0,False,40.600000000000016
1343,40.61666666666666,129.0,L101,48,7,1343|1344|1345|1346|1347|1348|1349|3655|1350|1351|4142|1292|1293|1294|1295|1296|1297|1298|1299|1300|1301|1302|1761|1303|1304|1305|1306|1432|1433|1434|3297|4241|2310|2311|2312|2313|3283|5197|4143|3284|4256|2338|2339|3294|2340|3295|2341|3025,129|98|97|90|325|324|344,Blvd. Hacienda del Jacal/Blvd. Dolores del Río,20.564571850812,-100.41986549818,6.9583333333333375,,0,True,47.574999999999996
2830,40.65000000000001,363.0,L158,32,9,2830|2831|2832|2833|3603|4387|2834|2835|3220|3221|4264|4265|2730|2731|2732|2733|2734|2735|2606|2288|2080|2859|2860|2220|2337|2338|2339|3294|2340|3295|2341|3025,363|422|355|255|358|325|351|375|344,Av. San Isidro/Blvd. Fray Antonio de Monroy E Hijar,20.69564915,-100.4520486,0.0,,0,False,40.65000000000001
2794,40.71666666666666,363.0,L158,30,8,2794|2795|2796|2797|2798|2799|2800|2801|2802|2803|2804|2805|2806|2807|2808|2809|2810|2288|2080|2859|2860|2220|2337|2338|2339|3294|2340|3295|2341|3025,363|364|255|358|325|351|375|344,Libertad/Paseo del Mesón,20.6807023,-100.4532332,0.0,,0,False,40.71666666666666
3390,40.74999999999999,367.0,L60,38,11,3390|3391|3392|3393|3582|3192|3193|3150|3310|3311|3312|3404|2279|2280|2281|2282|2283|2284|2285|3339|2286|2897|2287|3340|2074|2288|2080|2859|2860|2220|2337|2338|2339|3294|2340|3295|2341|3025,367|323|354|316|374|255|358|325|351|375|344,Calle Cerro de la Cruz/Calle Cerro de Sangremal,20.65406613,-100.4516546,24.249999999999996,,0,True,64.99999999999999
1317,40.76666666666666,96.0,C21,48,7,1317|3583|3584|1318|1319|1320|3296|3674|1350|1351|4142|1292|1293|1294|1295|1296|1297|1298|1299|1300|1301|1302|1761|1303|1304|1305|1306|1432|1433|1434|3297|4241|2310|2311|2312|2313|3283|5197|4143|3284|4256|2338|2339|3294|2340|3295|2341|3025,96|98|97|90|325|324|344,Av. Fray Eulalio Hernández Rivera/Josefa Ortiz de Domínguez,20.539822796382,-100.44350223012,14.653571428571428,,0,True,55.42023809523809
2839,40.766666666666666,364.0,L159,34,8,2839|2840|2841|5285|5286|5287|5288|2842|2843|2823|2824|2825|2844|2803|2804|2805|2806|2807|2808|2809|2810|2288|2080|2859|2860|2220|2337|2338|2339|3294|2340|3295|2341|3025,364|363|255|358|325|351|375|344,Av. Rivera del Río,20.6887812,-100.4790579,24.902380952380952,,0,True,65.66904761904762
2395,40.76666666666667,95.0,L56,41,8,2395|2396|2397|2398|2399|3925|1333|3540|1334|1335|1336|1337|1338|1339|1340|1341|1762|1763|2200|4430|1764|1765|1766|2201|4241|2310|2311|2312|2313|3283|5197|4143|3284|4256|2338|2339|3294|2340|3295|2341|3025,95|97|98|336|338|325|324|344,Josefa Ortiz de Domínguez/Av. Paseo Constituyentes,20.541158178989,-100.43245669948,29.200000000000006,,0,True,69.96666666666668
4074,40.849999999999994,373.0,T05,35,9,4074|4078|1887|4079|4077|1888|4080|4081|2159|4155|4156|2160|1903|5120|1904|1890|1891|3640|1894|1905|2082|1884|2204|3280|4447|3281|1915|2392|2338|2339|3294|2340|3295|2341|3025,373|369|370|347|379|319|160|324|344,Emiliano Zapata Oriente/Camino Al Socavón,20.615756813155,-100.31873736416,21.553571428571427,,0,True,62.403571428571425
2270,40.88333333333332,374.0,T06,35,10,2270|3484|2271|2272|3451|3401|3313|3403|3404|2279|2280|2281|2282|2283|2284|2285|3339|2286|2897|2287|3340|2074|2288|2080|2859|2860|2220|2337|2338|2339|3294|2340|3295|2341|3025,374|354|340|316|255|358|325|351|375|344,Paseo Querétaro/Villa de San Miguel,20.646292342045,-100.46198670437,20.628968253968253,,0,True,61.51230158730157
3338,40.88333333333334,367.0,L60,35,12,3338|3385|3306|3307|3308|3309|3151|3685|3152|3386|3387|3389|3160|3161|3162|3163|4045|3164|3165|2610|2611|2074|2288|2080|2859|2860|2220|2337|2338|2339|3294|2340|3295|2341|3025,367|346|342|323|245|374|255|358|325|351|375|344,Paseo Querétaro/Av. San Miguel,20.655788909898,-100.47496601651,24.249999999999996,,0,True,65.13333333333334
4252,40.900000000000006,99.0,T01,37,7,4252|1456|1457|3862|3781|4445|1449|3485|1450|1475|1476|1472|1471|1470|1469|1439|1438|2537|1920|1921|4241|2310|2311|2312|2313|3283|5197|4143|3284|4256|2338|2339|3294|2340|3295|2341|3025,99|91|352|90|325|324|344,"Av. Paseo Constituyentes Oriente/Innova Schools ""El Marqués""",20.606497946531,-100.28412123665,13.72857142857143,,0,True,54.62857142857143
2787,40.91666666666667,257.0,C66,28,7,2787|2788|2789|2790|2791|3333|4264|4265|2730|2731|2732|2733|2734|2735|2606|2288|2080|2859|2860|2220|2337|2338|2339|3294|2340|3295|2341|3025,257|255|358|325|351|375|344,Hacienda Galindo/Blvd. Villas del Meson,20.707927398879,-100.45329886435,0.0,,0,False,40.91666666666667
2724,40.95,255.0,T11,29,6,2724|2725|2726|4117|2727|2728|2729|4264|4265|2730|2731|2732|2733|2734|2735|2606|2288|2080|2859|2860|2220|2337|2338|2339|3294|2340|3295|2341|3025,255|358|325|351|375|344,Av. Constitución/Ignacio Allende,20.74030146,-100.4432303,13.954024943310655,,0,True,54.90402494331066
5080,41.016666666666666,112.0,L103,20,6,5080|2424|2425|2426|2427|2428|2429|1950|1951|1952|3281|1915|2392|2338|2339|3294|2340|3295|2341|3025,112|320|319|160|324|344,Pozo San Andres/Primaria Juan Escutia,20.636394088251,-100.33356730142,10.133333333333338,,0,True,51.150000000000006
2757,41.08333333333332,140.0,L107,46,11,2757|2758|2488|2526|2489|2472|2473|2474|5078|2475|2476|2477|2212|2213|2214|2215|2216|2217|2218|2219|2032|2023|2024|2856|1439|1438|2537|1920|1921|4241|2310|2311|2312|2313|3283|5197|4143|3284|4256|2338|2339|3294|2340|3295|2341|3025,140|321|139|341|376|386|98|90|325|324|344,Blvd. Bicentenario/Plutarco Elías Calles,20.556166387898,-100.3757377073,0.0,,0,False,41.08333333333332
4127,41.08333333333333,396.0,T16,38,9,4127|4423|4315|2625|3577|5107|2519|3578|2216|2217|2218|2219|2032|2023|2024|2856|1439|1438|2537|1920|1921|4241|2310|2311|2312|2313|3283|5197|4143|3284|4256|2338|2339|3294|2340|3295|2341|3025,396|322|376|386|98|90|325|324|344,Panteón Privado Jardines de la Esperanza,20.515632481552,-100.32766539176,12.226587301587305,,0,True,53.30992063492063
2937,41.083333333333336,377.0,T09,35,10,2937|2938|2939|2940|2941|2942|3379|3380|3381|2904|2905|2906|2907|2908|2742|2572|2573|2574|2575|2610|2611|2074|2288|2080|2859|2860|2220|2337|2338|2339|3294|2340|3295|2341|3025,377|349|351|245|374|255|358|325|375|344,Prol. Bernardo Quintana/Av. Begonias,20.62401224,-100.4603109,23.949319727891154,,0,True,65.0326530612245
1961,41.099999999999994,319.0,C24,25,6,1961|1953|1954|2193|1945|1946|5134|3891|1947|2194|1948|1949|1950|1951|1952|3281|1915|2392|2338|2339|3294|2340|3295|2341|3025,319|325|112|160|324|344,Anillo Vial Fray Junípero Serra/Heb,20.646345988247,-100.34371365817,4.469736842105263,,0,True,45.56973684210526
4363,41.125000000000014,422.0,L165,35,8,4363|4369|4413|4385|4386|2832|2833|3603|4387|2834|2835|3220|3221|4264|4265|2730|2731|2732|2733|2734|2735|2606|2288|2080|2859|2860|2220|2337|2338|2339|3294|2340|3295|2341|3025,422|355|255|358|325|351|375|344,Cto. Balcones/Blacones de Juriquilla,20.696400130051,-100.46231452355,0.0,,0,False,41.125000000000014
2838,41.24166666666667,364.0,L159,35,8,2838|2839|2840|2841|5285|5286|5287|5288|2842|2843|2823|2824|2825|2844|2803|2804|2805|2806|2807|2808|2809|2810|2288|2080|2859|2860|2220|2337|2338|2339|3294|2340|3295|2341|3025,364|363|255|358|325|351|375|344,Av. Rivera del Río/Calle Mompaní,20.69013613,-100.4795018,24.902380952380952,,0,True,66.14404761904763
3197,41.258333333333354,355.0,C69,31,8,3197|3537|3198|2774|4360|2834|2835|3220|3221|4264|4265|2730|2731|2732|2733|2734|2735|2606|2288|2080|2859|2860|2220|2337|2338|2339|3294|2340|3295|2341|3025,355|422|255|358|325|351|375|344,Av. de Las Ciencias/Centro Comercial Omnicentro Juriquilla,20.69429583,-100.439724,0.1952380952380953,,0,True,41.45357142857145
3503,41.266666666666666,281.0,L115,26,11,3503|3504|3505|3506|3507|3508|3509|4045|3164|3165|2610|2611|2074|2288|2080|2859|2860|2220|2337|2338|2339|3294|2340|3295|2341|3025,281|342|323|245|374|255|358|325|351|375|344,Calle 3/ Canchas de Leyes,20.65499557,-100.4467437,23.809523809523807,,0,True,65.07619047619048
5203,41.27499999999999,408.0,C73,39,6,5203|5204|4153|5118|3019|4274|4275|5119|5205|4111|1300|1301|1302|1761|1303|1304|1305|1306|1432|1433|1434|3297|4241|2310|2311|2312|2313|3283|5197|4143|3284|4256|2338|2339|3294|2340|3295|2341|3025,408|90|97|325|324|344,Libramiento Surponiente/Labná,20.552355494714,-100.37073735284,30.109920634920638,,0,True,71.38492063492063
2658,41.300000000000004,233.0,L113,42,9,2658|2395|2396|2397|2398|2399|3925|1333|3540|1334|1335|1336|1337|1338|1339|1340|1341|1762|1763|2200|4430|1764|1765|1766|2201|4241|2310|2311|2312|2313|3283|5197|4143|3284|4256|2338|2339|3294|2340|3295|2341|3025,233|95|97|98|336|338|325|324|344,Camino A Los Olvera/Av.Paseo Constituyentes,20.54134475,-100.4307268,12.858333333333336,,0,True,54.15833333333334
3331,41.34166666666668,355.0,C69,32,8,3331|3543|3218|3219|3332|4360|2834|2835|3220|3221|4264|4265|2730|2731|2732|2733|2734|2735|2606|2288|2080|2859|2860|2220|2337|2338|2339|3294|2340|3295|2341|3025,355|422|255|358|325|351|375|344,Blvd. Universitario/La Comer Juriquilla,20.720346238027,-100.44795936055,0.1952380952380953,,0,True,41.53690476190478
2793,41.349999999999994,363.0,L158,31,8,2793|2794|2795|2796|2797|2798|2799|2800|2801|2802|2803|2804|2805|2806|2807|2808|2809|2810|2288|2080|2859|2860|2220|2337|2338|2339|3294|2340|3295|2341|3025,363|364|255|358|325|351|375|344,Paseo del Mesón/Calle Nueva Imagen,20.68156388,-100.4532827,0.0,,0,False,41.349999999999994
2207,41.349999999999994,348.0,C60,42,6,2207|4432|4433|5098|2384|2387|2372|5093|2373|3535|1968|1969|2176|2177|2178|2042|2043|2044|1973|1974|4435|1979|1980|1977|1976|5157|5158|5159|5160|3061|2014|2015|1983|1915|2392|2338|2339|3294|2340|3295|2341|3025,348|325|326|160|324|344,Alce/Anillo Vial Fray Junípero Serra,20.658958477962,-100.34222329299,12.36111111111111,,0,True,53.71111111111111
1378,41.375,92.0,L53,41,9,1378|1379|1390|1381|1382|1383|1387|1386|1330|1399|2190|3301|1300|1301|1302|1761|1303|1304|1305|1306|1432|1433|1434|3297|4241|2310|2311|2312|2313|3283|5197|4143|3284|4256|2338|2339|3294|2340|3295|2341|3025,92|94|128|255|90|97|325|324|344,Circuito 11 de Febrero/Santa Clara,20.51465833,-100.4757667,26.31309523809524,,0,True,67.68809523809524
2813,41.43333333333334,363.0,L158,35,8,2813|2814|2815|2816|2817|2818|2819|2820|2821|2822|2823|2824|2825|2844|2803|2804|2805|2806|2807|2808|2809|2810|2288|2080|2859|2860|2220|2337|2338|2339|3294|2340|3295|2341|3025,363|364|255|358|325|351|375|344,Paseo Jurica/Bahía Xi,20.65476256,-100.4398991,0.0,,0,False,41.43333333333334
4073,41.449999999999996,162.0,L109,36,10,4073|4074|4078|1887|4079|4077|1888|4080|4081|2159|4155|4156|2160|1903|5120|1904|1890|1891|3640|1894|1905|2082|1884|2204|3280|4447|3281|1915|2392|2338|2339|3294|2340|3295|2341|3025,162|373|369|370|347|379|319|160|324|344,Emiliano Zapata Oriente,20.614698102018,-100.32002717206,0.0,,0,False,41.449999999999996
2538,41.466666666666654,325.0,C34,22,6,2538|4431|5198|5111|3891|1947|2194|1948|1949|1950|1951|1952|3281|1915|2392|2338|2339|3294|2340|3295|2341|3025,325|319|112|160|324|344,Fray Pedro de Font/C. Fray Francisco Palou,20.659416666667,-100.36841666667,10.070466058763932,,0,True,51.53713272543059
2661,41.48333333333334,233.0,L113,47,6,2661|5086|2662|2663|2664|2665|2666|2667|2255|2639|2640|2641|2258|2259|2260|2261|2262|2263|3023|2264|4393|2199|1762|1763|2200|4430|1764|1765|1766|2201|4241|2310|2311|2312|2313|3283|5197|4143|3284|4256|2338|2339|3294|2340|3295|2341|3025,233|336|338|325|324|344,Camino A Los Olvera/Av.Paseo Constituyentes,20.54114763,-100.4310796,12.858333333333336,,0,True,54.341666666666676
3941,41.5,314.0,C70,42,5,3941|3942|3894|2369|2370|2371|2372|5093|2373|3535|1968|1969|2176|2177|2178|2042|2043|2044|1973|1974|4435|1979|1980|1977|1976|5157|5158|5159|5160|3061|2014|2015|1983|1915|2392|2338|2339|3294|2340|3295|2341|3025,314|326|160|324|344,Anillo Vial Fray Junípero Serra/Av. Pie de la Cuesta,20.666364806693,-100.40006181437,0.0,,0,False,41.5
1316,41.533333333333324,96.0,C21,49,7,1316|1317|3583|3584|1318|1319|1320|3296|3674|1350|1351|4142|1292|1293|1294|1295|1296|1297|1298|1299|1300|1301|1302|1761|1303|1304|1305|1306|1432|1433|1434|3297|4241|2310|2311|2312|2313|3283|5197|4143|3284|4256|2338|2339|3294|2340|3295|2341|3025,96|98|97|90|325|324|344,Av. Fray Eulalio Hernández Rivera,20.538064341539,-100.44454037323,14.653571428571428,,0,True,56.186904761904756
3186,41.54999999999999,367.0,L60,39,11,3186|3390|3391|3392|3393|3582|3192|3193|3150|3310|3311|3312|3404|2279|2280|2281|2282|2283|2284|2285|3339|2286|2897|2287|3340|2074|2288|2080|2859|2860|2220|2337|2338|2339|3294|2340|3295|2341|3025,367|323|354|316|374|255|358|325|351|375|344,Av. Popocátepetl/Montes Urales,20.65228818,-100.4505952,24.249999999999996,,0,True,65.79999999999998
2786,41.6,363.0,L158,29,8,2786|2787|2788|2789|2790|2791|3333|4264|4265|2730|2731|2732|2733|2734|2735|2606|2288|2080|2859|2860|2220|2337|2338|2339|3294|2340|3295|2341|3025,363|257|255|358|325|351|375|344,Blvd. Villas del Meson/Bernabé Loyola,20.70850389,-100.4540839,0.0,,0,False,41.6
4095,41.63333333333334,356.0,L108,29,6,4095|2763|2764|2765|4096|4097|4098|4099|2616|4100|1766|2201|4241|2310|2311|2312|2313|3283|5197|4143|3284|4256|2338|2339|3294|2340|3295|2341|3025,356|336|338|325|324|344,Carr. Tlacote/Paseo de la Garza,20.590004611926,-100.44549414793,7.281428571428572,,0,True,48.91476190476191
4412,41.64166666666668,422.0,L165,36,8,4412|4363|4369|4413|4385|4386|2832|2833|3603|4387|2834|2835|3220|3221|4264|4265|2730|2731|2732|2733|2734|2735|2606|2288|2080|2859|2860|2220|2337|2338|2339|3294|2340|3295|2341|3025,422|355|255|358|325|351|375|344,Cto. Balcones/El Faro Juriquilla,20.698492898009,-100.46207060649,0.0,,0,False,41.64166666666668
4171,41.65,283.0,C67,27,10,4171|3519|4172|3694|3587|3588|3520|2572|2573|2574|2575|2610|2611|2074|2288|2080|2859|2860|2220|2337|2338|2339|3294|2340|3295|2341|3025,283|361|245|374|255|358|325|351|375|344,Río Grijalva/Villa de San Francisco,20.646951296087,-100.45891125404,26.925661375661374,,0,True,68.57566137566137
5188,41.650000000000006,314.0,C70,28,7,5188|2726|4117|2727|2728|2729|4264|4265|2730|2731|2732|2733|2734|2735|2606|2288|2080|2859|2860|2220|2337|2338|2339|3294|2340|3295|2341|3025,314|255|358|325|351|375|344,Calle Melchor Ocampo/Paseo de la República,20.736557467354,-100.44375702971,0.0,,0,False,41.650000000000006
3188,41.75,323.0,C31,40,10,3188|3189|3581|3190|3258|3191|3582|3192|3193|3150|3310|3311|3312|3404|2279|2280|2281|2282|2283|2284|2285|3339|2286|2897|2287|3340|2074|2288|2080|2859|2860|2220|2337|2338|2339|3294|2340|3295|2341|3025,323|354|316|374|255|358|325|351|375|344,Av. Popocátepetl/Cerro de la Tinaja,20.65732117,-100.4518768,9.342592592592592,,0,True,51.092592592592595
2423,41.78333333333333,112.0,L103,21,6,2423|5080|2424|2425|2426|2427|2428|2429|1950|1951|1952|3281|1915|2392|2338|2339|3294|2340|3295|2341|3025,112|320|319|160|324|344,Mineral de Pozos/Pozo la Ladriller,20.638601304422,-100.33231795398,10.133333333333338,,0,True,51.91666666666667
1342,41.81666666666666,129.0,L101,49,7,1342|1343|1344|1345|1346|1347|1348|1349|3655|1350|1351|4142|1292|1293|1294|1295|1296|1297|1298|1299|1300|1301|1302|1761|1303|1304|1305|1306|1432|1433|1434|3297|4241|2310|2311|2312|2313|3283|5197|4143|3284|4256|2338|2339|3294|2340|3295|2341|3025,129|98|97|90|325|324|344,Blvd. Hacienda del Jacal/Hacienda Balvanera,20.566637223737,-100.41564627236,6.9583333333333375,,0,True,48.775
2206,41.883333333333326,319.0,C24,43,7,2206|2207|4432|4433|5098|2384|2387|2372|5093|2373|3535|1968|1969|2176|2177|2178|2042|2043|2044|1973|1974|4435|1979|1980|1977|1976|5157|5158|5159|5160|3061|2014|2015|1983|1915|2392|2338|2339|3294|2340|3295|2341|3025,319|348|325|326|160|324|344,Av. Búfalo/Av. Antílope,20.65798161239,-100.34053852579,4.469736842105263,,0,True,46.35307017543859
3939,41.93333333333334,316.0,C71,29,8,3939|4442|2278|2279|2280|2281|2282|2283|2284|2285|3339|2286|2897|2287|3340|2074|2288|2080|2859|2860|2220|2337|2338|2339|3294|2340|3295|2341|3025,316|374|255|358|325|351|375|344,Anillo Vial Fray Junípero Serra/Entrada Mompaní,20.68687888417,-100.49825719675,28.520476190476188,,0,True,70.45380952380953
1774,41.94166666666666,130.0,L102,40,10,1774|1775|1776|1382|1383|1387|1386|1330|1399|2190|3301|1300|1301|1302|1761|1303|1304|1305|1306|1432|1433|1434|3297|4241|2310|2311|2312|2313|3283|5197|4143|3284|4256|2338|2339|3294|2340|3295|2341|3025,130|92|94|128|255|90|97|325|324|344,Valle de Las Flores/Valle de Guadalupe,20.527710313041,-100.47184069552,0.0,,0,False,41.94166666666666
3217,41.975000000000016,355.0,C69,33,8,3217|3331|3543|3218|3219|3332|4360|2834|2835|3220|3221|4264|4265|2730|2731|2732|2733|2734|2735|2606|2288|2080|2859|2860|2220|2337|2338|2339|3294|2340|3295|2341|3025,355|422|255|358|325|351|375|344,Blvd. Privada Juriquilla/Blvd. Jurica la Campana,20.72173681,-100.4464851,0.1952380952380953,,0,True,42.17023809523811
2949,41.98333333333334,327.0,C36,34,10,2949|2899|2900|2901|3607|2902|2903|3347|2904|2905|2906|2907|2908|2742|2572|2573|2574|2575|2610|2611|2074|2288|2080|2859|2860|2220|2337|2338|2339|3294|2340|3295|2341|3025,327|351|349|245|374|255|358|325|375|344,Blvd. Peña Flor/Condominio Estocolmo,20.64399949,-100.4879449,13.399999999999997,,0,True,55.38333333333334
2723,42.0,255.0,T11,30,6,2723|2724|2725|2726|4117|2727|2728|2729|4264|4265|2730|2731|2732|2733|2734|2735|2606|2288|2080|2859|2860|2220|2337|2338|2339|3294|2340|3295|2341|3025,255|358|325|351|375|344,Av. Constitución/Clavel,20.7447156,-100.4433666,13.954024943310655,,0,True,55.95402494331066
2837,42.016666666666666,364.0,L159,36,8,2837|2838|2839|2840|2841|5285|5286|5287|5288|2842|2843|2823|2824|2825|2844|2803|2804|2805|2806|2807|2808|2809|2810|2288|2080|2859|2860|2220|2337|2338|2339|3294|2340|3295|2341|3025,364|363|255|358|325|351|375|344,Av. Rivera del Río/Santa Lucia,20.69238514,-100.4803206,24.902380952380952,,0,True,66.91904761904762
5085,42.05000000000001,233.0,L113,48,6,5085|2661|5086|2662|2663|2664|2665|2666|2667|2255|2639|2640|2641|2258|2259|2260|2261|2262|2263|3023|2264|4393|2199|1762|1763|2200|4430|1764|1765|1766|2201|4241|2310|2311|2312|2313|3283|5197|4143|3284|4256|2338|2339|3294|2340|3295|2341|3025,233|336|338|325|324|344,Josefa Ortiz de Domínguez,20.540981718645,-100.43291195963,12.858333333333336,,0,True,54.908333333333346
5309,42.05833333333333,162.0,L109,37,10,5309|4073|4074|4078|1887|4079|4077|1888|4080|4081|2159|4155|4156|2160|1903|5120|1904|1890|1891|3640|1894|1905|2082|1884|2204|3280|4447|3281|1915|2392|2338|2339|3294|2340|3295|2341|3025,162|373|369|370|347|379|319|160|324|344,Calle Emiliano Zapata Oriente/Calle Conín,20.61373594121,-100.32143428356,0.0,,0,False,42.05833333333333
3873,42.10000000000001,352.0,C64,39,5,3873|3874|3875|3808|3809|3810|3811|3812|4404|3813|5104|1475|1476|1472|1471|1470|1469|1439|1438|2537|1920|1921|4241|2310|2311|2312|2313|3283|5197|4143|3284|4256|2338|2339|3294|2340|3295|2341|3025,352|90|325|324|344,Carr. Federal No. 57/Elektron Querétaro,20.572038721193,-100.26480639222,7.351785714285714,,0,True,49.45178571428572
1960,42.13333333333332,314.0,C70,24,8,1960|2068|2193|1945|1946|5134|3891|1947|2194|1948|1949|1950|1951|1952|3281|1915|2392|2338|2339|3294|2340|3295|2341|3025,314|113|112|325|319|160|324|344,Anillo Vial Fray Junípero Serra/Walmart,20.6403518,-100.3435023,0.0,,0,False,42.13333333333332
4262,42.16666666666667,349.0,C61,32,9,4262|4263|4259|4260|4261|2944|3348|4436|3369|3370|2908|2742|2572|2573|2574|2575|2610|2611|2074|2288|2080|2859|2860|2220|2337|2338|2339|3294|2340|3295|2341|3025,349|245|374|255|358|325|351|375|344,Av. Navarra/Prol. Bernardo Quintana,20.63992848,-100.4741321,18.17098214285714,,0,True,60.33764880952381
2695,42.216666666666654,113.0,L104,25,7,2695|3928|2068|2193|1945|1946|5134|3891|1947|2194|1948|1949|1950|1951|1952|3281|1915|2392|2338|2339|3294|2340|3295|2341|3025,113|112|325|319|160|324|344,Cto. Universidad/Terra Park,20.66023864,-100.3297226,0.0,,0,False,42.216666666666654
2755,42.249999999999986,140.0,L107,48,11,2755|5208|2487|5071|2488|2526|2489|2472|2473|2474|5078|2475|2476|2477|2212|2213|2214|2215|2216|2217|2218|2219|2032|2023|2024|2856|1439|1438|2537|1920|1921|4241|2310|2311|2312|2313|3283|5197|4143|3284|4256|2338|2339|3294|2340|3295|2341|3025,140|321|139|341|376|386|98|90|325|324|344,Lic. Jesús Reyes Heroles/Gral. Heriberto Jara,20.560117387272,-100.3769522489,0.0,,0,False,42.249999999999986
5187,42.300000000000004,355.0,C69,29,8,5187|5188|2726|4117|2727|2728|2729|4264|4265|2730|2731|2732|2733|2734|2735|2606|2288|2080|2859|2860|2220|2337|2338|2339|3294|2340|3295|2341|3025,355|314|255|358|325|351|375|344,Calle Melchor Ocampo/Calle Margarita Maza de Juárez,20.736627410358,-100.44614576011,0.1952380952380953,,0,True,42.4952380952381
2898,42.333333333333336,351.0,C63,34,9,2898|2899|2900|2901|3607|2902|2903|3347|2904|2905|2906|2907|2908|2742|2572|2573|2574|2575|2610|2611|2074|2288|2080|2859|2860|2220|2337|2338|2339|3294|2340|3295|2341|3025,351|349|245|374|255|358|325|375|344,Blvd. Peña Flor/Novatec,20.63996766,-100.4967874,13.587362637362636,,0,True,55.920695970695974
3450,42.34999999999999,340.0,C50,36,10,3450|2270|3484|2271|2272|3451|3401|3313|3403|3404|2279|2280|2281|2282|2283|2284|2285|3339|2286|2897|2287|3340|2074|2288|2080|2859|2860|2220|2337|2338|2339|3294|2340|3295|2341|3025,340|374|354|316|255|358|325|351|375|344,Guayaquiri/Calle 6,20.64373175,-100.4599418,21.20068027210884,,0,True,63.55068027210883
4246,42.38333333333333,354.0,C68,28,11,4246|4171|3519|4172|3694|3587|3588|3520|2572|2573|2574|2575|2610|2611|2074|2288|2080|2859|2860|2220|2337|2338|2339|3294|2340|3295|2341|3025,354|283|361|245|374|255|358|325|351|375|344,Blvd. Sonora/Río Grijalva,20.64832767,-100.457534,20.138253968253967,,0,True,62.5215873015873
3539,42.416666666666664,355.0,C69,31,7,3539|2723|2724|2725|2726|4117|2727|2728|2729|4264|4265|2730|2731|2732|2733|2734|2735|2606|2288|2080|2859|2860|2220|2337|2338|2339|3294|2340|3295|2341|3025,355|255|358|325|351|375|344,20 de Noviembre/Mariano Escobedo,20.74544118,-100.4444944,0.1952380952380953,,0,True,42.61190476190476
1377,42.425,92.0,L53,42,9,1377|1378|1379|1390|1381|1382|1383|1387|1386|1330|1399|2190|3301|1300|1301|1302|1761|1303|1304|1305|1306|1432|1433|1434|3297|4241|2310|2311|2312|2313|3283|5197|4143|3284|4256|2338|2339|3294|2340|3295|2341|3025,92|94|128|255|90|97|325|324|344,Circuito 11 de Febrero/Calle Santa Isabel,20.513063435054,-100.47734053871,26.31309523809524,,0,True,68.73809523809524
2422,42.46666666666666,112.0,L103,22,6,2422|2423|5080|2424|2425|2426|2427|2428|2429|1950|1951|1952|3281|1915|2392|2338|2339|3294|2340|3295|2341|3025,112|320|319|160|324|344,Mineral de Pozos/San Francisco,20.63944169,-100.3301284,10.133333333333338,,0,True,52.6
2785,42.483333333333334,363.0,L158,30,8,2785|2786|2787|2788|2789|2790|2791|3333|4264|4265|2730|2731|2732|2733|2734|2735|2606|2288|2080|2859|2860|2220|2337|2338|2339|3294|2340|3295|2341|3025,363|257|255|358|325|351|375|344,Blvd. Villas del Meson/Hacienda de Balvanera,20.70886304,-100.4553187,0.0,,0,False,42.483333333333334
3187,42.516666666666666,323.0,C31,41,10,3187|3188|3189|3581|3190|3258|3191|3582|3192|3193|3150|3310|3311|3312|3404|2279|2280|2281|2282|2283|2284|2285|3339|2286|2897|2287|3340|2074|2288|2080|2859|2860|2220|2337|2338|2339|3294|2340|3295|2341|3025,323|354|316|374|255|358|325|351|375|344,Av. Popocátepetl/Calle Cerro de Sangremal,20.65546913,-100.4507596,9.342592592592592,,0,True,51.85925925925926
2836,42.541666666666664,364.0,L159,37,8,2836|2837|2838|2839|2840|2841|5285|5286|5287|5288|2842|2843|2823|2824|2825|2844|2803|2804|2805|2806|2807|2808|2809|2810|2288|2080|2859|2860|2220|2337|2338|2339|3294|2340|3295|2341|3025,364|363|255|358|325|351|375|344,Av. de Guadalupe/Av. San Juan,20.6939581,-100.4805925,24.902380952380952,,0,True,67.44404761904761
5202,42.6,408.0,C73,34,8,5202|3171|4086|2471|3596|1473|1474|1476|1472|1471|1470|1469|1439|1438|2537|1920|1921|4241|2310|2311|2312|2313|3283|5197|4143|3284|4256|2338|2339|3294|2340|3295|2341|3025,408|378|396|352|90|325|324|344,Libramiento Surponiente/Calle Camino Dorado,20.549271597593,-100.37413639329,30.109920634920638,,0,True,72.70992063492064
3205,42.68333333333334,355.0,C69,30,8,3205|5187|5188|2726|4117|2727|2728|2729|4264|4265|2730|2731|2732|2733|2734|2735|2606|2288|2080|2859|2860|2220|2337|2338|2339|3294|2340|3295|2341|3025,355|314|255|358|325|351|375|344,Independencia Norte/Calle 21 de Marzo,20.73534173,-100.4462257,0.1952380952380953,,0,True,42.87857142857143
3185,42.69999999999999,323.0,C31,40,11,3185|3186|3390|3391|3392|3393|3582|3192|3193|3150|3310|3311|3312|3404|2279|2280|2281|2282|2283|2284|2285|3339|2286|2897|2287|3340|2074|2288|2080|2859|2860|2220|2337|2338|2339|3294|2340|3295|2341|3025,323|367|354|316|374|255|358|325|351|375|344,Av. Popocátepetl/Alpes,20.64910255,-100.4504109,9.342592592592592,,0,True,52.042592592592584
1955,42.699999999999996,370.0,T02,44,8,1955|2206|2207|4432|4433|5098|2384|2387|2372|5093|2373|3535|1968|1969|2176|2177|2178|2042|2043|2044|1973|1974|4435|1979|1980|1977|1976|5157|5158|5159|5160|3061|2014|2015|1983|1915|2392|2338|2339|3294|2340|3295|2341|3025,370|319|348|325|326|160|324|344,Av. Búfalo/Calle León,20.655758645068,-100.3391929663,11.796949404761907,,0,True,54.49694940476191
3335,42.71666666666668,257.0,C66,33,10,3335|2830|2831|2832|2833|3603|4387|2834|2835|3220|3221|4264|4265|2730|2731|2732|2733|2734|2735|2606|2288|2080|2859|2860|2220|2337|2338|2339|3294|2340|3295|2341|3025,257|363|422|355|255|358|325|351|375|344,Anillo Vial Fray Junípero Serra/Chedraui Selecto,20.690242393397,-100.44850717441,0.0,,0,False,42.71666666666668
4411,42.725000000000016,422.0,L165,37,8,4411|4412|4363|4369|4413|4385|4386|2832|2833|3603|4387|2834|2835|3220|3221|4264|4265|2730|2731|2732|2733|2734|2735|2606|2288|2080|2859|2860|2220|2337|2338|2339|3294|2340|3295|2341|3025,422|355|255|358|325|351|375|344,Cto. Balcones/Lago de Chapala,20.702894014885,-100.46275791386,0.0,,0,False,42.725000000000016
2948,42.75000000000001,361.0,L156,35,11,2948|2949|2899|2900|2901|3607|2902|2903|3347|2904|2905|2906|2907|2908|2742|2572|2573|2574|2575|2610|2611|2074|2288|2080|2859|2860|2220|2337|2338|2339|3294|2340|3295|2341|3025,361|327|351|349|245|374|255|358|325|375|344,Blvd. Peña Flor/Av. Punta Norte,20.64505433,-100.4851924,28.730158730158728,,0,True,71.48015873015873
3780,42.75000000000001,99.0,T01,38,7,3780|4252|1456|1457|3862|3781|4445|1449|3485|1450|1475|1476|1472|1471|1470|1469|1439|1438|2537|1920|1921|4241|2310|2311|2312|2313|3283|5197|4143|3284|4256|2338|2339|3294|2340|3295|2341|3025,99|91|352|90|325|324|344,Prol. Constituyentes Oriente/Anillo Vial Iii Oriente,20.606305977391,-100.27609048568,13.72857142857143,,0,True,56.478571428571435
3585,42.78333333333334,365.0,L160,34,10,3585|2899|2900|2901|3607|2902|2903|3347|2904|2905|2906|2907|2908|2742|2572|2573|2574|2575|2610|2611|2074|2288|2080|2859|2860|2220|2337|2338|2339|3294|2340|3295|2341|3025,365|351|349|245|374|255|358|325|375|344,Av. Cto. Puerta del Sol/Av. de la Cantera,20.63841458,-100.489802,0.0,,0,False,42.78333333333334
3206,42.81666666666667,314.0,C70,30,8,3206|5187|5188|2726|4117|2727|2728|2729|4264|4265|2730|2731|2732|2733|2734|2735|2606|2288|2080|2859|2860|2220|2337|2338|2339|3294|2340|3295|2341|3025,314|355|255|358|325|351|375|344,Calle Melchor Ocampo/Parque Bicentenario Querétaro,20.736673,-100.44766,0.0,,0,False,42.81666666666667
2792,42.83333333333333,363.0,L158,32,8,2792|2793|2794|2795|2796|2797|2798|2799|2800|2801|2802|2803|2804|2805|2806|2807|2808|2809|2810|2288|2080|2859|2860|2220|2337|2338|2339|3294|2340|3295|2341|3025,363|364|255|358|325|351|375|344,Blvd. Fray Antonio de Monroy E Hijar,20.68350646,-100.4525723,0.0,,0,False,42.83333333333333
2936,42.85,377.0,T09,36,10,2936|2937|2938|2939|2940|2941|2942|3379|3380|3381|2904|2905|2906|2907|2908|2742|2572|2573|2574|2575|2610|2611|2074|2288|2080|2859|2860|2220|2337|2338|2339|3294|2340|3295|2341|3025,377|349|351|245|374|255|358|325|375|344,Prol. Bernardo Quintana/Colinas de Santa Cruz,20.62059818,-100.4567505,23.949319727891154,,0,True,66.79931972789116
2657,42.91666666666667,233.0,L113,43,9,2657|2658|2395|2396|2397|2398|2399|3925|1333|3540|1334|1335|1336|1337|1338|1339|1340|1341|1762|1763|2200|4430|1764|1765|1766|2201|4241|2310|2311|2312|2313|3283|5197|4143|3284|4256|2338|2339|3294|2340|3295|2341|3025,233|95|97|98|336|338|325|324|344,Camino A Los Olvera/Cobaq 3 Corregidora,20.540238,-100.425586,12.858333333333336,,0,True,55.775000000000006
5308,42.94166666666666,162.0,L109,38,10,5308|5309|4073|4074|4078|1887|4079|4077|1888|4080|4081|2159|4155|4156|2160|1903|5120|1904|1890|1891|3640|1894|1905|2082|1884|2204|3280|4447|3281|1915|2392|2338|2339|3294|2340|3295|2341|3025,162|373|369|370|347|379|319|160|324|344,Calle Emiliano Zapata Oriente,20.61233607769,-100.32346423499,0.0,,0,False,42.94166666666666
5084,43.033333333333346,233.0,L113,49,6,5084|5085|2661|5086|2662|2663|2664|2665|2666|2667|2255|2639|2640|2641|2258|2259|2260|2261|2262|2263|3023|2264|4393|2199|1762|1763|2200|4430|1764|1765|1766|2201|4241|2310|2311|2312|2313|3283|5197|4143|3284|4256|2338|2339|3294|2340|3295|2341|3025,233|336|338|325|324|344,Josefa Ortiz de Domínguez,20.540591191502,-100.43609985363,12.858333333333336,,0,True,55.89166666666668
3216,43.041666666666686,355.0,C69,34,8,3216|3217|3331|3543|3218|3219|3332|4360|2834|2835|3220|3221|4264|4265|2730|2731|2732|2733|2734|2735|2606|2288|2080|2859|2860|2220|2337|2338|2339|3294|2340|3295|2341|3025,355|422|255|358|325|351|375|344,Blvd. Privada Juriquilla/Cerro la Media Luna,20.723872,-100.443771,0.1952380952380953,,0,True,43.23690476190478
1956,43.066666666666656,319.0,C24,44,7,1956|2206|2207|4432|4433|5098|2384|2387|2372|5093|2373|3535|1968|1969|2176|2177|2178|2042|2043|2044|1973|1974|4435|1979|1980|1977|1976|5157|5158|5159|5160|3061|2014|2015|1983|1915|2392|2338|2339|3294|2340|3295|2341|3025,319|348|325|326|160|324|344,Calle León/Blvd. Bisonte,20.654055685638,-100.33902021115,4.469736842105263,,0,True,47.53640350877192
2812,43.06666666666667,363.0,L158,36,8,2812|2813|2814|2815|2816|2817|2818|2819|2820|2821|2822|2823|2824|2825|2844|2803|2804|2805|2806|2807|2808|2809|2810|2288|2080|2859|2860|2220|2337|2338|2339|3294|2340|3295|2341|3025,363|364|255|358|325|351|375|344,Paseo Jurica/Bahía Xiii,20.64980423,-100.4369247,0.0,,0,False,43.06666666666667
4384,43.066666666666684,422.0,L165,38,8,4384|4411|4412|4363|4369|4413|4385|4386|2832|2833|3603|4387|2834|2835|3220|3221|4264|4265|2730|2731|2732|2733|2734|2735|2606|2288|2080|2859|2860|2220|2337|2338|2339|3294|2340|3295|2341|3025,422|355|255|358|325|351|375|344,Lago de Chapala/La Reserva Cumbres del Lago,20.703132356117,-100.46420551726,0.0,,0,False,43.066666666666684
3944,43.08333333333332,113.0,L104,26,7,3944|2695|3928|2068|2193|1945|1946|5134|3891|1947|2194|1948|1949|1950|1951|1952|3281|1915|2392|2338|2339|3294|2340|3295|2341|3025,113|112|325|319|160|324|344,Anillo Vial Fray Junípero Serra/Terra Park,20.662143391782,-100.33395620261,0.0,,0,False,43.08333333333332
3210,43.08333333333333,355.0,C69,32,7,3210|3539|2723|2724|2725|2726|4117|2727|2728|2729|4264|4265|2730|2731|2732|2733|2734|2735|2606|2288|2080|2859|2860|2220|2337|2338|2339|3294|2340|3295|2341|3025,355|255|358|325|351|375|344,20 de Noviembre/Independencia Norte,20.74530713,-100.4466904,0.1952380952380953,,0,True,43.278571428571425
2421,43.133333333333326,112.0,L103,23,6,2421|2422|2423|5080|2424|2425|2426|2427|2428|2429|1950|1951|1952|3281|1915|2392|2338|2339|3294|2340|3295|2341|3025,112|320|319|160|324|344,Mineral de Pozos/Pozo Agua Fría,20.641172721095,-100.32875074551,10.133333333333338,,0,True,53.266666666666666
5083,43.13333333333335,233.0,L113,50,6,5083|5084|5085|2661|5086|2662|2663|2664|2665|2666|2667|2255|2639|2640|2641|2258|2259|2260|2261|2262|2263|3023|2264|4393|2199|1762|1763|2200|4430|1764|1765|1766|2201|4241|2310|2311|2312|2313|3283|5197|4143|3284|4256|2338|2339|3294|2340|3295|2341|3025,233|336|338|325|324|344,la Capilla/Josefa Ortiz de Domínguez,20.540775094457,-100.43634259639,12.858333333333336,,0,True,55.99166666666668
1315,43.14999999999999,96.0,C21,50,7,1315|1316|1317|3583|3584|1318|1319|1320|3296|3674|1350|1351|4142|1292|1293|1294|1295|1296|1297|1298|1299|1300|1301|1302|1761|1303|1304|1305|1306|1432|1433|1434|3297|4241|2310|2311|2312|2313|3283|5197|4143|3284|4256|2338|2339|3294|2340|3295|2341|3025,96|98|97|90|325|324|344,Av. Fray Eulalio Hernández Rivera/16 de Septiembre,20.533917437585,-100.44557143606,14.653571428571428,,0,True,57.803571428571416
2756,43.14999999999999,140.0,L107,47,11,2756|2757|2758|2488|2526|2489|2472|2473|2474|5078|2475|2476|2477|2212|2213|2214|2215|2216|2217|2218|2219|2032|2023|2024|2856|1439|1438|2537|1920|1921|4241|2310|2311|2312|2313|3283|5197|4143|3284|4256|2338|2339|3294|2340|3295|2341|3025,140|321|139|341|376|386|98|90|325|324|344,Blvd. Bicentenario/Genova Sur,20.555162276951,-100.37879250057,0.0,,0,False,43.14999999999999
4245,43.31666666666666,354.0,C68,29,11,4245|4246|4171|3519|4172|3694|3587|3588|3520|2572|2573|2574|2575|2610|2611|2074|2288|2080|2859|2860|2220|2337|2338|2339|3294|2340|3295|2341|3025,354|283|361|245|374|255|358|325|351|375|344,Blvd. Sonora/Blvd. California,20.64697904,-100.4554363,20.138253968253967,,0,True,63.454920634920626
5186,43.31666666666667,314.0,C70,31,8,5186|3206|5187|5188|2726|4117|2727|2728|2729|4264|4265|2730|2731|2732|2733|2734|2735|2606|2288|2080|2859|2860|2220|2337|2338|2339|3294|2340|3295|2341|3025,314|355|255|358|325|351|375|344,Calle Melchor Ocampo/Calle Margarita Maza de Juárez,20.736831717556,-100.44622517784,0.0,,0,False,43.31666666666667
4170,43.33333333333333,283.0,C67,28,10,4170|4171|3519|4172|3694|3587|3588|3520|2572|2573|2574|2575|2610|2611|2074|2288|2080|2859|2860|2220|2337|2338|2339|3294|2340|3295|2341|3025,283|361|245|374|255|358|325|351|375|344,Río Grijalva/Blvd. Sonora,20.648520561762,-100.45771598698,26.925661375661374,,0,True,70.2589947089947
2722,43.36666666666667,255.0,T11,31,6,2722|2723|2724|2725|2726|4117|2727|2728|2729|4264|4265|2730|2731|2732|2733|2734|2735|2606|2288|2080|2859|2860|2220|2337|2338|2339|3294|2340|3295|2341|3025,255|358|325|351|375|344,Av. Constitución/Independencia Norte,20.75042926,-100.4437822,13.954024943310655,,0,True,57.320691609977324
3184,43.41666666666666,323.0,C31,41,11,3184|3185|3186|3390|3391|3392|3393|3582|3192|3193|3150|3310|3311|3312|3404|2279|2280|2281|2282|2283|2284|2285|3339|2286|2897|2287|3340|2074|2288|2080|2859|2860|2220|2337|2338|2339|3294|2340|3295|2341|3025,323|367|354|316|374|255|358|325|351|375|344,Av. Popocátepetl/Citlaltépetl,20.64713546,-100.4503125,9.342592592592592,,0,True,52.75925925925925
1376,43.525,92.0,L53,43,9,1376|1377|1378|1379|1390|1381|1382|1383|1387|1386|1330|1399|2190|3301|1300|1301|1302|1761|1303|1304|1305|1306|1432|1433|1434|3297|4241|2310|2311|2312|2313|3283|5197|4143|3284|4256|2338|2339|3294|2340|3295|2341|3025,92|94|128|255|90|97|325|324|344,Circuito 11 de Febrero,20.511175925874,-100.47866860857,26.31309523809524,,0,True,69.83809523809524
4395,43.56666666666668,361.0,L156,36,11,4395|2948|2949|2899|2900|2901|3607|2902|2903|3347|2904|2905|2906|2907|2908|2742|2572|2573|2574|2575|2610|2611|2074|2288|2080|2859|2860|2220|2337|2338|2339|3294|2340|3295|2341|3025,361|327|351|349|245|374|255|358|325|375|344,Blvd. Peña Flor/Cto. Puerta del Sol,20.64618175662,-100.48223520621,28.730158730158728,,0,True,72.2968253968254
2754,43.649999999999984,140.0,L107,49,11,2754|2755|5208|2487|5071|2488|2526|2489|2472|2473|2474|5078|2475|2476|2477|2212|2213|2214|2215|2216|2217|2218|2219|2032|2023|2024|2856|1439|1438|2537|1920|1921|4241|2310|2311|2312|2313|3283|5197|4143|3284|4256|2338|2339|3294|2340|3295|2341|3025,140|321|139|341|376|386|98|90|325|324|344,Cto. Lazaro Cardenas/San Antonio de Triana,20.5617138,-100.3783291,0.0,,0,False,43.649999999999984
1911,43.675,162.0,L109,39,10,1911|5308|5309|4073|4074|4078|1887|4079|4077|1888|4080|4081|2159|4155|4156|2160|1903|5120|1904|1890|1891|3640|1894|1905|2082|1884|2204|3280|4447|3281|1915|2392|2338|2339|3294|2340|3295|2341|3025,162|373|369|370|347|379|319|160|324|344,Emiliano Zapata Oriente/El Pinito,20.610684817411,-100.32461448321,0.0,,0,False,43.675
3334,43.71666666666668,257.0,C66,34,10,3334|3335|2830|2831|2832|2833|3603|4387|2834|2835|3220|3221|4264|4265|2730|2731|2732|2733|2734|2735|2606|2288|2080|2859|2860|2220|2337|2338|2339|3294|2340|3295|2341|3025,257|363|422|355|255|358|325|351|375|344,Anillo Vial Fray Junípero Serra/Calle Santa Teresa,20.690681754262,-100.44527492751,0.0,,0,False,43.71666666666668
4084,43.74999999999999,396.0,T16,39,9,4084|4127|4423|4315|2625|3577|5107|2519|3578|2216|2217|2218|2219|2032|2023|2024|2856|1439|1438|2537|1920|1921|4241|2310|2311|2312|2313|3283|5197|4143|3284|4256|2338|2339|3294|2340|3295|2341|3025,396|322|376|386|98|90|325|324|344,Carr. 400/El Paraíso,20.507621175978,-100.31777283729,12.226587301587305,,0,True,55.9765873015873
3547,43.75000000000001,355.0,C69,31,8,3547|3205|5187|5188|2726|4117|2727|2728|2729|4264|4265|2730|2731|2732|2733|2734|2735|2606|2288|2080|2859|2860|2220|2337|2338|2339|3294|2340|3295|2341|3025,355|314|255|358|325|351|375|344,Independencia Norte/Los Ciprés,20.73206215,-100.4444657,0.1952380952380953,,0,True,43.9452380952381
2784,43.766666666666666,363.0,L158,31,8,2784|2785|2786|2787|2788|2789|2790|2791|3333|4264|4265|2730|2731|2732|2733|2734|2735|2606|2288|2080|2859|2860|2220|2337|2338|2339|3294|2340|3295|2341|3025,363|257|255|358|325|351|375|344,Blvd. Villas del Meson/5 de Mayo,20.7084085,-100.4571596,0.0,,0,False,43.766666666666666
2811,43.76666666666667,363.0,L158,37,8,2811|2812|2813|2814|2815|2816|2817|2818|2819|2820|2821|2822|2823|2824|2825|2844|2803|2804|2805|2806|2807|2808|2809|2810|2288|2080|2859|2860|2220|2337|2338|2339|3294|2340|3295|2341|3025,363|364|255|358|325|351|375|344,Paseo Jurica/Tabachines,20.64827388,-100.434924,0.0,,0,False,43.76666666666667
5185,43.78333333333334,355.0,C69,32,8,5185|5186|3206|5187|5188|2726|4117|2727|2728|2729|4264|4265|2730|2731|2732|2733|2734|2735|2606|2288|2080|2859|2860|2220|2337|2338|2339|3294|2340|3295|2341|3025,355|314|255|358|325|351|375|344,Calle Melchor Ocampo/Calle Corregidora,20.736811890906,-100.44467032244,0.1952380952380953,,0,True,43.978571428571435
1465,43.91666666666667,256.0,T12,39,8,1465|3780|4252|1456|1457|3862|3781|4445|1449|3485|1450|1475|1476|1472|1471|1470|1469|1439|1438|2537|1920|1921|4241|2310|2311|2312|2313|3283|5197|4143|3284|4256|2338|2339|3294|2340|3295|2341|3025,256|99|91|352|90|325|324|344,Anillo Vial Iii/Universidad Mondragón,20.602938,-100.275146,7.936309523809525,,0,True,51.8529761904762
4383,43.92500000000002,422.0,L165,39,8,4383|4384|4411|4412|4363|4369|4413|4385|4386|2832|2833|3603|4387|2834|2835|3220|3221|4264|4265|2730|2731|2732|2733|2734|2735|2606|2288|2080|2859|2860|2220|2337|2338|2339|3294|2340|3295|2341|3025,422|355|255|358|325|351|375|344,Lago Patzcuaro/Lago Nobhe,20.699882962202,-100.46561186942,0.0,,0,False,43.92500000000002
3449,43.93333333333332,340.0,C50,37,10,3449|3450|2270|3484|2271|2272|3451|3401|3313|3403|3404|2279|2280|2281|2282|2283|2284|2285|3339|2286|2897|2287|3340|2074|2288|2080|2859|2860|2220|2337|2338|2339|3294|2340|3295|2341|3025,340|374|354|316|255|358|325|351|375|344,Guayaquiri/Calle 7,20.64199379,-100.4567382,21.20068027210884,,0,True,65.13401360544216
4388,43.96666666666667,275.0,L124,31,7,4388|2723|2724|2725|2726|4117|2727|2728|2729|4264|4265|2730|2731|2732|2733|2734|2735|2606|2288|2080|2859|2860|2220|2337|2338|2339|3294|2340|3295|2341|3025,275|255|358|325|351|375|344,Calle Miguel Hidalgo/Calle Corregidora,20.747054130961,-100.44528040716,0.0,,0,False,43.96666666666667
2656,44.00000000000001,233.0,L113,44,9,2656|2657|2658|2395|2396|2397|2398|2399|3925|1333|3540|1334|1335|1336|1337|1338|1339|1340|1341|1762|1763|2200|4430|1764|1765|1766|2201|4241|2310|2311|2312|2313|3283|5197|4143|3284|4256|2338|2339|3294|2340|3295|2341|3025,233|95|97|98|336|338|325|324|344,Camino A Los Olvera/Paseo de Amsterdam,20.538231,-100.422777,12.858333333333336,,0,True,56.85833333333334
1958,44.033333333333324,370.0,T02,45,8,1958|1956|2206|2207|4432|4433|5098|2384|2387|2372|5093|2373|3535|1968|1969|2176|2177|2178|2042|2043|2044|1973|1974|4435|1979|1980|1977|1976|5157|5158|5159|5160|3061|2014|2015|1983|1915|2392|2338|2339|3294|2340|3295|2341|3025,370|319|348|325|326|160|324|344,Calle Puma/Calle Vicuña,20.651083086612,-100.338406525,11.796949404761907,,0,True,55.830282738095235
2829,44.100000000000016,363.0,L158,33,9,2829|2830|2831|2832|2833|3603|4387|2834|2835|3220|3221|4264|4265|2730|2731|2732|2733|2734|2735|2606|2288|2080|2859|2860|2220|2337|2338|2339|3294|2340|3295|2341|3025,363|422|355|255|358|325|351|375|344,Blvd. Fray Antonio de Monroy E Hijar,20.68361099,-100.452402,0.0,,0,False,44.100000000000016
3209,44.11666666666666,355.0,C69,33,7,3209|3210|3539|2723|2724|2725|2726|4117|2727|2728|2729|4264|4265|2730|2731|2732|2733|2734|2735|2606|2288|2080|2859|2860|2220|2337|2338|2339|3294|2340|3295|2341|3025,355|255|358|325|351|375|344,20 de Noviembre/Calle José Ma. Morelos,20.74518545,-100.4501275,0.1952380952380953,,0,True,44.311904761904756
3542,44.15833333333335,355.0,C69,35,8,3542|3216|3217|3331|3543|3218|3219|3332|4360|2834|2835|3220|3221|4264|4265|2730|2731|2732|2733|2734|2735|2606|2288|2080|2859|2860|2220|2337|2338|2339|3294|2340|3295|2341|3025,355|422|255|358|325|351|375|344,Independencia Norte/Blvd. Privada Juriquilla,20.72683384,-100.4418265,0.1952380952380953,,0,True,44.35357142857145
3183,44.18333333333332,323.0,C31,42,11,3183|3184|3185|3186|3390|3391|3392|3393|3582|3192|3193|3150|3310|3311|3312|3404|2279|2280|2281|2282|2283|2284|2285|3339|2286|2897|2287|3340|2074|2288|2080|2859|2860|2220|2337|2338|2339|3294|2340|3295|2341|3025,323|367|354|316|374|255|358|325|351|375|344,Av. Popocátepetl/Everest,20.64504201,-100.4501868,9.342592592592592,,0,True,53.52592592592592
1805,44.2,357.0,L112,14,5,1805|3597|3285|1806|3281|1915|2392|2338|2339|3294|2340|3295|2341|3025,357|319|160|324|344,Av. Campanario/Lomas del Campanario Ii,20.614393322131,-100.36530327919,0.9160714285714285,,0,True,45.11607142857143
4094,44.20000000000001,356.0,L108,30,6,4094|4095|2763|2764|2765|4096|4097|4098|4099|2616|4100|1766|2201|4241|2310|2311|2312|2313|3283|5197|4143|3284|4256|2338|2339|3294|2340|3295|2341|3025,356|336|338|325|324|344,Carr. Tlacote/Paseo de la Garza,20.590505400703,-100.44957817515,7.281428571428572,,0,True,51.48142857142858
2947,44.30000000000001,361.0,L156,37,11,2947|4395|2948|2949|2899|2900|2901|3607|2902|2903|3347|2904|2905|2906|2907|2908|2742|2572|2573|2574|2575|2610|2611|2074|2288|2080|2859|2860|2220|2337|2338|2339|3294|2340|3295|2341|3025,361|327|351|349|245|374|255|358|325|375|344,Blvd. Peña Flor/Plaza Peña Flor,20.64718461,-100.4795907,28.730158730158728,,0,True,73.03015873015875
3208,44.349999999999994,257.0,C66,34,8,3208|3209|3210|3539|2723|2724|2725|2726|4117|2727|2728|2729|4264|4265|2730|2731|2732|2733|2734|2735|2606|2288|2080|2859|2860|2220|2337|2338|2339|3294|2340|3295|2341|3025,257|355|255|358|325|351|375|344,Vicente Guerrero/20 de Noviembre,20.74496862,-100.4507961,0.0,,0,False,44.349999999999994
3225,44.39999999999999,316.0,C71,35,9,3225|3208|3209|3210|3539|2723|2724|2725|2726|4117|2727|2728|2729|4264|4265|2730|2731|2732|2733|2734|2735|2606|2288|2080|2859|2860|2220|2337|2338|2339|3294|2340|3295|2341|3025,316|257|355|255|358|325|351|375|344,Vicente Guerrero/20 de Noviembre,20.74483584,-100.4508764,28.520476190476188,,0,True,72.92047619047618
4382,44.43333333333335,422.0,L165,40,8,4382|4383|4384|4411|4412|4363|4369|4413|4385|4386|2832|2833|3603|4387|2834|2835|3220|3221|4264|4265|2730|2731|2732|2733|2734|2735|2606|2288|2080|2859|2860|2220|2337|2338|2339|3294|2340|3295|2341|3025,422|355|255|358|325|351|375|344,Lago Patzcuaro/Condominio Villa Venetto,20.6978262337,-100.46526405572,0.0,,0,False,44.43333333333335
3247,44.54999999999999,276.0,L120,36,10,3247|3225|3208|3209|3210|3539|2723|2724|2725|2726|4117|2727|2728|2729|4264|4265|2730|2731|2732|2733|2734|2735|2606|2288|2080|2859|2860|2220|2337|2338|2339|3294|2340|3295|2341|3025,276|316|257|355|255|358|325|351|375|344,20 de Noviembre/Calle José Ma. Morelos,20.74528337,-100.450224,0.0,,0,False,44.54999999999999
4076,44.55,162.0,L109,40,10,4076|1911|5308|5309|4073|4074|4078|1887|4079|4077|1888|4080|4081|2159|4155|4156|2160|1903|5120|1904|1890|1891|3640|1894|1905|2082|1884|2204|3280|4447|3281|1915|2392|2338|2339|3294|2340|3295|2341|3025,162|373|369|370|347|379|319|160|324|344,Emiliano Zapata Oriente,20.609080129093,-100.3264580283,0.0,,0,False,44.55
3204,44.60000000000001,355.0,C69,32,8,3204|3547|3205|5187|5188|2726|4117|2727|2728|2729|4264|4265|2730|2731|2732|2733|2734|2735|2606|2288|2080|2859|2860|2220|2337|2338|2339|3294|2340|3295|2341|3025,355|314|255|358|325|351|375|344,Independencia Norte/Calle Constitución,20.72944577,-100.443081,0.1952380952380953,,0,True,44.795238095238105
3182,44.61666666666665,323.0,C31,43,11,3182|3183|3184|3185|3186|3390|3391|3392|3393|3582|3192|3193|3150|3310|3311|3312|3404|2279|2280|2281|2282|2283|2284|2285|3339|2286|2897|2287|3340|2074|2288|2080|2859|2860|2220|2337|2338|2339|3294|2340|3295|2341|3025,323|367|354|316|374|255|358|325|351|375|344,Av Popocatépetl/Nevado de Colima,20.64387176,-100.45014,9.342592592592592,,0,True,53.95925925925924
2773,44.61666666666666,257.0,C66,35,8,2773|3208|3209|3210|3539|2723|2724|2725|2726|4117|2727|2728|2729|4264|4265|2730|2731|2732|2733|2734|2735|2606|2288|2080|2859|2860|2220|2337|2338|2339|3294|2340|3295|2341|3025,257|355|255|358|325|351|375|344,Mercado Santa Rosa,20.744362727007,-100.45023825177,0.0,,0,False,44.61666666666666
3644,44.616666666666674,359.0,L151,29,7,3644|2763|2764|2765|4096|4097|4098|4099|2616|4100|1766|2201|4241|2310|2311|2312|2313|3283|5197|4143|3284|4256|2338|2339|3294|2340|3295|2341|3025,359|356|336|338|325|324|344,Independencia/Av. Miguel Hidalgo,20.59276454,-100.4463475,0.0,,0,False,44.616666666666674
4244,44.666666666666664,354.0,C68,30,11,4244|4245|4246|4171|3519|4172|3694|3587|3588|3520|2572|2573|2574|2575|2610|2611|2074|2288|2080|2859|2860|2220|2337|2338|2339|3294|2340|3295|2341|3025,354|283|361|245|374|255|358|325|351|375|344,Calle Cordillera de Los Andes/Calle Pico de Orizaba,20.64597051,-100.4518882,20.138253968253967,,0,True,64.80492063492063
2768,44.691666666666684,355.0,C69,32,8,2768|3197|3537|3198|2774|4360|2834|2835|3220|3221|4264|4265|2730|2731|2732|2733|2734|2735|2606|2288|2080|2859|2860|2220|2337|2338|2339|3294|2340|3295|2341|3025,355|422|255|358|325|351|375|344,Paseo de la República/World Trade Center,20.68338702941,-100.43484763016,0.1952380952380953,,0,True,44.88690476190478
1957,44.74999999999999,370.0,T02,46,8,1957|1958|1956|2206|2207|4432|4433|5098|2384|2387|2372|5093|2373|3535|1968|1969|2176|2177|2178|2042|2043|2044|1973|1974|4435|1979|1980|1977|1976|5157|5158|5159|5160|3061|2014|2015|1983|1915|2392|2338|2339|3294|2340|3295|2341|3025,370|319|348|325|326|160|324|344,Calle Puma/Calle Martineta,20.648896705541,-100.33804138401,11.796949404761907,,0,True,56.546949404761904
2828,44.750000000000014,363.0,L158,34,9,2828|2829|2830|2831|2832|2833|3603|4387|2834|2835|3220|3221|4264|4265|2730|2731|2732|2733|2734|2735|2606|2288|2080|2859|2860|2220|2337|2338|2339|3294|2340|3295|2341|3025,363|422|355|255|358|325|351|375|344,Paseo del Mesón/5 de Mayo,20.68147633,-100.4532414,0.0,,0,False,44.750000000000014
2946,44.783333333333346,361.0,L156,38,11,2946|2947|4395|2948|2949|2899|2900|2901|3607|2902|2903|3347|2904|2905|2906|2907|2908|2742|2572|2573|2574|2575|2610|2611|2074|2288|2080|2859|2860|2220|2337|2338|2339|3294|2340|3295|2341|3025,361|327|351|349|245|374|255|358|325|375|344,Prol. Bernardo Quintana/Blvd. Peña Flor,20.64633246,-100.4779915,28.730158730158728,,0,True,73.51349206349207
3330,44.83333333333332,275.0,L124,36,10,3330|3225|3208|3209|3210|3539|2723|2724|2725|2726|4117|2727|2728|2729|4264|4265|2730|2731|2732|2733|2734|2735|2606|2288|2080|2859|2860|2220|2337|2338|2339|3294|2340|3295|2341|3025,275|316|257|355|255|358|325|351|375|344,20 de Noviembre/Lienzo Charro El Milagro,20.74582893,-100.4529419,0.0,,0,False,44.83333333333332
2827,44.95000000000002,363.0,L158,35,9,2827|2828|2829|2830|2831|2832|2833|3603|4387|2834|2835|3220|3221|4264|4265|2730|2731|2732|2733|2734|2735|2606|2288|2080|2859|2860|2220|2337|2338|2339|3294|2340|3295|2341|3025,363|422|355|255|358|325|351|375|344,Libertad/Paseo del Mesón,20.68078312,-100.4532174,0.0,,0,False,44.95000000000002
2655,45.00000000000001,233.0,L113,45,9,2655|2656|2657|2658|2395|2396|2397|2398|2399|3925|1333|3540|1334|1335|1336|1337|1338|1339|1340|1341|1762|1763|2200|4430|1764|1765|1766|2201|4241|2310|2311|2312|2313|3283|5197|4143|3284|4256|2338|2339|3294|2340|3295|2341|3025,233|95|97|98|336|338|325|324|344,Camino A Los Olvera/Condominio la Herradura,20.53598903,-100.4205945,12.858333333333336,,0,True,57.85833333333334
4381,45.00000000000002,422.0,L165,41,8,4381|4382|4383|4384|4411|4412|4363|4369|4413|4385|4386|2832|2833|3603|4387|2834|2835|3220|3221|4264|4265|2730|2731|2732|2733|2734|2735|2606|2288|2080|2859|2860|2220|2337|2338|2339|3294|2340|3295|2341|3025,422|355|255|358|325|351|375|344,Lago Patzcuaro/Real del Lago,20.695950274214,-100.46671947241,0.0,,0,False,45.00000000000002
3215,45.041666666666686,355.0,C69,36,8,3215|3542|3216|3217|3331|3543|3218|3219|3332|4360|2834|2835|3220|3221|4264|4265|2730|2731|2732|2733|2734|2735|2606|2288|2080|2859|2860|2220|2337|2338|2339|3294|2340|3295|2341|3025,355|422|255|358|325|351|375|344,Independencia Norte/Calle Constitución,20.72927691,-100.4431239,0.1952380952380953,,0,True,45.23690476190478
3246,45.14999999999999,276.0,L120,37,10,3246|3247|3225|3208|3209|3210|3539|2723|2724|2725|2726|4117|2727|2728|2729|4264|4265|2730|2731|2732|2733|2734|2735|2606|2288|2080|2859|2860|2220|2337|2338|2339|3294|2340|3295|2341|3025,276|316|257|355|255|358|325|351|375|344,20 de Noviembre/Primaria Emiliano Zapata,20.74539908,-100.4467009,0.0,,0,False,45.14999999999999
4075,45.166666666666664,162.0,L109,41,10,4075|4076|1911|5308|5309|4073|4074|4078|1887|4079|4077|1888|4080|4081|2159|4155|4156|2160|1903|5120|1904|1890|1891|3640|1894|1905|2082|1884|2204|3280|4447|3281|1915|2392|2338|2339|3294|2340|3295|2341|3025,162|373|369|370|347|379|319|160|324|344,Emiliano Zapata Oriente,20.607818454599,-100.3276041166,0.0,,0,False,45.166666666666664
4041,45.18333333333332,323.0,C31,44,11,4041|3182|3183|3184|3185|3186|3390|3391|3392|3393|3582|3192|3193|3150|3310|3311|3312|3404|2279|2280|2281|2282|2283|2284|2285|3339|2286|2897|2287|3340|2074|2288|2080|2859|2860|2220|2337|2338|2339|3294|2340|3295|2341|3025,323|367|354|316|374|255|358|325|351|375|344,Av. Popocatépetl/Av. Pirineos,20.642329159138,-100.45000356118,9.342592592592592,,0,True,54.52592592592592
3934,45.18333333333332,275.0,L124,37,10,3934|3330|3225|3208|3209|3210|3539|2723|2724|2725|2726|4117|2727|2728|2729|4264|4265|2730|2731|2732|2733|2734|2735|2606|2288|2080|2859|2860|2220|2337|2338|2339|3294|2340|3295|2341|3025,275|316|257|355|255|358|325|351|375|344,20 de Noviembre/Centro Integral de Rehabilitación Regional (Cirr),20.747075023161,-100.45426639076,0.0,,0,False,45.18333333333332
3643,45.183333333333344,356.0,L108,30,7,3643|3644|2763|2764|2765|4096|4097|4098|4099|2616|4100|1766|2201|4241|2310|2311|2312|2313|3283|5197|4143|3284|4256|2338|2339|3294|2340|3295|2341|3025,356|359|336|338|325|324|344,Independencia/San José,20.59294378,-100.4482718,7.281428571428572,,0,True,52.464761904761914
4169,45.23333333333333,283.0,C67,29,10,4169|4170|4171|3519|4172|3694|3587|3588|3520|2572|2573|2574|2575|2610|2611|2074|2288|2080|2859|2860|2220|2337|2338|2339|3294|2340|3295|2341|3025,283|361|245|374|255|358|325|351|375|344,Río Grijalva/Lombardo Toledano,20.650286671165,-100.45637561043,26.925661375661374,,0,True,72.1589947089947
3287,45.23333333333333,276.0,L120,38,10,3287|3246|3247|3225|3208|3209|3210|3539|2723|2724|2725|2726|4117|2727|2728|2729|4264|4265|2730|2731|2732|2733|2734|2735|2606|2288|2080|2859|2860|2220|2337|2338|2339|3294|2340|3295|2341|3025,276|316|257|355|255|358|325|351|375|344,Independencia Norte/Primaria Emiliano Zapata,20.745748275933,-100.44636497423,0.0,,0,False,45.23333333333333
3384,45.23333333333335,361.0,L156,39,11,3384|2946|2947|4395|2948|2949|2899|2900|2901|3607|2902|2903|3347|2904|2905|2906|2907|2908|2742|2572|2573|2574|2575|2610|2611|2074|2288|2080|2859|2860|2220|2337|2338|2339|3294|2340|3295|2341|3025,361|327|351|349|245|374|255|358|325|375|344,Monte Atlas/Prol. Bernardo Quintana,20.64548051,-100.4764958,28.730158730158728,,0,True,73.96349206349208
3524,45.29999999999999,128.0,L100,40,9,3524|4108|1751|1752|1753|1754|1755|1756|1757|1758|1759|3525|2736|2737|2738|2739|2740|2741|2952|2742|2572|2573|2574|2575|2610|2611|2074|2288|2080|2859|2860|2220|2337|2338|2339|3294|2340|3295|2341|3025,128|245|374|255|358|325|351|375|344,Libramiento Nortponiente/Patio Cdm Qrobus,20.56156449,-100.4827413,25.417559523809526,,0,True,70.71755952380951
3448,45.383333333333326,340.0,C50,38,10,3448|3449|3450|2270|3484|2271|2272|3451|3401|3313|3403|3404|2279|2280|2281|2282|2283|2284|2285|3339|2286|2897|2287|3340|2074|2288|2080|2859|2860|2220|2337|2338|2339|3294|2340|3295|2341|3025,340|374|354|316|255|358|325|351|375|344,Guayaquiri/Av. de Las Fuentes,20.64078567,-100.4536153,21.20068027210884,,0,True,66.58401360544217
2205,45.41666666666666,370.0,T02,47,8,2205|1957|1958|1956|2206|2207|4432|4433|5098|2384|2387|2372|5093|2373|3535|1968|1969|2176|2177|2178|2042|2043|2044|1973|1974|4435|1979|1980|1977|1976|5157|5158|5159|5160|3061|2014|2015|1983|1915|2392|2338|2339|3294|2340|3295|2341|3025,370|319|348|325|326|160|324|344,Av. Marmota/Calle Puma,20.646881660273,-100.33753999223,11.796949404761907,,0,True,57.21361607142856
3556,45.41666666666667,365.0,L160,35,10,3556|3585|2899|2900|2901|3607|2902|2903|3347|2904|2905|2906|2907|2908|2742|2572|2573|2574|2575|2610|2611|2074|2288|2080|2859|2860|2220|2337|2338|2339|3294|2340|3295|2341|3025,365|351|349|245|374|255|358|325|375|344,Av. Cto. Puerta del Sol/Valle de Metztitlán,20.63990987,-100.4859095,0.0,,0,False,45.41666666666667
2826,45.43333333333335,363.0,L158,36,9,2826|2827|2828|2829|2830|2831|2832|2833|3603|4387|2834|2835|3220|3221|4264|4265|2730|2731|2732|2733|2734|2735|2606|2288|2080|2859|2860|2220|2337|2338|2339|3294|2340|3295|2341|3025,363|422|355|255|358|325|351|375|344,Libertad/16 de Septiembre,20.67976494,-100.4517795,0.0,,0,False,45.43333333333335
4380,45.44166666666669,422.0,L165,42,8,4380|4381|4382|4383|4384|4411|4412|4363|4369|4413|4385|4386|2832|2833|3603|4387|2834|2835|3220|3221|4264|4265|2730|2731|2732|2733|2734|2735|2606|2288|2080|2859|2860|2220|2337|2338|2339|3294|2340|3295|2341|3025,422|355|255|358|325|351|375|344,Lago Patzcuaro/Cerro Lago Palomas,20.695553071229,-100.46858512887,0.0,,0,False,45.44166666666669
3930,45.45000000000001,355.0,C69,33,8,3930|3204|3547|3205|5187|5188|2726|4117|2727|2728|2729|4264|4265|2730|2731|2732|2733|2734|2735|2606|2288|2080|2859|2860|2220|2337|2338|2339|3294|2340|3295|2341|3025,355|314|255|358|325|351|375|344,Independencia Norte/Blvd. Privada Juriquilla,20.7268304,-100.4417038,0.1952380952380953,,0,True,45.645238095238106
4408,45.466666666666654,275.0,L124,38,10,4408|3934|3330|3225|3208|3209|3210|3539|2723|2724|2725|2726|4117|2727|2728|2729|4264|4265|2730|2731|2732|2733|2734|2735|2606|2288|2080|2859|2860|2220|2337|2338|2339|3294|2340|3295|2341|3025,275|316|257|355|255|358|325|351|375|344,Calle Cuauhtémoc/Centro de Desarrollo Comunitario,20.747938903117,-100.45301896551,0.0,,0,False,45.466666666666654
3329,45.46666666666666,316.0,C71,36,9,3329|2773|3208|3209|3210|3539|2723|2724|2725|2726|4117|2727|2728|2729|4264|4265|2730|2731|2732|2733|2734|2735|2606|2288|2080|2859|2860|2220|2337|2338|2339|3294|2340|3295|2341|3025,316|257|355|255|358|325|351|375|344,20 de Noviembre/Fiscalía General No. 7,20.7459847,-100.4529007,28.520476190476188,,0,True,73.98714285714286
5091,45.48333333333333,333.0,C42,37,10,5091|4315|2625|3577|5107|2519|3578|2216|2217|2218|2219|2032|2023|2024|2856|1439|1438|2537|1920|1921|4241|2310|2311|2312|2313|3283|5197|4143|3284|4256|2338|2339|3294|2340|3295|2341|3025,333|396|322|376|386|98|90|325|324|344,Qro 420/Calle El Zapote,20.529182019677,-100.31341137483,2.5233333333333334,,0,True,48.00666666666666
3181,45.533333333333324,323.0,C31,45,11,3181|4041|3182|3183|3184|3185|3186|3390|3391|3392|3393|3582|3192|3193|3150|3310|3311|3312|3404|2279|2280|2281|2282|2283|2284|2285|3339|2286|2897|2287|3340|2074|2288|2080|2859|2860|2220|2337|2338|2339|3294|2340|3295|2341|3025,323|367|354|316|374|255|358|325|351|375|344,Av. de la Piedra/Calle Paricutín,20.64163936,-100.4506777,9.342592592592592,,0,True,54.87592592592591
4405,45.59166666666668,255.0,T11,33,8,4405|2768|3197|3537|3198|2774|4360|2834|2835|3220|3221|4264|4265|2730|2731|2732|2733|2734|2735|2606|2288|2080|2859|2860|2220|2337|2338|2339|3294|2340|3295|2341|3025,255|355|422|358|325|351|375|344,Paseo de la República/Av. Pueblo Jurica,20.679217719907,-100.43432972346,13.954024943310655,,0,True,59.54569160997734
3286,45.61666666666666,276.0,L120,39,10,3286|3287|3246|3247|3225|3208|3209|3210|3539|2723|2724|2725|2726|4117|2727|2728|2729|4264|4265|2730|2731|2732|2733|2734|2735|2606|2288|2080|2859|2860|2220|2337|2338|2339|3294|2340|3295|2341|3025,276|316|257|355|255|358|325|351|375|344,Independencia Norte/Calle Cuauhtémoc,20.747623070255,-100.44533671155,0.0,,0,False,45.61666666666666
4243,45.61666666666667,354.0,C68,31,11,4243|4244|4245|4246|4171|3519|4172|3694|3587|3588|3520|2572|2573|2574|2575|2610|2611|2074|2288|2080|2859|2860|2220|2337|2338|2339|3294|2340|3295|2341|3025,354|283|361|245|374|255|358|325|351|375|344,Calle Cordillera de Los Andes/Nevado de Colima,20.6435729,-100.451433,20.138253968253967,,0,True,65.75492063492064
1455,45.650000000000006,99.0,T01,39,7,1455|3780|4252|1456|1457|3862|3781|4445|1449|3485|1450|1475|1476|1472|1471|1470|1469|1439|1438|2537|1920|1921|4241|2310|2311|2312|2313|3283|5197|4143|3284|4256|2338|2339|3294|2340|3295|2341|3025,99|91|352|90|325|324|344,Anillo Vial Iii/Los Héroes,20.61810627374,-100.27706677237,13.72857142857143,,0,True,59.37857142857143
3671,45.70000000000001,356.0,L108,31,7,3671|3643|3644|2763|2764|2765|4096|4097|4098|4099|2616|4100|1766|2201|4241|2310|2311|2312|2313|3283|5197|4143|3284|4256|2338|2339|3294|2340|3295|2341|3025,356|359|336|338|325|324|344,Prol. José Maria Morelos/Independencia,20.5930431,-100.4499993,7.281428571428572,,0,True,52.98142857142858
2654,45.800000000000004,233.0,L113,46,9,2654|2655|2656|2657|2658|2395|2396|2397|2398|2399|3925|1333|3540|1334|1335|1336|1337|1338|1339|1340|1341|1762|1763|2200|4430|1764|1765|1766|2201|4241|2310|2311|2312|2313|3283|5197|4143|3284|4256|2338|2339|3294|2340|3295|2341|3025,233|95|97|98|336|338|325|324|344,Camino A Los Olvera/Teresa Santoyo,20.534271,-100.418738,12.858333333333336,,0,True,58.65833333333334
4071,45.84166666666666,162.0,L109,42,10,4071|4075|4076|1911|5308|5309|4073|4074|4078|1887|4079|4077|1888|4080|4081|2159|4155|4156|2160|1903|5120|1904|1890|1891|3640|1894|1905|2082|1884|2204|3280|4447|3281|1915|2392|2338|2339|3294|2340|3295|2341|3025,162|373|369|370|347|379|319|160|324|344,Emiliano Zapata Oriente/Heroico Colegio Militar,20.606889696099,-100.32925140186,0.0,,0,False,45.84166666666666
3203,45.90000000000001,355.0,C69,34,8,3203|3930|3204|3547|3205|5187|5188|2726|4117|2727|2728|2729|4264|4265|2730|2731|2732|2733|2734|2735|2606|2288|2080|2859|2860|2220|2337|2338|2339|3294|2340|3295|2341|3025,355|314|255|358|325|351|375|344,Blvd. Privada Juriquilla/Independencia Norte,20.72531488,-100.4413639,0.1952380952380953,,0,True,46.09523809523811
2783,45.949999999999996,363.0,L158,32,8,2783|2784|2785|2786|2787|2788|2789|2790|2791|3333|4264|4265|2730|2731|2732|2733|2734|2735|2606|2288|2080|2859|2860|2220|2337|2338|2339|3294|2340|3295|2341|3025,363|257|255|358|325|351|375|344,Blvd. Villas del Meson/Capilla del Señor de Los Trabajos,20.70720193,-100.4601196,0.0,,0,False,45.949999999999996
3667,45.98333333333334,356.0,L108,31,6,3667|4094|4095|2763|2764|2765|4096|4097|4098|4099|2616|4100|1766|2201|4241|2310|2311|2312|2313|3283|5197|4143|3284|4256|2338|2339|3294|2340|3295|2341|3025,356|336|338|325|324|344,Independencia/Prol. José Maria Morelos,20.59316097,-100.4499364,7.281428571428572,,0,True,53.26476190476191
2782,46.05,363.0,L158,33,8,2782|2783|2784|2785|2786|2787|2788|2789|2790|2791|3333|4264|4265|2730|2731|2732|2733|2734|2735|2606|2288|2080|2859|2860|2220|2337|2338|2339|3294|2340|3295|2341|3025,363|257|255|358|325|351|375|344,Blvd. Villas del Meson/Capilla del Señor de Los Trabajos,20.70732879,-100.4601354,0.0,,0,False,46.05
3807,46.06666666666668,352.0,C64,40,5,3807|3873|3874|3875|3808|3809|3810|3811|3812|4404|3813|5104|1475|1476|1472|1471|1470|1469|1439|1438|2537|1920|1921|4241|2310|2311|2312|2313|3283|5197|4143|3284|4256|2338|2339|3294|2340|3295|2341|3025,352|90|325|324|344,Lateral Carr. Querétaro/México/Cobaq 16 El Colorado,20.56551607,-100.2451504,7.351785714285714,,0,True,53.41845238095239
4407,46.08333333333332,275.0,L124,39,10,4407|4408|3934|3330|3225|3208|3209|3210|3539|2723|2724|2725|2726|4117|2727|2728|2729|4264|4265|2730|2731|2732|2733|2734|2735|2606|2288|2080|2859|2860|2220|2337|2338|2339|3294|2340|3295|2341|3025,275|316|257|355|255|358|325|351|375|344,Calle Cuauhtémoc/José Ma. Morelos,20.747788942625,-100.44969549803,0.0,,0,False,46.08333333333332
3541,46.09166666666668,355.0,C69,37,8,3541|3215|3542|3216|3217|3331|3543|3218|3219|3332|4360|2834|2835|3220|3221|4264|4265|2730|2731|2732|2733|2734|2735|2606|2288|2080|2859|2860|2220|2337|2338|2339|3294|2340|3295|2341|3025,355|422|255|358|325|351|375|344,Independencia Norte/Los Ciprés,20.73221292,-100.4446489,0.1952380952380953,,0,True,46.28690476190478
3180,46.11666666666666,323.0,C31,46,11,3180|3181|4041|3182|3183|3184|3185|3186|3390|3391|3392|3393|3582|3192|3193|3150|3310|3311|3312|3404|2279|2280|2281|2282|2283|2284|2285|3339|2286|2897|2287|3340|2074|2288|2080|2859|2860|2220|2337|2338|2339|3294|2340|3295|2341|3025,323|367|354|316|374|255|358|325|351|375|344,Av. de la Piedra/Calle Paseo de Las Peñas,20.64014027,-100.4500864,9.342592592592592,,0,True,55.459259259259255
3718,46.116666666666674,274.0,L150,30,9,3718|3939|4442|2278|2279|2280|2281|2282|2283|2284|2285|3339|2286|2897|2287|3340|2074|2288|2080|2859|2860|2220|2337|2338|2339|3294|2340|3295|2341|3025,274|316|374|255|358|325|351|375|344,Entrada A Mompaní,20.69154587,-100.5027079,20.63095238095238,,0,True,66.74761904761905
3383,46.16666666666668,361.0,L156,40,11,3383|3384|2946|2947|4395|2948|2949|2899|2900|2901|3607|2902|2903|3347|2904|2905|2906|2907|2908|2742|2572|2573|2574|2575|2610|2611|2074|2288|2080|2859|2860|2220|2337|2338|2339|3294|2340|3295|2341|3025,361|327|351|349|245|374|255|358|325|375|344,Monte Atlas/Monte Horeb,20.64466547,-100.4730092,28.730158730158728,,0,True,74.8968253968254
4392,46.18333333333334,256.0,T12,40,8,4392|1465|3780|4252|1456|1457|3862|3781|4445|1449|3485|1450|1475|1476|1472|1471|1470|1469|1439|1438|2537|1920|1921|4241|2310|2311|2312|2313|3283|5197|4143|3284|4256|2338|2339|3294|2340|3295|2341|3025,256|99|91|352|90|325|324|344,Anillo Vial Iii Oriente/Camino A Condominio Jacaranda,20.59619635236,-100.27591465761,7.936309523809525,,0,True,54.119642857142864
5284,46.24999999999999,273.0,L119,38,11,5284|3934|3330|3225|3208|3209|3210|3539|2723|2724|2725|2726|4117|2727|2728|2729|4264|4265|2730|2731|2732|2733|2734|2735|2606|2288|2080|2859|2860|2220|2337|2338|2339|3294|2340|3295|2341|3025,273|275|316|257|355|255|358|325|351|375|344,Carr. Pie de Gallo/Libramiento Norponiente,20.750730211696,-100.45637773063,0.0,,0,False,46.24999999999999
1962,46.33333333333332,319.0,C24,25,8,1962|1960|2068|2193|1945|1946|5134|3891|1947|2194|1948|1949|1950|1951|1952|3281|1915|2392|2338|2339|3294|2340|3295|2341|3025,319|314|113|112|325|160|324|344,Anillo Vial Fray Junípero Serra/Paseo Querétaro,20.632334324891,-100.35686807012,4.469736842105263,,0,True,50.803070175438584
5218,46.34999999999999,113.0,L104,27,7,5218|3944|2695|3928|2068|2193|1945|1946|5134|3891|1947|2194|1948|1949|1950|1951|1952|3281|1915|2392|2338|2339|3294|2340|3295|2341|3025,113|112|325|319|160|324|344,Av. Paseo de Las Pitahayas/Calle Tuna,20.675203165576,-100.32303705869,0.0,,0,False,46.34999999999999
3656,46.383333333333326,340.0,C50,39,10,3656|3448|3449|3450|2270|3484|2271|2272|3451|3401|3313|3403|3404|2279|2280|2281|2282|2283|2284|2285|3339|2286|2897|2287|3340|2074|2288|2080|2859|2860|2220|2337|2338|2339|3294|2340|3295|2341|3025,340|374|354|316|255|358|325|351|375|344,Av. de Las Fuentes/Calle Roca,20.638907726766,-100.45241231307,21.20068027210884,,0,True,67.58401360544217
2624,46.39999999999999,333.0,C42,38,10,2624|5091|4315|2625|3577|5107|2519|3578|2216|2217|2218|2219|2032|2023|2024|2856|1439|1438|2537|1920|1921|4241|2310|2311|2312|2313|3283|5197|4143|3284|4256|2338|2339|3294|2340|3295|2341|3025,333|396|322|376|386|98|90|325|324|344,Carr. Estatal 420/San Mateo,20.529545,-100.310662,2.5233333333333334,,0,True,48.923333333333325
4406,46.51666666666665,275.0,L124,40,10,4406|4407|4408|3934|3330|3225|3208|3209|3210|3539|2723|2724|2725|2726|4117|2727|2728|2729|4264|4265|2730|2731|2732|2733|2734|2735|2606|2288|2080|2859|2860|2220|2337|2338|2339|3294|2340|3295|2341|3025,275|316|257|355|255|358|325|351|375|344,Calle Cuauhtémoc/Calle Niños Héroes,20.747705750195,-100.44738406502,0.0,,0,False,46.51666666666665
4104,46.51666666666668,356.0,L108,32,7,4104|3671|3643|3644|2763|2764|2765|4096|4097|4098|4099|2616|4100|1766|2201|4241|2310|2311|2312|2313|3283|5197|4143|3284|4256|2338|2339|3294|2340|3295|2341|3025,356|359|336|338|325|324|344,Carr. Tlacote/Santa María Magdalena,20.590647788582,-100.44896322153,7.281428571428572,,0,True,53.79809523809525
3518,46.58333333333333,275.0,L124,40,11,3518|3286|3287|3246|3247|3225|3208|3209|3210|3539|2723|2724|2725|2726|4117|2727|2728|2729|4264|4265|2730|2731|2732|2733|2734|2735|2606|2288|2080|2859|2860|2220|2337|2338|2339|3294|2340|3295|2341|3025,275|276|316|257|355|255|358|325|351|375|344,San Luis Potosi/Independencia Norte,20.75178912,-100.4425238,0.0,,0,False,46.58333333333333
4158,46.69166666666666,162.0,L109,43,10,4158|4071|4075|4076|1911|5308|5309|4073|4074|4078|1887|4079|4077|1888|4080|4081|2159|4155|4156|2160|1903|5120|1904|1890|1891|3640|1894|1905|2082|1884|2204|3280|4447|3281|1915|2392|2338|2339|3294|2340|3295|2341|3025,162|373|369|370|347|379|319|160|324|344,Emiliano Zapata Oriente/Parroquia de San Pedro,20.606153638562,-100.33157961514,0.0,,0,False,46.69166666666666
3179,46.699999999999996,323.0,C31,47,11,3179|3180|3181|4041|3182|3183|3184|3185|3186|3390|3391|3392|3393|3582|3192|3193|3150|3310|3311|3312|3404|2279|2280|2281|2282|2283|2284|2285|3339|2286|2897|2287|3340|2074|2288|2080|2859|2860|2220|2337|2338|2339|3294|2340|3295|2341|3025,323|367|354|316|374|255|358|325|351|375|344,Av. de la Piedra/Calle Onix,20.63865014,-100.4495036,9.342592592592592,,0,True,56.042592592592584
3929,46.850000000000016,355.0,C69,35,8,3929|3203|3930|3204|3547|3205|5187|5188|2726|4117|2727|2728|2729|4264|4265|2730|2731|2732|2733|2734|2735|2606|2288|2080|2859|2860|2220|2337|2338|2339|3294|2340|3295|2341|3025,355|314|255|358|325|351|375|344,Blvd. Privada Juriquilla/Cerro la Media Luna,20.72332289,-100.4441229,0.1952380952380953,,0,True,47.04523809523811
3522,46.925,128.0,L100,34,8,3522|3604|1370|2190|3301|1300|1301|1302|1761|1303|1304|1305|1306|1432|1433|1434|3297|4241|2310|2311|2312|2313|3283|5197|4143|3284|4256|2338|2339|3294|2340|3295|2341|3025,128|94|255|90|97|325|324|344,Libramiento Norponiente/Villas la Estancia,20.56075565,-100.4829722,25.417559523809526,,0,True,72.34255952380953
3717,46.966666666666676,274.0,L150,31,9,3717|3718|3939|4442|2278|2279|2280|2281|2282|2283|2284|2285|3339|2286|2897|2287|3340|2074|2288|2080|2859|2860|2220|2337|2338|2339|3294|2340|3295|2341|3025,274|316|374|255|358|325|351|375|344,Av. Mar de Cortes/,20.69240873,-100.5036896,20.63095238095238,,0,True,67.59761904761905
5283,47.033333333333324,273.0,L119,39,11,5283|5284|3934|3330|3225|3208|3209|3210|3539|2723|2724|2725|2726|4117|2727|2728|2729|4264|4265|2730|2731|2732|2733|2734|2735|2606|2288|2080|2859|2860|2220|2337|2338|2339|3294|2340|3295|2341|3025,273|275|316|257|355|255|358|325|351|375|344,Carr. Pie de Gallo,20.753258308739,-100.45816498848,0.0,,0,False,47.033333333333324
4273,47.06666666666666,408.0,C73,38,8,4273|3021|3022|5223|4116|2506|2507|2508|2509|4138|2291|2292|2293|2294|2295|2296|2418|2419|5180|2672|2201|4241|2310|2311|2312|2313|3283|5197|4143|3284|4256|2338|2339|3294|2340|3295|2341|3025,408|373|322|319|338|325|324|344,Libramiento Surponiente/Bosque Versalles,20.525684004371,-100.42330624688,30.109920634920638,,0,True,77.1765873015873
5175,47.083333333333336,314.0,C70,32,7,5175|2722|2723|2724|2725|2726|4117|2727|2728|2729|4264|4265|2730|2731|2732|2733|2734|2735|2606|2288|2080|2859|2860|2220|2337|2338|2339|3294|2340|3295|2341|3025,314|255|358|325|351|375|344,20 de Noviembre/Calle Cuauhtémoc,20.747182546245,-100.45425771876,0.0,,0,False,47.083333333333336
3530,47.083333333333336,99.0,T01,40,7,3530|1455|3780|4252|1456|1457|3862|3781|4445|1449|3485|1450|1475|1476|1472|1471|1470|1469|1439|1438|2537|1920|1921|4241|2310|2311|2312|2313|3283|5197|4143|3284|4256|2338|2339|3294|2340|3295|2341|3025,99|91|352|90|325|324|344,Anillo Vial 3 Pte./Condominio Hacienda Miranda,20.623908,-100.276699,13.72857142857143,,0,True,60.81190476190476
2694,47.09999999999999,113.0,L104,28,7,2694|5218|3944|2695|3928|2068|2193|1945|1946|5134|3891|1947|2194|1948|1949|1950|1951|1952|3281|1915|2392|2338|2339|3294|2340|3295|2341|3025,113|112|325|319|160|324|344,Av. Paseo de Las Pitahayas/Biznaga,20.67726601,-100.3196253,0.0,,0,False,47.09999999999999
3214,47.15833333333335,355.0,C69,38,8,3214|3541|3215|3542|3216|3217|3331|3543|3218|3219|3332|4360|2834|2835|3220|3221|4264|4265|2730|2731|2732|2733|2734|2735|2606|2288|2080|2859|2860|2220|2337|2338|2339|3294|2340|3295|2341|3025,355|422|255|358|325|351|375|344,Independencia Norte/Calle 21 de Marzo,20.73515118,-100.4462188,0.1952380952380953,,0,True,47.35357142857145
3945,47.199999999999996,355.0,C69,40,10,3945|3286|3287|3246|3247|3225|3208|3209|3210|3539|2723|2724|2725|2726|4117|2727|2728|2729|4264|4265|2730|2731|2732|2733|2734|2735|2606|2288|2080|2859|2860|2220|2337|2338|2339|3294|2340|3295|2341|3025,355|276|316|257|255|358|325|351|375|344,Independencia Norte/Paseo de la República,20.752464611975,-100.44271997586,0.1952380952380953,,0,True,47.39523809523809
3666,47.216666666666676,356.0,L108,32,6,3666|3667|4094|4095|2763|2764|2765|4096|4097|4098|4099|2616|4100|1766|2201|4241|2310|2311|2312|2313|3283|5197|4143|3284|4256|2338|2339|3294|2340|3295|2341|3025,356|336|338|325|324|344,Independencia/San José,20.59297594,-100.4479828,7.281428571428572,,0,True,54.498095238095246
3750,47.24999999999999,280.0,L114,40,11,3750|3286|3287|3246|3247|3225|3208|3209|3210|3539|2723|2724|2725|2726|4117|2727|2728|2729|4264|4265|2730|2731|2732|2733|2734|2735|2606|2288|2080|2859|2860|2220|2337|2338|2339|3294|2340|3295|2341|3025,280|276|316|257|355|255|358|325|351|375|344,Independencia Norte/Camino A Montenegro,20.75363951,-100.4419464,0.0,,0,False,47.24999999999999
1910,47.24999999999999,162.0,L109,44,10,1910|4158|4071|4075|4076|1911|5308|5309|4073|4074|4078|1887|4079|4077|1888|4080|4081|2159|4155|4156|2160|1903|5120|1904|1890|1891|3640|1894|1905|2082|1884|2204|3280|4447|3281|1915|2392|2338|2339|3294|2340|3295|2341|3025,162|373|369|370|347|379|319|160|324|344,Emiliano Zapata Oriente/La Mansión,20.606063888889,-100.33318888889,0.0,,0,False,47.24999999999999
3555,47.28333333333334,365.0,L160,36,10,3555|3556|3585|2899|2900|2901|3607|2902|2903|3347|2904|2905|2906|2907|2908|2742|2572|2573|2574|2575|2610|2611|2074|2288|2080|2859|2860|2220|2337|2338|2339|3294|2340|3295|2341|3025,365|351|349|245|374|255|358|325|375|344,Av. Cto. Puerta del Sol/Calle Sendero de Los Frailes,20.64096748,-100.4831565,0.0,,0,False,47.28333333333334
2721,47.38333333333333,255.0,T11,32,6,2721|2722|2723|2724|2725|2726|4117|2727|2728|2729|4264|4265|2730|2731|2732|2733|2734|2735|2606|2288|2080|2859|2860|2220|2337|2338|2339|3294|2340|3295|2341|3025,255|358|325|351|375|344,Av. Constitución/Patio Jow Querétaro,20.76705648,-100.4470878,13.954024943310655,,0,True,61.33735827664399
4168,47.39999999999999,283.0,C67,30,10,4168|4169|4170|4171|3519|4172|3694|3587|3588|3520|2572|2573|2574|2575|2610|2611|2074|2288|2080|2859|2860|2220|2337|2338|2339|3294|2340|3295|2341|3025,283|361|245|374|255|358|325|351|375|344,Fidel Velázquez Sánchez/Calle 9,20.652264856276,-100.45477394436,26.925661375661374,,0,True,74.32566137566137
2653,47.46666666666667,233.0,L113,47,9,2653|2654|2655|2656|2657|2658|2395|2396|2397|2398|2399|3925|1333|3540|1334|1335|1336|1337|1338|1339|1340|1341|1762|1763|2200|4430|1764|1765|1766|2201|4241|2310|2311|2312|2313|3283|5197|4143|3284|4256|2338|2339|3294|2340|3295|2341|3025,233|95|97|98|336|338|325|324|344,Camino A Los Olvera/Av. Vallendar,20.53442725,-100.4132594,12.858333333333336,,0,True,60.325
4083,47.56666666666666,396.0,T16,40,9,4083|4084|4127|4423|4315|2625|3577|5107|2519|3578|2216|2217|2218|2219|2032|2023|2024|2856|1439|1438|2537|1920|1921|4241|2310|2311|2312|2313|3283|5197|4143|3284|4256|2338|2339|3294|2340|3295|2341|3025,396|322|376|386|98|90|325|324|344,Carr. 400/San Fandila,20.491087728811,-100.31142718662,12.226587301587305,,0,True,59.793253968253964
4438,47.583333333333336,314.0,C70,43,5,4438|3941|3942|3894|2369|2370|2371|2372|5093|2373|3535|1968|1969|2176|2177|2178|2042|2043|2044|1973|1974|4435|1979|1980|1977|1976|5157|5158|5159|5160|3061|2014|2015|1983|1915|2392|2338|2339|3294|2340|3295|2341|3025,314|326|160|324|344,Anillo Vial Fray Junípero Serra/Calle Guadalupe,20.672548928396,-100.41693433894,0.0,,0,False,47.583333333333336
5137,47.58333333333334,359.0,L151,31,7,5137|3643|3644|2763|2764|2765|4096|4097|4098|4099|2616|4100|1766|2201|4241|2310|2311|2312|2313|3283|5197|4143|3284|4256|2338|2339|3294|2340|3295|2341|3025,359|356|336|338|325|324|344,Paseo de la Aurora/Prol. José Maria Morelos,20.594488876444,-100.4500819576,0.0,,0,False,47.58333333333334
3202,47.58333333333335,355.0,C69,36,8,3202|3929|3203|3930|3204|3547|3205|5187|5188|2726|4117|2727|2728|2729|4264|4265|2730|2731|2732|2733|2734|2735|2606|2288|2080|2859|2860|2220|2337|2338|2339|3294|2340|3295|2341|3025,355|314|255|358|325|351|375|344,Blvd. Privada Juriquilla/Blvd. Jurica la Campana,20.72173903,-100.4461712,0.1952380952380953,,0,True,47.778571428571446
5282,47.61666666666666,273.0,L119,40,11,5282|5283|5284|3934|3330|3225|3208|3209|3210|3539|2723|2724|2725|2726|4117|2727|2728|2729|4264|4265|2730|2731|2732|2733|2734|2735|2606|2288|2080|2859|2860|2220|2337|2338|2339|3294|2340|3295|2341|3025,273|275|316|257|355|255|358|325|351|375|344,Carr. Pie de Gallo,20.75486118894,-100.45982938439,0.0,,0,False,47.61666666666666
3531,47.68333333333334,99.0,T01,41,7,3531|3530|1455|3780|4252|1456|1457|3862|3781|4445|1449|3485|1450|1475|1476|1472|1471|1470|1469|1439|1438|2537|1920|1921|4241|2310|2311|2312|2313|3283|5197|4143|3284|4256|2338|2339|3294|2340|3295|2341|3025,99|91|352|90|325|324|344,Anillo Vial 3 Pte./Condominio Hacienda Providencia,20.62149892,-100.2765223,13.72857142857143,,0,True,61.411904761904765
4157,47.77499999999999,162.0,L109,45,10,4157|1910|4158|4071|4075|4076|1911|5308|5309|4073|4074|4078|1887|4079|4077|1888|4080|4081|2159|4155|4156|2160|1903|5120|1904|1890|1891|3640|1894|1905|2082|1884|2204|3280|4447|3281|1915|2392|2338|2339|3294|2340|3295|2341|3025,162|373|369|370|347|379|319|160|324|344,Emiliano Zapata Oriente/La Mansión,20.606472333,-100.33461878267,0.0,,0,False,47.77499999999999
5117,47.800000000000004,408.0,C73,35,8,5117|5202|3171|4086|2471|3596|1473|1474|1476|1472|1471|1470|1469|1439|1438|2537|1920|1921|4241|2310|2311|2312|2313|3283|5197|4143|3284|4256|2338|2339|3294|2340|3295|2341|3025,408|378|396|352|90|325|324|344,Calle Libramiento Surponiente/Pedregal del Cimatario,20.54399594806,-100.3821891902,30.109920634920638,,0,True,77.90992063492064
2705,47.96666666666666,275.0,L124,41,11,2705|3518|3286|3287|3246|3247|3225|3208|3209|3210|3539|2723|2724|2725|2726|4117|2727|2728|2729|4264|4265|2730|2731|2732|2733|2734|2735|2606|2288|2080|2859|2860|2220|2337|2338|2339|3294|2340|3295|2341|3025,275|276|316|257|355|255|358|325|351|375|344,Paseo de la República/Tulipanes,20.74473448,-100.4426799,0.0,,0,False,47.96666666666666
3201,48.05000000000002,355.0,C69,37,8,3201|3202|3929|3203|3930|3204|3547|3205|5187|5188|2726|4117|2727|2728|2729|4264|4265|2730|2731|2732|2733|2734|2735|2606|2288|2080|2859|2860|2220|2337|2338|2339|3294|2340|3295|2341|3025,355|314|255|358|325|351|375|344,Blvd. Universitario/Blvd. Lagunillas,20.72059847,-100.447305,0.1952380952380953,,0,True,48.245238095238115
3665,48.06666666666668,356.0,L108,33,6,3665|3666|3667|4094|4095|2763|2764|2765|4096|4097|4098|4099|2616|4100|1766|2201|4241|2310|2311|2312|2313|3283|5197|4143|3284|4256|2338|2339|3294|2340|3295|2341|3025,356|336|338|325|324|344,Av. Miguel Hidalgo/Independencia,20.59293077,-100.4466235,7.281428571428572,,0,True,55.34809523809525
2693,48.08333333333332,113.0,L104,29,7,2693|2694|5218|3944|2695|3928|2068|2193|1945|1946|5134|3891|1947|2194|1948|1949|1950|1951|1952|3281|1915|2392|2338|2339|3294|2340|3295|2341|3025,113|112|325|319|160|324|344,Av. Paseo de Las Pitahayas/Plaza Zielo,20.67861372,-100.3145395,0.0,,0,False,48.08333333333332
2767,48.13333333333335,356.0,L108,33,7,2767|4104|3671|3643|3644|2763|2764|2765|4096|4097|4098|4099|2616|4100|1766|2201|4241|2310|2311|2312|2313|3283|5197|4143|3284|4256|2338|2339|3294|2340|3295|2341|3025,356|359|336|338|325|324|344,Carr. Tlacote/Av. del Quetzal,20.59002279,-100.4434926,7.281428571428572,,0,True,55.41476190476192
3595,48.216666666666676,361.0,L156,41,11,3595|3383|3384|2946|2947|4395|2948|2949|2899|2900|2901|3607|2902|2903|3347|2904|2905|2906|2907|2908|2742|2572|2573|2574|2575|2610|2611|2074|2288|2080|2859|2860|2220|2337|2338|2339|3294|2340|3295|2341|3025,361|327|351|349|245|374|255|358|325|375|344,Monte Atlas/Claustros de la Loma,20.642849,-100.465232,28.730158730158728,,0,True,76.9468253968254
2781,48.266666666666666,363.0,L158,34,8,2781|2782|2783|2784|2785|2786|2787|2788|2789|2790|2791|3333|4264|4265|2730|2731|2732|2733|2734|2735|2606|2288|2080|2859|2860|2220|2337|2338|2339|3294|2340|3295|2341|3025,363|257|255|358|325|351|375|344,Blvd. Villas del Meson/5 de Mayo,20.70855081,-100.4571092,0.0,,0,False,48.266666666666666
1909,48.33333333333332,162.0,L109,46,10,1909|4157|1910|4158|4071|4075|4076|1911|5308|5309|4073|4074|4078|1887|4079|4077|1888|4080|4081|2159|4155|4156|2160|1903|5120|1904|1890|1891|3640|1894|1905|2082|1884|2204|3280|4447|3281|1915|2392|2338|2339|3294|2340|3295|2341|3025,162|373|369|370|347|379|319|160|324|344,Emiliano Zapata Puente/Del Marqués,20.607294693601,-100.33597027682,0.0,,0,False,48.33333333333332
3749,48.33333333333333,280.0,L114,41,11,3749|3750|3286|3287|3246|3247|3225|3208|3209|3210|3539|2723|2724|2725|2726|4117|2727|2728|2729|4264|4265|2730|2731|2732|2733|2734|2735|2606|2288|2080|2859|2860|2220|2337|2338|2339|3294|2340|3295|2341|3025,280|276|316|257|355|255|358|325|351|375|344,Camino A Montenegro/Planta de Asfalto Montenegro,20.75759735,-100.4396042,0.0,,0,False,48.33333333333333
3716,48.45000000000001,274.0,L150,32,9,3716|3717|3718|3939|4442|2278|2279|2280|2281|2282|2283|2284|2285|3339|2286|2897|2287|3340|2074|2288|2080|2859|2860|2220|2337|2338|2339|3294|2340|3295|2341|3025,274|316|374|255|358|325|351|375|344,Av. Mar de Cortes/Plaza de Armas,20.6933636061,-100.50582110299,20.63095238095238,,0,True,69.0809523809524
5176,48.56666666666666,418.0,C74,41,10,5176|4083|4084|4127|4423|4315|2625|3577|5107|2519|3578|2216|2217|2218|2219|2032|2023|2024|2856|1439|1438|2537|1920|1921|4241|2310|2311|2312|2313|3283|5197|4143|3284|4256|2338|2339|3294|2340|3295|2341|3025,418|396|322|376|386|98|90|325|324|344,Qro 400/Kilómetro 15,20.483535863136,-100.31184635284,0.0,,0,False,48.56666666666666
2652,48.583333333333336,233.0,L113,48,9,2652|2653|2654|2655|2656|2657|2658|2395|2396|2397|2398|2399|3925|1333|3540|1334|1335|1336|1337|1338|1339|1340|1341|1762|1763|2200|4430|1764|1765|1766|2201|4241|2310|2311|2312|2313|3283|5197|4143|3284|4256|2338|2339|3294|2340|3295|2341|3025,233|95|97|98|336|338|325|324|344,Calle Naranjo/Pino Norte,20.53544932,-100.4097534,12.858333333333336,,0,True,61.44166666666667
2704,48.81666666666666,275.0,L124,42,11,2704|2705|3518|3286|3287|3246|3247|3225|3208|3209|3210|3539|2723|2724|2725|2726|4117|2727|2728|2729|4264|4265|2730|2731|2732|2733|2734|2735|2606|2288|2080|2859|2860|2220|2337|2338|2339|3294|2340|3295|2341|3025,275|276|316|257|355|255|358|325|351|375|344,Paseo de la República/Av. Duraznos,20.74043748,-100.4425254,0.0,,0,False,48.81666666666666
1804,48.88333333333334,357.0,L112,15,5,1804|1805|3597|3285|1806|3281|1915|2392|2338|2339|3294|2340|3295|2341|3025,357|319|160|324|344,Av. Paseo de la Reforma/Av. Campanario,20.611738195723,-100.36956469823,0.9160714285714285,,0,True,49.79940476190477
5110,49.03333333333334,314.0,C70,44,5,5110|4438|3941|3942|3894|2369|2370|2371|2372|5093|2373|3535|1968|1969|2176|2177|2178|2042|2043|2044|1973|1974|4435|1979|1980|1977|1976|5157|5158|5159|5160|3061|2014|2015|1983|1915|2392|2338|2339|3294|2340|3295|2341|3025,314|326|160|324|344,Anillo Vial Fray Junípero Serra/Colegio Nuevo Continente Juriquilla,20.672745945841,-100.42122795885,0.0,,0,False,49.03333333333334
4167,49.11666666666666,283.0,C67,31,10,4167|4168|4169|4170|4171|3519|4172|3694|3587|3588|3520|2572|2573|2574|2575|2610|2611|2074|2288|2080|2859|2860|2220|2337|2338|2339|3294|2340|3295|2341|3025,283|361|245|374|255|358|325|351|375|344,Av. Sakurajima/Calle 2,20.654220978537,-100.4545331695,26.925661375661374,,0,True,76.04232804232804
1464,49.2,256.0,T12,41,8,1464|4392|1465|3780|4252|1456|1457|3862|3781|4445|1449|3485|1450|1475|1476|1472|1471|1470|1469|1439|1438|2537|1920|1921|4241|2310|2311|2312|2313|3283|5197|4143|3284|4256|2338|2339|3294|2340|3295|2341|3025,256|99|91|352|90|325|324|344,Anillo Vial Iii/Paseo Solare Ote.,20.588666538886,-100.28122628739,7.936309523809525,,0,True,57.13630952380953
3544,49.25000000000002,355.0,C69,38,8,3544|3201|3202|3929|3203|3930|3204|3547|3205|5187|5188|2726|4117|2727|2728|2729|4264|4265|2730|2731|2732|2733|2734|2735|2606|2288|2080|2859|2860|2220|2337|2338|2339|3294|2340|3295|2341|3025,355|314|255|358|325|351|375|344,Blvd. Universitario/Parroquia de San Judas Tadeo y de la Santa Cruz,20.71669775,-100.4458852,0.1952380952380953,,0,True,49.44523809523812
3554,49.31666666666667,365.0,L160,37,10,3554|3555|3556|3585|2899|2900|2901|3607|2902|2903|3347|2904|2905|2906|2907|2908|2742|2572|2573|2574|2575|2610|2611|2074|2288|2080|2859|2860|2220|2337|2338|2339|3294|2340|3295|2341|3025,365|351|349|245|374|255|358|325|375|344,Av. Valle de Santiago/Av. Cto. Puerta del Sol,20.64241151,-100.4802987,0.0,,0,False,49.31666666666667
1908,49.34999999999999,162.0,L109,47,10,1908|1909|4157|1910|4158|4071|4075|4076|1911|5308|5309|4073|4074|4078|1887|4079|4077|1888|4080|4081|2159|4155|4156|2160|1903|5120|1904|1890|1891|3640|1894|1905|2082|1884|2204|3280|4447|3281|1915|2392|2338|2339|3294|2340|3295|2341|3025,162|373|369|370|347|379|319|160|324|344,Emiliano Zapata Puente/Callejón San Antonio,20.6066583,-100.33883055556,0.0,,0,False,49.34999999999999
5215,49.46666666666667,233.0,L113,49,9,5215|2652|2653|2654|2655|2656|2657|2658|2395|2396|2397|2398|2399|3925|1333|3540|1334|1335|1336|1337|1338|1339|1340|1341|1762|1763|2200|4430|1764|1765|1766|2201|4241|2310|2311|2312|2313|3283|5197|4143|3284|4256|2338|2339|3294|2340|3295|2341|3025,233|95|97|98|336|338|325|324|344,Calle Naranjo/Calle Ahuehuete,20.535384785415,-100.40688478598,12.858333333333336,,0,True,62.325
5136,49.466666666666676,359.0,L151,32,7,5136|5137|3643|3644|2763|2764|2765|4096|4097|4098|4099|2616|4100|1766|2201|4241|2310|2311|2312|2313|3283|5197|4143|3284|4256|2338|2339|3294|2340|3295|2341|3025,359|356|336|338|325|324|344,Estrella Polar/Parque la Aurora,20.595645302617,-100.45154322018,0.0,,0,False,49.466666666666676
3715,49.56666666666668,274.0,L150,33,9,3715|3716|3717|3718|3939|4442|2278|2279|2280|2281|2282|2283|2284|2285|3339|2286|2897|2287|3340|2074|2288|2080|2859|2860|2220|2337|2338|2339|3294|2340|3295|2341|3025,274|316|374|255|358|325|351|375|344,Av. Mar de Cortes,20.691720482785,-100.50595529394,20.63095238095238,,0,True,70.19761904761906
3523,49.58333333333332,128.0,L100,41,9,3523|3524|4108|1751|1752|1753|1754|1755|1756|1757|1758|1759|3525|2736|2737|2738|2739|2740|2741|2952|2742|2572|2573|2574|2575|2610|2611|2074|2288|2080|2859|2860|2220|2337|2338|2339|3294|2340|3295|2341|3025,128|245|374|255|358|325|351|375|344,Av. Paseo Constituyentes/Tetra Pak,20.53837633,-100.466152,25.417559523809526,,0,True,75.00089285714284
3684,49.58333333333334,327.0,C36,42,11,3684|3595|3383|3384|2946|2947|4395|2948|2949|2899|2900|2901|3607|2902|2903|3347|2904|2905|2906|2907|2908|2742|2572|2573|2574|2575|2610|2611|2074|2288|2080|2859|2860|2220|2337|2338|2339|3294|2340|3295|2341|3025,327|361|351|349|245|374|255|358|325|375|344,Calle Maciso Tibesti/Monte Parnaso,20.64018492,-100.4653803,13.399999999999997,,0,True,62.98333333333334
2720,49.6,276.0,L120,33,7,2720|2721|2722|2723|2724|2725|2726|4117|2727|2728|2729|4264|4265|2730|2731|2732|2733|2734|2735|2606|2288|2080|2859|2860|2220|2337|2338|2339|3294|2340|3295|2341|3025,276|255|358|325|351|375|344,Av. Constitución/Calle Constitución,20.77877619,-100.4515698,0.0,,0,False,49.6
3664,49.60000000000001,356.0,L108,34,6,3664|3665|3666|3667|4094|4095|2763|2764|2765|4096|4097|4098|4099|2616|4100|1766|2201|4241|2310|2311|2312|2313|3283|5197|4143|3284|4256|2338|2339|3294|2340|3295|2341|3025,356|336|338|325|324|344,Av. Miguel Hidalgo/Primera Privada de Perú,20.59518989,-100.446998,7.281428571428572,,0,True,56.88142857142858
3277,49.63333333333333,275.0,L124,43,11,3277|2704|2705|3518|3286|3287|3246|3247|3225|3208|3209|3210|3539|2723|2724|2725|2726|4117|2727|2728|2729|4264|4265|2730|2731|2732|2733|2734|2735|2606|2288|2080|2859|2860|2220|2337|2338|2339|3294|2340|3295|2341|3025,275|276|316|257|355|255|358|325|351|375|344,Nogales/Girasol,20.73642161,-100.4413372,0.0,,0,False,49.63333333333333
2703,49.88333333333333,255.0,T11,43,11,2703|2704|2705|3518|3286|3287|3246|3247|3225|3208|3209|3210|3539|2723|2724|2725|2726|4117|2727|2728|2729|4264|4265|2730|2731|2732|2733|2734|2735|2606|2288|2080|2859|2860|2220|2337|2338|2339|3294|2340|3295|2341|3025,255|275|276|316|257|355|358|325|351|375|344,Paseo de la República/Laurel,20.73545349,-100.4430534,13.954024943310655,,0,True,63.83735827664399
5281,49.96666666666666,273.0,L119,41,11,5281|5282|5283|5284|3934|3330|3225|3208|3209|3210|3539|2723|2724|2725|2726|4117|2727|2728|2729|4264|4265|2730|2731|2732|2733|2734|2735|2606|2288|2080|2859|2860|2220|2337|2338|2339|3294|2340|3295|2341|3025,273|275|316|257|355|255|358|325|351|375|344,Carr. Pie de Gallo,20.760674446623,-100.46745733607,0.0,,0,False,49.96666666666666
3553,50.01666666666667,365.0,L160,38,10,3553|3554|3555|3556|3585|2899|2900|2901|3607|2902|2903|3347|2904|2905|2906|2907|2908|2742|2572|2573|2574|2575|2610|2611|2074|2288|2080|2859|2860|2220|2337|2338|2339|3294|2340|3295|2341|3025,365|351|349|245|374|255|358|325|375|344,Av. Valle de Santiago/Madróno,20.64162111,-100.4795927,0.0,,0,False,50.01666666666667
1907,50.066666666666656,162.0,L109,48,10,1907|1908|1909|4157|1910|4158|4071|4075|4076|1911|5308|5309|4073|4074|4078|1887|4079|4077|1888|4080|4081|2159|4155|4156|2160|1903|5120|1904|1890|1891|3640|1894|1905|2082|1884|2204|3280|4447|3281|1915|2392|2338|2339|3294|2340|3295|2341|3025,162|373|369|370|347|379|319|160|324|344,Emiliano Zapata Puente/De la Presa,20.605180769531,-100.34015494226,0.0,,0,False,50.066666666666656
3200,50.28333333333335,355.0,C69,39,8,3200|3544|3201|3202|3929|3203|3930|3204|3547|3205|5187|5188|2726|4117|2727|2728|2729|4264|4265|2730|2731|2732|2733|2734|2735|2606|2288|2080|2859|2860|2220|2337|2338|2339|3294|2340|3295|2341|3025,355|314|255|358|325|351|375|344,Blvd. Universitario/Misión de San Francisco,20.71316878,-100.4462489,0.1952380952380953,,0,True,50.47857142857145
3748,50.36666666666666,280.0,L114,42,11,3748|3749|3750|3286|3287|3246|3247|3225|3208|3209|3210|3539|2723|2724|2725|2726|4117|2727|2728|2729|4264|4265|2730|2731|2732|2733|2734|2735|2606|2288|2080|2859|2860|2220|2337|2338|2339|3294|2340|3295|2341|3025,280|276|316|257|355|255|358|325|351|375|344,Hacienda San Patricio/Montenegro,20.765385137096,-100.43599606958,0.0,,0,False,50.36666666666666
4103,50.45000000000002,356.0,L108,34,7,4103|2767|4104|3671|3643|3644|2763|2764|2765|4096|4097|4098|4099|2616|4100|1766|2201|4241|2310|2311|2312|2313|3283|5197|4143|3284|4256|2338|2339|3294|2340|3295|2341|3025,356|359|336|338|325|324|344,Carr. Tlacote/Zona Militar,20.589923080231,-100.43563147204,7.281428571428572,,0,True,57.73142857142859
3747,50.61666666666666,280.0,L114,43,11,3747|3748|3749|3750|3286|3287|3246|3247|3225|3208|3209|3210|3539|2723|2724|2725|2726|4117|2727|2728|2729|4264|4265|2730|2731|2732|2733|2734|2735|2606|2288|2080|2859|2860|2220|2337|2338|2339|3294|2340|3295|2341|3025,280|276|316|257|355|255|358|325|351|375|344,Hacienda del Río/Hacienda Pet Canche,20.766232726836,-100.43665757459,0.0,,0,False,50.61666666666666
1463,50.68333333333334,256.0,T12,42,8,1463|1464|4392|1465|3780|4252|1456|1457|3862|3781|4445|1449|3485|1450|1475|1476|1472|1471|1470|1469|1439|1438|2537|1920|1921|4241|2310|2311|2312|2313|3283|5197|4143|3284|4256|2338|2339|3294|2340|3295|2341|3025,256|99|91|352|90|325|324|344,Anillo Vial Iii/Av. del Marqués,20.58622702917,-100.2851607332,7.936309523809525,,0,True,58.619642857142864
2780,50.75,363.0,L158,35,8,2780|2781|2782|2783|2784|2785|2786|2787|2788|2789|2790|2791|3333|4264|4265|2730|2731|2732|2733|2734|2735|2606|2288|2080|2859|2860|2220|2337|2338|2339|3294|2340|3295|2341|3025,363|257|255|358|325|351|375|344,Blvd. Villas del Mesón/Hacienda Galindo,20.708443,-100.453428,0.0,,0,False,50.75
2647,50.78333333333334,337.0,C47,50,10,2647|5215|2652|2653|2654|2655|2656|2657|2658|2395|2396|2397|2398|2399|3925|1333|3540|1334|1335|1336|1337|1338|1339|1340|1341|1762|1763|2200|4430|1764|1765|1766|2201|4241|2310|2311|2312|2313|3283|5197|4143|3284|4256|2338|2339|3294|2340|3295|2341|3025,337|233|95|97|98|336|338|325|324|344,Maravillas/Fresno,20.536855630515,-100.40363985066,11.736904761904764,,0,True,62.5202380952381
3683,50.85000000000001,327.0,C36,43,11,3683|3684|3595|3383|3384|2946|2947|4395|2948|2949|2899|2900|2901|3607|2902|2903|3347|2904|2905|2906|2907|2908|2742|2572|2573|2574|2575|2610|2611|2074|2288|2080|2859|2860|2220|2337|2338|2339|3294|2340|3295|2341|3025,327|361|351|349|245|374|255|358|325|375|344,Pames/Chalcas,20.63775785,-100.4649127,13.399999999999997,,0,True,64.25
3552,50.95,365.0,L160,39,10,3552|3553|3554|3555|3556|3585|2899|2900|2901|3607|2902|2903|3347|2904|2905|2906|2907|2908|2742|2572|2573|2574|2575|2610|2611|2074|2288|2080|2859|2860|2220|2337|2338|2339|3294|2340|3295|2341|3025,365|351|349|245|374|255|358|325|375|344,Valle de San Pedro Mártir/Av. Valle de Santiago,20.64062758,-100.4785559,0.0,,0,False,50.95
4082,50.974999999999994,418.0,C74,42,10,4082|5176|4083|4084|4127|4423|4315|2625|3577|5107|2519|3578|2216|2217|2218|2219|2032|2023|2024|2856|1439|1438|2537|1920|1921|4241|2310|2311|2312|2313|3283|5197|4143|3284|4256|2338|2339|3294|2340|3295|2341|3025,418|396|322|376|386|98|90|325|324|344,Calle Manuel Gómez Morín/Carr. 400,20.468069006849,-100.3013792898,0.0,,0,False,50.974999999999994
3746,50.99999999999999,280.0,L114,44,11,3746|3747|3748|3749|3750|3286|3287|3246|3247|3225|3208|3209|3210|3539|2723|2724|2725|2726|4117|2727|2728|2729|4264|4265|2730|2731|2732|2733|2734|2735|2606|2288|2080|2859|2860|2220|2337|2338|2339|3294|2340|3295|2341|3025,280|276|316|257|355|255|358|325|351|375|344,Hacienda del Río/Hacienda Carranco,20.766878284068,-100.43823212267,0.0,,0,False,50.99999999999999
4166,51.04999999999999,283.0,C67,32,10,4166|4167|4168|4169|4170|4171|3519|4172|3694|3587|3588|3520|2572|2573|2574|2575|2610|2611|2074|2288|2080|2859|2860|2220|2337|2338|2339|3294|2340|3295|2341|3025,283|361|245|374|255|358|325|351|375|344,Av. Sakurajima/Ceib Ii,20.656303003362,-100.45534025165,26.925661375661374,,0,True,77.97566137566136
2762,51.08333333333334,356.0,L108,35,6,2762|3664|3665|3666|3667|4094|4095|2763|2764|2765|4096|4097|4098|4099|2616|4100|1766|2201|4241|2310|2311|2312|2313|3283|5197|4143|3284|4256|2338|2339|3294|2340|3295|2341|3025,356|336|338|325|324|344,Av. Miguel Hidalgo/Juárez,20.59738797,-100.4473587,7.281428571428572,,0,True,58.36476190476191
5109,51.150000000000006,314.0,C70,45,5,5109|5110|4438|3941|3942|3894|2369|2370|2371|2372|5093|2373|3535|1968|1969|2176|2177|2178|2042|2043|2044|1973|1974|4435|1979|1980|1977|1976|5157|5158|5159|5160|3061|2014|2015|1983|1915|2392|2338|2339|3294|2340|3295|2341|3025,314|326|160|324|344,Anillo Vial Fray Junípero Serra,20.675585387905,-100.42674310773,0.0,,0,False,51.150000000000006
3714,51.183333333333344,274.0,L150,34,9,3714|3715|3716|3717|3718|3939|4442|2278|2279|2280|2281|2282|2283|2284|2285|3339|2286|2897|2287|3340|2074|2288|2080|2859|2860|2220|2337|2338|2339|3294|2340|3295|2341|3025,274|316|374|255|358|325|351|375|344,Av. Mar de Cortes/Ignacio Allende,20.689667382915,-100.50729604243,20.63095238095238,,0,True,71.81428571428572
3647,51.18333333333335,356.0,L108,35,7,3647|4103|2767|4104|3671|3643|3644|2763|2764|2765|4096|4097|4098|4099|2616|4100|1766|2201|4241|2310|2311|2312|2313|3283|5197|4143|3284|4256|2338|2339|3294|2340|3295|2341|3025,356|359|336|338|325|324|344,Av. Tlacote/Camino A Tlacote,20.59003717,-100.4331543,7.281428571428572,,0,True,58.46476190476192
1965,51.249999999999986,319.0,C24,26,8,1965|1962|1960|2068|2193|1945|1946|5134|3891|1947|2194|1948|1949|1950|1951|1952|3281|1915|2392|2338|2339|3294|2340|3295|2341|3025,319|314|113|112|325|160|324|344,Anillo Vial Fray Junípero Serra/Fracc. la Vista,20.625416070661,-100.37389375378,4.469736842105263,,0,True,55.71973684210525
2719,51.35,276.0,L120,34,7,2719|2720|2721|2722|2723|2724|2725|2726|4117|2727|2728|2729|4264|4265|2730|2731|2732|2733|2734|2735|2606|2288|2080|2859|2860|2220|2337|2338|2339|3294|2340|3295|2341|3025,276|255|358|325|351|375|344,Av. Constitución/San Isidro Buenavista,20.78862194,-100.4508382,0.0,,0,False,51.35
3745,51.383333333333326,280.0,L114,45,11,3745|3746|3747|3748|3749|3750|3286|3287|3246|3247|3225|3208|3209|3210|3539|2723|2724|2725|2726|4117|2727|2728|2729|4264|4265|2730|2731|2732|2733|2734|2735|2606|2288|2080|2859|2860|2220|2337|2338|2339|3294|2340|3295|2341|3025,280|276|316|257|355|255|358|325|351|375|344,Hacienda del Río/Hacienda El Olmo,20.768201683106,-100.43920507528,0.0,,0,False,51.383333333333326
3199,51.483333333333356,355.0,C69,40,8,3199|3200|3544|3201|3202|3929|3203|3930|3204|3547|3205|5187|5188|2726|4117|2727|2728|2729|4264|4265|2730|2731|2732|2733|2734|2735|2606|2288|2080|2859|2860|2220|2337|2338|2339|3294|2340|3295|2341|3025,355|314|255|358|325|351|375|344,Blvd. Universitario/Uvm Querétaro,20.70907204,-100.4459999,0.1952380952380953,,0,True,51.67857142857145
4306,51.541666666666664,418.0,C74,43,10,4306|4082|5176|4083|4084|4127|4423|4315|2625|3577|5107|2519|3578|2216|2217|2218|2219|2032|2023|2024|2856|1439|1438|2537|1920|1921|4241|2310|2311|2312|2313|3283|5197|4143|3284|4256|2338|2339|3294|2340|3295|2341|3025,418|396|322|376|386|98|90|325|324|344,Manuel Gómez Morín/José María Morelos y Pavón,20.465074637464,-100.29806373551,0.0,,0,False,51.541666666666664
3872,51.55000000000001,382.0,T14,41,6,3872|3807|3873|3874|3875|3808|3809|3810|3811|3812|4404|3813|5104|1475|1476|1472|1471|1470|1469|1439|1438|2537|1920|1921|4241|2310|2311|2312|2313|3283|5197|4143|3284|4256|2338|2339|3294|2340|3295|2341|3025,382|352|90|325|324|344,Carr. Federal No. 57/Hotel One Aeropuerto,20.555983333333,-100.22027222222,10.835317460317457,,0,True,62.38531746031747
3744,51.66666666666666,280.0,L114,46,11,3744|3745|3746|3747|3748|3749|3750|3286|3287|3246|3247|3225|3208|3209|3210|3539|2723|2724|2725|2726|4117|2727|2728|2729|4264|4265|2730|2731|2732|2733|2734|2735|2606|2288|2080|2859|2860|2220|2337|2338|2339|3294|2340|3295|2341|3025,280|276|316|257|355|255|358|325|351|375|344,Primaria Ezequiel Montes Ledesma/Hacienda la Laja,20.769322482069,-100.43925314316,0.0,,0,False,51.66666666666666
2646,51.76666666666667,336.0,C46,51,10,2646|2647|5215|2652|2653|2654|2655|2656|2657|2658|2395|2396|2397|2398|2399|3925|1333|3540|1334|1335|1336|1337|1338|1339|1340|1341|1762|1763|2200|4430|1764|1765|1766|2201|4241|2310|2311|2312|2313|3283|5197|4143|3284|4256|2338|2339|3294|2340|3295|2341|3025,336|337|233|95|97|98|338|325|324|344,Mirador del Cubilete/Paseos del Mirador,20.539581,-100.405041,12.644407008086255,,0,True,64.41107367475293
5116,51.833333333333336,408.0,C73,36,8,5116|5117|5202|3171|4086|2471|3596|1473|1474|1476|1472|1471|1470|1469|1439|1438|2537|1920|1921|4241|2310|2311|2312|2313|3283|5197|4143|3284|4256|2338|2339|3294|2340|3295|2341|3025,408|378|396|352|90|325|324|344,Libramiento Surponiente/Av. José María Truchuelo,20.539295142427,-100.38790702723,30.109920634920638,,0,True,81.94325396825397
3743,51.84999999999999,280.0,L114,47,11,3743|3744|3745|3746|3747|3748|3749|3750|3286|3287|3246|3247|3225|3208|3209|3210|3539|2723|2724|2725|2726|4117|2727|2728|2729|4264|4265|2730|2731|2732|2733|2734|2735|2606|2288|2080|2859|2860|2220|2337|2338|2339|3294|2340|3295|2341|3025,280|276|316|257|355|255|358|325|351|375|344,Primaria Ezequiel Montes Ledesma/Hacienda la Laja,20.769895668888,-100.4387694017,0.0,,0,False,51.84999999999999
1906,51.883333333333326,373.0,T05,49,10,1906|1907|1908|1909|4157|1910|4158|4071|4075|4076|1911|5308|5309|4073|4074|4078|1887|4079|4077|1888|4080|4081|2159|4155|4156|2160|1903|5120|1904|1890|1891|3640|1894|1905|2082|1884|2204|3280|4447|3281|1915|2392|2338|2339|3294|2340|3295|2341|3025,373|162|369|370|347|379|319|160|324|344,Av. Hércules Oriente/Emiliano Zapata Puente,20.603376208374,-100.3442224224,21.553571428571427,,0,True,73.43690476190476
1462,51.88333333333334,256.0,T12,43,8,1462|1463|1464|4392|1465|3780|4252|1456|1457|3862|3781|4445|1449|3485|1450|1475|1476|1472|1471|1470|1469|1439|1438|2537|1920|1921|4241|2310|2311|2312|2313|3283|5197|4143|3284|4256|2338|2339|3294|2340|3295|2341|3025,256|99|91|352|90|325|324|344,Epigmenio González/Real Solare,20.58982844644,-100.28519005109,7.936309523809525,,0,True,59.81964285714287
4305,51.90833333333333,418.0,C74,44,10,4305|4306|4082|5176|4083|4084|4127|4423|4315|2625|3577|5107|2519|3578|2216|2217|2218|2219|2032|2023|2024|2856|1439|1438|2537|1920|1921|4241|2310|2311|2312|2313|3283|5197|4143|3284|4256|2338|2339|3294|2340|3295|2341|3025,418|396|322|376|386|98|90|325|324|344,Calle Manuel Gómez Morín/Calle Ignacio Allende,20.463186632629,-100.295974024,0.0,,0,False,51.90833333333333
4272,52.06666666666666,408.0,C73,39,8,4272|4273|3021|3022|5223|4116|2506|2507|2508|2509|4138|2291|2292|2293|2294|2295|2296|2418|2419|5180|2672|2201|4241|2310|2311|2312|2313|3283|5197|4143|3284|4256|2338|2339|3294|2340|3295|2341|3025,408|373|322|319|338|325|324|344,Libramiento Surponiente/Blvd. Esmeralda,20.524869362865,-100.43271329752,30.109920634920638,,0,True,82.1765873015873
3923,52.10000000000001,386.0,AIQ01,41,6,3923|3807|3873|3874|3875|3808|3809|3810|3811|3812|4404|3813|5104|1475|1476|1472|1471|1470|1469|1439|1438|2537|1920|1921|4241|2310|2311|2312|2313|3283|5197|4143|3284|4256|2338|2339|3294|2340|3295|2341|3025,386|352|90|325|324|344,Carr. Colorado/El Paraíso,20.56315785956,-100.22093856978,7.0632653061224495,,0,True,59.163265306122454
3551,52.13333333333333,365.0,L160,40,10,3551|3552|3553|3554|3555|3556|3585|2899|2900|2901|3607|2902|2903|3347|2904|2905|2906|2907|2908|2742|2572|2573|2574|2575|2610|2611|2074|2288|2080|2859|2860|2220|2337|2338|2339|3294|2340|3295|2341|3025,365|351|349|245|374|255|358|325|375|344,Valle de Mompaní/Ceiba,20.64239626,-100.4787,0.0,,0,False,52.13333333333333
4304,52.166666666666664,418.0,C74,45,10,4304|4305|4306|4082|5176|4083|4084|4127|4423|4315|2625|3577|5107|2519|3578|2216|2217|2218|2219|2032|2023|2024|2856|1439|1438|2537|1920|1921|4241|2310|2311|2312|2313|3283|5197|4143|3284|4256|2338|2339|3294|2340|3295|2341|3025,418|396|322|376|386|98|90|325|324|344,Manuel Gómez Morín/Bernardo Quintana,20.461884837101,-100.29450339671,0.0,,0,False,52.166666666666664
5280,52.166666666666664,273.0,L119,42,11,5280|5281|5282|5283|5284|3934|3330|3225|3208|3209|3210|3539|2723|2724|2725|2726|4117|2727|2728|2729|4264|4265|2730|2731|2732|2733|2734|2735|2606|2288|2080|2859|2860|2220|2337|2338|2339|3294|2340|3295|2341|3025,273|275|316|257|355|255|358|325|351|375|344,Carr. Pie de Gallo,20.766148954195,-100.47450632664,0.0,,0,False,52.166666666666664
2769,52.166666666666664,255.0,T11,44,11,2769|2703|2704|2705|3518|3286|3287|3246|3247|3225|3208|3209|3210|3539|2723|2724|2725|2726|4117|2727|2728|2729|4264|4265|2730|2731|2732|2733|2734|2735|2606|2288|2080|2859|2860|2220|2337|2338|2339|3294|2340|3295|2341|3025,255|275|276|316|257|355|358|325|351|375|344,Paseo de la República/Blvd. Privada Juriquilla,20.725153337183,-100.4398706487,13.954024943310655,,0,True,66.12069160997731
5082,52.16666666666667,233.0,L113,50,9,5082|5215|2652|2653|2654|2655|2656|2657|2658|2395|2396|2397|2398|2399|3925|1333|3540|1334|1335|1336|1337|1338|1339|1340|1341|1762|1763|2200|4430|1764|1765|1766|2201|4241|2310|2311|2312|2313|3283|5197|4143|3284|4256|2338|2339|3294|2340|3295|2341|3025,233|95|97|98|336|338|325|324|344,Calle Mirador del Cimatario/Av. Camino Real,20.54101032,-100.4003407,12.858333333333336,,0,True,65.025
3328,52.166666666666686,355.0,C69,41,8,3328|3199|3200|3544|3201|3202|3929|3203|3930|3204|3547|3205|5187|5188|2726|4117|2727|2728|2729|4264|4265|2730|2731|2732|2733|2734|2735|2606|2288|2080|2859|2860|2220|2337|2338|2339|3294|2340|3295|2341|3025,355|314|255|358|325|351|375|344,Blvd. Universitario/Uvm Querétaro,20.70675873,-100.4458492,0.1952380952380953,,0,True,52.36190476190478
5311,52.18333333333332,162.0,L109,49,10,5311|1907|1908|1909|4157|1910|4158|4071|4075|4076|1911|5308|5309|4073|4074|4078|1887|4079|4077|1888|4080|4081|2159|4155|4156|2160|1903|5120|1904|1890|1891|3640|1894|1905|2082|1884|2204|3280|4447|3281|1915|2392|2338|2339|3294|2340|3295|2341|3025,162|373|369|370|347|379|319|160|324|344,Emeterio González/Agua de Vida Querétaro,20.605657669525,-100.34626306333,0.0,,0,False,52.18333333333332
2645,52.41666666666667,336.0,C46,52,10,2645|2646|2647|5215|2652|2653|2654|2655|2656|2657|2658|2395|2396|2397|2398|2399|3925|1333|3540|1334|1335|1336|1337|1338|1339|1340|1341|1762|1763|2200|4430|1764|1765|1766|2201|4241|2310|2311|2312|2313|3283|5197|4143|3284|4256|2338|2339|3294|2340|3295|2341|3025,336|337|233|95|97|98|338|325|324|344,Calle Francisco Alcocer/Antonio Pérez Alcocer,20.54149691,-100.4055476,12.644407008086255,,0,True,65.06107367475292
5088,52.48333333333332,280.0,L114,48,11,5088|3743|3744|3745|3746|3747|3748|3749|3750|3286|3287|3246|3247|3225|3208|3209|3210|3539|2723|2724|2725|2726|4117|2727|2728|2729|4264|4265|2730|2731|2732|2733|2734|2735|2606|2288|2080|2859|2860|2220|2337|2338|2339|3294|2340|3295|2341|3025,280|276|316|257|355|255|358|325|351|375|344,Hacienda El Tesoro/Cecyteq 09 Montenegro,20.772515701659,-100.43859697874,0.0,,0,False,52.48333333333332
4303,52.541666666666664,418.0,C74,46,10,4303|4304|4305|4306|4082|5176|4083|4084|4127|4423|4315|2625|3577|5107|2519|3578|2216|2217|2218|2219|2032|2023|2024|2856|1439|1438|2537|1920|1921|4241|2310|2311|2312|2313|3283|5197|4143|3284|4256|2338|2339|3294|2340|3295|2341|3025,418|396|322|376|386|98|90|325|324|344,Manuel Gómez Morín/Delegación Lagunillas Sección 3,20.459716952361,-100.29256444927,0.0,,0,False,52.541666666666664
1934,52.54999999999999,369.0,L62,50,10,1934|1906|1907|1908|1909|4157|1910|4158|4071|4075|4076|1911|5308|5309|4073|4074|4078|1887|4079|4077|1888|4080|4081|2159|4155|4156|2160|1903|5120|1904|1890|1891|3640|1894|1905|2082|1884|2204|3280|4447|3281|1915|2392|2338|2339|3294|2340|3295|2341|3025,369|373|162|370|347|379|319|160|324|344,Av. Hércules Oriente/De Dolores,20.602553798153,-100.34673971334,10.925892857142854,,0,True,63.475892857142846
3276,52.63333333333333,275.0,L124,44,11,3276|3277|2704|2705|3518|3286|3287|3246|3247|3225|3208|3209|3210|3539|2723|2724|2725|2726|4117|2727|2728|2729|4264|4265|2730|2731|2732|2733|2734|2735|2606|2288|2080|2859|2860|2220|2337|2338|2339|3294|2340|3295|2341|3025,275|276|316|257|355|255|358|325|351|375|344,Camino A la Solana/New Pig México,20.73652795,-100.4248699,0.0,,0,False,52.63333333333333
3713,52.683333333333344,274.0,L150,35,9,3713|3714|3715|3716|3717|3718|3939|4442|2278|2279|2280|2281|2282|2283|2284|2285|3339|2286|2897|2287|3340|2074|2288|2080|2859|2860|2220|2337|2338|2339|3294|2340|3295|2341|3025,274|316|374|255|358|325|351|375|344,Av. Mar de Cortes/Mompaní,20.68763771,-100.5063131,20.63095238095238,,0,True,73.31428571428572
3646,52.816666666666684,356.0,L108,36,7,3646|3647|4103|2767|4104|3671|3643|3644|2763|2764|2765|4096|4097|4098|4099|2616|4100|1766|2201|4241|2310|2311|2312|2313|3283|5197|4143|3284|4256|2338|2339|3294|2340|3295|2341|3025,356|359|336|338|325|324|344,Av. Tlacote/Blvd. Hacienda la Gloria,20.58983158,-100.4276224,7.281428571428572,,0,True,60.098095238095254
4302,52.86666666666667,418.0,C74,47,10,4302|4303|4304|4305|4306|4082|5176|4083|4084|4127|4423|4315|2625|3577|5107|2519|3578|2216|2217|2218|2219|2032|2023|2024|2856|1439|1438|2537|1920|1921|4241|2310|2311|2312|2313|3283|5197|4143|3284|4256|2338|2339|3294|2340|3295|2341|3025,418|396|322|376|386|98|90|325|324|344,Manuel Gómez Morín/José María Morelos y Pavón,20.462110638451,-100.29200096676,0.0,,0,False,52.86666666666667
4165,52.89999999999999,283.0,C67,33,10,4165|4166|4167|4168|4169|4170|4171|3519|4172|3694|3587|3588|3520|2572|2573|2574|2575|2610|2611|2074|2288|2080|2859|2860|2220|2337|2338|2339|3294|2340|3295|2341|3025,283|361|245|374|255|358|325|351|375|344,P/2590 Av. Sakurajima/Condominio Catalina Dulche,20.658291039749,-100.45611440526,26.925661375661374,,0,True,79.82566137566137
5089,52.91666666666665,280.0,L114,49,11,5089|5088|3743|3744|3745|3746|3747|3748|3749|3750|3286|3287|3246|3247|3225|3208|3209|3210|3539|2723|2724|2725|2726|4117|2727|2728|2729|4264|4265|2730|2731|2732|2733|2734|2735|2606|2288|2080|2859|2860|2220|2337|2338|2339|3294|2340|3295|2341|3025,280|276|316|257|355|255|358|325|351|375|344,Hacienda Santa Rosa/Hacienda Granero,20.771118764233,-100.43977871528,0.0,,0,False,52.91666666666665
1937,52.966666666666654,369.0,L62,51,10,1937|1934|1906|1907|1908|1909|4157|1910|4158|4071|4075|4076|1911|5308|5309|4073|4074|4078|1887|4079|4077|1888|4080|4081|2159|4155|4156|2160|1903|5120|1904|1890|1891|3640|1894|1905|2082|1884|2204|3280|4447|3281|1915|2392|2338|2339|3294|2340|3295|2341|3025,369|373|162|370|347|379|319|160|324|344,Av. Hércules Poniente/Privada Libertad,20.601923,-100.348246,10.925892857142854,,0,True,63.89255952380951
5122,53.033333333333324,162.0,L109,50,10,5122|5311|1907|1908|1909|4157|1910|4158|4071|4075|4076|1911|5308|5309|4073|4074|4078|1887|4079|4077|1888|4080|4081|2159|4155|4156|2160|1903|5120|1904|1890|1891|3640|1894|1905|2082|1884|2204|3280|4447|3281|1915|2392|2338|2339|3294|2340|3295|2341|3025,162|373|369|370|347|379|319|160|324|344,Emeterio González/Salvador Medina,20.604890448038,-100.34855066127,0.0,,0,False,53.033333333333324
3742,53.31666666666665,280.0,L114,50,11,3742|5089|5088|3743|3744|3745|3746|3747|3748|3749|3750|3286|3287|3246|3247|3225|3208|3209|3210|3539|2723|2724|2725|2726|4117|2727|2728|2729|4264|4265|2730|2731|2732|2733|2734|2735|2606|2288|2080|2859|2860|2220|2337|2338|2339|3294|2340|3295|2341|3025,280|276|316|257|355|255|358|325|351|375|344,Hacienda la Victoria/Hacienda del Corazón,20.771349724345,-100.43804035933,0.0,,0,False,53.31666666666665
2702,53.46666666666666,255.0,T11,45,11,2702|2769|2703|2704|2705|3518|3286|3287|3246|3247|3225|3208|3209|3210|3539|2723|2724|2725|2726|4117|2727|2728|2729|4264|4265|2730|2731|2732|2733|2734|2735|2606|2288|2080|2859|2860|2220|2337|2338|2339|3294|2340|3295|2341|3025,255|275|276|316|257|355|358|325|351|375|344,Paseo de la República/Fiix Fast,20.71915651,-100.4386314,13.954024943310655,,0,True,67.42069160997731
2718,53.516666666666666,276.0,L120,35,7,2718|2719|2720|2721|2722|2723|2724|2725|2726|4117|2727|2728|2729|4264|4265|2730|2731|2732|2733|2734|2735|2606|2288|2080|2859|2860|2220|2337|2338|2339|3294|2340|3295|2341|3025,276|255|358|325|351|375|344,Av. Constitución/Calle Pohang,20.80069108,-100.44885,0.0,,0,False,53.516666666666666
4301,53.575,418.0,C74,48,10,4301|4302|4303|4304|4305|4306|4082|5176|4083|4084|4127|4423|4315|2625|3577|5107|2519|3578|2216|2217|2218|2219|2032|2023|2024|2856|1439|1438|2537|1920|1921|4241|2310|2311|2312|2313|3283|5197|4143|3284|4256|2338|2339|3294|2340|3295|2341|3025,418|396|322|376|386|98|90|325|324|344,Manuel Gómez Morín/Qro 400,20.467434609858,-100.29191705614,0.0,,0,False,53.575
3550,53.583333333333336,365.0,L160,41,10,3550|3551|3552|3553|3554|3555|3556|3585|2899|2900|2901|3607|2902|2903|3347|2904|2905|2906|2907|2908|2742|2572|2573|2574|2575|2610|2611|2074|2288|2080|2859|2860|2220|2337|2338|2339|3294|2340|3295|2341|3025,365|351|349|245|374|255|358|325|375|344,Valle de Mompaní/Alamo,20.64440563,-100.4795702,0.0,,0,False,53.583333333333336
1803,53.63333333333334,357.0,L112,16,5,1803|1804|1805|3597|3285|1806|3281|1915|2392|2338|2339|3294|2340|3295|2341|3025,357|319|160|324|344,Av. Paseo de la Reforma/Parque Lomas del Marqués,20.610809697351,-100.36447205968,0.9160714285714285,,0,True,54.54940476190477
2766,53.633333333333354,356.0,L108,37,7,2766|3646|3647|4103|2767|4104|3671|3643|3644|2763|2764|2765|4096|4097|4098|4099|2616|4100|1766|2201|4241|2310|2311|2312|2313|3283|5197|4143|3284|4256|2338|2339|3294|2340|3295|2341|3025,356|359|336|338|325|324|344,Carr. Tlacote/Aurrera,20.58931945,-100.4249135,7.281428571428572,,0,True,60.914761904761924
3922,53.650000000000006,386.0,AIQ01,42,6,3922|3923|3807|3873|3874|3875|3808|3809|3810|3811|3812|4404|3813|5104|1475|1476|1472|1471|1470|1469|1439|1438|2537|1920|1921|4241|2310|2311|2312|2313|3283|5197|4143|3284|4256|2338|2339|3294|2340|3295|2341|3025,386|352|90|325|324|344,Carr. Colorado/Campo de Futbol El Paraíso,20.566907750549,-100.21618249075,7.0632653061224495,,0,True,60.71326530612245
3653,53.66666666666667,314.0,C70,28,7,3653|4439|5113|5108|3882|2698|2699|4437|2730|2731|2732|2733|2734|2735|2606|2288|2080|2859|2860|2220|2337|2338|2339|3294|2340|3295|2341|3025,314|358|255|325|351|375|344,Anillo Vial Fray Junípero Serra/Altozano Querétaro,20.666102673608,-100.39610081589,0.0,,0,False,53.66666666666667
5115,53.74999999999999,408.0,C73,40,8,5115|4272|4273|3021|3022|5223|4116|2506|2507|2508|2509|4138|2291|2292|2293|2294|2295|2296|2418|2419|5180|2672|2201|4241|2310|2311|2312|2313|3283|5197|4143|3284|4256|2338|2339|3294|2340|3295|2341|3025,408|373|322|319|338|325|324|344,Libramiento Surponiente/Calle Hércules,20.526131347673,-100.43556923682,30.109920634920638,,0,True,83.85992063492063
3649,53.800000000000004,233.0,L113,51,9,3649|5082|5215|2652|2653|2654|2655|2656|2657|2658|2395|2396|2397|2398|2399|3925|1333|3540|1334|1335|1336|1337|1338|1339|1340|1341|1762|1763|2200|4430|1764|1765|1766|2201|4241|2310|2311|2312|2313|3283|5197|4143|3284|4256|2338|2339|3294|2340|3295|2341|3025,233|95|97|98|336|338|325|324|344,Francisco Alcocer Pozo/Calle Maristas,20.541418931988,-100.3949916477,12.858333333333336,,0,True,66.65833333333335
1933,53.83333333333332,369.0,L62,52,10,1933|1937|1934|1906|1907|1908|1909|4157|1910|4158|4071|4075|4076|1911|5308|5309|4073|4074|4078|1887|4079|4077|1888|4080|4081|2159|4155|4156|2160|1903|5120|1904|1890|1891|3640|1894|1905|2082|1884|2204|3280|4447|3281|1915|2392|2338|2339|3294|2340|3295|2341|3025,369|373|162|370|347|379|319|160|324|344,Av. Hércules Oriente/Solidaridad,20.600511736615,-100.35141107455,10.925892857142854,,0,True,64.75922619047617
3924,54.016666666666666,276.0,L120,36,7,3924|2718|2719|2720|2721|2722|2723|2724|2725|2726|4117|2727|2728|2729|4264|4265|2730|2731|2732|2733|2734|2735|2606|2288|2080|2859|2860|2220|2337|2338|2339|3294|2340|3295|2341|3025,276|255|358|325|351|375|344,Paseo de la República/Calle Pusán,20.803455051061,-100.4491390716,0.0,,0,False,54.016666666666666
1963,54.066666666666656,319.0,C24,27,8,1963|1965|1962|1960|2068|2193|1945|1946|5134|3891|1947|2194|1948|1949|1950|1951|1952|3281|1915|2392|2338|2339|3294|2340|3295|2341|3025,319|314|113|112|325|160|324|344,Anillo Vial Fray Junípero Serra/Hito,20.623649978393,-100.38436900207,4.469736842105263,,0,True,58.53640350877192
1932,54.23333333333332,369.0,L62,53,10,1932|1933|1937|1934|1906|1907|1908|1909|4157|1910|4158|4071|4075|4076|1911|5308|5309|4073|4074|4078|1887|4079|4077|1888|4080|4081|2159|4155|4156|2160|1903|5120|1904|1890|1891|3640|1894|1905|2082|1884|2204|3280|4447|3281|1915|2392|2338|2339|3294|2340|3295|2341|3025,369|373|162|370|347|379|319|160|324|344,Av. Hércules Oriente/Callejón de Santiago,20.599957912533,-100.3529136053,10.925892857142854,,0,True,65.15922619047618
3275,54.38333333333333,275.0,L124,45,11,3275|3276|3277|2704|2705|3518|3286|3287|3246|3247|3225|3208|3209|3210|3539|2723|2724|2725|2726|4117|2727|2728|2729|4264|4265|2730|2731|2732|2733|2734|2735|2606|2288|2080|2859|2860|2220|2337|2338|2339|3294|2340|3295|2341|3025,275|276|316|257|355|255|358|325|351|375|344,Camino A la Solana/San José Buenavista,20.73841964,-100.415509,0.0,,0,False,54.38333333333333
5153,54.49999999999999,255.0,T11,46,11,5153|2702|2769|2703|2704|2705|3518|3286|3287|3246|3247|3225|3208|3209|3210|3539|2723|2724|2725|2726|4117|2727|2728|2729|4264|4265|2730|2731|2732|2733|2734|2735|2606|2288|2080|2859|2860|2220|2337|2338|2339|3294|2340|3295|2341|3025,255|275|276|316|257|355|358|325|351|375|344,Paseo de la República/Conjunto Industrial Luxar,20.714378946574,-100.43815079167,13.954024943310655,,0,True,68.45402494331064
5121,54.783333333333324,162.0,L109,51,10,5121|5122|5311|1907|1908|1909|4157|1910|4158|4071|4075|4076|1911|5308|5309|4073|4074|4078|1887|4079|4077|1888|4080|4081|2159|4155|4156|2160|1903|5120|1904|1890|1891|3640|1894|1905|2082|1884|2204|3280|4447|3281|1915|2392|2338|2339|3294|2340|3295|2341|3025,162|373|369|370|347|379|319|160|324|344,Av. Emeterio González/Canoas,20.602525767186,-100.35291468087,0.0,,0,False,54.783333333333324
4164,54.96666666666666,283.0,C67,34,10,4164|4165|4166|4167|4168|4169|4170|4171|3519|4172|3694|3587|3588|3520|2572|2573|2574|2575|2610|2611|2074|2288|2080|2859|2860|2220|2337|2338|2339|3294|2340|3295|2341|3025,283|361|245|374|255|358|325|351|375|344,Av. Sakurajima/Av. Popocatépetl,20.660516854764,-100.45697324551,26.925661375661374,,0,True,81.89232804232803
1931,54.999999999999986,369.0,L62,54,10,1931|1932|1933|1937|1934|1906|1907|1908|1909|4157|1910|4158|4071|4075|4076|1911|5308|5309|4073|4074|4078|1887|4079|4077|1888|4080|4081|2159|4155|4156|2160|1903|5120|1904|1890|1891|3640|1894|1905|2082|1884|2204|3280|4447|3281|1915|2392|2338|2339|3294|2340|3295|2341|3025,369|373|162|370|347|379|319|160|324|344,Av. Hércules Oriente/León Xiii,20.598702273021,-100.35569295536,10.925892857142854,,0,True,65.92589285714284
5279,55.3,273.0,L119,43,11,5279|5280|5281|5282|5283|5284|3934|3330|3225|3208|3209|3210|3539|2723|2724|2725|2726|4117|2727|2728|2729|4264|4265|2730|2731|2732|2733|2734|2735|2606|2288|2080|2859|2860|2220|2337|2338|2339|3294|2340|3295|2341|3025,273|275|316|257|355|255|358|325|351|375|344,Carr. Pie de Gallo,20.773210810698,-100.4851682098,0.0,,0,False,55.3
3871,55.33333333333334,382.0,T14,42,6,3871|3872|3807|3873|3874|3875|3808|3809|3810|3811|3812|4404|3813|5104|1475|1476|1472|1471|1470|1469|1439|1438|2537|1920|1921|4241|2310|2311|2312|2313|3283|5197|4143|3284|4256|2338|2339|3294|2340|3295|2341|3025,382|352|90|325|324|344,Carr. Federal No. 57/Calle Michoacán,20.545896379867,-100.20525415825,10.835317460317457,,0,True,66.1686507936508
4356,55.349999999999994,333.0,C42,39,10,4356|2624|5091|4315|2625|3577|5107|2519|3578|2216|2217|2218|2219|2032|2023|2024|2856|1439|1438|2537|1920|1921|4241|2310|2311|2312|2313|3283|5197|4143|3284|4256|2338|2339|3294|2340|3295|2341|3025,333|396|322|376|386|98|90|325|324|344,Qro 420/Ciudad Marqués,20.538164058816,-100.28501068106,2.5233333333333334,,0,True,57.87333333333333
4102,55.36666666666669,356.0,L108,38,7,4102|2766|3646|3647|4103|2767|4104|3671|3643|3644|2763|2764|2765|4096|4097|4098|4099|2616|4100|1766|2201|4241|2310|2311|2312|2313|3283|5197|4143|3284|4256|2338|2339|3294|2340|3295|2341|3025,356|359|336|338|325|324|344,Carr. Tlacote/Bolonia,20.58800292477,-100.41920400948,7.281428571428572,,0,True,62.64809523809526
5105,55.38333333333334,314.0,C70,46,5,5105|5109|5110|4438|3941|3942|3894|2369|2370|2371|2372|5093|2373|3535|1968|1969|2176|2177|2178|2042|2043|2044|1973|1974|4435|1979|1980|1977|1976|5157|5158|5159|5160|3061|2014|2015|1983|1915|2392|2338|2339|3294|2340|3295|2341|3025,314|326|160|324|344,A Pueblo Jurica/Antea Lifestyle,20.677873573336,-100.4390720335,0.0,,0,False,55.38333333333334
1935,55.58333333333332,369.0,L62,55,10,1935|1931|1932|1933|1937|1934|1906|1907|1908|1909|4157|1910|4158|4071|4075|4076|1911|5308|5309|4073|4074|4078|1887|4079|4077|1888|4080|4081|2159|4155|4156|2160|1903|5120|1904|1890|1891|3640|1894|1905|2082|1884|2204|3280|4447|3281|1915|2392|2338|2339|3294|2340|3295|2341|3025,369|373|162|370|347|379|319|160|324|344,Av. Hércules Poniente/Fresnos,20.599489510706,-100.3578609915,10.925892857142854,,0,True,66.50922619047617
5201,55.86666666666666,408.0,C73,41,8,5201|5115|4272|4273|3021|3022|5223|4116|2506|2507|2508|2509|4138|2291|2292|2293|2294|2295|2296|2418|2419|5180|2672|2201|4241|2310|2311|2312|2313|3283|5197|4143|3284|4256|2338|2339|3294|2340|3295|2341|3025,408|373|322|319|338|325|324|344,Libramiento Surponiente,20.527350250709,-100.43933601462,30.109920634920638,,0,True,85.9765873015873
1930,55.91666666666666,369.0,L62,56,10,1930|1935|1931|1932|1933|1937|1934|1906|1907|1908|1909|4157|1910|4158|4071|4075|4076|1911|5308|5309|4073|4074|4078|1887|4079|4077|1888|4080|4081|2159|4155|4156|2160|1903|5120|1904|1890|1891|3640|1894|1905|2082|1884|2204|3280|4447|3281|1915|2392|2338|2339|3294|2340|3295|2341|3025,369|373|162|370|347|379|319|160|324|344,Av. Hércules Poniente/Del Arco,20.599954943589,-100.35909005166,10.925892857142854,,0,True,66.84255952380951
1913,56.24166666666666,162.0,L109,52,10,1913|5121|5122|5311|1907|1908|1909|4157|1910|4158|4071|4075|4076|1911|5308|5309|4073|4074|4078|1887|4079|4077|1888|4080|4081|2159|4155|4156|2160|1903|5120|1904|1890|1891|3640|1894|1905|2082|1884|2204|3280|4447|3281|1915|2392|2338|2339|3294|2340|3295|2341|3025,162|373|369|370|347|379|319|160|324|344,Av. Emeterio González/Texas,20.601571631654,-100.35698019099,0.0,,0,False,56.24166666666666
2770,56.333333333333336,413.0,L162,37,8,2770|3924|2718|2719|2720|2721|2722|2723|2724|2725|2726|4117|2727|2728|2729|4264|4265|2730|2731|2732|2733|2734|2735|2606|2288|2080|2859|2860|2220|2337|2338|2339|3294|2340|3295|2341|3025,413|276|255|358|325|351|375|344,Carr. 500/Gasolinera Alfer,20.813541171541,-100.44506073665,0.0,,0,False,56.333333333333336
1929,56.36666666666666,369.0,L62,57,10,1929|1930|1935|1931|1932|1933|1937|1934|1906|1907|1908|1909|4157|1910|4158|4071|4075|4076|1911|5308|5309|4073|4074|4078|1887|4079|4077|1888|4080|4081|2159|4155|4156|2160|1903|5120|1904|1890|1891|3640|1894|1905|2082|1884|2204|3280|4447|3281|1915|2392|2338|2339|3294|2340|3295|2341|3025,369|373|162|370|347|379|319|160|324|344,Av. Hércules Poniente/Calle José Martínez J.,20.600597147416,-100.36078910354,10.925892857142854,,0,True,67.29255952380952
2701,56.48333333333333,255.0,T11,47,11,2701|5153|2702|2769|2703|2704|2705|3518|3286|3287|3246|3247|3225|3208|3209|3210|3539|2723|2724|2725|2726|4117|2727|2728|2729|4264|4265|2730|2731|2732|2733|2734|2735|2606|2288|2080|2859|2860|2220|2337|2338|2339|3294|2340|3295|2341|3025,255|275|276|316|257|355|358|325|351|375|344,Paseo de la República/Kilómetro 15,20.70508915,-100.4371294,13.954024943310655,,0,True,70.43735827664398
1807,56.58333333333334,357.0,L112,17,5,1807|1803|1804|1805|3597|3285|1806|3281|1915|2392|2338|2339|3294|2340|3295|2341|3025,357|319|160|324|344,Av. Paseo de la Reforma/Marqués de Castelar,20.610829935707,-100.361252921,0.9160714285714285,,0,True,57.49940476190477
5114,56.91666666666666,408.0,C73,42,8,5114|5201|5115|4272|4273|3021|3022|5223|4116|2506|2507|2508|2509|4138|2291|2292|2293|2294|2295|2296|2418|2419|5180|2672|2201|4241|2310|2311|2312|2313|3283|5197|4143|3284|4256|2338|2339|3294|2340|3295|2341|3025,408|373|322|319|338|325|324|344,Carr. Huimilpan/Coroneo,20.527999206404,-100.44117641831,30.109920634920638,,0,True,87.0265873015873
5073,57.08333333333336,356.0,L108,39,7,5073|4102|2766|3646|3647|4103|2767|4104|3671|3643|3644|2763|2764|2765|4096|4097|4098|4099|2616|4100|1766|2201|4241|2310|2311|2312|2313|3283|5197|4143|3284|4256|2338|2339|3294|2340|3295|2341|3025,356|359|336|338|325|324|344,Lateral Av. Tlacote/Paseo 5 de Febrero,20.586618253525,-100.41358500647,7.281428571428572,,0,True,64.36476190476193
3645,57.21666666666669,359.0,L151,39,7,3645|4102|2766|3646|3647|4103|2767|4104|3671|3643|3644|2763|2764|2765|4096|4097|4098|4099|2616|4100|1766|2201|4241|2310|2311|2312|2313|3283|5197|4143|3284|4256|2338|2339|3294|2340|3295|2341|3025,359|356|336|338|325|324|344,Av. de Las Galindas/Calle El Charro,20.58506553,-100.4160146,0.0,,0,False,57.21666666666669
3895,57.31666666666666,275.0,L124,46,11,3895|3275|3276|3277|2704|2705|3518|3286|3287|3246|3247|3225|3208|3209|3210|3539|2723|2724|2725|2726|4117|2727|2728|2729|4264|4265|2730|2731|2732|2733|2734|2735|2606|2288|2080|2859|2860|2220|2337|2338|2339|3294|2340|3295|2341|3025,275|276|316|257|355|255|358|325|351|375|344,Camino A la Solana/Kraken Maquinaria,20.74528799448,-100.40116260341,0.0,,0,False,57.31666666666666
3693,57.41666666666667,413.0,L162,38,8,3693|2770|3924|2718|2719|2720|2721|2722|2723|2724|2725|2726|4117|2727|2728|2729|4264|4265|2730|2731|2732|2733|2734|2735|2606|2288|2080|2859|2860|2220|2337|2338|2339|3294|2340|3295|2341|3025,413|276|255|358|325|351|375|344,Carr. 500/Calle El Pueblito,20.813564311296,-100.43968688123,0.0,,0,False,57.41666666666667
4163,57.449999999999996,283.0,C67,35,10,4163|4164|4165|4166|4167|4168|4169|4170|4171|3519|4172|3694|3587|3588|3520|2572|2573|2574|2575|2610|2611|2074|2288|2080|2859|2860|2220|2337|2338|2339|3294|2340|3295|2341|3025,283|361|245|374|255|358|325|351|375|344,de la Lluvia/Jardín de Los Manzanos,20.663044444444,-100.45558611111,26.925661375661374,,0,True,84.37566137566137
1936,57.48333333333333,369.0,L62,58,10,1936|1929|1930|1935|1931|1932|1933|1937|1934|1906|1907|1908|1909|4157|1910|4158|4071|4075|4076|1911|5308|5309|4073|4074|4078|1887|4079|4077|1888|4080|4081|2159|4155|4156|2160|1903|5120|1904|1890|1891|3640|1894|1905|2082|1884|2204|3280|4447|3281|1915|2392|2338|2339|3294|2340|3295|2341|3025,369|373|162|370|347|379|319|160|324|344,Av. Hércules Poniente/Privada Belinda,20.601671157933,-100.36514623214,10.925892857142854,,0,True,68.40922619047618
5278,57.78333333333333,273.0,L119,44,11,5278|5279|5280|5281|5282|5283|5284|3934|3330|3225|3208|3209|3210|3539|2723|2724|2725|2726|4117|2727|2728|2729|4264|4265|2730|2731|2732|2733|2734|2735|2606|2288|2080|2859|2860|2220|2337|2338|2339|3294|2340|3295|2341|3025,273|275|316|257|355|255|358|325|351|375|344,Benito Juárez/Mariano Matamoros,20.781460595357,-100.49061426167,0.0,,0,False,57.78333333333333
3670,58.08333333333336,356.0,L108,40,7,3670|5073|4102|2766|3646|3647|4103|2767|4104|3671|3643|3644|2763|2764|2765|4096|4097|4098|4099|2616|4100|1766|2201|4241|2310|2311|2312|2313|3283|5197|4143|3284|4256|2338|2339|3294|2340|3295|2341|3025,356|359|336|338|325|324|344,Hidalgo/Calle 13 de Septiembre,20.58969095,-100.4127165,7.281428571428572,,0,True,65.36476190476193
3274,58.199999999999996,275.0,L124,47,11,3274|3895|3275|3276|3277|2704|2705|3518|3286|3287|3246|3247|3225|3208|3209|3210|3539|2723|2724|2725|2726|4117|2727|2728|2729|4264|4265|2730|2731|2732|2733|2734|2735|2606|2288|2080|2859|2860|2220|2337|2338|2339|3294|2340|3295|2341|3025,275|276|316|257|355|255|358|325|351|375|344,Moises Solano/San Elías,20.74452736,-100.3964344,0.0,,0,False,58.199999999999996
5277,58.31666666666666,273.0,L119,45,11,5277|5278|5279|5280|5281|5282|5283|5284|3934|3330|3225|3208|3209|3210|3539|2723|2724|2725|2726|4117|2727|2728|2729|4264|4265|2730|2731|2732|2733|2734|2735|2606|2288|2080|2859|2860|2220|2337|2338|2339|3294|2340|3295|2341|3025,273|275|316|257|355|255|358|325|351|375|344,Benito Juárez/Calle López Rayón,20.783323577332,-100.49152956782,0.0,,0,False,58.31666666666666
1912,58.39999999999999,162.0,L109,53,10,1912|1913|5121|5122|5311|1907|1908|1909|4157|1910|4158|4071|4075|4076|1911|5308|5309|4073|4074|4078|1887|4079|4077|1888|4080|4081|2159|4155|4156|2160|1903|5120|1904|1890|1891|3640|1894|1905|2082|1884|2204|3280|4447|3281|1915|2392|2338|2339|3294|2340|3295|2341|3025,162|373|369|370|347|379|319|160|324|344,Av. Emeterio González/Emiliano Bravo,20.603425493021,-100.36289178887,0.0,,0,False,58.39999999999999
3870,58.58333333333334,382.0,T14,43,6,3870|3871|3872|3807|3873|3874|3875|3808|3809|3810|3811|3812|4404|3813|5104|1475|1476|1472|1471|1470|1469|1439|1438|2537|1920|1921|4241|2310|2311|2312|2313|3283|5197|4143|3284|4256|2338|2339|3294|2340|3295|2341|3025,382|352|90|325|324|344,Carr. Federal No. 57/San Valentín El Monte,20.537271266756,-100.19228062921,10.835317460317457,,0,True,69.4186507936508
2717,58.6,255.0,T11,39,8,2717|3693|2770|3924|2718|2719|2720|2721|2722|2723|2724|2725|2726|4117|2727|2728|2729|4264|4265|2730|2731|2732|2733|2734|2735|2606|2288|2080|2859|2860|2220|2337|2338|2339|3294|2340|3295|2341|3025,255|413|276|358|325|351|375|344,Av. la Noria/Tequisquiapan,20.81489847,-100.4345572,13.954024943310655,,0,True,72.55402494331065
5276,58.666666666666664,273.0,L119,46,11,5276|5277|5278|5279|5280|5281|5282|5283|5284|3934|3330|3225|3208|3209|3210|3539|2723|2724|2725|2726|4117|2727|2728|2729|4264|4265|2730|2731|2732|2733|2734|2735|2606|2288|2080|2859|2860|2220|2337|2338|2339|3294|2340|3295|2341|3025,273|275|316|257|355|255|358|325|351|375|344,Benito Juárez/Calle Mariano Escobedo,20.784558517471,-100.49214393123,0.0,,0,False,58.666666666666664
4162,58.68333333333333,283.0,C67,36,10,4162|4163|4164|4165|4166|4167|4168|4169|4170|4171|3519|4172|3694|3587|3588|3520|2572|2573|2574|2575|2610|2611|2074|2288|2080|2859|2860|2220|2337|2338|2339|3294|2340|3295|2341|3025,283|361|245|374|255|358|325|351|375|344,del Maguey/Del Naranjo,20.662765211773,-100.45412132465,26.925661375661374,,0,True,85.6089947089947
2700,58.86666666666666,255.0,T11,48,11,2700|2701|5153|2702|2769|2703|2704|2705|3518|3286|3287|3246|3247|3225|3208|3209|3210|3539|2723|2724|2725|2726|4117|2727|2728|2729|4264|4265|2730|2731|2732|2733|2734|2735|2606|2288|2080|2859|2860|2220|2337|2338|2339|3294|2340|3295|2341|3025,255|275|276|316|257|355|358|325|351|375|344,Paseo de la República/Interimöbel,20.6939455,-100.4359104,13.954024943310655,,0,True,72.82069160997732
2716,59.15,255.0,T11,40,8,2716|2717|3693|2770|3924|2718|2719|2720|2721|2722|2723|2724|2725|2726|4117|2727|2728|2729|4264|4265|2730|2731|2732|2733|2734|2735|2606|2288|2080|2859|2860|2220|2337|2338|2339|3294|2340|3295|2341|3025,255|413|276|358|325|351|375|344,Av. la Noria/La Griega,20.81715712,-100.4343642,13.954024943310655,,0,True,73.10402494331065
3772,59.2,276.0,L120,37,7,3772|3924|2718|2719|2720|2721|2722|2723|2724|2725|2726|4117|2727|2728|2729|4264|4265|2730|2731|2732|2733|2734|2735|2606|2288|2080|2859|2860|2220|2337|2338|2339|3294|2340|3295|2341|3025,276|255|358|325|351|375|344,Buenavista,20.826555265293,-100.46825833083,0.0,,0,False,59.2
5275,59.233333333333334,273.0,L119,47,11,5275|5276|5277|5278|5279|5280|5281|5282|5283|5284|3934|3330|3225|3208|3209|3210|3539|2723|2724|2725|2726|4117|2727|2728|2729|4264|4265|2730|2731|2732|2733|2734|2735|2606|2288|2080|2859|2860|2220|2337|2338|2339|3294|2340|3295|2341|3025,273|275|316|257|355|255|358|325|351|375|344,Benito Juárez/Calle Guadalupe Victoria,20.78672726107,-100.49233868977,0.0,,0,False,59.233333333333334
3669,59.28333333333336,356.0,L108,41,7,3669|3670|5073|4102|2766|3646|3647|4103|2767|4104|3671|3643|3644|2763|2764|2765|4096|4097|4098|4099|2616|4100|1766|2201|4241|2310|2311|2312|2313|3283|5197|4143|3284|4256|2338|2339|3294|2340|3295|2341|3025,356|359|336|338|325|324|344,Hidalgo/Secundaria General 1,20.58938739,-100.4086597,7.281428571428572,,0,True,66.56476190476194
2715,59.71666666666667,255.0,T11,41,8,2715|2716|2717|3693|2770|3924|2718|2719|2720|2721|2722|2723|2724|2725|2726|4117|2727|2728|2729|4264|4265|2730|2731|2732|2733|2734|2735|2606|2288|2080|2859|2860|2220|2337|2338|2339|3294|2340|3295|2341|3025,255|413|276|358|325|351|375|344,Av. la Noria/Av. San Pedrito,20.81951381,-100.4341728,13.954024943310655,,0,True,73.67069160997733
5274,59.78333333333333,273.0,L119,48,11,5274|5275|5276|5277|5278|5279|5280|5281|5282|5283|5284|3934|3330|3225|3208|3209|3210|3539|2723|2724|2725|2726|4117|2727|2728|2729|4264|4265|2730|2731|2732|2733|2734|2735|2606|2288|2080|2859|2860|2220|2337|2338|2339|3294|2340|3295|2341|3025,273|275|316|257|355|255|358|325|351|375|344,Benito Juárez/Calle Ignacio Allende,20.788642087589,-100.4932934426,0.0,,0,False,59.78333333333333
2623,59.96666666666666,333.0,C42,40,10,2623|4356|2624|5091|4315|2625|3577|5107|2519|3578|2216|2217|2218|2219|2032|2023|2024|2856|1439|1438|2537|1920|1921|4241|2310|2311|2312|2313|3283|5197|4143|3284|4256|2338|2339|3294|2340|3295|2341|3025,333|396|322|376|386|98|90|325|324|344,Universidad Politécnica de Querétaro,20.54604126,-100.2737341,2.5233333333333334,,0,True,62.489999999999995
3771,60.01666666666667,276.0,L120,38,7,3771|3772|3924|2718|2719|2720|2721|2722|2723|2724|2725|2726|4117|2727|2728|2729|4264|4265|2730|2731|2732|2733|2734|2735|2606|2288|2080|2859|2860|2220|2337|2338|2339|3294|2340|3295|2341|3025,276|255|358|325|351|375|344,Salida A Querétaro/Ignacio Allende,20.828314967311,-100.47278672759,0.0,,0,False,60.01666666666667
3668,60.116666666666696,356.0,L108,42,7,3668|3669|3670|5073|4102|2766|3646|3647|4103|2767|4104|3671|3643|3644|2763|2764|2765|4096|4097|4098|4099|2616|4100|1766|2201|4241|2310|2311|2312|2313|3283|5197|4143|3284|4256|2338|2339|3294|2340|3295|2341|3025,356|359|336|338|325|324|344,Hidalgo/Calle J. de la Barrera,20.59015376,-100.4059667,7.281428571428572,,0,True,67.39809523809527
5273,60.266666666666666,273.0,L119,49,11,5273|5274|5275|5276|5277|5278|5279|5280|5281|5282|5283|5284|3934|3330|3225|3208|3209|3210|3539|2723|2724|2725|2726|4117|2727|2728|2729|4264|4265|2730|2731|2732|2733|2734|2735|2606|2288|2080|2859|2860|2220|2337|2338|2339|3294|2340|3295|2341|3025,273|275|316|257|355|255|358|325|351|375|344,Benito Juárez/Calle Alvaro Obregón,20.79009641463,-100.49457184551,0.0,,0,False,60.266666666666666
3770,60.48333333333334,276.0,L120,39,7,3770|3771|3772|3924|2718|2719|2720|2721|2722|2723|2724|2725|2726|4117|2727|2728|2729|4264|4265|2730|2731|2732|2733|2734|2735|2606|2288|2080|2859|2860|2220|2337|2338|2339|3294|2340|3295|2341|3025,276|255|358|325|351|375|344,Salida A Querétaro/Mariscos Los Carlos,20.82931111356,-100.47528723782,0.0,,0,False,60.48333333333334
2714,60.766666666666666,316.0,C71,42,9,2714|2715|2716|2717|3693|2770|3924|2718|2719|2720|2721|2722|2723|2724|2725|2726|4117|2727|2728|2729|4264|4265|2730|2731|2732|2733|2734|2735|2606|2288|2080|2859|2860|2220|2337|2338|2339|3294|2340|3295|2341|3025,316|255|413|276|358|325|351|375|344,Av. la Montaña/Av. la Noria,20.82149872,-100.4344444,28.520476190476188,,0,True,89.28714285714285
5272,61.0,273.0,L119,50,11,5272|5273|5274|5275|5276|5277|5278|5279|5280|5281|5282|5283|5284|3934|3330|3225|3208|3209|3210|3539|2723|2724|2725|2726|4117|2727|2728|2729|4264|4265|2730|2731|2732|2733|2734|2735|2606|2288|2080|2859|2860|2220|2337|2338|2339|3294|2340|3295|2341|3025,273|275|316|257|355|255|358|325|351|375|344,Carr. Buenavista,20.792277027699,-100.49648290363,0.0,,0,False,61.0
4355,61.416666666666664,352.0,C64,41,11,4355|2623|4356|2624|5091|4315|2625|3577|5107|2519|3578|2216|2217|2218|2219|2032|2023|2024|2856|1439|1438|2537|1920|1921|4241|2310|2311|2312|2313|3283|5197|4143|3284|4256|2338|2339|3294|2340|3295|2341|3025,352|333|396|322|376|386|98|90|325|324|344,Qro 420/Qro 431,20.550297091042,-100.26754134778,7.351785714285714,,0,True,68.76845238095238
2713,61.449999999999996,255.0,T11,43,9,2713|2714|2715|2716|2717|3693|2770|3924|2718|2719|2720|2721|2722|2723|2724|2725|2726|4117|2727|2728|2729|4264|4265|2730|2731|2732|2733|2734|2735|2606|2288|2080|2859|2860|2220|2337|2338|2339|3294|2340|3295|2341|3025,255|316|413|276|358|325|351|375|344,Av. la Montaña/Avery Dennison Rbis,20.82175232,-100.4377985,13.954024943310655,,0,True,75.40402494331065
5271,61.6,273.0,L119,51,11,5271|5272|5273|5274|5275|5276|5277|5278|5279|5280|5281|5282|5283|5284|3934|3330|3225|3208|3209|3210|3539|2723|2724|2725|2726|4117|2727|2728|2729|4264|4265|2730|2731|2732|2733|2734|2735|2606|2288|2080|2859|2860|2220|2337|2338|2339|3294|2340|3295|2341|3025,273|275|316|257|355|255|358|325|351|375|344,Carr. Buenavista,20.794092416247,-100.49806748245,0.0,,0,False,61.6
5270,62.1,273.0,L119,52,11,5270|5271|5272|5273|5274|5275|5276|5277|5278|5279|5280|5281|5282|5283|5284|3934|3330|3225|3208|3209|3210|3539|2723|2724|2725|2726|4117|2727|2728|2729|4264|4265|2730|2731|2732|2733|2734|2735|2606|2288|2080|2859|2860|2220|2337|2338|2339|3294|2340|3295|2341|3025,273|275|316|257|355|255|358|325|351|375|344,Carr. Buenavista,20.795628538638,-100.49933241489,0.0,,0,False,62.1
2712,62.266666666666666,255.0,T11,44,9,2712|2713|2714|2715|2716|2717|3693|2770|3924|2718|2719|2720|2721|2722|2723|2724|2725|2726|4117|2727|2728|2729|4264|4265|2730|2731|2732|2733|2734|2735|2606|2288|2080|2859|2860|2220|2337|2338|2339|3294|2340|3295|2341|3025,255|316|413|276|358|325|351|375|344,Av. la Montaña/Valeo Sistemas Eléctricos,20.82205007,-100.4418841,13.954024943310655,,0,True,76.22069160997732
2622,62.53333333333333,352.0,C64,42,11,2622|4355|2623|4356|2624|5091|4315|2625|3577|5107|2519|3578|2216|2217|2218|2219|2032|2023|2024|2856|1439|1438|2537|1920|1921|4241|2310|2311|2312|2313|3283|5197|4143|3284|4256|2338|2339|3294|2340|3295|2341|3025,352|333|396|322|376|386|98|90|325|324|344,Parque Tecnológico Innovación Querétaro,20.55578098,-100.2673383,7.351785714285714,,0,True,69.88511904761904
2711,62.81666666666666,255.0,T11,45,9,2711|2712|2713|2714|2715|2716|2717|3693|2770|3924|2718|2719|2720|2721|2722|2723|2724|2725|2726|4117|2727|2728|2729|4264|4265|2730|2731|2732|2733|2734|2735|2606|2288|2080|2859|2860|2220|2337|2338|2339|3294|2340|3295|2341|3025,255|316|413|276|358|325|351|375|344,Av. la Montaña/Fliessendes Engineering Hydraulic,20.82279083,-100.4445212,13.954024943310655,,0,True,76.77069160997732
4354,63.0,352.0,C64,43,11,4354|2622|4355|2623|4356|2624|5091|4315|2625|3577|5107|2519|3578|2216|2217|2218|2219|2032|2023|2024|2856|1439|1438|2537|1920|1921|4241|2310|2311|2312|2313|3283|5197|4143|3284|4256|2338|2339|3294|2340|3295|2341|3025,352|333|396|322|376|386|98|90|325|324|344,Qro 431/Europark Ii,20.558057091507,-100.26750477026,7.351785714285714,,0,True,70.35178571428571
3769,63.56666666666668,276.0,L120,40,7,3769|3770|3771|3772|3924|2718|2719|2720|2721|2722|2723|2724|2725|2726|4117|2727|2728|2729|4264|4265|2730|2731|2732|2733|2734|2735|2606|2288|2080|2859|2860|2220|2337|2338|2339|3294|2340|3295|2341|3025,276|255|358|325|351|375|344,Camino A Loma del Chino,20.846496188529,-100.47773943143,0.0,,0,False,63.56666666666668
4300,63.6,418.0,C74,49,10,4300|4301|4302|4303|4304|4305|4306|4082|5176|4083|4084|4127|4423|4315|2625|3577|5107|2519|3578|2216|2217|2218|2219|2032|2023|2024|2856|1439|1438|2537|1920|1921|4241|2310|2311|2312|2313|3283|5197|4143|3284|4256|2338|2339|3294|2340|3295|2341|3025,418|396|322|376|386|98|90|325|324|344,Qro 400/Nicolás de San Luis Montañez,20.393951284489,-100.26892862834,0.0,,0,False,63.6
3994,63.78333333333334,413.0,L162,39,8,3994|3693|2770|3924|2718|2719|2720|2721|2722|2723|2724|2725|2726|4117|2727|2728|2729|4264|4265|2730|2731|2732|2733|2734|2735|2606|2288|2080|2859|2860|2220|2337|2338|2339|3294|2340|3295|2341|3025,413|276|255|358|325|351|375|344,Carr. Montenegro/Carr. 500,20.799523086366,-100.41165860727,0.0,,0,False,63.78333333333334
3869,63.866666666666674,382.0,T14,44,6,3869|3870|3871|3872|3807|3873|3874|3875|3808|3809|3810|3811|3812|4404|3813|5104|1475|1476|1472|1471|1470|1469|1439|1438|2537|1920|1921|4241|2310|2311|2312|2313|3283|5197|4143|3284|4256|2338|2339|3294|2340|3295|2341|3025,382|352|90|325|324|344,Carr. Federal No. 57/Carr. No. 240,20.523220934277,-100.17117978023,10.835317460317457,,0,True,74.70198412698413
4299,63.983333333333334,418.0,C74,50,10,4299|4300|4301|4302|4303|4304|4305|4306|4082|5176|4083|4084|4127|4423|4315|2625|3577|5107|2519|3578|2216|2217|2218|2219|2032|2023|2024|2856|1439|1438|2537|1920|1921|4241|2310|2311|2312|2313|3283|5197|4143|3284|4256|2338|2339|3294|2340|3295|2341|3025,418|396|322|376|386|98|90|325|324|344,Qro 400/Calle Coahuila,20.391260807886,-100.26796536869,0.0,,0,False,63.983333333333334
3768,64.13333333333334,276.0,L120,41,7,3768|3769|3770|3771|3772|3924|2718|2719|2720|2721|2722|2723|2724|2725|2726|4117|2727|2728|2729|4264|4265|2730|2731|2732|2733|2734|2735|2606|2288|2080|2859|2860|2220|2337|2338|2339|3294|2340|3295|2341|3025,276|255|358|325|351|375|344,Loma del Chino,20.849103583321,-100.47589033938,0.0,,0,False,64.13333333333334
5269,64.18333333333334,273.0,L119,53,11,5269|5270|5271|5272|5273|5274|5275|5276|5277|5278|5279|5280|5281|5282|5283|5284|3934|3330|3225|3208|3209|3210|3539|2723|2724|2725|2726|4117|2727|2728|2729|4264|4265|2730|2731|2732|2733|2734|2735|2606|2288|2080|2859|2860|2220|2337|2338|2339|3294|2340|3295|2341|3025,273|275|316|257|355|255|358|325|351|375|344,Carr. Buenavista/Ixtlahuaca,20.803464275165,-100.5017577007,0.0,,0,False,64.18333333333334
4298,64.53333333333333,418.0,C74,51,10,4298|4299|4300|4301|4302|4303|4304|4305|4306|4082|5176|4083|4084|4127|4423|4315|2625|3577|5107|2519|3578|2216|2217|2218|2219|2032|2023|2024|2856|1439|1438|2537|1920|1921|4241|2310|2311|2312|2313|3283|5197|4143|3284|4256|2338|2339|3294|2340|3295|2341|3025,418|396|322|376|386|98|90|325|324|344,Qro 400/ Calle Estado de México,20.387332576063,-100.26643479371,0.0,,0,False,64.53333333333333
4353,64.68333333333334,333.0,C42,44,11,4353|4354|2622|4355|2623|4356|2624|5091|4315|2625|3577|5107|2519|3578|2216|2217|2218|2219|2032|2023|2024|2856|1439|1438|2537|1920|1921|4241|2310|2311|2312|2313|3283|5197|4143|3284|4256|2338|2339|3294|2340|3295|2341|3025,333|352|396|322|376|386|98|90|325|324|344,Qro 431/Av. Las Misiones,20.562829595871,-100.26785846671,2.5233333333333334,,0,True,67.20666666666668
5268,64.81666666666668,273.0,L119,54,11,5268|5269|5270|5271|5272|5273|5274|5275|5276|5277|5278|5279|5280|5281|5282|5283|5284|3934|3330|3225|3208|3209|3210|3539|2723|2724|2725|2726|4117|2727|2728|2729|4264|4265|2730|2731|2732|2733|2734|2735|2606|2288|2080|2859|2860|2220|2337|2338|2339|3294|2340|3295|2341|3025,273|275|316|257|355|255|358|325|351|375|344,Carr. Buenavista/Tezozomoc,20.805909977931,-100.5019012353,0.0,,0,False,64.81666666666668
4059,64.83333333333333,352.0,C64,44,11,4059|4354|2622|4355|2623|4356|2624|5091|4315|2625|3577|5107|2519|3578|2216|2217|2218|2219|2032|2023|2024|2856|1439|1438|2537|1920|1921|4241|2310|2311|2312|2313|3283|5197|4143|3284|4256|2338|2339|3294|2340|3295|2341|3025,352|333|396|322|376|386|98|90|325|324|344,Av. de Las Misiones/Misión de Bucareli,20.56075965,-100.2768058,7.351785714285714,,0,True,72.18511904761904
4188,64.9,413.0,L162,40,8,4188|3994|3693|2770|3924|2718|2719|2720|2721|2722|2723|2724|2725|2726|4117|2727|2728|2729|4264|4265|2730|2731|2732|2733|2734|2735|2606|2288|2080|2859|2860|2220|2337|2338|2339|3294|2340|3295|2341|3025,413|276|255|358|325|351|375|344,Carr. Montenegro/Pinto,20.795052186568,-100.41451502788,0.0,,0,False,64.9
4297,65.13333333333333,418.0,C74,52,10,4297|4298|4299|4300|4301|4302|4303|4304|4305|4306|4082|5176|4083|4084|4127|4423|4315|2625|3577|5107|2519|3578|2216|2217|2218|2219|2032|2023|2024|2856|1439|1438|2537|1920|1921|4241|2310|2311|2312|2313|3283|5197|4143|3284|4256|2338|2339|3294|2340|3295|2341|3025,418|396|322|376|386|98|90|325|324|344,Qro 400/Calle Miguel Hidalgo,20.383074609506,-100.264922002,0.0,,0,False,65.13333333333333
5267,65.41666666666667,273.0,L119,55,11,5267|5268|5269|5270|5271|5272|5273|5274|5275|5276|5277|5278|5279|5280|5281|5282|5283|5284|3934|3330|3225|3208|3209|3210|3539|2723|2724|2725|2726|4117|2727|2728|2729|4264|4265|2730|2731|2732|2733|2734|2735|2606|2288|2080|2859|2860|2220|2337|2338|2339|3294|2340|3295|2341|3025,273|275|316|257|355|255|358|325|351|375|344,Carr. Buenavista/Xocoyotzin,20.808226480789,-100.50187540811,0.0,,0,False,65.41666666666667
5266,65.75,273.0,L119,56,11,5266|5267|5268|5269|5270|5271|5272|5273|5274|5275|5276|5277|5278|5279|5280|5281|5282|5283|5284|3934|3330|3225|3208|3209|3210|3539|2723|2724|2725|2726|4117|2727|2728|2729|4264|4265|2730|2731|2732|2733|2734|2735|2606|2288|2080|2859|2860|2220|2337|2338|2339|3294|2340|3295|2341|3025,273|275|316|257|355|255|358|325|351|375|344,Carr. Buenavista,20.809431986624,-100.50234373514,0.0,,0,False,65.75
4296,65.77499999999999,418.0,C74,53,10,4296|4297|4298|4299|4300|4301|4302|4303|4304|4305|4306|4082|5176|4083|4084|4127|4423|4315|2625|3577|5107|2519|3578|2216|2217|2218|2219|2032|2023|2024|2856|1439|1438|2537|1920|1921|4241|2310|2311|2312|2313|3283|5197|4143|3284|4256|2338|2339|3294|2340|3295|2341|3025,418|396|322|376|386|98|90|325|324|344,Qro 400/Calle Nayarit,20.378394255406,-100.26362990294,0.0,,0,False,65.77499999999999
4058,65.81666666666666,352.0,C64,45,11,4058|4059|4354|2622|4355|2623|4356|2624|5091|4315|2625|3577|5107|2519|3578|2216|2217|2218|2219|2032|2023|2024|2856|1439|1438|2537|1920|1921|4241|2310|2311|2312|2313|3283|5197|4143|3284|4256|2338|2339|3294|2340|3295|2341|3025,352|333|396|322|376|386|98|90|325|324|344,Av. del Marqués/Av. Las Misiones,20.562247,-100.281778,7.351785714285714,,0,True,73.16845238095237
5112,65.91666666666667,277.0,L121,40,8,5112|3770|3771|3772|3924|2718|2719|2720|2721|2722|2723|2724|2725|2726|4117|2727|2728|2729|4264|4265|2730|2731|2732|2733|2734|2735|2606|2288|2080|2859|2860|2220|2337|2338|2339|3294|2340|3295|2341|3025,277|276|255|358|325|351|375|344,la Monja,20.84026277127,-100.49746893583,0.0,,0,False,65.91666666666667
4441,66.03333333333335,276.0,L120,42,7,4441|3768|3769|3770|3771|3772|3924|2718|2719|2720|2721|2722|2723|2724|2725|2726|4117|2727|2728|2729|4264|4265|2730|2731|2732|2733|2734|2735|2606|2288|2080|2859|2860|2220|2337|2338|2339|3294|2340|3295|2341|3025,276|255|358|325|351|375|344,Estancia de El Zapote,20.859780771339,-100.4759808117,0.0,,0,False,66.03333333333335
4295,66.19999999999999,418.0,C74,54,10,4295|4296|4297|4298|4299|4300|4301|4302|4303|4304|4305|4306|4082|5176|4083|4084|4127|4423|4315|2625|3577|5107|2519|3578|2216|2217|2218|2219|2032|2023|2024|2856|1439|1438|2537|1920|1921|4241|2310|2311|2312|2313|3283|5197|4143|3284|4256|2338|2339|3294|2340|3295|2341|3025,418|396|322|376|386|98|90|325|324|344,Calle Reforma Oriente,20.377641233702,-100.26691330963,0.0,,0,False,66.19999999999999
3868,66.46666666666667,382.0,T14,45,6,3868|3869|3870|3871|3872|3807|3873|3874|3875|3808|3809|3810|3811|3812|4404|3813|5104|1475|1476|1472|1471|1470|1469|1439|1438|2537|1920|1921|4241|2310|2311|2312|2313|3283|5197|4143|3284|4256|2338|2339|3294|2340|3295|2341|3025,382|352|90|325|324|344,Carr. Federal No. 57/Parque Industrial Cantera,20.515781873356,-100.16123591345,10.835317460317457,,0,True,77.30198412698412
5265,66.5,273.0,L119,57,11,5265|5266|5267|5268|5269|5270|5271|5272|5273|5274|5275|5276|5277|5278|5279|5280|5281|5282|5283|5284|3934|3330|3225|3208|3209|3210|3539|2723|2724|2725|2726|4117|2727|2728|2729|4264|4265|2730|2731|2732|2733|2734|2735|2606|2288|2080|2859|2860|2220|2337|2338|2339|3294|2340|3295|2341|3025,273|275|316|257|355|255|358|325|351|375|344,Carr. Buenavista/Calle Colima,20.812258427869,-100.50169987048,0.0,,0,False,66.5
2710,66.61666666666666,255.0,T11,46,9,2710|2711|2712|2713|2714|2715|2716|2717|3693|2770|3924|2718|2719|2720|2721|2722|2723|2724|2725|2726|4117|2727|2728|2729|4264|4265|2730|2731|2732|2733|2734|2735|2606|2288|2080|2859|2860|2220|2337|2338|2339|3294|2340|3295|2341|3025,255|316|413|276|358|325|351|375|344,Paseo de la República/Carr. Querétaro,20.805362307359,-100.44860924479,13.954024943310655,,0,True,80.57069160997732
4294,66.65833333333332,418.0,C74,55,10,4294|4295|4296|4297|4298|4299|4300|4301|4302|4303|4304|4305|4306|4082|5176|4083|4084|4127|4423|4315|2625|3577|5107|2519|3578|2216|2217|2218|2219|2032|2023|2024|2856|1439|1438|2537|1920|1921|4241|2310|2311|2312|2313|3283|5197|4143|3284|4256|2338|2339|3294|2340|3295|2341|3025,418|396|322|376|386|98|90|325|324|344,Calle Reforma Oriente/Centro de Salud Huimilpan,20.376237149554,-100.27024937756,0.0,,0,False,66.65833333333332
4057,66.85,352.0,C64,46,11,4057|4058|4059|4354|2622|4355|2623|4356|2624|5091|4315|2625|3577|5107|2519|3578|2216|2217|2218|2219|2032|2023|2024|2856|1439|1438|2537|1920|1921|4241|2310|2311|2312|2313|3283|5197|4143|3284|4256|2338|2339|3294|2340|3295|2341|3025,352|333|396|322|376|386|98|90|325|324|344,Av. del Marqués/Misión de Bucareli,20.56317299,-100.2764158,7.351785714285714,,0,True,74.2017857142857
3767,66.93333333333335,276.0,L120,43,7,3767|4441|3768|3769|3770|3771|3772|3924|2718|2719|2720|2721|2722|2723|2724|2725|2726|4117|2727|2728|2729|4264|4265|2730|2731|2732|2733|2734|2735|2606|2288|2080|2859|2860|2220|2337|2338|2339|3294|2340|3295|2341|3025,276|255|358|325|351|375|344,Estancia de Palo Dulce,20.863654732697,-100.47934586872,0.0,,0,False,66.93333333333335
4352,67.08333333333334,333.0,C42,45,11,4352|4353|4354|2622|4355|2623|4356|2624|5091|4315|2625|3577|5107|2519|3578|2216|2217|2218|2219|2032|2023|2024|2856|1439|1438|2537|1920|1921|4241|2310|2311|2312|2313|3283|5197|4143|3284|4256|2338|2339|3294|2340|3295|2341|3025,333|352|396|322|376|386|98|90|325|324|344,Qro 431/Av. del Marqués,20.568429843312,-100.26368658224,2.5233333333333334,,0,True,69.60666666666668
5264,67.21666666666667,273.0,L119,58,11,5264|5265|5266|5267|5268|5269|5270|5271|5272|5273|5274|5275|5276|5277|5278|5279|5280|5281|5282|5283|5284|3934|3330|3225|3208|3209|3210|3539|2723|2724|2725|2726|4117|2727|2728|2729|4264|4265|2730|2731|2732|2733|2734|2735|2606|2288|2080|2859|2860|2220|2337|2338|2339|3294|2340|3295|2341|3025,273|275|316|257|355|255|358|325|351|375|344,Carr. Buenavista,20.814835041046,-100.50063143265,0.0,,0,False,67.21666666666667
5263,67.53333333333333,273.0,L119,59,11,5263|5264|5265|5266|5267|5268|5269|5270|5271|5272|5273|5274|5275|5276|5277|5278|5279|5280|5281|5282|5283|5284|3934|3330|3225|3208|3209|3210|3539|2723|2724|2725|2726|4117|2727|2728|2729|4264|4265|2730|2731|2732|2733|2734|2735|2606|2288|2080|2859|2860|2220|2337|2338|2339|3294|2340|3295|2341|3025,273|275|316|257|355|255|358|325|351|375|344,Carr. Buenavista/Primaria Adolfo López Mateos,20.815384355121,-100.49945260841,0.0,,0,False,67.53333333333333
2709,67.61666666666666,255.0,T11,47,9,2709|2710|2711|2712|2713|2714|2715|2716|2717|3693|2770|3924|2718|2719|2720|2721|2722|2723|2724|2725|2726|4117|2727|2728|2729|4264|4265|2730|2731|2732|2733|2734|2735|2606|2288|2080|2859|2860|2220|2337|2338|2339|3294|2340|3295|2341|3025,255|316|413|276|358|325|351|375|344,Paseo de la República/Dhemec,20.80072568,-100.4483779,13.954024943310655,,0,True,81.57069160997732
5262,68.01666666666667,273.0,L119,60,11,5262|5263|5264|5265|5266|5267|5268|5269|5270|5271|5272|5273|5274|5275|5276|5277|5278|5279|5280|5281|5282|5283|5284|3934|3330|3225|3208|3209|3210|3539|2723|2724|2725|2726|4117|2727|2728|2729|4264|4265|2730|2731|2732|2733|2734|2735|2606|2288|2080|2859|2860|2220|2337|2338|2339|3294|2340|3295|2341|3025,273|275|316|257|355|255|358|325|351|375|344,Carr. Buenavista,20.815478995839,-100.49745447672,0.0,,0,False,68.01666666666667
4056,68.13333333333333,352.0,C64,47,11,4056|4057|4058|4059|4354|2622|4355|2623|4356|2624|5091|4315|2625|3577|5107|2519|3578|2216|2217|2218|2219|2032|2023|2024|2856|1439|1438|2537|1920|1921|4241|2310|2311|2312|2313|3283|5197|4143|3284|4256|2338|2339|3294|2340|3295|2341|3025,352|333|396|322|376|386|98|90|325|324|344,Av. la Cañada/Av. Acueducto,20.56740071,-100.2713663,7.351785714285714,,0,True,75.48511904761904
3867,68.7,382.0,T14,46,6,3867|3868|3869|3870|3871|3872|3807|3873|3874|3875|3808|3809|3810|3811|3812|4404|3813|5104|1475|1476|1472|1471|1470|1469|1439|1438|2537|1920|1921|4241|2310|2311|2312|2313|3283|5197|4143|3284|4256|2338|2339|3294|2340|3295|2341|3025,382|352|90|325|324|344,Av. Panamericana/Blvd. Bicentenario,20.508703041904,-100.15333894277,10.835317460317457,,0,True,79.53531746031746
4440,68.80000000000001,276.0,L120,44,7,4440|3767|4441|3768|3769|3770|3771|3772|3924|2718|2719|2720|2721|2722|2723|2724|2725|2726|4117|2727|2728|2729|4264|4265|2730|2731|2732|2733|2734|2735|2606|2288|2080|2859|2860|2220|2337|2338|2339|3294|2340|3295|2341|3025,276|255|358|325|351|375|344,Estancia de El Zapote,20.859946615185,-100.47590427593,0.0,,0,False,68.80000000000001
3806,69.23333333333333,382.0,T14,47,6,3806|3867|3868|3869|3870|3871|3872|3807|3873|3874|3875|3808|3809|3810|3811|3812|4404|3813|5104|1475|1476|1472|1471|1470|1469|1439|1438|2537|1920|1921|4241|2310|2311|2312|2313|3283|5197|4143|3284|4256|2338|2339|3294|2340|3295|2341|3025,382|352|90|325|324|344,Av. Panamericana/Francisco Javier Mina,20.507097617781,-100.15137191669,10.835317460317457,,0,True,80.06865079365079
3521,69.40833333333333,128.0,L100,35,8,3521|3522|3604|1370|2190|3301|1300|1301|1302|1761|1303|1304|1305|1306|1432|1433|1434|3297|4241|2310|2311|2312|2313|3283|5197|4143|3284|4256|2338|2339|3294|2340|3295|2341|3025,128|94|255|90|97|325|324|344,Libramiento Norponiente/Viñedos,20.60609934,-100.4922505,25.417559523809526,,0,True,94.82589285714286
4055,69.55,352.0,C64,48,11,4055|4056|4057|4058|4059|4354|2622|4355|2623|4356|2624|5091|4315|2625|3577|5107|2519|3578|2216|2217|2218|2219|2032|2023|2024|2856|1439|1438|2537|1920|1921|4241|2310|2311|2312|2313|3283|5197|4143|3284|4256|2338|2339|3294|2340|3295|2341|3025,352|333|396|322|376|386|98|90|325|324|344,Av. la Cañada/H&J Evamex,20.56717537,-100.2788857,7.351785714285714,,0,True,76.90178571428571
4351,69.68333333333334,333.0,C42,46,11,4351|4352|4353|4354|2622|4355|2623|4356|2624|5091|4315|2625|3577|5107|2519|3578|2216|2217|2218|2219|2032|2023|2024|2856|1439|1438|2537|1920|1921|4241|2310|2311|2312|2313|3283|5197|4143|3284|4256|2338|2339|3294|2340|3295|2341|3025,333|352|396|322|376|386|98|90|325|324|344,Qro 210/Qro 431,20.574124915591,-100.2586412019,2.5233333333333334,,0,True,72.20666666666668
4409,69.71666666666665,316.0,C71,38,10,4409|3934|3330|3225|3208|3209|3210|3539|2723|2724|2725|2726|4117|2727|2728|2729|4264|4265|2730|2731|2732|2733|2734|2735|2606|2288|2080|2859|2860|2220|2337|2338|2339|3294|2340|3295|2341|3025,316|275|257|355|255|358|325|351|375|344,Cumbres del Lago/Libramiento Norponiente,20.705557731114,-100.47740015959,28.520476190476188,,0,True,98.23714285714284
3805,69.81666666666666,382.0,T14,48,6,3805|3806|3867|3868|3869|3870|3871|3872|3807|3873|3874|3875|3808|3809|3810|3811|3812|4404|3813|5104|1475|1476|1472|1471|1470|1469|1439|1438|2537|1920|1921|4241|2310|2311|2312|2313|3283|5197|4143|3284|4256|2338|2339|3294|2340|3295|2341|3025,382|352|90|325|324|344,Av. Panamericana/Independencia,20.505417,-100.149228,10.835317460317457,,0,True,80.65198412698412
3766,70.26666666666668,276.0,L120,44,7,3766|3767|4441|3768|3769|3770|3771|3772|3924|2718|2719|2720|2721|2722|2723|2724|2725|2726|4117|2727|2728|2729|4264|4265|2730|2731|2732|2733|2734|2735|2606|2288|2080|2859|2860|2220|2337|2338|2339|3294|2340|3295|2341|3025,276|255|358|325|351|375|344,Preescolcar Comunitario El Carrusel,20.866231301582,-100.4594669909,0.0,,0,False,70.26666666666668
4054,70.39999999999999,352.0,C64,49,11,4054|4055|4056|4057|4058|4059|4354|2622|4355|2623|4356|2624|5091|4315|2625|3577|5107|2519|3578|2216|2217|2218|2219|2032|2023|2024|2856|1439|1438|2537|1920|1921|4241|2310|2311|2312|2313|3283|5197|4143|3284|4256|2338|2339|3294|2340|3295|2341|3025,352|333|396|322|376|386|98|90|325|324|344,Av. la Cañada/Av. Santa Rosa de Viterbo,20.56613277,-100.2832247,7.351785714285714,,0,True,77.7517857142857
2708,70.51666666666667,255.0,T11,48,9,2708|2709|2710|2711|2712|2713|2714|2715|2716|2717|3693|2770|3924|2718|2719|2720|2721|2722|2723|2724|2725|2726|4117|2727|2728|2729|4264|4265|2730|2731|2732|2733|2734|2735|2606|2288|2080|2859|2860|2220|2337|2338|2339|3294|2340|3295|2341|3025,255|316|413|276|358|325|351|375|344,Paseo de la República/Constitución,20.78732513,-100.4510757,13.954024943310655,,0,True,84.47069160997732
3804,70.51666666666667,382.0,T14,49,6,3804|3805|3806|3867|3868|3869|3870|3871|3872|3807|3873|3874|3875|3808|3809|3810|3811|3812|4404|3813|5104|1475|1476|1472|1471|1470|1469|1439|1438|2537|1920|1921|4241|2310|2311|2312|2313|3283|5197|4143|3284|4256|2338|2339|3294|2340|3295|2341|3025,382|352|90|325|324|344,Av. Panamericana/Plaza Principal Alvaro Tejeida,20.503368415112,-100.14662246067,10.835317460317457,,0,True,81.35198412698412
3765,70.86666666666667,276.0,L120,45,7,3765|3766|3767|4441|3768|3769|3770|3771|3772|3924|2718|2719|2720|2721|2722|2723|2724|2725|2726|4117|2727|2728|2729|4264|4265|2730|2731|2732|2733|2734|2735|2606|2288|2080|2859|2860|2220|2337|2338|2339|3294|2340|3295|2341|3025,276|255|358|325|351|375|344,Camino A la Luz/Presa de Becerra,20.863814474156,-100.45700251402,0.0,,0,False,70.86666666666667
2621,70.9,333.0,C42,47,11,2621|4351|4352|4353|4354|2622|4355|2623|4356|2624|5091|4315|2625|3577|5107|2519|3578|2216|2217|2218|2219|2032|2023|2024|2856|1439|1438|2537|1920|1921|4241|2310|2311|2312|2313|3283|5197|4143|3284|4256|2338|2339|3294|2340|3295|2341|3025,333|352|396|322|376|386|98|90|325|324|344,Carr. Estatal 210/Calle Arroyo Seco,20.57706908,-100.2567248,2.5233333333333334,,0,True,73.42333333333335
4053,70.91666666666666,352.0,C64,50,11,4053|4054|4055|4056|4057|4058|4059|4354|2622|4355|2623|4356|2624|5091|4315|2625|3577|5107|2519|3578|2216|2217|2218|2219|2032|2023|2024|2856|1439|1438|2537|1920|1921|4241|2310|2311|2312|2313|3283|5197|4143|3284|4256|2338|2339|3294|2340|3295|2341|3025,352|333|396|322|376|386|98|90|325|324|344,Av. Santa Rosa de Viterbo/Erreka,20.56399842,-100.2846565,7.351785714285714,,0,True,78.26845238095237
3803,70.96666666666667,382.0,T14,50,6,3803|3804|3805|3806|3867|3868|3869|3870|3871|3872|3807|3873|3874|3875|3808|3809|3810|3811|3812|4404|3813|5104|1475|1476|1472|1471|1470|1469|1439|1438|2537|1920|1921|4241|2310|2311|2312|2313|3283|5197|4143|3284|4256|2338|2339|3294|2340|3295|2341|3025,382|352|90|325|324|344,Av. Panamericana/Blvd. Reforma,20.502058892985,-100.14492055663,10.835317460317457,,0,True,81.80198412698412
4368,71.33333333333331,422.0,L165,39,11,4368|4409|3934|3330|3225|3208|3209|3210|3539|2723|2724|2725|2726|4117|2727|2728|2729|4264|4265|2730|2731|2732|2733|2734|2735|2606|2288|2080|2859|2860|2220|2337|2338|2339|3294|2340|3295|2341|3025,422|316|275|257|355|255|358|325|351|375|344,Lago Patzcuaro/Lago Zumpango,20.705482596872,-100.47376863068,0.0,,0,False,71.33333333333331
4052,71.36666666666666,352.0,C64,51,11,4052|4053|4054|4055|4056|4057|4058|4059|4354|2622|4355|2623|4356|2624|5091|4315|2625|3577|5107|2519|3578|2216|2217|2218|2219|2032|2023|2024|2856|1439|1438|2537|1920|1921|4241|2310|2311|2312|2313|3283|5197|4143|3284|4256|2338|2339|3294|2340|3295|2341|3025,352|333|396|322|376|386|98|90|325|324|344,Av. C.P. Rafael Sesma Huerta/Nexteer,20.56511745,-100.2867129,7.351785714285714,,0,True,78.71845238095237
3802,71.55,382.0,T14,51,6,3802|3803|3804|3805|3806|3867|3868|3869|3870|3871|3872|3807|3873|3874|3875|3808|3809|3810|3811|3812|4404|3813|5104|1475|1476|1472|1471|1470|1469|1439|1438|2537|1920|1921|4241|2310|2311|2312|2313|3283|5197|4143|3284|4256|2338|2339|3294|2340|3295|2341|3025,382|352|90|325|324|344,Av. Panamericana/Caja Bienestar,20.500376290043,-100.14276301058,10.835317460317457,,0,True,82.38531746031745
4350,71.75,333.0,C42,48,11,4350|2621|4351|4352|4353|4354|2622|4355|2623|4356|2624|5091|4315|2625|3577|5107|2519|3578|2216|2217|2218|2219|2032|2023|2024|2856|1439|1438|2537|1920|1921|4241|2310|2311|2312|2313|3283|5197|4143|3284|4256|2338|2339|3294|2340|3295|2341|3025,333|352|396|322|376|386|98|90|325|324|344,Qro 210/San Joaquín,20.579143478873,-100.2554589826,2.5233333333333334,,0,True,74.27333333333334
3801,71.96666666666667,382.0,T14,52,6,3801|3802|3803|3804|3805|3806|3867|3868|3869|3870|3871|3872|3807|3873|3874|3875|3808|3809|3810|3811|3812|4404|3813|5104|1475|1476|1472|1471|1470|1469|1439|1438|2537|1920|1921|4241|2310|2311|2312|2313|3283|5197|4143|3284|4256|2338|2339|3294|2340|3295|2341|3025,382|352|90|325|324|344,de la Eta/Los Pinos,20.498821016034,-100.14394444276,10.835317460317457,,0,True,82.80198412698412
4051,72.01666666666667,352.0,C64,52,11,4051|4052|4053|4054|4055|4056|4057|4058|4059|4354|2622|4355|2623|4356|2624|5091|4315|2625|3577|5107|2519|3578|2216|2217|2218|2219|2032|2023|2024|2856|1439|1438|2537|1920|1921|4241|2310|2311|2312|2313|3283|5197|4143|3284|4256|2338|2339|3294|2340|3295|2341|3025,352|333|396|322|376|386|98|90|325|324|344,Av. C.P. Rafael Sesma Huerta/Printpack,20.56831194,-100.287179,7.351785714285714,,0,True,79.36845238095238
4050,72.25,352.0,C64,53,11,4050|4051|4052|4053|4054|4055|4056|4057|4058|4059|4354|2622|4355|2623|4356|2624|5091|4315|2625|3577|5107|2519|3578|2216|2217|2218|2219|2032|2023|2024|2856|1439|1438|2537|1920|1921|4241|2310|2311|2312|2313|3283|5197|4143|3284|4256|2338|2339|3294|2340|3295|2341|3025,352|333|396|322|376|386|98|90|325|324|344,Av. de Las Fuentes/Av. C.P. Rafael Sesma Huerta,20.56937755,-100.2867747,7.351785714285714,,0,True,79.60178571428571
3800,72.28333333333333,382.0,T14,53,6,3800|3801|3802|3803|3804|3805|3806|3867|3868|3869|3870|3871|3872|3807|3873|3874|3875|3808|3809|3810|3811|3812|4404|3813|5104|1475|1476|1472|1471|1470|1469|1439|1438|2537|1920|1921|4241|2310|2311|2312|2313|3283|5197|4143|3284|4256|2338|2339|3294|2340|3295|2341|3025,382|352|90|325|324|344,14 de Febrero/De la Eta,20.499674793392,-100.14517351276,10.835317460317457,,0,True,83.11865079365079
3758,72.35000000000001,276.0,L120,45,7,3758|4440|3767|4441|3768|3769|3770|3771|3772|3924|2718|2719|2720|2721|2722|2723|2724|2725|2726|4117|2727|2728|2729|4264|4265|2730|2731|2732|2733|2734|2735|2606|2288|2080|2859|2860|2220|2337|2338|2339|3294|2340|3295|2341|3025,276|255|358|325|351|375|344,Loma del Chino,20.850633842845,-100.4749697108,0.0,,0,False,72.35000000000001
2707,72.45,255.0,T11,49,9,2707|2708|2709|2710|2711|2712|2713|2714|2715|2716|2717|3693|2770|3924|2718|2719|2720|2721|2722|2723|2724|2725|2726|4117|2727|2728|2729|4264|4265|2730|2731|2732|2733|2734|2735|2606|2288|2080|2859|2860|2220|2337|2338|2339|3294|2340|3295|2341|3025,255|316|413|276|358|325|351|375|344,Paseo de la República/Santa Isabel,20.77828507,-100.451157,13.954024943310655,,0,True,86.40402494331066
3921,72.46666666666667,386.0,AIQ01,43,6,3921|3922|3923|3807|3873|3874|3875|3808|3809|3810|3811|3812|4404|3813|5104|1475|1476|1472|1471|1470|1469|1439|1438|2537|1920|1921|4241|2310|2311|2312|2313|3283|5197|4143|3284|4256|2338|2339|3294|2340|3295|2341|3025,386|352|90|325|324|344,Carr. Tequisquiapan/Secundaria José Ma. Luis Mora,20.614366885116,-100.15944468993,7.0632653061224495,,0,True,79.52993197278911
4349,72.55,333.0,C42,49,11,4349|4350|2621|4351|4352|4353|4354|2622|4355|2623|4356|2624|5091|4315|2625|3577|5107|2519|3578|2216|2217|2218|2219|2032|2023|2024|2856|1439|1438|2537|1920|1921|4241|2310|2311|2312|2313|3283|5197|4143|3284|4256|2338|2339|3294|2340|3295|2341|3025,333|352|396|322|376|386|98|90|325|324|344,Qro 210/Av. Guadalupe,20.581004630931,-100.25408881172,2.5233333333333334,,0,True,75.07333333333332
3799,72.7,382.0,T14,54,6,3799|3800|3801|3802|3803|3804|3805|3806|3867|3868|3869|3870|3871|3872|3807|3873|3874|3875|3808|3809|3810|3811|3812|4404|3813|5104|1475|1476|1472|1471|1470|1469|1439|1438|2537|1920|1921|4241|2310|2311|2312|2313|3283|5197|4143|3284|4256|2338|2339|3294|2340|3295|2341|3025,382|352|90|325|324|344,14 de Febrero/Cedros,20.497929485568,-100.14587353281,10.835317460317457,,0,True,83.53531746031746
4367,72.93333333333331,422.0,L165,40,11,4367|4368|4409|3934|3330|3225|3208|3209|3210|3539|2723|2724|2725|2726|4117|2727|2728|2729|4264|4265|2730|2731|2732|2733|2734|2735|2606|2288|2080|2859|2860|2220|2337|2338|2339|3294|2340|3295|2341|3025,422|316|275|257|355|255|358|325|351|375|344,Lago Patzcuaro/ Lago Zumpango,20.705874851652,-100.47019599873,0.0,,0,False,72.93333333333331
3757,73.00000000000001,276.0,L120,46,7,3757|3758|4440|3767|4441|3768|3769|3770|3771|3772|3924|2718|2719|2720|2721|2722|2723|2724|2725|2726|4117|2727|2728|2729|4264|4265|2730|2731|2732|2733|2734|2735|2606|2288|2080|2859|2860|2220|2337|2338|2339|3294|2340|3295|2341|3025,276|255|358|325|351|375|344,Loma del Chino,20.849131000614,-100.47576416058,0.0,,0,False,73.00000000000001
4049,73.1,352.0,C64,54,11,4049|4050|4051|4052|4053|4054|4055|4056|4057|4058|4059|4354|2622|4355|2623|4356|2624|5091|4315|2625|3577|5107|2519|3578|2216|2217|2218|2219|2032|2023|2024|2856|1439|1438|2537|1920|1921|4241|2310|2311|2312|2313|3283|5197|4143|3284|4256|2338|2339|3294|2340|3295|2341|3025,352|333|396|322|376|386|98|90|325|324|344,Av. de Las Fuentes/Av. Los Arcos,20.56987014,-100.2822897,7.351785714285714,,0,True,80.4517857142857
4348,73.13333333333333,333.0,C42,50,11,4348|4349|4350|2621|4351|4352|4353|4354|2622|4355|2623|4356|2624|5091|4315|2625|3577|5107|2519|3578|2216|2217|2218|2219|2032|2023|2024|2856|1439|1438|2537|1920|1921|4241|2310|2311|2312|2313|3283|5197|4143|3284|4256|2338|2339|3294|2340|3295|2341|3025,333|352|396|322|376|386|98|90|325|324|344,Colinas del Lago,20.582210504562,-100.25286355375,2.5233333333333334,,0,True,75.65666666666667
3798,73.55,382.0,T14,55,6,3798|3799|3800|3801|3802|3803|3804|3805|3806|3867|3868|3869|3870|3871|3872|3807|3873|3874|3875|3808|3809|3810|3811|3812|4404|3813|5104|1475|1476|1472|1471|1470|1469|1439|1438|2537|1920|1921|4241|2310|2311|2312|2313|3283|5197|4143|3284|4256|2338|2339|3294|2340|3295|2341|3025,382|352|90|325|324|344,Libramiento Sur/Unidad Médica Familiar No. 5,20.494168769288,-100.14483506601,10.835317460317457,,0,True,84.38531746031745
4347,73.78333333333333,333.0,C42,51,11,4347|4348|4349|4350|2621|4351|4352|4353|4354|2622|4355|2623|4356|2624|5091|4315|2625|3577|5107|2519|3578|2216|2217|2218|2219|2032|2023|2024|2856|1439|1438|2537|1920|1921|4241|2310|2311|2312|2313|3283|5197|4143|3284|4256|2338|2339|3294|2340|3295|2341|3025,333|352|396|322|376|386|98|90|325|324|344,Qro 210/Calle Dolores,20.580530814421,-100.25422972642,2.5233333333333334,,0,True,76.30666666666667
4366,73.81666666666665,422.0,L165,41,11,4366|4367|4368|4409|3934|3330|3225|3208|3209|3210|3539|2723|2724|2725|2726|4117|2727|2728|2729|4264|4265|2730|2731|2732|2733|2734|2735|2606|2288|2080|2859|2860|2220|2337|2338|2339|3294|2340|3295|2341|3025,422|316|275|257|355|255|358|325|351|375|344,Lago Patzcuaro/Lago Pom,20.704311639311,-100.46910800793,0.0,,0,False,73.81666666666665
3797,73.96666666666667,382.0,T14,56,6,3797|3798|3799|3800|3801|3802|3803|3804|3805|3806|3867|3868|3869|3870|3871|3872|3807|3873|3874|3875|3808|3809|3810|3811|3812|4404|3813|5104|1475|1476|1472|1471|1470|1469|1439|1438|2537|1920|1921|4241|2310|2311|2312|2313|3283|5197|4143|3284|4256|2338|2339|3294|2340|3295|2341|3025,382|352|90|325|324|344,Libramiento Sur/Camino A Lira,20.494949817509,-100.14666599062,10.835317460317457,,0,True,84.80198412698412
3764,74.00000000000001,276.0,L120,46,7,3764|3765|3766|3767|4441|3768|3769|3770|3771|3772|3924|2718|2719|2720|2721|2722|2723|2724|2725|2726|4117|2727|2728|2729|4264|4265|2730|2731|2732|2733|2734|2735|2606|2288|2080|2859|2860|2220|2337|2338|2339|3294|2340|3295|2341|3025,276|255|358|325|351|375|344,Kinder la Luz/La Luz,20.868674656581,-100.43885719252,0.0,,0,False,74.00000000000001
5261,74.1,273.0,L119,61,11,5261|5262|5263|5264|5265|5266|5267|5268|5269|5270|5271|5272|5273|5274|5275|5276|5277|5278|5279|5280|5281|5282|5283|5284|3934|3330|3225|3208|3209|3210|3539|2723|2724|2725|2726|4117|2727|2728|2729|4264|4265|2730|2731|2732|2733|2734|2735|2606|2288|2080|2859|2860|2220|2337|2338|2339|3294|2340|3295|2341|3025,273|275|316|257|355|255|358|325|351|375|344,C. Calle Gral. J. Na. Arteaga/Camino Real,20.823786430429,-100.47359764401,0.0,,0,False,74.1
3946,74.13333333333334,255.0,T11,50,9,3946|2707|2708|2709|2710|2711|2712|2713|2714|2715|2716|2717|3693|2770|3924|2718|2719|2720|2721|2722|2723|2724|2725|2726|4117|2727|2728|2729|4264|4265|2730|2731|2732|2733|2734|2735|2606|2288|2080|2859|2860|2220|2337|2338|2339|3294|2340|3295|2341|3025,255|316|413|276|358|325|351|375|344,Paseo de la República/Fracc. Montenegro,20.770688473146,-100.44879908144,13.954024943310655,,0,True,88.087358276644
3756,74.31666666666668,276.0,L120,47,7,3756|3757|3758|4440|3767|4441|3768|3769|3770|3771|3772|3924|2718|2719|2720|2721|2722|2723|2724|2725|2726|4117|2727|2728|2729|4264|4265|2730|2731|2732|2733|2734|2735|2606|2288|2080|2859|2860|2220|2337|2338|2339|3294|2340|3295|2341|3025,276|255|358|325|351|375|344,Camino A Loma del Chino,20.846268260243,-100.47780152885,0.0,,0,False,74.31666666666668
4044,74.36666666666667,276.0,L120,47,7,4044|3764|3765|3766|3767|4441|3768|3769|3770|3771|3772|3924|2718|2719|2720|2721|2722|2723|2724|2725|2726|4117|2727|2728|2729|4264|4265|2730|2731|2732|2733|2734|2735|2606|2288|2080|2859|2860|2220|2337|2338|2339|3294|2340|3295|2341|3025,276|255|358|325|351|375|344,Campo de Futbol la Luz,20.869952920934,-100.44051571905,0.0,,0,False,74.36666666666667
4346,74.46666666666667,333.0,C42,52,11,4346|4347|4348|4349|4350|2621|4351|4352|4353|4354|2622|4355|2623|4356|2624|5091|4315|2625|3577|5107|2519|3578|2216|2217|2218|2219|2032|2023|2024|2856|1439|1438|2537|1920|1921|4241|2310|2311|2312|2313|3283|5197|4143|3284|4256|2338|2339|3294|2340|3295|2341|3025,333|352|396|322|376|386|98|90|325|324|344,Qro 210/Calle Amealco,20.578665373283,-100.25548445245,2.5233333333333334,,0,True,76.99000000000001
3905,74.63333333333334,382.0,T14,57,6,3905|3797|3798|3799|3800|3801|3802|3803|3804|3805|3806|3867|3868|3869|3870|3871|3872|3807|3873|3874|3875|3808|3809|3810|3811|3812|4404|3813|5104|1475|1476|1472|1471|1470|1469|1439|1438|2537|1920|1921|4241|2310|2311|2312|2313|3283|5197|4143|3284|4256|2338|2339|3294|2340|3295|2341|3025,382|352|90|325|324|344,Camino A la Lira/Cecyteq 89,20.492010965416,-100.14747390494,10.835317460317457,,0,True,85.4686507936508
5260,74.68333333333332,273.0,L119,62,11,5260|5261|5262|5263|5264|5265|5266|5267|5268|5269|5270|5271|5272|5273|5274|5275|5276|5277|5278|5279|5280|5281|5282|5283|5284|3934|3330|3225|3208|3209|3210|3539|2723|2724|2725|2726|4117|2727|2728|2729|4264|4265|2730|2731|2732|2733|2734|2735|2606|2288|2080|2859|2860|2220|2337|2338|2339|3294|2340|3295|2341|3025,273|275|316|257|355|255|358|325|351|375|344,C. Calle Gral. J. Na. Arteaga/Ignacio Allende,20.823726134998,-100.47116933938,0.0,,0,False,74.68333333333332
2706,74.96666666666667,255.0,T11,51,9,2706|3946|2707|2708|2709|2710|2711|2712|2713|2714|2715|2716|2717|3693|2770|3924|2718|2719|2720|2721|2722|2723|2724|2725|2726|4117|2727|2728|2729|4264|4265|2730|2731|2732|2733|2734|2735|2606|2288|2080|2859|2860|2220|2337|2338|2339|3294|2340|3295|2341|3025,255|316|413|276|358|325|351|375|344,Paseo de la República/Calle de Los Arcos,20.76735,-100.4467496,13.954024943310655,,0,True,88.92069160997733
5259,75.08333333333333,273.0,L119,63,11,5259|5260|5261|5262|5263|5264|5265|5266|5267|5268|5269|5270|5271|5272|5273|5274|5275|5276|5277|5278|5279|5280|5281|5282|5283|5284|3934|3330|3225|3208|3209|3210|3539|2723|2724|2725|2726|4117|2727|2728|2729|4264|4265|2730|2731|2732|2733|2734|2735|2606|2288|2080|2859|2860|2220|2337|2338|2339|3294|2340|3295|2341|3025,273|275|316|257|355|255|358|325|351|375|344,Independencia/C. Calle Gral. J. Na. Arteaga,20.823986729995,-100.46958635592,0.0,,0,False,75.08333333333333
3904,75.15,382.0,T14,58,6,3904|3905|3797|3798|3799|3800|3801|3802|3803|3804|3805|3806|3867|3868|3869|3870|3871|3872|3807|3873|3874|3875|3808|3809|3810|3811|3812|4404|3813|5104|1475|1476|1472|1471|1470|1469|1439|1438|2537|1920|1921|4241|2310|2311|2312|2313|3283|5197|4143|3284|4256|2338|2339|3294|2340|3295|2341|3025,382|352|90|325|324|344,Camino A la Lira/La Avenida San Pedro,20.489733943108,-100.14811578477,10.835317460317457,,0,True,85.98531746031746
4365,75.31666666666665,422.0,L165,42,11,4365|4366|4367|4368|4409|3934|3330|3225|3208|3209|3210|3539|2723|2724|2725|2726|4117|2727|2728|2729|4264|4265|2730|2731|2732|2733|2734|2735|2606|2288|2080|2859|2860|2220|2337|2338|2339|3294|2340|3295|2341|3025,422|316|275|257|355|255|358|325|351|375|344,Lago de Chapala/Lago Pom,20.701654368476,-100.46725236807,0.0,,0,False,75.31666666666665
3536,75.50833333333333,128.0,L100,36,8,3536|3521|3522|3604|1370|2190|3301|1300|1301|1302|1761|1303|1304|1305|1306|1432|1433|1434|3297|4241|2310|2311|2312|2313|3283|5197|4143|3284|4256|2338|2339|3294|2340|3295|2341|3025,128|94|255|90|97|325|324|344,Libramiento Norponiente/Huertas la Joya,20.61830028,-100.4952944,25.417559523809526,,0,True,100.92589285714286
5258,75.55,273.0,L119,64,11,5258|5259|5260|5261|5262|5263|5264|5265|5266|5267|5268|5269|5270|5271|5272|5273|5274|5275|5276|5277|5278|5279|5280|5281|5282|5283|5284|3934|3330|3225|3208|3209|3210|3539|2723|2724|2725|2726|4117|2727|2728|2729|4264|4265|2730|2731|2732|2733|2734|2735|2606|2288|2080|2859|2860|2220|2337|2338|2339|3294|2340|3295|2341|3025,273|275|316|257|355|255|358|325|351|375|344,Independencia/Francisco I. Madero,20.825737162334,-100.46996698968,0.0,,0,False,75.55
2620,75.56666666666666,333.0,C42,53,11,2620|4346|4347|4348|4349|4350|2621|4351|4352|4353|4354|2622|4355|2623|4356|2624|5091|4315|2625|3577|5107|2519|3578|2216|2217|2218|2219|2032|2023|2024|2856|1439|1438|2537|1920|1921|4241|2310|2311|2312|2313|3283|5197|4143|3284|4256|2338|2339|3294|2340|3295|2341|3025,333|352|396|322|376|386|98|90|325|324|344,Carr. Estatal 210/Ruta 122,20.57558511,-100.2574327,2.5233333333333334,,0,True,78.09
3796,75.68333333333334,382.0,T14,56,6,3796|3798|3799|3800|3801|3802|3803|3804|3805|3806|3867|3868|3869|3870|3871|3872|3807|3873|3874|3875|3808|3809|3810|3811|3812|4404|3813|5104|1475|1476|1472|1471|1470|1469|1439|1438|2537|1920|1921|4241|2310|2311|2312|2313|3283|5197|4143|3284|4256|2338|2339|3294|2340|3295|2341|3025,382|352|90|325|324|344,14 de Febrero/Fresno,20.497780687665,-100.14606192017,10.835317460317457,,0,True,86.51865079365079
3920,76.03333333333333,386.0,AIQ01,44,6,3920|3921|3922|3923|3807|3873|3874|3875|3808|3809|3810|3811|3812|4404|3813|5104|1475|1476|1472|1471|1470|1469|1439|1438|2537|1920|1921|4241|2310|2311|2312|2313|3283|5197|4143|3284|4256|2338|2339|3294|2340|3295|2341|3025,386|352|90|325|324|344,Carr. Tequisquiapan/Parque Aeroespacial de Querétaro,20.620998716268,-100.17195287152,7.0632653061224495,,0,True,83.09659863945578
4364,76.28333333333332,422.0,L165,43,11,4364|4365|4366|4367|4368|4409|3934|3330|3225|3208|3209|3210|3539|2723|2724|2725|2726|4117|2727|2728|2729|4264|4265|2730|2731|2732|2733|2734|2735|2606|2288|2080|2859|2860|2220|2337|2338|2339|3294|2340|3295|2341|3025,422|316|275|257|355|255|358|325|351|375|344,Lago de Chapala/Lago de Chacamax,20.702987501744,-100.46561300601,0.0,,0,False,76.28333333333332
3785,76.46666666666665,352.0,C64,55,11,3785|4049|4050|4051|4052|4053|4054|4055|4056|4057|4058|4059|4354|2622|4355|2623|4356|2624|5091|4315|2625|3577|5107|2519|3578|2216|2217|2218|2219|2032|2023|2024|2856|1439|1438|2537|1920|1921|4241|2310|2311|2312|2313|3283|5197|4143|3284|4256|2338|2339|3294|2340|3295|2341|3025,352|333|396|322|376|386|98|90|325|324|344,Carr. México/Querétaro/Parque Industrial la Noria,20.56927518,-100.3001694,7.351785714285714,,0,True,83.81845238095237
3903,76.76666666666667,382.0,T14,59,6,3903|3904|3905|3797|3798|3799|3800|3801|3802|3803|3804|3805|3806|3867|3868|3869|3870|3871|3872|3807|3873|3874|3875|3808|3809|3810|3811|3812|4404|3813|5104|1475|1476|1472|1471|1470|1469|1439|1438|2537|1920|1921|4241|2310|2311|2312|2313|3283|5197|4143|3284|4256|2338|2339|3294|2340|3295|2341|3025,382|352|90|325|324|344,Camino A la Lira/La Roma,20.482560212694,-100.15002172416,10.835317460317457,,0,True,87.60198412698412
3795,77.0,382.0,T14,57,6,3795|3796|3798|3799|3800|3801|3802|3803|3804|3805|3806|3867|3868|3869|3870|3871|3872|3807|3873|3874|3875|3808|3809|3810|3811|3812|4404|3813|5104|1475|1476|1472|1471|1470|1469|1439|1438|2537|1920|1921|4241|2310|2311|2312|2313|3283|5197|4143|3284|4256|2338|2339|3294|2340|3295|2341|3025,382|352|90|325|324|344,14 de Febrero/De la Eta,20.499913376358,-100.1450371096,10.835317460317457,,0,True,87.83531746031746
2750,77.57499999999999,128.0,L100,37,8,2750|3536|3521|3522|3604|1370|2190|3301|1300|1301|1302|1761|1303|1304|1305|1306|1432|1433|1434|3297|4241|2310|2311|2312|2313|3283|5197|4143|3284|4256|2338|2339|3294|2340|3295|2341|3025,128|94|255|90|97|325|324|344,Av. de la Luz/Tres Cantos Residencial,20.622469,-100.494638,25.417559523809526,,0,True,102.99255952380952
4394,77.71666666666665,422.0,L165,44,11,4394|4364|4365|4366|4367|4368|4409|3934|3330|3225|3208|3209|3210|3539|2723|2724|2725|2726|4117|2727|2728|2729|4264|4265|2730|2731|2732|2733|2734|2735|2606|2288|2080|2859|2860|2220|2337|2338|2339|3294|2340|3295|2341|3025,422|316|275|257|355|255|358|325|351|375|344,Cto. Balcones/Lago de Chapala,20.704044267882,-100.46259416898,0.0,,0,False,77.71666666666665
3755,77.81666666666668,276.0,L120,48,7,3755|3756|3757|3758|4440|3767|4441|3768|3769|3770|3771|3772|3924|2718|2719|2720|2721|2722|2723|2724|2725|2726|4117|2727|2728|2729|4264|4265|2730|2731|2732|2733|2734|2735|2606|2288|2080|2859|2860|2220|2337|2338|2339|3294|2340|3295|2341|3025,276|255|358|325|351|375|344,Polígono Empresarial Buenavista,20.83707617815,-100.47747768639,0.0,,0,False,77.81666666666668
5300,77.86666666666666,352.0,C64,56,11,5300|3785|4049|4050|4051|4052|4053|4054|4055|4056|4057|4058|4059|4354|2622|4355|2623|4356|2624|5091|4315|2625|3577|5107|2519|3578|2216|2217|2218|2219|2032|2023|2024|2856|1439|1438|2537|1920|1921|4241|2310|2311|2312|2313|3283|5197|4143|3284|4256|2338|2339|3294|2340|3295|2341|3025,352|333|396|322|376|386|98|90|325|324|344,Carr. Federal No. 57/Acceso Euro Business Park,20.5692806,-100.30755555556,7.351785714285714,,0,True,85.21845238095237
3794,77.88333333333334,382.0,T14,58,6,3794|3795|3796|3798|3799|3800|3801|3802|3803|3804|3805|3806|3867|3868|3869|3870|3871|3872|3807|3873|3874|3875|3808|3809|3810|3811|3812|4404|3813|5104|1475|1476|1472|1471|1470|1469|1439|1438|2537|1920|1921|4241|2310|2311|2312|2313|3283|5197|4143|3284|4256|2338|2339|3294|2340|3295|2341|3025,382|352|90|325|324|344,Prol. Cuauhtémoc/Jardín Reforma,20.501430851274,-100.14539037569,10.835317460317457,,0,True,88.7186507936508
4455,78.75,382.0,T14,60,6,4455|3903|3904|3905|3797|3798|3799|3800|3801|3802|3803|3804|3805|3806|3867|3868|3869|3870|3871|3872|3807|3873|3874|3875|3808|3809|3810|3811|3812|4404|3813|5104|1475|1476|1472|1471|1470|1469|1439|1438|2537|1920|1921|4241|2310|2311|2312|2313|3283|5197|4143|3284|4256|2338|2339|3294|2340|3295|2341|3025,382|352|90|325|324|344,Camino A la Lira/Calle Juan Aldama,20.473785656511,-100.1525065801,10.835317460317457,,0,True,89.58531746031746
4345,78.76666666666667,333.0,C42,54,11,4345|2620|4346|4347|4348|4349|4350|2621|4351|4352|4353|4354|2622|4355|2623|4356|2624|5091|4315|2625|3577|5107|2519|3578|2216|2217|2218|2219|2032|2023|2024|2856|1439|1438|2537|1920|1921|4241|2310|2311|2312|2313|3283|5197|4143|3284|4256|2338|2339|3294|2340|3295|2341|3025,333|352|396|322|376|386|98|90|325|324|344,Qro 431/Av. del Marqués,20.567551664922,-100.26455009081,2.5233333333333334,,0,True,81.28999999999999
3919,78.93333333333334,386.0,AIQ01,45,6,3919|3920|3921|3922|3923|3807|3873|3874|3875|3808|3809|3810|3811|3812|4404|3813|5104|1475|1476|1472|1471|1470|1469|1439|1438|2537|1920|1921|4241|2310|2311|2312|2313|3283|5197|4143|3284|4256|2338|2339|3294|2340|3295|2341|3025,386|352|90|325|324|344,Carr. Tequisquiapan/Aeropuerto Internacional de Querétaro,20.625917309225,-100.18237988869,7.0632653061224495,,0,True,85.99659863945578
3793,79.16666666666667,382.0,T14,59,6,3793|3794|3795|3796|3798|3799|3800|3801|3802|3803|3804|3805|3806|3867|3868|3869|3870|3871|3872|3807|3873|3874|3875|3808|3809|3810|3811|3812|4404|3813|5104|1475|1476|1472|1471|1470|1469|1439|1438|2537|1920|1921|4241|2310|2311|2312|2313|3283|5197|4143|3284|4256|2338|2339|3294|2340|3295|2341|3025,382|352|90|325|324|344,Prol. Cuauhtémoc/Niños Héroes,20.502886205808,-100.14727584885,10.835317460317457,,0,True,90.00198412698413
4362,79.38333333333333,422.0,L165,45,11,4362|4394|4364|4365|4366|4367|4368|4409|3934|3330|3225|3208|3209|3210|3539|2723|2724|2725|2726|4117|2727|2728|2729|4264|4265|2730|2731|2732|2733|2734|2735|2606|2288|2080|2859|2860|2220|2337|2338|2339|3294|2340|3295|2341|3025,422|316|275|257|355|255|358|325|351|375|344,la Solana/Hacienda la Griega,20.702824501228,-100.4590936042,0.0,,0,False,79.38333333333333
3754,79.95000000000002,276.0,L120,49,7,3754|3755|3756|3757|3758|4440|3767|4441|3768|3769|3770|3771|3772|3924|2718|2719|2720|2721|2722|2723|2724|2725|2726|4117|2727|2728|2729|4264|4265|2730|2731|2732|2733|2734|2735|2606|2288|2080|2859|2860|2220|2337|2338|2339|3294|2340|3295|2341|3025,276|255|358|325|351|375|344,International Constructions Coreans Sa de Cv,20.831521805781,-100.47666136793,0.0,,0,False,79.95000000000002
3902,80.08333333333333,382.0,T14,61,6,3902|4455|3903|3904|3905|3797|3798|3799|3800|3801|3802|3803|3804|3805|3806|3867|3868|3869|3870|3871|3872|3807|3873|3874|3875|3808|3809|3810|3811|3812|4404|3813|5104|1475|1476|1472|1471|1470|1469|1439|1438|2537|1920|1921|4241|2310|2311|2312|2313|3283|5197|4143|3284|4256|2338|2339|3294|2340|3295|2341|3025,382|352|90|325|324|344,Camino A la Lira/La Lira,20.472246585441,-100.15875237812,10.835317460317457,,0,True,90.91865079365078
3918,80.2,386.0,AIQ01,46,6,3918|3919|3920|3921|3922|3923|3807|3873|3874|3875|3808|3809|3810|3811|3812|4404|3813|5104|1475|1476|1472|1471|1470|1469|1439|1438|2537|1920|1921|4241|2310|2311|2312|2313|3283|5197|4143|3284|4256|2338|2339|3294|2340|3295|2341|3025,386|352|90|325|324|344,Aeropuerto Internacional de Querétaro,20.623240656894,-100.18656804313,7.0632653061224495,,0,True,87.26326530612245
2749,80.27499999999999,128.0,L100,38,8,2749|2750|3536|3521|3522|3604|1370|2190|3301|1300|1301|1302|1761|1303|1304|1305|1306|1432|1433|1434|3297|4241|2310|2311|2312|2313|3283|5197|4143|3284|4256|2338|2339|3294|2340|3295|2341|3025,128|94|255|90|97|325|324|344,Av. de la Luz/Traffik Marketing,20.62581685,-100.489948,25.417559523809526,,0,True,105.69255952380952
3792,80.30000000000001,382.0,T14,60,6,3792|3793|3794|3795|3796|3798|3799|3800|3801|3802|3803|3804|3805|3806|3867|3868|3869|3870|3871|3872|3807|3873|3874|3875|3808|3809|3810|3811|3812|4404|3813|5104|1475|1476|1472|1471|1470|1469|1439|1438|2537|1920|1921|4241|2310|2311|2312|2313|3283|5197|4143|3284|4256|2338|2339|3294|2340|3295|2341|3025,382|352|90|325|324|344,Prol. Cuauhtémoc/De la Eta,20.5041845936,-100.14890757661,10.835317460317457,,0,True,91.13531746031747
3864,80.35,386.0,AIQ01,57,11,3864|5300|3785|4049|4050|4051|4052|4053|4054|4055|4056|4057|4058|4059|4354|2622|4355|2623|4356|2624|5091|4315|2625|3577|5107|2519|3578|2216|2217|2218|2219|2032|2023|2024|2856|1439|1438|2537|1920|1921|4241|2310|2311|2312|2313|3283|5197|4143|3284|4256|2338|2339|3294|2340|3295|2341|3025,386|352|333|396|322|376|98|90|325|324|344,Carr. Federal No. 57/Distrito Federal,20.571232111896,-100.31850479656,7.0632653061224495,,0,True,87.41326530612244
3901,80.55,382.0,T14,62,6,3901|3902|4455|3903|3904|3905|3797|3798|3799|3800|3801|3802|3803|3804|3805|3806|3867|3868|3869|3870|3871|3872|3807|3873|3874|3875|3808|3809|3810|3811|3812|4404|3813|5104|1475|1476|1472|1471|1470|1469|1439|1438|2537|1920|1921|4241|2310|2311|2312|2313|3283|5197|4143|3284|4256|2338|2339|3294|2340|3295|2341|3025,382|352|90|325|324|344,Niños Héroes/Calle Nicolas Bravo,20.472869688642,-100.16086513946,10.835317460317457,,0,True,91.38531746031745
5123,80.55000000000001,276.0,L120,50,7,5123|3754|3755|3756|3757|3758|4440|3767|4441|3768|3769|3770|3771|3772|3924|2718|2719|2720|2721|2722|2723|2724|2725|2726|4117|2727|2728|2729|4264|4265|2730|2731|2732|2733|2734|2735|2606|2288|2080|2859|2860|2220|2337|2338|2339|3294|2340|3295|2341|3025,276|255|358|325|351|375|344,Salida A Querétaro/Camino Loma del Chino,20.830027319824,-100.47616140135,0.0,,0,False,80.55000000000001
4344,80.58333333333333,333.0,C42,55,11,4344|4345|2620|4346|4347|4348|4349|4350|2621|4351|4352|4353|4354|2622|4355|2623|4356|2624|5091|4315|2625|3577|5107|2519|3578|2216|2217|2218|2219|2032|2023|2024|2856|1439|1438|2537|1920|1921|4241|2310|2311|2312|2313|3283|5197|4143|3284|4256|2338|2339|3294|2340|3295|2341|3025,333|352|396|322|376|386|98|90|325|324|344,Qro 431/Av. Las Misiones,20.562376201775,-100.26754492723,2.5233333333333334,,0,True,83.10666666666665
4361,80.63333333333333,422.0,L165,46,11,4361|4362|4394|4364|4365|4366|4367|4368|4409|3934|3330|3225|3208|3209|3210|3539|2723|2724|2725|2726|4117|2727|2728|2729|4264|4265|2730|2731|2732|2733|2734|2735|2606|2288|2080|2859|2860|2220|2337|2338|2339|3294|2340|3295|2341|3025,422|316|275|257|355|255|358|325|351|375|344,la Solana/Av. San Isidro,20.703892357661,-100.45652654091,0.0,,0,False,80.63333333333333
5299,80.81666666666666,352.0,C64,57,11,5299|5300|3785|4049|4050|4051|4052|4053|4054|4055|4056|4057|4058|4059|4354|2622|4355|2623|4356|2624|5091|4315|2625|3577|5107|2519|3578|2216|2217|2218|2219|2032|2023|2024|2856|1439|1438|2537|1920|1921|4241|2310|2311|2312|2313|3283|5197|4143|3284|4256|2338|2339|3294|2340|3295|2341|3025,352|333|396|322|376|386|98|90|325|324|344,Segunda Sección de Conín/Calle Chimapopoca,20.573202576449,-100.32264038901,7.351785714285714,,0,True,88.16845238095237
4454,80.83333333333333,382.0,T14,63,6,4454|3901|3902|4455|3903|3904|3905|3797|3798|3799|3800|3801|3802|3803|3804|3805|3806|3867|3868|3869|3870|3871|3872|3807|3873|3874|3875|3808|3809|3810|3811|3812|4404|3813|5104|1475|1476|1472|1471|1470|1469|1439|1438|2537|1920|1921|4241|2310|2311|2312|2313|3283|5197|4143|3284|4256|2338|2339|3294|2340|3295|2341|3025,382|352|90|325|324|344,Niños Héroes/Av. 16 de Septiembre,20.473079335457,-100.16216674347,10.835317460317457,,0,True,91.66865079365078
3791,80.91666666666667,382.0,T14,61,6,3791|3792|3793|3794|3795|3796|3798|3799|3800|3801|3802|3803|3804|3805|3806|3867|3868|3869|3870|3871|3872|3807|3873|3874|3875|3808|3809|3810|3811|3812|4404|3813|5104|1475|1476|1472|1471|1470|1469|1439|1438|2537|1920|1921|4241|2310|2311|2312|2313|3283|5197|4143|3284|4256|2338|2339|3294|2340|3295|2341|3025,382|352|90|325|324|344,Av. Panamericana/Independencia,20.505218465839,-100.14927522213,10.835317460317457,,0,True,91.75198412698413
5298,81.16666666666666,352.0,C64,58,11,5298|5299|5300|3785|4049|4050|4051|4052|4053|4054|4055|4056|4057|4058|4059|4354|2622|4355|2623|4356|2624|5091|4315|2625|3577|5107|2519|3578|2216|2217|2218|2219|2032|2023|2024|2856|1439|1438|2537|1920|1921|4241|2310|2311|2312|2313|3283|5197|4143|3284|4256|2338|2339|3294|2340|3295|2341|3025,352|333|396|322|376|386|98|90|325|324|344,Segunda Sección de Conín/Conín,20.573790274557,-100.32432436987,7.351785714285714,,0,True,88.51845238095237
4453,81.26666666666667,382.0,T14,64,6,4453|4454|3901|3902|4455|3903|3904|3905|3797|3798|3799|3800|3801|3802|3803|3804|3805|3806|3867|3868|3869|3870|3871|3872|3807|3873|3874|3875|3808|3809|3810|3811|3812|4404|3813|5104|1475|1476|1472|1471|1470|1469|1439|1438|2537|1920|1921|4241|2310|2311|2312|2313|3283|5197|4143|3284|4256|2338|2339|3294|2340|3295|2341|3025,382|352|90|325|324|344,Calle Josefa Ortiz de Domínguez/Camino A la Lira,20.473554313597,-100.1641943779,10.835317460317457,,0,True,92.10198412698412
3917,81.3,386.0,AIQ01,47,6,3917|3918|3919|3920|3921|3922|3923|3807|3873|3874|3875|3808|3809|3810|3811|3812|4404|3813|5104|1475|1476|1472|1471|1470|1469|1439|1438|2537|1920|1921|4241|2310|2311|2312|2313|3283|5197|4143|3284|4256|2338|2339|3294|2340|3295|2341|3025,386|352|90|325|324|344,Carr. Tequisquiapan/Unaq,20.627799203469,-100.18624367821,7.0632653061224495,,0,True,88.36326530612244
3916,81.41666666666666,386.0,AIQ01,48,6,3916|3917|3918|3919|3920|3921|3922|3923|3807|3873|3874|3875|3808|3809|3810|3811|3812|4404|3813|5104|1475|1476|1472|1471|1470|1469|1439|1438|2537|1920|1921|4241|2310|2311|2312|2313|3283|5197|4143|3284|4256|2338|2339|3294|2340|3295|2341|3025,386|352|90|325|324|344,Carr. Tequisquiapan/Unaq,20.628213961087,-100.18647573985,7.0632653061224495,,0,True,88.4799319727891
3784,81.44999999999999,386.0,AIQ01,58,11,3784|3864|5300|3785|4049|4050|4051|4052|4053|4054|4055|4056|4057|4058|4059|4354|2622|4355|2623|4356|2624|5091|4315|2625|3577|5107|2519|3578|2216|2217|2218|2219|2032|2023|2024|2856|1439|1438|2537|1920|1921|4241|2310|2311|2312|2313|3283|5197|4143|3284|4256|2338|2339|3294|2340|3295|2341|3025,386|352|333|396|322|376|98|90|325|324|344,Carr. Federal No. 57/Calle Jalisco,20.572487009731,-100.32322314589,7.0632653061224495,,0,True,88.51326530612243
4452,81.75,382.0,T14,65,6,4452|4453|4454|3901|3902|4455|3903|3904|3905|3797|3798|3799|3800|3801|3802|3803|3804|3805|3806|3867|3868|3869|3870|3871|3872|3807|3873|3874|3875|3808|3809|3810|3811|3812|4404|3813|5104|1475|1476|1472|1471|1470|1469|1439|1438|2537|1920|1921|4241|2310|2311|2312|2313|3283|5197|4143|3284|4256|2338|2339|3294|2340|3295|2341|3025,382|352|90|325|324|344,Calle Josefa Ortiz de Domínguez/Calle Mariano Matamoros,20.475706570641,-100.16406300927,10.835317460317457,,0,True,92.58531746031746
3753,81.93333333333335,277.0,L121,51,8,3753|5123|3754|3755|3756|3757|3758|4440|3767|4441|3768|3769|3770|3771|3772|3924|2718|2719|2720|2721|2722|2723|2724|2725|2726|4117|2727|2728|2729|4264|4265|2730|2731|2732|2733|2734|2735|2606|2288|2080|2859|2860|2220|2337|2338|2339|3294|2340|3295|2341|3025,277|276|255|358|325|351|375|344,la Estancia,20.828458488266,-100.47222100023,0.0,,0,False,81.93333333333335
5213,81.99999999999999,386.0,AIQ01,59,11,5213|3784|3864|5300|3785|4049|4050|4051|4052|4053|4054|4055|4056|4057|4058|4059|4354|2622|4355|2623|4356|2624|5091|4315|2625|3577|5107|2519|3578|2216|2217|2218|2219|2032|2023|2024|2856|1439|1438|2537|1920|1921|4241|2310|2311|2312|2313|3283|5197|4143|3284|4256|2338|2339|3294|2340|3295|2341|3025,386|352|333|396|322|376|98|90|325|324|344,Av. Estado de México/Av. Aguascalientes,20.572985586319,-100.32556757659,7.0632653061224495,,0,True,89.06326530612243
3576,82.26666666666667,333.0,C42,56,11,3576|4344|4345|2620|4346|4347|4348|4349|4350|2621|4351|4352|4353|4354|2622|4355|2623|4356|2624|5091|4315|2625|3577|5107|2519|3578|2216|2217|2218|2219|2032|2023|2024|2856|1439|1438|2537|1920|1921|4241|2310|2311|2312|2313|3283|5197|4143|3284|4256|2338|2339|3294|2340|3295|2341|3025,333|352|396|322|376|386|98|90|325|324|344,"Carr. 431, Los Cues/Parque Industrial El Marqués",20.55693494,-100.2671467,2.5233333333333334,,0,True,84.78999999999999
4451,82.35,382.0,T14,66,6,4451|4452|4453|4454|3901|3902|4455|3903|3904|3905|3797|3798|3799|3800|3801|3802|3803|3804|3805|3806|3867|3868|3869|3870|3871|3872|3807|3873|3874|3875|3808|3809|3810|3811|3812|4404|3813|5104|1475|1476|1472|1471|1470|1469|1439|1438|2537|1920|1921|4241|2310|2311|2312|2313|3283|5197|4143|3284|4256|2338|2339|3294|2340|3295|2341|3025,382|352|90|325|324|344,Calle Josefa Ortiz de Domínguez/Calle Primera 16 de Septiembre,20.478416605101,-100.16392347098,10.835317460317457,,0,True,93.18531746031745
5297,82.73333333333332,352.0,C64,59,11,5297|5298|5299|5300|3785|4049|4050|4051|4052|4053|4054|4055|4056|4057|4058|4059|4354|2622|4355|2623|4356|2624|5091|4315|2625|3577|5107|2519|3578|2216|2217|2218|2219|2032|2023|2024|2856|1439|1438|2537|1920|1921|4241|2310|2311|2312|2313|3283|5197|4143|3284|4256|2338|2339|3294|2340|3295|2341|3025,352|333|396|322|376|386|98|90|325|324|344,Segunda Sección de Conín/Conín,20.576258694353,-100.33219835167,7.351785714285714,,0,True,90.08511904761903
3863,83.01666666666665,386.0,AIQ01,60,11,3863|5213|3784|3864|5300|3785|4049|4050|4051|4052|4053|4054|4055|4056|4057|4058|4059|4354|2622|4355|2623|4356|2624|5091|4315|2625|3577|5107|2519|3578|2216|2217|2218|2219|2032|2023|2024|2856|1439|1438|2537|1920|1921|4241|2310|2311|2312|2313|3283|5197|4143|3284|4256|2338|2339|3294|2340|3295|2341|3025,386|352|333|396|322|376|98|90|325|324|344,Carr. Federal No. 57/Calle San Ignacio,20.574117424065,-100.32993327557,7.0632653061224495,,0,True,90.0799319727891
2748,83.02499999999999,128.0,L100,39,8,2748|2749|2750|3536|3521|3522|3604|1370|2190|3301|1300|1301|1302|1761|1303|1304|1305|1306|1432|1433|1434|3297|4241|2310|2311|2312|2313|3283|5197|4143|3284|4256|2338|2339|3294|2340|3295|2341|3025,128|94|255|90|97|325|324|344,Av. de la Luz,20.62838453,-100.4845838,25.417559523809526,,0,True,108.44255952380952
3790,83.05000000000001,382.0,T14,62,6,3790|3791|3792|3793|3794|3795|3796|3798|3799|3800|3801|3802|3803|3804|3805|3806|3867|3868|3869|3870|3871|3872|3807|3873|3874|3875|3808|3809|3810|3811|3812|4404|3813|5104|1475|1476|1472|1471|1470|1469|1439|1438|2537|1920|1921|4241|2310|2311|2312|2313|3283|5197|4143|3284|4256|2338|2339|3294|2340|3295|2341|3025,382|352|90|325|324|344,Av. Panamericana/Calle Juan Landeros,20.50764085173,-100.15236830346,10.835317460317457,,0,True,93.88531746031747
3752,83.28333333333335,277.0,L121,52,8,3752|3753|5123|3754|3755|3756|3757|3758|4440|3767|4441|3768|3769|3770|3771|3772|3924|2718|2719|2720|2721|2722|2723|2724|2725|2726|4117|2727|2728|2729|4264|4265|2730|2731|2732|2733|2734|2735|2606|2288|2080|2859|2860|2220|2337|2338|2339|3294|2340|3295|2341|3025,277|276|255|358|325|351|375|344,Buenavista,20.826947728236,-100.46841334028,0.0,,0,False,83.28333333333335
4343,84.1,333.0,C42,57,11,4343|3576|4344|4345|2620|4346|4347|4348|4349|4350|2621|4351|4352|4353|4354|2622|4355|2623|4356|2624|5091|4315|2625|3577|5107|2519|3578|2216|2217|2218|2219|2032|2023|2024|2856|1439|1438|2537|1920|1921|4241|2310|2311|2312|2313|3283|5197|4143|3284|4256|2338|2339|3294|2340|3295|2341|3025,333|352|396|322|376|386|98|90|325|324|344,Qro 431/Qro 420,20.55099571314,-100.2666252524,2.5233333333333334,,0,True,86.62333333333333
3789,84.23333333333335,382.0,T14,63,6,3789|3790|3791|3792|3793|3794|3795|3796|3798|3799|3800|3801|3802|3803|3804|3805|3806|3867|3868|3869|3870|3871|3872|3807|3873|3874|3875|3808|3809|3810|3811|3812|4404|3813|5104|1475|1476|1472|1471|1470|1469|1439|1438|2537|1920|1921|4241|2310|2311|2312|2313|3283|5197|4143|3284|4256|2338|2339|3294|2340|3295|2341|3025,382|352|90|325|324|344,Av. Panamericana/Blvd. Bicentenario,20.508973381187,-100.15409060587,10.835317460317457,,0,True,95.0686507936508
3783,85.13333333333331,386.0,AIQ01,61,11,3783|3863|5213|3784|3864|5300|3785|4049|4050|4051|4052|4053|4054|4055|4056|4057|4058|4059|4354|2622|4355|2623|4356|2624|5091|4315|2625|3577|5107|2519|3578|2216|2217|2218|2219|2032|2023|2024|2856|1439|1438|2537|1920|1921|4241|2310|2311|2312|2313|3283|5197|4143|3284|4256|2338|2339|3294|2340|3295|2341|3025,386|352|333|396|322|376|98|90|325|324|344,San Isidro Miranda/Autopista México/Querétaro,20.576808097512,-100.33901231302,7.0632653061224495,,0,True,92.19659863945576
3915,85.18333333333332,386.0,AIQ01,49,6,3915|3916|3917|3918|3919|3920|3921|3922|3923|3807|3873|3874|3875|3808|3809|3810|3811|3812|4404|3813|5104|1475|1476|1472|1471|1470|1469|1439|1438|2537|1920|1921|4241|2310|2311|2312|2313|3283|5197|4143|3284|4256|2338|2339|3294|2340|3295|2341|3025,386|352|90|325|324|344,Carr. Tequisquiapan/Parque Industrial Aerotech,20.621072777282,-100.17140985085,7.0632653061224495,,0,True,92.24659863945577
2747,85.70833333333333,128.0,L100,40,8,2747|2748|2749|2750|3536|3521|3522|3604|1370|2190|3301|1300|1301|1302|1761|1303|1304|1305|1306|1432|1433|1434|3297|4241|2310|2311|2312|2313|3283|5197|4143|3284|4256|2338|2339|3294|2340|3295|2341|3025,128|94|255|90|97|325|324|344,Av. de la Luz/Calle Bugambilias,20.62796101,-100.4787296,25.417559523809526,,0,True,111.12589285714286
2619,85.75,352.0,C64,58,11,2619|4343|3576|4344|4345|2620|4346|4347|4348|4349|4350|2621|4351|4352|4353|4354|2622|4355|2623|4356|2624|5091|4315|2625|3577|5107|2519|3578|2216|2217|2218|2219|2032|2023|2024|2856|1439|1438|2537|1920|1921|4241|2310|2311|2312|2313|3283|5197|4143|3284|4256|2338|2339|3294|2340|3295|2341|3025,352|333|396|322|376|386|98|90|325|324|344,Universidad Politécnica de Querétaro,20.54591531,-100.2734812,7.351785714285714,,0,True,93.10178571428571
2746,86.54166666666666,245.0,C58,41,9,2746|2747|2748|2749|2750|3536|3521|3522|3604|1370|2190|3301|1300|1301|1302|1761|1303|1304|1305|1306|1432|1433|1434|3297|4241|2310|2311|2312|2313|3283|5197|4143|3284|4256|2338|2339|3294|2340|3295|2341|3025,245|128|94|255|90|97|325|324|344,Av. de la Luz/Ampliación Patría Nueva,20.6288669,-100.4762057,23.286796536796537,,0,True,109.8284632034632
3914,88.26666666666665,386.0,AIQ01,50,6,3914|3915|3916|3917|3918|3919|3920|3921|3922|3923|3807|3873|3874|3875|3808|3809|3810|3811|3812|4404|3813|5104|1475|1476|1472|1471|1470|1469|1439|1438|2537|1920|1921|4241|2310|2311|2312|2313|3283|5197|4143|3284|4256|2338|2339|3294|2340|3295|2341|3025,386|352|90|325|324|344,Carr. Tequisquiapan/Galeras,20.614613591307,-100.15943796652,7.0632653061224495,,0,True,95.3299319727891
2275,88.64999999999999,316.0,C71,39,10,2275|4409|3934|3330|3225|3208|3209|3210|3539|2723|2724|2725|2726|4117|2727|2728|2729|4264|4265|2730|2731|2732|2733|2734|2735|2606|2288|2080|2859|2860|2220|2337|2338|2339|3294|2340|3295|2341|3025,316|275|257|355|255|358|325|351|375|344,Paseo Querétaro/San Miguel Carrillo,20.669931278664,-100.48382166762,28.520476190476188,,0,True,117.17047619047618
3913,88.96666666666665,386.0,AIQ01,51,6,3913|3914|3915|3916|3917|3918|3919|3920|3921|3922|3923|3807|3873|3874|3875|3808|3809|3810|3811|3812|4404|3813|5104|1475|1476|1472|1471|1470|1469|1439|1438|2537|1920|1921|4241|2310|2311|2312|2313|3283|5197|4143|3284|4256|2338|2339|3294|2340|3295|2341|3025,386|352|90|325|324|344,Carr. Colorado/Carr. Tequisquiapan,20.612322459829,-100.15747546651,7.0632653061224495,,0,True,96.0299319727891
3751,88.96666666666668,277.0,L121,53,8,3751|3752|3753|5123|3754|3755|3756|3757|3758|4440|3767|4441|3768|3769|3770|3771|3772|3924|2718|2719|2720|2721|2722|2723|2724|2725|2726|4117|2727|2728|2729|4264|4265|2730|2731|2732|2733|2734|2735|2606|2288|2080|2859|2860|2220|2337|2338|2339|3294|2340|3295|2341|3025,277|276|255|358|325|351|375|344,Salida A Querétaro/San Miguel de Allende,20.820463828161,-100.45226198108,0.0,,0,False,88.96666666666668
4342,89.8,333.0,C42,59,11,4342|2619|4343|3576|4344|4345|2620|4346|4347|4348|4349|4350|2621|4351|4352|4353|4354|2622|4355|2623|4356|2624|5091|4315|2625|3577|5107|2519|3578|2216|2217|2218|2219|2032|2023|2024|2856|1439|1438|2537|1920|1921|4241|2310|2311|2312|2313|3283|5197|4143|3284|4256|2338|2339|3294|2340|3295|2341|3025,333|352|396|322|376|386|98|90|325|324|344,Qro 420/Ciudad Marqués,20.537953399502,-100.28472407411,2.5233333333333334,,0,True,92.32333333333332
3912,89.86666666666666,386.0,AIQ01,52,6,3912|3913|3914|3915|3916|3917|3918|3919|3920|3921|3922|3923|3807|3873|3874|3875|3808|3809|3810|3811|3812|4404|3813|5104|1475|1476|1472|1471|1470|1469|1439|1438|2537|1920|1921|4241|2310|2311|2312|2313|3283|5197|4143|3284|4256|2338|2339|3294|2340|3295|2341|3025,386|352|90|325|324|344,Carr. Colorado/Parque Industrial Kaizen,20.609931902262,-100.1605534641,7.0632653061224495,,0,True,96.9299319727891
2274,90.19999999999999,374.0,T06,40,11,2274|2275|4409|3934|3330|3225|3208|3209|3210|3539|2723|2724|2725|2726|4117|2727|2728|2729|4264|4265|2730|2731|2732|2733|2734|2735|2606|2288|2080|2859|2860|2220|2337|2338|2339|3294|2340|3295|2341|3025,374|316|275|257|355|255|358|325|351|375|344,Paseo Querétaro/Puerta del Encino,20.665283668769,-100.48111405224,20.628968253968253,,0,True,110.82896825396824
4443,90.96666666666665,374.0,T06,41,11,4443|2274|2275|4409|3934|3330|3225|3208|3209|3210|3539|2723|2724|2725|2726|4117|2727|2728|2729|4264|4265|2730|2731|2732|2733|2734|2735|2606|2288|2080|2859|2860|2220|2337|2338|2339|3294|2340|3295|2341|3025,374|316|275|257|355|255|358|325|351|375|344,Paseo Querétaro/Privada del Parque,20.663111167517,-100.47955121805,20.628968253968253,,0,True,111.59563492063491
3782,92.51666666666665,382.0,T14,62,12,3782|3783|3863|5213|3784|3864|5300|3785|4049|4050|4051|4052|4053|4054|4055|4056|4057|4058|4059|4354|2622|4355|2623|4356|2624|5091|4315|2625|3577|5107|2519|3578|2216|2217|2218|2219|2032|2023|2024|2856|1439|1438|2537|1920|1921|4241|2310|2311|2312|2313|3283|5197|4143|3284|4256|2338|2339|3294|2340|3295|2341|3025,382|386|352|333|396|322|376|98|90|325|324|344,Av. Paseo Monte Miranda Oriente/Casa Inn Querétaro,20.586932240048,-100.34797351598,10.835317460317457,,0,True,103.3519841269841
2273,92.76666666666665,374.0,T06,42,11,2273|4443|2274|2275|4409|3934|3330|3225|3208|3209|3210|3539|2723|2724|2725|2726|4117|2727|2728|2729|4264|4265|2730|2731|2732|2733|2734|2735|2606|2288|2080|2859|2860|2220|2337|2338|2339|3294|2340|3295|2341|3025,374|316|275|257|355|255|358|325|351|375|344,Paseo Querétaro/Calle San Samael,20.657876514099,-100.47619621383,20.628968253968253,,0,True,113.3956349206349
2618,97.8,333.0,C42,60,11,2618|4342|2619|4343|3576|4344|4345|2620|4346|4347|4348|4349|4350|2621|4351|4352|4353|4354|2622|4355|2623|4356|2624|5091|4315|2625|3577|5107|2519|3578|2216|2217|2218|2219|2032|2023|2024|2856|1439|1438|2537|1920|1921|4241|2310|2311|2312|2313|3283|5197|4143|3284|4256|2338|2339|3294|2340|3295|2341|3025,333|352|396|322|376|386|98|90|325|324|344,Carr. Estatal 420/San Mateo,20.529209960081,-100.31098813289,2.5233333333333334,,0,True,100.32333333333332
3911,100.63333333333333,386.0,AIQ01,53,6,3911|3912|3913|3914|3915|3916|3917|3918|3919|3920|3921|3922|3923|3807|3873|3874|3875|3808|3809|3810|3811|3812|4404|3813|5104|1475|1476|1472|1471|1470|1469|1439|1438|2537|1920|1921|4241|2310|2311|2312|2313|3283|5197|4143|3284|4256|2338|2339|3294|2340|3295|2341|3025,386|352|90|325|324|344,Carr. Colorado/Cam. Real San Ildefonso,20.580884262849,-100.19769509835,7.0632653061224495,,0,True,107.69659863945577
3910,103.78333333333333,386.0,AIQ01,54,6,3910|3911|3912|3913|3914|3915|3916|3917|3918|3919|3920|3921|3922|3923|3807|3873|3874|3875|3808|3809|3810|3811|3812|4404|3813|5104|1475|1476|1472|1471|1470|1469|1439|1438|2537|1920|1921|4241|2310|2311|2312|2313|3283|5197|4143|3284|4256|2338|2339|3294|2340|3295|2341|3025,386|352|90|325|324|344,Carr. Colorado/Zoológico de Querétaro Wameru,20.572421053905,-100.20859665004,7.0632653061224495,,0,True,110.84659863945578
5090,104.39999999999999,333.0,C42,61,11,5090|2618|4342|2619|4343|3576|4344|4345|2620|4346|4347|4348|4349|4350|2621|4351|4352|4353|4354|2622|4355|2623|4356|2624|5091|4315|2625|3577|5107|2519|3578|2216|2217|2218|2219|2032|2023|2024|2856|1439|1438|2537|1920|1921|4241|2310|2311|2312|2313|3283|5197|4143|3284|4256|2338|2339|3294|2340|3295|2341|3025,333|352|396|322|376|386|98|90|325|324|344,Mallorca Residencial,20.527418651134,-100.33391343434,2.5233333333333334,,0,True,106.92333333333332
3909,106.36666666666666,386.0,AIQ01,55,6,3909|3910|3911|3912|3913|3914|3915|3916|3917|3918|3919|3920|3921|3922|3923|3807|3873|3874|3875|3808|3809|3810|3811|3812|4404|3813|5104|1475|1476|1472|1471|1470|1469|1439|1438|2537|1920|1921|4241|2310|2311|2312|2313|3283|5197|4143|3284|4256|2338|2339|3294|2340|3295|2341|3025,386|352|90|325|324|344,Carr. Colorado/Calle de Los Pinos,20.565450037459,-100.21749066006,7.0632653061224495,,0,True,113.4299319727891
4088,107.23333333333332,333.0,C42,62,11,4088|5090|2618|4342|2619|4343|3576|4344|4345|2620|4346|4347|4348|4349|4350|2621|4351|4352|4353|4354|2622|4355|2623|4356|2624|5091|4315|2625|3577|5107|2519|3578|2216|2217|2218|2219|2032|2023|2024|2856|1439|1438|2537|1920|1921|4241|2310|2311|2312|2313|3283|5197|4143|3284|4256|2338|2339|3294|2340|3295|2341|3025,333|352|396|322|376|386|98|90|325|324|344,Parque Nacional El Cimatario,20.533632372969,-100.34120202107,2.5233333333333334,,0,True,109.75666666666666
3908,107.31666666666666,386.0,AIQ01,56,6,3908|3909|3910|3911|3912|3913|3914|3915|3916|3917|3918|3919|3920|3921|3922|3923|3807|3873|3874|3875|3808|3809|3810|3811|3812|4404|3813|5104|1475|1476|1472|1471|1470|1469|1439|1438|2537|1920|1921|4241|2310|2311|2312|2313|3283|5197|4143|3284|4256|2338|2339|3294|2340|3295|2341|3025,386|352|90|325|324|344,Carr. Colorado/Calle Alcanfores,20.56292037213,-100.22073146742,7.0632653061224495,,0,True,114.37993197278911
2617,110.36666666666666,396.0,T16,63,11,2617|4088|5090|2618|4342|2619|4343|3576|4344|4345|2620|4346|4347|4348|4349|4350|2621|4351|4352|4353|4354|2622|4355|2623|4356|2624|5091|4315|2625|3577|5107|2519|3578|2216|2217|2218|2219|2032|2023|2024|2856|1439|1438|2537|1920|1921|4241|2310|2311|2312|2313|3283|5197|4143|3284|4256|2338|2339|3294|2340|3295|2341|3025,396|333|352|322|376|386|98|90|325|324|344,Cumbres del Cimatario,20.54600453,-100.3502251,12.226587301587305,,0,True,122.59325396825396
3865,111.45,386.0,AIQ01,57,6,3865|3908|3909|3910|3911|3912|3913|3914|3915|3916|3917|3918|3919|3920|3921|3922|3923|3807|3873|3874|3875|3808|3809|3810|3811|3812|4404|3813|5104|1475|1476|1472|1471|1470|1469|1439|1438|2537|1920|1921|4241|2310|2311|2312|2313|3283|5197|4143|3284|4256|2338|2339|3294|2340|3295|2341|3025,386|352|90|325|324|344,Carr. Federal No. 57/The Latit Hotels & Resorts,20.562739251244,-100.23927596986,7.0632653061224495,,0,True,118.51326530612245
3788,112.93333333333334,386.0,AIQ01,58,6,3788|3865|3908|3909|3910|3911|3912|3913|3914|3915|3916|3917|3918|3919|3920|3921|3922|3923|3807|3873|3874|3875|3808|3809|3810|3811|3812|4404|3813|5104|1475|1476|1472|1471|1470|1469|1439|1438|2537|1920|1921|4241|2310|2311|2312|2313|3283|5197|4143|3284|4256|2338|2339|3294|2340|3295|2341|3025,386|352|90|325|324|344,Lateral Carr. Querétaro/México/Calle Ignacio Zaragza,20.56473065,-100.2455379,7.0632653061224495,,0,True,119.99659863945578
3787,114.45,352.0,C64,59,6,3787|3788|3865|3908|3909|3910|3911|3912|3913|3914|3915|3916|3917|3918|3919|3920|3921|3922|3923|3807|3873|3874|3875|3808|3809|3810|3811|3812|4404|3813|5104|1475|1476|1472|1471|1470|1469|1439|1438|2537|1920|1921|4241|2310|2311|2312|2313|3283|5197|4143|3284|4256|2338|2339|3294|2340|3295|2341|3025,352|386|90|325|324|344,Carr. Querétaro/México/Parque Industrial El Marqués,20.56858061,-100.2523748,7.351785714285714,,0,True,121.80178571428571
5301,115.08333333333333,396.0,T16,64,11,5301|2617|4088|5090|2618|4342|2619|4343|3576|4344|4345|2620|4346|4347|4348|4349|4350|2621|4351|4352|4353|4354|2622|4355|2623|4356|2624|5091|4315|2625|3577|5107|2519|3578|2216|2217|2218|2219|2032|2023|2024|2856|1439|1438|2537|1920|1921|4241|2310|2311|2312|2313|3283|5197|4143|3284|4256|2338|2339|3294|2340|3295|2341|3025,396|333|352|322|376|386|98|90|325|324|344,Av. del Parque/Qro 400,20.559110242396,-100.36989682563,12.226587301587305,,0,True,127.30992063492063
4068,115.33333333333334,352.0,C64,60,6,4068|3787|3788|3865|3908|3909|3910|3911|3912|3913|3914|3915|3916|3917|3918|3919|3920|3921|3922|3923|3807|3873|3874|3875|3808|3809|3810|3811|3812|4404|3813|5104|1475|1476|1472|1471|1470|1469|1439|1438|2537|1920|1921|4241|2310|2311|2312|2313|3283|5197|4143|3284|4256|2338|2339|3294|2340|3295|2341|3025,352|386|90|325|324|344,Cto. El Marqués Sur/Inland Trailer Planta 2,20.56451321,-100.2541141,7.351785714285714,,0,True,122.68511904761905
4067,115.91666666666667,352.0,C64,61,6,4067|4068|3787|3788|3865|3908|3909|3910|3911|3912|3913|3914|3915|3916|3917|3918|3919|3920|3921|3922|3923|3807|3873|3874|3875|3808|3809|3810|3811|3812|4404|3813|5104|1475|1476|1472|1471|1470|1469|1439|1438|2537|1920|1921|4241|2310|2311|2312|2313|3283|5197|4143|3284|4256|2338|2339|3294|2340|3295|2341|3025,352|386|90|325|324|344,Cto. El Marqués Norte/Ciinova,20.56740827,-100.2542003,7.351785714285714,,0,True,123.26845238095238
4066,116.46666666666667,352.0,C64,62,6,4066|4067|4068|3787|3788|3865|3908|3909|3910|3911|3912|3913|3914|3915|3916|3917|3918|3919|3920|3921|3922|3923|3807|3873|3874|3875|3808|3809|3810|3811|3812|4404|3813|5104|1475|1476|1472|1471|1470|1469|1439|1438|2537|1920|1921|4241|2310|2311|2312|2313|3283|5197|4143|3284|4256|2338|2339|3294|2340|3295|2341|3025,352|386|90|325|324|344,Cto. El Marqués Norte/Aspel Querétaro,20.56903559,-100.2565224,7.351785714285714,,0,True,123.81845238095238
4065,118.16666666666667,352.0,C64,63,6,4065|4066|4067|4068|3787|3788|3865|3908|3909|3910|3911|3912|3913|3914|3915|3916|3917|3918|3919|3920|3921|3922|3923|3807|3873|3874|3875|3808|3809|3810|3811|3812|4404|3813|5104|1475|1476|1472|1471|1470|1469|1439|1438|2537|1920|1921|4241|2310|2311|2312|2313|3283|5197|4143|3284|4256|2338|2339|3294|2340|3295|2341|3025,352|386|90|325|324|344,Cto. El Marqués Norte/Aptar Querétaro,20.56195371,-100.2613755,7.351785714285714,,0,True,125.51845238095238
4064,118.65,352.0,C64,64,6,4064|4065|4066|4067|4068|3787|3788|3865|3908|3909|3910|3911|3912|3913|3914|3915|3916|3917|3918|3919|3920|3921|3922|3923|3807|3873|3874|3875|3808|3809|3810|3811|3812|4404|3813|5104|1475|1476|1472|1471|1470|1469|1439|1438|2537|1920|1921|4241|2310|2311|2312|2313|3283|5197|4143|3284|4256|2338|2339|3294|2340|3295|2341|3025,352|386|90|325|324|344,Av. del Conde/Msa de México,20.55960241,-100.2613435,7.351785714285714,,0,True,126.00178571428572
4061,118.71666666666667,352.0,C64,65,6,4061|4064|4065|4066|4067|4068|3787|3788|3865|3908|3909|3910|3911|3912|3913|3914|3915|3916|3917|3918|3919|3920|3921|3922|3923|3807|3873|3874|3875|3808|3809|3810|3811|3812|4404|3813|5104|1475|1476|1472|1471|1470|1469|1439|1438|2537|1920|1921|4241|2310|2311|2312|2313|3283|5197|4143|3284|4256|2338|2339|3294|2340|3295|2341|3025,352|386|90|325|324|344,Av. del Conde/Ferrandiz,20.55954112,-100.2616713,7.351785714285714,,0,True,126.06845238095238
4060,119.51666666666667,352.0,C64,66,6,4060|4061|4064|4065|4066|4067|4068|3787|3788|3865|3908|3909|3910|3911|3912|3913|3914|3915|3916|3917|3918|3919|3920|3921|3922|3923|3807|3873|3874|3875|3808|3809|3810|3811|3812|4404|3813|5104|1475|1476|1472|1471|1470|1469|1439|1438|2537|1920|1921|4241|2310|2311|2312|2313|3283|5197|4143|3284|4256|2338|2339|3294|2340|3295|2341|3025,352|386|90|325|324|344,Cto. El Marqués Norte/Privada del Conde,20.55731802,-100.2651507,7.351785714285714,,0,True,126.86845238095238
3786,120.95,386.0,AIQ01,60,6,3786|3787|3788|3865|3908|3909|3910|3911|3912|3913|3914|3915|3916|3917|3918|3919|3920|3921|3922|3923|3807|3873|3874|3875|3808|3809|3810|3811|3812|4404|3813|5104|1475|1476|1472|1471|1470|1469|1439|1438|2537|1920|1921|4241|2310|2311|2312|2313|3283|5197|4143|3284|4256|2338|2339|3294|2340|3295|2341|3025,386|352|90|325|324|344,Carr. Federal No. 57/Av. Los Arcos,20.571098149011,-100.28148805156,7.0632653061224495,,0,True,128.01326530612246
3866,126.61666666666667,382.0,T14,64,6,3866|3789|3790|3791|3792|3793|3794|3795|3796|3798|3799|3800|3801|3802|3803|3804|3805|3806|3867|3868|3869|3870|3871|3872|3807|3873|3874|3875|3808|3809|3810|3811|3812|4404|3813|5104|1475|1476|1472|1471|1470|1469|1439|1438|2537|1920|1921|4241|2310|2311|2312|2313|3283|5197|4143|3284|4256|2338|2339|3294|2340|3295|2341|3025,382|352|90|325|324|344,Carr. Federal No. 57/Trucktrade,20.554221052531,-100.2187525369,10.835317460317457,,0,True,137.45198412698414
